ARM GAS  C:\Users\Admin\AppData\Local\Temp\cc7Wiulu.s 			page 1


   1              		.cpu cortex-m4
   2              		.arch armv7e-m
   3              		.fpu fpv4-sp-d16
   4              		.eabi_attribute 27, 1
   5              		.eabi_attribute 28, 1
   6              		.eabi_attribute 20, 1
   7              		.eabi_attribute 21, 1
   8              		.eabi_attribute 23, 3
   9              		.eabi_attribute 24, 1
  10              		.eabi_attribute 25, 1
  11              		.eabi_attribute 26, 1
  12              		.eabi_attribute 30, 1
  13              		.eabi_attribute 34, 1
  14              		.eabi_attribute 18, 4
  15              		.file	"adc.c"
  16              		.text
  17              	.Ltext0:
  18              		.cfi_sections	.debug_frame
  19              		.section	.text.MX_ADC1_Init,"ax",%progbits
  20              		.align	1
  21              		.global	MX_ADC1_Init
  22              		.syntax unified
  23              		.thumb
  24              		.thumb_func
  26              	MX_ADC1_Init:
  27              	.LFB822:
  28              		.file 1 "board/stm32f401rct6/Core/Src/adc.c"
   1:board/stm32f401rct6/Core/Src/adc.c **** /* USER CODE BEGIN Header */
   2:board/stm32f401rct6/Core/Src/adc.c **** /**
   3:board/stm32f401rct6/Core/Src/adc.c ****   ******************************************************************************
   4:board/stm32f401rct6/Core/Src/adc.c ****   * @file    adc.c
   5:board/stm32f401rct6/Core/Src/adc.c ****   * @brief   This file provides code for the configuration
   6:board/stm32f401rct6/Core/Src/adc.c ****   *          of the ADC instances.
   7:board/stm32f401rct6/Core/Src/adc.c ****   ******************************************************************************
   8:board/stm32f401rct6/Core/Src/adc.c ****   * @attention
   9:board/stm32f401rct6/Core/Src/adc.c ****   *
  10:board/stm32f401rct6/Core/Src/adc.c ****   * Copyright (c) 2025 STMicroelectronics.
  11:board/stm32f401rct6/Core/Src/adc.c ****   * All rights reserved.
  12:board/stm32f401rct6/Core/Src/adc.c ****   *
  13:board/stm32f401rct6/Core/Src/adc.c ****   * This software is licensed under terms that can be found in the LICENSE file
  14:board/stm32f401rct6/Core/Src/adc.c ****   * in the root directory of this software component.
  15:board/stm32f401rct6/Core/Src/adc.c ****   * If no LICENSE file comes with this software, it is provided AS-IS.
  16:board/stm32f401rct6/Core/Src/adc.c ****   *
  17:board/stm32f401rct6/Core/Src/adc.c ****   ******************************************************************************
  18:board/stm32f401rct6/Core/Src/adc.c ****   */
  19:board/stm32f401rct6/Core/Src/adc.c **** /* USER CODE END Header */
  20:board/stm32f401rct6/Core/Src/adc.c **** /* Includes ------------------------------------------------------------------*/
  21:board/stm32f401rct6/Core/Src/adc.c **** #include "adc.h"
  22:board/stm32f401rct6/Core/Src/adc.c **** 
  23:board/stm32f401rct6/Core/Src/adc.c **** /* USER CODE BEGIN 0 */
  24:board/stm32f401rct6/Core/Src/adc.c **** 
  25:board/stm32f401rct6/Core/Src/adc.c **** /* USER CODE END 0 */
  26:board/stm32f401rct6/Core/Src/adc.c **** 
  27:board/stm32f401rct6/Core/Src/adc.c **** ADC_HandleTypeDef hadc1;
  28:board/stm32f401rct6/Core/Src/adc.c **** DMA_HandleTypeDef hdma_adc1;
  29:board/stm32f401rct6/Core/Src/adc.c **** 
  30:board/stm32f401rct6/Core/Src/adc.c **** /* ADC1 init function */
ARM GAS  C:\Users\Admin\AppData\Local\Temp\cc7Wiulu.s 			page 2


  31:board/stm32f401rct6/Core/Src/adc.c **** void MX_ADC1_Init(void)
  32:board/stm32f401rct6/Core/Src/adc.c **** {
  29              		.loc 1 32 1 view -0
  30              		.cfi_startproc
  31              		@ args = 0, pretend = 0, frame = 16
  32              		@ frame_needed = 0, uses_anonymous_args = 0
  33 0000 00B5     		push	{lr}
  34              	.LCFI0:
  35              		.cfi_def_cfa_offset 4
  36              		.cfi_offset 14, -4
  37 0002 85B0     		sub	sp, sp, #20
  38              	.LCFI1:
  39              		.cfi_def_cfa_offset 24
  33:board/stm32f401rct6/Core/Src/adc.c **** 
  34:board/stm32f401rct6/Core/Src/adc.c ****   /* USER CODE BEGIN ADC1_Init 0 */
  35:board/stm32f401rct6/Core/Src/adc.c **** 
  36:board/stm32f401rct6/Core/Src/adc.c ****   /* USER CODE END ADC1_Init 0 */
  37:board/stm32f401rct6/Core/Src/adc.c **** 
  38:board/stm32f401rct6/Core/Src/adc.c ****   ADC_ChannelConfTypeDef sConfig = {0};
  40              		.loc 1 38 3 view .LVU1
  41              		.loc 1 38 26 is_stmt 0 view .LVU2
  42 0004 0023     		movs	r3, #0
  43 0006 0093     		str	r3, [sp]
  44 0008 0193     		str	r3, [sp, #4]
  45 000a 0293     		str	r3, [sp, #8]
  46 000c 0393     		str	r3, [sp, #12]
  39:board/stm32f401rct6/Core/Src/adc.c **** 
  40:board/stm32f401rct6/Core/Src/adc.c ****   /* USER CODE BEGIN ADC1_Init 1 */
  41:board/stm32f401rct6/Core/Src/adc.c **** 
  42:board/stm32f401rct6/Core/Src/adc.c ****   /* USER CODE END ADC1_Init 1 */
  43:board/stm32f401rct6/Core/Src/adc.c **** 
  44:board/stm32f401rct6/Core/Src/adc.c ****   /** Configure the global features of the ADC (Clock, Resolution, Data Alignment and number of con
  45:board/stm32f401rct6/Core/Src/adc.c ****   */
  46:board/stm32f401rct6/Core/Src/adc.c ****   hadc1.Instance = ADC1;
  47              		.loc 1 46 3 is_stmt 1 view .LVU3
  48              		.loc 1 46 18 is_stmt 0 view .LVU4
  49 000e 1A48     		ldr	r0, .L9
  50 0010 1A4A     		ldr	r2, .L9+4
  51 0012 0260     		str	r2, [r0]
  47:board/stm32f401rct6/Core/Src/adc.c ****   hadc1.Init.ClockPrescaler = ADC_CLOCK_SYNC_PCLK_DIV2;
  52              		.loc 1 47 3 is_stmt 1 view .LVU5
  53              		.loc 1 47 29 is_stmt 0 view .LVU6
  54 0014 4360     		str	r3, [r0, #4]
  48:board/stm32f401rct6/Core/Src/adc.c ****   hadc1.Init.Resolution = ADC_RESOLUTION_12B;
  55              		.loc 1 48 3 is_stmt 1 view .LVU7
  56              		.loc 1 48 25 is_stmt 0 view .LVU8
  57 0016 8360     		str	r3, [r0, #8]
  49:board/stm32f401rct6/Core/Src/adc.c ****   hadc1.Init.ScanConvMode = ENABLE;
  58              		.loc 1 49 3 is_stmt 1 view .LVU9
  59              		.loc 1 49 27 is_stmt 0 view .LVU10
  60 0018 0122     		movs	r2, #1
  61 001a 0261     		str	r2, [r0, #16]
  50:board/stm32f401rct6/Core/Src/adc.c ****   hadc1.Init.ContinuousConvMode = DISABLE;
  62              		.loc 1 50 3 is_stmt 1 view .LVU11
  63              		.loc 1 50 33 is_stmt 0 view .LVU12
  64 001c 0376     		strb	r3, [r0, #24]
  51:board/stm32f401rct6/Core/Src/adc.c ****   hadc1.Init.DiscontinuousConvMode = DISABLE;
ARM GAS  C:\Users\Admin\AppData\Local\Temp\cc7Wiulu.s 			page 3


  65              		.loc 1 51 3 is_stmt 1 view .LVU13
  66              		.loc 1 51 36 is_stmt 0 view .LVU14
  67 001e 80F82030 		strb	r3, [r0, #32]
  52:board/stm32f401rct6/Core/Src/adc.c ****   hadc1.Init.ExternalTrigConvEdge = ADC_EXTERNALTRIGCONVEDGE_RISING;
  68              		.loc 1 52 3 is_stmt 1 view .LVU15
  69              		.loc 1 52 35 is_stmt 0 view .LVU16
  70 0022 4FF08051 		mov	r1, #268435456
  71 0026 C162     		str	r1, [r0, #44]
  53:board/stm32f401rct6/Core/Src/adc.c ****   hadc1.Init.ExternalTrigConv = ADC_EXTERNALTRIGCONV_T3_TRGO;
  72              		.loc 1 53 3 is_stmt 1 view .LVU17
  73              		.loc 1 53 31 is_stmt 0 view .LVU18
  74 0028 4FF00061 		mov	r1, #134217728
  75 002c 8162     		str	r1, [r0, #40]
  54:board/stm32f401rct6/Core/Src/adc.c ****   hadc1.Init.DataAlign = ADC_DATAALIGN_RIGHT;
  76              		.loc 1 54 3 is_stmt 1 view .LVU19
  77              		.loc 1 54 24 is_stmt 0 view .LVU20
  78 002e C360     		str	r3, [r0, #12]
  55:board/stm32f401rct6/Core/Src/adc.c ****   hadc1.Init.NbrOfConversion = 2;
  79              		.loc 1 55 3 is_stmt 1 view .LVU21
  80              		.loc 1 55 30 is_stmt 0 view .LVU22
  81 0030 0221     		movs	r1, #2
  82 0032 C161     		str	r1, [r0, #28]
  56:board/stm32f401rct6/Core/Src/adc.c ****   hadc1.Init.DMAContinuousRequests = DISABLE;
  83              		.loc 1 56 3 is_stmt 1 view .LVU23
  84              		.loc 1 56 36 is_stmt 0 view .LVU24
  85 0034 80F83030 		strb	r3, [r0, #48]
  57:board/stm32f401rct6/Core/Src/adc.c ****   hadc1.Init.EOCSelection = ADC_EOC_SINGLE_CONV;
  86              		.loc 1 57 3 is_stmt 1 view .LVU25
  87              		.loc 1 57 27 is_stmt 0 view .LVU26
  88 0038 4261     		str	r2, [r0, #20]
  58:board/stm32f401rct6/Core/Src/adc.c ****   if (HAL_ADC_Init(&hadc1) != HAL_OK)
  89              		.loc 1 58 3 is_stmt 1 view .LVU27
  90              		.loc 1 58 7 is_stmt 0 view .LVU28
  91 003a FFF7FEFF 		bl	HAL_ADC_Init
  92              	.LVL0:
  93              		.loc 1 58 6 view .LVU29
  94 003e 08B1     		cbz	r0, .L2
  59:board/stm32f401rct6/Core/Src/adc.c ****   {
  60:board/stm32f401rct6/Core/Src/adc.c ****     Error_Handler();
  95              		.loc 1 60 5 is_stmt 1 view .LVU30
  96              	.LBB22:
  97              	.LBI22:
  98              		.file 2 "board/stm32f401rct6/Core/Extension/stm32_config.h"
   1:board/stm32f401rct6/Core/Extension/stm32_config.h **** /*
   2:board/stm32f401rct6/Core/Extension/stm32_config.h ****  * stm32_config.h
   3:board/stm32f401rct6/Core/Extension/stm32_config.h ****  *
   4:board/stm32f401rct6/Core/Extension/stm32_config.h ****  *  Created on: Feb 21, 2025
   5:board/stm32f401rct6/Core/Extension/stm32_config.h ****  *      Author: Admin
   6:board/stm32f401rct6/Core/Extension/stm32_config.h ****  */
   7:board/stm32f401rct6/Core/Extension/stm32_config.h **** 
   8:board/stm32f401rct6/Core/Extension/stm32_config.h **** #ifndef CORE_EXTENSION_STM32_CONFIG_H_
   9:board/stm32f401rct6/Core/Extension/stm32_config.h **** #define CORE_EXTENSION_STM32_CONFIG_H_
  10:board/stm32f401rct6/Core/Extension/stm32_config.h **** 
  11:board/stm32f401rct6/Core/Extension/stm32_config.h **** #include "stm32f4xx_hal.h"
  12:board/stm32f401rct6/Core/Extension/stm32_config.h **** 
  13:board/stm32f401rct6/Core/Extension/stm32_config.h **** #include "stm32f4xx_ll_tim.h"
  14:board/stm32f401rct6/Core/Extension/stm32_config.h **** #include "stm32f4xx_ll_system.h"
ARM GAS  C:\Users\Admin\AppData\Local\Temp\cc7Wiulu.s 			page 4


  15:board/stm32f401rct6/Core/Extension/stm32_config.h **** #include "stm32f4xx_ll_gpio.h"
  16:board/stm32f401rct6/Core/Extension/stm32_config.h **** #include "stm32f4xx_ll_exti.h"
  17:board/stm32f401rct6/Core/Extension/stm32_config.h **** #include "stm32f4xx_ll_bus.h"
  18:board/stm32f401rct6/Core/Extension/stm32_config.h **** #include "stm32f4xx_ll_cortex.h"
  19:board/stm32f401rct6/Core/Extension/stm32_config.h **** #include "stm32f4xx_ll_rcc.h"
  20:board/stm32f401rct6/Core/Extension/stm32_config.h **** #include "stm32f4xx_ll_utils.h"
  21:board/stm32f401rct6/Core/Extension/stm32_config.h **** #include "stm32f4xx_ll_pwr.h"
  22:board/stm32f401rct6/Core/Extension/stm32_config.h **** #include "stm32f4xx_ll_dma.h"
  23:board/stm32f401rct6/Core/Extension/stm32_config.h **** 
  24:board/stm32f401rct6/Core/Extension/stm32_config.h **** /* Private includes ----------------------------------------------------------*/
  25:board/stm32f401rct6/Core/Extension/stm32_config.h **** /* USER CODE BEGIN Includes */
  26:board/stm32f401rct6/Core/Extension/stm32_config.h **** #include "stdio.h"
  27:board/stm32f401rct6/Core/Extension/stm32_config.h **** #include "stdbool.h"
  28:board/stm32f401rct6/Core/Extension/stm32_config.h **** #include "string.h"
  29:board/stm32f401rct6/Core/Extension/stm32_config.h **** #include "stdint.h"
  30:board/stm32f401rct6/Core/Extension/stm32_config.h **** 
  31:board/stm32f401rct6/Core/Extension/stm32_config.h **** #define SYS_CLOCK		16000000UL
  32:board/stm32f401rct6/Core/Extension/stm32_config.h **** #define ADC_CLOCK		SYS_CLOCK
  33:board/stm32f401rct6/Core/Extension/stm32_config.h **** 
  34:board/stm32f401rct6/Core/Extension/stm32_config.h **** #define SET				1
  35:board/stm32f401rct6/Core/Extension/stm32_config.h **** #define RESET			0
  36:board/stm32f401rct6/Core/Extension/stm32_config.h **** 
  37:board/stm32f401rct6/Core/Extension/stm32_config.h **** /* ------------------------------------------------------------*/
  38:board/stm32f401rct6/Core/Extension/stm32_config.h **** #define PWM_Pin LL_GPIO_PIN_6
  39:board/stm32f401rct6/Core/Extension/stm32_config.h **** #define PWM_GPIO_Port GPIOA
  40:board/stm32f401rct6/Core/Extension/stm32_config.h **** #define LCD_D4_Pin LL_GPIO_PIN_8
  41:board/stm32f401rct6/Core/Extension/stm32_config.h **** #define LCD_D4_GPIO_Port GPIOA
  42:board/stm32f401rct6/Core/Extension/stm32_config.h **** #define LCD_D5_Pin LL_GPIO_PIN_9
  43:board/stm32f401rct6/Core/Extension/stm32_config.h **** #define LCD_D5_GPIO_Port GPIOA
  44:board/stm32f401rct6/Core/Extension/stm32_config.h **** #define LCD_D6_Pin LL_GPIO_PIN_10
  45:board/stm32f401rct6/Core/Extension/stm32_config.h **** #define LCD_D6_GPIO_Port GPIOA
  46:board/stm32f401rct6/Core/Extension/stm32_config.h **** #define LCD_D7_Pin LL_GPIO_PIN_11
  47:board/stm32f401rct6/Core/Extension/stm32_config.h **** #define LCD_D7_GPIO_Port GPIOA
  48:board/stm32f401rct6/Core/Extension/stm32_config.h **** #define LCD_RW_Pin LL_GPIO_PIN_3
  49:board/stm32f401rct6/Core/Extension/stm32_config.h **** #define LCD_RW_GPIO_Port GPIOB
  50:board/stm32f401rct6/Core/Extension/stm32_config.h **** #define LCD_EN_Pin LL_GPIO_PIN_4
  51:board/stm32f401rct6/Core/Extension/stm32_config.h **** #define LCD_EN_GPIO_Port GPIOB
  52:board/stm32f401rct6/Core/Extension/stm32_config.h **** #define LCD_RS_Pin LL_GPIO_PIN_5
  53:board/stm32f401rct6/Core/Extension/stm32_config.h **** #define LCD_RS_GPIO_Port GPIOB
  54:board/stm32f401rct6/Core/Extension/stm32_config.h **** 
  55:board/stm32f401rct6/Core/Extension/stm32_config.h **** static inline void Error_Handler(void)
  99              		.loc 2 55 20 view .LVU31
 100              	.LBE22:
  56:board/stm32f401rct6/Core/Extension/stm32_config.h **** {
  57:board/stm32f401rct6/Core/Extension/stm32_config.h ****   __disable_irq();
 101              		.loc 2 57 3 view .LVU32
 102              	.LBB25:
 103              	.LBB23:
 104              	.LBI23:
 105              		.file 3 "board/stm32f401rct6/Drivers/CMSIS/Include/cmsis_gcc.h"
   1:board/stm32f401rct6/Drivers/CMSIS/Include/cmsis_gcc.h **** /**************************************************************************//**
   2:board/stm32f401rct6/Drivers/CMSIS/Include/cmsis_gcc.h ****  * @file     cmsis_gcc.h
   3:board/stm32f401rct6/Drivers/CMSIS/Include/cmsis_gcc.h ****  * @brief    CMSIS compiler GCC header file
   4:board/stm32f401rct6/Drivers/CMSIS/Include/cmsis_gcc.h ****  * @version  V5.4.1
   5:board/stm32f401rct6/Drivers/CMSIS/Include/cmsis_gcc.h ****  * @date     27. May 2021
   6:board/stm32f401rct6/Drivers/CMSIS/Include/cmsis_gcc.h ****  ******************************************************************************/
   7:board/stm32f401rct6/Drivers/CMSIS/Include/cmsis_gcc.h **** /*
ARM GAS  C:\Users\Admin\AppData\Local\Temp\cc7Wiulu.s 			page 5


   8:board/stm32f401rct6/Drivers/CMSIS/Include/cmsis_gcc.h ****  * Copyright (c) 2009-2021 Arm Limited. All rights reserved.
   9:board/stm32f401rct6/Drivers/CMSIS/Include/cmsis_gcc.h ****  *
  10:board/stm32f401rct6/Drivers/CMSIS/Include/cmsis_gcc.h ****  * SPDX-License-Identifier: Apache-2.0
  11:board/stm32f401rct6/Drivers/CMSIS/Include/cmsis_gcc.h ****  *
  12:board/stm32f401rct6/Drivers/CMSIS/Include/cmsis_gcc.h ****  * Licensed under the Apache License, Version 2.0 (the License); you may
  13:board/stm32f401rct6/Drivers/CMSIS/Include/cmsis_gcc.h ****  * not use this file except in compliance with the License.
  14:board/stm32f401rct6/Drivers/CMSIS/Include/cmsis_gcc.h ****  * You may obtain a copy of the License at
  15:board/stm32f401rct6/Drivers/CMSIS/Include/cmsis_gcc.h ****  *
  16:board/stm32f401rct6/Drivers/CMSIS/Include/cmsis_gcc.h ****  * www.apache.org/licenses/LICENSE-2.0
  17:board/stm32f401rct6/Drivers/CMSIS/Include/cmsis_gcc.h ****  *
  18:board/stm32f401rct6/Drivers/CMSIS/Include/cmsis_gcc.h ****  * Unless required by applicable law or agreed to in writing, software
  19:board/stm32f401rct6/Drivers/CMSIS/Include/cmsis_gcc.h ****  * distributed under the License is distributed on an AS IS BASIS, WITHOUT
  20:board/stm32f401rct6/Drivers/CMSIS/Include/cmsis_gcc.h ****  * WARRANTIES OR CONDITIONS OF ANY KIND, either express or implied.
  21:board/stm32f401rct6/Drivers/CMSIS/Include/cmsis_gcc.h ****  * See the License for the specific language governing permissions and
  22:board/stm32f401rct6/Drivers/CMSIS/Include/cmsis_gcc.h ****  * limitations under the License.
  23:board/stm32f401rct6/Drivers/CMSIS/Include/cmsis_gcc.h ****  */
  24:board/stm32f401rct6/Drivers/CMSIS/Include/cmsis_gcc.h **** 
  25:board/stm32f401rct6/Drivers/CMSIS/Include/cmsis_gcc.h **** #ifndef __CMSIS_GCC_H
  26:board/stm32f401rct6/Drivers/CMSIS/Include/cmsis_gcc.h **** #define __CMSIS_GCC_H
  27:board/stm32f401rct6/Drivers/CMSIS/Include/cmsis_gcc.h **** 
  28:board/stm32f401rct6/Drivers/CMSIS/Include/cmsis_gcc.h **** /* ignore some GCC warnings */
  29:board/stm32f401rct6/Drivers/CMSIS/Include/cmsis_gcc.h **** #pragma GCC diagnostic push
  30:board/stm32f401rct6/Drivers/CMSIS/Include/cmsis_gcc.h **** #pragma GCC diagnostic ignored "-Wsign-conversion"
  31:board/stm32f401rct6/Drivers/CMSIS/Include/cmsis_gcc.h **** #pragma GCC diagnostic ignored "-Wconversion"
  32:board/stm32f401rct6/Drivers/CMSIS/Include/cmsis_gcc.h **** #pragma GCC diagnostic ignored "-Wunused-parameter"
  33:board/stm32f401rct6/Drivers/CMSIS/Include/cmsis_gcc.h **** 
  34:board/stm32f401rct6/Drivers/CMSIS/Include/cmsis_gcc.h **** /* Fallback for __has_builtin */
  35:board/stm32f401rct6/Drivers/CMSIS/Include/cmsis_gcc.h **** #ifndef __has_builtin
  36:board/stm32f401rct6/Drivers/CMSIS/Include/cmsis_gcc.h ****   #define __has_builtin(x) (0)
  37:board/stm32f401rct6/Drivers/CMSIS/Include/cmsis_gcc.h **** #endif
  38:board/stm32f401rct6/Drivers/CMSIS/Include/cmsis_gcc.h **** 
  39:board/stm32f401rct6/Drivers/CMSIS/Include/cmsis_gcc.h **** /* CMSIS compiler specific defines */
  40:board/stm32f401rct6/Drivers/CMSIS/Include/cmsis_gcc.h **** #ifndef   __ASM
  41:board/stm32f401rct6/Drivers/CMSIS/Include/cmsis_gcc.h ****   #define __ASM                                  __asm
  42:board/stm32f401rct6/Drivers/CMSIS/Include/cmsis_gcc.h **** #endif
  43:board/stm32f401rct6/Drivers/CMSIS/Include/cmsis_gcc.h **** #ifndef   __INLINE
  44:board/stm32f401rct6/Drivers/CMSIS/Include/cmsis_gcc.h ****   #define __INLINE                               inline
  45:board/stm32f401rct6/Drivers/CMSIS/Include/cmsis_gcc.h **** #endif
  46:board/stm32f401rct6/Drivers/CMSIS/Include/cmsis_gcc.h **** #ifndef   __STATIC_INLINE
  47:board/stm32f401rct6/Drivers/CMSIS/Include/cmsis_gcc.h ****   #define __STATIC_INLINE                        static inline
  48:board/stm32f401rct6/Drivers/CMSIS/Include/cmsis_gcc.h **** #endif
  49:board/stm32f401rct6/Drivers/CMSIS/Include/cmsis_gcc.h **** #ifndef   __STATIC_FORCEINLINE
  50:board/stm32f401rct6/Drivers/CMSIS/Include/cmsis_gcc.h ****   #define __STATIC_FORCEINLINE                   __attribute__((always_inline)) static inline
  51:board/stm32f401rct6/Drivers/CMSIS/Include/cmsis_gcc.h **** #endif
  52:board/stm32f401rct6/Drivers/CMSIS/Include/cmsis_gcc.h **** #ifndef   __NO_RETURN
  53:board/stm32f401rct6/Drivers/CMSIS/Include/cmsis_gcc.h ****   #define __NO_RETURN                            __attribute__((__noreturn__))
  54:board/stm32f401rct6/Drivers/CMSIS/Include/cmsis_gcc.h **** #endif
  55:board/stm32f401rct6/Drivers/CMSIS/Include/cmsis_gcc.h **** #ifndef   __USED
  56:board/stm32f401rct6/Drivers/CMSIS/Include/cmsis_gcc.h ****   #define __USED                                 __attribute__((used))
  57:board/stm32f401rct6/Drivers/CMSIS/Include/cmsis_gcc.h **** #endif
  58:board/stm32f401rct6/Drivers/CMSIS/Include/cmsis_gcc.h **** #ifndef   __WEAK
  59:board/stm32f401rct6/Drivers/CMSIS/Include/cmsis_gcc.h ****   #define __WEAK                                 __attribute__((weak))
  60:board/stm32f401rct6/Drivers/CMSIS/Include/cmsis_gcc.h **** #endif
  61:board/stm32f401rct6/Drivers/CMSIS/Include/cmsis_gcc.h **** #ifndef   __PACKED
  62:board/stm32f401rct6/Drivers/CMSIS/Include/cmsis_gcc.h ****   #define __PACKED                               __attribute__((packed, aligned(1)))
  63:board/stm32f401rct6/Drivers/CMSIS/Include/cmsis_gcc.h **** #endif
  64:board/stm32f401rct6/Drivers/CMSIS/Include/cmsis_gcc.h **** #ifndef   __PACKED_STRUCT
ARM GAS  C:\Users\Admin\AppData\Local\Temp\cc7Wiulu.s 			page 6


  65:board/stm32f401rct6/Drivers/CMSIS/Include/cmsis_gcc.h ****   #define __PACKED_STRUCT                        struct __attribute__((packed, aligned(1)))
  66:board/stm32f401rct6/Drivers/CMSIS/Include/cmsis_gcc.h **** #endif
  67:board/stm32f401rct6/Drivers/CMSIS/Include/cmsis_gcc.h **** #ifndef   __PACKED_UNION
  68:board/stm32f401rct6/Drivers/CMSIS/Include/cmsis_gcc.h ****   #define __PACKED_UNION                         union __attribute__((packed, aligned(1)))
  69:board/stm32f401rct6/Drivers/CMSIS/Include/cmsis_gcc.h **** #endif
  70:board/stm32f401rct6/Drivers/CMSIS/Include/cmsis_gcc.h **** #ifndef   __UNALIGNED_UINT32        /* deprecated */
  71:board/stm32f401rct6/Drivers/CMSIS/Include/cmsis_gcc.h ****   #pragma GCC diagnostic push
  72:board/stm32f401rct6/Drivers/CMSIS/Include/cmsis_gcc.h ****   #pragma GCC diagnostic ignored "-Wpacked"
  73:board/stm32f401rct6/Drivers/CMSIS/Include/cmsis_gcc.h ****   #pragma GCC diagnostic ignored "-Wattributes"
  74:board/stm32f401rct6/Drivers/CMSIS/Include/cmsis_gcc.h ****   struct __attribute__((packed)) T_UINT32 { uint32_t v; };
  75:board/stm32f401rct6/Drivers/CMSIS/Include/cmsis_gcc.h ****   #pragma GCC diagnostic pop
  76:board/stm32f401rct6/Drivers/CMSIS/Include/cmsis_gcc.h ****   #define __UNALIGNED_UINT32(x)                  (((struct T_UINT32 *)(x))->v)
  77:board/stm32f401rct6/Drivers/CMSIS/Include/cmsis_gcc.h **** #endif
  78:board/stm32f401rct6/Drivers/CMSIS/Include/cmsis_gcc.h **** #ifndef   __UNALIGNED_UINT16_WRITE
  79:board/stm32f401rct6/Drivers/CMSIS/Include/cmsis_gcc.h ****   #pragma GCC diagnostic push
  80:board/stm32f401rct6/Drivers/CMSIS/Include/cmsis_gcc.h ****   #pragma GCC diagnostic ignored "-Wpacked"
  81:board/stm32f401rct6/Drivers/CMSIS/Include/cmsis_gcc.h ****   #pragma GCC diagnostic ignored "-Wattributes"
  82:board/stm32f401rct6/Drivers/CMSIS/Include/cmsis_gcc.h ****   __PACKED_STRUCT T_UINT16_WRITE { uint16_t v; };
  83:board/stm32f401rct6/Drivers/CMSIS/Include/cmsis_gcc.h ****   #pragma GCC diagnostic pop
  84:board/stm32f401rct6/Drivers/CMSIS/Include/cmsis_gcc.h ****   #define __UNALIGNED_UINT16_WRITE(addr, val)    (void)((((struct T_UINT16_WRITE *)(void *)(addr))-
  85:board/stm32f401rct6/Drivers/CMSIS/Include/cmsis_gcc.h **** #endif
  86:board/stm32f401rct6/Drivers/CMSIS/Include/cmsis_gcc.h **** #ifndef   __UNALIGNED_UINT16_READ
  87:board/stm32f401rct6/Drivers/CMSIS/Include/cmsis_gcc.h ****   #pragma GCC diagnostic push
  88:board/stm32f401rct6/Drivers/CMSIS/Include/cmsis_gcc.h ****   #pragma GCC diagnostic ignored "-Wpacked"
  89:board/stm32f401rct6/Drivers/CMSIS/Include/cmsis_gcc.h ****   #pragma GCC diagnostic ignored "-Wattributes"
  90:board/stm32f401rct6/Drivers/CMSIS/Include/cmsis_gcc.h ****   __PACKED_STRUCT T_UINT16_READ { uint16_t v; };
  91:board/stm32f401rct6/Drivers/CMSIS/Include/cmsis_gcc.h ****   #pragma GCC diagnostic pop
  92:board/stm32f401rct6/Drivers/CMSIS/Include/cmsis_gcc.h ****   #define __UNALIGNED_UINT16_READ(addr)          (((const struct T_UINT16_READ *)(const void *)(add
  93:board/stm32f401rct6/Drivers/CMSIS/Include/cmsis_gcc.h **** #endif
  94:board/stm32f401rct6/Drivers/CMSIS/Include/cmsis_gcc.h **** #ifndef   __UNALIGNED_UINT32_WRITE
  95:board/stm32f401rct6/Drivers/CMSIS/Include/cmsis_gcc.h ****   #pragma GCC diagnostic push
  96:board/stm32f401rct6/Drivers/CMSIS/Include/cmsis_gcc.h ****   #pragma GCC diagnostic ignored "-Wpacked"
  97:board/stm32f401rct6/Drivers/CMSIS/Include/cmsis_gcc.h ****   #pragma GCC diagnostic ignored "-Wattributes"
  98:board/stm32f401rct6/Drivers/CMSIS/Include/cmsis_gcc.h ****   __PACKED_STRUCT T_UINT32_WRITE { uint32_t v; };
  99:board/stm32f401rct6/Drivers/CMSIS/Include/cmsis_gcc.h ****   #pragma GCC diagnostic pop
 100:board/stm32f401rct6/Drivers/CMSIS/Include/cmsis_gcc.h ****   #define __UNALIGNED_UINT32_WRITE(addr, val)    (void)((((struct T_UINT32_WRITE *)(void *)(addr))-
 101:board/stm32f401rct6/Drivers/CMSIS/Include/cmsis_gcc.h **** #endif
 102:board/stm32f401rct6/Drivers/CMSIS/Include/cmsis_gcc.h **** #ifndef   __UNALIGNED_UINT32_READ
 103:board/stm32f401rct6/Drivers/CMSIS/Include/cmsis_gcc.h ****   #pragma GCC diagnostic push
 104:board/stm32f401rct6/Drivers/CMSIS/Include/cmsis_gcc.h ****   #pragma GCC diagnostic ignored "-Wpacked"
 105:board/stm32f401rct6/Drivers/CMSIS/Include/cmsis_gcc.h ****   #pragma GCC diagnostic ignored "-Wattributes"
 106:board/stm32f401rct6/Drivers/CMSIS/Include/cmsis_gcc.h ****   __PACKED_STRUCT T_UINT32_READ { uint32_t v; };
 107:board/stm32f401rct6/Drivers/CMSIS/Include/cmsis_gcc.h ****   #pragma GCC diagnostic pop
 108:board/stm32f401rct6/Drivers/CMSIS/Include/cmsis_gcc.h ****   #define __UNALIGNED_UINT32_READ(addr)          (((const struct T_UINT32_READ *)(const void *)(add
 109:board/stm32f401rct6/Drivers/CMSIS/Include/cmsis_gcc.h **** #endif
 110:board/stm32f401rct6/Drivers/CMSIS/Include/cmsis_gcc.h **** #ifndef   __ALIGNED
 111:board/stm32f401rct6/Drivers/CMSIS/Include/cmsis_gcc.h ****   #define __ALIGNED(x)                           __attribute__((aligned(x)))
 112:board/stm32f401rct6/Drivers/CMSIS/Include/cmsis_gcc.h **** #endif
 113:board/stm32f401rct6/Drivers/CMSIS/Include/cmsis_gcc.h **** #ifndef   __RESTRICT
 114:board/stm32f401rct6/Drivers/CMSIS/Include/cmsis_gcc.h ****   #define __RESTRICT                             __restrict
 115:board/stm32f401rct6/Drivers/CMSIS/Include/cmsis_gcc.h **** #endif
 116:board/stm32f401rct6/Drivers/CMSIS/Include/cmsis_gcc.h **** #ifndef   __COMPILER_BARRIER
 117:board/stm32f401rct6/Drivers/CMSIS/Include/cmsis_gcc.h ****   #define __COMPILER_BARRIER()                   __ASM volatile("":::"memory")
 118:board/stm32f401rct6/Drivers/CMSIS/Include/cmsis_gcc.h **** #endif
 119:board/stm32f401rct6/Drivers/CMSIS/Include/cmsis_gcc.h **** 
 120:board/stm32f401rct6/Drivers/CMSIS/Include/cmsis_gcc.h **** /* #########################  Startup and Lowlevel Init  ######################## */
 121:board/stm32f401rct6/Drivers/CMSIS/Include/cmsis_gcc.h **** 
ARM GAS  C:\Users\Admin\AppData\Local\Temp\cc7Wiulu.s 			page 7


 122:board/stm32f401rct6/Drivers/CMSIS/Include/cmsis_gcc.h **** #ifndef __PROGRAM_START
 123:board/stm32f401rct6/Drivers/CMSIS/Include/cmsis_gcc.h **** 
 124:board/stm32f401rct6/Drivers/CMSIS/Include/cmsis_gcc.h **** /**
 125:board/stm32f401rct6/Drivers/CMSIS/Include/cmsis_gcc.h ****   \brief   Initializes data and bss sections
 126:board/stm32f401rct6/Drivers/CMSIS/Include/cmsis_gcc.h ****   \details This default implementations initialized all data and additional bss
 127:board/stm32f401rct6/Drivers/CMSIS/Include/cmsis_gcc.h ****            sections relying on .copy.table and .zero.table specified properly
 128:board/stm32f401rct6/Drivers/CMSIS/Include/cmsis_gcc.h ****            in the used linker script.
 129:board/stm32f401rct6/Drivers/CMSIS/Include/cmsis_gcc.h **** 
 130:board/stm32f401rct6/Drivers/CMSIS/Include/cmsis_gcc.h ****  */
 131:board/stm32f401rct6/Drivers/CMSIS/Include/cmsis_gcc.h **** __STATIC_FORCEINLINE __NO_RETURN void __cmsis_start(void)
 132:board/stm32f401rct6/Drivers/CMSIS/Include/cmsis_gcc.h **** {
 133:board/stm32f401rct6/Drivers/CMSIS/Include/cmsis_gcc.h ****   extern void _start(void) __NO_RETURN;
 134:board/stm32f401rct6/Drivers/CMSIS/Include/cmsis_gcc.h **** 
 135:board/stm32f401rct6/Drivers/CMSIS/Include/cmsis_gcc.h ****   typedef struct {
 136:board/stm32f401rct6/Drivers/CMSIS/Include/cmsis_gcc.h ****     uint32_t const* src;
 137:board/stm32f401rct6/Drivers/CMSIS/Include/cmsis_gcc.h ****     uint32_t* dest;
 138:board/stm32f401rct6/Drivers/CMSIS/Include/cmsis_gcc.h ****     uint32_t  wlen;
 139:board/stm32f401rct6/Drivers/CMSIS/Include/cmsis_gcc.h ****   } __copy_table_t;
 140:board/stm32f401rct6/Drivers/CMSIS/Include/cmsis_gcc.h **** 
 141:board/stm32f401rct6/Drivers/CMSIS/Include/cmsis_gcc.h ****   typedef struct {
 142:board/stm32f401rct6/Drivers/CMSIS/Include/cmsis_gcc.h ****     uint32_t* dest;
 143:board/stm32f401rct6/Drivers/CMSIS/Include/cmsis_gcc.h ****     uint32_t  wlen;
 144:board/stm32f401rct6/Drivers/CMSIS/Include/cmsis_gcc.h ****   } __zero_table_t;
 145:board/stm32f401rct6/Drivers/CMSIS/Include/cmsis_gcc.h **** 
 146:board/stm32f401rct6/Drivers/CMSIS/Include/cmsis_gcc.h ****   extern const __copy_table_t __copy_table_start__;
 147:board/stm32f401rct6/Drivers/CMSIS/Include/cmsis_gcc.h ****   extern const __copy_table_t __copy_table_end__;
 148:board/stm32f401rct6/Drivers/CMSIS/Include/cmsis_gcc.h ****   extern const __zero_table_t __zero_table_start__;
 149:board/stm32f401rct6/Drivers/CMSIS/Include/cmsis_gcc.h ****   extern const __zero_table_t __zero_table_end__;
 150:board/stm32f401rct6/Drivers/CMSIS/Include/cmsis_gcc.h **** 
 151:board/stm32f401rct6/Drivers/CMSIS/Include/cmsis_gcc.h ****   for (__copy_table_t const* pTable = &__copy_table_start__; pTable < &__copy_table_end__; ++pTable
 152:board/stm32f401rct6/Drivers/CMSIS/Include/cmsis_gcc.h ****     for(uint32_t i=0u; i<pTable->wlen; ++i) {
 153:board/stm32f401rct6/Drivers/CMSIS/Include/cmsis_gcc.h ****       pTable->dest[i] = pTable->src[i];
 154:board/stm32f401rct6/Drivers/CMSIS/Include/cmsis_gcc.h ****     }
 155:board/stm32f401rct6/Drivers/CMSIS/Include/cmsis_gcc.h ****   }
 156:board/stm32f401rct6/Drivers/CMSIS/Include/cmsis_gcc.h **** 
 157:board/stm32f401rct6/Drivers/CMSIS/Include/cmsis_gcc.h ****   for (__zero_table_t const* pTable = &__zero_table_start__; pTable < &__zero_table_end__; ++pTable
 158:board/stm32f401rct6/Drivers/CMSIS/Include/cmsis_gcc.h ****     for(uint32_t i=0u; i<pTable->wlen; ++i) {
 159:board/stm32f401rct6/Drivers/CMSIS/Include/cmsis_gcc.h ****       pTable->dest[i] = 0u;
 160:board/stm32f401rct6/Drivers/CMSIS/Include/cmsis_gcc.h ****     }
 161:board/stm32f401rct6/Drivers/CMSIS/Include/cmsis_gcc.h ****   }
 162:board/stm32f401rct6/Drivers/CMSIS/Include/cmsis_gcc.h **** 
 163:board/stm32f401rct6/Drivers/CMSIS/Include/cmsis_gcc.h ****   _start();
 164:board/stm32f401rct6/Drivers/CMSIS/Include/cmsis_gcc.h **** }
 165:board/stm32f401rct6/Drivers/CMSIS/Include/cmsis_gcc.h **** 
 166:board/stm32f401rct6/Drivers/CMSIS/Include/cmsis_gcc.h **** #define __PROGRAM_START           __cmsis_start
 167:board/stm32f401rct6/Drivers/CMSIS/Include/cmsis_gcc.h **** #endif
 168:board/stm32f401rct6/Drivers/CMSIS/Include/cmsis_gcc.h **** 
 169:board/stm32f401rct6/Drivers/CMSIS/Include/cmsis_gcc.h **** #ifndef __INITIAL_SP
 170:board/stm32f401rct6/Drivers/CMSIS/Include/cmsis_gcc.h **** #define __INITIAL_SP              __StackTop
 171:board/stm32f401rct6/Drivers/CMSIS/Include/cmsis_gcc.h **** #endif
 172:board/stm32f401rct6/Drivers/CMSIS/Include/cmsis_gcc.h **** 
 173:board/stm32f401rct6/Drivers/CMSIS/Include/cmsis_gcc.h **** #ifndef __STACK_LIMIT
 174:board/stm32f401rct6/Drivers/CMSIS/Include/cmsis_gcc.h **** #define __STACK_LIMIT             __StackLimit
 175:board/stm32f401rct6/Drivers/CMSIS/Include/cmsis_gcc.h **** #endif
 176:board/stm32f401rct6/Drivers/CMSIS/Include/cmsis_gcc.h **** 
 177:board/stm32f401rct6/Drivers/CMSIS/Include/cmsis_gcc.h **** #ifndef __VECTOR_TABLE
 178:board/stm32f401rct6/Drivers/CMSIS/Include/cmsis_gcc.h **** #define __VECTOR_TABLE            __Vectors
ARM GAS  C:\Users\Admin\AppData\Local\Temp\cc7Wiulu.s 			page 8


 179:board/stm32f401rct6/Drivers/CMSIS/Include/cmsis_gcc.h **** #endif
 180:board/stm32f401rct6/Drivers/CMSIS/Include/cmsis_gcc.h **** 
 181:board/stm32f401rct6/Drivers/CMSIS/Include/cmsis_gcc.h **** #ifndef __VECTOR_TABLE_ATTRIBUTE
 182:board/stm32f401rct6/Drivers/CMSIS/Include/cmsis_gcc.h **** #define __VECTOR_TABLE_ATTRIBUTE  __attribute__((used, section(".vectors")))
 183:board/stm32f401rct6/Drivers/CMSIS/Include/cmsis_gcc.h **** #endif
 184:board/stm32f401rct6/Drivers/CMSIS/Include/cmsis_gcc.h **** 
 185:board/stm32f401rct6/Drivers/CMSIS/Include/cmsis_gcc.h **** #if defined (__ARM_FEATURE_CMSE) && (__ARM_FEATURE_CMSE == 3U)
 186:board/stm32f401rct6/Drivers/CMSIS/Include/cmsis_gcc.h **** #ifndef __STACK_SEAL
 187:board/stm32f401rct6/Drivers/CMSIS/Include/cmsis_gcc.h **** #define __STACK_SEAL              __StackSeal
 188:board/stm32f401rct6/Drivers/CMSIS/Include/cmsis_gcc.h **** #endif
 189:board/stm32f401rct6/Drivers/CMSIS/Include/cmsis_gcc.h **** 
 190:board/stm32f401rct6/Drivers/CMSIS/Include/cmsis_gcc.h **** #ifndef __TZ_STACK_SEAL_SIZE
 191:board/stm32f401rct6/Drivers/CMSIS/Include/cmsis_gcc.h **** #define __TZ_STACK_SEAL_SIZE      8U
 192:board/stm32f401rct6/Drivers/CMSIS/Include/cmsis_gcc.h **** #endif
 193:board/stm32f401rct6/Drivers/CMSIS/Include/cmsis_gcc.h **** 
 194:board/stm32f401rct6/Drivers/CMSIS/Include/cmsis_gcc.h **** #ifndef __TZ_STACK_SEAL_VALUE
 195:board/stm32f401rct6/Drivers/CMSIS/Include/cmsis_gcc.h **** #define __TZ_STACK_SEAL_VALUE     0xFEF5EDA5FEF5EDA5ULL
 196:board/stm32f401rct6/Drivers/CMSIS/Include/cmsis_gcc.h **** #endif
 197:board/stm32f401rct6/Drivers/CMSIS/Include/cmsis_gcc.h **** 
 198:board/stm32f401rct6/Drivers/CMSIS/Include/cmsis_gcc.h **** 
 199:board/stm32f401rct6/Drivers/CMSIS/Include/cmsis_gcc.h **** __STATIC_FORCEINLINE void __TZ_set_STACKSEAL_S (uint32_t* stackTop) {
 200:board/stm32f401rct6/Drivers/CMSIS/Include/cmsis_gcc.h ****   *((uint64_t *)stackTop) = __TZ_STACK_SEAL_VALUE;
 201:board/stm32f401rct6/Drivers/CMSIS/Include/cmsis_gcc.h **** }
 202:board/stm32f401rct6/Drivers/CMSIS/Include/cmsis_gcc.h **** #endif
 203:board/stm32f401rct6/Drivers/CMSIS/Include/cmsis_gcc.h **** 
 204:board/stm32f401rct6/Drivers/CMSIS/Include/cmsis_gcc.h **** 
 205:board/stm32f401rct6/Drivers/CMSIS/Include/cmsis_gcc.h **** /* ##########################  Core Instruction Access  ######################### */
 206:board/stm32f401rct6/Drivers/CMSIS/Include/cmsis_gcc.h **** /** \defgroup CMSIS_Core_InstructionInterface CMSIS Core Instruction Interface
 207:board/stm32f401rct6/Drivers/CMSIS/Include/cmsis_gcc.h ****   Access to dedicated instructions
 208:board/stm32f401rct6/Drivers/CMSIS/Include/cmsis_gcc.h ****   @{
 209:board/stm32f401rct6/Drivers/CMSIS/Include/cmsis_gcc.h **** */
 210:board/stm32f401rct6/Drivers/CMSIS/Include/cmsis_gcc.h **** 
 211:board/stm32f401rct6/Drivers/CMSIS/Include/cmsis_gcc.h **** /* Define macros for porting to both thumb1 and thumb2.
 212:board/stm32f401rct6/Drivers/CMSIS/Include/cmsis_gcc.h ****  * For thumb1, use low register (r0-r7), specified by constraint "l"
 213:board/stm32f401rct6/Drivers/CMSIS/Include/cmsis_gcc.h ****  * Otherwise, use general registers, specified by constraint "r" */
 214:board/stm32f401rct6/Drivers/CMSIS/Include/cmsis_gcc.h **** #if defined (__thumb__) && !defined (__thumb2__)
 215:board/stm32f401rct6/Drivers/CMSIS/Include/cmsis_gcc.h **** #define __CMSIS_GCC_OUT_REG(r) "=l" (r)
 216:board/stm32f401rct6/Drivers/CMSIS/Include/cmsis_gcc.h **** #define __CMSIS_GCC_RW_REG(r) "+l" (r)
 217:board/stm32f401rct6/Drivers/CMSIS/Include/cmsis_gcc.h **** #define __CMSIS_GCC_USE_REG(r) "l" (r)
 218:board/stm32f401rct6/Drivers/CMSIS/Include/cmsis_gcc.h **** #else
 219:board/stm32f401rct6/Drivers/CMSIS/Include/cmsis_gcc.h **** #define __CMSIS_GCC_OUT_REG(r) "=r" (r)
 220:board/stm32f401rct6/Drivers/CMSIS/Include/cmsis_gcc.h **** #define __CMSIS_GCC_RW_REG(r) "+r" (r)
 221:board/stm32f401rct6/Drivers/CMSIS/Include/cmsis_gcc.h **** #define __CMSIS_GCC_USE_REG(r) "r" (r)
 222:board/stm32f401rct6/Drivers/CMSIS/Include/cmsis_gcc.h **** #endif
 223:board/stm32f401rct6/Drivers/CMSIS/Include/cmsis_gcc.h **** 
 224:board/stm32f401rct6/Drivers/CMSIS/Include/cmsis_gcc.h **** /**
 225:board/stm32f401rct6/Drivers/CMSIS/Include/cmsis_gcc.h ****   \brief   No Operation
 226:board/stm32f401rct6/Drivers/CMSIS/Include/cmsis_gcc.h ****   \details No Operation does nothing. This instruction can be used for code alignment purposes.
 227:board/stm32f401rct6/Drivers/CMSIS/Include/cmsis_gcc.h ****  */
 228:board/stm32f401rct6/Drivers/CMSIS/Include/cmsis_gcc.h **** #define __NOP()                             __ASM volatile ("nop")
 229:board/stm32f401rct6/Drivers/CMSIS/Include/cmsis_gcc.h **** 
 230:board/stm32f401rct6/Drivers/CMSIS/Include/cmsis_gcc.h **** /**
 231:board/stm32f401rct6/Drivers/CMSIS/Include/cmsis_gcc.h ****   \brief   Wait For Interrupt
 232:board/stm32f401rct6/Drivers/CMSIS/Include/cmsis_gcc.h ****   \details Wait For Interrupt is a hint instruction that suspends execution until one of a number o
 233:board/stm32f401rct6/Drivers/CMSIS/Include/cmsis_gcc.h ****  */
 234:board/stm32f401rct6/Drivers/CMSIS/Include/cmsis_gcc.h **** #define __WFI()                             __ASM volatile ("wfi":::"memory")
 235:board/stm32f401rct6/Drivers/CMSIS/Include/cmsis_gcc.h **** 
ARM GAS  C:\Users\Admin\AppData\Local\Temp\cc7Wiulu.s 			page 9


 236:board/stm32f401rct6/Drivers/CMSIS/Include/cmsis_gcc.h **** 
 237:board/stm32f401rct6/Drivers/CMSIS/Include/cmsis_gcc.h **** /**
 238:board/stm32f401rct6/Drivers/CMSIS/Include/cmsis_gcc.h ****   \brief   Wait For Event
 239:board/stm32f401rct6/Drivers/CMSIS/Include/cmsis_gcc.h ****   \details Wait For Event is a hint instruction that permits the processor to enter
 240:board/stm32f401rct6/Drivers/CMSIS/Include/cmsis_gcc.h ****            a low-power state until one of a number of events occurs.
 241:board/stm32f401rct6/Drivers/CMSIS/Include/cmsis_gcc.h ****  */
 242:board/stm32f401rct6/Drivers/CMSIS/Include/cmsis_gcc.h **** #define __WFE()                             __ASM volatile ("wfe":::"memory")
 243:board/stm32f401rct6/Drivers/CMSIS/Include/cmsis_gcc.h **** 
 244:board/stm32f401rct6/Drivers/CMSIS/Include/cmsis_gcc.h **** 
 245:board/stm32f401rct6/Drivers/CMSIS/Include/cmsis_gcc.h **** /**
 246:board/stm32f401rct6/Drivers/CMSIS/Include/cmsis_gcc.h ****   \brief   Send Event
 247:board/stm32f401rct6/Drivers/CMSIS/Include/cmsis_gcc.h ****   \details Send Event is a hint instruction. It causes an event to be signaled to the CPU.
 248:board/stm32f401rct6/Drivers/CMSIS/Include/cmsis_gcc.h ****  */
 249:board/stm32f401rct6/Drivers/CMSIS/Include/cmsis_gcc.h **** #define __SEV()                             __ASM volatile ("sev")
 250:board/stm32f401rct6/Drivers/CMSIS/Include/cmsis_gcc.h **** 
 251:board/stm32f401rct6/Drivers/CMSIS/Include/cmsis_gcc.h **** 
 252:board/stm32f401rct6/Drivers/CMSIS/Include/cmsis_gcc.h **** /**
 253:board/stm32f401rct6/Drivers/CMSIS/Include/cmsis_gcc.h ****   \brief   Instruction Synchronization Barrier
 254:board/stm32f401rct6/Drivers/CMSIS/Include/cmsis_gcc.h ****   \details Instruction Synchronization Barrier flushes the pipeline in the processor,
 255:board/stm32f401rct6/Drivers/CMSIS/Include/cmsis_gcc.h ****            so that all instructions following the ISB are fetched from cache or memory,
 256:board/stm32f401rct6/Drivers/CMSIS/Include/cmsis_gcc.h ****            after the instruction has been completed.
 257:board/stm32f401rct6/Drivers/CMSIS/Include/cmsis_gcc.h ****  */
 258:board/stm32f401rct6/Drivers/CMSIS/Include/cmsis_gcc.h **** __STATIC_FORCEINLINE void __ISB(void)
 259:board/stm32f401rct6/Drivers/CMSIS/Include/cmsis_gcc.h **** {
 260:board/stm32f401rct6/Drivers/CMSIS/Include/cmsis_gcc.h ****   __ASM volatile ("isb 0xF":::"memory");
 261:board/stm32f401rct6/Drivers/CMSIS/Include/cmsis_gcc.h **** }
 262:board/stm32f401rct6/Drivers/CMSIS/Include/cmsis_gcc.h **** 
 263:board/stm32f401rct6/Drivers/CMSIS/Include/cmsis_gcc.h **** 
 264:board/stm32f401rct6/Drivers/CMSIS/Include/cmsis_gcc.h **** /**
 265:board/stm32f401rct6/Drivers/CMSIS/Include/cmsis_gcc.h ****   \brief   Data Synchronization Barrier
 266:board/stm32f401rct6/Drivers/CMSIS/Include/cmsis_gcc.h ****   \details Acts as a special kind of Data Memory Barrier.
 267:board/stm32f401rct6/Drivers/CMSIS/Include/cmsis_gcc.h ****            It completes when all explicit memory accesses before this instruction complete.
 268:board/stm32f401rct6/Drivers/CMSIS/Include/cmsis_gcc.h ****  */
 269:board/stm32f401rct6/Drivers/CMSIS/Include/cmsis_gcc.h **** __STATIC_FORCEINLINE void __DSB(void)
 270:board/stm32f401rct6/Drivers/CMSIS/Include/cmsis_gcc.h **** {
 271:board/stm32f401rct6/Drivers/CMSIS/Include/cmsis_gcc.h ****   __ASM volatile ("dsb 0xF":::"memory");
 272:board/stm32f401rct6/Drivers/CMSIS/Include/cmsis_gcc.h **** }
 273:board/stm32f401rct6/Drivers/CMSIS/Include/cmsis_gcc.h **** 
 274:board/stm32f401rct6/Drivers/CMSIS/Include/cmsis_gcc.h **** 
 275:board/stm32f401rct6/Drivers/CMSIS/Include/cmsis_gcc.h **** /**
 276:board/stm32f401rct6/Drivers/CMSIS/Include/cmsis_gcc.h ****   \brief   Data Memory Barrier
 277:board/stm32f401rct6/Drivers/CMSIS/Include/cmsis_gcc.h ****   \details Ensures the apparent order of the explicit memory operations before
 278:board/stm32f401rct6/Drivers/CMSIS/Include/cmsis_gcc.h ****            and after the instruction, without ensuring their completion.
 279:board/stm32f401rct6/Drivers/CMSIS/Include/cmsis_gcc.h ****  */
 280:board/stm32f401rct6/Drivers/CMSIS/Include/cmsis_gcc.h **** __STATIC_FORCEINLINE void __DMB(void)
 281:board/stm32f401rct6/Drivers/CMSIS/Include/cmsis_gcc.h **** {
 282:board/stm32f401rct6/Drivers/CMSIS/Include/cmsis_gcc.h ****   __ASM volatile ("dmb 0xF":::"memory");
 283:board/stm32f401rct6/Drivers/CMSIS/Include/cmsis_gcc.h **** }
 284:board/stm32f401rct6/Drivers/CMSIS/Include/cmsis_gcc.h **** 
 285:board/stm32f401rct6/Drivers/CMSIS/Include/cmsis_gcc.h **** 
 286:board/stm32f401rct6/Drivers/CMSIS/Include/cmsis_gcc.h **** /**
 287:board/stm32f401rct6/Drivers/CMSIS/Include/cmsis_gcc.h ****   \brief   Reverse byte order (32 bit)
 288:board/stm32f401rct6/Drivers/CMSIS/Include/cmsis_gcc.h ****   \details Reverses the byte order in unsigned integer value. For example, 0x12345678 becomes 0x785
 289:board/stm32f401rct6/Drivers/CMSIS/Include/cmsis_gcc.h ****   \param [in]    value  Value to reverse
 290:board/stm32f401rct6/Drivers/CMSIS/Include/cmsis_gcc.h ****   \return               Reversed value
 291:board/stm32f401rct6/Drivers/CMSIS/Include/cmsis_gcc.h ****  */
 292:board/stm32f401rct6/Drivers/CMSIS/Include/cmsis_gcc.h **** __STATIC_FORCEINLINE uint32_t __REV(uint32_t value)
ARM GAS  C:\Users\Admin\AppData\Local\Temp\cc7Wiulu.s 			page 10


 293:board/stm32f401rct6/Drivers/CMSIS/Include/cmsis_gcc.h **** {
 294:board/stm32f401rct6/Drivers/CMSIS/Include/cmsis_gcc.h **** #if (__GNUC__ > 4) || (__GNUC__ == 4 && __GNUC_MINOR__ >= 5)
 295:board/stm32f401rct6/Drivers/CMSIS/Include/cmsis_gcc.h ****   return __builtin_bswap32(value);
 296:board/stm32f401rct6/Drivers/CMSIS/Include/cmsis_gcc.h **** #else
 297:board/stm32f401rct6/Drivers/CMSIS/Include/cmsis_gcc.h ****   uint32_t result;
 298:board/stm32f401rct6/Drivers/CMSIS/Include/cmsis_gcc.h **** 
 299:board/stm32f401rct6/Drivers/CMSIS/Include/cmsis_gcc.h ****   __ASM ("rev %0, %1" : __CMSIS_GCC_OUT_REG (result) : __CMSIS_GCC_USE_REG (value) );
 300:board/stm32f401rct6/Drivers/CMSIS/Include/cmsis_gcc.h ****   return result;
 301:board/stm32f401rct6/Drivers/CMSIS/Include/cmsis_gcc.h **** #endif
 302:board/stm32f401rct6/Drivers/CMSIS/Include/cmsis_gcc.h **** }
 303:board/stm32f401rct6/Drivers/CMSIS/Include/cmsis_gcc.h **** 
 304:board/stm32f401rct6/Drivers/CMSIS/Include/cmsis_gcc.h **** 
 305:board/stm32f401rct6/Drivers/CMSIS/Include/cmsis_gcc.h **** /**
 306:board/stm32f401rct6/Drivers/CMSIS/Include/cmsis_gcc.h ****   \brief   Reverse byte order (16 bit)
 307:board/stm32f401rct6/Drivers/CMSIS/Include/cmsis_gcc.h ****   \details Reverses the byte order within each halfword of a word. For example, 0x12345678 becomes 
 308:board/stm32f401rct6/Drivers/CMSIS/Include/cmsis_gcc.h ****   \param [in]    value  Value to reverse
 309:board/stm32f401rct6/Drivers/CMSIS/Include/cmsis_gcc.h ****   \return               Reversed value
 310:board/stm32f401rct6/Drivers/CMSIS/Include/cmsis_gcc.h ****  */
 311:board/stm32f401rct6/Drivers/CMSIS/Include/cmsis_gcc.h **** __STATIC_FORCEINLINE uint32_t __REV16(uint32_t value)
 312:board/stm32f401rct6/Drivers/CMSIS/Include/cmsis_gcc.h **** {
 313:board/stm32f401rct6/Drivers/CMSIS/Include/cmsis_gcc.h ****   uint32_t result;
 314:board/stm32f401rct6/Drivers/CMSIS/Include/cmsis_gcc.h **** 
 315:board/stm32f401rct6/Drivers/CMSIS/Include/cmsis_gcc.h ****   __ASM ("rev16 %0, %1" : __CMSIS_GCC_OUT_REG (result) : __CMSIS_GCC_USE_REG (value) );
 316:board/stm32f401rct6/Drivers/CMSIS/Include/cmsis_gcc.h ****   return result;
 317:board/stm32f401rct6/Drivers/CMSIS/Include/cmsis_gcc.h **** }
 318:board/stm32f401rct6/Drivers/CMSIS/Include/cmsis_gcc.h **** 
 319:board/stm32f401rct6/Drivers/CMSIS/Include/cmsis_gcc.h **** 
 320:board/stm32f401rct6/Drivers/CMSIS/Include/cmsis_gcc.h **** /**
 321:board/stm32f401rct6/Drivers/CMSIS/Include/cmsis_gcc.h ****   \brief   Reverse byte order (16 bit)
 322:board/stm32f401rct6/Drivers/CMSIS/Include/cmsis_gcc.h ****   \details Reverses the byte order in a 16-bit value and returns the signed 16-bit result. For exam
 323:board/stm32f401rct6/Drivers/CMSIS/Include/cmsis_gcc.h ****   \param [in]    value  Value to reverse
 324:board/stm32f401rct6/Drivers/CMSIS/Include/cmsis_gcc.h ****   \return               Reversed value
 325:board/stm32f401rct6/Drivers/CMSIS/Include/cmsis_gcc.h ****  */
 326:board/stm32f401rct6/Drivers/CMSIS/Include/cmsis_gcc.h **** __STATIC_FORCEINLINE int16_t __REVSH(int16_t value)
 327:board/stm32f401rct6/Drivers/CMSIS/Include/cmsis_gcc.h **** {
 328:board/stm32f401rct6/Drivers/CMSIS/Include/cmsis_gcc.h **** #if (__GNUC__ > 4) || (__GNUC__ == 4 && __GNUC_MINOR__ >= 8)
 329:board/stm32f401rct6/Drivers/CMSIS/Include/cmsis_gcc.h ****   return (int16_t)__builtin_bswap16(value);
 330:board/stm32f401rct6/Drivers/CMSIS/Include/cmsis_gcc.h **** #else
 331:board/stm32f401rct6/Drivers/CMSIS/Include/cmsis_gcc.h ****   int16_t result;
 332:board/stm32f401rct6/Drivers/CMSIS/Include/cmsis_gcc.h **** 
 333:board/stm32f401rct6/Drivers/CMSIS/Include/cmsis_gcc.h ****   __ASM ("revsh %0, %1" : __CMSIS_GCC_OUT_REG (result) : __CMSIS_GCC_USE_REG (value) );
 334:board/stm32f401rct6/Drivers/CMSIS/Include/cmsis_gcc.h ****   return result;
 335:board/stm32f401rct6/Drivers/CMSIS/Include/cmsis_gcc.h **** #endif
 336:board/stm32f401rct6/Drivers/CMSIS/Include/cmsis_gcc.h **** }
 337:board/stm32f401rct6/Drivers/CMSIS/Include/cmsis_gcc.h **** 
 338:board/stm32f401rct6/Drivers/CMSIS/Include/cmsis_gcc.h **** 
 339:board/stm32f401rct6/Drivers/CMSIS/Include/cmsis_gcc.h **** /**
 340:board/stm32f401rct6/Drivers/CMSIS/Include/cmsis_gcc.h ****   \brief   Rotate Right in unsigned value (32 bit)
 341:board/stm32f401rct6/Drivers/CMSIS/Include/cmsis_gcc.h ****   \details Rotate Right (immediate) provides the value of the contents of a register rotated by a v
 342:board/stm32f401rct6/Drivers/CMSIS/Include/cmsis_gcc.h ****   \param [in]    op1  Value to rotate
 343:board/stm32f401rct6/Drivers/CMSIS/Include/cmsis_gcc.h ****   \param [in]    op2  Number of Bits to rotate
 344:board/stm32f401rct6/Drivers/CMSIS/Include/cmsis_gcc.h ****   \return               Rotated value
 345:board/stm32f401rct6/Drivers/CMSIS/Include/cmsis_gcc.h ****  */
 346:board/stm32f401rct6/Drivers/CMSIS/Include/cmsis_gcc.h **** __STATIC_FORCEINLINE uint32_t __ROR(uint32_t op1, uint32_t op2)
 347:board/stm32f401rct6/Drivers/CMSIS/Include/cmsis_gcc.h **** {
 348:board/stm32f401rct6/Drivers/CMSIS/Include/cmsis_gcc.h ****   op2 %= 32U;
 349:board/stm32f401rct6/Drivers/CMSIS/Include/cmsis_gcc.h ****   if (op2 == 0U)
ARM GAS  C:\Users\Admin\AppData\Local\Temp\cc7Wiulu.s 			page 11


 350:board/stm32f401rct6/Drivers/CMSIS/Include/cmsis_gcc.h ****   {
 351:board/stm32f401rct6/Drivers/CMSIS/Include/cmsis_gcc.h ****     return op1;
 352:board/stm32f401rct6/Drivers/CMSIS/Include/cmsis_gcc.h ****   }
 353:board/stm32f401rct6/Drivers/CMSIS/Include/cmsis_gcc.h ****   return (op1 >> op2) | (op1 << (32U - op2));
 354:board/stm32f401rct6/Drivers/CMSIS/Include/cmsis_gcc.h **** }
 355:board/stm32f401rct6/Drivers/CMSIS/Include/cmsis_gcc.h **** 
 356:board/stm32f401rct6/Drivers/CMSIS/Include/cmsis_gcc.h **** 
 357:board/stm32f401rct6/Drivers/CMSIS/Include/cmsis_gcc.h **** /**
 358:board/stm32f401rct6/Drivers/CMSIS/Include/cmsis_gcc.h ****   \brief   Breakpoint
 359:board/stm32f401rct6/Drivers/CMSIS/Include/cmsis_gcc.h ****   \details Causes the processor to enter Debug state.
 360:board/stm32f401rct6/Drivers/CMSIS/Include/cmsis_gcc.h ****            Debug tools can use this to investigate system state when the instruction at a particula
 361:board/stm32f401rct6/Drivers/CMSIS/Include/cmsis_gcc.h ****   \param [in]    value  is ignored by the processor.
 362:board/stm32f401rct6/Drivers/CMSIS/Include/cmsis_gcc.h ****                  If required, a debugger can use it to store additional information about the break
 363:board/stm32f401rct6/Drivers/CMSIS/Include/cmsis_gcc.h ****  */
 364:board/stm32f401rct6/Drivers/CMSIS/Include/cmsis_gcc.h **** #define __BKPT(value)                       __ASM volatile ("bkpt "#value)
 365:board/stm32f401rct6/Drivers/CMSIS/Include/cmsis_gcc.h **** 
 366:board/stm32f401rct6/Drivers/CMSIS/Include/cmsis_gcc.h **** 
 367:board/stm32f401rct6/Drivers/CMSIS/Include/cmsis_gcc.h **** /**
 368:board/stm32f401rct6/Drivers/CMSIS/Include/cmsis_gcc.h ****   \brief   Reverse bit order of value
 369:board/stm32f401rct6/Drivers/CMSIS/Include/cmsis_gcc.h ****   \details Reverses the bit order of the given value.
 370:board/stm32f401rct6/Drivers/CMSIS/Include/cmsis_gcc.h ****   \param [in]    value  Value to reverse
 371:board/stm32f401rct6/Drivers/CMSIS/Include/cmsis_gcc.h ****   \return               Reversed value
 372:board/stm32f401rct6/Drivers/CMSIS/Include/cmsis_gcc.h ****  */
 373:board/stm32f401rct6/Drivers/CMSIS/Include/cmsis_gcc.h **** __STATIC_FORCEINLINE uint32_t __RBIT(uint32_t value)
 374:board/stm32f401rct6/Drivers/CMSIS/Include/cmsis_gcc.h **** {
 375:board/stm32f401rct6/Drivers/CMSIS/Include/cmsis_gcc.h ****   uint32_t result;
 376:board/stm32f401rct6/Drivers/CMSIS/Include/cmsis_gcc.h **** 
 377:board/stm32f401rct6/Drivers/CMSIS/Include/cmsis_gcc.h **** #if ((defined (__ARM_ARCH_7M__      ) && (__ARM_ARCH_7M__      == 1)) || \
 378:board/stm32f401rct6/Drivers/CMSIS/Include/cmsis_gcc.h ****      (defined (__ARM_ARCH_7EM__     ) && (__ARM_ARCH_7EM__     == 1)) || \
 379:board/stm32f401rct6/Drivers/CMSIS/Include/cmsis_gcc.h ****      (defined (__ARM_ARCH_8M_MAIN__ ) && (__ARM_ARCH_8M_MAIN__ == 1))    )
 380:board/stm32f401rct6/Drivers/CMSIS/Include/cmsis_gcc.h ****    __ASM ("rbit %0, %1" : "=r" (result) : "r" (value) );
 381:board/stm32f401rct6/Drivers/CMSIS/Include/cmsis_gcc.h **** #else
 382:board/stm32f401rct6/Drivers/CMSIS/Include/cmsis_gcc.h ****   uint32_t s = (4U /*sizeof(v)*/ * 8U) - 1U; /* extra shift needed at end */
 383:board/stm32f401rct6/Drivers/CMSIS/Include/cmsis_gcc.h **** 
 384:board/stm32f401rct6/Drivers/CMSIS/Include/cmsis_gcc.h ****   result = value;                      /* r will be reversed bits of v; first get LSB of v */
 385:board/stm32f401rct6/Drivers/CMSIS/Include/cmsis_gcc.h ****   for (value >>= 1U; value != 0U; value >>= 1U)
 386:board/stm32f401rct6/Drivers/CMSIS/Include/cmsis_gcc.h ****   {
 387:board/stm32f401rct6/Drivers/CMSIS/Include/cmsis_gcc.h ****     result <<= 1U;
 388:board/stm32f401rct6/Drivers/CMSIS/Include/cmsis_gcc.h ****     result |= value & 1U;
 389:board/stm32f401rct6/Drivers/CMSIS/Include/cmsis_gcc.h ****     s--;
 390:board/stm32f401rct6/Drivers/CMSIS/Include/cmsis_gcc.h ****   }
 391:board/stm32f401rct6/Drivers/CMSIS/Include/cmsis_gcc.h ****   result <<= s;                        /* shift when v's highest bits are zero */
 392:board/stm32f401rct6/Drivers/CMSIS/Include/cmsis_gcc.h **** #endif
 393:board/stm32f401rct6/Drivers/CMSIS/Include/cmsis_gcc.h ****   return result;
 394:board/stm32f401rct6/Drivers/CMSIS/Include/cmsis_gcc.h **** }
 395:board/stm32f401rct6/Drivers/CMSIS/Include/cmsis_gcc.h **** 
 396:board/stm32f401rct6/Drivers/CMSIS/Include/cmsis_gcc.h **** 
 397:board/stm32f401rct6/Drivers/CMSIS/Include/cmsis_gcc.h **** /**
 398:board/stm32f401rct6/Drivers/CMSIS/Include/cmsis_gcc.h ****   \brief   Count leading zeros
 399:board/stm32f401rct6/Drivers/CMSIS/Include/cmsis_gcc.h ****   \details Counts the number of leading zeros of a data value.
 400:board/stm32f401rct6/Drivers/CMSIS/Include/cmsis_gcc.h ****   \param [in]  value  Value to count the leading zeros
 401:board/stm32f401rct6/Drivers/CMSIS/Include/cmsis_gcc.h ****   \return             number of leading zeros in value
 402:board/stm32f401rct6/Drivers/CMSIS/Include/cmsis_gcc.h ****  */
 403:board/stm32f401rct6/Drivers/CMSIS/Include/cmsis_gcc.h **** __STATIC_FORCEINLINE uint8_t __CLZ(uint32_t value)
 404:board/stm32f401rct6/Drivers/CMSIS/Include/cmsis_gcc.h **** {
 405:board/stm32f401rct6/Drivers/CMSIS/Include/cmsis_gcc.h ****   /* Even though __builtin_clz produces a CLZ instruction on ARM, formally
 406:board/stm32f401rct6/Drivers/CMSIS/Include/cmsis_gcc.h ****      __builtin_clz(0) is undefined behaviour, so handle this case specially.
ARM GAS  C:\Users\Admin\AppData\Local\Temp\cc7Wiulu.s 			page 12


 407:board/stm32f401rct6/Drivers/CMSIS/Include/cmsis_gcc.h ****      This guarantees ARM-compatible results if happening to compile on a non-ARM
 408:board/stm32f401rct6/Drivers/CMSIS/Include/cmsis_gcc.h ****      target, and ensures the compiler doesn't decide to activate any
 409:board/stm32f401rct6/Drivers/CMSIS/Include/cmsis_gcc.h ****      optimisations using the logic "value was passed to __builtin_clz, so it
 410:board/stm32f401rct6/Drivers/CMSIS/Include/cmsis_gcc.h ****      is non-zero".
 411:board/stm32f401rct6/Drivers/CMSIS/Include/cmsis_gcc.h ****      ARM GCC 7.3 and possibly earlier will optimise this test away, leaving a
 412:board/stm32f401rct6/Drivers/CMSIS/Include/cmsis_gcc.h ****      single CLZ instruction.
 413:board/stm32f401rct6/Drivers/CMSIS/Include/cmsis_gcc.h ****    */
 414:board/stm32f401rct6/Drivers/CMSIS/Include/cmsis_gcc.h ****   if (value == 0U)
 415:board/stm32f401rct6/Drivers/CMSIS/Include/cmsis_gcc.h ****   {
 416:board/stm32f401rct6/Drivers/CMSIS/Include/cmsis_gcc.h ****     return 32U;
 417:board/stm32f401rct6/Drivers/CMSIS/Include/cmsis_gcc.h ****   }
 418:board/stm32f401rct6/Drivers/CMSIS/Include/cmsis_gcc.h ****   return __builtin_clz(value);
 419:board/stm32f401rct6/Drivers/CMSIS/Include/cmsis_gcc.h **** }
 420:board/stm32f401rct6/Drivers/CMSIS/Include/cmsis_gcc.h **** 
 421:board/stm32f401rct6/Drivers/CMSIS/Include/cmsis_gcc.h **** 
 422:board/stm32f401rct6/Drivers/CMSIS/Include/cmsis_gcc.h **** #if ((defined (__ARM_ARCH_7M__      ) && (__ARM_ARCH_7M__      == 1)) || \
 423:board/stm32f401rct6/Drivers/CMSIS/Include/cmsis_gcc.h ****      (defined (__ARM_ARCH_7EM__     ) && (__ARM_ARCH_7EM__     == 1)) || \
 424:board/stm32f401rct6/Drivers/CMSIS/Include/cmsis_gcc.h ****      (defined (__ARM_ARCH_8M_MAIN__ ) && (__ARM_ARCH_8M_MAIN__ == 1)) || \
 425:board/stm32f401rct6/Drivers/CMSIS/Include/cmsis_gcc.h ****      (defined (__ARM_ARCH_8M_BASE__ ) && (__ARM_ARCH_8M_BASE__ == 1))    )
 426:board/stm32f401rct6/Drivers/CMSIS/Include/cmsis_gcc.h **** /**
 427:board/stm32f401rct6/Drivers/CMSIS/Include/cmsis_gcc.h ****   \brief   LDR Exclusive (8 bit)
 428:board/stm32f401rct6/Drivers/CMSIS/Include/cmsis_gcc.h ****   \details Executes a exclusive LDR instruction for 8 bit value.
 429:board/stm32f401rct6/Drivers/CMSIS/Include/cmsis_gcc.h ****   \param [in]    ptr  Pointer to data
 430:board/stm32f401rct6/Drivers/CMSIS/Include/cmsis_gcc.h ****   \return             value of type uint8_t at (*ptr)
 431:board/stm32f401rct6/Drivers/CMSIS/Include/cmsis_gcc.h ****  */
 432:board/stm32f401rct6/Drivers/CMSIS/Include/cmsis_gcc.h **** __STATIC_FORCEINLINE uint8_t __LDREXB(volatile uint8_t *addr)
 433:board/stm32f401rct6/Drivers/CMSIS/Include/cmsis_gcc.h **** {
 434:board/stm32f401rct6/Drivers/CMSIS/Include/cmsis_gcc.h ****     uint32_t result;
 435:board/stm32f401rct6/Drivers/CMSIS/Include/cmsis_gcc.h **** 
 436:board/stm32f401rct6/Drivers/CMSIS/Include/cmsis_gcc.h **** #if (__GNUC__ > 4) || (__GNUC__ == 4 && __GNUC_MINOR__ >= 8)
 437:board/stm32f401rct6/Drivers/CMSIS/Include/cmsis_gcc.h ****    __ASM volatile ("ldrexb %0, %1" : "=r" (result) : "Q" (*addr) );
 438:board/stm32f401rct6/Drivers/CMSIS/Include/cmsis_gcc.h **** #else
 439:board/stm32f401rct6/Drivers/CMSIS/Include/cmsis_gcc.h ****     /* Prior to GCC 4.8, "Q" will be expanded to [rx, #0] which is not
 440:board/stm32f401rct6/Drivers/CMSIS/Include/cmsis_gcc.h ****        accepted by assembler. So has to use following less efficient pattern.
 441:board/stm32f401rct6/Drivers/CMSIS/Include/cmsis_gcc.h ****     */
 442:board/stm32f401rct6/Drivers/CMSIS/Include/cmsis_gcc.h ****    __ASM volatile ("ldrexb %0, [%1]" : "=r" (result) : "r" (addr) : "memory" );
 443:board/stm32f401rct6/Drivers/CMSIS/Include/cmsis_gcc.h **** #endif
 444:board/stm32f401rct6/Drivers/CMSIS/Include/cmsis_gcc.h ****    return ((uint8_t) result);    /* Add explicit type cast here */
 445:board/stm32f401rct6/Drivers/CMSIS/Include/cmsis_gcc.h **** }
 446:board/stm32f401rct6/Drivers/CMSIS/Include/cmsis_gcc.h **** 
 447:board/stm32f401rct6/Drivers/CMSIS/Include/cmsis_gcc.h **** 
 448:board/stm32f401rct6/Drivers/CMSIS/Include/cmsis_gcc.h **** /**
 449:board/stm32f401rct6/Drivers/CMSIS/Include/cmsis_gcc.h ****   \brief   LDR Exclusive (16 bit)
 450:board/stm32f401rct6/Drivers/CMSIS/Include/cmsis_gcc.h ****   \details Executes a exclusive LDR instruction for 16 bit values.
 451:board/stm32f401rct6/Drivers/CMSIS/Include/cmsis_gcc.h ****   \param [in]    ptr  Pointer to data
 452:board/stm32f401rct6/Drivers/CMSIS/Include/cmsis_gcc.h ****   \return        value of type uint16_t at (*ptr)
 453:board/stm32f401rct6/Drivers/CMSIS/Include/cmsis_gcc.h ****  */
 454:board/stm32f401rct6/Drivers/CMSIS/Include/cmsis_gcc.h **** __STATIC_FORCEINLINE uint16_t __LDREXH(volatile uint16_t *addr)
 455:board/stm32f401rct6/Drivers/CMSIS/Include/cmsis_gcc.h **** {
 456:board/stm32f401rct6/Drivers/CMSIS/Include/cmsis_gcc.h ****     uint32_t result;
 457:board/stm32f401rct6/Drivers/CMSIS/Include/cmsis_gcc.h **** 
 458:board/stm32f401rct6/Drivers/CMSIS/Include/cmsis_gcc.h **** #if (__GNUC__ > 4) || (__GNUC__ == 4 && __GNUC_MINOR__ >= 8)
 459:board/stm32f401rct6/Drivers/CMSIS/Include/cmsis_gcc.h ****    __ASM volatile ("ldrexh %0, %1" : "=r" (result) : "Q" (*addr) );
 460:board/stm32f401rct6/Drivers/CMSIS/Include/cmsis_gcc.h **** #else
 461:board/stm32f401rct6/Drivers/CMSIS/Include/cmsis_gcc.h ****     /* Prior to GCC 4.8, "Q" will be expanded to [rx, #0] which is not
 462:board/stm32f401rct6/Drivers/CMSIS/Include/cmsis_gcc.h ****        accepted by assembler. So has to use following less efficient pattern.
 463:board/stm32f401rct6/Drivers/CMSIS/Include/cmsis_gcc.h ****     */
ARM GAS  C:\Users\Admin\AppData\Local\Temp\cc7Wiulu.s 			page 13


 464:board/stm32f401rct6/Drivers/CMSIS/Include/cmsis_gcc.h ****    __ASM volatile ("ldrexh %0, [%1]" : "=r" (result) : "r" (addr) : "memory" );
 465:board/stm32f401rct6/Drivers/CMSIS/Include/cmsis_gcc.h **** #endif
 466:board/stm32f401rct6/Drivers/CMSIS/Include/cmsis_gcc.h ****    return ((uint16_t) result);    /* Add explicit type cast here */
 467:board/stm32f401rct6/Drivers/CMSIS/Include/cmsis_gcc.h **** }
 468:board/stm32f401rct6/Drivers/CMSIS/Include/cmsis_gcc.h **** 
 469:board/stm32f401rct6/Drivers/CMSIS/Include/cmsis_gcc.h **** 
 470:board/stm32f401rct6/Drivers/CMSIS/Include/cmsis_gcc.h **** /**
 471:board/stm32f401rct6/Drivers/CMSIS/Include/cmsis_gcc.h ****   \brief   LDR Exclusive (32 bit)
 472:board/stm32f401rct6/Drivers/CMSIS/Include/cmsis_gcc.h ****   \details Executes a exclusive LDR instruction for 32 bit values.
 473:board/stm32f401rct6/Drivers/CMSIS/Include/cmsis_gcc.h ****   \param [in]    ptr  Pointer to data
 474:board/stm32f401rct6/Drivers/CMSIS/Include/cmsis_gcc.h ****   \return        value of type uint32_t at (*ptr)
 475:board/stm32f401rct6/Drivers/CMSIS/Include/cmsis_gcc.h ****  */
 476:board/stm32f401rct6/Drivers/CMSIS/Include/cmsis_gcc.h **** __STATIC_FORCEINLINE uint32_t __LDREXW(volatile uint32_t *addr)
 477:board/stm32f401rct6/Drivers/CMSIS/Include/cmsis_gcc.h **** {
 478:board/stm32f401rct6/Drivers/CMSIS/Include/cmsis_gcc.h ****     uint32_t result;
 479:board/stm32f401rct6/Drivers/CMSIS/Include/cmsis_gcc.h **** 
 480:board/stm32f401rct6/Drivers/CMSIS/Include/cmsis_gcc.h ****    __ASM volatile ("ldrex %0, %1" : "=r" (result) : "Q" (*addr) );
 481:board/stm32f401rct6/Drivers/CMSIS/Include/cmsis_gcc.h ****    return(result);
 482:board/stm32f401rct6/Drivers/CMSIS/Include/cmsis_gcc.h **** }
 483:board/stm32f401rct6/Drivers/CMSIS/Include/cmsis_gcc.h **** 
 484:board/stm32f401rct6/Drivers/CMSIS/Include/cmsis_gcc.h **** 
 485:board/stm32f401rct6/Drivers/CMSIS/Include/cmsis_gcc.h **** /**
 486:board/stm32f401rct6/Drivers/CMSIS/Include/cmsis_gcc.h ****   \brief   STR Exclusive (8 bit)
 487:board/stm32f401rct6/Drivers/CMSIS/Include/cmsis_gcc.h ****   \details Executes a exclusive STR instruction for 8 bit values.
 488:board/stm32f401rct6/Drivers/CMSIS/Include/cmsis_gcc.h ****   \param [in]  value  Value to store
 489:board/stm32f401rct6/Drivers/CMSIS/Include/cmsis_gcc.h ****   \param [in]    ptr  Pointer to location
 490:board/stm32f401rct6/Drivers/CMSIS/Include/cmsis_gcc.h ****   \return          0  Function succeeded
 491:board/stm32f401rct6/Drivers/CMSIS/Include/cmsis_gcc.h ****   \return          1  Function failed
 492:board/stm32f401rct6/Drivers/CMSIS/Include/cmsis_gcc.h ****  */
 493:board/stm32f401rct6/Drivers/CMSIS/Include/cmsis_gcc.h **** __STATIC_FORCEINLINE uint32_t __STREXB(uint8_t value, volatile uint8_t *addr)
 494:board/stm32f401rct6/Drivers/CMSIS/Include/cmsis_gcc.h **** {
 495:board/stm32f401rct6/Drivers/CMSIS/Include/cmsis_gcc.h ****    uint32_t result;
 496:board/stm32f401rct6/Drivers/CMSIS/Include/cmsis_gcc.h **** 
 497:board/stm32f401rct6/Drivers/CMSIS/Include/cmsis_gcc.h ****    __ASM volatile ("strexb %0, %2, %1" : "=&r" (result), "=Q" (*addr) : "r" ((uint32_t)value) );
 498:board/stm32f401rct6/Drivers/CMSIS/Include/cmsis_gcc.h ****    return(result);
 499:board/stm32f401rct6/Drivers/CMSIS/Include/cmsis_gcc.h **** }
 500:board/stm32f401rct6/Drivers/CMSIS/Include/cmsis_gcc.h **** 
 501:board/stm32f401rct6/Drivers/CMSIS/Include/cmsis_gcc.h **** 
 502:board/stm32f401rct6/Drivers/CMSIS/Include/cmsis_gcc.h **** /**
 503:board/stm32f401rct6/Drivers/CMSIS/Include/cmsis_gcc.h ****   \brief   STR Exclusive (16 bit)
 504:board/stm32f401rct6/Drivers/CMSIS/Include/cmsis_gcc.h ****   \details Executes a exclusive STR instruction for 16 bit values.
 505:board/stm32f401rct6/Drivers/CMSIS/Include/cmsis_gcc.h ****   \param [in]  value  Value to store
 506:board/stm32f401rct6/Drivers/CMSIS/Include/cmsis_gcc.h ****   \param [in]    ptr  Pointer to location
 507:board/stm32f401rct6/Drivers/CMSIS/Include/cmsis_gcc.h ****   \return          0  Function succeeded
 508:board/stm32f401rct6/Drivers/CMSIS/Include/cmsis_gcc.h ****   \return          1  Function failed
 509:board/stm32f401rct6/Drivers/CMSIS/Include/cmsis_gcc.h ****  */
 510:board/stm32f401rct6/Drivers/CMSIS/Include/cmsis_gcc.h **** __STATIC_FORCEINLINE uint32_t __STREXH(uint16_t value, volatile uint16_t *addr)
 511:board/stm32f401rct6/Drivers/CMSIS/Include/cmsis_gcc.h **** {
 512:board/stm32f401rct6/Drivers/CMSIS/Include/cmsis_gcc.h ****    uint32_t result;
 513:board/stm32f401rct6/Drivers/CMSIS/Include/cmsis_gcc.h **** 
 514:board/stm32f401rct6/Drivers/CMSIS/Include/cmsis_gcc.h ****    __ASM volatile ("strexh %0, %2, %1" : "=&r" (result), "=Q" (*addr) : "r" ((uint32_t)value) );
 515:board/stm32f401rct6/Drivers/CMSIS/Include/cmsis_gcc.h ****    return(result);
 516:board/stm32f401rct6/Drivers/CMSIS/Include/cmsis_gcc.h **** }
 517:board/stm32f401rct6/Drivers/CMSIS/Include/cmsis_gcc.h **** 
 518:board/stm32f401rct6/Drivers/CMSIS/Include/cmsis_gcc.h **** 
 519:board/stm32f401rct6/Drivers/CMSIS/Include/cmsis_gcc.h **** /**
 520:board/stm32f401rct6/Drivers/CMSIS/Include/cmsis_gcc.h ****   \brief   STR Exclusive (32 bit)
ARM GAS  C:\Users\Admin\AppData\Local\Temp\cc7Wiulu.s 			page 14


 521:board/stm32f401rct6/Drivers/CMSIS/Include/cmsis_gcc.h ****   \details Executes a exclusive STR instruction for 32 bit values.
 522:board/stm32f401rct6/Drivers/CMSIS/Include/cmsis_gcc.h ****   \param [in]  value  Value to store
 523:board/stm32f401rct6/Drivers/CMSIS/Include/cmsis_gcc.h ****   \param [in]    ptr  Pointer to location
 524:board/stm32f401rct6/Drivers/CMSIS/Include/cmsis_gcc.h ****   \return          0  Function succeeded
 525:board/stm32f401rct6/Drivers/CMSIS/Include/cmsis_gcc.h ****   \return          1  Function failed
 526:board/stm32f401rct6/Drivers/CMSIS/Include/cmsis_gcc.h ****  */
 527:board/stm32f401rct6/Drivers/CMSIS/Include/cmsis_gcc.h **** __STATIC_FORCEINLINE uint32_t __STREXW(uint32_t value, volatile uint32_t *addr)
 528:board/stm32f401rct6/Drivers/CMSIS/Include/cmsis_gcc.h **** {
 529:board/stm32f401rct6/Drivers/CMSIS/Include/cmsis_gcc.h ****    uint32_t result;
 530:board/stm32f401rct6/Drivers/CMSIS/Include/cmsis_gcc.h **** 
 531:board/stm32f401rct6/Drivers/CMSIS/Include/cmsis_gcc.h ****    __ASM volatile ("strex %0, %2, %1" : "=&r" (result), "=Q" (*addr) : "r" (value) );
 532:board/stm32f401rct6/Drivers/CMSIS/Include/cmsis_gcc.h ****    return(result);
 533:board/stm32f401rct6/Drivers/CMSIS/Include/cmsis_gcc.h **** }
 534:board/stm32f401rct6/Drivers/CMSIS/Include/cmsis_gcc.h **** 
 535:board/stm32f401rct6/Drivers/CMSIS/Include/cmsis_gcc.h **** 
 536:board/stm32f401rct6/Drivers/CMSIS/Include/cmsis_gcc.h **** /**
 537:board/stm32f401rct6/Drivers/CMSIS/Include/cmsis_gcc.h ****   \brief   Remove the exclusive lock
 538:board/stm32f401rct6/Drivers/CMSIS/Include/cmsis_gcc.h ****   \details Removes the exclusive lock which is created by LDREX.
 539:board/stm32f401rct6/Drivers/CMSIS/Include/cmsis_gcc.h ****  */
 540:board/stm32f401rct6/Drivers/CMSIS/Include/cmsis_gcc.h **** __STATIC_FORCEINLINE void __CLREX(void)
 541:board/stm32f401rct6/Drivers/CMSIS/Include/cmsis_gcc.h **** {
 542:board/stm32f401rct6/Drivers/CMSIS/Include/cmsis_gcc.h ****   __ASM volatile ("clrex" ::: "memory");
 543:board/stm32f401rct6/Drivers/CMSIS/Include/cmsis_gcc.h **** }
 544:board/stm32f401rct6/Drivers/CMSIS/Include/cmsis_gcc.h **** 
 545:board/stm32f401rct6/Drivers/CMSIS/Include/cmsis_gcc.h **** #endif /* ((defined (__ARM_ARCH_7M__      ) && (__ARM_ARCH_7M__      == 1)) || \
 546:board/stm32f401rct6/Drivers/CMSIS/Include/cmsis_gcc.h ****            (defined (__ARM_ARCH_7EM__     ) && (__ARM_ARCH_7EM__     == 1)) || \
 547:board/stm32f401rct6/Drivers/CMSIS/Include/cmsis_gcc.h ****            (defined (__ARM_ARCH_8M_MAIN__ ) && (__ARM_ARCH_8M_MAIN__ == 1)) || \
 548:board/stm32f401rct6/Drivers/CMSIS/Include/cmsis_gcc.h ****            (defined (__ARM_ARCH_8M_BASE__ ) && (__ARM_ARCH_8M_BASE__ == 1))    ) */
 549:board/stm32f401rct6/Drivers/CMSIS/Include/cmsis_gcc.h **** 
 550:board/stm32f401rct6/Drivers/CMSIS/Include/cmsis_gcc.h **** 
 551:board/stm32f401rct6/Drivers/CMSIS/Include/cmsis_gcc.h **** #if ((defined (__ARM_ARCH_7M__      ) && (__ARM_ARCH_7M__      == 1)) || \
 552:board/stm32f401rct6/Drivers/CMSIS/Include/cmsis_gcc.h ****      (defined (__ARM_ARCH_7EM__     ) && (__ARM_ARCH_7EM__     == 1)) || \
 553:board/stm32f401rct6/Drivers/CMSIS/Include/cmsis_gcc.h ****      (defined (__ARM_ARCH_8M_MAIN__ ) && (__ARM_ARCH_8M_MAIN__ == 1))    )
 554:board/stm32f401rct6/Drivers/CMSIS/Include/cmsis_gcc.h **** /**
 555:board/stm32f401rct6/Drivers/CMSIS/Include/cmsis_gcc.h ****   \brief   Signed Saturate
 556:board/stm32f401rct6/Drivers/CMSIS/Include/cmsis_gcc.h ****   \details Saturates a signed value.
 557:board/stm32f401rct6/Drivers/CMSIS/Include/cmsis_gcc.h ****   \param [in]  ARG1  Value to be saturated
 558:board/stm32f401rct6/Drivers/CMSIS/Include/cmsis_gcc.h ****   \param [in]  ARG2  Bit position to saturate to (1..32)
 559:board/stm32f401rct6/Drivers/CMSIS/Include/cmsis_gcc.h ****   \return             Saturated value
 560:board/stm32f401rct6/Drivers/CMSIS/Include/cmsis_gcc.h ****  */
 561:board/stm32f401rct6/Drivers/CMSIS/Include/cmsis_gcc.h **** #define __SSAT(ARG1, ARG2) \
 562:board/stm32f401rct6/Drivers/CMSIS/Include/cmsis_gcc.h **** __extension__ \
 563:board/stm32f401rct6/Drivers/CMSIS/Include/cmsis_gcc.h **** ({                          \
 564:board/stm32f401rct6/Drivers/CMSIS/Include/cmsis_gcc.h ****   int32_t __RES, __ARG1 = (ARG1); \
 565:board/stm32f401rct6/Drivers/CMSIS/Include/cmsis_gcc.h ****   __ASM volatile ("ssat %0, %1, %2" : "=r" (__RES) :  "I" (ARG2), "r" (__ARG1) : "cc" ); \
 566:board/stm32f401rct6/Drivers/CMSIS/Include/cmsis_gcc.h ****   __RES; \
 567:board/stm32f401rct6/Drivers/CMSIS/Include/cmsis_gcc.h ****  })
 568:board/stm32f401rct6/Drivers/CMSIS/Include/cmsis_gcc.h **** 
 569:board/stm32f401rct6/Drivers/CMSIS/Include/cmsis_gcc.h **** 
 570:board/stm32f401rct6/Drivers/CMSIS/Include/cmsis_gcc.h **** /**
 571:board/stm32f401rct6/Drivers/CMSIS/Include/cmsis_gcc.h ****   \brief   Unsigned Saturate
 572:board/stm32f401rct6/Drivers/CMSIS/Include/cmsis_gcc.h ****   \details Saturates an unsigned value.
 573:board/stm32f401rct6/Drivers/CMSIS/Include/cmsis_gcc.h ****   \param [in]  ARG1  Value to be saturated
 574:board/stm32f401rct6/Drivers/CMSIS/Include/cmsis_gcc.h ****   \param [in]  ARG2  Bit position to saturate to (0..31)
 575:board/stm32f401rct6/Drivers/CMSIS/Include/cmsis_gcc.h ****   \return             Saturated value
 576:board/stm32f401rct6/Drivers/CMSIS/Include/cmsis_gcc.h ****  */
 577:board/stm32f401rct6/Drivers/CMSIS/Include/cmsis_gcc.h **** #define __USAT(ARG1, ARG2) \
ARM GAS  C:\Users\Admin\AppData\Local\Temp\cc7Wiulu.s 			page 15


 578:board/stm32f401rct6/Drivers/CMSIS/Include/cmsis_gcc.h **** __extension__ \
 579:board/stm32f401rct6/Drivers/CMSIS/Include/cmsis_gcc.h **** ({                          \
 580:board/stm32f401rct6/Drivers/CMSIS/Include/cmsis_gcc.h ****   uint32_t __RES, __ARG1 = (ARG1); \
 581:board/stm32f401rct6/Drivers/CMSIS/Include/cmsis_gcc.h ****   __ASM volatile ("usat %0, %1, %2" : "=r" (__RES) :  "I" (ARG2), "r" (__ARG1) : "cc" ); \
 582:board/stm32f401rct6/Drivers/CMSIS/Include/cmsis_gcc.h ****   __RES; \
 583:board/stm32f401rct6/Drivers/CMSIS/Include/cmsis_gcc.h ****  })
 584:board/stm32f401rct6/Drivers/CMSIS/Include/cmsis_gcc.h **** 
 585:board/stm32f401rct6/Drivers/CMSIS/Include/cmsis_gcc.h **** 
 586:board/stm32f401rct6/Drivers/CMSIS/Include/cmsis_gcc.h **** /**
 587:board/stm32f401rct6/Drivers/CMSIS/Include/cmsis_gcc.h ****   \brief   Rotate Right with Extend (32 bit)
 588:board/stm32f401rct6/Drivers/CMSIS/Include/cmsis_gcc.h ****   \details Moves each bit of a bitstring right by one bit.
 589:board/stm32f401rct6/Drivers/CMSIS/Include/cmsis_gcc.h ****            The carry input is shifted in at the left end of the bitstring.
 590:board/stm32f401rct6/Drivers/CMSIS/Include/cmsis_gcc.h ****   \param [in]    value  Value to rotate
 591:board/stm32f401rct6/Drivers/CMSIS/Include/cmsis_gcc.h ****   \return               Rotated value
 592:board/stm32f401rct6/Drivers/CMSIS/Include/cmsis_gcc.h ****  */
 593:board/stm32f401rct6/Drivers/CMSIS/Include/cmsis_gcc.h **** __STATIC_FORCEINLINE uint32_t __RRX(uint32_t value)
 594:board/stm32f401rct6/Drivers/CMSIS/Include/cmsis_gcc.h **** {
 595:board/stm32f401rct6/Drivers/CMSIS/Include/cmsis_gcc.h ****   uint32_t result;
 596:board/stm32f401rct6/Drivers/CMSIS/Include/cmsis_gcc.h **** 
 597:board/stm32f401rct6/Drivers/CMSIS/Include/cmsis_gcc.h ****   __ASM volatile ("rrx %0, %1" : __CMSIS_GCC_OUT_REG (result) : __CMSIS_GCC_USE_REG (value) );
 598:board/stm32f401rct6/Drivers/CMSIS/Include/cmsis_gcc.h ****   return(result);
 599:board/stm32f401rct6/Drivers/CMSIS/Include/cmsis_gcc.h **** }
 600:board/stm32f401rct6/Drivers/CMSIS/Include/cmsis_gcc.h **** 
 601:board/stm32f401rct6/Drivers/CMSIS/Include/cmsis_gcc.h **** 
 602:board/stm32f401rct6/Drivers/CMSIS/Include/cmsis_gcc.h **** /**
 603:board/stm32f401rct6/Drivers/CMSIS/Include/cmsis_gcc.h ****   \brief   LDRT Unprivileged (8 bit)
 604:board/stm32f401rct6/Drivers/CMSIS/Include/cmsis_gcc.h ****   \details Executes a Unprivileged LDRT instruction for 8 bit value.
 605:board/stm32f401rct6/Drivers/CMSIS/Include/cmsis_gcc.h ****   \param [in]    ptr  Pointer to data
 606:board/stm32f401rct6/Drivers/CMSIS/Include/cmsis_gcc.h ****   \return             value of type uint8_t at (*ptr)
 607:board/stm32f401rct6/Drivers/CMSIS/Include/cmsis_gcc.h ****  */
 608:board/stm32f401rct6/Drivers/CMSIS/Include/cmsis_gcc.h **** __STATIC_FORCEINLINE uint8_t __LDRBT(volatile uint8_t *ptr)
 609:board/stm32f401rct6/Drivers/CMSIS/Include/cmsis_gcc.h **** {
 610:board/stm32f401rct6/Drivers/CMSIS/Include/cmsis_gcc.h ****     uint32_t result;
 611:board/stm32f401rct6/Drivers/CMSIS/Include/cmsis_gcc.h **** 
 612:board/stm32f401rct6/Drivers/CMSIS/Include/cmsis_gcc.h **** #if (__GNUC__ > 4) || (__GNUC__ == 4 && __GNUC_MINOR__ >= 8)
 613:board/stm32f401rct6/Drivers/CMSIS/Include/cmsis_gcc.h ****    __ASM volatile ("ldrbt %0, %1" : "=r" (result) : "Q" (*ptr) );
 614:board/stm32f401rct6/Drivers/CMSIS/Include/cmsis_gcc.h **** #else
 615:board/stm32f401rct6/Drivers/CMSIS/Include/cmsis_gcc.h ****     /* Prior to GCC 4.8, "Q" will be expanded to [rx, #0] which is not
 616:board/stm32f401rct6/Drivers/CMSIS/Include/cmsis_gcc.h ****        accepted by assembler. So has to use following less efficient pattern.
 617:board/stm32f401rct6/Drivers/CMSIS/Include/cmsis_gcc.h ****     */
 618:board/stm32f401rct6/Drivers/CMSIS/Include/cmsis_gcc.h ****    __ASM volatile ("ldrbt %0, [%1]" : "=r" (result) : "r" (ptr) : "memory" );
 619:board/stm32f401rct6/Drivers/CMSIS/Include/cmsis_gcc.h **** #endif
 620:board/stm32f401rct6/Drivers/CMSIS/Include/cmsis_gcc.h ****    return ((uint8_t) result);    /* Add explicit type cast here */
 621:board/stm32f401rct6/Drivers/CMSIS/Include/cmsis_gcc.h **** }
 622:board/stm32f401rct6/Drivers/CMSIS/Include/cmsis_gcc.h **** 
 623:board/stm32f401rct6/Drivers/CMSIS/Include/cmsis_gcc.h **** 
 624:board/stm32f401rct6/Drivers/CMSIS/Include/cmsis_gcc.h **** /**
 625:board/stm32f401rct6/Drivers/CMSIS/Include/cmsis_gcc.h ****   \brief   LDRT Unprivileged (16 bit)
 626:board/stm32f401rct6/Drivers/CMSIS/Include/cmsis_gcc.h ****   \details Executes a Unprivileged LDRT instruction for 16 bit values.
 627:board/stm32f401rct6/Drivers/CMSIS/Include/cmsis_gcc.h ****   \param [in]    ptr  Pointer to data
 628:board/stm32f401rct6/Drivers/CMSIS/Include/cmsis_gcc.h ****   \return        value of type uint16_t at (*ptr)
 629:board/stm32f401rct6/Drivers/CMSIS/Include/cmsis_gcc.h ****  */
 630:board/stm32f401rct6/Drivers/CMSIS/Include/cmsis_gcc.h **** __STATIC_FORCEINLINE uint16_t __LDRHT(volatile uint16_t *ptr)
 631:board/stm32f401rct6/Drivers/CMSIS/Include/cmsis_gcc.h **** {
 632:board/stm32f401rct6/Drivers/CMSIS/Include/cmsis_gcc.h ****     uint32_t result;
 633:board/stm32f401rct6/Drivers/CMSIS/Include/cmsis_gcc.h **** 
 634:board/stm32f401rct6/Drivers/CMSIS/Include/cmsis_gcc.h **** #if (__GNUC__ > 4) || (__GNUC__ == 4 && __GNUC_MINOR__ >= 8)
ARM GAS  C:\Users\Admin\AppData\Local\Temp\cc7Wiulu.s 			page 16


 635:board/stm32f401rct6/Drivers/CMSIS/Include/cmsis_gcc.h ****    __ASM volatile ("ldrht %0, %1" : "=r" (result) : "Q" (*ptr) );
 636:board/stm32f401rct6/Drivers/CMSIS/Include/cmsis_gcc.h **** #else
 637:board/stm32f401rct6/Drivers/CMSIS/Include/cmsis_gcc.h ****     /* Prior to GCC 4.8, "Q" will be expanded to [rx, #0] which is not
 638:board/stm32f401rct6/Drivers/CMSIS/Include/cmsis_gcc.h ****        accepted by assembler. So has to use following less efficient pattern.
 639:board/stm32f401rct6/Drivers/CMSIS/Include/cmsis_gcc.h ****     */
 640:board/stm32f401rct6/Drivers/CMSIS/Include/cmsis_gcc.h ****    __ASM volatile ("ldrht %0, [%1]" : "=r" (result) : "r" (ptr) : "memory" );
 641:board/stm32f401rct6/Drivers/CMSIS/Include/cmsis_gcc.h **** #endif
 642:board/stm32f401rct6/Drivers/CMSIS/Include/cmsis_gcc.h ****    return ((uint16_t) result);    /* Add explicit type cast here */
 643:board/stm32f401rct6/Drivers/CMSIS/Include/cmsis_gcc.h **** }
 644:board/stm32f401rct6/Drivers/CMSIS/Include/cmsis_gcc.h **** 
 645:board/stm32f401rct6/Drivers/CMSIS/Include/cmsis_gcc.h **** 
 646:board/stm32f401rct6/Drivers/CMSIS/Include/cmsis_gcc.h **** /**
 647:board/stm32f401rct6/Drivers/CMSIS/Include/cmsis_gcc.h ****   \brief   LDRT Unprivileged (32 bit)
 648:board/stm32f401rct6/Drivers/CMSIS/Include/cmsis_gcc.h ****   \details Executes a Unprivileged LDRT instruction for 32 bit values.
 649:board/stm32f401rct6/Drivers/CMSIS/Include/cmsis_gcc.h ****   \param [in]    ptr  Pointer to data
 650:board/stm32f401rct6/Drivers/CMSIS/Include/cmsis_gcc.h ****   \return        value of type uint32_t at (*ptr)
 651:board/stm32f401rct6/Drivers/CMSIS/Include/cmsis_gcc.h ****  */
 652:board/stm32f401rct6/Drivers/CMSIS/Include/cmsis_gcc.h **** __STATIC_FORCEINLINE uint32_t __LDRT(volatile uint32_t *ptr)
 653:board/stm32f401rct6/Drivers/CMSIS/Include/cmsis_gcc.h **** {
 654:board/stm32f401rct6/Drivers/CMSIS/Include/cmsis_gcc.h ****     uint32_t result;
 655:board/stm32f401rct6/Drivers/CMSIS/Include/cmsis_gcc.h **** 
 656:board/stm32f401rct6/Drivers/CMSIS/Include/cmsis_gcc.h ****    __ASM volatile ("ldrt %0, %1" : "=r" (result) : "Q" (*ptr) );
 657:board/stm32f401rct6/Drivers/CMSIS/Include/cmsis_gcc.h ****    return(result);
 658:board/stm32f401rct6/Drivers/CMSIS/Include/cmsis_gcc.h **** }
 659:board/stm32f401rct6/Drivers/CMSIS/Include/cmsis_gcc.h **** 
 660:board/stm32f401rct6/Drivers/CMSIS/Include/cmsis_gcc.h **** 
 661:board/stm32f401rct6/Drivers/CMSIS/Include/cmsis_gcc.h **** /**
 662:board/stm32f401rct6/Drivers/CMSIS/Include/cmsis_gcc.h ****   \brief   STRT Unprivileged (8 bit)
 663:board/stm32f401rct6/Drivers/CMSIS/Include/cmsis_gcc.h ****   \details Executes a Unprivileged STRT instruction for 8 bit values.
 664:board/stm32f401rct6/Drivers/CMSIS/Include/cmsis_gcc.h ****   \param [in]  value  Value to store
 665:board/stm32f401rct6/Drivers/CMSIS/Include/cmsis_gcc.h ****   \param [in]    ptr  Pointer to location
 666:board/stm32f401rct6/Drivers/CMSIS/Include/cmsis_gcc.h ****  */
 667:board/stm32f401rct6/Drivers/CMSIS/Include/cmsis_gcc.h **** __STATIC_FORCEINLINE void __STRBT(uint8_t value, volatile uint8_t *ptr)
 668:board/stm32f401rct6/Drivers/CMSIS/Include/cmsis_gcc.h **** {
 669:board/stm32f401rct6/Drivers/CMSIS/Include/cmsis_gcc.h ****    __ASM volatile ("strbt %1, %0" : "=Q" (*ptr) : "r" ((uint32_t)value) );
 670:board/stm32f401rct6/Drivers/CMSIS/Include/cmsis_gcc.h **** }
 671:board/stm32f401rct6/Drivers/CMSIS/Include/cmsis_gcc.h **** 
 672:board/stm32f401rct6/Drivers/CMSIS/Include/cmsis_gcc.h **** 
 673:board/stm32f401rct6/Drivers/CMSIS/Include/cmsis_gcc.h **** /**
 674:board/stm32f401rct6/Drivers/CMSIS/Include/cmsis_gcc.h ****   \brief   STRT Unprivileged (16 bit)
 675:board/stm32f401rct6/Drivers/CMSIS/Include/cmsis_gcc.h ****   \details Executes a Unprivileged STRT instruction for 16 bit values.
 676:board/stm32f401rct6/Drivers/CMSIS/Include/cmsis_gcc.h ****   \param [in]  value  Value to store
 677:board/stm32f401rct6/Drivers/CMSIS/Include/cmsis_gcc.h ****   \param [in]    ptr  Pointer to location
 678:board/stm32f401rct6/Drivers/CMSIS/Include/cmsis_gcc.h ****  */
 679:board/stm32f401rct6/Drivers/CMSIS/Include/cmsis_gcc.h **** __STATIC_FORCEINLINE void __STRHT(uint16_t value, volatile uint16_t *ptr)
 680:board/stm32f401rct6/Drivers/CMSIS/Include/cmsis_gcc.h **** {
 681:board/stm32f401rct6/Drivers/CMSIS/Include/cmsis_gcc.h ****    __ASM volatile ("strht %1, %0" : "=Q" (*ptr) : "r" ((uint32_t)value) );
 682:board/stm32f401rct6/Drivers/CMSIS/Include/cmsis_gcc.h **** }
 683:board/stm32f401rct6/Drivers/CMSIS/Include/cmsis_gcc.h **** 
 684:board/stm32f401rct6/Drivers/CMSIS/Include/cmsis_gcc.h **** 
 685:board/stm32f401rct6/Drivers/CMSIS/Include/cmsis_gcc.h **** /**
 686:board/stm32f401rct6/Drivers/CMSIS/Include/cmsis_gcc.h ****   \brief   STRT Unprivileged (32 bit)
 687:board/stm32f401rct6/Drivers/CMSIS/Include/cmsis_gcc.h ****   \details Executes a Unprivileged STRT instruction for 32 bit values.
 688:board/stm32f401rct6/Drivers/CMSIS/Include/cmsis_gcc.h ****   \param [in]  value  Value to store
 689:board/stm32f401rct6/Drivers/CMSIS/Include/cmsis_gcc.h ****   \param [in]    ptr  Pointer to location
 690:board/stm32f401rct6/Drivers/CMSIS/Include/cmsis_gcc.h ****  */
 691:board/stm32f401rct6/Drivers/CMSIS/Include/cmsis_gcc.h **** __STATIC_FORCEINLINE void __STRT(uint32_t value, volatile uint32_t *ptr)
ARM GAS  C:\Users\Admin\AppData\Local\Temp\cc7Wiulu.s 			page 17


 692:board/stm32f401rct6/Drivers/CMSIS/Include/cmsis_gcc.h **** {
 693:board/stm32f401rct6/Drivers/CMSIS/Include/cmsis_gcc.h ****    __ASM volatile ("strt %1, %0" : "=Q" (*ptr) : "r" (value) );
 694:board/stm32f401rct6/Drivers/CMSIS/Include/cmsis_gcc.h **** }
 695:board/stm32f401rct6/Drivers/CMSIS/Include/cmsis_gcc.h **** 
 696:board/stm32f401rct6/Drivers/CMSIS/Include/cmsis_gcc.h **** #else  /* ((defined (__ARM_ARCH_7M__      ) && (__ARM_ARCH_7M__      == 1)) || \
 697:board/stm32f401rct6/Drivers/CMSIS/Include/cmsis_gcc.h ****            (defined (__ARM_ARCH_7EM__     ) && (__ARM_ARCH_7EM__     == 1)) || \
 698:board/stm32f401rct6/Drivers/CMSIS/Include/cmsis_gcc.h ****            (defined (__ARM_ARCH_8M_MAIN__ ) && (__ARM_ARCH_8M_MAIN__ == 1))    ) */
 699:board/stm32f401rct6/Drivers/CMSIS/Include/cmsis_gcc.h **** 
 700:board/stm32f401rct6/Drivers/CMSIS/Include/cmsis_gcc.h **** /**
 701:board/stm32f401rct6/Drivers/CMSIS/Include/cmsis_gcc.h ****   \brief   Signed Saturate
 702:board/stm32f401rct6/Drivers/CMSIS/Include/cmsis_gcc.h ****   \details Saturates a signed value.
 703:board/stm32f401rct6/Drivers/CMSIS/Include/cmsis_gcc.h ****   \param [in]  value  Value to be saturated
 704:board/stm32f401rct6/Drivers/CMSIS/Include/cmsis_gcc.h ****   \param [in]    sat  Bit position to saturate to (1..32)
 705:board/stm32f401rct6/Drivers/CMSIS/Include/cmsis_gcc.h ****   \return             Saturated value
 706:board/stm32f401rct6/Drivers/CMSIS/Include/cmsis_gcc.h ****  */
 707:board/stm32f401rct6/Drivers/CMSIS/Include/cmsis_gcc.h **** __STATIC_FORCEINLINE int32_t __SSAT(int32_t val, uint32_t sat)
 708:board/stm32f401rct6/Drivers/CMSIS/Include/cmsis_gcc.h **** {
 709:board/stm32f401rct6/Drivers/CMSIS/Include/cmsis_gcc.h ****   if ((sat >= 1U) && (sat <= 32U))
 710:board/stm32f401rct6/Drivers/CMSIS/Include/cmsis_gcc.h ****   {
 711:board/stm32f401rct6/Drivers/CMSIS/Include/cmsis_gcc.h ****     const int32_t max = (int32_t)((1U << (sat - 1U)) - 1U);
 712:board/stm32f401rct6/Drivers/CMSIS/Include/cmsis_gcc.h ****     const int32_t min = -1 - max ;
 713:board/stm32f401rct6/Drivers/CMSIS/Include/cmsis_gcc.h ****     if (val > max)
 714:board/stm32f401rct6/Drivers/CMSIS/Include/cmsis_gcc.h ****     {
 715:board/stm32f401rct6/Drivers/CMSIS/Include/cmsis_gcc.h ****       return max;
 716:board/stm32f401rct6/Drivers/CMSIS/Include/cmsis_gcc.h ****     }
 717:board/stm32f401rct6/Drivers/CMSIS/Include/cmsis_gcc.h ****     else if (val < min)
 718:board/stm32f401rct6/Drivers/CMSIS/Include/cmsis_gcc.h ****     {
 719:board/stm32f401rct6/Drivers/CMSIS/Include/cmsis_gcc.h ****       return min;
 720:board/stm32f401rct6/Drivers/CMSIS/Include/cmsis_gcc.h ****     }
 721:board/stm32f401rct6/Drivers/CMSIS/Include/cmsis_gcc.h ****   }
 722:board/stm32f401rct6/Drivers/CMSIS/Include/cmsis_gcc.h ****   return val;
 723:board/stm32f401rct6/Drivers/CMSIS/Include/cmsis_gcc.h **** }
 724:board/stm32f401rct6/Drivers/CMSIS/Include/cmsis_gcc.h **** 
 725:board/stm32f401rct6/Drivers/CMSIS/Include/cmsis_gcc.h **** /**
 726:board/stm32f401rct6/Drivers/CMSIS/Include/cmsis_gcc.h ****   \brief   Unsigned Saturate
 727:board/stm32f401rct6/Drivers/CMSIS/Include/cmsis_gcc.h ****   \details Saturates an unsigned value.
 728:board/stm32f401rct6/Drivers/CMSIS/Include/cmsis_gcc.h ****   \param [in]  value  Value to be saturated
 729:board/stm32f401rct6/Drivers/CMSIS/Include/cmsis_gcc.h ****   \param [in]    sat  Bit position to saturate to (0..31)
 730:board/stm32f401rct6/Drivers/CMSIS/Include/cmsis_gcc.h ****   \return             Saturated value
 731:board/stm32f401rct6/Drivers/CMSIS/Include/cmsis_gcc.h ****  */
 732:board/stm32f401rct6/Drivers/CMSIS/Include/cmsis_gcc.h **** __STATIC_FORCEINLINE uint32_t __USAT(int32_t val, uint32_t sat)
 733:board/stm32f401rct6/Drivers/CMSIS/Include/cmsis_gcc.h **** {
 734:board/stm32f401rct6/Drivers/CMSIS/Include/cmsis_gcc.h ****   if (sat <= 31U)
 735:board/stm32f401rct6/Drivers/CMSIS/Include/cmsis_gcc.h ****   {
 736:board/stm32f401rct6/Drivers/CMSIS/Include/cmsis_gcc.h ****     const uint32_t max = ((1U << sat) - 1U);
 737:board/stm32f401rct6/Drivers/CMSIS/Include/cmsis_gcc.h ****     if (val > (int32_t)max)
 738:board/stm32f401rct6/Drivers/CMSIS/Include/cmsis_gcc.h ****     {
 739:board/stm32f401rct6/Drivers/CMSIS/Include/cmsis_gcc.h ****       return max;
 740:board/stm32f401rct6/Drivers/CMSIS/Include/cmsis_gcc.h ****     }
 741:board/stm32f401rct6/Drivers/CMSIS/Include/cmsis_gcc.h ****     else if (val < 0)
 742:board/stm32f401rct6/Drivers/CMSIS/Include/cmsis_gcc.h ****     {
 743:board/stm32f401rct6/Drivers/CMSIS/Include/cmsis_gcc.h ****       return 0U;
 744:board/stm32f401rct6/Drivers/CMSIS/Include/cmsis_gcc.h ****     }
 745:board/stm32f401rct6/Drivers/CMSIS/Include/cmsis_gcc.h ****   }
 746:board/stm32f401rct6/Drivers/CMSIS/Include/cmsis_gcc.h ****   return (uint32_t)val;
 747:board/stm32f401rct6/Drivers/CMSIS/Include/cmsis_gcc.h **** }
 748:board/stm32f401rct6/Drivers/CMSIS/Include/cmsis_gcc.h **** 
ARM GAS  C:\Users\Admin\AppData\Local\Temp\cc7Wiulu.s 			page 18


 749:board/stm32f401rct6/Drivers/CMSIS/Include/cmsis_gcc.h **** #endif /* ((defined (__ARM_ARCH_7M__      ) && (__ARM_ARCH_7M__      == 1)) || \
 750:board/stm32f401rct6/Drivers/CMSIS/Include/cmsis_gcc.h ****            (defined (__ARM_ARCH_7EM__     ) && (__ARM_ARCH_7EM__     == 1)) || \
 751:board/stm32f401rct6/Drivers/CMSIS/Include/cmsis_gcc.h ****            (defined (__ARM_ARCH_8M_MAIN__ ) && (__ARM_ARCH_8M_MAIN__ == 1))    ) */
 752:board/stm32f401rct6/Drivers/CMSIS/Include/cmsis_gcc.h **** 
 753:board/stm32f401rct6/Drivers/CMSIS/Include/cmsis_gcc.h **** 
 754:board/stm32f401rct6/Drivers/CMSIS/Include/cmsis_gcc.h **** #if ((defined (__ARM_ARCH_8M_MAIN__ ) && (__ARM_ARCH_8M_MAIN__ == 1)) || \
 755:board/stm32f401rct6/Drivers/CMSIS/Include/cmsis_gcc.h ****      (defined (__ARM_ARCH_8M_BASE__ ) && (__ARM_ARCH_8M_BASE__ == 1))    )
 756:board/stm32f401rct6/Drivers/CMSIS/Include/cmsis_gcc.h **** /**
 757:board/stm32f401rct6/Drivers/CMSIS/Include/cmsis_gcc.h ****   \brief   Load-Acquire (8 bit)
 758:board/stm32f401rct6/Drivers/CMSIS/Include/cmsis_gcc.h ****   \details Executes a LDAB instruction for 8 bit value.
 759:board/stm32f401rct6/Drivers/CMSIS/Include/cmsis_gcc.h ****   \param [in]    ptr  Pointer to data
 760:board/stm32f401rct6/Drivers/CMSIS/Include/cmsis_gcc.h ****   \return             value of type uint8_t at (*ptr)
 761:board/stm32f401rct6/Drivers/CMSIS/Include/cmsis_gcc.h ****  */
 762:board/stm32f401rct6/Drivers/CMSIS/Include/cmsis_gcc.h **** __STATIC_FORCEINLINE uint8_t __LDAB(volatile uint8_t *ptr)
 763:board/stm32f401rct6/Drivers/CMSIS/Include/cmsis_gcc.h **** {
 764:board/stm32f401rct6/Drivers/CMSIS/Include/cmsis_gcc.h ****     uint32_t result;
 765:board/stm32f401rct6/Drivers/CMSIS/Include/cmsis_gcc.h **** 
 766:board/stm32f401rct6/Drivers/CMSIS/Include/cmsis_gcc.h ****    __ASM volatile ("ldab %0, %1" : "=r" (result) : "Q" (*ptr) : "memory" );
 767:board/stm32f401rct6/Drivers/CMSIS/Include/cmsis_gcc.h ****    return ((uint8_t) result);
 768:board/stm32f401rct6/Drivers/CMSIS/Include/cmsis_gcc.h **** }
 769:board/stm32f401rct6/Drivers/CMSIS/Include/cmsis_gcc.h **** 
 770:board/stm32f401rct6/Drivers/CMSIS/Include/cmsis_gcc.h **** 
 771:board/stm32f401rct6/Drivers/CMSIS/Include/cmsis_gcc.h **** /**
 772:board/stm32f401rct6/Drivers/CMSIS/Include/cmsis_gcc.h ****   \brief   Load-Acquire (16 bit)
 773:board/stm32f401rct6/Drivers/CMSIS/Include/cmsis_gcc.h ****   \details Executes a LDAH instruction for 16 bit values.
 774:board/stm32f401rct6/Drivers/CMSIS/Include/cmsis_gcc.h ****   \param [in]    ptr  Pointer to data
 775:board/stm32f401rct6/Drivers/CMSIS/Include/cmsis_gcc.h ****   \return        value of type uint16_t at (*ptr)
 776:board/stm32f401rct6/Drivers/CMSIS/Include/cmsis_gcc.h ****  */
 777:board/stm32f401rct6/Drivers/CMSIS/Include/cmsis_gcc.h **** __STATIC_FORCEINLINE uint16_t __LDAH(volatile uint16_t *ptr)
 778:board/stm32f401rct6/Drivers/CMSIS/Include/cmsis_gcc.h **** {
 779:board/stm32f401rct6/Drivers/CMSIS/Include/cmsis_gcc.h ****     uint32_t result;
 780:board/stm32f401rct6/Drivers/CMSIS/Include/cmsis_gcc.h **** 
 781:board/stm32f401rct6/Drivers/CMSIS/Include/cmsis_gcc.h ****    __ASM volatile ("ldah %0, %1" : "=r" (result) : "Q" (*ptr) : "memory" );
 782:board/stm32f401rct6/Drivers/CMSIS/Include/cmsis_gcc.h ****    return ((uint16_t) result);
 783:board/stm32f401rct6/Drivers/CMSIS/Include/cmsis_gcc.h **** }
 784:board/stm32f401rct6/Drivers/CMSIS/Include/cmsis_gcc.h **** 
 785:board/stm32f401rct6/Drivers/CMSIS/Include/cmsis_gcc.h **** 
 786:board/stm32f401rct6/Drivers/CMSIS/Include/cmsis_gcc.h **** /**
 787:board/stm32f401rct6/Drivers/CMSIS/Include/cmsis_gcc.h ****   \brief   Load-Acquire (32 bit)
 788:board/stm32f401rct6/Drivers/CMSIS/Include/cmsis_gcc.h ****   \details Executes a LDA instruction for 32 bit values.
 789:board/stm32f401rct6/Drivers/CMSIS/Include/cmsis_gcc.h ****   \param [in]    ptr  Pointer to data
 790:board/stm32f401rct6/Drivers/CMSIS/Include/cmsis_gcc.h ****   \return        value of type uint32_t at (*ptr)
 791:board/stm32f401rct6/Drivers/CMSIS/Include/cmsis_gcc.h ****  */
 792:board/stm32f401rct6/Drivers/CMSIS/Include/cmsis_gcc.h **** __STATIC_FORCEINLINE uint32_t __LDA(volatile uint32_t *ptr)
 793:board/stm32f401rct6/Drivers/CMSIS/Include/cmsis_gcc.h **** {
 794:board/stm32f401rct6/Drivers/CMSIS/Include/cmsis_gcc.h ****     uint32_t result;
 795:board/stm32f401rct6/Drivers/CMSIS/Include/cmsis_gcc.h **** 
 796:board/stm32f401rct6/Drivers/CMSIS/Include/cmsis_gcc.h ****    __ASM volatile ("lda %0, %1" : "=r" (result) : "Q" (*ptr) : "memory" );
 797:board/stm32f401rct6/Drivers/CMSIS/Include/cmsis_gcc.h ****    return(result);
 798:board/stm32f401rct6/Drivers/CMSIS/Include/cmsis_gcc.h **** }
 799:board/stm32f401rct6/Drivers/CMSIS/Include/cmsis_gcc.h **** 
 800:board/stm32f401rct6/Drivers/CMSIS/Include/cmsis_gcc.h **** 
 801:board/stm32f401rct6/Drivers/CMSIS/Include/cmsis_gcc.h **** /**
 802:board/stm32f401rct6/Drivers/CMSIS/Include/cmsis_gcc.h ****   \brief   Store-Release (8 bit)
 803:board/stm32f401rct6/Drivers/CMSIS/Include/cmsis_gcc.h ****   \details Executes a STLB instruction for 8 bit values.
 804:board/stm32f401rct6/Drivers/CMSIS/Include/cmsis_gcc.h ****   \param [in]  value  Value to store
 805:board/stm32f401rct6/Drivers/CMSIS/Include/cmsis_gcc.h ****   \param [in]    ptr  Pointer to location
ARM GAS  C:\Users\Admin\AppData\Local\Temp\cc7Wiulu.s 			page 19


 806:board/stm32f401rct6/Drivers/CMSIS/Include/cmsis_gcc.h ****  */
 807:board/stm32f401rct6/Drivers/CMSIS/Include/cmsis_gcc.h **** __STATIC_FORCEINLINE void __STLB(uint8_t value, volatile uint8_t *ptr)
 808:board/stm32f401rct6/Drivers/CMSIS/Include/cmsis_gcc.h **** {
 809:board/stm32f401rct6/Drivers/CMSIS/Include/cmsis_gcc.h ****    __ASM volatile ("stlb %1, %0" : "=Q" (*ptr) : "r" ((uint32_t)value) : "memory" );
 810:board/stm32f401rct6/Drivers/CMSIS/Include/cmsis_gcc.h **** }
 811:board/stm32f401rct6/Drivers/CMSIS/Include/cmsis_gcc.h **** 
 812:board/stm32f401rct6/Drivers/CMSIS/Include/cmsis_gcc.h **** 
 813:board/stm32f401rct6/Drivers/CMSIS/Include/cmsis_gcc.h **** /**
 814:board/stm32f401rct6/Drivers/CMSIS/Include/cmsis_gcc.h ****   \brief   Store-Release (16 bit)
 815:board/stm32f401rct6/Drivers/CMSIS/Include/cmsis_gcc.h ****   \details Executes a STLH instruction for 16 bit values.
 816:board/stm32f401rct6/Drivers/CMSIS/Include/cmsis_gcc.h ****   \param [in]  value  Value to store
 817:board/stm32f401rct6/Drivers/CMSIS/Include/cmsis_gcc.h ****   \param [in]    ptr  Pointer to location
 818:board/stm32f401rct6/Drivers/CMSIS/Include/cmsis_gcc.h ****  */
 819:board/stm32f401rct6/Drivers/CMSIS/Include/cmsis_gcc.h **** __STATIC_FORCEINLINE void __STLH(uint16_t value, volatile uint16_t *ptr)
 820:board/stm32f401rct6/Drivers/CMSIS/Include/cmsis_gcc.h **** {
 821:board/stm32f401rct6/Drivers/CMSIS/Include/cmsis_gcc.h ****    __ASM volatile ("stlh %1, %0" : "=Q" (*ptr) : "r" ((uint32_t)value) : "memory" );
 822:board/stm32f401rct6/Drivers/CMSIS/Include/cmsis_gcc.h **** }
 823:board/stm32f401rct6/Drivers/CMSIS/Include/cmsis_gcc.h **** 
 824:board/stm32f401rct6/Drivers/CMSIS/Include/cmsis_gcc.h **** 
 825:board/stm32f401rct6/Drivers/CMSIS/Include/cmsis_gcc.h **** /**
 826:board/stm32f401rct6/Drivers/CMSIS/Include/cmsis_gcc.h ****   \brief   Store-Release (32 bit)
 827:board/stm32f401rct6/Drivers/CMSIS/Include/cmsis_gcc.h ****   \details Executes a STL instruction for 32 bit values.
 828:board/stm32f401rct6/Drivers/CMSIS/Include/cmsis_gcc.h ****   \param [in]  value  Value to store
 829:board/stm32f401rct6/Drivers/CMSIS/Include/cmsis_gcc.h ****   \param [in]    ptr  Pointer to location
 830:board/stm32f401rct6/Drivers/CMSIS/Include/cmsis_gcc.h ****  */
 831:board/stm32f401rct6/Drivers/CMSIS/Include/cmsis_gcc.h **** __STATIC_FORCEINLINE void __STL(uint32_t value, volatile uint32_t *ptr)
 832:board/stm32f401rct6/Drivers/CMSIS/Include/cmsis_gcc.h **** {
 833:board/stm32f401rct6/Drivers/CMSIS/Include/cmsis_gcc.h ****    __ASM volatile ("stl %1, %0" : "=Q" (*ptr) : "r" ((uint32_t)value) : "memory" );
 834:board/stm32f401rct6/Drivers/CMSIS/Include/cmsis_gcc.h **** }
 835:board/stm32f401rct6/Drivers/CMSIS/Include/cmsis_gcc.h **** 
 836:board/stm32f401rct6/Drivers/CMSIS/Include/cmsis_gcc.h **** 
 837:board/stm32f401rct6/Drivers/CMSIS/Include/cmsis_gcc.h **** /**
 838:board/stm32f401rct6/Drivers/CMSIS/Include/cmsis_gcc.h ****   \brief   Load-Acquire Exclusive (8 bit)
 839:board/stm32f401rct6/Drivers/CMSIS/Include/cmsis_gcc.h ****   \details Executes a LDAB exclusive instruction for 8 bit value.
 840:board/stm32f401rct6/Drivers/CMSIS/Include/cmsis_gcc.h ****   \param [in]    ptr  Pointer to data
 841:board/stm32f401rct6/Drivers/CMSIS/Include/cmsis_gcc.h ****   \return             value of type uint8_t at (*ptr)
 842:board/stm32f401rct6/Drivers/CMSIS/Include/cmsis_gcc.h ****  */
 843:board/stm32f401rct6/Drivers/CMSIS/Include/cmsis_gcc.h **** __STATIC_FORCEINLINE uint8_t __LDAEXB(volatile uint8_t *ptr)
 844:board/stm32f401rct6/Drivers/CMSIS/Include/cmsis_gcc.h **** {
 845:board/stm32f401rct6/Drivers/CMSIS/Include/cmsis_gcc.h ****     uint32_t result;
 846:board/stm32f401rct6/Drivers/CMSIS/Include/cmsis_gcc.h **** 
 847:board/stm32f401rct6/Drivers/CMSIS/Include/cmsis_gcc.h ****    __ASM volatile ("ldaexb %0, %1" : "=r" (result) : "Q" (*ptr) : "memory" );
 848:board/stm32f401rct6/Drivers/CMSIS/Include/cmsis_gcc.h ****    return ((uint8_t) result);
 849:board/stm32f401rct6/Drivers/CMSIS/Include/cmsis_gcc.h **** }
 850:board/stm32f401rct6/Drivers/CMSIS/Include/cmsis_gcc.h **** 
 851:board/stm32f401rct6/Drivers/CMSIS/Include/cmsis_gcc.h **** 
 852:board/stm32f401rct6/Drivers/CMSIS/Include/cmsis_gcc.h **** /**
 853:board/stm32f401rct6/Drivers/CMSIS/Include/cmsis_gcc.h ****   \brief   Load-Acquire Exclusive (16 bit)
 854:board/stm32f401rct6/Drivers/CMSIS/Include/cmsis_gcc.h ****   \details Executes a LDAH exclusive instruction for 16 bit values.
 855:board/stm32f401rct6/Drivers/CMSIS/Include/cmsis_gcc.h ****   \param [in]    ptr  Pointer to data
 856:board/stm32f401rct6/Drivers/CMSIS/Include/cmsis_gcc.h ****   \return        value of type uint16_t at (*ptr)
 857:board/stm32f401rct6/Drivers/CMSIS/Include/cmsis_gcc.h ****  */
 858:board/stm32f401rct6/Drivers/CMSIS/Include/cmsis_gcc.h **** __STATIC_FORCEINLINE uint16_t __LDAEXH(volatile uint16_t *ptr)
 859:board/stm32f401rct6/Drivers/CMSIS/Include/cmsis_gcc.h **** {
 860:board/stm32f401rct6/Drivers/CMSIS/Include/cmsis_gcc.h ****     uint32_t result;
 861:board/stm32f401rct6/Drivers/CMSIS/Include/cmsis_gcc.h **** 
 862:board/stm32f401rct6/Drivers/CMSIS/Include/cmsis_gcc.h ****    __ASM volatile ("ldaexh %0, %1" : "=r" (result) : "Q" (*ptr) : "memory" );
ARM GAS  C:\Users\Admin\AppData\Local\Temp\cc7Wiulu.s 			page 20


 863:board/stm32f401rct6/Drivers/CMSIS/Include/cmsis_gcc.h ****    return ((uint16_t) result);
 864:board/stm32f401rct6/Drivers/CMSIS/Include/cmsis_gcc.h **** }
 865:board/stm32f401rct6/Drivers/CMSIS/Include/cmsis_gcc.h **** 
 866:board/stm32f401rct6/Drivers/CMSIS/Include/cmsis_gcc.h **** 
 867:board/stm32f401rct6/Drivers/CMSIS/Include/cmsis_gcc.h **** /**
 868:board/stm32f401rct6/Drivers/CMSIS/Include/cmsis_gcc.h ****   \brief   Load-Acquire Exclusive (32 bit)
 869:board/stm32f401rct6/Drivers/CMSIS/Include/cmsis_gcc.h ****   \details Executes a LDA exclusive instruction for 32 bit values.
 870:board/stm32f401rct6/Drivers/CMSIS/Include/cmsis_gcc.h ****   \param [in]    ptr  Pointer to data
 871:board/stm32f401rct6/Drivers/CMSIS/Include/cmsis_gcc.h ****   \return        value of type uint32_t at (*ptr)
 872:board/stm32f401rct6/Drivers/CMSIS/Include/cmsis_gcc.h ****  */
 873:board/stm32f401rct6/Drivers/CMSIS/Include/cmsis_gcc.h **** __STATIC_FORCEINLINE uint32_t __LDAEX(volatile uint32_t *ptr)
 874:board/stm32f401rct6/Drivers/CMSIS/Include/cmsis_gcc.h **** {
 875:board/stm32f401rct6/Drivers/CMSIS/Include/cmsis_gcc.h ****     uint32_t result;
 876:board/stm32f401rct6/Drivers/CMSIS/Include/cmsis_gcc.h **** 
 877:board/stm32f401rct6/Drivers/CMSIS/Include/cmsis_gcc.h ****    __ASM volatile ("ldaex %0, %1" : "=r" (result) : "Q" (*ptr) : "memory" );
 878:board/stm32f401rct6/Drivers/CMSIS/Include/cmsis_gcc.h ****    return(result);
 879:board/stm32f401rct6/Drivers/CMSIS/Include/cmsis_gcc.h **** }
 880:board/stm32f401rct6/Drivers/CMSIS/Include/cmsis_gcc.h **** 
 881:board/stm32f401rct6/Drivers/CMSIS/Include/cmsis_gcc.h **** 
 882:board/stm32f401rct6/Drivers/CMSIS/Include/cmsis_gcc.h **** /**
 883:board/stm32f401rct6/Drivers/CMSIS/Include/cmsis_gcc.h ****   \brief   Store-Release Exclusive (8 bit)
 884:board/stm32f401rct6/Drivers/CMSIS/Include/cmsis_gcc.h ****   \details Executes a STLB exclusive instruction for 8 bit values.
 885:board/stm32f401rct6/Drivers/CMSIS/Include/cmsis_gcc.h ****   \param [in]  value  Value to store
 886:board/stm32f401rct6/Drivers/CMSIS/Include/cmsis_gcc.h ****   \param [in]    ptr  Pointer to location
 887:board/stm32f401rct6/Drivers/CMSIS/Include/cmsis_gcc.h ****   \return          0  Function succeeded
 888:board/stm32f401rct6/Drivers/CMSIS/Include/cmsis_gcc.h ****   \return          1  Function failed
 889:board/stm32f401rct6/Drivers/CMSIS/Include/cmsis_gcc.h ****  */
 890:board/stm32f401rct6/Drivers/CMSIS/Include/cmsis_gcc.h **** __STATIC_FORCEINLINE uint32_t __STLEXB(uint8_t value, volatile uint8_t *ptr)
 891:board/stm32f401rct6/Drivers/CMSIS/Include/cmsis_gcc.h **** {
 892:board/stm32f401rct6/Drivers/CMSIS/Include/cmsis_gcc.h ****    uint32_t result;
 893:board/stm32f401rct6/Drivers/CMSIS/Include/cmsis_gcc.h **** 
 894:board/stm32f401rct6/Drivers/CMSIS/Include/cmsis_gcc.h ****    __ASM volatile ("stlexb %0, %2, %1" : "=&r" (result), "=Q" (*ptr) : "r" ((uint32_t)value) : "mem
 895:board/stm32f401rct6/Drivers/CMSIS/Include/cmsis_gcc.h ****    return(result);
 896:board/stm32f401rct6/Drivers/CMSIS/Include/cmsis_gcc.h **** }
 897:board/stm32f401rct6/Drivers/CMSIS/Include/cmsis_gcc.h **** 
 898:board/stm32f401rct6/Drivers/CMSIS/Include/cmsis_gcc.h **** 
 899:board/stm32f401rct6/Drivers/CMSIS/Include/cmsis_gcc.h **** /**
 900:board/stm32f401rct6/Drivers/CMSIS/Include/cmsis_gcc.h ****   \brief   Store-Release Exclusive (16 bit)
 901:board/stm32f401rct6/Drivers/CMSIS/Include/cmsis_gcc.h ****   \details Executes a STLH exclusive instruction for 16 bit values.
 902:board/stm32f401rct6/Drivers/CMSIS/Include/cmsis_gcc.h ****   \param [in]  value  Value to store
 903:board/stm32f401rct6/Drivers/CMSIS/Include/cmsis_gcc.h ****   \param [in]    ptr  Pointer to location
 904:board/stm32f401rct6/Drivers/CMSIS/Include/cmsis_gcc.h ****   \return          0  Function succeeded
 905:board/stm32f401rct6/Drivers/CMSIS/Include/cmsis_gcc.h ****   \return          1  Function failed
 906:board/stm32f401rct6/Drivers/CMSIS/Include/cmsis_gcc.h ****  */
 907:board/stm32f401rct6/Drivers/CMSIS/Include/cmsis_gcc.h **** __STATIC_FORCEINLINE uint32_t __STLEXH(uint16_t value, volatile uint16_t *ptr)
 908:board/stm32f401rct6/Drivers/CMSIS/Include/cmsis_gcc.h **** {
 909:board/stm32f401rct6/Drivers/CMSIS/Include/cmsis_gcc.h ****    uint32_t result;
 910:board/stm32f401rct6/Drivers/CMSIS/Include/cmsis_gcc.h **** 
 911:board/stm32f401rct6/Drivers/CMSIS/Include/cmsis_gcc.h ****    __ASM volatile ("stlexh %0, %2, %1" : "=&r" (result), "=Q" (*ptr) : "r" ((uint32_t)value) : "mem
 912:board/stm32f401rct6/Drivers/CMSIS/Include/cmsis_gcc.h ****    return(result);
 913:board/stm32f401rct6/Drivers/CMSIS/Include/cmsis_gcc.h **** }
 914:board/stm32f401rct6/Drivers/CMSIS/Include/cmsis_gcc.h **** 
 915:board/stm32f401rct6/Drivers/CMSIS/Include/cmsis_gcc.h **** 
 916:board/stm32f401rct6/Drivers/CMSIS/Include/cmsis_gcc.h **** /**
 917:board/stm32f401rct6/Drivers/CMSIS/Include/cmsis_gcc.h ****   \brief   Store-Release Exclusive (32 bit)
 918:board/stm32f401rct6/Drivers/CMSIS/Include/cmsis_gcc.h ****   \details Executes a STL exclusive instruction for 32 bit values.
 919:board/stm32f401rct6/Drivers/CMSIS/Include/cmsis_gcc.h ****   \param [in]  value  Value to store
ARM GAS  C:\Users\Admin\AppData\Local\Temp\cc7Wiulu.s 			page 21


 920:board/stm32f401rct6/Drivers/CMSIS/Include/cmsis_gcc.h ****   \param [in]    ptr  Pointer to location
 921:board/stm32f401rct6/Drivers/CMSIS/Include/cmsis_gcc.h ****   \return          0  Function succeeded
 922:board/stm32f401rct6/Drivers/CMSIS/Include/cmsis_gcc.h ****   \return          1  Function failed
 923:board/stm32f401rct6/Drivers/CMSIS/Include/cmsis_gcc.h ****  */
 924:board/stm32f401rct6/Drivers/CMSIS/Include/cmsis_gcc.h **** __STATIC_FORCEINLINE uint32_t __STLEX(uint32_t value, volatile uint32_t *ptr)
 925:board/stm32f401rct6/Drivers/CMSIS/Include/cmsis_gcc.h **** {
 926:board/stm32f401rct6/Drivers/CMSIS/Include/cmsis_gcc.h ****    uint32_t result;
 927:board/stm32f401rct6/Drivers/CMSIS/Include/cmsis_gcc.h **** 
 928:board/stm32f401rct6/Drivers/CMSIS/Include/cmsis_gcc.h ****    __ASM volatile ("stlex %0, %2, %1" : "=&r" (result), "=Q" (*ptr) : "r" ((uint32_t)value) : "memo
 929:board/stm32f401rct6/Drivers/CMSIS/Include/cmsis_gcc.h ****    return(result);
 930:board/stm32f401rct6/Drivers/CMSIS/Include/cmsis_gcc.h **** }
 931:board/stm32f401rct6/Drivers/CMSIS/Include/cmsis_gcc.h **** 
 932:board/stm32f401rct6/Drivers/CMSIS/Include/cmsis_gcc.h **** #endif /* ((defined (__ARM_ARCH_8M_MAIN__ ) && (__ARM_ARCH_8M_MAIN__ == 1)) || \
 933:board/stm32f401rct6/Drivers/CMSIS/Include/cmsis_gcc.h ****            (defined (__ARM_ARCH_8M_BASE__ ) && (__ARM_ARCH_8M_BASE__ == 1))    ) */
 934:board/stm32f401rct6/Drivers/CMSIS/Include/cmsis_gcc.h **** 
 935:board/stm32f401rct6/Drivers/CMSIS/Include/cmsis_gcc.h **** /*@}*/ /* end of group CMSIS_Core_InstructionInterface */
 936:board/stm32f401rct6/Drivers/CMSIS/Include/cmsis_gcc.h **** 
 937:board/stm32f401rct6/Drivers/CMSIS/Include/cmsis_gcc.h **** 
 938:board/stm32f401rct6/Drivers/CMSIS/Include/cmsis_gcc.h **** /* ###########################  Core Function Access  ########################### */
 939:board/stm32f401rct6/Drivers/CMSIS/Include/cmsis_gcc.h **** /** \ingroup  CMSIS_Core_FunctionInterface
 940:board/stm32f401rct6/Drivers/CMSIS/Include/cmsis_gcc.h ****     \defgroup CMSIS_Core_RegAccFunctions CMSIS Core Register Access Functions
 941:board/stm32f401rct6/Drivers/CMSIS/Include/cmsis_gcc.h ****   @{
 942:board/stm32f401rct6/Drivers/CMSIS/Include/cmsis_gcc.h ****  */
 943:board/stm32f401rct6/Drivers/CMSIS/Include/cmsis_gcc.h **** 
 944:board/stm32f401rct6/Drivers/CMSIS/Include/cmsis_gcc.h **** /**
 945:board/stm32f401rct6/Drivers/CMSIS/Include/cmsis_gcc.h ****   \brief   Enable IRQ Interrupts
 946:board/stm32f401rct6/Drivers/CMSIS/Include/cmsis_gcc.h ****   \details Enables IRQ interrupts by clearing special-purpose register PRIMASK.
 947:board/stm32f401rct6/Drivers/CMSIS/Include/cmsis_gcc.h ****            Can only be executed in Privileged modes.
 948:board/stm32f401rct6/Drivers/CMSIS/Include/cmsis_gcc.h ****  */
 949:board/stm32f401rct6/Drivers/CMSIS/Include/cmsis_gcc.h **** __STATIC_FORCEINLINE void __enable_irq(void)
 950:board/stm32f401rct6/Drivers/CMSIS/Include/cmsis_gcc.h **** {
 951:board/stm32f401rct6/Drivers/CMSIS/Include/cmsis_gcc.h ****   __ASM volatile ("cpsie i" : : : "memory");
 952:board/stm32f401rct6/Drivers/CMSIS/Include/cmsis_gcc.h **** }
 953:board/stm32f401rct6/Drivers/CMSIS/Include/cmsis_gcc.h **** 
 954:board/stm32f401rct6/Drivers/CMSIS/Include/cmsis_gcc.h **** 
 955:board/stm32f401rct6/Drivers/CMSIS/Include/cmsis_gcc.h **** /**
 956:board/stm32f401rct6/Drivers/CMSIS/Include/cmsis_gcc.h ****   \brief   Disable IRQ Interrupts
 957:board/stm32f401rct6/Drivers/CMSIS/Include/cmsis_gcc.h ****   \details Disables IRQ interrupts by setting special-purpose register PRIMASK.
 958:board/stm32f401rct6/Drivers/CMSIS/Include/cmsis_gcc.h ****            Can only be executed in Privileged modes.
 959:board/stm32f401rct6/Drivers/CMSIS/Include/cmsis_gcc.h ****  */
 960:board/stm32f401rct6/Drivers/CMSIS/Include/cmsis_gcc.h **** __STATIC_FORCEINLINE void __disable_irq(void)
 106              		.loc 3 960 27 view .LVU33
 107              	.LBB24:
 961:board/stm32f401rct6/Drivers/CMSIS/Include/cmsis_gcc.h **** {
 962:board/stm32f401rct6/Drivers/CMSIS/Include/cmsis_gcc.h ****   __ASM volatile ("cpsid i" : : : "memory");
 108              		.loc 3 962 3 view .LVU34
 109              		.syntax unified
 110              	@ 962 "board/stm32f401rct6/Drivers/CMSIS/Include/cmsis_gcc.h" 1
 111 0040 72B6     		cpsid i
 112              	@ 0 "" 2
 113              		.thumb
 114              		.syntax unified
 115              	.L3:
 116              	.LBE24:
 117              	.LBE23:
 118              	.LBE25:
  58:board/stm32f401rct6/Core/Extension/stm32_config.h ****   while (1)
ARM GAS  C:\Users\Admin\AppData\Local\Temp\cc7Wiulu.s 			page 22


 119              		.loc 2 58 3 view .LVU35
  59:board/stm32f401rct6/Core/Extension/stm32_config.h ****   {
  60:board/stm32f401rct6/Core/Extension/stm32_config.h ****   }
 120              		.loc 2 60 3 view .LVU36
  58:board/stm32f401rct6/Core/Extension/stm32_config.h ****   while (1)
 121              		.loc 2 58 9 view .LVU37
 122 0042 FEE7     		b	.L3
 123              	.L2:
  61:board/stm32f401rct6/Core/Src/adc.c ****   }
  62:board/stm32f401rct6/Core/Src/adc.c **** 
  63:board/stm32f401rct6/Core/Src/adc.c ****   /** Configure for the selected ADC regular channel its corresponding rank in the sequencer and it
  64:board/stm32f401rct6/Core/Src/adc.c ****   */
  65:board/stm32f401rct6/Core/Src/adc.c ****   sConfig.Channel = ADC_CHANNEL_1;
 124              		.loc 1 65 3 view .LVU38
 125              		.loc 1 65 19 is_stmt 0 view .LVU39
 126 0044 0123     		movs	r3, #1
 127 0046 0093     		str	r3, [sp]
  66:board/stm32f401rct6/Core/Src/adc.c ****   sConfig.Rank = 1;
 128              		.loc 1 66 3 is_stmt 1 view .LVU40
 129              		.loc 1 66 16 is_stmt 0 view .LVU41
 130 0048 0193     		str	r3, [sp, #4]
  67:board/stm32f401rct6/Core/Src/adc.c ****   sConfig.SamplingTime = ADC_SAMPLETIME_3CYCLES;
 131              		.loc 1 67 3 is_stmt 1 view .LVU42
 132              		.loc 1 67 24 is_stmt 0 view .LVU43
 133 004a 0023     		movs	r3, #0
 134 004c 0293     		str	r3, [sp, #8]
  68:board/stm32f401rct6/Core/Src/adc.c ****   if (HAL_ADC_ConfigChannel(&hadc1, &sConfig) != HAL_OK)
 135              		.loc 1 68 3 is_stmt 1 view .LVU44
 136              		.loc 1 68 7 is_stmt 0 view .LVU45
 137 004e 6946     		mov	r1, sp
 138 0050 0948     		ldr	r0, .L9
 139 0052 FFF7FEFF 		bl	HAL_ADC_ConfigChannel
 140              	.LVL1:
 141              		.loc 1 68 6 view .LVU46
 142 0056 08B1     		cbz	r0, .L4
  69:board/stm32f401rct6/Core/Src/adc.c ****   {
  70:board/stm32f401rct6/Core/Src/adc.c ****     Error_Handler();
 143              		.loc 1 70 5 is_stmt 1 view .LVU47
 144              	.LBB26:
 145              	.LBI26:
  55:board/stm32f401rct6/Core/Extension/stm32_config.h **** {
 146              		.loc 2 55 20 view .LVU48
 147              	.LBE26:
  57:board/stm32f401rct6/Core/Extension/stm32_config.h ****   while (1)
 148              		.loc 2 57 3 view .LVU49
 149              	.LBB29:
 150              	.LBB27:
 151              	.LBI27:
 960:board/stm32f401rct6/Drivers/CMSIS/Include/cmsis_gcc.h **** {
 152              		.loc 3 960 27 view .LVU50
 153              	.LBB28:
 154              		.loc 3 962 3 view .LVU51
 155              		.syntax unified
 156              	@ 962 "board/stm32f401rct6/Drivers/CMSIS/Include/cmsis_gcc.h" 1
 157 0058 72B6     		cpsid i
 158              	@ 0 "" 2
 159              		.thumb
ARM GAS  C:\Users\Admin\AppData\Local\Temp\cc7Wiulu.s 			page 23


 160              		.syntax unified
 161              	.L5:
 162              	.LBE28:
 163              	.LBE27:
 164              	.LBE29:
  58:board/stm32f401rct6/Core/Extension/stm32_config.h ****   {
 165              		.loc 2 58 3 view .LVU52
 166              		.loc 2 60 3 view .LVU53
  58:board/stm32f401rct6/Core/Extension/stm32_config.h ****   {
 167              		.loc 2 58 9 view .LVU54
 168 005a FEE7     		b	.L5
 169              	.L4:
  71:board/stm32f401rct6/Core/Src/adc.c ****   }
  72:board/stm32f401rct6/Core/Src/adc.c **** 
  73:board/stm32f401rct6/Core/Src/adc.c ****   /** Configure for the selected ADC regular channel its corresponding rank in the sequencer and it
  74:board/stm32f401rct6/Core/Src/adc.c ****   */
  75:board/stm32f401rct6/Core/Src/adc.c ****   sConfig.Channel = ADC_CHANNEL_2;
 170              		.loc 1 75 3 view .LVU55
 171              		.loc 1 75 19 is_stmt 0 view .LVU56
 172 005c 0223     		movs	r3, #2
 173 005e 0093     		str	r3, [sp]
  76:board/stm32f401rct6/Core/Src/adc.c ****   sConfig.Rank = 2;
 174              		.loc 1 76 3 is_stmt 1 view .LVU57
 175              		.loc 1 76 16 is_stmt 0 view .LVU58
 176 0060 0193     		str	r3, [sp, #4]
  77:board/stm32f401rct6/Core/Src/adc.c ****   if (HAL_ADC_ConfigChannel(&hadc1, &sConfig) != HAL_OK)
 177              		.loc 1 77 3 is_stmt 1 view .LVU59
 178              		.loc 1 77 7 is_stmt 0 view .LVU60
 179 0062 6946     		mov	r1, sp
 180 0064 0448     		ldr	r0, .L9
 181 0066 FFF7FEFF 		bl	HAL_ADC_ConfigChannel
 182              	.LVL2:
 183              		.loc 1 77 6 view .LVU61
 184 006a 08B1     		cbz	r0, .L1
  78:board/stm32f401rct6/Core/Src/adc.c ****   {
  79:board/stm32f401rct6/Core/Src/adc.c ****     Error_Handler();
 185              		.loc 1 79 5 is_stmt 1 view .LVU62
 186              	.LBB30:
 187              	.LBI30:
  55:board/stm32f401rct6/Core/Extension/stm32_config.h **** {
 188              		.loc 2 55 20 view .LVU63
 189              	.LBE30:
  57:board/stm32f401rct6/Core/Extension/stm32_config.h ****   while (1)
 190              		.loc 2 57 3 view .LVU64
 191              	.LBB33:
 192              	.LBB31:
 193              	.LBI31:
 960:board/stm32f401rct6/Drivers/CMSIS/Include/cmsis_gcc.h **** {
 194              		.loc 3 960 27 view .LVU65
 195              	.LBB32:
 196              		.loc 3 962 3 view .LVU66
 197              		.syntax unified
 198              	@ 962 "board/stm32f401rct6/Drivers/CMSIS/Include/cmsis_gcc.h" 1
 199 006c 72B6     		cpsid i
 200              	@ 0 "" 2
 201              		.thumb
 202              		.syntax unified
ARM GAS  C:\Users\Admin\AppData\Local\Temp\cc7Wiulu.s 			page 24


 203              	.L7:
 204              	.LBE32:
 205              	.LBE31:
 206              	.LBE33:
  58:board/stm32f401rct6/Core/Extension/stm32_config.h ****   {
 207              		.loc 2 58 3 view .LVU67
 208              		.loc 2 60 3 view .LVU68
  58:board/stm32f401rct6/Core/Extension/stm32_config.h ****   {
 209              		.loc 2 58 9 view .LVU69
 210 006e FEE7     		b	.L7
 211              	.L1:
  80:board/stm32f401rct6/Core/Src/adc.c ****   }
  81:board/stm32f401rct6/Core/Src/adc.c ****   /* USER CODE BEGIN ADC1_Init 2 */
  82:board/stm32f401rct6/Core/Src/adc.c **** 
  83:board/stm32f401rct6/Core/Src/adc.c ****   /* USER CODE END ADC1_Init 2 */
  84:board/stm32f401rct6/Core/Src/adc.c **** 
  85:board/stm32f401rct6/Core/Src/adc.c **** }
 212              		.loc 1 85 1 is_stmt 0 view .LVU70
 213 0070 05B0     		add	sp, sp, #20
 214              	.LCFI2:
 215              		.cfi_def_cfa_offset 4
 216              		@ sp needed
 217 0072 5DF804FB 		ldr	pc, [sp], #4
 218              	.L10:
 219 0076 00BF     		.align	2
 220              	.L9:
 221 0078 00000000 		.word	.LANCHOR0
 222 007c 00200140 		.word	1073815552
 223              		.cfi_endproc
 224              	.LFE822:
 226              		.section	.text.HAL_ADC_MspInit,"ax",%progbits
 227              		.align	1
 228              		.global	HAL_ADC_MspInit
 229              		.syntax unified
 230              		.thumb
 231              		.thumb_func
 233              	HAL_ADC_MspInit:
 234              	.LVL3:
 235              	.LFB823:
  86:board/stm32f401rct6/Core/Src/adc.c **** 
  87:board/stm32f401rct6/Core/Src/adc.c **** void HAL_ADC_MspInit(ADC_HandleTypeDef* adcHandle)
  88:board/stm32f401rct6/Core/Src/adc.c **** {
 236              		.loc 1 88 1 is_stmt 1 view -0
 237              		.cfi_startproc
 238              		@ args = 0, pretend = 0, frame = 32
 239              		@ frame_needed = 0, uses_anonymous_args = 0
 240              		.loc 1 88 1 is_stmt 0 view .LVU72
 241 0000 30B5     		push	{r4, r5, lr}
 242              	.LCFI3:
 243              		.cfi_def_cfa_offset 12
 244              		.cfi_offset 4, -12
 245              		.cfi_offset 5, -8
 246              		.cfi_offset 14, -4
 247 0002 89B0     		sub	sp, sp, #36
 248              	.LCFI4:
 249              		.cfi_def_cfa_offset 48
  89:board/stm32f401rct6/Core/Src/adc.c **** 
ARM GAS  C:\Users\Admin\AppData\Local\Temp\cc7Wiulu.s 			page 25


  90:board/stm32f401rct6/Core/Src/adc.c ****   GPIO_InitTypeDef GPIO_InitStruct = {0};
 250              		.loc 1 90 3 is_stmt 1 view .LVU73
 251              		.loc 1 90 20 is_stmt 0 view .LVU74
 252 0004 0023     		movs	r3, #0
 253 0006 0393     		str	r3, [sp, #12]
 254 0008 0493     		str	r3, [sp, #16]
 255 000a 0593     		str	r3, [sp, #20]
 256 000c 0693     		str	r3, [sp, #24]
 257 000e 0793     		str	r3, [sp, #28]
  91:board/stm32f401rct6/Core/Src/adc.c ****   if(adcHandle->Instance==ADC1)
 258              		.loc 1 91 3 is_stmt 1 view .LVU75
 259              		.loc 1 91 15 is_stmt 0 view .LVU76
 260 0010 0268     		ldr	r2, [r0]
 261              		.loc 1 91 5 view .LVU77
 262 0012 03F18043 		add	r3, r3, #1073741824
 263 0016 03F59033 		add	r3, r3, #73728
 264 001a 9A42     		cmp	r2, r3
 265 001c 01D0     		beq	.L16
 266              	.LVL4:
 267              	.L11:
  92:board/stm32f401rct6/Core/Src/adc.c ****   {
  93:board/stm32f401rct6/Core/Src/adc.c ****   /* USER CODE BEGIN ADC1_MspInit 0 */
  94:board/stm32f401rct6/Core/Src/adc.c **** 
  95:board/stm32f401rct6/Core/Src/adc.c ****   /* USER CODE END ADC1_MspInit 0 */
  96:board/stm32f401rct6/Core/Src/adc.c ****     /* ADC1 clock enable */
  97:board/stm32f401rct6/Core/Src/adc.c ****     __HAL_RCC_ADC1_CLK_ENABLE();
  98:board/stm32f401rct6/Core/Src/adc.c **** 
  99:board/stm32f401rct6/Core/Src/adc.c ****     __HAL_RCC_GPIOA_CLK_ENABLE();
 100:board/stm32f401rct6/Core/Src/adc.c ****     /**ADC1 GPIO Configuration
 101:board/stm32f401rct6/Core/Src/adc.c ****     PA1     ------> ADC1_IN1
 102:board/stm32f401rct6/Core/Src/adc.c ****     PA2     ------> ADC1_IN2
 103:board/stm32f401rct6/Core/Src/adc.c ****     */
 104:board/stm32f401rct6/Core/Src/adc.c ****     GPIO_InitStruct.Pin = GPIO_PIN_1|GPIO_PIN_2;
 105:board/stm32f401rct6/Core/Src/adc.c ****     GPIO_InitStruct.Mode = GPIO_MODE_ANALOG;
 106:board/stm32f401rct6/Core/Src/adc.c ****     GPIO_InitStruct.Pull = GPIO_NOPULL;
 107:board/stm32f401rct6/Core/Src/adc.c ****     HAL_GPIO_Init(GPIOA, &GPIO_InitStruct);
 108:board/stm32f401rct6/Core/Src/adc.c **** 
 109:board/stm32f401rct6/Core/Src/adc.c ****     /* ADC1 DMA Init */
 110:board/stm32f401rct6/Core/Src/adc.c ****     /* ADC1 Init */
 111:board/stm32f401rct6/Core/Src/adc.c ****     hdma_adc1.Instance = DMA2_Stream0;
 112:board/stm32f401rct6/Core/Src/adc.c ****     hdma_adc1.Init.Channel = DMA_CHANNEL_0;
 113:board/stm32f401rct6/Core/Src/adc.c ****     hdma_adc1.Init.Direction = DMA_PERIPH_TO_MEMORY;
 114:board/stm32f401rct6/Core/Src/adc.c ****     hdma_adc1.Init.PeriphInc = DMA_PINC_DISABLE;
 115:board/stm32f401rct6/Core/Src/adc.c ****     hdma_adc1.Init.MemInc = DMA_MINC_ENABLE;
 116:board/stm32f401rct6/Core/Src/adc.c ****     hdma_adc1.Init.PeriphDataAlignment = DMA_PDATAALIGN_WORD;
 117:board/stm32f401rct6/Core/Src/adc.c ****     hdma_adc1.Init.MemDataAlignment = DMA_MDATAALIGN_WORD;
 118:board/stm32f401rct6/Core/Src/adc.c ****     hdma_adc1.Init.Mode = DMA_CIRCULAR;
 119:board/stm32f401rct6/Core/Src/adc.c ****     hdma_adc1.Init.Priority = DMA_PRIORITY_LOW;
 120:board/stm32f401rct6/Core/Src/adc.c ****     hdma_adc1.Init.FIFOMode = DMA_FIFOMODE_DISABLE;
 121:board/stm32f401rct6/Core/Src/adc.c ****     if (HAL_DMA_Init(&hdma_adc1) != HAL_OK)
 122:board/stm32f401rct6/Core/Src/adc.c ****     {
 123:board/stm32f401rct6/Core/Src/adc.c ****       Error_Handler();
 124:board/stm32f401rct6/Core/Src/adc.c ****     }
 125:board/stm32f401rct6/Core/Src/adc.c **** 
 126:board/stm32f401rct6/Core/Src/adc.c ****     __HAL_LINKDMA(adcHandle,DMA_Handle,hdma_adc1);
 127:board/stm32f401rct6/Core/Src/adc.c **** 
 128:board/stm32f401rct6/Core/Src/adc.c ****   /* USER CODE BEGIN ADC1_MspInit 1 */
ARM GAS  C:\Users\Admin\AppData\Local\Temp\cc7Wiulu.s 			page 26


 129:board/stm32f401rct6/Core/Src/adc.c **** 
 130:board/stm32f401rct6/Core/Src/adc.c ****   /* USER CODE END ADC1_MspInit 1 */
 131:board/stm32f401rct6/Core/Src/adc.c ****   }
 132:board/stm32f401rct6/Core/Src/adc.c **** }
 268              		.loc 1 132 1 view .LVU78
 269 001e 09B0     		add	sp, sp, #36
 270              	.LCFI5:
 271              		.cfi_remember_state
 272              		.cfi_def_cfa_offset 12
 273              		@ sp needed
 274 0020 30BD     		pop	{r4, r5, pc}
 275              	.LVL5:
 276              	.L16:
 277              	.LCFI6:
 278              		.cfi_restore_state
 279              		.loc 1 132 1 view .LVU79
 280 0022 0446     		mov	r4, r0
  97:board/stm32f401rct6/Core/Src/adc.c **** 
 281              		.loc 1 97 5 is_stmt 1 view .LVU80
 282              	.LBB34:
  97:board/stm32f401rct6/Core/Src/adc.c **** 
 283              		.loc 1 97 5 view .LVU81
 284 0024 0025     		movs	r5, #0
 285 0026 0195     		str	r5, [sp, #4]
  97:board/stm32f401rct6/Core/Src/adc.c **** 
 286              		.loc 1 97 5 view .LVU82
 287 0028 03F58C33 		add	r3, r3, #71680
 288 002c 5A6C     		ldr	r2, [r3, #68]
 289 002e 42F48072 		orr	r2, r2, #256
 290 0032 5A64     		str	r2, [r3, #68]
  97:board/stm32f401rct6/Core/Src/adc.c **** 
 291              		.loc 1 97 5 view .LVU83
 292 0034 5A6C     		ldr	r2, [r3, #68]
 293 0036 02F48072 		and	r2, r2, #256
 294 003a 0192     		str	r2, [sp, #4]
  97:board/stm32f401rct6/Core/Src/adc.c **** 
 295              		.loc 1 97 5 view .LVU84
 296 003c 019A     		ldr	r2, [sp, #4]
 297              	.LBE34:
  97:board/stm32f401rct6/Core/Src/adc.c **** 
 298              		.loc 1 97 5 view .LVU85
  99:board/stm32f401rct6/Core/Src/adc.c ****     /**ADC1 GPIO Configuration
 299              		.loc 1 99 5 view .LVU86
 300              	.LBB35:
  99:board/stm32f401rct6/Core/Src/adc.c ****     /**ADC1 GPIO Configuration
 301              		.loc 1 99 5 view .LVU87
 302 003e 0295     		str	r5, [sp, #8]
  99:board/stm32f401rct6/Core/Src/adc.c ****     /**ADC1 GPIO Configuration
 303              		.loc 1 99 5 view .LVU88
 304 0040 1A6B     		ldr	r2, [r3, #48]
 305 0042 42F00102 		orr	r2, r2, #1
 306 0046 1A63     		str	r2, [r3, #48]
  99:board/stm32f401rct6/Core/Src/adc.c ****     /**ADC1 GPIO Configuration
 307              		.loc 1 99 5 view .LVU89
 308 0048 1B6B     		ldr	r3, [r3, #48]
 309 004a 03F00103 		and	r3, r3, #1
 310 004e 0293     		str	r3, [sp, #8]
ARM GAS  C:\Users\Admin\AppData\Local\Temp\cc7Wiulu.s 			page 27


  99:board/stm32f401rct6/Core/Src/adc.c ****     /**ADC1 GPIO Configuration
 311              		.loc 1 99 5 view .LVU90
 312 0050 029B     		ldr	r3, [sp, #8]
 313              	.LBE35:
  99:board/stm32f401rct6/Core/Src/adc.c ****     /**ADC1 GPIO Configuration
 314              		.loc 1 99 5 view .LVU91
 104:board/stm32f401rct6/Core/Src/adc.c ****     GPIO_InitStruct.Mode = GPIO_MODE_ANALOG;
 315              		.loc 1 104 5 view .LVU92
 104:board/stm32f401rct6/Core/Src/adc.c ****     GPIO_InitStruct.Mode = GPIO_MODE_ANALOG;
 316              		.loc 1 104 25 is_stmt 0 view .LVU93
 317 0052 0623     		movs	r3, #6
 318 0054 0393     		str	r3, [sp, #12]
 105:board/stm32f401rct6/Core/Src/adc.c ****     GPIO_InitStruct.Pull = GPIO_NOPULL;
 319              		.loc 1 105 5 is_stmt 1 view .LVU94
 105:board/stm32f401rct6/Core/Src/adc.c ****     GPIO_InitStruct.Pull = GPIO_NOPULL;
 320              		.loc 1 105 26 is_stmt 0 view .LVU95
 321 0056 0323     		movs	r3, #3
 322 0058 0493     		str	r3, [sp, #16]
 106:board/stm32f401rct6/Core/Src/adc.c ****     HAL_GPIO_Init(GPIOA, &GPIO_InitStruct);
 323              		.loc 1 106 5 is_stmt 1 view .LVU96
 107:board/stm32f401rct6/Core/Src/adc.c **** 
 324              		.loc 1 107 5 view .LVU97
 325 005a 03A9     		add	r1, sp, #12
 326 005c 0F48     		ldr	r0, .L17
 327              	.LVL6:
 107:board/stm32f401rct6/Core/Src/adc.c **** 
 328              		.loc 1 107 5 is_stmt 0 view .LVU98
 329 005e FFF7FEFF 		bl	HAL_GPIO_Init
 330              	.LVL7:
 111:board/stm32f401rct6/Core/Src/adc.c ****     hdma_adc1.Init.Channel = DMA_CHANNEL_0;
 331              		.loc 1 111 5 is_stmt 1 view .LVU99
 111:board/stm32f401rct6/Core/Src/adc.c ****     hdma_adc1.Init.Channel = DMA_CHANNEL_0;
 332              		.loc 1 111 24 is_stmt 0 view .LVU100
 333 0062 0F48     		ldr	r0, .L17+4
 334 0064 0F4B     		ldr	r3, .L17+8
 335 0066 0360     		str	r3, [r0]
 112:board/stm32f401rct6/Core/Src/adc.c ****     hdma_adc1.Init.Direction = DMA_PERIPH_TO_MEMORY;
 336              		.loc 1 112 5 is_stmt 1 view .LVU101
 112:board/stm32f401rct6/Core/Src/adc.c ****     hdma_adc1.Init.Direction = DMA_PERIPH_TO_MEMORY;
 337              		.loc 1 112 28 is_stmt 0 view .LVU102
 338 0068 4560     		str	r5, [r0, #4]
 113:board/stm32f401rct6/Core/Src/adc.c ****     hdma_adc1.Init.PeriphInc = DMA_PINC_DISABLE;
 339              		.loc 1 113 5 is_stmt 1 view .LVU103
 113:board/stm32f401rct6/Core/Src/adc.c ****     hdma_adc1.Init.PeriphInc = DMA_PINC_DISABLE;
 340              		.loc 1 113 30 is_stmt 0 view .LVU104
 341 006a 8560     		str	r5, [r0, #8]
 114:board/stm32f401rct6/Core/Src/adc.c ****     hdma_adc1.Init.MemInc = DMA_MINC_ENABLE;
 342              		.loc 1 114 5 is_stmt 1 view .LVU105
 114:board/stm32f401rct6/Core/Src/adc.c ****     hdma_adc1.Init.MemInc = DMA_MINC_ENABLE;
 343              		.loc 1 114 30 is_stmt 0 view .LVU106
 344 006c C560     		str	r5, [r0, #12]
 115:board/stm32f401rct6/Core/Src/adc.c ****     hdma_adc1.Init.PeriphDataAlignment = DMA_PDATAALIGN_WORD;
 345              		.loc 1 115 5 is_stmt 1 view .LVU107
 115:board/stm32f401rct6/Core/Src/adc.c ****     hdma_adc1.Init.PeriphDataAlignment = DMA_PDATAALIGN_WORD;
 346              		.loc 1 115 27 is_stmt 0 view .LVU108
 347 006e 4FF48063 		mov	r3, #1024
 348 0072 0361     		str	r3, [r0, #16]
ARM GAS  C:\Users\Admin\AppData\Local\Temp\cc7Wiulu.s 			page 28


 116:board/stm32f401rct6/Core/Src/adc.c ****     hdma_adc1.Init.MemDataAlignment = DMA_MDATAALIGN_WORD;
 349              		.loc 1 116 5 is_stmt 1 view .LVU109
 116:board/stm32f401rct6/Core/Src/adc.c ****     hdma_adc1.Init.MemDataAlignment = DMA_MDATAALIGN_WORD;
 350              		.loc 1 116 40 is_stmt 0 view .LVU110
 351 0074 4FF48053 		mov	r3, #4096
 352 0078 4361     		str	r3, [r0, #20]
 117:board/stm32f401rct6/Core/Src/adc.c ****     hdma_adc1.Init.Mode = DMA_CIRCULAR;
 353              		.loc 1 117 5 is_stmt 1 view .LVU111
 117:board/stm32f401rct6/Core/Src/adc.c ****     hdma_adc1.Init.Mode = DMA_CIRCULAR;
 354              		.loc 1 117 37 is_stmt 0 view .LVU112
 355 007a 4FF48043 		mov	r3, #16384
 356 007e 8361     		str	r3, [r0, #24]
 118:board/stm32f401rct6/Core/Src/adc.c ****     hdma_adc1.Init.Priority = DMA_PRIORITY_LOW;
 357              		.loc 1 118 5 is_stmt 1 view .LVU113
 118:board/stm32f401rct6/Core/Src/adc.c ****     hdma_adc1.Init.Priority = DMA_PRIORITY_LOW;
 358              		.loc 1 118 25 is_stmt 0 view .LVU114
 359 0080 4FF48073 		mov	r3, #256
 360 0084 C361     		str	r3, [r0, #28]
 119:board/stm32f401rct6/Core/Src/adc.c ****     hdma_adc1.Init.FIFOMode = DMA_FIFOMODE_DISABLE;
 361              		.loc 1 119 5 is_stmt 1 view .LVU115
 119:board/stm32f401rct6/Core/Src/adc.c ****     hdma_adc1.Init.FIFOMode = DMA_FIFOMODE_DISABLE;
 362              		.loc 1 119 29 is_stmt 0 view .LVU116
 363 0086 0562     		str	r5, [r0, #32]
 120:board/stm32f401rct6/Core/Src/adc.c ****     if (HAL_DMA_Init(&hdma_adc1) != HAL_OK)
 364              		.loc 1 120 5 is_stmt 1 view .LVU117
 120:board/stm32f401rct6/Core/Src/adc.c ****     if (HAL_DMA_Init(&hdma_adc1) != HAL_OK)
 365              		.loc 1 120 29 is_stmt 0 view .LVU118
 366 0088 4562     		str	r5, [r0, #36]
 121:board/stm32f401rct6/Core/Src/adc.c ****     {
 367              		.loc 1 121 5 is_stmt 1 view .LVU119
 121:board/stm32f401rct6/Core/Src/adc.c ****     {
 368              		.loc 1 121 9 is_stmt 0 view .LVU120
 369 008a FFF7FEFF 		bl	HAL_DMA_Init
 370              	.LVL8:
 121:board/stm32f401rct6/Core/Src/adc.c ****     {
 371              		.loc 1 121 8 view .LVU121
 372 008e 08B1     		cbz	r0, .L13
 123:board/stm32f401rct6/Core/Src/adc.c ****     }
 373              		.loc 1 123 7 is_stmt 1 view .LVU122
 374              	.LBB36:
 375              	.LBI36:
  55:board/stm32f401rct6/Core/Extension/stm32_config.h **** {
 376              		.loc 2 55 20 view .LVU123
 377              	.LBE36:
  57:board/stm32f401rct6/Core/Extension/stm32_config.h ****   while (1)
 378              		.loc 2 57 3 view .LVU124
 379              	.LBB39:
 380              	.LBB37:
 381              	.LBI37:
 960:board/stm32f401rct6/Drivers/CMSIS/Include/cmsis_gcc.h **** {
 382              		.loc 3 960 27 view .LVU125
 383              	.LBB38:
 384              		.loc 3 962 3 view .LVU126
 385              		.syntax unified
 386              	@ 962 "board/stm32f401rct6/Drivers/CMSIS/Include/cmsis_gcc.h" 1
 387 0090 72B6     		cpsid i
 388              	@ 0 "" 2
ARM GAS  C:\Users\Admin\AppData\Local\Temp\cc7Wiulu.s 			page 29


 389              		.thumb
 390              		.syntax unified
 391              	.L14:
 392              	.LBE38:
 393              	.LBE37:
 394              	.LBE39:
  58:board/stm32f401rct6/Core/Extension/stm32_config.h ****   {
 395              		.loc 2 58 3 view .LVU127
 396              		.loc 2 60 3 view .LVU128
  58:board/stm32f401rct6/Core/Extension/stm32_config.h ****   {
 397              		.loc 2 58 9 view .LVU129
 398 0092 FEE7     		b	.L14
 399              	.L13:
 126:board/stm32f401rct6/Core/Src/adc.c **** 
 400              		.loc 1 126 5 view .LVU130
 126:board/stm32f401rct6/Core/Src/adc.c **** 
 401              		.loc 1 126 5 view .LVU131
 402 0094 024B     		ldr	r3, .L17+4
 403 0096 A363     		str	r3, [r4, #56]
 126:board/stm32f401rct6/Core/Src/adc.c **** 
 404              		.loc 1 126 5 view .LVU132
 405 0098 9C63     		str	r4, [r3, #56]
 126:board/stm32f401rct6/Core/Src/adc.c **** 
 406              		.loc 1 126 5 view .LVU133
 407              		.loc 1 132 1 is_stmt 0 view .LVU134
 408 009a C0E7     		b	.L11
 409              	.L18:
 410              		.align	2
 411              	.L17:
 412 009c 00000240 		.word	1073872896
 413 00a0 00000000 		.word	.LANCHOR1
 414 00a4 10640240 		.word	1073898512
 415              		.cfi_endproc
 416              	.LFE823:
 418              		.section	.text.HAL_ADC_MspDeInit,"ax",%progbits
 419              		.align	1
 420              		.global	HAL_ADC_MspDeInit
 421              		.syntax unified
 422              		.thumb
 423              		.thumb_func
 425              	HAL_ADC_MspDeInit:
 426              	.LVL9:
 427              	.LFB824:
 133:board/stm32f401rct6/Core/Src/adc.c **** 
 134:board/stm32f401rct6/Core/Src/adc.c **** void HAL_ADC_MspDeInit(ADC_HandleTypeDef* adcHandle)
 135:board/stm32f401rct6/Core/Src/adc.c **** {
 428              		.loc 1 135 1 is_stmt 1 view -0
 429              		.cfi_startproc
 430              		@ args = 0, pretend = 0, frame = 0
 431              		@ frame_needed = 0, uses_anonymous_args = 0
 136:board/stm32f401rct6/Core/Src/adc.c **** 
 137:board/stm32f401rct6/Core/Src/adc.c ****   if(adcHandle->Instance==ADC1)
 432              		.loc 1 137 3 view .LVU136
 433              		.loc 1 137 15 is_stmt 0 view .LVU137
 434 0000 0268     		ldr	r2, [r0]
 435              		.loc 1 137 5 view .LVU138
 436 0002 094B     		ldr	r3, .L26
ARM GAS  C:\Users\Admin\AppData\Local\Temp\cc7Wiulu.s 			page 30


 437 0004 9A42     		cmp	r2, r3
 438 0006 00D0     		beq	.L25
 439 0008 7047     		bx	lr
 440              	.L25:
 135:board/stm32f401rct6/Core/Src/adc.c **** 
 441              		.loc 1 135 1 view .LVU139
 442 000a 10B5     		push	{r4, lr}
 443              	.LCFI7:
 444              		.cfi_def_cfa_offset 8
 445              		.cfi_offset 4, -8
 446              		.cfi_offset 14, -4
 447 000c 0446     		mov	r4, r0
 138:board/stm32f401rct6/Core/Src/adc.c ****   {
 139:board/stm32f401rct6/Core/Src/adc.c ****   /* USER CODE BEGIN ADC1_MspDeInit 0 */
 140:board/stm32f401rct6/Core/Src/adc.c **** 
 141:board/stm32f401rct6/Core/Src/adc.c ****   /* USER CODE END ADC1_MspDeInit 0 */
 142:board/stm32f401rct6/Core/Src/adc.c ****     /* Peripheral clock disable */
 143:board/stm32f401rct6/Core/Src/adc.c ****     __HAL_RCC_ADC1_CLK_DISABLE();
 448              		.loc 1 143 5 is_stmt 1 view .LVU140
 449 000e 074A     		ldr	r2, .L26+4
 450 0010 536C     		ldr	r3, [r2, #68]
 451 0012 23F48073 		bic	r3, r3, #256
 452 0016 5364     		str	r3, [r2, #68]
 144:board/stm32f401rct6/Core/Src/adc.c **** 
 145:board/stm32f401rct6/Core/Src/adc.c ****     /**ADC1 GPIO Configuration
 146:board/stm32f401rct6/Core/Src/adc.c ****     PA1     ------> ADC1_IN1
 147:board/stm32f401rct6/Core/Src/adc.c ****     PA2     ------> ADC1_IN2
 148:board/stm32f401rct6/Core/Src/adc.c ****     */
 149:board/stm32f401rct6/Core/Src/adc.c ****     HAL_GPIO_DeInit(GPIOA, GPIO_PIN_1|GPIO_PIN_2);
 453              		.loc 1 149 5 view .LVU141
 454 0018 0621     		movs	r1, #6
 455 001a 0548     		ldr	r0, .L26+8
 456              	.LVL10:
 457              		.loc 1 149 5 is_stmt 0 view .LVU142
 458 001c FFF7FEFF 		bl	HAL_GPIO_DeInit
 459              	.LVL11:
 150:board/stm32f401rct6/Core/Src/adc.c **** 
 151:board/stm32f401rct6/Core/Src/adc.c ****     /* ADC1 DMA DeInit */
 152:board/stm32f401rct6/Core/Src/adc.c ****     HAL_DMA_DeInit(adcHandle->DMA_Handle);
 460              		.loc 1 152 5 is_stmt 1 view .LVU143
 461 0020 A06B     		ldr	r0, [r4, #56]
 462 0022 FFF7FEFF 		bl	HAL_DMA_DeInit
 463              	.LVL12:
 153:board/stm32f401rct6/Core/Src/adc.c ****   /* USER CODE BEGIN ADC1_MspDeInit 1 */
 154:board/stm32f401rct6/Core/Src/adc.c **** 
 155:board/stm32f401rct6/Core/Src/adc.c ****   /* USER CODE END ADC1_MspDeInit 1 */
 156:board/stm32f401rct6/Core/Src/adc.c ****   }
 157:board/stm32f401rct6/Core/Src/adc.c **** }
 464              		.loc 1 157 1 is_stmt 0 view .LVU144
 465 0026 10BD     		pop	{r4, pc}
 466              	.LVL13:
 467              	.L27:
 468              		.loc 1 157 1 view .LVU145
 469              		.align	2
 470              	.L26:
 471 0028 00200140 		.word	1073815552
 472 002c 00380240 		.word	1073887232
ARM GAS  C:\Users\Admin\AppData\Local\Temp\cc7Wiulu.s 			page 31


 473 0030 00000240 		.word	1073872896
 474              		.cfi_endproc
 475              	.LFE824:
 477              		.global	hdma_adc1
 478              		.global	hadc1
 479              		.section	.bss.hadc1,"aw",%nobits
 480              		.align	2
 481              		.set	.LANCHOR0,. + 0
 484              	hadc1:
 485 0000 00000000 		.space	72
 485      00000000 
 485      00000000 
 485      00000000 
 485      00000000 
 486              		.section	.bss.hdma_adc1,"aw",%nobits
 487              		.align	2
 488              		.set	.LANCHOR1,. + 0
 491              	hdma_adc1:
 492 0000 00000000 		.space	96
 492      00000000 
 492      00000000 
 492      00000000 
 492      00000000 
 493              		.text
 494              	.Letext0:
 495              		.file 4 "c:\\st\\stm32cubeide_1.12.1\\stm32cubeide\\plugins\\com.st.stm32cube.ide.mcu.externaltool
 496              		.file 5 "c:\\st\\stm32cubeide_1.12.1\\stm32cubeide\\plugins\\com.st.stm32cube.ide.mcu.externaltool
 497              		.file 6 "board/stm32f401rct6/Drivers/CMSIS/Device/ST/STM32F4xx/Include/stm32f401xc.h"
 498              		.file 7 "board/stm32f401rct6/Drivers/CMSIS/Device/ST/STM32F4xx/Include/stm32f4xx.h"
 499              		.file 8 "board/stm32f401rct6/Drivers/STM32F4xx_HAL_Driver/Inc/stm32f4xx_hal_def.h"
 500              		.file 9 "board/stm32f401rct6/Drivers/STM32F4xx_HAL_Driver/Inc/stm32f4xx_hal_gpio.h"
 501              		.file 10 "board/stm32f401rct6/Drivers/STM32F4xx_HAL_Driver/Inc/stm32f4xx_hal_dma.h"
 502              		.file 11 "board/stm32f401rct6/Drivers/STM32F4xx_HAL_Driver/Inc/stm32f4xx_hal_adc.h"
 503              		.file 12 "board/stm32f401rct6/Drivers/STM32F4xx_HAL_Driver/Inc/stm32f4xx_ll_tim.h"
 504              		.file 13 "board/stm32f401rct6/Drivers/STM32F4xx_HAL_Driver/Inc/stm32f4xx_ll_dma.h"
 505              		.file 14 "board/stm32f401rct6/Core/Inc/adc.h"
ARM GAS  C:\Users\Admin\AppData\Local\Temp\cc7Wiulu.s 			page 32


DEFINED SYMBOLS
                            *ABS*:0000000000000000 adc.c
C:\Users\Admin\AppData\Local\Temp\cc7Wiulu.s:20     .text.MX_ADC1_Init:0000000000000000 $t
C:\Users\Admin\AppData\Local\Temp\cc7Wiulu.s:26     .text.MX_ADC1_Init:0000000000000000 MX_ADC1_Init
C:\Users\Admin\AppData\Local\Temp\cc7Wiulu.s:221    .text.MX_ADC1_Init:0000000000000078 $d
C:\Users\Admin\AppData\Local\Temp\cc7Wiulu.s:227    .text.HAL_ADC_MspInit:0000000000000000 $t
C:\Users\Admin\AppData\Local\Temp\cc7Wiulu.s:233    .text.HAL_ADC_MspInit:0000000000000000 HAL_ADC_MspInit
C:\Users\Admin\AppData\Local\Temp\cc7Wiulu.s:412    .text.HAL_ADC_MspInit:000000000000009c $d
C:\Users\Admin\AppData\Local\Temp\cc7Wiulu.s:419    .text.HAL_ADC_MspDeInit:0000000000000000 $t
C:\Users\Admin\AppData\Local\Temp\cc7Wiulu.s:425    .text.HAL_ADC_MspDeInit:0000000000000000 HAL_ADC_MspDeInit
C:\Users\Admin\AppData\Local\Temp\cc7Wiulu.s:471    .text.HAL_ADC_MspDeInit:0000000000000028 $d
C:\Users\Admin\AppData\Local\Temp\cc7Wiulu.s:491    .bss.hdma_adc1:0000000000000000 hdma_adc1
C:\Users\Admin\AppData\Local\Temp\cc7Wiulu.s:484    .bss.hadc1:0000000000000000 hadc1
C:\Users\Admin\AppData\Local\Temp\cc7Wiulu.s:480    .bss.hadc1:0000000000000000 $d
C:\Users\Admin\AppData\Local\Temp\cc7Wiulu.s:487    .bss.hdma_adc1:0000000000000000 $d

UNDEFINED SYMBOLS
HAL_ADC_Init
HAL_ADC_ConfigChannel
HAL_GPIO_Init
HAL_DMA_Init
HAL_GPIO_DeInit
HAL_DMA_DeInit
