ARM GAS  C:\Users\Admin\AppData\Local\Temp\cc3IBrMn.s 			page 1


   1              		.cpu cortex-m4
   2              		.arch armv7e-m
   3              		.fpu fpv4-sp-d16
   4              		.eabi_attribute 27, 1
   5              		.eabi_attribute 28, 1
   6              		.eabi_attribute 20, 1
   7              		.eabi_attribute 21, 1
   8              		.eabi_attribute 23, 3
   9              		.eabi_attribute 24, 1
  10              		.eabi_attribute 25, 1
  11              		.eabi_attribute 26, 1
  12              		.eabi_attribute 30, 1
  13              		.eabi_attribute 34, 1
  14              		.eabi_attribute 18, 4
  15              		.file	"gpio.c"
  16              		.text
  17              	.Ltext0:
  18              		.cfi_sections	.debug_frame
  19              		.section	.text.MX_GPIO_Init,"ax",%progbits
  20              		.align	1
  21              		.global	MX_GPIO_Init
  22              		.syntax unified
  23              		.thumb
  24              		.thumb_func
  26              	MX_GPIO_Init:
  27              	.LFB822:
  28              		.file 1 "board/stm32f401rct6/Core/Src/gpio.c"
   1:board/stm32f401rct6/Core/Src/gpio.c **** /* USER CODE BEGIN Header */
   2:board/stm32f401rct6/Core/Src/gpio.c **** /**
   3:board/stm32f401rct6/Core/Src/gpio.c ****   ******************************************************************************
   4:board/stm32f401rct6/Core/Src/gpio.c ****   * @file    gpio.c
   5:board/stm32f401rct6/Core/Src/gpio.c ****   * @brief   This file provides code for the configuration
   6:board/stm32f401rct6/Core/Src/gpio.c ****   *          of all used GPIO pins.
   7:board/stm32f401rct6/Core/Src/gpio.c ****   ******************************************************************************
   8:board/stm32f401rct6/Core/Src/gpio.c ****   * @attention
   9:board/stm32f401rct6/Core/Src/gpio.c ****   *
  10:board/stm32f401rct6/Core/Src/gpio.c ****   * Copyright (c) 2025 STMicroelectronics.
  11:board/stm32f401rct6/Core/Src/gpio.c ****   * All rights reserved.
  12:board/stm32f401rct6/Core/Src/gpio.c ****   *
  13:board/stm32f401rct6/Core/Src/gpio.c ****   * This software is licensed under terms that can be found in the LICENSE file
  14:board/stm32f401rct6/Core/Src/gpio.c ****   * in the root directory of this software component.
  15:board/stm32f401rct6/Core/Src/gpio.c ****   * If no LICENSE file comes with this software, it is provided AS-IS.
  16:board/stm32f401rct6/Core/Src/gpio.c ****   *
  17:board/stm32f401rct6/Core/Src/gpio.c ****   ******************************************************************************
  18:board/stm32f401rct6/Core/Src/gpio.c ****   */
  19:board/stm32f401rct6/Core/Src/gpio.c **** /* USER CODE END Header */
  20:board/stm32f401rct6/Core/Src/gpio.c **** 
  21:board/stm32f401rct6/Core/Src/gpio.c **** /* Includes ------------------------------------------------------------------*/
  22:board/stm32f401rct6/Core/Src/gpio.c **** #include "gpio.h"
  23:board/stm32f401rct6/Core/Src/gpio.c **** 
  24:board/stm32f401rct6/Core/Src/gpio.c **** /* USER CODE BEGIN 0 */
  25:board/stm32f401rct6/Core/Src/gpio.c **** 
  26:board/stm32f401rct6/Core/Src/gpio.c **** /* USER CODE END 0 */
  27:board/stm32f401rct6/Core/Src/gpio.c **** 
  28:board/stm32f401rct6/Core/Src/gpio.c **** /*----------------------------------------------------------------------------*/
  29:board/stm32f401rct6/Core/Src/gpio.c **** /* Configure GPIO                                                             */
  30:board/stm32f401rct6/Core/Src/gpio.c **** /*----------------------------------------------------------------------------*/
ARM GAS  C:\Users\Admin\AppData\Local\Temp\cc3IBrMn.s 			page 2


  31:board/stm32f401rct6/Core/Src/gpio.c **** /* USER CODE BEGIN 1 */
  32:board/stm32f401rct6/Core/Src/gpio.c **** 
  33:board/stm32f401rct6/Core/Src/gpio.c **** /* USER CODE END 1 */
  34:board/stm32f401rct6/Core/Src/gpio.c **** 
  35:board/stm32f401rct6/Core/Src/gpio.c **** /** Configure pins
  36:board/stm32f401rct6/Core/Src/gpio.c **** */
  37:board/stm32f401rct6/Core/Src/gpio.c **** void MX_GPIO_Init(void)
  38:board/stm32f401rct6/Core/Src/gpio.c **** {
  29              		.loc 1 38 1 view -0
  30              		.cfi_startproc
  31              		@ args = 0, pretend = 0, frame = 32
  32              		@ frame_needed = 0, uses_anonymous_args = 0
  33 0000 2DE9F041 		push	{r4, r5, r6, r7, r8, lr}
  34              	.LCFI0:
  35              		.cfi_def_cfa_offset 24
  36              		.cfi_offset 4, -24
  37              		.cfi_offset 5, -20
  38              		.cfi_offset 6, -16
  39              		.cfi_offset 7, -12
  40              		.cfi_offset 8, -8
  41              		.cfi_offset 14, -4
  42 0004 88B0     		sub	sp, sp, #32
  43              	.LCFI1:
  44              		.cfi_def_cfa_offset 56
  39:board/stm32f401rct6/Core/Src/gpio.c **** 
  40:board/stm32f401rct6/Core/Src/gpio.c ****   LL_GPIO_InitTypeDef GPIO_InitStruct = {0};
  45              		.loc 1 40 3 view .LVU1
  46              		.loc 1 40 23 is_stmt 0 view .LVU2
  47 0006 0024     		movs	r4, #0
  48 0008 0294     		str	r4, [sp, #8]
  49 000a 0394     		str	r4, [sp, #12]
  50 000c 0494     		str	r4, [sp, #16]
  51 000e 0594     		str	r4, [sp, #20]
  52 0010 0694     		str	r4, [sp, #24]
  53 0012 0794     		str	r4, [sp, #28]
  41:board/stm32f401rct6/Core/Src/gpio.c **** 
  42:board/stm32f401rct6/Core/Src/gpio.c ****   /* GPIO Ports Clock Enable */
  43:board/stm32f401rct6/Core/Src/gpio.c ****   LL_AHB1_GRP1_EnableClock(LL_AHB1_GRP1_PERIPH_GPIOA);
  54              		.loc 1 43 3 is_stmt 1 view .LVU3
  55              	.LVL0:
  56              	.LBB10:
  57              	.LBI10:
  58              		.file 2 "board/stm32f401rct6/Drivers/STM32F4xx_HAL_Driver/Inc/stm32f4xx_ll_bus.h"
   1:board/stm32f401rct6/Drivers/STM32F4xx_HAL_Driver/Inc/stm32f4xx_ll_bus.h **** /**
   2:board/stm32f401rct6/Drivers/STM32F4xx_HAL_Driver/Inc/stm32f4xx_ll_bus.h ****   ******************************************************************************
   3:board/stm32f401rct6/Drivers/STM32F4xx_HAL_Driver/Inc/stm32f4xx_ll_bus.h ****   * @file    stm32f4xx_ll_bus.h
   4:board/stm32f401rct6/Drivers/STM32F4xx_HAL_Driver/Inc/stm32f4xx_ll_bus.h ****   * @author  MCD Application Team
   5:board/stm32f401rct6/Drivers/STM32F4xx_HAL_Driver/Inc/stm32f4xx_ll_bus.h ****   * @brief   Header file of BUS LL module.
   6:board/stm32f401rct6/Drivers/STM32F4xx_HAL_Driver/Inc/stm32f4xx_ll_bus.h **** 
   7:board/stm32f401rct6/Drivers/STM32F4xx_HAL_Driver/Inc/stm32f4xx_ll_bus.h ****   @verbatim
   8:board/stm32f401rct6/Drivers/STM32F4xx_HAL_Driver/Inc/stm32f4xx_ll_bus.h ****                       ##### RCC Limitations #####
   9:board/stm32f401rct6/Drivers/STM32F4xx_HAL_Driver/Inc/stm32f4xx_ll_bus.h ****   ==============================================================================
  10:board/stm32f401rct6/Drivers/STM32F4xx_HAL_Driver/Inc/stm32f4xx_ll_bus.h ****     [..]
  11:board/stm32f401rct6/Drivers/STM32F4xx_HAL_Driver/Inc/stm32f4xx_ll_bus.h ****       A delay between an RCC peripheral clock enable and the effective peripheral
  12:board/stm32f401rct6/Drivers/STM32F4xx_HAL_Driver/Inc/stm32f4xx_ll_bus.h ****       enabling should be taken into account in order to manage the peripheral read/write
  13:board/stm32f401rct6/Drivers/STM32F4xx_HAL_Driver/Inc/stm32f4xx_ll_bus.h ****       from/to registers.
  14:board/stm32f401rct6/Drivers/STM32F4xx_HAL_Driver/Inc/stm32f4xx_ll_bus.h ****       (+) This delay depends on the peripheral mapping.
ARM GAS  C:\Users\Admin\AppData\Local\Temp\cc3IBrMn.s 			page 3


  15:board/stm32f401rct6/Drivers/STM32F4xx_HAL_Driver/Inc/stm32f4xx_ll_bus.h ****         (++) AHB & APB peripherals, 1 dummy read is necessary
  16:board/stm32f401rct6/Drivers/STM32F4xx_HAL_Driver/Inc/stm32f4xx_ll_bus.h **** 
  17:board/stm32f401rct6/Drivers/STM32F4xx_HAL_Driver/Inc/stm32f4xx_ll_bus.h ****     [..]
  18:board/stm32f401rct6/Drivers/STM32F4xx_HAL_Driver/Inc/stm32f4xx_ll_bus.h ****       Workarounds:
  19:board/stm32f401rct6/Drivers/STM32F4xx_HAL_Driver/Inc/stm32f4xx_ll_bus.h ****       (#) For AHB & APB peripherals, a dummy read to the peripheral register has been
  20:board/stm32f401rct6/Drivers/STM32F4xx_HAL_Driver/Inc/stm32f4xx_ll_bus.h ****           inserted in each LL_{BUS}_GRP{x}_EnableClock() function.
  21:board/stm32f401rct6/Drivers/STM32F4xx_HAL_Driver/Inc/stm32f4xx_ll_bus.h **** 
  22:board/stm32f401rct6/Drivers/STM32F4xx_HAL_Driver/Inc/stm32f4xx_ll_bus.h ****   @endverbatim
  23:board/stm32f401rct6/Drivers/STM32F4xx_HAL_Driver/Inc/stm32f4xx_ll_bus.h ****   ******************************************************************************
  24:board/stm32f401rct6/Drivers/STM32F4xx_HAL_Driver/Inc/stm32f4xx_ll_bus.h ****   * @attention
  25:board/stm32f401rct6/Drivers/STM32F4xx_HAL_Driver/Inc/stm32f4xx_ll_bus.h ****   *
  26:board/stm32f401rct6/Drivers/STM32F4xx_HAL_Driver/Inc/stm32f4xx_ll_bus.h ****   * Copyright (c) 2017 STMicroelectronics.
  27:board/stm32f401rct6/Drivers/STM32F4xx_HAL_Driver/Inc/stm32f4xx_ll_bus.h ****   * All rights reserved.
  28:board/stm32f401rct6/Drivers/STM32F4xx_HAL_Driver/Inc/stm32f4xx_ll_bus.h ****   *
  29:board/stm32f401rct6/Drivers/STM32F4xx_HAL_Driver/Inc/stm32f4xx_ll_bus.h ****   * This software is licensed under terms that can be found in the LICENSE file in
  30:board/stm32f401rct6/Drivers/STM32F4xx_HAL_Driver/Inc/stm32f4xx_ll_bus.h ****   * the root directory of this software component.
  31:board/stm32f401rct6/Drivers/STM32F4xx_HAL_Driver/Inc/stm32f4xx_ll_bus.h ****   * If no LICENSE file comes with this software, it is provided AS-IS.
  32:board/stm32f401rct6/Drivers/STM32F4xx_HAL_Driver/Inc/stm32f4xx_ll_bus.h ****   ******************************************************************************
  33:board/stm32f401rct6/Drivers/STM32F4xx_HAL_Driver/Inc/stm32f4xx_ll_bus.h ****   */
  34:board/stm32f401rct6/Drivers/STM32F4xx_HAL_Driver/Inc/stm32f4xx_ll_bus.h **** 
  35:board/stm32f401rct6/Drivers/STM32F4xx_HAL_Driver/Inc/stm32f4xx_ll_bus.h **** /* Define to prevent recursive inclusion -------------------------------------*/
  36:board/stm32f401rct6/Drivers/STM32F4xx_HAL_Driver/Inc/stm32f4xx_ll_bus.h **** #ifndef __STM32F4xx_LL_BUS_H
  37:board/stm32f401rct6/Drivers/STM32F4xx_HAL_Driver/Inc/stm32f4xx_ll_bus.h **** #define __STM32F4xx_LL_BUS_H
  38:board/stm32f401rct6/Drivers/STM32F4xx_HAL_Driver/Inc/stm32f4xx_ll_bus.h **** 
  39:board/stm32f401rct6/Drivers/STM32F4xx_HAL_Driver/Inc/stm32f4xx_ll_bus.h **** #ifdef __cplusplus
  40:board/stm32f401rct6/Drivers/STM32F4xx_HAL_Driver/Inc/stm32f4xx_ll_bus.h **** extern "C" {
  41:board/stm32f401rct6/Drivers/STM32F4xx_HAL_Driver/Inc/stm32f4xx_ll_bus.h **** #endif
  42:board/stm32f401rct6/Drivers/STM32F4xx_HAL_Driver/Inc/stm32f4xx_ll_bus.h **** 
  43:board/stm32f401rct6/Drivers/STM32F4xx_HAL_Driver/Inc/stm32f4xx_ll_bus.h **** /* Includes ------------------------------------------------------------------*/
  44:board/stm32f401rct6/Drivers/STM32F4xx_HAL_Driver/Inc/stm32f4xx_ll_bus.h **** #include "stm32f4xx.h"
  45:board/stm32f401rct6/Drivers/STM32F4xx_HAL_Driver/Inc/stm32f4xx_ll_bus.h **** 
  46:board/stm32f401rct6/Drivers/STM32F4xx_HAL_Driver/Inc/stm32f4xx_ll_bus.h **** /** @addtogroup STM32F4xx_LL_Driver
  47:board/stm32f401rct6/Drivers/STM32F4xx_HAL_Driver/Inc/stm32f4xx_ll_bus.h ****   * @{
  48:board/stm32f401rct6/Drivers/STM32F4xx_HAL_Driver/Inc/stm32f4xx_ll_bus.h ****   */
  49:board/stm32f401rct6/Drivers/STM32F4xx_HAL_Driver/Inc/stm32f4xx_ll_bus.h **** 
  50:board/stm32f401rct6/Drivers/STM32F4xx_HAL_Driver/Inc/stm32f4xx_ll_bus.h **** #if defined(RCC)
  51:board/stm32f401rct6/Drivers/STM32F4xx_HAL_Driver/Inc/stm32f4xx_ll_bus.h **** 
  52:board/stm32f401rct6/Drivers/STM32F4xx_HAL_Driver/Inc/stm32f4xx_ll_bus.h **** /** @defgroup BUS_LL BUS
  53:board/stm32f401rct6/Drivers/STM32F4xx_HAL_Driver/Inc/stm32f4xx_ll_bus.h ****   * @{
  54:board/stm32f401rct6/Drivers/STM32F4xx_HAL_Driver/Inc/stm32f4xx_ll_bus.h ****   */
  55:board/stm32f401rct6/Drivers/STM32F4xx_HAL_Driver/Inc/stm32f4xx_ll_bus.h **** 
  56:board/stm32f401rct6/Drivers/STM32F4xx_HAL_Driver/Inc/stm32f4xx_ll_bus.h **** /* Private types -------------------------------------------------------------*/
  57:board/stm32f401rct6/Drivers/STM32F4xx_HAL_Driver/Inc/stm32f4xx_ll_bus.h **** /* Private variables ---------------------------------------------------------*/
  58:board/stm32f401rct6/Drivers/STM32F4xx_HAL_Driver/Inc/stm32f4xx_ll_bus.h **** /* Private constants ---------------------------------------------------------*/
  59:board/stm32f401rct6/Drivers/STM32F4xx_HAL_Driver/Inc/stm32f4xx_ll_bus.h **** /* Private macros ------------------------------------------------------------*/
  60:board/stm32f401rct6/Drivers/STM32F4xx_HAL_Driver/Inc/stm32f4xx_ll_bus.h **** /* Exported types ------------------------------------------------------------*/
  61:board/stm32f401rct6/Drivers/STM32F4xx_HAL_Driver/Inc/stm32f4xx_ll_bus.h **** /* Exported constants --------------------------------------------------------*/
  62:board/stm32f401rct6/Drivers/STM32F4xx_HAL_Driver/Inc/stm32f4xx_ll_bus.h **** /** @defgroup BUS_LL_Exported_Constants BUS Exported Constants
  63:board/stm32f401rct6/Drivers/STM32F4xx_HAL_Driver/Inc/stm32f4xx_ll_bus.h ****   * @{
  64:board/stm32f401rct6/Drivers/STM32F4xx_HAL_Driver/Inc/stm32f4xx_ll_bus.h ****   */
  65:board/stm32f401rct6/Drivers/STM32F4xx_HAL_Driver/Inc/stm32f4xx_ll_bus.h **** 
  66:board/stm32f401rct6/Drivers/STM32F4xx_HAL_Driver/Inc/stm32f4xx_ll_bus.h **** /** @defgroup BUS_LL_EC_AHB1_GRP1_PERIPH  AHB1 GRP1 PERIPH
  67:board/stm32f401rct6/Drivers/STM32F4xx_HAL_Driver/Inc/stm32f4xx_ll_bus.h ****   * @{
  68:board/stm32f401rct6/Drivers/STM32F4xx_HAL_Driver/Inc/stm32f4xx_ll_bus.h ****   */
  69:board/stm32f401rct6/Drivers/STM32F4xx_HAL_Driver/Inc/stm32f4xx_ll_bus.h **** #define LL_AHB1_GRP1_PERIPH_ALL             0xFFFFFFFFU
  70:board/stm32f401rct6/Drivers/STM32F4xx_HAL_Driver/Inc/stm32f4xx_ll_bus.h **** #define LL_AHB1_GRP1_PERIPH_GPIOA           RCC_AHB1ENR_GPIOAEN
  71:board/stm32f401rct6/Drivers/STM32F4xx_HAL_Driver/Inc/stm32f4xx_ll_bus.h **** #define LL_AHB1_GRP1_PERIPH_GPIOB           RCC_AHB1ENR_GPIOBEN
ARM GAS  C:\Users\Admin\AppData\Local\Temp\cc3IBrMn.s 			page 4


  72:board/stm32f401rct6/Drivers/STM32F4xx_HAL_Driver/Inc/stm32f4xx_ll_bus.h **** #define LL_AHB1_GRP1_PERIPH_GPIOC           RCC_AHB1ENR_GPIOCEN
  73:board/stm32f401rct6/Drivers/STM32F4xx_HAL_Driver/Inc/stm32f4xx_ll_bus.h **** #if defined(GPIOD)
  74:board/stm32f401rct6/Drivers/STM32F4xx_HAL_Driver/Inc/stm32f4xx_ll_bus.h **** #define LL_AHB1_GRP1_PERIPH_GPIOD           RCC_AHB1ENR_GPIODEN
  75:board/stm32f401rct6/Drivers/STM32F4xx_HAL_Driver/Inc/stm32f4xx_ll_bus.h **** #endif /* GPIOD */
  76:board/stm32f401rct6/Drivers/STM32F4xx_HAL_Driver/Inc/stm32f4xx_ll_bus.h **** #if defined(GPIOE)
  77:board/stm32f401rct6/Drivers/STM32F4xx_HAL_Driver/Inc/stm32f4xx_ll_bus.h **** #define LL_AHB1_GRP1_PERIPH_GPIOE           RCC_AHB1ENR_GPIOEEN
  78:board/stm32f401rct6/Drivers/STM32F4xx_HAL_Driver/Inc/stm32f4xx_ll_bus.h **** #endif /* GPIOE */
  79:board/stm32f401rct6/Drivers/STM32F4xx_HAL_Driver/Inc/stm32f4xx_ll_bus.h **** #if defined(GPIOF)
  80:board/stm32f401rct6/Drivers/STM32F4xx_HAL_Driver/Inc/stm32f4xx_ll_bus.h **** #define LL_AHB1_GRP1_PERIPH_GPIOF           RCC_AHB1ENR_GPIOFEN
  81:board/stm32f401rct6/Drivers/STM32F4xx_HAL_Driver/Inc/stm32f4xx_ll_bus.h **** #endif /* GPIOF */
  82:board/stm32f401rct6/Drivers/STM32F4xx_HAL_Driver/Inc/stm32f4xx_ll_bus.h **** #if defined(GPIOG)
  83:board/stm32f401rct6/Drivers/STM32F4xx_HAL_Driver/Inc/stm32f4xx_ll_bus.h **** #define LL_AHB1_GRP1_PERIPH_GPIOG           RCC_AHB1ENR_GPIOGEN
  84:board/stm32f401rct6/Drivers/STM32F4xx_HAL_Driver/Inc/stm32f4xx_ll_bus.h **** #endif /* GPIOG */
  85:board/stm32f401rct6/Drivers/STM32F4xx_HAL_Driver/Inc/stm32f4xx_ll_bus.h **** #if defined(GPIOH)
  86:board/stm32f401rct6/Drivers/STM32F4xx_HAL_Driver/Inc/stm32f4xx_ll_bus.h **** #define LL_AHB1_GRP1_PERIPH_GPIOH           RCC_AHB1ENR_GPIOHEN
  87:board/stm32f401rct6/Drivers/STM32F4xx_HAL_Driver/Inc/stm32f4xx_ll_bus.h **** #endif /* GPIOH */
  88:board/stm32f401rct6/Drivers/STM32F4xx_HAL_Driver/Inc/stm32f4xx_ll_bus.h **** #if defined(GPIOI)
  89:board/stm32f401rct6/Drivers/STM32F4xx_HAL_Driver/Inc/stm32f4xx_ll_bus.h **** #define LL_AHB1_GRP1_PERIPH_GPIOI           RCC_AHB1ENR_GPIOIEN
  90:board/stm32f401rct6/Drivers/STM32F4xx_HAL_Driver/Inc/stm32f4xx_ll_bus.h **** #endif /* GPIOI */
  91:board/stm32f401rct6/Drivers/STM32F4xx_HAL_Driver/Inc/stm32f4xx_ll_bus.h **** #if defined(GPIOJ)
  92:board/stm32f401rct6/Drivers/STM32F4xx_HAL_Driver/Inc/stm32f4xx_ll_bus.h **** #define LL_AHB1_GRP1_PERIPH_GPIOJ           RCC_AHB1ENR_GPIOJEN
  93:board/stm32f401rct6/Drivers/STM32F4xx_HAL_Driver/Inc/stm32f4xx_ll_bus.h **** #endif /* GPIOJ */
  94:board/stm32f401rct6/Drivers/STM32F4xx_HAL_Driver/Inc/stm32f4xx_ll_bus.h **** #if defined(GPIOK)
  95:board/stm32f401rct6/Drivers/STM32F4xx_HAL_Driver/Inc/stm32f4xx_ll_bus.h **** #define LL_AHB1_GRP1_PERIPH_GPIOK           RCC_AHB1ENR_GPIOKEN
  96:board/stm32f401rct6/Drivers/STM32F4xx_HAL_Driver/Inc/stm32f4xx_ll_bus.h **** #endif /* GPIOK */
  97:board/stm32f401rct6/Drivers/STM32F4xx_HAL_Driver/Inc/stm32f4xx_ll_bus.h **** #define LL_AHB1_GRP1_PERIPH_CRC             RCC_AHB1ENR_CRCEN
  98:board/stm32f401rct6/Drivers/STM32F4xx_HAL_Driver/Inc/stm32f4xx_ll_bus.h **** #if defined(RCC_AHB1ENR_BKPSRAMEN)
  99:board/stm32f401rct6/Drivers/STM32F4xx_HAL_Driver/Inc/stm32f4xx_ll_bus.h **** #define LL_AHB1_GRP1_PERIPH_BKPSRAM         RCC_AHB1ENR_BKPSRAMEN
 100:board/stm32f401rct6/Drivers/STM32F4xx_HAL_Driver/Inc/stm32f4xx_ll_bus.h **** #endif /* RCC_AHB1ENR_BKPSRAMEN */
 101:board/stm32f401rct6/Drivers/STM32F4xx_HAL_Driver/Inc/stm32f4xx_ll_bus.h **** #if defined(RCC_AHB1ENR_CCMDATARAMEN)
 102:board/stm32f401rct6/Drivers/STM32F4xx_HAL_Driver/Inc/stm32f4xx_ll_bus.h **** #define LL_AHB1_GRP1_PERIPH_CCMDATARAM      RCC_AHB1ENR_CCMDATARAMEN
 103:board/stm32f401rct6/Drivers/STM32F4xx_HAL_Driver/Inc/stm32f4xx_ll_bus.h **** #endif /* RCC_AHB1ENR_CCMDATARAMEN */
 104:board/stm32f401rct6/Drivers/STM32F4xx_HAL_Driver/Inc/stm32f4xx_ll_bus.h **** #define LL_AHB1_GRP1_PERIPH_DMA1            RCC_AHB1ENR_DMA1EN
 105:board/stm32f401rct6/Drivers/STM32F4xx_HAL_Driver/Inc/stm32f4xx_ll_bus.h **** #define LL_AHB1_GRP1_PERIPH_DMA2            RCC_AHB1ENR_DMA2EN
 106:board/stm32f401rct6/Drivers/STM32F4xx_HAL_Driver/Inc/stm32f4xx_ll_bus.h **** #if defined(RCC_AHB1ENR_RNGEN)
 107:board/stm32f401rct6/Drivers/STM32F4xx_HAL_Driver/Inc/stm32f4xx_ll_bus.h **** #define LL_AHB1_GRP1_PERIPH_RNG             RCC_AHB1ENR_RNGEN
 108:board/stm32f401rct6/Drivers/STM32F4xx_HAL_Driver/Inc/stm32f4xx_ll_bus.h **** #endif /* RCC_AHB1ENR_RNGEN */
 109:board/stm32f401rct6/Drivers/STM32F4xx_HAL_Driver/Inc/stm32f4xx_ll_bus.h **** #if defined(DMA2D)
 110:board/stm32f401rct6/Drivers/STM32F4xx_HAL_Driver/Inc/stm32f4xx_ll_bus.h **** #define LL_AHB1_GRP1_PERIPH_DMA2D           RCC_AHB1ENR_DMA2DEN
 111:board/stm32f401rct6/Drivers/STM32F4xx_HAL_Driver/Inc/stm32f4xx_ll_bus.h **** #endif /* DMA2D */
 112:board/stm32f401rct6/Drivers/STM32F4xx_HAL_Driver/Inc/stm32f4xx_ll_bus.h **** #if defined(ETH)
 113:board/stm32f401rct6/Drivers/STM32F4xx_HAL_Driver/Inc/stm32f4xx_ll_bus.h **** #define LL_AHB1_GRP1_PERIPH_ETHMAC          RCC_AHB1ENR_ETHMACEN
 114:board/stm32f401rct6/Drivers/STM32F4xx_HAL_Driver/Inc/stm32f4xx_ll_bus.h **** #define LL_AHB1_GRP1_PERIPH_ETHMACTX        RCC_AHB1ENR_ETHMACTXEN
 115:board/stm32f401rct6/Drivers/STM32F4xx_HAL_Driver/Inc/stm32f4xx_ll_bus.h **** #define LL_AHB1_GRP1_PERIPH_ETHMACRX        RCC_AHB1ENR_ETHMACRXEN
 116:board/stm32f401rct6/Drivers/STM32F4xx_HAL_Driver/Inc/stm32f4xx_ll_bus.h **** #define LL_AHB1_GRP1_PERIPH_ETHMACPTP       RCC_AHB1ENR_ETHMACPTPEN
 117:board/stm32f401rct6/Drivers/STM32F4xx_HAL_Driver/Inc/stm32f4xx_ll_bus.h **** #endif /* ETH */
 118:board/stm32f401rct6/Drivers/STM32F4xx_HAL_Driver/Inc/stm32f4xx_ll_bus.h **** #if defined(USB_OTG_HS)
 119:board/stm32f401rct6/Drivers/STM32F4xx_HAL_Driver/Inc/stm32f4xx_ll_bus.h **** #define LL_AHB1_GRP1_PERIPH_OTGHS           RCC_AHB1ENR_OTGHSEN
 120:board/stm32f401rct6/Drivers/STM32F4xx_HAL_Driver/Inc/stm32f4xx_ll_bus.h **** #define LL_AHB1_GRP1_PERIPH_OTGHSULPI       RCC_AHB1ENR_OTGHSULPIEN
 121:board/stm32f401rct6/Drivers/STM32F4xx_HAL_Driver/Inc/stm32f4xx_ll_bus.h **** #endif /* USB_OTG_HS */
 122:board/stm32f401rct6/Drivers/STM32F4xx_HAL_Driver/Inc/stm32f4xx_ll_bus.h **** #define LL_AHB1_GRP1_PERIPH_FLITF           RCC_AHB1LPENR_FLITFLPEN
 123:board/stm32f401rct6/Drivers/STM32F4xx_HAL_Driver/Inc/stm32f4xx_ll_bus.h **** #define LL_AHB1_GRP1_PERIPH_SRAM1           RCC_AHB1LPENR_SRAM1LPEN
 124:board/stm32f401rct6/Drivers/STM32F4xx_HAL_Driver/Inc/stm32f4xx_ll_bus.h **** #if defined(RCC_AHB1LPENR_SRAM2LPEN)
 125:board/stm32f401rct6/Drivers/STM32F4xx_HAL_Driver/Inc/stm32f4xx_ll_bus.h **** #define LL_AHB1_GRP1_PERIPH_SRAM2           RCC_AHB1LPENR_SRAM2LPEN
 126:board/stm32f401rct6/Drivers/STM32F4xx_HAL_Driver/Inc/stm32f4xx_ll_bus.h **** #endif /* RCC_AHB1LPENR_SRAM2LPEN */
 127:board/stm32f401rct6/Drivers/STM32F4xx_HAL_Driver/Inc/stm32f4xx_ll_bus.h **** #if defined(RCC_AHB1LPENR_SRAM3LPEN)
 128:board/stm32f401rct6/Drivers/STM32F4xx_HAL_Driver/Inc/stm32f4xx_ll_bus.h **** #define LL_AHB1_GRP1_PERIPH_SRAM3           RCC_AHB1LPENR_SRAM3LPEN
ARM GAS  C:\Users\Admin\AppData\Local\Temp\cc3IBrMn.s 			page 5


 129:board/stm32f401rct6/Drivers/STM32F4xx_HAL_Driver/Inc/stm32f4xx_ll_bus.h **** #endif /* RCC_AHB1LPENR_SRAM3LPEN */
 130:board/stm32f401rct6/Drivers/STM32F4xx_HAL_Driver/Inc/stm32f4xx_ll_bus.h **** /**
 131:board/stm32f401rct6/Drivers/STM32F4xx_HAL_Driver/Inc/stm32f4xx_ll_bus.h ****   * @}
 132:board/stm32f401rct6/Drivers/STM32F4xx_HAL_Driver/Inc/stm32f4xx_ll_bus.h ****   */
 133:board/stm32f401rct6/Drivers/STM32F4xx_HAL_Driver/Inc/stm32f4xx_ll_bus.h **** 
 134:board/stm32f401rct6/Drivers/STM32F4xx_HAL_Driver/Inc/stm32f4xx_ll_bus.h **** #if defined(RCC_AHB2_SUPPORT)
 135:board/stm32f401rct6/Drivers/STM32F4xx_HAL_Driver/Inc/stm32f4xx_ll_bus.h **** /** @defgroup BUS_LL_EC_AHB2_GRP1_PERIPH  AHB2 GRP1 PERIPH
 136:board/stm32f401rct6/Drivers/STM32F4xx_HAL_Driver/Inc/stm32f4xx_ll_bus.h ****   * @{
 137:board/stm32f401rct6/Drivers/STM32F4xx_HAL_Driver/Inc/stm32f4xx_ll_bus.h ****   */
 138:board/stm32f401rct6/Drivers/STM32F4xx_HAL_Driver/Inc/stm32f4xx_ll_bus.h **** #define LL_AHB2_GRP1_PERIPH_ALL            0xFFFFFFFFU
 139:board/stm32f401rct6/Drivers/STM32F4xx_HAL_Driver/Inc/stm32f4xx_ll_bus.h **** #if defined(DCMI)
 140:board/stm32f401rct6/Drivers/STM32F4xx_HAL_Driver/Inc/stm32f4xx_ll_bus.h **** #define LL_AHB2_GRP1_PERIPH_DCMI           RCC_AHB2ENR_DCMIEN
 141:board/stm32f401rct6/Drivers/STM32F4xx_HAL_Driver/Inc/stm32f4xx_ll_bus.h **** #endif /* DCMI */
 142:board/stm32f401rct6/Drivers/STM32F4xx_HAL_Driver/Inc/stm32f4xx_ll_bus.h **** #if defined(CRYP)
 143:board/stm32f401rct6/Drivers/STM32F4xx_HAL_Driver/Inc/stm32f4xx_ll_bus.h **** #define LL_AHB2_GRP1_PERIPH_CRYP           RCC_AHB2ENR_CRYPEN
 144:board/stm32f401rct6/Drivers/STM32F4xx_HAL_Driver/Inc/stm32f4xx_ll_bus.h **** #endif /* CRYP */
 145:board/stm32f401rct6/Drivers/STM32F4xx_HAL_Driver/Inc/stm32f4xx_ll_bus.h **** #if defined(AES)
 146:board/stm32f401rct6/Drivers/STM32F4xx_HAL_Driver/Inc/stm32f4xx_ll_bus.h **** #define LL_AHB2_GRP1_PERIPH_AES            RCC_AHB2ENR_AESEN
 147:board/stm32f401rct6/Drivers/STM32F4xx_HAL_Driver/Inc/stm32f4xx_ll_bus.h **** #endif /* AES */
 148:board/stm32f401rct6/Drivers/STM32F4xx_HAL_Driver/Inc/stm32f4xx_ll_bus.h **** #if defined(HASH)
 149:board/stm32f401rct6/Drivers/STM32F4xx_HAL_Driver/Inc/stm32f4xx_ll_bus.h **** #define LL_AHB2_GRP1_PERIPH_HASH           RCC_AHB2ENR_HASHEN
 150:board/stm32f401rct6/Drivers/STM32F4xx_HAL_Driver/Inc/stm32f4xx_ll_bus.h **** #endif /* HASH */
 151:board/stm32f401rct6/Drivers/STM32F4xx_HAL_Driver/Inc/stm32f4xx_ll_bus.h **** #if defined(RCC_AHB2ENR_RNGEN)
 152:board/stm32f401rct6/Drivers/STM32F4xx_HAL_Driver/Inc/stm32f4xx_ll_bus.h **** #define LL_AHB2_GRP1_PERIPH_RNG            RCC_AHB2ENR_RNGEN
 153:board/stm32f401rct6/Drivers/STM32F4xx_HAL_Driver/Inc/stm32f4xx_ll_bus.h **** #endif /* RCC_AHB2ENR_RNGEN */
 154:board/stm32f401rct6/Drivers/STM32F4xx_HAL_Driver/Inc/stm32f4xx_ll_bus.h **** #if defined(USB_OTG_FS)
 155:board/stm32f401rct6/Drivers/STM32F4xx_HAL_Driver/Inc/stm32f4xx_ll_bus.h **** #define LL_AHB2_GRP1_PERIPH_OTGFS          RCC_AHB2ENR_OTGFSEN
 156:board/stm32f401rct6/Drivers/STM32F4xx_HAL_Driver/Inc/stm32f4xx_ll_bus.h **** #endif /* USB_OTG_FS */
 157:board/stm32f401rct6/Drivers/STM32F4xx_HAL_Driver/Inc/stm32f4xx_ll_bus.h **** /**
 158:board/stm32f401rct6/Drivers/STM32F4xx_HAL_Driver/Inc/stm32f4xx_ll_bus.h ****   * @}
 159:board/stm32f401rct6/Drivers/STM32F4xx_HAL_Driver/Inc/stm32f4xx_ll_bus.h ****   */
 160:board/stm32f401rct6/Drivers/STM32F4xx_HAL_Driver/Inc/stm32f4xx_ll_bus.h **** #endif /* RCC_AHB2_SUPPORT */
 161:board/stm32f401rct6/Drivers/STM32F4xx_HAL_Driver/Inc/stm32f4xx_ll_bus.h **** 
 162:board/stm32f401rct6/Drivers/STM32F4xx_HAL_Driver/Inc/stm32f4xx_ll_bus.h **** #if defined(RCC_AHB3_SUPPORT)
 163:board/stm32f401rct6/Drivers/STM32F4xx_HAL_Driver/Inc/stm32f4xx_ll_bus.h **** /** @defgroup BUS_LL_EC_AHB3_GRP1_PERIPH  AHB3 GRP1 PERIPH
 164:board/stm32f401rct6/Drivers/STM32F4xx_HAL_Driver/Inc/stm32f4xx_ll_bus.h ****   * @{
 165:board/stm32f401rct6/Drivers/STM32F4xx_HAL_Driver/Inc/stm32f4xx_ll_bus.h ****   */
 166:board/stm32f401rct6/Drivers/STM32F4xx_HAL_Driver/Inc/stm32f4xx_ll_bus.h **** #define LL_AHB3_GRP1_PERIPH_ALL            0xFFFFFFFFU
 167:board/stm32f401rct6/Drivers/STM32F4xx_HAL_Driver/Inc/stm32f4xx_ll_bus.h **** #if defined(FSMC_Bank1)
 168:board/stm32f401rct6/Drivers/STM32F4xx_HAL_Driver/Inc/stm32f4xx_ll_bus.h **** #define LL_AHB3_GRP1_PERIPH_FSMC           RCC_AHB3ENR_FSMCEN
 169:board/stm32f401rct6/Drivers/STM32F4xx_HAL_Driver/Inc/stm32f4xx_ll_bus.h **** #endif /* FSMC_Bank1 */
 170:board/stm32f401rct6/Drivers/STM32F4xx_HAL_Driver/Inc/stm32f4xx_ll_bus.h **** #if defined(FMC_Bank1)
 171:board/stm32f401rct6/Drivers/STM32F4xx_HAL_Driver/Inc/stm32f4xx_ll_bus.h **** #define LL_AHB3_GRP1_PERIPH_FMC            RCC_AHB3ENR_FMCEN
 172:board/stm32f401rct6/Drivers/STM32F4xx_HAL_Driver/Inc/stm32f4xx_ll_bus.h **** #endif /* FMC_Bank1 */
 173:board/stm32f401rct6/Drivers/STM32F4xx_HAL_Driver/Inc/stm32f4xx_ll_bus.h **** #if defined(QUADSPI)
 174:board/stm32f401rct6/Drivers/STM32F4xx_HAL_Driver/Inc/stm32f4xx_ll_bus.h **** #define LL_AHB3_GRP1_PERIPH_QSPI           RCC_AHB3ENR_QSPIEN
 175:board/stm32f401rct6/Drivers/STM32F4xx_HAL_Driver/Inc/stm32f4xx_ll_bus.h **** #endif /* QUADSPI */
 176:board/stm32f401rct6/Drivers/STM32F4xx_HAL_Driver/Inc/stm32f4xx_ll_bus.h **** /**
 177:board/stm32f401rct6/Drivers/STM32F4xx_HAL_Driver/Inc/stm32f4xx_ll_bus.h ****   * @}
 178:board/stm32f401rct6/Drivers/STM32F4xx_HAL_Driver/Inc/stm32f4xx_ll_bus.h ****   */
 179:board/stm32f401rct6/Drivers/STM32F4xx_HAL_Driver/Inc/stm32f4xx_ll_bus.h **** #endif /* RCC_AHB3_SUPPORT */
 180:board/stm32f401rct6/Drivers/STM32F4xx_HAL_Driver/Inc/stm32f4xx_ll_bus.h **** 
 181:board/stm32f401rct6/Drivers/STM32F4xx_HAL_Driver/Inc/stm32f4xx_ll_bus.h **** /** @defgroup BUS_LL_EC_APB1_GRP1_PERIPH  APB1 GRP1 PERIPH
 182:board/stm32f401rct6/Drivers/STM32F4xx_HAL_Driver/Inc/stm32f4xx_ll_bus.h ****   * @{
 183:board/stm32f401rct6/Drivers/STM32F4xx_HAL_Driver/Inc/stm32f4xx_ll_bus.h ****   */
 184:board/stm32f401rct6/Drivers/STM32F4xx_HAL_Driver/Inc/stm32f4xx_ll_bus.h **** #define LL_APB1_GRP1_PERIPH_ALL            0xFFFFFFFFU
 185:board/stm32f401rct6/Drivers/STM32F4xx_HAL_Driver/Inc/stm32f4xx_ll_bus.h **** #if defined(TIM2)
ARM GAS  C:\Users\Admin\AppData\Local\Temp\cc3IBrMn.s 			page 6


 186:board/stm32f401rct6/Drivers/STM32F4xx_HAL_Driver/Inc/stm32f4xx_ll_bus.h **** #define LL_APB1_GRP1_PERIPH_TIM2           RCC_APB1ENR_TIM2EN
 187:board/stm32f401rct6/Drivers/STM32F4xx_HAL_Driver/Inc/stm32f4xx_ll_bus.h **** #endif /* TIM2 */
 188:board/stm32f401rct6/Drivers/STM32F4xx_HAL_Driver/Inc/stm32f4xx_ll_bus.h **** #if defined(TIM3)
 189:board/stm32f401rct6/Drivers/STM32F4xx_HAL_Driver/Inc/stm32f4xx_ll_bus.h **** #define LL_APB1_GRP1_PERIPH_TIM3           RCC_APB1ENR_TIM3EN
 190:board/stm32f401rct6/Drivers/STM32F4xx_HAL_Driver/Inc/stm32f4xx_ll_bus.h **** #endif /* TIM3 */
 191:board/stm32f401rct6/Drivers/STM32F4xx_HAL_Driver/Inc/stm32f4xx_ll_bus.h **** #if defined(TIM4)
 192:board/stm32f401rct6/Drivers/STM32F4xx_HAL_Driver/Inc/stm32f4xx_ll_bus.h **** #define LL_APB1_GRP1_PERIPH_TIM4           RCC_APB1ENR_TIM4EN
 193:board/stm32f401rct6/Drivers/STM32F4xx_HAL_Driver/Inc/stm32f4xx_ll_bus.h **** #endif /* TIM4 */
 194:board/stm32f401rct6/Drivers/STM32F4xx_HAL_Driver/Inc/stm32f4xx_ll_bus.h **** #define LL_APB1_GRP1_PERIPH_TIM5           RCC_APB1ENR_TIM5EN
 195:board/stm32f401rct6/Drivers/STM32F4xx_HAL_Driver/Inc/stm32f4xx_ll_bus.h **** #if defined(TIM6)
 196:board/stm32f401rct6/Drivers/STM32F4xx_HAL_Driver/Inc/stm32f4xx_ll_bus.h **** #define LL_APB1_GRP1_PERIPH_TIM6           RCC_APB1ENR_TIM6EN
 197:board/stm32f401rct6/Drivers/STM32F4xx_HAL_Driver/Inc/stm32f4xx_ll_bus.h **** #endif /* TIM6 */
 198:board/stm32f401rct6/Drivers/STM32F4xx_HAL_Driver/Inc/stm32f4xx_ll_bus.h **** #if defined(TIM7)
 199:board/stm32f401rct6/Drivers/STM32F4xx_HAL_Driver/Inc/stm32f4xx_ll_bus.h **** #define LL_APB1_GRP1_PERIPH_TIM7           RCC_APB1ENR_TIM7EN
 200:board/stm32f401rct6/Drivers/STM32F4xx_HAL_Driver/Inc/stm32f4xx_ll_bus.h **** #endif /* TIM7 */
 201:board/stm32f401rct6/Drivers/STM32F4xx_HAL_Driver/Inc/stm32f4xx_ll_bus.h **** #if defined(TIM12)
 202:board/stm32f401rct6/Drivers/STM32F4xx_HAL_Driver/Inc/stm32f4xx_ll_bus.h **** #define LL_APB1_GRP1_PERIPH_TIM12          RCC_APB1ENR_TIM12EN
 203:board/stm32f401rct6/Drivers/STM32F4xx_HAL_Driver/Inc/stm32f4xx_ll_bus.h **** #endif /* TIM12 */
 204:board/stm32f401rct6/Drivers/STM32F4xx_HAL_Driver/Inc/stm32f4xx_ll_bus.h **** #if defined(TIM13)
 205:board/stm32f401rct6/Drivers/STM32F4xx_HAL_Driver/Inc/stm32f4xx_ll_bus.h **** #define LL_APB1_GRP1_PERIPH_TIM13          RCC_APB1ENR_TIM13EN
 206:board/stm32f401rct6/Drivers/STM32F4xx_HAL_Driver/Inc/stm32f4xx_ll_bus.h **** #endif /* TIM13 */
 207:board/stm32f401rct6/Drivers/STM32F4xx_HAL_Driver/Inc/stm32f4xx_ll_bus.h **** #if defined(TIM14)
 208:board/stm32f401rct6/Drivers/STM32F4xx_HAL_Driver/Inc/stm32f4xx_ll_bus.h **** #define LL_APB1_GRP1_PERIPH_TIM14          RCC_APB1ENR_TIM14EN
 209:board/stm32f401rct6/Drivers/STM32F4xx_HAL_Driver/Inc/stm32f4xx_ll_bus.h **** #endif /* TIM14 */
 210:board/stm32f401rct6/Drivers/STM32F4xx_HAL_Driver/Inc/stm32f4xx_ll_bus.h **** #if defined(LPTIM1)
 211:board/stm32f401rct6/Drivers/STM32F4xx_HAL_Driver/Inc/stm32f4xx_ll_bus.h **** #define LL_APB1_GRP1_PERIPH_LPTIM1         RCC_APB1ENR_LPTIM1EN
 212:board/stm32f401rct6/Drivers/STM32F4xx_HAL_Driver/Inc/stm32f4xx_ll_bus.h **** #endif /* LPTIM1 */
 213:board/stm32f401rct6/Drivers/STM32F4xx_HAL_Driver/Inc/stm32f4xx_ll_bus.h **** #if defined(RCC_APB1ENR_RTCAPBEN)
 214:board/stm32f401rct6/Drivers/STM32F4xx_HAL_Driver/Inc/stm32f4xx_ll_bus.h **** #define LL_APB1_GRP1_PERIPH_RTCAPB         RCC_APB1ENR_RTCAPBEN
 215:board/stm32f401rct6/Drivers/STM32F4xx_HAL_Driver/Inc/stm32f4xx_ll_bus.h **** #endif /* RCC_APB1ENR_RTCAPBEN */
 216:board/stm32f401rct6/Drivers/STM32F4xx_HAL_Driver/Inc/stm32f4xx_ll_bus.h **** #define LL_APB1_GRP1_PERIPH_WWDG           RCC_APB1ENR_WWDGEN
 217:board/stm32f401rct6/Drivers/STM32F4xx_HAL_Driver/Inc/stm32f4xx_ll_bus.h **** #if defined(SPI2)
 218:board/stm32f401rct6/Drivers/STM32F4xx_HAL_Driver/Inc/stm32f4xx_ll_bus.h **** #define LL_APB1_GRP1_PERIPH_SPI2           RCC_APB1ENR_SPI2EN
 219:board/stm32f401rct6/Drivers/STM32F4xx_HAL_Driver/Inc/stm32f4xx_ll_bus.h **** #endif /* SPI2 */
 220:board/stm32f401rct6/Drivers/STM32F4xx_HAL_Driver/Inc/stm32f4xx_ll_bus.h **** #if defined(SPI3)
 221:board/stm32f401rct6/Drivers/STM32F4xx_HAL_Driver/Inc/stm32f4xx_ll_bus.h **** #define LL_APB1_GRP1_PERIPH_SPI3           RCC_APB1ENR_SPI3EN
 222:board/stm32f401rct6/Drivers/STM32F4xx_HAL_Driver/Inc/stm32f4xx_ll_bus.h **** #endif /* SPI3 */
 223:board/stm32f401rct6/Drivers/STM32F4xx_HAL_Driver/Inc/stm32f4xx_ll_bus.h **** #if defined(SPDIFRX)
 224:board/stm32f401rct6/Drivers/STM32F4xx_HAL_Driver/Inc/stm32f4xx_ll_bus.h **** #define LL_APB1_GRP1_PERIPH_SPDIFRX        RCC_APB1ENR_SPDIFRXEN
 225:board/stm32f401rct6/Drivers/STM32F4xx_HAL_Driver/Inc/stm32f4xx_ll_bus.h **** #endif /* SPDIFRX */
 226:board/stm32f401rct6/Drivers/STM32F4xx_HAL_Driver/Inc/stm32f4xx_ll_bus.h **** #define LL_APB1_GRP1_PERIPH_USART2         RCC_APB1ENR_USART2EN
 227:board/stm32f401rct6/Drivers/STM32F4xx_HAL_Driver/Inc/stm32f4xx_ll_bus.h **** #if defined(USART3)
 228:board/stm32f401rct6/Drivers/STM32F4xx_HAL_Driver/Inc/stm32f4xx_ll_bus.h **** #define LL_APB1_GRP1_PERIPH_USART3         RCC_APB1ENR_USART3EN
 229:board/stm32f401rct6/Drivers/STM32F4xx_HAL_Driver/Inc/stm32f4xx_ll_bus.h **** #endif /* USART3 */
 230:board/stm32f401rct6/Drivers/STM32F4xx_HAL_Driver/Inc/stm32f4xx_ll_bus.h **** #if defined(UART4)
 231:board/stm32f401rct6/Drivers/STM32F4xx_HAL_Driver/Inc/stm32f4xx_ll_bus.h **** #define LL_APB1_GRP1_PERIPH_UART4          RCC_APB1ENR_UART4EN
 232:board/stm32f401rct6/Drivers/STM32F4xx_HAL_Driver/Inc/stm32f4xx_ll_bus.h **** #endif /* UART4 */
 233:board/stm32f401rct6/Drivers/STM32F4xx_HAL_Driver/Inc/stm32f4xx_ll_bus.h **** #if defined(UART5)
 234:board/stm32f401rct6/Drivers/STM32F4xx_HAL_Driver/Inc/stm32f4xx_ll_bus.h **** #define LL_APB1_GRP1_PERIPH_UART5          RCC_APB1ENR_UART5EN
 235:board/stm32f401rct6/Drivers/STM32F4xx_HAL_Driver/Inc/stm32f4xx_ll_bus.h **** #endif /* UART5 */
 236:board/stm32f401rct6/Drivers/STM32F4xx_HAL_Driver/Inc/stm32f4xx_ll_bus.h **** #define LL_APB1_GRP1_PERIPH_I2C1           RCC_APB1ENR_I2C1EN
 237:board/stm32f401rct6/Drivers/STM32F4xx_HAL_Driver/Inc/stm32f4xx_ll_bus.h **** #define LL_APB1_GRP1_PERIPH_I2C2           RCC_APB1ENR_I2C2EN
 238:board/stm32f401rct6/Drivers/STM32F4xx_HAL_Driver/Inc/stm32f4xx_ll_bus.h **** #if defined(I2C3)
 239:board/stm32f401rct6/Drivers/STM32F4xx_HAL_Driver/Inc/stm32f4xx_ll_bus.h **** #define LL_APB1_GRP1_PERIPH_I2C3           RCC_APB1ENR_I2C3EN
 240:board/stm32f401rct6/Drivers/STM32F4xx_HAL_Driver/Inc/stm32f4xx_ll_bus.h **** #endif /* I2C3 */
 241:board/stm32f401rct6/Drivers/STM32F4xx_HAL_Driver/Inc/stm32f4xx_ll_bus.h **** #if defined(FMPI2C1)
 242:board/stm32f401rct6/Drivers/STM32F4xx_HAL_Driver/Inc/stm32f4xx_ll_bus.h **** #define LL_APB1_GRP1_PERIPH_FMPI2C1        RCC_APB1ENR_FMPI2C1EN
ARM GAS  C:\Users\Admin\AppData\Local\Temp\cc3IBrMn.s 			page 7


 243:board/stm32f401rct6/Drivers/STM32F4xx_HAL_Driver/Inc/stm32f4xx_ll_bus.h **** #endif /* FMPI2C1 */
 244:board/stm32f401rct6/Drivers/STM32F4xx_HAL_Driver/Inc/stm32f4xx_ll_bus.h **** #if defined(CAN1)
 245:board/stm32f401rct6/Drivers/STM32F4xx_HAL_Driver/Inc/stm32f4xx_ll_bus.h **** #define LL_APB1_GRP1_PERIPH_CAN1           RCC_APB1ENR_CAN1EN
 246:board/stm32f401rct6/Drivers/STM32F4xx_HAL_Driver/Inc/stm32f4xx_ll_bus.h **** #endif /* CAN1 */
 247:board/stm32f401rct6/Drivers/STM32F4xx_HAL_Driver/Inc/stm32f4xx_ll_bus.h **** #if defined(CAN2)
 248:board/stm32f401rct6/Drivers/STM32F4xx_HAL_Driver/Inc/stm32f4xx_ll_bus.h **** #define LL_APB1_GRP1_PERIPH_CAN2           RCC_APB1ENR_CAN2EN
 249:board/stm32f401rct6/Drivers/STM32F4xx_HAL_Driver/Inc/stm32f4xx_ll_bus.h **** #endif /* CAN2 */
 250:board/stm32f401rct6/Drivers/STM32F4xx_HAL_Driver/Inc/stm32f4xx_ll_bus.h **** #if defined(CAN3)
 251:board/stm32f401rct6/Drivers/STM32F4xx_HAL_Driver/Inc/stm32f4xx_ll_bus.h **** #define LL_APB1_GRP1_PERIPH_CAN3           RCC_APB1ENR_CAN3EN
 252:board/stm32f401rct6/Drivers/STM32F4xx_HAL_Driver/Inc/stm32f4xx_ll_bus.h **** #endif /* CAN3 */
 253:board/stm32f401rct6/Drivers/STM32F4xx_HAL_Driver/Inc/stm32f4xx_ll_bus.h **** #if defined(CEC)
 254:board/stm32f401rct6/Drivers/STM32F4xx_HAL_Driver/Inc/stm32f4xx_ll_bus.h **** #define LL_APB1_GRP1_PERIPH_CEC            RCC_APB1ENR_CECEN
 255:board/stm32f401rct6/Drivers/STM32F4xx_HAL_Driver/Inc/stm32f4xx_ll_bus.h **** #endif /* CEC */
 256:board/stm32f401rct6/Drivers/STM32F4xx_HAL_Driver/Inc/stm32f4xx_ll_bus.h **** #define LL_APB1_GRP1_PERIPH_PWR            RCC_APB1ENR_PWREN
 257:board/stm32f401rct6/Drivers/STM32F4xx_HAL_Driver/Inc/stm32f4xx_ll_bus.h **** #if defined(DAC1)
 258:board/stm32f401rct6/Drivers/STM32F4xx_HAL_Driver/Inc/stm32f4xx_ll_bus.h **** #define LL_APB1_GRP1_PERIPH_DAC1           RCC_APB1ENR_DACEN
 259:board/stm32f401rct6/Drivers/STM32F4xx_HAL_Driver/Inc/stm32f4xx_ll_bus.h **** #endif /* DAC1 */
 260:board/stm32f401rct6/Drivers/STM32F4xx_HAL_Driver/Inc/stm32f4xx_ll_bus.h **** #if defined(UART7)
 261:board/stm32f401rct6/Drivers/STM32F4xx_HAL_Driver/Inc/stm32f4xx_ll_bus.h **** #define LL_APB1_GRP1_PERIPH_UART7          RCC_APB1ENR_UART7EN
 262:board/stm32f401rct6/Drivers/STM32F4xx_HAL_Driver/Inc/stm32f4xx_ll_bus.h **** #endif /* UART7 */
 263:board/stm32f401rct6/Drivers/STM32F4xx_HAL_Driver/Inc/stm32f4xx_ll_bus.h **** #if defined(UART8)
 264:board/stm32f401rct6/Drivers/STM32F4xx_HAL_Driver/Inc/stm32f4xx_ll_bus.h **** #define LL_APB1_GRP1_PERIPH_UART8          RCC_APB1ENR_UART8EN
 265:board/stm32f401rct6/Drivers/STM32F4xx_HAL_Driver/Inc/stm32f4xx_ll_bus.h **** #endif /* UART8 */
 266:board/stm32f401rct6/Drivers/STM32F4xx_HAL_Driver/Inc/stm32f4xx_ll_bus.h **** /**
 267:board/stm32f401rct6/Drivers/STM32F4xx_HAL_Driver/Inc/stm32f4xx_ll_bus.h ****   * @}
 268:board/stm32f401rct6/Drivers/STM32F4xx_HAL_Driver/Inc/stm32f4xx_ll_bus.h ****   */
 269:board/stm32f401rct6/Drivers/STM32F4xx_HAL_Driver/Inc/stm32f4xx_ll_bus.h **** 
 270:board/stm32f401rct6/Drivers/STM32F4xx_HAL_Driver/Inc/stm32f4xx_ll_bus.h **** /** @defgroup BUS_LL_EC_APB2_GRP1_PERIPH  APB2 GRP1 PERIPH
 271:board/stm32f401rct6/Drivers/STM32F4xx_HAL_Driver/Inc/stm32f4xx_ll_bus.h ****   * @{
 272:board/stm32f401rct6/Drivers/STM32F4xx_HAL_Driver/Inc/stm32f4xx_ll_bus.h ****   */
 273:board/stm32f401rct6/Drivers/STM32F4xx_HAL_Driver/Inc/stm32f4xx_ll_bus.h **** #define LL_APB2_GRP1_PERIPH_ALL          0xFFFFFFFFU
 274:board/stm32f401rct6/Drivers/STM32F4xx_HAL_Driver/Inc/stm32f4xx_ll_bus.h **** #define LL_APB2_GRP1_PERIPH_TIM1         RCC_APB2ENR_TIM1EN
 275:board/stm32f401rct6/Drivers/STM32F4xx_HAL_Driver/Inc/stm32f4xx_ll_bus.h **** #if defined(TIM8)
 276:board/stm32f401rct6/Drivers/STM32F4xx_HAL_Driver/Inc/stm32f4xx_ll_bus.h **** #define LL_APB2_GRP1_PERIPH_TIM8         RCC_APB2ENR_TIM8EN
 277:board/stm32f401rct6/Drivers/STM32F4xx_HAL_Driver/Inc/stm32f4xx_ll_bus.h **** #endif /* TIM8 */
 278:board/stm32f401rct6/Drivers/STM32F4xx_HAL_Driver/Inc/stm32f4xx_ll_bus.h **** #define LL_APB2_GRP1_PERIPH_USART1       RCC_APB2ENR_USART1EN
 279:board/stm32f401rct6/Drivers/STM32F4xx_HAL_Driver/Inc/stm32f4xx_ll_bus.h **** #if defined(USART6)
 280:board/stm32f401rct6/Drivers/STM32F4xx_HAL_Driver/Inc/stm32f4xx_ll_bus.h **** #define LL_APB2_GRP1_PERIPH_USART6       RCC_APB2ENR_USART6EN
 281:board/stm32f401rct6/Drivers/STM32F4xx_HAL_Driver/Inc/stm32f4xx_ll_bus.h **** #endif /* USART6 */
 282:board/stm32f401rct6/Drivers/STM32F4xx_HAL_Driver/Inc/stm32f4xx_ll_bus.h **** #if defined(UART9)
 283:board/stm32f401rct6/Drivers/STM32F4xx_HAL_Driver/Inc/stm32f4xx_ll_bus.h **** #define LL_APB2_GRP1_PERIPH_UART9        RCC_APB2ENR_UART9EN
 284:board/stm32f401rct6/Drivers/STM32F4xx_HAL_Driver/Inc/stm32f4xx_ll_bus.h **** #endif /* UART9 */
 285:board/stm32f401rct6/Drivers/STM32F4xx_HAL_Driver/Inc/stm32f4xx_ll_bus.h **** #if defined(UART10)
 286:board/stm32f401rct6/Drivers/STM32F4xx_HAL_Driver/Inc/stm32f4xx_ll_bus.h **** #define LL_APB2_GRP1_PERIPH_UART10       RCC_APB2ENR_UART10EN
 287:board/stm32f401rct6/Drivers/STM32F4xx_HAL_Driver/Inc/stm32f4xx_ll_bus.h **** #endif /* UART10 */
 288:board/stm32f401rct6/Drivers/STM32F4xx_HAL_Driver/Inc/stm32f4xx_ll_bus.h **** #define LL_APB2_GRP1_PERIPH_ADC1         RCC_APB2ENR_ADC1EN
 289:board/stm32f401rct6/Drivers/STM32F4xx_HAL_Driver/Inc/stm32f4xx_ll_bus.h **** #if defined(ADC2)
 290:board/stm32f401rct6/Drivers/STM32F4xx_HAL_Driver/Inc/stm32f4xx_ll_bus.h **** #define LL_APB2_GRP1_PERIPH_ADC2         RCC_APB2ENR_ADC2EN
 291:board/stm32f401rct6/Drivers/STM32F4xx_HAL_Driver/Inc/stm32f4xx_ll_bus.h **** #endif /* ADC2 */
 292:board/stm32f401rct6/Drivers/STM32F4xx_HAL_Driver/Inc/stm32f4xx_ll_bus.h **** #if defined(ADC3)
 293:board/stm32f401rct6/Drivers/STM32F4xx_HAL_Driver/Inc/stm32f4xx_ll_bus.h **** #define LL_APB2_GRP1_PERIPH_ADC3         RCC_APB2ENR_ADC3EN
 294:board/stm32f401rct6/Drivers/STM32F4xx_HAL_Driver/Inc/stm32f4xx_ll_bus.h **** #endif /* ADC3 */
 295:board/stm32f401rct6/Drivers/STM32F4xx_HAL_Driver/Inc/stm32f4xx_ll_bus.h **** #if defined(SDIO)
 296:board/stm32f401rct6/Drivers/STM32F4xx_HAL_Driver/Inc/stm32f4xx_ll_bus.h **** #define LL_APB2_GRP1_PERIPH_SDIO         RCC_APB2ENR_SDIOEN
 297:board/stm32f401rct6/Drivers/STM32F4xx_HAL_Driver/Inc/stm32f4xx_ll_bus.h **** #endif /* SDIO */
 298:board/stm32f401rct6/Drivers/STM32F4xx_HAL_Driver/Inc/stm32f4xx_ll_bus.h **** #define LL_APB2_GRP1_PERIPH_SPI1         RCC_APB2ENR_SPI1EN
 299:board/stm32f401rct6/Drivers/STM32F4xx_HAL_Driver/Inc/stm32f4xx_ll_bus.h **** #if defined(SPI4)
ARM GAS  C:\Users\Admin\AppData\Local\Temp\cc3IBrMn.s 			page 8


 300:board/stm32f401rct6/Drivers/STM32F4xx_HAL_Driver/Inc/stm32f4xx_ll_bus.h **** #define LL_APB2_GRP1_PERIPH_SPI4         RCC_APB2ENR_SPI4EN
 301:board/stm32f401rct6/Drivers/STM32F4xx_HAL_Driver/Inc/stm32f4xx_ll_bus.h **** #endif /* SPI4 */
 302:board/stm32f401rct6/Drivers/STM32F4xx_HAL_Driver/Inc/stm32f4xx_ll_bus.h **** #define LL_APB2_GRP1_PERIPH_SYSCFG       RCC_APB2ENR_SYSCFGEN
 303:board/stm32f401rct6/Drivers/STM32F4xx_HAL_Driver/Inc/stm32f4xx_ll_bus.h **** #if defined(RCC_APB2ENR_EXTITEN)
 304:board/stm32f401rct6/Drivers/STM32F4xx_HAL_Driver/Inc/stm32f4xx_ll_bus.h **** #define LL_APB2_GRP1_PERIPH_EXTI         RCC_APB2ENR_EXTITEN
 305:board/stm32f401rct6/Drivers/STM32F4xx_HAL_Driver/Inc/stm32f4xx_ll_bus.h **** #endif /* RCC_APB2ENR_EXTITEN */
 306:board/stm32f401rct6/Drivers/STM32F4xx_HAL_Driver/Inc/stm32f4xx_ll_bus.h **** #define LL_APB2_GRP1_PERIPH_TIM9         RCC_APB2ENR_TIM9EN
 307:board/stm32f401rct6/Drivers/STM32F4xx_HAL_Driver/Inc/stm32f4xx_ll_bus.h **** #if defined(TIM10)
 308:board/stm32f401rct6/Drivers/STM32F4xx_HAL_Driver/Inc/stm32f4xx_ll_bus.h **** #define LL_APB2_GRP1_PERIPH_TIM10        RCC_APB2ENR_TIM10EN
 309:board/stm32f401rct6/Drivers/STM32F4xx_HAL_Driver/Inc/stm32f4xx_ll_bus.h **** #endif /* TIM10 */
 310:board/stm32f401rct6/Drivers/STM32F4xx_HAL_Driver/Inc/stm32f4xx_ll_bus.h **** #define LL_APB2_GRP1_PERIPH_TIM11        RCC_APB2ENR_TIM11EN
 311:board/stm32f401rct6/Drivers/STM32F4xx_HAL_Driver/Inc/stm32f4xx_ll_bus.h **** #if defined(SPI5)
 312:board/stm32f401rct6/Drivers/STM32F4xx_HAL_Driver/Inc/stm32f4xx_ll_bus.h **** #define LL_APB2_GRP1_PERIPH_SPI5         RCC_APB2ENR_SPI5EN
 313:board/stm32f401rct6/Drivers/STM32F4xx_HAL_Driver/Inc/stm32f4xx_ll_bus.h **** #endif /* SPI5 */
 314:board/stm32f401rct6/Drivers/STM32F4xx_HAL_Driver/Inc/stm32f4xx_ll_bus.h **** #if defined(SPI6)
 315:board/stm32f401rct6/Drivers/STM32F4xx_HAL_Driver/Inc/stm32f4xx_ll_bus.h **** #define LL_APB2_GRP1_PERIPH_SPI6         RCC_APB2ENR_SPI6EN
 316:board/stm32f401rct6/Drivers/STM32F4xx_HAL_Driver/Inc/stm32f4xx_ll_bus.h **** #endif /* SPI6 */
 317:board/stm32f401rct6/Drivers/STM32F4xx_HAL_Driver/Inc/stm32f4xx_ll_bus.h **** #if defined(SAI1)
 318:board/stm32f401rct6/Drivers/STM32F4xx_HAL_Driver/Inc/stm32f4xx_ll_bus.h **** #define LL_APB2_GRP1_PERIPH_SAI1         RCC_APB2ENR_SAI1EN
 319:board/stm32f401rct6/Drivers/STM32F4xx_HAL_Driver/Inc/stm32f4xx_ll_bus.h **** #endif /* SAI1 */
 320:board/stm32f401rct6/Drivers/STM32F4xx_HAL_Driver/Inc/stm32f4xx_ll_bus.h **** #if defined(SAI2)
 321:board/stm32f401rct6/Drivers/STM32F4xx_HAL_Driver/Inc/stm32f4xx_ll_bus.h **** #define LL_APB2_GRP1_PERIPH_SAI2         RCC_APB2ENR_SAI2EN
 322:board/stm32f401rct6/Drivers/STM32F4xx_HAL_Driver/Inc/stm32f4xx_ll_bus.h **** #endif /* SAI2 */
 323:board/stm32f401rct6/Drivers/STM32F4xx_HAL_Driver/Inc/stm32f4xx_ll_bus.h **** #if defined(LTDC)
 324:board/stm32f401rct6/Drivers/STM32F4xx_HAL_Driver/Inc/stm32f4xx_ll_bus.h **** #define LL_APB2_GRP1_PERIPH_LTDC         RCC_APB2ENR_LTDCEN
 325:board/stm32f401rct6/Drivers/STM32F4xx_HAL_Driver/Inc/stm32f4xx_ll_bus.h **** #endif /* LTDC */
 326:board/stm32f401rct6/Drivers/STM32F4xx_HAL_Driver/Inc/stm32f4xx_ll_bus.h **** #if defined(DSI)
 327:board/stm32f401rct6/Drivers/STM32F4xx_HAL_Driver/Inc/stm32f4xx_ll_bus.h **** #define LL_APB2_GRP1_PERIPH_DSI          RCC_APB2ENR_DSIEN
 328:board/stm32f401rct6/Drivers/STM32F4xx_HAL_Driver/Inc/stm32f4xx_ll_bus.h **** #endif /* DSI */
 329:board/stm32f401rct6/Drivers/STM32F4xx_HAL_Driver/Inc/stm32f4xx_ll_bus.h **** #if defined(DFSDM1_Channel0)
 330:board/stm32f401rct6/Drivers/STM32F4xx_HAL_Driver/Inc/stm32f4xx_ll_bus.h **** #define LL_APB2_GRP1_PERIPH_DFSDM1       RCC_APB2ENR_DFSDM1EN
 331:board/stm32f401rct6/Drivers/STM32F4xx_HAL_Driver/Inc/stm32f4xx_ll_bus.h **** #endif /* DFSDM1_Channel0 */
 332:board/stm32f401rct6/Drivers/STM32F4xx_HAL_Driver/Inc/stm32f4xx_ll_bus.h **** #if defined(DFSDM2_Channel0)
 333:board/stm32f401rct6/Drivers/STM32F4xx_HAL_Driver/Inc/stm32f4xx_ll_bus.h **** #define LL_APB2_GRP1_PERIPH_DFSDM2       RCC_APB2ENR_DFSDM2EN
 334:board/stm32f401rct6/Drivers/STM32F4xx_HAL_Driver/Inc/stm32f4xx_ll_bus.h **** #endif /* DFSDM2_Channel0 */
 335:board/stm32f401rct6/Drivers/STM32F4xx_HAL_Driver/Inc/stm32f4xx_ll_bus.h **** #define LL_APB2_GRP1_PERIPH_ADC          RCC_APB2RSTR_ADCRST
 336:board/stm32f401rct6/Drivers/STM32F4xx_HAL_Driver/Inc/stm32f4xx_ll_bus.h **** /**
 337:board/stm32f401rct6/Drivers/STM32F4xx_HAL_Driver/Inc/stm32f4xx_ll_bus.h ****   * @}
 338:board/stm32f401rct6/Drivers/STM32F4xx_HAL_Driver/Inc/stm32f4xx_ll_bus.h ****   */
 339:board/stm32f401rct6/Drivers/STM32F4xx_HAL_Driver/Inc/stm32f4xx_ll_bus.h **** 
 340:board/stm32f401rct6/Drivers/STM32F4xx_HAL_Driver/Inc/stm32f4xx_ll_bus.h **** /**
 341:board/stm32f401rct6/Drivers/STM32F4xx_HAL_Driver/Inc/stm32f4xx_ll_bus.h ****   * @}
 342:board/stm32f401rct6/Drivers/STM32F4xx_HAL_Driver/Inc/stm32f4xx_ll_bus.h ****   */
 343:board/stm32f401rct6/Drivers/STM32F4xx_HAL_Driver/Inc/stm32f4xx_ll_bus.h **** 
 344:board/stm32f401rct6/Drivers/STM32F4xx_HAL_Driver/Inc/stm32f4xx_ll_bus.h **** /* Exported macro ------------------------------------------------------------*/
 345:board/stm32f401rct6/Drivers/STM32F4xx_HAL_Driver/Inc/stm32f4xx_ll_bus.h **** /* Exported functions --------------------------------------------------------*/
 346:board/stm32f401rct6/Drivers/STM32F4xx_HAL_Driver/Inc/stm32f4xx_ll_bus.h **** /** @defgroup BUS_LL_Exported_Functions BUS Exported Functions
 347:board/stm32f401rct6/Drivers/STM32F4xx_HAL_Driver/Inc/stm32f4xx_ll_bus.h ****   * @{
 348:board/stm32f401rct6/Drivers/STM32F4xx_HAL_Driver/Inc/stm32f4xx_ll_bus.h ****   */
 349:board/stm32f401rct6/Drivers/STM32F4xx_HAL_Driver/Inc/stm32f4xx_ll_bus.h **** 
 350:board/stm32f401rct6/Drivers/STM32F4xx_HAL_Driver/Inc/stm32f4xx_ll_bus.h **** /** @defgroup BUS_LL_EF_AHB1 AHB1
 351:board/stm32f401rct6/Drivers/STM32F4xx_HAL_Driver/Inc/stm32f4xx_ll_bus.h ****   * @{
 352:board/stm32f401rct6/Drivers/STM32F4xx_HAL_Driver/Inc/stm32f4xx_ll_bus.h ****   */
 353:board/stm32f401rct6/Drivers/STM32F4xx_HAL_Driver/Inc/stm32f4xx_ll_bus.h **** 
 354:board/stm32f401rct6/Drivers/STM32F4xx_HAL_Driver/Inc/stm32f4xx_ll_bus.h **** /**
 355:board/stm32f401rct6/Drivers/STM32F4xx_HAL_Driver/Inc/stm32f4xx_ll_bus.h ****   * @brief  Enable AHB1 peripherals clock.
 356:board/stm32f401rct6/Drivers/STM32F4xx_HAL_Driver/Inc/stm32f4xx_ll_bus.h ****   * @rmtoll AHB1ENR      GPIOAEN            LL_AHB1_GRP1_EnableClock\n
ARM GAS  C:\Users\Admin\AppData\Local\Temp\cc3IBrMn.s 			page 9


 357:board/stm32f401rct6/Drivers/STM32F4xx_HAL_Driver/Inc/stm32f4xx_ll_bus.h ****   *         AHB1ENR      GPIOBEN            LL_AHB1_GRP1_EnableClock\n
 358:board/stm32f401rct6/Drivers/STM32F4xx_HAL_Driver/Inc/stm32f4xx_ll_bus.h ****   *         AHB1ENR      GPIOCEN            LL_AHB1_GRP1_EnableClock\n
 359:board/stm32f401rct6/Drivers/STM32F4xx_HAL_Driver/Inc/stm32f4xx_ll_bus.h ****   *         AHB1ENR      GPIODEN            LL_AHB1_GRP1_EnableClock\n
 360:board/stm32f401rct6/Drivers/STM32F4xx_HAL_Driver/Inc/stm32f4xx_ll_bus.h ****   *         AHB1ENR      GPIOEEN            LL_AHB1_GRP1_EnableClock\n
 361:board/stm32f401rct6/Drivers/STM32F4xx_HAL_Driver/Inc/stm32f4xx_ll_bus.h ****   *         AHB1ENR      GPIOFEN            LL_AHB1_GRP1_EnableClock\n
 362:board/stm32f401rct6/Drivers/STM32F4xx_HAL_Driver/Inc/stm32f4xx_ll_bus.h ****   *         AHB1ENR      GPIOGEN            LL_AHB1_GRP1_EnableClock\n
 363:board/stm32f401rct6/Drivers/STM32F4xx_HAL_Driver/Inc/stm32f4xx_ll_bus.h ****   *         AHB1ENR      GPIOHEN            LL_AHB1_GRP1_EnableClock\n
 364:board/stm32f401rct6/Drivers/STM32F4xx_HAL_Driver/Inc/stm32f4xx_ll_bus.h ****   *         AHB1ENR      GPIOIEN            LL_AHB1_GRP1_EnableClock\n
 365:board/stm32f401rct6/Drivers/STM32F4xx_HAL_Driver/Inc/stm32f4xx_ll_bus.h ****   *         AHB1ENR      GPIOJEN            LL_AHB1_GRP1_EnableClock\n
 366:board/stm32f401rct6/Drivers/STM32F4xx_HAL_Driver/Inc/stm32f4xx_ll_bus.h ****   *         AHB1ENR      GPIOKEN            LL_AHB1_GRP1_EnableClock\n
 367:board/stm32f401rct6/Drivers/STM32F4xx_HAL_Driver/Inc/stm32f4xx_ll_bus.h ****   *         AHB1ENR      CRCEN              LL_AHB1_GRP1_EnableClock\n
 368:board/stm32f401rct6/Drivers/STM32F4xx_HAL_Driver/Inc/stm32f4xx_ll_bus.h ****   *         AHB1ENR      BKPSRAMEN          LL_AHB1_GRP1_EnableClock\n
 369:board/stm32f401rct6/Drivers/STM32F4xx_HAL_Driver/Inc/stm32f4xx_ll_bus.h ****   *         AHB1ENR      CCMDATARAMEN       LL_AHB1_GRP1_EnableClock\n
 370:board/stm32f401rct6/Drivers/STM32F4xx_HAL_Driver/Inc/stm32f4xx_ll_bus.h ****   *         AHB1ENR      DMA1EN             LL_AHB1_GRP1_EnableClock\n
 371:board/stm32f401rct6/Drivers/STM32F4xx_HAL_Driver/Inc/stm32f4xx_ll_bus.h ****   *         AHB1ENR      DMA2EN             LL_AHB1_GRP1_EnableClock\n
 372:board/stm32f401rct6/Drivers/STM32F4xx_HAL_Driver/Inc/stm32f4xx_ll_bus.h ****   *         AHB1ENR      RNGEN              LL_AHB1_GRP1_EnableClock\n
 373:board/stm32f401rct6/Drivers/STM32F4xx_HAL_Driver/Inc/stm32f4xx_ll_bus.h ****   *         AHB1ENR      DMA2DEN            LL_AHB1_GRP1_EnableClock\n
 374:board/stm32f401rct6/Drivers/STM32F4xx_HAL_Driver/Inc/stm32f4xx_ll_bus.h ****   *         AHB1ENR      ETHMACEN           LL_AHB1_GRP1_EnableClock\n
 375:board/stm32f401rct6/Drivers/STM32F4xx_HAL_Driver/Inc/stm32f4xx_ll_bus.h ****   *         AHB1ENR      ETHMACTXEN         LL_AHB1_GRP1_EnableClock\n
 376:board/stm32f401rct6/Drivers/STM32F4xx_HAL_Driver/Inc/stm32f4xx_ll_bus.h ****   *         AHB1ENR      ETHMACRXEN         LL_AHB1_GRP1_EnableClock\n
 377:board/stm32f401rct6/Drivers/STM32F4xx_HAL_Driver/Inc/stm32f4xx_ll_bus.h ****   *         AHB1ENR      ETHMACPTPEN        LL_AHB1_GRP1_EnableClock\n
 378:board/stm32f401rct6/Drivers/STM32F4xx_HAL_Driver/Inc/stm32f4xx_ll_bus.h ****   *         AHB1ENR      OTGHSEN            LL_AHB1_GRP1_EnableClock\n
 379:board/stm32f401rct6/Drivers/STM32F4xx_HAL_Driver/Inc/stm32f4xx_ll_bus.h ****   *         AHB1ENR      OTGHSULPIEN        LL_AHB1_GRP1_EnableClock
 380:board/stm32f401rct6/Drivers/STM32F4xx_HAL_Driver/Inc/stm32f4xx_ll_bus.h ****   * @param  Periphs This parameter can be a combination of the following values:
 381:board/stm32f401rct6/Drivers/STM32F4xx_HAL_Driver/Inc/stm32f4xx_ll_bus.h ****   *         @arg @ref LL_AHB1_GRP1_PERIPH_GPIOA
 382:board/stm32f401rct6/Drivers/STM32F4xx_HAL_Driver/Inc/stm32f4xx_ll_bus.h ****   *         @arg @ref LL_AHB1_GRP1_PERIPH_GPIOB
 383:board/stm32f401rct6/Drivers/STM32F4xx_HAL_Driver/Inc/stm32f4xx_ll_bus.h ****   *         @arg @ref LL_AHB1_GRP1_PERIPH_GPIOC
 384:board/stm32f401rct6/Drivers/STM32F4xx_HAL_Driver/Inc/stm32f4xx_ll_bus.h ****   *         @arg @ref LL_AHB1_GRP1_PERIPH_GPIOD (*)
 385:board/stm32f401rct6/Drivers/STM32F4xx_HAL_Driver/Inc/stm32f4xx_ll_bus.h ****   *         @arg @ref LL_AHB1_GRP1_PERIPH_GPIOE (*)
 386:board/stm32f401rct6/Drivers/STM32F4xx_HAL_Driver/Inc/stm32f4xx_ll_bus.h ****   *         @arg @ref LL_AHB1_GRP1_PERIPH_GPIOF (*)
 387:board/stm32f401rct6/Drivers/STM32F4xx_HAL_Driver/Inc/stm32f4xx_ll_bus.h ****   *         @arg @ref LL_AHB1_GRP1_PERIPH_GPIOG (*)
 388:board/stm32f401rct6/Drivers/STM32F4xx_HAL_Driver/Inc/stm32f4xx_ll_bus.h ****   *         @arg @ref LL_AHB1_GRP1_PERIPH_GPIOH (*)
 389:board/stm32f401rct6/Drivers/STM32F4xx_HAL_Driver/Inc/stm32f4xx_ll_bus.h ****   *         @arg @ref LL_AHB1_GRP1_PERIPH_GPIOI (*)
 390:board/stm32f401rct6/Drivers/STM32F4xx_HAL_Driver/Inc/stm32f4xx_ll_bus.h ****   *         @arg @ref LL_AHB1_GRP1_PERIPH_GPIOJ (*)
 391:board/stm32f401rct6/Drivers/STM32F4xx_HAL_Driver/Inc/stm32f4xx_ll_bus.h ****   *         @arg @ref LL_AHB1_GRP1_PERIPH_GPIOK (*)
 392:board/stm32f401rct6/Drivers/STM32F4xx_HAL_Driver/Inc/stm32f4xx_ll_bus.h ****   *         @arg @ref LL_AHB1_GRP1_PERIPH_CRC
 393:board/stm32f401rct6/Drivers/STM32F4xx_HAL_Driver/Inc/stm32f4xx_ll_bus.h ****   *         @arg @ref LL_AHB1_GRP1_PERIPH_BKPSRAM (*)
 394:board/stm32f401rct6/Drivers/STM32F4xx_HAL_Driver/Inc/stm32f4xx_ll_bus.h ****   *         @arg @ref LL_AHB1_GRP1_PERIPH_CCMDATARAM (*)
 395:board/stm32f401rct6/Drivers/STM32F4xx_HAL_Driver/Inc/stm32f4xx_ll_bus.h ****   *         @arg @ref LL_AHB1_GRP1_PERIPH_DMA1
 396:board/stm32f401rct6/Drivers/STM32F4xx_HAL_Driver/Inc/stm32f4xx_ll_bus.h ****   *         @arg @ref LL_AHB1_GRP1_PERIPH_DMA2
 397:board/stm32f401rct6/Drivers/STM32F4xx_HAL_Driver/Inc/stm32f4xx_ll_bus.h ****   *         @arg @ref LL_AHB1_GRP1_PERIPH_RNG (*)
 398:board/stm32f401rct6/Drivers/STM32F4xx_HAL_Driver/Inc/stm32f4xx_ll_bus.h ****   *         @arg @ref LL_AHB1_GRP1_PERIPH_DMA2D (*)
 399:board/stm32f401rct6/Drivers/STM32F4xx_HAL_Driver/Inc/stm32f4xx_ll_bus.h ****   *         @arg @ref LL_AHB1_GRP1_PERIPH_ETHMAC (*)
 400:board/stm32f401rct6/Drivers/STM32F4xx_HAL_Driver/Inc/stm32f4xx_ll_bus.h ****   *         @arg @ref LL_AHB1_GRP1_PERIPH_ETHMACTX (*)
 401:board/stm32f401rct6/Drivers/STM32F4xx_HAL_Driver/Inc/stm32f4xx_ll_bus.h ****   *         @arg @ref LL_AHB1_GRP1_PERIPH_ETHMACRX (*)
 402:board/stm32f401rct6/Drivers/STM32F4xx_HAL_Driver/Inc/stm32f4xx_ll_bus.h ****   *         @arg @ref LL_AHB1_GRP1_PERIPH_ETHMACPTP (*)
 403:board/stm32f401rct6/Drivers/STM32F4xx_HAL_Driver/Inc/stm32f4xx_ll_bus.h ****   *         @arg @ref LL_AHB1_GRP1_PERIPH_OTGHS (*)
 404:board/stm32f401rct6/Drivers/STM32F4xx_HAL_Driver/Inc/stm32f4xx_ll_bus.h ****   *         @arg @ref LL_AHB1_GRP1_PERIPH_OTGHSULPI (*)
 405:board/stm32f401rct6/Drivers/STM32F4xx_HAL_Driver/Inc/stm32f4xx_ll_bus.h ****   *
 406:board/stm32f401rct6/Drivers/STM32F4xx_HAL_Driver/Inc/stm32f4xx_ll_bus.h ****   *         (*) value not defined in all devices.
 407:board/stm32f401rct6/Drivers/STM32F4xx_HAL_Driver/Inc/stm32f4xx_ll_bus.h ****   * @retval None
 408:board/stm32f401rct6/Drivers/STM32F4xx_HAL_Driver/Inc/stm32f4xx_ll_bus.h ****   */
 409:board/stm32f401rct6/Drivers/STM32F4xx_HAL_Driver/Inc/stm32f4xx_ll_bus.h **** __STATIC_INLINE void LL_AHB1_GRP1_EnableClock(uint32_t Periphs)
  59              		.loc 2 409 22 view .LVU4
  60              	.LBB11:
 410:board/stm32f401rct6/Drivers/STM32F4xx_HAL_Driver/Inc/stm32f4xx_ll_bus.h **** {
 411:board/stm32f401rct6/Drivers/STM32F4xx_HAL_Driver/Inc/stm32f4xx_ll_bus.h ****   __IO uint32_t tmpreg;
ARM GAS  C:\Users\Admin\AppData\Local\Temp\cc3IBrMn.s 			page 10


  61              		.loc 2 411 3 view .LVU5
 412:board/stm32f401rct6/Drivers/STM32F4xx_HAL_Driver/Inc/stm32f4xx_ll_bus.h ****   SET_BIT(RCC->AHB1ENR, Periphs);
  62              		.loc 2 412 3 view .LVU6
  63 0014 284B     		ldr	r3, .L3
  64 0016 1A6B     		ldr	r2, [r3, #48]
  65 0018 42F00102 		orr	r2, r2, #1
  66 001c 1A63     		str	r2, [r3, #48]
 413:board/stm32f401rct6/Drivers/STM32F4xx_HAL_Driver/Inc/stm32f4xx_ll_bus.h ****   /* Delay after an RCC peripheral clock enabling */
 414:board/stm32f401rct6/Drivers/STM32F4xx_HAL_Driver/Inc/stm32f4xx_ll_bus.h ****   tmpreg = READ_BIT(RCC->AHB1ENR, Periphs);
  67              		.loc 2 414 3 view .LVU7
  68              		.loc 2 414 12 is_stmt 0 view .LVU8
  69 001e 1A6B     		ldr	r2, [r3, #48]
  70 0020 02F00102 		and	r2, r2, #1
  71              		.loc 2 414 10 view .LVU9
  72 0024 0192     		str	r2, [sp, #4]
 415:board/stm32f401rct6/Drivers/STM32F4xx_HAL_Driver/Inc/stm32f4xx_ll_bus.h ****   (void)tmpreg;
  73              		.loc 2 415 3 is_stmt 1 view .LVU10
  74 0026 019A     		ldr	r2, [sp, #4]
  75              	.LVL1:
  76              		.loc 2 415 3 is_stmt 0 view .LVU11
  77              	.LBE11:
  78              	.LBE10:
  44:board/stm32f401rct6/Core/Src/gpio.c ****   LL_AHB1_GRP1_EnableClock(LL_AHB1_GRP1_PERIPH_GPIOB);
  79              		.loc 1 44 3 is_stmt 1 view .LVU12
  80              	.LBB12:
  81              	.LBI12:
 409:board/stm32f401rct6/Drivers/STM32F4xx_HAL_Driver/Inc/stm32f4xx_ll_bus.h **** {
  82              		.loc 2 409 22 view .LVU13
  83              	.LBB13:
 411:board/stm32f401rct6/Drivers/STM32F4xx_HAL_Driver/Inc/stm32f4xx_ll_bus.h ****   SET_BIT(RCC->AHB1ENR, Periphs);
  84              		.loc 2 411 3 view .LVU14
 412:board/stm32f401rct6/Drivers/STM32F4xx_HAL_Driver/Inc/stm32f4xx_ll_bus.h ****   /* Delay after an RCC peripheral clock enabling */
  85              		.loc 2 412 3 view .LVU15
  86 0028 1A6B     		ldr	r2, [r3, #48]
  87 002a 42F00202 		orr	r2, r2, #2
  88 002e 1A63     		str	r2, [r3, #48]
 414:board/stm32f401rct6/Drivers/STM32F4xx_HAL_Driver/Inc/stm32f4xx_ll_bus.h ****   (void)tmpreg;
  89              		.loc 2 414 3 view .LVU16
 414:board/stm32f401rct6/Drivers/STM32F4xx_HAL_Driver/Inc/stm32f4xx_ll_bus.h ****   (void)tmpreg;
  90              		.loc 2 414 12 is_stmt 0 view .LVU17
  91 0030 1B6B     		ldr	r3, [r3, #48]
  92 0032 03F00203 		and	r3, r3, #2
 414:board/stm32f401rct6/Drivers/STM32F4xx_HAL_Driver/Inc/stm32f4xx_ll_bus.h ****   (void)tmpreg;
  93              		.loc 2 414 10 view .LVU18
  94 0036 0093     		str	r3, [sp]
  95              		.loc 2 415 3 is_stmt 1 view .LVU19
  96 0038 009B     		ldr	r3, [sp]
  97              	.LVL2:
  98              		.loc 2 415 3 is_stmt 0 view .LVU20
  99              	.LBE13:
 100              	.LBE12:
  45:board/stm32f401rct6/Core/Src/gpio.c **** 
  46:board/stm32f401rct6/Core/Src/gpio.c ****   /**/
  47:board/stm32f401rct6/Core/Src/gpio.c ****   LL_GPIO_ResetOutputPin(GPIOB, R1_Pin|R2_Pin|R3_Pin|R4_Pin
 101              		.loc 1 47 3 is_stmt 1 view .LVU21
 102              	.LBB14:
 103              	.LBI14:
ARM GAS  C:\Users\Admin\AppData\Local\Temp\cc3IBrMn.s 			page 11


 104              		.file 3 "board/stm32f401rct6/Drivers/STM32F4xx_HAL_Driver/Inc/stm32f4xx_ll_gpio.h"
   1:board/stm32f401rct6/Drivers/STM32F4xx_HAL_Driver/Inc/stm32f4xx_ll_gpio.h **** /**
   2:board/stm32f401rct6/Drivers/STM32F4xx_HAL_Driver/Inc/stm32f4xx_ll_gpio.h ****   ******************************************************************************
   3:board/stm32f401rct6/Drivers/STM32F4xx_HAL_Driver/Inc/stm32f4xx_ll_gpio.h ****   * @file    stm32f4xx_ll_gpio.h
   4:board/stm32f401rct6/Drivers/STM32F4xx_HAL_Driver/Inc/stm32f4xx_ll_gpio.h ****   * @author  MCD Application Team
   5:board/stm32f401rct6/Drivers/STM32F4xx_HAL_Driver/Inc/stm32f4xx_ll_gpio.h ****   * @brief   Header file of GPIO LL module.
   6:board/stm32f401rct6/Drivers/STM32F4xx_HAL_Driver/Inc/stm32f4xx_ll_gpio.h ****   ******************************************************************************
   7:board/stm32f401rct6/Drivers/STM32F4xx_HAL_Driver/Inc/stm32f4xx_ll_gpio.h ****   * @attention
   8:board/stm32f401rct6/Drivers/STM32F4xx_HAL_Driver/Inc/stm32f4xx_ll_gpio.h ****   *
   9:board/stm32f401rct6/Drivers/STM32F4xx_HAL_Driver/Inc/stm32f4xx_ll_gpio.h ****   * Copyright (c) 2017 STMicroelectronics.
  10:board/stm32f401rct6/Drivers/STM32F4xx_HAL_Driver/Inc/stm32f4xx_ll_gpio.h ****   * All rights reserved.
  11:board/stm32f401rct6/Drivers/STM32F4xx_HAL_Driver/Inc/stm32f4xx_ll_gpio.h ****   *
  12:board/stm32f401rct6/Drivers/STM32F4xx_HAL_Driver/Inc/stm32f4xx_ll_gpio.h ****   * This software is licensed under terms that can be found in the LICENSE file
  13:board/stm32f401rct6/Drivers/STM32F4xx_HAL_Driver/Inc/stm32f4xx_ll_gpio.h ****   * in the root directory of this software component.
  14:board/stm32f401rct6/Drivers/STM32F4xx_HAL_Driver/Inc/stm32f4xx_ll_gpio.h ****   * If no LICENSE file comes with this software, it is provided AS-IS.
  15:board/stm32f401rct6/Drivers/STM32F4xx_HAL_Driver/Inc/stm32f4xx_ll_gpio.h ****   *
  16:board/stm32f401rct6/Drivers/STM32F4xx_HAL_Driver/Inc/stm32f4xx_ll_gpio.h ****   ******************************************************************************
  17:board/stm32f401rct6/Drivers/STM32F4xx_HAL_Driver/Inc/stm32f4xx_ll_gpio.h ****   */
  18:board/stm32f401rct6/Drivers/STM32F4xx_HAL_Driver/Inc/stm32f4xx_ll_gpio.h **** 
  19:board/stm32f401rct6/Drivers/STM32F4xx_HAL_Driver/Inc/stm32f4xx_ll_gpio.h **** /* Define to prevent recursive inclusion -------------------------------------*/
  20:board/stm32f401rct6/Drivers/STM32F4xx_HAL_Driver/Inc/stm32f4xx_ll_gpio.h **** #ifndef __STM32F4xx_LL_GPIO_H
  21:board/stm32f401rct6/Drivers/STM32F4xx_HAL_Driver/Inc/stm32f4xx_ll_gpio.h **** #define __STM32F4xx_LL_GPIO_H
  22:board/stm32f401rct6/Drivers/STM32F4xx_HAL_Driver/Inc/stm32f4xx_ll_gpio.h **** 
  23:board/stm32f401rct6/Drivers/STM32F4xx_HAL_Driver/Inc/stm32f4xx_ll_gpio.h **** #ifdef __cplusplus
  24:board/stm32f401rct6/Drivers/STM32F4xx_HAL_Driver/Inc/stm32f4xx_ll_gpio.h **** extern "C" {
  25:board/stm32f401rct6/Drivers/STM32F4xx_HAL_Driver/Inc/stm32f4xx_ll_gpio.h **** #endif
  26:board/stm32f401rct6/Drivers/STM32F4xx_HAL_Driver/Inc/stm32f4xx_ll_gpio.h **** 
  27:board/stm32f401rct6/Drivers/STM32F4xx_HAL_Driver/Inc/stm32f4xx_ll_gpio.h **** /* Includes ------------------------------------------------------------------*/
  28:board/stm32f401rct6/Drivers/STM32F4xx_HAL_Driver/Inc/stm32f4xx_ll_gpio.h **** #include "stm32f4xx.h"
  29:board/stm32f401rct6/Drivers/STM32F4xx_HAL_Driver/Inc/stm32f4xx_ll_gpio.h **** 
  30:board/stm32f401rct6/Drivers/STM32F4xx_HAL_Driver/Inc/stm32f4xx_ll_gpio.h **** /** @addtogroup STM32F4xx_LL_Driver
  31:board/stm32f401rct6/Drivers/STM32F4xx_HAL_Driver/Inc/stm32f4xx_ll_gpio.h ****   * @{
  32:board/stm32f401rct6/Drivers/STM32F4xx_HAL_Driver/Inc/stm32f4xx_ll_gpio.h ****   */
  33:board/stm32f401rct6/Drivers/STM32F4xx_HAL_Driver/Inc/stm32f4xx_ll_gpio.h **** 
  34:board/stm32f401rct6/Drivers/STM32F4xx_HAL_Driver/Inc/stm32f4xx_ll_gpio.h **** #if defined (GPIOA) || defined (GPIOB) || defined (GPIOC) || defined (GPIOD) || defined (GPIOE) || 
  35:board/stm32f401rct6/Drivers/STM32F4xx_HAL_Driver/Inc/stm32f4xx_ll_gpio.h **** 
  36:board/stm32f401rct6/Drivers/STM32F4xx_HAL_Driver/Inc/stm32f4xx_ll_gpio.h **** /** @defgroup GPIO_LL GPIO
  37:board/stm32f401rct6/Drivers/STM32F4xx_HAL_Driver/Inc/stm32f4xx_ll_gpio.h ****   * @{
  38:board/stm32f401rct6/Drivers/STM32F4xx_HAL_Driver/Inc/stm32f4xx_ll_gpio.h ****   */
  39:board/stm32f401rct6/Drivers/STM32F4xx_HAL_Driver/Inc/stm32f4xx_ll_gpio.h **** 
  40:board/stm32f401rct6/Drivers/STM32F4xx_HAL_Driver/Inc/stm32f4xx_ll_gpio.h **** /* Private types -------------------------------------------------------------*/
  41:board/stm32f401rct6/Drivers/STM32F4xx_HAL_Driver/Inc/stm32f4xx_ll_gpio.h **** /* Private variables ---------------------------------------------------------*/
  42:board/stm32f401rct6/Drivers/STM32F4xx_HAL_Driver/Inc/stm32f4xx_ll_gpio.h **** /* Private constants ---------------------------------------------------------*/
  43:board/stm32f401rct6/Drivers/STM32F4xx_HAL_Driver/Inc/stm32f4xx_ll_gpio.h **** /* Private macros ------------------------------------------------------------*/
  44:board/stm32f401rct6/Drivers/STM32F4xx_HAL_Driver/Inc/stm32f4xx_ll_gpio.h **** #if defined(USE_FULL_LL_DRIVER)
  45:board/stm32f401rct6/Drivers/STM32F4xx_HAL_Driver/Inc/stm32f4xx_ll_gpio.h **** /** @defgroup GPIO_LL_Private_Macros GPIO Private Macros
  46:board/stm32f401rct6/Drivers/STM32F4xx_HAL_Driver/Inc/stm32f4xx_ll_gpio.h ****   * @{
  47:board/stm32f401rct6/Drivers/STM32F4xx_HAL_Driver/Inc/stm32f4xx_ll_gpio.h ****   */
  48:board/stm32f401rct6/Drivers/STM32F4xx_HAL_Driver/Inc/stm32f4xx_ll_gpio.h **** 
  49:board/stm32f401rct6/Drivers/STM32F4xx_HAL_Driver/Inc/stm32f4xx_ll_gpio.h **** /**
  50:board/stm32f401rct6/Drivers/STM32F4xx_HAL_Driver/Inc/stm32f4xx_ll_gpio.h ****   * @}
  51:board/stm32f401rct6/Drivers/STM32F4xx_HAL_Driver/Inc/stm32f4xx_ll_gpio.h ****   */
  52:board/stm32f401rct6/Drivers/STM32F4xx_HAL_Driver/Inc/stm32f4xx_ll_gpio.h **** #endif /*USE_FULL_LL_DRIVER*/
  53:board/stm32f401rct6/Drivers/STM32F4xx_HAL_Driver/Inc/stm32f4xx_ll_gpio.h **** 
  54:board/stm32f401rct6/Drivers/STM32F4xx_HAL_Driver/Inc/stm32f4xx_ll_gpio.h **** /* Exported types ------------------------------------------------------------*/
  55:board/stm32f401rct6/Drivers/STM32F4xx_HAL_Driver/Inc/stm32f4xx_ll_gpio.h **** #if defined(USE_FULL_LL_DRIVER)
  56:board/stm32f401rct6/Drivers/STM32F4xx_HAL_Driver/Inc/stm32f4xx_ll_gpio.h **** /** @defgroup GPIO_LL_ES_INIT GPIO Exported Init structures
ARM GAS  C:\Users\Admin\AppData\Local\Temp\cc3IBrMn.s 			page 12


  57:board/stm32f401rct6/Drivers/STM32F4xx_HAL_Driver/Inc/stm32f4xx_ll_gpio.h ****   * @{
  58:board/stm32f401rct6/Drivers/STM32F4xx_HAL_Driver/Inc/stm32f4xx_ll_gpio.h ****   */
  59:board/stm32f401rct6/Drivers/STM32F4xx_HAL_Driver/Inc/stm32f4xx_ll_gpio.h **** 
  60:board/stm32f401rct6/Drivers/STM32F4xx_HAL_Driver/Inc/stm32f4xx_ll_gpio.h **** /**
  61:board/stm32f401rct6/Drivers/STM32F4xx_HAL_Driver/Inc/stm32f4xx_ll_gpio.h ****   * @brief LL GPIO Init Structure definition
  62:board/stm32f401rct6/Drivers/STM32F4xx_HAL_Driver/Inc/stm32f4xx_ll_gpio.h ****   */
  63:board/stm32f401rct6/Drivers/STM32F4xx_HAL_Driver/Inc/stm32f4xx_ll_gpio.h **** typedef struct
  64:board/stm32f401rct6/Drivers/STM32F4xx_HAL_Driver/Inc/stm32f4xx_ll_gpio.h **** {
  65:board/stm32f401rct6/Drivers/STM32F4xx_HAL_Driver/Inc/stm32f4xx_ll_gpio.h ****   uint32_t Pin;          /*!< Specifies the GPIO pins to be configured.
  66:board/stm32f401rct6/Drivers/STM32F4xx_HAL_Driver/Inc/stm32f4xx_ll_gpio.h ****                               This parameter can be any value of @ref GPIO_LL_EC_PIN */
  67:board/stm32f401rct6/Drivers/STM32F4xx_HAL_Driver/Inc/stm32f4xx_ll_gpio.h **** 
  68:board/stm32f401rct6/Drivers/STM32F4xx_HAL_Driver/Inc/stm32f4xx_ll_gpio.h ****   uint32_t Mode;         /*!< Specifies the operating mode for the selected pins.
  69:board/stm32f401rct6/Drivers/STM32F4xx_HAL_Driver/Inc/stm32f4xx_ll_gpio.h ****                               This parameter can be a value of @ref GPIO_LL_EC_MODE.
  70:board/stm32f401rct6/Drivers/STM32F4xx_HAL_Driver/Inc/stm32f4xx_ll_gpio.h **** 
  71:board/stm32f401rct6/Drivers/STM32F4xx_HAL_Driver/Inc/stm32f4xx_ll_gpio.h ****                               GPIO HW configuration can be modified afterwards using unitary functi
  72:board/stm32f401rct6/Drivers/STM32F4xx_HAL_Driver/Inc/stm32f4xx_ll_gpio.h **** 
  73:board/stm32f401rct6/Drivers/STM32F4xx_HAL_Driver/Inc/stm32f4xx_ll_gpio.h ****   uint32_t Speed;        /*!< Specifies the speed for the selected pins.
  74:board/stm32f401rct6/Drivers/STM32F4xx_HAL_Driver/Inc/stm32f4xx_ll_gpio.h ****                               This parameter can be a value of @ref GPIO_LL_EC_SPEED.
  75:board/stm32f401rct6/Drivers/STM32F4xx_HAL_Driver/Inc/stm32f4xx_ll_gpio.h **** 
  76:board/stm32f401rct6/Drivers/STM32F4xx_HAL_Driver/Inc/stm32f4xx_ll_gpio.h ****                               GPIO HW configuration can be modified afterwards using unitary functi
  77:board/stm32f401rct6/Drivers/STM32F4xx_HAL_Driver/Inc/stm32f4xx_ll_gpio.h **** 
  78:board/stm32f401rct6/Drivers/STM32F4xx_HAL_Driver/Inc/stm32f4xx_ll_gpio.h ****   uint32_t OutputType;   /*!< Specifies the operating output type for the selected pins.
  79:board/stm32f401rct6/Drivers/STM32F4xx_HAL_Driver/Inc/stm32f4xx_ll_gpio.h ****                               This parameter can be a value of @ref GPIO_LL_EC_OUTPUT.
  80:board/stm32f401rct6/Drivers/STM32F4xx_HAL_Driver/Inc/stm32f4xx_ll_gpio.h **** 
  81:board/stm32f401rct6/Drivers/STM32F4xx_HAL_Driver/Inc/stm32f4xx_ll_gpio.h ****                               GPIO HW configuration can be modified afterwards using unitary functi
  82:board/stm32f401rct6/Drivers/STM32F4xx_HAL_Driver/Inc/stm32f4xx_ll_gpio.h **** 
  83:board/stm32f401rct6/Drivers/STM32F4xx_HAL_Driver/Inc/stm32f4xx_ll_gpio.h ****   uint32_t Pull;         /*!< Specifies the operating Pull-up/Pull down for the selected pins.
  84:board/stm32f401rct6/Drivers/STM32F4xx_HAL_Driver/Inc/stm32f4xx_ll_gpio.h ****                               This parameter can be a value of @ref GPIO_LL_EC_PULL.
  85:board/stm32f401rct6/Drivers/STM32F4xx_HAL_Driver/Inc/stm32f4xx_ll_gpio.h **** 
  86:board/stm32f401rct6/Drivers/STM32F4xx_HAL_Driver/Inc/stm32f4xx_ll_gpio.h ****                               GPIO HW configuration can be modified afterwards using unitary functi
  87:board/stm32f401rct6/Drivers/STM32F4xx_HAL_Driver/Inc/stm32f4xx_ll_gpio.h **** 
  88:board/stm32f401rct6/Drivers/STM32F4xx_HAL_Driver/Inc/stm32f4xx_ll_gpio.h ****   uint32_t Alternate;    /*!< Specifies the Peripheral to be connected to the selected pins.
  89:board/stm32f401rct6/Drivers/STM32F4xx_HAL_Driver/Inc/stm32f4xx_ll_gpio.h ****                               This parameter can be a value of @ref GPIO_LL_EC_AF.
  90:board/stm32f401rct6/Drivers/STM32F4xx_HAL_Driver/Inc/stm32f4xx_ll_gpio.h **** 
  91:board/stm32f401rct6/Drivers/STM32F4xx_HAL_Driver/Inc/stm32f4xx_ll_gpio.h ****                               GPIO HW configuration can be modified afterwards using unitary functi
  92:board/stm32f401rct6/Drivers/STM32F4xx_HAL_Driver/Inc/stm32f4xx_ll_gpio.h **** } LL_GPIO_InitTypeDef;
  93:board/stm32f401rct6/Drivers/STM32F4xx_HAL_Driver/Inc/stm32f4xx_ll_gpio.h **** 
  94:board/stm32f401rct6/Drivers/STM32F4xx_HAL_Driver/Inc/stm32f4xx_ll_gpio.h **** /**
  95:board/stm32f401rct6/Drivers/STM32F4xx_HAL_Driver/Inc/stm32f4xx_ll_gpio.h ****   * @}
  96:board/stm32f401rct6/Drivers/STM32F4xx_HAL_Driver/Inc/stm32f4xx_ll_gpio.h ****   */
  97:board/stm32f401rct6/Drivers/STM32F4xx_HAL_Driver/Inc/stm32f4xx_ll_gpio.h **** #endif /* USE_FULL_LL_DRIVER */
  98:board/stm32f401rct6/Drivers/STM32F4xx_HAL_Driver/Inc/stm32f4xx_ll_gpio.h **** 
  99:board/stm32f401rct6/Drivers/STM32F4xx_HAL_Driver/Inc/stm32f4xx_ll_gpio.h **** /* Exported constants --------------------------------------------------------*/
 100:board/stm32f401rct6/Drivers/STM32F4xx_HAL_Driver/Inc/stm32f4xx_ll_gpio.h **** /** @defgroup GPIO_LL_Exported_Constants GPIO Exported Constants
 101:board/stm32f401rct6/Drivers/STM32F4xx_HAL_Driver/Inc/stm32f4xx_ll_gpio.h ****   * @{
 102:board/stm32f401rct6/Drivers/STM32F4xx_HAL_Driver/Inc/stm32f4xx_ll_gpio.h ****   */
 103:board/stm32f401rct6/Drivers/STM32F4xx_HAL_Driver/Inc/stm32f4xx_ll_gpio.h **** 
 104:board/stm32f401rct6/Drivers/STM32F4xx_HAL_Driver/Inc/stm32f4xx_ll_gpio.h **** /** @defgroup GPIO_LL_EC_PIN PIN
 105:board/stm32f401rct6/Drivers/STM32F4xx_HAL_Driver/Inc/stm32f4xx_ll_gpio.h ****   * @{
 106:board/stm32f401rct6/Drivers/STM32F4xx_HAL_Driver/Inc/stm32f4xx_ll_gpio.h ****   */
 107:board/stm32f401rct6/Drivers/STM32F4xx_HAL_Driver/Inc/stm32f4xx_ll_gpio.h **** #define LL_GPIO_PIN_0                      GPIO_BSRR_BS_0 /*!< Select pin 0 */
 108:board/stm32f401rct6/Drivers/STM32F4xx_HAL_Driver/Inc/stm32f4xx_ll_gpio.h **** #define LL_GPIO_PIN_1                      GPIO_BSRR_BS_1 /*!< Select pin 1 */
 109:board/stm32f401rct6/Drivers/STM32F4xx_HAL_Driver/Inc/stm32f4xx_ll_gpio.h **** #define LL_GPIO_PIN_2                      GPIO_BSRR_BS_2 /*!< Select pin 2 */
 110:board/stm32f401rct6/Drivers/STM32F4xx_HAL_Driver/Inc/stm32f4xx_ll_gpio.h **** #define LL_GPIO_PIN_3                      GPIO_BSRR_BS_3 /*!< Select pin 3 */
 111:board/stm32f401rct6/Drivers/STM32F4xx_HAL_Driver/Inc/stm32f4xx_ll_gpio.h **** #define LL_GPIO_PIN_4                      GPIO_BSRR_BS_4 /*!< Select pin 4 */
 112:board/stm32f401rct6/Drivers/STM32F4xx_HAL_Driver/Inc/stm32f4xx_ll_gpio.h **** #define LL_GPIO_PIN_5                      GPIO_BSRR_BS_5 /*!< Select pin 5 */
 113:board/stm32f401rct6/Drivers/STM32F4xx_HAL_Driver/Inc/stm32f4xx_ll_gpio.h **** #define LL_GPIO_PIN_6                      GPIO_BSRR_BS_6 /*!< Select pin 6 */
ARM GAS  C:\Users\Admin\AppData\Local\Temp\cc3IBrMn.s 			page 13


 114:board/stm32f401rct6/Drivers/STM32F4xx_HAL_Driver/Inc/stm32f4xx_ll_gpio.h **** #define LL_GPIO_PIN_7                      GPIO_BSRR_BS_7 /*!< Select pin 7 */
 115:board/stm32f401rct6/Drivers/STM32F4xx_HAL_Driver/Inc/stm32f4xx_ll_gpio.h **** #define LL_GPIO_PIN_8                      GPIO_BSRR_BS_8 /*!< Select pin 8 */
 116:board/stm32f401rct6/Drivers/STM32F4xx_HAL_Driver/Inc/stm32f4xx_ll_gpio.h **** #define LL_GPIO_PIN_9                      GPIO_BSRR_BS_9 /*!< Select pin 9 */
 117:board/stm32f401rct6/Drivers/STM32F4xx_HAL_Driver/Inc/stm32f4xx_ll_gpio.h **** #define LL_GPIO_PIN_10                     GPIO_BSRR_BS_10 /*!< Select pin 10 */
 118:board/stm32f401rct6/Drivers/STM32F4xx_HAL_Driver/Inc/stm32f4xx_ll_gpio.h **** #define LL_GPIO_PIN_11                     GPIO_BSRR_BS_11 /*!< Select pin 11 */
 119:board/stm32f401rct6/Drivers/STM32F4xx_HAL_Driver/Inc/stm32f4xx_ll_gpio.h **** #define LL_GPIO_PIN_12                     GPIO_BSRR_BS_12 /*!< Select pin 12 */
 120:board/stm32f401rct6/Drivers/STM32F4xx_HAL_Driver/Inc/stm32f4xx_ll_gpio.h **** #define LL_GPIO_PIN_13                     GPIO_BSRR_BS_13 /*!< Select pin 13 */
 121:board/stm32f401rct6/Drivers/STM32F4xx_HAL_Driver/Inc/stm32f4xx_ll_gpio.h **** #define LL_GPIO_PIN_14                     GPIO_BSRR_BS_14 /*!< Select pin 14 */
 122:board/stm32f401rct6/Drivers/STM32F4xx_HAL_Driver/Inc/stm32f4xx_ll_gpio.h **** #define LL_GPIO_PIN_15                     GPIO_BSRR_BS_15 /*!< Select pin 15 */
 123:board/stm32f401rct6/Drivers/STM32F4xx_HAL_Driver/Inc/stm32f4xx_ll_gpio.h **** #define LL_GPIO_PIN_ALL                    (GPIO_BSRR_BS_0 | GPIO_BSRR_BS_1  | GPIO_BSRR_BS_2  | \
 124:board/stm32f401rct6/Drivers/STM32F4xx_HAL_Driver/Inc/stm32f4xx_ll_gpio.h ****                                            GPIO_BSRR_BS_3  | GPIO_BSRR_BS_4  | GPIO_BSRR_BS_5  | \
 125:board/stm32f401rct6/Drivers/STM32F4xx_HAL_Driver/Inc/stm32f4xx_ll_gpio.h ****                                            GPIO_BSRR_BS_6  | GPIO_BSRR_BS_7  | GPIO_BSRR_BS_8  | \
 126:board/stm32f401rct6/Drivers/STM32F4xx_HAL_Driver/Inc/stm32f4xx_ll_gpio.h ****                                            GPIO_BSRR_BS_9  | GPIO_BSRR_BS_10 | GPIO_BSRR_BS_11 | \
 127:board/stm32f401rct6/Drivers/STM32F4xx_HAL_Driver/Inc/stm32f4xx_ll_gpio.h ****                                            GPIO_BSRR_BS_12 | GPIO_BSRR_BS_13 | GPIO_BSRR_BS_14 | \
 128:board/stm32f401rct6/Drivers/STM32F4xx_HAL_Driver/Inc/stm32f4xx_ll_gpio.h ****                                            GPIO_BSRR_BS_15) /*!< Select all pins */
 129:board/stm32f401rct6/Drivers/STM32F4xx_HAL_Driver/Inc/stm32f4xx_ll_gpio.h **** /**
 130:board/stm32f401rct6/Drivers/STM32F4xx_HAL_Driver/Inc/stm32f4xx_ll_gpio.h ****   * @}
 131:board/stm32f401rct6/Drivers/STM32F4xx_HAL_Driver/Inc/stm32f4xx_ll_gpio.h ****   */
 132:board/stm32f401rct6/Drivers/STM32F4xx_HAL_Driver/Inc/stm32f4xx_ll_gpio.h **** 
 133:board/stm32f401rct6/Drivers/STM32F4xx_HAL_Driver/Inc/stm32f4xx_ll_gpio.h **** /** @defgroup GPIO_LL_EC_MODE Mode
 134:board/stm32f401rct6/Drivers/STM32F4xx_HAL_Driver/Inc/stm32f4xx_ll_gpio.h ****   * @{
 135:board/stm32f401rct6/Drivers/STM32F4xx_HAL_Driver/Inc/stm32f4xx_ll_gpio.h ****   */
 136:board/stm32f401rct6/Drivers/STM32F4xx_HAL_Driver/Inc/stm32f4xx_ll_gpio.h **** #define LL_GPIO_MODE_INPUT                 (0x00000000U) /*!< Select input mode */
 137:board/stm32f401rct6/Drivers/STM32F4xx_HAL_Driver/Inc/stm32f4xx_ll_gpio.h **** #define LL_GPIO_MODE_OUTPUT                GPIO_MODER_MODER0_0  /*!< Select output mode */
 138:board/stm32f401rct6/Drivers/STM32F4xx_HAL_Driver/Inc/stm32f4xx_ll_gpio.h **** #define LL_GPIO_MODE_ALTERNATE             GPIO_MODER_MODER0_1  /*!< Select alternate function mode
 139:board/stm32f401rct6/Drivers/STM32F4xx_HAL_Driver/Inc/stm32f4xx_ll_gpio.h **** #define LL_GPIO_MODE_ANALOG                GPIO_MODER_MODER0    /*!< Select analog mode */
 140:board/stm32f401rct6/Drivers/STM32F4xx_HAL_Driver/Inc/stm32f4xx_ll_gpio.h **** /**
 141:board/stm32f401rct6/Drivers/STM32F4xx_HAL_Driver/Inc/stm32f4xx_ll_gpio.h ****   * @}
 142:board/stm32f401rct6/Drivers/STM32F4xx_HAL_Driver/Inc/stm32f4xx_ll_gpio.h ****   */
 143:board/stm32f401rct6/Drivers/STM32F4xx_HAL_Driver/Inc/stm32f4xx_ll_gpio.h **** 
 144:board/stm32f401rct6/Drivers/STM32F4xx_HAL_Driver/Inc/stm32f4xx_ll_gpio.h **** /** @defgroup GPIO_LL_EC_OUTPUT Output Type
 145:board/stm32f401rct6/Drivers/STM32F4xx_HAL_Driver/Inc/stm32f4xx_ll_gpio.h ****   * @{
 146:board/stm32f401rct6/Drivers/STM32F4xx_HAL_Driver/Inc/stm32f4xx_ll_gpio.h ****   */
 147:board/stm32f401rct6/Drivers/STM32F4xx_HAL_Driver/Inc/stm32f4xx_ll_gpio.h **** #define LL_GPIO_OUTPUT_PUSHPULL            (0x00000000U) /*!< Select push-pull as output type */
 148:board/stm32f401rct6/Drivers/STM32F4xx_HAL_Driver/Inc/stm32f4xx_ll_gpio.h **** #define LL_GPIO_OUTPUT_OPENDRAIN           GPIO_OTYPER_OT_0 /*!< Select open-drain as output type *
 149:board/stm32f401rct6/Drivers/STM32F4xx_HAL_Driver/Inc/stm32f4xx_ll_gpio.h **** /**
 150:board/stm32f401rct6/Drivers/STM32F4xx_HAL_Driver/Inc/stm32f4xx_ll_gpio.h ****   * @}
 151:board/stm32f401rct6/Drivers/STM32F4xx_HAL_Driver/Inc/stm32f4xx_ll_gpio.h ****   */
 152:board/stm32f401rct6/Drivers/STM32F4xx_HAL_Driver/Inc/stm32f4xx_ll_gpio.h **** 
 153:board/stm32f401rct6/Drivers/STM32F4xx_HAL_Driver/Inc/stm32f4xx_ll_gpio.h **** /** @defgroup GPIO_LL_EC_SPEED Output Speed
 154:board/stm32f401rct6/Drivers/STM32F4xx_HAL_Driver/Inc/stm32f4xx_ll_gpio.h ****   * @{
 155:board/stm32f401rct6/Drivers/STM32F4xx_HAL_Driver/Inc/stm32f4xx_ll_gpio.h ****   */
 156:board/stm32f401rct6/Drivers/STM32F4xx_HAL_Driver/Inc/stm32f4xx_ll_gpio.h **** #define LL_GPIO_SPEED_FREQ_LOW             (0x00000000U) /*!< Select I/O low output speed    */
 157:board/stm32f401rct6/Drivers/STM32F4xx_HAL_Driver/Inc/stm32f4xx_ll_gpio.h **** #define LL_GPIO_SPEED_FREQ_MEDIUM          GPIO_OSPEEDER_OSPEEDR0_0 /*!< Select I/O medium output s
 158:board/stm32f401rct6/Drivers/STM32F4xx_HAL_Driver/Inc/stm32f4xx_ll_gpio.h **** #define LL_GPIO_SPEED_FREQ_HIGH            GPIO_OSPEEDER_OSPEEDR0_1 /*!< Select I/O fast output spe
 159:board/stm32f401rct6/Drivers/STM32F4xx_HAL_Driver/Inc/stm32f4xx_ll_gpio.h **** #define LL_GPIO_SPEED_FREQ_VERY_HIGH       GPIO_OSPEEDER_OSPEEDR0   /*!< Select I/O high output spe
 160:board/stm32f401rct6/Drivers/STM32F4xx_HAL_Driver/Inc/stm32f4xx_ll_gpio.h **** /**
 161:board/stm32f401rct6/Drivers/STM32F4xx_HAL_Driver/Inc/stm32f4xx_ll_gpio.h ****   * @}
 162:board/stm32f401rct6/Drivers/STM32F4xx_HAL_Driver/Inc/stm32f4xx_ll_gpio.h ****   */
 163:board/stm32f401rct6/Drivers/STM32F4xx_HAL_Driver/Inc/stm32f4xx_ll_gpio.h **** 
 164:board/stm32f401rct6/Drivers/STM32F4xx_HAL_Driver/Inc/stm32f4xx_ll_gpio.h **** /** @defgroup GPIO_LL_EC_PULL Pull Up Pull Down
 165:board/stm32f401rct6/Drivers/STM32F4xx_HAL_Driver/Inc/stm32f4xx_ll_gpio.h ****   * @{
 166:board/stm32f401rct6/Drivers/STM32F4xx_HAL_Driver/Inc/stm32f4xx_ll_gpio.h ****   */
 167:board/stm32f401rct6/Drivers/STM32F4xx_HAL_Driver/Inc/stm32f4xx_ll_gpio.h **** #define LL_GPIO_PULL_NO                    (0x00000000U) /*!< Select I/O no pull */
 168:board/stm32f401rct6/Drivers/STM32F4xx_HAL_Driver/Inc/stm32f4xx_ll_gpio.h **** #define LL_GPIO_PULL_UP                    GPIO_PUPDR_PUPDR0_0 /*!< Select I/O pull up */
 169:board/stm32f401rct6/Drivers/STM32F4xx_HAL_Driver/Inc/stm32f4xx_ll_gpio.h **** #define LL_GPIO_PULL_DOWN                  GPIO_PUPDR_PUPDR0_1 /*!< Select I/O pull down */
 170:board/stm32f401rct6/Drivers/STM32F4xx_HAL_Driver/Inc/stm32f4xx_ll_gpio.h **** /**
ARM GAS  C:\Users\Admin\AppData\Local\Temp\cc3IBrMn.s 			page 14


 171:board/stm32f401rct6/Drivers/STM32F4xx_HAL_Driver/Inc/stm32f4xx_ll_gpio.h ****   * @}
 172:board/stm32f401rct6/Drivers/STM32F4xx_HAL_Driver/Inc/stm32f4xx_ll_gpio.h ****   */
 173:board/stm32f401rct6/Drivers/STM32F4xx_HAL_Driver/Inc/stm32f4xx_ll_gpio.h **** 
 174:board/stm32f401rct6/Drivers/STM32F4xx_HAL_Driver/Inc/stm32f4xx_ll_gpio.h **** /** @defgroup GPIO_LL_EC_AF Alternate Function
 175:board/stm32f401rct6/Drivers/STM32F4xx_HAL_Driver/Inc/stm32f4xx_ll_gpio.h ****   * @{
 176:board/stm32f401rct6/Drivers/STM32F4xx_HAL_Driver/Inc/stm32f4xx_ll_gpio.h ****   */
 177:board/stm32f401rct6/Drivers/STM32F4xx_HAL_Driver/Inc/stm32f4xx_ll_gpio.h **** #define LL_GPIO_AF_0                       (0x0000000U) /*!< Select alternate function 0 */
 178:board/stm32f401rct6/Drivers/STM32F4xx_HAL_Driver/Inc/stm32f4xx_ll_gpio.h **** #define LL_GPIO_AF_1                       (0x0000001U) /*!< Select alternate function 1 */
 179:board/stm32f401rct6/Drivers/STM32F4xx_HAL_Driver/Inc/stm32f4xx_ll_gpio.h **** #define LL_GPIO_AF_2                       (0x0000002U) /*!< Select alternate function 2 */
 180:board/stm32f401rct6/Drivers/STM32F4xx_HAL_Driver/Inc/stm32f4xx_ll_gpio.h **** #define LL_GPIO_AF_3                       (0x0000003U) /*!< Select alternate function 3 */
 181:board/stm32f401rct6/Drivers/STM32F4xx_HAL_Driver/Inc/stm32f4xx_ll_gpio.h **** #define LL_GPIO_AF_4                       (0x0000004U) /*!< Select alternate function 4 */
 182:board/stm32f401rct6/Drivers/STM32F4xx_HAL_Driver/Inc/stm32f4xx_ll_gpio.h **** #define LL_GPIO_AF_5                       (0x0000005U) /*!< Select alternate function 5 */
 183:board/stm32f401rct6/Drivers/STM32F4xx_HAL_Driver/Inc/stm32f4xx_ll_gpio.h **** #define LL_GPIO_AF_6                       (0x0000006U) /*!< Select alternate function 6 */
 184:board/stm32f401rct6/Drivers/STM32F4xx_HAL_Driver/Inc/stm32f4xx_ll_gpio.h **** #define LL_GPIO_AF_7                       (0x0000007U) /*!< Select alternate function 7 */
 185:board/stm32f401rct6/Drivers/STM32F4xx_HAL_Driver/Inc/stm32f4xx_ll_gpio.h **** #define LL_GPIO_AF_8                       (0x0000008U) /*!< Select alternate function 8 */
 186:board/stm32f401rct6/Drivers/STM32F4xx_HAL_Driver/Inc/stm32f4xx_ll_gpio.h **** #define LL_GPIO_AF_9                       (0x0000009U) /*!< Select alternate function 9 */
 187:board/stm32f401rct6/Drivers/STM32F4xx_HAL_Driver/Inc/stm32f4xx_ll_gpio.h **** #define LL_GPIO_AF_10                      (0x000000AU) /*!< Select alternate function 10 */
 188:board/stm32f401rct6/Drivers/STM32F4xx_HAL_Driver/Inc/stm32f4xx_ll_gpio.h **** #define LL_GPIO_AF_11                      (0x000000BU) /*!< Select alternate function 11 */
 189:board/stm32f401rct6/Drivers/STM32F4xx_HAL_Driver/Inc/stm32f4xx_ll_gpio.h **** #define LL_GPIO_AF_12                      (0x000000CU) /*!< Select alternate function 12 */
 190:board/stm32f401rct6/Drivers/STM32F4xx_HAL_Driver/Inc/stm32f4xx_ll_gpio.h **** #define LL_GPIO_AF_13                      (0x000000DU) /*!< Select alternate function 13 */
 191:board/stm32f401rct6/Drivers/STM32F4xx_HAL_Driver/Inc/stm32f4xx_ll_gpio.h **** #define LL_GPIO_AF_14                      (0x000000EU) /*!< Select alternate function 14 */
 192:board/stm32f401rct6/Drivers/STM32F4xx_HAL_Driver/Inc/stm32f4xx_ll_gpio.h **** #define LL_GPIO_AF_15                      (0x000000FU) /*!< Select alternate function 15 */
 193:board/stm32f401rct6/Drivers/STM32F4xx_HAL_Driver/Inc/stm32f4xx_ll_gpio.h **** /**
 194:board/stm32f401rct6/Drivers/STM32F4xx_HAL_Driver/Inc/stm32f4xx_ll_gpio.h ****   * @}
 195:board/stm32f401rct6/Drivers/STM32F4xx_HAL_Driver/Inc/stm32f4xx_ll_gpio.h ****   */
 196:board/stm32f401rct6/Drivers/STM32F4xx_HAL_Driver/Inc/stm32f4xx_ll_gpio.h **** 
 197:board/stm32f401rct6/Drivers/STM32F4xx_HAL_Driver/Inc/stm32f4xx_ll_gpio.h **** /**
 198:board/stm32f401rct6/Drivers/STM32F4xx_HAL_Driver/Inc/stm32f4xx_ll_gpio.h ****   * @}
 199:board/stm32f401rct6/Drivers/STM32F4xx_HAL_Driver/Inc/stm32f4xx_ll_gpio.h ****   */
 200:board/stm32f401rct6/Drivers/STM32F4xx_HAL_Driver/Inc/stm32f4xx_ll_gpio.h **** 
 201:board/stm32f401rct6/Drivers/STM32F4xx_HAL_Driver/Inc/stm32f4xx_ll_gpio.h **** /* Exported macro ------------------------------------------------------------*/
 202:board/stm32f401rct6/Drivers/STM32F4xx_HAL_Driver/Inc/stm32f4xx_ll_gpio.h **** /** @defgroup GPIO_LL_Exported_Macros GPIO Exported Macros
 203:board/stm32f401rct6/Drivers/STM32F4xx_HAL_Driver/Inc/stm32f4xx_ll_gpio.h ****   * @{
 204:board/stm32f401rct6/Drivers/STM32F4xx_HAL_Driver/Inc/stm32f4xx_ll_gpio.h ****   */
 205:board/stm32f401rct6/Drivers/STM32F4xx_HAL_Driver/Inc/stm32f4xx_ll_gpio.h **** 
 206:board/stm32f401rct6/Drivers/STM32F4xx_HAL_Driver/Inc/stm32f4xx_ll_gpio.h **** /** @defgroup GPIO_LL_EM_WRITE_READ Common Write and read registers Macros
 207:board/stm32f401rct6/Drivers/STM32F4xx_HAL_Driver/Inc/stm32f4xx_ll_gpio.h ****   * @{
 208:board/stm32f401rct6/Drivers/STM32F4xx_HAL_Driver/Inc/stm32f4xx_ll_gpio.h ****   */
 209:board/stm32f401rct6/Drivers/STM32F4xx_HAL_Driver/Inc/stm32f4xx_ll_gpio.h **** 
 210:board/stm32f401rct6/Drivers/STM32F4xx_HAL_Driver/Inc/stm32f4xx_ll_gpio.h **** /**
 211:board/stm32f401rct6/Drivers/STM32F4xx_HAL_Driver/Inc/stm32f4xx_ll_gpio.h ****   * @brief  Write a value in GPIO register
 212:board/stm32f401rct6/Drivers/STM32F4xx_HAL_Driver/Inc/stm32f4xx_ll_gpio.h ****   * @param  __INSTANCE__ GPIO Instance
 213:board/stm32f401rct6/Drivers/STM32F4xx_HAL_Driver/Inc/stm32f4xx_ll_gpio.h ****   * @param  __REG__ Register to be written
 214:board/stm32f401rct6/Drivers/STM32F4xx_HAL_Driver/Inc/stm32f4xx_ll_gpio.h ****   * @param  __VALUE__ Value to be written in the register
 215:board/stm32f401rct6/Drivers/STM32F4xx_HAL_Driver/Inc/stm32f4xx_ll_gpio.h ****   * @retval None
 216:board/stm32f401rct6/Drivers/STM32F4xx_HAL_Driver/Inc/stm32f4xx_ll_gpio.h ****   */
 217:board/stm32f401rct6/Drivers/STM32F4xx_HAL_Driver/Inc/stm32f4xx_ll_gpio.h **** #define LL_GPIO_WriteReg(__INSTANCE__, __REG__, __VALUE__) WRITE_REG(__INSTANCE__->__REG__, (__VALU
 218:board/stm32f401rct6/Drivers/STM32F4xx_HAL_Driver/Inc/stm32f4xx_ll_gpio.h **** 
 219:board/stm32f401rct6/Drivers/STM32F4xx_HAL_Driver/Inc/stm32f4xx_ll_gpio.h **** /**
 220:board/stm32f401rct6/Drivers/STM32F4xx_HAL_Driver/Inc/stm32f4xx_ll_gpio.h ****   * @brief  Read a value in GPIO register
 221:board/stm32f401rct6/Drivers/STM32F4xx_HAL_Driver/Inc/stm32f4xx_ll_gpio.h ****   * @param  __INSTANCE__ GPIO Instance
 222:board/stm32f401rct6/Drivers/STM32F4xx_HAL_Driver/Inc/stm32f4xx_ll_gpio.h ****   * @param  __REG__ Register to be read
 223:board/stm32f401rct6/Drivers/STM32F4xx_HAL_Driver/Inc/stm32f4xx_ll_gpio.h ****   * @retval Register value
 224:board/stm32f401rct6/Drivers/STM32F4xx_HAL_Driver/Inc/stm32f4xx_ll_gpio.h ****   */
 225:board/stm32f401rct6/Drivers/STM32F4xx_HAL_Driver/Inc/stm32f4xx_ll_gpio.h **** #define LL_GPIO_ReadReg(__INSTANCE__, __REG__) READ_REG(__INSTANCE__->__REG__)
 226:board/stm32f401rct6/Drivers/STM32F4xx_HAL_Driver/Inc/stm32f4xx_ll_gpio.h **** /**
 227:board/stm32f401rct6/Drivers/STM32F4xx_HAL_Driver/Inc/stm32f4xx_ll_gpio.h ****   * @}
ARM GAS  C:\Users\Admin\AppData\Local\Temp\cc3IBrMn.s 			page 15


 228:board/stm32f401rct6/Drivers/STM32F4xx_HAL_Driver/Inc/stm32f4xx_ll_gpio.h ****   */
 229:board/stm32f401rct6/Drivers/STM32F4xx_HAL_Driver/Inc/stm32f4xx_ll_gpio.h **** 
 230:board/stm32f401rct6/Drivers/STM32F4xx_HAL_Driver/Inc/stm32f4xx_ll_gpio.h **** /**
 231:board/stm32f401rct6/Drivers/STM32F4xx_HAL_Driver/Inc/stm32f4xx_ll_gpio.h ****   * @}
 232:board/stm32f401rct6/Drivers/STM32F4xx_HAL_Driver/Inc/stm32f4xx_ll_gpio.h ****   */
 233:board/stm32f401rct6/Drivers/STM32F4xx_HAL_Driver/Inc/stm32f4xx_ll_gpio.h **** 
 234:board/stm32f401rct6/Drivers/STM32F4xx_HAL_Driver/Inc/stm32f4xx_ll_gpio.h **** /* Exported functions --------------------------------------------------------*/
 235:board/stm32f401rct6/Drivers/STM32F4xx_HAL_Driver/Inc/stm32f4xx_ll_gpio.h **** /** @defgroup GPIO_LL_Exported_Functions GPIO Exported Functions
 236:board/stm32f401rct6/Drivers/STM32F4xx_HAL_Driver/Inc/stm32f4xx_ll_gpio.h ****   * @{
 237:board/stm32f401rct6/Drivers/STM32F4xx_HAL_Driver/Inc/stm32f4xx_ll_gpio.h ****   */
 238:board/stm32f401rct6/Drivers/STM32F4xx_HAL_Driver/Inc/stm32f4xx_ll_gpio.h **** 
 239:board/stm32f401rct6/Drivers/STM32F4xx_HAL_Driver/Inc/stm32f4xx_ll_gpio.h **** /** @defgroup GPIO_LL_EF_Port_Configuration Port Configuration
 240:board/stm32f401rct6/Drivers/STM32F4xx_HAL_Driver/Inc/stm32f4xx_ll_gpio.h ****   * @{
 241:board/stm32f401rct6/Drivers/STM32F4xx_HAL_Driver/Inc/stm32f4xx_ll_gpio.h ****   */
 242:board/stm32f401rct6/Drivers/STM32F4xx_HAL_Driver/Inc/stm32f4xx_ll_gpio.h **** 
 243:board/stm32f401rct6/Drivers/STM32F4xx_HAL_Driver/Inc/stm32f4xx_ll_gpio.h **** /**
 244:board/stm32f401rct6/Drivers/STM32F4xx_HAL_Driver/Inc/stm32f4xx_ll_gpio.h ****   * @brief  Configure gpio mode for a dedicated pin on dedicated port.
 245:board/stm32f401rct6/Drivers/STM32F4xx_HAL_Driver/Inc/stm32f4xx_ll_gpio.h ****   * @note   I/O mode can be Input mode, General purpose output, Alternate function mode or Analog.
 246:board/stm32f401rct6/Drivers/STM32F4xx_HAL_Driver/Inc/stm32f4xx_ll_gpio.h ****   * @note   Warning: only one pin can be passed as parameter.
 247:board/stm32f401rct6/Drivers/STM32F4xx_HAL_Driver/Inc/stm32f4xx_ll_gpio.h ****   * @rmtoll MODER        MODEy         LL_GPIO_SetPinMode
 248:board/stm32f401rct6/Drivers/STM32F4xx_HAL_Driver/Inc/stm32f4xx_ll_gpio.h ****   * @param  GPIOx GPIO Port
 249:board/stm32f401rct6/Drivers/STM32F4xx_HAL_Driver/Inc/stm32f4xx_ll_gpio.h ****   * @param  Pin This parameter can be one of the following values:
 250:board/stm32f401rct6/Drivers/STM32F4xx_HAL_Driver/Inc/stm32f4xx_ll_gpio.h ****   *         @arg @ref LL_GPIO_PIN_0
 251:board/stm32f401rct6/Drivers/STM32F4xx_HAL_Driver/Inc/stm32f4xx_ll_gpio.h ****   *         @arg @ref LL_GPIO_PIN_1
 252:board/stm32f401rct6/Drivers/STM32F4xx_HAL_Driver/Inc/stm32f4xx_ll_gpio.h ****   *         @arg @ref LL_GPIO_PIN_2
 253:board/stm32f401rct6/Drivers/STM32F4xx_HAL_Driver/Inc/stm32f4xx_ll_gpio.h ****   *         @arg @ref LL_GPIO_PIN_3
 254:board/stm32f401rct6/Drivers/STM32F4xx_HAL_Driver/Inc/stm32f4xx_ll_gpio.h ****   *         @arg @ref LL_GPIO_PIN_4
 255:board/stm32f401rct6/Drivers/STM32F4xx_HAL_Driver/Inc/stm32f4xx_ll_gpio.h ****   *         @arg @ref LL_GPIO_PIN_5
 256:board/stm32f401rct6/Drivers/STM32F4xx_HAL_Driver/Inc/stm32f4xx_ll_gpio.h ****   *         @arg @ref LL_GPIO_PIN_6
 257:board/stm32f401rct6/Drivers/STM32F4xx_HAL_Driver/Inc/stm32f4xx_ll_gpio.h ****   *         @arg @ref LL_GPIO_PIN_7
 258:board/stm32f401rct6/Drivers/STM32F4xx_HAL_Driver/Inc/stm32f4xx_ll_gpio.h ****   *         @arg @ref LL_GPIO_PIN_8
 259:board/stm32f401rct6/Drivers/STM32F4xx_HAL_Driver/Inc/stm32f4xx_ll_gpio.h ****   *         @arg @ref LL_GPIO_PIN_9
 260:board/stm32f401rct6/Drivers/STM32F4xx_HAL_Driver/Inc/stm32f4xx_ll_gpio.h ****   *         @arg @ref LL_GPIO_PIN_10
 261:board/stm32f401rct6/Drivers/STM32F4xx_HAL_Driver/Inc/stm32f4xx_ll_gpio.h ****   *         @arg @ref LL_GPIO_PIN_11
 262:board/stm32f401rct6/Drivers/STM32F4xx_HAL_Driver/Inc/stm32f4xx_ll_gpio.h ****   *         @arg @ref LL_GPIO_PIN_12
 263:board/stm32f401rct6/Drivers/STM32F4xx_HAL_Driver/Inc/stm32f4xx_ll_gpio.h ****   *         @arg @ref LL_GPIO_PIN_13
 264:board/stm32f401rct6/Drivers/STM32F4xx_HAL_Driver/Inc/stm32f4xx_ll_gpio.h ****   *         @arg @ref LL_GPIO_PIN_14
 265:board/stm32f401rct6/Drivers/STM32F4xx_HAL_Driver/Inc/stm32f4xx_ll_gpio.h ****   *         @arg @ref LL_GPIO_PIN_15
 266:board/stm32f401rct6/Drivers/STM32F4xx_HAL_Driver/Inc/stm32f4xx_ll_gpio.h ****   * @param  Mode This parameter can be one of the following values:
 267:board/stm32f401rct6/Drivers/STM32F4xx_HAL_Driver/Inc/stm32f4xx_ll_gpio.h ****   *         @arg @ref LL_GPIO_MODE_INPUT
 268:board/stm32f401rct6/Drivers/STM32F4xx_HAL_Driver/Inc/stm32f4xx_ll_gpio.h ****   *         @arg @ref LL_GPIO_MODE_OUTPUT
 269:board/stm32f401rct6/Drivers/STM32F4xx_HAL_Driver/Inc/stm32f4xx_ll_gpio.h ****   *         @arg @ref LL_GPIO_MODE_ALTERNATE
 270:board/stm32f401rct6/Drivers/STM32F4xx_HAL_Driver/Inc/stm32f4xx_ll_gpio.h ****   *         @arg @ref LL_GPIO_MODE_ANALOG
 271:board/stm32f401rct6/Drivers/STM32F4xx_HAL_Driver/Inc/stm32f4xx_ll_gpio.h ****   * @retval None
 272:board/stm32f401rct6/Drivers/STM32F4xx_HAL_Driver/Inc/stm32f4xx_ll_gpio.h ****   */
 273:board/stm32f401rct6/Drivers/STM32F4xx_HAL_Driver/Inc/stm32f4xx_ll_gpio.h **** __STATIC_INLINE void LL_GPIO_SetPinMode(GPIO_TypeDef *GPIOx, uint32_t Pin, uint32_t Mode)
 274:board/stm32f401rct6/Drivers/STM32F4xx_HAL_Driver/Inc/stm32f4xx_ll_gpio.h **** {
 275:board/stm32f401rct6/Drivers/STM32F4xx_HAL_Driver/Inc/stm32f4xx_ll_gpio.h ****   MODIFY_REG(GPIOx->MODER, (GPIO_MODER_MODER0 << (POSITION_VAL(Pin) * 2U)), (Mode << (POSITION_VAL(
 276:board/stm32f401rct6/Drivers/STM32F4xx_HAL_Driver/Inc/stm32f4xx_ll_gpio.h **** }
 277:board/stm32f401rct6/Drivers/STM32F4xx_HAL_Driver/Inc/stm32f4xx_ll_gpio.h **** 
 278:board/stm32f401rct6/Drivers/STM32F4xx_HAL_Driver/Inc/stm32f4xx_ll_gpio.h **** /**
 279:board/stm32f401rct6/Drivers/STM32F4xx_HAL_Driver/Inc/stm32f4xx_ll_gpio.h ****   * @brief  Return gpio mode for a dedicated pin on dedicated port.
 280:board/stm32f401rct6/Drivers/STM32F4xx_HAL_Driver/Inc/stm32f4xx_ll_gpio.h ****   * @note   I/O mode can be Input mode, General purpose output, Alternate function mode or Analog.
 281:board/stm32f401rct6/Drivers/STM32F4xx_HAL_Driver/Inc/stm32f4xx_ll_gpio.h ****   * @note   Warning: only one pin can be passed as parameter.
 282:board/stm32f401rct6/Drivers/STM32F4xx_HAL_Driver/Inc/stm32f4xx_ll_gpio.h ****   * @rmtoll MODER        MODEy         LL_GPIO_GetPinMode
 283:board/stm32f401rct6/Drivers/STM32F4xx_HAL_Driver/Inc/stm32f4xx_ll_gpio.h ****   * @param  GPIOx GPIO Port
 284:board/stm32f401rct6/Drivers/STM32F4xx_HAL_Driver/Inc/stm32f4xx_ll_gpio.h ****   * @param  Pin This parameter can be one of the following values:
ARM GAS  C:\Users\Admin\AppData\Local\Temp\cc3IBrMn.s 			page 16


 285:board/stm32f401rct6/Drivers/STM32F4xx_HAL_Driver/Inc/stm32f4xx_ll_gpio.h ****   *         @arg @ref LL_GPIO_PIN_0
 286:board/stm32f401rct6/Drivers/STM32F4xx_HAL_Driver/Inc/stm32f4xx_ll_gpio.h ****   *         @arg @ref LL_GPIO_PIN_1
 287:board/stm32f401rct6/Drivers/STM32F4xx_HAL_Driver/Inc/stm32f4xx_ll_gpio.h ****   *         @arg @ref LL_GPIO_PIN_2
 288:board/stm32f401rct6/Drivers/STM32F4xx_HAL_Driver/Inc/stm32f4xx_ll_gpio.h ****   *         @arg @ref LL_GPIO_PIN_3
 289:board/stm32f401rct6/Drivers/STM32F4xx_HAL_Driver/Inc/stm32f4xx_ll_gpio.h ****   *         @arg @ref LL_GPIO_PIN_4
 290:board/stm32f401rct6/Drivers/STM32F4xx_HAL_Driver/Inc/stm32f4xx_ll_gpio.h ****   *         @arg @ref LL_GPIO_PIN_5
 291:board/stm32f401rct6/Drivers/STM32F4xx_HAL_Driver/Inc/stm32f4xx_ll_gpio.h ****   *         @arg @ref LL_GPIO_PIN_6
 292:board/stm32f401rct6/Drivers/STM32F4xx_HAL_Driver/Inc/stm32f4xx_ll_gpio.h ****   *         @arg @ref LL_GPIO_PIN_7
 293:board/stm32f401rct6/Drivers/STM32F4xx_HAL_Driver/Inc/stm32f4xx_ll_gpio.h ****   *         @arg @ref LL_GPIO_PIN_8
 294:board/stm32f401rct6/Drivers/STM32F4xx_HAL_Driver/Inc/stm32f4xx_ll_gpio.h ****   *         @arg @ref LL_GPIO_PIN_9
 295:board/stm32f401rct6/Drivers/STM32F4xx_HAL_Driver/Inc/stm32f4xx_ll_gpio.h ****   *         @arg @ref LL_GPIO_PIN_10
 296:board/stm32f401rct6/Drivers/STM32F4xx_HAL_Driver/Inc/stm32f4xx_ll_gpio.h ****   *         @arg @ref LL_GPIO_PIN_11
 297:board/stm32f401rct6/Drivers/STM32F4xx_HAL_Driver/Inc/stm32f4xx_ll_gpio.h ****   *         @arg @ref LL_GPIO_PIN_12
 298:board/stm32f401rct6/Drivers/STM32F4xx_HAL_Driver/Inc/stm32f4xx_ll_gpio.h ****   *         @arg @ref LL_GPIO_PIN_13
 299:board/stm32f401rct6/Drivers/STM32F4xx_HAL_Driver/Inc/stm32f4xx_ll_gpio.h ****   *         @arg @ref LL_GPIO_PIN_14
 300:board/stm32f401rct6/Drivers/STM32F4xx_HAL_Driver/Inc/stm32f4xx_ll_gpio.h ****   *         @arg @ref LL_GPIO_PIN_15
 301:board/stm32f401rct6/Drivers/STM32F4xx_HAL_Driver/Inc/stm32f4xx_ll_gpio.h ****   * @retval Returned value can be one of the following values:
 302:board/stm32f401rct6/Drivers/STM32F4xx_HAL_Driver/Inc/stm32f4xx_ll_gpio.h ****   *         @arg @ref LL_GPIO_MODE_INPUT
 303:board/stm32f401rct6/Drivers/STM32F4xx_HAL_Driver/Inc/stm32f4xx_ll_gpio.h ****   *         @arg @ref LL_GPIO_MODE_OUTPUT
 304:board/stm32f401rct6/Drivers/STM32F4xx_HAL_Driver/Inc/stm32f4xx_ll_gpio.h ****   *         @arg @ref LL_GPIO_MODE_ALTERNATE
 305:board/stm32f401rct6/Drivers/STM32F4xx_HAL_Driver/Inc/stm32f4xx_ll_gpio.h ****   *         @arg @ref LL_GPIO_MODE_ANALOG
 306:board/stm32f401rct6/Drivers/STM32F4xx_HAL_Driver/Inc/stm32f4xx_ll_gpio.h ****   */
 307:board/stm32f401rct6/Drivers/STM32F4xx_HAL_Driver/Inc/stm32f4xx_ll_gpio.h **** __STATIC_INLINE uint32_t LL_GPIO_GetPinMode(GPIO_TypeDef *GPIOx, uint32_t Pin)
 308:board/stm32f401rct6/Drivers/STM32F4xx_HAL_Driver/Inc/stm32f4xx_ll_gpio.h **** {
 309:board/stm32f401rct6/Drivers/STM32F4xx_HAL_Driver/Inc/stm32f4xx_ll_gpio.h ****   return (uint32_t)(READ_BIT(GPIOx->MODER,
 310:board/stm32f401rct6/Drivers/STM32F4xx_HAL_Driver/Inc/stm32f4xx_ll_gpio.h ****                              (GPIO_MODER_MODER0 << (POSITION_VAL(Pin) * 2U))) >> (POSITION_VAL(Pin)
 311:board/stm32f401rct6/Drivers/STM32F4xx_HAL_Driver/Inc/stm32f4xx_ll_gpio.h **** }
 312:board/stm32f401rct6/Drivers/STM32F4xx_HAL_Driver/Inc/stm32f4xx_ll_gpio.h **** 
 313:board/stm32f401rct6/Drivers/STM32F4xx_HAL_Driver/Inc/stm32f4xx_ll_gpio.h **** /**
 314:board/stm32f401rct6/Drivers/STM32F4xx_HAL_Driver/Inc/stm32f4xx_ll_gpio.h ****   * @brief  Configure gpio output type for several pins on dedicated port.
 315:board/stm32f401rct6/Drivers/STM32F4xx_HAL_Driver/Inc/stm32f4xx_ll_gpio.h ****   * @note   Output type as to be set when gpio pin is in output or
 316:board/stm32f401rct6/Drivers/STM32F4xx_HAL_Driver/Inc/stm32f4xx_ll_gpio.h ****   *         alternate modes. Possible type are Push-pull or Open-drain.
 317:board/stm32f401rct6/Drivers/STM32F4xx_HAL_Driver/Inc/stm32f4xx_ll_gpio.h ****   * @rmtoll OTYPER       OTy           LL_GPIO_SetPinOutputType
 318:board/stm32f401rct6/Drivers/STM32F4xx_HAL_Driver/Inc/stm32f4xx_ll_gpio.h ****   * @param  GPIOx GPIO Port
 319:board/stm32f401rct6/Drivers/STM32F4xx_HAL_Driver/Inc/stm32f4xx_ll_gpio.h ****   * @param  PinMask This parameter can be a combination of the following values:
 320:board/stm32f401rct6/Drivers/STM32F4xx_HAL_Driver/Inc/stm32f4xx_ll_gpio.h ****   *         @arg @ref LL_GPIO_PIN_0
 321:board/stm32f401rct6/Drivers/STM32F4xx_HAL_Driver/Inc/stm32f4xx_ll_gpio.h ****   *         @arg @ref LL_GPIO_PIN_1
 322:board/stm32f401rct6/Drivers/STM32F4xx_HAL_Driver/Inc/stm32f4xx_ll_gpio.h ****   *         @arg @ref LL_GPIO_PIN_2
 323:board/stm32f401rct6/Drivers/STM32F4xx_HAL_Driver/Inc/stm32f4xx_ll_gpio.h ****   *         @arg @ref LL_GPIO_PIN_3
 324:board/stm32f401rct6/Drivers/STM32F4xx_HAL_Driver/Inc/stm32f4xx_ll_gpio.h ****   *         @arg @ref LL_GPIO_PIN_4
 325:board/stm32f401rct6/Drivers/STM32F4xx_HAL_Driver/Inc/stm32f4xx_ll_gpio.h ****   *         @arg @ref LL_GPIO_PIN_5
 326:board/stm32f401rct6/Drivers/STM32F4xx_HAL_Driver/Inc/stm32f4xx_ll_gpio.h ****   *         @arg @ref LL_GPIO_PIN_6
 327:board/stm32f401rct6/Drivers/STM32F4xx_HAL_Driver/Inc/stm32f4xx_ll_gpio.h ****   *         @arg @ref LL_GPIO_PIN_7
 328:board/stm32f401rct6/Drivers/STM32F4xx_HAL_Driver/Inc/stm32f4xx_ll_gpio.h ****   *         @arg @ref LL_GPIO_PIN_8
 329:board/stm32f401rct6/Drivers/STM32F4xx_HAL_Driver/Inc/stm32f4xx_ll_gpio.h ****   *         @arg @ref LL_GPIO_PIN_9
 330:board/stm32f401rct6/Drivers/STM32F4xx_HAL_Driver/Inc/stm32f4xx_ll_gpio.h ****   *         @arg @ref LL_GPIO_PIN_10
 331:board/stm32f401rct6/Drivers/STM32F4xx_HAL_Driver/Inc/stm32f4xx_ll_gpio.h ****   *         @arg @ref LL_GPIO_PIN_11
 332:board/stm32f401rct6/Drivers/STM32F4xx_HAL_Driver/Inc/stm32f4xx_ll_gpio.h ****   *         @arg @ref LL_GPIO_PIN_12
 333:board/stm32f401rct6/Drivers/STM32F4xx_HAL_Driver/Inc/stm32f4xx_ll_gpio.h ****   *         @arg @ref LL_GPIO_PIN_13
 334:board/stm32f401rct6/Drivers/STM32F4xx_HAL_Driver/Inc/stm32f4xx_ll_gpio.h ****   *         @arg @ref LL_GPIO_PIN_14
 335:board/stm32f401rct6/Drivers/STM32F4xx_HAL_Driver/Inc/stm32f4xx_ll_gpio.h ****   *         @arg @ref LL_GPIO_PIN_15
 336:board/stm32f401rct6/Drivers/STM32F4xx_HAL_Driver/Inc/stm32f4xx_ll_gpio.h ****   *         @arg @ref LL_GPIO_PIN_ALL
 337:board/stm32f401rct6/Drivers/STM32F4xx_HAL_Driver/Inc/stm32f4xx_ll_gpio.h ****   * @param  OutputType This parameter can be one of the following values:
 338:board/stm32f401rct6/Drivers/STM32F4xx_HAL_Driver/Inc/stm32f4xx_ll_gpio.h ****   *         @arg @ref LL_GPIO_OUTPUT_PUSHPULL
 339:board/stm32f401rct6/Drivers/STM32F4xx_HAL_Driver/Inc/stm32f4xx_ll_gpio.h ****   *         @arg @ref LL_GPIO_OUTPUT_OPENDRAIN
 340:board/stm32f401rct6/Drivers/STM32F4xx_HAL_Driver/Inc/stm32f4xx_ll_gpio.h ****   * @retval None
 341:board/stm32f401rct6/Drivers/STM32F4xx_HAL_Driver/Inc/stm32f4xx_ll_gpio.h ****   */
ARM GAS  C:\Users\Admin\AppData\Local\Temp\cc3IBrMn.s 			page 17


 342:board/stm32f401rct6/Drivers/STM32F4xx_HAL_Driver/Inc/stm32f4xx_ll_gpio.h **** __STATIC_INLINE void LL_GPIO_SetPinOutputType(GPIO_TypeDef *GPIOx, uint32_t PinMask, uint32_t Outpu
 343:board/stm32f401rct6/Drivers/STM32F4xx_HAL_Driver/Inc/stm32f4xx_ll_gpio.h **** {
 344:board/stm32f401rct6/Drivers/STM32F4xx_HAL_Driver/Inc/stm32f4xx_ll_gpio.h ****   MODIFY_REG(GPIOx->OTYPER, PinMask, (PinMask * OutputType));
 345:board/stm32f401rct6/Drivers/STM32F4xx_HAL_Driver/Inc/stm32f4xx_ll_gpio.h **** }
 346:board/stm32f401rct6/Drivers/STM32F4xx_HAL_Driver/Inc/stm32f4xx_ll_gpio.h **** 
 347:board/stm32f401rct6/Drivers/STM32F4xx_HAL_Driver/Inc/stm32f4xx_ll_gpio.h **** /**
 348:board/stm32f401rct6/Drivers/STM32F4xx_HAL_Driver/Inc/stm32f4xx_ll_gpio.h ****   * @brief  Return gpio output type for several pins on dedicated port.
 349:board/stm32f401rct6/Drivers/STM32F4xx_HAL_Driver/Inc/stm32f4xx_ll_gpio.h ****   * @note   Output type as to be set when gpio pin is in output or
 350:board/stm32f401rct6/Drivers/STM32F4xx_HAL_Driver/Inc/stm32f4xx_ll_gpio.h ****   *         alternate modes. Possible type are Push-pull or Open-drain.
 351:board/stm32f401rct6/Drivers/STM32F4xx_HAL_Driver/Inc/stm32f4xx_ll_gpio.h ****   * @note   Warning: only one pin can be passed as parameter.
 352:board/stm32f401rct6/Drivers/STM32F4xx_HAL_Driver/Inc/stm32f4xx_ll_gpio.h ****   * @rmtoll OTYPER       OTy           LL_GPIO_GetPinOutputType
 353:board/stm32f401rct6/Drivers/STM32F4xx_HAL_Driver/Inc/stm32f4xx_ll_gpio.h ****   * @param  GPIOx GPIO Port
 354:board/stm32f401rct6/Drivers/STM32F4xx_HAL_Driver/Inc/stm32f4xx_ll_gpio.h ****   * @param  Pin This parameter can be one of the following values:
 355:board/stm32f401rct6/Drivers/STM32F4xx_HAL_Driver/Inc/stm32f4xx_ll_gpio.h ****   *         @arg @ref LL_GPIO_PIN_0
 356:board/stm32f401rct6/Drivers/STM32F4xx_HAL_Driver/Inc/stm32f4xx_ll_gpio.h ****   *         @arg @ref LL_GPIO_PIN_1
 357:board/stm32f401rct6/Drivers/STM32F4xx_HAL_Driver/Inc/stm32f4xx_ll_gpio.h ****   *         @arg @ref LL_GPIO_PIN_2
 358:board/stm32f401rct6/Drivers/STM32F4xx_HAL_Driver/Inc/stm32f4xx_ll_gpio.h ****   *         @arg @ref LL_GPIO_PIN_3
 359:board/stm32f401rct6/Drivers/STM32F4xx_HAL_Driver/Inc/stm32f4xx_ll_gpio.h ****   *         @arg @ref LL_GPIO_PIN_4
 360:board/stm32f401rct6/Drivers/STM32F4xx_HAL_Driver/Inc/stm32f4xx_ll_gpio.h ****   *         @arg @ref LL_GPIO_PIN_5
 361:board/stm32f401rct6/Drivers/STM32F4xx_HAL_Driver/Inc/stm32f4xx_ll_gpio.h ****   *         @arg @ref LL_GPIO_PIN_6
 362:board/stm32f401rct6/Drivers/STM32F4xx_HAL_Driver/Inc/stm32f4xx_ll_gpio.h ****   *         @arg @ref LL_GPIO_PIN_7
 363:board/stm32f401rct6/Drivers/STM32F4xx_HAL_Driver/Inc/stm32f4xx_ll_gpio.h ****   *         @arg @ref LL_GPIO_PIN_8
 364:board/stm32f401rct6/Drivers/STM32F4xx_HAL_Driver/Inc/stm32f4xx_ll_gpio.h ****   *         @arg @ref LL_GPIO_PIN_9
 365:board/stm32f401rct6/Drivers/STM32F4xx_HAL_Driver/Inc/stm32f4xx_ll_gpio.h ****   *         @arg @ref LL_GPIO_PIN_10
 366:board/stm32f401rct6/Drivers/STM32F4xx_HAL_Driver/Inc/stm32f4xx_ll_gpio.h ****   *         @arg @ref LL_GPIO_PIN_11
 367:board/stm32f401rct6/Drivers/STM32F4xx_HAL_Driver/Inc/stm32f4xx_ll_gpio.h ****   *         @arg @ref LL_GPIO_PIN_12
 368:board/stm32f401rct6/Drivers/STM32F4xx_HAL_Driver/Inc/stm32f4xx_ll_gpio.h ****   *         @arg @ref LL_GPIO_PIN_13
 369:board/stm32f401rct6/Drivers/STM32F4xx_HAL_Driver/Inc/stm32f4xx_ll_gpio.h ****   *         @arg @ref LL_GPIO_PIN_14
 370:board/stm32f401rct6/Drivers/STM32F4xx_HAL_Driver/Inc/stm32f4xx_ll_gpio.h ****   *         @arg @ref LL_GPIO_PIN_15
 371:board/stm32f401rct6/Drivers/STM32F4xx_HAL_Driver/Inc/stm32f4xx_ll_gpio.h ****   *         @arg @ref LL_GPIO_PIN_ALL
 372:board/stm32f401rct6/Drivers/STM32F4xx_HAL_Driver/Inc/stm32f4xx_ll_gpio.h ****   * @retval Returned value can be one of the following values:
 373:board/stm32f401rct6/Drivers/STM32F4xx_HAL_Driver/Inc/stm32f4xx_ll_gpio.h ****   *         @arg @ref LL_GPIO_OUTPUT_PUSHPULL
 374:board/stm32f401rct6/Drivers/STM32F4xx_HAL_Driver/Inc/stm32f4xx_ll_gpio.h ****   *         @arg @ref LL_GPIO_OUTPUT_OPENDRAIN
 375:board/stm32f401rct6/Drivers/STM32F4xx_HAL_Driver/Inc/stm32f4xx_ll_gpio.h ****   */
 376:board/stm32f401rct6/Drivers/STM32F4xx_HAL_Driver/Inc/stm32f4xx_ll_gpio.h **** __STATIC_INLINE uint32_t LL_GPIO_GetPinOutputType(GPIO_TypeDef *GPIOx, uint32_t Pin)
 377:board/stm32f401rct6/Drivers/STM32F4xx_HAL_Driver/Inc/stm32f4xx_ll_gpio.h **** {
 378:board/stm32f401rct6/Drivers/STM32F4xx_HAL_Driver/Inc/stm32f4xx_ll_gpio.h ****   return (uint32_t)(READ_BIT(GPIOx->OTYPER, Pin) >> POSITION_VAL(Pin));
 379:board/stm32f401rct6/Drivers/STM32F4xx_HAL_Driver/Inc/stm32f4xx_ll_gpio.h **** }
 380:board/stm32f401rct6/Drivers/STM32F4xx_HAL_Driver/Inc/stm32f4xx_ll_gpio.h **** 
 381:board/stm32f401rct6/Drivers/STM32F4xx_HAL_Driver/Inc/stm32f4xx_ll_gpio.h **** /**
 382:board/stm32f401rct6/Drivers/STM32F4xx_HAL_Driver/Inc/stm32f4xx_ll_gpio.h ****   * @brief  Configure gpio speed for a dedicated pin on dedicated port.
 383:board/stm32f401rct6/Drivers/STM32F4xx_HAL_Driver/Inc/stm32f4xx_ll_gpio.h ****   * @note   I/O speed can be Low, Medium, Fast or High speed.
 384:board/stm32f401rct6/Drivers/STM32F4xx_HAL_Driver/Inc/stm32f4xx_ll_gpio.h ****   * @note   Warning: only one pin can be passed as parameter.
 385:board/stm32f401rct6/Drivers/STM32F4xx_HAL_Driver/Inc/stm32f4xx_ll_gpio.h ****   * @note   Refer to datasheet for frequency specifications and the power
 386:board/stm32f401rct6/Drivers/STM32F4xx_HAL_Driver/Inc/stm32f4xx_ll_gpio.h ****   *         supply and load conditions for each speed.
 387:board/stm32f401rct6/Drivers/STM32F4xx_HAL_Driver/Inc/stm32f4xx_ll_gpio.h ****   * @rmtoll OSPEEDR      OSPEEDy       LL_GPIO_SetPinSpeed
 388:board/stm32f401rct6/Drivers/STM32F4xx_HAL_Driver/Inc/stm32f4xx_ll_gpio.h ****   * @param  GPIOx GPIO Port
 389:board/stm32f401rct6/Drivers/STM32F4xx_HAL_Driver/Inc/stm32f4xx_ll_gpio.h ****   * @param  Pin This parameter can be one of the following values:
 390:board/stm32f401rct6/Drivers/STM32F4xx_HAL_Driver/Inc/stm32f4xx_ll_gpio.h ****   *         @arg @ref LL_GPIO_PIN_0
 391:board/stm32f401rct6/Drivers/STM32F4xx_HAL_Driver/Inc/stm32f4xx_ll_gpio.h ****   *         @arg @ref LL_GPIO_PIN_1
 392:board/stm32f401rct6/Drivers/STM32F4xx_HAL_Driver/Inc/stm32f4xx_ll_gpio.h ****   *         @arg @ref LL_GPIO_PIN_2
 393:board/stm32f401rct6/Drivers/STM32F4xx_HAL_Driver/Inc/stm32f4xx_ll_gpio.h ****   *         @arg @ref LL_GPIO_PIN_3
 394:board/stm32f401rct6/Drivers/STM32F4xx_HAL_Driver/Inc/stm32f4xx_ll_gpio.h ****   *         @arg @ref LL_GPIO_PIN_4
 395:board/stm32f401rct6/Drivers/STM32F4xx_HAL_Driver/Inc/stm32f4xx_ll_gpio.h ****   *         @arg @ref LL_GPIO_PIN_5
 396:board/stm32f401rct6/Drivers/STM32F4xx_HAL_Driver/Inc/stm32f4xx_ll_gpio.h ****   *         @arg @ref LL_GPIO_PIN_6
 397:board/stm32f401rct6/Drivers/STM32F4xx_HAL_Driver/Inc/stm32f4xx_ll_gpio.h ****   *         @arg @ref LL_GPIO_PIN_7
 398:board/stm32f401rct6/Drivers/STM32F4xx_HAL_Driver/Inc/stm32f4xx_ll_gpio.h ****   *         @arg @ref LL_GPIO_PIN_8
ARM GAS  C:\Users\Admin\AppData\Local\Temp\cc3IBrMn.s 			page 18


 399:board/stm32f401rct6/Drivers/STM32F4xx_HAL_Driver/Inc/stm32f4xx_ll_gpio.h ****   *         @arg @ref LL_GPIO_PIN_9
 400:board/stm32f401rct6/Drivers/STM32F4xx_HAL_Driver/Inc/stm32f4xx_ll_gpio.h ****   *         @arg @ref LL_GPIO_PIN_10
 401:board/stm32f401rct6/Drivers/STM32F4xx_HAL_Driver/Inc/stm32f4xx_ll_gpio.h ****   *         @arg @ref LL_GPIO_PIN_11
 402:board/stm32f401rct6/Drivers/STM32F4xx_HAL_Driver/Inc/stm32f4xx_ll_gpio.h ****   *         @arg @ref LL_GPIO_PIN_12
 403:board/stm32f401rct6/Drivers/STM32F4xx_HAL_Driver/Inc/stm32f4xx_ll_gpio.h ****   *         @arg @ref LL_GPIO_PIN_13
 404:board/stm32f401rct6/Drivers/STM32F4xx_HAL_Driver/Inc/stm32f4xx_ll_gpio.h ****   *         @arg @ref LL_GPIO_PIN_14
 405:board/stm32f401rct6/Drivers/STM32F4xx_HAL_Driver/Inc/stm32f4xx_ll_gpio.h ****   *         @arg @ref LL_GPIO_PIN_15
 406:board/stm32f401rct6/Drivers/STM32F4xx_HAL_Driver/Inc/stm32f4xx_ll_gpio.h ****   * @param  Speed This parameter can be one of the following values:
 407:board/stm32f401rct6/Drivers/STM32F4xx_HAL_Driver/Inc/stm32f4xx_ll_gpio.h ****   *         @arg @ref LL_GPIO_SPEED_FREQ_LOW
 408:board/stm32f401rct6/Drivers/STM32F4xx_HAL_Driver/Inc/stm32f4xx_ll_gpio.h ****   *         @arg @ref LL_GPIO_SPEED_FREQ_MEDIUM
 409:board/stm32f401rct6/Drivers/STM32F4xx_HAL_Driver/Inc/stm32f4xx_ll_gpio.h ****   *         @arg @ref LL_GPIO_SPEED_FREQ_HIGH
 410:board/stm32f401rct6/Drivers/STM32F4xx_HAL_Driver/Inc/stm32f4xx_ll_gpio.h ****   *         @arg @ref LL_GPIO_SPEED_FREQ_VERY_HIGH
 411:board/stm32f401rct6/Drivers/STM32F4xx_HAL_Driver/Inc/stm32f4xx_ll_gpio.h ****   * @retval None
 412:board/stm32f401rct6/Drivers/STM32F4xx_HAL_Driver/Inc/stm32f4xx_ll_gpio.h ****   */
 413:board/stm32f401rct6/Drivers/STM32F4xx_HAL_Driver/Inc/stm32f4xx_ll_gpio.h **** __STATIC_INLINE void LL_GPIO_SetPinSpeed(GPIO_TypeDef *GPIOx, uint32_t Pin, uint32_t  Speed)
 414:board/stm32f401rct6/Drivers/STM32F4xx_HAL_Driver/Inc/stm32f4xx_ll_gpio.h **** {
 415:board/stm32f401rct6/Drivers/STM32F4xx_HAL_Driver/Inc/stm32f4xx_ll_gpio.h ****   MODIFY_REG(GPIOx->OSPEEDR, (GPIO_OSPEEDER_OSPEEDR0 << (POSITION_VAL(Pin) * 2U)),
 416:board/stm32f401rct6/Drivers/STM32F4xx_HAL_Driver/Inc/stm32f4xx_ll_gpio.h ****              (Speed << (POSITION_VAL(Pin) * 2U)));
 417:board/stm32f401rct6/Drivers/STM32F4xx_HAL_Driver/Inc/stm32f4xx_ll_gpio.h **** }
 418:board/stm32f401rct6/Drivers/STM32F4xx_HAL_Driver/Inc/stm32f4xx_ll_gpio.h **** 
 419:board/stm32f401rct6/Drivers/STM32F4xx_HAL_Driver/Inc/stm32f4xx_ll_gpio.h **** /**
 420:board/stm32f401rct6/Drivers/STM32F4xx_HAL_Driver/Inc/stm32f4xx_ll_gpio.h ****   * @brief  Return gpio speed for a dedicated pin on dedicated port.
 421:board/stm32f401rct6/Drivers/STM32F4xx_HAL_Driver/Inc/stm32f4xx_ll_gpio.h ****   * @note   I/O speed can be Low, Medium, Fast or High speed.
 422:board/stm32f401rct6/Drivers/STM32F4xx_HAL_Driver/Inc/stm32f4xx_ll_gpio.h ****   * @note   Warning: only one pin can be passed as parameter.
 423:board/stm32f401rct6/Drivers/STM32F4xx_HAL_Driver/Inc/stm32f4xx_ll_gpio.h ****   * @note   Refer to datasheet for frequency specifications and the power
 424:board/stm32f401rct6/Drivers/STM32F4xx_HAL_Driver/Inc/stm32f4xx_ll_gpio.h ****   *         supply and load conditions for each speed.
 425:board/stm32f401rct6/Drivers/STM32F4xx_HAL_Driver/Inc/stm32f4xx_ll_gpio.h ****   * @rmtoll OSPEEDR      OSPEEDy       LL_GPIO_GetPinSpeed
 426:board/stm32f401rct6/Drivers/STM32F4xx_HAL_Driver/Inc/stm32f4xx_ll_gpio.h ****   * @param  GPIOx GPIO Port
 427:board/stm32f401rct6/Drivers/STM32F4xx_HAL_Driver/Inc/stm32f4xx_ll_gpio.h ****   * @param  Pin This parameter can be one of the following values:
 428:board/stm32f401rct6/Drivers/STM32F4xx_HAL_Driver/Inc/stm32f4xx_ll_gpio.h ****   *         @arg @ref LL_GPIO_PIN_0
 429:board/stm32f401rct6/Drivers/STM32F4xx_HAL_Driver/Inc/stm32f4xx_ll_gpio.h ****   *         @arg @ref LL_GPIO_PIN_1
 430:board/stm32f401rct6/Drivers/STM32F4xx_HAL_Driver/Inc/stm32f4xx_ll_gpio.h ****   *         @arg @ref LL_GPIO_PIN_2
 431:board/stm32f401rct6/Drivers/STM32F4xx_HAL_Driver/Inc/stm32f4xx_ll_gpio.h ****   *         @arg @ref LL_GPIO_PIN_3
 432:board/stm32f401rct6/Drivers/STM32F4xx_HAL_Driver/Inc/stm32f4xx_ll_gpio.h ****   *         @arg @ref LL_GPIO_PIN_4
 433:board/stm32f401rct6/Drivers/STM32F4xx_HAL_Driver/Inc/stm32f4xx_ll_gpio.h ****   *         @arg @ref LL_GPIO_PIN_5
 434:board/stm32f401rct6/Drivers/STM32F4xx_HAL_Driver/Inc/stm32f4xx_ll_gpio.h ****   *         @arg @ref LL_GPIO_PIN_6
 435:board/stm32f401rct6/Drivers/STM32F4xx_HAL_Driver/Inc/stm32f4xx_ll_gpio.h ****   *         @arg @ref LL_GPIO_PIN_7
 436:board/stm32f401rct6/Drivers/STM32F4xx_HAL_Driver/Inc/stm32f4xx_ll_gpio.h ****   *         @arg @ref LL_GPIO_PIN_8
 437:board/stm32f401rct6/Drivers/STM32F4xx_HAL_Driver/Inc/stm32f4xx_ll_gpio.h ****   *         @arg @ref LL_GPIO_PIN_9
 438:board/stm32f401rct6/Drivers/STM32F4xx_HAL_Driver/Inc/stm32f4xx_ll_gpio.h ****   *         @arg @ref LL_GPIO_PIN_10
 439:board/stm32f401rct6/Drivers/STM32F4xx_HAL_Driver/Inc/stm32f4xx_ll_gpio.h ****   *         @arg @ref LL_GPIO_PIN_11
 440:board/stm32f401rct6/Drivers/STM32F4xx_HAL_Driver/Inc/stm32f4xx_ll_gpio.h ****   *         @arg @ref LL_GPIO_PIN_12
 441:board/stm32f401rct6/Drivers/STM32F4xx_HAL_Driver/Inc/stm32f4xx_ll_gpio.h ****   *         @arg @ref LL_GPIO_PIN_13
 442:board/stm32f401rct6/Drivers/STM32F4xx_HAL_Driver/Inc/stm32f4xx_ll_gpio.h ****   *         @arg @ref LL_GPIO_PIN_14
 443:board/stm32f401rct6/Drivers/STM32F4xx_HAL_Driver/Inc/stm32f4xx_ll_gpio.h ****   *         @arg @ref LL_GPIO_PIN_15
 444:board/stm32f401rct6/Drivers/STM32F4xx_HAL_Driver/Inc/stm32f4xx_ll_gpio.h ****   * @retval Returned value can be one of the following values:
 445:board/stm32f401rct6/Drivers/STM32F4xx_HAL_Driver/Inc/stm32f4xx_ll_gpio.h ****   *         @arg @ref LL_GPIO_SPEED_FREQ_LOW
 446:board/stm32f401rct6/Drivers/STM32F4xx_HAL_Driver/Inc/stm32f4xx_ll_gpio.h ****   *         @arg @ref LL_GPIO_SPEED_FREQ_MEDIUM
 447:board/stm32f401rct6/Drivers/STM32F4xx_HAL_Driver/Inc/stm32f4xx_ll_gpio.h ****   *         @arg @ref LL_GPIO_SPEED_FREQ_HIGH
 448:board/stm32f401rct6/Drivers/STM32F4xx_HAL_Driver/Inc/stm32f4xx_ll_gpio.h ****   *         @arg @ref LL_GPIO_SPEED_FREQ_VERY_HIGH
 449:board/stm32f401rct6/Drivers/STM32F4xx_HAL_Driver/Inc/stm32f4xx_ll_gpio.h ****   */
 450:board/stm32f401rct6/Drivers/STM32F4xx_HAL_Driver/Inc/stm32f4xx_ll_gpio.h **** __STATIC_INLINE uint32_t LL_GPIO_GetPinSpeed(GPIO_TypeDef *GPIOx, uint32_t Pin)
 451:board/stm32f401rct6/Drivers/STM32F4xx_HAL_Driver/Inc/stm32f4xx_ll_gpio.h **** {
 452:board/stm32f401rct6/Drivers/STM32F4xx_HAL_Driver/Inc/stm32f4xx_ll_gpio.h ****   return (uint32_t)(READ_BIT(GPIOx->OSPEEDR,
 453:board/stm32f401rct6/Drivers/STM32F4xx_HAL_Driver/Inc/stm32f4xx_ll_gpio.h ****                              (GPIO_OSPEEDER_OSPEEDR0 << (POSITION_VAL(Pin) * 2U))) >> (POSITION_VAL
 454:board/stm32f401rct6/Drivers/STM32F4xx_HAL_Driver/Inc/stm32f4xx_ll_gpio.h **** }
 455:board/stm32f401rct6/Drivers/STM32F4xx_HAL_Driver/Inc/stm32f4xx_ll_gpio.h **** 
ARM GAS  C:\Users\Admin\AppData\Local\Temp\cc3IBrMn.s 			page 19


 456:board/stm32f401rct6/Drivers/STM32F4xx_HAL_Driver/Inc/stm32f4xx_ll_gpio.h **** /**
 457:board/stm32f401rct6/Drivers/STM32F4xx_HAL_Driver/Inc/stm32f4xx_ll_gpio.h ****   * @brief  Configure gpio pull-up or pull-down for a dedicated pin on a dedicated port.
 458:board/stm32f401rct6/Drivers/STM32F4xx_HAL_Driver/Inc/stm32f4xx_ll_gpio.h ****   * @note   Warning: only one pin can be passed as parameter.
 459:board/stm32f401rct6/Drivers/STM32F4xx_HAL_Driver/Inc/stm32f4xx_ll_gpio.h ****   * @rmtoll PUPDR        PUPDy         LL_GPIO_SetPinPull
 460:board/stm32f401rct6/Drivers/STM32F4xx_HAL_Driver/Inc/stm32f4xx_ll_gpio.h ****   * @param  GPIOx GPIO Port
 461:board/stm32f401rct6/Drivers/STM32F4xx_HAL_Driver/Inc/stm32f4xx_ll_gpio.h ****   * @param  Pin This parameter can be one of the following values:
 462:board/stm32f401rct6/Drivers/STM32F4xx_HAL_Driver/Inc/stm32f4xx_ll_gpio.h ****   *         @arg @ref LL_GPIO_PIN_0
 463:board/stm32f401rct6/Drivers/STM32F4xx_HAL_Driver/Inc/stm32f4xx_ll_gpio.h ****   *         @arg @ref LL_GPIO_PIN_1
 464:board/stm32f401rct6/Drivers/STM32F4xx_HAL_Driver/Inc/stm32f4xx_ll_gpio.h ****   *         @arg @ref LL_GPIO_PIN_2
 465:board/stm32f401rct6/Drivers/STM32F4xx_HAL_Driver/Inc/stm32f4xx_ll_gpio.h ****   *         @arg @ref LL_GPIO_PIN_3
 466:board/stm32f401rct6/Drivers/STM32F4xx_HAL_Driver/Inc/stm32f4xx_ll_gpio.h ****   *         @arg @ref LL_GPIO_PIN_4
 467:board/stm32f401rct6/Drivers/STM32F4xx_HAL_Driver/Inc/stm32f4xx_ll_gpio.h ****   *         @arg @ref LL_GPIO_PIN_5
 468:board/stm32f401rct6/Drivers/STM32F4xx_HAL_Driver/Inc/stm32f4xx_ll_gpio.h ****   *         @arg @ref LL_GPIO_PIN_6
 469:board/stm32f401rct6/Drivers/STM32F4xx_HAL_Driver/Inc/stm32f4xx_ll_gpio.h ****   *         @arg @ref LL_GPIO_PIN_7
 470:board/stm32f401rct6/Drivers/STM32F4xx_HAL_Driver/Inc/stm32f4xx_ll_gpio.h ****   *         @arg @ref LL_GPIO_PIN_8
 471:board/stm32f401rct6/Drivers/STM32F4xx_HAL_Driver/Inc/stm32f4xx_ll_gpio.h ****   *         @arg @ref LL_GPIO_PIN_9
 472:board/stm32f401rct6/Drivers/STM32F4xx_HAL_Driver/Inc/stm32f4xx_ll_gpio.h ****   *         @arg @ref LL_GPIO_PIN_10
 473:board/stm32f401rct6/Drivers/STM32F4xx_HAL_Driver/Inc/stm32f4xx_ll_gpio.h ****   *         @arg @ref LL_GPIO_PIN_11
 474:board/stm32f401rct6/Drivers/STM32F4xx_HAL_Driver/Inc/stm32f4xx_ll_gpio.h ****   *         @arg @ref LL_GPIO_PIN_12
 475:board/stm32f401rct6/Drivers/STM32F4xx_HAL_Driver/Inc/stm32f4xx_ll_gpio.h ****   *         @arg @ref LL_GPIO_PIN_13
 476:board/stm32f401rct6/Drivers/STM32F4xx_HAL_Driver/Inc/stm32f4xx_ll_gpio.h ****   *         @arg @ref LL_GPIO_PIN_14
 477:board/stm32f401rct6/Drivers/STM32F4xx_HAL_Driver/Inc/stm32f4xx_ll_gpio.h ****   *         @arg @ref LL_GPIO_PIN_15
 478:board/stm32f401rct6/Drivers/STM32F4xx_HAL_Driver/Inc/stm32f4xx_ll_gpio.h ****   * @param  Pull This parameter can be one of the following values:
 479:board/stm32f401rct6/Drivers/STM32F4xx_HAL_Driver/Inc/stm32f4xx_ll_gpio.h ****   *         @arg @ref LL_GPIO_PULL_NO
 480:board/stm32f401rct6/Drivers/STM32F4xx_HAL_Driver/Inc/stm32f4xx_ll_gpio.h ****   *         @arg @ref LL_GPIO_PULL_UP
 481:board/stm32f401rct6/Drivers/STM32F4xx_HAL_Driver/Inc/stm32f4xx_ll_gpio.h ****   *         @arg @ref LL_GPIO_PULL_DOWN
 482:board/stm32f401rct6/Drivers/STM32F4xx_HAL_Driver/Inc/stm32f4xx_ll_gpio.h ****   * @retval None
 483:board/stm32f401rct6/Drivers/STM32F4xx_HAL_Driver/Inc/stm32f4xx_ll_gpio.h ****   */
 484:board/stm32f401rct6/Drivers/STM32F4xx_HAL_Driver/Inc/stm32f4xx_ll_gpio.h **** __STATIC_INLINE void LL_GPIO_SetPinPull(GPIO_TypeDef *GPIOx, uint32_t Pin, uint32_t Pull)
 485:board/stm32f401rct6/Drivers/STM32F4xx_HAL_Driver/Inc/stm32f4xx_ll_gpio.h **** {
 486:board/stm32f401rct6/Drivers/STM32F4xx_HAL_Driver/Inc/stm32f4xx_ll_gpio.h ****   MODIFY_REG(GPIOx->PUPDR, (GPIO_PUPDR_PUPDR0 << (POSITION_VAL(Pin) * 2U)), (Pull << (POSITION_VAL(
 487:board/stm32f401rct6/Drivers/STM32F4xx_HAL_Driver/Inc/stm32f4xx_ll_gpio.h **** }
 488:board/stm32f401rct6/Drivers/STM32F4xx_HAL_Driver/Inc/stm32f4xx_ll_gpio.h **** 
 489:board/stm32f401rct6/Drivers/STM32F4xx_HAL_Driver/Inc/stm32f4xx_ll_gpio.h **** /**
 490:board/stm32f401rct6/Drivers/STM32F4xx_HAL_Driver/Inc/stm32f4xx_ll_gpio.h ****   * @brief  Return gpio pull-up or pull-down for a dedicated pin on a dedicated port
 491:board/stm32f401rct6/Drivers/STM32F4xx_HAL_Driver/Inc/stm32f4xx_ll_gpio.h ****   * @note   Warning: only one pin can be passed as parameter.
 492:board/stm32f401rct6/Drivers/STM32F4xx_HAL_Driver/Inc/stm32f4xx_ll_gpio.h ****   * @rmtoll PUPDR        PUPDy         LL_GPIO_GetPinPull
 493:board/stm32f401rct6/Drivers/STM32F4xx_HAL_Driver/Inc/stm32f4xx_ll_gpio.h ****   * @param  GPIOx GPIO Port
 494:board/stm32f401rct6/Drivers/STM32F4xx_HAL_Driver/Inc/stm32f4xx_ll_gpio.h ****   * @param  Pin This parameter can be one of the following values:
 495:board/stm32f401rct6/Drivers/STM32F4xx_HAL_Driver/Inc/stm32f4xx_ll_gpio.h ****   *         @arg @ref LL_GPIO_PIN_0
 496:board/stm32f401rct6/Drivers/STM32F4xx_HAL_Driver/Inc/stm32f4xx_ll_gpio.h ****   *         @arg @ref LL_GPIO_PIN_1
 497:board/stm32f401rct6/Drivers/STM32F4xx_HAL_Driver/Inc/stm32f4xx_ll_gpio.h ****   *         @arg @ref LL_GPIO_PIN_2
 498:board/stm32f401rct6/Drivers/STM32F4xx_HAL_Driver/Inc/stm32f4xx_ll_gpio.h ****   *         @arg @ref LL_GPIO_PIN_3
 499:board/stm32f401rct6/Drivers/STM32F4xx_HAL_Driver/Inc/stm32f4xx_ll_gpio.h ****   *         @arg @ref LL_GPIO_PIN_4
 500:board/stm32f401rct6/Drivers/STM32F4xx_HAL_Driver/Inc/stm32f4xx_ll_gpio.h ****   *         @arg @ref LL_GPIO_PIN_5
 501:board/stm32f401rct6/Drivers/STM32F4xx_HAL_Driver/Inc/stm32f4xx_ll_gpio.h ****   *         @arg @ref LL_GPIO_PIN_6
 502:board/stm32f401rct6/Drivers/STM32F4xx_HAL_Driver/Inc/stm32f4xx_ll_gpio.h ****   *         @arg @ref LL_GPIO_PIN_7
 503:board/stm32f401rct6/Drivers/STM32F4xx_HAL_Driver/Inc/stm32f4xx_ll_gpio.h ****   *         @arg @ref LL_GPIO_PIN_8
 504:board/stm32f401rct6/Drivers/STM32F4xx_HAL_Driver/Inc/stm32f4xx_ll_gpio.h ****   *         @arg @ref LL_GPIO_PIN_9
 505:board/stm32f401rct6/Drivers/STM32F4xx_HAL_Driver/Inc/stm32f4xx_ll_gpio.h ****   *         @arg @ref LL_GPIO_PIN_10
 506:board/stm32f401rct6/Drivers/STM32F4xx_HAL_Driver/Inc/stm32f4xx_ll_gpio.h ****   *         @arg @ref LL_GPIO_PIN_11
 507:board/stm32f401rct6/Drivers/STM32F4xx_HAL_Driver/Inc/stm32f4xx_ll_gpio.h ****   *         @arg @ref LL_GPIO_PIN_12
 508:board/stm32f401rct6/Drivers/STM32F4xx_HAL_Driver/Inc/stm32f4xx_ll_gpio.h ****   *         @arg @ref LL_GPIO_PIN_13
 509:board/stm32f401rct6/Drivers/STM32F4xx_HAL_Driver/Inc/stm32f4xx_ll_gpio.h ****   *         @arg @ref LL_GPIO_PIN_14
 510:board/stm32f401rct6/Drivers/STM32F4xx_HAL_Driver/Inc/stm32f4xx_ll_gpio.h ****   *         @arg @ref LL_GPIO_PIN_15
 511:board/stm32f401rct6/Drivers/STM32F4xx_HAL_Driver/Inc/stm32f4xx_ll_gpio.h ****   * @retval Returned value can be one of the following values:
 512:board/stm32f401rct6/Drivers/STM32F4xx_HAL_Driver/Inc/stm32f4xx_ll_gpio.h ****   *         @arg @ref LL_GPIO_PULL_NO
ARM GAS  C:\Users\Admin\AppData\Local\Temp\cc3IBrMn.s 			page 20


 513:board/stm32f401rct6/Drivers/STM32F4xx_HAL_Driver/Inc/stm32f4xx_ll_gpio.h ****   *         @arg @ref LL_GPIO_PULL_UP
 514:board/stm32f401rct6/Drivers/STM32F4xx_HAL_Driver/Inc/stm32f4xx_ll_gpio.h ****   *         @arg @ref LL_GPIO_PULL_DOWN
 515:board/stm32f401rct6/Drivers/STM32F4xx_HAL_Driver/Inc/stm32f4xx_ll_gpio.h ****   */
 516:board/stm32f401rct6/Drivers/STM32F4xx_HAL_Driver/Inc/stm32f4xx_ll_gpio.h **** __STATIC_INLINE uint32_t LL_GPIO_GetPinPull(GPIO_TypeDef *GPIOx, uint32_t Pin)
 517:board/stm32f401rct6/Drivers/STM32F4xx_HAL_Driver/Inc/stm32f4xx_ll_gpio.h **** {
 518:board/stm32f401rct6/Drivers/STM32F4xx_HAL_Driver/Inc/stm32f4xx_ll_gpio.h ****   return (uint32_t)(READ_BIT(GPIOx->PUPDR,
 519:board/stm32f401rct6/Drivers/STM32F4xx_HAL_Driver/Inc/stm32f4xx_ll_gpio.h ****                              (GPIO_PUPDR_PUPDR0 << (POSITION_VAL(Pin) * 2U))) >> (POSITION_VAL(Pin)
 520:board/stm32f401rct6/Drivers/STM32F4xx_HAL_Driver/Inc/stm32f4xx_ll_gpio.h **** }
 521:board/stm32f401rct6/Drivers/STM32F4xx_HAL_Driver/Inc/stm32f4xx_ll_gpio.h **** 
 522:board/stm32f401rct6/Drivers/STM32F4xx_HAL_Driver/Inc/stm32f4xx_ll_gpio.h **** /**
 523:board/stm32f401rct6/Drivers/STM32F4xx_HAL_Driver/Inc/stm32f4xx_ll_gpio.h ****   * @brief  Configure gpio alternate function of a dedicated pin from 0 to 7 for a dedicated port.
 524:board/stm32f401rct6/Drivers/STM32F4xx_HAL_Driver/Inc/stm32f4xx_ll_gpio.h ****   * @note   Possible values are from AF0 to AF15 depending on target.
 525:board/stm32f401rct6/Drivers/STM32F4xx_HAL_Driver/Inc/stm32f4xx_ll_gpio.h ****   * @note   Warning: only one pin can be passed as parameter.
 526:board/stm32f401rct6/Drivers/STM32F4xx_HAL_Driver/Inc/stm32f4xx_ll_gpio.h ****   * @rmtoll AFRL         AFSELy        LL_GPIO_SetAFPin_0_7
 527:board/stm32f401rct6/Drivers/STM32F4xx_HAL_Driver/Inc/stm32f4xx_ll_gpio.h ****   * @param  GPIOx GPIO Port
 528:board/stm32f401rct6/Drivers/STM32F4xx_HAL_Driver/Inc/stm32f4xx_ll_gpio.h ****   * @param  Pin This parameter can be one of the following values:
 529:board/stm32f401rct6/Drivers/STM32F4xx_HAL_Driver/Inc/stm32f4xx_ll_gpio.h ****   *         @arg @ref LL_GPIO_PIN_0
 530:board/stm32f401rct6/Drivers/STM32F4xx_HAL_Driver/Inc/stm32f4xx_ll_gpio.h ****   *         @arg @ref LL_GPIO_PIN_1
 531:board/stm32f401rct6/Drivers/STM32F4xx_HAL_Driver/Inc/stm32f4xx_ll_gpio.h ****   *         @arg @ref LL_GPIO_PIN_2
 532:board/stm32f401rct6/Drivers/STM32F4xx_HAL_Driver/Inc/stm32f4xx_ll_gpio.h ****   *         @arg @ref LL_GPIO_PIN_3
 533:board/stm32f401rct6/Drivers/STM32F4xx_HAL_Driver/Inc/stm32f4xx_ll_gpio.h ****   *         @arg @ref LL_GPIO_PIN_4
 534:board/stm32f401rct6/Drivers/STM32F4xx_HAL_Driver/Inc/stm32f4xx_ll_gpio.h ****   *         @arg @ref LL_GPIO_PIN_5
 535:board/stm32f401rct6/Drivers/STM32F4xx_HAL_Driver/Inc/stm32f4xx_ll_gpio.h ****   *         @arg @ref LL_GPIO_PIN_6
 536:board/stm32f401rct6/Drivers/STM32F4xx_HAL_Driver/Inc/stm32f4xx_ll_gpio.h ****   *         @arg @ref LL_GPIO_PIN_7
 537:board/stm32f401rct6/Drivers/STM32F4xx_HAL_Driver/Inc/stm32f4xx_ll_gpio.h ****   * @param  Alternate This parameter can be one of the following values:
 538:board/stm32f401rct6/Drivers/STM32F4xx_HAL_Driver/Inc/stm32f4xx_ll_gpio.h ****   *         @arg @ref LL_GPIO_AF_0
 539:board/stm32f401rct6/Drivers/STM32F4xx_HAL_Driver/Inc/stm32f4xx_ll_gpio.h ****   *         @arg @ref LL_GPIO_AF_1
 540:board/stm32f401rct6/Drivers/STM32F4xx_HAL_Driver/Inc/stm32f4xx_ll_gpio.h ****   *         @arg @ref LL_GPIO_AF_2
 541:board/stm32f401rct6/Drivers/STM32F4xx_HAL_Driver/Inc/stm32f4xx_ll_gpio.h ****   *         @arg @ref LL_GPIO_AF_3
 542:board/stm32f401rct6/Drivers/STM32F4xx_HAL_Driver/Inc/stm32f4xx_ll_gpio.h ****   *         @arg @ref LL_GPIO_AF_4
 543:board/stm32f401rct6/Drivers/STM32F4xx_HAL_Driver/Inc/stm32f4xx_ll_gpio.h ****   *         @arg @ref LL_GPIO_AF_5
 544:board/stm32f401rct6/Drivers/STM32F4xx_HAL_Driver/Inc/stm32f4xx_ll_gpio.h ****   *         @arg @ref LL_GPIO_AF_6
 545:board/stm32f401rct6/Drivers/STM32F4xx_HAL_Driver/Inc/stm32f4xx_ll_gpio.h ****   *         @arg @ref LL_GPIO_AF_7
 546:board/stm32f401rct6/Drivers/STM32F4xx_HAL_Driver/Inc/stm32f4xx_ll_gpio.h ****   *         @arg @ref LL_GPIO_AF_8
 547:board/stm32f401rct6/Drivers/STM32F4xx_HAL_Driver/Inc/stm32f4xx_ll_gpio.h ****   *         @arg @ref LL_GPIO_AF_9
 548:board/stm32f401rct6/Drivers/STM32F4xx_HAL_Driver/Inc/stm32f4xx_ll_gpio.h ****   *         @arg @ref LL_GPIO_AF_10
 549:board/stm32f401rct6/Drivers/STM32F4xx_HAL_Driver/Inc/stm32f4xx_ll_gpio.h ****   *         @arg @ref LL_GPIO_AF_11
 550:board/stm32f401rct6/Drivers/STM32F4xx_HAL_Driver/Inc/stm32f4xx_ll_gpio.h ****   *         @arg @ref LL_GPIO_AF_12
 551:board/stm32f401rct6/Drivers/STM32F4xx_HAL_Driver/Inc/stm32f4xx_ll_gpio.h ****   *         @arg @ref LL_GPIO_AF_13
 552:board/stm32f401rct6/Drivers/STM32F4xx_HAL_Driver/Inc/stm32f4xx_ll_gpio.h ****   *         @arg @ref LL_GPIO_AF_14
 553:board/stm32f401rct6/Drivers/STM32F4xx_HAL_Driver/Inc/stm32f4xx_ll_gpio.h ****   *         @arg @ref LL_GPIO_AF_15
 554:board/stm32f401rct6/Drivers/STM32F4xx_HAL_Driver/Inc/stm32f4xx_ll_gpio.h ****   * @retval None
 555:board/stm32f401rct6/Drivers/STM32F4xx_HAL_Driver/Inc/stm32f4xx_ll_gpio.h ****   */
 556:board/stm32f401rct6/Drivers/STM32F4xx_HAL_Driver/Inc/stm32f4xx_ll_gpio.h **** __STATIC_INLINE void LL_GPIO_SetAFPin_0_7(GPIO_TypeDef *GPIOx, uint32_t Pin, uint32_t Alternate)
 557:board/stm32f401rct6/Drivers/STM32F4xx_HAL_Driver/Inc/stm32f4xx_ll_gpio.h **** {
 558:board/stm32f401rct6/Drivers/STM32F4xx_HAL_Driver/Inc/stm32f4xx_ll_gpio.h ****   MODIFY_REG(GPIOx->AFR[0], (GPIO_AFRL_AFSEL0 << (POSITION_VAL(Pin) * 4U)),
 559:board/stm32f401rct6/Drivers/STM32F4xx_HAL_Driver/Inc/stm32f4xx_ll_gpio.h ****              (Alternate << (POSITION_VAL(Pin) * 4U)));
 560:board/stm32f401rct6/Drivers/STM32F4xx_HAL_Driver/Inc/stm32f4xx_ll_gpio.h **** }
 561:board/stm32f401rct6/Drivers/STM32F4xx_HAL_Driver/Inc/stm32f4xx_ll_gpio.h **** 
 562:board/stm32f401rct6/Drivers/STM32F4xx_HAL_Driver/Inc/stm32f4xx_ll_gpio.h **** /**
 563:board/stm32f401rct6/Drivers/STM32F4xx_HAL_Driver/Inc/stm32f4xx_ll_gpio.h ****   * @brief  Return gpio alternate function of a dedicated pin from 0 to 7 for a dedicated port.
 564:board/stm32f401rct6/Drivers/STM32F4xx_HAL_Driver/Inc/stm32f4xx_ll_gpio.h ****   * @rmtoll AFRL         AFSELy        LL_GPIO_GetAFPin_0_7
 565:board/stm32f401rct6/Drivers/STM32F4xx_HAL_Driver/Inc/stm32f4xx_ll_gpio.h ****   * @param  GPIOx GPIO Port
 566:board/stm32f401rct6/Drivers/STM32F4xx_HAL_Driver/Inc/stm32f4xx_ll_gpio.h ****   * @param  Pin This parameter can be one of the following values:
 567:board/stm32f401rct6/Drivers/STM32F4xx_HAL_Driver/Inc/stm32f4xx_ll_gpio.h ****   *         @arg @ref LL_GPIO_PIN_0
 568:board/stm32f401rct6/Drivers/STM32F4xx_HAL_Driver/Inc/stm32f4xx_ll_gpio.h ****   *         @arg @ref LL_GPIO_PIN_1
 569:board/stm32f401rct6/Drivers/STM32F4xx_HAL_Driver/Inc/stm32f4xx_ll_gpio.h ****   *         @arg @ref LL_GPIO_PIN_2
ARM GAS  C:\Users\Admin\AppData\Local\Temp\cc3IBrMn.s 			page 21


 570:board/stm32f401rct6/Drivers/STM32F4xx_HAL_Driver/Inc/stm32f4xx_ll_gpio.h ****   *         @arg @ref LL_GPIO_PIN_3
 571:board/stm32f401rct6/Drivers/STM32F4xx_HAL_Driver/Inc/stm32f4xx_ll_gpio.h ****   *         @arg @ref LL_GPIO_PIN_4
 572:board/stm32f401rct6/Drivers/STM32F4xx_HAL_Driver/Inc/stm32f4xx_ll_gpio.h ****   *         @arg @ref LL_GPIO_PIN_5
 573:board/stm32f401rct6/Drivers/STM32F4xx_HAL_Driver/Inc/stm32f4xx_ll_gpio.h ****   *         @arg @ref LL_GPIO_PIN_6
 574:board/stm32f401rct6/Drivers/STM32F4xx_HAL_Driver/Inc/stm32f4xx_ll_gpio.h ****   *         @arg @ref LL_GPIO_PIN_7
 575:board/stm32f401rct6/Drivers/STM32F4xx_HAL_Driver/Inc/stm32f4xx_ll_gpio.h ****   * @retval Returned value can be one of the following values:
 576:board/stm32f401rct6/Drivers/STM32F4xx_HAL_Driver/Inc/stm32f4xx_ll_gpio.h ****   *         @arg @ref LL_GPIO_AF_0
 577:board/stm32f401rct6/Drivers/STM32F4xx_HAL_Driver/Inc/stm32f4xx_ll_gpio.h ****   *         @arg @ref LL_GPIO_AF_1
 578:board/stm32f401rct6/Drivers/STM32F4xx_HAL_Driver/Inc/stm32f4xx_ll_gpio.h ****   *         @arg @ref LL_GPIO_AF_2
 579:board/stm32f401rct6/Drivers/STM32F4xx_HAL_Driver/Inc/stm32f4xx_ll_gpio.h ****   *         @arg @ref LL_GPIO_AF_3
 580:board/stm32f401rct6/Drivers/STM32F4xx_HAL_Driver/Inc/stm32f4xx_ll_gpio.h ****   *         @arg @ref LL_GPIO_AF_4
 581:board/stm32f401rct6/Drivers/STM32F4xx_HAL_Driver/Inc/stm32f4xx_ll_gpio.h ****   *         @arg @ref LL_GPIO_AF_5
 582:board/stm32f401rct6/Drivers/STM32F4xx_HAL_Driver/Inc/stm32f4xx_ll_gpio.h ****   *         @arg @ref LL_GPIO_AF_6
 583:board/stm32f401rct6/Drivers/STM32F4xx_HAL_Driver/Inc/stm32f4xx_ll_gpio.h ****   *         @arg @ref LL_GPIO_AF_7
 584:board/stm32f401rct6/Drivers/STM32F4xx_HAL_Driver/Inc/stm32f4xx_ll_gpio.h ****   *         @arg @ref LL_GPIO_AF_8
 585:board/stm32f401rct6/Drivers/STM32F4xx_HAL_Driver/Inc/stm32f4xx_ll_gpio.h ****   *         @arg @ref LL_GPIO_AF_9
 586:board/stm32f401rct6/Drivers/STM32F4xx_HAL_Driver/Inc/stm32f4xx_ll_gpio.h ****   *         @arg @ref LL_GPIO_AF_10
 587:board/stm32f401rct6/Drivers/STM32F4xx_HAL_Driver/Inc/stm32f4xx_ll_gpio.h ****   *         @arg @ref LL_GPIO_AF_11
 588:board/stm32f401rct6/Drivers/STM32F4xx_HAL_Driver/Inc/stm32f4xx_ll_gpio.h ****   *         @arg @ref LL_GPIO_AF_12
 589:board/stm32f401rct6/Drivers/STM32F4xx_HAL_Driver/Inc/stm32f4xx_ll_gpio.h ****   *         @arg @ref LL_GPIO_AF_13
 590:board/stm32f401rct6/Drivers/STM32F4xx_HAL_Driver/Inc/stm32f4xx_ll_gpio.h ****   *         @arg @ref LL_GPIO_AF_14
 591:board/stm32f401rct6/Drivers/STM32F4xx_HAL_Driver/Inc/stm32f4xx_ll_gpio.h ****   *         @arg @ref LL_GPIO_AF_15
 592:board/stm32f401rct6/Drivers/STM32F4xx_HAL_Driver/Inc/stm32f4xx_ll_gpio.h ****   */
 593:board/stm32f401rct6/Drivers/STM32F4xx_HAL_Driver/Inc/stm32f4xx_ll_gpio.h **** __STATIC_INLINE uint32_t LL_GPIO_GetAFPin_0_7(GPIO_TypeDef *GPIOx, uint32_t Pin)
 594:board/stm32f401rct6/Drivers/STM32F4xx_HAL_Driver/Inc/stm32f4xx_ll_gpio.h **** {
 595:board/stm32f401rct6/Drivers/STM32F4xx_HAL_Driver/Inc/stm32f4xx_ll_gpio.h ****   return (uint32_t)(READ_BIT(GPIOx->AFR[0],
 596:board/stm32f401rct6/Drivers/STM32F4xx_HAL_Driver/Inc/stm32f4xx_ll_gpio.h ****                              (GPIO_AFRL_AFSEL0 << (POSITION_VAL(Pin) * 4U))) >> (POSITION_VAL(Pin) 
 597:board/stm32f401rct6/Drivers/STM32F4xx_HAL_Driver/Inc/stm32f4xx_ll_gpio.h **** }
 598:board/stm32f401rct6/Drivers/STM32F4xx_HAL_Driver/Inc/stm32f4xx_ll_gpio.h **** 
 599:board/stm32f401rct6/Drivers/STM32F4xx_HAL_Driver/Inc/stm32f4xx_ll_gpio.h **** /**
 600:board/stm32f401rct6/Drivers/STM32F4xx_HAL_Driver/Inc/stm32f4xx_ll_gpio.h ****   * @brief  Configure gpio alternate function of a dedicated pin from 8 to 15 for a dedicated port.
 601:board/stm32f401rct6/Drivers/STM32F4xx_HAL_Driver/Inc/stm32f4xx_ll_gpio.h ****   * @note   Possible values are from AF0 to AF15 depending on target.
 602:board/stm32f401rct6/Drivers/STM32F4xx_HAL_Driver/Inc/stm32f4xx_ll_gpio.h ****   * @note   Warning: only one pin can be passed as parameter.
 603:board/stm32f401rct6/Drivers/STM32F4xx_HAL_Driver/Inc/stm32f4xx_ll_gpio.h ****   * @rmtoll AFRH         AFSELy        LL_GPIO_SetAFPin_8_15
 604:board/stm32f401rct6/Drivers/STM32F4xx_HAL_Driver/Inc/stm32f4xx_ll_gpio.h ****   * @param  GPIOx GPIO Port
 605:board/stm32f401rct6/Drivers/STM32F4xx_HAL_Driver/Inc/stm32f4xx_ll_gpio.h ****   * @param  Pin This parameter can be one of the following values:
 606:board/stm32f401rct6/Drivers/STM32F4xx_HAL_Driver/Inc/stm32f4xx_ll_gpio.h ****   *         @arg @ref LL_GPIO_PIN_8
 607:board/stm32f401rct6/Drivers/STM32F4xx_HAL_Driver/Inc/stm32f4xx_ll_gpio.h ****   *         @arg @ref LL_GPIO_PIN_9
 608:board/stm32f401rct6/Drivers/STM32F4xx_HAL_Driver/Inc/stm32f4xx_ll_gpio.h ****   *         @arg @ref LL_GPIO_PIN_10
 609:board/stm32f401rct6/Drivers/STM32F4xx_HAL_Driver/Inc/stm32f4xx_ll_gpio.h ****   *         @arg @ref LL_GPIO_PIN_11
 610:board/stm32f401rct6/Drivers/STM32F4xx_HAL_Driver/Inc/stm32f4xx_ll_gpio.h ****   *         @arg @ref LL_GPIO_PIN_12
 611:board/stm32f401rct6/Drivers/STM32F4xx_HAL_Driver/Inc/stm32f4xx_ll_gpio.h ****   *         @arg @ref LL_GPIO_PIN_13
 612:board/stm32f401rct6/Drivers/STM32F4xx_HAL_Driver/Inc/stm32f4xx_ll_gpio.h ****   *         @arg @ref LL_GPIO_PIN_14
 613:board/stm32f401rct6/Drivers/STM32F4xx_HAL_Driver/Inc/stm32f4xx_ll_gpio.h ****   *         @arg @ref LL_GPIO_PIN_15
 614:board/stm32f401rct6/Drivers/STM32F4xx_HAL_Driver/Inc/stm32f4xx_ll_gpio.h ****   * @param  Alternate This parameter can be one of the following values:
 615:board/stm32f401rct6/Drivers/STM32F4xx_HAL_Driver/Inc/stm32f4xx_ll_gpio.h ****   *         @arg @ref LL_GPIO_AF_0
 616:board/stm32f401rct6/Drivers/STM32F4xx_HAL_Driver/Inc/stm32f4xx_ll_gpio.h ****   *         @arg @ref LL_GPIO_AF_1
 617:board/stm32f401rct6/Drivers/STM32F4xx_HAL_Driver/Inc/stm32f4xx_ll_gpio.h ****   *         @arg @ref LL_GPIO_AF_2
 618:board/stm32f401rct6/Drivers/STM32F4xx_HAL_Driver/Inc/stm32f4xx_ll_gpio.h ****   *         @arg @ref LL_GPIO_AF_3
 619:board/stm32f401rct6/Drivers/STM32F4xx_HAL_Driver/Inc/stm32f4xx_ll_gpio.h ****   *         @arg @ref LL_GPIO_AF_4
 620:board/stm32f401rct6/Drivers/STM32F4xx_HAL_Driver/Inc/stm32f4xx_ll_gpio.h ****   *         @arg @ref LL_GPIO_AF_5
 621:board/stm32f401rct6/Drivers/STM32F4xx_HAL_Driver/Inc/stm32f4xx_ll_gpio.h ****   *         @arg @ref LL_GPIO_AF_6
 622:board/stm32f401rct6/Drivers/STM32F4xx_HAL_Driver/Inc/stm32f4xx_ll_gpio.h ****   *         @arg @ref LL_GPIO_AF_7
 623:board/stm32f401rct6/Drivers/STM32F4xx_HAL_Driver/Inc/stm32f4xx_ll_gpio.h ****   *         @arg @ref LL_GPIO_AF_8
 624:board/stm32f401rct6/Drivers/STM32F4xx_HAL_Driver/Inc/stm32f4xx_ll_gpio.h ****   *         @arg @ref LL_GPIO_AF_9
 625:board/stm32f401rct6/Drivers/STM32F4xx_HAL_Driver/Inc/stm32f4xx_ll_gpio.h ****   *         @arg @ref LL_GPIO_AF_10
 626:board/stm32f401rct6/Drivers/STM32F4xx_HAL_Driver/Inc/stm32f4xx_ll_gpio.h ****   *         @arg @ref LL_GPIO_AF_11
ARM GAS  C:\Users\Admin\AppData\Local\Temp\cc3IBrMn.s 			page 22


 627:board/stm32f401rct6/Drivers/STM32F4xx_HAL_Driver/Inc/stm32f4xx_ll_gpio.h ****   *         @arg @ref LL_GPIO_AF_12
 628:board/stm32f401rct6/Drivers/STM32F4xx_HAL_Driver/Inc/stm32f4xx_ll_gpio.h ****   *         @arg @ref LL_GPIO_AF_13
 629:board/stm32f401rct6/Drivers/STM32F4xx_HAL_Driver/Inc/stm32f4xx_ll_gpio.h ****   *         @arg @ref LL_GPIO_AF_14
 630:board/stm32f401rct6/Drivers/STM32F4xx_HAL_Driver/Inc/stm32f4xx_ll_gpio.h ****   *         @arg @ref LL_GPIO_AF_15
 631:board/stm32f401rct6/Drivers/STM32F4xx_HAL_Driver/Inc/stm32f4xx_ll_gpio.h ****   * @retval None
 632:board/stm32f401rct6/Drivers/STM32F4xx_HAL_Driver/Inc/stm32f4xx_ll_gpio.h ****   */
 633:board/stm32f401rct6/Drivers/STM32F4xx_HAL_Driver/Inc/stm32f4xx_ll_gpio.h **** __STATIC_INLINE void LL_GPIO_SetAFPin_8_15(GPIO_TypeDef *GPIOx, uint32_t Pin, uint32_t Alternate)
 634:board/stm32f401rct6/Drivers/STM32F4xx_HAL_Driver/Inc/stm32f4xx_ll_gpio.h **** {
 635:board/stm32f401rct6/Drivers/STM32F4xx_HAL_Driver/Inc/stm32f4xx_ll_gpio.h ****   MODIFY_REG(GPIOx->AFR[1], (GPIO_AFRH_AFSEL8 << (POSITION_VAL(Pin >> 8U) * 4U)),
 636:board/stm32f401rct6/Drivers/STM32F4xx_HAL_Driver/Inc/stm32f4xx_ll_gpio.h ****              (Alternate << (POSITION_VAL(Pin >> 8U) * 4U)));
 637:board/stm32f401rct6/Drivers/STM32F4xx_HAL_Driver/Inc/stm32f4xx_ll_gpio.h **** }
 638:board/stm32f401rct6/Drivers/STM32F4xx_HAL_Driver/Inc/stm32f4xx_ll_gpio.h **** 
 639:board/stm32f401rct6/Drivers/STM32F4xx_HAL_Driver/Inc/stm32f4xx_ll_gpio.h **** /**
 640:board/stm32f401rct6/Drivers/STM32F4xx_HAL_Driver/Inc/stm32f4xx_ll_gpio.h ****   * @brief  Return gpio alternate function of a dedicated pin from 8 to 15 for a dedicated port.
 641:board/stm32f401rct6/Drivers/STM32F4xx_HAL_Driver/Inc/stm32f4xx_ll_gpio.h ****   * @note   Possible values are from AF0 to AF15 depending on target.
 642:board/stm32f401rct6/Drivers/STM32F4xx_HAL_Driver/Inc/stm32f4xx_ll_gpio.h ****   * @rmtoll AFRH         AFSELy        LL_GPIO_GetAFPin_8_15
 643:board/stm32f401rct6/Drivers/STM32F4xx_HAL_Driver/Inc/stm32f4xx_ll_gpio.h ****   * @param  GPIOx GPIO Port
 644:board/stm32f401rct6/Drivers/STM32F4xx_HAL_Driver/Inc/stm32f4xx_ll_gpio.h ****   * @param  Pin This parameter can be one of the following values:
 645:board/stm32f401rct6/Drivers/STM32F4xx_HAL_Driver/Inc/stm32f4xx_ll_gpio.h ****   *         @arg @ref LL_GPIO_PIN_8
 646:board/stm32f401rct6/Drivers/STM32F4xx_HAL_Driver/Inc/stm32f4xx_ll_gpio.h ****   *         @arg @ref LL_GPIO_PIN_9
 647:board/stm32f401rct6/Drivers/STM32F4xx_HAL_Driver/Inc/stm32f4xx_ll_gpio.h ****   *         @arg @ref LL_GPIO_PIN_10
 648:board/stm32f401rct6/Drivers/STM32F4xx_HAL_Driver/Inc/stm32f4xx_ll_gpio.h ****   *         @arg @ref LL_GPIO_PIN_11
 649:board/stm32f401rct6/Drivers/STM32F4xx_HAL_Driver/Inc/stm32f4xx_ll_gpio.h ****   *         @arg @ref LL_GPIO_PIN_12
 650:board/stm32f401rct6/Drivers/STM32F4xx_HAL_Driver/Inc/stm32f4xx_ll_gpio.h ****   *         @arg @ref LL_GPIO_PIN_13
 651:board/stm32f401rct6/Drivers/STM32F4xx_HAL_Driver/Inc/stm32f4xx_ll_gpio.h ****   *         @arg @ref LL_GPIO_PIN_14
 652:board/stm32f401rct6/Drivers/STM32F4xx_HAL_Driver/Inc/stm32f4xx_ll_gpio.h ****   *         @arg @ref LL_GPIO_PIN_15
 653:board/stm32f401rct6/Drivers/STM32F4xx_HAL_Driver/Inc/stm32f4xx_ll_gpio.h ****   * @retval Returned value can be one of the following values:
 654:board/stm32f401rct6/Drivers/STM32F4xx_HAL_Driver/Inc/stm32f4xx_ll_gpio.h ****   *         @arg @ref LL_GPIO_AF_0
 655:board/stm32f401rct6/Drivers/STM32F4xx_HAL_Driver/Inc/stm32f4xx_ll_gpio.h ****   *         @arg @ref LL_GPIO_AF_1
 656:board/stm32f401rct6/Drivers/STM32F4xx_HAL_Driver/Inc/stm32f4xx_ll_gpio.h ****   *         @arg @ref LL_GPIO_AF_2
 657:board/stm32f401rct6/Drivers/STM32F4xx_HAL_Driver/Inc/stm32f4xx_ll_gpio.h ****   *         @arg @ref LL_GPIO_AF_3
 658:board/stm32f401rct6/Drivers/STM32F4xx_HAL_Driver/Inc/stm32f4xx_ll_gpio.h ****   *         @arg @ref LL_GPIO_AF_4
 659:board/stm32f401rct6/Drivers/STM32F4xx_HAL_Driver/Inc/stm32f4xx_ll_gpio.h ****   *         @arg @ref LL_GPIO_AF_5
 660:board/stm32f401rct6/Drivers/STM32F4xx_HAL_Driver/Inc/stm32f4xx_ll_gpio.h ****   *         @arg @ref LL_GPIO_AF_6
 661:board/stm32f401rct6/Drivers/STM32F4xx_HAL_Driver/Inc/stm32f4xx_ll_gpio.h ****   *         @arg @ref LL_GPIO_AF_7
 662:board/stm32f401rct6/Drivers/STM32F4xx_HAL_Driver/Inc/stm32f4xx_ll_gpio.h ****   *         @arg @ref LL_GPIO_AF_8
 663:board/stm32f401rct6/Drivers/STM32F4xx_HAL_Driver/Inc/stm32f4xx_ll_gpio.h ****   *         @arg @ref LL_GPIO_AF_9
 664:board/stm32f401rct6/Drivers/STM32F4xx_HAL_Driver/Inc/stm32f4xx_ll_gpio.h ****   *         @arg @ref LL_GPIO_AF_10
 665:board/stm32f401rct6/Drivers/STM32F4xx_HAL_Driver/Inc/stm32f4xx_ll_gpio.h ****   *         @arg @ref LL_GPIO_AF_11
 666:board/stm32f401rct6/Drivers/STM32F4xx_HAL_Driver/Inc/stm32f4xx_ll_gpio.h ****   *         @arg @ref LL_GPIO_AF_12
 667:board/stm32f401rct6/Drivers/STM32F4xx_HAL_Driver/Inc/stm32f4xx_ll_gpio.h ****   *         @arg @ref LL_GPIO_AF_13
 668:board/stm32f401rct6/Drivers/STM32F4xx_HAL_Driver/Inc/stm32f4xx_ll_gpio.h ****   *         @arg @ref LL_GPIO_AF_14
 669:board/stm32f401rct6/Drivers/STM32F4xx_HAL_Driver/Inc/stm32f4xx_ll_gpio.h ****   *         @arg @ref LL_GPIO_AF_15
 670:board/stm32f401rct6/Drivers/STM32F4xx_HAL_Driver/Inc/stm32f4xx_ll_gpio.h ****   */
 671:board/stm32f401rct6/Drivers/STM32F4xx_HAL_Driver/Inc/stm32f4xx_ll_gpio.h **** __STATIC_INLINE uint32_t LL_GPIO_GetAFPin_8_15(GPIO_TypeDef *GPIOx, uint32_t Pin)
 672:board/stm32f401rct6/Drivers/STM32F4xx_HAL_Driver/Inc/stm32f4xx_ll_gpio.h **** {
 673:board/stm32f401rct6/Drivers/STM32F4xx_HAL_Driver/Inc/stm32f4xx_ll_gpio.h ****   return (uint32_t)(READ_BIT(GPIOx->AFR[1],
 674:board/stm32f401rct6/Drivers/STM32F4xx_HAL_Driver/Inc/stm32f4xx_ll_gpio.h ****                              (GPIO_AFRH_AFSEL8 << (POSITION_VAL(Pin >> 8U) * 4U))) >> (POSITION_VAL
 675:board/stm32f401rct6/Drivers/STM32F4xx_HAL_Driver/Inc/stm32f4xx_ll_gpio.h **** }
 676:board/stm32f401rct6/Drivers/STM32F4xx_HAL_Driver/Inc/stm32f4xx_ll_gpio.h **** 
 677:board/stm32f401rct6/Drivers/STM32F4xx_HAL_Driver/Inc/stm32f4xx_ll_gpio.h **** 
 678:board/stm32f401rct6/Drivers/STM32F4xx_HAL_Driver/Inc/stm32f4xx_ll_gpio.h **** /**
 679:board/stm32f401rct6/Drivers/STM32F4xx_HAL_Driver/Inc/stm32f4xx_ll_gpio.h ****   * @brief  Lock configuration of several pins for a dedicated port.
 680:board/stm32f401rct6/Drivers/STM32F4xx_HAL_Driver/Inc/stm32f4xx_ll_gpio.h ****   * @note   When the lock sequence has been applied on a port bit, the
 681:board/stm32f401rct6/Drivers/STM32F4xx_HAL_Driver/Inc/stm32f4xx_ll_gpio.h ****   *         value of this port bit can no longer be modified until the
 682:board/stm32f401rct6/Drivers/STM32F4xx_HAL_Driver/Inc/stm32f4xx_ll_gpio.h ****   *         next reset.
 683:board/stm32f401rct6/Drivers/STM32F4xx_HAL_Driver/Inc/stm32f4xx_ll_gpio.h ****   * @note   Each lock bit freezes a specific configuration register
ARM GAS  C:\Users\Admin\AppData\Local\Temp\cc3IBrMn.s 			page 23


 684:board/stm32f401rct6/Drivers/STM32F4xx_HAL_Driver/Inc/stm32f4xx_ll_gpio.h ****   *         (control and alternate function registers).
 685:board/stm32f401rct6/Drivers/STM32F4xx_HAL_Driver/Inc/stm32f4xx_ll_gpio.h ****   * @rmtoll LCKR         LCKK          LL_GPIO_LockPin
 686:board/stm32f401rct6/Drivers/STM32F4xx_HAL_Driver/Inc/stm32f4xx_ll_gpio.h ****   * @param  GPIOx GPIO Port
 687:board/stm32f401rct6/Drivers/STM32F4xx_HAL_Driver/Inc/stm32f4xx_ll_gpio.h ****   * @param  PinMask This parameter can be a combination of the following values:
 688:board/stm32f401rct6/Drivers/STM32F4xx_HAL_Driver/Inc/stm32f4xx_ll_gpio.h ****   *         @arg @ref LL_GPIO_PIN_0
 689:board/stm32f401rct6/Drivers/STM32F4xx_HAL_Driver/Inc/stm32f4xx_ll_gpio.h ****   *         @arg @ref LL_GPIO_PIN_1
 690:board/stm32f401rct6/Drivers/STM32F4xx_HAL_Driver/Inc/stm32f4xx_ll_gpio.h ****   *         @arg @ref LL_GPIO_PIN_2
 691:board/stm32f401rct6/Drivers/STM32F4xx_HAL_Driver/Inc/stm32f4xx_ll_gpio.h ****   *         @arg @ref LL_GPIO_PIN_3
 692:board/stm32f401rct6/Drivers/STM32F4xx_HAL_Driver/Inc/stm32f4xx_ll_gpio.h ****   *         @arg @ref LL_GPIO_PIN_4
 693:board/stm32f401rct6/Drivers/STM32F4xx_HAL_Driver/Inc/stm32f4xx_ll_gpio.h ****   *         @arg @ref LL_GPIO_PIN_5
 694:board/stm32f401rct6/Drivers/STM32F4xx_HAL_Driver/Inc/stm32f4xx_ll_gpio.h ****   *         @arg @ref LL_GPIO_PIN_6
 695:board/stm32f401rct6/Drivers/STM32F4xx_HAL_Driver/Inc/stm32f4xx_ll_gpio.h ****   *         @arg @ref LL_GPIO_PIN_7
 696:board/stm32f401rct6/Drivers/STM32F4xx_HAL_Driver/Inc/stm32f4xx_ll_gpio.h ****   *         @arg @ref LL_GPIO_PIN_8
 697:board/stm32f401rct6/Drivers/STM32F4xx_HAL_Driver/Inc/stm32f4xx_ll_gpio.h ****   *         @arg @ref LL_GPIO_PIN_9
 698:board/stm32f401rct6/Drivers/STM32F4xx_HAL_Driver/Inc/stm32f4xx_ll_gpio.h ****   *         @arg @ref LL_GPIO_PIN_10
 699:board/stm32f401rct6/Drivers/STM32F4xx_HAL_Driver/Inc/stm32f4xx_ll_gpio.h ****   *         @arg @ref LL_GPIO_PIN_11
 700:board/stm32f401rct6/Drivers/STM32F4xx_HAL_Driver/Inc/stm32f4xx_ll_gpio.h ****   *         @arg @ref LL_GPIO_PIN_12
 701:board/stm32f401rct6/Drivers/STM32F4xx_HAL_Driver/Inc/stm32f4xx_ll_gpio.h ****   *         @arg @ref LL_GPIO_PIN_13
 702:board/stm32f401rct6/Drivers/STM32F4xx_HAL_Driver/Inc/stm32f4xx_ll_gpio.h ****   *         @arg @ref LL_GPIO_PIN_14
 703:board/stm32f401rct6/Drivers/STM32F4xx_HAL_Driver/Inc/stm32f4xx_ll_gpio.h ****   *         @arg @ref LL_GPIO_PIN_15
 704:board/stm32f401rct6/Drivers/STM32F4xx_HAL_Driver/Inc/stm32f4xx_ll_gpio.h ****   *         @arg @ref LL_GPIO_PIN_ALL
 705:board/stm32f401rct6/Drivers/STM32F4xx_HAL_Driver/Inc/stm32f4xx_ll_gpio.h ****   * @retval None
 706:board/stm32f401rct6/Drivers/STM32F4xx_HAL_Driver/Inc/stm32f4xx_ll_gpio.h ****   */
 707:board/stm32f401rct6/Drivers/STM32F4xx_HAL_Driver/Inc/stm32f4xx_ll_gpio.h **** __STATIC_INLINE void LL_GPIO_LockPin(GPIO_TypeDef *GPIOx, uint32_t PinMask)
 708:board/stm32f401rct6/Drivers/STM32F4xx_HAL_Driver/Inc/stm32f4xx_ll_gpio.h **** {
 709:board/stm32f401rct6/Drivers/STM32F4xx_HAL_Driver/Inc/stm32f4xx_ll_gpio.h ****   __IO uint32_t temp;
 710:board/stm32f401rct6/Drivers/STM32F4xx_HAL_Driver/Inc/stm32f4xx_ll_gpio.h ****   WRITE_REG(GPIOx->LCKR, GPIO_LCKR_LCKK | PinMask);
 711:board/stm32f401rct6/Drivers/STM32F4xx_HAL_Driver/Inc/stm32f4xx_ll_gpio.h ****   WRITE_REG(GPIOx->LCKR, PinMask);
 712:board/stm32f401rct6/Drivers/STM32F4xx_HAL_Driver/Inc/stm32f4xx_ll_gpio.h ****   WRITE_REG(GPIOx->LCKR, GPIO_LCKR_LCKK | PinMask);
 713:board/stm32f401rct6/Drivers/STM32F4xx_HAL_Driver/Inc/stm32f4xx_ll_gpio.h ****   temp = READ_REG(GPIOx->LCKR);
 714:board/stm32f401rct6/Drivers/STM32F4xx_HAL_Driver/Inc/stm32f4xx_ll_gpio.h ****   (void) temp;
 715:board/stm32f401rct6/Drivers/STM32F4xx_HAL_Driver/Inc/stm32f4xx_ll_gpio.h **** }
 716:board/stm32f401rct6/Drivers/STM32F4xx_HAL_Driver/Inc/stm32f4xx_ll_gpio.h **** 
 717:board/stm32f401rct6/Drivers/STM32F4xx_HAL_Driver/Inc/stm32f4xx_ll_gpio.h **** /**
 718:board/stm32f401rct6/Drivers/STM32F4xx_HAL_Driver/Inc/stm32f4xx_ll_gpio.h ****   * @brief  Return 1 if all pins passed as parameter, of a dedicated port, are locked. else Return 
 719:board/stm32f401rct6/Drivers/STM32F4xx_HAL_Driver/Inc/stm32f4xx_ll_gpio.h ****   * @rmtoll LCKR         LCKy          LL_GPIO_IsPinLocked
 720:board/stm32f401rct6/Drivers/STM32F4xx_HAL_Driver/Inc/stm32f4xx_ll_gpio.h ****   * @param  GPIOx GPIO Port
 721:board/stm32f401rct6/Drivers/STM32F4xx_HAL_Driver/Inc/stm32f4xx_ll_gpio.h ****   * @param  PinMask This parameter can be a combination of the following values:
 722:board/stm32f401rct6/Drivers/STM32F4xx_HAL_Driver/Inc/stm32f4xx_ll_gpio.h ****   *         @arg @ref LL_GPIO_PIN_0
 723:board/stm32f401rct6/Drivers/STM32F4xx_HAL_Driver/Inc/stm32f4xx_ll_gpio.h ****   *         @arg @ref LL_GPIO_PIN_1
 724:board/stm32f401rct6/Drivers/STM32F4xx_HAL_Driver/Inc/stm32f4xx_ll_gpio.h ****   *         @arg @ref LL_GPIO_PIN_2
 725:board/stm32f401rct6/Drivers/STM32F4xx_HAL_Driver/Inc/stm32f4xx_ll_gpio.h ****   *         @arg @ref LL_GPIO_PIN_3
 726:board/stm32f401rct6/Drivers/STM32F4xx_HAL_Driver/Inc/stm32f4xx_ll_gpio.h ****   *         @arg @ref LL_GPIO_PIN_4
 727:board/stm32f401rct6/Drivers/STM32F4xx_HAL_Driver/Inc/stm32f4xx_ll_gpio.h ****   *         @arg @ref LL_GPIO_PIN_5
 728:board/stm32f401rct6/Drivers/STM32F4xx_HAL_Driver/Inc/stm32f4xx_ll_gpio.h ****   *         @arg @ref LL_GPIO_PIN_6
 729:board/stm32f401rct6/Drivers/STM32F4xx_HAL_Driver/Inc/stm32f4xx_ll_gpio.h ****   *         @arg @ref LL_GPIO_PIN_7
 730:board/stm32f401rct6/Drivers/STM32F4xx_HAL_Driver/Inc/stm32f4xx_ll_gpio.h ****   *         @arg @ref LL_GPIO_PIN_8
 731:board/stm32f401rct6/Drivers/STM32F4xx_HAL_Driver/Inc/stm32f4xx_ll_gpio.h ****   *         @arg @ref LL_GPIO_PIN_9
 732:board/stm32f401rct6/Drivers/STM32F4xx_HAL_Driver/Inc/stm32f4xx_ll_gpio.h ****   *         @arg @ref LL_GPIO_PIN_10
 733:board/stm32f401rct6/Drivers/STM32F4xx_HAL_Driver/Inc/stm32f4xx_ll_gpio.h ****   *         @arg @ref LL_GPIO_PIN_11
 734:board/stm32f401rct6/Drivers/STM32F4xx_HAL_Driver/Inc/stm32f4xx_ll_gpio.h ****   *         @arg @ref LL_GPIO_PIN_12
 735:board/stm32f401rct6/Drivers/STM32F4xx_HAL_Driver/Inc/stm32f4xx_ll_gpio.h ****   *         @arg @ref LL_GPIO_PIN_13
 736:board/stm32f401rct6/Drivers/STM32F4xx_HAL_Driver/Inc/stm32f4xx_ll_gpio.h ****   *         @arg @ref LL_GPIO_PIN_14
 737:board/stm32f401rct6/Drivers/STM32F4xx_HAL_Driver/Inc/stm32f4xx_ll_gpio.h ****   *         @arg @ref LL_GPIO_PIN_15
 738:board/stm32f401rct6/Drivers/STM32F4xx_HAL_Driver/Inc/stm32f4xx_ll_gpio.h ****   *         @arg @ref LL_GPIO_PIN_ALL
 739:board/stm32f401rct6/Drivers/STM32F4xx_HAL_Driver/Inc/stm32f4xx_ll_gpio.h ****   * @retval State of bit (1 or 0).
 740:board/stm32f401rct6/Drivers/STM32F4xx_HAL_Driver/Inc/stm32f4xx_ll_gpio.h ****   */
ARM GAS  C:\Users\Admin\AppData\Local\Temp\cc3IBrMn.s 			page 24


 741:board/stm32f401rct6/Drivers/STM32F4xx_HAL_Driver/Inc/stm32f4xx_ll_gpio.h **** __STATIC_INLINE uint32_t LL_GPIO_IsPinLocked(GPIO_TypeDef *GPIOx, uint32_t PinMask)
 742:board/stm32f401rct6/Drivers/STM32F4xx_HAL_Driver/Inc/stm32f4xx_ll_gpio.h **** {
 743:board/stm32f401rct6/Drivers/STM32F4xx_HAL_Driver/Inc/stm32f4xx_ll_gpio.h ****   return (READ_BIT(GPIOx->LCKR, PinMask) == (PinMask));
 744:board/stm32f401rct6/Drivers/STM32F4xx_HAL_Driver/Inc/stm32f4xx_ll_gpio.h **** }
 745:board/stm32f401rct6/Drivers/STM32F4xx_HAL_Driver/Inc/stm32f4xx_ll_gpio.h **** 
 746:board/stm32f401rct6/Drivers/STM32F4xx_HAL_Driver/Inc/stm32f4xx_ll_gpio.h **** /**
 747:board/stm32f401rct6/Drivers/STM32F4xx_HAL_Driver/Inc/stm32f4xx_ll_gpio.h ****   * @brief  Return 1 if one of the pin of a dedicated port is locked. else return 0.
 748:board/stm32f401rct6/Drivers/STM32F4xx_HAL_Driver/Inc/stm32f4xx_ll_gpio.h ****   * @rmtoll LCKR         LCKK          LL_GPIO_IsAnyPinLocked
 749:board/stm32f401rct6/Drivers/STM32F4xx_HAL_Driver/Inc/stm32f4xx_ll_gpio.h ****   * @param  GPIOx GPIO Port
 750:board/stm32f401rct6/Drivers/STM32F4xx_HAL_Driver/Inc/stm32f4xx_ll_gpio.h ****   * @retval State of bit (1 or 0).
 751:board/stm32f401rct6/Drivers/STM32F4xx_HAL_Driver/Inc/stm32f4xx_ll_gpio.h ****   */
 752:board/stm32f401rct6/Drivers/STM32F4xx_HAL_Driver/Inc/stm32f4xx_ll_gpio.h **** __STATIC_INLINE uint32_t LL_GPIO_IsAnyPinLocked(GPIO_TypeDef *GPIOx)
 753:board/stm32f401rct6/Drivers/STM32F4xx_HAL_Driver/Inc/stm32f4xx_ll_gpio.h **** {
 754:board/stm32f401rct6/Drivers/STM32F4xx_HAL_Driver/Inc/stm32f4xx_ll_gpio.h ****   return (READ_BIT(GPIOx->LCKR, GPIO_LCKR_LCKK) == (GPIO_LCKR_LCKK));
 755:board/stm32f401rct6/Drivers/STM32F4xx_HAL_Driver/Inc/stm32f4xx_ll_gpio.h **** }
 756:board/stm32f401rct6/Drivers/STM32F4xx_HAL_Driver/Inc/stm32f4xx_ll_gpio.h **** 
 757:board/stm32f401rct6/Drivers/STM32F4xx_HAL_Driver/Inc/stm32f4xx_ll_gpio.h **** /**
 758:board/stm32f401rct6/Drivers/STM32F4xx_HAL_Driver/Inc/stm32f4xx_ll_gpio.h ****   * @}
 759:board/stm32f401rct6/Drivers/STM32F4xx_HAL_Driver/Inc/stm32f4xx_ll_gpio.h ****   */
 760:board/stm32f401rct6/Drivers/STM32F4xx_HAL_Driver/Inc/stm32f4xx_ll_gpio.h **** 
 761:board/stm32f401rct6/Drivers/STM32F4xx_HAL_Driver/Inc/stm32f4xx_ll_gpio.h **** /** @defgroup GPIO_LL_EF_Data_Access Data Access
 762:board/stm32f401rct6/Drivers/STM32F4xx_HAL_Driver/Inc/stm32f4xx_ll_gpio.h ****   * @{
 763:board/stm32f401rct6/Drivers/STM32F4xx_HAL_Driver/Inc/stm32f4xx_ll_gpio.h ****   */
 764:board/stm32f401rct6/Drivers/STM32F4xx_HAL_Driver/Inc/stm32f4xx_ll_gpio.h **** 
 765:board/stm32f401rct6/Drivers/STM32F4xx_HAL_Driver/Inc/stm32f4xx_ll_gpio.h **** /**
 766:board/stm32f401rct6/Drivers/STM32F4xx_HAL_Driver/Inc/stm32f4xx_ll_gpio.h ****   * @brief  Return full input data register value for a dedicated port.
 767:board/stm32f401rct6/Drivers/STM32F4xx_HAL_Driver/Inc/stm32f4xx_ll_gpio.h ****   * @rmtoll IDR          IDy           LL_GPIO_ReadInputPort
 768:board/stm32f401rct6/Drivers/STM32F4xx_HAL_Driver/Inc/stm32f4xx_ll_gpio.h ****   * @param  GPIOx GPIO Port
 769:board/stm32f401rct6/Drivers/STM32F4xx_HAL_Driver/Inc/stm32f4xx_ll_gpio.h ****   * @retval Input data register value of port
 770:board/stm32f401rct6/Drivers/STM32F4xx_HAL_Driver/Inc/stm32f4xx_ll_gpio.h ****   */
 771:board/stm32f401rct6/Drivers/STM32F4xx_HAL_Driver/Inc/stm32f4xx_ll_gpio.h **** __STATIC_INLINE uint32_t LL_GPIO_ReadInputPort(GPIO_TypeDef *GPIOx)
 772:board/stm32f401rct6/Drivers/STM32F4xx_HAL_Driver/Inc/stm32f4xx_ll_gpio.h **** {
 773:board/stm32f401rct6/Drivers/STM32F4xx_HAL_Driver/Inc/stm32f4xx_ll_gpio.h ****   return (uint32_t)(READ_REG(GPIOx->IDR));
 774:board/stm32f401rct6/Drivers/STM32F4xx_HAL_Driver/Inc/stm32f4xx_ll_gpio.h **** }
 775:board/stm32f401rct6/Drivers/STM32F4xx_HAL_Driver/Inc/stm32f4xx_ll_gpio.h **** 
 776:board/stm32f401rct6/Drivers/STM32F4xx_HAL_Driver/Inc/stm32f4xx_ll_gpio.h **** /**
 777:board/stm32f401rct6/Drivers/STM32F4xx_HAL_Driver/Inc/stm32f4xx_ll_gpio.h ****   * @brief  Return if input data level for several pins of dedicated port is high or low.
 778:board/stm32f401rct6/Drivers/STM32F4xx_HAL_Driver/Inc/stm32f4xx_ll_gpio.h ****   * @rmtoll IDR          IDy           LL_GPIO_IsInputPinSet
 779:board/stm32f401rct6/Drivers/STM32F4xx_HAL_Driver/Inc/stm32f4xx_ll_gpio.h ****   * @param  GPIOx GPIO Port
 780:board/stm32f401rct6/Drivers/STM32F4xx_HAL_Driver/Inc/stm32f4xx_ll_gpio.h ****   * @param  PinMask This parameter can be a combination of the following values:
 781:board/stm32f401rct6/Drivers/STM32F4xx_HAL_Driver/Inc/stm32f4xx_ll_gpio.h ****   *         @arg @ref LL_GPIO_PIN_0
 782:board/stm32f401rct6/Drivers/STM32F4xx_HAL_Driver/Inc/stm32f4xx_ll_gpio.h ****   *         @arg @ref LL_GPIO_PIN_1
 783:board/stm32f401rct6/Drivers/STM32F4xx_HAL_Driver/Inc/stm32f4xx_ll_gpio.h ****   *         @arg @ref LL_GPIO_PIN_2
 784:board/stm32f401rct6/Drivers/STM32F4xx_HAL_Driver/Inc/stm32f4xx_ll_gpio.h ****   *         @arg @ref LL_GPIO_PIN_3
 785:board/stm32f401rct6/Drivers/STM32F4xx_HAL_Driver/Inc/stm32f4xx_ll_gpio.h ****   *         @arg @ref LL_GPIO_PIN_4
 786:board/stm32f401rct6/Drivers/STM32F4xx_HAL_Driver/Inc/stm32f4xx_ll_gpio.h ****   *         @arg @ref LL_GPIO_PIN_5
 787:board/stm32f401rct6/Drivers/STM32F4xx_HAL_Driver/Inc/stm32f4xx_ll_gpio.h ****   *         @arg @ref LL_GPIO_PIN_6
 788:board/stm32f401rct6/Drivers/STM32F4xx_HAL_Driver/Inc/stm32f4xx_ll_gpio.h ****   *         @arg @ref LL_GPIO_PIN_7
 789:board/stm32f401rct6/Drivers/STM32F4xx_HAL_Driver/Inc/stm32f4xx_ll_gpio.h ****   *         @arg @ref LL_GPIO_PIN_8
 790:board/stm32f401rct6/Drivers/STM32F4xx_HAL_Driver/Inc/stm32f4xx_ll_gpio.h ****   *         @arg @ref LL_GPIO_PIN_9
 791:board/stm32f401rct6/Drivers/STM32F4xx_HAL_Driver/Inc/stm32f4xx_ll_gpio.h ****   *         @arg @ref LL_GPIO_PIN_10
 792:board/stm32f401rct6/Drivers/STM32F4xx_HAL_Driver/Inc/stm32f4xx_ll_gpio.h ****   *         @arg @ref LL_GPIO_PIN_11
 793:board/stm32f401rct6/Drivers/STM32F4xx_HAL_Driver/Inc/stm32f4xx_ll_gpio.h ****   *         @arg @ref LL_GPIO_PIN_12
 794:board/stm32f401rct6/Drivers/STM32F4xx_HAL_Driver/Inc/stm32f4xx_ll_gpio.h ****   *         @arg @ref LL_GPIO_PIN_13
 795:board/stm32f401rct6/Drivers/STM32F4xx_HAL_Driver/Inc/stm32f4xx_ll_gpio.h ****   *         @arg @ref LL_GPIO_PIN_14
 796:board/stm32f401rct6/Drivers/STM32F4xx_HAL_Driver/Inc/stm32f4xx_ll_gpio.h ****   *         @arg @ref LL_GPIO_PIN_15
 797:board/stm32f401rct6/Drivers/STM32F4xx_HAL_Driver/Inc/stm32f4xx_ll_gpio.h ****   *         @arg @ref LL_GPIO_PIN_ALL
ARM GAS  C:\Users\Admin\AppData\Local\Temp\cc3IBrMn.s 			page 25


 798:board/stm32f401rct6/Drivers/STM32F4xx_HAL_Driver/Inc/stm32f4xx_ll_gpio.h ****   * @retval State of bit (1 or 0).
 799:board/stm32f401rct6/Drivers/STM32F4xx_HAL_Driver/Inc/stm32f4xx_ll_gpio.h ****   */
 800:board/stm32f401rct6/Drivers/STM32F4xx_HAL_Driver/Inc/stm32f4xx_ll_gpio.h **** __STATIC_INLINE uint32_t LL_GPIO_IsInputPinSet(GPIO_TypeDef *GPIOx, uint32_t PinMask)
 801:board/stm32f401rct6/Drivers/STM32F4xx_HAL_Driver/Inc/stm32f4xx_ll_gpio.h **** {
 802:board/stm32f401rct6/Drivers/STM32F4xx_HAL_Driver/Inc/stm32f4xx_ll_gpio.h ****   return (READ_BIT(GPIOx->IDR, PinMask) == (PinMask));
 803:board/stm32f401rct6/Drivers/STM32F4xx_HAL_Driver/Inc/stm32f4xx_ll_gpio.h **** }
 804:board/stm32f401rct6/Drivers/STM32F4xx_HAL_Driver/Inc/stm32f4xx_ll_gpio.h **** 
 805:board/stm32f401rct6/Drivers/STM32F4xx_HAL_Driver/Inc/stm32f4xx_ll_gpio.h **** /**
 806:board/stm32f401rct6/Drivers/STM32F4xx_HAL_Driver/Inc/stm32f4xx_ll_gpio.h ****   * @brief  Write output data register for the port.
 807:board/stm32f401rct6/Drivers/STM32F4xx_HAL_Driver/Inc/stm32f4xx_ll_gpio.h ****   * @rmtoll ODR          ODy           LL_GPIO_WriteOutputPort
 808:board/stm32f401rct6/Drivers/STM32F4xx_HAL_Driver/Inc/stm32f4xx_ll_gpio.h ****   * @param  GPIOx GPIO Port
 809:board/stm32f401rct6/Drivers/STM32F4xx_HAL_Driver/Inc/stm32f4xx_ll_gpio.h ****   * @param  PortValue Level value for each pin of the port
 810:board/stm32f401rct6/Drivers/STM32F4xx_HAL_Driver/Inc/stm32f4xx_ll_gpio.h ****   * @retval None
 811:board/stm32f401rct6/Drivers/STM32F4xx_HAL_Driver/Inc/stm32f4xx_ll_gpio.h ****   */
 812:board/stm32f401rct6/Drivers/STM32F4xx_HAL_Driver/Inc/stm32f4xx_ll_gpio.h **** __STATIC_INLINE void LL_GPIO_WriteOutputPort(GPIO_TypeDef *GPIOx, uint32_t PortValue)
 813:board/stm32f401rct6/Drivers/STM32F4xx_HAL_Driver/Inc/stm32f4xx_ll_gpio.h **** {
 814:board/stm32f401rct6/Drivers/STM32F4xx_HAL_Driver/Inc/stm32f4xx_ll_gpio.h ****   WRITE_REG(GPIOx->ODR, PortValue);
 815:board/stm32f401rct6/Drivers/STM32F4xx_HAL_Driver/Inc/stm32f4xx_ll_gpio.h **** }
 816:board/stm32f401rct6/Drivers/STM32F4xx_HAL_Driver/Inc/stm32f4xx_ll_gpio.h **** 
 817:board/stm32f401rct6/Drivers/STM32F4xx_HAL_Driver/Inc/stm32f4xx_ll_gpio.h **** /**
 818:board/stm32f401rct6/Drivers/STM32F4xx_HAL_Driver/Inc/stm32f4xx_ll_gpio.h ****   * @brief  Return full output data register value for a dedicated port.
 819:board/stm32f401rct6/Drivers/STM32F4xx_HAL_Driver/Inc/stm32f4xx_ll_gpio.h ****   * @rmtoll ODR          ODy           LL_GPIO_ReadOutputPort
 820:board/stm32f401rct6/Drivers/STM32F4xx_HAL_Driver/Inc/stm32f4xx_ll_gpio.h ****   * @param  GPIOx GPIO Port
 821:board/stm32f401rct6/Drivers/STM32F4xx_HAL_Driver/Inc/stm32f4xx_ll_gpio.h ****   * @retval Output data register value of port
 822:board/stm32f401rct6/Drivers/STM32F4xx_HAL_Driver/Inc/stm32f4xx_ll_gpio.h ****   */
 823:board/stm32f401rct6/Drivers/STM32F4xx_HAL_Driver/Inc/stm32f4xx_ll_gpio.h **** __STATIC_INLINE uint32_t LL_GPIO_ReadOutputPort(GPIO_TypeDef *GPIOx)
 824:board/stm32f401rct6/Drivers/STM32F4xx_HAL_Driver/Inc/stm32f4xx_ll_gpio.h **** {
 825:board/stm32f401rct6/Drivers/STM32F4xx_HAL_Driver/Inc/stm32f4xx_ll_gpio.h ****   return (uint32_t)(READ_REG(GPIOx->ODR));
 826:board/stm32f401rct6/Drivers/STM32F4xx_HAL_Driver/Inc/stm32f4xx_ll_gpio.h **** }
 827:board/stm32f401rct6/Drivers/STM32F4xx_HAL_Driver/Inc/stm32f4xx_ll_gpio.h **** 
 828:board/stm32f401rct6/Drivers/STM32F4xx_HAL_Driver/Inc/stm32f4xx_ll_gpio.h **** /**
 829:board/stm32f401rct6/Drivers/STM32F4xx_HAL_Driver/Inc/stm32f4xx_ll_gpio.h ****   * @brief  Return if input data level for several pins of dedicated port is high or low.
 830:board/stm32f401rct6/Drivers/STM32F4xx_HAL_Driver/Inc/stm32f4xx_ll_gpio.h ****   * @rmtoll ODR          ODy           LL_GPIO_IsOutputPinSet
 831:board/stm32f401rct6/Drivers/STM32F4xx_HAL_Driver/Inc/stm32f4xx_ll_gpio.h ****   * @param  GPIOx GPIO Port
 832:board/stm32f401rct6/Drivers/STM32F4xx_HAL_Driver/Inc/stm32f4xx_ll_gpio.h ****   * @param  PinMask This parameter can be a combination of the following values:
 833:board/stm32f401rct6/Drivers/STM32F4xx_HAL_Driver/Inc/stm32f4xx_ll_gpio.h ****   *         @arg @ref LL_GPIO_PIN_0
 834:board/stm32f401rct6/Drivers/STM32F4xx_HAL_Driver/Inc/stm32f4xx_ll_gpio.h ****   *         @arg @ref LL_GPIO_PIN_1
 835:board/stm32f401rct6/Drivers/STM32F4xx_HAL_Driver/Inc/stm32f4xx_ll_gpio.h ****   *         @arg @ref LL_GPIO_PIN_2
 836:board/stm32f401rct6/Drivers/STM32F4xx_HAL_Driver/Inc/stm32f4xx_ll_gpio.h ****   *         @arg @ref LL_GPIO_PIN_3
 837:board/stm32f401rct6/Drivers/STM32F4xx_HAL_Driver/Inc/stm32f4xx_ll_gpio.h ****   *         @arg @ref LL_GPIO_PIN_4
 838:board/stm32f401rct6/Drivers/STM32F4xx_HAL_Driver/Inc/stm32f4xx_ll_gpio.h ****   *         @arg @ref LL_GPIO_PIN_5
 839:board/stm32f401rct6/Drivers/STM32F4xx_HAL_Driver/Inc/stm32f4xx_ll_gpio.h ****   *         @arg @ref LL_GPIO_PIN_6
 840:board/stm32f401rct6/Drivers/STM32F4xx_HAL_Driver/Inc/stm32f4xx_ll_gpio.h ****   *         @arg @ref LL_GPIO_PIN_7
 841:board/stm32f401rct6/Drivers/STM32F4xx_HAL_Driver/Inc/stm32f4xx_ll_gpio.h ****   *         @arg @ref LL_GPIO_PIN_8
 842:board/stm32f401rct6/Drivers/STM32F4xx_HAL_Driver/Inc/stm32f4xx_ll_gpio.h ****   *         @arg @ref LL_GPIO_PIN_9
 843:board/stm32f401rct6/Drivers/STM32F4xx_HAL_Driver/Inc/stm32f4xx_ll_gpio.h ****   *         @arg @ref LL_GPIO_PIN_10
 844:board/stm32f401rct6/Drivers/STM32F4xx_HAL_Driver/Inc/stm32f4xx_ll_gpio.h ****   *         @arg @ref LL_GPIO_PIN_11
 845:board/stm32f401rct6/Drivers/STM32F4xx_HAL_Driver/Inc/stm32f4xx_ll_gpio.h ****   *         @arg @ref LL_GPIO_PIN_12
 846:board/stm32f401rct6/Drivers/STM32F4xx_HAL_Driver/Inc/stm32f4xx_ll_gpio.h ****   *         @arg @ref LL_GPIO_PIN_13
 847:board/stm32f401rct6/Drivers/STM32F4xx_HAL_Driver/Inc/stm32f4xx_ll_gpio.h ****   *         @arg @ref LL_GPIO_PIN_14
 848:board/stm32f401rct6/Drivers/STM32F4xx_HAL_Driver/Inc/stm32f4xx_ll_gpio.h ****   *         @arg @ref LL_GPIO_PIN_15
 849:board/stm32f401rct6/Drivers/STM32F4xx_HAL_Driver/Inc/stm32f4xx_ll_gpio.h ****   *         @arg @ref LL_GPIO_PIN_ALL
 850:board/stm32f401rct6/Drivers/STM32F4xx_HAL_Driver/Inc/stm32f4xx_ll_gpio.h ****   * @retval State of bit (1 or 0).
 851:board/stm32f401rct6/Drivers/STM32F4xx_HAL_Driver/Inc/stm32f4xx_ll_gpio.h ****   */
 852:board/stm32f401rct6/Drivers/STM32F4xx_HAL_Driver/Inc/stm32f4xx_ll_gpio.h **** __STATIC_INLINE uint32_t LL_GPIO_IsOutputPinSet(GPIO_TypeDef *GPIOx, uint32_t PinMask)
 853:board/stm32f401rct6/Drivers/STM32F4xx_HAL_Driver/Inc/stm32f4xx_ll_gpio.h **** {
 854:board/stm32f401rct6/Drivers/STM32F4xx_HAL_Driver/Inc/stm32f4xx_ll_gpio.h ****   return (READ_BIT(GPIOx->ODR, PinMask) == (PinMask));
ARM GAS  C:\Users\Admin\AppData\Local\Temp\cc3IBrMn.s 			page 26


 855:board/stm32f401rct6/Drivers/STM32F4xx_HAL_Driver/Inc/stm32f4xx_ll_gpio.h **** }
 856:board/stm32f401rct6/Drivers/STM32F4xx_HAL_Driver/Inc/stm32f4xx_ll_gpio.h **** 
 857:board/stm32f401rct6/Drivers/STM32F4xx_HAL_Driver/Inc/stm32f4xx_ll_gpio.h **** /**
 858:board/stm32f401rct6/Drivers/STM32F4xx_HAL_Driver/Inc/stm32f4xx_ll_gpio.h ****   * @brief  Set several pins to high level on dedicated gpio port.
 859:board/stm32f401rct6/Drivers/STM32F4xx_HAL_Driver/Inc/stm32f4xx_ll_gpio.h ****   * @rmtoll BSRR         BSy           LL_GPIO_SetOutputPin
 860:board/stm32f401rct6/Drivers/STM32F4xx_HAL_Driver/Inc/stm32f4xx_ll_gpio.h ****   * @param  GPIOx GPIO Port
 861:board/stm32f401rct6/Drivers/STM32F4xx_HAL_Driver/Inc/stm32f4xx_ll_gpio.h ****   * @param  PinMask This parameter can be a combination of the following values:
 862:board/stm32f401rct6/Drivers/STM32F4xx_HAL_Driver/Inc/stm32f4xx_ll_gpio.h ****   *         @arg @ref LL_GPIO_PIN_0
 863:board/stm32f401rct6/Drivers/STM32F4xx_HAL_Driver/Inc/stm32f4xx_ll_gpio.h ****   *         @arg @ref LL_GPIO_PIN_1
 864:board/stm32f401rct6/Drivers/STM32F4xx_HAL_Driver/Inc/stm32f4xx_ll_gpio.h ****   *         @arg @ref LL_GPIO_PIN_2
 865:board/stm32f401rct6/Drivers/STM32F4xx_HAL_Driver/Inc/stm32f4xx_ll_gpio.h ****   *         @arg @ref LL_GPIO_PIN_3
 866:board/stm32f401rct6/Drivers/STM32F4xx_HAL_Driver/Inc/stm32f4xx_ll_gpio.h ****   *         @arg @ref LL_GPIO_PIN_4
 867:board/stm32f401rct6/Drivers/STM32F4xx_HAL_Driver/Inc/stm32f4xx_ll_gpio.h ****   *         @arg @ref LL_GPIO_PIN_5
 868:board/stm32f401rct6/Drivers/STM32F4xx_HAL_Driver/Inc/stm32f4xx_ll_gpio.h ****   *         @arg @ref LL_GPIO_PIN_6
 869:board/stm32f401rct6/Drivers/STM32F4xx_HAL_Driver/Inc/stm32f4xx_ll_gpio.h ****   *         @arg @ref LL_GPIO_PIN_7
 870:board/stm32f401rct6/Drivers/STM32F4xx_HAL_Driver/Inc/stm32f4xx_ll_gpio.h ****   *         @arg @ref LL_GPIO_PIN_8
 871:board/stm32f401rct6/Drivers/STM32F4xx_HAL_Driver/Inc/stm32f4xx_ll_gpio.h ****   *         @arg @ref LL_GPIO_PIN_9
 872:board/stm32f401rct6/Drivers/STM32F4xx_HAL_Driver/Inc/stm32f4xx_ll_gpio.h ****   *         @arg @ref LL_GPIO_PIN_10
 873:board/stm32f401rct6/Drivers/STM32F4xx_HAL_Driver/Inc/stm32f4xx_ll_gpio.h ****   *         @arg @ref LL_GPIO_PIN_11
 874:board/stm32f401rct6/Drivers/STM32F4xx_HAL_Driver/Inc/stm32f4xx_ll_gpio.h ****   *         @arg @ref LL_GPIO_PIN_12
 875:board/stm32f401rct6/Drivers/STM32F4xx_HAL_Driver/Inc/stm32f4xx_ll_gpio.h ****   *         @arg @ref LL_GPIO_PIN_13
 876:board/stm32f401rct6/Drivers/STM32F4xx_HAL_Driver/Inc/stm32f4xx_ll_gpio.h ****   *         @arg @ref LL_GPIO_PIN_14
 877:board/stm32f401rct6/Drivers/STM32F4xx_HAL_Driver/Inc/stm32f4xx_ll_gpio.h ****   *         @arg @ref LL_GPIO_PIN_15
 878:board/stm32f401rct6/Drivers/STM32F4xx_HAL_Driver/Inc/stm32f4xx_ll_gpio.h ****   *         @arg @ref LL_GPIO_PIN_ALL
 879:board/stm32f401rct6/Drivers/STM32F4xx_HAL_Driver/Inc/stm32f4xx_ll_gpio.h ****   * @retval None
 880:board/stm32f401rct6/Drivers/STM32F4xx_HAL_Driver/Inc/stm32f4xx_ll_gpio.h ****   */
 881:board/stm32f401rct6/Drivers/STM32F4xx_HAL_Driver/Inc/stm32f4xx_ll_gpio.h **** __STATIC_INLINE void LL_GPIO_SetOutputPin(GPIO_TypeDef *GPIOx, uint32_t PinMask)
 882:board/stm32f401rct6/Drivers/STM32F4xx_HAL_Driver/Inc/stm32f4xx_ll_gpio.h **** {
 883:board/stm32f401rct6/Drivers/STM32F4xx_HAL_Driver/Inc/stm32f4xx_ll_gpio.h ****   WRITE_REG(GPIOx->BSRR, PinMask);
 884:board/stm32f401rct6/Drivers/STM32F4xx_HAL_Driver/Inc/stm32f4xx_ll_gpio.h **** }
 885:board/stm32f401rct6/Drivers/STM32F4xx_HAL_Driver/Inc/stm32f4xx_ll_gpio.h **** 
 886:board/stm32f401rct6/Drivers/STM32F4xx_HAL_Driver/Inc/stm32f4xx_ll_gpio.h **** /**
 887:board/stm32f401rct6/Drivers/STM32F4xx_HAL_Driver/Inc/stm32f4xx_ll_gpio.h ****   * @brief  Set several pins to low level on dedicated gpio port.
 888:board/stm32f401rct6/Drivers/STM32F4xx_HAL_Driver/Inc/stm32f4xx_ll_gpio.h ****   * @rmtoll BSRR         BRy           LL_GPIO_ResetOutputPin
 889:board/stm32f401rct6/Drivers/STM32F4xx_HAL_Driver/Inc/stm32f4xx_ll_gpio.h ****   * @param  GPIOx GPIO Port
 890:board/stm32f401rct6/Drivers/STM32F4xx_HAL_Driver/Inc/stm32f4xx_ll_gpio.h ****   * @param  PinMask This parameter can be a combination of the following values:
 891:board/stm32f401rct6/Drivers/STM32F4xx_HAL_Driver/Inc/stm32f4xx_ll_gpio.h ****   *         @arg @ref LL_GPIO_PIN_0
 892:board/stm32f401rct6/Drivers/STM32F4xx_HAL_Driver/Inc/stm32f4xx_ll_gpio.h ****   *         @arg @ref LL_GPIO_PIN_1
 893:board/stm32f401rct6/Drivers/STM32F4xx_HAL_Driver/Inc/stm32f4xx_ll_gpio.h ****   *         @arg @ref LL_GPIO_PIN_2
 894:board/stm32f401rct6/Drivers/STM32F4xx_HAL_Driver/Inc/stm32f4xx_ll_gpio.h ****   *         @arg @ref LL_GPIO_PIN_3
 895:board/stm32f401rct6/Drivers/STM32F4xx_HAL_Driver/Inc/stm32f4xx_ll_gpio.h ****   *         @arg @ref LL_GPIO_PIN_4
 896:board/stm32f401rct6/Drivers/STM32F4xx_HAL_Driver/Inc/stm32f4xx_ll_gpio.h ****   *         @arg @ref LL_GPIO_PIN_5
 897:board/stm32f401rct6/Drivers/STM32F4xx_HAL_Driver/Inc/stm32f4xx_ll_gpio.h ****   *         @arg @ref LL_GPIO_PIN_6
 898:board/stm32f401rct6/Drivers/STM32F4xx_HAL_Driver/Inc/stm32f4xx_ll_gpio.h ****   *         @arg @ref LL_GPIO_PIN_7
 899:board/stm32f401rct6/Drivers/STM32F4xx_HAL_Driver/Inc/stm32f4xx_ll_gpio.h ****   *         @arg @ref LL_GPIO_PIN_8
 900:board/stm32f401rct6/Drivers/STM32F4xx_HAL_Driver/Inc/stm32f4xx_ll_gpio.h ****   *         @arg @ref LL_GPIO_PIN_9
 901:board/stm32f401rct6/Drivers/STM32F4xx_HAL_Driver/Inc/stm32f4xx_ll_gpio.h ****   *         @arg @ref LL_GPIO_PIN_10
 902:board/stm32f401rct6/Drivers/STM32F4xx_HAL_Driver/Inc/stm32f4xx_ll_gpio.h ****   *         @arg @ref LL_GPIO_PIN_11
 903:board/stm32f401rct6/Drivers/STM32F4xx_HAL_Driver/Inc/stm32f4xx_ll_gpio.h ****   *         @arg @ref LL_GPIO_PIN_12
 904:board/stm32f401rct6/Drivers/STM32F4xx_HAL_Driver/Inc/stm32f4xx_ll_gpio.h ****   *         @arg @ref LL_GPIO_PIN_13
 905:board/stm32f401rct6/Drivers/STM32F4xx_HAL_Driver/Inc/stm32f4xx_ll_gpio.h ****   *         @arg @ref LL_GPIO_PIN_14
 906:board/stm32f401rct6/Drivers/STM32F4xx_HAL_Driver/Inc/stm32f4xx_ll_gpio.h ****   *         @arg @ref LL_GPIO_PIN_15
 907:board/stm32f401rct6/Drivers/STM32F4xx_HAL_Driver/Inc/stm32f4xx_ll_gpio.h ****   *         @arg @ref LL_GPIO_PIN_ALL
 908:board/stm32f401rct6/Drivers/STM32F4xx_HAL_Driver/Inc/stm32f4xx_ll_gpio.h ****   * @retval None
 909:board/stm32f401rct6/Drivers/STM32F4xx_HAL_Driver/Inc/stm32f4xx_ll_gpio.h ****   */
 910:board/stm32f401rct6/Drivers/STM32F4xx_HAL_Driver/Inc/stm32f4xx_ll_gpio.h **** __STATIC_INLINE void LL_GPIO_ResetOutputPin(GPIO_TypeDef *GPIOx, uint32_t PinMask)
 105              		.loc 3 910 22 view .LVU22
ARM GAS  C:\Users\Admin\AppData\Local\Temp\cc3IBrMn.s 			page 27


 106              	.LBB15:
 911:board/stm32f401rct6/Drivers/STM32F4xx_HAL_Driver/Inc/stm32f4xx_ll_gpio.h **** {
 912:board/stm32f401rct6/Drivers/STM32F4xx_HAL_Driver/Inc/stm32f4xx_ll_gpio.h ****   WRITE_REG(GPIOx->BSRR, (PinMask << 16));
 107              		.loc 3 912 3 view .LVU23
 108 003a 204F     		ldr	r7, .L3+4
 109 003c 204B     		ldr	r3, .L3+8
 110 003e BB61     		str	r3, [r7, #24]
 111              	.LVL3:
 112              		.loc 3 912 3 is_stmt 0 view .LVU24
 113              	.LBE15:
 114              	.LBE14:
  48:board/stm32f401rct6/Core/Src/gpio.c ****                           |LCD_RW_Pin|LCD_EN_Pin|LCD_RS_Pin);
  49:board/stm32f401rct6/Core/Src/gpio.c **** 
  50:board/stm32f401rct6/Core/Src/gpio.c ****   /**/
  51:board/stm32f401rct6/Core/Src/gpio.c ****   LL_GPIO_ResetOutputPin(GPIOA, LCD_D4_Pin|LCD_D5_Pin|LCD_D6_Pin|LCD_D7_Pin);
 115              		.loc 1 51 3 is_stmt 1 view .LVU25
 116              	.LBB16:
 117              	.LBI16:
 910:board/stm32f401rct6/Drivers/STM32F4xx_HAL_Driver/Inc/stm32f4xx_ll_gpio.h **** {
 118              		.loc 3 910 22 view .LVU26
 119              	.LBB17:
 120              		.loc 3 912 3 view .LVU27
 121 0040 204D     		ldr	r5, .L3+12
 122 0042 4FF07063 		mov	r3, #251658240
 123 0046 AB61     		str	r3, [r5, #24]
 124              	.LVL4:
 125              		.loc 3 912 3 is_stmt 0 view .LVU28
 126              	.LBE17:
 127              	.LBE16:
  52:board/stm32f401rct6/Core/Src/gpio.c **** 
  53:board/stm32f401rct6/Core/Src/gpio.c ****   /**/
  54:board/stm32f401rct6/Core/Src/gpio.c ****   GPIO_InitStruct.Pin = DHT11__DATA_Pin;
 128              		.loc 1 54 3 is_stmt 1 view .LVU29
 129              		.loc 1 54 23 is_stmt 0 view .LVU30
 130 0048 0126     		movs	r6, #1
 131 004a 0296     		str	r6, [sp, #8]
  55:board/stm32f401rct6/Core/Src/gpio.c ****   GPIO_InitStruct.Mode = LL_GPIO_MODE_INPUT;
 132              		.loc 1 55 3 is_stmt 1 view .LVU31
  56:board/stm32f401rct6/Core/Src/gpio.c ****   GPIO_InitStruct.Pull = LL_GPIO_PULL_NO;
 133              		.loc 1 56 3 view .LVU32
  57:board/stm32f401rct6/Core/Src/gpio.c ****   LL_GPIO_Init(DHT11__DATA_GPIO_Port, &GPIO_InitStruct);
 134              		.loc 1 57 3 view .LVU33
 135 004c 02A9     		add	r1, sp, #8
 136 004e 2846     		mov	r0, r5
 137 0050 FFF7FEFF 		bl	LL_GPIO_Init
 138              	.LVL5:
  58:board/stm32f401rct6/Core/Src/gpio.c **** 
  59:board/stm32f401rct6/Core/Src/gpio.c ****   /**/
  60:board/stm32f401rct6/Core/Src/gpio.c ****   GPIO_InitStruct.Pin = R1_Pin|R2_Pin|R3_Pin|R4_Pin
 139              		.loc 1 60 3 view .LVU34
 140              		.loc 1 60 23 is_stmt 0 view .LVU35
 141 0054 40F23F43 		movw	r3, #1087
 142 0058 0293     		str	r3, [sp, #8]
  61:board/stm32f401rct6/Core/Src/gpio.c ****                           |LCD_RW_Pin|LCD_EN_Pin|LCD_RS_Pin;
  62:board/stm32f401rct6/Core/Src/gpio.c ****   GPIO_InitStruct.Mode = LL_GPIO_MODE_OUTPUT;
 143              		.loc 1 62 3 is_stmt 1 view .LVU36
 144              		.loc 1 62 24 is_stmt 0 view .LVU37
ARM GAS  C:\Users\Admin\AppData\Local\Temp\cc3IBrMn.s 			page 28


 145 005a 0396     		str	r6, [sp, #12]
  63:board/stm32f401rct6/Core/Src/gpio.c ****   GPIO_InitStruct.Speed = LL_GPIO_SPEED_FREQ_HIGH;
 146              		.loc 1 63 3 is_stmt 1 view .LVU38
 147              		.loc 1 63 25 is_stmt 0 view .LVU39
 148 005c 4FF00208 		mov	r8, #2
 149 0060 CDF81080 		str	r8, [sp, #16]
  64:board/stm32f401rct6/Core/Src/gpio.c ****   GPIO_InitStruct.OutputType = LL_GPIO_OUTPUT_PUSHPULL;
 150              		.loc 1 64 3 is_stmt 1 view .LVU40
 151              		.loc 1 64 30 is_stmt 0 view .LVU41
 152 0064 0594     		str	r4, [sp, #20]
  65:board/stm32f401rct6/Core/Src/gpio.c ****   GPIO_InitStruct.Pull = LL_GPIO_PULL_NO;
 153              		.loc 1 65 3 is_stmt 1 view .LVU42
 154              		.loc 1 65 24 is_stmt 0 view .LVU43
 155 0066 0694     		str	r4, [sp, #24]
  66:board/stm32f401rct6/Core/Src/gpio.c ****   LL_GPIO_Init(GPIOB, &GPIO_InitStruct);
 156              		.loc 1 66 3 is_stmt 1 view .LVU44
 157 0068 02A9     		add	r1, sp, #8
 158 006a 3846     		mov	r0, r7
 159 006c FFF7FEFF 		bl	LL_GPIO_Init
 160              	.LVL6:
  67:board/stm32f401rct6/Core/Src/gpio.c **** 
  68:board/stm32f401rct6/Core/Src/gpio.c ****   /**/
  69:board/stm32f401rct6/Core/Src/gpio.c ****   GPIO_InitStruct.Pin = LCD_D4_Pin|LCD_D5_Pin|LCD_D6_Pin;
 161              		.loc 1 69 3 view .LVU45
 162              		.loc 1 69 23 is_stmt 0 view .LVU46
 163 0070 4FF4E063 		mov	r3, #1792
 164 0074 0293     		str	r3, [sp, #8]
  70:board/stm32f401rct6/Core/Src/gpio.c ****   GPIO_InitStruct.Mode = LL_GPIO_MODE_OUTPUT;
 165              		.loc 1 70 3 is_stmt 1 view .LVU47
 166              		.loc 1 70 24 is_stmt 0 view .LVU48
 167 0076 0396     		str	r6, [sp, #12]
  71:board/stm32f401rct6/Core/Src/gpio.c ****   GPIO_InitStruct.Speed = LL_GPIO_SPEED_FREQ_HIGH;
 168              		.loc 1 71 3 is_stmt 1 view .LVU49
 169              		.loc 1 71 25 is_stmt 0 view .LVU50
 170 0078 CDF81080 		str	r8, [sp, #16]
  72:board/stm32f401rct6/Core/Src/gpio.c ****   GPIO_InitStruct.OutputType = LL_GPIO_OUTPUT_PUSHPULL;
 171              		.loc 1 72 3 is_stmt 1 view .LVU51
 172              		.loc 1 72 30 is_stmt 0 view .LVU52
 173 007c 0594     		str	r4, [sp, #20]
  73:board/stm32f401rct6/Core/Src/gpio.c ****   GPIO_InitStruct.Pull = LL_GPIO_PULL_NO;
 174              		.loc 1 73 3 is_stmt 1 view .LVU53
 175              		.loc 1 73 24 is_stmt 0 view .LVU54
 176 007e 0694     		str	r4, [sp, #24]
  74:board/stm32f401rct6/Core/Src/gpio.c ****   LL_GPIO_Init(GPIOA, &GPIO_InitStruct);
 177              		.loc 1 74 3 is_stmt 1 view .LVU55
 178 0080 02A9     		add	r1, sp, #8
 179 0082 2846     		mov	r0, r5
 180 0084 FFF7FEFF 		bl	LL_GPIO_Init
 181              	.LVL7:
  75:board/stm32f401rct6/Core/Src/gpio.c **** 
  76:board/stm32f401rct6/Core/Src/gpio.c ****   /**/
  77:board/stm32f401rct6/Core/Src/gpio.c ****   GPIO_InitStruct.Pin = LCD_D7_Pin;
 182              		.loc 1 77 3 view .LVU56
 183              		.loc 1 77 23 is_stmt 0 view .LVU57
 184 0088 4FF40063 		mov	r3, #2048
 185 008c 0293     		str	r3, [sp, #8]
  78:board/stm32f401rct6/Core/Src/gpio.c ****   GPIO_InitStruct.Mode = LL_GPIO_MODE_OUTPUT;
ARM GAS  C:\Users\Admin\AppData\Local\Temp\cc3IBrMn.s 			page 29


 186              		.loc 1 78 3 is_stmt 1 view .LVU58
 187              		.loc 1 78 24 is_stmt 0 view .LVU59
 188 008e 0396     		str	r6, [sp, #12]
  79:board/stm32f401rct6/Core/Src/gpio.c ****   GPIO_InitStruct.Speed = LL_GPIO_SPEED_FREQ_LOW;
 189              		.loc 1 79 3 is_stmt 1 view .LVU60
 190              		.loc 1 79 25 is_stmt 0 view .LVU61
 191 0090 0494     		str	r4, [sp, #16]
  80:board/stm32f401rct6/Core/Src/gpio.c ****   GPIO_InitStruct.OutputType = LL_GPIO_OUTPUT_PUSHPULL;
 192              		.loc 1 80 3 is_stmt 1 view .LVU62
 193              		.loc 1 80 30 is_stmt 0 view .LVU63
 194 0092 0594     		str	r4, [sp, #20]
  81:board/stm32f401rct6/Core/Src/gpio.c ****   GPIO_InitStruct.Pull = LL_GPIO_PULL_NO;
 195              		.loc 1 81 3 is_stmt 1 view .LVU64
 196              		.loc 1 81 24 is_stmt 0 view .LVU65
 197 0094 0694     		str	r4, [sp, #24]
  82:board/stm32f401rct6/Core/Src/gpio.c ****   LL_GPIO_Init(LCD_D7_GPIO_Port, &GPIO_InitStruct);
 198              		.loc 1 82 3 is_stmt 1 view .LVU66
 199 0096 02A9     		add	r1, sp, #8
 200 0098 2846     		mov	r0, r5
 201 009a FFF7FEFF 		bl	LL_GPIO_Init
 202              	.LVL8:
  83:board/stm32f401rct6/Core/Src/gpio.c **** 
  84:board/stm32f401rct6/Core/Src/gpio.c ****   /**/
  85:board/stm32f401rct6/Core/Src/gpio.c ****   GPIO_InitStruct.Pin = C1_Pin|C2_Pin|C3_Pin|C4_Pin;
 203              		.loc 1 85 3 view .LVU67
 204              		.loc 1 85 23 is_stmt 0 view .LVU68
 205 009e 4FF47073 		mov	r3, #960
 206 00a2 0293     		str	r3, [sp, #8]
  86:board/stm32f401rct6/Core/Src/gpio.c ****   GPIO_InitStruct.Mode = LL_GPIO_MODE_INPUT;
 207              		.loc 1 86 3 is_stmt 1 view .LVU69
 208              		.loc 1 86 24 is_stmt 0 view .LVU70
 209 00a4 0394     		str	r4, [sp, #12]
  87:board/stm32f401rct6/Core/Src/gpio.c ****   GPIO_InitStruct.Pull = LL_GPIO_PULL_NO;
 210              		.loc 1 87 3 is_stmt 1 view .LVU71
 211              		.loc 1 87 24 is_stmt 0 view .LVU72
 212 00a6 0694     		str	r4, [sp, #24]
  88:board/stm32f401rct6/Core/Src/gpio.c ****   LL_GPIO_Init(GPIOB, &GPIO_InitStruct);
 213              		.loc 1 88 3 is_stmt 1 view .LVU73
 214 00a8 02A9     		add	r1, sp, #8
 215 00aa 3846     		mov	r0, r7
 216 00ac FFF7FEFF 		bl	LL_GPIO_Init
 217              	.LVL9:
  89:board/stm32f401rct6/Core/Src/gpio.c **** 
  90:board/stm32f401rct6/Core/Src/gpio.c **** }
 218              		.loc 1 90 1 is_stmt 0 view .LVU74
 219 00b0 08B0     		add	sp, sp, #32
 220              	.LCFI2:
 221              		.cfi_def_cfa_offset 24
 222              		@ sp needed
 223 00b2 BDE8F081 		pop	{r4, r5, r6, r7, r8, pc}
 224              	.L4:
 225 00b6 00BF     		.align	2
 226              	.L3:
 227 00b8 00380240 		.word	1073887232
 228 00bc 00040240 		.word	1073873920
 229 00c0 00003F04 		.word	71237632
 230 00c4 00000240 		.word	1073872896
ARM GAS  C:\Users\Admin\AppData\Local\Temp\cc3IBrMn.s 			page 30


 231              		.cfi_endproc
 232              	.LFE822:
 234              		.text
 235              	.Letext0:
 236              		.file 4 "c:\\st\\stm32cubeide_1.12.1\\stm32cubeide\\plugins\\com.st.stm32cube.ide.mcu.externaltool
 237              		.file 5 "c:\\st\\stm32cubeide_1.12.1\\stm32cubeide\\plugins\\com.st.stm32cube.ide.mcu.externaltool
 238              		.file 6 "board/stm32f401rct6/Drivers/CMSIS/Device/ST/STM32F4xx/Include/stm32f401xc.h"
 239              		.file 7 "board/stm32f401rct6/Drivers/CMSIS/Device/ST/STM32F4xx/Include/stm32f4xx.h"
 240              		.file 8 "board/stm32f401rct6/Drivers/STM32F4xx_HAL_Driver/Inc/stm32f4xx_ll_tim.h"
 241              		.file 9 "board/stm32f401rct6/Drivers/STM32F4xx_HAL_Driver/Inc/stm32f4xx_ll_dma.h"
ARM GAS  C:\Users\Admin\AppData\Local\Temp\cc3IBrMn.s 			page 31


DEFINED SYMBOLS
                            *ABS*:0000000000000000 gpio.c
C:\Users\Admin\AppData\Local\Temp\cc3IBrMn.s:20     .text.MX_GPIO_Init:0000000000000000 $t
C:\Users\Admin\AppData\Local\Temp\cc3IBrMn.s:26     .text.MX_GPIO_Init:0000000000000000 MX_GPIO_Init
C:\Users\Admin\AppData\Local\Temp\cc3IBrMn.s:227    .text.MX_GPIO_Init:00000000000000b8 $d

UNDEFINED SYMBOLS
LL_GPIO_Init
