ARM GAS  C:\Users\Admin\AppData\Local\Temp\ccrDpVnE.s 			page 1


   1              		.cpu cortex-m4
   2              		.arch armv7e-m
   3              		.fpu fpv4-sp-d16
   4              		.eabi_attribute 27, 1
   5              		.eabi_attribute 28, 1
   6              		.eabi_attribute 20, 1
   7              		.eabi_attribute 21, 1
   8              		.eabi_attribute 23, 3
   9              		.eabi_attribute 24, 1
  10              		.eabi_attribute 25, 1
  11              		.eabi_attribute 26, 1
  12              		.eabi_attribute 30, 1
  13              		.eabi_attribute 34, 1
  14              		.eabi_attribute 18, 4
  15              		.file	"lcd.c"
  16              		.text
  17              	.Ltext0:
  18              		.cfi_sections	.debug_frame
  19              		.section	.text.lcd_enable,"ax",%progbits
  20              		.align	1
  21              		.syntax unified
  22              		.thumb
  23              		.thumb_func
  25              	lcd_enable:
  26              	.LFB831:
  27              		.file 1 "board/stm32f401rct6/Core/Extension/lcd.c"
   1:board/stm32f401rct6/Core/Extension/lcd.c **** /*
   2:board/stm32f401rct6/Core/Extension/lcd.c ****  * lcd.c
   3:board/stm32f401rct6/Core/Extension/lcd.c ****  *
   4:board/stm32f401rct6/Core/Extension/lcd.c ****  *  Created on: Feb 21, 2025
   5:board/stm32f401rct6/Core/Extension/lcd.c ****  *      Author: Admin
   6:board/stm32f401rct6/Core/Extension/lcd.c ****  */
   7:board/stm32f401rct6/Core/Extension/lcd.c **** 
   8:board/stm32f401rct6/Core/Extension/lcd.c **** #include "lcd.h"
   9:board/stm32f401rct6/Core/Extension/lcd.c **** 
  10:board/stm32f401rct6/Core/Extension/lcd.c **** static void lcd_putchar(char data);
  11:board/stm32f401rct6/Core/Extension/lcd.c **** static void lcd_enable(void);
  12:board/stm32f401rct6/Core/Extension/lcd.c **** static void lcd_send4bit(char data);
  13:board/stm32f401rct6/Core/Extension/lcd.c **** static void lcd_command(char command);
  14:board/stm32f401rct6/Core/Extension/lcd.c **** 
  15:board/stm32f401rct6/Core/Extension/lcd.c **** void lcd_clear_display(void){
  16:board/stm32f401rct6/Core/Extension/lcd.c **** 
  17:board/stm32f401rct6/Core/Extension/lcd.c **** 	lcd_command(0x01);
  18:board/stm32f401rct6/Core/Extension/lcd.c **** 	delay_ms(5);
  19:board/stm32f401rct6/Core/Extension/lcd.c **** }
  20:board/stm32f401rct6/Core/Extension/lcd.c **** void lcd_init(void) {
  21:board/stm32f401rct6/Core/Extension/lcd.c **** 
  22:board/stm32f401rct6/Core/Extension/lcd.c **** 	lcd_send4bit(0x00);
  23:board/stm32f401rct6/Core/Extension/lcd.c **** 	LL_GPIO_ResetOutputPin(LCD_RS_GPIO_Port, LCD_RS_Pin);
  24:board/stm32f401rct6/Core/Extension/lcd.c **** 	lcd_send4bit(0x02);
  25:board/stm32f401rct6/Core/Extension/lcd.c **** 	lcd_enable();
  26:board/stm32f401rct6/Core/Extension/lcd.c **** 	lcd_command(0x28);
  27:board/stm32f401rct6/Core/Extension/lcd.c **** 	lcd_command(0x0C);
  28:board/stm32f401rct6/Core/Extension/lcd.c **** 	lcd_command(0x06);
  29:board/stm32f401rct6/Core/Extension/lcd.c **** 	lcd_command(0x01);
  30:board/stm32f401rct6/Core/Extension/lcd.c **** 	delay_ms(1);
  31:board/stm32f401rct6/Core/Extension/lcd.c **** 	lcd_gotoxy(1, 0);
ARM GAS  C:\Users\Admin\AppData\Local\Temp\ccrDpVnE.s 			page 2


  32:board/stm32f401rct6/Core/Extension/lcd.c **** 	lcd_puts("NGUYEN VAN LOC");
  33:board/stm32f401rct6/Core/Extension/lcd.c **** 	lcd_gotoxy(1, 1);
  34:board/stm32f401rct6/Core/Extension/lcd.c **** 	lcd_puts("SELEX:");
  35:board/stm32f401rct6/Core/Extension/lcd.c **** }
  36:board/stm32f401rct6/Core/Extension/lcd.c **** 
  37:board/stm32f401rct6/Core/Extension/lcd.c **** void lcd_gotoxy(char x, char y)
  38:board/stm32f401rct6/Core/Extension/lcd.c **** {
  39:board/stm32f401rct6/Core/Extension/lcd.c **** 	char addr = 0;
  40:board/stm32f401rct6/Core/Extension/lcd.c **** 	if (y == 0)
  41:board/stm32f401rct6/Core/Extension/lcd.c **** 		addr =0x80 + x;
  42:board/stm32f401rct6/Core/Extension/lcd.c **** 
  43:board/stm32f401rct6/Core/Extension/lcd.c **** 	if (y == 1)
  44:board/stm32f401rct6/Core/Extension/lcd.c **** 		addr =0xC0 + x;
  45:board/stm32f401rct6/Core/Extension/lcd.c **** 
  46:board/stm32f401rct6/Core/Extension/lcd.c **** 	lcd_command(addr);
  47:board/stm32f401rct6/Core/Extension/lcd.c **** }
  48:board/stm32f401rct6/Core/Extension/lcd.c **** 
  49:board/stm32f401rct6/Core/Extension/lcd.c **** void lcd_puts(char *s) // gửi 1 chỗi kí tự
  50:board/stm32f401rct6/Core/Extension/lcd.c **** {
  51:board/stm32f401rct6/Core/Extension/lcd.c ****    	while (*s)
  52:board/stm32f401rct6/Core/Extension/lcd.c **** 		{
  53:board/stm32f401rct6/Core/Extension/lcd.c ****       lcd_putchar(*s);
  54:board/stm32f401rct6/Core/Extension/lcd.c ****      	s++;
  55:board/stm32f401rct6/Core/Extension/lcd.c ****    	}
  56:board/stm32f401rct6/Core/Extension/lcd.c **** }
  57:board/stm32f401rct6/Core/Extension/lcd.c **** 
  58:board/stm32f401rct6/Core/Extension/lcd.c **** void num_dsp(int number) {
  59:board/stm32f401rct6/Core/Extension/lcd.c **** 	char str[5];
  60:board/stm32f401rct6/Core/Extension/lcd.c **** 	sprintf(str, "%d", number); // chuyển từ số sang chuỗi
  61:board/stm32f401rct6/Core/Extension/lcd.c **** 	lcd_puts(str);
  62:board/stm32f401rct6/Core/Extension/lcd.c **** }
  63:board/stm32f401rct6/Core/Extension/lcd.c **** 
  64:board/stm32f401rct6/Core/Extension/lcd.c **** static void lcd_putchar(char data) { // gửi 1 kí tự đơn
  65:board/stm32f401rct6/Core/Extension/lcd.c **** 	LL_GPIO_SetOutputPin(LCD_RS_GPIO_Port, LCD_RS_Pin);
  66:board/stm32f401rct6/Core/Extension/lcd.c **** 	lcd_command(data);
  67:board/stm32f401rct6/Core/Extension/lcd.c **** 	LL_GPIO_ResetOutputPin(LCD_RS_GPIO_Port, LCD_RS_Pin);
  68:board/stm32f401rct6/Core/Extension/lcd.c **** }
  69:board/stm32f401rct6/Core/Extension/lcd.c **** static void lcd_enable(void){
  28              		.loc 1 69 29 view -0
  29              		.cfi_startproc
  30              		@ args = 0, pretend = 0, frame = 0
  31              		@ frame_needed = 0, uses_anonymous_args = 0
  32              		@ link register save eliminated.
  70:board/stm32f401rct6/Core/Extension/lcd.c **** 
  71:board/stm32f401rct6/Core/Extension/lcd.c **** 	LL_GPIO_SetOutputPin(LCD_EN_GPIO_Port, LCD_EN_Pin);
  33              		.loc 1 71 2 view .LVU1
  34              	.LVL0:
  35              	.LBB59:
  36              	.LBI59:
  37              		.file 2 "board/stm32f401rct6/Drivers/STM32F4xx_HAL_Driver/Inc/stm32f4xx_ll_gpio.h"
   1:board/stm32f401rct6/Drivers/STM32F4xx_HAL_Driver/Inc/stm32f4xx_ll_gpio.h **** /**
   2:board/stm32f401rct6/Drivers/STM32F4xx_HAL_Driver/Inc/stm32f4xx_ll_gpio.h ****   ******************************************************************************
   3:board/stm32f401rct6/Drivers/STM32F4xx_HAL_Driver/Inc/stm32f4xx_ll_gpio.h ****   * @file    stm32f4xx_ll_gpio.h
   4:board/stm32f401rct6/Drivers/STM32F4xx_HAL_Driver/Inc/stm32f4xx_ll_gpio.h ****   * @author  MCD Application Team
   5:board/stm32f401rct6/Drivers/STM32F4xx_HAL_Driver/Inc/stm32f4xx_ll_gpio.h ****   * @brief   Header file of GPIO LL module.
   6:board/stm32f401rct6/Drivers/STM32F4xx_HAL_Driver/Inc/stm32f4xx_ll_gpio.h ****   ******************************************************************************
   7:board/stm32f401rct6/Drivers/STM32F4xx_HAL_Driver/Inc/stm32f4xx_ll_gpio.h ****   * @attention
ARM GAS  C:\Users\Admin\AppData\Local\Temp\ccrDpVnE.s 			page 3


   8:board/stm32f401rct6/Drivers/STM32F4xx_HAL_Driver/Inc/stm32f4xx_ll_gpio.h ****   *
   9:board/stm32f401rct6/Drivers/STM32F4xx_HAL_Driver/Inc/stm32f4xx_ll_gpio.h ****   * Copyright (c) 2017 STMicroelectronics.
  10:board/stm32f401rct6/Drivers/STM32F4xx_HAL_Driver/Inc/stm32f4xx_ll_gpio.h ****   * All rights reserved.
  11:board/stm32f401rct6/Drivers/STM32F4xx_HAL_Driver/Inc/stm32f4xx_ll_gpio.h ****   *
  12:board/stm32f401rct6/Drivers/STM32F4xx_HAL_Driver/Inc/stm32f4xx_ll_gpio.h ****   * This software is licensed under terms that can be found in the LICENSE file
  13:board/stm32f401rct6/Drivers/STM32F4xx_HAL_Driver/Inc/stm32f4xx_ll_gpio.h ****   * in the root directory of this software component.
  14:board/stm32f401rct6/Drivers/STM32F4xx_HAL_Driver/Inc/stm32f4xx_ll_gpio.h ****   * If no LICENSE file comes with this software, it is provided AS-IS.
  15:board/stm32f401rct6/Drivers/STM32F4xx_HAL_Driver/Inc/stm32f4xx_ll_gpio.h ****   *
  16:board/stm32f401rct6/Drivers/STM32F4xx_HAL_Driver/Inc/stm32f4xx_ll_gpio.h ****   ******************************************************************************
  17:board/stm32f401rct6/Drivers/STM32F4xx_HAL_Driver/Inc/stm32f4xx_ll_gpio.h ****   */
  18:board/stm32f401rct6/Drivers/STM32F4xx_HAL_Driver/Inc/stm32f4xx_ll_gpio.h **** 
  19:board/stm32f401rct6/Drivers/STM32F4xx_HAL_Driver/Inc/stm32f4xx_ll_gpio.h **** /* Define to prevent recursive inclusion -------------------------------------*/
  20:board/stm32f401rct6/Drivers/STM32F4xx_HAL_Driver/Inc/stm32f4xx_ll_gpio.h **** #ifndef __STM32F4xx_LL_GPIO_H
  21:board/stm32f401rct6/Drivers/STM32F4xx_HAL_Driver/Inc/stm32f4xx_ll_gpio.h **** #define __STM32F4xx_LL_GPIO_H
  22:board/stm32f401rct6/Drivers/STM32F4xx_HAL_Driver/Inc/stm32f4xx_ll_gpio.h **** 
  23:board/stm32f401rct6/Drivers/STM32F4xx_HAL_Driver/Inc/stm32f4xx_ll_gpio.h **** #ifdef __cplusplus
  24:board/stm32f401rct6/Drivers/STM32F4xx_HAL_Driver/Inc/stm32f4xx_ll_gpio.h **** extern "C" {
  25:board/stm32f401rct6/Drivers/STM32F4xx_HAL_Driver/Inc/stm32f4xx_ll_gpio.h **** #endif
  26:board/stm32f401rct6/Drivers/STM32F4xx_HAL_Driver/Inc/stm32f4xx_ll_gpio.h **** 
  27:board/stm32f401rct6/Drivers/STM32F4xx_HAL_Driver/Inc/stm32f4xx_ll_gpio.h **** /* Includes ------------------------------------------------------------------*/
  28:board/stm32f401rct6/Drivers/STM32F4xx_HAL_Driver/Inc/stm32f4xx_ll_gpio.h **** #include "stm32f4xx.h"
  29:board/stm32f401rct6/Drivers/STM32F4xx_HAL_Driver/Inc/stm32f4xx_ll_gpio.h **** 
  30:board/stm32f401rct6/Drivers/STM32F4xx_HAL_Driver/Inc/stm32f4xx_ll_gpio.h **** /** @addtogroup STM32F4xx_LL_Driver
  31:board/stm32f401rct6/Drivers/STM32F4xx_HAL_Driver/Inc/stm32f4xx_ll_gpio.h ****   * @{
  32:board/stm32f401rct6/Drivers/STM32F4xx_HAL_Driver/Inc/stm32f4xx_ll_gpio.h ****   */
  33:board/stm32f401rct6/Drivers/STM32F4xx_HAL_Driver/Inc/stm32f4xx_ll_gpio.h **** 
  34:board/stm32f401rct6/Drivers/STM32F4xx_HAL_Driver/Inc/stm32f4xx_ll_gpio.h **** #if defined (GPIOA) || defined (GPIOB) || defined (GPIOC) || defined (GPIOD) || defined (GPIOE) || 
  35:board/stm32f401rct6/Drivers/STM32F4xx_HAL_Driver/Inc/stm32f4xx_ll_gpio.h **** 
  36:board/stm32f401rct6/Drivers/STM32F4xx_HAL_Driver/Inc/stm32f4xx_ll_gpio.h **** /** @defgroup GPIO_LL GPIO
  37:board/stm32f401rct6/Drivers/STM32F4xx_HAL_Driver/Inc/stm32f4xx_ll_gpio.h ****   * @{
  38:board/stm32f401rct6/Drivers/STM32F4xx_HAL_Driver/Inc/stm32f4xx_ll_gpio.h ****   */
  39:board/stm32f401rct6/Drivers/STM32F4xx_HAL_Driver/Inc/stm32f4xx_ll_gpio.h **** 
  40:board/stm32f401rct6/Drivers/STM32F4xx_HAL_Driver/Inc/stm32f4xx_ll_gpio.h **** /* Private types -------------------------------------------------------------*/
  41:board/stm32f401rct6/Drivers/STM32F4xx_HAL_Driver/Inc/stm32f4xx_ll_gpio.h **** /* Private variables ---------------------------------------------------------*/
  42:board/stm32f401rct6/Drivers/STM32F4xx_HAL_Driver/Inc/stm32f4xx_ll_gpio.h **** /* Private constants ---------------------------------------------------------*/
  43:board/stm32f401rct6/Drivers/STM32F4xx_HAL_Driver/Inc/stm32f4xx_ll_gpio.h **** /* Private macros ------------------------------------------------------------*/
  44:board/stm32f401rct6/Drivers/STM32F4xx_HAL_Driver/Inc/stm32f4xx_ll_gpio.h **** #if defined(USE_FULL_LL_DRIVER)
  45:board/stm32f401rct6/Drivers/STM32F4xx_HAL_Driver/Inc/stm32f4xx_ll_gpio.h **** /** @defgroup GPIO_LL_Private_Macros GPIO Private Macros
  46:board/stm32f401rct6/Drivers/STM32F4xx_HAL_Driver/Inc/stm32f4xx_ll_gpio.h ****   * @{
  47:board/stm32f401rct6/Drivers/STM32F4xx_HAL_Driver/Inc/stm32f4xx_ll_gpio.h ****   */
  48:board/stm32f401rct6/Drivers/STM32F4xx_HAL_Driver/Inc/stm32f4xx_ll_gpio.h **** 
  49:board/stm32f401rct6/Drivers/STM32F4xx_HAL_Driver/Inc/stm32f4xx_ll_gpio.h **** /**
  50:board/stm32f401rct6/Drivers/STM32F4xx_HAL_Driver/Inc/stm32f4xx_ll_gpio.h ****   * @}
  51:board/stm32f401rct6/Drivers/STM32F4xx_HAL_Driver/Inc/stm32f4xx_ll_gpio.h ****   */
  52:board/stm32f401rct6/Drivers/STM32F4xx_HAL_Driver/Inc/stm32f4xx_ll_gpio.h **** #endif /*USE_FULL_LL_DRIVER*/
  53:board/stm32f401rct6/Drivers/STM32F4xx_HAL_Driver/Inc/stm32f4xx_ll_gpio.h **** 
  54:board/stm32f401rct6/Drivers/STM32F4xx_HAL_Driver/Inc/stm32f4xx_ll_gpio.h **** /* Exported types ------------------------------------------------------------*/
  55:board/stm32f401rct6/Drivers/STM32F4xx_HAL_Driver/Inc/stm32f4xx_ll_gpio.h **** #if defined(USE_FULL_LL_DRIVER)
  56:board/stm32f401rct6/Drivers/STM32F4xx_HAL_Driver/Inc/stm32f4xx_ll_gpio.h **** /** @defgroup GPIO_LL_ES_INIT GPIO Exported Init structures
  57:board/stm32f401rct6/Drivers/STM32F4xx_HAL_Driver/Inc/stm32f4xx_ll_gpio.h ****   * @{
  58:board/stm32f401rct6/Drivers/STM32F4xx_HAL_Driver/Inc/stm32f4xx_ll_gpio.h ****   */
  59:board/stm32f401rct6/Drivers/STM32F4xx_HAL_Driver/Inc/stm32f4xx_ll_gpio.h **** 
  60:board/stm32f401rct6/Drivers/STM32F4xx_HAL_Driver/Inc/stm32f4xx_ll_gpio.h **** /**
  61:board/stm32f401rct6/Drivers/STM32F4xx_HAL_Driver/Inc/stm32f4xx_ll_gpio.h ****   * @brief LL GPIO Init Structure definition
  62:board/stm32f401rct6/Drivers/STM32F4xx_HAL_Driver/Inc/stm32f4xx_ll_gpio.h ****   */
  63:board/stm32f401rct6/Drivers/STM32F4xx_HAL_Driver/Inc/stm32f4xx_ll_gpio.h **** typedef struct
  64:board/stm32f401rct6/Drivers/STM32F4xx_HAL_Driver/Inc/stm32f4xx_ll_gpio.h **** {
ARM GAS  C:\Users\Admin\AppData\Local\Temp\ccrDpVnE.s 			page 4


  65:board/stm32f401rct6/Drivers/STM32F4xx_HAL_Driver/Inc/stm32f4xx_ll_gpio.h ****   uint32_t Pin;          /*!< Specifies the GPIO pins to be configured.
  66:board/stm32f401rct6/Drivers/STM32F4xx_HAL_Driver/Inc/stm32f4xx_ll_gpio.h ****                               This parameter can be any value of @ref GPIO_LL_EC_PIN */
  67:board/stm32f401rct6/Drivers/STM32F4xx_HAL_Driver/Inc/stm32f4xx_ll_gpio.h **** 
  68:board/stm32f401rct6/Drivers/STM32F4xx_HAL_Driver/Inc/stm32f4xx_ll_gpio.h ****   uint32_t Mode;         /*!< Specifies the operating mode for the selected pins.
  69:board/stm32f401rct6/Drivers/STM32F4xx_HAL_Driver/Inc/stm32f4xx_ll_gpio.h ****                               This parameter can be a value of @ref GPIO_LL_EC_MODE.
  70:board/stm32f401rct6/Drivers/STM32F4xx_HAL_Driver/Inc/stm32f4xx_ll_gpio.h **** 
  71:board/stm32f401rct6/Drivers/STM32F4xx_HAL_Driver/Inc/stm32f4xx_ll_gpio.h ****                               GPIO HW configuration can be modified afterwards using unitary functi
  72:board/stm32f401rct6/Drivers/STM32F4xx_HAL_Driver/Inc/stm32f4xx_ll_gpio.h **** 
  73:board/stm32f401rct6/Drivers/STM32F4xx_HAL_Driver/Inc/stm32f4xx_ll_gpio.h ****   uint32_t Speed;        /*!< Specifies the speed for the selected pins.
  74:board/stm32f401rct6/Drivers/STM32F4xx_HAL_Driver/Inc/stm32f4xx_ll_gpio.h ****                               This parameter can be a value of @ref GPIO_LL_EC_SPEED.
  75:board/stm32f401rct6/Drivers/STM32F4xx_HAL_Driver/Inc/stm32f4xx_ll_gpio.h **** 
  76:board/stm32f401rct6/Drivers/STM32F4xx_HAL_Driver/Inc/stm32f4xx_ll_gpio.h ****                               GPIO HW configuration can be modified afterwards using unitary functi
  77:board/stm32f401rct6/Drivers/STM32F4xx_HAL_Driver/Inc/stm32f4xx_ll_gpio.h **** 
  78:board/stm32f401rct6/Drivers/STM32F4xx_HAL_Driver/Inc/stm32f4xx_ll_gpio.h ****   uint32_t OutputType;   /*!< Specifies the operating output type for the selected pins.
  79:board/stm32f401rct6/Drivers/STM32F4xx_HAL_Driver/Inc/stm32f4xx_ll_gpio.h ****                               This parameter can be a value of @ref GPIO_LL_EC_OUTPUT.
  80:board/stm32f401rct6/Drivers/STM32F4xx_HAL_Driver/Inc/stm32f4xx_ll_gpio.h **** 
  81:board/stm32f401rct6/Drivers/STM32F4xx_HAL_Driver/Inc/stm32f4xx_ll_gpio.h ****                               GPIO HW configuration can be modified afterwards using unitary functi
  82:board/stm32f401rct6/Drivers/STM32F4xx_HAL_Driver/Inc/stm32f4xx_ll_gpio.h **** 
  83:board/stm32f401rct6/Drivers/STM32F4xx_HAL_Driver/Inc/stm32f4xx_ll_gpio.h ****   uint32_t Pull;         /*!< Specifies the operating Pull-up/Pull down for the selected pins.
  84:board/stm32f401rct6/Drivers/STM32F4xx_HAL_Driver/Inc/stm32f4xx_ll_gpio.h ****                               This parameter can be a value of @ref GPIO_LL_EC_PULL.
  85:board/stm32f401rct6/Drivers/STM32F4xx_HAL_Driver/Inc/stm32f4xx_ll_gpio.h **** 
  86:board/stm32f401rct6/Drivers/STM32F4xx_HAL_Driver/Inc/stm32f4xx_ll_gpio.h ****                               GPIO HW configuration can be modified afterwards using unitary functi
  87:board/stm32f401rct6/Drivers/STM32F4xx_HAL_Driver/Inc/stm32f4xx_ll_gpio.h **** 
  88:board/stm32f401rct6/Drivers/STM32F4xx_HAL_Driver/Inc/stm32f4xx_ll_gpio.h ****   uint32_t Alternate;    /*!< Specifies the Peripheral to be connected to the selected pins.
  89:board/stm32f401rct6/Drivers/STM32F4xx_HAL_Driver/Inc/stm32f4xx_ll_gpio.h ****                               This parameter can be a value of @ref GPIO_LL_EC_AF.
  90:board/stm32f401rct6/Drivers/STM32F4xx_HAL_Driver/Inc/stm32f4xx_ll_gpio.h **** 
  91:board/stm32f401rct6/Drivers/STM32F4xx_HAL_Driver/Inc/stm32f4xx_ll_gpio.h ****                               GPIO HW configuration can be modified afterwards using unitary functi
  92:board/stm32f401rct6/Drivers/STM32F4xx_HAL_Driver/Inc/stm32f4xx_ll_gpio.h **** } LL_GPIO_InitTypeDef;
  93:board/stm32f401rct6/Drivers/STM32F4xx_HAL_Driver/Inc/stm32f4xx_ll_gpio.h **** 
  94:board/stm32f401rct6/Drivers/STM32F4xx_HAL_Driver/Inc/stm32f4xx_ll_gpio.h **** /**
  95:board/stm32f401rct6/Drivers/STM32F4xx_HAL_Driver/Inc/stm32f4xx_ll_gpio.h ****   * @}
  96:board/stm32f401rct6/Drivers/STM32F4xx_HAL_Driver/Inc/stm32f4xx_ll_gpio.h ****   */
  97:board/stm32f401rct6/Drivers/STM32F4xx_HAL_Driver/Inc/stm32f4xx_ll_gpio.h **** #endif /* USE_FULL_LL_DRIVER */
  98:board/stm32f401rct6/Drivers/STM32F4xx_HAL_Driver/Inc/stm32f4xx_ll_gpio.h **** 
  99:board/stm32f401rct6/Drivers/STM32F4xx_HAL_Driver/Inc/stm32f4xx_ll_gpio.h **** /* Exported constants --------------------------------------------------------*/
 100:board/stm32f401rct6/Drivers/STM32F4xx_HAL_Driver/Inc/stm32f4xx_ll_gpio.h **** /** @defgroup GPIO_LL_Exported_Constants GPIO Exported Constants
 101:board/stm32f401rct6/Drivers/STM32F4xx_HAL_Driver/Inc/stm32f4xx_ll_gpio.h ****   * @{
 102:board/stm32f401rct6/Drivers/STM32F4xx_HAL_Driver/Inc/stm32f4xx_ll_gpio.h ****   */
 103:board/stm32f401rct6/Drivers/STM32F4xx_HAL_Driver/Inc/stm32f4xx_ll_gpio.h **** 
 104:board/stm32f401rct6/Drivers/STM32F4xx_HAL_Driver/Inc/stm32f4xx_ll_gpio.h **** /** @defgroup GPIO_LL_EC_PIN PIN
 105:board/stm32f401rct6/Drivers/STM32F4xx_HAL_Driver/Inc/stm32f4xx_ll_gpio.h ****   * @{
 106:board/stm32f401rct6/Drivers/STM32F4xx_HAL_Driver/Inc/stm32f4xx_ll_gpio.h ****   */
 107:board/stm32f401rct6/Drivers/STM32F4xx_HAL_Driver/Inc/stm32f4xx_ll_gpio.h **** #define LL_GPIO_PIN_0                      GPIO_BSRR_BS_0 /*!< Select pin 0 */
 108:board/stm32f401rct6/Drivers/STM32F4xx_HAL_Driver/Inc/stm32f4xx_ll_gpio.h **** #define LL_GPIO_PIN_1                      GPIO_BSRR_BS_1 /*!< Select pin 1 */
 109:board/stm32f401rct6/Drivers/STM32F4xx_HAL_Driver/Inc/stm32f4xx_ll_gpio.h **** #define LL_GPIO_PIN_2                      GPIO_BSRR_BS_2 /*!< Select pin 2 */
 110:board/stm32f401rct6/Drivers/STM32F4xx_HAL_Driver/Inc/stm32f4xx_ll_gpio.h **** #define LL_GPIO_PIN_3                      GPIO_BSRR_BS_3 /*!< Select pin 3 */
 111:board/stm32f401rct6/Drivers/STM32F4xx_HAL_Driver/Inc/stm32f4xx_ll_gpio.h **** #define LL_GPIO_PIN_4                      GPIO_BSRR_BS_4 /*!< Select pin 4 */
 112:board/stm32f401rct6/Drivers/STM32F4xx_HAL_Driver/Inc/stm32f4xx_ll_gpio.h **** #define LL_GPIO_PIN_5                      GPIO_BSRR_BS_5 /*!< Select pin 5 */
 113:board/stm32f401rct6/Drivers/STM32F4xx_HAL_Driver/Inc/stm32f4xx_ll_gpio.h **** #define LL_GPIO_PIN_6                      GPIO_BSRR_BS_6 /*!< Select pin 6 */
 114:board/stm32f401rct6/Drivers/STM32F4xx_HAL_Driver/Inc/stm32f4xx_ll_gpio.h **** #define LL_GPIO_PIN_7                      GPIO_BSRR_BS_7 /*!< Select pin 7 */
 115:board/stm32f401rct6/Drivers/STM32F4xx_HAL_Driver/Inc/stm32f4xx_ll_gpio.h **** #define LL_GPIO_PIN_8                      GPIO_BSRR_BS_8 /*!< Select pin 8 */
 116:board/stm32f401rct6/Drivers/STM32F4xx_HAL_Driver/Inc/stm32f4xx_ll_gpio.h **** #define LL_GPIO_PIN_9                      GPIO_BSRR_BS_9 /*!< Select pin 9 */
 117:board/stm32f401rct6/Drivers/STM32F4xx_HAL_Driver/Inc/stm32f4xx_ll_gpio.h **** #define LL_GPIO_PIN_10                     GPIO_BSRR_BS_10 /*!< Select pin 10 */
 118:board/stm32f401rct6/Drivers/STM32F4xx_HAL_Driver/Inc/stm32f4xx_ll_gpio.h **** #define LL_GPIO_PIN_11                     GPIO_BSRR_BS_11 /*!< Select pin 11 */
 119:board/stm32f401rct6/Drivers/STM32F4xx_HAL_Driver/Inc/stm32f4xx_ll_gpio.h **** #define LL_GPIO_PIN_12                     GPIO_BSRR_BS_12 /*!< Select pin 12 */
 120:board/stm32f401rct6/Drivers/STM32F4xx_HAL_Driver/Inc/stm32f4xx_ll_gpio.h **** #define LL_GPIO_PIN_13                     GPIO_BSRR_BS_13 /*!< Select pin 13 */
 121:board/stm32f401rct6/Drivers/STM32F4xx_HAL_Driver/Inc/stm32f4xx_ll_gpio.h **** #define LL_GPIO_PIN_14                     GPIO_BSRR_BS_14 /*!< Select pin 14 */
ARM GAS  C:\Users\Admin\AppData\Local\Temp\ccrDpVnE.s 			page 5


 122:board/stm32f401rct6/Drivers/STM32F4xx_HAL_Driver/Inc/stm32f4xx_ll_gpio.h **** #define LL_GPIO_PIN_15                     GPIO_BSRR_BS_15 /*!< Select pin 15 */
 123:board/stm32f401rct6/Drivers/STM32F4xx_HAL_Driver/Inc/stm32f4xx_ll_gpio.h **** #define LL_GPIO_PIN_ALL                    (GPIO_BSRR_BS_0 | GPIO_BSRR_BS_1  | GPIO_BSRR_BS_2  | \
 124:board/stm32f401rct6/Drivers/STM32F4xx_HAL_Driver/Inc/stm32f4xx_ll_gpio.h ****                                            GPIO_BSRR_BS_3  | GPIO_BSRR_BS_4  | GPIO_BSRR_BS_5  | \
 125:board/stm32f401rct6/Drivers/STM32F4xx_HAL_Driver/Inc/stm32f4xx_ll_gpio.h ****                                            GPIO_BSRR_BS_6  | GPIO_BSRR_BS_7  | GPIO_BSRR_BS_8  | \
 126:board/stm32f401rct6/Drivers/STM32F4xx_HAL_Driver/Inc/stm32f4xx_ll_gpio.h ****                                            GPIO_BSRR_BS_9  | GPIO_BSRR_BS_10 | GPIO_BSRR_BS_11 | \
 127:board/stm32f401rct6/Drivers/STM32F4xx_HAL_Driver/Inc/stm32f4xx_ll_gpio.h ****                                            GPIO_BSRR_BS_12 | GPIO_BSRR_BS_13 | GPIO_BSRR_BS_14 | \
 128:board/stm32f401rct6/Drivers/STM32F4xx_HAL_Driver/Inc/stm32f4xx_ll_gpio.h ****                                            GPIO_BSRR_BS_15) /*!< Select all pins */
 129:board/stm32f401rct6/Drivers/STM32F4xx_HAL_Driver/Inc/stm32f4xx_ll_gpio.h **** /**
 130:board/stm32f401rct6/Drivers/STM32F4xx_HAL_Driver/Inc/stm32f4xx_ll_gpio.h ****   * @}
 131:board/stm32f401rct6/Drivers/STM32F4xx_HAL_Driver/Inc/stm32f4xx_ll_gpio.h ****   */
 132:board/stm32f401rct6/Drivers/STM32F4xx_HAL_Driver/Inc/stm32f4xx_ll_gpio.h **** 
 133:board/stm32f401rct6/Drivers/STM32F4xx_HAL_Driver/Inc/stm32f4xx_ll_gpio.h **** /** @defgroup GPIO_LL_EC_MODE Mode
 134:board/stm32f401rct6/Drivers/STM32F4xx_HAL_Driver/Inc/stm32f4xx_ll_gpio.h ****   * @{
 135:board/stm32f401rct6/Drivers/STM32F4xx_HAL_Driver/Inc/stm32f4xx_ll_gpio.h ****   */
 136:board/stm32f401rct6/Drivers/STM32F4xx_HAL_Driver/Inc/stm32f4xx_ll_gpio.h **** #define LL_GPIO_MODE_INPUT                 (0x00000000U) /*!< Select input mode */
 137:board/stm32f401rct6/Drivers/STM32F4xx_HAL_Driver/Inc/stm32f4xx_ll_gpio.h **** #define LL_GPIO_MODE_OUTPUT                GPIO_MODER_MODER0_0  /*!< Select output mode */
 138:board/stm32f401rct6/Drivers/STM32F4xx_HAL_Driver/Inc/stm32f4xx_ll_gpio.h **** #define LL_GPIO_MODE_ALTERNATE             GPIO_MODER_MODER0_1  /*!< Select alternate function mode
 139:board/stm32f401rct6/Drivers/STM32F4xx_HAL_Driver/Inc/stm32f4xx_ll_gpio.h **** #define LL_GPIO_MODE_ANALOG                GPIO_MODER_MODER0    /*!< Select analog mode */
 140:board/stm32f401rct6/Drivers/STM32F4xx_HAL_Driver/Inc/stm32f4xx_ll_gpio.h **** /**
 141:board/stm32f401rct6/Drivers/STM32F4xx_HAL_Driver/Inc/stm32f4xx_ll_gpio.h ****   * @}
 142:board/stm32f401rct6/Drivers/STM32F4xx_HAL_Driver/Inc/stm32f4xx_ll_gpio.h ****   */
 143:board/stm32f401rct6/Drivers/STM32F4xx_HAL_Driver/Inc/stm32f4xx_ll_gpio.h **** 
 144:board/stm32f401rct6/Drivers/STM32F4xx_HAL_Driver/Inc/stm32f4xx_ll_gpio.h **** /** @defgroup GPIO_LL_EC_OUTPUT Output Type
 145:board/stm32f401rct6/Drivers/STM32F4xx_HAL_Driver/Inc/stm32f4xx_ll_gpio.h ****   * @{
 146:board/stm32f401rct6/Drivers/STM32F4xx_HAL_Driver/Inc/stm32f4xx_ll_gpio.h ****   */
 147:board/stm32f401rct6/Drivers/STM32F4xx_HAL_Driver/Inc/stm32f4xx_ll_gpio.h **** #define LL_GPIO_OUTPUT_PUSHPULL            (0x00000000U) /*!< Select push-pull as output type */
 148:board/stm32f401rct6/Drivers/STM32F4xx_HAL_Driver/Inc/stm32f4xx_ll_gpio.h **** #define LL_GPIO_OUTPUT_OPENDRAIN           GPIO_OTYPER_OT_0 /*!< Select open-drain as output type *
 149:board/stm32f401rct6/Drivers/STM32F4xx_HAL_Driver/Inc/stm32f4xx_ll_gpio.h **** /**
 150:board/stm32f401rct6/Drivers/STM32F4xx_HAL_Driver/Inc/stm32f4xx_ll_gpio.h ****   * @}
 151:board/stm32f401rct6/Drivers/STM32F4xx_HAL_Driver/Inc/stm32f4xx_ll_gpio.h ****   */
 152:board/stm32f401rct6/Drivers/STM32F4xx_HAL_Driver/Inc/stm32f4xx_ll_gpio.h **** 
 153:board/stm32f401rct6/Drivers/STM32F4xx_HAL_Driver/Inc/stm32f4xx_ll_gpio.h **** /** @defgroup GPIO_LL_EC_SPEED Output Speed
 154:board/stm32f401rct6/Drivers/STM32F4xx_HAL_Driver/Inc/stm32f4xx_ll_gpio.h ****   * @{
 155:board/stm32f401rct6/Drivers/STM32F4xx_HAL_Driver/Inc/stm32f4xx_ll_gpio.h ****   */
 156:board/stm32f401rct6/Drivers/STM32F4xx_HAL_Driver/Inc/stm32f4xx_ll_gpio.h **** #define LL_GPIO_SPEED_FREQ_LOW             (0x00000000U) /*!< Select I/O low output speed    */
 157:board/stm32f401rct6/Drivers/STM32F4xx_HAL_Driver/Inc/stm32f4xx_ll_gpio.h **** #define LL_GPIO_SPEED_FREQ_MEDIUM          GPIO_OSPEEDER_OSPEEDR0_0 /*!< Select I/O medium output s
 158:board/stm32f401rct6/Drivers/STM32F4xx_HAL_Driver/Inc/stm32f4xx_ll_gpio.h **** #define LL_GPIO_SPEED_FREQ_HIGH            GPIO_OSPEEDER_OSPEEDR0_1 /*!< Select I/O fast output spe
 159:board/stm32f401rct6/Drivers/STM32F4xx_HAL_Driver/Inc/stm32f4xx_ll_gpio.h **** #define LL_GPIO_SPEED_FREQ_VERY_HIGH       GPIO_OSPEEDER_OSPEEDR0   /*!< Select I/O high output spe
 160:board/stm32f401rct6/Drivers/STM32F4xx_HAL_Driver/Inc/stm32f4xx_ll_gpio.h **** /**
 161:board/stm32f401rct6/Drivers/STM32F4xx_HAL_Driver/Inc/stm32f4xx_ll_gpio.h ****   * @}
 162:board/stm32f401rct6/Drivers/STM32F4xx_HAL_Driver/Inc/stm32f4xx_ll_gpio.h ****   */
 163:board/stm32f401rct6/Drivers/STM32F4xx_HAL_Driver/Inc/stm32f4xx_ll_gpio.h **** 
 164:board/stm32f401rct6/Drivers/STM32F4xx_HAL_Driver/Inc/stm32f4xx_ll_gpio.h **** /** @defgroup GPIO_LL_EC_PULL Pull Up Pull Down
 165:board/stm32f401rct6/Drivers/STM32F4xx_HAL_Driver/Inc/stm32f4xx_ll_gpio.h ****   * @{
 166:board/stm32f401rct6/Drivers/STM32F4xx_HAL_Driver/Inc/stm32f4xx_ll_gpio.h ****   */
 167:board/stm32f401rct6/Drivers/STM32F4xx_HAL_Driver/Inc/stm32f4xx_ll_gpio.h **** #define LL_GPIO_PULL_NO                    (0x00000000U) /*!< Select I/O no pull */
 168:board/stm32f401rct6/Drivers/STM32F4xx_HAL_Driver/Inc/stm32f4xx_ll_gpio.h **** #define LL_GPIO_PULL_UP                    GPIO_PUPDR_PUPDR0_0 /*!< Select I/O pull up */
 169:board/stm32f401rct6/Drivers/STM32F4xx_HAL_Driver/Inc/stm32f4xx_ll_gpio.h **** #define LL_GPIO_PULL_DOWN                  GPIO_PUPDR_PUPDR0_1 /*!< Select I/O pull down */
 170:board/stm32f401rct6/Drivers/STM32F4xx_HAL_Driver/Inc/stm32f4xx_ll_gpio.h **** /**
 171:board/stm32f401rct6/Drivers/STM32F4xx_HAL_Driver/Inc/stm32f4xx_ll_gpio.h ****   * @}
 172:board/stm32f401rct6/Drivers/STM32F4xx_HAL_Driver/Inc/stm32f4xx_ll_gpio.h ****   */
 173:board/stm32f401rct6/Drivers/STM32F4xx_HAL_Driver/Inc/stm32f4xx_ll_gpio.h **** 
 174:board/stm32f401rct6/Drivers/STM32F4xx_HAL_Driver/Inc/stm32f4xx_ll_gpio.h **** /** @defgroup GPIO_LL_EC_AF Alternate Function
 175:board/stm32f401rct6/Drivers/STM32F4xx_HAL_Driver/Inc/stm32f4xx_ll_gpio.h ****   * @{
 176:board/stm32f401rct6/Drivers/STM32F4xx_HAL_Driver/Inc/stm32f4xx_ll_gpio.h ****   */
 177:board/stm32f401rct6/Drivers/STM32F4xx_HAL_Driver/Inc/stm32f4xx_ll_gpio.h **** #define LL_GPIO_AF_0                       (0x0000000U) /*!< Select alternate function 0 */
 178:board/stm32f401rct6/Drivers/STM32F4xx_HAL_Driver/Inc/stm32f4xx_ll_gpio.h **** #define LL_GPIO_AF_1                       (0x0000001U) /*!< Select alternate function 1 */
ARM GAS  C:\Users\Admin\AppData\Local\Temp\ccrDpVnE.s 			page 6


 179:board/stm32f401rct6/Drivers/STM32F4xx_HAL_Driver/Inc/stm32f4xx_ll_gpio.h **** #define LL_GPIO_AF_2                       (0x0000002U) /*!< Select alternate function 2 */
 180:board/stm32f401rct6/Drivers/STM32F4xx_HAL_Driver/Inc/stm32f4xx_ll_gpio.h **** #define LL_GPIO_AF_3                       (0x0000003U) /*!< Select alternate function 3 */
 181:board/stm32f401rct6/Drivers/STM32F4xx_HAL_Driver/Inc/stm32f4xx_ll_gpio.h **** #define LL_GPIO_AF_4                       (0x0000004U) /*!< Select alternate function 4 */
 182:board/stm32f401rct6/Drivers/STM32F4xx_HAL_Driver/Inc/stm32f4xx_ll_gpio.h **** #define LL_GPIO_AF_5                       (0x0000005U) /*!< Select alternate function 5 */
 183:board/stm32f401rct6/Drivers/STM32F4xx_HAL_Driver/Inc/stm32f4xx_ll_gpio.h **** #define LL_GPIO_AF_6                       (0x0000006U) /*!< Select alternate function 6 */
 184:board/stm32f401rct6/Drivers/STM32F4xx_HAL_Driver/Inc/stm32f4xx_ll_gpio.h **** #define LL_GPIO_AF_7                       (0x0000007U) /*!< Select alternate function 7 */
 185:board/stm32f401rct6/Drivers/STM32F4xx_HAL_Driver/Inc/stm32f4xx_ll_gpio.h **** #define LL_GPIO_AF_8                       (0x0000008U) /*!< Select alternate function 8 */
 186:board/stm32f401rct6/Drivers/STM32F4xx_HAL_Driver/Inc/stm32f4xx_ll_gpio.h **** #define LL_GPIO_AF_9                       (0x0000009U) /*!< Select alternate function 9 */
 187:board/stm32f401rct6/Drivers/STM32F4xx_HAL_Driver/Inc/stm32f4xx_ll_gpio.h **** #define LL_GPIO_AF_10                      (0x000000AU) /*!< Select alternate function 10 */
 188:board/stm32f401rct6/Drivers/STM32F4xx_HAL_Driver/Inc/stm32f4xx_ll_gpio.h **** #define LL_GPIO_AF_11                      (0x000000BU) /*!< Select alternate function 11 */
 189:board/stm32f401rct6/Drivers/STM32F4xx_HAL_Driver/Inc/stm32f4xx_ll_gpio.h **** #define LL_GPIO_AF_12                      (0x000000CU) /*!< Select alternate function 12 */
 190:board/stm32f401rct6/Drivers/STM32F4xx_HAL_Driver/Inc/stm32f4xx_ll_gpio.h **** #define LL_GPIO_AF_13                      (0x000000DU) /*!< Select alternate function 13 */
 191:board/stm32f401rct6/Drivers/STM32F4xx_HAL_Driver/Inc/stm32f4xx_ll_gpio.h **** #define LL_GPIO_AF_14                      (0x000000EU) /*!< Select alternate function 14 */
 192:board/stm32f401rct6/Drivers/STM32F4xx_HAL_Driver/Inc/stm32f4xx_ll_gpio.h **** #define LL_GPIO_AF_15                      (0x000000FU) /*!< Select alternate function 15 */
 193:board/stm32f401rct6/Drivers/STM32F4xx_HAL_Driver/Inc/stm32f4xx_ll_gpio.h **** /**
 194:board/stm32f401rct6/Drivers/STM32F4xx_HAL_Driver/Inc/stm32f4xx_ll_gpio.h ****   * @}
 195:board/stm32f401rct6/Drivers/STM32F4xx_HAL_Driver/Inc/stm32f4xx_ll_gpio.h ****   */
 196:board/stm32f401rct6/Drivers/STM32F4xx_HAL_Driver/Inc/stm32f4xx_ll_gpio.h **** 
 197:board/stm32f401rct6/Drivers/STM32F4xx_HAL_Driver/Inc/stm32f4xx_ll_gpio.h **** /**
 198:board/stm32f401rct6/Drivers/STM32F4xx_HAL_Driver/Inc/stm32f4xx_ll_gpio.h ****   * @}
 199:board/stm32f401rct6/Drivers/STM32F4xx_HAL_Driver/Inc/stm32f4xx_ll_gpio.h ****   */
 200:board/stm32f401rct6/Drivers/STM32F4xx_HAL_Driver/Inc/stm32f4xx_ll_gpio.h **** 
 201:board/stm32f401rct6/Drivers/STM32F4xx_HAL_Driver/Inc/stm32f4xx_ll_gpio.h **** /* Exported macro ------------------------------------------------------------*/
 202:board/stm32f401rct6/Drivers/STM32F4xx_HAL_Driver/Inc/stm32f4xx_ll_gpio.h **** /** @defgroup GPIO_LL_Exported_Macros GPIO Exported Macros
 203:board/stm32f401rct6/Drivers/STM32F4xx_HAL_Driver/Inc/stm32f4xx_ll_gpio.h ****   * @{
 204:board/stm32f401rct6/Drivers/STM32F4xx_HAL_Driver/Inc/stm32f4xx_ll_gpio.h ****   */
 205:board/stm32f401rct6/Drivers/STM32F4xx_HAL_Driver/Inc/stm32f4xx_ll_gpio.h **** 
 206:board/stm32f401rct6/Drivers/STM32F4xx_HAL_Driver/Inc/stm32f4xx_ll_gpio.h **** /** @defgroup GPIO_LL_EM_WRITE_READ Common Write and read registers Macros
 207:board/stm32f401rct6/Drivers/STM32F4xx_HAL_Driver/Inc/stm32f4xx_ll_gpio.h ****   * @{
 208:board/stm32f401rct6/Drivers/STM32F4xx_HAL_Driver/Inc/stm32f4xx_ll_gpio.h ****   */
 209:board/stm32f401rct6/Drivers/STM32F4xx_HAL_Driver/Inc/stm32f4xx_ll_gpio.h **** 
 210:board/stm32f401rct6/Drivers/STM32F4xx_HAL_Driver/Inc/stm32f4xx_ll_gpio.h **** /**
 211:board/stm32f401rct6/Drivers/STM32F4xx_HAL_Driver/Inc/stm32f4xx_ll_gpio.h ****   * @brief  Write a value in GPIO register
 212:board/stm32f401rct6/Drivers/STM32F4xx_HAL_Driver/Inc/stm32f4xx_ll_gpio.h ****   * @param  __INSTANCE__ GPIO Instance
 213:board/stm32f401rct6/Drivers/STM32F4xx_HAL_Driver/Inc/stm32f4xx_ll_gpio.h ****   * @param  __REG__ Register to be written
 214:board/stm32f401rct6/Drivers/STM32F4xx_HAL_Driver/Inc/stm32f4xx_ll_gpio.h ****   * @param  __VALUE__ Value to be written in the register
 215:board/stm32f401rct6/Drivers/STM32F4xx_HAL_Driver/Inc/stm32f4xx_ll_gpio.h ****   * @retval None
 216:board/stm32f401rct6/Drivers/STM32F4xx_HAL_Driver/Inc/stm32f4xx_ll_gpio.h ****   */
 217:board/stm32f401rct6/Drivers/STM32F4xx_HAL_Driver/Inc/stm32f4xx_ll_gpio.h **** #define LL_GPIO_WriteReg(__INSTANCE__, __REG__, __VALUE__) WRITE_REG(__INSTANCE__->__REG__, (__VALU
 218:board/stm32f401rct6/Drivers/STM32F4xx_HAL_Driver/Inc/stm32f4xx_ll_gpio.h **** 
 219:board/stm32f401rct6/Drivers/STM32F4xx_HAL_Driver/Inc/stm32f4xx_ll_gpio.h **** /**
 220:board/stm32f401rct6/Drivers/STM32F4xx_HAL_Driver/Inc/stm32f4xx_ll_gpio.h ****   * @brief  Read a value in GPIO register
 221:board/stm32f401rct6/Drivers/STM32F4xx_HAL_Driver/Inc/stm32f4xx_ll_gpio.h ****   * @param  __INSTANCE__ GPIO Instance
 222:board/stm32f401rct6/Drivers/STM32F4xx_HAL_Driver/Inc/stm32f4xx_ll_gpio.h ****   * @param  __REG__ Register to be read
 223:board/stm32f401rct6/Drivers/STM32F4xx_HAL_Driver/Inc/stm32f4xx_ll_gpio.h ****   * @retval Register value
 224:board/stm32f401rct6/Drivers/STM32F4xx_HAL_Driver/Inc/stm32f4xx_ll_gpio.h ****   */
 225:board/stm32f401rct6/Drivers/STM32F4xx_HAL_Driver/Inc/stm32f4xx_ll_gpio.h **** #define LL_GPIO_ReadReg(__INSTANCE__, __REG__) READ_REG(__INSTANCE__->__REG__)
 226:board/stm32f401rct6/Drivers/STM32F4xx_HAL_Driver/Inc/stm32f4xx_ll_gpio.h **** /**
 227:board/stm32f401rct6/Drivers/STM32F4xx_HAL_Driver/Inc/stm32f4xx_ll_gpio.h ****   * @}
 228:board/stm32f401rct6/Drivers/STM32F4xx_HAL_Driver/Inc/stm32f4xx_ll_gpio.h ****   */
 229:board/stm32f401rct6/Drivers/STM32F4xx_HAL_Driver/Inc/stm32f4xx_ll_gpio.h **** 
 230:board/stm32f401rct6/Drivers/STM32F4xx_HAL_Driver/Inc/stm32f4xx_ll_gpio.h **** /**
 231:board/stm32f401rct6/Drivers/STM32F4xx_HAL_Driver/Inc/stm32f4xx_ll_gpio.h ****   * @}
 232:board/stm32f401rct6/Drivers/STM32F4xx_HAL_Driver/Inc/stm32f4xx_ll_gpio.h ****   */
 233:board/stm32f401rct6/Drivers/STM32F4xx_HAL_Driver/Inc/stm32f4xx_ll_gpio.h **** 
 234:board/stm32f401rct6/Drivers/STM32F4xx_HAL_Driver/Inc/stm32f4xx_ll_gpio.h **** /* Exported functions --------------------------------------------------------*/
 235:board/stm32f401rct6/Drivers/STM32F4xx_HAL_Driver/Inc/stm32f4xx_ll_gpio.h **** /** @defgroup GPIO_LL_Exported_Functions GPIO Exported Functions
ARM GAS  C:\Users\Admin\AppData\Local\Temp\ccrDpVnE.s 			page 7


 236:board/stm32f401rct6/Drivers/STM32F4xx_HAL_Driver/Inc/stm32f4xx_ll_gpio.h ****   * @{
 237:board/stm32f401rct6/Drivers/STM32F4xx_HAL_Driver/Inc/stm32f4xx_ll_gpio.h ****   */
 238:board/stm32f401rct6/Drivers/STM32F4xx_HAL_Driver/Inc/stm32f4xx_ll_gpio.h **** 
 239:board/stm32f401rct6/Drivers/STM32F4xx_HAL_Driver/Inc/stm32f4xx_ll_gpio.h **** /** @defgroup GPIO_LL_EF_Port_Configuration Port Configuration
 240:board/stm32f401rct6/Drivers/STM32F4xx_HAL_Driver/Inc/stm32f4xx_ll_gpio.h ****   * @{
 241:board/stm32f401rct6/Drivers/STM32F4xx_HAL_Driver/Inc/stm32f4xx_ll_gpio.h ****   */
 242:board/stm32f401rct6/Drivers/STM32F4xx_HAL_Driver/Inc/stm32f4xx_ll_gpio.h **** 
 243:board/stm32f401rct6/Drivers/STM32F4xx_HAL_Driver/Inc/stm32f4xx_ll_gpio.h **** /**
 244:board/stm32f401rct6/Drivers/STM32F4xx_HAL_Driver/Inc/stm32f4xx_ll_gpio.h ****   * @brief  Configure gpio mode for a dedicated pin on dedicated port.
 245:board/stm32f401rct6/Drivers/STM32F4xx_HAL_Driver/Inc/stm32f4xx_ll_gpio.h ****   * @note   I/O mode can be Input mode, General purpose output, Alternate function mode or Analog.
 246:board/stm32f401rct6/Drivers/STM32F4xx_HAL_Driver/Inc/stm32f4xx_ll_gpio.h ****   * @note   Warning: only one pin can be passed as parameter.
 247:board/stm32f401rct6/Drivers/STM32F4xx_HAL_Driver/Inc/stm32f4xx_ll_gpio.h ****   * @rmtoll MODER        MODEy         LL_GPIO_SetPinMode
 248:board/stm32f401rct6/Drivers/STM32F4xx_HAL_Driver/Inc/stm32f4xx_ll_gpio.h ****   * @param  GPIOx GPIO Port
 249:board/stm32f401rct6/Drivers/STM32F4xx_HAL_Driver/Inc/stm32f4xx_ll_gpio.h ****   * @param  Pin This parameter can be one of the following values:
 250:board/stm32f401rct6/Drivers/STM32F4xx_HAL_Driver/Inc/stm32f4xx_ll_gpio.h ****   *         @arg @ref LL_GPIO_PIN_0
 251:board/stm32f401rct6/Drivers/STM32F4xx_HAL_Driver/Inc/stm32f4xx_ll_gpio.h ****   *         @arg @ref LL_GPIO_PIN_1
 252:board/stm32f401rct6/Drivers/STM32F4xx_HAL_Driver/Inc/stm32f4xx_ll_gpio.h ****   *         @arg @ref LL_GPIO_PIN_2
 253:board/stm32f401rct6/Drivers/STM32F4xx_HAL_Driver/Inc/stm32f4xx_ll_gpio.h ****   *         @arg @ref LL_GPIO_PIN_3
 254:board/stm32f401rct6/Drivers/STM32F4xx_HAL_Driver/Inc/stm32f4xx_ll_gpio.h ****   *         @arg @ref LL_GPIO_PIN_4
 255:board/stm32f401rct6/Drivers/STM32F4xx_HAL_Driver/Inc/stm32f4xx_ll_gpio.h ****   *         @arg @ref LL_GPIO_PIN_5
 256:board/stm32f401rct6/Drivers/STM32F4xx_HAL_Driver/Inc/stm32f4xx_ll_gpio.h ****   *         @arg @ref LL_GPIO_PIN_6
 257:board/stm32f401rct6/Drivers/STM32F4xx_HAL_Driver/Inc/stm32f4xx_ll_gpio.h ****   *         @arg @ref LL_GPIO_PIN_7
 258:board/stm32f401rct6/Drivers/STM32F4xx_HAL_Driver/Inc/stm32f4xx_ll_gpio.h ****   *         @arg @ref LL_GPIO_PIN_8
 259:board/stm32f401rct6/Drivers/STM32F4xx_HAL_Driver/Inc/stm32f4xx_ll_gpio.h ****   *         @arg @ref LL_GPIO_PIN_9
 260:board/stm32f401rct6/Drivers/STM32F4xx_HAL_Driver/Inc/stm32f4xx_ll_gpio.h ****   *         @arg @ref LL_GPIO_PIN_10
 261:board/stm32f401rct6/Drivers/STM32F4xx_HAL_Driver/Inc/stm32f4xx_ll_gpio.h ****   *         @arg @ref LL_GPIO_PIN_11
 262:board/stm32f401rct6/Drivers/STM32F4xx_HAL_Driver/Inc/stm32f4xx_ll_gpio.h ****   *         @arg @ref LL_GPIO_PIN_12
 263:board/stm32f401rct6/Drivers/STM32F4xx_HAL_Driver/Inc/stm32f4xx_ll_gpio.h ****   *         @arg @ref LL_GPIO_PIN_13
 264:board/stm32f401rct6/Drivers/STM32F4xx_HAL_Driver/Inc/stm32f4xx_ll_gpio.h ****   *         @arg @ref LL_GPIO_PIN_14
 265:board/stm32f401rct6/Drivers/STM32F4xx_HAL_Driver/Inc/stm32f4xx_ll_gpio.h ****   *         @arg @ref LL_GPIO_PIN_15
 266:board/stm32f401rct6/Drivers/STM32F4xx_HAL_Driver/Inc/stm32f4xx_ll_gpio.h ****   * @param  Mode This parameter can be one of the following values:
 267:board/stm32f401rct6/Drivers/STM32F4xx_HAL_Driver/Inc/stm32f4xx_ll_gpio.h ****   *         @arg @ref LL_GPIO_MODE_INPUT
 268:board/stm32f401rct6/Drivers/STM32F4xx_HAL_Driver/Inc/stm32f4xx_ll_gpio.h ****   *         @arg @ref LL_GPIO_MODE_OUTPUT
 269:board/stm32f401rct6/Drivers/STM32F4xx_HAL_Driver/Inc/stm32f4xx_ll_gpio.h ****   *         @arg @ref LL_GPIO_MODE_ALTERNATE
 270:board/stm32f401rct6/Drivers/STM32F4xx_HAL_Driver/Inc/stm32f4xx_ll_gpio.h ****   *         @arg @ref LL_GPIO_MODE_ANALOG
 271:board/stm32f401rct6/Drivers/STM32F4xx_HAL_Driver/Inc/stm32f4xx_ll_gpio.h ****   * @retval None
 272:board/stm32f401rct6/Drivers/STM32F4xx_HAL_Driver/Inc/stm32f4xx_ll_gpio.h ****   */
 273:board/stm32f401rct6/Drivers/STM32F4xx_HAL_Driver/Inc/stm32f4xx_ll_gpio.h **** __STATIC_INLINE void LL_GPIO_SetPinMode(GPIO_TypeDef *GPIOx, uint32_t Pin, uint32_t Mode)
 274:board/stm32f401rct6/Drivers/STM32F4xx_HAL_Driver/Inc/stm32f4xx_ll_gpio.h **** {
 275:board/stm32f401rct6/Drivers/STM32F4xx_HAL_Driver/Inc/stm32f4xx_ll_gpio.h ****   MODIFY_REG(GPIOx->MODER, (GPIO_MODER_MODER0 << (POSITION_VAL(Pin) * 2U)), (Mode << (POSITION_VAL(
 276:board/stm32f401rct6/Drivers/STM32F4xx_HAL_Driver/Inc/stm32f4xx_ll_gpio.h **** }
 277:board/stm32f401rct6/Drivers/STM32F4xx_HAL_Driver/Inc/stm32f4xx_ll_gpio.h **** 
 278:board/stm32f401rct6/Drivers/STM32F4xx_HAL_Driver/Inc/stm32f4xx_ll_gpio.h **** /**
 279:board/stm32f401rct6/Drivers/STM32F4xx_HAL_Driver/Inc/stm32f4xx_ll_gpio.h ****   * @brief  Return gpio mode for a dedicated pin on dedicated port.
 280:board/stm32f401rct6/Drivers/STM32F4xx_HAL_Driver/Inc/stm32f4xx_ll_gpio.h ****   * @note   I/O mode can be Input mode, General purpose output, Alternate function mode or Analog.
 281:board/stm32f401rct6/Drivers/STM32F4xx_HAL_Driver/Inc/stm32f4xx_ll_gpio.h ****   * @note   Warning: only one pin can be passed as parameter.
 282:board/stm32f401rct6/Drivers/STM32F4xx_HAL_Driver/Inc/stm32f4xx_ll_gpio.h ****   * @rmtoll MODER        MODEy         LL_GPIO_GetPinMode
 283:board/stm32f401rct6/Drivers/STM32F4xx_HAL_Driver/Inc/stm32f4xx_ll_gpio.h ****   * @param  GPIOx GPIO Port
 284:board/stm32f401rct6/Drivers/STM32F4xx_HAL_Driver/Inc/stm32f4xx_ll_gpio.h ****   * @param  Pin This parameter can be one of the following values:
 285:board/stm32f401rct6/Drivers/STM32F4xx_HAL_Driver/Inc/stm32f4xx_ll_gpio.h ****   *         @arg @ref LL_GPIO_PIN_0
 286:board/stm32f401rct6/Drivers/STM32F4xx_HAL_Driver/Inc/stm32f4xx_ll_gpio.h ****   *         @arg @ref LL_GPIO_PIN_1
 287:board/stm32f401rct6/Drivers/STM32F4xx_HAL_Driver/Inc/stm32f4xx_ll_gpio.h ****   *         @arg @ref LL_GPIO_PIN_2
 288:board/stm32f401rct6/Drivers/STM32F4xx_HAL_Driver/Inc/stm32f4xx_ll_gpio.h ****   *         @arg @ref LL_GPIO_PIN_3
 289:board/stm32f401rct6/Drivers/STM32F4xx_HAL_Driver/Inc/stm32f4xx_ll_gpio.h ****   *         @arg @ref LL_GPIO_PIN_4
 290:board/stm32f401rct6/Drivers/STM32F4xx_HAL_Driver/Inc/stm32f4xx_ll_gpio.h ****   *         @arg @ref LL_GPIO_PIN_5
 291:board/stm32f401rct6/Drivers/STM32F4xx_HAL_Driver/Inc/stm32f4xx_ll_gpio.h ****   *         @arg @ref LL_GPIO_PIN_6
 292:board/stm32f401rct6/Drivers/STM32F4xx_HAL_Driver/Inc/stm32f4xx_ll_gpio.h ****   *         @arg @ref LL_GPIO_PIN_7
ARM GAS  C:\Users\Admin\AppData\Local\Temp\ccrDpVnE.s 			page 8


 293:board/stm32f401rct6/Drivers/STM32F4xx_HAL_Driver/Inc/stm32f4xx_ll_gpio.h ****   *         @arg @ref LL_GPIO_PIN_8
 294:board/stm32f401rct6/Drivers/STM32F4xx_HAL_Driver/Inc/stm32f4xx_ll_gpio.h ****   *         @arg @ref LL_GPIO_PIN_9
 295:board/stm32f401rct6/Drivers/STM32F4xx_HAL_Driver/Inc/stm32f4xx_ll_gpio.h ****   *         @arg @ref LL_GPIO_PIN_10
 296:board/stm32f401rct6/Drivers/STM32F4xx_HAL_Driver/Inc/stm32f4xx_ll_gpio.h ****   *         @arg @ref LL_GPIO_PIN_11
 297:board/stm32f401rct6/Drivers/STM32F4xx_HAL_Driver/Inc/stm32f4xx_ll_gpio.h ****   *         @arg @ref LL_GPIO_PIN_12
 298:board/stm32f401rct6/Drivers/STM32F4xx_HAL_Driver/Inc/stm32f4xx_ll_gpio.h ****   *         @arg @ref LL_GPIO_PIN_13
 299:board/stm32f401rct6/Drivers/STM32F4xx_HAL_Driver/Inc/stm32f4xx_ll_gpio.h ****   *         @arg @ref LL_GPIO_PIN_14
 300:board/stm32f401rct6/Drivers/STM32F4xx_HAL_Driver/Inc/stm32f4xx_ll_gpio.h ****   *         @arg @ref LL_GPIO_PIN_15
 301:board/stm32f401rct6/Drivers/STM32F4xx_HAL_Driver/Inc/stm32f4xx_ll_gpio.h ****   * @retval Returned value can be one of the following values:
 302:board/stm32f401rct6/Drivers/STM32F4xx_HAL_Driver/Inc/stm32f4xx_ll_gpio.h ****   *         @arg @ref LL_GPIO_MODE_INPUT
 303:board/stm32f401rct6/Drivers/STM32F4xx_HAL_Driver/Inc/stm32f4xx_ll_gpio.h ****   *         @arg @ref LL_GPIO_MODE_OUTPUT
 304:board/stm32f401rct6/Drivers/STM32F4xx_HAL_Driver/Inc/stm32f4xx_ll_gpio.h ****   *         @arg @ref LL_GPIO_MODE_ALTERNATE
 305:board/stm32f401rct6/Drivers/STM32F4xx_HAL_Driver/Inc/stm32f4xx_ll_gpio.h ****   *         @arg @ref LL_GPIO_MODE_ANALOG
 306:board/stm32f401rct6/Drivers/STM32F4xx_HAL_Driver/Inc/stm32f4xx_ll_gpio.h ****   */
 307:board/stm32f401rct6/Drivers/STM32F4xx_HAL_Driver/Inc/stm32f4xx_ll_gpio.h **** __STATIC_INLINE uint32_t LL_GPIO_GetPinMode(GPIO_TypeDef *GPIOx, uint32_t Pin)
 308:board/stm32f401rct6/Drivers/STM32F4xx_HAL_Driver/Inc/stm32f4xx_ll_gpio.h **** {
 309:board/stm32f401rct6/Drivers/STM32F4xx_HAL_Driver/Inc/stm32f4xx_ll_gpio.h ****   return (uint32_t)(READ_BIT(GPIOx->MODER,
 310:board/stm32f401rct6/Drivers/STM32F4xx_HAL_Driver/Inc/stm32f4xx_ll_gpio.h ****                              (GPIO_MODER_MODER0 << (POSITION_VAL(Pin) * 2U))) >> (POSITION_VAL(Pin)
 311:board/stm32f401rct6/Drivers/STM32F4xx_HAL_Driver/Inc/stm32f4xx_ll_gpio.h **** }
 312:board/stm32f401rct6/Drivers/STM32F4xx_HAL_Driver/Inc/stm32f4xx_ll_gpio.h **** 
 313:board/stm32f401rct6/Drivers/STM32F4xx_HAL_Driver/Inc/stm32f4xx_ll_gpio.h **** /**
 314:board/stm32f401rct6/Drivers/STM32F4xx_HAL_Driver/Inc/stm32f4xx_ll_gpio.h ****   * @brief  Configure gpio output type for several pins on dedicated port.
 315:board/stm32f401rct6/Drivers/STM32F4xx_HAL_Driver/Inc/stm32f4xx_ll_gpio.h ****   * @note   Output type as to be set when gpio pin is in output or
 316:board/stm32f401rct6/Drivers/STM32F4xx_HAL_Driver/Inc/stm32f4xx_ll_gpio.h ****   *         alternate modes. Possible type are Push-pull or Open-drain.
 317:board/stm32f401rct6/Drivers/STM32F4xx_HAL_Driver/Inc/stm32f4xx_ll_gpio.h ****   * @rmtoll OTYPER       OTy           LL_GPIO_SetPinOutputType
 318:board/stm32f401rct6/Drivers/STM32F4xx_HAL_Driver/Inc/stm32f4xx_ll_gpio.h ****   * @param  GPIOx GPIO Port
 319:board/stm32f401rct6/Drivers/STM32F4xx_HAL_Driver/Inc/stm32f4xx_ll_gpio.h ****   * @param  PinMask This parameter can be a combination of the following values:
 320:board/stm32f401rct6/Drivers/STM32F4xx_HAL_Driver/Inc/stm32f4xx_ll_gpio.h ****   *         @arg @ref LL_GPIO_PIN_0
 321:board/stm32f401rct6/Drivers/STM32F4xx_HAL_Driver/Inc/stm32f4xx_ll_gpio.h ****   *         @arg @ref LL_GPIO_PIN_1
 322:board/stm32f401rct6/Drivers/STM32F4xx_HAL_Driver/Inc/stm32f4xx_ll_gpio.h ****   *         @arg @ref LL_GPIO_PIN_2
 323:board/stm32f401rct6/Drivers/STM32F4xx_HAL_Driver/Inc/stm32f4xx_ll_gpio.h ****   *         @arg @ref LL_GPIO_PIN_3
 324:board/stm32f401rct6/Drivers/STM32F4xx_HAL_Driver/Inc/stm32f4xx_ll_gpio.h ****   *         @arg @ref LL_GPIO_PIN_4
 325:board/stm32f401rct6/Drivers/STM32F4xx_HAL_Driver/Inc/stm32f4xx_ll_gpio.h ****   *         @arg @ref LL_GPIO_PIN_5
 326:board/stm32f401rct6/Drivers/STM32F4xx_HAL_Driver/Inc/stm32f4xx_ll_gpio.h ****   *         @arg @ref LL_GPIO_PIN_6
 327:board/stm32f401rct6/Drivers/STM32F4xx_HAL_Driver/Inc/stm32f4xx_ll_gpio.h ****   *         @arg @ref LL_GPIO_PIN_7
 328:board/stm32f401rct6/Drivers/STM32F4xx_HAL_Driver/Inc/stm32f4xx_ll_gpio.h ****   *         @arg @ref LL_GPIO_PIN_8
 329:board/stm32f401rct6/Drivers/STM32F4xx_HAL_Driver/Inc/stm32f4xx_ll_gpio.h ****   *         @arg @ref LL_GPIO_PIN_9
 330:board/stm32f401rct6/Drivers/STM32F4xx_HAL_Driver/Inc/stm32f4xx_ll_gpio.h ****   *         @arg @ref LL_GPIO_PIN_10
 331:board/stm32f401rct6/Drivers/STM32F4xx_HAL_Driver/Inc/stm32f4xx_ll_gpio.h ****   *         @arg @ref LL_GPIO_PIN_11
 332:board/stm32f401rct6/Drivers/STM32F4xx_HAL_Driver/Inc/stm32f4xx_ll_gpio.h ****   *         @arg @ref LL_GPIO_PIN_12
 333:board/stm32f401rct6/Drivers/STM32F4xx_HAL_Driver/Inc/stm32f4xx_ll_gpio.h ****   *         @arg @ref LL_GPIO_PIN_13
 334:board/stm32f401rct6/Drivers/STM32F4xx_HAL_Driver/Inc/stm32f4xx_ll_gpio.h ****   *         @arg @ref LL_GPIO_PIN_14
 335:board/stm32f401rct6/Drivers/STM32F4xx_HAL_Driver/Inc/stm32f4xx_ll_gpio.h ****   *         @arg @ref LL_GPIO_PIN_15
 336:board/stm32f401rct6/Drivers/STM32F4xx_HAL_Driver/Inc/stm32f4xx_ll_gpio.h ****   *         @arg @ref LL_GPIO_PIN_ALL
 337:board/stm32f401rct6/Drivers/STM32F4xx_HAL_Driver/Inc/stm32f4xx_ll_gpio.h ****   * @param  OutputType This parameter can be one of the following values:
 338:board/stm32f401rct6/Drivers/STM32F4xx_HAL_Driver/Inc/stm32f4xx_ll_gpio.h ****   *         @arg @ref LL_GPIO_OUTPUT_PUSHPULL
 339:board/stm32f401rct6/Drivers/STM32F4xx_HAL_Driver/Inc/stm32f4xx_ll_gpio.h ****   *         @arg @ref LL_GPIO_OUTPUT_OPENDRAIN
 340:board/stm32f401rct6/Drivers/STM32F4xx_HAL_Driver/Inc/stm32f4xx_ll_gpio.h ****   * @retval None
 341:board/stm32f401rct6/Drivers/STM32F4xx_HAL_Driver/Inc/stm32f4xx_ll_gpio.h ****   */
 342:board/stm32f401rct6/Drivers/STM32F4xx_HAL_Driver/Inc/stm32f4xx_ll_gpio.h **** __STATIC_INLINE void LL_GPIO_SetPinOutputType(GPIO_TypeDef *GPIOx, uint32_t PinMask, uint32_t Outpu
 343:board/stm32f401rct6/Drivers/STM32F4xx_HAL_Driver/Inc/stm32f4xx_ll_gpio.h **** {
 344:board/stm32f401rct6/Drivers/STM32F4xx_HAL_Driver/Inc/stm32f4xx_ll_gpio.h ****   MODIFY_REG(GPIOx->OTYPER, PinMask, (PinMask * OutputType));
 345:board/stm32f401rct6/Drivers/STM32F4xx_HAL_Driver/Inc/stm32f4xx_ll_gpio.h **** }
 346:board/stm32f401rct6/Drivers/STM32F4xx_HAL_Driver/Inc/stm32f4xx_ll_gpio.h **** 
 347:board/stm32f401rct6/Drivers/STM32F4xx_HAL_Driver/Inc/stm32f4xx_ll_gpio.h **** /**
 348:board/stm32f401rct6/Drivers/STM32F4xx_HAL_Driver/Inc/stm32f4xx_ll_gpio.h ****   * @brief  Return gpio output type for several pins on dedicated port.
 349:board/stm32f401rct6/Drivers/STM32F4xx_HAL_Driver/Inc/stm32f4xx_ll_gpio.h ****   * @note   Output type as to be set when gpio pin is in output or
ARM GAS  C:\Users\Admin\AppData\Local\Temp\ccrDpVnE.s 			page 9


 350:board/stm32f401rct6/Drivers/STM32F4xx_HAL_Driver/Inc/stm32f4xx_ll_gpio.h ****   *         alternate modes. Possible type are Push-pull or Open-drain.
 351:board/stm32f401rct6/Drivers/STM32F4xx_HAL_Driver/Inc/stm32f4xx_ll_gpio.h ****   * @note   Warning: only one pin can be passed as parameter.
 352:board/stm32f401rct6/Drivers/STM32F4xx_HAL_Driver/Inc/stm32f4xx_ll_gpio.h ****   * @rmtoll OTYPER       OTy           LL_GPIO_GetPinOutputType
 353:board/stm32f401rct6/Drivers/STM32F4xx_HAL_Driver/Inc/stm32f4xx_ll_gpio.h ****   * @param  GPIOx GPIO Port
 354:board/stm32f401rct6/Drivers/STM32F4xx_HAL_Driver/Inc/stm32f4xx_ll_gpio.h ****   * @param  Pin This parameter can be one of the following values:
 355:board/stm32f401rct6/Drivers/STM32F4xx_HAL_Driver/Inc/stm32f4xx_ll_gpio.h ****   *         @arg @ref LL_GPIO_PIN_0
 356:board/stm32f401rct6/Drivers/STM32F4xx_HAL_Driver/Inc/stm32f4xx_ll_gpio.h ****   *         @arg @ref LL_GPIO_PIN_1
 357:board/stm32f401rct6/Drivers/STM32F4xx_HAL_Driver/Inc/stm32f4xx_ll_gpio.h ****   *         @arg @ref LL_GPIO_PIN_2
 358:board/stm32f401rct6/Drivers/STM32F4xx_HAL_Driver/Inc/stm32f4xx_ll_gpio.h ****   *         @arg @ref LL_GPIO_PIN_3
 359:board/stm32f401rct6/Drivers/STM32F4xx_HAL_Driver/Inc/stm32f4xx_ll_gpio.h ****   *         @arg @ref LL_GPIO_PIN_4
 360:board/stm32f401rct6/Drivers/STM32F4xx_HAL_Driver/Inc/stm32f4xx_ll_gpio.h ****   *         @arg @ref LL_GPIO_PIN_5
 361:board/stm32f401rct6/Drivers/STM32F4xx_HAL_Driver/Inc/stm32f4xx_ll_gpio.h ****   *         @arg @ref LL_GPIO_PIN_6
 362:board/stm32f401rct6/Drivers/STM32F4xx_HAL_Driver/Inc/stm32f4xx_ll_gpio.h ****   *         @arg @ref LL_GPIO_PIN_7
 363:board/stm32f401rct6/Drivers/STM32F4xx_HAL_Driver/Inc/stm32f4xx_ll_gpio.h ****   *         @arg @ref LL_GPIO_PIN_8
 364:board/stm32f401rct6/Drivers/STM32F4xx_HAL_Driver/Inc/stm32f4xx_ll_gpio.h ****   *         @arg @ref LL_GPIO_PIN_9
 365:board/stm32f401rct6/Drivers/STM32F4xx_HAL_Driver/Inc/stm32f4xx_ll_gpio.h ****   *         @arg @ref LL_GPIO_PIN_10
 366:board/stm32f401rct6/Drivers/STM32F4xx_HAL_Driver/Inc/stm32f4xx_ll_gpio.h ****   *         @arg @ref LL_GPIO_PIN_11
 367:board/stm32f401rct6/Drivers/STM32F4xx_HAL_Driver/Inc/stm32f4xx_ll_gpio.h ****   *         @arg @ref LL_GPIO_PIN_12
 368:board/stm32f401rct6/Drivers/STM32F4xx_HAL_Driver/Inc/stm32f4xx_ll_gpio.h ****   *         @arg @ref LL_GPIO_PIN_13
 369:board/stm32f401rct6/Drivers/STM32F4xx_HAL_Driver/Inc/stm32f4xx_ll_gpio.h ****   *         @arg @ref LL_GPIO_PIN_14
 370:board/stm32f401rct6/Drivers/STM32F4xx_HAL_Driver/Inc/stm32f4xx_ll_gpio.h ****   *         @arg @ref LL_GPIO_PIN_15
 371:board/stm32f401rct6/Drivers/STM32F4xx_HAL_Driver/Inc/stm32f4xx_ll_gpio.h ****   *         @arg @ref LL_GPIO_PIN_ALL
 372:board/stm32f401rct6/Drivers/STM32F4xx_HAL_Driver/Inc/stm32f4xx_ll_gpio.h ****   * @retval Returned value can be one of the following values:
 373:board/stm32f401rct6/Drivers/STM32F4xx_HAL_Driver/Inc/stm32f4xx_ll_gpio.h ****   *         @arg @ref LL_GPIO_OUTPUT_PUSHPULL
 374:board/stm32f401rct6/Drivers/STM32F4xx_HAL_Driver/Inc/stm32f4xx_ll_gpio.h ****   *         @arg @ref LL_GPIO_OUTPUT_OPENDRAIN
 375:board/stm32f401rct6/Drivers/STM32F4xx_HAL_Driver/Inc/stm32f4xx_ll_gpio.h ****   */
 376:board/stm32f401rct6/Drivers/STM32F4xx_HAL_Driver/Inc/stm32f4xx_ll_gpio.h **** __STATIC_INLINE uint32_t LL_GPIO_GetPinOutputType(GPIO_TypeDef *GPIOx, uint32_t Pin)
 377:board/stm32f401rct6/Drivers/STM32F4xx_HAL_Driver/Inc/stm32f4xx_ll_gpio.h **** {
 378:board/stm32f401rct6/Drivers/STM32F4xx_HAL_Driver/Inc/stm32f4xx_ll_gpio.h ****   return (uint32_t)(READ_BIT(GPIOx->OTYPER, Pin) >> POSITION_VAL(Pin));
 379:board/stm32f401rct6/Drivers/STM32F4xx_HAL_Driver/Inc/stm32f4xx_ll_gpio.h **** }
 380:board/stm32f401rct6/Drivers/STM32F4xx_HAL_Driver/Inc/stm32f4xx_ll_gpio.h **** 
 381:board/stm32f401rct6/Drivers/STM32F4xx_HAL_Driver/Inc/stm32f4xx_ll_gpio.h **** /**
 382:board/stm32f401rct6/Drivers/STM32F4xx_HAL_Driver/Inc/stm32f4xx_ll_gpio.h ****   * @brief  Configure gpio speed for a dedicated pin on dedicated port.
 383:board/stm32f401rct6/Drivers/STM32F4xx_HAL_Driver/Inc/stm32f4xx_ll_gpio.h ****   * @note   I/O speed can be Low, Medium, Fast or High speed.
 384:board/stm32f401rct6/Drivers/STM32F4xx_HAL_Driver/Inc/stm32f4xx_ll_gpio.h ****   * @note   Warning: only one pin can be passed as parameter.
 385:board/stm32f401rct6/Drivers/STM32F4xx_HAL_Driver/Inc/stm32f4xx_ll_gpio.h ****   * @note   Refer to datasheet for frequency specifications and the power
 386:board/stm32f401rct6/Drivers/STM32F4xx_HAL_Driver/Inc/stm32f4xx_ll_gpio.h ****   *         supply and load conditions for each speed.
 387:board/stm32f401rct6/Drivers/STM32F4xx_HAL_Driver/Inc/stm32f4xx_ll_gpio.h ****   * @rmtoll OSPEEDR      OSPEEDy       LL_GPIO_SetPinSpeed
 388:board/stm32f401rct6/Drivers/STM32F4xx_HAL_Driver/Inc/stm32f4xx_ll_gpio.h ****   * @param  GPIOx GPIO Port
 389:board/stm32f401rct6/Drivers/STM32F4xx_HAL_Driver/Inc/stm32f4xx_ll_gpio.h ****   * @param  Pin This parameter can be one of the following values:
 390:board/stm32f401rct6/Drivers/STM32F4xx_HAL_Driver/Inc/stm32f4xx_ll_gpio.h ****   *         @arg @ref LL_GPIO_PIN_0
 391:board/stm32f401rct6/Drivers/STM32F4xx_HAL_Driver/Inc/stm32f4xx_ll_gpio.h ****   *         @arg @ref LL_GPIO_PIN_1
 392:board/stm32f401rct6/Drivers/STM32F4xx_HAL_Driver/Inc/stm32f4xx_ll_gpio.h ****   *         @arg @ref LL_GPIO_PIN_2
 393:board/stm32f401rct6/Drivers/STM32F4xx_HAL_Driver/Inc/stm32f4xx_ll_gpio.h ****   *         @arg @ref LL_GPIO_PIN_3
 394:board/stm32f401rct6/Drivers/STM32F4xx_HAL_Driver/Inc/stm32f4xx_ll_gpio.h ****   *         @arg @ref LL_GPIO_PIN_4
 395:board/stm32f401rct6/Drivers/STM32F4xx_HAL_Driver/Inc/stm32f4xx_ll_gpio.h ****   *         @arg @ref LL_GPIO_PIN_5
 396:board/stm32f401rct6/Drivers/STM32F4xx_HAL_Driver/Inc/stm32f4xx_ll_gpio.h ****   *         @arg @ref LL_GPIO_PIN_6
 397:board/stm32f401rct6/Drivers/STM32F4xx_HAL_Driver/Inc/stm32f4xx_ll_gpio.h ****   *         @arg @ref LL_GPIO_PIN_7
 398:board/stm32f401rct6/Drivers/STM32F4xx_HAL_Driver/Inc/stm32f4xx_ll_gpio.h ****   *         @arg @ref LL_GPIO_PIN_8
 399:board/stm32f401rct6/Drivers/STM32F4xx_HAL_Driver/Inc/stm32f4xx_ll_gpio.h ****   *         @arg @ref LL_GPIO_PIN_9
 400:board/stm32f401rct6/Drivers/STM32F4xx_HAL_Driver/Inc/stm32f4xx_ll_gpio.h ****   *         @arg @ref LL_GPIO_PIN_10
 401:board/stm32f401rct6/Drivers/STM32F4xx_HAL_Driver/Inc/stm32f4xx_ll_gpio.h ****   *         @arg @ref LL_GPIO_PIN_11
 402:board/stm32f401rct6/Drivers/STM32F4xx_HAL_Driver/Inc/stm32f4xx_ll_gpio.h ****   *         @arg @ref LL_GPIO_PIN_12
 403:board/stm32f401rct6/Drivers/STM32F4xx_HAL_Driver/Inc/stm32f4xx_ll_gpio.h ****   *         @arg @ref LL_GPIO_PIN_13
 404:board/stm32f401rct6/Drivers/STM32F4xx_HAL_Driver/Inc/stm32f4xx_ll_gpio.h ****   *         @arg @ref LL_GPIO_PIN_14
 405:board/stm32f401rct6/Drivers/STM32F4xx_HAL_Driver/Inc/stm32f4xx_ll_gpio.h ****   *         @arg @ref LL_GPIO_PIN_15
 406:board/stm32f401rct6/Drivers/STM32F4xx_HAL_Driver/Inc/stm32f4xx_ll_gpio.h ****   * @param  Speed This parameter can be one of the following values:
ARM GAS  C:\Users\Admin\AppData\Local\Temp\ccrDpVnE.s 			page 10


 407:board/stm32f401rct6/Drivers/STM32F4xx_HAL_Driver/Inc/stm32f4xx_ll_gpio.h ****   *         @arg @ref LL_GPIO_SPEED_FREQ_LOW
 408:board/stm32f401rct6/Drivers/STM32F4xx_HAL_Driver/Inc/stm32f4xx_ll_gpio.h ****   *         @arg @ref LL_GPIO_SPEED_FREQ_MEDIUM
 409:board/stm32f401rct6/Drivers/STM32F4xx_HAL_Driver/Inc/stm32f4xx_ll_gpio.h ****   *         @arg @ref LL_GPIO_SPEED_FREQ_HIGH
 410:board/stm32f401rct6/Drivers/STM32F4xx_HAL_Driver/Inc/stm32f4xx_ll_gpio.h ****   *         @arg @ref LL_GPIO_SPEED_FREQ_VERY_HIGH
 411:board/stm32f401rct6/Drivers/STM32F4xx_HAL_Driver/Inc/stm32f4xx_ll_gpio.h ****   * @retval None
 412:board/stm32f401rct6/Drivers/STM32F4xx_HAL_Driver/Inc/stm32f4xx_ll_gpio.h ****   */
 413:board/stm32f401rct6/Drivers/STM32F4xx_HAL_Driver/Inc/stm32f4xx_ll_gpio.h **** __STATIC_INLINE void LL_GPIO_SetPinSpeed(GPIO_TypeDef *GPIOx, uint32_t Pin, uint32_t  Speed)
 414:board/stm32f401rct6/Drivers/STM32F4xx_HAL_Driver/Inc/stm32f4xx_ll_gpio.h **** {
 415:board/stm32f401rct6/Drivers/STM32F4xx_HAL_Driver/Inc/stm32f4xx_ll_gpio.h ****   MODIFY_REG(GPIOx->OSPEEDR, (GPIO_OSPEEDER_OSPEEDR0 << (POSITION_VAL(Pin) * 2U)),
 416:board/stm32f401rct6/Drivers/STM32F4xx_HAL_Driver/Inc/stm32f4xx_ll_gpio.h ****              (Speed << (POSITION_VAL(Pin) * 2U)));
 417:board/stm32f401rct6/Drivers/STM32F4xx_HAL_Driver/Inc/stm32f4xx_ll_gpio.h **** }
 418:board/stm32f401rct6/Drivers/STM32F4xx_HAL_Driver/Inc/stm32f4xx_ll_gpio.h **** 
 419:board/stm32f401rct6/Drivers/STM32F4xx_HAL_Driver/Inc/stm32f4xx_ll_gpio.h **** /**
 420:board/stm32f401rct6/Drivers/STM32F4xx_HAL_Driver/Inc/stm32f4xx_ll_gpio.h ****   * @brief  Return gpio speed for a dedicated pin on dedicated port.
 421:board/stm32f401rct6/Drivers/STM32F4xx_HAL_Driver/Inc/stm32f4xx_ll_gpio.h ****   * @note   I/O speed can be Low, Medium, Fast or High speed.
 422:board/stm32f401rct6/Drivers/STM32F4xx_HAL_Driver/Inc/stm32f4xx_ll_gpio.h ****   * @note   Warning: only one pin can be passed as parameter.
 423:board/stm32f401rct6/Drivers/STM32F4xx_HAL_Driver/Inc/stm32f4xx_ll_gpio.h ****   * @note   Refer to datasheet for frequency specifications and the power
 424:board/stm32f401rct6/Drivers/STM32F4xx_HAL_Driver/Inc/stm32f4xx_ll_gpio.h ****   *         supply and load conditions for each speed.
 425:board/stm32f401rct6/Drivers/STM32F4xx_HAL_Driver/Inc/stm32f4xx_ll_gpio.h ****   * @rmtoll OSPEEDR      OSPEEDy       LL_GPIO_GetPinSpeed
 426:board/stm32f401rct6/Drivers/STM32F4xx_HAL_Driver/Inc/stm32f4xx_ll_gpio.h ****   * @param  GPIOx GPIO Port
 427:board/stm32f401rct6/Drivers/STM32F4xx_HAL_Driver/Inc/stm32f4xx_ll_gpio.h ****   * @param  Pin This parameter can be one of the following values:
 428:board/stm32f401rct6/Drivers/STM32F4xx_HAL_Driver/Inc/stm32f4xx_ll_gpio.h ****   *         @arg @ref LL_GPIO_PIN_0
 429:board/stm32f401rct6/Drivers/STM32F4xx_HAL_Driver/Inc/stm32f4xx_ll_gpio.h ****   *         @arg @ref LL_GPIO_PIN_1
 430:board/stm32f401rct6/Drivers/STM32F4xx_HAL_Driver/Inc/stm32f4xx_ll_gpio.h ****   *         @arg @ref LL_GPIO_PIN_2
 431:board/stm32f401rct6/Drivers/STM32F4xx_HAL_Driver/Inc/stm32f4xx_ll_gpio.h ****   *         @arg @ref LL_GPIO_PIN_3
 432:board/stm32f401rct6/Drivers/STM32F4xx_HAL_Driver/Inc/stm32f4xx_ll_gpio.h ****   *         @arg @ref LL_GPIO_PIN_4
 433:board/stm32f401rct6/Drivers/STM32F4xx_HAL_Driver/Inc/stm32f4xx_ll_gpio.h ****   *         @arg @ref LL_GPIO_PIN_5
 434:board/stm32f401rct6/Drivers/STM32F4xx_HAL_Driver/Inc/stm32f4xx_ll_gpio.h ****   *         @arg @ref LL_GPIO_PIN_6
 435:board/stm32f401rct6/Drivers/STM32F4xx_HAL_Driver/Inc/stm32f4xx_ll_gpio.h ****   *         @arg @ref LL_GPIO_PIN_7
 436:board/stm32f401rct6/Drivers/STM32F4xx_HAL_Driver/Inc/stm32f4xx_ll_gpio.h ****   *         @arg @ref LL_GPIO_PIN_8
 437:board/stm32f401rct6/Drivers/STM32F4xx_HAL_Driver/Inc/stm32f4xx_ll_gpio.h ****   *         @arg @ref LL_GPIO_PIN_9
 438:board/stm32f401rct6/Drivers/STM32F4xx_HAL_Driver/Inc/stm32f4xx_ll_gpio.h ****   *         @arg @ref LL_GPIO_PIN_10
 439:board/stm32f401rct6/Drivers/STM32F4xx_HAL_Driver/Inc/stm32f4xx_ll_gpio.h ****   *         @arg @ref LL_GPIO_PIN_11
 440:board/stm32f401rct6/Drivers/STM32F4xx_HAL_Driver/Inc/stm32f4xx_ll_gpio.h ****   *         @arg @ref LL_GPIO_PIN_12
 441:board/stm32f401rct6/Drivers/STM32F4xx_HAL_Driver/Inc/stm32f4xx_ll_gpio.h ****   *         @arg @ref LL_GPIO_PIN_13
 442:board/stm32f401rct6/Drivers/STM32F4xx_HAL_Driver/Inc/stm32f4xx_ll_gpio.h ****   *         @arg @ref LL_GPIO_PIN_14
 443:board/stm32f401rct6/Drivers/STM32F4xx_HAL_Driver/Inc/stm32f4xx_ll_gpio.h ****   *         @arg @ref LL_GPIO_PIN_15
 444:board/stm32f401rct6/Drivers/STM32F4xx_HAL_Driver/Inc/stm32f4xx_ll_gpio.h ****   * @retval Returned value can be one of the following values:
 445:board/stm32f401rct6/Drivers/STM32F4xx_HAL_Driver/Inc/stm32f4xx_ll_gpio.h ****   *         @arg @ref LL_GPIO_SPEED_FREQ_LOW
 446:board/stm32f401rct6/Drivers/STM32F4xx_HAL_Driver/Inc/stm32f4xx_ll_gpio.h ****   *         @arg @ref LL_GPIO_SPEED_FREQ_MEDIUM
 447:board/stm32f401rct6/Drivers/STM32F4xx_HAL_Driver/Inc/stm32f4xx_ll_gpio.h ****   *         @arg @ref LL_GPIO_SPEED_FREQ_HIGH
 448:board/stm32f401rct6/Drivers/STM32F4xx_HAL_Driver/Inc/stm32f4xx_ll_gpio.h ****   *         @arg @ref LL_GPIO_SPEED_FREQ_VERY_HIGH
 449:board/stm32f401rct6/Drivers/STM32F4xx_HAL_Driver/Inc/stm32f4xx_ll_gpio.h ****   */
 450:board/stm32f401rct6/Drivers/STM32F4xx_HAL_Driver/Inc/stm32f4xx_ll_gpio.h **** __STATIC_INLINE uint32_t LL_GPIO_GetPinSpeed(GPIO_TypeDef *GPIOx, uint32_t Pin)
 451:board/stm32f401rct6/Drivers/STM32F4xx_HAL_Driver/Inc/stm32f4xx_ll_gpio.h **** {
 452:board/stm32f401rct6/Drivers/STM32F4xx_HAL_Driver/Inc/stm32f4xx_ll_gpio.h ****   return (uint32_t)(READ_BIT(GPIOx->OSPEEDR,
 453:board/stm32f401rct6/Drivers/STM32F4xx_HAL_Driver/Inc/stm32f4xx_ll_gpio.h ****                              (GPIO_OSPEEDER_OSPEEDR0 << (POSITION_VAL(Pin) * 2U))) >> (POSITION_VAL
 454:board/stm32f401rct6/Drivers/STM32F4xx_HAL_Driver/Inc/stm32f4xx_ll_gpio.h **** }
 455:board/stm32f401rct6/Drivers/STM32F4xx_HAL_Driver/Inc/stm32f4xx_ll_gpio.h **** 
 456:board/stm32f401rct6/Drivers/STM32F4xx_HAL_Driver/Inc/stm32f4xx_ll_gpio.h **** /**
 457:board/stm32f401rct6/Drivers/STM32F4xx_HAL_Driver/Inc/stm32f4xx_ll_gpio.h ****   * @brief  Configure gpio pull-up or pull-down for a dedicated pin on a dedicated port.
 458:board/stm32f401rct6/Drivers/STM32F4xx_HAL_Driver/Inc/stm32f4xx_ll_gpio.h ****   * @note   Warning: only one pin can be passed as parameter.
 459:board/stm32f401rct6/Drivers/STM32F4xx_HAL_Driver/Inc/stm32f4xx_ll_gpio.h ****   * @rmtoll PUPDR        PUPDy         LL_GPIO_SetPinPull
 460:board/stm32f401rct6/Drivers/STM32F4xx_HAL_Driver/Inc/stm32f4xx_ll_gpio.h ****   * @param  GPIOx GPIO Port
 461:board/stm32f401rct6/Drivers/STM32F4xx_HAL_Driver/Inc/stm32f4xx_ll_gpio.h ****   * @param  Pin This parameter can be one of the following values:
 462:board/stm32f401rct6/Drivers/STM32F4xx_HAL_Driver/Inc/stm32f4xx_ll_gpio.h ****   *         @arg @ref LL_GPIO_PIN_0
 463:board/stm32f401rct6/Drivers/STM32F4xx_HAL_Driver/Inc/stm32f4xx_ll_gpio.h ****   *         @arg @ref LL_GPIO_PIN_1
ARM GAS  C:\Users\Admin\AppData\Local\Temp\ccrDpVnE.s 			page 11


 464:board/stm32f401rct6/Drivers/STM32F4xx_HAL_Driver/Inc/stm32f4xx_ll_gpio.h ****   *         @arg @ref LL_GPIO_PIN_2
 465:board/stm32f401rct6/Drivers/STM32F4xx_HAL_Driver/Inc/stm32f4xx_ll_gpio.h ****   *         @arg @ref LL_GPIO_PIN_3
 466:board/stm32f401rct6/Drivers/STM32F4xx_HAL_Driver/Inc/stm32f4xx_ll_gpio.h ****   *         @arg @ref LL_GPIO_PIN_4
 467:board/stm32f401rct6/Drivers/STM32F4xx_HAL_Driver/Inc/stm32f4xx_ll_gpio.h ****   *         @arg @ref LL_GPIO_PIN_5
 468:board/stm32f401rct6/Drivers/STM32F4xx_HAL_Driver/Inc/stm32f4xx_ll_gpio.h ****   *         @arg @ref LL_GPIO_PIN_6
 469:board/stm32f401rct6/Drivers/STM32F4xx_HAL_Driver/Inc/stm32f4xx_ll_gpio.h ****   *         @arg @ref LL_GPIO_PIN_7
 470:board/stm32f401rct6/Drivers/STM32F4xx_HAL_Driver/Inc/stm32f4xx_ll_gpio.h ****   *         @arg @ref LL_GPIO_PIN_8
 471:board/stm32f401rct6/Drivers/STM32F4xx_HAL_Driver/Inc/stm32f4xx_ll_gpio.h ****   *         @arg @ref LL_GPIO_PIN_9
 472:board/stm32f401rct6/Drivers/STM32F4xx_HAL_Driver/Inc/stm32f4xx_ll_gpio.h ****   *         @arg @ref LL_GPIO_PIN_10
 473:board/stm32f401rct6/Drivers/STM32F4xx_HAL_Driver/Inc/stm32f4xx_ll_gpio.h ****   *         @arg @ref LL_GPIO_PIN_11
 474:board/stm32f401rct6/Drivers/STM32F4xx_HAL_Driver/Inc/stm32f4xx_ll_gpio.h ****   *         @arg @ref LL_GPIO_PIN_12
 475:board/stm32f401rct6/Drivers/STM32F4xx_HAL_Driver/Inc/stm32f4xx_ll_gpio.h ****   *         @arg @ref LL_GPIO_PIN_13
 476:board/stm32f401rct6/Drivers/STM32F4xx_HAL_Driver/Inc/stm32f4xx_ll_gpio.h ****   *         @arg @ref LL_GPIO_PIN_14
 477:board/stm32f401rct6/Drivers/STM32F4xx_HAL_Driver/Inc/stm32f4xx_ll_gpio.h ****   *         @arg @ref LL_GPIO_PIN_15
 478:board/stm32f401rct6/Drivers/STM32F4xx_HAL_Driver/Inc/stm32f4xx_ll_gpio.h ****   * @param  Pull This parameter can be one of the following values:
 479:board/stm32f401rct6/Drivers/STM32F4xx_HAL_Driver/Inc/stm32f4xx_ll_gpio.h ****   *         @arg @ref LL_GPIO_PULL_NO
 480:board/stm32f401rct6/Drivers/STM32F4xx_HAL_Driver/Inc/stm32f4xx_ll_gpio.h ****   *         @arg @ref LL_GPIO_PULL_UP
 481:board/stm32f401rct6/Drivers/STM32F4xx_HAL_Driver/Inc/stm32f4xx_ll_gpio.h ****   *         @arg @ref LL_GPIO_PULL_DOWN
 482:board/stm32f401rct6/Drivers/STM32F4xx_HAL_Driver/Inc/stm32f4xx_ll_gpio.h ****   * @retval None
 483:board/stm32f401rct6/Drivers/STM32F4xx_HAL_Driver/Inc/stm32f4xx_ll_gpio.h ****   */
 484:board/stm32f401rct6/Drivers/STM32F4xx_HAL_Driver/Inc/stm32f4xx_ll_gpio.h **** __STATIC_INLINE void LL_GPIO_SetPinPull(GPIO_TypeDef *GPIOx, uint32_t Pin, uint32_t Pull)
 485:board/stm32f401rct6/Drivers/STM32F4xx_HAL_Driver/Inc/stm32f4xx_ll_gpio.h **** {
 486:board/stm32f401rct6/Drivers/STM32F4xx_HAL_Driver/Inc/stm32f4xx_ll_gpio.h ****   MODIFY_REG(GPIOx->PUPDR, (GPIO_PUPDR_PUPDR0 << (POSITION_VAL(Pin) * 2U)), (Pull << (POSITION_VAL(
 487:board/stm32f401rct6/Drivers/STM32F4xx_HAL_Driver/Inc/stm32f4xx_ll_gpio.h **** }
 488:board/stm32f401rct6/Drivers/STM32F4xx_HAL_Driver/Inc/stm32f4xx_ll_gpio.h **** 
 489:board/stm32f401rct6/Drivers/STM32F4xx_HAL_Driver/Inc/stm32f4xx_ll_gpio.h **** /**
 490:board/stm32f401rct6/Drivers/STM32F4xx_HAL_Driver/Inc/stm32f4xx_ll_gpio.h ****   * @brief  Return gpio pull-up or pull-down for a dedicated pin on a dedicated port
 491:board/stm32f401rct6/Drivers/STM32F4xx_HAL_Driver/Inc/stm32f4xx_ll_gpio.h ****   * @note   Warning: only one pin can be passed as parameter.
 492:board/stm32f401rct6/Drivers/STM32F4xx_HAL_Driver/Inc/stm32f4xx_ll_gpio.h ****   * @rmtoll PUPDR        PUPDy         LL_GPIO_GetPinPull
 493:board/stm32f401rct6/Drivers/STM32F4xx_HAL_Driver/Inc/stm32f4xx_ll_gpio.h ****   * @param  GPIOx GPIO Port
 494:board/stm32f401rct6/Drivers/STM32F4xx_HAL_Driver/Inc/stm32f4xx_ll_gpio.h ****   * @param  Pin This parameter can be one of the following values:
 495:board/stm32f401rct6/Drivers/STM32F4xx_HAL_Driver/Inc/stm32f4xx_ll_gpio.h ****   *         @arg @ref LL_GPIO_PIN_0
 496:board/stm32f401rct6/Drivers/STM32F4xx_HAL_Driver/Inc/stm32f4xx_ll_gpio.h ****   *         @arg @ref LL_GPIO_PIN_1
 497:board/stm32f401rct6/Drivers/STM32F4xx_HAL_Driver/Inc/stm32f4xx_ll_gpio.h ****   *         @arg @ref LL_GPIO_PIN_2
 498:board/stm32f401rct6/Drivers/STM32F4xx_HAL_Driver/Inc/stm32f4xx_ll_gpio.h ****   *         @arg @ref LL_GPIO_PIN_3
 499:board/stm32f401rct6/Drivers/STM32F4xx_HAL_Driver/Inc/stm32f4xx_ll_gpio.h ****   *         @arg @ref LL_GPIO_PIN_4
 500:board/stm32f401rct6/Drivers/STM32F4xx_HAL_Driver/Inc/stm32f4xx_ll_gpio.h ****   *         @arg @ref LL_GPIO_PIN_5
 501:board/stm32f401rct6/Drivers/STM32F4xx_HAL_Driver/Inc/stm32f4xx_ll_gpio.h ****   *         @arg @ref LL_GPIO_PIN_6
 502:board/stm32f401rct6/Drivers/STM32F4xx_HAL_Driver/Inc/stm32f4xx_ll_gpio.h ****   *         @arg @ref LL_GPIO_PIN_7
 503:board/stm32f401rct6/Drivers/STM32F4xx_HAL_Driver/Inc/stm32f4xx_ll_gpio.h ****   *         @arg @ref LL_GPIO_PIN_8
 504:board/stm32f401rct6/Drivers/STM32F4xx_HAL_Driver/Inc/stm32f4xx_ll_gpio.h ****   *         @arg @ref LL_GPIO_PIN_9
 505:board/stm32f401rct6/Drivers/STM32F4xx_HAL_Driver/Inc/stm32f4xx_ll_gpio.h ****   *         @arg @ref LL_GPIO_PIN_10
 506:board/stm32f401rct6/Drivers/STM32F4xx_HAL_Driver/Inc/stm32f4xx_ll_gpio.h ****   *         @arg @ref LL_GPIO_PIN_11
 507:board/stm32f401rct6/Drivers/STM32F4xx_HAL_Driver/Inc/stm32f4xx_ll_gpio.h ****   *         @arg @ref LL_GPIO_PIN_12
 508:board/stm32f401rct6/Drivers/STM32F4xx_HAL_Driver/Inc/stm32f4xx_ll_gpio.h ****   *         @arg @ref LL_GPIO_PIN_13
 509:board/stm32f401rct6/Drivers/STM32F4xx_HAL_Driver/Inc/stm32f4xx_ll_gpio.h ****   *         @arg @ref LL_GPIO_PIN_14
 510:board/stm32f401rct6/Drivers/STM32F4xx_HAL_Driver/Inc/stm32f4xx_ll_gpio.h ****   *         @arg @ref LL_GPIO_PIN_15
 511:board/stm32f401rct6/Drivers/STM32F4xx_HAL_Driver/Inc/stm32f4xx_ll_gpio.h ****   * @retval Returned value can be one of the following values:
 512:board/stm32f401rct6/Drivers/STM32F4xx_HAL_Driver/Inc/stm32f4xx_ll_gpio.h ****   *         @arg @ref LL_GPIO_PULL_NO
 513:board/stm32f401rct6/Drivers/STM32F4xx_HAL_Driver/Inc/stm32f4xx_ll_gpio.h ****   *         @arg @ref LL_GPIO_PULL_UP
 514:board/stm32f401rct6/Drivers/STM32F4xx_HAL_Driver/Inc/stm32f4xx_ll_gpio.h ****   *         @arg @ref LL_GPIO_PULL_DOWN
 515:board/stm32f401rct6/Drivers/STM32F4xx_HAL_Driver/Inc/stm32f4xx_ll_gpio.h ****   */
 516:board/stm32f401rct6/Drivers/STM32F4xx_HAL_Driver/Inc/stm32f4xx_ll_gpio.h **** __STATIC_INLINE uint32_t LL_GPIO_GetPinPull(GPIO_TypeDef *GPIOx, uint32_t Pin)
 517:board/stm32f401rct6/Drivers/STM32F4xx_HAL_Driver/Inc/stm32f4xx_ll_gpio.h **** {
 518:board/stm32f401rct6/Drivers/STM32F4xx_HAL_Driver/Inc/stm32f4xx_ll_gpio.h ****   return (uint32_t)(READ_BIT(GPIOx->PUPDR,
 519:board/stm32f401rct6/Drivers/STM32F4xx_HAL_Driver/Inc/stm32f4xx_ll_gpio.h ****                              (GPIO_PUPDR_PUPDR0 << (POSITION_VAL(Pin) * 2U))) >> (POSITION_VAL(Pin)
 520:board/stm32f401rct6/Drivers/STM32F4xx_HAL_Driver/Inc/stm32f4xx_ll_gpio.h **** }
ARM GAS  C:\Users\Admin\AppData\Local\Temp\ccrDpVnE.s 			page 12


 521:board/stm32f401rct6/Drivers/STM32F4xx_HAL_Driver/Inc/stm32f4xx_ll_gpio.h **** 
 522:board/stm32f401rct6/Drivers/STM32F4xx_HAL_Driver/Inc/stm32f4xx_ll_gpio.h **** /**
 523:board/stm32f401rct6/Drivers/STM32F4xx_HAL_Driver/Inc/stm32f4xx_ll_gpio.h ****   * @brief  Configure gpio alternate function of a dedicated pin from 0 to 7 for a dedicated port.
 524:board/stm32f401rct6/Drivers/STM32F4xx_HAL_Driver/Inc/stm32f4xx_ll_gpio.h ****   * @note   Possible values are from AF0 to AF15 depending on target.
 525:board/stm32f401rct6/Drivers/STM32F4xx_HAL_Driver/Inc/stm32f4xx_ll_gpio.h ****   * @note   Warning: only one pin can be passed as parameter.
 526:board/stm32f401rct6/Drivers/STM32F4xx_HAL_Driver/Inc/stm32f4xx_ll_gpio.h ****   * @rmtoll AFRL         AFSELy        LL_GPIO_SetAFPin_0_7
 527:board/stm32f401rct6/Drivers/STM32F4xx_HAL_Driver/Inc/stm32f4xx_ll_gpio.h ****   * @param  GPIOx GPIO Port
 528:board/stm32f401rct6/Drivers/STM32F4xx_HAL_Driver/Inc/stm32f4xx_ll_gpio.h ****   * @param  Pin This parameter can be one of the following values:
 529:board/stm32f401rct6/Drivers/STM32F4xx_HAL_Driver/Inc/stm32f4xx_ll_gpio.h ****   *         @arg @ref LL_GPIO_PIN_0
 530:board/stm32f401rct6/Drivers/STM32F4xx_HAL_Driver/Inc/stm32f4xx_ll_gpio.h ****   *         @arg @ref LL_GPIO_PIN_1
 531:board/stm32f401rct6/Drivers/STM32F4xx_HAL_Driver/Inc/stm32f4xx_ll_gpio.h ****   *         @arg @ref LL_GPIO_PIN_2
 532:board/stm32f401rct6/Drivers/STM32F4xx_HAL_Driver/Inc/stm32f4xx_ll_gpio.h ****   *         @arg @ref LL_GPIO_PIN_3
 533:board/stm32f401rct6/Drivers/STM32F4xx_HAL_Driver/Inc/stm32f4xx_ll_gpio.h ****   *         @arg @ref LL_GPIO_PIN_4
 534:board/stm32f401rct6/Drivers/STM32F4xx_HAL_Driver/Inc/stm32f4xx_ll_gpio.h ****   *         @arg @ref LL_GPIO_PIN_5
 535:board/stm32f401rct6/Drivers/STM32F4xx_HAL_Driver/Inc/stm32f4xx_ll_gpio.h ****   *         @arg @ref LL_GPIO_PIN_6
 536:board/stm32f401rct6/Drivers/STM32F4xx_HAL_Driver/Inc/stm32f4xx_ll_gpio.h ****   *         @arg @ref LL_GPIO_PIN_7
 537:board/stm32f401rct6/Drivers/STM32F4xx_HAL_Driver/Inc/stm32f4xx_ll_gpio.h ****   * @param  Alternate This parameter can be one of the following values:
 538:board/stm32f401rct6/Drivers/STM32F4xx_HAL_Driver/Inc/stm32f4xx_ll_gpio.h ****   *         @arg @ref LL_GPIO_AF_0
 539:board/stm32f401rct6/Drivers/STM32F4xx_HAL_Driver/Inc/stm32f4xx_ll_gpio.h ****   *         @arg @ref LL_GPIO_AF_1
 540:board/stm32f401rct6/Drivers/STM32F4xx_HAL_Driver/Inc/stm32f4xx_ll_gpio.h ****   *         @arg @ref LL_GPIO_AF_2
 541:board/stm32f401rct6/Drivers/STM32F4xx_HAL_Driver/Inc/stm32f4xx_ll_gpio.h ****   *         @arg @ref LL_GPIO_AF_3
 542:board/stm32f401rct6/Drivers/STM32F4xx_HAL_Driver/Inc/stm32f4xx_ll_gpio.h ****   *         @arg @ref LL_GPIO_AF_4
 543:board/stm32f401rct6/Drivers/STM32F4xx_HAL_Driver/Inc/stm32f4xx_ll_gpio.h ****   *         @arg @ref LL_GPIO_AF_5
 544:board/stm32f401rct6/Drivers/STM32F4xx_HAL_Driver/Inc/stm32f4xx_ll_gpio.h ****   *         @arg @ref LL_GPIO_AF_6
 545:board/stm32f401rct6/Drivers/STM32F4xx_HAL_Driver/Inc/stm32f4xx_ll_gpio.h ****   *         @arg @ref LL_GPIO_AF_7
 546:board/stm32f401rct6/Drivers/STM32F4xx_HAL_Driver/Inc/stm32f4xx_ll_gpio.h ****   *         @arg @ref LL_GPIO_AF_8
 547:board/stm32f401rct6/Drivers/STM32F4xx_HAL_Driver/Inc/stm32f4xx_ll_gpio.h ****   *         @arg @ref LL_GPIO_AF_9
 548:board/stm32f401rct6/Drivers/STM32F4xx_HAL_Driver/Inc/stm32f4xx_ll_gpio.h ****   *         @arg @ref LL_GPIO_AF_10
 549:board/stm32f401rct6/Drivers/STM32F4xx_HAL_Driver/Inc/stm32f4xx_ll_gpio.h ****   *         @arg @ref LL_GPIO_AF_11
 550:board/stm32f401rct6/Drivers/STM32F4xx_HAL_Driver/Inc/stm32f4xx_ll_gpio.h ****   *         @arg @ref LL_GPIO_AF_12
 551:board/stm32f401rct6/Drivers/STM32F4xx_HAL_Driver/Inc/stm32f4xx_ll_gpio.h ****   *         @arg @ref LL_GPIO_AF_13
 552:board/stm32f401rct6/Drivers/STM32F4xx_HAL_Driver/Inc/stm32f4xx_ll_gpio.h ****   *         @arg @ref LL_GPIO_AF_14
 553:board/stm32f401rct6/Drivers/STM32F4xx_HAL_Driver/Inc/stm32f4xx_ll_gpio.h ****   *         @arg @ref LL_GPIO_AF_15
 554:board/stm32f401rct6/Drivers/STM32F4xx_HAL_Driver/Inc/stm32f4xx_ll_gpio.h ****   * @retval None
 555:board/stm32f401rct6/Drivers/STM32F4xx_HAL_Driver/Inc/stm32f4xx_ll_gpio.h ****   */
 556:board/stm32f401rct6/Drivers/STM32F4xx_HAL_Driver/Inc/stm32f4xx_ll_gpio.h **** __STATIC_INLINE void LL_GPIO_SetAFPin_0_7(GPIO_TypeDef *GPIOx, uint32_t Pin, uint32_t Alternate)
 557:board/stm32f401rct6/Drivers/STM32F4xx_HAL_Driver/Inc/stm32f4xx_ll_gpio.h **** {
 558:board/stm32f401rct6/Drivers/STM32F4xx_HAL_Driver/Inc/stm32f4xx_ll_gpio.h ****   MODIFY_REG(GPIOx->AFR[0], (GPIO_AFRL_AFSEL0 << (POSITION_VAL(Pin) * 4U)),
 559:board/stm32f401rct6/Drivers/STM32F4xx_HAL_Driver/Inc/stm32f4xx_ll_gpio.h ****              (Alternate << (POSITION_VAL(Pin) * 4U)));
 560:board/stm32f401rct6/Drivers/STM32F4xx_HAL_Driver/Inc/stm32f4xx_ll_gpio.h **** }
 561:board/stm32f401rct6/Drivers/STM32F4xx_HAL_Driver/Inc/stm32f4xx_ll_gpio.h **** 
 562:board/stm32f401rct6/Drivers/STM32F4xx_HAL_Driver/Inc/stm32f4xx_ll_gpio.h **** /**
 563:board/stm32f401rct6/Drivers/STM32F4xx_HAL_Driver/Inc/stm32f4xx_ll_gpio.h ****   * @brief  Return gpio alternate function of a dedicated pin from 0 to 7 for a dedicated port.
 564:board/stm32f401rct6/Drivers/STM32F4xx_HAL_Driver/Inc/stm32f4xx_ll_gpio.h ****   * @rmtoll AFRL         AFSELy        LL_GPIO_GetAFPin_0_7
 565:board/stm32f401rct6/Drivers/STM32F4xx_HAL_Driver/Inc/stm32f4xx_ll_gpio.h ****   * @param  GPIOx GPIO Port
 566:board/stm32f401rct6/Drivers/STM32F4xx_HAL_Driver/Inc/stm32f4xx_ll_gpio.h ****   * @param  Pin This parameter can be one of the following values:
 567:board/stm32f401rct6/Drivers/STM32F4xx_HAL_Driver/Inc/stm32f4xx_ll_gpio.h ****   *         @arg @ref LL_GPIO_PIN_0
 568:board/stm32f401rct6/Drivers/STM32F4xx_HAL_Driver/Inc/stm32f4xx_ll_gpio.h ****   *         @arg @ref LL_GPIO_PIN_1
 569:board/stm32f401rct6/Drivers/STM32F4xx_HAL_Driver/Inc/stm32f4xx_ll_gpio.h ****   *         @arg @ref LL_GPIO_PIN_2
 570:board/stm32f401rct6/Drivers/STM32F4xx_HAL_Driver/Inc/stm32f4xx_ll_gpio.h ****   *         @arg @ref LL_GPIO_PIN_3
 571:board/stm32f401rct6/Drivers/STM32F4xx_HAL_Driver/Inc/stm32f4xx_ll_gpio.h ****   *         @arg @ref LL_GPIO_PIN_4
 572:board/stm32f401rct6/Drivers/STM32F4xx_HAL_Driver/Inc/stm32f4xx_ll_gpio.h ****   *         @arg @ref LL_GPIO_PIN_5
 573:board/stm32f401rct6/Drivers/STM32F4xx_HAL_Driver/Inc/stm32f4xx_ll_gpio.h ****   *         @arg @ref LL_GPIO_PIN_6
 574:board/stm32f401rct6/Drivers/STM32F4xx_HAL_Driver/Inc/stm32f4xx_ll_gpio.h ****   *         @arg @ref LL_GPIO_PIN_7
 575:board/stm32f401rct6/Drivers/STM32F4xx_HAL_Driver/Inc/stm32f4xx_ll_gpio.h ****   * @retval Returned value can be one of the following values:
 576:board/stm32f401rct6/Drivers/STM32F4xx_HAL_Driver/Inc/stm32f4xx_ll_gpio.h ****   *         @arg @ref LL_GPIO_AF_0
 577:board/stm32f401rct6/Drivers/STM32F4xx_HAL_Driver/Inc/stm32f4xx_ll_gpio.h ****   *         @arg @ref LL_GPIO_AF_1
ARM GAS  C:\Users\Admin\AppData\Local\Temp\ccrDpVnE.s 			page 13


 578:board/stm32f401rct6/Drivers/STM32F4xx_HAL_Driver/Inc/stm32f4xx_ll_gpio.h ****   *         @arg @ref LL_GPIO_AF_2
 579:board/stm32f401rct6/Drivers/STM32F4xx_HAL_Driver/Inc/stm32f4xx_ll_gpio.h ****   *         @arg @ref LL_GPIO_AF_3
 580:board/stm32f401rct6/Drivers/STM32F4xx_HAL_Driver/Inc/stm32f4xx_ll_gpio.h ****   *         @arg @ref LL_GPIO_AF_4
 581:board/stm32f401rct6/Drivers/STM32F4xx_HAL_Driver/Inc/stm32f4xx_ll_gpio.h ****   *         @arg @ref LL_GPIO_AF_5
 582:board/stm32f401rct6/Drivers/STM32F4xx_HAL_Driver/Inc/stm32f4xx_ll_gpio.h ****   *         @arg @ref LL_GPIO_AF_6
 583:board/stm32f401rct6/Drivers/STM32F4xx_HAL_Driver/Inc/stm32f4xx_ll_gpio.h ****   *         @arg @ref LL_GPIO_AF_7
 584:board/stm32f401rct6/Drivers/STM32F4xx_HAL_Driver/Inc/stm32f4xx_ll_gpio.h ****   *         @arg @ref LL_GPIO_AF_8
 585:board/stm32f401rct6/Drivers/STM32F4xx_HAL_Driver/Inc/stm32f4xx_ll_gpio.h ****   *         @arg @ref LL_GPIO_AF_9
 586:board/stm32f401rct6/Drivers/STM32F4xx_HAL_Driver/Inc/stm32f4xx_ll_gpio.h ****   *         @arg @ref LL_GPIO_AF_10
 587:board/stm32f401rct6/Drivers/STM32F4xx_HAL_Driver/Inc/stm32f4xx_ll_gpio.h ****   *         @arg @ref LL_GPIO_AF_11
 588:board/stm32f401rct6/Drivers/STM32F4xx_HAL_Driver/Inc/stm32f4xx_ll_gpio.h ****   *         @arg @ref LL_GPIO_AF_12
 589:board/stm32f401rct6/Drivers/STM32F4xx_HAL_Driver/Inc/stm32f4xx_ll_gpio.h ****   *         @arg @ref LL_GPIO_AF_13
 590:board/stm32f401rct6/Drivers/STM32F4xx_HAL_Driver/Inc/stm32f4xx_ll_gpio.h ****   *         @arg @ref LL_GPIO_AF_14
 591:board/stm32f401rct6/Drivers/STM32F4xx_HAL_Driver/Inc/stm32f4xx_ll_gpio.h ****   *         @arg @ref LL_GPIO_AF_15
 592:board/stm32f401rct6/Drivers/STM32F4xx_HAL_Driver/Inc/stm32f4xx_ll_gpio.h ****   */
 593:board/stm32f401rct6/Drivers/STM32F4xx_HAL_Driver/Inc/stm32f4xx_ll_gpio.h **** __STATIC_INLINE uint32_t LL_GPIO_GetAFPin_0_7(GPIO_TypeDef *GPIOx, uint32_t Pin)
 594:board/stm32f401rct6/Drivers/STM32F4xx_HAL_Driver/Inc/stm32f4xx_ll_gpio.h **** {
 595:board/stm32f401rct6/Drivers/STM32F4xx_HAL_Driver/Inc/stm32f4xx_ll_gpio.h ****   return (uint32_t)(READ_BIT(GPIOx->AFR[0],
 596:board/stm32f401rct6/Drivers/STM32F4xx_HAL_Driver/Inc/stm32f4xx_ll_gpio.h ****                              (GPIO_AFRL_AFSEL0 << (POSITION_VAL(Pin) * 4U))) >> (POSITION_VAL(Pin) 
 597:board/stm32f401rct6/Drivers/STM32F4xx_HAL_Driver/Inc/stm32f4xx_ll_gpio.h **** }
 598:board/stm32f401rct6/Drivers/STM32F4xx_HAL_Driver/Inc/stm32f4xx_ll_gpio.h **** 
 599:board/stm32f401rct6/Drivers/STM32F4xx_HAL_Driver/Inc/stm32f4xx_ll_gpio.h **** /**
 600:board/stm32f401rct6/Drivers/STM32F4xx_HAL_Driver/Inc/stm32f4xx_ll_gpio.h ****   * @brief  Configure gpio alternate function of a dedicated pin from 8 to 15 for a dedicated port.
 601:board/stm32f401rct6/Drivers/STM32F4xx_HAL_Driver/Inc/stm32f4xx_ll_gpio.h ****   * @note   Possible values are from AF0 to AF15 depending on target.
 602:board/stm32f401rct6/Drivers/STM32F4xx_HAL_Driver/Inc/stm32f4xx_ll_gpio.h ****   * @note   Warning: only one pin can be passed as parameter.
 603:board/stm32f401rct6/Drivers/STM32F4xx_HAL_Driver/Inc/stm32f4xx_ll_gpio.h ****   * @rmtoll AFRH         AFSELy        LL_GPIO_SetAFPin_8_15
 604:board/stm32f401rct6/Drivers/STM32F4xx_HAL_Driver/Inc/stm32f4xx_ll_gpio.h ****   * @param  GPIOx GPIO Port
 605:board/stm32f401rct6/Drivers/STM32F4xx_HAL_Driver/Inc/stm32f4xx_ll_gpio.h ****   * @param  Pin This parameter can be one of the following values:
 606:board/stm32f401rct6/Drivers/STM32F4xx_HAL_Driver/Inc/stm32f4xx_ll_gpio.h ****   *         @arg @ref LL_GPIO_PIN_8
 607:board/stm32f401rct6/Drivers/STM32F4xx_HAL_Driver/Inc/stm32f4xx_ll_gpio.h ****   *         @arg @ref LL_GPIO_PIN_9
 608:board/stm32f401rct6/Drivers/STM32F4xx_HAL_Driver/Inc/stm32f4xx_ll_gpio.h ****   *         @arg @ref LL_GPIO_PIN_10
 609:board/stm32f401rct6/Drivers/STM32F4xx_HAL_Driver/Inc/stm32f4xx_ll_gpio.h ****   *         @arg @ref LL_GPIO_PIN_11
 610:board/stm32f401rct6/Drivers/STM32F4xx_HAL_Driver/Inc/stm32f4xx_ll_gpio.h ****   *         @arg @ref LL_GPIO_PIN_12
 611:board/stm32f401rct6/Drivers/STM32F4xx_HAL_Driver/Inc/stm32f4xx_ll_gpio.h ****   *         @arg @ref LL_GPIO_PIN_13
 612:board/stm32f401rct6/Drivers/STM32F4xx_HAL_Driver/Inc/stm32f4xx_ll_gpio.h ****   *         @arg @ref LL_GPIO_PIN_14
 613:board/stm32f401rct6/Drivers/STM32F4xx_HAL_Driver/Inc/stm32f4xx_ll_gpio.h ****   *         @arg @ref LL_GPIO_PIN_15
 614:board/stm32f401rct6/Drivers/STM32F4xx_HAL_Driver/Inc/stm32f4xx_ll_gpio.h ****   * @param  Alternate This parameter can be one of the following values:
 615:board/stm32f401rct6/Drivers/STM32F4xx_HAL_Driver/Inc/stm32f4xx_ll_gpio.h ****   *         @arg @ref LL_GPIO_AF_0
 616:board/stm32f401rct6/Drivers/STM32F4xx_HAL_Driver/Inc/stm32f4xx_ll_gpio.h ****   *         @arg @ref LL_GPIO_AF_1
 617:board/stm32f401rct6/Drivers/STM32F4xx_HAL_Driver/Inc/stm32f4xx_ll_gpio.h ****   *         @arg @ref LL_GPIO_AF_2
 618:board/stm32f401rct6/Drivers/STM32F4xx_HAL_Driver/Inc/stm32f4xx_ll_gpio.h ****   *         @arg @ref LL_GPIO_AF_3
 619:board/stm32f401rct6/Drivers/STM32F4xx_HAL_Driver/Inc/stm32f4xx_ll_gpio.h ****   *         @arg @ref LL_GPIO_AF_4
 620:board/stm32f401rct6/Drivers/STM32F4xx_HAL_Driver/Inc/stm32f4xx_ll_gpio.h ****   *         @arg @ref LL_GPIO_AF_5
 621:board/stm32f401rct6/Drivers/STM32F4xx_HAL_Driver/Inc/stm32f4xx_ll_gpio.h ****   *         @arg @ref LL_GPIO_AF_6
 622:board/stm32f401rct6/Drivers/STM32F4xx_HAL_Driver/Inc/stm32f4xx_ll_gpio.h ****   *         @arg @ref LL_GPIO_AF_7
 623:board/stm32f401rct6/Drivers/STM32F4xx_HAL_Driver/Inc/stm32f4xx_ll_gpio.h ****   *         @arg @ref LL_GPIO_AF_8
 624:board/stm32f401rct6/Drivers/STM32F4xx_HAL_Driver/Inc/stm32f4xx_ll_gpio.h ****   *         @arg @ref LL_GPIO_AF_9
 625:board/stm32f401rct6/Drivers/STM32F4xx_HAL_Driver/Inc/stm32f4xx_ll_gpio.h ****   *         @arg @ref LL_GPIO_AF_10
 626:board/stm32f401rct6/Drivers/STM32F4xx_HAL_Driver/Inc/stm32f4xx_ll_gpio.h ****   *         @arg @ref LL_GPIO_AF_11
 627:board/stm32f401rct6/Drivers/STM32F4xx_HAL_Driver/Inc/stm32f4xx_ll_gpio.h ****   *         @arg @ref LL_GPIO_AF_12
 628:board/stm32f401rct6/Drivers/STM32F4xx_HAL_Driver/Inc/stm32f4xx_ll_gpio.h ****   *         @arg @ref LL_GPIO_AF_13
 629:board/stm32f401rct6/Drivers/STM32F4xx_HAL_Driver/Inc/stm32f4xx_ll_gpio.h ****   *         @arg @ref LL_GPIO_AF_14
 630:board/stm32f401rct6/Drivers/STM32F4xx_HAL_Driver/Inc/stm32f4xx_ll_gpio.h ****   *         @arg @ref LL_GPIO_AF_15
 631:board/stm32f401rct6/Drivers/STM32F4xx_HAL_Driver/Inc/stm32f4xx_ll_gpio.h ****   * @retval None
 632:board/stm32f401rct6/Drivers/STM32F4xx_HAL_Driver/Inc/stm32f4xx_ll_gpio.h ****   */
 633:board/stm32f401rct6/Drivers/STM32F4xx_HAL_Driver/Inc/stm32f4xx_ll_gpio.h **** __STATIC_INLINE void LL_GPIO_SetAFPin_8_15(GPIO_TypeDef *GPIOx, uint32_t Pin, uint32_t Alternate)
 634:board/stm32f401rct6/Drivers/STM32F4xx_HAL_Driver/Inc/stm32f4xx_ll_gpio.h **** {
ARM GAS  C:\Users\Admin\AppData\Local\Temp\ccrDpVnE.s 			page 14


 635:board/stm32f401rct6/Drivers/STM32F4xx_HAL_Driver/Inc/stm32f4xx_ll_gpio.h ****   MODIFY_REG(GPIOx->AFR[1], (GPIO_AFRH_AFSEL8 << (POSITION_VAL(Pin >> 8U) * 4U)),
 636:board/stm32f401rct6/Drivers/STM32F4xx_HAL_Driver/Inc/stm32f4xx_ll_gpio.h ****              (Alternate << (POSITION_VAL(Pin >> 8U) * 4U)));
 637:board/stm32f401rct6/Drivers/STM32F4xx_HAL_Driver/Inc/stm32f4xx_ll_gpio.h **** }
 638:board/stm32f401rct6/Drivers/STM32F4xx_HAL_Driver/Inc/stm32f4xx_ll_gpio.h **** 
 639:board/stm32f401rct6/Drivers/STM32F4xx_HAL_Driver/Inc/stm32f4xx_ll_gpio.h **** /**
 640:board/stm32f401rct6/Drivers/STM32F4xx_HAL_Driver/Inc/stm32f4xx_ll_gpio.h ****   * @brief  Return gpio alternate function of a dedicated pin from 8 to 15 for a dedicated port.
 641:board/stm32f401rct6/Drivers/STM32F4xx_HAL_Driver/Inc/stm32f4xx_ll_gpio.h ****   * @note   Possible values are from AF0 to AF15 depending on target.
 642:board/stm32f401rct6/Drivers/STM32F4xx_HAL_Driver/Inc/stm32f4xx_ll_gpio.h ****   * @rmtoll AFRH         AFSELy        LL_GPIO_GetAFPin_8_15
 643:board/stm32f401rct6/Drivers/STM32F4xx_HAL_Driver/Inc/stm32f4xx_ll_gpio.h ****   * @param  GPIOx GPIO Port
 644:board/stm32f401rct6/Drivers/STM32F4xx_HAL_Driver/Inc/stm32f4xx_ll_gpio.h ****   * @param  Pin This parameter can be one of the following values:
 645:board/stm32f401rct6/Drivers/STM32F4xx_HAL_Driver/Inc/stm32f4xx_ll_gpio.h ****   *         @arg @ref LL_GPIO_PIN_8
 646:board/stm32f401rct6/Drivers/STM32F4xx_HAL_Driver/Inc/stm32f4xx_ll_gpio.h ****   *         @arg @ref LL_GPIO_PIN_9
 647:board/stm32f401rct6/Drivers/STM32F4xx_HAL_Driver/Inc/stm32f4xx_ll_gpio.h ****   *         @arg @ref LL_GPIO_PIN_10
 648:board/stm32f401rct6/Drivers/STM32F4xx_HAL_Driver/Inc/stm32f4xx_ll_gpio.h ****   *         @arg @ref LL_GPIO_PIN_11
 649:board/stm32f401rct6/Drivers/STM32F4xx_HAL_Driver/Inc/stm32f4xx_ll_gpio.h ****   *         @arg @ref LL_GPIO_PIN_12
 650:board/stm32f401rct6/Drivers/STM32F4xx_HAL_Driver/Inc/stm32f4xx_ll_gpio.h ****   *         @arg @ref LL_GPIO_PIN_13
 651:board/stm32f401rct6/Drivers/STM32F4xx_HAL_Driver/Inc/stm32f4xx_ll_gpio.h ****   *         @arg @ref LL_GPIO_PIN_14
 652:board/stm32f401rct6/Drivers/STM32F4xx_HAL_Driver/Inc/stm32f4xx_ll_gpio.h ****   *         @arg @ref LL_GPIO_PIN_15
 653:board/stm32f401rct6/Drivers/STM32F4xx_HAL_Driver/Inc/stm32f4xx_ll_gpio.h ****   * @retval Returned value can be one of the following values:
 654:board/stm32f401rct6/Drivers/STM32F4xx_HAL_Driver/Inc/stm32f4xx_ll_gpio.h ****   *         @arg @ref LL_GPIO_AF_0
 655:board/stm32f401rct6/Drivers/STM32F4xx_HAL_Driver/Inc/stm32f4xx_ll_gpio.h ****   *         @arg @ref LL_GPIO_AF_1
 656:board/stm32f401rct6/Drivers/STM32F4xx_HAL_Driver/Inc/stm32f4xx_ll_gpio.h ****   *         @arg @ref LL_GPIO_AF_2
 657:board/stm32f401rct6/Drivers/STM32F4xx_HAL_Driver/Inc/stm32f4xx_ll_gpio.h ****   *         @arg @ref LL_GPIO_AF_3
 658:board/stm32f401rct6/Drivers/STM32F4xx_HAL_Driver/Inc/stm32f4xx_ll_gpio.h ****   *         @arg @ref LL_GPIO_AF_4
 659:board/stm32f401rct6/Drivers/STM32F4xx_HAL_Driver/Inc/stm32f4xx_ll_gpio.h ****   *         @arg @ref LL_GPIO_AF_5
 660:board/stm32f401rct6/Drivers/STM32F4xx_HAL_Driver/Inc/stm32f4xx_ll_gpio.h ****   *         @arg @ref LL_GPIO_AF_6
 661:board/stm32f401rct6/Drivers/STM32F4xx_HAL_Driver/Inc/stm32f4xx_ll_gpio.h ****   *         @arg @ref LL_GPIO_AF_7
 662:board/stm32f401rct6/Drivers/STM32F4xx_HAL_Driver/Inc/stm32f4xx_ll_gpio.h ****   *         @arg @ref LL_GPIO_AF_8
 663:board/stm32f401rct6/Drivers/STM32F4xx_HAL_Driver/Inc/stm32f4xx_ll_gpio.h ****   *         @arg @ref LL_GPIO_AF_9
 664:board/stm32f401rct6/Drivers/STM32F4xx_HAL_Driver/Inc/stm32f4xx_ll_gpio.h ****   *         @arg @ref LL_GPIO_AF_10
 665:board/stm32f401rct6/Drivers/STM32F4xx_HAL_Driver/Inc/stm32f4xx_ll_gpio.h ****   *         @arg @ref LL_GPIO_AF_11
 666:board/stm32f401rct6/Drivers/STM32F4xx_HAL_Driver/Inc/stm32f4xx_ll_gpio.h ****   *         @arg @ref LL_GPIO_AF_12
 667:board/stm32f401rct6/Drivers/STM32F4xx_HAL_Driver/Inc/stm32f4xx_ll_gpio.h ****   *         @arg @ref LL_GPIO_AF_13
 668:board/stm32f401rct6/Drivers/STM32F4xx_HAL_Driver/Inc/stm32f4xx_ll_gpio.h ****   *         @arg @ref LL_GPIO_AF_14
 669:board/stm32f401rct6/Drivers/STM32F4xx_HAL_Driver/Inc/stm32f4xx_ll_gpio.h ****   *         @arg @ref LL_GPIO_AF_15
 670:board/stm32f401rct6/Drivers/STM32F4xx_HAL_Driver/Inc/stm32f4xx_ll_gpio.h ****   */
 671:board/stm32f401rct6/Drivers/STM32F4xx_HAL_Driver/Inc/stm32f4xx_ll_gpio.h **** __STATIC_INLINE uint32_t LL_GPIO_GetAFPin_8_15(GPIO_TypeDef *GPIOx, uint32_t Pin)
 672:board/stm32f401rct6/Drivers/STM32F4xx_HAL_Driver/Inc/stm32f4xx_ll_gpio.h **** {
 673:board/stm32f401rct6/Drivers/STM32F4xx_HAL_Driver/Inc/stm32f4xx_ll_gpio.h ****   return (uint32_t)(READ_BIT(GPIOx->AFR[1],
 674:board/stm32f401rct6/Drivers/STM32F4xx_HAL_Driver/Inc/stm32f4xx_ll_gpio.h ****                              (GPIO_AFRH_AFSEL8 << (POSITION_VAL(Pin >> 8U) * 4U))) >> (POSITION_VAL
 675:board/stm32f401rct6/Drivers/STM32F4xx_HAL_Driver/Inc/stm32f4xx_ll_gpio.h **** }
 676:board/stm32f401rct6/Drivers/STM32F4xx_HAL_Driver/Inc/stm32f4xx_ll_gpio.h **** 
 677:board/stm32f401rct6/Drivers/STM32F4xx_HAL_Driver/Inc/stm32f4xx_ll_gpio.h **** 
 678:board/stm32f401rct6/Drivers/STM32F4xx_HAL_Driver/Inc/stm32f4xx_ll_gpio.h **** /**
 679:board/stm32f401rct6/Drivers/STM32F4xx_HAL_Driver/Inc/stm32f4xx_ll_gpio.h ****   * @brief  Lock configuration of several pins for a dedicated port.
 680:board/stm32f401rct6/Drivers/STM32F4xx_HAL_Driver/Inc/stm32f4xx_ll_gpio.h ****   * @note   When the lock sequence has been applied on a port bit, the
 681:board/stm32f401rct6/Drivers/STM32F4xx_HAL_Driver/Inc/stm32f4xx_ll_gpio.h ****   *         value of this port bit can no longer be modified until the
 682:board/stm32f401rct6/Drivers/STM32F4xx_HAL_Driver/Inc/stm32f4xx_ll_gpio.h ****   *         next reset.
 683:board/stm32f401rct6/Drivers/STM32F4xx_HAL_Driver/Inc/stm32f4xx_ll_gpio.h ****   * @note   Each lock bit freezes a specific configuration register
 684:board/stm32f401rct6/Drivers/STM32F4xx_HAL_Driver/Inc/stm32f4xx_ll_gpio.h ****   *         (control and alternate function registers).
 685:board/stm32f401rct6/Drivers/STM32F4xx_HAL_Driver/Inc/stm32f4xx_ll_gpio.h ****   * @rmtoll LCKR         LCKK          LL_GPIO_LockPin
 686:board/stm32f401rct6/Drivers/STM32F4xx_HAL_Driver/Inc/stm32f4xx_ll_gpio.h ****   * @param  GPIOx GPIO Port
 687:board/stm32f401rct6/Drivers/STM32F4xx_HAL_Driver/Inc/stm32f4xx_ll_gpio.h ****   * @param  PinMask This parameter can be a combination of the following values:
 688:board/stm32f401rct6/Drivers/STM32F4xx_HAL_Driver/Inc/stm32f4xx_ll_gpio.h ****   *         @arg @ref LL_GPIO_PIN_0
 689:board/stm32f401rct6/Drivers/STM32F4xx_HAL_Driver/Inc/stm32f4xx_ll_gpio.h ****   *         @arg @ref LL_GPIO_PIN_1
 690:board/stm32f401rct6/Drivers/STM32F4xx_HAL_Driver/Inc/stm32f4xx_ll_gpio.h ****   *         @arg @ref LL_GPIO_PIN_2
 691:board/stm32f401rct6/Drivers/STM32F4xx_HAL_Driver/Inc/stm32f4xx_ll_gpio.h ****   *         @arg @ref LL_GPIO_PIN_3
ARM GAS  C:\Users\Admin\AppData\Local\Temp\ccrDpVnE.s 			page 15


 692:board/stm32f401rct6/Drivers/STM32F4xx_HAL_Driver/Inc/stm32f4xx_ll_gpio.h ****   *         @arg @ref LL_GPIO_PIN_4
 693:board/stm32f401rct6/Drivers/STM32F4xx_HAL_Driver/Inc/stm32f4xx_ll_gpio.h ****   *         @arg @ref LL_GPIO_PIN_5
 694:board/stm32f401rct6/Drivers/STM32F4xx_HAL_Driver/Inc/stm32f4xx_ll_gpio.h ****   *         @arg @ref LL_GPIO_PIN_6
 695:board/stm32f401rct6/Drivers/STM32F4xx_HAL_Driver/Inc/stm32f4xx_ll_gpio.h ****   *         @arg @ref LL_GPIO_PIN_7
 696:board/stm32f401rct6/Drivers/STM32F4xx_HAL_Driver/Inc/stm32f4xx_ll_gpio.h ****   *         @arg @ref LL_GPIO_PIN_8
 697:board/stm32f401rct6/Drivers/STM32F4xx_HAL_Driver/Inc/stm32f4xx_ll_gpio.h ****   *         @arg @ref LL_GPIO_PIN_9
 698:board/stm32f401rct6/Drivers/STM32F4xx_HAL_Driver/Inc/stm32f4xx_ll_gpio.h ****   *         @arg @ref LL_GPIO_PIN_10
 699:board/stm32f401rct6/Drivers/STM32F4xx_HAL_Driver/Inc/stm32f4xx_ll_gpio.h ****   *         @arg @ref LL_GPIO_PIN_11
 700:board/stm32f401rct6/Drivers/STM32F4xx_HAL_Driver/Inc/stm32f4xx_ll_gpio.h ****   *         @arg @ref LL_GPIO_PIN_12
 701:board/stm32f401rct6/Drivers/STM32F4xx_HAL_Driver/Inc/stm32f4xx_ll_gpio.h ****   *         @arg @ref LL_GPIO_PIN_13
 702:board/stm32f401rct6/Drivers/STM32F4xx_HAL_Driver/Inc/stm32f4xx_ll_gpio.h ****   *         @arg @ref LL_GPIO_PIN_14
 703:board/stm32f401rct6/Drivers/STM32F4xx_HAL_Driver/Inc/stm32f4xx_ll_gpio.h ****   *         @arg @ref LL_GPIO_PIN_15
 704:board/stm32f401rct6/Drivers/STM32F4xx_HAL_Driver/Inc/stm32f4xx_ll_gpio.h ****   *         @arg @ref LL_GPIO_PIN_ALL
 705:board/stm32f401rct6/Drivers/STM32F4xx_HAL_Driver/Inc/stm32f4xx_ll_gpio.h ****   * @retval None
 706:board/stm32f401rct6/Drivers/STM32F4xx_HAL_Driver/Inc/stm32f4xx_ll_gpio.h ****   */
 707:board/stm32f401rct6/Drivers/STM32F4xx_HAL_Driver/Inc/stm32f4xx_ll_gpio.h **** __STATIC_INLINE void LL_GPIO_LockPin(GPIO_TypeDef *GPIOx, uint32_t PinMask)
 708:board/stm32f401rct6/Drivers/STM32F4xx_HAL_Driver/Inc/stm32f4xx_ll_gpio.h **** {
 709:board/stm32f401rct6/Drivers/STM32F4xx_HAL_Driver/Inc/stm32f4xx_ll_gpio.h ****   __IO uint32_t temp;
 710:board/stm32f401rct6/Drivers/STM32F4xx_HAL_Driver/Inc/stm32f4xx_ll_gpio.h ****   WRITE_REG(GPIOx->LCKR, GPIO_LCKR_LCKK | PinMask);
 711:board/stm32f401rct6/Drivers/STM32F4xx_HAL_Driver/Inc/stm32f4xx_ll_gpio.h ****   WRITE_REG(GPIOx->LCKR, PinMask);
 712:board/stm32f401rct6/Drivers/STM32F4xx_HAL_Driver/Inc/stm32f4xx_ll_gpio.h ****   WRITE_REG(GPIOx->LCKR, GPIO_LCKR_LCKK | PinMask);
 713:board/stm32f401rct6/Drivers/STM32F4xx_HAL_Driver/Inc/stm32f4xx_ll_gpio.h ****   temp = READ_REG(GPIOx->LCKR);
 714:board/stm32f401rct6/Drivers/STM32F4xx_HAL_Driver/Inc/stm32f4xx_ll_gpio.h ****   (void) temp;
 715:board/stm32f401rct6/Drivers/STM32F4xx_HAL_Driver/Inc/stm32f4xx_ll_gpio.h **** }
 716:board/stm32f401rct6/Drivers/STM32F4xx_HAL_Driver/Inc/stm32f4xx_ll_gpio.h **** 
 717:board/stm32f401rct6/Drivers/STM32F4xx_HAL_Driver/Inc/stm32f4xx_ll_gpio.h **** /**
 718:board/stm32f401rct6/Drivers/STM32F4xx_HAL_Driver/Inc/stm32f4xx_ll_gpio.h ****   * @brief  Return 1 if all pins passed as parameter, of a dedicated port, are locked. else Return 
 719:board/stm32f401rct6/Drivers/STM32F4xx_HAL_Driver/Inc/stm32f4xx_ll_gpio.h ****   * @rmtoll LCKR         LCKy          LL_GPIO_IsPinLocked
 720:board/stm32f401rct6/Drivers/STM32F4xx_HAL_Driver/Inc/stm32f4xx_ll_gpio.h ****   * @param  GPIOx GPIO Port
 721:board/stm32f401rct6/Drivers/STM32F4xx_HAL_Driver/Inc/stm32f4xx_ll_gpio.h ****   * @param  PinMask This parameter can be a combination of the following values:
 722:board/stm32f401rct6/Drivers/STM32F4xx_HAL_Driver/Inc/stm32f4xx_ll_gpio.h ****   *         @arg @ref LL_GPIO_PIN_0
 723:board/stm32f401rct6/Drivers/STM32F4xx_HAL_Driver/Inc/stm32f4xx_ll_gpio.h ****   *         @arg @ref LL_GPIO_PIN_1
 724:board/stm32f401rct6/Drivers/STM32F4xx_HAL_Driver/Inc/stm32f4xx_ll_gpio.h ****   *         @arg @ref LL_GPIO_PIN_2
 725:board/stm32f401rct6/Drivers/STM32F4xx_HAL_Driver/Inc/stm32f4xx_ll_gpio.h ****   *         @arg @ref LL_GPIO_PIN_3
 726:board/stm32f401rct6/Drivers/STM32F4xx_HAL_Driver/Inc/stm32f4xx_ll_gpio.h ****   *         @arg @ref LL_GPIO_PIN_4
 727:board/stm32f401rct6/Drivers/STM32F4xx_HAL_Driver/Inc/stm32f4xx_ll_gpio.h ****   *         @arg @ref LL_GPIO_PIN_5
 728:board/stm32f401rct6/Drivers/STM32F4xx_HAL_Driver/Inc/stm32f4xx_ll_gpio.h ****   *         @arg @ref LL_GPIO_PIN_6
 729:board/stm32f401rct6/Drivers/STM32F4xx_HAL_Driver/Inc/stm32f4xx_ll_gpio.h ****   *         @arg @ref LL_GPIO_PIN_7
 730:board/stm32f401rct6/Drivers/STM32F4xx_HAL_Driver/Inc/stm32f4xx_ll_gpio.h ****   *         @arg @ref LL_GPIO_PIN_8
 731:board/stm32f401rct6/Drivers/STM32F4xx_HAL_Driver/Inc/stm32f4xx_ll_gpio.h ****   *         @arg @ref LL_GPIO_PIN_9
 732:board/stm32f401rct6/Drivers/STM32F4xx_HAL_Driver/Inc/stm32f4xx_ll_gpio.h ****   *         @arg @ref LL_GPIO_PIN_10
 733:board/stm32f401rct6/Drivers/STM32F4xx_HAL_Driver/Inc/stm32f4xx_ll_gpio.h ****   *         @arg @ref LL_GPIO_PIN_11
 734:board/stm32f401rct6/Drivers/STM32F4xx_HAL_Driver/Inc/stm32f4xx_ll_gpio.h ****   *         @arg @ref LL_GPIO_PIN_12
 735:board/stm32f401rct6/Drivers/STM32F4xx_HAL_Driver/Inc/stm32f4xx_ll_gpio.h ****   *         @arg @ref LL_GPIO_PIN_13
 736:board/stm32f401rct6/Drivers/STM32F4xx_HAL_Driver/Inc/stm32f4xx_ll_gpio.h ****   *         @arg @ref LL_GPIO_PIN_14
 737:board/stm32f401rct6/Drivers/STM32F4xx_HAL_Driver/Inc/stm32f4xx_ll_gpio.h ****   *         @arg @ref LL_GPIO_PIN_15
 738:board/stm32f401rct6/Drivers/STM32F4xx_HAL_Driver/Inc/stm32f4xx_ll_gpio.h ****   *         @arg @ref LL_GPIO_PIN_ALL
 739:board/stm32f401rct6/Drivers/STM32F4xx_HAL_Driver/Inc/stm32f4xx_ll_gpio.h ****   * @retval State of bit (1 or 0).
 740:board/stm32f401rct6/Drivers/STM32F4xx_HAL_Driver/Inc/stm32f4xx_ll_gpio.h ****   */
 741:board/stm32f401rct6/Drivers/STM32F4xx_HAL_Driver/Inc/stm32f4xx_ll_gpio.h **** __STATIC_INLINE uint32_t LL_GPIO_IsPinLocked(GPIO_TypeDef *GPIOx, uint32_t PinMask)
 742:board/stm32f401rct6/Drivers/STM32F4xx_HAL_Driver/Inc/stm32f4xx_ll_gpio.h **** {
 743:board/stm32f401rct6/Drivers/STM32F4xx_HAL_Driver/Inc/stm32f4xx_ll_gpio.h ****   return (READ_BIT(GPIOx->LCKR, PinMask) == (PinMask));
 744:board/stm32f401rct6/Drivers/STM32F4xx_HAL_Driver/Inc/stm32f4xx_ll_gpio.h **** }
 745:board/stm32f401rct6/Drivers/STM32F4xx_HAL_Driver/Inc/stm32f4xx_ll_gpio.h **** 
 746:board/stm32f401rct6/Drivers/STM32F4xx_HAL_Driver/Inc/stm32f4xx_ll_gpio.h **** /**
 747:board/stm32f401rct6/Drivers/STM32F4xx_HAL_Driver/Inc/stm32f4xx_ll_gpio.h ****   * @brief  Return 1 if one of the pin of a dedicated port is locked. else return 0.
 748:board/stm32f401rct6/Drivers/STM32F4xx_HAL_Driver/Inc/stm32f4xx_ll_gpio.h ****   * @rmtoll LCKR         LCKK          LL_GPIO_IsAnyPinLocked
ARM GAS  C:\Users\Admin\AppData\Local\Temp\ccrDpVnE.s 			page 16


 749:board/stm32f401rct6/Drivers/STM32F4xx_HAL_Driver/Inc/stm32f4xx_ll_gpio.h ****   * @param  GPIOx GPIO Port
 750:board/stm32f401rct6/Drivers/STM32F4xx_HAL_Driver/Inc/stm32f4xx_ll_gpio.h ****   * @retval State of bit (1 or 0).
 751:board/stm32f401rct6/Drivers/STM32F4xx_HAL_Driver/Inc/stm32f4xx_ll_gpio.h ****   */
 752:board/stm32f401rct6/Drivers/STM32F4xx_HAL_Driver/Inc/stm32f4xx_ll_gpio.h **** __STATIC_INLINE uint32_t LL_GPIO_IsAnyPinLocked(GPIO_TypeDef *GPIOx)
 753:board/stm32f401rct6/Drivers/STM32F4xx_HAL_Driver/Inc/stm32f4xx_ll_gpio.h **** {
 754:board/stm32f401rct6/Drivers/STM32F4xx_HAL_Driver/Inc/stm32f4xx_ll_gpio.h ****   return (READ_BIT(GPIOx->LCKR, GPIO_LCKR_LCKK) == (GPIO_LCKR_LCKK));
 755:board/stm32f401rct6/Drivers/STM32F4xx_HAL_Driver/Inc/stm32f4xx_ll_gpio.h **** }
 756:board/stm32f401rct6/Drivers/STM32F4xx_HAL_Driver/Inc/stm32f4xx_ll_gpio.h **** 
 757:board/stm32f401rct6/Drivers/STM32F4xx_HAL_Driver/Inc/stm32f4xx_ll_gpio.h **** /**
 758:board/stm32f401rct6/Drivers/STM32F4xx_HAL_Driver/Inc/stm32f4xx_ll_gpio.h ****   * @}
 759:board/stm32f401rct6/Drivers/STM32F4xx_HAL_Driver/Inc/stm32f4xx_ll_gpio.h ****   */
 760:board/stm32f401rct6/Drivers/STM32F4xx_HAL_Driver/Inc/stm32f4xx_ll_gpio.h **** 
 761:board/stm32f401rct6/Drivers/STM32F4xx_HAL_Driver/Inc/stm32f4xx_ll_gpio.h **** /** @defgroup GPIO_LL_EF_Data_Access Data Access
 762:board/stm32f401rct6/Drivers/STM32F4xx_HAL_Driver/Inc/stm32f4xx_ll_gpio.h ****   * @{
 763:board/stm32f401rct6/Drivers/STM32F4xx_HAL_Driver/Inc/stm32f4xx_ll_gpio.h ****   */
 764:board/stm32f401rct6/Drivers/STM32F4xx_HAL_Driver/Inc/stm32f4xx_ll_gpio.h **** 
 765:board/stm32f401rct6/Drivers/STM32F4xx_HAL_Driver/Inc/stm32f4xx_ll_gpio.h **** /**
 766:board/stm32f401rct6/Drivers/STM32F4xx_HAL_Driver/Inc/stm32f4xx_ll_gpio.h ****   * @brief  Return full input data register value for a dedicated port.
 767:board/stm32f401rct6/Drivers/STM32F4xx_HAL_Driver/Inc/stm32f4xx_ll_gpio.h ****   * @rmtoll IDR          IDy           LL_GPIO_ReadInputPort
 768:board/stm32f401rct6/Drivers/STM32F4xx_HAL_Driver/Inc/stm32f4xx_ll_gpio.h ****   * @param  GPIOx GPIO Port
 769:board/stm32f401rct6/Drivers/STM32F4xx_HAL_Driver/Inc/stm32f4xx_ll_gpio.h ****   * @retval Input data register value of port
 770:board/stm32f401rct6/Drivers/STM32F4xx_HAL_Driver/Inc/stm32f4xx_ll_gpio.h ****   */
 771:board/stm32f401rct6/Drivers/STM32F4xx_HAL_Driver/Inc/stm32f4xx_ll_gpio.h **** __STATIC_INLINE uint32_t LL_GPIO_ReadInputPort(GPIO_TypeDef *GPIOx)
 772:board/stm32f401rct6/Drivers/STM32F4xx_HAL_Driver/Inc/stm32f4xx_ll_gpio.h **** {
 773:board/stm32f401rct6/Drivers/STM32F4xx_HAL_Driver/Inc/stm32f4xx_ll_gpio.h ****   return (uint32_t)(READ_REG(GPIOx->IDR));
 774:board/stm32f401rct6/Drivers/STM32F4xx_HAL_Driver/Inc/stm32f4xx_ll_gpio.h **** }
 775:board/stm32f401rct6/Drivers/STM32F4xx_HAL_Driver/Inc/stm32f4xx_ll_gpio.h **** 
 776:board/stm32f401rct6/Drivers/STM32F4xx_HAL_Driver/Inc/stm32f4xx_ll_gpio.h **** /**
 777:board/stm32f401rct6/Drivers/STM32F4xx_HAL_Driver/Inc/stm32f4xx_ll_gpio.h ****   * @brief  Return if input data level for several pins of dedicated port is high or low.
 778:board/stm32f401rct6/Drivers/STM32F4xx_HAL_Driver/Inc/stm32f4xx_ll_gpio.h ****   * @rmtoll IDR          IDy           LL_GPIO_IsInputPinSet
 779:board/stm32f401rct6/Drivers/STM32F4xx_HAL_Driver/Inc/stm32f4xx_ll_gpio.h ****   * @param  GPIOx GPIO Port
 780:board/stm32f401rct6/Drivers/STM32F4xx_HAL_Driver/Inc/stm32f4xx_ll_gpio.h ****   * @param  PinMask This parameter can be a combination of the following values:
 781:board/stm32f401rct6/Drivers/STM32F4xx_HAL_Driver/Inc/stm32f4xx_ll_gpio.h ****   *         @arg @ref LL_GPIO_PIN_0
 782:board/stm32f401rct6/Drivers/STM32F4xx_HAL_Driver/Inc/stm32f4xx_ll_gpio.h ****   *         @arg @ref LL_GPIO_PIN_1
 783:board/stm32f401rct6/Drivers/STM32F4xx_HAL_Driver/Inc/stm32f4xx_ll_gpio.h ****   *         @arg @ref LL_GPIO_PIN_2
 784:board/stm32f401rct6/Drivers/STM32F4xx_HAL_Driver/Inc/stm32f4xx_ll_gpio.h ****   *         @arg @ref LL_GPIO_PIN_3
 785:board/stm32f401rct6/Drivers/STM32F4xx_HAL_Driver/Inc/stm32f4xx_ll_gpio.h ****   *         @arg @ref LL_GPIO_PIN_4
 786:board/stm32f401rct6/Drivers/STM32F4xx_HAL_Driver/Inc/stm32f4xx_ll_gpio.h ****   *         @arg @ref LL_GPIO_PIN_5
 787:board/stm32f401rct6/Drivers/STM32F4xx_HAL_Driver/Inc/stm32f4xx_ll_gpio.h ****   *         @arg @ref LL_GPIO_PIN_6
 788:board/stm32f401rct6/Drivers/STM32F4xx_HAL_Driver/Inc/stm32f4xx_ll_gpio.h ****   *         @arg @ref LL_GPIO_PIN_7
 789:board/stm32f401rct6/Drivers/STM32F4xx_HAL_Driver/Inc/stm32f4xx_ll_gpio.h ****   *         @arg @ref LL_GPIO_PIN_8
 790:board/stm32f401rct6/Drivers/STM32F4xx_HAL_Driver/Inc/stm32f4xx_ll_gpio.h ****   *         @arg @ref LL_GPIO_PIN_9
 791:board/stm32f401rct6/Drivers/STM32F4xx_HAL_Driver/Inc/stm32f4xx_ll_gpio.h ****   *         @arg @ref LL_GPIO_PIN_10
 792:board/stm32f401rct6/Drivers/STM32F4xx_HAL_Driver/Inc/stm32f4xx_ll_gpio.h ****   *         @arg @ref LL_GPIO_PIN_11
 793:board/stm32f401rct6/Drivers/STM32F4xx_HAL_Driver/Inc/stm32f4xx_ll_gpio.h ****   *         @arg @ref LL_GPIO_PIN_12
 794:board/stm32f401rct6/Drivers/STM32F4xx_HAL_Driver/Inc/stm32f4xx_ll_gpio.h ****   *         @arg @ref LL_GPIO_PIN_13
 795:board/stm32f401rct6/Drivers/STM32F4xx_HAL_Driver/Inc/stm32f4xx_ll_gpio.h ****   *         @arg @ref LL_GPIO_PIN_14
 796:board/stm32f401rct6/Drivers/STM32F4xx_HAL_Driver/Inc/stm32f4xx_ll_gpio.h ****   *         @arg @ref LL_GPIO_PIN_15
 797:board/stm32f401rct6/Drivers/STM32F4xx_HAL_Driver/Inc/stm32f4xx_ll_gpio.h ****   *         @arg @ref LL_GPIO_PIN_ALL
 798:board/stm32f401rct6/Drivers/STM32F4xx_HAL_Driver/Inc/stm32f4xx_ll_gpio.h ****   * @retval State of bit (1 or 0).
 799:board/stm32f401rct6/Drivers/STM32F4xx_HAL_Driver/Inc/stm32f4xx_ll_gpio.h ****   */
 800:board/stm32f401rct6/Drivers/STM32F4xx_HAL_Driver/Inc/stm32f4xx_ll_gpio.h **** __STATIC_INLINE uint32_t LL_GPIO_IsInputPinSet(GPIO_TypeDef *GPIOx, uint32_t PinMask)
 801:board/stm32f401rct6/Drivers/STM32F4xx_HAL_Driver/Inc/stm32f4xx_ll_gpio.h **** {
 802:board/stm32f401rct6/Drivers/STM32F4xx_HAL_Driver/Inc/stm32f4xx_ll_gpio.h ****   return (READ_BIT(GPIOx->IDR, PinMask) == (PinMask));
 803:board/stm32f401rct6/Drivers/STM32F4xx_HAL_Driver/Inc/stm32f4xx_ll_gpio.h **** }
 804:board/stm32f401rct6/Drivers/STM32F4xx_HAL_Driver/Inc/stm32f4xx_ll_gpio.h **** 
 805:board/stm32f401rct6/Drivers/STM32F4xx_HAL_Driver/Inc/stm32f4xx_ll_gpio.h **** /**
ARM GAS  C:\Users\Admin\AppData\Local\Temp\ccrDpVnE.s 			page 17


 806:board/stm32f401rct6/Drivers/STM32F4xx_HAL_Driver/Inc/stm32f4xx_ll_gpio.h ****   * @brief  Write output data register for the port.
 807:board/stm32f401rct6/Drivers/STM32F4xx_HAL_Driver/Inc/stm32f4xx_ll_gpio.h ****   * @rmtoll ODR          ODy           LL_GPIO_WriteOutputPort
 808:board/stm32f401rct6/Drivers/STM32F4xx_HAL_Driver/Inc/stm32f4xx_ll_gpio.h ****   * @param  GPIOx GPIO Port
 809:board/stm32f401rct6/Drivers/STM32F4xx_HAL_Driver/Inc/stm32f4xx_ll_gpio.h ****   * @param  PortValue Level value for each pin of the port
 810:board/stm32f401rct6/Drivers/STM32F4xx_HAL_Driver/Inc/stm32f4xx_ll_gpio.h ****   * @retval None
 811:board/stm32f401rct6/Drivers/STM32F4xx_HAL_Driver/Inc/stm32f4xx_ll_gpio.h ****   */
 812:board/stm32f401rct6/Drivers/STM32F4xx_HAL_Driver/Inc/stm32f4xx_ll_gpio.h **** __STATIC_INLINE void LL_GPIO_WriteOutputPort(GPIO_TypeDef *GPIOx, uint32_t PortValue)
 813:board/stm32f401rct6/Drivers/STM32F4xx_HAL_Driver/Inc/stm32f4xx_ll_gpio.h **** {
 814:board/stm32f401rct6/Drivers/STM32F4xx_HAL_Driver/Inc/stm32f4xx_ll_gpio.h ****   WRITE_REG(GPIOx->ODR, PortValue);
 815:board/stm32f401rct6/Drivers/STM32F4xx_HAL_Driver/Inc/stm32f4xx_ll_gpio.h **** }
 816:board/stm32f401rct6/Drivers/STM32F4xx_HAL_Driver/Inc/stm32f4xx_ll_gpio.h **** 
 817:board/stm32f401rct6/Drivers/STM32F4xx_HAL_Driver/Inc/stm32f4xx_ll_gpio.h **** /**
 818:board/stm32f401rct6/Drivers/STM32F4xx_HAL_Driver/Inc/stm32f4xx_ll_gpio.h ****   * @brief  Return full output data register value for a dedicated port.
 819:board/stm32f401rct6/Drivers/STM32F4xx_HAL_Driver/Inc/stm32f4xx_ll_gpio.h ****   * @rmtoll ODR          ODy           LL_GPIO_ReadOutputPort
 820:board/stm32f401rct6/Drivers/STM32F4xx_HAL_Driver/Inc/stm32f4xx_ll_gpio.h ****   * @param  GPIOx GPIO Port
 821:board/stm32f401rct6/Drivers/STM32F4xx_HAL_Driver/Inc/stm32f4xx_ll_gpio.h ****   * @retval Output data register value of port
 822:board/stm32f401rct6/Drivers/STM32F4xx_HAL_Driver/Inc/stm32f4xx_ll_gpio.h ****   */
 823:board/stm32f401rct6/Drivers/STM32F4xx_HAL_Driver/Inc/stm32f4xx_ll_gpio.h **** __STATIC_INLINE uint32_t LL_GPIO_ReadOutputPort(GPIO_TypeDef *GPIOx)
 824:board/stm32f401rct6/Drivers/STM32F4xx_HAL_Driver/Inc/stm32f4xx_ll_gpio.h **** {
 825:board/stm32f401rct6/Drivers/STM32F4xx_HAL_Driver/Inc/stm32f4xx_ll_gpio.h ****   return (uint32_t)(READ_REG(GPIOx->ODR));
 826:board/stm32f401rct6/Drivers/STM32F4xx_HAL_Driver/Inc/stm32f4xx_ll_gpio.h **** }
 827:board/stm32f401rct6/Drivers/STM32F4xx_HAL_Driver/Inc/stm32f4xx_ll_gpio.h **** 
 828:board/stm32f401rct6/Drivers/STM32F4xx_HAL_Driver/Inc/stm32f4xx_ll_gpio.h **** /**
 829:board/stm32f401rct6/Drivers/STM32F4xx_HAL_Driver/Inc/stm32f4xx_ll_gpio.h ****   * @brief  Return if input data level for several pins of dedicated port is high or low.
 830:board/stm32f401rct6/Drivers/STM32F4xx_HAL_Driver/Inc/stm32f4xx_ll_gpio.h ****   * @rmtoll ODR          ODy           LL_GPIO_IsOutputPinSet
 831:board/stm32f401rct6/Drivers/STM32F4xx_HAL_Driver/Inc/stm32f4xx_ll_gpio.h ****   * @param  GPIOx GPIO Port
 832:board/stm32f401rct6/Drivers/STM32F4xx_HAL_Driver/Inc/stm32f4xx_ll_gpio.h ****   * @param  PinMask This parameter can be a combination of the following values:
 833:board/stm32f401rct6/Drivers/STM32F4xx_HAL_Driver/Inc/stm32f4xx_ll_gpio.h ****   *         @arg @ref LL_GPIO_PIN_0
 834:board/stm32f401rct6/Drivers/STM32F4xx_HAL_Driver/Inc/stm32f4xx_ll_gpio.h ****   *         @arg @ref LL_GPIO_PIN_1
 835:board/stm32f401rct6/Drivers/STM32F4xx_HAL_Driver/Inc/stm32f4xx_ll_gpio.h ****   *         @arg @ref LL_GPIO_PIN_2
 836:board/stm32f401rct6/Drivers/STM32F4xx_HAL_Driver/Inc/stm32f4xx_ll_gpio.h ****   *         @arg @ref LL_GPIO_PIN_3
 837:board/stm32f401rct6/Drivers/STM32F4xx_HAL_Driver/Inc/stm32f4xx_ll_gpio.h ****   *         @arg @ref LL_GPIO_PIN_4
 838:board/stm32f401rct6/Drivers/STM32F4xx_HAL_Driver/Inc/stm32f4xx_ll_gpio.h ****   *         @arg @ref LL_GPIO_PIN_5
 839:board/stm32f401rct6/Drivers/STM32F4xx_HAL_Driver/Inc/stm32f4xx_ll_gpio.h ****   *         @arg @ref LL_GPIO_PIN_6
 840:board/stm32f401rct6/Drivers/STM32F4xx_HAL_Driver/Inc/stm32f4xx_ll_gpio.h ****   *         @arg @ref LL_GPIO_PIN_7
 841:board/stm32f401rct6/Drivers/STM32F4xx_HAL_Driver/Inc/stm32f4xx_ll_gpio.h ****   *         @arg @ref LL_GPIO_PIN_8
 842:board/stm32f401rct6/Drivers/STM32F4xx_HAL_Driver/Inc/stm32f4xx_ll_gpio.h ****   *         @arg @ref LL_GPIO_PIN_9
 843:board/stm32f401rct6/Drivers/STM32F4xx_HAL_Driver/Inc/stm32f4xx_ll_gpio.h ****   *         @arg @ref LL_GPIO_PIN_10
 844:board/stm32f401rct6/Drivers/STM32F4xx_HAL_Driver/Inc/stm32f4xx_ll_gpio.h ****   *         @arg @ref LL_GPIO_PIN_11
 845:board/stm32f401rct6/Drivers/STM32F4xx_HAL_Driver/Inc/stm32f4xx_ll_gpio.h ****   *         @arg @ref LL_GPIO_PIN_12
 846:board/stm32f401rct6/Drivers/STM32F4xx_HAL_Driver/Inc/stm32f4xx_ll_gpio.h ****   *         @arg @ref LL_GPIO_PIN_13
 847:board/stm32f401rct6/Drivers/STM32F4xx_HAL_Driver/Inc/stm32f4xx_ll_gpio.h ****   *         @arg @ref LL_GPIO_PIN_14
 848:board/stm32f401rct6/Drivers/STM32F4xx_HAL_Driver/Inc/stm32f4xx_ll_gpio.h ****   *         @arg @ref LL_GPIO_PIN_15
 849:board/stm32f401rct6/Drivers/STM32F4xx_HAL_Driver/Inc/stm32f4xx_ll_gpio.h ****   *         @arg @ref LL_GPIO_PIN_ALL
 850:board/stm32f401rct6/Drivers/STM32F4xx_HAL_Driver/Inc/stm32f4xx_ll_gpio.h ****   * @retval State of bit (1 or 0).
 851:board/stm32f401rct6/Drivers/STM32F4xx_HAL_Driver/Inc/stm32f4xx_ll_gpio.h ****   */
 852:board/stm32f401rct6/Drivers/STM32F4xx_HAL_Driver/Inc/stm32f4xx_ll_gpio.h **** __STATIC_INLINE uint32_t LL_GPIO_IsOutputPinSet(GPIO_TypeDef *GPIOx, uint32_t PinMask)
 853:board/stm32f401rct6/Drivers/STM32F4xx_HAL_Driver/Inc/stm32f4xx_ll_gpio.h **** {
 854:board/stm32f401rct6/Drivers/STM32F4xx_HAL_Driver/Inc/stm32f4xx_ll_gpio.h ****   return (READ_BIT(GPIOx->ODR, PinMask) == (PinMask));
 855:board/stm32f401rct6/Drivers/STM32F4xx_HAL_Driver/Inc/stm32f4xx_ll_gpio.h **** }
 856:board/stm32f401rct6/Drivers/STM32F4xx_HAL_Driver/Inc/stm32f4xx_ll_gpio.h **** 
 857:board/stm32f401rct6/Drivers/STM32F4xx_HAL_Driver/Inc/stm32f4xx_ll_gpio.h **** /**
 858:board/stm32f401rct6/Drivers/STM32F4xx_HAL_Driver/Inc/stm32f4xx_ll_gpio.h ****   * @brief  Set several pins to high level on dedicated gpio port.
 859:board/stm32f401rct6/Drivers/STM32F4xx_HAL_Driver/Inc/stm32f4xx_ll_gpio.h ****   * @rmtoll BSRR         BSy           LL_GPIO_SetOutputPin
 860:board/stm32f401rct6/Drivers/STM32F4xx_HAL_Driver/Inc/stm32f4xx_ll_gpio.h ****   * @param  GPIOx GPIO Port
 861:board/stm32f401rct6/Drivers/STM32F4xx_HAL_Driver/Inc/stm32f4xx_ll_gpio.h ****   * @param  PinMask This parameter can be a combination of the following values:
 862:board/stm32f401rct6/Drivers/STM32F4xx_HAL_Driver/Inc/stm32f4xx_ll_gpio.h ****   *         @arg @ref LL_GPIO_PIN_0
ARM GAS  C:\Users\Admin\AppData\Local\Temp\ccrDpVnE.s 			page 18


 863:board/stm32f401rct6/Drivers/STM32F4xx_HAL_Driver/Inc/stm32f4xx_ll_gpio.h ****   *         @arg @ref LL_GPIO_PIN_1
 864:board/stm32f401rct6/Drivers/STM32F4xx_HAL_Driver/Inc/stm32f4xx_ll_gpio.h ****   *         @arg @ref LL_GPIO_PIN_2
 865:board/stm32f401rct6/Drivers/STM32F4xx_HAL_Driver/Inc/stm32f4xx_ll_gpio.h ****   *         @arg @ref LL_GPIO_PIN_3
 866:board/stm32f401rct6/Drivers/STM32F4xx_HAL_Driver/Inc/stm32f4xx_ll_gpio.h ****   *         @arg @ref LL_GPIO_PIN_4
 867:board/stm32f401rct6/Drivers/STM32F4xx_HAL_Driver/Inc/stm32f4xx_ll_gpio.h ****   *         @arg @ref LL_GPIO_PIN_5
 868:board/stm32f401rct6/Drivers/STM32F4xx_HAL_Driver/Inc/stm32f4xx_ll_gpio.h ****   *         @arg @ref LL_GPIO_PIN_6
 869:board/stm32f401rct6/Drivers/STM32F4xx_HAL_Driver/Inc/stm32f4xx_ll_gpio.h ****   *         @arg @ref LL_GPIO_PIN_7
 870:board/stm32f401rct6/Drivers/STM32F4xx_HAL_Driver/Inc/stm32f4xx_ll_gpio.h ****   *         @arg @ref LL_GPIO_PIN_8
 871:board/stm32f401rct6/Drivers/STM32F4xx_HAL_Driver/Inc/stm32f4xx_ll_gpio.h ****   *         @arg @ref LL_GPIO_PIN_9
 872:board/stm32f401rct6/Drivers/STM32F4xx_HAL_Driver/Inc/stm32f4xx_ll_gpio.h ****   *         @arg @ref LL_GPIO_PIN_10
 873:board/stm32f401rct6/Drivers/STM32F4xx_HAL_Driver/Inc/stm32f4xx_ll_gpio.h ****   *         @arg @ref LL_GPIO_PIN_11
 874:board/stm32f401rct6/Drivers/STM32F4xx_HAL_Driver/Inc/stm32f4xx_ll_gpio.h ****   *         @arg @ref LL_GPIO_PIN_12
 875:board/stm32f401rct6/Drivers/STM32F4xx_HAL_Driver/Inc/stm32f4xx_ll_gpio.h ****   *         @arg @ref LL_GPIO_PIN_13
 876:board/stm32f401rct6/Drivers/STM32F4xx_HAL_Driver/Inc/stm32f4xx_ll_gpio.h ****   *         @arg @ref LL_GPIO_PIN_14
 877:board/stm32f401rct6/Drivers/STM32F4xx_HAL_Driver/Inc/stm32f4xx_ll_gpio.h ****   *         @arg @ref LL_GPIO_PIN_15
 878:board/stm32f401rct6/Drivers/STM32F4xx_HAL_Driver/Inc/stm32f4xx_ll_gpio.h ****   *         @arg @ref LL_GPIO_PIN_ALL
 879:board/stm32f401rct6/Drivers/STM32F4xx_HAL_Driver/Inc/stm32f4xx_ll_gpio.h ****   * @retval None
 880:board/stm32f401rct6/Drivers/STM32F4xx_HAL_Driver/Inc/stm32f4xx_ll_gpio.h ****   */
 881:board/stm32f401rct6/Drivers/STM32F4xx_HAL_Driver/Inc/stm32f4xx_ll_gpio.h **** __STATIC_INLINE void LL_GPIO_SetOutputPin(GPIO_TypeDef *GPIOx, uint32_t PinMask)
  38              		.loc 2 881 22 view .LVU2
  39              	.LBB60:
 882:board/stm32f401rct6/Drivers/STM32F4xx_HAL_Driver/Inc/stm32f4xx_ll_gpio.h **** {
 883:board/stm32f401rct6/Drivers/STM32F4xx_HAL_Driver/Inc/stm32f4xx_ll_gpio.h ****   WRITE_REG(GPIOx->BSRR, PinMask);
  40              		.loc 2 883 3 view .LVU3
  41 0000 134B     		ldr	r3, .L8
  42 0002 1022     		movs	r2, #16
  43 0004 9A61     		str	r2, [r3, #24]
 884:board/stm32f401rct6/Drivers/STM32F4xx_HAL_Driver/Inc/stm32f4xx_ll_gpio.h **** }
  44              		.loc 2 884 1 is_stmt 0 view .LVU4
  45 0006 0122     		movs	r2, #1
  46 0008 07E0     		b	.L2
  47              	.LVL1:
  48              	.L4:
  49              		.loc 2 884 1 view .LVU5
  50              	.LBE60:
  51              	.LBE59:
  52              	.LBB61:
  53              	.LBB62:
  54              		.file 3 "board/stm32f401rct6/Core/Extension/delay_hardware.h"
   1:board/stm32f401rct6/Core/Extension/delay_hardware.h **** /*
   2:board/stm32f401rct6/Core/Extension/delay_hardware.h ****  * delay_hardware.h
   3:board/stm32f401rct6/Core/Extension/delay_hardware.h ****  *
   4:board/stm32f401rct6/Core/Extension/delay_hardware.h ****  *  Created on: Jan 17, 2025
   5:board/stm32f401rct6/Core/Extension/delay_hardware.h ****  *      Author: vanlo
   6:board/stm32f401rct6/Core/Extension/delay_hardware.h ****  */
   7:board/stm32f401rct6/Core/Extension/delay_hardware.h **** 
   8:board/stm32f401rct6/Core/Extension/delay_hardware.h **** #ifndef BOARD_STM32F411CEUX_BOARD_CORE_EXTENSION_DELAY_HARDWARE_H_
   9:board/stm32f401rct6/Core/Extension/delay_hardware.h **** #define BOARD_STM32F411CEUX_BOARD_CORE_EXTENSION_DELAY_HARDWARE_H_
  10:board/stm32f401rct6/Core/Extension/delay_hardware.h **** 
  11:board/stm32f401rct6/Core/Extension/delay_hardware.h **** #include "tim.h"
  12:board/stm32f401rct6/Core/Extension/delay_hardware.h **** #include "main.h"
  13:board/stm32f401rct6/Core/Extension/delay_hardware.h **** 
  14:board/stm32f401rct6/Core/Extension/delay_hardware.h **** #define DELAY_TIMER				TIM4
  15:board/stm32f401rct6/Core/Extension/delay_hardware.h **** // SysTick_Handler function will be called every 1 us
  16:board/stm32f401rct6/Core/Extension/delay_hardware.h **** static inline void delay_hardware_init_ex(){
  17:board/stm32f401rct6/Core/Extension/delay_hardware.h **** 
  18:board/stm32f401rct6/Core/Extension/delay_hardware.h **** 	DELAY_TIMER->PSC = SYS_CLOCK/1000000 - 1;
ARM GAS  C:\Users\Admin\AppData\Local\Temp\ccrDpVnE.s 			page 19


  19:board/stm32f401rct6/Core/Extension/delay_hardware.h **** 	LL_TIM_EnableCounter(DELAY_TIMER);
  20:board/stm32f401rct6/Core/Extension/delay_hardware.h **** }
  21:board/stm32f401rct6/Core/Extension/delay_hardware.h **** 
  22:board/stm32f401rct6/Core/Extension/delay_hardware.h **** 
  23:board/stm32f401rct6/Core/Extension/delay_hardware.h **** static inline void delay_us(uint32_t us) {
  24:board/stm32f401rct6/Core/Extension/delay_hardware.h ****     LL_TIM_SetCounter(TIM4, 0); // Reset counter to 0
  25:board/stm32f401rct6/Core/Extension/delay_hardware.h ****     while (LL_TIM_GetCounter(TIM4) < us); // Wait until counter reaches 'us'
  26:board/stm32f401rct6/Core/Extension/delay_hardware.h **** 
  27:board/stm32f401rct6/Core/Extension/delay_hardware.h **** }
  28:board/stm32f401rct6/Core/Extension/delay_hardware.h **** 
  29:board/stm32f401rct6/Core/Extension/delay_hardware.h **** static inline void delay_ms(uint32_t ms)
  30:board/stm32f401rct6/Core/Extension/delay_hardware.h **** {
  31:board/stm32f401rct6/Core/Extension/delay_hardware.h **** 	// Wait until ms reach zero
  32:board/stm32f401rct6/Core/Extension/delay_hardware.h **** 	while (ms--)
  33:board/stm32f401rct6/Core/Extension/delay_hardware.h **** 	{
  34:board/stm32f401rct6/Core/Extension/delay_hardware.h **** 		// Delay 1ms
  35:board/stm32f401rct6/Core/Extension/delay_hardware.h **** 		delay_us(1000);
  55              		.loc 3 35 3 is_stmt 1 view .LVU6
  56              	.LBB63:
  57              	.LBI63:
  23:board/stm32f401rct6/Core/Extension/delay_hardware.h ****     LL_TIM_SetCounter(TIM4, 0); // Reset counter to 0
  58              		.loc 3 23 20 view .LVU7
  59              	.LBB64:
  24:board/stm32f401rct6/Core/Extension/delay_hardware.h ****     while (LL_TIM_GetCounter(TIM4) < us); // Wait until counter reaches 'us'
  60              		.loc 3 24 5 view .LVU8
  61              	.LBB65:
  62              	.LBI65:
  63              		.file 4 "board/stm32f401rct6/Drivers/STM32F4xx_HAL_Driver/Inc/stm32f4xx_ll_tim.h"
   1:board/stm32f401rct6/Drivers/STM32F4xx_HAL_Driver/Inc/stm32f4xx_ll_tim.h **** /**
   2:board/stm32f401rct6/Drivers/STM32F4xx_HAL_Driver/Inc/stm32f4xx_ll_tim.h ****   ******************************************************************************
   3:board/stm32f401rct6/Drivers/STM32F4xx_HAL_Driver/Inc/stm32f4xx_ll_tim.h ****   * @file    stm32f4xx_ll_tim.h
   4:board/stm32f401rct6/Drivers/STM32F4xx_HAL_Driver/Inc/stm32f4xx_ll_tim.h ****   * @author  MCD Application Team
   5:board/stm32f401rct6/Drivers/STM32F4xx_HAL_Driver/Inc/stm32f4xx_ll_tim.h ****   * @brief   Header file of TIM LL module.
   6:board/stm32f401rct6/Drivers/STM32F4xx_HAL_Driver/Inc/stm32f4xx_ll_tim.h ****   ******************************************************************************
   7:board/stm32f401rct6/Drivers/STM32F4xx_HAL_Driver/Inc/stm32f4xx_ll_tim.h ****   * @attention
   8:board/stm32f401rct6/Drivers/STM32F4xx_HAL_Driver/Inc/stm32f4xx_ll_tim.h ****   *
   9:board/stm32f401rct6/Drivers/STM32F4xx_HAL_Driver/Inc/stm32f4xx_ll_tim.h ****   * Copyright (c) 2016 STMicroelectronics.
  10:board/stm32f401rct6/Drivers/STM32F4xx_HAL_Driver/Inc/stm32f4xx_ll_tim.h ****   * All rights reserved.
  11:board/stm32f401rct6/Drivers/STM32F4xx_HAL_Driver/Inc/stm32f4xx_ll_tim.h ****   *
  12:board/stm32f401rct6/Drivers/STM32F4xx_HAL_Driver/Inc/stm32f4xx_ll_tim.h ****   * This software is licensed under terms that can be found in the LICENSE file
  13:board/stm32f401rct6/Drivers/STM32F4xx_HAL_Driver/Inc/stm32f4xx_ll_tim.h ****   * in the root directory of this software component.
  14:board/stm32f401rct6/Drivers/STM32F4xx_HAL_Driver/Inc/stm32f4xx_ll_tim.h ****   * If no LICENSE file comes with this software, it is provided AS-IS.
  15:board/stm32f401rct6/Drivers/STM32F4xx_HAL_Driver/Inc/stm32f4xx_ll_tim.h ****   *
  16:board/stm32f401rct6/Drivers/STM32F4xx_HAL_Driver/Inc/stm32f4xx_ll_tim.h ****   ******************************************************************************
  17:board/stm32f401rct6/Drivers/STM32F4xx_HAL_Driver/Inc/stm32f4xx_ll_tim.h ****   */
  18:board/stm32f401rct6/Drivers/STM32F4xx_HAL_Driver/Inc/stm32f4xx_ll_tim.h **** 
  19:board/stm32f401rct6/Drivers/STM32F4xx_HAL_Driver/Inc/stm32f4xx_ll_tim.h **** /* Define to prevent recursive inclusion -------------------------------------*/
  20:board/stm32f401rct6/Drivers/STM32F4xx_HAL_Driver/Inc/stm32f4xx_ll_tim.h **** #ifndef __STM32F4xx_LL_TIM_H
  21:board/stm32f401rct6/Drivers/STM32F4xx_HAL_Driver/Inc/stm32f4xx_ll_tim.h **** #define __STM32F4xx_LL_TIM_H
  22:board/stm32f401rct6/Drivers/STM32F4xx_HAL_Driver/Inc/stm32f4xx_ll_tim.h **** 
  23:board/stm32f401rct6/Drivers/STM32F4xx_HAL_Driver/Inc/stm32f4xx_ll_tim.h **** #ifdef __cplusplus
  24:board/stm32f401rct6/Drivers/STM32F4xx_HAL_Driver/Inc/stm32f4xx_ll_tim.h **** extern "C" {
  25:board/stm32f401rct6/Drivers/STM32F4xx_HAL_Driver/Inc/stm32f4xx_ll_tim.h **** #endif
  26:board/stm32f401rct6/Drivers/STM32F4xx_HAL_Driver/Inc/stm32f4xx_ll_tim.h **** 
  27:board/stm32f401rct6/Drivers/STM32F4xx_HAL_Driver/Inc/stm32f4xx_ll_tim.h **** /* Includes ------------------------------------------------------------------*/
  28:board/stm32f401rct6/Drivers/STM32F4xx_HAL_Driver/Inc/stm32f4xx_ll_tim.h **** #include "stm32f4xx.h"
  29:board/stm32f401rct6/Drivers/STM32F4xx_HAL_Driver/Inc/stm32f4xx_ll_tim.h **** 
ARM GAS  C:\Users\Admin\AppData\Local\Temp\ccrDpVnE.s 			page 20


  30:board/stm32f401rct6/Drivers/STM32F4xx_HAL_Driver/Inc/stm32f4xx_ll_tim.h **** /** @addtogroup STM32F4xx_LL_Driver
  31:board/stm32f401rct6/Drivers/STM32F4xx_HAL_Driver/Inc/stm32f4xx_ll_tim.h ****   * @{
  32:board/stm32f401rct6/Drivers/STM32F4xx_HAL_Driver/Inc/stm32f4xx_ll_tim.h ****   */
  33:board/stm32f401rct6/Drivers/STM32F4xx_HAL_Driver/Inc/stm32f4xx_ll_tim.h **** 
  34:board/stm32f401rct6/Drivers/STM32F4xx_HAL_Driver/Inc/stm32f4xx_ll_tim.h **** #if defined (TIM1) || defined (TIM2) || defined (TIM3) || defined (TIM4) || defined (TIM5) || defin
  35:board/stm32f401rct6/Drivers/STM32F4xx_HAL_Driver/Inc/stm32f4xx_ll_tim.h **** 
  36:board/stm32f401rct6/Drivers/STM32F4xx_HAL_Driver/Inc/stm32f4xx_ll_tim.h **** /** @defgroup TIM_LL TIM
  37:board/stm32f401rct6/Drivers/STM32F4xx_HAL_Driver/Inc/stm32f4xx_ll_tim.h ****   * @{
  38:board/stm32f401rct6/Drivers/STM32F4xx_HAL_Driver/Inc/stm32f4xx_ll_tim.h ****   */
  39:board/stm32f401rct6/Drivers/STM32F4xx_HAL_Driver/Inc/stm32f4xx_ll_tim.h **** 
  40:board/stm32f401rct6/Drivers/STM32F4xx_HAL_Driver/Inc/stm32f4xx_ll_tim.h **** /* Private types -------------------------------------------------------------*/
  41:board/stm32f401rct6/Drivers/STM32F4xx_HAL_Driver/Inc/stm32f4xx_ll_tim.h **** /* Private variables ---------------------------------------------------------*/
  42:board/stm32f401rct6/Drivers/STM32F4xx_HAL_Driver/Inc/stm32f4xx_ll_tim.h **** /** @defgroup TIM_LL_Private_Variables TIM Private Variables
  43:board/stm32f401rct6/Drivers/STM32F4xx_HAL_Driver/Inc/stm32f4xx_ll_tim.h ****   * @{
  44:board/stm32f401rct6/Drivers/STM32F4xx_HAL_Driver/Inc/stm32f4xx_ll_tim.h ****   */
  45:board/stm32f401rct6/Drivers/STM32F4xx_HAL_Driver/Inc/stm32f4xx_ll_tim.h **** static const uint8_t OFFSET_TAB_CCMRx[] =
  46:board/stm32f401rct6/Drivers/STM32F4xx_HAL_Driver/Inc/stm32f4xx_ll_tim.h **** {
  47:board/stm32f401rct6/Drivers/STM32F4xx_HAL_Driver/Inc/stm32f4xx_ll_tim.h ****   0x00U,   /* 0: TIMx_CH1  */
  48:board/stm32f401rct6/Drivers/STM32F4xx_HAL_Driver/Inc/stm32f4xx_ll_tim.h ****   0x00U,   /* 1: TIMx_CH1N */
  49:board/stm32f401rct6/Drivers/STM32F4xx_HAL_Driver/Inc/stm32f4xx_ll_tim.h ****   0x00U,   /* 2: TIMx_CH2  */
  50:board/stm32f401rct6/Drivers/STM32F4xx_HAL_Driver/Inc/stm32f4xx_ll_tim.h ****   0x00U,   /* 3: TIMx_CH2N */
  51:board/stm32f401rct6/Drivers/STM32F4xx_HAL_Driver/Inc/stm32f4xx_ll_tim.h ****   0x04U,   /* 4: TIMx_CH3  */
  52:board/stm32f401rct6/Drivers/STM32F4xx_HAL_Driver/Inc/stm32f4xx_ll_tim.h ****   0x04U,   /* 5: TIMx_CH3N */
  53:board/stm32f401rct6/Drivers/STM32F4xx_HAL_Driver/Inc/stm32f4xx_ll_tim.h ****   0x04U    /* 6: TIMx_CH4  */
  54:board/stm32f401rct6/Drivers/STM32F4xx_HAL_Driver/Inc/stm32f4xx_ll_tim.h **** };
  55:board/stm32f401rct6/Drivers/STM32F4xx_HAL_Driver/Inc/stm32f4xx_ll_tim.h **** 
  56:board/stm32f401rct6/Drivers/STM32F4xx_HAL_Driver/Inc/stm32f4xx_ll_tim.h **** static const uint8_t SHIFT_TAB_OCxx[] =
  57:board/stm32f401rct6/Drivers/STM32F4xx_HAL_Driver/Inc/stm32f4xx_ll_tim.h **** {
  58:board/stm32f401rct6/Drivers/STM32F4xx_HAL_Driver/Inc/stm32f4xx_ll_tim.h ****   0U,            /* 0: OC1M, OC1FE, OC1PE */
  59:board/stm32f401rct6/Drivers/STM32F4xx_HAL_Driver/Inc/stm32f4xx_ll_tim.h ****   0U,            /* 1: - NA */
  60:board/stm32f401rct6/Drivers/STM32F4xx_HAL_Driver/Inc/stm32f4xx_ll_tim.h ****   8U,            /* 2: OC2M, OC2FE, OC2PE */
  61:board/stm32f401rct6/Drivers/STM32F4xx_HAL_Driver/Inc/stm32f4xx_ll_tim.h ****   0U,            /* 3: - NA */
  62:board/stm32f401rct6/Drivers/STM32F4xx_HAL_Driver/Inc/stm32f4xx_ll_tim.h ****   0U,            /* 4: OC3M, OC3FE, OC3PE */
  63:board/stm32f401rct6/Drivers/STM32F4xx_HAL_Driver/Inc/stm32f4xx_ll_tim.h ****   0U,            /* 5: - NA */
  64:board/stm32f401rct6/Drivers/STM32F4xx_HAL_Driver/Inc/stm32f4xx_ll_tim.h ****   8U             /* 6: OC4M, OC4FE, OC4PE */
  65:board/stm32f401rct6/Drivers/STM32F4xx_HAL_Driver/Inc/stm32f4xx_ll_tim.h **** };
  66:board/stm32f401rct6/Drivers/STM32F4xx_HAL_Driver/Inc/stm32f4xx_ll_tim.h **** 
  67:board/stm32f401rct6/Drivers/STM32F4xx_HAL_Driver/Inc/stm32f4xx_ll_tim.h **** static const uint8_t SHIFT_TAB_ICxx[] =
  68:board/stm32f401rct6/Drivers/STM32F4xx_HAL_Driver/Inc/stm32f4xx_ll_tim.h **** {
  69:board/stm32f401rct6/Drivers/STM32F4xx_HAL_Driver/Inc/stm32f4xx_ll_tim.h ****   0U,            /* 0: CC1S, IC1PSC, IC1F */
  70:board/stm32f401rct6/Drivers/STM32F4xx_HAL_Driver/Inc/stm32f4xx_ll_tim.h ****   0U,            /* 1: - NA */
  71:board/stm32f401rct6/Drivers/STM32F4xx_HAL_Driver/Inc/stm32f4xx_ll_tim.h ****   8U,            /* 2: CC2S, IC2PSC, IC2F */
  72:board/stm32f401rct6/Drivers/STM32F4xx_HAL_Driver/Inc/stm32f4xx_ll_tim.h ****   0U,            /* 3: - NA */
  73:board/stm32f401rct6/Drivers/STM32F4xx_HAL_Driver/Inc/stm32f4xx_ll_tim.h ****   0U,            /* 4: CC3S, IC3PSC, IC3F */
  74:board/stm32f401rct6/Drivers/STM32F4xx_HAL_Driver/Inc/stm32f4xx_ll_tim.h ****   0U,            /* 5: - NA */
  75:board/stm32f401rct6/Drivers/STM32F4xx_HAL_Driver/Inc/stm32f4xx_ll_tim.h ****   8U             /* 6: CC4S, IC4PSC, IC4F */
  76:board/stm32f401rct6/Drivers/STM32F4xx_HAL_Driver/Inc/stm32f4xx_ll_tim.h **** };
  77:board/stm32f401rct6/Drivers/STM32F4xx_HAL_Driver/Inc/stm32f4xx_ll_tim.h **** 
  78:board/stm32f401rct6/Drivers/STM32F4xx_HAL_Driver/Inc/stm32f4xx_ll_tim.h **** static const uint8_t SHIFT_TAB_CCxP[] =
  79:board/stm32f401rct6/Drivers/STM32F4xx_HAL_Driver/Inc/stm32f4xx_ll_tim.h **** {
  80:board/stm32f401rct6/Drivers/STM32F4xx_HAL_Driver/Inc/stm32f4xx_ll_tim.h ****   0U,            /* 0: CC1P */
  81:board/stm32f401rct6/Drivers/STM32F4xx_HAL_Driver/Inc/stm32f4xx_ll_tim.h ****   2U,            /* 1: CC1NP */
  82:board/stm32f401rct6/Drivers/STM32F4xx_HAL_Driver/Inc/stm32f4xx_ll_tim.h ****   4U,            /* 2: CC2P */
  83:board/stm32f401rct6/Drivers/STM32F4xx_HAL_Driver/Inc/stm32f4xx_ll_tim.h ****   6U,            /* 3: CC2NP */
  84:board/stm32f401rct6/Drivers/STM32F4xx_HAL_Driver/Inc/stm32f4xx_ll_tim.h ****   8U,            /* 4: CC3P */
  85:board/stm32f401rct6/Drivers/STM32F4xx_HAL_Driver/Inc/stm32f4xx_ll_tim.h ****   10U,           /* 5: CC3NP */
  86:board/stm32f401rct6/Drivers/STM32F4xx_HAL_Driver/Inc/stm32f4xx_ll_tim.h ****   12U            /* 6: CC4P */
ARM GAS  C:\Users\Admin\AppData\Local\Temp\ccrDpVnE.s 			page 21


  87:board/stm32f401rct6/Drivers/STM32F4xx_HAL_Driver/Inc/stm32f4xx_ll_tim.h **** };
  88:board/stm32f401rct6/Drivers/STM32F4xx_HAL_Driver/Inc/stm32f4xx_ll_tim.h **** 
  89:board/stm32f401rct6/Drivers/STM32F4xx_HAL_Driver/Inc/stm32f4xx_ll_tim.h **** static const uint8_t SHIFT_TAB_OISx[] =
  90:board/stm32f401rct6/Drivers/STM32F4xx_HAL_Driver/Inc/stm32f4xx_ll_tim.h **** {
  91:board/stm32f401rct6/Drivers/STM32F4xx_HAL_Driver/Inc/stm32f4xx_ll_tim.h ****   0U,            /* 0: OIS1 */
  92:board/stm32f401rct6/Drivers/STM32F4xx_HAL_Driver/Inc/stm32f4xx_ll_tim.h ****   1U,            /* 1: OIS1N */
  93:board/stm32f401rct6/Drivers/STM32F4xx_HAL_Driver/Inc/stm32f4xx_ll_tim.h ****   2U,            /* 2: OIS2 */
  94:board/stm32f401rct6/Drivers/STM32F4xx_HAL_Driver/Inc/stm32f4xx_ll_tim.h ****   3U,            /* 3: OIS2N */
  95:board/stm32f401rct6/Drivers/STM32F4xx_HAL_Driver/Inc/stm32f4xx_ll_tim.h ****   4U,            /* 4: OIS3 */
  96:board/stm32f401rct6/Drivers/STM32F4xx_HAL_Driver/Inc/stm32f4xx_ll_tim.h ****   5U,            /* 5: OIS3N */
  97:board/stm32f401rct6/Drivers/STM32F4xx_HAL_Driver/Inc/stm32f4xx_ll_tim.h ****   6U             /* 6: OIS4 */
  98:board/stm32f401rct6/Drivers/STM32F4xx_HAL_Driver/Inc/stm32f4xx_ll_tim.h **** };
  99:board/stm32f401rct6/Drivers/STM32F4xx_HAL_Driver/Inc/stm32f4xx_ll_tim.h **** /**
 100:board/stm32f401rct6/Drivers/STM32F4xx_HAL_Driver/Inc/stm32f4xx_ll_tim.h ****   * @}
 101:board/stm32f401rct6/Drivers/STM32F4xx_HAL_Driver/Inc/stm32f4xx_ll_tim.h ****   */
 102:board/stm32f401rct6/Drivers/STM32F4xx_HAL_Driver/Inc/stm32f4xx_ll_tim.h **** 
 103:board/stm32f401rct6/Drivers/STM32F4xx_HAL_Driver/Inc/stm32f4xx_ll_tim.h **** /* Private constants ---------------------------------------------------------*/
 104:board/stm32f401rct6/Drivers/STM32F4xx_HAL_Driver/Inc/stm32f4xx_ll_tim.h **** /** @defgroup TIM_LL_Private_Constants TIM Private Constants
 105:board/stm32f401rct6/Drivers/STM32F4xx_HAL_Driver/Inc/stm32f4xx_ll_tim.h ****   * @{
 106:board/stm32f401rct6/Drivers/STM32F4xx_HAL_Driver/Inc/stm32f4xx_ll_tim.h ****   */
 107:board/stm32f401rct6/Drivers/STM32F4xx_HAL_Driver/Inc/stm32f4xx_ll_tim.h **** 
 108:board/stm32f401rct6/Drivers/STM32F4xx_HAL_Driver/Inc/stm32f4xx_ll_tim.h **** 
 109:board/stm32f401rct6/Drivers/STM32F4xx_HAL_Driver/Inc/stm32f4xx_ll_tim.h **** /* Remap mask definitions */
 110:board/stm32f401rct6/Drivers/STM32F4xx_HAL_Driver/Inc/stm32f4xx_ll_tim.h **** #define TIMx_OR_RMP_SHIFT  16U
 111:board/stm32f401rct6/Drivers/STM32F4xx_HAL_Driver/Inc/stm32f4xx_ll_tim.h **** #define TIMx_OR_RMP_MASK   0x0000FFFFU
 112:board/stm32f401rct6/Drivers/STM32F4xx_HAL_Driver/Inc/stm32f4xx_ll_tim.h **** #define TIM2_OR_RMP_MASK   (TIM_OR_ITR1_RMP << TIMx_OR_RMP_SHIFT)
 113:board/stm32f401rct6/Drivers/STM32F4xx_HAL_Driver/Inc/stm32f4xx_ll_tim.h **** #define TIM5_OR_RMP_MASK   (TIM_OR_TI4_RMP << TIMx_OR_RMP_SHIFT)
 114:board/stm32f401rct6/Drivers/STM32F4xx_HAL_Driver/Inc/stm32f4xx_ll_tim.h **** #define TIM11_OR_RMP_MASK  (TIM_OR_TI1_RMP << TIMx_OR_RMP_SHIFT)
 115:board/stm32f401rct6/Drivers/STM32F4xx_HAL_Driver/Inc/stm32f4xx_ll_tim.h **** 
 116:board/stm32f401rct6/Drivers/STM32F4xx_HAL_Driver/Inc/stm32f4xx_ll_tim.h **** /* Mask used to set the TDG[x:0] of the DTG bits of the TIMx_BDTR register */
 117:board/stm32f401rct6/Drivers/STM32F4xx_HAL_Driver/Inc/stm32f4xx_ll_tim.h **** #define DT_DELAY_1 ((uint8_t)0x7F)
 118:board/stm32f401rct6/Drivers/STM32F4xx_HAL_Driver/Inc/stm32f4xx_ll_tim.h **** #define DT_DELAY_2 ((uint8_t)0x3F)
 119:board/stm32f401rct6/Drivers/STM32F4xx_HAL_Driver/Inc/stm32f4xx_ll_tim.h **** #define DT_DELAY_3 ((uint8_t)0x1F)
 120:board/stm32f401rct6/Drivers/STM32F4xx_HAL_Driver/Inc/stm32f4xx_ll_tim.h **** #define DT_DELAY_4 ((uint8_t)0x1F)
 121:board/stm32f401rct6/Drivers/STM32F4xx_HAL_Driver/Inc/stm32f4xx_ll_tim.h **** 
 122:board/stm32f401rct6/Drivers/STM32F4xx_HAL_Driver/Inc/stm32f4xx_ll_tim.h **** /* Mask used to set the DTG[7:5] bits of the DTG bits of the TIMx_BDTR register */
 123:board/stm32f401rct6/Drivers/STM32F4xx_HAL_Driver/Inc/stm32f4xx_ll_tim.h **** #define DT_RANGE_1 ((uint8_t)0x00)
 124:board/stm32f401rct6/Drivers/STM32F4xx_HAL_Driver/Inc/stm32f4xx_ll_tim.h **** #define DT_RANGE_2 ((uint8_t)0x80)
 125:board/stm32f401rct6/Drivers/STM32F4xx_HAL_Driver/Inc/stm32f4xx_ll_tim.h **** #define DT_RANGE_3 ((uint8_t)0xC0)
 126:board/stm32f401rct6/Drivers/STM32F4xx_HAL_Driver/Inc/stm32f4xx_ll_tim.h **** #define DT_RANGE_4 ((uint8_t)0xE0)
 127:board/stm32f401rct6/Drivers/STM32F4xx_HAL_Driver/Inc/stm32f4xx_ll_tim.h **** 
 128:board/stm32f401rct6/Drivers/STM32F4xx_HAL_Driver/Inc/stm32f4xx_ll_tim.h **** 
 129:board/stm32f401rct6/Drivers/STM32F4xx_HAL_Driver/Inc/stm32f4xx_ll_tim.h **** /**
 130:board/stm32f401rct6/Drivers/STM32F4xx_HAL_Driver/Inc/stm32f4xx_ll_tim.h ****   * @}
 131:board/stm32f401rct6/Drivers/STM32F4xx_HAL_Driver/Inc/stm32f4xx_ll_tim.h ****   */
 132:board/stm32f401rct6/Drivers/STM32F4xx_HAL_Driver/Inc/stm32f4xx_ll_tim.h **** 
 133:board/stm32f401rct6/Drivers/STM32F4xx_HAL_Driver/Inc/stm32f4xx_ll_tim.h **** /* Private macros ------------------------------------------------------------*/
 134:board/stm32f401rct6/Drivers/STM32F4xx_HAL_Driver/Inc/stm32f4xx_ll_tim.h **** /** @defgroup TIM_LL_Private_Macros TIM Private Macros
 135:board/stm32f401rct6/Drivers/STM32F4xx_HAL_Driver/Inc/stm32f4xx_ll_tim.h ****   * @{
 136:board/stm32f401rct6/Drivers/STM32F4xx_HAL_Driver/Inc/stm32f4xx_ll_tim.h ****   */
 137:board/stm32f401rct6/Drivers/STM32F4xx_HAL_Driver/Inc/stm32f4xx_ll_tim.h **** /** @brief  Convert channel id into channel index.
 138:board/stm32f401rct6/Drivers/STM32F4xx_HAL_Driver/Inc/stm32f4xx_ll_tim.h ****   * @param  __CHANNEL__ This parameter can be one of the following values:
 139:board/stm32f401rct6/Drivers/STM32F4xx_HAL_Driver/Inc/stm32f4xx_ll_tim.h ****   *         @arg @ref LL_TIM_CHANNEL_CH1
 140:board/stm32f401rct6/Drivers/STM32F4xx_HAL_Driver/Inc/stm32f4xx_ll_tim.h ****   *         @arg @ref LL_TIM_CHANNEL_CH1N
 141:board/stm32f401rct6/Drivers/STM32F4xx_HAL_Driver/Inc/stm32f4xx_ll_tim.h ****   *         @arg @ref LL_TIM_CHANNEL_CH2
 142:board/stm32f401rct6/Drivers/STM32F4xx_HAL_Driver/Inc/stm32f4xx_ll_tim.h ****   *         @arg @ref LL_TIM_CHANNEL_CH2N
 143:board/stm32f401rct6/Drivers/STM32F4xx_HAL_Driver/Inc/stm32f4xx_ll_tim.h ****   *         @arg @ref LL_TIM_CHANNEL_CH3
ARM GAS  C:\Users\Admin\AppData\Local\Temp\ccrDpVnE.s 			page 22


 144:board/stm32f401rct6/Drivers/STM32F4xx_HAL_Driver/Inc/stm32f4xx_ll_tim.h ****   *         @arg @ref LL_TIM_CHANNEL_CH3N
 145:board/stm32f401rct6/Drivers/STM32F4xx_HAL_Driver/Inc/stm32f4xx_ll_tim.h ****   *         @arg @ref LL_TIM_CHANNEL_CH4
 146:board/stm32f401rct6/Drivers/STM32F4xx_HAL_Driver/Inc/stm32f4xx_ll_tim.h ****   * @retval none
 147:board/stm32f401rct6/Drivers/STM32F4xx_HAL_Driver/Inc/stm32f4xx_ll_tim.h ****   */
 148:board/stm32f401rct6/Drivers/STM32F4xx_HAL_Driver/Inc/stm32f4xx_ll_tim.h **** #define TIM_GET_CHANNEL_INDEX( __CHANNEL__) \
 149:board/stm32f401rct6/Drivers/STM32F4xx_HAL_Driver/Inc/stm32f4xx_ll_tim.h ****   (((__CHANNEL__) == LL_TIM_CHANNEL_CH1) ? 0U :\
 150:board/stm32f401rct6/Drivers/STM32F4xx_HAL_Driver/Inc/stm32f4xx_ll_tim.h ****    ((__CHANNEL__) == LL_TIM_CHANNEL_CH1N) ? 1U :\
 151:board/stm32f401rct6/Drivers/STM32F4xx_HAL_Driver/Inc/stm32f4xx_ll_tim.h ****    ((__CHANNEL__) == LL_TIM_CHANNEL_CH2) ? 2U :\
 152:board/stm32f401rct6/Drivers/STM32F4xx_HAL_Driver/Inc/stm32f4xx_ll_tim.h ****    ((__CHANNEL__) == LL_TIM_CHANNEL_CH2N) ? 3U :\
 153:board/stm32f401rct6/Drivers/STM32F4xx_HAL_Driver/Inc/stm32f4xx_ll_tim.h ****    ((__CHANNEL__) == LL_TIM_CHANNEL_CH3) ? 4U :\
 154:board/stm32f401rct6/Drivers/STM32F4xx_HAL_Driver/Inc/stm32f4xx_ll_tim.h ****    ((__CHANNEL__) == LL_TIM_CHANNEL_CH3N) ? 5U : 6U)
 155:board/stm32f401rct6/Drivers/STM32F4xx_HAL_Driver/Inc/stm32f4xx_ll_tim.h **** 
 156:board/stm32f401rct6/Drivers/STM32F4xx_HAL_Driver/Inc/stm32f4xx_ll_tim.h **** /** @brief  Calculate the deadtime sampling period(in ps).
 157:board/stm32f401rct6/Drivers/STM32F4xx_HAL_Driver/Inc/stm32f4xx_ll_tim.h ****   * @param  __TIMCLK__ timer input clock frequency (in Hz).
 158:board/stm32f401rct6/Drivers/STM32F4xx_HAL_Driver/Inc/stm32f4xx_ll_tim.h ****   * @param  __CKD__ This parameter can be one of the following values:
 159:board/stm32f401rct6/Drivers/STM32F4xx_HAL_Driver/Inc/stm32f4xx_ll_tim.h ****   *         @arg @ref LL_TIM_CLOCKDIVISION_DIV1
 160:board/stm32f401rct6/Drivers/STM32F4xx_HAL_Driver/Inc/stm32f4xx_ll_tim.h ****   *         @arg @ref LL_TIM_CLOCKDIVISION_DIV2
 161:board/stm32f401rct6/Drivers/STM32F4xx_HAL_Driver/Inc/stm32f4xx_ll_tim.h ****   *         @arg @ref LL_TIM_CLOCKDIVISION_DIV4
 162:board/stm32f401rct6/Drivers/STM32F4xx_HAL_Driver/Inc/stm32f4xx_ll_tim.h ****   * @retval none
 163:board/stm32f401rct6/Drivers/STM32F4xx_HAL_Driver/Inc/stm32f4xx_ll_tim.h ****   */
 164:board/stm32f401rct6/Drivers/STM32F4xx_HAL_Driver/Inc/stm32f4xx_ll_tim.h **** #define TIM_CALC_DTS(__TIMCLK__, __CKD__)                                                        \
 165:board/stm32f401rct6/Drivers/STM32F4xx_HAL_Driver/Inc/stm32f4xx_ll_tim.h ****   (((__CKD__) == LL_TIM_CLOCKDIVISION_DIV1) ? ((uint64_t)1000000000000U/(__TIMCLK__))         : \
 166:board/stm32f401rct6/Drivers/STM32F4xx_HAL_Driver/Inc/stm32f4xx_ll_tim.h ****    ((__CKD__) == LL_TIM_CLOCKDIVISION_DIV2) ? ((uint64_t)1000000000000U/((__TIMCLK__) >> 1U)) : \
 167:board/stm32f401rct6/Drivers/STM32F4xx_HAL_Driver/Inc/stm32f4xx_ll_tim.h ****    ((uint64_t)1000000000000U/((__TIMCLK__) >> 2U)))
 168:board/stm32f401rct6/Drivers/STM32F4xx_HAL_Driver/Inc/stm32f4xx_ll_tim.h **** /**
 169:board/stm32f401rct6/Drivers/STM32F4xx_HAL_Driver/Inc/stm32f4xx_ll_tim.h ****   * @}
 170:board/stm32f401rct6/Drivers/STM32F4xx_HAL_Driver/Inc/stm32f4xx_ll_tim.h ****   */
 171:board/stm32f401rct6/Drivers/STM32F4xx_HAL_Driver/Inc/stm32f4xx_ll_tim.h **** 
 172:board/stm32f401rct6/Drivers/STM32F4xx_HAL_Driver/Inc/stm32f4xx_ll_tim.h **** 
 173:board/stm32f401rct6/Drivers/STM32F4xx_HAL_Driver/Inc/stm32f4xx_ll_tim.h **** /* Exported types ------------------------------------------------------------*/
 174:board/stm32f401rct6/Drivers/STM32F4xx_HAL_Driver/Inc/stm32f4xx_ll_tim.h **** #if defined(USE_FULL_LL_DRIVER)
 175:board/stm32f401rct6/Drivers/STM32F4xx_HAL_Driver/Inc/stm32f4xx_ll_tim.h **** /** @defgroup TIM_LL_ES_INIT TIM Exported Init structure
 176:board/stm32f401rct6/Drivers/STM32F4xx_HAL_Driver/Inc/stm32f4xx_ll_tim.h ****   * @{
 177:board/stm32f401rct6/Drivers/STM32F4xx_HAL_Driver/Inc/stm32f4xx_ll_tim.h ****   */
 178:board/stm32f401rct6/Drivers/STM32F4xx_HAL_Driver/Inc/stm32f4xx_ll_tim.h **** 
 179:board/stm32f401rct6/Drivers/STM32F4xx_HAL_Driver/Inc/stm32f4xx_ll_tim.h **** /**
 180:board/stm32f401rct6/Drivers/STM32F4xx_HAL_Driver/Inc/stm32f4xx_ll_tim.h ****   * @brief  TIM Time Base configuration structure definition.
 181:board/stm32f401rct6/Drivers/STM32F4xx_HAL_Driver/Inc/stm32f4xx_ll_tim.h ****   */
 182:board/stm32f401rct6/Drivers/STM32F4xx_HAL_Driver/Inc/stm32f4xx_ll_tim.h **** typedef struct
 183:board/stm32f401rct6/Drivers/STM32F4xx_HAL_Driver/Inc/stm32f4xx_ll_tim.h **** {
 184:board/stm32f401rct6/Drivers/STM32F4xx_HAL_Driver/Inc/stm32f4xx_ll_tim.h ****   uint16_t Prescaler;         /*!< Specifies the prescaler value used to divide the TIM clock.
 185:board/stm32f401rct6/Drivers/STM32F4xx_HAL_Driver/Inc/stm32f4xx_ll_tim.h ****                                    This parameter can be a number between Min_Data=0x0000 and Max_D
 186:board/stm32f401rct6/Drivers/STM32F4xx_HAL_Driver/Inc/stm32f4xx_ll_tim.h **** 
 187:board/stm32f401rct6/Drivers/STM32F4xx_HAL_Driver/Inc/stm32f4xx_ll_tim.h ****                                    This feature can be modified afterwards using unitary function
 188:board/stm32f401rct6/Drivers/STM32F4xx_HAL_Driver/Inc/stm32f4xx_ll_tim.h ****                                    @ref LL_TIM_SetPrescaler().*/
 189:board/stm32f401rct6/Drivers/STM32F4xx_HAL_Driver/Inc/stm32f4xx_ll_tim.h **** 
 190:board/stm32f401rct6/Drivers/STM32F4xx_HAL_Driver/Inc/stm32f4xx_ll_tim.h ****   uint32_t CounterMode;       /*!< Specifies the counter mode.
 191:board/stm32f401rct6/Drivers/STM32F4xx_HAL_Driver/Inc/stm32f4xx_ll_tim.h ****                                    This parameter can be a value of @ref TIM_LL_EC_COUNTERMODE.
 192:board/stm32f401rct6/Drivers/STM32F4xx_HAL_Driver/Inc/stm32f4xx_ll_tim.h **** 
 193:board/stm32f401rct6/Drivers/STM32F4xx_HAL_Driver/Inc/stm32f4xx_ll_tim.h ****                                    This feature can be modified afterwards using unitary function
 194:board/stm32f401rct6/Drivers/STM32F4xx_HAL_Driver/Inc/stm32f4xx_ll_tim.h ****                                    @ref LL_TIM_SetCounterMode().*/
 195:board/stm32f401rct6/Drivers/STM32F4xx_HAL_Driver/Inc/stm32f4xx_ll_tim.h **** 
 196:board/stm32f401rct6/Drivers/STM32F4xx_HAL_Driver/Inc/stm32f4xx_ll_tim.h ****   uint32_t Autoreload;        /*!< Specifies the auto reload value to be loaded into the active
 197:board/stm32f401rct6/Drivers/STM32F4xx_HAL_Driver/Inc/stm32f4xx_ll_tim.h ****                                    Auto-Reload Register at the next update event.
 198:board/stm32f401rct6/Drivers/STM32F4xx_HAL_Driver/Inc/stm32f4xx_ll_tim.h ****                                    This parameter must be a number between Min_Data=0x0000 and Max_
 199:board/stm32f401rct6/Drivers/STM32F4xx_HAL_Driver/Inc/stm32f4xx_ll_tim.h ****                                    Some timer instances may support 32 bits counters. In that case 
 200:board/stm32f401rct6/Drivers/STM32F4xx_HAL_Driver/Inc/stm32f4xx_ll_tim.h ****                                    be a number between 0x0000 and 0xFFFFFFFF.
ARM GAS  C:\Users\Admin\AppData\Local\Temp\ccrDpVnE.s 			page 23


 201:board/stm32f401rct6/Drivers/STM32F4xx_HAL_Driver/Inc/stm32f4xx_ll_tim.h **** 
 202:board/stm32f401rct6/Drivers/STM32F4xx_HAL_Driver/Inc/stm32f4xx_ll_tim.h ****                                    This feature can be modified afterwards using unitary function
 203:board/stm32f401rct6/Drivers/STM32F4xx_HAL_Driver/Inc/stm32f4xx_ll_tim.h ****                                    @ref LL_TIM_SetAutoReload().*/
 204:board/stm32f401rct6/Drivers/STM32F4xx_HAL_Driver/Inc/stm32f4xx_ll_tim.h **** 
 205:board/stm32f401rct6/Drivers/STM32F4xx_HAL_Driver/Inc/stm32f4xx_ll_tim.h ****   uint32_t ClockDivision;     /*!< Specifies the clock division.
 206:board/stm32f401rct6/Drivers/STM32F4xx_HAL_Driver/Inc/stm32f4xx_ll_tim.h ****                                    This parameter can be a value of @ref TIM_LL_EC_CLOCKDIVISION.
 207:board/stm32f401rct6/Drivers/STM32F4xx_HAL_Driver/Inc/stm32f4xx_ll_tim.h **** 
 208:board/stm32f401rct6/Drivers/STM32F4xx_HAL_Driver/Inc/stm32f4xx_ll_tim.h ****                                    This feature can be modified afterwards using unitary function
 209:board/stm32f401rct6/Drivers/STM32F4xx_HAL_Driver/Inc/stm32f4xx_ll_tim.h ****                                    @ref LL_TIM_SetClockDivision().*/
 210:board/stm32f401rct6/Drivers/STM32F4xx_HAL_Driver/Inc/stm32f4xx_ll_tim.h **** 
 211:board/stm32f401rct6/Drivers/STM32F4xx_HAL_Driver/Inc/stm32f4xx_ll_tim.h ****   uint32_t RepetitionCounter;  /*!< Specifies the repetition counter value. Each time the RCR downc
 212:board/stm32f401rct6/Drivers/STM32F4xx_HAL_Driver/Inc/stm32f4xx_ll_tim.h ****                                    reaches zero, an update event is generated and counting restarts
 213:board/stm32f401rct6/Drivers/STM32F4xx_HAL_Driver/Inc/stm32f4xx_ll_tim.h ****                                    from the RCR value (N).
 214:board/stm32f401rct6/Drivers/STM32F4xx_HAL_Driver/Inc/stm32f4xx_ll_tim.h ****                                    This means in PWM mode that (N+1) corresponds to:
 215:board/stm32f401rct6/Drivers/STM32F4xx_HAL_Driver/Inc/stm32f4xx_ll_tim.h ****                                       - the number of PWM periods in edge-aligned mode
 216:board/stm32f401rct6/Drivers/STM32F4xx_HAL_Driver/Inc/stm32f4xx_ll_tim.h ****                                       - the number of half PWM period in center-aligned mode
 217:board/stm32f401rct6/Drivers/STM32F4xx_HAL_Driver/Inc/stm32f4xx_ll_tim.h ****                                    GP timers: this parameter must be a number between Min_Data = 0x
 218:board/stm32f401rct6/Drivers/STM32F4xx_HAL_Driver/Inc/stm32f4xx_ll_tim.h ****                                    Max_Data = 0xFF.
 219:board/stm32f401rct6/Drivers/STM32F4xx_HAL_Driver/Inc/stm32f4xx_ll_tim.h ****                                    Advanced timers: this parameter must be a number between Min_Dat
 220:board/stm32f401rct6/Drivers/STM32F4xx_HAL_Driver/Inc/stm32f4xx_ll_tim.h ****                                    Max_Data = 0xFFFF.
 221:board/stm32f401rct6/Drivers/STM32F4xx_HAL_Driver/Inc/stm32f4xx_ll_tim.h **** 
 222:board/stm32f401rct6/Drivers/STM32F4xx_HAL_Driver/Inc/stm32f4xx_ll_tim.h ****                                    This feature can be modified afterwards using unitary function
 223:board/stm32f401rct6/Drivers/STM32F4xx_HAL_Driver/Inc/stm32f4xx_ll_tim.h ****                                    @ref LL_TIM_SetRepetitionCounter().*/
 224:board/stm32f401rct6/Drivers/STM32F4xx_HAL_Driver/Inc/stm32f4xx_ll_tim.h **** } LL_TIM_InitTypeDef;
 225:board/stm32f401rct6/Drivers/STM32F4xx_HAL_Driver/Inc/stm32f4xx_ll_tim.h **** 
 226:board/stm32f401rct6/Drivers/STM32F4xx_HAL_Driver/Inc/stm32f4xx_ll_tim.h **** /**
 227:board/stm32f401rct6/Drivers/STM32F4xx_HAL_Driver/Inc/stm32f4xx_ll_tim.h ****   * @brief  TIM Output Compare configuration structure definition.
 228:board/stm32f401rct6/Drivers/STM32F4xx_HAL_Driver/Inc/stm32f4xx_ll_tim.h ****   */
 229:board/stm32f401rct6/Drivers/STM32F4xx_HAL_Driver/Inc/stm32f4xx_ll_tim.h **** typedef struct
 230:board/stm32f401rct6/Drivers/STM32F4xx_HAL_Driver/Inc/stm32f4xx_ll_tim.h **** {
 231:board/stm32f401rct6/Drivers/STM32F4xx_HAL_Driver/Inc/stm32f4xx_ll_tim.h ****   uint32_t OCMode;        /*!< Specifies the output mode.
 232:board/stm32f401rct6/Drivers/STM32F4xx_HAL_Driver/Inc/stm32f4xx_ll_tim.h ****                                This parameter can be a value of @ref TIM_LL_EC_OCMODE.
 233:board/stm32f401rct6/Drivers/STM32F4xx_HAL_Driver/Inc/stm32f4xx_ll_tim.h **** 
 234:board/stm32f401rct6/Drivers/STM32F4xx_HAL_Driver/Inc/stm32f4xx_ll_tim.h ****                                This feature can be modified afterwards using unitary function
 235:board/stm32f401rct6/Drivers/STM32F4xx_HAL_Driver/Inc/stm32f4xx_ll_tim.h ****                                @ref LL_TIM_OC_SetMode().*/
 236:board/stm32f401rct6/Drivers/STM32F4xx_HAL_Driver/Inc/stm32f4xx_ll_tim.h **** 
 237:board/stm32f401rct6/Drivers/STM32F4xx_HAL_Driver/Inc/stm32f4xx_ll_tim.h ****   uint32_t OCState;       /*!< Specifies the TIM Output Compare state.
 238:board/stm32f401rct6/Drivers/STM32F4xx_HAL_Driver/Inc/stm32f4xx_ll_tim.h ****                                This parameter can be a value of @ref TIM_LL_EC_OCSTATE.
 239:board/stm32f401rct6/Drivers/STM32F4xx_HAL_Driver/Inc/stm32f4xx_ll_tim.h **** 
 240:board/stm32f401rct6/Drivers/STM32F4xx_HAL_Driver/Inc/stm32f4xx_ll_tim.h ****                                This feature can be modified afterwards using unitary functions
 241:board/stm32f401rct6/Drivers/STM32F4xx_HAL_Driver/Inc/stm32f4xx_ll_tim.h ****                                @ref LL_TIM_CC_EnableChannel() or @ref LL_TIM_CC_DisableChannel().*/
 242:board/stm32f401rct6/Drivers/STM32F4xx_HAL_Driver/Inc/stm32f4xx_ll_tim.h **** 
 243:board/stm32f401rct6/Drivers/STM32F4xx_HAL_Driver/Inc/stm32f4xx_ll_tim.h ****   uint32_t OCNState;      /*!< Specifies the TIM complementary Output Compare state.
 244:board/stm32f401rct6/Drivers/STM32F4xx_HAL_Driver/Inc/stm32f4xx_ll_tim.h ****                                This parameter can be a value of @ref TIM_LL_EC_OCSTATE.
 245:board/stm32f401rct6/Drivers/STM32F4xx_HAL_Driver/Inc/stm32f4xx_ll_tim.h **** 
 246:board/stm32f401rct6/Drivers/STM32F4xx_HAL_Driver/Inc/stm32f4xx_ll_tim.h ****                                This feature can be modified afterwards using unitary functions
 247:board/stm32f401rct6/Drivers/STM32F4xx_HAL_Driver/Inc/stm32f4xx_ll_tim.h ****                                @ref LL_TIM_CC_EnableChannel() or @ref LL_TIM_CC_DisableChannel().*/
 248:board/stm32f401rct6/Drivers/STM32F4xx_HAL_Driver/Inc/stm32f4xx_ll_tim.h **** 
 249:board/stm32f401rct6/Drivers/STM32F4xx_HAL_Driver/Inc/stm32f4xx_ll_tim.h ****   uint32_t CompareValue;  /*!< Specifies the Compare value to be loaded into the Capture Compare Re
 250:board/stm32f401rct6/Drivers/STM32F4xx_HAL_Driver/Inc/stm32f4xx_ll_tim.h ****                                This parameter can be a number between Min_Data=0x0000 and Max_Data=
 251:board/stm32f401rct6/Drivers/STM32F4xx_HAL_Driver/Inc/stm32f4xx_ll_tim.h **** 
 252:board/stm32f401rct6/Drivers/STM32F4xx_HAL_Driver/Inc/stm32f4xx_ll_tim.h ****                                This feature can be modified afterwards using unitary function
 253:board/stm32f401rct6/Drivers/STM32F4xx_HAL_Driver/Inc/stm32f4xx_ll_tim.h ****                                LL_TIM_OC_SetCompareCHx (x=1..6).*/
 254:board/stm32f401rct6/Drivers/STM32F4xx_HAL_Driver/Inc/stm32f4xx_ll_tim.h **** 
 255:board/stm32f401rct6/Drivers/STM32F4xx_HAL_Driver/Inc/stm32f4xx_ll_tim.h ****   uint32_t OCPolarity;    /*!< Specifies the output polarity.
 256:board/stm32f401rct6/Drivers/STM32F4xx_HAL_Driver/Inc/stm32f4xx_ll_tim.h ****                                This parameter can be a value of @ref TIM_LL_EC_OCPOLARITY.
 257:board/stm32f401rct6/Drivers/STM32F4xx_HAL_Driver/Inc/stm32f4xx_ll_tim.h **** 
ARM GAS  C:\Users\Admin\AppData\Local\Temp\ccrDpVnE.s 			page 24


 258:board/stm32f401rct6/Drivers/STM32F4xx_HAL_Driver/Inc/stm32f4xx_ll_tim.h ****                                This feature can be modified afterwards using unitary function
 259:board/stm32f401rct6/Drivers/STM32F4xx_HAL_Driver/Inc/stm32f4xx_ll_tim.h ****                                @ref LL_TIM_OC_SetPolarity().*/
 260:board/stm32f401rct6/Drivers/STM32F4xx_HAL_Driver/Inc/stm32f4xx_ll_tim.h **** 
 261:board/stm32f401rct6/Drivers/STM32F4xx_HAL_Driver/Inc/stm32f4xx_ll_tim.h ****   uint32_t OCNPolarity;   /*!< Specifies the complementary output polarity.
 262:board/stm32f401rct6/Drivers/STM32F4xx_HAL_Driver/Inc/stm32f4xx_ll_tim.h ****                                This parameter can be a value of @ref TIM_LL_EC_OCPOLARITY.
 263:board/stm32f401rct6/Drivers/STM32F4xx_HAL_Driver/Inc/stm32f4xx_ll_tim.h **** 
 264:board/stm32f401rct6/Drivers/STM32F4xx_HAL_Driver/Inc/stm32f4xx_ll_tim.h ****                                This feature can be modified afterwards using unitary function
 265:board/stm32f401rct6/Drivers/STM32F4xx_HAL_Driver/Inc/stm32f4xx_ll_tim.h ****                                @ref LL_TIM_OC_SetPolarity().*/
 266:board/stm32f401rct6/Drivers/STM32F4xx_HAL_Driver/Inc/stm32f4xx_ll_tim.h **** 
 267:board/stm32f401rct6/Drivers/STM32F4xx_HAL_Driver/Inc/stm32f4xx_ll_tim.h **** 
 268:board/stm32f401rct6/Drivers/STM32F4xx_HAL_Driver/Inc/stm32f4xx_ll_tim.h ****   uint32_t OCIdleState;   /*!< Specifies the TIM Output Compare pin state during Idle state.
 269:board/stm32f401rct6/Drivers/STM32F4xx_HAL_Driver/Inc/stm32f4xx_ll_tim.h ****                                This parameter can be a value of @ref TIM_LL_EC_OCIDLESTATE.
 270:board/stm32f401rct6/Drivers/STM32F4xx_HAL_Driver/Inc/stm32f4xx_ll_tim.h **** 
 271:board/stm32f401rct6/Drivers/STM32F4xx_HAL_Driver/Inc/stm32f4xx_ll_tim.h ****                                This feature can be modified afterwards using unitary function
 272:board/stm32f401rct6/Drivers/STM32F4xx_HAL_Driver/Inc/stm32f4xx_ll_tim.h ****                                @ref LL_TIM_OC_SetIdleState().*/
 273:board/stm32f401rct6/Drivers/STM32F4xx_HAL_Driver/Inc/stm32f4xx_ll_tim.h **** 
 274:board/stm32f401rct6/Drivers/STM32F4xx_HAL_Driver/Inc/stm32f4xx_ll_tim.h ****   uint32_t OCNIdleState;  /*!< Specifies the TIM Output Compare pin state during Idle state.
 275:board/stm32f401rct6/Drivers/STM32F4xx_HAL_Driver/Inc/stm32f4xx_ll_tim.h ****                                This parameter can be a value of @ref TIM_LL_EC_OCIDLESTATE.
 276:board/stm32f401rct6/Drivers/STM32F4xx_HAL_Driver/Inc/stm32f4xx_ll_tim.h **** 
 277:board/stm32f401rct6/Drivers/STM32F4xx_HAL_Driver/Inc/stm32f4xx_ll_tim.h ****                                This feature can be modified afterwards using unitary function
 278:board/stm32f401rct6/Drivers/STM32F4xx_HAL_Driver/Inc/stm32f4xx_ll_tim.h ****                                @ref LL_TIM_OC_SetIdleState().*/
 279:board/stm32f401rct6/Drivers/STM32F4xx_HAL_Driver/Inc/stm32f4xx_ll_tim.h **** } LL_TIM_OC_InitTypeDef;
 280:board/stm32f401rct6/Drivers/STM32F4xx_HAL_Driver/Inc/stm32f4xx_ll_tim.h **** 
 281:board/stm32f401rct6/Drivers/STM32F4xx_HAL_Driver/Inc/stm32f4xx_ll_tim.h **** /**
 282:board/stm32f401rct6/Drivers/STM32F4xx_HAL_Driver/Inc/stm32f4xx_ll_tim.h ****   * @brief  TIM Input Capture configuration structure definition.
 283:board/stm32f401rct6/Drivers/STM32F4xx_HAL_Driver/Inc/stm32f4xx_ll_tim.h ****   */
 284:board/stm32f401rct6/Drivers/STM32F4xx_HAL_Driver/Inc/stm32f4xx_ll_tim.h **** 
 285:board/stm32f401rct6/Drivers/STM32F4xx_HAL_Driver/Inc/stm32f4xx_ll_tim.h **** typedef struct
 286:board/stm32f401rct6/Drivers/STM32F4xx_HAL_Driver/Inc/stm32f4xx_ll_tim.h **** {
 287:board/stm32f401rct6/Drivers/STM32F4xx_HAL_Driver/Inc/stm32f4xx_ll_tim.h **** 
 288:board/stm32f401rct6/Drivers/STM32F4xx_HAL_Driver/Inc/stm32f4xx_ll_tim.h ****   uint32_t ICPolarity;    /*!< Specifies the active edge of the input signal.
 289:board/stm32f401rct6/Drivers/STM32F4xx_HAL_Driver/Inc/stm32f4xx_ll_tim.h ****                                This parameter can be a value of @ref TIM_LL_EC_IC_POLARITY.
 290:board/stm32f401rct6/Drivers/STM32F4xx_HAL_Driver/Inc/stm32f4xx_ll_tim.h **** 
 291:board/stm32f401rct6/Drivers/STM32F4xx_HAL_Driver/Inc/stm32f4xx_ll_tim.h ****                                This feature can be modified afterwards using unitary function
 292:board/stm32f401rct6/Drivers/STM32F4xx_HAL_Driver/Inc/stm32f4xx_ll_tim.h ****                                @ref LL_TIM_IC_SetPolarity().*/
 293:board/stm32f401rct6/Drivers/STM32F4xx_HAL_Driver/Inc/stm32f4xx_ll_tim.h **** 
 294:board/stm32f401rct6/Drivers/STM32F4xx_HAL_Driver/Inc/stm32f4xx_ll_tim.h ****   uint32_t ICActiveInput; /*!< Specifies the input.
 295:board/stm32f401rct6/Drivers/STM32F4xx_HAL_Driver/Inc/stm32f4xx_ll_tim.h ****                                This parameter can be a value of @ref TIM_LL_EC_ACTIVEINPUT.
 296:board/stm32f401rct6/Drivers/STM32F4xx_HAL_Driver/Inc/stm32f4xx_ll_tim.h **** 
 297:board/stm32f401rct6/Drivers/STM32F4xx_HAL_Driver/Inc/stm32f4xx_ll_tim.h ****                                This feature can be modified afterwards using unitary function
 298:board/stm32f401rct6/Drivers/STM32F4xx_HAL_Driver/Inc/stm32f4xx_ll_tim.h ****                                @ref LL_TIM_IC_SetActiveInput().*/
 299:board/stm32f401rct6/Drivers/STM32F4xx_HAL_Driver/Inc/stm32f4xx_ll_tim.h **** 
 300:board/stm32f401rct6/Drivers/STM32F4xx_HAL_Driver/Inc/stm32f4xx_ll_tim.h ****   uint32_t ICPrescaler;   /*!< Specifies the Input Capture Prescaler.
 301:board/stm32f401rct6/Drivers/STM32F4xx_HAL_Driver/Inc/stm32f4xx_ll_tim.h ****                                This parameter can be a value of @ref TIM_LL_EC_ICPSC.
 302:board/stm32f401rct6/Drivers/STM32F4xx_HAL_Driver/Inc/stm32f4xx_ll_tim.h **** 
 303:board/stm32f401rct6/Drivers/STM32F4xx_HAL_Driver/Inc/stm32f4xx_ll_tim.h ****                                This feature can be modified afterwards using unitary function
 304:board/stm32f401rct6/Drivers/STM32F4xx_HAL_Driver/Inc/stm32f4xx_ll_tim.h ****                                @ref LL_TIM_IC_SetPrescaler().*/
 305:board/stm32f401rct6/Drivers/STM32F4xx_HAL_Driver/Inc/stm32f4xx_ll_tim.h **** 
 306:board/stm32f401rct6/Drivers/STM32F4xx_HAL_Driver/Inc/stm32f4xx_ll_tim.h ****   uint32_t ICFilter;      /*!< Specifies the input capture filter.
 307:board/stm32f401rct6/Drivers/STM32F4xx_HAL_Driver/Inc/stm32f4xx_ll_tim.h ****                                This parameter can be a value of @ref TIM_LL_EC_IC_FILTER.
 308:board/stm32f401rct6/Drivers/STM32F4xx_HAL_Driver/Inc/stm32f4xx_ll_tim.h **** 
 309:board/stm32f401rct6/Drivers/STM32F4xx_HAL_Driver/Inc/stm32f4xx_ll_tim.h ****                                This feature can be modified afterwards using unitary function
 310:board/stm32f401rct6/Drivers/STM32F4xx_HAL_Driver/Inc/stm32f4xx_ll_tim.h ****                                @ref LL_TIM_IC_SetFilter().*/
 311:board/stm32f401rct6/Drivers/STM32F4xx_HAL_Driver/Inc/stm32f4xx_ll_tim.h **** } LL_TIM_IC_InitTypeDef;
 312:board/stm32f401rct6/Drivers/STM32F4xx_HAL_Driver/Inc/stm32f4xx_ll_tim.h **** 
 313:board/stm32f401rct6/Drivers/STM32F4xx_HAL_Driver/Inc/stm32f4xx_ll_tim.h **** 
 314:board/stm32f401rct6/Drivers/STM32F4xx_HAL_Driver/Inc/stm32f4xx_ll_tim.h **** /**
ARM GAS  C:\Users\Admin\AppData\Local\Temp\ccrDpVnE.s 			page 25


 315:board/stm32f401rct6/Drivers/STM32F4xx_HAL_Driver/Inc/stm32f4xx_ll_tim.h ****   * @brief  TIM Encoder interface configuration structure definition.
 316:board/stm32f401rct6/Drivers/STM32F4xx_HAL_Driver/Inc/stm32f4xx_ll_tim.h ****   */
 317:board/stm32f401rct6/Drivers/STM32F4xx_HAL_Driver/Inc/stm32f4xx_ll_tim.h **** typedef struct
 318:board/stm32f401rct6/Drivers/STM32F4xx_HAL_Driver/Inc/stm32f4xx_ll_tim.h **** {
 319:board/stm32f401rct6/Drivers/STM32F4xx_HAL_Driver/Inc/stm32f4xx_ll_tim.h ****   uint32_t EncoderMode;     /*!< Specifies the encoder resolution (x2 or x4).
 320:board/stm32f401rct6/Drivers/STM32F4xx_HAL_Driver/Inc/stm32f4xx_ll_tim.h ****                                  This parameter can be a value of @ref TIM_LL_EC_ENCODERMODE.
 321:board/stm32f401rct6/Drivers/STM32F4xx_HAL_Driver/Inc/stm32f4xx_ll_tim.h **** 
 322:board/stm32f401rct6/Drivers/STM32F4xx_HAL_Driver/Inc/stm32f4xx_ll_tim.h ****                                  This feature can be modified afterwards using unitary function
 323:board/stm32f401rct6/Drivers/STM32F4xx_HAL_Driver/Inc/stm32f4xx_ll_tim.h ****                                  @ref LL_TIM_SetEncoderMode().*/
 324:board/stm32f401rct6/Drivers/STM32F4xx_HAL_Driver/Inc/stm32f4xx_ll_tim.h **** 
 325:board/stm32f401rct6/Drivers/STM32F4xx_HAL_Driver/Inc/stm32f4xx_ll_tim.h ****   uint32_t IC1Polarity;     /*!< Specifies the active edge of TI1 input.
 326:board/stm32f401rct6/Drivers/STM32F4xx_HAL_Driver/Inc/stm32f4xx_ll_tim.h ****                                  This parameter can be a value of @ref TIM_LL_EC_IC_POLARITY.
 327:board/stm32f401rct6/Drivers/STM32F4xx_HAL_Driver/Inc/stm32f4xx_ll_tim.h **** 
 328:board/stm32f401rct6/Drivers/STM32F4xx_HAL_Driver/Inc/stm32f4xx_ll_tim.h ****                                  This feature can be modified afterwards using unitary function
 329:board/stm32f401rct6/Drivers/STM32F4xx_HAL_Driver/Inc/stm32f4xx_ll_tim.h ****                                  @ref LL_TIM_IC_SetPolarity().*/
 330:board/stm32f401rct6/Drivers/STM32F4xx_HAL_Driver/Inc/stm32f4xx_ll_tim.h **** 
 331:board/stm32f401rct6/Drivers/STM32F4xx_HAL_Driver/Inc/stm32f4xx_ll_tim.h ****   uint32_t IC1ActiveInput;  /*!< Specifies the TI1 input source
 332:board/stm32f401rct6/Drivers/STM32F4xx_HAL_Driver/Inc/stm32f4xx_ll_tim.h ****                                  This parameter can be a value of @ref TIM_LL_EC_ACTIVEINPUT.
 333:board/stm32f401rct6/Drivers/STM32F4xx_HAL_Driver/Inc/stm32f4xx_ll_tim.h **** 
 334:board/stm32f401rct6/Drivers/STM32F4xx_HAL_Driver/Inc/stm32f4xx_ll_tim.h ****                                  This feature can be modified afterwards using unitary function
 335:board/stm32f401rct6/Drivers/STM32F4xx_HAL_Driver/Inc/stm32f4xx_ll_tim.h ****                                  @ref LL_TIM_IC_SetActiveInput().*/
 336:board/stm32f401rct6/Drivers/STM32F4xx_HAL_Driver/Inc/stm32f4xx_ll_tim.h **** 
 337:board/stm32f401rct6/Drivers/STM32F4xx_HAL_Driver/Inc/stm32f4xx_ll_tim.h ****   uint32_t IC1Prescaler;    /*!< Specifies the TI1 input prescaler value.
 338:board/stm32f401rct6/Drivers/STM32F4xx_HAL_Driver/Inc/stm32f4xx_ll_tim.h ****                                  This parameter can be a value of @ref TIM_LL_EC_ICPSC.
 339:board/stm32f401rct6/Drivers/STM32F4xx_HAL_Driver/Inc/stm32f4xx_ll_tim.h **** 
 340:board/stm32f401rct6/Drivers/STM32F4xx_HAL_Driver/Inc/stm32f4xx_ll_tim.h ****                                  This feature can be modified afterwards using unitary function
 341:board/stm32f401rct6/Drivers/STM32F4xx_HAL_Driver/Inc/stm32f4xx_ll_tim.h ****                                  @ref LL_TIM_IC_SetPrescaler().*/
 342:board/stm32f401rct6/Drivers/STM32F4xx_HAL_Driver/Inc/stm32f4xx_ll_tim.h **** 
 343:board/stm32f401rct6/Drivers/STM32F4xx_HAL_Driver/Inc/stm32f4xx_ll_tim.h ****   uint32_t IC1Filter;       /*!< Specifies the TI1 input filter.
 344:board/stm32f401rct6/Drivers/STM32F4xx_HAL_Driver/Inc/stm32f4xx_ll_tim.h ****                                  This parameter can be a value of @ref TIM_LL_EC_IC_FILTER.
 345:board/stm32f401rct6/Drivers/STM32F4xx_HAL_Driver/Inc/stm32f4xx_ll_tim.h **** 
 346:board/stm32f401rct6/Drivers/STM32F4xx_HAL_Driver/Inc/stm32f4xx_ll_tim.h ****                                  This feature can be modified afterwards using unitary function
 347:board/stm32f401rct6/Drivers/STM32F4xx_HAL_Driver/Inc/stm32f4xx_ll_tim.h ****                                  @ref LL_TIM_IC_SetFilter().*/
 348:board/stm32f401rct6/Drivers/STM32F4xx_HAL_Driver/Inc/stm32f4xx_ll_tim.h **** 
 349:board/stm32f401rct6/Drivers/STM32F4xx_HAL_Driver/Inc/stm32f4xx_ll_tim.h ****   uint32_t IC2Polarity;      /*!< Specifies the active edge of TI2 input.
 350:board/stm32f401rct6/Drivers/STM32F4xx_HAL_Driver/Inc/stm32f4xx_ll_tim.h ****                                  This parameter can be a value of @ref TIM_LL_EC_IC_POLARITY.
 351:board/stm32f401rct6/Drivers/STM32F4xx_HAL_Driver/Inc/stm32f4xx_ll_tim.h **** 
 352:board/stm32f401rct6/Drivers/STM32F4xx_HAL_Driver/Inc/stm32f4xx_ll_tim.h ****                                  This feature can be modified afterwards using unitary function
 353:board/stm32f401rct6/Drivers/STM32F4xx_HAL_Driver/Inc/stm32f4xx_ll_tim.h ****                                  @ref LL_TIM_IC_SetPolarity().*/
 354:board/stm32f401rct6/Drivers/STM32F4xx_HAL_Driver/Inc/stm32f4xx_ll_tim.h **** 
 355:board/stm32f401rct6/Drivers/STM32F4xx_HAL_Driver/Inc/stm32f4xx_ll_tim.h ****   uint32_t IC2ActiveInput;  /*!< Specifies the TI2 input source
 356:board/stm32f401rct6/Drivers/STM32F4xx_HAL_Driver/Inc/stm32f4xx_ll_tim.h ****                                  This parameter can be a value of @ref TIM_LL_EC_ACTIVEINPUT.
 357:board/stm32f401rct6/Drivers/STM32F4xx_HAL_Driver/Inc/stm32f4xx_ll_tim.h **** 
 358:board/stm32f401rct6/Drivers/STM32F4xx_HAL_Driver/Inc/stm32f4xx_ll_tim.h ****                                  This feature can be modified afterwards using unitary function
 359:board/stm32f401rct6/Drivers/STM32F4xx_HAL_Driver/Inc/stm32f4xx_ll_tim.h ****                                  @ref LL_TIM_IC_SetActiveInput().*/
 360:board/stm32f401rct6/Drivers/STM32F4xx_HAL_Driver/Inc/stm32f4xx_ll_tim.h **** 
 361:board/stm32f401rct6/Drivers/STM32F4xx_HAL_Driver/Inc/stm32f4xx_ll_tim.h ****   uint32_t IC2Prescaler;    /*!< Specifies the TI2 input prescaler value.
 362:board/stm32f401rct6/Drivers/STM32F4xx_HAL_Driver/Inc/stm32f4xx_ll_tim.h ****                                  This parameter can be a value of @ref TIM_LL_EC_ICPSC.
 363:board/stm32f401rct6/Drivers/STM32F4xx_HAL_Driver/Inc/stm32f4xx_ll_tim.h **** 
 364:board/stm32f401rct6/Drivers/STM32F4xx_HAL_Driver/Inc/stm32f4xx_ll_tim.h ****                                  This feature can be modified afterwards using unitary function
 365:board/stm32f401rct6/Drivers/STM32F4xx_HAL_Driver/Inc/stm32f4xx_ll_tim.h ****                                  @ref LL_TIM_IC_SetPrescaler().*/
 366:board/stm32f401rct6/Drivers/STM32F4xx_HAL_Driver/Inc/stm32f4xx_ll_tim.h **** 
 367:board/stm32f401rct6/Drivers/STM32F4xx_HAL_Driver/Inc/stm32f4xx_ll_tim.h ****   uint32_t IC2Filter;       /*!< Specifies the TI2 input filter.
 368:board/stm32f401rct6/Drivers/STM32F4xx_HAL_Driver/Inc/stm32f4xx_ll_tim.h ****                                  This parameter can be a value of @ref TIM_LL_EC_IC_FILTER.
 369:board/stm32f401rct6/Drivers/STM32F4xx_HAL_Driver/Inc/stm32f4xx_ll_tim.h **** 
 370:board/stm32f401rct6/Drivers/STM32F4xx_HAL_Driver/Inc/stm32f4xx_ll_tim.h ****                                  This feature can be modified afterwards using unitary function
 371:board/stm32f401rct6/Drivers/STM32F4xx_HAL_Driver/Inc/stm32f4xx_ll_tim.h ****                                  @ref LL_TIM_IC_SetFilter().*/
ARM GAS  C:\Users\Admin\AppData\Local\Temp\ccrDpVnE.s 			page 26


 372:board/stm32f401rct6/Drivers/STM32F4xx_HAL_Driver/Inc/stm32f4xx_ll_tim.h **** 
 373:board/stm32f401rct6/Drivers/STM32F4xx_HAL_Driver/Inc/stm32f4xx_ll_tim.h **** } LL_TIM_ENCODER_InitTypeDef;
 374:board/stm32f401rct6/Drivers/STM32F4xx_HAL_Driver/Inc/stm32f4xx_ll_tim.h **** 
 375:board/stm32f401rct6/Drivers/STM32F4xx_HAL_Driver/Inc/stm32f4xx_ll_tim.h **** /**
 376:board/stm32f401rct6/Drivers/STM32F4xx_HAL_Driver/Inc/stm32f4xx_ll_tim.h ****   * @brief  TIM Hall sensor interface configuration structure definition.
 377:board/stm32f401rct6/Drivers/STM32F4xx_HAL_Driver/Inc/stm32f4xx_ll_tim.h ****   */
 378:board/stm32f401rct6/Drivers/STM32F4xx_HAL_Driver/Inc/stm32f4xx_ll_tim.h **** typedef struct
 379:board/stm32f401rct6/Drivers/STM32F4xx_HAL_Driver/Inc/stm32f4xx_ll_tim.h **** {
 380:board/stm32f401rct6/Drivers/STM32F4xx_HAL_Driver/Inc/stm32f4xx_ll_tim.h **** 
 381:board/stm32f401rct6/Drivers/STM32F4xx_HAL_Driver/Inc/stm32f4xx_ll_tim.h ****   uint32_t IC1Polarity;        /*!< Specifies the active edge of TI1 input.
 382:board/stm32f401rct6/Drivers/STM32F4xx_HAL_Driver/Inc/stm32f4xx_ll_tim.h ****                                     This parameter can be a value of @ref TIM_LL_EC_IC_POLARITY.
 383:board/stm32f401rct6/Drivers/STM32F4xx_HAL_Driver/Inc/stm32f4xx_ll_tim.h **** 
 384:board/stm32f401rct6/Drivers/STM32F4xx_HAL_Driver/Inc/stm32f4xx_ll_tim.h ****                                     This feature can be modified afterwards using unitary function
 385:board/stm32f401rct6/Drivers/STM32F4xx_HAL_Driver/Inc/stm32f4xx_ll_tim.h ****                                     @ref LL_TIM_IC_SetPolarity().*/
 386:board/stm32f401rct6/Drivers/STM32F4xx_HAL_Driver/Inc/stm32f4xx_ll_tim.h **** 
 387:board/stm32f401rct6/Drivers/STM32F4xx_HAL_Driver/Inc/stm32f4xx_ll_tim.h ****   uint32_t IC1Prescaler;       /*!< Specifies the TI1 input prescaler value.
 388:board/stm32f401rct6/Drivers/STM32F4xx_HAL_Driver/Inc/stm32f4xx_ll_tim.h ****                                     Prescaler must be set to get a maximum counter period longer th
 389:board/stm32f401rct6/Drivers/STM32F4xx_HAL_Driver/Inc/stm32f4xx_ll_tim.h ****                                     time interval between 2 consecutive changes on the Hall inputs.
 390:board/stm32f401rct6/Drivers/STM32F4xx_HAL_Driver/Inc/stm32f4xx_ll_tim.h ****                                     This parameter can be a value of @ref TIM_LL_EC_ICPSC.
 391:board/stm32f401rct6/Drivers/STM32F4xx_HAL_Driver/Inc/stm32f4xx_ll_tim.h **** 
 392:board/stm32f401rct6/Drivers/STM32F4xx_HAL_Driver/Inc/stm32f4xx_ll_tim.h ****                                     This feature can be modified afterwards using unitary function
 393:board/stm32f401rct6/Drivers/STM32F4xx_HAL_Driver/Inc/stm32f4xx_ll_tim.h ****                                     @ref LL_TIM_IC_SetPrescaler().*/
 394:board/stm32f401rct6/Drivers/STM32F4xx_HAL_Driver/Inc/stm32f4xx_ll_tim.h **** 
 395:board/stm32f401rct6/Drivers/STM32F4xx_HAL_Driver/Inc/stm32f4xx_ll_tim.h ****   uint32_t IC1Filter;          /*!< Specifies the TI1 input filter.
 396:board/stm32f401rct6/Drivers/STM32F4xx_HAL_Driver/Inc/stm32f4xx_ll_tim.h ****                                     This parameter can be a value of
 397:board/stm32f401rct6/Drivers/STM32F4xx_HAL_Driver/Inc/stm32f4xx_ll_tim.h ****                                     @ref TIM_LL_EC_IC_FILTER.
 398:board/stm32f401rct6/Drivers/STM32F4xx_HAL_Driver/Inc/stm32f4xx_ll_tim.h **** 
 399:board/stm32f401rct6/Drivers/STM32F4xx_HAL_Driver/Inc/stm32f4xx_ll_tim.h ****                                     This feature can be modified afterwards using unitary function
 400:board/stm32f401rct6/Drivers/STM32F4xx_HAL_Driver/Inc/stm32f4xx_ll_tim.h ****                                     @ref LL_TIM_IC_SetFilter().*/
 401:board/stm32f401rct6/Drivers/STM32F4xx_HAL_Driver/Inc/stm32f4xx_ll_tim.h **** 
 402:board/stm32f401rct6/Drivers/STM32F4xx_HAL_Driver/Inc/stm32f4xx_ll_tim.h ****   uint32_t CommutationDelay;   /*!< Specifies the compare value to be loaded into the Capture Compa
 403:board/stm32f401rct6/Drivers/STM32F4xx_HAL_Driver/Inc/stm32f4xx_ll_tim.h ****                                     A positive pulse (TRGO event) is generated with a programmable 
 404:board/stm32f401rct6/Drivers/STM32F4xx_HAL_Driver/Inc/stm32f4xx_ll_tim.h ****                                     a change occurs on the Hall inputs.
 405:board/stm32f401rct6/Drivers/STM32F4xx_HAL_Driver/Inc/stm32f4xx_ll_tim.h ****                                     This parameter can be a number between Min_Data = 0x0000 and Ma
 406:board/stm32f401rct6/Drivers/STM32F4xx_HAL_Driver/Inc/stm32f4xx_ll_tim.h **** 
 407:board/stm32f401rct6/Drivers/STM32F4xx_HAL_Driver/Inc/stm32f4xx_ll_tim.h ****                                     This feature can be modified afterwards using unitary function
 408:board/stm32f401rct6/Drivers/STM32F4xx_HAL_Driver/Inc/stm32f4xx_ll_tim.h ****                                     @ref LL_TIM_OC_SetCompareCH2().*/
 409:board/stm32f401rct6/Drivers/STM32F4xx_HAL_Driver/Inc/stm32f4xx_ll_tim.h **** } LL_TIM_HALLSENSOR_InitTypeDef;
 410:board/stm32f401rct6/Drivers/STM32F4xx_HAL_Driver/Inc/stm32f4xx_ll_tim.h **** 
 411:board/stm32f401rct6/Drivers/STM32F4xx_HAL_Driver/Inc/stm32f4xx_ll_tim.h **** /**
 412:board/stm32f401rct6/Drivers/STM32F4xx_HAL_Driver/Inc/stm32f4xx_ll_tim.h ****   * @brief  BDTR (Break and Dead Time) structure definition
 413:board/stm32f401rct6/Drivers/STM32F4xx_HAL_Driver/Inc/stm32f4xx_ll_tim.h ****   */
 414:board/stm32f401rct6/Drivers/STM32F4xx_HAL_Driver/Inc/stm32f4xx_ll_tim.h **** typedef struct
 415:board/stm32f401rct6/Drivers/STM32F4xx_HAL_Driver/Inc/stm32f4xx_ll_tim.h **** {
 416:board/stm32f401rct6/Drivers/STM32F4xx_HAL_Driver/Inc/stm32f4xx_ll_tim.h ****   uint32_t OSSRState;            /*!< Specifies the Off-State selection used in Run mode.
 417:board/stm32f401rct6/Drivers/STM32F4xx_HAL_Driver/Inc/stm32f4xx_ll_tim.h ****                                       This parameter can be a value of @ref TIM_LL_EC_OSSR
 418:board/stm32f401rct6/Drivers/STM32F4xx_HAL_Driver/Inc/stm32f4xx_ll_tim.h **** 
 419:board/stm32f401rct6/Drivers/STM32F4xx_HAL_Driver/Inc/stm32f4xx_ll_tim.h ****                                       This feature can be modified afterwards using unitary functio
 420:board/stm32f401rct6/Drivers/STM32F4xx_HAL_Driver/Inc/stm32f4xx_ll_tim.h ****                                       @ref LL_TIM_SetOffStates()
 421:board/stm32f401rct6/Drivers/STM32F4xx_HAL_Driver/Inc/stm32f4xx_ll_tim.h **** 
 422:board/stm32f401rct6/Drivers/STM32F4xx_HAL_Driver/Inc/stm32f4xx_ll_tim.h ****                                       @note This bit-field cannot be modified as long as LOCK level
 423:board/stm32f401rct6/Drivers/STM32F4xx_HAL_Driver/Inc/stm32f4xx_ll_tim.h ****                                        programmed. */
 424:board/stm32f401rct6/Drivers/STM32F4xx_HAL_Driver/Inc/stm32f4xx_ll_tim.h **** 
 425:board/stm32f401rct6/Drivers/STM32F4xx_HAL_Driver/Inc/stm32f4xx_ll_tim.h ****   uint32_t OSSIState;            /*!< Specifies the Off-State used in Idle state.
 426:board/stm32f401rct6/Drivers/STM32F4xx_HAL_Driver/Inc/stm32f4xx_ll_tim.h ****                                       This parameter can be a value of @ref TIM_LL_EC_OSSI
 427:board/stm32f401rct6/Drivers/STM32F4xx_HAL_Driver/Inc/stm32f4xx_ll_tim.h **** 
 428:board/stm32f401rct6/Drivers/STM32F4xx_HAL_Driver/Inc/stm32f4xx_ll_tim.h ****                                       This feature can be modified afterwards using unitary functio
ARM GAS  C:\Users\Admin\AppData\Local\Temp\ccrDpVnE.s 			page 27


 429:board/stm32f401rct6/Drivers/STM32F4xx_HAL_Driver/Inc/stm32f4xx_ll_tim.h ****                                       @ref LL_TIM_SetOffStates()
 430:board/stm32f401rct6/Drivers/STM32F4xx_HAL_Driver/Inc/stm32f4xx_ll_tim.h **** 
 431:board/stm32f401rct6/Drivers/STM32F4xx_HAL_Driver/Inc/stm32f4xx_ll_tim.h ****                                       @note This bit-field cannot be modified as long as LOCK level
 432:board/stm32f401rct6/Drivers/STM32F4xx_HAL_Driver/Inc/stm32f4xx_ll_tim.h ****                                       programmed. */
 433:board/stm32f401rct6/Drivers/STM32F4xx_HAL_Driver/Inc/stm32f4xx_ll_tim.h **** 
 434:board/stm32f401rct6/Drivers/STM32F4xx_HAL_Driver/Inc/stm32f4xx_ll_tim.h ****   uint32_t LockLevel;            /*!< Specifies the LOCK level parameters.
 435:board/stm32f401rct6/Drivers/STM32F4xx_HAL_Driver/Inc/stm32f4xx_ll_tim.h ****                                       This parameter can be a value of @ref TIM_LL_EC_LOCKLEVEL
 436:board/stm32f401rct6/Drivers/STM32F4xx_HAL_Driver/Inc/stm32f4xx_ll_tim.h **** 
 437:board/stm32f401rct6/Drivers/STM32F4xx_HAL_Driver/Inc/stm32f4xx_ll_tim.h ****                                       @note The LOCK bits can be written only once after the reset.
 438:board/stm32f401rct6/Drivers/STM32F4xx_HAL_Driver/Inc/stm32f4xx_ll_tim.h ****                                       register has been written, their content is frozen until the 
 439:board/stm32f401rct6/Drivers/STM32F4xx_HAL_Driver/Inc/stm32f4xx_ll_tim.h **** 
 440:board/stm32f401rct6/Drivers/STM32F4xx_HAL_Driver/Inc/stm32f4xx_ll_tim.h ****   uint8_t DeadTime;              /*!< Specifies the delay time between the switching-off and the
 441:board/stm32f401rct6/Drivers/STM32F4xx_HAL_Driver/Inc/stm32f4xx_ll_tim.h ****                                       switching-on of the outputs.
 442:board/stm32f401rct6/Drivers/STM32F4xx_HAL_Driver/Inc/stm32f4xx_ll_tim.h ****                                       This parameter can be a number between Min_Data = 0x00 and Ma
 443:board/stm32f401rct6/Drivers/STM32F4xx_HAL_Driver/Inc/stm32f4xx_ll_tim.h **** 
 444:board/stm32f401rct6/Drivers/STM32F4xx_HAL_Driver/Inc/stm32f4xx_ll_tim.h ****                                       This feature can be modified afterwards using unitary functio
 445:board/stm32f401rct6/Drivers/STM32F4xx_HAL_Driver/Inc/stm32f4xx_ll_tim.h ****                                       @ref LL_TIM_OC_SetDeadTime()
 446:board/stm32f401rct6/Drivers/STM32F4xx_HAL_Driver/Inc/stm32f4xx_ll_tim.h **** 
 447:board/stm32f401rct6/Drivers/STM32F4xx_HAL_Driver/Inc/stm32f4xx_ll_tim.h ****                                       @note This bit-field can not be modified as long as LOCK leve
 448:board/stm32f401rct6/Drivers/STM32F4xx_HAL_Driver/Inc/stm32f4xx_ll_tim.h ****                                        programmed. */
 449:board/stm32f401rct6/Drivers/STM32F4xx_HAL_Driver/Inc/stm32f4xx_ll_tim.h **** 
 450:board/stm32f401rct6/Drivers/STM32F4xx_HAL_Driver/Inc/stm32f4xx_ll_tim.h ****   uint16_t BreakState;           /*!< Specifies whether the TIM Break input is enabled or not.
 451:board/stm32f401rct6/Drivers/STM32F4xx_HAL_Driver/Inc/stm32f4xx_ll_tim.h ****                                       This parameter can be a value of @ref TIM_LL_EC_BREAK_ENABLE
 452:board/stm32f401rct6/Drivers/STM32F4xx_HAL_Driver/Inc/stm32f4xx_ll_tim.h **** 
 453:board/stm32f401rct6/Drivers/STM32F4xx_HAL_Driver/Inc/stm32f4xx_ll_tim.h ****                                       This feature can be modified afterwards using unitary functio
 454:board/stm32f401rct6/Drivers/STM32F4xx_HAL_Driver/Inc/stm32f4xx_ll_tim.h ****                                       @ref LL_TIM_EnableBRK() or @ref LL_TIM_DisableBRK()
 455:board/stm32f401rct6/Drivers/STM32F4xx_HAL_Driver/Inc/stm32f4xx_ll_tim.h **** 
 456:board/stm32f401rct6/Drivers/STM32F4xx_HAL_Driver/Inc/stm32f4xx_ll_tim.h ****                                       @note This bit-field can not be modified as long as LOCK leve
 457:board/stm32f401rct6/Drivers/STM32F4xx_HAL_Driver/Inc/stm32f4xx_ll_tim.h ****                                       programmed. */
 458:board/stm32f401rct6/Drivers/STM32F4xx_HAL_Driver/Inc/stm32f4xx_ll_tim.h **** 
 459:board/stm32f401rct6/Drivers/STM32F4xx_HAL_Driver/Inc/stm32f4xx_ll_tim.h ****   uint32_t BreakPolarity;        /*!< Specifies the TIM Break Input pin polarity.
 460:board/stm32f401rct6/Drivers/STM32F4xx_HAL_Driver/Inc/stm32f4xx_ll_tim.h ****                                       This parameter can be a value of @ref TIM_LL_EC_BREAK_POLARIT
 461:board/stm32f401rct6/Drivers/STM32F4xx_HAL_Driver/Inc/stm32f4xx_ll_tim.h **** 
 462:board/stm32f401rct6/Drivers/STM32F4xx_HAL_Driver/Inc/stm32f4xx_ll_tim.h ****                                       This feature can be modified afterwards using unitary functio
 463:board/stm32f401rct6/Drivers/STM32F4xx_HAL_Driver/Inc/stm32f4xx_ll_tim.h ****                                       @ref LL_TIM_ConfigBRK()
 464:board/stm32f401rct6/Drivers/STM32F4xx_HAL_Driver/Inc/stm32f4xx_ll_tim.h **** 
 465:board/stm32f401rct6/Drivers/STM32F4xx_HAL_Driver/Inc/stm32f4xx_ll_tim.h ****                                       @note This bit-field can not be modified as long as LOCK leve
 466:board/stm32f401rct6/Drivers/STM32F4xx_HAL_Driver/Inc/stm32f4xx_ll_tim.h ****                                       programmed. */
 467:board/stm32f401rct6/Drivers/STM32F4xx_HAL_Driver/Inc/stm32f4xx_ll_tim.h **** 
 468:board/stm32f401rct6/Drivers/STM32F4xx_HAL_Driver/Inc/stm32f4xx_ll_tim.h ****   uint32_t AutomaticOutput;      /*!< Specifies whether the TIM Automatic Output feature is enabled
 469:board/stm32f401rct6/Drivers/STM32F4xx_HAL_Driver/Inc/stm32f4xx_ll_tim.h ****                                       This parameter can be a value of @ref TIM_LL_EC_AUTOMATICOUTP
 470:board/stm32f401rct6/Drivers/STM32F4xx_HAL_Driver/Inc/stm32f4xx_ll_tim.h **** 
 471:board/stm32f401rct6/Drivers/STM32F4xx_HAL_Driver/Inc/stm32f4xx_ll_tim.h ****                                       This feature can be modified afterwards using unitary functio
 472:board/stm32f401rct6/Drivers/STM32F4xx_HAL_Driver/Inc/stm32f4xx_ll_tim.h ****                                       @ref LL_TIM_EnableAutomaticOutput() or @ref LL_TIM_DisableAut
 473:board/stm32f401rct6/Drivers/STM32F4xx_HAL_Driver/Inc/stm32f4xx_ll_tim.h **** 
 474:board/stm32f401rct6/Drivers/STM32F4xx_HAL_Driver/Inc/stm32f4xx_ll_tim.h ****                                       @note This bit-field can not be modified as long as LOCK leve
 475:board/stm32f401rct6/Drivers/STM32F4xx_HAL_Driver/Inc/stm32f4xx_ll_tim.h ****                                       programmed. */
 476:board/stm32f401rct6/Drivers/STM32F4xx_HAL_Driver/Inc/stm32f4xx_ll_tim.h **** } LL_TIM_BDTR_InitTypeDef;
 477:board/stm32f401rct6/Drivers/STM32F4xx_HAL_Driver/Inc/stm32f4xx_ll_tim.h **** 
 478:board/stm32f401rct6/Drivers/STM32F4xx_HAL_Driver/Inc/stm32f4xx_ll_tim.h **** /**
 479:board/stm32f401rct6/Drivers/STM32F4xx_HAL_Driver/Inc/stm32f4xx_ll_tim.h ****   * @}
 480:board/stm32f401rct6/Drivers/STM32F4xx_HAL_Driver/Inc/stm32f4xx_ll_tim.h ****   */
 481:board/stm32f401rct6/Drivers/STM32F4xx_HAL_Driver/Inc/stm32f4xx_ll_tim.h **** #endif /* USE_FULL_LL_DRIVER */
 482:board/stm32f401rct6/Drivers/STM32F4xx_HAL_Driver/Inc/stm32f4xx_ll_tim.h **** 
 483:board/stm32f401rct6/Drivers/STM32F4xx_HAL_Driver/Inc/stm32f4xx_ll_tim.h **** /* Exported constants --------------------------------------------------------*/
 484:board/stm32f401rct6/Drivers/STM32F4xx_HAL_Driver/Inc/stm32f4xx_ll_tim.h **** /** @defgroup TIM_LL_Exported_Constants TIM Exported Constants
 485:board/stm32f401rct6/Drivers/STM32F4xx_HAL_Driver/Inc/stm32f4xx_ll_tim.h ****   * @{
ARM GAS  C:\Users\Admin\AppData\Local\Temp\ccrDpVnE.s 			page 28


 486:board/stm32f401rct6/Drivers/STM32F4xx_HAL_Driver/Inc/stm32f4xx_ll_tim.h ****   */
 487:board/stm32f401rct6/Drivers/STM32F4xx_HAL_Driver/Inc/stm32f4xx_ll_tim.h **** 
 488:board/stm32f401rct6/Drivers/STM32F4xx_HAL_Driver/Inc/stm32f4xx_ll_tim.h **** /** @defgroup TIM_LL_EC_GET_FLAG Get Flags Defines
 489:board/stm32f401rct6/Drivers/STM32F4xx_HAL_Driver/Inc/stm32f4xx_ll_tim.h ****   * @brief    Flags defines which can be used with LL_TIM_ReadReg function.
 490:board/stm32f401rct6/Drivers/STM32F4xx_HAL_Driver/Inc/stm32f4xx_ll_tim.h ****   * @{
 491:board/stm32f401rct6/Drivers/STM32F4xx_HAL_Driver/Inc/stm32f4xx_ll_tim.h ****   */
 492:board/stm32f401rct6/Drivers/STM32F4xx_HAL_Driver/Inc/stm32f4xx_ll_tim.h **** #define LL_TIM_SR_UIF                          TIM_SR_UIF           /*!< Update interrupt flag */
 493:board/stm32f401rct6/Drivers/STM32F4xx_HAL_Driver/Inc/stm32f4xx_ll_tim.h **** #define LL_TIM_SR_CC1IF                        TIM_SR_CC1IF         /*!< Capture/compare 1 interrup
 494:board/stm32f401rct6/Drivers/STM32F4xx_HAL_Driver/Inc/stm32f4xx_ll_tim.h **** #define LL_TIM_SR_CC2IF                        TIM_SR_CC2IF         /*!< Capture/compare 2 interrup
 495:board/stm32f401rct6/Drivers/STM32F4xx_HAL_Driver/Inc/stm32f4xx_ll_tim.h **** #define LL_TIM_SR_CC3IF                        TIM_SR_CC3IF         /*!< Capture/compare 3 interrup
 496:board/stm32f401rct6/Drivers/STM32F4xx_HAL_Driver/Inc/stm32f4xx_ll_tim.h **** #define LL_TIM_SR_CC4IF                        TIM_SR_CC4IF         /*!< Capture/compare 4 interrup
 497:board/stm32f401rct6/Drivers/STM32F4xx_HAL_Driver/Inc/stm32f4xx_ll_tim.h **** #define LL_TIM_SR_COMIF                        TIM_SR_COMIF         /*!< COM interrupt flag */
 498:board/stm32f401rct6/Drivers/STM32F4xx_HAL_Driver/Inc/stm32f4xx_ll_tim.h **** #define LL_TIM_SR_TIF                          TIM_SR_TIF           /*!< Trigger interrupt flag */
 499:board/stm32f401rct6/Drivers/STM32F4xx_HAL_Driver/Inc/stm32f4xx_ll_tim.h **** #define LL_TIM_SR_BIF                          TIM_SR_BIF           /*!< Break interrupt flag */
 500:board/stm32f401rct6/Drivers/STM32F4xx_HAL_Driver/Inc/stm32f4xx_ll_tim.h **** #define LL_TIM_SR_CC1OF                        TIM_SR_CC1OF         /*!< Capture/Compare 1 overcapt
 501:board/stm32f401rct6/Drivers/STM32F4xx_HAL_Driver/Inc/stm32f4xx_ll_tim.h **** #define LL_TIM_SR_CC2OF                        TIM_SR_CC2OF         /*!< Capture/Compare 2 overcapt
 502:board/stm32f401rct6/Drivers/STM32F4xx_HAL_Driver/Inc/stm32f4xx_ll_tim.h **** #define LL_TIM_SR_CC3OF                        TIM_SR_CC3OF         /*!< Capture/Compare 3 overcapt
 503:board/stm32f401rct6/Drivers/STM32F4xx_HAL_Driver/Inc/stm32f4xx_ll_tim.h **** #define LL_TIM_SR_CC4OF                        TIM_SR_CC4OF         /*!< Capture/Compare 4 overcapt
 504:board/stm32f401rct6/Drivers/STM32F4xx_HAL_Driver/Inc/stm32f4xx_ll_tim.h **** /**
 505:board/stm32f401rct6/Drivers/STM32F4xx_HAL_Driver/Inc/stm32f4xx_ll_tim.h ****   * @}
 506:board/stm32f401rct6/Drivers/STM32F4xx_HAL_Driver/Inc/stm32f4xx_ll_tim.h ****   */
 507:board/stm32f401rct6/Drivers/STM32F4xx_HAL_Driver/Inc/stm32f4xx_ll_tim.h **** 
 508:board/stm32f401rct6/Drivers/STM32F4xx_HAL_Driver/Inc/stm32f4xx_ll_tim.h **** #if defined(USE_FULL_LL_DRIVER)
 509:board/stm32f401rct6/Drivers/STM32F4xx_HAL_Driver/Inc/stm32f4xx_ll_tim.h **** /** @defgroup TIM_LL_EC_BREAK_ENABLE Break Enable
 510:board/stm32f401rct6/Drivers/STM32F4xx_HAL_Driver/Inc/stm32f4xx_ll_tim.h ****   * @{
 511:board/stm32f401rct6/Drivers/STM32F4xx_HAL_Driver/Inc/stm32f4xx_ll_tim.h ****   */
 512:board/stm32f401rct6/Drivers/STM32F4xx_HAL_Driver/Inc/stm32f4xx_ll_tim.h **** #define LL_TIM_BREAK_DISABLE            0x00000000U             /*!< Break function disabled */
 513:board/stm32f401rct6/Drivers/STM32F4xx_HAL_Driver/Inc/stm32f4xx_ll_tim.h **** #define LL_TIM_BREAK_ENABLE             TIM_BDTR_BKE            /*!< Break function enabled */
 514:board/stm32f401rct6/Drivers/STM32F4xx_HAL_Driver/Inc/stm32f4xx_ll_tim.h **** /**
 515:board/stm32f401rct6/Drivers/STM32F4xx_HAL_Driver/Inc/stm32f4xx_ll_tim.h ****   * @}
 516:board/stm32f401rct6/Drivers/STM32F4xx_HAL_Driver/Inc/stm32f4xx_ll_tim.h ****   */
 517:board/stm32f401rct6/Drivers/STM32F4xx_HAL_Driver/Inc/stm32f4xx_ll_tim.h **** 
 518:board/stm32f401rct6/Drivers/STM32F4xx_HAL_Driver/Inc/stm32f4xx_ll_tim.h **** /** @defgroup TIM_LL_EC_AUTOMATICOUTPUT_ENABLE Automatic output enable
 519:board/stm32f401rct6/Drivers/STM32F4xx_HAL_Driver/Inc/stm32f4xx_ll_tim.h ****   * @{
 520:board/stm32f401rct6/Drivers/STM32F4xx_HAL_Driver/Inc/stm32f4xx_ll_tim.h ****   */
 521:board/stm32f401rct6/Drivers/STM32F4xx_HAL_Driver/Inc/stm32f4xx_ll_tim.h **** #define LL_TIM_AUTOMATICOUTPUT_DISABLE         0x00000000U             /*!< MOE can be set only by 
 522:board/stm32f401rct6/Drivers/STM32F4xx_HAL_Driver/Inc/stm32f4xx_ll_tim.h **** #define LL_TIM_AUTOMATICOUTPUT_ENABLE          TIM_BDTR_AOE            /*!< MOE can be set by softw
 523:board/stm32f401rct6/Drivers/STM32F4xx_HAL_Driver/Inc/stm32f4xx_ll_tim.h **** /**
 524:board/stm32f401rct6/Drivers/STM32F4xx_HAL_Driver/Inc/stm32f4xx_ll_tim.h ****   * @}
 525:board/stm32f401rct6/Drivers/STM32F4xx_HAL_Driver/Inc/stm32f4xx_ll_tim.h ****   */
 526:board/stm32f401rct6/Drivers/STM32F4xx_HAL_Driver/Inc/stm32f4xx_ll_tim.h **** #endif /* USE_FULL_LL_DRIVER */
 527:board/stm32f401rct6/Drivers/STM32F4xx_HAL_Driver/Inc/stm32f4xx_ll_tim.h **** 
 528:board/stm32f401rct6/Drivers/STM32F4xx_HAL_Driver/Inc/stm32f4xx_ll_tim.h **** /** @defgroup TIM_LL_EC_IT IT Defines
 529:board/stm32f401rct6/Drivers/STM32F4xx_HAL_Driver/Inc/stm32f4xx_ll_tim.h ****   * @brief    IT defines which can be used with LL_TIM_ReadReg and  LL_TIM_WriteReg functions.
 530:board/stm32f401rct6/Drivers/STM32F4xx_HAL_Driver/Inc/stm32f4xx_ll_tim.h ****   * @{
 531:board/stm32f401rct6/Drivers/STM32F4xx_HAL_Driver/Inc/stm32f4xx_ll_tim.h ****   */
 532:board/stm32f401rct6/Drivers/STM32F4xx_HAL_Driver/Inc/stm32f4xx_ll_tim.h **** #define LL_TIM_DIER_UIE                        TIM_DIER_UIE         /*!< Update interrupt enable */
 533:board/stm32f401rct6/Drivers/STM32F4xx_HAL_Driver/Inc/stm32f4xx_ll_tim.h **** #define LL_TIM_DIER_CC1IE                      TIM_DIER_CC1IE       /*!< Capture/compare 1 interrup
 534:board/stm32f401rct6/Drivers/STM32F4xx_HAL_Driver/Inc/stm32f4xx_ll_tim.h **** #define LL_TIM_DIER_CC2IE                      TIM_DIER_CC2IE       /*!< Capture/compare 2 interrup
 535:board/stm32f401rct6/Drivers/STM32F4xx_HAL_Driver/Inc/stm32f4xx_ll_tim.h **** #define LL_TIM_DIER_CC3IE                      TIM_DIER_CC3IE       /*!< Capture/compare 3 interrup
 536:board/stm32f401rct6/Drivers/STM32F4xx_HAL_Driver/Inc/stm32f4xx_ll_tim.h **** #define LL_TIM_DIER_CC4IE                      TIM_DIER_CC4IE       /*!< Capture/compare 4 interrup
 537:board/stm32f401rct6/Drivers/STM32F4xx_HAL_Driver/Inc/stm32f4xx_ll_tim.h **** #define LL_TIM_DIER_COMIE                      TIM_DIER_COMIE       /*!< COM interrupt enable */
 538:board/stm32f401rct6/Drivers/STM32F4xx_HAL_Driver/Inc/stm32f4xx_ll_tim.h **** #define LL_TIM_DIER_TIE                        TIM_DIER_TIE         /*!< Trigger interrupt enable *
 539:board/stm32f401rct6/Drivers/STM32F4xx_HAL_Driver/Inc/stm32f4xx_ll_tim.h **** #define LL_TIM_DIER_BIE                        TIM_DIER_BIE         /*!< Break interrupt enable */
 540:board/stm32f401rct6/Drivers/STM32F4xx_HAL_Driver/Inc/stm32f4xx_ll_tim.h **** /**
 541:board/stm32f401rct6/Drivers/STM32F4xx_HAL_Driver/Inc/stm32f4xx_ll_tim.h ****   * @}
 542:board/stm32f401rct6/Drivers/STM32F4xx_HAL_Driver/Inc/stm32f4xx_ll_tim.h ****   */
ARM GAS  C:\Users\Admin\AppData\Local\Temp\ccrDpVnE.s 			page 29


 543:board/stm32f401rct6/Drivers/STM32F4xx_HAL_Driver/Inc/stm32f4xx_ll_tim.h **** 
 544:board/stm32f401rct6/Drivers/STM32F4xx_HAL_Driver/Inc/stm32f4xx_ll_tim.h **** /** @defgroup TIM_LL_EC_UPDATESOURCE Update Source
 545:board/stm32f401rct6/Drivers/STM32F4xx_HAL_Driver/Inc/stm32f4xx_ll_tim.h ****   * @{
 546:board/stm32f401rct6/Drivers/STM32F4xx_HAL_Driver/Inc/stm32f4xx_ll_tim.h ****   */
 547:board/stm32f401rct6/Drivers/STM32F4xx_HAL_Driver/Inc/stm32f4xx_ll_tim.h **** #define LL_TIM_UPDATESOURCE_REGULAR            0x00000000U          /*!< Counter overflow/underflow
 548:board/stm32f401rct6/Drivers/STM32F4xx_HAL_Driver/Inc/stm32f4xx_ll_tim.h **** #define LL_TIM_UPDATESOURCE_COUNTER            TIM_CR1_URS          /*!< Only counter overflow/unde
 549:board/stm32f401rct6/Drivers/STM32F4xx_HAL_Driver/Inc/stm32f4xx_ll_tim.h **** /**
 550:board/stm32f401rct6/Drivers/STM32F4xx_HAL_Driver/Inc/stm32f4xx_ll_tim.h ****   * @}
 551:board/stm32f401rct6/Drivers/STM32F4xx_HAL_Driver/Inc/stm32f4xx_ll_tim.h ****   */
 552:board/stm32f401rct6/Drivers/STM32F4xx_HAL_Driver/Inc/stm32f4xx_ll_tim.h **** 
 553:board/stm32f401rct6/Drivers/STM32F4xx_HAL_Driver/Inc/stm32f4xx_ll_tim.h **** /** @defgroup TIM_LL_EC_ONEPULSEMODE One Pulse Mode
 554:board/stm32f401rct6/Drivers/STM32F4xx_HAL_Driver/Inc/stm32f4xx_ll_tim.h ****   * @{
 555:board/stm32f401rct6/Drivers/STM32F4xx_HAL_Driver/Inc/stm32f4xx_ll_tim.h ****   */
 556:board/stm32f401rct6/Drivers/STM32F4xx_HAL_Driver/Inc/stm32f4xx_ll_tim.h **** #define LL_TIM_ONEPULSEMODE_SINGLE             TIM_CR1_OPM          /*!< Counter stops counting at 
 557:board/stm32f401rct6/Drivers/STM32F4xx_HAL_Driver/Inc/stm32f4xx_ll_tim.h **** #define LL_TIM_ONEPULSEMODE_REPETITIVE         0x00000000U          /*!< Counter is not stopped at 
 558:board/stm32f401rct6/Drivers/STM32F4xx_HAL_Driver/Inc/stm32f4xx_ll_tim.h **** /**
 559:board/stm32f401rct6/Drivers/STM32F4xx_HAL_Driver/Inc/stm32f4xx_ll_tim.h ****   * @}
 560:board/stm32f401rct6/Drivers/STM32F4xx_HAL_Driver/Inc/stm32f4xx_ll_tim.h ****   */
 561:board/stm32f401rct6/Drivers/STM32F4xx_HAL_Driver/Inc/stm32f4xx_ll_tim.h **** 
 562:board/stm32f401rct6/Drivers/STM32F4xx_HAL_Driver/Inc/stm32f4xx_ll_tim.h **** /** @defgroup TIM_LL_EC_COUNTERMODE Counter Mode
 563:board/stm32f401rct6/Drivers/STM32F4xx_HAL_Driver/Inc/stm32f4xx_ll_tim.h ****   * @{
 564:board/stm32f401rct6/Drivers/STM32F4xx_HAL_Driver/Inc/stm32f4xx_ll_tim.h ****   */
 565:board/stm32f401rct6/Drivers/STM32F4xx_HAL_Driver/Inc/stm32f4xx_ll_tim.h **** #define LL_TIM_COUNTERMODE_UP                  0x00000000U          /*!< Counter used as upcounter 
 566:board/stm32f401rct6/Drivers/STM32F4xx_HAL_Driver/Inc/stm32f4xx_ll_tim.h **** #define LL_TIM_COUNTERMODE_DOWN                TIM_CR1_DIR          /*!< Counter used as downcounte
 567:board/stm32f401rct6/Drivers/STM32F4xx_HAL_Driver/Inc/stm32f4xx_ll_tim.h **** #define LL_TIM_COUNTERMODE_CENTER_DOWN         TIM_CR1_CMS_0        /*!< The counter counts up and 
 568:board/stm32f401rct6/Drivers/STM32F4xx_HAL_Driver/Inc/stm32f4xx_ll_tim.h **** #define LL_TIM_COUNTERMODE_CENTER_UP           TIM_CR1_CMS_1        /*!< The counter counts up and 
 569:board/stm32f401rct6/Drivers/STM32F4xx_HAL_Driver/Inc/stm32f4xx_ll_tim.h **** #define LL_TIM_COUNTERMODE_CENTER_UP_DOWN      TIM_CR1_CMS          /*!< The counter counts up and 
 570:board/stm32f401rct6/Drivers/STM32F4xx_HAL_Driver/Inc/stm32f4xx_ll_tim.h **** /**
 571:board/stm32f401rct6/Drivers/STM32F4xx_HAL_Driver/Inc/stm32f4xx_ll_tim.h ****   * @}
 572:board/stm32f401rct6/Drivers/STM32F4xx_HAL_Driver/Inc/stm32f4xx_ll_tim.h ****   */
 573:board/stm32f401rct6/Drivers/STM32F4xx_HAL_Driver/Inc/stm32f4xx_ll_tim.h **** 
 574:board/stm32f401rct6/Drivers/STM32F4xx_HAL_Driver/Inc/stm32f4xx_ll_tim.h **** /** @defgroup TIM_LL_EC_CLOCKDIVISION Clock Division
 575:board/stm32f401rct6/Drivers/STM32F4xx_HAL_Driver/Inc/stm32f4xx_ll_tim.h ****   * @{
 576:board/stm32f401rct6/Drivers/STM32F4xx_HAL_Driver/Inc/stm32f4xx_ll_tim.h ****   */
 577:board/stm32f401rct6/Drivers/STM32F4xx_HAL_Driver/Inc/stm32f4xx_ll_tim.h **** #define LL_TIM_CLOCKDIVISION_DIV1              0x00000000U          /*!< tDTS=tCK_INT */
 578:board/stm32f401rct6/Drivers/STM32F4xx_HAL_Driver/Inc/stm32f4xx_ll_tim.h **** #define LL_TIM_CLOCKDIVISION_DIV2              TIM_CR1_CKD_0        /*!< tDTS=2*tCK_INT */
 579:board/stm32f401rct6/Drivers/STM32F4xx_HAL_Driver/Inc/stm32f4xx_ll_tim.h **** #define LL_TIM_CLOCKDIVISION_DIV4              TIM_CR1_CKD_1        /*!< tDTS=4*tCK_INT */
 580:board/stm32f401rct6/Drivers/STM32F4xx_HAL_Driver/Inc/stm32f4xx_ll_tim.h **** /**
 581:board/stm32f401rct6/Drivers/STM32F4xx_HAL_Driver/Inc/stm32f4xx_ll_tim.h ****   * @}
 582:board/stm32f401rct6/Drivers/STM32F4xx_HAL_Driver/Inc/stm32f4xx_ll_tim.h ****   */
 583:board/stm32f401rct6/Drivers/STM32F4xx_HAL_Driver/Inc/stm32f4xx_ll_tim.h **** 
 584:board/stm32f401rct6/Drivers/STM32F4xx_HAL_Driver/Inc/stm32f4xx_ll_tim.h **** /** @defgroup TIM_LL_EC_COUNTERDIRECTION Counter Direction
 585:board/stm32f401rct6/Drivers/STM32F4xx_HAL_Driver/Inc/stm32f4xx_ll_tim.h ****   * @{
 586:board/stm32f401rct6/Drivers/STM32F4xx_HAL_Driver/Inc/stm32f4xx_ll_tim.h ****   */
 587:board/stm32f401rct6/Drivers/STM32F4xx_HAL_Driver/Inc/stm32f4xx_ll_tim.h **** #define LL_TIM_COUNTERDIRECTION_UP             0x00000000U          /*!< Timer counter counts up */
 588:board/stm32f401rct6/Drivers/STM32F4xx_HAL_Driver/Inc/stm32f4xx_ll_tim.h **** #define LL_TIM_COUNTERDIRECTION_DOWN           TIM_CR1_DIR          /*!< Timer counter counts down 
 589:board/stm32f401rct6/Drivers/STM32F4xx_HAL_Driver/Inc/stm32f4xx_ll_tim.h **** /**
 590:board/stm32f401rct6/Drivers/STM32F4xx_HAL_Driver/Inc/stm32f4xx_ll_tim.h ****   * @}
 591:board/stm32f401rct6/Drivers/STM32F4xx_HAL_Driver/Inc/stm32f4xx_ll_tim.h ****   */
 592:board/stm32f401rct6/Drivers/STM32F4xx_HAL_Driver/Inc/stm32f4xx_ll_tim.h **** 
 593:board/stm32f401rct6/Drivers/STM32F4xx_HAL_Driver/Inc/stm32f4xx_ll_tim.h **** /** @defgroup TIM_LL_EC_CCUPDATESOURCE Capture Compare  Update Source
 594:board/stm32f401rct6/Drivers/STM32F4xx_HAL_Driver/Inc/stm32f4xx_ll_tim.h ****   * @{
 595:board/stm32f401rct6/Drivers/STM32F4xx_HAL_Driver/Inc/stm32f4xx_ll_tim.h ****   */
 596:board/stm32f401rct6/Drivers/STM32F4xx_HAL_Driver/Inc/stm32f4xx_ll_tim.h **** #define LL_TIM_CCUPDATESOURCE_COMG_ONLY        0x00000000U          /*!< Capture/compare control bi
 597:board/stm32f401rct6/Drivers/STM32F4xx_HAL_Driver/Inc/stm32f4xx_ll_tim.h **** #define LL_TIM_CCUPDATESOURCE_COMG_AND_TRGI    TIM_CR2_CCUS         /*!< Capture/compare control bi
 598:board/stm32f401rct6/Drivers/STM32F4xx_HAL_Driver/Inc/stm32f4xx_ll_tim.h **** /**
 599:board/stm32f401rct6/Drivers/STM32F4xx_HAL_Driver/Inc/stm32f4xx_ll_tim.h ****   * @}
ARM GAS  C:\Users\Admin\AppData\Local\Temp\ccrDpVnE.s 			page 30


 600:board/stm32f401rct6/Drivers/STM32F4xx_HAL_Driver/Inc/stm32f4xx_ll_tim.h ****   */
 601:board/stm32f401rct6/Drivers/STM32F4xx_HAL_Driver/Inc/stm32f4xx_ll_tim.h **** 
 602:board/stm32f401rct6/Drivers/STM32F4xx_HAL_Driver/Inc/stm32f4xx_ll_tim.h **** /** @defgroup TIM_LL_EC_CCDMAREQUEST Capture Compare DMA Request
 603:board/stm32f401rct6/Drivers/STM32F4xx_HAL_Driver/Inc/stm32f4xx_ll_tim.h ****   * @{
 604:board/stm32f401rct6/Drivers/STM32F4xx_HAL_Driver/Inc/stm32f4xx_ll_tim.h ****   */
 605:board/stm32f401rct6/Drivers/STM32F4xx_HAL_Driver/Inc/stm32f4xx_ll_tim.h **** #define LL_TIM_CCDMAREQUEST_CC                 0x00000000U          /*!< CCx DMA request sent when 
 606:board/stm32f401rct6/Drivers/STM32F4xx_HAL_Driver/Inc/stm32f4xx_ll_tim.h **** #define LL_TIM_CCDMAREQUEST_UPDATE             TIM_CR2_CCDS         /*!< CCx DMA requests sent when
 607:board/stm32f401rct6/Drivers/STM32F4xx_HAL_Driver/Inc/stm32f4xx_ll_tim.h **** /**
 608:board/stm32f401rct6/Drivers/STM32F4xx_HAL_Driver/Inc/stm32f4xx_ll_tim.h ****   * @}
 609:board/stm32f401rct6/Drivers/STM32F4xx_HAL_Driver/Inc/stm32f4xx_ll_tim.h ****   */
 610:board/stm32f401rct6/Drivers/STM32F4xx_HAL_Driver/Inc/stm32f4xx_ll_tim.h **** 
 611:board/stm32f401rct6/Drivers/STM32F4xx_HAL_Driver/Inc/stm32f4xx_ll_tim.h **** /** @defgroup TIM_LL_EC_LOCKLEVEL Lock Level
 612:board/stm32f401rct6/Drivers/STM32F4xx_HAL_Driver/Inc/stm32f4xx_ll_tim.h ****   * @{
 613:board/stm32f401rct6/Drivers/STM32F4xx_HAL_Driver/Inc/stm32f4xx_ll_tim.h ****   */
 614:board/stm32f401rct6/Drivers/STM32F4xx_HAL_Driver/Inc/stm32f4xx_ll_tim.h **** #define LL_TIM_LOCKLEVEL_OFF                   0x00000000U          /*!< LOCK OFF - No bit is write
 615:board/stm32f401rct6/Drivers/STM32F4xx_HAL_Driver/Inc/stm32f4xx_ll_tim.h **** #define LL_TIM_LOCKLEVEL_1                     TIM_BDTR_LOCK_0      /*!< LOCK Level 1 */
 616:board/stm32f401rct6/Drivers/STM32F4xx_HAL_Driver/Inc/stm32f4xx_ll_tim.h **** #define LL_TIM_LOCKLEVEL_2                     TIM_BDTR_LOCK_1      /*!< LOCK Level 2 */
 617:board/stm32f401rct6/Drivers/STM32F4xx_HAL_Driver/Inc/stm32f4xx_ll_tim.h **** #define LL_TIM_LOCKLEVEL_3                     TIM_BDTR_LOCK        /*!< LOCK Level 3 */
 618:board/stm32f401rct6/Drivers/STM32F4xx_HAL_Driver/Inc/stm32f4xx_ll_tim.h **** /**
 619:board/stm32f401rct6/Drivers/STM32F4xx_HAL_Driver/Inc/stm32f4xx_ll_tim.h ****   * @}
 620:board/stm32f401rct6/Drivers/STM32F4xx_HAL_Driver/Inc/stm32f4xx_ll_tim.h ****   */
 621:board/stm32f401rct6/Drivers/STM32F4xx_HAL_Driver/Inc/stm32f4xx_ll_tim.h **** 
 622:board/stm32f401rct6/Drivers/STM32F4xx_HAL_Driver/Inc/stm32f4xx_ll_tim.h **** /** @defgroup TIM_LL_EC_CHANNEL Channel
 623:board/stm32f401rct6/Drivers/STM32F4xx_HAL_Driver/Inc/stm32f4xx_ll_tim.h ****   * @{
 624:board/stm32f401rct6/Drivers/STM32F4xx_HAL_Driver/Inc/stm32f4xx_ll_tim.h ****   */
 625:board/stm32f401rct6/Drivers/STM32F4xx_HAL_Driver/Inc/stm32f4xx_ll_tim.h **** #define LL_TIM_CHANNEL_CH1                     TIM_CCER_CC1E     /*!< Timer input/output channel 1 
 626:board/stm32f401rct6/Drivers/STM32F4xx_HAL_Driver/Inc/stm32f4xx_ll_tim.h **** #define LL_TIM_CHANNEL_CH1N                    TIM_CCER_CC1NE    /*!< Timer complementary output ch
 627:board/stm32f401rct6/Drivers/STM32F4xx_HAL_Driver/Inc/stm32f4xx_ll_tim.h **** #define LL_TIM_CHANNEL_CH2                     TIM_CCER_CC2E     /*!< Timer input/output channel 2 
 628:board/stm32f401rct6/Drivers/STM32F4xx_HAL_Driver/Inc/stm32f4xx_ll_tim.h **** #define LL_TIM_CHANNEL_CH2N                    TIM_CCER_CC2NE    /*!< Timer complementary output ch
 629:board/stm32f401rct6/Drivers/STM32F4xx_HAL_Driver/Inc/stm32f4xx_ll_tim.h **** #define LL_TIM_CHANNEL_CH3                     TIM_CCER_CC3E     /*!< Timer input/output channel 3 
 630:board/stm32f401rct6/Drivers/STM32F4xx_HAL_Driver/Inc/stm32f4xx_ll_tim.h **** #define LL_TIM_CHANNEL_CH3N                    TIM_CCER_CC3NE    /*!< Timer complementary output ch
 631:board/stm32f401rct6/Drivers/STM32F4xx_HAL_Driver/Inc/stm32f4xx_ll_tim.h **** #define LL_TIM_CHANNEL_CH4                     TIM_CCER_CC4E     /*!< Timer input/output channel 4 
 632:board/stm32f401rct6/Drivers/STM32F4xx_HAL_Driver/Inc/stm32f4xx_ll_tim.h **** /**
 633:board/stm32f401rct6/Drivers/STM32F4xx_HAL_Driver/Inc/stm32f4xx_ll_tim.h ****   * @}
 634:board/stm32f401rct6/Drivers/STM32F4xx_HAL_Driver/Inc/stm32f4xx_ll_tim.h ****   */
 635:board/stm32f401rct6/Drivers/STM32F4xx_HAL_Driver/Inc/stm32f4xx_ll_tim.h **** 
 636:board/stm32f401rct6/Drivers/STM32F4xx_HAL_Driver/Inc/stm32f4xx_ll_tim.h **** #if defined(USE_FULL_LL_DRIVER)
 637:board/stm32f401rct6/Drivers/STM32F4xx_HAL_Driver/Inc/stm32f4xx_ll_tim.h **** /** @defgroup TIM_LL_EC_OCSTATE Output Configuration State
 638:board/stm32f401rct6/Drivers/STM32F4xx_HAL_Driver/Inc/stm32f4xx_ll_tim.h ****   * @{
 639:board/stm32f401rct6/Drivers/STM32F4xx_HAL_Driver/Inc/stm32f4xx_ll_tim.h ****   */
 640:board/stm32f401rct6/Drivers/STM32F4xx_HAL_Driver/Inc/stm32f4xx_ll_tim.h **** #define LL_TIM_OCSTATE_DISABLE                 0x00000000U             /*!< OCx is not active */
 641:board/stm32f401rct6/Drivers/STM32F4xx_HAL_Driver/Inc/stm32f4xx_ll_tim.h **** #define LL_TIM_OCSTATE_ENABLE                  TIM_CCER_CC1E           /*!< OCx signal is output on
 642:board/stm32f401rct6/Drivers/STM32F4xx_HAL_Driver/Inc/stm32f4xx_ll_tim.h **** /**
 643:board/stm32f401rct6/Drivers/STM32F4xx_HAL_Driver/Inc/stm32f4xx_ll_tim.h ****   * @}
 644:board/stm32f401rct6/Drivers/STM32F4xx_HAL_Driver/Inc/stm32f4xx_ll_tim.h ****   */
 645:board/stm32f401rct6/Drivers/STM32F4xx_HAL_Driver/Inc/stm32f4xx_ll_tim.h **** #endif /* USE_FULL_LL_DRIVER */
 646:board/stm32f401rct6/Drivers/STM32F4xx_HAL_Driver/Inc/stm32f4xx_ll_tim.h **** 
 647:board/stm32f401rct6/Drivers/STM32F4xx_HAL_Driver/Inc/stm32f4xx_ll_tim.h **** /** @defgroup TIM_LL_EC_OCMODE Output Configuration Mode
 648:board/stm32f401rct6/Drivers/STM32F4xx_HAL_Driver/Inc/stm32f4xx_ll_tim.h ****   * @{
 649:board/stm32f401rct6/Drivers/STM32F4xx_HAL_Driver/Inc/stm32f4xx_ll_tim.h ****   */
 650:board/stm32f401rct6/Drivers/STM32F4xx_HAL_Driver/Inc/stm32f4xx_ll_tim.h **** #define LL_TIM_OCMODE_FROZEN                   0x00000000U                                         
 651:board/stm32f401rct6/Drivers/STM32F4xx_HAL_Driver/Inc/stm32f4xx_ll_tim.h **** #define LL_TIM_OCMODE_ACTIVE                   TIM_CCMR1_OC1M_0                                    
 652:board/stm32f401rct6/Drivers/STM32F4xx_HAL_Driver/Inc/stm32f4xx_ll_tim.h **** #define LL_TIM_OCMODE_INACTIVE                 TIM_CCMR1_OC1M_1                                    
 653:board/stm32f401rct6/Drivers/STM32F4xx_HAL_Driver/Inc/stm32f4xx_ll_tim.h **** #define LL_TIM_OCMODE_TOGGLE                   (TIM_CCMR1_OC1M_1 | TIM_CCMR1_OC1M_0)               
 654:board/stm32f401rct6/Drivers/STM32F4xx_HAL_Driver/Inc/stm32f4xx_ll_tim.h **** #define LL_TIM_OCMODE_FORCED_INACTIVE          TIM_CCMR1_OC1M_2                                    
 655:board/stm32f401rct6/Drivers/STM32F4xx_HAL_Driver/Inc/stm32f4xx_ll_tim.h **** #define LL_TIM_OCMODE_FORCED_ACTIVE            (TIM_CCMR1_OC1M_2 | TIM_CCMR1_OC1M_0)               
 656:board/stm32f401rct6/Drivers/STM32F4xx_HAL_Driver/Inc/stm32f4xx_ll_tim.h **** #define LL_TIM_OCMODE_PWM1                     (TIM_CCMR1_OC1M_2 | TIM_CCMR1_OC1M_1)               
ARM GAS  C:\Users\Admin\AppData\Local\Temp\ccrDpVnE.s 			page 31


 657:board/stm32f401rct6/Drivers/STM32F4xx_HAL_Driver/Inc/stm32f4xx_ll_tim.h **** #define LL_TIM_OCMODE_PWM2                     (TIM_CCMR1_OC1M_2 | TIM_CCMR1_OC1M_1 | TIM_CCMR1_OC1
 658:board/stm32f401rct6/Drivers/STM32F4xx_HAL_Driver/Inc/stm32f4xx_ll_tim.h **** /**
 659:board/stm32f401rct6/Drivers/STM32F4xx_HAL_Driver/Inc/stm32f4xx_ll_tim.h ****   * @}
 660:board/stm32f401rct6/Drivers/STM32F4xx_HAL_Driver/Inc/stm32f4xx_ll_tim.h ****   */
 661:board/stm32f401rct6/Drivers/STM32F4xx_HAL_Driver/Inc/stm32f4xx_ll_tim.h **** 
 662:board/stm32f401rct6/Drivers/STM32F4xx_HAL_Driver/Inc/stm32f4xx_ll_tim.h **** /** @defgroup TIM_LL_EC_OCPOLARITY Output Configuration Polarity
 663:board/stm32f401rct6/Drivers/STM32F4xx_HAL_Driver/Inc/stm32f4xx_ll_tim.h ****   * @{
 664:board/stm32f401rct6/Drivers/STM32F4xx_HAL_Driver/Inc/stm32f4xx_ll_tim.h ****   */
 665:board/stm32f401rct6/Drivers/STM32F4xx_HAL_Driver/Inc/stm32f4xx_ll_tim.h **** #define LL_TIM_OCPOLARITY_HIGH                 0x00000000U                 /*!< OCxactive high*/
 666:board/stm32f401rct6/Drivers/STM32F4xx_HAL_Driver/Inc/stm32f4xx_ll_tim.h **** #define LL_TIM_OCPOLARITY_LOW                  TIM_CCER_CC1P               /*!< OCxactive low*/
 667:board/stm32f401rct6/Drivers/STM32F4xx_HAL_Driver/Inc/stm32f4xx_ll_tim.h **** /**
 668:board/stm32f401rct6/Drivers/STM32F4xx_HAL_Driver/Inc/stm32f4xx_ll_tim.h ****   * @}
 669:board/stm32f401rct6/Drivers/STM32F4xx_HAL_Driver/Inc/stm32f4xx_ll_tim.h ****   */
 670:board/stm32f401rct6/Drivers/STM32F4xx_HAL_Driver/Inc/stm32f4xx_ll_tim.h **** 
 671:board/stm32f401rct6/Drivers/STM32F4xx_HAL_Driver/Inc/stm32f4xx_ll_tim.h **** /** @defgroup TIM_LL_EC_OCIDLESTATE Output Configuration Idle State
 672:board/stm32f401rct6/Drivers/STM32F4xx_HAL_Driver/Inc/stm32f4xx_ll_tim.h ****   * @{
 673:board/stm32f401rct6/Drivers/STM32F4xx_HAL_Driver/Inc/stm32f4xx_ll_tim.h ****   */
 674:board/stm32f401rct6/Drivers/STM32F4xx_HAL_Driver/Inc/stm32f4xx_ll_tim.h **** #define LL_TIM_OCIDLESTATE_LOW                 0x00000000U             /*!<OCx=0 (after a dead-time
 675:board/stm32f401rct6/Drivers/STM32F4xx_HAL_Driver/Inc/stm32f4xx_ll_tim.h **** #define LL_TIM_OCIDLESTATE_HIGH                TIM_CR2_OIS1            /*!<OCx=1 (after a dead-time
 676:board/stm32f401rct6/Drivers/STM32F4xx_HAL_Driver/Inc/stm32f4xx_ll_tim.h **** /**
 677:board/stm32f401rct6/Drivers/STM32F4xx_HAL_Driver/Inc/stm32f4xx_ll_tim.h ****   * @}
 678:board/stm32f401rct6/Drivers/STM32F4xx_HAL_Driver/Inc/stm32f4xx_ll_tim.h ****   */
 679:board/stm32f401rct6/Drivers/STM32F4xx_HAL_Driver/Inc/stm32f4xx_ll_tim.h **** 
 680:board/stm32f401rct6/Drivers/STM32F4xx_HAL_Driver/Inc/stm32f4xx_ll_tim.h **** 
 681:board/stm32f401rct6/Drivers/STM32F4xx_HAL_Driver/Inc/stm32f4xx_ll_tim.h **** /** @defgroup TIM_LL_EC_ACTIVEINPUT Active Input Selection
 682:board/stm32f401rct6/Drivers/STM32F4xx_HAL_Driver/Inc/stm32f4xx_ll_tim.h ****   * @{
 683:board/stm32f401rct6/Drivers/STM32F4xx_HAL_Driver/Inc/stm32f4xx_ll_tim.h ****   */
 684:board/stm32f401rct6/Drivers/STM32F4xx_HAL_Driver/Inc/stm32f4xx_ll_tim.h **** #define LL_TIM_ACTIVEINPUT_DIRECTTI            (TIM_CCMR1_CC1S_0 << 16U) /*!< ICx is mapped on TIx 
 685:board/stm32f401rct6/Drivers/STM32F4xx_HAL_Driver/Inc/stm32f4xx_ll_tim.h **** #define LL_TIM_ACTIVEINPUT_INDIRECTTI          (TIM_CCMR1_CC1S_1 << 16U) /*!< ICx is mapped on TIy 
 686:board/stm32f401rct6/Drivers/STM32F4xx_HAL_Driver/Inc/stm32f4xx_ll_tim.h **** #define LL_TIM_ACTIVEINPUT_TRC                 (TIM_CCMR1_CC1S << 16U)   /*!< ICx is mapped on TRC 
 687:board/stm32f401rct6/Drivers/STM32F4xx_HAL_Driver/Inc/stm32f4xx_ll_tim.h **** /**
 688:board/stm32f401rct6/Drivers/STM32F4xx_HAL_Driver/Inc/stm32f4xx_ll_tim.h ****   * @}
 689:board/stm32f401rct6/Drivers/STM32F4xx_HAL_Driver/Inc/stm32f4xx_ll_tim.h ****   */
 690:board/stm32f401rct6/Drivers/STM32F4xx_HAL_Driver/Inc/stm32f4xx_ll_tim.h **** 
 691:board/stm32f401rct6/Drivers/STM32F4xx_HAL_Driver/Inc/stm32f4xx_ll_tim.h **** /** @defgroup TIM_LL_EC_ICPSC Input Configuration Prescaler
 692:board/stm32f401rct6/Drivers/STM32F4xx_HAL_Driver/Inc/stm32f4xx_ll_tim.h ****   * @{
 693:board/stm32f401rct6/Drivers/STM32F4xx_HAL_Driver/Inc/stm32f4xx_ll_tim.h ****   */
 694:board/stm32f401rct6/Drivers/STM32F4xx_HAL_Driver/Inc/stm32f4xx_ll_tim.h **** #define LL_TIM_ICPSC_DIV1                      0x00000000U                    /*!< No prescaler, ca
 695:board/stm32f401rct6/Drivers/STM32F4xx_HAL_Driver/Inc/stm32f4xx_ll_tim.h **** #define LL_TIM_ICPSC_DIV2                      (TIM_CCMR1_IC1PSC_0 << 16U)    /*!< Capture is done 
 696:board/stm32f401rct6/Drivers/STM32F4xx_HAL_Driver/Inc/stm32f4xx_ll_tim.h **** #define LL_TIM_ICPSC_DIV4                      (TIM_CCMR1_IC1PSC_1 << 16U)    /*!< Capture is done 
 697:board/stm32f401rct6/Drivers/STM32F4xx_HAL_Driver/Inc/stm32f4xx_ll_tim.h **** #define LL_TIM_ICPSC_DIV8                      (TIM_CCMR1_IC1PSC << 16U)      /*!< Capture is done 
 698:board/stm32f401rct6/Drivers/STM32F4xx_HAL_Driver/Inc/stm32f4xx_ll_tim.h **** /**
 699:board/stm32f401rct6/Drivers/STM32F4xx_HAL_Driver/Inc/stm32f4xx_ll_tim.h ****   * @}
 700:board/stm32f401rct6/Drivers/STM32F4xx_HAL_Driver/Inc/stm32f4xx_ll_tim.h ****   */
 701:board/stm32f401rct6/Drivers/STM32F4xx_HAL_Driver/Inc/stm32f4xx_ll_tim.h **** 
 702:board/stm32f401rct6/Drivers/STM32F4xx_HAL_Driver/Inc/stm32f4xx_ll_tim.h **** /** @defgroup TIM_LL_EC_IC_FILTER Input Configuration Filter
 703:board/stm32f401rct6/Drivers/STM32F4xx_HAL_Driver/Inc/stm32f4xx_ll_tim.h ****   * @{
 704:board/stm32f401rct6/Drivers/STM32F4xx_HAL_Driver/Inc/stm32f4xx_ll_tim.h ****   */
 705:board/stm32f401rct6/Drivers/STM32F4xx_HAL_Driver/Inc/stm32f4xx_ll_tim.h **** #define LL_TIM_IC_FILTER_FDIV1                 0x00000000U                                         
 706:board/stm32f401rct6/Drivers/STM32F4xx_HAL_Driver/Inc/stm32f4xx_ll_tim.h **** #define LL_TIM_IC_FILTER_FDIV1_N2              (TIM_CCMR1_IC1F_0 << 16U)                           
 707:board/stm32f401rct6/Drivers/STM32F4xx_HAL_Driver/Inc/stm32f4xx_ll_tim.h **** #define LL_TIM_IC_FILTER_FDIV1_N4              (TIM_CCMR1_IC1F_1 << 16U)                           
 708:board/stm32f401rct6/Drivers/STM32F4xx_HAL_Driver/Inc/stm32f4xx_ll_tim.h **** #define LL_TIM_IC_FILTER_FDIV1_N8              ((TIM_CCMR1_IC1F_1 | TIM_CCMR1_IC1F_0) << 16U)      
 709:board/stm32f401rct6/Drivers/STM32F4xx_HAL_Driver/Inc/stm32f4xx_ll_tim.h **** #define LL_TIM_IC_FILTER_FDIV2_N6              (TIM_CCMR1_IC1F_2 << 16U)                           
 710:board/stm32f401rct6/Drivers/STM32F4xx_HAL_Driver/Inc/stm32f4xx_ll_tim.h **** #define LL_TIM_IC_FILTER_FDIV2_N8              ((TIM_CCMR1_IC1F_2 | TIM_CCMR1_IC1F_0) << 16U)      
 711:board/stm32f401rct6/Drivers/STM32F4xx_HAL_Driver/Inc/stm32f4xx_ll_tim.h **** #define LL_TIM_IC_FILTER_FDIV4_N6              ((TIM_CCMR1_IC1F_2 | TIM_CCMR1_IC1F_1) << 16U)      
 712:board/stm32f401rct6/Drivers/STM32F4xx_HAL_Driver/Inc/stm32f4xx_ll_tim.h **** #define LL_TIM_IC_FILTER_FDIV4_N8              ((TIM_CCMR1_IC1F_2 | TIM_CCMR1_IC1F_1 | TIM_CCMR1_IC
 713:board/stm32f401rct6/Drivers/STM32F4xx_HAL_Driver/Inc/stm32f4xx_ll_tim.h **** #define LL_TIM_IC_FILTER_FDIV8_N6              (TIM_CCMR1_IC1F_3 << 16U)                           
ARM GAS  C:\Users\Admin\AppData\Local\Temp\ccrDpVnE.s 			page 32


 714:board/stm32f401rct6/Drivers/STM32F4xx_HAL_Driver/Inc/stm32f4xx_ll_tim.h **** #define LL_TIM_IC_FILTER_FDIV8_N8              ((TIM_CCMR1_IC1F_3 | TIM_CCMR1_IC1F_0) << 16U)      
 715:board/stm32f401rct6/Drivers/STM32F4xx_HAL_Driver/Inc/stm32f4xx_ll_tim.h **** #define LL_TIM_IC_FILTER_FDIV16_N5             ((TIM_CCMR1_IC1F_3 | TIM_CCMR1_IC1F_1) << 16U)      
 716:board/stm32f401rct6/Drivers/STM32F4xx_HAL_Driver/Inc/stm32f4xx_ll_tim.h **** #define LL_TIM_IC_FILTER_FDIV16_N6             ((TIM_CCMR1_IC1F_3 | TIM_CCMR1_IC1F_1 | TIM_CCMR1_IC
 717:board/stm32f401rct6/Drivers/STM32F4xx_HAL_Driver/Inc/stm32f4xx_ll_tim.h **** #define LL_TIM_IC_FILTER_FDIV16_N8             ((TIM_CCMR1_IC1F_3 | TIM_CCMR1_IC1F_2) << 16U)      
 718:board/stm32f401rct6/Drivers/STM32F4xx_HAL_Driver/Inc/stm32f4xx_ll_tim.h **** #define LL_TIM_IC_FILTER_FDIV32_N5             ((TIM_CCMR1_IC1F_3 | TIM_CCMR1_IC1F_2 | TIM_CCMR1_IC
 719:board/stm32f401rct6/Drivers/STM32F4xx_HAL_Driver/Inc/stm32f4xx_ll_tim.h **** #define LL_TIM_IC_FILTER_FDIV32_N6             ((TIM_CCMR1_IC1F_3 | TIM_CCMR1_IC1F_2 | TIM_CCMR1_IC
 720:board/stm32f401rct6/Drivers/STM32F4xx_HAL_Driver/Inc/stm32f4xx_ll_tim.h **** #define LL_TIM_IC_FILTER_FDIV32_N8             (TIM_CCMR1_IC1F << 16U)                             
 721:board/stm32f401rct6/Drivers/STM32F4xx_HAL_Driver/Inc/stm32f4xx_ll_tim.h **** /**
 722:board/stm32f401rct6/Drivers/STM32F4xx_HAL_Driver/Inc/stm32f4xx_ll_tim.h ****   * @}
 723:board/stm32f401rct6/Drivers/STM32F4xx_HAL_Driver/Inc/stm32f4xx_ll_tim.h ****   */
 724:board/stm32f401rct6/Drivers/STM32F4xx_HAL_Driver/Inc/stm32f4xx_ll_tim.h **** 
 725:board/stm32f401rct6/Drivers/STM32F4xx_HAL_Driver/Inc/stm32f4xx_ll_tim.h **** /** @defgroup TIM_LL_EC_IC_POLARITY Input Configuration Polarity
 726:board/stm32f401rct6/Drivers/STM32F4xx_HAL_Driver/Inc/stm32f4xx_ll_tim.h ****   * @{
 727:board/stm32f401rct6/Drivers/STM32F4xx_HAL_Driver/Inc/stm32f4xx_ll_tim.h ****   */
 728:board/stm32f401rct6/Drivers/STM32F4xx_HAL_Driver/Inc/stm32f4xx_ll_tim.h **** #define LL_TIM_IC_POLARITY_RISING              0x00000000U                      /*!< The circuit is
 729:board/stm32f401rct6/Drivers/STM32F4xx_HAL_Driver/Inc/stm32f4xx_ll_tim.h **** #define LL_TIM_IC_POLARITY_FALLING             TIM_CCER_CC1P                    /*!< The circuit is
 730:board/stm32f401rct6/Drivers/STM32F4xx_HAL_Driver/Inc/stm32f4xx_ll_tim.h **** #define LL_TIM_IC_POLARITY_BOTHEDGE            (TIM_CCER_CC1P | TIM_CCER_CC1NP) /*!< The circuit is
 731:board/stm32f401rct6/Drivers/STM32F4xx_HAL_Driver/Inc/stm32f4xx_ll_tim.h **** /**
 732:board/stm32f401rct6/Drivers/STM32F4xx_HAL_Driver/Inc/stm32f4xx_ll_tim.h ****   * @}
 733:board/stm32f401rct6/Drivers/STM32F4xx_HAL_Driver/Inc/stm32f4xx_ll_tim.h ****   */
 734:board/stm32f401rct6/Drivers/STM32F4xx_HAL_Driver/Inc/stm32f4xx_ll_tim.h **** 
 735:board/stm32f401rct6/Drivers/STM32F4xx_HAL_Driver/Inc/stm32f4xx_ll_tim.h **** /** @defgroup TIM_LL_EC_CLOCKSOURCE Clock Source
 736:board/stm32f401rct6/Drivers/STM32F4xx_HAL_Driver/Inc/stm32f4xx_ll_tim.h ****   * @{
 737:board/stm32f401rct6/Drivers/STM32F4xx_HAL_Driver/Inc/stm32f4xx_ll_tim.h ****   */
 738:board/stm32f401rct6/Drivers/STM32F4xx_HAL_Driver/Inc/stm32f4xx_ll_tim.h **** #define LL_TIM_CLOCKSOURCE_INTERNAL            0x00000000U                                         
 739:board/stm32f401rct6/Drivers/STM32F4xx_HAL_Driver/Inc/stm32f4xx_ll_tim.h **** #define LL_TIM_CLOCKSOURCE_EXT_MODE1           (TIM_SMCR_SMS_2 | TIM_SMCR_SMS_1 | TIM_SMCR_SMS_0)  
 740:board/stm32f401rct6/Drivers/STM32F4xx_HAL_Driver/Inc/stm32f4xx_ll_tim.h **** #define LL_TIM_CLOCKSOURCE_EXT_MODE2           TIM_SMCR_ECE                                        
 741:board/stm32f401rct6/Drivers/STM32F4xx_HAL_Driver/Inc/stm32f4xx_ll_tim.h **** /**
 742:board/stm32f401rct6/Drivers/STM32F4xx_HAL_Driver/Inc/stm32f4xx_ll_tim.h ****   * @}
 743:board/stm32f401rct6/Drivers/STM32F4xx_HAL_Driver/Inc/stm32f4xx_ll_tim.h ****   */
 744:board/stm32f401rct6/Drivers/STM32F4xx_HAL_Driver/Inc/stm32f4xx_ll_tim.h **** 
 745:board/stm32f401rct6/Drivers/STM32F4xx_HAL_Driver/Inc/stm32f4xx_ll_tim.h **** /** @defgroup TIM_LL_EC_ENCODERMODE Encoder Mode
 746:board/stm32f401rct6/Drivers/STM32F4xx_HAL_Driver/Inc/stm32f4xx_ll_tim.h ****   * @{
 747:board/stm32f401rct6/Drivers/STM32F4xx_HAL_Driver/Inc/stm32f4xx_ll_tim.h ****   */
 748:board/stm32f401rct6/Drivers/STM32F4xx_HAL_Driver/Inc/stm32f4xx_ll_tim.h **** #define LL_TIM_ENCODERMODE_X2_TI1                     TIM_SMCR_SMS_0                               
 749:board/stm32f401rct6/Drivers/STM32F4xx_HAL_Driver/Inc/stm32f4xx_ll_tim.h **** #define LL_TIM_ENCODERMODE_X2_TI2                     TIM_SMCR_SMS_1                               
 750:board/stm32f401rct6/Drivers/STM32F4xx_HAL_Driver/Inc/stm32f4xx_ll_tim.h **** #define LL_TIM_ENCODERMODE_X4_TI12                   (TIM_SMCR_SMS_1 | TIM_SMCR_SMS_0)             
 751:board/stm32f401rct6/Drivers/STM32F4xx_HAL_Driver/Inc/stm32f4xx_ll_tim.h **** /**
 752:board/stm32f401rct6/Drivers/STM32F4xx_HAL_Driver/Inc/stm32f4xx_ll_tim.h ****   * @}
 753:board/stm32f401rct6/Drivers/STM32F4xx_HAL_Driver/Inc/stm32f4xx_ll_tim.h ****   */
 754:board/stm32f401rct6/Drivers/STM32F4xx_HAL_Driver/Inc/stm32f4xx_ll_tim.h **** 
 755:board/stm32f401rct6/Drivers/STM32F4xx_HAL_Driver/Inc/stm32f4xx_ll_tim.h **** /** @defgroup TIM_LL_EC_TRGO Trigger Output
 756:board/stm32f401rct6/Drivers/STM32F4xx_HAL_Driver/Inc/stm32f4xx_ll_tim.h ****   * @{
 757:board/stm32f401rct6/Drivers/STM32F4xx_HAL_Driver/Inc/stm32f4xx_ll_tim.h ****   */
 758:board/stm32f401rct6/Drivers/STM32F4xx_HAL_Driver/Inc/stm32f4xx_ll_tim.h **** #define LL_TIM_TRGO_RESET                      0x00000000U                                     /*!<
 759:board/stm32f401rct6/Drivers/STM32F4xx_HAL_Driver/Inc/stm32f4xx_ll_tim.h **** #define LL_TIM_TRGO_ENABLE                     TIM_CR2_MMS_0                                   /*!<
 760:board/stm32f401rct6/Drivers/STM32F4xx_HAL_Driver/Inc/stm32f4xx_ll_tim.h **** #define LL_TIM_TRGO_UPDATE                     TIM_CR2_MMS_1                                   /*!<
 761:board/stm32f401rct6/Drivers/STM32F4xx_HAL_Driver/Inc/stm32f4xx_ll_tim.h **** #define LL_TIM_TRGO_CC1IF                      (TIM_CR2_MMS_1 | TIM_CR2_MMS_0)                 /*!<
 762:board/stm32f401rct6/Drivers/STM32F4xx_HAL_Driver/Inc/stm32f4xx_ll_tim.h **** #define LL_TIM_TRGO_OC1REF                     TIM_CR2_MMS_2                                   /*!<
 763:board/stm32f401rct6/Drivers/STM32F4xx_HAL_Driver/Inc/stm32f4xx_ll_tim.h **** #define LL_TIM_TRGO_OC2REF                     (TIM_CR2_MMS_2 | TIM_CR2_MMS_0)                 /*!<
 764:board/stm32f401rct6/Drivers/STM32F4xx_HAL_Driver/Inc/stm32f4xx_ll_tim.h **** #define LL_TIM_TRGO_OC3REF                     (TIM_CR2_MMS_2 | TIM_CR2_MMS_1)                 /*!<
 765:board/stm32f401rct6/Drivers/STM32F4xx_HAL_Driver/Inc/stm32f4xx_ll_tim.h **** #define LL_TIM_TRGO_OC4REF                     (TIM_CR2_MMS_2 | TIM_CR2_MMS_1 | TIM_CR2_MMS_0) /*!<
 766:board/stm32f401rct6/Drivers/STM32F4xx_HAL_Driver/Inc/stm32f4xx_ll_tim.h **** /**
 767:board/stm32f401rct6/Drivers/STM32F4xx_HAL_Driver/Inc/stm32f4xx_ll_tim.h ****   * @}
 768:board/stm32f401rct6/Drivers/STM32F4xx_HAL_Driver/Inc/stm32f4xx_ll_tim.h ****   */
 769:board/stm32f401rct6/Drivers/STM32F4xx_HAL_Driver/Inc/stm32f4xx_ll_tim.h **** 
 770:board/stm32f401rct6/Drivers/STM32F4xx_HAL_Driver/Inc/stm32f4xx_ll_tim.h **** 
ARM GAS  C:\Users\Admin\AppData\Local\Temp\ccrDpVnE.s 			page 33


 771:board/stm32f401rct6/Drivers/STM32F4xx_HAL_Driver/Inc/stm32f4xx_ll_tim.h **** /** @defgroup TIM_LL_EC_SLAVEMODE Slave Mode
 772:board/stm32f401rct6/Drivers/STM32F4xx_HAL_Driver/Inc/stm32f4xx_ll_tim.h ****   * @{
 773:board/stm32f401rct6/Drivers/STM32F4xx_HAL_Driver/Inc/stm32f4xx_ll_tim.h ****   */
 774:board/stm32f401rct6/Drivers/STM32F4xx_HAL_Driver/Inc/stm32f4xx_ll_tim.h **** #define LL_TIM_SLAVEMODE_DISABLED              0x00000000U                         /*!< Slave mode 
 775:board/stm32f401rct6/Drivers/STM32F4xx_HAL_Driver/Inc/stm32f4xx_ll_tim.h **** #define LL_TIM_SLAVEMODE_RESET                 TIM_SMCR_SMS_2                      /*!< Reset Mode 
 776:board/stm32f401rct6/Drivers/STM32F4xx_HAL_Driver/Inc/stm32f4xx_ll_tim.h **** #define LL_TIM_SLAVEMODE_GATED                 (TIM_SMCR_SMS_2 | TIM_SMCR_SMS_0)   /*!< Gated Mode 
 777:board/stm32f401rct6/Drivers/STM32F4xx_HAL_Driver/Inc/stm32f4xx_ll_tim.h **** #define LL_TIM_SLAVEMODE_TRIGGER               (TIM_SMCR_SMS_2 | TIM_SMCR_SMS_1)   /*!< Trigger Mod
 778:board/stm32f401rct6/Drivers/STM32F4xx_HAL_Driver/Inc/stm32f4xx_ll_tim.h **** /**
 779:board/stm32f401rct6/Drivers/STM32F4xx_HAL_Driver/Inc/stm32f4xx_ll_tim.h ****   * @}
 780:board/stm32f401rct6/Drivers/STM32F4xx_HAL_Driver/Inc/stm32f4xx_ll_tim.h ****   */
 781:board/stm32f401rct6/Drivers/STM32F4xx_HAL_Driver/Inc/stm32f4xx_ll_tim.h **** 
 782:board/stm32f401rct6/Drivers/STM32F4xx_HAL_Driver/Inc/stm32f4xx_ll_tim.h **** /** @defgroup TIM_LL_EC_TS Trigger Selection
 783:board/stm32f401rct6/Drivers/STM32F4xx_HAL_Driver/Inc/stm32f4xx_ll_tim.h ****   * @{
 784:board/stm32f401rct6/Drivers/STM32F4xx_HAL_Driver/Inc/stm32f4xx_ll_tim.h ****   */
 785:board/stm32f401rct6/Drivers/STM32F4xx_HAL_Driver/Inc/stm32f4xx_ll_tim.h **** #define LL_TIM_TS_ITR0                         0x00000000U                                         
 786:board/stm32f401rct6/Drivers/STM32F4xx_HAL_Driver/Inc/stm32f4xx_ll_tim.h **** #define LL_TIM_TS_ITR1                         TIM_SMCR_TS_0                                       
 787:board/stm32f401rct6/Drivers/STM32F4xx_HAL_Driver/Inc/stm32f4xx_ll_tim.h **** #define LL_TIM_TS_ITR2                         TIM_SMCR_TS_1                                       
 788:board/stm32f401rct6/Drivers/STM32F4xx_HAL_Driver/Inc/stm32f4xx_ll_tim.h **** #define LL_TIM_TS_ITR3                         (TIM_SMCR_TS_0 | TIM_SMCR_TS_1)                     
 789:board/stm32f401rct6/Drivers/STM32F4xx_HAL_Driver/Inc/stm32f4xx_ll_tim.h **** #define LL_TIM_TS_TI1F_ED                      TIM_SMCR_TS_2                                       
 790:board/stm32f401rct6/Drivers/STM32F4xx_HAL_Driver/Inc/stm32f4xx_ll_tim.h **** #define LL_TIM_TS_TI1FP1                       (TIM_SMCR_TS_2 | TIM_SMCR_TS_0)                     
 791:board/stm32f401rct6/Drivers/STM32F4xx_HAL_Driver/Inc/stm32f4xx_ll_tim.h **** #define LL_TIM_TS_TI2FP2                       (TIM_SMCR_TS_2 | TIM_SMCR_TS_1)                     
 792:board/stm32f401rct6/Drivers/STM32F4xx_HAL_Driver/Inc/stm32f4xx_ll_tim.h **** #define LL_TIM_TS_ETRF                         (TIM_SMCR_TS_2 | TIM_SMCR_TS_1 | TIM_SMCR_TS_0)     
 793:board/stm32f401rct6/Drivers/STM32F4xx_HAL_Driver/Inc/stm32f4xx_ll_tim.h **** /**
 794:board/stm32f401rct6/Drivers/STM32F4xx_HAL_Driver/Inc/stm32f4xx_ll_tim.h ****   * @}
 795:board/stm32f401rct6/Drivers/STM32F4xx_HAL_Driver/Inc/stm32f4xx_ll_tim.h ****   */
 796:board/stm32f401rct6/Drivers/STM32F4xx_HAL_Driver/Inc/stm32f4xx_ll_tim.h **** 
 797:board/stm32f401rct6/Drivers/STM32F4xx_HAL_Driver/Inc/stm32f4xx_ll_tim.h **** /** @defgroup TIM_LL_EC_ETR_POLARITY External Trigger Polarity
 798:board/stm32f401rct6/Drivers/STM32F4xx_HAL_Driver/Inc/stm32f4xx_ll_tim.h ****   * @{
 799:board/stm32f401rct6/Drivers/STM32F4xx_HAL_Driver/Inc/stm32f4xx_ll_tim.h ****   */
 800:board/stm32f401rct6/Drivers/STM32F4xx_HAL_Driver/Inc/stm32f4xx_ll_tim.h **** #define LL_TIM_ETR_POLARITY_NONINVERTED        0x00000000U             /*!< ETR is non-inverted, ac
 801:board/stm32f401rct6/Drivers/STM32F4xx_HAL_Driver/Inc/stm32f4xx_ll_tim.h **** #define LL_TIM_ETR_POLARITY_INVERTED           TIM_SMCR_ETP            /*!< ETR is inverted, active
 802:board/stm32f401rct6/Drivers/STM32F4xx_HAL_Driver/Inc/stm32f4xx_ll_tim.h **** /**
 803:board/stm32f401rct6/Drivers/STM32F4xx_HAL_Driver/Inc/stm32f4xx_ll_tim.h ****   * @}
 804:board/stm32f401rct6/Drivers/STM32F4xx_HAL_Driver/Inc/stm32f4xx_ll_tim.h ****   */
 805:board/stm32f401rct6/Drivers/STM32F4xx_HAL_Driver/Inc/stm32f4xx_ll_tim.h **** 
 806:board/stm32f401rct6/Drivers/STM32F4xx_HAL_Driver/Inc/stm32f4xx_ll_tim.h **** /** @defgroup TIM_LL_EC_ETR_PRESCALER External Trigger Prescaler
 807:board/stm32f401rct6/Drivers/STM32F4xx_HAL_Driver/Inc/stm32f4xx_ll_tim.h ****   * @{
 808:board/stm32f401rct6/Drivers/STM32F4xx_HAL_Driver/Inc/stm32f4xx_ll_tim.h ****   */
 809:board/stm32f401rct6/Drivers/STM32F4xx_HAL_Driver/Inc/stm32f4xx_ll_tim.h **** #define LL_TIM_ETR_PRESCALER_DIV1              0x00000000U             /*!< ETR prescaler OFF */
 810:board/stm32f401rct6/Drivers/STM32F4xx_HAL_Driver/Inc/stm32f4xx_ll_tim.h **** #define LL_TIM_ETR_PRESCALER_DIV2              TIM_SMCR_ETPS_0         /*!< ETR frequency is divide
 811:board/stm32f401rct6/Drivers/STM32F4xx_HAL_Driver/Inc/stm32f4xx_ll_tim.h **** #define LL_TIM_ETR_PRESCALER_DIV4              TIM_SMCR_ETPS_1         /*!< ETR frequency is divide
 812:board/stm32f401rct6/Drivers/STM32F4xx_HAL_Driver/Inc/stm32f4xx_ll_tim.h **** #define LL_TIM_ETR_PRESCALER_DIV8              TIM_SMCR_ETPS           /*!< ETR frequency is divide
 813:board/stm32f401rct6/Drivers/STM32F4xx_HAL_Driver/Inc/stm32f4xx_ll_tim.h **** /**
 814:board/stm32f401rct6/Drivers/STM32F4xx_HAL_Driver/Inc/stm32f4xx_ll_tim.h ****   * @}
 815:board/stm32f401rct6/Drivers/STM32F4xx_HAL_Driver/Inc/stm32f4xx_ll_tim.h ****   */
 816:board/stm32f401rct6/Drivers/STM32F4xx_HAL_Driver/Inc/stm32f4xx_ll_tim.h **** 
 817:board/stm32f401rct6/Drivers/STM32F4xx_HAL_Driver/Inc/stm32f4xx_ll_tim.h **** /** @defgroup TIM_LL_EC_ETR_FILTER External Trigger Filter
 818:board/stm32f401rct6/Drivers/STM32F4xx_HAL_Driver/Inc/stm32f4xx_ll_tim.h ****   * @{
 819:board/stm32f401rct6/Drivers/STM32F4xx_HAL_Driver/Inc/stm32f4xx_ll_tim.h ****   */
 820:board/stm32f401rct6/Drivers/STM32F4xx_HAL_Driver/Inc/stm32f4xx_ll_tim.h **** #define LL_TIM_ETR_FILTER_FDIV1                0x00000000U                                         
 821:board/stm32f401rct6/Drivers/STM32F4xx_HAL_Driver/Inc/stm32f4xx_ll_tim.h **** #define LL_TIM_ETR_FILTER_FDIV1_N2             TIM_SMCR_ETF_0                                      
 822:board/stm32f401rct6/Drivers/STM32F4xx_HAL_Driver/Inc/stm32f4xx_ll_tim.h **** #define LL_TIM_ETR_FILTER_FDIV1_N4             TIM_SMCR_ETF_1                                      
 823:board/stm32f401rct6/Drivers/STM32F4xx_HAL_Driver/Inc/stm32f4xx_ll_tim.h **** #define LL_TIM_ETR_FILTER_FDIV1_N8             (TIM_SMCR_ETF_1 | TIM_SMCR_ETF_0)                   
 824:board/stm32f401rct6/Drivers/STM32F4xx_HAL_Driver/Inc/stm32f4xx_ll_tim.h **** #define LL_TIM_ETR_FILTER_FDIV2_N6             TIM_SMCR_ETF_2                                      
 825:board/stm32f401rct6/Drivers/STM32F4xx_HAL_Driver/Inc/stm32f4xx_ll_tim.h **** #define LL_TIM_ETR_FILTER_FDIV2_N8             (TIM_SMCR_ETF_2 | TIM_SMCR_ETF_0)                   
 826:board/stm32f401rct6/Drivers/STM32F4xx_HAL_Driver/Inc/stm32f4xx_ll_tim.h **** #define LL_TIM_ETR_FILTER_FDIV4_N6             (TIM_SMCR_ETF_2 | TIM_SMCR_ETF_1)                   
 827:board/stm32f401rct6/Drivers/STM32F4xx_HAL_Driver/Inc/stm32f4xx_ll_tim.h **** #define LL_TIM_ETR_FILTER_FDIV4_N8             (TIM_SMCR_ETF_2 | TIM_SMCR_ETF_1 | TIM_SMCR_ETF_0)  
ARM GAS  C:\Users\Admin\AppData\Local\Temp\ccrDpVnE.s 			page 34


 828:board/stm32f401rct6/Drivers/STM32F4xx_HAL_Driver/Inc/stm32f4xx_ll_tim.h **** #define LL_TIM_ETR_FILTER_FDIV8_N6             TIM_SMCR_ETF_3                                      
 829:board/stm32f401rct6/Drivers/STM32F4xx_HAL_Driver/Inc/stm32f4xx_ll_tim.h **** #define LL_TIM_ETR_FILTER_FDIV8_N8             (TIM_SMCR_ETF_3 | TIM_SMCR_ETF_0)                   
 830:board/stm32f401rct6/Drivers/STM32F4xx_HAL_Driver/Inc/stm32f4xx_ll_tim.h **** #define LL_TIM_ETR_FILTER_FDIV16_N5            (TIM_SMCR_ETF_3 | TIM_SMCR_ETF_1)                   
 831:board/stm32f401rct6/Drivers/STM32F4xx_HAL_Driver/Inc/stm32f4xx_ll_tim.h **** #define LL_TIM_ETR_FILTER_FDIV16_N6            (TIM_SMCR_ETF_3 | TIM_SMCR_ETF_1 | TIM_SMCR_ETF_0)  
 832:board/stm32f401rct6/Drivers/STM32F4xx_HAL_Driver/Inc/stm32f4xx_ll_tim.h **** #define LL_TIM_ETR_FILTER_FDIV16_N8            (TIM_SMCR_ETF_3 | TIM_SMCR_ETF_2)                   
 833:board/stm32f401rct6/Drivers/STM32F4xx_HAL_Driver/Inc/stm32f4xx_ll_tim.h **** #define LL_TIM_ETR_FILTER_FDIV32_N5            (TIM_SMCR_ETF_3 | TIM_SMCR_ETF_2 | TIM_SMCR_ETF_0)  
 834:board/stm32f401rct6/Drivers/STM32F4xx_HAL_Driver/Inc/stm32f4xx_ll_tim.h **** #define LL_TIM_ETR_FILTER_FDIV32_N6            (TIM_SMCR_ETF_3 | TIM_SMCR_ETF_2 | TIM_SMCR_ETF_1)  
 835:board/stm32f401rct6/Drivers/STM32F4xx_HAL_Driver/Inc/stm32f4xx_ll_tim.h **** #define LL_TIM_ETR_FILTER_FDIV32_N8            TIM_SMCR_ETF                                        
 836:board/stm32f401rct6/Drivers/STM32F4xx_HAL_Driver/Inc/stm32f4xx_ll_tim.h **** /**
 837:board/stm32f401rct6/Drivers/STM32F4xx_HAL_Driver/Inc/stm32f4xx_ll_tim.h ****   * @}
 838:board/stm32f401rct6/Drivers/STM32F4xx_HAL_Driver/Inc/stm32f4xx_ll_tim.h ****   */
 839:board/stm32f401rct6/Drivers/STM32F4xx_HAL_Driver/Inc/stm32f4xx_ll_tim.h **** 
 840:board/stm32f401rct6/Drivers/STM32F4xx_HAL_Driver/Inc/stm32f4xx_ll_tim.h **** 
 841:board/stm32f401rct6/Drivers/STM32F4xx_HAL_Driver/Inc/stm32f4xx_ll_tim.h **** /** @defgroup TIM_LL_EC_BREAK_POLARITY break polarity
 842:board/stm32f401rct6/Drivers/STM32F4xx_HAL_Driver/Inc/stm32f4xx_ll_tim.h ****   * @{
 843:board/stm32f401rct6/Drivers/STM32F4xx_HAL_Driver/Inc/stm32f4xx_ll_tim.h ****   */
 844:board/stm32f401rct6/Drivers/STM32F4xx_HAL_Driver/Inc/stm32f4xx_ll_tim.h **** #define LL_TIM_BREAK_POLARITY_LOW              0x00000000U               /*!< Break input BRK is ac
 845:board/stm32f401rct6/Drivers/STM32F4xx_HAL_Driver/Inc/stm32f4xx_ll_tim.h **** #define LL_TIM_BREAK_POLARITY_HIGH             TIM_BDTR_BKP              /*!< Break input BRK is ac
 846:board/stm32f401rct6/Drivers/STM32F4xx_HAL_Driver/Inc/stm32f4xx_ll_tim.h **** /**
 847:board/stm32f401rct6/Drivers/STM32F4xx_HAL_Driver/Inc/stm32f4xx_ll_tim.h ****   * @}
 848:board/stm32f401rct6/Drivers/STM32F4xx_HAL_Driver/Inc/stm32f4xx_ll_tim.h ****   */
 849:board/stm32f401rct6/Drivers/STM32F4xx_HAL_Driver/Inc/stm32f4xx_ll_tim.h **** 
 850:board/stm32f401rct6/Drivers/STM32F4xx_HAL_Driver/Inc/stm32f4xx_ll_tim.h **** 
 851:board/stm32f401rct6/Drivers/STM32F4xx_HAL_Driver/Inc/stm32f4xx_ll_tim.h **** 
 852:board/stm32f401rct6/Drivers/STM32F4xx_HAL_Driver/Inc/stm32f4xx_ll_tim.h **** 
 853:board/stm32f401rct6/Drivers/STM32F4xx_HAL_Driver/Inc/stm32f4xx_ll_tim.h **** /** @defgroup TIM_LL_EC_OSSI OSSI
 854:board/stm32f401rct6/Drivers/STM32F4xx_HAL_Driver/Inc/stm32f4xx_ll_tim.h ****   * @{
 855:board/stm32f401rct6/Drivers/STM32F4xx_HAL_Driver/Inc/stm32f4xx_ll_tim.h ****   */
 856:board/stm32f401rct6/Drivers/STM32F4xx_HAL_Driver/Inc/stm32f4xx_ll_tim.h **** #define LL_TIM_OSSI_DISABLE                    0x00000000U             /*!< When inactive, OCx/OCxN
 857:board/stm32f401rct6/Drivers/STM32F4xx_HAL_Driver/Inc/stm32f4xx_ll_tim.h **** #define LL_TIM_OSSI_ENABLE                     TIM_BDTR_OSSI           /*!< When inactive, OxC/OCxN
 858:board/stm32f401rct6/Drivers/STM32F4xx_HAL_Driver/Inc/stm32f4xx_ll_tim.h **** /**
 859:board/stm32f401rct6/Drivers/STM32F4xx_HAL_Driver/Inc/stm32f4xx_ll_tim.h ****   * @}
 860:board/stm32f401rct6/Drivers/STM32F4xx_HAL_Driver/Inc/stm32f4xx_ll_tim.h ****   */
 861:board/stm32f401rct6/Drivers/STM32F4xx_HAL_Driver/Inc/stm32f4xx_ll_tim.h **** 
 862:board/stm32f401rct6/Drivers/STM32F4xx_HAL_Driver/Inc/stm32f4xx_ll_tim.h **** /** @defgroup TIM_LL_EC_OSSR OSSR
 863:board/stm32f401rct6/Drivers/STM32F4xx_HAL_Driver/Inc/stm32f4xx_ll_tim.h ****   * @{
 864:board/stm32f401rct6/Drivers/STM32F4xx_HAL_Driver/Inc/stm32f4xx_ll_tim.h ****   */
 865:board/stm32f401rct6/Drivers/STM32F4xx_HAL_Driver/Inc/stm32f4xx_ll_tim.h **** #define LL_TIM_OSSR_DISABLE                    0x00000000U             /*!< When inactive, OCx/OCxN
 866:board/stm32f401rct6/Drivers/STM32F4xx_HAL_Driver/Inc/stm32f4xx_ll_tim.h **** #define LL_TIM_OSSR_ENABLE                     TIM_BDTR_OSSR           /*!< When inactive, OC/OCN o
 867:board/stm32f401rct6/Drivers/STM32F4xx_HAL_Driver/Inc/stm32f4xx_ll_tim.h **** /**
 868:board/stm32f401rct6/Drivers/STM32F4xx_HAL_Driver/Inc/stm32f4xx_ll_tim.h ****   * @}
 869:board/stm32f401rct6/Drivers/STM32F4xx_HAL_Driver/Inc/stm32f4xx_ll_tim.h ****   */
 870:board/stm32f401rct6/Drivers/STM32F4xx_HAL_Driver/Inc/stm32f4xx_ll_tim.h **** 
 871:board/stm32f401rct6/Drivers/STM32F4xx_HAL_Driver/Inc/stm32f4xx_ll_tim.h **** 
 872:board/stm32f401rct6/Drivers/STM32F4xx_HAL_Driver/Inc/stm32f4xx_ll_tim.h **** /** @defgroup TIM_LL_EC_DMABURST_BASEADDR DMA Burst Base Address
 873:board/stm32f401rct6/Drivers/STM32F4xx_HAL_Driver/Inc/stm32f4xx_ll_tim.h ****   * @{
 874:board/stm32f401rct6/Drivers/STM32F4xx_HAL_Driver/Inc/stm32f4xx_ll_tim.h ****   */
 875:board/stm32f401rct6/Drivers/STM32F4xx_HAL_Driver/Inc/stm32f4xx_ll_tim.h **** #define LL_TIM_DMABURST_BASEADDR_CR1           0x00000000U                                         
 876:board/stm32f401rct6/Drivers/STM32F4xx_HAL_Driver/Inc/stm32f4xx_ll_tim.h **** #define LL_TIM_DMABURST_BASEADDR_CR2           TIM_DCR_DBA_0                                       
 877:board/stm32f401rct6/Drivers/STM32F4xx_HAL_Driver/Inc/stm32f4xx_ll_tim.h **** #define LL_TIM_DMABURST_BASEADDR_SMCR          TIM_DCR_DBA_1                                       
 878:board/stm32f401rct6/Drivers/STM32F4xx_HAL_Driver/Inc/stm32f4xx_ll_tim.h **** #define LL_TIM_DMABURST_BASEADDR_DIER          (TIM_DCR_DBA_1 |  TIM_DCR_DBA_0)                    
 879:board/stm32f401rct6/Drivers/STM32F4xx_HAL_Driver/Inc/stm32f4xx_ll_tim.h **** #define LL_TIM_DMABURST_BASEADDR_SR            TIM_DCR_DBA_2                                       
 880:board/stm32f401rct6/Drivers/STM32F4xx_HAL_Driver/Inc/stm32f4xx_ll_tim.h **** #define LL_TIM_DMABURST_BASEADDR_EGR           (TIM_DCR_DBA_2 | TIM_DCR_DBA_0)                     
 881:board/stm32f401rct6/Drivers/STM32F4xx_HAL_Driver/Inc/stm32f4xx_ll_tim.h **** #define LL_TIM_DMABURST_BASEADDR_CCMR1         (TIM_DCR_DBA_2 | TIM_DCR_DBA_1)                     
 882:board/stm32f401rct6/Drivers/STM32F4xx_HAL_Driver/Inc/stm32f4xx_ll_tim.h **** #define LL_TIM_DMABURST_BASEADDR_CCMR2         (TIM_DCR_DBA_2 | TIM_DCR_DBA_1 | TIM_DCR_DBA_0)     
 883:board/stm32f401rct6/Drivers/STM32F4xx_HAL_Driver/Inc/stm32f4xx_ll_tim.h **** #define LL_TIM_DMABURST_BASEADDR_CCER          TIM_DCR_DBA_3                                       
 884:board/stm32f401rct6/Drivers/STM32F4xx_HAL_Driver/Inc/stm32f4xx_ll_tim.h **** #define LL_TIM_DMABURST_BASEADDR_CNT           (TIM_DCR_DBA_3 | TIM_DCR_DBA_0)                     
ARM GAS  C:\Users\Admin\AppData\Local\Temp\ccrDpVnE.s 			page 35


 885:board/stm32f401rct6/Drivers/STM32F4xx_HAL_Driver/Inc/stm32f4xx_ll_tim.h **** #define LL_TIM_DMABURST_BASEADDR_PSC           (TIM_DCR_DBA_3 | TIM_DCR_DBA_1)                     
 886:board/stm32f401rct6/Drivers/STM32F4xx_HAL_Driver/Inc/stm32f4xx_ll_tim.h **** #define LL_TIM_DMABURST_BASEADDR_ARR           (TIM_DCR_DBA_3 | TIM_DCR_DBA_1 | TIM_DCR_DBA_0)     
 887:board/stm32f401rct6/Drivers/STM32F4xx_HAL_Driver/Inc/stm32f4xx_ll_tim.h **** #define LL_TIM_DMABURST_BASEADDR_RCR           (TIM_DCR_DBA_3 | TIM_DCR_DBA_2)                     
 888:board/stm32f401rct6/Drivers/STM32F4xx_HAL_Driver/Inc/stm32f4xx_ll_tim.h **** #define LL_TIM_DMABURST_BASEADDR_CCR1          (TIM_DCR_DBA_3 | TIM_DCR_DBA_2 | TIM_DCR_DBA_0)     
 889:board/stm32f401rct6/Drivers/STM32F4xx_HAL_Driver/Inc/stm32f4xx_ll_tim.h **** #define LL_TIM_DMABURST_BASEADDR_CCR2          (TIM_DCR_DBA_3 | TIM_DCR_DBA_2 | TIM_DCR_DBA_1)     
 890:board/stm32f401rct6/Drivers/STM32F4xx_HAL_Driver/Inc/stm32f4xx_ll_tim.h **** #define LL_TIM_DMABURST_BASEADDR_CCR3          (TIM_DCR_DBA_3 | TIM_DCR_DBA_2 | TIM_DCR_DBA_1 | TIM
 891:board/stm32f401rct6/Drivers/STM32F4xx_HAL_Driver/Inc/stm32f4xx_ll_tim.h **** #define LL_TIM_DMABURST_BASEADDR_CCR4          TIM_DCR_DBA_4                                       
 892:board/stm32f401rct6/Drivers/STM32F4xx_HAL_Driver/Inc/stm32f4xx_ll_tim.h **** #define LL_TIM_DMABURST_BASEADDR_BDTR          (TIM_DCR_DBA_4 | TIM_DCR_DBA_0)                     
 893:board/stm32f401rct6/Drivers/STM32F4xx_HAL_Driver/Inc/stm32f4xx_ll_tim.h **** /**
 894:board/stm32f401rct6/Drivers/STM32F4xx_HAL_Driver/Inc/stm32f4xx_ll_tim.h ****   * @}
 895:board/stm32f401rct6/Drivers/STM32F4xx_HAL_Driver/Inc/stm32f4xx_ll_tim.h ****   */
 896:board/stm32f401rct6/Drivers/STM32F4xx_HAL_Driver/Inc/stm32f4xx_ll_tim.h **** 
 897:board/stm32f401rct6/Drivers/STM32F4xx_HAL_Driver/Inc/stm32f4xx_ll_tim.h **** /** @defgroup TIM_LL_EC_DMABURST_LENGTH DMA Burst Length
 898:board/stm32f401rct6/Drivers/STM32F4xx_HAL_Driver/Inc/stm32f4xx_ll_tim.h ****   * @{
 899:board/stm32f401rct6/Drivers/STM32F4xx_HAL_Driver/Inc/stm32f4xx_ll_tim.h ****   */
 900:board/stm32f401rct6/Drivers/STM32F4xx_HAL_Driver/Inc/stm32f4xx_ll_tim.h **** #define LL_TIM_DMABURST_LENGTH_1TRANSFER       0x00000000U                                         
 901:board/stm32f401rct6/Drivers/STM32F4xx_HAL_Driver/Inc/stm32f4xx_ll_tim.h **** #define LL_TIM_DMABURST_LENGTH_2TRANSFERS      TIM_DCR_DBL_0                                       
 902:board/stm32f401rct6/Drivers/STM32F4xx_HAL_Driver/Inc/stm32f4xx_ll_tim.h **** #define LL_TIM_DMABURST_LENGTH_3TRANSFERS      TIM_DCR_DBL_1                                       
 903:board/stm32f401rct6/Drivers/STM32F4xx_HAL_Driver/Inc/stm32f4xx_ll_tim.h **** #define LL_TIM_DMABURST_LENGTH_4TRANSFERS      (TIM_DCR_DBL_1 |  TIM_DCR_DBL_0)                    
 904:board/stm32f401rct6/Drivers/STM32F4xx_HAL_Driver/Inc/stm32f4xx_ll_tim.h **** #define LL_TIM_DMABURST_LENGTH_5TRANSFERS      TIM_DCR_DBL_2                                       
 905:board/stm32f401rct6/Drivers/STM32F4xx_HAL_Driver/Inc/stm32f4xx_ll_tim.h **** #define LL_TIM_DMABURST_LENGTH_6TRANSFERS      (TIM_DCR_DBL_2 | TIM_DCR_DBL_0)                     
 906:board/stm32f401rct6/Drivers/STM32F4xx_HAL_Driver/Inc/stm32f4xx_ll_tim.h **** #define LL_TIM_DMABURST_LENGTH_7TRANSFERS      (TIM_DCR_DBL_2 | TIM_DCR_DBL_1)                     
 907:board/stm32f401rct6/Drivers/STM32F4xx_HAL_Driver/Inc/stm32f4xx_ll_tim.h **** #define LL_TIM_DMABURST_LENGTH_8TRANSFERS      (TIM_DCR_DBL_2 | TIM_DCR_DBL_1 | TIM_DCR_DBL_0)     
 908:board/stm32f401rct6/Drivers/STM32F4xx_HAL_Driver/Inc/stm32f4xx_ll_tim.h **** #define LL_TIM_DMABURST_LENGTH_9TRANSFERS      TIM_DCR_DBL_3                                       
 909:board/stm32f401rct6/Drivers/STM32F4xx_HAL_Driver/Inc/stm32f4xx_ll_tim.h **** #define LL_TIM_DMABURST_LENGTH_10TRANSFERS     (TIM_DCR_DBL_3 | TIM_DCR_DBL_0)                     
 910:board/stm32f401rct6/Drivers/STM32F4xx_HAL_Driver/Inc/stm32f4xx_ll_tim.h **** #define LL_TIM_DMABURST_LENGTH_11TRANSFERS     (TIM_DCR_DBL_3 | TIM_DCR_DBL_1)                     
 911:board/stm32f401rct6/Drivers/STM32F4xx_HAL_Driver/Inc/stm32f4xx_ll_tim.h **** #define LL_TIM_DMABURST_LENGTH_12TRANSFERS     (TIM_DCR_DBL_3 | TIM_DCR_DBL_1 | TIM_DCR_DBL_0)     
 912:board/stm32f401rct6/Drivers/STM32F4xx_HAL_Driver/Inc/stm32f4xx_ll_tim.h **** #define LL_TIM_DMABURST_LENGTH_13TRANSFERS     (TIM_DCR_DBL_3 | TIM_DCR_DBL_2)                     
 913:board/stm32f401rct6/Drivers/STM32F4xx_HAL_Driver/Inc/stm32f4xx_ll_tim.h **** #define LL_TIM_DMABURST_LENGTH_14TRANSFERS     (TIM_DCR_DBL_3 | TIM_DCR_DBL_2 | TIM_DCR_DBL_0)     
 914:board/stm32f401rct6/Drivers/STM32F4xx_HAL_Driver/Inc/stm32f4xx_ll_tim.h **** #define LL_TIM_DMABURST_LENGTH_15TRANSFERS     (TIM_DCR_DBL_3 | TIM_DCR_DBL_2 | TIM_DCR_DBL_1)     
 915:board/stm32f401rct6/Drivers/STM32F4xx_HAL_Driver/Inc/stm32f4xx_ll_tim.h **** #define LL_TIM_DMABURST_LENGTH_16TRANSFERS     (TIM_DCR_DBL_3 | TIM_DCR_DBL_2 | TIM_DCR_DBL_1 | TIM
 916:board/stm32f401rct6/Drivers/STM32F4xx_HAL_Driver/Inc/stm32f4xx_ll_tim.h **** #define LL_TIM_DMABURST_LENGTH_17TRANSFERS     TIM_DCR_DBL_4                                       
 917:board/stm32f401rct6/Drivers/STM32F4xx_HAL_Driver/Inc/stm32f4xx_ll_tim.h **** #define LL_TIM_DMABURST_LENGTH_18TRANSFERS     (TIM_DCR_DBL_4 |  TIM_DCR_DBL_0)                    
 918:board/stm32f401rct6/Drivers/STM32F4xx_HAL_Driver/Inc/stm32f4xx_ll_tim.h **** /**
 919:board/stm32f401rct6/Drivers/STM32F4xx_HAL_Driver/Inc/stm32f4xx_ll_tim.h ****   * @}
 920:board/stm32f401rct6/Drivers/STM32F4xx_HAL_Driver/Inc/stm32f4xx_ll_tim.h ****   */
 921:board/stm32f401rct6/Drivers/STM32F4xx_HAL_Driver/Inc/stm32f4xx_ll_tim.h **** 
 922:board/stm32f401rct6/Drivers/STM32F4xx_HAL_Driver/Inc/stm32f4xx_ll_tim.h **** 
 923:board/stm32f401rct6/Drivers/STM32F4xx_HAL_Driver/Inc/stm32f4xx_ll_tim.h **** /** @defgroup TIM_LL_EC_TIM2_ITR1_RMP_TIM8  TIM2 Internal Trigger1 Remap TIM8
 924:board/stm32f401rct6/Drivers/STM32F4xx_HAL_Driver/Inc/stm32f4xx_ll_tim.h ****   * @{
 925:board/stm32f401rct6/Drivers/STM32F4xx_HAL_Driver/Inc/stm32f4xx_ll_tim.h ****   */
 926:board/stm32f401rct6/Drivers/STM32F4xx_HAL_Driver/Inc/stm32f4xx_ll_tim.h **** #define LL_TIM_TIM2_ITR1_RMP_TIM8_TRGO    TIM2_OR_RMP_MASK                        /*!< TIM2_ITR1 is
 927:board/stm32f401rct6/Drivers/STM32F4xx_HAL_Driver/Inc/stm32f4xx_ll_tim.h **** #define LL_TIM_TIM2_ITR1_RMP_ETH_PTP      (TIM_OR_ITR1_RMP_0 | TIM2_OR_RMP_MASK)  /*!< TIM2_ITR1 is
 928:board/stm32f401rct6/Drivers/STM32F4xx_HAL_Driver/Inc/stm32f4xx_ll_tim.h **** #define LL_TIM_TIM2_ITR1_RMP_OTG_FS_SOF   (TIM_OR_ITR1_RMP_1 | TIM2_OR_RMP_MASK)  /*!< TIM2_ITR1 is
 929:board/stm32f401rct6/Drivers/STM32F4xx_HAL_Driver/Inc/stm32f4xx_ll_tim.h **** #define LL_TIM_TIM2_ITR1_RMP_OTG_HS_SOF   (TIM_OR_ITR1_RMP | TIM2_OR_RMP_MASK)    /*!< TIM2_ITR1 is
 930:board/stm32f401rct6/Drivers/STM32F4xx_HAL_Driver/Inc/stm32f4xx_ll_tim.h **** /**
 931:board/stm32f401rct6/Drivers/STM32F4xx_HAL_Driver/Inc/stm32f4xx_ll_tim.h ****   * @}
 932:board/stm32f401rct6/Drivers/STM32F4xx_HAL_Driver/Inc/stm32f4xx_ll_tim.h ****   */
 933:board/stm32f401rct6/Drivers/STM32F4xx_HAL_Driver/Inc/stm32f4xx_ll_tim.h **** 
 934:board/stm32f401rct6/Drivers/STM32F4xx_HAL_Driver/Inc/stm32f4xx_ll_tim.h **** /** @defgroup TIM_LL_EC_TIM5_TI4_RMP  TIM5 External Input Ch4 Remap
 935:board/stm32f401rct6/Drivers/STM32F4xx_HAL_Driver/Inc/stm32f4xx_ll_tim.h ****   * @{
 936:board/stm32f401rct6/Drivers/STM32F4xx_HAL_Driver/Inc/stm32f4xx_ll_tim.h ****   */
 937:board/stm32f401rct6/Drivers/STM32F4xx_HAL_Driver/Inc/stm32f4xx_ll_tim.h **** #define LL_TIM_TIM5_TI4_RMP_GPIO        TIM5_OR_RMP_MASK                         /*!< TIM5 channel 
 938:board/stm32f401rct6/Drivers/STM32F4xx_HAL_Driver/Inc/stm32f4xx_ll_tim.h **** #define LL_TIM_TIM5_TI4_RMP_LSI         (TIM_OR_TI4_RMP_0 | TIM5_OR_RMP_MASK)    /*!< TIM5 channel 
 939:board/stm32f401rct6/Drivers/STM32F4xx_HAL_Driver/Inc/stm32f4xx_ll_tim.h **** #define LL_TIM_TIM5_TI4_RMP_LSE         (TIM_OR_TI4_RMP_1 | TIM5_OR_RMP_MASK)    /*!< TIM5 channel 
 940:board/stm32f401rct6/Drivers/STM32F4xx_HAL_Driver/Inc/stm32f4xx_ll_tim.h **** #define LL_TIM_TIM5_TI4_RMP_RTC         (TIM_OR_TI4_RMP | TIM5_OR_RMP_MASK)      /*!< TIM5 channel 
 941:board/stm32f401rct6/Drivers/STM32F4xx_HAL_Driver/Inc/stm32f4xx_ll_tim.h **** /**
ARM GAS  C:\Users\Admin\AppData\Local\Temp\ccrDpVnE.s 			page 36


 942:board/stm32f401rct6/Drivers/STM32F4xx_HAL_Driver/Inc/stm32f4xx_ll_tim.h ****   * @}
 943:board/stm32f401rct6/Drivers/STM32F4xx_HAL_Driver/Inc/stm32f4xx_ll_tim.h ****   */
 944:board/stm32f401rct6/Drivers/STM32F4xx_HAL_Driver/Inc/stm32f4xx_ll_tim.h **** 
 945:board/stm32f401rct6/Drivers/STM32F4xx_HAL_Driver/Inc/stm32f4xx_ll_tim.h **** /** @defgroup TIM_LL_EC_TIM11_TI1_RMP  TIM11 External Input Capture 1 Remap
 946:board/stm32f401rct6/Drivers/STM32F4xx_HAL_Driver/Inc/stm32f4xx_ll_tim.h ****   * @{
 947:board/stm32f401rct6/Drivers/STM32F4xx_HAL_Driver/Inc/stm32f4xx_ll_tim.h ****   */
 948:board/stm32f401rct6/Drivers/STM32F4xx_HAL_Driver/Inc/stm32f4xx_ll_tim.h **** #define LL_TIM_TIM11_TI1_RMP_GPIO        TIM11_OR_RMP_MASK                          /*!< TIM11 chan
 949:board/stm32f401rct6/Drivers/STM32F4xx_HAL_Driver/Inc/stm32f4xx_ll_tim.h **** #if defined(SPDIFRX)
 950:board/stm32f401rct6/Drivers/STM32F4xx_HAL_Driver/Inc/stm32f4xx_ll_tim.h **** #define LL_TIM_TIM11_TI1_RMP_SPDIFRX     (TIM_OR_TI1_RMP_0 | TIM11_OR_RMP_MASK)     /*!< TIM11 chan
 951:board/stm32f401rct6/Drivers/STM32F4xx_HAL_Driver/Inc/stm32f4xx_ll_tim.h **** 
 952:board/stm32f401rct6/Drivers/STM32F4xx_HAL_Driver/Inc/stm32f4xx_ll_tim.h **** /* Legacy define */
 953:board/stm32f401rct6/Drivers/STM32F4xx_HAL_Driver/Inc/stm32f4xx_ll_tim.h **** #define  LL_TIM_TIM11_TI1_RMP_GPIO1      LL_TIM_TIM11_TI1_RMP_SPDIFRX               /*!< Legacy def
 954:board/stm32f401rct6/Drivers/STM32F4xx_HAL_Driver/Inc/stm32f4xx_ll_tim.h **** 
 955:board/stm32f401rct6/Drivers/STM32F4xx_HAL_Driver/Inc/stm32f4xx_ll_tim.h **** #else
 956:board/stm32f401rct6/Drivers/STM32F4xx_HAL_Driver/Inc/stm32f4xx_ll_tim.h **** #define LL_TIM_TIM11_TI1_RMP_GPIO1       (TIM_OR_TI1_RMP_0 | TIM11_OR_RMP_MASK)     /*!< TIM11 chan
 957:board/stm32f401rct6/Drivers/STM32F4xx_HAL_Driver/Inc/stm32f4xx_ll_tim.h **** #endif /* SPDIFRX */
 958:board/stm32f401rct6/Drivers/STM32F4xx_HAL_Driver/Inc/stm32f4xx_ll_tim.h **** #define LL_TIM_TIM11_TI1_RMP_GPIO2       (TIM_OR_TI1_RMP   | TIM11_OR_RMP_MASK)     /*!< TIM11 chan
 959:board/stm32f401rct6/Drivers/STM32F4xx_HAL_Driver/Inc/stm32f4xx_ll_tim.h **** #define LL_TIM_TIM11_TI1_RMP_HSE_RTC     (TIM_OR_TI1_RMP_1 | TIM11_OR_RMP_MASK)     /*!< TIM11 chan
 960:board/stm32f401rct6/Drivers/STM32F4xx_HAL_Driver/Inc/stm32f4xx_ll_tim.h **** /**
 961:board/stm32f401rct6/Drivers/STM32F4xx_HAL_Driver/Inc/stm32f4xx_ll_tim.h ****   * @}
 962:board/stm32f401rct6/Drivers/STM32F4xx_HAL_Driver/Inc/stm32f4xx_ll_tim.h ****   */
 963:board/stm32f401rct6/Drivers/STM32F4xx_HAL_Driver/Inc/stm32f4xx_ll_tim.h **** #if defined(LPTIM_OR_TIM1_ITR2_RMP) && defined(LPTIM_OR_TIM5_ITR1_RMP) && defined(LPTIM_OR_TIM9_ITR
 964:board/stm32f401rct6/Drivers/STM32F4xx_HAL_Driver/Inc/stm32f4xx_ll_tim.h **** 
 965:board/stm32f401rct6/Drivers/STM32F4xx_HAL_Driver/Inc/stm32f4xx_ll_tim.h **** #define LL_TIM_LPTIM_REMAP_MASK           0x10000000U
 966:board/stm32f401rct6/Drivers/STM32F4xx_HAL_Driver/Inc/stm32f4xx_ll_tim.h **** 
 967:board/stm32f401rct6/Drivers/STM32F4xx_HAL_Driver/Inc/stm32f4xx_ll_tim.h **** #define LL_TIM_TIM9_ITR1_RMP_TIM3_TRGO    LL_TIM_LPTIM_REMAP_MASK                              /*!<
 968:board/stm32f401rct6/Drivers/STM32F4xx_HAL_Driver/Inc/stm32f4xx_ll_tim.h **** #define LL_TIM_TIM9_ITR1_RMP_LPTIM       (LL_TIM_LPTIM_REMAP_MASK | LPTIM_OR_TIM9_ITR1_RMP)    /*!<
 969:board/stm32f401rct6/Drivers/STM32F4xx_HAL_Driver/Inc/stm32f4xx_ll_tim.h **** 
 970:board/stm32f401rct6/Drivers/STM32F4xx_HAL_Driver/Inc/stm32f4xx_ll_tim.h **** #define LL_TIM_TIM5_ITR1_RMP_TIM3_TRGO    LL_TIM_LPTIM_REMAP_MASK                              /*!<
 971:board/stm32f401rct6/Drivers/STM32F4xx_HAL_Driver/Inc/stm32f4xx_ll_tim.h **** #define LL_TIM_TIM5_ITR1_RMP_LPTIM       (LL_TIM_LPTIM_REMAP_MASK | LPTIM_OR_TIM5_ITR1_RMP)    /*!<
 972:board/stm32f401rct6/Drivers/STM32F4xx_HAL_Driver/Inc/stm32f4xx_ll_tim.h **** 
 973:board/stm32f401rct6/Drivers/STM32F4xx_HAL_Driver/Inc/stm32f4xx_ll_tim.h **** #define LL_TIM_TIM1_ITR2_RMP_TIM3_TRGO    LL_TIM_LPTIM_REMAP_MASK                              /*!<
 974:board/stm32f401rct6/Drivers/STM32F4xx_HAL_Driver/Inc/stm32f4xx_ll_tim.h **** #define LL_TIM_TIM1_ITR2_RMP_LPTIM       (LL_TIM_LPTIM_REMAP_MASK | LPTIM_OR_TIM1_ITR2_RMP)    /*!<
 975:board/stm32f401rct6/Drivers/STM32F4xx_HAL_Driver/Inc/stm32f4xx_ll_tim.h **** 
 976:board/stm32f401rct6/Drivers/STM32F4xx_HAL_Driver/Inc/stm32f4xx_ll_tim.h **** #endif /* LPTIM_OR_TIM1_ITR2_RMP &&  LPTIM_OR_TIM5_ITR1_RMP && LPTIM_OR_TIM9_ITR1_RMP */
 977:board/stm32f401rct6/Drivers/STM32F4xx_HAL_Driver/Inc/stm32f4xx_ll_tim.h **** 
 978:board/stm32f401rct6/Drivers/STM32F4xx_HAL_Driver/Inc/stm32f4xx_ll_tim.h **** 
 979:board/stm32f401rct6/Drivers/STM32F4xx_HAL_Driver/Inc/stm32f4xx_ll_tim.h **** /**
 980:board/stm32f401rct6/Drivers/STM32F4xx_HAL_Driver/Inc/stm32f4xx_ll_tim.h ****   * @}
 981:board/stm32f401rct6/Drivers/STM32F4xx_HAL_Driver/Inc/stm32f4xx_ll_tim.h ****   */
 982:board/stm32f401rct6/Drivers/STM32F4xx_HAL_Driver/Inc/stm32f4xx_ll_tim.h **** 
 983:board/stm32f401rct6/Drivers/STM32F4xx_HAL_Driver/Inc/stm32f4xx_ll_tim.h **** /* Exported macro ------------------------------------------------------------*/
 984:board/stm32f401rct6/Drivers/STM32F4xx_HAL_Driver/Inc/stm32f4xx_ll_tim.h **** /** @defgroup TIM_LL_Exported_Macros TIM Exported Macros
 985:board/stm32f401rct6/Drivers/STM32F4xx_HAL_Driver/Inc/stm32f4xx_ll_tim.h ****   * @{
 986:board/stm32f401rct6/Drivers/STM32F4xx_HAL_Driver/Inc/stm32f4xx_ll_tim.h ****   */
 987:board/stm32f401rct6/Drivers/STM32F4xx_HAL_Driver/Inc/stm32f4xx_ll_tim.h **** 
 988:board/stm32f401rct6/Drivers/STM32F4xx_HAL_Driver/Inc/stm32f4xx_ll_tim.h **** /** @defgroup TIM_LL_EM_WRITE_READ Common Write and read registers Macros
 989:board/stm32f401rct6/Drivers/STM32F4xx_HAL_Driver/Inc/stm32f4xx_ll_tim.h ****   * @{
 990:board/stm32f401rct6/Drivers/STM32F4xx_HAL_Driver/Inc/stm32f4xx_ll_tim.h ****   */
 991:board/stm32f401rct6/Drivers/STM32F4xx_HAL_Driver/Inc/stm32f4xx_ll_tim.h **** /**
 992:board/stm32f401rct6/Drivers/STM32F4xx_HAL_Driver/Inc/stm32f4xx_ll_tim.h ****   * @brief  Write a value in TIM register.
 993:board/stm32f401rct6/Drivers/STM32F4xx_HAL_Driver/Inc/stm32f4xx_ll_tim.h ****   * @param  __INSTANCE__ TIM Instance
 994:board/stm32f401rct6/Drivers/STM32F4xx_HAL_Driver/Inc/stm32f4xx_ll_tim.h ****   * @param  __REG__ Register to be written
 995:board/stm32f401rct6/Drivers/STM32F4xx_HAL_Driver/Inc/stm32f4xx_ll_tim.h ****   * @param  __VALUE__ Value to be written in the register
 996:board/stm32f401rct6/Drivers/STM32F4xx_HAL_Driver/Inc/stm32f4xx_ll_tim.h ****   * @retval None
 997:board/stm32f401rct6/Drivers/STM32F4xx_HAL_Driver/Inc/stm32f4xx_ll_tim.h ****   */
 998:board/stm32f401rct6/Drivers/STM32F4xx_HAL_Driver/Inc/stm32f4xx_ll_tim.h **** #define LL_TIM_WriteReg(__INSTANCE__, __REG__, __VALUE__) WRITE_REG((__INSTANCE__)->__REG__, (__VAL
ARM GAS  C:\Users\Admin\AppData\Local\Temp\ccrDpVnE.s 			page 37


 999:board/stm32f401rct6/Drivers/STM32F4xx_HAL_Driver/Inc/stm32f4xx_ll_tim.h **** 
1000:board/stm32f401rct6/Drivers/STM32F4xx_HAL_Driver/Inc/stm32f4xx_ll_tim.h **** /**
1001:board/stm32f401rct6/Drivers/STM32F4xx_HAL_Driver/Inc/stm32f4xx_ll_tim.h ****   * @brief  Read a value in TIM register.
1002:board/stm32f401rct6/Drivers/STM32F4xx_HAL_Driver/Inc/stm32f4xx_ll_tim.h ****   * @param  __INSTANCE__ TIM Instance
1003:board/stm32f401rct6/Drivers/STM32F4xx_HAL_Driver/Inc/stm32f4xx_ll_tim.h ****   * @param  __REG__ Register to be read
1004:board/stm32f401rct6/Drivers/STM32F4xx_HAL_Driver/Inc/stm32f4xx_ll_tim.h ****   * @retval Register value
1005:board/stm32f401rct6/Drivers/STM32F4xx_HAL_Driver/Inc/stm32f4xx_ll_tim.h ****   */
1006:board/stm32f401rct6/Drivers/STM32F4xx_HAL_Driver/Inc/stm32f4xx_ll_tim.h **** #define LL_TIM_ReadReg(__INSTANCE__, __REG__) READ_REG((__INSTANCE__)->__REG__)
1007:board/stm32f401rct6/Drivers/STM32F4xx_HAL_Driver/Inc/stm32f4xx_ll_tim.h **** /**
1008:board/stm32f401rct6/Drivers/STM32F4xx_HAL_Driver/Inc/stm32f4xx_ll_tim.h ****   * @}
1009:board/stm32f401rct6/Drivers/STM32F4xx_HAL_Driver/Inc/stm32f4xx_ll_tim.h ****   */
1010:board/stm32f401rct6/Drivers/STM32F4xx_HAL_Driver/Inc/stm32f4xx_ll_tim.h **** 
1011:board/stm32f401rct6/Drivers/STM32F4xx_HAL_Driver/Inc/stm32f4xx_ll_tim.h **** /**
1012:board/stm32f401rct6/Drivers/STM32F4xx_HAL_Driver/Inc/stm32f4xx_ll_tim.h ****   * @brief  HELPER macro calculating DTG[0:7] in the TIMx_BDTR register to achieve the requested de
1013:board/stm32f401rct6/Drivers/STM32F4xx_HAL_Driver/Inc/stm32f4xx_ll_tim.h ****   * @note ex: @ref __LL_TIM_CALC_DEADTIME (80000000, @ref LL_TIM_GetClockDivision (), 120);
1014:board/stm32f401rct6/Drivers/STM32F4xx_HAL_Driver/Inc/stm32f4xx_ll_tim.h ****   * @param  __TIMCLK__ timer input clock frequency (in Hz)
1015:board/stm32f401rct6/Drivers/STM32F4xx_HAL_Driver/Inc/stm32f4xx_ll_tim.h ****   * @param  __CKD__ This parameter can be one of the following values:
1016:board/stm32f401rct6/Drivers/STM32F4xx_HAL_Driver/Inc/stm32f4xx_ll_tim.h ****   *         @arg @ref LL_TIM_CLOCKDIVISION_DIV1
1017:board/stm32f401rct6/Drivers/STM32F4xx_HAL_Driver/Inc/stm32f4xx_ll_tim.h ****   *         @arg @ref LL_TIM_CLOCKDIVISION_DIV2
1018:board/stm32f401rct6/Drivers/STM32F4xx_HAL_Driver/Inc/stm32f4xx_ll_tim.h ****   *         @arg @ref LL_TIM_CLOCKDIVISION_DIV4
1019:board/stm32f401rct6/Drivers/STM32F4xx_HAL_Driver/Inc/stm32f4xx_ll_tim.h ****   * @param  __DT__ deadtime duration (in ns)
1020:board/stm32f401rct6/Drivers/STM32F4xx_HAL_Driver/Inc/stm32f4xx_ll_tim.h ****   * @retval DTG[0:7]
1021:board/stm32f401rct6/Drivers/STM32F4xx_HAL_Driver/Inc/stm32f4xx_ll_tim.h ****   */
1022:board/stm32f401rct6/Drivers/STM32F4xx_HAL_Driver/Inc/stm32f4xx_ll_tim.h **** #define __LL_TIM_CALC_DEADTIME(__TIMCLK__, __CKD__, __DT__)  \
1023:board/stm32f401rct6/Drivers/STM32F4xx_HAL_Driver/Inc/stm32f4xx_ll_tim.h ****   ( (((uint64_t)((__DT__)*1000U)) < ((DT_DELAY_1+1U) * TIM_CALC_DTS((__TIMCLK__), (__CKD__))))    ?
1024:board/stm32f401rct6/Drivers/STM32F4xx_HAL_Driver/Inc/stm32f4xx_ll_tim.h ****     (uint8_t)(((uint64_t)((__DT__)*1000U) / TIM_CALC_DTS((__TIMCLK__), (__CKD__)))  & DT_DELAY_1) :
1025:board/stm32f401rct6/Drivers/STM32F4xx_HAL_Driver/Inc/stm32f4xx_ll_tim.h ****     (((uint64_t)((__DT__)*1000U)) < ((64U + (DT_DELAY_2+1U)) * 2U * TIM_CALC_DTS((__TIMCLK__), (__C
1026:board/stm32f401rct6/Drivers/STM32F4xx_HAL_Driver/Inc/stm32f4xx_ll_tim.h ****     (uint8_t)(DT_RANGE_2 | ((uint8_t)((uint8_t)((((uint64_t)((__DT__)*1000U))/ TIM_CALC_DTS((__TIMC
1027:board/stm32f401rct6/Drivers/STM32F4xx_HAL_Driver/Inc/stm32f4xx_ll_tim.h ****                                                  (__CKD__))) >> 1U) - (uint8_t) 64) & DT_DELAY_2)) 
1028:board/stm32f401rct6/Drivers/STM32F4xx_HAL_Driver/Inc/stm32f4xx_ll_tim.h ****     (((uint64_t)((__DT__)*1000U)) < ((32U + (DT_DELAY_3+1U)) * 8U * TIM_CALC_DTS((__TIMCLK__), (__C
1029:board/stm32f401rct6/Drivers/STM32F4xx_HAL_Driver/Inc/stm32f4xx_ll_tim.h ****     (uint8_t)(DT_RANGE_3 | ((uint8_t)((uint8_t)(((((uint64_t)(__DT__)*1000U))/ TIM_CALC_DTS((__TIMC
1030:board/stm32f401rct6/Drivers/STM32F4xx_HAL_Driver/Inc/stm32f4xx_ll_tim.h ****                                                  (__CKD__))) >> 3U) - (uint8_t) 32) & DT_DELAY_3)) 
1031:board/stm32f401rct6/Drivers/STM32F4xx_HAL_Driver/Inc/stm32f4xx_ll_tim.h ****     (((uint64_t)((__DT__)*1000U)) < ((32U + (DT_DELAY_4+1U)) * 16U * TIM_CALC_DTS((__TIMCLK__), (__
1032:board/stm32f401rct6/Drivers/STM32F4xx_HAL_Driver/Inc/stm32f4xx_ll_tim.h ****     (uint8_t)(DT_RANGE_4 | ((uint8_t)((uint8_t)(((((uint64_t)(__DT__)*1000U))/ TIM_CALC_DTS((__TIMC
1033:board/stm32f401rct6/Drivers/STM32F4xx_HAL_Driver/Inc/stm32f4xx_ll_tim.h ****                                                  (__CKD__))) >> 4U) - (uint8_t) 32) & DT_DELAY_4)) 
1034:board/stm32f401rct6/Drivers/STM32F4xx_HAL_Driver/Inc/stm32f4xx_ll_tim.h ****     0U)
1035:board/stm32f401rct6/Drivers/STM32F4xx_HAL_Driver/Inc/stm32f4xx_ll_tim.h **** 
1036:board/stm32f401rct6/Drivers/STM32F4xx_HAL_Driver/Inc/stm32f4xx_ll_tim.h **** /**
1037:board/stm32f401rct6/Drivers/STM32F4xx_HAL_Driver/Inc/stm32f4xx_ll_tim.h ****   * @brief  HELPER macro calculating the prescaler value to achieve the required counter clock freq
1038:board/stm32f401rct6/Drivers/STM32F4xx_HAL_Driver/Inc/stm32f4xx_ll_tim.h ****   * @note ex: @ref __LL_TIM_CALC_PSC (80000000, 1000000);
1039:board/stm32f401rct6/Drivers/STM32F4xx_HAL_Driver/Inc/stm32f4xx_ll_tim.h ****   * @param  __TIMCLK__ timer input clock frequency (in Hz)
1040:board/stm32f401rct6/Drivers/STM32F4xx_HAL_Driver/Inc/stm32f4xx_ll_tim.h ****   * @param  __CNTCLK__ counter clock frequency (in Hz)
1041:board/stm32f401rct6/Drivers/STM32F4xx_HAL_Driver/Inc/stm32f4xx_ll_tim.h ****   * @retval Prescaler value  (between Min_Data=0 and Max_Data=65535)
1042:board/stm32f401rct6/Drivers/STM32F4xx_HAL_Driver/Inc/stm32f4xx_ll_tim.h ****   */
1043:board/stm32f401rct6/Drivers/STM32F4xx_HAL_Driver/Inc/stm32f4xx_ll_tim.h **** #define __LL_TIM_CALC_PSC(__TIMCLK__, __CNTCLK__)   \
1044:board/stm32f401rct6/Drivers/STM32F4xx_HAL_Driver/Inc/stm32f4xx_ll_tim.h ****   (((__TIMCLK__) >= (__CNTCLK__)) ? (uint32_t)((((__TIMCLK__) + (__CNTCLK__)/2U)/(__CNTCLK__)) - 1U
1045:board/stm32f401rct6/Drivers/STM32F4xx_HAL_Driver/Inc/stm32f4xx_ll_tim.h **** 
1046:board/stm32f401rct6/Drivers/STM32F4xx_HAL_Driver/Inc/stm32f4xx_ll_tim.h **** /**
1047:board/stm32f401rct6/Drivers/STM32F4xx_HAL_Driver/Inc/stm32f4xx_ll_tim.h ****   * @brief  HELPER macro calculating the auto-reload value to achieve the required output signal fr
1048:board/stm32f401rct6/Drivers/STM32F4xx_HAL_Driver/Inc/stm32f4xx_ll_tim.h ****   * @note ex: @ref __LL_TIM_CALC_ARR (1000000, @ref LL_TIM_GetPrescaler (), 10000);
1049:board/stm32f401rct6/Drivers/STM32F4xx_HAL_Driver/Inc/stm32f4xx_ll_tim.h ****   * @param  __TIMCLK__ timer input clock frequency (in Hz)
1050:board/stm32f401rct6/Drivers/STM32F4xx_HAL_Driver/Inc/stm32f4xx_ll_tim.h ****   * @param  __PSC__ prescaler
1051:board/stm32f401rct6/Drivers/STM32F4xx_HAL_Driver/Inc/stm32f4xx_ll_tim.h ****   * @param  __FREQ__ output signal frequency (in Hz)
1052:board/stm32f401rct6/Drivers/STM32F4xx_HAL_Driver/Inc/stm32f4xx_ll_tim.h ****   * @retval  Auto-reload value  (between Min_Data=0 and Max_Data=65535)
1053:board/stm32f401rct6/Drivers/STM32F4xx_HAL_Driver/Inc/stm32f4xx_ll_tim.h ****   */
1054:board/stm32f401rct6/Drivers/STM32F4xx_HAL_Driver/Inc/stm32f4xx_ll_tim.h **** #define __LL_TIM_CALC_ARR(__TIMCLK__, __PSC__, __FREQ__) \
1055:board/stm32f401rct6/Drivers/STM32F4xx_HAL_Driver/Inc/stm32f4xx_ll_tim.h ****   ((((__TIMCLK__)/((__PSC__) + 1U)) >= (__FREQ__)) ? (((__TIMCLK__)/((__FREQ__) * ((__PSC__) + 1U))
ARM GAS  C:\Users\Admin\AppData\Local\Temp\ccrDpVnE.s 			page 38


1056:board/stm32f401rct6/Drivers/STM32F4xx_HAL_Driver/Inc/stm32f4xx_ll_tim.h **** 
1057:board/stm32f401rct6/Drivers/STM32F4xx_HAL_Driver/Inc/stm32f4xx_ll_tim.h **** /**
1058:board/stm32f401rct6/Drivers/STM32F4xx_HAL_Driver/Inc/stm32f4xx_ll_tim.h ****   * @brief  HELPER macro calculating the compare value required to achieve the required timer outpu
1059:board/stm32f401rct6/Drivers/STM32F4xx_HAL_Driver/Inc/stm32f4xx_ll_tim.h ****   *         active/inactive delay.
1060:board/stm32f401rct6/Drivers/STM32F4xx_HAL_Driver/Inc/stm32f4xx_ll_tim.h ****   * @note ex: @ref __LL_TIM_CALC_DELAY (1000000, @ref LL_TIM_GetPrescaler (), 10);
1061:board/stm32f401rct6/Drivers/STM32F4xx_HAL_Driver/Inc/stm32f4xx_ll_tim.h ****   * @param  __TIMCLK__ timer input clock frequency (in Hz)
1062:board/stm32f401rct6/Drivers/STM32F4xx_HAL_Driver/Inc/stm32f4xx_ll_tim.h ****   * @param  __PSC__ prescaler
1063:board/stm32f401rct6/Drivers/STM32F4xx_HAL_Driver/Inc/stm32f4xx_ll_tim.h ****   * @param  __DELAY__ timer output compare active/inactive delay (in us)
1064:board/stm32f401rct6/Drivers/STM32F4xx_HAL_Driver/Inc/stm32f4xx_ll_tim.h ****   * @retval Compare value  (between Min_Data=0 and Max_Data=65535)
1065:board/stm32f401rct6/Drivers/STM32F4xx_HAL_Driver/Inc/stm32f4xx_ll_tim.h ****   */
1066:board/stm32f401rct6/Drivers/STM32F4xx_HAL_Driver/Inc/stm32f4xx_ll_tim.h **** #define __LL_TIM_CALC_DELAY(__TIMCLK__, __PSC__, __DELAY__)  \
1067:board/stm32f401rct6/Drivers/STM32F4xx_HAL_Driver/Inc/stm32f4xx_ll_tim.h ****   ((uint32_t)(((uint64_t)(__TIMCLK__) * (uint64_t)(__DELAY__)) \
1068:board/stm32f401rct6/Drivers/STM32F4xx_HAL_Driver/Inc/stm32f4xx_ll_tim.h ****               / ((uint64_t)1000000U * (uint64_t)((__PSC__) + 1U))))
1069:board/stm32f401rct6/Drivers/STM32F4xx_HAL_Driver/Inc/stm32f4xx_ll_tim.h **** 
1070:board/stm32f401rct6/Drivers/STM32F4xx_HAL_Driver/Inc/stm32f4xx_ll_tim.h **** /**
1071:board/stm32f401rct6/Drivers/STM32F4xx_HAL_Driver/Inc/stm32f4xx_ll_tim.h ****   * @brief  HELPER macro calculating the auto-reload value to achieve the required pulse duration
1072:board/stm32f401rct6/Drivers/STM32F4xx_HAL_Driver/Inc/stm32f4xx_ll_tim.h ****   *         (when the timer operates in one pulse mode).
1073:board/stm32f401rct6/Drivers/STM32F4xx_HAL_Driver/Inc/stm32f4xx_ll_tim.h ****   * @note ex: @ref __LL_TIM_CALC_PULSE (1000000, @ref LL_TIM_GetPrescaler (), 10, 20);
1074:board/stm32f401rct6/Drivers/STM32F4xx_HAL_Driver/Inc/stm32f4xx_ll_tim.h ****   * @param  __TIMCLK__ timer input clock frequency (in Hz)
1075:board/stm32f401rct6/Drivers/STM32F4xx_HAL_Driver/Inc/stm32f4xx_ll_tim.h ****   * @param  __PSC__ prescaler
1076:board/stm32f401rct6/Drivers/STM32F4xx_HAL_Driver/Inc/stm32f4xx_ll_tim.h ****   * @param  __DELAY__ timer output compare active/inactive delay (in us)
1077:board/stm32f401rct6/Drivers/STM32F4xx_HAL_Driver/Inc/stm32f4xx_ll_tim.h ****   * @param  __PULSE__ pulse duration (in us)
1078:board/stm32f401rct6/Drivers/STM32F4xx_HAL_Driver/Inc/stm32f4xx_ll_tim.h ****   * @retval Auto-reload value  (between Min_Data=0 and Max_Data=65535)
1079:board/stm32f401rct6/Drivers/STM32F4xx_HAL_Driver/Inc/stm32f4xx_ll_tim.h ****   */
1080:board/stm32f401rct6/Drivers/STM32F4xx_HAL_Driver/Inc/stm32f4xx_ll_tim.h **** #define __LL_TIM_CALC_PULSE(__TIMCLK__, __PSC__, __DELAY__, __PULSE__)  \
1081:board/stm32f401rct6/Drivers/STM32F4xx_HAL_Driver/Inc/stm32f4xx_ll_tim.h ****   ((uint32_t)(__LL_TIM_CALC_DELAY((__TIMCLK__), (__PSC__), (__PULSE__)) \
1082:board/stm32f401rct6/Drivers/STM32F4xx_HAL_Driver/Inc/stm32f4xx_ll_tim.h ****               + __LL_TIM_CALC_DELAY((__TIMCLK__), (__PSC__), (__DELAY__))))
1083:board/stm32f401rct6/Drivers/STM32F4xx_HAL_Driver/Inc/stm32f4xx_ll_tim.h **** 
1084:board/stm32f401rct6/Drivers/STM32F4xx_HAL_Driver/Inc/stm32f4xx_ll_tim.h **** /**
1085:board/stm32f401rct6/Drivers/STM32F4xx_HAL_Driver/Inc/stm32f4xx_ll_tim.h ****   * @brief  HELPER macro retrieving the ratio of the input capture prescaler
1086:board/stm32f401rct6/Drivers/STM32F4xx_HAL_Driver/Inc/stm32f4xx_ll_tim.h ****   * @note ex: @ref __LL_TIM_GET_ICPSC_RATIO (@ref LL_TIM_IC_GetPrescaler ());
1087:board/stm32f401rct6/Drivers/STM32F4xx_HAL_Driver/Inc/stm32f4xx_ll_tim.h ****   * @param  __ICPSC__ This parameter can be one of the following values:
1088:board/stm32f401rct6/Drivers/STM32F4xx_HAL_Driver/Inc/stm32f4xx_ll_tim.h ****   *         @arg @ref LL_TIM_ICPSC_DIV1
1089:board/stm32f401rct6/Drivers/STM32F4xx_HAL_Driver/Inc/stm32f4xx_ll_tim.h ****   *         @arg @ref LL_TIM_ICPSC_DIV2
1090:board/stm32f401rct6/Drivers/STM32F4xx_HAL_Driver/Inc/stm32f4xx_ll_tim.h ****   *         @arg @ref LL_TIM_ICPSC_DIV4
1091:board/stm32f401rct6/Drivers/STM32F4xx_HAL_Driver/Inc/stm32f4xx_ll_tim.h ****   *         @arg @ref LL_TIM_ICPSC_DIV8
1092:board/stm32f401rct6/Drivers/STM32F4xx_HAL_Driver/Inc/stm32f4xx_ll_tim.h ****   * @retval Input capture prescaler ratio (1, 2, 4 or 8)
1093:board/stm32f401rct6/Drivers/STM32F4xx_HAL_Driver/Inc/stm32f4xx_ll_tim.h ****   */
1094:board/stm32f401rct6/Drivers/STM32F4xx_HAL_Driver/Inc/stm32f4xx_ll_tim.h **** #define __LL_TIM_GET_ICPSC_RATIO(__ICPSC__)  \
1095:board/stm32f401rct6/Drivers/STM32F4xx_HAL_Driver/Inc/stm32f4xx_ll_tim.h ****   ((uint32_t)(0x01U << (((__ICPSC__) >> 16U) >> TIM_CCMR1_IC1PSC_Pos)))
1096:board/stm32f401rct6/Drivers/STM32F4xx_HAL_Driver/Inc/stm32f4xx_ll_tim.h **** 
1097:board/stm32f401rct6/Drivers/STM32F4xx_HAL_Driver/Inc/stm32f4xx_ll_tim.h **** 
1098:board/stm32f401rct6/Drivers/STM32F4xx_HAL_Driver/Inc/stm32f4xx_ll_tim.h **** /**
1099:board/stm32f401rct6/Drivers/STM32F4xx_HAL_Driver/Inc/stm32f4xx_ll_tim.h ****   * @}
1100:board/stm32f401rct6/Drivers/STM32F4xx_HAL_Driver/Inc/stm32f4xx_ll_tim.h ****   */
1101:board/stm32f401rct6/Drivers/STM32F4xx_HAL_Driver/Inc/stm32f4xx_ll_tim.h **** 
1102:board/stm32f401rct6/Drivers/STM32F4xx_HAL_Driver/Inc/stm32f4xx_ll_tim.h **** /* Exported functions --------------------------------------------------------*/
1103:board/stm32f401rct6/Drivers/STM32F4xx_HAL_Driver/Inc/stm32f4xx_ll_tim.h **** /** @defgroup TIM_LL_Exported_Functions TIM Exported Functions
1104:board/stm32f401rct6/Drivers/STM32F4xx_HAL_Driver/Inc/stm32f4xx_ll_tim.h ****   * @{
1105:board/stm32f401rct6/Drivers/STM32F4xx_HAL_Driver/Inc/stm32f4xx_ll_tim.h ****   */
1106:board/stm32f401rct6/Drivers/STM32F4xx_HAL_Driver/Inc/stm32f4xx_ll_tim.h **** 
1107:board/stm32f401rct6/Drivers/STM32F4xx_HAL_Driver/Inc/stm32f4xx_ll_tim.h **** /** @defgroup TIM_LL_EF_Time_Base Time Base configuration
1108:board/stm32f401rct6/Drivers/STM32F4xx_HAL_Driver/Inc/stm32f4xx_ll_tim.h ****   * @{
1109:board/stm32f401rct6/Drivers/STM32F4xx_HAL_Driver/Inc/stm32f4xx_ll_tim.h ****   */
1110:board/stm32f401rct6/Drivers/STM32F4xx_HAL_Driver/Inc/stm32f4xx_ll_tim.h **** /**
1111:board/stm32f401rct6/Drivers/STM32F4xx_HAL_Driver/Inc/stm32f4xx_ll_tim.h ****   * @brief  Enable timer counter.
1112:board/stm32f401rct6/Drivers/STM32F4xx_HAL_Driver/Inc/stm32f4xx_ll_tim.h ****   * @rmtoll CR1          CEN           LL_TIM_EnableCounter
ARM GAS  C:\Users\Admin\AppData\Local\Temp\ccrDpVnE.s 			page 39


1113:board/stm32f401rct6/Drivers/STM32F4xx_HAL_Driver/Inc/stm32f4xx_ll_tim.h ****   * @param  TIMx Timer instance
1114:board/stm32f401rct6/Drivers/STM32F4xx_HAL_Driver/Inc/stm32f4xx_ll_tim.h ****   * @retval None
1115:board/stm32f401rct6/Drivers/STM32F4xx_HAL_Driver/Inc/stm32f4xx_ll_tim.h ****   */
1116:board/stm32f401rct6/Drivers/STM32F4xx_HAL_Driver/Inc/stm32f4xx_ll_tim.h **** __STATIC_INLINE void LL_TIM_EnableCounter(TIM_TypeDef *TIMx)
1117:board/stm32f401rct6/Drivers/STM32F4xx_HAL_Driver/Inc/stm32f4xx_ll_tim.h **** {
1118:board/stm32f401rct6/Drivers/STM32F4xx_HAL_Driver/Inc/stm32f4xx_ll_tim.h ****   SET_BIT(TIMx->CR1, TIM_CR1_CEN);
1119:board/stm32f401rct6/Drivers/STM32F4xx_HAL_Driver/Inc/stm32f4xx_ll_tim.h **** }
1120:board/stm32f401rct6/Drivers/STM32F4xx_HAL_Driver/Inc/stm32f4xx_ll_tim.h **** 
1121:board/stm32f401rct6/Drivers/STM32F4xx_HAL_Driver/Inc/stm32f4xx_ll_tim.h **** /**
1122:board/stm32f401rct6/Drivers/STM32F4xx_HAL_Driver/Inc/stm32f4xx_ll_tim.h ****   * @brief  Disable timer counter.
1123:board/stm32f401rct6/Drivers/STM32F4xx_HAL_Driver/Inc/stm32f4xx_ll_tim.h ****   * @rmtoll CR1          CEN           LL_TIM_DisableCounter
1124:board/stm32f401rct6/Drivers/STM32F4xx_HAL_Driver/Inc/stm32f4xx_ll_tim.h ****   * @param  TIMx Timer instance
1125:board/stm32f401rct6/Drivers/STM32F4xx_HAL_Driver/Inc/stm32f4xx_ll_tim.h ****   * @retval None
1126:board/stm32f401rct6/Drivers/STM32F4xx_HAL_Driver/Inc/stm32f4xx_ll_tim.h ****   */
1127:board/stm32f401rct6/Drivers/STM32F4xx_HAL_Driver/Inc/stm32f4xx_ll_tim.h **** __STATIC_INLINE void LL_TIM_DisableCounter(TIM_TypeDef *TIMx)
1128:board/stm32f401rct6/Drivers/STM32F4xx_HAL_Driver/Inc/stm32f4xx_ll_tim.h **** {
1129:board/stm32f401rct6/Drivers/STM32F4xx_HAL_Driver/Inc/stm32f4xx_ll_tim.h ****   CLEAR_BIT(TIMx->CR1, TIM_CR1_CEN);
1130:board/stm32f401rct6/Drivers/STM32F4xx_HAL_Driver/Inc/stm32f4xx_ll_tim.h **** }
1131:board/stm32f401rct6/Drivers/STM32F4xx_HAL_Driver/Inc/stm32f4xx_ll_tim.h **** 
1132:board/stm32f401rct6/Drivers/STM32F4xx_HAL_Driver/Inc/stm32f4xx_ll_tim.h **** /**
1133:board/stm32f401rct6/Drivers/STM32F4xx_HAL_Driver/Inc/stm32f4xx_ll_tim.h ****   * @brief  Indicates whether the timer counter is enabled.
1134:board/stm32f401rct6/Drivers/STM32F4xx_HAL_Driver/Inc/stm32f4xx_ll_tim.h ****   * @rmtoll CR1          CEN           LL_TIM_IsEnabledCounter
1135:board/stm32f401rct6/Drivers/STM32F4xx_HAL_Driver/Inc/stm32f4xx_ll_tim.h ****   * @param  TIMx Timer instance
1136:board/stm32f401rct6/Drivers/STM32F4xx_HAL_Driver/Inc/stm32f4xx_ll_tim.h ****   * @retval State of bit (1 or 0).
1137:board/stm32f401rct6/Drivers/STM32F4xx_HAL_Driver/Inc/stm32f4xx_ll_tim.h ****   */
1138:board/stm32f401rct6/Drivers/STM32F4xx_HAL_Driver/Inc/stm32f4xx_ll_tim.h **** __STATIC_INLINE uint32_t LL_TIM_IsEnabledCounter(const TIM_TypeDef *TIMx)
1139:board/stm32f401rct6/Drivers/STM32F4xx_HAL_Driver/Inc/stm32f4xx_ll_tim.h **** {
1140:board/stm32f401rct6/Drivers/STM32F4xx_HAL_Driver/Inc/stm32f4xx_ll_tim.h ****   return ((READ_BIT(TIMx->CR1, TIM_CR1_CEN) == (TIM_CR1_CEN)) ? 1UL : 0UL);
1141:board/stm32f401rct6/Drivers/STM32F4xx_HAL_Driver/Inc/stm32f4xx_ll_tim.h **** }
1142:board/stm32f401rct6/Drivers/STM32F4xx_HAL_Driver/Inc/stm32f4xx_ll_tim.h **** 
1143:board/stm32f401rct6/Drivers/STM32F4xx_HAL_Driver/Inc/stm32f4xx_ll_tim.h **** /**
1144:board/stm32f401rct6/Drivers/STM32F4xx_HAL_Driver/Inc/stm32f4xx_ll_tim.h ****   * @brief  Enable update event generation.
1145:board/stm32f401rct6/Drivers/STM32F4xx_HAL_Driver/Inc/stm32f4xx_ll_tim.h ****   * @rmtoll CR1          UDIS          LL_TIM_EnableUpdateEvent
1146:board/stm32f401rct6/Drivers/STM32F4xx_HAL_Driver/Inc/stm32f4xx_ll_tim.h ****   * @param  TIMx Timer instance
1147:board/stm32f401rct6/Drivers/STM32F4xx_HAL_Driver/Inc/stm32f4xx_ll_tim.h ****   * @retval None
1148:board/stm32f401rct6/Drivers/STM32F4xx_HAL_Driver/Inc/stm32f4xx_ll_tim.h ****   */
1149:board/stm32f401rct6/Drivers/STM32F4xx_HAL_Driver/Inc/stm32f4xx_ll_tim.h **** __STATIC_INLINE void LL_TIM_EnableUpdateEvent(TIM_TypeDef *TIMx)
1150:board/stm32f401rct6/Drivers/STM32F4xx_HAL_Driver/Inc/stm32f4xx_ll_tim.h **** {
1151:board/stm32f401rct6/Drivers/STM32F4xx_HAL_Driver/Inc/stm32f4xx_ll_tim.h ****   CLEAR_BIT(TIMx->CR1, TIM_CR1_UDIS);
1152:board/stm32f401rct6/Drivers/STM32F4xx_HAL_Driver/Inc/stm32f4xx_ll_tim.h **** }
1153:board/stm32f401rct6/Drivers/STM32F4xx_HAL_Driver/Inc/stm32f4xx_ll_tim.h **** 
1154:board/stm32f401rct6/Drivers/STM32F4xx_HAL_Driver/Inc/stm32f4xx_ll_tim.h **** /**
1155:board/stm32f401rct6/Drivers/STM32F4xx_HAL_Driver/Inc/stm32f4xx_ll_tim.h ****   * @brief  Disable update event generation.
1156:board/stm32f401rct6/Drivers/STM32F4xx_HAL_Driver/Inc/stm32f4xx_ll_tim.h ****   * @rmtoll CR1          UDIS          LL_TIM_DisableUpdateEvent
1157:board/stm32f401rct6/Drivers/STM32F4xx_HAL_Driver/Inc/stm32f4xx_ll_tim.h ****   * @param  TIMx Timer instance
1158:board/stm32f401rct6/Drivers/STM32F4xx_HAL_Driver/Inc/stm32f4xx_ll_tim.h ****   * @retval None
1159:board/stm32f401rct6/Drivers/STM32F4xx_HAL_Driver/Inc/stm32f4xx_ll_tim.h ****   */
1160:board/stm32f401rct6/Drivers/STM32F4xx_HAL_Driver/Inc/stm32f4xx_ll_tim.h **** __STATIC_INLINE void LL_TIM_DisableUpdateEvent(TIM_TypeDef *TIMx)
1161:board/stm32f401rct6/Drivers/STM32F4xx_HAL_Driver/Inc/stm32f4xx_ll_tim.h **** {
1162:board/stm32f401rct6/Drivers/STM32F4xx_HAL_Driver/Inc/stm32f4xx_ll_tim.h ****   SET_BIT(TIMx->CR1, TIM_CR1_UDIS);
1163:board/stm32f401rct6/Drivers/STM32F4xx_HAL_Driver/Inc/stm32f4xx_ll_tim.h **** }
1164:board/stm32f401rct6/Drivers/STM32F4xx_HAL_Driver/Inc/stm32f4xx_ll_tim.h **** 
1165:board/stm32f401rct6/Drivers/STM32F4xx_HAL_Driver/Inc/stm32f4xx_ll_tim.h **** /**
1166:board/stm32f401rct6/Drivers/STM32F4xx_HAL_Driver/Inc/stm32f4xx_ll_tim.h ****   * @brief  Indicates whether update event generation is enabled.
1167:board/stm32f401rct6/Drivers/STM32F4xx_HAL_Driver/Inc/stm32f4xx_ll_tim.h ****   * @rmtoll CR1          UDIS          LL_TIM_IsEnabledUpdateEvent
1168:board/stm32f401rct6/Drivers/STM32F4xx_HAL_Driver/Inc/stm32f4xx_ll_tim.h ****   * @param  TIMx Timer instance
1169:board/stm32f401rct6/Drivers/STM32F4xx_HAL_Driver/Inc/stm32f4xx_ll_tim.h ****   * @retval Inverted state of bit (0 or 1).
ARM GAS  C:\Users\Admin\AppData\Local\Temp\ccrDpVnE.s 			page 40


1170:board/stm32f401rct6/Drivers/STM32F4xx_HAL_Driver/Inc/stm32f4xx_ll_tim.h ****   */
1171:board/stm32f401rct6/Drivers/STM32F4xx_HAL_Driver/Inc/stm32f4xx_ll_tim.h **** __STATIC_INLINE uint32_t LL_TIM_IsEnabledUpdateEvent(const TIM_TypeDef *TIMx)
1172:board/stm32f401rct6/Drivers/STM32F4xx_HAL_Driver/Inc/stm32f4xx_ll_tim.h **** {
1173:board/stm32f401rct6/Drivers/STM32F4xx_HAL_Driver/Inc/stm32f4xx_ll_tim.h ****   return ((READ_BIT(TIMx->CR1, TIM_CR1_UDIS) == (uint32_t)RESET) ? 1UL : 0UL);
1174:board/stm32f401rct6/Drivers/STM32F4xx_HAL_Driver/Inc/stm32f4xx_ll_tim.h **** }
1175:board/stm32f401rct6/Drivers/STM32F4xx_HAL_Driver/Inc/stm32f4xx_ll_tim.h **** 
1176:board/stm32f401rct6/Drivers/STM32F4xx_HAL_Driver/Inc/stm32f4xx_ll_tim.h **** /**
1177:board/stm32f401rct6/Drivers/STM32F4xx_HAL_Driver/Inc/stm32f4xx_ll_tim.h ****   * @brief  Set update event source
1178:board/stm32f401rct6/Drivers/STM32F4xx_HAL_Driver/Inc/stm32f4xx_ll_tim.h ****   * @note Update event source set to LL_TIM_UPDATESOURCE_REGULAR: any of the following events
1179:board/stm32f401rct6/Drivers/STM32F4xx_HAL_Driver/Inc/stm32f4xx_ll_tim.h ****   *       generate an update interrupt or DMA request if enabled:
1180:board/stm32f401rct6/Drivers/STM32F4xx_HAL_Driver/Inc/stm32f4xx_ll_tim.h ****   *        - Counter overflow/underflow
1181:board/stm32f401rct6/Drivers/STM32F4xx_HAL_Driver/Inc/stm32f4xx_ll_tim.h ****   *        - Setting the UG bit
1182:board/stm32f401rct6/Drivers/STM32F4xx_HAL_Driver/Inc/stm32f4xx_ll_tim.h ****   *        - Update generation through the slave mode controller
1183:board/stm32f401rct6/Drivers/STM32F4xx_HAL_Driver/Inc/stm32f4xx_ll_tim.h ****   * @note Update event source set to LL_TIM_UPDATESOURCE_COUNTER: only counter
1184:board/stm32f401rct6/Drivers/STM32F4xx_HAL_Driver/Inc/stm32f4xx_ll_tim.h ****   *       overflow/underflow generates an update interrupt or DMA request if enabled.
1185:board/stm32f401rct6/Drivers/STM32F4xx_HAL_Driver/Inc/stm32f4xx_ll_tim.h ****   * @rmtoll CR1          URS           LL_TIM_SetUpdateSource
1186:board/stm32f401rct6/Drivers/STM32F4xx_HAL_Driver/Inc/stm32f4xx_ll_tim.h ****   * @param  TIMx Timer instance
1187:board/stm32f401rct6/Drivers/STM32F4xx_HAL_Driver/Inc/stm32f4xx_ll_tim.h ****   * @param  UpdateSource This parameter can be one of the following values:
1188:board/stm32f401rct6/Drivers/STM32F4xx_HAL_Driver/Inc/stm32f4xx_ll_tim.h ****   *         @arg @ref LL_TIM_UPDATESOURCE_REGULAR
1189:board/stm32f401rct6/Drivers/STM32F4xx_HAL_Driver/Inc/stm32f4xx_ll_tim.h ****   *         @arg @ref LL_TIM_UPDATESOURCE_COUNTER
1190:board/stm32f401rct6/Drivers/STM32F4xx_HAL_Driver/Inc/stm32f4xx_ll_tim.h ****   * @retval None
1191:board/stm32f401rct6/Drivers/STM32F4xx_HAL_Driver/Inc/stm32f4xx_ll_tim.h ****   */
1192:board/stm32f401rct6/Drivers/STM32F4xx_HAL_Driver/Inc/stm32f4xx_ll_tim.h **** __STATIC_INLINE void LL_TIM_SetUpdateSource(TIM_TypeDef *TIMx, uint32_t UpdateSource)
1193:board/stm32f401rct6/Drivers/STM32F4xx_HAL_Driver/Inc/stm32f4xx_ll_tim.h **** {
1194:board/stm32f401rct6/Drivers/STM32F4xx_HAL_Driver/Inc/stm32f4xx_ll_tim.h ****   MODIFY_REG(TIMx->CR1, TIM_CR1_URS, UpdateSource);
1195:board/stm32f401rct6/Drivers/STM32F4xx_HAL_Driver/Inc/stm32f4xx_ll_tim.h **** }
1196:board/stm32f401rct6/Drivers/STM32F4xx_HAL_Driver/Inc/stm32f4xx_ll_tim.h **** 
1197:board/stm32f401rct6/Drivers/STM32F4xx_HAL_Driver/Inc/stm32f4xx_ll_tim.h **** /**
1198:board/stm32f401rct6/Drivers/STM32F4xx_HAL_Driver/Inc/stm32f4xx_ll_tim.h ****   * @brief  Get actual event update source
1199:board/stm32f401rct6/Drivers/STM32F4xx_HAL_Driver/Inc/stm32f4xx_ll_tim.h ****   * @rmtoll CR1          URS           LL_TIM_GetUpdateSource
1200:board/stm32f401rct6/Drivers/STM32F4xx_HAL_Driver/Inc/stm32f4xx_ll_tim.h ****   * @param  TIMx Timer instance
1201:board/stm32f401rct6/Drivers/STM32F4xx_HAL_Driver/Inc/stm32f4xx_ll_tim.h ****   * @retval Returned value can be one of the following values:
1202:board/stm32f401rct6/Drivers/STM32F4xx_HAL_Driver/Inc/stm32f4xx_ll_tim.h ****   *         @arg @ref LL_TIM_UPDATESOURCE_REGULAR
1203:board/stm32f401rct6/Drivers/STM32F4xx_HAL_Driver/Inc/stm32f4xx_ll_tim.h ****   *         @arg @ref LL_TIM_UPDATESOURCE_COUNTER
1204:board/stm32f401rct6/Drivers/STM32F4xx_HAL_Driver/Inc/stm32f4xx_ll_tim.h ****   */
1205:board/stm32f401rct6/Drivers/STM32F4xx_HAL_Driver/Inc/stm32f4xx_ll_tim.h **** __STATIC_INLINE uint32_t LL_TIM_GetUpdateSource(const TIM_TypeDef *TIMx)
1206:board/stm32f401rct6/Drivers/STM32F4xx_HAL_Driver/Inc/stm32f4xx_ll_tim.h **** {
1207:board/stm32f401rct6/Drivers/STM32F4xx_HAL_Driver/Inc/stm32f4xx_ll_tim.h ****   return (uint32_t)(READ_BIT(TIMx->CR1, TIM_CR1_URS));
1208:board/stm32f401rct6/Drivers/STM32F4xx_HAL_Driver/Inc/stm32f4xx_ll_tim.h **** }
1209:board/stm32f401rct6/Drivers/STM32F4xx_HAL_Driver/Inc/stm32f4xx_ll_tim.h **** 
1210:board/stm32f401rct6/Drivers/STM32F4xx_HAL_Driver/Inc/stm32f4xx_ll_tim.h **** /**
1211:board/stm32f401rct6/Drivers/STM32F4xx_HAL_Driver/Inc/stm32f4xx_ll_tim.h ****   * @brief  Set one pulse mode (one shot v.s. repetitive).
1212:board/stm32f401rct6/Drivers/STM32F4xx_HAL_Driver/Inc/stm32f4xx_ll_tim.h ****   * @rmtoll CR1          OPM           LL_TIM_SetOnePulseMode
1213:board/stm32f401rct6/Drivers/STM32F4xx_HAL_Driver/Inc/stm32f4xx_ll_tim.h ****   * @param  TIMx Timer instance
1214:board/stm32f401rct6/Drivers/STM32F4xx_HAL_Driver/Inc/stm32f4xx_ll_tim.h ****   * @param  OnePulseMode This parameter can be one of the following values:
1215:board/stm32f401rct6/Drivers/STM32F4xx_HAL_Driver/Inc/stm32f4xx_ll_tim.h ****   *         @arg @ref LL_TIM_ONEPULSEMODE_SINGLE
1216:board/stm32f401rct6/Drivers/STM32F4xx_HAL_Driver/Inc/stm32f4xx_ll_tim.h ****   *         @arg @ref LL_TIM_ONEPULSEMODE_REPETITIVE
1217:board/stm32f401rct6/Drivers/STM32F4xx_HAL_Driver/Inc/stm32f4xx_ll_tim.h ****   * @retval None
1218:board/stm32f401rct6/Drivers/STM32F4xx_HAL_Driver/Inc/stm32f4xx_ll_tim.h ****   */
1219:board/stm32f401rct6/Drivers/STM32F4xx_HAL_Driver/Inc/stm32f4xx_ll_tim.h **** __STATIC_INLINE void LL_TIM_SetOnePulseMode(TIM_TypeDef *TIMx, uint32_t OnePulseMode)
1220:board/stm32f401rct6/Drivers/STM32F4xx_HAL_Driver/Inc/stm32f4xx_ll_tim.h **** {
1221:board/stm32f401rct6/Drivers/STM32F4xx_HAL_Driver/Inc/stm32f4xx_ll_tim.h ****   MODIFY_REG(TIMx->CR1, TIM_CR1_OPM, OnePulseMode);
1222:board/stm32f401rct6/Drivers/STM32F4xx_HAL_Driver/Inc/stm32f4xx_ll_tim.h **** }
1223:board/stm32f401rct6/Drivers/STM32F4xx_HAL_Driver/Inc/stm32f4xx_ll_tim.h **** 
1224:board/stm32f401rct6/Drivers/STM32F4xx_HAL_Driver/Inc/stm32f4xx_ll_tim.h **** /**
1225:board/stm32f401rct6/Drivers/STM32F4xx_HAL_Driver/Inc/stm32f4xx_ll_tim.h ****   * @brief  Get actual one pulse mode.
1226:board/stm32f401rct6/Drivers/STM32F4xx_HAL_Driver/Inc/stm32f4xx_ll_tim.h ****   * @rmtoll CR1          OPM           LL_TIM_GetOnePulseMode
ARM GAS  C:\Users\Admin\AppData\Local\Temp\ccrDpVnE.s 			page 41


1227:board/stm32f401rct6/Drivers/STM32F4xx_HAL_Driver/Inc/stm32f4xx_ll_tim.h ****   * @param  TIMx Timer instance
1228:board/stm32f401rct6/Drivers/STM32F4xx_HAL_Driver/Inc/stm32f4xx_ll_tim.h ****   * @retval Returned value can be one of the following values:
1229:board/stm32f401rct6/Drivers/STM32F4xx_HAL_Driver/Inc/stm32f4xx_ll_tim.h ****   *         @arg @ref LL_TIM_ONEPULSEMODE_SINGLE
1230:board/stm32f401rct6/Drivers/STM32F4xx_HAL_Driver/Inc/stm32f4xx_ll_tim.h ****   *         @arg @ref LL_TIM_ONEPULSEMODE_REPETITIVE
1231:board/stm32f401rct6/Drivers/STM32F4xx_HAL_Driver/Inc/stm32f4xx_ll_tim.h ****   */
1232:board/stm32f401rct6/Drivers/STM32F4xx_HAL_Driver/Inc/stm32f4xx_ll_tim.h **** __STATIC_INLINE uint32_t LL_TIM_GetOnePulseMode(const TIM_TypeDef *TIMx)
1233:board/stm32f401rct6/Drivers/STM32F4xx_HAL_Driver/Inc/stm32f4xx_ll_tim.h **** {
1234:board/stm32f401rct6/Drivers/STM32F4xx_HAL_Driver/Inc/stm32f4xx_ll_tim.h ****   return (uint32_t)(READ_BIT(TIMx->CR1, TIM_CR1_OPM));
1235:board/stm32f401rct6/Drivers/STM32F4xx_HAL_Driver/Inc/stm32f4xx_ll_tim.h **** }
1236:board/stm32f401rct6/Drivers/STM32F4xx_HAL_Driver/Inc/stm32f4xx_ll_tim.h **** 
1237:board/stm32f401rct6/Drivers/STM32F4xx_HAL_Driver/Inc/stm32f4xx_ll_tim.h **** /**
1238:board/stm32f401rct6/Drivers/STM32F4xx_HAL_Driver/Inc/stm32f4xx_ll_tim.h ****   * @brief  Set the timer counter counting mode.
1239:board/stm32f401rct6/Drivers/STM32F4xx_HAL_Driver/Inc/stm32f4xx_ll_tim.h ****   * @note Macro IS_TIM_COUNTER_MODE_SELECT_INSTANCE(TIMx) can be used to
1240:board/stm32f401rct6/Drivers/STM32F4xx_HAL_Driver/Inc/stm32f4xx_ll_tim.h ****   *       check whether or not the counter mode selection feature is supported
1241:board/stm32f401rct6/Drivers/STM32F4xx_HAL_Driver/Inc/stm32f4xx_ll_tim.h ****   *       by a timer instance.
1242:board/stm32f401rct6/Drivers/STM32F4xx_HAL_Driver/Inc/stm32f4xx_ll_tim.h ****   * @note Switching from Center Aligned counter mode to Edge counter mode (or reverse)
1243:board/stm32f401rct6/Drivers/STM32F4xx_HAL_Driver/Inc/stm32f4xx_ll_tim.h ****   *       requires a timer reset to avoid unexpected direction
1244:board/stm32f401rct6/Drivers/STM32F4xx_HAL_Driver/Inc/stm32f4xx_ll_tim.h ****   *       due to DIR bit readonly in center aligned mode.
1245:board/stm32f401rct6/Drivers/STM32F4xx_HAL_Driver/Inc/stm32f4xx_ll_tim.h ****   * @rmtoll CR1          DIR           LL_TIM_SetCounterMode\n
1246:board/stm32f401rct6/Drivers/STM32F4xx_HAL_Driver/Inc/stm32f4xx_ll_tim.h ****   *         CR1          CMS           LL_TIM_SetCounterMode
1247:board/stm32f401rct6/Drivers/STM32F4xx_HAL_Driver/Inc/stm32f4xx_ll_tim.h ****   * @param  TIMx Timer instance
1248:board/stm32f401rct6/Drivers/STM32F4xx_HAL_Driver/Inc/stm32f4xx_ll_tim.h ****   * @param  CounterMode This parameter can be one of the following values:
1249:board/stm32f401rct6/Drivers/STM32F4xx_HAL_Driver/Inc/stm32f4xx_ll_tim.h ****   *         @arg @ref LL_TIM_COUNTERMODE_UP
1250:board/stm32f401rct6/Drivers/STM32F4xx_HAL_Driver/Inc/stm32f4xx_ll_tim.h ****   *         @arg @ref LL_TIM_COUNTERMODE_DOWN
1251:board/stm32f401rct6/Drivers/STM32F4xx_HAL_Driver/Inc/stm32f4xx_ll_tim.h ****   *         @arg @ref LL_TIM_COUNTERMODE_CENTER_UP
1252:board/stm32f401rct6/Drivers/STM32F4xx_HAL_Driver/Inc/stm32f4xx_ll_tim.h ****   *         @arg @ref LL_TIM_COUNTERMODE_CENTER_DOWN
1253:board/stm32f401rct6/Drivers/STM32F4xx_HAL_Driver/Inc/stm32f4xx_ll_tim.h ****   *         @arg @ref LL_TIM_COUNTERMODE_CENTER_UP_DOWN
1254:board/stm32f401rct6/Drivers/STM32F4xx_HAL_Driver/Inc/stm32f4xx_ll_tim.h ****   * @retval None
1255:board/stm32f401rct6/Drivers/STM32F4xx_HAL_Driver/Inc/stm32f4xx_ll_tim.h ****   */
1256:board/stm32f401rct6/Drivers/STM32F4xx_HAL_Driver/Inc/stm32f4xx_ll_tim.h **** __STATIC_INLINE void LL_TIM_SetCounterMode(TIM_TypeDef *TIMx, uint32_t CounterMode)
1257:board/stm32f401rct6/Drivers/STM32F4xx_HAL_Driver/Inc/stm32f4xx_ll_tim.h **** {
1258:board/stm32f401rct6/Drivers/STM32F4xx_HAL_Driver/Inc/stm32f4xx_ll_tim.h ****   MODIFY_REG(TIMx->CR1, (TIM_CR1_DIR | TIM_CR1_CMS), CounterMode);
1259:board/stm32f401rct6/Drivers/STM32F4xx_HAL_Driver/Inc/stm32f4xx_ll_tim.h **** }
1260:board/stm32f401rct6/Drivers/STM32F4xx_HAL_Driver/Inc/stm32f4xx_ll_tim.h **** 
1261:board/stm32f401rct6/Drivers/STM32F4xx_HAL_Driver/Inc/stm32f4xx_ll_tim.h **** /**
1262:board/stm32f401rct6/Drivers/STM32F4xx_HAL_Driver/Inc/stm32f4xx_ll_tim.h ****   * @brief  Get actual counter mode.
1263:board/stm32f401rct6/Drivers/STM32F4xx_HAL_Driver/Inc/stm32f4xx_ll_tim.h ****   * @note Macro IS_TIM_COUNTER_MODE_SELECT_INSTANCE(TIMx) can be used to
1264:board/stm32f401rct6/Drivers/STM32F4xx_HAL_Driver/Inc/stm32f4xx_ll_tim.h ****   *       check whether or not the counter mode selection feature is supported
1265:board/stm32f401rct6/Drivers/STM32F4xx_HAL_Driver/Inc/stm32f4xx_ll_tim.h ****   *       by a timer instance.
1266:board/stm32f401rct6/Drivers/STM32F4xx_HAL_Driver/Inc/stm32f4xx_ll_tim.h ****   * @rmtoll CR1          DIR           LL_TIM_GetCounterMode\n
1267:board/stm32f401rct6/Drivers/STM32F4xx_HAL_Driver/Inc/stm32f4xx_ll_tim.h ****   *         CR1          CMS           LL_TIM_GetCounterMode
1268:board/stm32f401rct6/Drivers/STM32F4xx_HAL_Driver/Inc/stm32f4xx_ll_tim.h ****   * @param  TIMx Timer instance
1269:board/stm32f401rct6/Drivers/STM32F4xx_HAL_Driver/Inc/stm32f4xx_ll_tim.h ****   * @retval Returned value can be one of the following values:
1270:board/stm32f401rct6/Drivers/STM32F4xx_HAL_Driver/Inc/stm32f4xx_ll_tim.h ****   *         @arg @ref LL_TIM_COUNTERMODE_UP
1271:board/stm32f401rct6/Drivers/STM32F4xx_HAL_Driver/Inc/stm32f4xx_ll_tim.h ****   *         @arg @ref LL_TIM_COUNTERMODE_DOWN
1272:board/stm32f401rct6/Drivers/STM32F4xx_HAL_Driver/Inc/stm32f4xx_ll_tim.h ****   *         @arg @ref LL_TIM_COUNTERMODE_CENTER_UP
1273:board/stm32f401rct6/Drivers/STM32F4xx_HAL_Driver/Inc/stm32f4xx_ll_tim.h ****   *         @arg @ref LL_TIM_COUNTERMODE_CENTER_DOWN
1274:board/stm32f401rct6/Drivers/STM32F4xx_HAL_Driver/Inc/stm32f4xx_ll_tim.h ****   *         @arg @ref LL_TIM_COUNTERMODE_CENTER_UP_DOWN
1275:board/stm32f401rct6/Drivers/STM32F4xx_HAL_Driver/Inc/stm32f4xx_ll_tim.h ****   */
1276:board/stm32f401rct6/Drivers/STM32F4xx_HAL_Driver/Inc/stm32f4xx_ll_tim.h **** __STATIC_INLINE uint32_t LL_TIM_GetCounterMode(const TIM_TypeDef *TIMx)
1277:board/stm32f401rct6/Drivers/STM32F4xx_HAL_Driver/Inc/stm32f4xx_ll_tim.h **** {
1278:board/stm32f401rct6/Drivers/STM32F4xx_HAL_Driver/Inc/stm32f4xx_ll_tim.h ****   uint32_t counter_mode;
1279:board/stm32f401rct6/Drivers/STM32F4xx_HAL_Driver/Inc/stm32f4xx_ll_tim.h **** 
1280:board/stm32f401rct6/Drivers/STM32F4xx_HAL_Driver/Inc/stm32f4xx_ll_tim.h ****   counter_mode = (uint32_t)(READ_BIT(TIMx->CR1, TIM_CR1_CMS));
1281:board/stm32f401rct6/Drivers/STM32F4xx_HAL_Driver/Inc/stm32f4xx_ll_tim.h **** 
1282:board/stm32f401rct6/Drivers/STM32F4xx_HAL_Driver/Inc/stm32f4xx_ll_tim.h ****   if (counter_mode == 0U)
1283:board/stm32f401rct6/Drivers/STM32F4xx_HAL_Driver/Inc/stm32f4xx_ll_tim.h ****   {
ARM GAS  C:\Users\Admin\AppData\Local\Temp\ccrDpVnE.s 			page 42


1284:board/stm32f401rct6/Drivers/STM32F4xx_HAL_Driver/Inc/stm32f4xx_ll_tim.h ****     counter_mode = (uint32_t)(READ_BIT(TIMx->CR1, TIM_CR1_DIR));
1285:board/stm32f401rct6/Drivers/STM32F4xx_HAL_Driver/Inc/stm32f4xx_ll_tim.h ****   }
1286:board/stm32f401rct6/Drivers/STM32F4xx_HAL_Driver/Inc/stm32f4xx_ll_tim.h **** 
1287:board/stm32f401rct6/Drivers/STM32F4xx_HAL_Driver/Inc/stm32f4xx_ll_tim.h ****   return counter_mode;
1288:board/stm32f401rct6/Drivers/STM32F4xx_HAL_Driver/Inc/stm32f4xx_ll_tim.h **** }
1289:board/stm32f401rct6/Drivers/STM32F4xx_HAL_Driver/Inc/stm32f4xx_ll_tim.h **** 
1290:board/stm32f401rct6/Drivers/STM32F4xx_HAL_Driver/Inc/stm32f4xx_ll_tim.h **** /**
1291:board/stm32f401rct6/Drivers/STM32F4xx_HAL_Driver/Inc/stm32f4xx_ll_tim.h ****   * @brief  Enable auto-reload (ARR) preload.
1292:board/stm32f401rct6/Drivers/STM32F4xx_HAL_Driver/Inc/stm32f4xx_ll_tim.h ****   * @rmtoll CR1          ARPE          LL_TIM_EnableARRPreload
1293:board/stm32f401rct6/Drivers/STM32F4xx_HAL_Driver/Inc/stm32f4xx_ll_tim.h ****   * @param  TIMx Timer instance
1294:board/stm32f401rct6/Drivers/STM32F4xx_HAL_Driver/Inc/stm32f4xx_ll_tim.h ****   * @retval None
1295:board/stm32f401rct6/Drivers/STM32F4xx_HAL_Driver/Inc/stm32f4xx_ll_tim.h ****   */
1296:board/stm32f401rct6/Drivers/STM32F4xx_HAL_Driver/Inc/stm32f4xx_ll_tim.h **** __STATIC_INLINE void LL_TIM_EnableARRPreload(TIM_TypeDef *TIMx)
1297:board/stm32f401rct6/Drivers/STM32F4xx_HAL_Driver/Inc/stm32f4xx_ll_tim.h **** {
1298:board/stm32f401rct6/Drivers/STM32F4xx_HAL_Driver/Inc/stm32f4xx_ll_tim.h ****   SET_BIT(TIMx->CR1, TIM_CR1_ARPE);
1299:board/stm32f401rct6/Drivers/STM32F4xx_HAL_Driver/Inc/stm32f4xx_ll_tim.h **** }
1300:board/stm32f401rct6/Drivers/STM32F4xx_HAL_Driver/Inc/stm32f4xx_ll_tim.h **** 
1301:board/stm32f401rct6/Drivers/STM32F4xx_HAL_Driver/Inc/stm32f4xx_ll_tim.h **** /**
1302:board/stm32f401rct6/Drivers/STM32F4xx_HAL_Driver/Inc/stm32f4xx_ll_tim.h ****   * @brief  Disable auto-reload (ARR) preload.
1303:board/stm32f401rct6/Drivers/STM32F4xx_HAL_Driver/Inc/stm32f4xx_ll_tim.h ****   * @rmtoll CR1          ARPE          LL_TIM_DisableARRPreload
1304:board/stm32f401rct6/Drivers/STM32F4xx_HAL_Driver/Inc/stm32f4xx_ll_tim.h ****   * @param  TIMx Timer instance
1305:board/stm32f401rct6/Drivers/STM32F4xx_HAL_Driver/Inc/stm32f4xx_ll_tim.h ****   * @retval None
1306:board/stm32f401rct6/Drivers/STM32F4xx_HAL_Driver/Inc/stm32f4xx_ll_tim.h ****   */
1307:board/stm32f401rct6/Drivers/STM32F4xx_HAL_Driver/Inc/stm32f4xx_ll_tim.h **** __STATIC_INLINE void LL_TIM_DisableARRPreload(TIM_TypeDef *TIMx)
1308:board/stm32f401rct6/Drivers/STM32F4xx_HAL_Driver/Inc/stm32f4xx_ll_tim.h **** {
1309:board/stm32f401rct6/Drivers/STM32F4xx_HAL_Driver/Inc/stm32f4xx_ll_tim.h ****   CLEAR_BIT(TIMx->CR1, TIM_CR1_ARPE);
1310:board/stm32f401rct6/Drivers/STM32F4xx_HAL_Driver/Inc/stm32f4xx_ll_tim.h **** }
1311:board/stm32f401rct6/Drivers/STM32F4xx_HAL_Driver/Inc/stm32f4xx_ll_tim.h **** 
1312:board/stm32f401rct6/Drivers/STM32F4xx_HAL_Driver/Inc/stm32f4xx_ll_tim.h **** /**
1313:board/stm32f401rct6/Drivers/STM32F4xx_HAL_Driver/Inc/stm32f4xx_ll_tim.h ****   * @brief  Indicates whether auto-reload (ARR) preload is enabled.
1314:board/stm32f401rct6/Drivers/STM32F4xx_HAL_Driver/Inc/stm32f4xx_ll_tim.h ****   * @rmtoll CR1          ARPE          LL_TIM_IsEnabledARRPreload
1315:board/stm32f401rct6/Drivers/STM32F4xx_HAL_Driver/Inc/stm32f4xx_ll_tim.h ****   * @param  TIMx Timer instance
1316:board/stm32f401rct6/Drivers/STM32F4xx_HAL_Driver/Inc/stm32f4xx_ll_tim.h ****   * @retval State of bit (1 or 0).
1317:board/stm32f401rct6/Drivers/STM32F4xx_HAL_Driver/Inc/stm32f4xx_ll_tim.h ****   */
1318:board/stm32f401rct6/Drivers/STM32F4xx_HAL_Driver/Inc/stm32f4xx_ll_tim.h **** __STATIC_INLINE uint32_t LL_TIM_IsEnabledARRPreload(const TIM_TypeDef *TIMx)
1319:board/stm32f401rct6/Drivers/STM32F4xx_HAL_Driver/Inc/stm32f4xx_ll_tim.h **** {
1320:board/stm32f401rct6/Drivers/STM32F4xx_HAL_Driver/Inc/stm32f4xx_ll_tim.h ****   return ((READ_BIT(TIMx->CR1, TIM_CR1_ARPE) == (TIM_CR1_ARPE)) ? 1UL : 0UL);
1321:board/stm32f401rct6/Drivers/STM32F4xx_HAL_Driver/Inc/stm32f4xx_ll_tim.h **** }
1322:board/stm32f401rct6/Drivers/STM32F4xx_HAL_Driver/Inc/stm32f4xx_ll_tim.h **** 
1323:board/stm32f401rct6/Drivers/STM32F4xx_HAL_Driver/Inc/stm32f4xx_ll_tim.h **** /**
1324:board/stm32f401rct6/Drivers/STM32F4xx_HAL_Driver/Inc/stm32f4xx_ll_tim.h ****   * @brief  Set the division ratio between the timer clock  and the sampling clock used by the dead
1325:board/stm32f401rct6/Drivers/STM32F4xx_HAL_Driver/Inc/stm32f4xx_ll_tim.h ****   *         (when supported) and the digital filters.
1326:board/stm32f401rct6/Drivers/STM32F4xx_HAL_Driver/Inc/stm32f4xx_ll_tim.h ****   * @note Macro IS_TIM_CLOCK_DIVISION_INSTANCE(TIMx) can be used to check
1327:board/stm32f401rct6/Drivers/STM32F4xx_HAL_Driver/Inc/stm32f4xx_ll_tim.h ****   *       whether or not the clock division feature is supported by the timer
1328:board/stm32f401rct6/Drivers/STM32F4xx_HAL_Driver/Inc/stm32f4xx_ll_tim.h ****   *       instance.
1329:board/stm32f401rct6/Drivers/STM32F4xx_HAL_Driver/Inc/stm32f4xx_ll_tim.h ****   * @rmtoll CR1          CKD           LL_TIM_SetClockDivision
1330:board/stm32f401rct6/Drivers/STM32F4xx_HAL_Driver/Inc/stm32f4xx_ll_tim.h ****   * @param  TIMx Timer instance
1331:board/stm32f401rct6/Drivers/STM32F4xx_HAL_Driver/Inc/stm32f4xx_ll_tim.h ****   * @param  ClockDivision This parameter can be one of the following values:
1332:board/stm32f401rct6/Drivers/STM32F4xx_HAL_Driver/Inc/stm32f4xx_ll_tim.h ****   *         @arg @ref LL_TIM_CLOCKDIVISION_DIV1
1333:board/stm32f401rct6/Drivers/STM32F4xx_HAL_Driver/Inc/stm32f4xx_ll_tim.h ****   *         @arg @ref LL_TIM_CLOCKDIVISION_DIV2
1334:board/stm32f401rct6/Drivers/STM32F4xx_HAL_Driver/Inc/stm32f4xx_ll_tim.h ****   *         @arg @ref LL_TIM_CLOCKDIVISION_DIV4
1335:board/stm32f401rct6/Drivers/STM32F4xx_HAL_Driver/Inc/stm32f4xx_ll_tim.h ****   * @retval None
1336:board/stm32f401rct6/Drivers/STM32F4xx_HAL_Driver/Inc/stm32f4xx_ll_tim.h ****   */
1337:board/stm32f401rct6/Drivers/STM32F4xx_HAL_Driver/Inc/stm32f4xx_ll_tim.h **** __STATIC_INLINE void LL_TIM_SetClockDivision(TIM_TypeDef *TIMx, uint32_t ClockDivision)
1338:board/stm32f401rct6/Drivers/STM32F4xx_HAL_Driver/Inc/stm32f4xx_ll_tim.h **** {
1339:board/stm32f401rct6/Drivers/STM32F4xx_HAL_Driver/Inc/stm32f4xx_ll_tim.h ****   MODIFY_REG(TIMx->CR1, TIM_CR1_CKD, ClockDivision);
1340:board/stm32f401rct6/Drivers/STM32F4xx_HAL_Driver/Inc/stm32f4xx_ll_tim.h **** }
ARM GAS  C:\Users\Admin\AppData\Local\Temp\ccrDpVnE.s 			page 43


1341:board/stm32f401rct6/Drivers/STM32F4xx_HAL_Driver/Inc/stm32f4xx_ll_tim.h **** 
1342:board/stm32f401rct6/Drivers/STM32F4xx_HAL_Driver/Inc/stm32f4xx_ll_tim.h **** /**
1343:board/stm32f401rct6/Drivers/STM32F4xx_HAL_Driver/Inc/stm32f4xx_ll_tim.h ****   * @brief  Get the actual division ratio between the timer clock  and the sampling clock used by t
1344:board/stm32f401rct6/Drivers/STM32F4xx_HAL_Driver/Inc/stm32f4xx_ll_tim.h ****   *         generators (when supported) and the digital filters.
1345:board/stm32f401rct6/Drivers/STM32F4xx_HAL_Driver/Inc/stm32f4xx_ll_tim.h ****   * @note Macro IS_TIM_CLOCK_DIVISION_INSTANCE(TIMx) can be used to check
1346:board/stm32f401rct6/Drivers/STM32F4xx_HAL_Driver/Inc/stm32f4xx_ll_tim.h ****   *       whether or not the clock division feature is supported by the timer
1347:board/stm32f401rct6/Drivers/STM32F4xx_HAL_Driver/Inc/stm32f4xx_ll_tim.h ****   *       instance.
1348:board/stm32f401rct6/Drivers/STM32F4xx_HAL_Driver/Inc/stm32f4xx_ll_tim.h ****   * @rmtoll CR1          CKD           LL_TIM_GetClockDivision
1349:board/stm32f401rct6/Drivers/STM32F4xx_HAL_Driver/Inc/stm32f4xx_ll_tim.h ****   * @param  TIMx Timer instance
1350:board/stm32f401rct6/Drivers/STM32F4xx_HAL_Driver/Inc/stm32f4xx_ll_tim.h ****   * @retval Returned value can be one of the following values:
1351:board/stm32f401rct6/Drivers/STM32F4xx_HAL_Driver/Inc/stm32f4xx_ll_tim.h ****   *         @arg @ref LL_TIM_CLOCKDIVISION_DIV1
1352:board/stm32f401rct6/Drivers/STM32F4xx_HAL_Driver/Inc/stm32f4xx_ll_tim.h ****   *         @arg @ref LL_TIM_CLOCKDIVISION_DIV2
1353:board/stm32f401rct6/Drivers/STM32F4xx_HAL_Driver/Inc/stm32f4xx_ll_tim.h ****   *         @arg @ref LL_TIM_CLOCKDIVISION_DIV4
1354:board/stm32f401rct6/Drivers/STM32F4xx_HAL_Driver/Inc/stm32f4xx_ll_tim.h ****   */
1355:board/stm32f401rct6/Drivers/STM32F4xx_HAL_Driver/Inc/stm32f4xx_ll_tim.h **** __STATIC_INLINE uint32_t LL_TIM_GetClockDivision(const TIM_TypeDef *TIMx)
1356:board/stm32f401rct6/Drivers/STM32F4xx_HAL_Driver/Inc/stm32f4xx_ll_tim.h **** {
1357:board/stm32f401rct6/Drivers/STM32F4xx_HAL_Driver/Inc/stm32f4xx_ll_tim.h ****   return (uint32_t)(READ_BIT(TIMx->CR1, TIM_CR1_CKD));
1358:board/stm32f401rct6/Drivers/STM32F4xx_HAL_Driver/Inc/stm32f4xx_ll_tim.h **** }
1359:board/stm32f401rct6/Drivers/STM32F4xx_HAL_Driver/Inc/stm32f4xx_ll_tim.h **** 
1360:board/stm32f401rct6/Drivers/STM32F4xx_HAL_Driver/Inc/stm32f4xx_ll_tim.h **** /**
1361:board/stm32f401rct6/Drivers/STM32F4xx_HAL_Driver/Inc/stm32f4xx_ll_tim.h ****   * @brief  Set the counter value.
1362:board/stm32f401rct6/Drivers/STM32F4xx_HAL_Driver/Inc/stm32f4xx_ll_tim.h ****   * @note Macro IS_TIM_32B_COUNTER_INSTANCE(TIMx) can be used to check
1363:board/stm32f401rct6/Drivers/STM32F4xx_HAL_Driver/Inc/stm32f4xx_ll_tim.h ****   *       whether or not a timer instance supports a 32 bits counter.
1364:board/stm32f401rct6/Drivers/STM32F4xx_HAL_Driver/Inc/stm32f4xx_ll_tim.h ****   * @rmtoll CNT          CNT           LL_TIM_SetCounter
1365:board/stm32f401rct6/Drivers/STM32F4xx_HAL_Driver/Inc/stm32f4xx_ll_tim.h ****   * @param  TIMx Timer instance
1366:board/stm32f401rct6/Drivers/STM32F4xx_HAL_Driver/Inc/stm32f4xx_ll_tim.h ****   * @param  Counter Counter value (between Min_Data=0 and Max_Data=0xFFFF or 0xFFFFFFFF)
1367:board/stm32f401rct6/Drivers/STM32F4xx_HAL_Driver/Inc/stm32f4xx_ll_tim.h ****   * @retval None
1368:board/stm32f401rct6/Drivers/STM32F4xx_HAL_Driver/Inc/stm32f4xx_ll_tim.h ****   */
1369:board/stm32f401rct6/Drivers/STM32F4xx_HAL_Driver/Inc/stm32f4xx_ll_tim.h **** __STATIC_INLINE void LL_TIM_SetCounter(TIM_TypeDef *TIMx, uint32_t Counter)
  64              		.loc 4 1369 22 view .LVU9
  65              	.LBB66:
1370:board/stm32f401rct6/Drivers/STM32F4xx_HAL_Driver/Inc/stm32f4xx_ll_tim.h **** {
1371:board/stm32f401rct6/Drivers/STM32F4xx_HAL_Driver/Inc/stm32f4xx_ll_tim.h ****   WRITE_REG(TIMx->CNT, Counter);
  66              		.loc 4 1371 3 view .LVU10
  67 000a 124B     		ldr	r3, .L8+4
  68 000c 0021     		movs	r1, #0
  69 000e 5962     		str	r1, [r3, #36]
  70              	.LVL2:
  71              	.L3:
  72              		.loc 4 1371 3 is_stmt 0 view .LVU11
  73              	.LBE66:
  74              	.LBE65:
  25:board/stm32f401rct6/Core/Extension/delay_hardware.h **** 
  75              		.loc 3 25 41 is_stmt 1 view .LVU12
  25:board/stm32f401rct6/Core/Extension/delay_hardware.h **** 
  76              		.loc 3 25 11 view .LVU13
  77              	.LBB67:
  78              	.LBI67:
1372:board/stm32f401rct6/Drivers/STM32F4xx_HAL_Driver/Inc/stm32f4xx_ll_tim.h **** }
1373:board/stm32f401rct6/Drivers/STM32F4xx_HAL_Driver/Inc/stm32f4xx_ll_tim.h **** 
1374:board/stm32f401rct6/Drivers/STM32F4xx_HAL_Driver/Inc/stm32f4xx_ll_tim.h **** /**
1375:board/stm32f401rct6/Drivers/STM32F4xx_HAL_Driver/Inc/stm32f4xx_ll_tim.h ****   * @brief  Get the counter value.
1376:board/stm32f401rct6/Drivers/STM32F4xx_HAL_Driver/Inc/stm32f4xx_ll_tim.h ****   * @note Macro IS_TIM_32B_COUNTER_INSTANCE(TIMx) can be used to check
1377:board/stm32f401rct6/Drivers/STM32F4xx_HAL_Driver/Inc/stm32f4xx_ll_tim.h ****   *       whether or not a timer instance supports a 32 bits counter.
1378:board/stm32f401rct6/Drivers/STM32F4xx_HAL_Driver/Inc/stm32f4xx_ll_tim.h ****   * @rmtoll CNT          CNT           LL_TIM_GetCounter
1379:board/stm32f401rct6/Drivers/STM32F4xx_HAL_Driver/Inc/stm32f4xx_ll_tim.h ****   * @param  TIMx Timer instance
1380:board/stm32f401rct6/Drivers/STM32F4xx_HAL_Driver/Inc/stm32f4xx_ll_tim.h ****   * @retval Counter value (between Min_Data=0 and Max_Data=0xFFFF or 0xFFFFFFFF)
ARM GAS  C:\Users\Admin\AppData\Local\Temp\ccrDpVnE.s 			page 44


1381:board/stm32f401rct6/Drivers/STM32F4xx_HAL_Driver/Inc/stm32f4xx_ll_tim.h ****   */
1382:board/stm32f401rct6/Drivers/STM32F4xx_HAL_Driver/Inc/stm32f4xx_ll_tim.h **** __STATIC_INLINE uint32_t LL_TIM_GetCounter(const TIM_TypeDef *TIMx)
  79              		.loc 4 1382 26 view .LVU14
  80              	.LBB68:
1383:board/stm32f401rct6/Drivers/STM32F4xx_HAL_Driver/Inc/stm32f4xx_ll_tim.h **** {
1384:board/stm32f401rct6/Drivers/STM32F4xx_HAL_Driver/Inc/stm32f4xx_ll_tim.h ****   return (uint32_t)(READ_REG(TIMx->CNT));
  81              		.loc 4 1384 3 view .LVU15
  82              		.loc 4 1384 10 is_stmt 0 view .LVU16
  83 0010 104B     		ldr	r3, .L8+4
  84 0012 5B6A     		ldr	r3, [r3, #36]
  85              	.LVL3:
  86              		.loc 4 1384 10 view .LVU17
  87              	.LBE68:
  88              	.LBE67:
  25:board/stm32f401rct6/Core/Extension/delay_hardware.h **** 
  89              		.loc 3 25 11 view .LVU18
  90 0014 B3F57A7F 		cmp	r3, #1000
  91 0018 FAD3     		bcc	.L3
  92              	.LVL4:
  93              	.L2:
  25:board/stm32f401rct6/Core/Extension/delay_hardware.h **** 
  94              		.loc 3 25 11 view .LVU19
  95              	.LBE64:
  96              	.LBE63:
  32:board/stm32f401rct6/Core/Extension/delay_hardware.h **** 	{
  97              		.loc 3 32 8 is_stmt 1 view .LVU20
  98 001a 1346     		mov	r3, r2
  32:board/stm32f401rct6/Core/Extension/delay_hardware.h **** 	{
  99              		.loc 3 32 11 is_stmt 0 view .LVU21
 100 001c 013A     		subs	r2, r2, #1
 101              	.LVL5:
  32:board/stm32f401rct6/Core/Extension/delay_hardware.h **** 	{
 102              		.loc 3 32 8 view .LVU22
 103 001e 002B     		cmp	r3, #0
 104 0020 F3D1     		bne	.L4
 105              	.LVL6:
  32:board/stm32f401rct6/Core/Extension/delay_hardware.h **** 	{
 106              		.loc 3 32 8 view .LVU23
 107              	.LBE62:
 108              	.LBE61:
  72:board/stm32f401rct6/Core/Extension/lcd.c **** 	delay_ms(1);
  73:board/stm32f401rct6/Core/Extension/lcd.c **** 	LL_GPIO_ResetOutputPin(LCD_EN_GPIO_Port, LCD_EN_Pin);
 109              		.loc 1 73 2 is_stmt 1 view .LVU24
 110              	.LBB69:
 111              	.LBI69:
 885:board/stm32f401rct6/Drivers/STM32F4xx_HAL_Driver/Inc/stm32f4xx_ll_gpio.h **** 
 886:board/stm32f401rct6/Drivers/STM32F4xx_HAL_Driver/Inc/stm32f4xx_ll_gpio.h **** /**
 887:board/stm32f401rct6/Drivers/STM32F4xx_HAL_Driver/Inc/stm32f4xx_ll_gpio.h ****   * @brief  Set several pins to low level on dedicated gpio port.
 888:board/stm32f401rct6/Drivers/STM32F4xx_HAL_Driver/Inc/stm32f4xx_ll_gpio.h ****   * @rmtoll BSRR         BRy           LL_GPIO_ResetOutputPin
 889:board/stm32f401rct6/Drivers/STM32F4xx_HAL_Driver/Inc/stm32f4xx_ll_gpio.h ****   * @param  GPIOx GPIO Port
 890:board/stm32f401rct6/Drivers/STM32F4xx_HAL_Driver/Inc/stm32f4xx_ll_gpio.h ****   * @param  PinMask This parameter can be a combination of the following values:
 891:board/stm32f401rct6/Drivers/STM32F4xx_HAL_Driver/Inc/stm32f4xx_ll_gpio.h ****   *         @arg @ref LL_GPIO_PIN_0
 892:board/stm32f401rct6/Drivers/STM32F4xx_HAL_Driver/Inc/stm32f4xx_ll_gpio.h ****   *         @arg @ref LL_GPIO_PIN_1
 893:board/stm32f401rct6/Drivers/STM32F4xx_HAL_Driver/Inc/stm32f4xx_ll_gpio.h ****   *         @arg @ref LL_GPIO_PIN_2
 894:board/stm32f401rct6/Drivers/STM32F4xx_HAL_Driver/Inc/stm32f4xx_ll_gpio.h ****   *         @arg @ref LL_GPIO_PIN_3
 895:board/stm32f401rct6/Drivers/STM32F4xx_HAL_Driver/Inc/stm32f4xx_ll_gpio.h ****   *         @arg @ref LL_GPIO_PIN_4
 896:board/stm32f401rct6/Drivers/STM32F4xx_HAL_Driver/Inc/stm32f4xx_ll_gpio.h ****   *         @arg @ref LL_GPIO_PIN_5
ARM GAS  C:\Users\Admin\AppData\Local\Temp\ccrDpVnE.s 			page 45


 897:board/stm32f401rct6/Drivers/STM32F4xx_HAL_Driver/Inc/stm32f4xx_ll_gpio.h ****   *         @arg @ref LL_GPIO_PIN_6
 898:board/stm32f401rct6/Drivers/STM32F4xx_HAL_Driver/Inc/stm32f4xx_ll_gpio.h ****   *         @arg @ref LL_GPIO_PIN_7
 899:board/stm32f401rct6/Drivers/STM32F4xx_HAL_Driver/Inc/stm32f4xx_ll_gpio.h ****   *         @arg @ref LL_GPIO_PIN_8
 900:board/stm32f401rct6/Drivers/STM32F4xx_HAL_Driver/Inc/stm32f4xx_ll_gpio.h ****   *         @arg @ref LL_GPIO_PIN_9
 901:board/stm32f401rct6/Drivers/STM32F4xx_HAL_Driver/Inc/stm32f4xx_ll_gpio.h ****   *         @arg @ref LL_GPIO_PIN_10
 902:board/stm32f401rct6/Drivers/STM32F4xx_HAL_Driver/Inc/stm32f4xx_ll_gpio.h ****   *         @arg @ref LL_GPIO_PIN_11
 903:board/stm32f401rct6/Drivers/STM32F4xx_HAL_Driver/Inc/stm32f4xx_ll_gpio.h ****   *         @arg @ref LL_GPIO_PIN_12
 904:board/stm32f401rct6/Drivers/STM32F4xx_HAL_Driver/Inc/stm32f4xx_ll_gpio.h ****   *         @arg @ref LL_GPIO_PIN_13
 905:board/stm32f401rct6/Drivers/STM32F4xx_HAL_Driver/Inc/stm32f4xx_ll_gpio.h ****   *         @arg @ref LL_GPIO_PIN_14
 906:board/stm32f401rct6/Drivers/STM32F4xx_HAL_Driver/Inc/stm32f4xx_ll_gpio.h ****   *         @arg @ref LL_GPIO_PIN_15
 907:board/stm32f401rct6/Drivers/STM32F4xx_HAL_Driver/Inc/stm32f4xx_ll_gpio.h ****   *         @arg @ref LL_GPIO_PIN_ALL
 908:board/stm32f401rct6/Drivers/STM32F4xx_HAL_Driver/Inc/stm32f4xx_ll_gpio.h ****   * @retval None
 909:board/stm32f401rct6/Drivers/STM32F4xx_HAL_Driver/Inc/stm32f4xx_ll_gpio.h ****   */
 910:board/stm32f401rct6/Drivers/STM32F4xx_HAL_Driver/Inc/stm32f4xx_ll_gpio.h **** __STATIC_INLINE void LL_GPIO_ResetOutputPin(GPIO_TypeDef *GPIOx, uint32_t PinMask)
 112              		.loc 2 910 22 view .LVU25
 113              	.LBB70:
 911:board/stm32f401rct6/Drivers/STM32F4xx_HAL_Driver/Inc/stm32f4xx_ll_gpio.h **** {
 912:board/stm32f401rct6/Drivers/STM32F4xx_HAL_Driver/Inc/stm32f4xx_ll_gpio.h ****   WRITE_REG(GPIOx->BSRR, (PinMask << 16));
 114              		.loc 2 912 3 view .LVU26
 115 0022 03F18043 		add	r3, r3, #1073741824
 116 0026 03F50133 		add	r3, r3, #132096
 117 002a 4FF48012 		mov	r2, #1048576
 118 002e 9A61     		str	r2, [r3, #24]
 913:board/stm32f401rct6/Drivers/STM32F4xx_HAL_Driver/Inc/stm32f4xx_ll_gpio.h **** }
 119              		.loc 2 913 1 is_stmt 0 view .LVU27
 120 0030 0122     		movs	r2, #1
 121 0032 07E0     		b	.L5
 122              	.LVL7:
 123              	.L7:
 124              		.loc 2 913 1 view .LVU28
 125              	.LBE70:
 126              	.LBE69:
 127              	.LBB71:
 128              	.LBB72:
 129              		.loc 3 35 3 is_stmt 1 view .LVU29
 130              	.LBB73:
 131              	.LBI73:
  23:board/stm32f401rct6/Core/Extension/delay_hardware.h ****     LL_TIM_SetCounter(TIM4, 0); // Reset counter to 0
 132              		.loc 3 23 20 view .LVU30
 133              	.LBB74:
  24:board/stm32f401rct6/Core/Extension/delay_hardware.h ****     while (LL_TIM_GetCounter(TIM4) < us); // Wait until counter reaches 'us'
 134              		.loc 3 24 5 view .LVU31
 135              	.LBB75:
 136              	.LBI75:
1369:board/stm32f401rct6/Drivers/STM32F4xx_HAL_Driver/Inc/stm32f4xx_ll_tim.h **** {
 137              		.loc 4 1369 22 view .LVU32
 138              	.LBB76:
1371:board/stm32f401rct6/Drivers/STM32F4xx_HAL_Driver/Inc/stm32f4xx_ll_tim.h **** }
 139              		.loc 4 1371 3 view .LVU33
 140 0034 074B     		ldr	r3, .L8+4
 141 0036 0021     		movs	r1, #0
 142 0038 5962     		str	r1, [r3, #36]
 143              	.LVL8:
 144              	.L6:
1371:board/stm32f401rct6/Drivers/STM32F4xx_HAL_Driver/Inc/stm32f4xx_ll_tim.h **** }
 145              		.loc 4 1371 3 is_stmt 0 view .LVU34
 146              	.LBE76:
ARM GAS  C:\Users\Admin\AppData\Local\Temp\ccrDpVnE.s 			page 46


 147              	.LBE75:
  25:board/stm32f401rct6/Core/Extension/delay_hardware.h **** 
 148              		.loc 3 25 41 is_stmt 1 view .LVU35
  25:board/stm32f401rct6/Core/Extension/delay_hardware.h **** 
 149              		.loc 3 25 11 view .LVU36
 150              	.LBB77:
 151              	.LBI77:
1382:board/stm32f401rct6/Drivers/STM32F4xx_HAL_Driver/Inc/stm32f4xx_ll_tim.h **** {
 152              		.loc 4 1382 26 view .LVU37
 153              	.LBB78:
 154              		.loc 4 1384 3 view .LVU38
 155              		.loc 4 1384 10 is_stmt 0 view .LVU39
 156 003a 064B     		ldr	r3, .L8+4
 157 003c 5B6A     		ldr	r3, [r3, #36]
 158              	.LVL9:
 159              		.loc 4 1384 10 view .LVU40
 160              	.LBE78:
 161              	.LBE77:
  25:board/stm32f401rct6/Core/Extension/delay_hardware.h **** 
 162              		.loc 3 25 11 view .LVU41
 163 003e B3F57A7F 		cmp	r3, #1000
 164 0042 FAD3     		bcc	.L6
 165              	.LVL10:
 166              	.L5:
  25:board/stm32f401rct6/Core/Extension/delay_hardware.h **** 
 167              		.loc 3 25 11 view .LVU42
 168              	.LBE74:
 169              	.LBE73:
  32:board/stm32f401rct6/Core/Extension/delay_hardware.h **** 	{
 170              		.loc 3 32 8 is_stmt 1 view .LVU43
 171 0044 1346     		mov	r3, r2
  32:board/stm32f401rct6/Core/Extension/delay_hardware.h **** 	{
 172              		.loc 3 32 11 is_stmt 0 view .LVU44
 173 0046 013A     		subs	r2, r2, #1
 174              	.LVL11:
  32:board/stm32f401rct6/Core/Extension/delay_hardware.h **** 	{
 175              		.loc 3 32 8 view .LVU45
 176 0048 002B     		cmp	r3, #0
 177 004a F3D1     		bne	.L7
 178              	.LBE72:
 179              	.LBE71:
  74:board/stm32f401rct6/Core/Extension/lcd.c **** 	delay_ms(1);
  75:board/stm32f401rct6/Core/Extension/lcd.c **** }
 180              		.loc 1 75 1 view .LVU46
 181 004c 7047     		bx	lr
 182              	.L9:
 183 004e 00BF     		.align	2
 184              	.L8:
 185 0050 00040240 		.word	1073873920
 186 0054 00080040 		.word	1073743872
 187              		.cfi_endproc
 188              	.LFE831:
 190              		.section	.text.lcd_send4bit,"ax",%progbits
 191              		.align	1
 192              		.syntax unified
 193              		.thumb
 194              		.thumb_func
ARM GAS  C:\Users\Admin\AppData\Local\Temp\ccrDpVnE.s 			page 47


 196              	lcd_send4bit:
 197              	.LVL12:
 198              	.LFB832:
  76:board/stm32f401rct6/Core/Extension/lcd.c **** 
  77:board/stm32f401rct6/Core/Extension/lcd.c **** static void lcd_send4bit(char data) { // bit cao gửi trước
 199              		.loc 1 77 37 is_stmt 1 view -0
 200              		.cfi_startproc
 201              		@ args = 0, pretend = 0, frame = 32
 202              		@ frame_needed = 0, uses_anonymous_args = 0
 203              		.loc 1 77 37 is_stmt 0 view .LVU48
 204 0000 10B5     		push	{r4, lr}
 205              	.LCFI0:
 206              		.cfi_def_cfa_offset 8
 207              		.cfi_offset 4, -8
 208              		.cfi_offset 14, -4
 209 0002 88B0     		sub	sp, sp, #32
 210              	.LCFI1:
 211              		.cfi_def_cfa_offset 40
 212 0004 8446     		mov	ip, r0
  78:board/stm32f401rct6/Core/Extension/lcd.c ****     GPIO_TypeDef *ports[] = {LCD_D4_GPIO_Port, LCD_D5_GPIO_Port, LCD_D6_GPIO_Port, LCD_D7_GPIO_Port
 213              		.loc 1 78 5 is_stmt 1 view .LVU49
 214              		.loc 1 78 19 is_stmt 0 view .LVU50
 215 0006 164C     		ldr	r4, .L17
 216 0008 94E80F00 		ldm	r4, {r0, r1, r2, r3}
 217              	.LVL13:
 218              		.loc 1 78 19 view .LVU51
 219 000c 0DF1200E 		add	lr, sp, #32
 220 0010 0EE90F00 		stmdb	lr, {r0, r1, r2, r3}
  79:board/stm32f401rct6/Core/Extension/lcd.c ****     uint32_t pins[] = {LCD_D4_Pin, LCD_D5_Pin, LCD_D6_Pin, LCD_D7_Pin};
 221              		.loc 1 79 5 is_stmt 1 view .LVU52
 222              		.loc 1 79 14 is_stmt 0 view .LVU53
 223 0014 EE46     		mov	lr, sp
 224 0016 1034     		adds	r4, r4, #16
 225 0018 94E80F00 		ldm	r4, {r0, r1, r2, r3}
 226 001c 8EE80F00 		stm	lr, {r0, r1, r2, r3}
  80:board/stm32f401rct6/Core/Extension/lcd.c **** 
  81:board/stm32f401rct6/Core/Extension/lcd.c ****     for (uint8_t i = 0; i < 4; i++) {
 227              		.loc 1 81 5 is_stmt 1 view .LVU54
 228              	.LBB79:
 229              		.loc 1 81 10 view .LVU55
 230              	.LVL14:
 231              		.loc 1 81 18 is_stmt 0 view .LVU56
 232 0020 0023     		movs	r3, #0
 233              		.loc 1 81 5 view .LVU57
 234 0022 0AE0     		b	.L11
 235              	.LVL15:
 236              	.L12:
  82:board/stm32f401rct6/Core/Extension/lcd.c ****         if ((data>>i)&0x01) {
  83:board/stm32f401rct6/Core/Extension/lcd.c ****             LL_GPIO_SetOutputPin(ports[i], pins[i]);
  84:board/stm32f401rct6/Core/Extension/lcd.c ****         } else {
  85:board/stm32f401rct6/Core/Extension/lcd.c ****             LL_GPIO_ResetOutputPin(ports[i], pins[i]);
 237              		.loc 1 85 13 is_stmt 1 view .LVU58
 238 0024 08AA     		add	r2, sp, #32
 239 0026 02EB8302 		add	r2, r2, r3, lsl #2
 240 002a 52F8101C 		ldr	r1, [r2, #-16]
 241 002e 52F8202C 		ldr	r2, [r2, #-32]
 242              	.LVL16:
ARM GAS  C:\Users\Admin\AppData\Local\Temp\ccrDpVnE.s 			page 48


 243              	.LBB80:
 244              	.LBI80:
 910:board/stm32f401rct6/Drivers/STM32F4xx_HAL_Driver/Inc/stm32f4xx_ll_gpio.h **** {
 245              		.loc 2 910 22 view .LVU59
 246              	.LBB81:
 912:board/stm32f401rct6/Drivers/STM32F4xx_HAL_Driver/Inc/stm32f4xx_ll_gpio.h **** }
 247              		.loc 2 912 3 view .LVU60
 248 0032 1204     		lsls	r2, r2, #16
 249              	.LVL17:
 912:board/stm32f401rct6/Drivers/STM32F4xx_HAL_Driver/Inc/stm32f4xx_ll_gpio.h **** }
 250              		.loc 2 912 3 is_stmt 0 view .LVU61
 251 0034 8A61     		str	r2, [r1, #24]
 252              	.LVL18:
 253              	.L13:
 912:board/stm32f401rct6/Drivers/STM32F4xx_HAL_Driver/Inc/stm32f4xx_ll_gpio.h **** }
 254              		.loc 2 912 3 view .LVU62
 255              	.LBE81:
 256              	.LBE80:
  81:board/stm32f401rct6/Core/Extension/lcd.c ****         if ((data>>i)&0x01) {
 257              		.loc 1 81 32 is_stmt 1 discriminator 2 view .LVU63
  81:board/stm32f401rct6/Core/Extension/lcd.c ****         if ((data>>i)&0x01) {
 258              		.loc 1 81 33 is_stmt 0 discriminator 2 view .LVU64
 259 0036 0133     		adds	r3, r3, #1
 260              	.LVL19:
  81:board/stm32f401rct6/Core/Extension/lcd.c ****         if ((data>>i)&0x01) {
 261              		.loc 1 81 33 discriminator 2 view .LVU65
 262 0038 DBB2     		uxtb	r3, r3
 263              	.LVL20:
 264              	.L11:
  81:board/stm32f401rct6/Core/Extension/lcd.c ****         if ((data>>i)&0x01) {
 265              		.loc 1 81 25 is_stmt 1 discriminator 1 view .LVU66
  81:board/stm32f401rct6/Core/Extension/lcd.c ****         if ((data>>i)&0x01) {
 266              		.loc 1 81 5 is_stmt 0 discriminator 1 view .LVU67
 267 003a 032B     		cmp	r3, #3
 268 003c 0DD8     		bhi	.L16
  82:board/stm32f401rct6/Core/Extension/lcd.c ****             LL_GPIO_SetOutputPin(ports[i], pins[i]);
 269              		.loc 1 82 9 is_stmt 1 view .LVU68
  82:board/stm32f401rct6/Core/Extension/lcd.c ****             LL_GPIO_SetOutputPin(ports[i], pins[i]);
 270              		.loc 1 82 18 is_stmt 0 view .LVU69
 271 003e 4CFA03F2 		asr	r2, ip, r3
  82:board/stm32f401rct6/Core/Extension/lcd.c ****             LL_GPIO_SetOutputPin(ports[i], pins[i]);
 272              		.loc 1 82 12 view .LVU70
 273 0042 12F0010F 		tst	r2, #1
 274 0046 EDD0     		beq	.L12
  83:board/stm32f401rct6/Core/Extension/lcd.c ****         } else {
 275              		.loc 1 83 13 is_stmt 1 view .LVU71
 276 0048 08AA     		add	r2, sp, #32
 277 004a 02EB8302 		add	r2, r2, r3, lsl #2
 278 004e 52F8101C 		ldr	r1, [r2, #-16]
 279 0052 52F8202C 		ldr	r2, [r2, #-32]
 280              	.LVL21:
 281              	.LBB82:
 282              	.LBI82:
 881:board/stm32f401rct6/Drivers/STM32F4xx_HAL_Driver/Inc/stm32f4xx_ll_gpio.h **** {
 283              		.loc 2 881 22 view .LVU72
 284              	.LBB83:
 883:board/stm32f401rct6/Drivers/STM32F4xx_HAL_Driver/Inc/stm32f4xx_ll_gpio.h **** }
ARM GAS  C:\Users\Admin\AppData\Local\Temp\ccrDpVnE.s 			page 49


 285              		.loc 2 883 3 view .LVU73
 286 0056 8A61     		str	r2, [r1, #24]
 884:board/stm32f401rct6/Drivers/STM32F4xx_HAL_Driver/Inc/stm32f4xx_ll_gpio.h **** 
 287              		.loc 2 884 1 is_stmt 0 view .LVU74
 288 0058 EDE7     		b	.L13
 289              	.LVL22:
 290              	.L16:
 884:board/stm32f401rct6/Drivers/STM32F4xx_HAL_Driver/Inc/stm32f4xx_ll_gpio.h **** 
 291              		.loc 2 884 1 view .LVU75
 292              	.LBE83:
 293              	.LBE82:
 294              	.LBE79:
  86:board/stm32f401rct6/Core/Extension/lcd.c ****         }
  87:board/stm32f401rct6/Core/Extension/lcd.c ****     }
  88:board/stm32f401rct6/Core/Extension/lcd.c **** }
 295              		.loc 1 88 1 view .LVU76
 296 005a 08B0     		add	sp, sp, #32
 297              	.LCFI2:
 298              		.cfi_def_cfa_offset 8
 299              		@ sp needed
 300 005c 10BD     		pop	{r4, pc}
 301              	.L18:
 302 005e 00BF     		.align	2
 303              	.L17:
 304 0060 00000000 		.word	.LANCHOR0
 305              		.cfi_endproc
 306              	.LFE832:
 308              		.section	.text.lcd_command,"ax",%progbits
 309              		.align	1
 310              		.syntax unified
 311              		.thumb
 312              		.thumb_func
 314              	lcd_command:
 315              	.LVL23:
 316              	.LFB833:
  89:board/stm32f401rct6/Core/Extension/lcd.c **** 
  90:board/stm32f401rct6/Core/Extension/lcd.c **** static void lcd_command(char command){
 317              		.loc 1 90 38 is_stmt 1 view -0
 318              		.cfi_startproc
 319              		@ args = 0, pretend = 0, frame = 0
 320              		@ frame_needed = 0, uses_anonymous_args = 0
 321              		.loc 1 90 38 is_stmt 0 view .LVU78
 322 0000 10B5     		push	{r4, lr}
 323              	.LCFI3:
 324              		.cfi_def_cfa_offset 8
 325              		.cfi_offset 4, -8
 326              		.cfi_offset 14, -4
 327 0002 0446     		mov	r4, r0
  91:board/stm32f401rct6/Core/Extension/lcd.c **** 
  92:board/stm32f401rct6/Core/Extension/lcd.c **** 	lcd_send4bit(command >> 4);
 328              		.loc 1 92 2 is_stmt 1 view .LVU79
 329 0004 0009     		lsrs	r0, r0, #4
 330              	.LVL24:
 331              		.loc 1 92 2 is_stmt 0 view .LVU80
 332 0006 FFF7FEFF 		bl	lcd_send4bit
 333              	.LVL25:
  93:board/stm32f401rct6/Core/Extension/lcd.c **** 	lcd_enable();
ARM GAS  C:\Users\Admin\AppData\Local\Temp\ccrDpVnE.s 			page 50


 334              		.loc 1 93 2 is_stmt 1 view .LVU81
 335 000a FFF7FEFF 		bl	lcd_enable
 336              	.LVL26:
  94:board/stm32f401rct6/Core/Extension/lcd.c **** 	lcd_send4bit(command);
 337              		.loc 1 94 2 view .LVU82
 338 000e 2046     		mov	r0, r4
 339 0010 FFF7FEFF 		bl	lcd_send4bit
 340              	.LVL27:
  95:board/stm32f401rct6/Core/Extension/lcd.c **** 	lcd_enable();
 341              		.loc 1 95 2 view .LVU83
 342 0014 FFF7FEFF 		bl	lcd_enable
 343              	.LVL28:
  96:board/stm32f401rct6/Core/Extension/lcd.c **** }
 344              		.loc 1 96 1 is_stmt 0 view .LVU84
 345 0018 10BD     		pop	{r4, pc}
 346              		.cfi_endproc
 347              	.LFE833:
 349              		.section	.text.lcd_putchar,"ax",%progbits
 350              		.align	1
 351              		.syntax unified
 352              		.thumb
 353              		.thumb_func
 355              	lcd_putchar:
 356              	.LVL29:
 357              	.LFB830:
  64:board/stm32f401rct6/Core/Extension/lcd.c **** 	LL_GPIO_SetOutputPin(LCD_RS_GPIO_Port, LCD_RS_Pin);
 358              		.loc 1 64 36 is_stmt 1 view -0
 359              		.cfi_startproc
 360              		@ args = 0, pretend = 0, frame = 0
 361              		@ frame_needed = 0, uses_anonymous_args = 0
  64:board/stm32f401rct6/Core/Extension/lcd.c **** 	LL_GPIO_SetOutputPin(LCD_RS_GPIO_Port, LCD_RS_Pin);
 362              		.loc 1 64 36 is_stmt 0 view .LVU86
 363 0000 10B5     		push	{r4, lr}
 364              	.LCFI4:
 365              		.cfi_def_cfa_offset 8
 366              		.cfi_offset 4, -8
 367              		.cfi_offset 14, -4
  65:board/stm32f401rct6/Core/Extension/lcd.c **** 	lcd_command(data);
 368              		.loc 1 65 2 is_stmt 1 view .LVU87
 369              	.LVL30:
 370              	.LBB84:
 371              	.LBI84:
 881:board/stm32f401rct6/Drivers/STM32F4xx_HAL_Driver/Inc/stm32f4xx_ll_gpio.h **** {
 372              		.loc 2 881 22 view .LVU88
 373              	.LBB85:
 883:board/stm32f401rct6/Drivers/STM32F4xx_HAL_Driver/Inc/stm32f4xx_ll_gpio.h **** }
 374              		.loc 2 883 3 view .LVU89
 375 0002 044C     		ldr	r4, .L23
 376 0004 2023     		movs	r3, #32
 377 0006 A361     		str	r3, [r4, #24]
 378              	.LVL31:
 883:board/stm32f401rct6/Drivers/STM32F4xx_HAL_Driver/Inc/stm32f4xx_ll_gpio.h **** }
 379              		.loc 2 883 3 is_stmt 0 view .LVU90
 380              	.LBE85:
 381              	.LBE84:
  66:board/stm32f401rct6/Core/Extension/lcd.c **** 	LL_GPIO_ResetOutputPin(LCD_RS_GPIO_Port, LCD_RS_Pin);
 382              		.loc 1 66 2 is_stmt 1 view .LVU91
ARM GAS  C:\Users\Admin\AppData\Local\Temp\ccrDpVnE.s 			page 51


 383 0008 FFF7FEFF 		bl	lcd_command
 384              	.LVL32:
  67:board/stm32f401rct6/Core/Extension/lcd.c **** }
 385              		.loc 1 67 2 view .LVU92
 386              	.LBB86:
 387              	.LBI86:
 910:board/stm32f401rct6/Drivers/STM32F4xx_HAL_Driver/Inc/stm32f4xx_ll_gpio.h **** {
 388              		.loc 2 910 22 view .LVU93
 389              	.LBB87:
 912:board/stm32f401rct6/Drivers/STM32F4xx_HAL_Driver/Inc/stm32f4xx_ll_gpio.h **** }
 390              		.loc 2 912 3 view .LVU94
 391 000c 4FF40013 		mov	r3, #2097152
 392 0010 A361     		str	r3, [r4, #24]
 393              	.LVL33:
 912:board/stm32f401rct6/Drivers/STM32F4xx_HAL_Driver/Inc/stm32f4xx_ll_gpio.h **** }
 394              		.loc 2 912 3 is_stmt 0 view .LVU95
 395              	.LBE87:
 396              	.LBE86:
  68:board/stm32f401rct6/Core/Extension/lcd.c **** static void lcd_enable(void){
 397              		.loc 1 68 1 view .LVU96
 398 0012 10BD     		pop	{r4, pc}
 399              	.L24:
 400              		.align	2
 401              	.L23:
 402 0014 00040240 		.word	1073873920
 403              		.cfi_endproc
 404              	.LFE830:
 406              		.section	.text.lcd_clear_display,"ax",%progbits
 407              		.align	1
 408              		.global	lcd_clear_display
 409              		.syntax unified
 410              		.thumb
 411              		.thumb_func
 413              	lcd_clear_display:
 414              	.LFB825:
  15:board/stm32f401rct6/Core/Extension/lcd.c **** 
 415              		.loc 1 15 29 is_stmt 1 view -0
 416              		.cfi_startproc
 417              		@ args = 0, pretend = 0, frame = 0
 418              		@ frame_needed = 0, uses_anonymous_args = 0
 419 0000 08B5     		push	{r3, lr}
 420              	.LCFI5:
 421              		.cfi_def_cfa_offset 8
 422              		.cfi_offset 3, -8
 423              		.cfi_offset 14, -4
  17:board/stm32f401rct6/Core/Extension/lcd.c **** 	delay_ms(5);
 424              		.loc 1 17 2 view .LVU98
 425 0002 0120     		movs	r0, #1
 426 0004 FFF7FEFF 		bl	lcd_command
 427              	.LVL34:
  18:board/stm32f401rct6/Core/Extension/lcd.c **** }
 428              		.loc 1 18 2 view .LVU99
 429              	.LBB88:
 430              	.LBI88:
  29:board/stm32f401rct6/Core/Extension/delay_hardware.h **** {
 431              		.loc 3 29 20 view .LVU100
 432              	.LBB89:
ARM GAS  C:\Users\Admin\AppData\Local\Temp\ccrDpVnE.s 			page 52


  32:board/stm32f401rct6/Core/Extension/delay_hardware.h **** 	{
 433              		.loc 3 32 2 view .LVU101
  32:board/stm32f401rct6/Core/Extension/delay_hardware.h **** 	{
 434              		.loc 3 32 8 is_stmt 0 view .LVU102
 435 0008 0522     		movs	r2, #5
 436 000a 07E0     		b	.L26
 437              	.LVL35:
 438              	.L28:
 439              		.loc 3 35 3 is_stmt 1 view .LVU103
 440              	.LBB90:
 441              	.LBI90:
  23:board/stm32f401rct6/Core/Extension/delay_hardware.h ****     LL_TIM_SetCounter(TIM4, 0); // Reset counter to 0
 442              		.loc 3 23 20 view .LVU104
 443              	.LBB91:
  24:board/stm32f401rct6/Core/Extension/delay_hardware.h ****     while (LL_TIM_GetCounter(TIM4) < us); // Wait until counter reaches 'us'
 444              		.loc 3 24 5 view .LVU105
 445              	.LBB92:
 446              	.LBI92:
1369:board/stm32f401rct6/Drivers/STM32F4xx_HAL_Driver/Inc/stm32f4xx_ll_tim.h **** {
 447              		.loc 4 1369 22 view .LVU106
 448              	.LBB93:
1371:board/stm32f401rct6/Drivers/STM32F4xx_HAL_Driver/Inc/stm32f4xx_ll_tim.h **** }
 449              		.loc 4 1371 3 view .LVU107
 450 000c 064B     		ldr	r3, .L30
 451 000e 0021     		movs	r1, #0
 452 0010 5962     		str	r1, [r3, #36]
 453              	.LVL36:
 454              	.L27:
1371:board/stm32f401rct6/Drivers/STM32F4xx_HAL_Driver/Inc/stm32f4xx_ll_tim.h **** }
 455              		.loc 4 1371 3 is_stmt 0 view .LVU108
 456              	.LBE93:
 457              	.LBE92:
  25:board/stm32f401rct6/Core/Extension/delay_hardware.h **** 
 458              		.loc 3 25 41 is_stmt 1 view .LVU109
  25:board/stm32f401rct6/Core/Extension/delay_hardware.h **** 
 459              		.loc 3 25 11 view .LVU110
 460              	.LBB94:
 461              	.LBI94:
1382:board/stm32f401rct6/Drivers/STM32F4xx_HAL_Driver/Inc/stm32f4xx_ll_tim.h **** {
 462              		.loc 4 1382 26 view .LVU111
 463              	.LBB95:
 464              		.loc 4 1384 3 view .LVU112
 465              		.loc 4 1384 10 is_stmt 0 view .LVU113
 466 0012 054B     		ldr	r3, .L30
 467 0014 5B6A     		ldr	r3, [r3, #36]
 468              	.LVL37:
 469              		.loc 4 1384 10 view .LVU114
 470              	.LBE95:
 471              	.LBE94:
  25:board/stm32f401rct6/Core/Extension/delay_hardware.h **** 
 472              		.loc 3 25 11 view .LVU115
 473 0016 B3F57A7F 		cmp	r3, #1000
 474 001a FAD3     		bcc	.L27
 475              	.LVL38:
 476              	.L26:
  25:board/stm32f401rct6/Core/Extension/delay_hardware.h **** 
 477              		.loc 3 25 11 view .LVU116
ARM GAS  C:\Users\Admin\AppData\Local\Temp\ccrDpVnE.s 			page 53


 478              	.LBE91:
 479              	.LBE90:
  32:board/stm32f401rct6/Core/Extension/delay_hardware.h **** 	{
 480              		.loc 3 32 8 is_stmt 1 view .LVU117
 481 001c 1346     		mov	r3, r2
  32:board/stm32f401rct6/Core/Extension/delay_hardware.h **** 	{
 482              		.loc 3 32 11 is_stmt 0 view .LVU118
 483 001e 013A     		subs	r2, r2, #1
 484              	.LVL39:
  32:board/stm32f401rct6/Core/Extension/delay_hardware.h **** 	{
 485              		.loc 3 32 8 view .LVU119
 486 0020 002B     		cmp	r3, #0
 487 0022 F3D1     		bne	.L28
 488              	.LBE89:
 489              	.LBE88:
  19:board/stm32f401rct6/Core/Extension/lcd.c **** void lcd_init(void) {
 490              		.loc 1 19 1 view .LVU120
 491 0024 08BD     		pop	{r3, pc}
 492              	.L31:
 493 0026 00BF     		.align	2
 494              	.L30:
 495 0028 00080040 		.word	1073743872
 496              		.cfi_endproc
 497              	.LFE825:
 499              		.section	.text.lcd_gotoxy,"ax",%progbits
 500              		.align	1
 501              		.global	lcd_gotoxy
 502              		.syntax unified
 503              		.thumb
 504              		.thumb_func
 506              	lcd_gotoxy:
 507              	.LVL40:
 508              	.LFB827:
  38:board/stm32f401rct6/Core/Extension/lcd.c **** 	char addr = 0;
 509              		.loc 1 38 1 is_stmt 1 view -0
 510              		.cfi_startproc
 511              		@ args = 0, pretend = 0, frame = 0
 512              		@ frame_needed = 0, uses_anonymous_args = 0
  38:board/stm32f401rct6/Core/Extension/lcd.c **** 	char addr = 0;
 513              		.loc 1 38 1 is_stmt 0 view .LVU122
 514 0000 08B5     		push	{r3, lr}
 515              	.LCFI6:
 516              		.cfi_def_cfa_offset 8
 517              		.cfi_offset 3, -8
 518              		.cfi_offset 14, -4
 519 0002 0346     		mov	r3, r0
  39:board/stm32f401rct6/Core/Extension/lcd.c **** 	if (y == 0)
 520              		.loc 1 39 2 is_stmt 1 view .LVU123
 521              	.LVL41:
  40:board/stm32f401rct6/Core/Extension/lcd.c **** 		addr =0x80 + x;
 522              		.loc 1 40 2 view .LVU124
  40:board/stm32f401rct6/Core/Extension/lcd.c **** 		addr =0x80 + x;
 523              		.loc 1 40 5 is_stmt 0 view .LVU125
 524 0004 0A46     		mov	r2, r1
 525 0006 31B9     		cbnz	r1, .L35
  41:board/stm32f401rct6/Core/Extension/lcd.c **** 
 526              		.loc 1 41 3 is_stmt 1 view .LVU126
ARM GAS  C:\Users\Admin\AppData\Local\Temp\ccrDpVnE.s 			page 54


  41:board/stm32f401rct6/Core/Extension/lcd.c **** 
 527              		.loc 1 41 8 is_stmt 0 view .LVU127
 528 0008 80F08000 		eor	r0, r0, #128
 529              	.LVL42:
 530              	.L33:
  43:board/stm32f401rct6/Core/Extension/lcd.c **** 		addr =0xC0 + x;
 531              		.loc 1 43 2 is_stmt 1 view .LVU128
  43:board/stm32f401rct6/Core/Extension/lcd.c **** 		addr =0xC0 + x;
 532              		.loc 1 43 5 is_stmt 0 view .LVU129
 533 000c 012A     		cmp	r2, #1
 534 000e 04D0     		beq	.L37
 535              	.L34:
  46:board/stm32f401rct6/Core/Extension/lcd.c **** }
 536              		.loc 1 46 2 is_stmt 1 view .LVU130
 537 0010 FFF7FEFF 		bl	lcd_command
 538              	.LVL43:
  47:board/stm32f401rct6/Core/Extension/lcd.c **** 
 539              		.loc 1 47 1 is_stmt 0 view .LVU131
 540 0014 08BD     		pop	{r3, pc}
 541              	.LVL44:
 542              	.L35:
  39:board/stm32f401rct6/Core/Extension/lcd.c **** 	if (y == 0)
 543              		.loc 1 39 7 view .LVU132
 544 0016 0020     		movs	r0, #0
 545              	.LVL45:
  39:board/stm32f401rct6/Core/Extension/lcd.c **** 	if (y == 0)
 546              		.loc 1 39 7 view .LVU133
 547 0018 F8E7     		b	.L33
 548              	.LVL46:
 549              	.L37:
  44:board/stm32f401rct6/Core/Extension/lcd.c **** 
 550              		.loc 1 44 3 is_stmt 1 view .LVU134
  44:board/stm32f401rct6/Core/Extension/lcd.c **** 
 551              		.loc 1 44 8 is_stmt 0 view .LVU135
 552 001a A3F14000 		sub	r0, r3, #64
 553              	.LVL47:
  44:board/stm32f401rct6/Core/Extension/lcd.c **** 
 554              		.loc 1 44 8 view .LVU136
 555 001e C0B2     		uxtb	r0, r0
 556              	.LVL48:
  44:board/stm32f401rct6/Core/Extension/lcd.c **** 
 557              		.loc 1 44 8 view .LVU137
 558 0020 F6E7     		b	.L34
 559              		.cfi_endproc
 560              	.LFE827:
 562              		.section	.text.lcd_puts,"ax",%progbits
 563              		.align	1
 564              		.global	lcd_puts
 565              		.syntax unified
 566              		.thumb
 567              		.thumb_func
 569              	lcd_puts:
 570              	.LVL49:
 571              	.LFB828:
  50:board/stm32f401rct6/Core/Extension/lcd.c ****    	while (*s)
 572              		.loc 1 50 1 is_stmt 1 view -0
 573              		.cfi_startproc
ARM GAS  C:\Users\Admin\AppData\Local\Temp\ccrDpVnE.s 			page 55


 574              		@ args = 0, pretend = 0, frame = 0
 575              		@ frame_needed = 0, uses_anonymous_args = 0
  50:board/stm32f401rct6/Core/Extension/lcd.c ****    	while (*s)
 576              		.loc 1 50 1 is_stmt 0 view .LVU139
 577 0000 10B5     		push	{r4, lr}
 578              	.LCFI7:
 579              		.cfi_def_cfa_offset 8
 580              		.cfi_offset 4, -8
 581              		.cfi_offset 14, -4
 582 0002 0446     		mov	r4, r0
  51:board/stm32f401rct6/Core/Extension/lcd.c **** 		{
 583              		.loc 1 51 5 is_stmt 1 view .LVU140
  51:board/stm32f401rct6/Core/Extension/lcd.c **** 		{
 584              		.loc 1 51 11 is_stmt 0 view .LVU141
 585 0004 02E0     		b	.L39
 586              	.LVL50:
 587              	.L40:
  53:board/stm32f401rct6/Core/Extension/lcd.c ****      	s++;
 588              		.loc 1 53 7 is_stmt 1 view .LVU142
 589 0006 FFF7FEFF 		bl	lcd_putchar
 590              	.LVL51:
  54:board/stm32f401rct6/Core/Extension/lcd.c ****    	}
 591              		.loc 1 54 7 view .LVU143
  54:board/stm32f401rct6/Core/Extension/lcd.c ****    	}
 592              		.loc 1 54 8 is_stmt 0 view .LVU144
 593 000a 0134     		adds	r4, r4, #1
 594              	.LVL52:
 595              	.L39:
  51:board/stm32f401rct6/Core/Extension/lcd.c **** 		{
 596              		.loc 1 51 11 is_stmt 1 view .LVU145
  51:board/stm32f401rct6/Core/Extension/lcd.c **** 		{
 597              		.loc 1 51 12 is_stmt 0 view .LVU146
 598 000c 2078     		ldrb	r0, [r4]	@ zero_extendqisi2
  51:board/stm32f401rct6/Core/Extension/lcd.c **** 		{
 599              		.loc 1 51 11 view .LVU147
 600 000e 0028     		cmp	r0, #0
 601 0010 F9D1     		bne	.L40
  56:board/stm32f401rct6/Core/Extension/lcd.c **** 
 602              		.loc 1 56 1 view .LVU148
 603 0012 10BD     		pop	{r4, pc}
  56:board/stm32f401rct6/Core/Extension/lcd.c **** 
 604              		.loc 1 56 1 view .LVU149
 605              		.cfi_endproc
 606              	.LFE828:
 608              		.section	.rodata.lcd_init.str1.4,"aMS",%progbits,1
 609              		.align	2
 610              	.LC2:
 611 0000 4E475559 		.ascii	"NGUYEN VAN LOC\000"
 611      454E2056 
 611      414E204C 
 611      4F4300
 612 000f 00       		.align	2
 613              	.LC3:
 614 0010 53454C45 		.ascii	"SELEX:\000"
 614      583A00
 615              		.section	.text.lcd_init,"ax",%progbits
 616              		.align	1
ARM GAS  C:\Users\Admin\AppData\Local\Temp\ccrDpVnE.s 			page 56


 617              		.global	lcd_init
 618              		.syntax unified
 619              		.thumb
 620              		.thumb_func
 622              	lcd_init:
 623              	.LFB826:
  20:board/stm32f401rct6/Core/Extension/lcd.c **** 
 624              		.loc 1 20 21 is_stmt 1 view -0
 625              		.cfi_startproc
 626              		@ args = 0, pretend = 0, frame = 0
 627              		@ frame_needed = 0, uses_anonymous_args = 0
 628 0000 08B5     		push	{r3, lr}
 629              	.LCFI8:
 630              		.cfi_def_cfa_offset 8
 631              		.cfi_offset 3, -8
 632              		.cfi_offset 14, -4
  22:board/stm32f401rct6/Core/Extension/lcd.c **** 	LL_GPIO_ResetOutputPin(LCD_RS_GPIO_Port, LCD_RS_Pin);
 633              		.loc 1 22 2 view .LVU151
 634 0002 0020     		movs	r0, #0
 635 0004 FFF7FEFF 		bl	lcd_send4bit
 636              	.LVL53:
  23:board/stm32f401rct6/Core/Extension/lcd.c **** 	lcd_send4bit(0x02);
 637              		.loc 1 23 2 view .LVU152
 638              	.LBB96:
 639              	.LBI96:
 910:board/stm32f401rct6/Drivers/STM32F4xx_HAL_Driver/Inc/stm32f4xx_ll_gpio.h **** {
 640              		.loc 2 910 22 view .LVU153
 641              	.LBB97:
 912:board/stm32f401rct6/Drivers/STM32F4xx_HAL_Driver/Inc/stm32f4xx_ll_gpio.h **** }
 642              		.loc 2 912 3 view .LVU154
 643 0008 184B     		ldr	r3, .L47
 644 000a 4FF40012 		mov	r2, #2097152
 645 000e 9A61     		str	r2, [r3, #24]
 646              	.LVL54:
 912:board/stm32f401rct6/Drivers/STM32F4xx_HAL_Driver/Inc/stm32f4xx_ll_gpio.h **** }
 647              		.loc 2 912 3 is_stmt 0 view .LVU155
 648              	.LBE97:
 649              	.LBE96:
  24:board/stm32f401rct6/Core/Extension/lcd.c **** 	lcd_enable();
 650              		.loc 1 24 2 is_stmt 1 view .LVU156
 651 0010 0220     		movs	r0, #2
 652 0012 FFF7FEFF 		bl	lcd_send4bit
 653              	.LVL55:
  25:board/stm32f401rct6/Core/Extension/lcd.c **** 	lcd_command(0x28);
 654              		.loc 1 25 2 view .LVU157
 655 0016 FFF7FEFF 		bl	lcd_enable
 656              	.LVL56:
  26:board/stm32f401rct6/Core/Extension/lcd.c **** 	lcd_command(0x0C);
 657              		.loc 1 26 2 view .LVU158
 658 001a 2820     		movs	r0, #40
 659 001c FFF7FEFF 		bl	lcd_command
 660              	.LVL57:
  27:board/stm32f401rct6/Core/Extension/lcd.c **** 	lcd_command(0x06);
 661              		.loc 1 27 2 view .LVU159
 662 0020 0C20     		movs	r0, #12
 663 0022 FFF7FEFF 		bl	lcd_command
 664              	.LVL58:
ARM GAS  C:\Users\Admin\AppData\Local\Temp\ccrDpVnE.s 			page 57


  28:board/stm32f401rct6/Core/Extension/lcd.c **** 	lcd_command(0x01);
 665              		.loc 1 28 2 view .LVU160
 666 0026 0620     		movs	r0, #6
 667 0028 FFF7FEFF 		bl	lcd_command
 668              	.LVL59:
  29:board/stm32f401rct6/Core/Extension/lcd.c **** 	delay_ms(1);
 669              		.loc 1 29 2 view .LVU161
 670 002c 0120     		movs	r0, #1
 671 002e FFF7FEFF 		bl	lcd_command
 672              	.LVL60:
  30:board/stm32f401rct6/Core/Extension/lcd.c **** 	lcd_gotoxy(1, 0);
 673              		.loc 1 30 2 view .LVU162
 674              	.LBB98:
 675              	.LBI98:
  29:board/stm32f401rct6/Core/Extension/delay_hardware.h **** {
 676              		.loc 3 29 20 view .LVU163
 677              	.LBE98:
  29:board/stm32f401rct6/Core/Extension/lcd.c **** 	delay_ms(1);
 678              		.loc 1 29 2 is_stmt 0 view .LVU164
 679 0032 0122     		movs	r2, #1
 680 0034 07E0     		b	.L43
 681              	.LVL61:
 682              	.L45:
 683              	.LBB106:
 684              	.LBB99:
 685              		.loc 3 35 3 is_stmt 1 view .LVU165
 686              	.LBB100:
 687              	.LBI100:
  23:board/stm32f401rct6/Core/Extension/delay_hardware.h ****     LL_TIM_SetCounter(TIM4, 0); // Reset counter to 0
 688              		.loc 3 23 20 view .LVU166
 689              	.LBB101:
  24:board/stm32f401rct6/Core/Extension/delay_hardware.h ****     while (LL_TIM_GetCounter(TIM4) < us); // Wait until counter reaches 'us'
 690              		.loc 3 24 5 view .LVU167
 691              	.LBB102:
 692              	.LBI102:
1369:board/stm32f401rct6/Drivers/STM32F4xx_HAL_Driver/Inc/stm32f4xx_ll_tim.h **** {
 693              		.loc 4 1369 22 view .LVU168
 694              	.LBB103:
1371:board/stm32f401rct6/Drivers/STM32F4xx_HAL_Driver/Inc/stm32f4xx_ll_tim.h **** }
 695              		.loc 4 1371 3 view .LVU169
 696 0036 0E4B     		ldr	r3, .L47+4
 697 0038 0021     		movs	r1, #0
 698 003a 5962     		str	r1, [r3, #36]
 699              	.LVL62:
 700              	.L44:
1371:board/stm32f401rct6/Drivers/STM32F4xx_HAL_Driver/Inc/stm32f4xx_ll_tim.h **** }
 701              		.loc 4 1371 3 is_stmt 0 view .LVU170
 702              	.LBE103:
 703              	.LBE102:
  25:board/stm32f401rct6/Core/Extension/delay_hardware.h **** 
 704              		.loc 3 25 41 is_stmt 1 view .LVU171
  25:board/stm32f401rct6/Core/Extension/delay_hardware.h **** 
 705              		.loc 3 25 11 view .LVU172
 706              	.LBB104:
 707              	.LBI104:
1382:board/stm32f401rct6/Drivers/STM32F4xx_HAL_Driver/Inc/stm32f4xx_ll_tim.h **** {
 708              		.loc 4 1382 26 view .LVU173
ARM GAS  C:\Users\Admin\AppData\Local\Temp\ccrDpVnE.s 			page 58


 709              	.LBB105:
 710              		.loc 4 1384 3 view .LVU174
 711              		.loc 4 1384 10 is_stmt 0 view .LVU175
 712 003c 0C4B     		ldr	r3, .L47+4
 713 003e 5B6A     		ldr	r3, [r3, #36]
 714              	.LVL63:
 715              		.loc 4 1384 10 view .LVU176
 716              	.LBE105:
 717              	.LBE104:
  25:board/stm32f401rct6/Core/Extension/delay_hardware.h **** 
 718              		.loc 3 25 11 view .LVU177
 719 0040 B3F57A7F 		cmp	r3, #1000
 720 0044 FAD3     		bcc	.L44
 721              	.LVL64:
 722              	.L43:
  25:board/stm32f401rct6/Core/Extension/delay_hardware.h **** 
 723              		.loc 3 25 11 view .LVU178
 724              	.LBE101:
 725              	.LBE100:
  32:board/stm32f401rct6/Core/Extension/delay_hardware.h **** 	{
 726              		.loc 3 32 8 is_stmt 1 view .LVU179
 727 0046 1346     		mov	r3, r2
  32:board/stm32f401rct6/Core/Extension/delay_hardware.h **** 	{
 728              		.loc 3 32 11 is_stmt 0 view .LVU180
 729 0048 013A     		subs	r2, r2, #1
 730              	.LVL65:
  32:board/stm32f401rct6/Core/Extension/delay_hardware.h **** 	{
 731              		.loc 3 32 8 view .LVU181
 732 004a 002B     		cmp	r3, #0
 733 004c F3D1     		bne	.L45
 734              	.LVL66:
  32:board/stm32f401rct6/Core/Extension/delay_hardware.h **** 	{
 735              		.loc 3 32 8 view .LVU182
 736              	.LBE99:
 737              	.LBE106:
  31:board/stm32f401rct6/Core/Extension/lcd.c **** 	lcd_puts("NGUYEN VAN LOC");
 738              		.loc 1 31 2 is_stmt 1 view .LVU183
 739 004e 0021     		movs	r1, #0
 740 0050 0120     		movs	r0, #1
 741 0052 FFF7FEFF 		bl	lcd_gotoxy
 742              	.LVL67:
  32:board/stm32f401rct6/Core/Extension/lcd.c **** 	lcd_gotoxy(1, 1);
 743              		.loc 1 32 2 view .LVU184
 744 0056 0748     		ldr	r0, .L47+8
 745 0058 FFF7FEFF 		bl	lcd_puts
 746              	.LVL68:
  33:board/stm32f401rct6/Core/Extension/lcd.c **** 	lcd_puts("SELEX:");
 747              		.loc 1 33 2 view .LVU185
 748 005c 0121     		movs	r1, #1
 749 005e 0846     		mov	r0, r1
 750 0060 FFF7FEFF 		bl	lcd_gotoxy
 751              	.LVL69:
  34:board/stm32f401rct6/Core/Extension/lcd.c **** }
 752              		.loc 1 34 2 view .LVU186
 753 0064 0448     		ldr	r0, .L47+12
 754 0066 FFF7FEFF 		bl	lcd_puts
 755              	.LVL70:
ARM GAS  C:\Users\Admin\AppData\Local\Temp\ccrDpVnE.s 			page 59


  35:board/stm32f401rct6/Core/Extension/lcd.c **** 
 756              		.loc 1 35 1 is_stmt 0 view .LVU187
 757 006a 08BD     		pop	{r3, pc}
 758              	.L48:
 759              		.align	2
 760              	.L47:
 761 006c 00040240 		.word	1073873920
 762 0070 00080040 		.word	1073743872
 763 0074 00000000 		.word	.LC2
 764 0078 10000000 		.word	.LC3
 765              		.cfi_endproc
 766              	.LFE826:
 768              		.section	.rodata.num_dsp.str1.4,"aMS",%progbits,1
 769              		.align	2
 770              	.LC4:
 771 0000 256400   		.ascii	"%d\000"
 772              		.section	.text.num_dsp,"ax",%progbits
 773              		.align	1
 774              		.global	num_dsp
 775              		.syntax unified
 776              		.thumb
 777              		.thumb_func
 779              	num_dsp:
 780              	.LVL71:
 781              	.LFB829:
  58:board/stm32f401rct6/Core/Extension/lcd.c **** 	char str[5];
 782              		.loc 1 58 26 is_stmt 1 view -0
 783              		.cfi_startproc
 784              		@ args = 0, pretend = 0, frame = 8
 785              		@ frame_needed = 0, uses_anonymous_args = 0
  58:board/stm32f401rct6/Core/Extension/lcd.c **** 	char str[5];
 786              		.loc 1 58 26 is_stmt 0 view .LVU189
 787 0000 00B5     		push	{lr}
 788              	.LCFI9:
 789              		.cfi_def_cfa_offset 4
 790              		.cfi_offset 14, -4
 791 0002 83B0     		sub	sp, sp, #12
 792              	.LCFI10:
 793              		.cfi_def_cfa_offset 16
 794 0004 0246     		mov	r2, r0
  59:board/stm32f401rct6/Core/Extension/lcd.c **** 	sprintf(str, "%d", number); // chuyển từ số sang chuỗi
 795              		.loc 1 59 2 is_stmt 1 view .LVU190
  60:board/stm32f401rct6/Core/Extension/lcd.c **** 	lcd_puts(str);
 796              		.loc 1 60 2 view .LVU191
 797 0006 0549     		ldr	r1, .L51
 798 0008 6846     		mov	r0, sp
 799              	.LVL72:
  60:board/stm32f401rct6/Core/Extension/lcd.c **** 	lcd_puts(str);
 800              		.loc 1 60 2 is_stmt 0 view .LVU192
 801 000a FFF7FEFF 		bl	sprintf
 802              	.LVL73:
  61:board/stm32f401rct6/Core/Extension/lcd.c **** }
 803              		.loc 1 61 2 is_stmt 1 view .LVU193
 804 000e 6846     		mov	r0, sp
 805 0010 FFF7FEFF 		bl	lcd_puts
 806              	.LVL74:
  62:board/stm32f401rct6/Core/Extension/lcd.c **** 
ARM GAS  C:\Users\Admin\AppData\Local\Temp\ccrDpVnE.s 			page 60


 807              		.loc 1 62 1 is_stmt 0 view .LVU194
 808 0014 03B0     		add	sp, sp, #12
 809              	.LCFI11:
 810              		.cfi_def_cfa_offset 4
 811              		@ sp needed
 812 0016 5DF804FB 		ldr	pc, [sp], #4
 813              	.L52:
 814 001a 00BF     		.align	2
 815              	.L51:
 816 001c 00000000 		.word	.LC4
 817              		.cfi_endproc
 818              	.LFE829:
 820              		.section	.rodata
 821              		.align	2
 822              		.set	.LANCHOR0,. + 0
 823              	.LC0:
 824 0000 00000240 		.word	1073872896
 825 0004 00000240 		.word	1073872896
 826 0008 00000240 		.word	1073872896
 827 000c 00000240 		.word	1073872896
 828              	.LC1:
 829 0010 00010000 		.word	256
 830 0014 00020000 		.word	512
 831 0018 00040000 		.word	1024
 832 001c 00080000 		.word	2048
 833              		.text
 834              	.Letext0:
 835              		.file 5 "c:\\st\\stm32cubeide_1.12.1\\stm32cubeide\\plugins\\com.st.stm32cube.ide.mcu.externaltool
 836              		.file 6 "c:\\st\\stm32cubeide_1.12.1\\stm32cubeide\\plugins\\com.st.stm32cube.ide.mcu.externaltool
 837              		.file 7 "board/stm32f401rct6/Drivers/CMSIS/Device/ST/STM32F4xx/Include/stm32f401xc.h"
 838              		.file 8 "board/stm32f401rct6/Drivers/STM32F4xx_HAL_Driver/Inc/stm32f4xx_ll_dma.h"
 839              		.file 9 "c:\\st\\stm32cubeide_1.12.1\\stm32cubeide\\plugins\\com.st.stm32cube.ide.mcu.externaltool
ARM GAS  C:\Users\Admin\AppData\Local\Temp\ccrDpVnE.s 			page 61


DEFINED SYMBOLS
                            *ABS*:0000000000000000 lcd.c
C:\Users\Admin\AppData\Local\Temp\ccrDpVnE.s:20     .text.lcd_enable:0000000000000000 $t
C:\Users\Admin\AppData\Local\Temp\ccrDpVnE.s:25     .text.lcd_enable:0000000000000000 lcd_enable
C:\Users\Admin\AppData\Local\Temp\ccrDpVnE.s:185    .text.lcd_enable:0000000000000050 $d
C:\Users\Admin\AppData\Local\Temp\ccrDpVnE.s:191    .text.lcd_send4bit:0000000000000000 $t
C:\Users\Admin\AppData\Local\Temp\ccrDpVnE.s:196    .text.lcd_send4bit:0000000000000000 lcd_send4bit
C:\Users\Admin\AppData\Local\Temp\ccrDpVnE.s:304    .text.lcd_send4bit:0000000000000060 $d
C:\Users\Admin\AppData\Local\Temp\ccrDpVnE.s:309    .text.lcd_command:0000000000000000 $t
C:\Users\Admin\AppData\Local\Temp\ccrDpVnE.s:314    .text.lcd_command:0000000000000000 lcd_command
C:\Users\Admin\AppData\Local\Temp\ccrDpVnE.s:350    .text.lcd_putchar:0000000000000000 $t
C:\Users\Admin\AppData\Local\Temp\ccrDpVnE.s:355    .text.lcd_putchar:0000000000000000 lcd_putchar
C:\Users\Admin\AppData\Local\Temp\ccrDpVnE.s:402    .text.lcd_putchar:0000000000000014 $d
C:\Users\Admin\AppData\Local\Temp\ccrDpVnE.s:407    .text.lcd_clear_display:0000000000000000 $t
C:\Users\Admin\AppData\Local\Temp\ccrDpVnE.s:413    .text.lcd_clear_display:0000000000000000 lcd_clear_display
C:\Users\Admin\AppData\Local\Temp\ccrDpVnE.s:495    .text.lcd_clear_display:0000000000000028 $d
C:\Users\Admin\AppData\Local\Temp\ccrDpVnE.s:500    .text.lcd_gotoxy:0000000000000000 $t
C:\Users\Admin\AppData\Local\Temp\ccrDpVnE.s:506    .text.lcd_gotoxy:0000000000000000 lcd_gotoxy
C:\Users\Admin\AppData\Local\Temp\ccrDpVnE.s:563    .text.lcd_puts:0000000000000000 $t
C:\Users\Admin\AppData\Local\Temp\ccrDpVnE.s:569    .text.lcd_puts:0000000000000000 lcd_puts
C:\Users\Admin\AppData\Local\Temp\ccrDpVnE.s:609    .rodata.lcd_init.str1.4:0000000000000000 $d
C:\Users\Admin\AppData\Local\Temp\ccrDpVnE.s:616    .text.lcd_init:0000000000000000 $t
C:\Users\Admin\AppData\Local\Temp\ccrDpVnE.s:622    .text.lcd_init:0000000000000000 lcd_init
C:\Users\Admin\AppData\Local\Temp\ccrDpVnE.s:761    .text.lcd_init:000000000000006c $d
C:\Users\Admin\AppData\Local\Temp\ccrDpVnE.s:769    .rodata.num_dsp.str1.4:0000000000000000 $d
C:\Users\Admin\AppData\Local\Temp\ccrDpVnE.s:773    .text.num_dsp:0000000000000000 $t
C:\Users\Admin\AppData\Local\Temp\ccrDpVnE.s:779    .text.num_dsp:0000000000000000 num_dsp
C:\Users\Admin\AppData\Local\Temp\ccrDpVnE.s:816    .text.num_dsp:000000000000001c $d
C:\Users\Admin\AppData\Local\Temp\ccrDpVnE.s:821    .rodata:0000000000000000 $d

UNDEFINED SYMBOLS
sprintf
