ARM GAS  C:\Users\Admin\AppData\Local\Temp\ccIG7MAZ.s 			page 1


   1              		.cpu cortex-m4
   2              		.arch armv7e-m
   3              		.fpu fpv4-sp-d16
   4              		.eabi_attribute 27, 1
   5              		.eabi_attribute 28, 1
   6              		.eabi_attribute 20, 1
   7              		.eabi_attribute 21, 1
   8              		.eabi_attribute 23, 3
   9              		.eabi_attribute 24, 1
  10              		.eabi_attribute 25, 1
  11              		.eabi_attribute 26, 1
  12              		.eabi_attribute 30, 1
  13              		.eabi_attribute 34, 1
  14              		.eabi_attribute 18, 4
  15              		.file	"stm32f4xx_hal_flash_ex.c"
  16              		.text
  17              	.Ltext0:
  18              		.cfi_sections	.debug_frame
  19              		.section	.text.FLASH_MassErase,"ax",%progbits
  20              		.align	1
  21              		.syntax unified
  22              		.thumb
  23              		.thumb_func
  25              	FLASH_MassErase:
  26              	.LVL0:
  27              	.LFB228:
  28              		.file 1 "board/stm32f401rct6/Drivers/STM32F4xx_HAL_Driver/Src/stm32f4xx_hal_flash_ex.c"
   1:board/stm32f401rct6/Drivers/STM32F4xx_HAL_Driver/Src/stm32f4xx_hal_flash_ex.c **** /**
   2:board/stm32f401rct6/Drivers/STM32F4xx_HAL_Driver/Src/stm32f4xx_hal_flash_ex.c ****   ******************************************************************************
   3:board/stm32f401rct6/Drivers/STM32F4xx_HAL_Driver/Src/stm32f4xx_hal_flash_ex.c ****   * @file    stm32f4xx_hal_flash_ex.c
   4:board/stm32f401rct6/Drivers/STM32F4xx_HAL_Driver/Src/stm32f4xx_hal_flash_ex.c ****   * @author  MCD Application Team
   5:board/stm32f401rct6/Drivers/STM32F4xx_HAL_Driver/Src/stm32f4xx_hal_flash_ex.c ****   * @brief   Extended FLASH HAL module driver.
   6:board/stm32f401rct6/Drivers/STM32F4xx_HAL_Driver/Src/stm32f4xx_hal_flash_ex.c ****   *          This file provides firmware functions to manage the following
   7:board/stm32f401rct6/Drivers/STM32F4xx_HAL_Driver/Src/stm32f4xx_hal_flash_ex.c ****   *          functionalities of the FLASH extension peripheral:
   8:board/stm32f401rct6/Drivers/STM32F4xx_HAL_Driver/Src/stm32f4xx_hal_flash_ex.c ****   *           + Extended programming operations functions
   9:board/stm32f401rct6/Drivers/STM32F4xx_HAL_Driver/Src/stm32f4xx_hal_flash_ex.c ****   *
  10:board/stm32f401rct6/Drivers/STM32F4xx_HAL_Driver/Src/stm32f4xx_hal_flash_ex.c ****   @verbatim
  11:board/stm32f401rct6/Drivers/STM32F4xx_HAL_Driver/Src/stm32f4xx_hal_flash_ex.c ****   ==============================================================================
  12:board/stm32f401rct6/Drivers/STM32F4xx_HAL_Driver/Src/stm32f4xx_hal_flash_ex.c ****                    ##### Flash Extension features #####
  13:board/stm32f401rct6/Drivers/STM32F4xx_HAL_Driver/Src/stm32f4xx_hal_flash_ex.c ****   ==============================================================================
  14:board/stm32f401rct6/Drivers/STM32F4xx_HAL_Driver/Src/stm32f4xx_hal_flash_ex.c **** 
  15:board/stm32f401rct6/Drivers/STM32F4xx_HAL_Driver/Src/stm32f4xx_hal_flash_ex.c ****   [..] Comparing to other previous devices, the FLASH interface for STM32F427xx/437xx and
  16:board/stm32f401rct6/Drivers/STM32F4xx_HAL_Driver/Src/stm32f4xx_hal_flash_ex.c ****        STM32F429xx/439xx devices contains the following additional features
  17:board/stm32f401rct6/Drivers/STM32F4xx_HAL_Driver/Src/stm32f4xx_hal_flash_ex.c **** 
  18:board/stm32f401rct6/Drivers/STM32F4xx_HAL_Driver/Src/stm32f4xx_hal_flash_ex.c ****        (+) Capacity up to 2 Mbyte with dual bank architecture supporting read-while-write
  19:board/stm32f401rct6/Drivers/STM32F4xx_HAL_Driver/Src/stm32f4xx_hal_flash_ex.c ****            capability (RWW)
  20:board/stm32f401rct6/Drivers/STM32F4xx_HAL_Driver/Src/stm32f4xx_hal_flash_ex.c ****        (+) Dual bank memory organization
  21:board/stm32f401rct6/Drivers/STM32F4xx_HAL_Driver/Src/stm32f4xx_hal_flash_ex.c ****        (+) PCROP protection for all banks
  22:board/stm32f401rct6/Drivers/STM32F4xx_HAL_Driver/Src/stm32f4xx_hal_flash_ex.c **** 
  23:board/stm32f401rct6/Drivers/STM32F4xx_HAL_Driver/Src/stm32f4xx_hal_flash_ex.c ****                       ##### How to use this driver #####
  24:board/stm32f401rct6/Drivers/STM32F4xx_HAL_Driver/Src/stm32f4xx_hal_flash_ex.c ****   ==============================================================================
  25:board/stm32f401rct6/Drivers/STM32F4xx_HAL_Driver/Src/stm32f4xx_hal_flash_ex.c ****   [..] This driver provides functions to configure and program the FLASH memory
  26:board/stm32f401rct6/Drivers/STM32F4xx_HAL_Driver/Src/stm32f4xx_hal_flash_ex.c ****        of all STM32F427xx/437xx, STM32F429xx/439xx, STM32F469xx/479xx and STM32F446xx
  27:board/stm32f401rct6/Drivers/STM32F4xx_HAL_Driver/Src/stm32f4xx_hal_flash_ex.c ****        devices. It includes
  28:board/stm32f401rct6/Drivers/STM32F4xx_HAL_Driver/Src/stm32f4xx_hal_flash_ex.c ****       (#) FLASH Memory Erase functions:
  29:board/stm32f401rct6/Drivers/STM32F4xx_HAL_Driver/Src/stm32f4xx_hal_flash_ex.c ****            (++) Lock and Unlock the FLASH interface using HAL_FLASH_Unlock() and
  30:board/stm32f401rct6/Drivers/STM32F4xx_HAL_Driver/Src/stm32f4xx_hal_flash_ex.c ****                 HAL_FLASH_Lock() functions
ARM GAS  C:\Users\Admin\AppData\Local\Temp\ccIG7MAZ.s 			page 2


  31:board/stm32f401rct6/Drivers/STM32F4xx_HAL_Driver/Src/stm32f4xx_hal_flash_ex.c ****            (++) Erase function: Erase sector, erase all sectors
  32:board/stm32f401rct6/Drivers/STM32F4xx_HAL_Driver/Src/stm32f4xx_hal_flash_ex.c ****            (++) There are two modes of erase :
  33:board/stm32f401rct6/Drivers/STM32F4xx_HAL_Driver/Src/stm32f4xx_hal_flash_ex.c ****              (+++) Polling Mode using HAL_FLASHEx_Erase()
  34:board/stm32f401rct6/Drivers/STM32F4xx_HAL_Driver/Src/stm32f4xx_hal_flash_ex.c ****              (+++) Interrupt Mode using HAL_FLASHEx_Erase_IT()
  35:board/stm32f401rct6/Drivers/STM32F4xx_HAL_Driver/Src/stm32f4xx_hal_flash_ex.c **** 
  36:board/stm32f401rct6/Drivers/STM32F4xx_HAL_Driver/Src/stm32f4xx_hal_flash_ex.c ****       (#) Option Bytes Programming functions: Use HAL_FLASHEx_OBProgram() to :
  37:board/stm32f401rct6/Drivers/STM32F4xx_HAL_Driver/Src/stm32f4xx_hal_flash_ex.c ****            (++) Set/Reset the write protection
  38:board/stm32f401rct6/Drivers/STM32F4xx_HAL_Driver/Src/stm32f4xx_hal_flash_ex.c ****            (++) Set the Read protection Level
  39:board/stm32f401rct6/Drivers/STM32F4xx_HAL_Driver/Src/stm32f4xx_hal_flash_ex.c ****            (++) Set the BOR level
  40:board/stm32f401rct6/Drivers/STM32F4xx_HAL_Driver/Src/stm32f4xx_hal_flash_ex.c ****            (++) Program the user Option Bytes
  41:board/stm32f401rct6/Drivers/STM32F4xx_HAL_Driver/Src/stm32f4xx_hal_flash_ex.c ****       (#) Advanced Option Bytes Programming functions: Use HAL_FLASHEx_AdvOBProgram() to :
  42:board/stm32f401rct6/Drivers/STM32F4xx_HAL_Driver/Src/stm32f4xx_hal_flash_ex.c ****        (++) Extended space (bank 2) erase function
  43:board/stm32f401rct6/Drivers/STM32F4xx_HAL_Driver/Src/stm32f4xx_hal_flash_ex.c ****        (++) Full FLASH space (2 Mo) erase (bank 1 and bank 2)
  44:board/stm32f401rct6/Drivers/STM32F4xx_HAL_Driver/Src/stm32f4xx_hal_flash_ex.c ****        (++) Dual Boot activation
  45:board/stm32f401rct6/Drivers/STM32F4xx_HAL_Driver/Src/stm32f4xx_hal_flash_ex.c ****        (++) Write protection configuration for bank 2
  46:board/stm32f401rct6/Drivers/STM32F4xx_HAL_Driver/Src/stm32f4xx_hal_flash_ex.c ****        (++) PCROP protection configuration and control for both banks
  47:board/stm32f401rct6/Drivers/STM32F4xx_HAL_Driver/Src/stm32f4xx_hal_flash_ex.c **** 
  48:board/stm32f401rct6/Drivers/STM32F4xx_HAL_Driver/Src/stm32f4xx_hal_flash_ex.c ****   @endverbatim
  49:board/stm32f401rct6/Drivers/STM32F4xx_HAL_Driver/Src/stm32f4xx_hal_flash_ex.c ****   ******************************************************************************
  50:board/stm32f401rct6/Drivers/STM32F4xx_HAL_Driver/Src/stm32f4xx_hal_flash_ex.c ****   * @attention
  51:board/stm32f401rct6/Drivers/STM32F4xx_HAL_Driver/Src/stm32f4xx_hal_flash_ex.c ****   *
  52:board/stm32f401rct6/Drivers/STM32F4xx_HAL_Driver/Src/stm32f4xx_hal_flash_ex.c ****   * Copyright (c) 2017 STMicroelectronics.
  53:board/stm32f401rct6/Drivers/STM32F4xx_HAL_Driver/Src/stm32f4xx_hal_flash_ex.c ****   * All rights reserved.
  54:board/stm32f401rct6/Drivers/STM32F4xx_HAL_Driver/Src/stm32f4xx_hal_flash_ex.c ****   *
  55:board/stm32f401rct6/Drivers/STM32F4xx_HAL_Driver/Src/stm32f4xx_hal_flash_ex.c ****   * This software is licensed under terms that can be found in the LICENSE file in
  56:board/stm32f401rct6/Drivers/STM32F4xx_HAL_Driver/Src/stm32f4xx_hal_flash_ex.c ****   * the root directory of this software component.
  57:board/stm32f401rct6/Drivers/STM32F4xx_HAL_Driver/Src/stm32f4xx_hal_flash_ex.c ****   * If no LICENSE file comes with this software, it is provided AS-IS.
  58:board/stm32f401rct6/Drivers/STM32F4xx_HAL_Driver/Src/stm32f4xx_hal_flash_ex.c ****   ******************************************************************************
  59:board/stm32f401rct6/Drivers/STM32F4xx_HAL_Driver/Src/stm32f4xx_hal_flash_ex.c ****   */
  60:board/stm32f401rct6/Drivers/STM32F4xx_HAL_Driver/Src/stm32f4xx_hal_flash_ex.c **** 
  61:board/stm32f401rct6/Drivers/STM32F4xx_HAL_Driver/Src/stm32f4xx_hal_flash_ex.c **** /* Includes ------------------------------------------------------------------*/
  62:board/stm32f401rct6/Drivers/STM32F4xx_HAL_Driver/Src/stm32f4xx_hal_flash_ex.c **** #include "stm32f4xx_hal.h"
  63:board/stm32f401rct6/Drivers/STM32F4xx_HAL_Driver/Src/stm32f4xx_hal_flash_ex.c **** 
  64:board/stm32f401rct6/Drivers/STM32F4xx_HAL_Driver/Src/stm32f4xx_hal_flash_ex.c **** /** @addtogroup STM32F4xx_HAL_Driver
  65:board/stm32f401rct6/Drivers/STM32F4xx_HAL_Driver/Src/stm32f4xx_hal_flash_ex.c ****   * @{
  66:board/stm32f401rct6/Drivers/STM32F4xx_HAL_Driver/Src/stm32f4xx_hal_flash_ex.c ****   */
  67:board/stm32f401rct6/Drivers/STM32F4xx_HAL_Driver/Src/stm32f4xx_hal_flash_ex.c **** 
  68:board/stm32f401rct6/Drivers/STM32F4xx_HAL_Driver/Src/stm32f4xx_hal_flash_ex.c **** /** @defgroup FLASHEx FLASHEx
  69:board/stm32f401rct6/Drivers/STM32F4xx_HAL_Driver/Src/stm32f4xx_hal_flash_ex.c ****   * @brief FLASH HAL Extension module driver
  70:board/stm32f401rct6/Drivers/STM32F4xx_HAL_Driver/Src/stm32f4xx_hal_flash_ex.c ****   * @{
  71:board/stm32f401rct6/Drivers/STM32F4xx_HAL_Driver/Src/stm32f4xx_hal_flash_ex.c ****   */
  72:board/stm32f401rct6/Drivers/STM32F4xx_HAL_Driver/Src/stm32f4xx_hal_flash_ex.c **** 
  73:board/stm32f401rct6/Drivers/STM32F4xx_HAL_Driver/Src/stm32f4xx_hal_flash_ex.c **** #ifdef HAL_FLASH_MODULE_ENABLED
  74:board/stm32f401rct6/Drivers/STM32F4xx_HAL_Driver/Src/stm32f4xx_hal_flash_ex.c **** 
  75:board/stm32f401rct6/Drivers/STM32F4xx_HAL_Driver/Src/stm32f4xx_hal_flash_ex.c **** /* Private typedef -----------------------------------------------------------*/
  76:board/stm32f401rct6/Drivers/STM32F4xx_HAL_Driver/Src/stm32f4xx_hal_flash_ex.c **** /* Private define ------------------------------------------------------------*/
  77:board/stm32f401rct6/Drivers/STM32F4xx_HAL_Driver/Src/stm32f4xx_hal_flash_ex.c **** /** @addtogroup FLASHEx_Private_Constants
  78:board/stm32f401rct6/Drivers/STM32F4xx_HAL_Driver/Src/stm32f4xx_hal_flash_ex.c ****   * @{
  79:board/stm32f401rct6/Drivers/STM32F4xx_HAL_Driver/Src/stm32f4xx_hal_flash_ex.c ****   */
  80:board/stm32f401rct6/Drivers/STM32F4xx_HAL_Driver/Src/stm32f4xx_hal_flash_ex.c **** #define FLASH_TIMEOUT_VALUE       50000U /* 50 s */
  81:board/stm32f401rct6/Drivers/STM32F4xx_HAL_Driver/Src/stm32f4xx_hal_flash_ex.c **** /**
  82:board/stm32f401rct6/Drivers/STM32F4xx_HAL_Driver/Src/stm32f4xx_hal_flash_ex.c ****   * @}
  83:board/stm32f401rct6/Drivers/STM32F4xx_HAL_Driver/Src/stm32f4xx_hal_flash_ex.c ****   */
  84:board/stm32f401rct6/Drivers/STM32F4xx_HAL_Driver/Src/stm32f4xx_hal_flash_ex.c **** 
  85:board/stm32f401rct6/Drivers/STM32F4xx_HAL_Driver/Src/stm32f4xx_hal_flash_ex.c **** /* Private macro -------------------------------------------------------------*/
  86:board/stm32f401rct6/Drivers/STM32F4xx_HAL_Driver/Src/stm32f4xx_hal_flash_ex.c **** /* Private variables ---------------------------------------------------------*/
  87:board/stm32f401rct6/Drivers/STM32F4xx_HAL_Driver/Src/stm32f4xx_hal_flash_ex.c **** /** @addtogroup FLASHEx_Private_Variables
ARM GAS  C:\Users\Admin\AppData\Local\Temp\ccIG7MAZ.s 			page 3


  88:board/stm32f401rct6/Drivers/STM32F4xx_HAL_Driver/Src/stm32f4xx_hal_flash_ex.c ****   * @{
  89:board/stm32f401rct6/Drivers/STM32F4xx_HAL_Driver/Src/stm32f4xx_hal_flash_ex.c ****   */
  90:board/stm32f401rct6/Drivers/STM32F4xx_HAL_Driver/Src/stm32f4xx_hal_flash_ex.c **** extern FLASH_ProcessTypeDef pFlash;
  91:board/stm32f401rct6/Drivers/STM32F4xx_HAL_Driver/Src/stm32f4xx_hal_flash_ex.c **** /**
  92:board/stm32f401rct6/Drivers/STM32F4xx_HAL_Driver/Src/stm32f4xx_hal_flash_ex.c ****   * @}
  93:board/stm32f401rct6/Drivers/STM32F4xx_HAL_Driver/Src/stm32f4xx_hal_flash_ex.c ****   */
  94:board/stm32f401rct6/Drivers/STM32F4xx_HAL_Driver/Src/stm32f4xx_hal_flash_ex.c **** 
  95:board/stm32f401rct6/Drivers/STM32F4xx_HAL_Driver/Src/stm32f4xx_hal_flash_ex.c **** /* Private function prototypes -----------------------------------------------*/
  96:board/stm32f401rct6/Drivers/STM32F4xx_HAL_Driver/Src/stm32f4xx_hal_flash_ex.c **** /** @addtogroup FLASHEx_Private_Functions
  97:board/stm32f401rct6/Drivers/STM32F4xx_HAL_Driver/Src/stm32f4xx_hal_flash_ex.c ****   * @{
  98:board/stm32f401rct6/Drivers/STM32F4xx_HAL_Driver/Src/stm32f4xx_hal_flash_ex.c ****   */
  99:board/stm32f401rct6/Drivers/STM32F4xx_HAL_Driver/Src/stm32f4xx_hal_flash_ex.c **** /* Option bytes control */
 100:board/stm32f401rct6/Drivers/STM32F4xx_HAL_Driver/Src/stm32f4xx_hal_flash_ex.c **** static void               FLASH_MassErase(uint8_t VoltageRange, uint32_t Banks);
 101:board/stm32f401rct6/Drivers/STM32F4xx_HAL_Driver/Src/stm32f4xx_hal_flash_ex.c **** static HAL_StatusTypeDef  FLASH_OB_EnableWRP(uint32_t WRPSector, uint32_t Banks);
 102:board/stm32f401rct6/Drivers/STM32F4xx_HAL_Driver/Src/stm32f4xx_hal_flash_ex.c **** static HAL_StatusTypeDef  FLASH_OB_DisableWRP(uint32_t WRPSector, uint32_t Banks);
 103:board/stm32f401rct6/Drivers/STM32F4xx_HAL_Driver/Src/stm32f4xx_hal_flash_ex.c **** static HAL_StatusTypeDef  FLASH_OB_RDP_LevelConfig(uint8_t Level);
 104:board/stm32f401rct6/Drivers/STM32F4xx_HAL_Driver/Src/stm32f4xx_hal_flash_ex.c **** static HAL_StatusTypeDef  FLASH_OB_UserConfig(uint8_t Iwdg, uint8_t Stop, uint8_t Stdby);
 105:board/stm32f401rct6/Drivers/STM32F4xx_HAL_Driver/Src/stm32f4xx_hal_flash_ex.c **** static HAL_StatusTypeDef  FLASH_OB_BOR_LevelConfig(uint8_t Level);
 106:board/stm32f401rct6/Drivers/STM32F4xx_HAL_Driver/Src/stm32f4xx_hal_flash_ex.c **** static uint8_t            FLASH_OB_GetUser(void);
 107:board/stm32f401rct6/Drivers/STM32F4xx_HAL_Driver/Src/stm32f4xx_hal_flash_ex.c **** static uint16_t           FLASH_OB_GetWRP(void);
 108:board/stm32f401rct6/Drivers/STM32F4xx_HAL_Driver/Src/stm32f4xx_hal_flash_ex.c **** static uint8_t            FLASH_OB_GetRDP(void);
 109:board/stm32f401rct6/Drivers/STM32F4xx_HAL_Driver/Src/stm32f4xx_hal_flash_ex.c **** static uint8_t            FLASH_OB_GetBOR(void);
 110:board/stm32f401rct6/Drivers/STM32F4xx_HAL_Driver/Src/stm32f4xx_hal_flash_ex.c **** 
 111:board/stm32f401rct6/Drivers/STM32F4xx_HAL_Driver/Src/stm32f4xx_hal_flash_ex.c **** #if defined(STM32F401xC) || defined(STM32F401xE) || defined(STM32F410Tx) || defined(STM32F410Cx) ||
 112:board/stm32f401rct6/Drivers/STM32F4xx_HAL_Driver/Src/stm32f4xx_hal_flash_ex.c ****     defined(STM32F446xx) || defined(STM32F412Zx) || defined(STM32F412Vx) || defined(STM32F412Rx) ||
 113:board/stm32f401rct6/Drivers/STM32F4xx_HAL_Driver/Src/stm32f4xx_hal_flash_ex.c ****     defined(STM32F423xx)
 114:board/stm32f401rct6/Drivers/STM32F4xx_HAL_Driver/Src/stm32f4xx_hal_flash_ex.c **** static HAL_StatusTypeDef  FLASH_OB_EnablePCROP(uint32_t Sector);
 115:board/stm32f401rct6/Drivers/STM32F4xx_HAL_Driver/Src/stm32f4xx_hal_flash_ex.c **** static HAL_StatusTypeDef  FLASH_OB_DisablePCROP(uint32_t Sector);
 116:board/stm32f401rct6/Drivers/STM32F4xx_HAL_Driver/Src/stm32f4xx_hal_flash_ex.c **** #endif /* STM32F401xC || STM32F401xE || STM32F410xx || STM32F411xE || STM32F446xx || STM32F412Zx ||
 117:board/stm32f401rct6/Drivers/STM32F4xx_HAL_Driver/Src/stm32f4xx_hal_flash_ex.c ****           STM32F413xx || STM32F423xx */
 118:board/stm32f401rct6/Drivers/STM32F4xx_HAL_Driver/Src/stm32f4xx_hal_flash_ex.c **** 
 119:board/stm32f401rct6/Drivers/STM32F4xx_HAL_Driver/Src/stm32f4xx_hal_flash_ex.c **** #if defined(STM32F427xx) || defined(STM32F437xx) || defined(STM32F429xx)|| defined(STM32F439xx) || 
 120:board/stm32f401rct6/Drivers/STM32F4xx_HAL_Driver/Src/stm32f4xx_hal_flash_ex.c **** static HAL_StatusTypeDef FLASH_OB_EnablePCROP(uint32_t SectorBank1, uint32_t SectorBank2, uint32_t 
 121:board/stm32f401rct6/Drivers/STM32F4xx_HAL_Driver/Src/stm32f4xx_hal_flash_ex.c **** static HAL_StatusTypeDef FLASH_OB_DisablePCROP(uint32_t SectorBank1, uint32_t SectorBank2, uint32_t
 122:board/stm32f401rct6/Drivers/STM32F4xx_HAL_Driver/Src/stm32f4xx_hal_flash_ex.c **** static HAL_StatusTypeDef FLASH_OB_BootConfig(uint8_t BootConfig);
 123:board/stm32f401rct6/Drivers/STM32F4xx_HAL_Driver/Src/stm32f4xx_hal_flash_ex.c **** #endif /* STM32F427xx || STM32F437xx || STM32F429xx || STM32F439xx || STM32F469xx || STM32F479xx */
 124:board/stm32f401rct6/Drivers/STM32F4xx_HAL_Driver/Src/stm32f4xx_hal_flash_ex.c **** 
 125:board/stm32f401rct6/Drivers/STM32F4xx_HAL_Driver/Src/stm32f4xx_hal_flash_ex.c **** extern HAL_StatusTypeDef         FLASH_WaitForLastOperation(uint32_t Timeout);
 126:board/stm32f401rct6/Drivers/STM32F4xx_HAL_Driver/Src/stm32f4xx_hal_flash_ex.c **** /**
 127:board/stm32f401rct6/Drivers/STM32F4xx_HAL_Driver/Src/stm32f4xx_hal_flash_ex.c ****   * @}
 128:board/stm32f401rct6/Drivers/STM32F4xx_HAL_Driver/Src/stm32f4xx_hal_flash_ex.c ****   */
 129:board/stm32f401rct6/Drivers/STM32F4xx_HAL_Driver/Src/stm32f4xx_hal_flash_ex.c **** 
 130:board/stm32f401rct6/Drivers/STM32F4xx_HAL_Driver/Src/stm32f4xx_hal_flash_ex.c **** /* Exported functions --------------------------------------------------------*/
 131:board/stm32f401rct6/Drivers/STM32F4xx_HAL_Driver/Src/stm32f4xx_hal_flash_ex.c **** /** @defgroup FLASHEx_Exported_Functions FLASHEx Exported Functions
 132:board/stm32f401rct6/Drivers/STM32F4xx_HAL_Driver/Src/stm32f4xx_hal_flash_ex.c ****   * @{
 133:board/stm32f401rct6/Drivers/STM32F4xx_HAL_Driver/Src/stm32f4xx_hal_flash_ex.c ****   */
 134:board/stm32f401rct6/Drivers/STM32F4xx_HAL_Driver/Src/stm32f4xx_hal_flash_ex.c **** 
 135:board/stm32f401rct6/Drivers/STM32F4xx_HAL_Driver/Src/stm32f4xx_hal_flash_ex.c **** /** @defgroup FLASHEx_Exported_Functions_Group1 Extended IO operation functions
 136:board/stm32f401rct6/Drivers/STM32F4xx_HAL_Driver/Src/stm32f4xx_hal_flash_ex.c ****   *  @brief   Extended IO operation functions
 137:board/stm32f401rct6/Drivers/STM32F4xx_HAL_Driver/Src/stm32f4xx_hal_flash_ex.c ****   *
 138:board/stm32f401rct6/Drivers/STM32F4xx_HAL_Driver/Src/stm32f4xx_hal_flash_ex.c **** @verbatim
 139:board/stm32f401rct6/Drivers/STM32F4xx_HAL_Driver/Src/stm32f4xx_hal_flash_ex.c ****  ===============================================================================
 140:board/stm32f401rct6/Drivers/STM32F4xx_HAL_Driver/Src/stm32f4xx_hal_flash_ex.c ****                 ##### Extended programming operation functions #####
 141:board/stm32f401rct6/Drivers/STM32F4xx_HAL_Driver/Src/stm32f4xx_hal_flash_ex.c ****  ===============================================================================
 142:board/stm32f401rct6/Drivers/STM32F4xx_HAL_Driver/Src/stm32f4xx_hal_flash_ex.c ****     [..]
 143:board/stm32f401rct6/Drivers/STM32F4xx_HAL_Driver/Src/stm32f4xx_hal_flash_ex.c ****     This subsection provides a set of functions allowing to manage the Extension FLASH
 144:board/stm32f401rct6/Drivers/STM32F4xx_HAL_Driver/Src/stm32f4xx_hal_flash_ex.c ****     programming operations.
ARM GAS  C:\Users\Admin\AppData\Local\Temp\ccIG7MAZ.s 			page 4


 145:board/stm32f401rct6/Drivers/STM32F4xx_HAL_Driver/Src/stm32f4xx_hal_flash_ex.c **** 
 146:board/stm32f401rct6/Drivers/STM32F4xx_HAL_Driver/Src/stm32f4xx_hal_flash_ex.c **** @endverbatim
 147:board/stm32f401rct6/Drivers/STM32F4xx_HAL_Driver/Src/stm32f4xx_hal_flash_ex.c ****   * @{
 148:board/stm32f401rct6/Drivers/STM32F4xx_HAL_Driver/Src/stm32f4xx_hal_flash_ex.c ****   */
 149:board/stm32f401rct6/Drivers/STM32F4xx_HAL_Driver/Src/stm32f4xx_hal_flash_ex.c **** /**
 150:board/stm32f401rct6/Drivers/STM32F4xx_HAL_Driver/Src/stm32f4xx_hal_flash_ex.c ****   * @brief  Perform a mass erase or erase the specified FLASH memory sectors
 151:board/stm32f401rct6/Drivers/STM32F4xx_HAL_Driver/Src/stm32f4xx_hal_flash_ex.c ****   * @param[in]  pEraseInit pointer to an FLASH_EraseInitTypeDef structure that
 152:board/stm32f401rct6/Drivers/STM32F4xx_HAL_Driver/Src/stm32f4xx_hal_flash_ex.c ****   *         contains the configuration information for the erasing.
 153:board/stm32f401rct6/Drivers/STM32F4xx_HAL_Driver/Src/stm32f4xx_hal_flash_ex.c ****   *
 154:board/stm32f401rct6/Drivers/STM32F4xx_HAL_Driver/Src/stm32f4xx_hal_flash_ex.c ****   * @param[out]  SectorError pointer to variable  that
 155:board/stm32f401rct6/Drivers/STM32F4xx_HAL_Driver/Src/stm32f4xx_hal_flash_ex.c ****   *         contains the configuration information on faulty sector in case of error
 156:board/stm32f401rct6/Drivers/STM32F4xx_HAL_Driver/Src/stm32f4xx_hal_flash_ex.c ****   *         (0xFFFFFFFFU means that all the sectors have been correctly erased)
 157:board/stm32f401rct6/Drivers/STM32F4xx_HAL_Driver/Src/stm32f4xx_hal_flash_ex.c ****   *
 158:board/stm32f401rct6/Drivers/STM32F4xx_HAL_Driver/Src/stm32f4xx_hal_flash_ex.c ****   * @retval HAL Status
 159:board/stm32f401rct6/Drivers/STM32F4xx_HAL_Driver/Src/stm32f4xx_hal_flash_ex.c ****   */
 160:board/stm32f401rct6/Drivers/STM32F4xx_HAL_Driver/Src/stm32f4xx_hal_flash_ex.c **** HAL_StatusTypeDef HAL_FLASHEx_Erase(FLASH_EraseInitTypeDef *pEraseInit, uint32_t *SectorError)
 161:board/stm32f401rct6/Drivers/STM32F4xx_HAL_Driver/Src/stm32f4xx_hal_flash_ex.c **** {
 162:board/stm32f401rct6/Drivers/STM32F4xx_HAL_Driver/Src/stm32f4xx_hal_flash_ex.c ****   HAL_StatusTypeDef status = HAL_ERROR;
 163:board/stm32f401rct6/Drivers/STM32F4xx_HAL_Driver/Src/stm32f4xx_hal_flash_ex.c ****   uint32_t index = 0U;
 164:board/stm32f401rct6/Drivers/STM32F4xx_HAL_Driver/Src/stm32f4xx_hal_flash_ex.c **** 
 165:board/stm32f401rct6/Drivers/STM32F4xx_HAL_Driver/Src/stm32f4xx_hal_flash_ex.c ****   /* Process Locked */
 166:board/stm32f401rct6/Drivers/STM32F4xx_HAL_Driver/Src/stm32f4xx_hal_flash_ex.c ****   __HAL_LOCK(&pFlash);
 167:board/stm32f401rct6/Drivers/STM32F4xx_HAL_Driver/Src/stm32f4xx_hal_flash_ex.c **** 
 168:board/stm32f401rct6/Drivers/STM32F4xx_HAL_Driver/Src/stm32f4xx_hal_flash_ex.c ****   /* Check the parameters */
 169:board/stm32f401rct6/Drivers/STM32F4xx_HAL_Driver/Src/stm32f4xx_hal_flash_ex.c ****   assert_param(IS_FLASH_TYPEERASE(pEraseInit->TypeErase));
 170:board/stm32f401rct6/Drivers/STM32F4xx_HAL_Driver/Src/stm32f4xx_hal_flash_ex.c **** 
 171:board/stm32f401rct6/Drivers/STM32F4xx_HAL_Driver/Src/stm32f4xx_hal_flash_ex.c ****   /* Wait for last operation to be completed */
 172:board/stm32f401rct6/Drivers/STM32F4xx_HAL_Driver/Src/stm32f4xx_hal_flash_ex.c ****   status = FLASH_WaitForLastOperation((uint32_t)FLASH_TIMEOUT_VALUE);
 173:board/stm32f401rct6/Drivers/STM32F4xx_HAL_Driver/Src/stm32f4xx_hal_flash_ex.c **** 
 174:board/stm32f401rct6/Drivers/STM32F4xx_HAL_Driver/Src/stm32f4xx_hal_flash_ex.c ****   if (status == HAL_OK)
 175:board/stm32f401rct6/Drivers/STM32F4xx_HAL_Driver/Src/stm32f4xx_hal_flash_ex.c ****   {
 176:board/stm32f401rct6/Drivers/STM32F4xx_HAL_Driver/Src/stm32f4xx_hal_flash_ex.c ****     /*Initialization of SectorError variable*/
 177:board/stm32f401rct6/Drivers/STM32F4xx_HAL_Driver/Src/stm32f4xx_hal_flash_ex.c ****     *SectorError = 0xFFFFFFFFU;
 178:board/stm32f401rct6/Drivers/STM32F4xx_HAL_Driver/Src/stm32f4xx_hal_flash_ex.c **** 
 179:board/stm32f401rct6/Drivers/STM32F4xx_HAL_Driver/Src/stm32f4xx_hal_flash_ex.c ****     if (pEraseInit->TypeErase == FLASH_TYPEERASE_MASSERASE)
 180:board/stm32f401rct6/Drivers/STM32F4xx_HAL_Driver/Src/stm32f4xx_hal_flash_ex.c ****     {
 181:board/stm32f401rct6/Drivers/STM32F4xx_HAL_Driver/Src/stm32f4xx_hal_flash_ex.c ****       /*Mass erase to be done*/
 182:board/stm32f401rct6/Drivers/STM32F4xx_HAL_Driver/Src/stm32f4xx_hal_flash_ex.c ****       FLASH_MassErase((uint8_t) pEraseInit->VoltageRange, pEraseInit->Banks);
 183:board/stm32f401rct6/Drivers/STM32F4xx_HAL_Driver/Src/stm32f4xx_hal_flash_ex.c **** 
 184:board/stm32f401rct6/Drivers/STM32F4xx_HAL_Driver/Src/stm32f4xx_hal_flash_ex.c ****       /* Wait for last operation to be completed */
 185:board/stm32f401rct6/Drivers/STM32F4xx_HAL_Driver/Src/stm32f4xx_hal_flash_ex.c ****       status = FLASH_WaitForLastOperation((uint32_t)FLASH_TIMEOUT_VALUE);
 186:board/stm32f401rct6/Drivers/STM32F4xx_HAL_Driver/Src/stm32f4xx_hal_flash_ex.c **** 
 187:board/stm32f401rct6/Drivers/STM32F4xx_HAL_Driver/Src/stm32f4xx_hal_flash_ex.c ****       /* if the erase operation is completed, disable the MER Bit */
 188:board/stm32f401rct6/Drivers/STM32F4xx_HAL_Driver/Src/stm32f4xx_hal_flash_ex.c ****       FLASH->CR &= (~FLASH_MER_BIT);
 189:board/stm32f401rct6/Drivers/STM32F4xx_HAL_Driver/Src/stm32f4xx_hal_flash_ex.c ****     }
 190:board/stm32f401rct6/Drivers/STM32F4xx_HAL_Driver/Src/stm32f4xx_hal_flash_ex.c ****     else
 191:board/stm32f401rct6/Drivers/STM32F4xx_HAL_Driver/Src/stm32f4xx_hal_flash_ex.c ****     {
 192:board/stm32f401rct6/Drivers/STM32F4xx_HAL_Driver/Src/stm32f4xx_hal_flash_ex.c ****       /* Check the parameters */
 193:board/stm32f401rct6/Drivers/STM32F4xx_HAL_Driver/Src/stm32f4xx_hal_flash_ex.c ****       assert_param(IS_FLASH_NBSECTORS(pEraseInit->NbSectors + pEraseInit->Sector));
 194:board/stm32f401rct6/Drivers/STM32F4xx_HAL_Driver/Src/stm32f4xx_hal_flash_ex.c **** 
 195:board/stm32f401rct6/Drivers/STM32F4xx_HAL_Driver/Src/stm32f4xx_hal_flash_ex.c ****       /* Erase by sector by sector to be done*/
 196:board/stm32f401rct6/Drivers/STM32F4xx_HAL_Driver/Src/stm32f4xx_hal_flash_ex.c ****       for (index = pEraseInit->Sector; index < (pEraseInit->NbSectors + pEraseInit->Sector); index+
 197:board/stm32f401rct6/Drivers/STM32F4xx_HAL_Driver/Src/stm32f4xx_hal_flash_ex.c ****       {
 198:board/stm32f401rct6/Drivers/STM32F4xx_HAL_Driver/Src/stm32f4xx_hal_flash_ex.c ****         FLASH_Erase_Sector(index, (uint8_t) pEraseInit->VoltageRange);
 199:board/stm32f401rct6/Drivers/STM32F4xx_HAL_Driver/Src/stm32f4xx_hal_flash_ex.c **** 
 200:board/stm32f401rct6/Drivers/STM32F4xx_HAL_Driver/Src/stm32f4xx_hal_flash_ex.c ****         /* Wait for last operation to be completed */
 201:board/stm32f401rct6/Drivers/STM32F4xx_HAL_Driver/Src/stm32f4xx_hal_flash_ex.c ****         status = FLASH_WaitForLastOperation((uint32_t)FLASH_TIMEOUT_VALUE);
ARM GAS  C:\Users\Admin\AppData\Local\Temp\ccIG7MAZ.s 			page 5


 202:board/stm32f401rct6/Drivers/STM32F4xx_HAL_Driver/Src/stm32f4xx_hal_flash_ex.c **** 
 203:board/stm32f401rct6/Drivers/STM32F4xx_HAL_Driver/Src/stm32f4xx_hal_flash_ex.c ****         /* If the erase operation is completed, disable the SER and SNB Bits */
 204:board/stm32f401rct6/Drivers/STM32F4xx_HAL_Driver/Src/stm32f4xx_hal_flash_ex.c ****         CLEAR_BIT(FLASH->CR, (FLASH_CR_SER | FLASH_CR_SNB));
 205:board/stm32f401rct6/Drivers/STM32F4xx_HAL_Driver/Src/stm32f4xx_hal_flash_ex.c **** 
 206:board/stm32f401rct6/Drivers/STM32F4xx_HAL_Driver/Src/stm32f4xx_hal_flash_ex.c ****         if (status != HAL_OK)
 207:board/stm32f401rct6/Drivers/STM32F4xx_HAL_Driver/Src/stm32f4xx_hal_flash_ex.c ****         {
 208:board/stm32f401rct6/Drivers/STM32F4xx_HAL_Driver/Src/stm32f4xx_hal_flash_ex.c ****           /* In case of error, stop erase procedure and return the faulty sector*/
 209:board/stm32f401rct6/Drivers/STM32F4xx_HAL_Driver/Src/stm32f4xx_hal_flash_ex.c ****           *SectorError = index;
 210:board/stm32f401rct6/Drivers/STM32F4xx_HAL_Driver/Src/stm32f4xx_hal_flash_ex.c ****           break;
 211:board/stm32f401rct6/Drivers/STM32F4xx_HAL_Driver/Src/stm32f4xx_hal_flash_ex.c ****         }
 212:board/stm32f401rct6/Drivers/STM32F4xx_HAL_Driver/Src/stm32f4xx_hal_flash_ex.c ****       }
 213:board/stm32f401rct6/Drivers/STM32F4xx_HAL_Driver/Src/stm32f4xx_hal_flash_ex.c ****     }
 214:board/stm32f401rct6/Drivers/STM32F4xx_HAL_Driver/Src/stm32f4xx_hal_flash_ex.c ****     /* Flush the caches to be sure of the data consistency */
 215:board/stm32f401rct6/Drivers/STM32F4xx_HAL_Driver/Src/stm32f4xx_hal_flash_ex.c ****     FLASH_FlushCaches();
 216:board/stm32f401rct6/Drivers/STM32F4xx_HAL_Driver/Src/stm32f4xx_hal_flash_ex.c ****   }
 217:board/stm32f401rct6/Drivers/STM32F4xx_HAL_Driver/Src/stm32f4xx_hal_flash_ex.c **** 
 218:board/stm32f401rct6/Drivers/STM32F4xx_HAL_Driver/Src/stm32f4xx_hal_flash_ex.c ****   /* Process Unlocked */
 219:board/stm32f401rct6/Drivers/STM32F4xx_HAL_Driver/Src/stm32f4xx_hal_flash_ex.c ****   __HAL_UNLOCK(&pFlash);
 220:board/stm32f401rct6/Drivers/STM32F4xx_HAL_Driver/Src/stm32f4xx_hal_flash_ex.c **** 
 221:board/stm32f401rct6/Drivers/STM32F4xx_HAL_Driver/Src/stm32f4xx_hal_flash_ex.c ****   return status;
 222:board/stm32f401rct6/Drivers/STM32F4xx_HAL_Driver/Src/stm32f4xx_hal_flash_ex.c **** }
 223:board/stm32f401rct6/Drivers/STM32F4xx_HAL_Driver/Src/stm32f4xx_hal_flash_ex.c **** 
 224:board/stm32f401rct6/Drivers/STM32F4xx_HAL_Driver/Src/stm32f4xx_hal_flash_ex.c **** /**
 225:board/stm32f401rct6/Drivers/STM32F4xx_HAL_Driver/Src/stm32f4xx_hal_flash_ex.c ****   * @brief  Perform a mass erase or erase the specified FLASH memory sectors  with interrupt enable
 226:board/stm32f401rct6/Drivers/STM32F4xx_HAL_Driver/Src/stm32f4xx_hal_flash_ex.c ****   * @param  pEraseInit pointer to an FLASH_EraseInitTypeDef structure that
 227:board/stm32f401rct6/Drivers/STM32F4xx_HAL_Driver/Src/stm32f4xx_hal_flash_ex.c ****   *         contains the configuration information for the erasing.
 228:board/stm32f401rct6/Drivers/STM32F4xx_HAL_Driver/Src/stm32f4xx_hal_flash_ex.c ****   *
 229:board/stm32f401rct6/Drivers/STM32F4xx_HAL_Driver/Src/stm32f4xx_hal_flash_ex.c ****   * @retval HAL Status
 230:board/stm32f401rct6/Drivers/STM32F4xx_HAL_Driver/Src/stm32f4xx_hal_flash_ex.c ****   */
 231:board/stm32f401rct6/Drivers/STM32F4xx_HAL_Driver/Src/stm32f4xx_hal_flash_ex.c **** HAL_StatusTypeDef HAL_FLASHEx_Erase_IT(FLASH_EraseInitTypeDef *pEraseInit)
 232:board/stm32f401rct6/Drivers/STM32F4xx_HAL_Driver/Src/stm32f4xx_hal_flash_ex.c **** {
 233:board/stm32f401rct6/Drivers/STM32F4xx_HAL_Driver/Src/stm32f4xx_hal_flash_ex.c ****   HAL_StatusTypeDef status = HAL_OK;
 234:board/stm32f401rct6/Drivers/STM32F4xx_HAL_Driver/Src/stm32f4xx_hal_flash_ex.c **** 
 235:board/stm32f401rct6/Drivers/STM32F4xx_HAL_Driver/Src/stm32f4xx_hal_flash_ex.c ****   /* Check the parameters */
 236:board/stm32f401rct6/Drivers/STM32F4xx_HAL_Driver/Src/stm32f4xx_hal_flash_ex.c ****   assert_param(IS_FLASH_TYPEERASE(pEraseInit->TypeErase));
 237:board/stm32f401rct6/Drivers/STM32F4xx_HAL_Driver/Src/stm32f4xx_hal_flash_ex.c **** 
 238:board/stm32f401rct6/Drivers/STM32F4xx_HAL_Driver/Src/stm32f4xx_hal_flash_ex.c ****   /* Enable End of FLASH Operation interrupt */
 239:board/stm32f401rct6/Drivers/STM32F4xx_HAL_Driver/Src/stm32f4xx_hal_flash_ex.c ****   __HAL_FLASH_ENABLE_IT(FLASH_IT_EOP);
 240:board/stm32f401rct6/Drivers/STM32F4xx_HAL_Driver/Src/stm32f4xx_hal_flash_ex.c **** 
 241:board/stm32f401rct6/Drivers/STM32F4xx_HAL_Driver/Src/stm32f4xx_hal_flash_ex.c ****   /* Enable Error source interrupt */
 242:board/stm32f401rct6/Drivers/STM32F4xx_HAL_Driver/Src/stm32f4xx_hal_flash_ex.c ****   __HAL_FLASH_ENABLE_IT(FLASH_IT_ERR);
 243:board/stm32f401rct6/Drivers/STM32F4xx_HAL_Driver/Src/stm32f4xx_hal_flash_ex.c **** 
 244:board/stm32f401rct6/Drivers/STM32F4xx_HAL_Driver/Src/stm32f4xx_hal_flash_ex.c ****   /* Clear pending flags (if any) */
 245:board/stm32f401rct6/Drivers/STM32F4xx_HAL_Driver/Src/stm32f4xx_hal_flash_ex.c ****   __HAL_FLASH_CLEAR_FLAG(FLASH_FLAG_EOP    | FLASH_FLAG_OPERR | FLASH_FLAG_WRPERR | \
 246:board/stm32f401rct6/Drivers/STM32F4xx_HAL_Driver/Src/stm32f4xx_hal_flash_ex.c ****                          FLASH_FLAG_PGAERR | FLASH_FLAG_PGPERR | FLASH_FLAG_PGSERR);
 247:board/stm32f401rct6/Drivers/STM32F4xx_HAL_Driver/Src/stm32f4xx_hal_flash_ex.c **** 
 248:board/stm32f401rct6/Drivers/STM32F4xx_HAL_Driver/Src/stm32f4xx_hal_flash_ex.c ****   if (pEraseInit->TypeErase == FLASH_TYPEERASE_MASSERASE)
 249:board/stm32f401rct6/Drivers/STM32F4xx_HAL_Driver/Src/stm32f4xx_hal_flash_ex.c ****   {
 250:board/stm32f401rct6/Drivers/STM32F4xx_HAL_Driver/Src/stm32f4xx_hal_flash_ex.c ****     /*Mass erase to be done*/
 251:board/stm32f401rct6/Drivers/STM32F4xx_HAL_Driver/Src/stm32f4xx_hal_flash_ex.c ****     pFlash.ProcedureOnGoing = FLASH_PROC_MASSERASE;
 252:board/stm32f401rct6/Drivers/STM32F4xx_HAL_Driver/Src/stm32f4xx_hal_flash_ex.c ****     pFlash.Bank = pEraseInit->Banks;
 253:board/stm32f401rct6/Drivers/STM32F4xx_HAL_Driver/Src/stm32f4xx_hal_flash_ex.c ****     FLASH_MassErase((uint8_t) pEraseInit->VoltageRange, pEraseInit->Banks);
 254:board/stm32f401rct6/Drivers/STM32F4xx_HAL_Driver/Src/stm32f4xx_hal_flash_ex.c ****   }
 255:board/stm32f401rct6/Drivers/STM32F4xx_HAL_Driver/Src/stm32f4xx_hal_flash_ex.c ****   else
 256:board/stm32f401rct6/Drivers/STM32F4xx_HAL_Driver/Src/stm32f4xx_hal_flash_ex.c ****   {
 257:board/stm32f401rct6/Drivers/STM32F4xx_HAL_Driver/Src/stm32f4xx_hal_flash_ex.c ****     /* Erase by sector to be done*/
 258:board/stm32f401rct6/Drivers/STM32F4xx_HAL_Driver/Src/stm32f4xx_hal_flash_ex.c **** 
ARM GAS  C:\Users\Admin\AppData\Local\Temp\ccIG7MAZ.s 			page 6


 259:board/stm32f401rct6/Drivers/STM32F4xx_HAL_Driver/Src/stm32f4xx_hal_flash_ex.c ****     /* Check the parameters */
 260:board/stm32f401rct6/Drivers/STM32F4xx_HAL_Driver/Src/stm32f4xx_hal_flash_ex.c ****     assert_param(IS_FLASH_NBSECTORS(pEraseInit->NbSectors + pEraseInit->Sector));
 261:board/stm32f401rct6/Drivers/STM32F4xx_HAL_Driver/Src/stm32f4xx_hal_flash_ex.c **** 
 262:board/stm32f401rct6/Drivers/STM32F4xx_HAL_Driver/Src/stm32f4xx_hal_flash_ex.c ****     pFlash.ProcedureOnGoing = FLASH_PROC_SECTERASE;
 263:board/stm32f401rct6/Drivers/STM32F4xx_HAL_Driver/Src/stm32f4xx_hal_flash_ex.c ****     pFlash.NbSectorsToErase = pEraseInit->NbSectors;
 264:board/stm32f401rct6/Drivers/STM32F4xx_HAL_Driver/Src/stm32f4xx_hal_flash_ex.c ****     pFlash.Sector = pEraseInit->Sector;
 265:board/stm32f401rct6/Drivers/STM32F4xx_HAL_Driver/Src/stm32f4xx_hal_flash_ex.c ****     pFlash.VoltageForErase = (uint8_t)pEraseInit->VoltageRange;
 266:board/stm32f401rct6/Drivers/STM32F4xx_HAL_Driver/Src/stm32f4xx_hal_flash_ex.c **** 
 267:board/stm32f401rct6/Drivers/STM32F4xx_HAL_Driver/Src/stm32f4xx_hal_flash_ex.c ****     /*Erase 1st sector and wait for IT*/
 268:board/stm32f401rct6/Drivers/STM32F4xx_HAL_Driver/Src/stm32f4xx_hal_flash_ex.c ****     FLASH_Erase_Sector(pEraseInit->Sector, pEraseInit->VoltageRange);
 269:board/stm32f401rct6/Drivers/STM32F4xx_HAL_Driver/Src/stm32f4xx_hal_flash_ex.c ****   }
 270:board/stm32f401rct6/Drivers/STM32F4xx_HAL_Driver/Src/stm32f4xx_hal_flash_ex.c **** 
 271:board/stm32f401rct6/Drivers/STM32F4xx_HAL_Driver/Src/stm32f4xx_hal_flash_ex.c ****   return status;
 272:board/stm32f401rct6/Drivers/STM32F4xx_HAL_Driver/Src/stm32f4xx_hal_flash_ex.c **** }
 273:board/stm32f401rct6/Drivers/STM32F4xx_HAL_Driver/Src/stm32f4xx_hal_flash_ex.c **** 
 274:board/stm32f401rct6/Drivers/STM32F4xx_HAL_Driver/Src/stm32f4xx_hal_flash_ex.c **** /**
 275:board/stm32f401rct6/Drivers/STM32F4xx_HAL_Driver/Src/stm32f4xx_hal_flash_ex.c ****   * @brief   Program option bytes
 276:board/stm32f401rct6/Drivers/STM32F4xx_HAL_Driver/Src/stm32f4xx_hal_flash_ex.c ****   * @param  pOBInit pointer to an FLASH_OBInitStruct structure that
 277:board/stm32f401rct6/Drivers/STM32F4xx_HAL_Driver/Src/stm32f4xx_hal_flash_ex.c ****   *         contains the configuration information for the programming.
 278:board/stm32f401rct6/Drivers/STM32F4xx_HAL_Driver/Src/stm32f4xx_hal_flash_ex.c ****   *
 279:board/stm32f401rct6/Drivers/STM32F4xx_HAL_Driver/Src/stm32f4xx_hal_flash_ex.c ****   * @retval HAL Status
 280:board/stm32f401rct6/Drivers/STM32F4xx_HAL_Driver/Src/stm32f4xx_hal_flash_ex.c ****   */
 281:board/stm32f401rct6/Drivers/STM32F4xx_HAL_Driver/Src/stm32f4xx_hal_flash_ex.c **** HAL_StatusTypeDef HAL_FLASHEx_OBProgram(FLASH_OBProgramInitTypeDef *pOBInit)
 282:board/stm32f401rct6/Drivers/STM32F4xx_HAL_Driver/Src/stm32f4xx_hal_flash_ex.c **** {
 283:board/stm32f401rct6/Drivers/STM32F4xx_HAL_Driver/Src/stm32f4xx_hal_flash_ex.c ****   HAL_StatusTypeDef status = HAL_ERROR;
 284:board/stm32f401rct6/Drivers/STM32F4xx_HAL_Driver/Src/stm32f4xx_hal_flash_ex.c **** 
 285:board/stm32f401rct6/Drivers/STM32F4xx_HAL_Driver/Src/stm32f4xx_hal_flash_ex.c ****   /* Process Locked */
 286:board/stm32f401rct6/Drivers/STM32F4xx_HAL_Driver/Src/stm32f4xx_hal_flash_ex.c ****   __HAL_LOCK(&pFlash);
 287:board/stm32f401rct6/Drivers/STM32F4xx_HAL_Driver/Src/stm32f4xx_hal_flash_ex.c **** 
 288:board/stm32f401rct6/Drivers/STM32F4xx_HAL_Driver/Src/stm32f4xx_hal_flash_ex.c ****   /* Check the parameters */
 289:board/stm32f401rct6/Drivers/STM32F4xx_HAL_Driver/Src/stm32f4xx_hal_flash_ex.c ****   assert_param(IS_OPTIONBYTE(pOBInit->OptionType));
 290:board/stm32f401rct6/Drivers/STM32F4xx_HAL_Driver/Src/stm32f4xx_hal_flash_ex.c **** 
 291:board/stm32f401rct6/Drivers/STM32F4xx_HAL_Driver/Src/stm32f4xx_hal_flash_ex.c ****   /*Write protection configuration*/
 292:board/stm32f401rct6/Drivers/STM32F4xx_HAL_Driver/Src/stm32f4xx_hal_flash_ex.c ****   if ((pOBInit->OptionType & OPTIONBYTE_WRP) == OPTIONBYTE_WRP)
 293:board/stm32f401rct6/Drivers/STM32F4xx_HAL_Driver/Src/stm32f4xx_hal_flash_ex.c ****   {
 294:board/stm32f401rct6/Drivers/STM32F4xx_HAL_Driver/Src/stm32f4xx_hal_flash_ex.c ****     assert_param(IS_WRPSTATE(pOBInit->WRPState));
 295:board/stm32f401rct6/Drivers/STM32F4xx_HAL_Driver/Src/stm32f4xx_hal_flash_ex.c ****     if (pOBInit->WRPState == OB_WRPSTATE_ENABLE)
 296:board/stm32f401rct6/Drivers/STM32F4xx_HAL_Driver/Src/stm32f4xx_hal_flash_ex.c ****     {
 297:board/stm32f401rct6/Drivers/STM32F4xx_HAL_Driver/Src/stm32f4xx_hal_flash_ex.c ****       /*Enable of Write protection on the selected Sector*/
 298:board/stm32f401rct6/Drivers/STM32F4xx_HAL_Driver/Src/stm32f4xx_hal_flash_ex.c ****       status = FLASH_OB_EnableWRP(pOBInit->WRPSector, pOBInit->Banks);
 299:board/stm32f401rct6/Drivers/STM32F4xx_HAL_Driver/Src/stm32f4xx_hal_flash_ex.c ****     }
 300:board/stm32f401rct6/Drivers/STM32F4xx_HAL_Driver/Src/stm32f4xx_hal_flash_ex.c ****     else
 301:board/stm32f401rct6/Drivers/STM32F4xx_HAL_Driver/Src/stm32f4xx_hal_flash_ex.c ****     {
 302:board/stm32f401rct6/Drivers/STM32F4xx_HAL_Driver/Src/stm32f4xx_hal_flash_ex.c ****       /*Disable of Write protection on the selected Sector*/
 303:board/stm32f401rct6/Drivers/STM32F4xx_HAL_Driver/Src/stm32f4xx_hal_flash_ex.c ****       status = FLASH_OB_DisableWRP(pOBInit->WRPSector, pOBInit->Banks);
 304:board/stm32f401rct6/Drivers/STM32F4xx_HAL_Driver/Src/stm32f4xx_hal_flash_ex.c ****     }
 305:board/stm32f401rct6/Drivers/STM32F4xx_HAL_Driver/Src/stm32f4xx_hal_flash_ex.c ****   }
 306:board/stm32f401rct6/Drivers/STM32F4xx_HAL_Driver/Src/stm32f4xx_hal_flash_ex.c **** 
 307:board/stm32f401rct6/Drivers/STM32F4xx_HAL_Driver/Src/stm32f4xx_hal_flash_ex.c ****   /*Read protection configuration*/
 308:board/stm32f401rct6/Drivers/STM32F4xx_HAL_Driver/Src/stm32f4xx_hal_flash_ex.c ****   if ((pOBInit->OptionType & OPTIONBYTE_RDP) == OPTIONBYTE_RDP)
 309:board/stm32f401rct6/Drivers/STM32F4xx_HAL_Driver/Src/stm32f4xx_hal_flash_ex.c ****   {
 310:board/stm32f401rct6/Drivers/STM32F4xx_HAL_Driver/Src/stm32f4xx_hal_flash_ex.c ****     status = FLASH_OB_RDP_LevelConfig(pOBInit->RDPLevel);
 311:board/stm32f401rct6/Drivers/STM32F4xx_HAL_Driver/Src/stm32f4xx_hal_flash_ex.c ****   }
 312:board/stm32f401rct6/Drivers/STM32F4xx_HAL_Driver/Src/stm32f4xx_hal_flash_ex.c **** 
 313:board/stm32f401rct6/Drivers/STM32F4xx_HAL_Driver/Src/stm32f4xx_hal_flash_ex.c ****   /*USER  configuration*/
 314:board/stm32f401rct6/Drivers/STM32F4xx_HAL_Driver/Src/stm32f4xx_hal_flash_ex.c ****   if ((pOBInit->OptionType & OPTIONBYTE_USER) == OPTIONBYTE_USER)
 315:board/stm32f401rct6/Drivers/STM32F4xx_HAL_Driver/Src/stm32f4xx_hal_flash_ex.c ****   {
ARM GAS  C:\Users\Admin\AppData\Local\Temp\ccIG7MAZ.s 			page 7


 316:board/stm32f401rct6/Drivers/STM32F4xx_HAL_Driver/Src/stm32f4xx_hal_flash_ex.c ****     status = FLASH_OB_UserConfig(pOBInit->USERConfig & OB_IWDG_SW,
 317:board/stm32f401rct6/Drivers/STM32F4xx_HAL_Driver/Src/stm32f4xx_hal_flash_ex.c ****                                  pOBInit->USERConfig & OB_STOP_NO_RST,
 318:board/stm32f401rct6/Drivers/STM32F4xx_HAL_Driver/Src/stm32f4xx_hal_flash_ex.c ****                                  pOBInit->USERConfig & OB_STDBY_NO_RST);
 319:board/stm32f401rct6/Drivers/STM32F4xx_HAL_Driver/Src/stm32f4xx_hal_flash_ex.c ****   }
 320:board/stm32f401rct6/Drivers/STM32F4xx_HAL_Driver/Src/stm32f4xx_hal_flash_ex.c **** 
 321:board/stm32f401rct6/Drivers/STM32F4xx_HAL_Driver/Src/stm32f4xx_hal_flash_ex.c ****   /*BOR Level  configuration*/
 322:board/stm32f401rct6/Drivers/STM32F4xx_HAL_Driver/Src/stm32f4xx_hal_flash_ex.c ****   if ((pOBInit->OptionType & OPTIONBYTE_BOR) == OPTIONBYTE_BOR)
 323:board/stm32f401rct6/Drivers/STM32F4xx_HAL_Driver/Src/stm32f4xx_hal_flash_ex.c ****   {
 324:board/stm32f401rct6/Drivers/STM32F4xx_HAL_Driver/Src/stm32f4xx_hal_flash_ex.c ****     status = FLASH_OB_BOR_LevelConfig(pOBInit->BORLevel);
 325:board/stm32f401rct6/Drivers/STM32F4xx_HAL_Driver/Src/stm32f4xx_hal_flash_ex.c ****   }
 326:board/stm32f401rct6/Drivers/STM32F4xx_HAL_Driver/Src/stm32f4xx_hal_flash_ex.c **** 
 327:board/stm32f401rct6/Drivers/STM32F4xx_HAL_Driver/Src/stm32f4xx_hal_flash_ex.c ****   /* Process Unlocked */
 328:board/stm32f401rct6/Drivers/STM32F4xx_HAL_Driver/Src/stm32f4xx_hal_flash_ex.c ****   __HAL_UNLOCK(&pFlash);
 329:board/stm32f401rct6/Drivers/STM32F4xx_HAL_Driver/Src/stm32f4xx_hal_flash_ex.c **** 
 330:board/stm32f401rct6/Drivers/STM32F4xx_HAL_Driver/Src/stm32f4xx_hal_flash_ex.c ****   return status;
 331:board/stm32f401rct6/Drivers/STM32F4xx_HAL_Driver/Src/stm32f4xx_hal_flash_ex.c **** }
 332:board/stm32f401rct6/Drivers/STM32F4xx_HAL_Driver/Src/stm32f4xx_hal_flash_ex.c **** 
 333:board/stm32f401rct6/Drivers/STM32F4xx_HAL_Driver/Src/stm32f4xx_hal_flash_ex.c **** /**
 334:board/stm32f401rct6/Drivers/STM32F4xx_HAL_Driver/Src/stm32f4xx_hal_flash_ex.c ****   * @brief   Get the Option byte configuration
 335:board/stm32f401rct6/Drivers/STM32F4xx_HAL_Driver/Src/stm32f4xx_hal_flash_ex.c ****   * @param  pOBInit pointer to an FLASH_OBInitStruct structure that
 336:board/stm32f401rct6/Drivers/STM32F4xx_HAL_Driver/Src/stm32f4xx_hal_flash_ex.c ****   *         contains the configuration information for the programming.
 337:board/stm32f401rct6/Drivers/STM32F4xx_HAL_Driver/Src/stm32f4xx_hal_flash_ex.c ****   *
 338:board/stm32f401rct6/Drivers/STM32F4xx_HAL_Driver/Src/stm32f4xx_hal_flash_ex.c ****   * @retval None
 339:board/stm32f401rct6/Drivers/STM32F4xx_HAL_Driver/Src/stm32f4xx_hal_flash_ex.c ****   */
 340:board/stm32f401rct6/Drivers/STM32F4xx_HAL_Driver/Src/stm32f4xx_hal_flash_ex.c **** void HAL_FLASHEx_OBGetConfig(FLASH_OBProgramInitTypeDef *pOBInit)
 341:board/stm32f401rct6/Drivers/STM32F4xx_HAL_Driver/Src/stm32f4xx_hal_flash_ex.c **** {
 342:board/stm32f401rct6/Drivers/STM32F4xx_HAL_Driver/Src/stm32f4xx_hal_flash_ex.c ****   pOBInit->OptionType = OPTIONBYTE_WRP | OPTIONBYTE_RDP | OPTIONBYTE_USER | OPTIONBYTE_BOR;
 343:board/stm32f401rct6/Drivers/STM32F4xx_HAL_Driver/Src/stm32f4xx_hal_flash_ex.c **** 
 344:board/stm32f401rct6/Drivers/STM32F4xx_HAL_Driver/Src/stm32f4xx_hal_flash_ex.c ****   /*Get WRP*/
 345:board/stm32f401rct6/Drivers/STM32F4xx_HAL_Driver/Src/stm32f4xx_hal_flash_ex.c ****   pOBInit->WRPSector = (uint32_t)FLASH_OB_GetWRP();
 346:board/stm32f401rct6/Drivers/STM32F4xx_HAL_Driver/Src/stm32f4xx_hal_flash_ex.c **** 
 347:board/stm32f401rct6/Drivers/STM32F4xx_HAL_Driver/Src/stm32f4xx_hal_flash_ex.c ****   /*Get RDP Level*/
 348:board/stm32f401rct6/Drivers/STM32F4xx_HAL_Driver/Src/stm32f4xx_hal_flash_ex.c ****   pOBInit->RDPLevel = (uint32_t)FLASH_OB_GetRDP();
 349:board/stm32f401rct6/Drivers/STM32F4xx_HAL_Driver/Src/stm32f4xx_hal_flash_ex.c **** 
 350:board/stm32f401rct6/Drivers/STM32F4xx_HAL_Driver/Src/stm32f4xx_hal_flash_ex.c ****   /*Get USER*/
 351:board/stm32f401rct6/Drivers/STM32F4xx_HAL_Driver/Src/stm32f4xx_hal_flash_ex.c ****   pOBInit->USERConfig = (uint8_t)FLASH_OB_GetUser();
 352:board/stm32f401rct6/Drivers/STM32F4xx_HAL_Driver/Src/stm32f4xx_hal_flash_ex.c **** 
 353:board/stm32f401rct6/Drivers/STM32F4xx_HAL_Driver/Src/stm32f4xx_hal_flash_ex.c ****   /*Get BOR Level*/
 354:board/stm32f401rct6/Drivers/STM32F4xx_HAL_Driver/Src/stm32f4xx_hal_flash_ex.c ****   pOBInit->BORLevel = (uint32_t)FLASH_OB_GetBOR();
 355:board/stm32f401rct6/Drivers/STM32F4xx_HAL_Driver/Src/stm32f4xx_hal_flash_ex.c **** }
 356:board/stm32f401rct6/Drivers/STM32F4xx_HAL_Driver/Src/stm32f4xx_hal_flash_ex.c **** 
 357:board/stm32f401rct6/Drivers/STM32F4xx_HAL_Driver/Src/stm32f4xx_hal_flash_ex.c **** #if defined(STM32F427xx) || defined(STM32F437xx) || defined(STM32F429xx) || defined(STM32F439xx) ||
 358:board/stm32f401rct6/Drivers/STM32F4xx_HAL_Driver/Src/stm32f4xx_hal_flash_ex.c ****     defined(STM32F401xC) || defined(STM32F401xE) || defined(STM32F410Tx) || defined(STM32F410Cx) ||
 359:board/stm32f401rct6/Drivers/STM32F4xx_HAL_Driver/Src/stm32f4xx_hal_flash_ex.c ****     defined(STM32F410Rx) || defined(STM32F411xE) || defined(STM32F446xx) || defined(STM32F469xx) ||
 360:board/stm32f401rct6/Drivers/STM32F4xx_HAL_Driver/Src/stm32f4xx_hal_flash_ex.c ****     defined(STM32F479xx) || defined(STM32F412Zx) || defined(STM32F412Vx) || defined(STM32F412Rx) ||
 361:board/stm32f401rct6/Drivers/STM32F4xx_HAL_Driver/Src/stm32f4xx_hal_flash_ex.c ****     defined(STM32F412Cx) || defined(STM32F413xx) || defined(STM32F423xx)
 362:board/stm32f401rct6/Drivers/STM32F4xx_HAL_Driver/Src/stm32f4xx_hal_flash_ex.c **** /**
 363:board/stm32f401rct6/Drivers/STM32F4xx_HAL_Driver/Src/stm32f4xx_hal_flash_ex.c ****   * @brief   Program option bytes
 364:board/stm32f401rct6/Drivers/STM32F4xx_HAL_Driver/Src/stm32f4xx_hal_flash_ex.c ****   * @param  pAdvOBInit pointer to an FLASH_AdvOBProgramInitTypeDef structure that
 365:board/stm32f401rct6/Drivers/STM32F4xx_HAL_Driver/Src/stm32f4xx_hal_flash_ex.c ****   *         contains the configuration information for the programming.
 366:board/stm32f401rct6/Drivers/STM32F4xx_HAL_Driver/Src/stm32f4xx_hal_flash_ex.c ****   *
 367:board/stm32f401rct6/Drivers/STM32F4xx_HAL_Driver/Src/stm32f4xx_hal_flash_ex.c ****   * @retval HAL Status
 368:board/stm32f401rct6/Drivers/STM32F4xx_HAL_Driver/Src/stm32f4xx_hal_flash_ex.c ****   */
 369:board/stm32f401rct6/Drivers/STM32F4xx_HAL_Driver/Src/stm32f4xx_hal_flash_ex.c **** HAL_StatusTypeDef HAL_FLASHEx_AdvOBProgram(FLASH_AdvOBProgramInitTypeDef *pAdvOBInit)
 370:board/stm32f401rct6/Drivers/STM32F4xx_HAL_Driver/Src/stm32f4xx_hal_flash_ex.c **** {
 371:board/stm32f401rct6/Drivers/STM32F4xx_HAL_Driver/Src/stm32f4xx_hal_flash_ex.c ****   HAL_StatusTypeDef status = HAL_ERROR;
 372:board/stm32f401rct6/Drivers/STM32F4xx_HAL_Driver/Src/stm32f4xx_hal_flash_ex.c **** 
ARM GAS  C:\Users\Admin\AppData\Local\Temp\ccIG7MAZ.s 			page 8


 373:board/stm32f401rct6/Drivers/STM32F4xx_HAL_Driver/Src/stm32f4xx_hal_flash_ex.c ****   /* Check the parameters */
 374:board/stm32f401rct6/Drivers/STM32F4xx_HAL_Driver/Src/stm32f4xx_hal_flash_ex.c ****   assert_param(IS_OBEX(pAdvOBInit->OptionType));
 375:board/stm32f401rct6/Drivers/STM32F4xx_HAL_Driver/Src/stm32f4xx_hal_flash_ex.c **** 
 376:board/stm32f401rct6/Drivers/STM32F4xx_HAL_Driver/Src/stm32f4xx_hal_flash_ex.c ****   /*Program PCROP option byte*/
 377:board/stm32f401rct6/Drivers/STM32F4xx_HAL_Driver/Src/stm32f4xx_hal_flash_ex.c ****   if (((pAdvOBInit->OptionType) & OPTIONBYTE_PCROP) == OPTIONBYTE_PCROP)
 378:board/stm32f401rct6/Drivers/STM32F4xx_HAL_Driver/Src/stm32f4xx_hal_flash_ex.c ****   {
 379:board/stm32f401rct6/Drivers/STM32F4xx_HAL_Driver/Src/stm32f4xx_hal_flash_ex.c ****     /* Check the parameters */
 380:board/stm32f401rct6/Drivers/STM32F4xx_HAL_Driver/Src/stm32f4xx_hal_flash_ex.c ****     assert_param(IS_PCROPSTATE(pAdvOBInit->PCROPState));
 381:board/stm32f401rct6/Drivers/STM32F4xx_HAL_Driver/Src/stm32f4xx_hal_flash_ex.c ****     if ((pAdvOBInit->PCROPState) == OB_PCROP_STATE_ENABLE)
 382:board/stm32f401rct6/Drivers/STM32F4xx_HAL_Driver/Src/stm32f4xx_hal_flash_ex.c ****     {
 383:board/stm32f401rct6/Drivers/STM32F4xx_HAL_Driver/Src/stm32f4xx_hal_flash_ex.c ****       /*Enable of Write protection on the selected Sector*/
 384:board/stm32f401rct6/Drivers/STM32F4xx_HAL_Driver/Src/stm32f4xx_hal_flash_ex.c **** #if defined(STM32F401xC) || defined(STM32F401xE) || defined(STM32F410Tx) || defined(STM32F410Cx) ||
 385:board/stm32f401rct6/Drivers/STM32F4xx_HAL_Driver/Src/stm32f4xx_hal_flash_ex.c ****     defined(STM32F411xE) || defined(STM32F446xx) || defined(STM32F412Zx) || defined(STM32F412Vx) ||
 386:board/stm32f401rct6/Drivers/STM32F4xx_HAL_Driver/Src/stm32f4xx_hal_flash_ex.c ****     defined(STM32F412Cx) || defined(STM32F413xx) || defined(STM32F423xx)
 387:board/stm32f401rct6/Drivers/STM32F4xx_HAL_Driver/Src/stm32f4xx_hal_flash_ex.c ****       status = FLASH_OB_EnablePCROP(pAdvOBInit->Sectors);
 388:board/stm32f401rct6/Drivers/STM32F4xx_HAL_Driver/Src/stm32f4xx_hal_flash_ex.c **** #else  /* STM32F427xx || STM32F437xx || STM32F429xx|| STM32F439xx || STM32F469xx || STM32F479xx */
 389:board/stm32f401rct6/Drivers/STM32F4xx_HAL_Driver/Src/stm32f4xx_hal_flash_ex.c ****       status = FLASH_OB_EnablePCROP(pAdvOBInit->SectorsBank1, pAdvOBInit->SectorsBank2, pAdvOBInit-
 390:board/stm32f401rct6/Drivers/STM32F4xx_HAL_Driver/Src/stm32f4xx_hal_flash_ex.c **** #endif /* STM32F401xC || STM32F401xE || STM32F410xx || STM32F411xE || STM32F446xx || STM32F412Zx ||
 391:board/stm32f401rct6/Drivers/STM32F4xx_HAL_Driver/Src/stm32f4xx_hal_flash_ex.c ****           STM32F413xx || STM32F423xx */
 392:board/stm32f401rct6/Drivers/STM32F4xx_HAL_Driver/Src/stm32f4xx_hal_flash_ex.c ****     }
 393:board/stm32f401rct6/Drivers/STM32F4xx_HAL_Driver/Src/stm32f4xx_hal_flash_ex.c ****     else
 394:board/stm32f401rct6/Drivers/STM32F4xx_HAL_Driver/Src/stm32f4xx_hal_flash_ex.c ****     {
 395:board/stm32f401rct6/Drivers/STM32F4xx_HAL_Driver/Src/stm32f4xx_hal_flash_ex.c ****       /*Disable of Write protection on the selected Sector*/
 396:board/stm32f401rct6/Drivers/STM32F4xx_HAL_Driver/Src/stm32f4xx_hal_flash_ex.c **** #if defined(STM32F401xC) || defined(STM32F401xE) || defined(STM32F410Tx) || defined(STM32F410Cx) ||
 397:board/stm32f401rct6/Drivers/STM32F4xx_HAL_Driver/Src/stm32f4xx_hal_flash_ex.c ****     defined(STM32F411xE) || defined(STM32F446xx) || defined(STM32F412Zx) || defined(STM32F412Vx) ||
 398:board/stm32f401rct6/Drivers/STM32F4xx_HAL_Driver/Src/stm32f4xx_hal_flash_ex.c ****     defined(STM32F412Cx) || defined(STM32F413xx) || defined(STM32F423xx)
 399:board/stm32f401rct6/Drivers/STM32F4xx_HAL_Driver/Src/stm32f4xx_hal_flash_ex.c ****       status = FLASH_OB_DisablePCROP(pAdvOBInit->Sectors);
 400:board/stm32f401rct6/Drivers/STM32F4xx_HAL_Driver/Src/stm32f4xx_hal_flash_ex.c **** #else /* STM32F427xx || STM32F437xx || STM32F429xx|| STM32F439xx || STM32F469xx || STM32F479xx */
 401:board/stm32f401rct6/Drivers/STM32F4xx_HAL_Driver/Src/stm32f4xx_hal_flash_ex.c ****       status = FLASH_OB_DisablePCROP(pAdvOBInit->SectorsBank1, pAdvOBInit->SectorsBank2, pAdvOBInit
 402:board/stm32f401rct6/Drivers/STM32F4xx_HAL_Driver/Src/stm32f4xx_hal_flash_ex.c **** #endif /* STM32F401xC || STM32F401xE || STM32F410xx || STM32F411xE || STM32F446xx || STM32F412Zx ||
 403:board/stm32f401rct6/Drivers/STM32F4xx_HAL_Driver/Src/stm32f4xx_hal_flash_ex.c ****           STM32F413xx || STM32F423xx */
 404:board/stm32f401rct6/Drivers/STM32F4xx_HAL_Driver/Src/stm32f4xx_hal_flash_ex.c ****     }
 405:board/stm32f401rct6/Drivers/STM32F4xx_HAL_Driver/Src/stm32f4xx_hal_flash_ex.c ****   }
 406:board/stm32f401rct6/Drivers/STM32F4xx_HAL_Driver/Src/stm32f4xx_hal_flash_ex.c **** 
 407:board/stm32f401rct6/Drivers/STM32F4xx_HAL_Driver/Src/stm32f4xx_hal_flash_ex.c **** #if defined(STM32F427xx) || defined(STM32F437xx) || defined(STM32F429xx) || defined(STM32F439xx) ||
 408:board/stm32f401rct6/Drivers/STM32F4xx_HAL_Driver/Src/stm32f4xx_hal_flash_ex.c ****   /*Program BOOT config option byte*/
 409:board/stm32f401rct6/Drivers/STM32F4xx_HAL_Driver/Src/stm32f4xx_hal_flash_ex.c ****   if (((pAdvOBInit->OptionType) & OPTIONBYTE_BOOTCONFIG) == OPTIONBYTE_BOOTCONFIG)
 410:board/stm32f401rct6/Drivers/STM32F4xx_HAL_Driver/Src/stm32f4xx_hal_flash_ex.c ****   {
 411:board/stm32f401rct6/Drivers/STM32F4xx_HAL_Driver/Src/stm32f4xx_hal_flash_ex.c ****     status = FLASH_OB_BootConfig(pAdvOBInit->BootConfig);
 412:board/stm32f401rct6/Drivers/STM32F4xx_HAL_Driver/Src/stm32f4xx_hal_flash_ex.c ****   }
 413:board/stm32f401rct6/Drivers/STM32F4xx_HAL_Driver/Src/stm32f4xx_hal_flash_ex.c **** #endif /* STM32F427xx || STM32F437xx || STM32F429xx || STM32F439xx || STM32F469xx || STM32F479xx */
 414:board/stm32f401rct6/Drivers/STM32F4xx_HAL_Driver/Src/stm32f4xx_hal_flash_ex.c **** 
 415:board/stm32f401rct6/Drivers/STM32F4xx_HAL_Driver/Src/stm32f4xx_hal_flash_ex.c ****   return status;
 416:board/stm32f401rct6/Drivers/STM32F4xx_HAL_Driver/Src/stm32f4xx_hal_flash_ex.c **** }
 417:board/stm32f401rct6/Drivers/STM32F4xx_HAL_Driver/Src/stm32f4xx_hal_flash_ex.c **** 
 418:board/stm32f401rct6/Drivers/STM32F4xx_HAL_Driver/Src/stm32f4xx_hal_flash_ex.c **** /**
 419:board/stm32f401rct6/Drivers/STM32F4xx_HAL_Driver/Src/stm32f4xx_hal_flash_ex.c ****   * @brief   Get the OBEX byte configuration
 420:board/stm32f401rct6/Drivers/STM32F4xx_HAL_Driver/Src/stm32f4xx_hal_flash_ex.c ****   * @param  pAdvOBInit pointer to an FLASH_AdvOBProgramInitTypeDef structure that
 421:board/stm32f401rct6/Drivers/STM32F4xx_HAL_Driver/Src/stm32f4xx_hal_flash_ex.c ****   *         contains the configuration information for the programming.
 422:board/stm32f401rct6/Drivers/STM32F4xx_HAL_Driver/Src/stm32f4xx_hal_flash_ex.c ****   *
 423:board/stm32f401rct6/Drivers/STM32F4xx_HAL_Driver/Src/stm32f4xx_hal_flash_ex.c ****   * @retval None
 424:board/stm32f401rct6/Drivers/STM32F4xx_HAL_Driver/Src/stm32f4xx_hal_flash_ex.c ****   */
 425:board/stm32f401rct6/Drivers/STM32F4xx_HAL_Driver/Src/stm32f4xx_hal_flash_ex.c **** void HAL_FLASHEx_AdvOBGetConfig(FLASH_AdvOBProgramInitTypeDef *pAdvOBInit)
 426:board/stm32f401rct6/Drivers/STM32F4xx_HAL_Driver/Src/stm32f4xx_hal_flash_ex.c **** {
 427:board/stm32f401rct6/Drivers/STM32F4xx_HAL_Driver/Src/stm32f4xx_hal_flash_ex.c **** #if defined(STM32F401xC) || defined(STM32F401xE) || defined(STM32F410Tx) || defined(STM32F410Cx) ||
 428:board/stm32f401rct6/Drivers/STM32F4xx_HAL_Driver/Src/stm32f4xx_hal_flash_ex.c ****     defined(STM32F411xE) || defined(STM32F446xx) || defined(STM32F412Zx) || defined(STM32F412Vx) ||
 429:board/stm32f401rct6/Drivers/STM32F4xx_HAL_Driver/Src/stm32f4xx_hal_flash_ex.c ****     defined(STM32F412Cx) || defined(STM32F413xx) || defined(STM32F423xx)
ARM GAS  C:\Users\Admin\AppData\Local\Temp\ccIG7MAZ.s 			page 9


 430:board/stm32f401rct6/Drivers/STM32F4xx_HAL_Driver/Src/stm32f4xx_hal_flash_ex.c ****   /*Get Sector*/
 431:board/stm32f401rct6/Drivers/STM32F4xx_HAL_Driver/Src/stm32f4xx_hal_flash_ex.c ****   pAdvOBInit->Sectors = (*(__IO uint16_t *)(OPTCR_BYTE2_ADDRESS));
 432:board/stm32f401rct6/Drivers/STM32F4xx_HAL_Driver/Src/stm32f4xx_hal_flash_ex.c **** #else  /* STM32F427xx || STM32F437xx || STM32F429xx|| STM32F439xx || STM32F469xx || STM32F479xx */
 433:board/stm32f401rct6/Drivers/STM32F4xx_HAL_Driver/Src/stm32f4xx_hal_flash_ex.c ****   /*Get Sector for Bank1*/
 434:board/stm32f401rct6/Drivers/STM32F4xx_HAL_Driver/Src/stm32f4xx_hal_flash_ex.c ****   pAdvOBInit->SectorsBank1 = (*(__IO uint16_t *)(OPTCR_BYTE2_ADDRESS));
 435:board/stm32f401rct6/Drivers/STM32F4xx_HAL_Driver/Src/stm32f4xx_hal_flash_ex.c **** 
 436:board/stm32f401rct6/Drivers/STM32F4xx_HAL_Driver/Src/stm32f4xx_hal_flash_ex.c ****   /*Get Sector for Bank2*/
 437:board/stm32f401rct6/Drivers/STM32F4xx_HAL_Driver/Src/stm32f4xx_hal_flash_ex.c ****   pAdvOBInit->SectorsBank2 = (*(__IO uint16_t *)(OPTCR1_BYTE2_ADDRESS));
 438:board/stm32f401rct6/Drivers/STM32F4xx_HAL_Driver/Src/stm32f4xx_hal_flash_ex.c **** 
 439:board/stm32f401rct6/Drivers/STM32F4xx_HAL_Driver/Src/stm32f4xx_hal_flash_ex.c ****   /*Get Boot config OB*/
 440:board/stm32f401rct6/Drivers/STM32F4xx_HAL_Driver/Src/stm32f4xx_hal_flash_ex.c ****   pAdvOBInit->BootConfig = *(__IO uint8_t *)OPTCR_BYTE0_ADDRESS;
 441:board/stm32f401rct6/Drivers/STM32F4xx_HAL_Driver/Src/stm32f4xx_hal_flash_ex.c **** #endif /* STM32F401xC || STM32F401xE || STM32F410xx || STM32F411xE || STM32F446xx || STM32F412Zx ||
 442:board/stm32f401rct6/Drivers/STM32F4xx_HAL_Driver/Src/stm32f4xx_hal_flash_ex.c ****           STM32F413xx || STM32F423xx */
 443:board/stm32f401rct6/Drivers/STM32F4xx_HAL_Driver/Src/stm32f4xx_hal_flash_ex.c **** }
 444:board/stm32f401rct6/Drivers/STM32F4xx_HAL_Driver/Src/stm32f4xx_hal_flash_ex.c **** 
 445:board/stm32f401rct6/Drivers/STM32F4xx_HAL_Driver/Src/stm32f4xx_hal_flash_ex.c **** /**
 446:board/stm32f401rct6/Drivers/STM32F4xx_HAL_Driver/Src/stm32f4xx_hal_flash_ex.c ****   * @brief  Select the Protection Mode
 447:board/stm32f401rct6/Drivers/STM32F4xx_HAL_Driver/Src/stm32f4xx_hal_flash_ex.c ****   *
 448:board/stm32f401rct6/Drivers/STM32F4xx_HAL_Driver/Src/stm32f4xx_hal_flash_ex.c ****   * @note   After PCROP activated Option Byte modification NOT POSSIBLE! excepted
 449:board/stm32f401rct6/Drivers/STM32F4xx_HAL_Driver/Src/stm32f4xx_hal_flash_ex.c ****   *         Global Read Out Protection modification (from level1 to level0)
 450:board/stm32f401rct6/Drivers/STM32F4xx_HAL_Driver/Src/stm32f4xx_hal_flash_ex.c ****   * @note   Once SPRMOD bit is active unprotection of a protected sector is not possible
 451:board/stm32f401rct6/Drivers/STM32F4xx_HAL_Driver/Src/stm32f4xx_hal_flash_ex.c ****   * @note   Read a protected sector will set RDERR Flag and write a protected sector will set WRPER
 452:board/stm32f401rct6/Drivers/STM32F4xx_HAL_Driver/Src/stm32f4xx_hal_flash_ex.c ****   * @note   This function can be used only for STM32F42xxx/STM32F43xxx/STM32F401xx/STM32F411xx/STM3
 453:board/stm32f401rct6/Drivers/STM32F4xx_HAL_Driver/Src/stm32f4xx_hal_flash_ex.c ****   *         STM32F469xx/STM32F479xx/STM32F412xx/STM32F413xx devices.
 454:board/stm32f401rct6/Drivers/STM32F4xx_HAL_Driver/Src/stm32f4xx_hal_flash_ex.c ****   *
 455:board/stm32f401rct6/Drivers/STM32F4xx_HAL_Driver/Src/stm32f4xx_hal_flash_ex.c ****   * @retval HAL Status
 456:board/stm32f401rct6/Drivers/STM32F4xx_HAL_Driver/Src/stm32f4xx_hal_flash_ex.c ****   */
 457:board/stm32f401rct6/Drivers/STM32F4xx_HAL_Driver/Src/stm32f4xx_hal_flash_ex.c **** HAL_StatusTypeDef HAL_FLASHEx_OB_SelectPCROP(void)
 458:board/stm32f401rct6/Drivers/STM32F4xx_HAL_Driver/Src/stm32f4xx_hal_flash_ex.c **** {
 459:board/stm32f401rct6/Drivers/STM32F4xx_HAL_Driver/Src/stm32f4xx_hal_flash_ex.c ****   uint8_t optiontmp = 0xFF;
 460:board/stm32f401rct6/Drivers/STM32F4xx_HAL_Driver/Src/stm32f4xx_hal_flash_ex.c **** 
 461:board/stm32f401rct6/Drivers/STM32F4xx_HAL_Driver/Src/stm32f4xx_hal_flash_ex.c ****   /* Mask SPRMOD bit */
 462:board/stm32f401rct6/Drivers/STM32F4xx_HAL_Driver/Src/stm32f4xx_hal_flash_ex.c ****   optiontmp = (uint8_t)((*(__IO uint8_t *)OPTCR_BYTE3_ADDRESS) & (uint8_t)0x7F);
 463:board/stm32f401rct6/Drivers/STM32F4xx_HAL_Driver/Src/stm32f4xx_hal_flash_ex.c **** 
 464:board/stm32f401rct6/Drivers/STM32F4xx_HAL_Driver/Src/stm32f4xx_hal_flash_ex.c ****   /* Update Option Byte */
 465:board/stm32f401rct6/Drivers/STM32F4xx_HAL_Driver/Src/stm32f4xx_hal_flash_ex.c ****   *(__IO uint8_t *)OPTCR_BYTE3_ADDRESS = (uint8_t)(OB_PCROP_SELECTED | optiontmp);
 466:board/stm32f401rct6/Drivers/STM32F4xx_HAL_Driver/Src/stm32f4xx_hal_flash_ex.c **** 
 467:board/stm32f401rct6/Drivers/STM32F4xx_HAL_Driver/Src/stm32f4xx_hal_flash_ex.c ****   return HAL_OK;
 468:board/stm32f401rct6/Drivers/STM32F4xx_HAL_Driver/Src/stm32f4xx_hal_flash_ex.c **** }
 469:board/stm32f401rct6/Drivers/STM32F4xx_HAL_Driver/Src/stm32f4xx_hal_flash_ex.c **** 
 470:board/stm32f401rct6/Drivers/STM32F4xx_HAL_Driver/Src/stm32f4xx_hal_flash_ex.c **** /**
 471:board/stm32f401rct6/Drivers/STM32F4xx_HAL_Driver/Src/stm32f4xx_hal_flash_ex.c ****   * @brief  Deselect the Protection Mode
 472:board/stm32f401rct6/Drivers/STM32F4xx_HAL_Driver/Src/stm32f4xx_hal_flash_ex.c ****   *
 473:board/stm32f401rct6/Drivers/STM32F4xx_HAL_Driver/Src/stm32f4xx_hal_flash_ex.c ****   * @note   After PCROP activated Option Byte modification NOT POSSIBLE! excepted
 474:board/stm32f401rct6/Drivers/STM32F4xx_HAL_Driver/Src/stm32f4xx_hal_flash_ex.c ****   *         Global Read Out Protection modification (from level1 to level0)
 475:board/stm32f401rct6/Drivers/STM32F4xx_HAL_Driver/Src/stm32f4xx_hal_flash_ex.c ****   * @note   Once SPRMOD bit is active unprotection of a protected sector is not possible
 476:board/stm32f401rct6/Drivers/STM32F4xx_HAL_Driver/Src/stm32f4xx_hal_flash_ex.c ****   * @note   Read a protected sector will set RDERR Flag and write a protected sector will set WRPER
 477:board/stm32f401rct6/Drivers/STM32F4xx_HAL_Driver/Src/stm32f4xx_hal_flash_ex.c ****   * @note   This function can be used only for STM32F42xxx/STM32F43xxx/STM32F401xx/STM32F411xx/STM3
 478:board/stm32f401rct6/Drivers/STM32F4xx_HAL_Driver/Src/stm32f4xx_hal_flash_ex.c ****   *         STM32F469xx/STM32F479xx/STM32F412xx/STM32F413xx devices.
 479:board/stm32f401rct6/Drivers/STM32F4xx_HAL_Driver/Src/stm32f4xx_hal_flash_ex.c ****   *
 480:board/stm32f401rct6/Drivers/STM32F4xx_HAL_Driver/Src/stm32f4xx_hal_flash_ex.c ****   * @retval HAL Status
 481:board/stm32f401rct6/Drivers/STM32F4xx_HAL_Driver/Src/stm32f4xx_hal_flash_ex.c ****   */
 482:board/stm32f401rct6/Drivers/STM32F4xx_HAL_Driver/Src/stm32f4xx_hal_flash_ex.c **** HAL_StatusTypeDef HAL_FLASHEx_OB_DeSelectPCROP(void)
 483:board/stm32f401rct6/Drivers/STM32F4xx_HAL_Driver/Src/stm32f4xx_hal_flash_ex.c **** {
 484:board/stm32f401rct6/Drivers/STM32F4xx_HAL_Driver/Src/stm32f4xx_hal_flash_ex.c ****   uint8_t optiontmp = 0xFF;
 485:board/stm32f401rct6/Drivers/STM32F4xx_HAL_Driver/Src/stm32f4xx_hal_flash_ex.c **** 
 486:board/stm32f401rct6/Drivers/STM32F4xx_HAL_Driver/Src/stm32f4xx_hal_flash_ex.c ****   /* Mask SPRMOD bit */
ARM GAS  C:\Users\Admin\AppData\Local\Temp\ccIG7MAZ.s 			page 10


 487:board/stm32f401rct6/Drivers/STM32F4xx_HAL_Driver/Src/stm32f4xx_hal_flash_ex.c ****   optiontmp = (uint8_t)((*(__IO uint8_t *)OPTCR_BYTE3_ADDRESS) & (uint8_t)0x7F);
 488:board/stm32f401rct6/Drivers/STM32F4xx_HAL_Driver/Src/stm32f4xx_hal_flash_ex.c **** 
 489:board/stm32f401rct6/Drivers/STM32F4xx_HAL_Driver/Src/stm32f4xx_hal_flash_ex.c ****   /* Update Option Byte */
 490:board/stm32f401rct6/Drivers/STM32F4xx_HAL_Driver/Src/stm32f4xx_hal_flash_ex.c ****   *(__IO uint8_t *)OPTCR_BYTE3_ADDRESS = (uint8_t)(OB_PCROP_DESELECTED | optiontmp);
 491:board/stm32f401rct6/Drivers/STM32F4xx_HAL_Driver/Src/stm32f4xx_hal_flash_ex.c **** 
 492:board/stm32f401rct6/Drivers/STM32F4xx_HAL_Driver/Src/stm32f4xx_hal_flash_ex.c ****   return HAL_OK;
 493:board/stm32f401rct6/Drivers/STM32F4xx_HAL_Driver/Src/stm32f4xx_hal_flash_ex.c **** }
 494:board/stm32f401rct6/Drivers/STM32F4xx_HAL_Driver/Src/stm32f4xx_hal_flash_ex.c **** #endif /* STM32F427xx || STM32F437xx || STM32F429xx || STM32F439xx || STM32F401xC || STM32F401xE ||
 495:board/stm32f401rct6/Drivers/STM32F4xx_HAL_Driver/Src/stm32f4xx_hal_flash_ex.c ****           STM32F411xE || STM32F469xx || STM32F479xx || STM32F412Zx || STM32F412Vx || STM32F412Rx ||
 496:board/stm32f401rct6/Drivers/STM32F4xx_HAL_Driver/Src/stm32f4xx_hal_flash_ex.c ****           STM32F413xx || STM32F423xx */
 497:board/stm32f401rct6/Drivers/STM32F4xx_HAL_Driver/Src/stm32f4xx_hal_flash_ex.c **** 
 498:board/stm32f401rct6/Drivers/STM32F4xx_HAL_Driver/Src/stm32f4xx_hal_flash_ex.c **** #if defined(STM32F427xx) || defined(STM32F437xx) || defined(STM32F429xx)|| defined(STM32F439xx) || 
 499:board/stm32f401rct6/Drivers/STM32F4xx_HAL_Driver/Src/stm32f4xx_hal_flash_ex.c **** /**
 500:board/stm32f401rct6/Drivers/STM32F4xx_HAL_Driver/Src/stm32f4xx_hal_flash_ex.c ****   * @brief  Returns the FLASH Write Protection Option Bytes value for Bank 2
 501:board/stm32f401rct6/Drivers/STM32F4xx_HAL_Driver/Src/stm32f4xx_hal_flash_ex.c ****   * @note   This function can be used only for STM32F42xxx/STM32F43xxx/STM32F469xx/STM32F479xx devi
 502:board/stm32f401rct6/Drivers/STM32F4xx_HAL_Driver/Src/stm32f4xx_hal_flash_ex.c ****   * @retval The FLASH Write Protection  Option Bytes value
 503:board/stm32f401rct6/Drivers/STM32F4xx_HAL_Driver/Src/stm32f4xx_hal_flash_ex.c ****   */
 504:board/stm32f401rct6/Drivers/STM32F4xx_HAL_Driver/Src/stm32f4xx_hal_flash_ex.c **** uint16_t HAL_FLASHEx_OB_GetBank2WRP(void)
 505:board/stm32f401rct6/Drivers/STM32F4xx_HAL_Driver/Src/stm32f4xx_hal_flash_ex.c **** {
 506:board/stm32f401rct6/Drivers/STM32F4xx_HAL_Driver/Src/stm32f4xx_hal_flash_ex.c ****   /* Return the FLASH write protection Register value */
 507:board/stm32f401rct6/Drivers/STM32F4xx_HAL_Driver/Src/stm32f4xx_hal_flash_ex.c ****   return (*(__IO uint16_t *)(OPTCR1_BYTE2_ADDRESS));
 508:board/stm32f401rct6/Drivers/STM32F4xx_HAL_Driver/Src/stm32f4xx_hal_flash_ex.c **** }
 509:board/stm32f401rct6/Drivers/STM32F4xx_HAL_Driver/Src/stm32f4xx_hal_flash_ex.c **** #endif /* STM32F427xx || STM32F437xx || STM32F429xx || STM32F439xx || STM32F469xx || STM32F479xx */
 510:board/stm32f401rct6/Drivers/STM32F4xx_HAL_Driver/Src/stm32f4xx_hal_flash_ex.c **** 
 511:board/stm32f401rct6/Drivers/STM32F4xx_HAL_Driver/Src/stm32f4xx_hal_flash_ex.c **** /**
 512:board/stm32f401rct6/Drivers/STM32F4xx_HAL_Driver/Src/stm32f4xx_hal_flash_ex.c ****   * @}
 513:board/stm32f401rct6/Drivers/STM32F4xx_HAL_Driver/Src/stm32f4xx_hal_flash_ex.c ****   */
 514:board/stm32f401rct6/Drivers/STM32F4xx_HAL_Driver/Src/stm32f4xx_hal_flash_ex.c **** 
 515:board/stm32f401rct6/Drivers/STM32F4xx_HAL_Driver/Src/stm32f4xx_hal_flash_ex.c **** #if defined(STM32F427xx) || defined(STM32F437xx) || defined(STM32F429xx) || defined(STM32F439xx) ||
 516:board/stm32f401rct6/Drivers/STM32F4xx_HAL_Driver/Src/stm32f4xx_hal_flash_ex.c **** /**
 517:board/stm32f401rct6/Drivers/STM32F4xx_HAL_Driver/Src/stm32f4xx_hal_flash_ex.c ****   * @brief  Full erase of FLASH memory sectors
 518:board/stm32f401rct6/Drivers/STM32F4xx_HAL_Driver/Src/stm32f4xx_hal_flash_ex.c ****   * @param  VoltageRange The device voltage range which defines the erase parallelism.
 519:board/stm32f401rct6/Drivers/STM32F4xx_HAL_Driver/Src/stm32f4xx_hal_flash_ex.c ****   *          This parameter can be one of the following values:
 520:board/stm32f401rct6/Drivers/STM32F4xx_HAL_Driver/Src/stm32f4xx_hal_flash_ex.c ****   *            @arg FLASH_VOLTAGE_RANGE_1: when the device voltage range is 1.8V to 2.1V,
 521:board/stm32f401rct6/Drivers/STM32F4xx_HAL_Driver/Src/stm32f4xx_hal_flash_ex.c ****   *                                  the operation will be done by byte (8-bit)
 522:board/stm32f401rct6/Drivers/STM32F4xx_HAL_Driver/Src/stm32f4xx_hal_flash_ex.c ****   *            @arg FLASH_VOLTAGE_RANGE_2: when the device voltage range is 2.1V to 2.7V,
 523:board/stm32f401rct6/Drivers/STM32F4xx_HAL_Driver/Src/stm32f4xx_hal_flash_ex.c ****   *                                  the operation will be done by half word (16-bit)
 524:board/stm32f401rct6/Drivers/STM32F4xx_HAL_Driver/Src/stm32f4xx_hal_flash_ex.c ****   *            @arg FLASH_VOLTAGE_RANGE_3: when the device voltage range is 2.7V to 3.6V,
 525:board/stm32f401rct6/Drivers/STM32F4xx_HAL_Driver/Src/stm32f4xx_hal_flash_ex.c ****   *                                  the operation will be done by word (32-bit)
 526:board/stm32f401rct6/Drivers/STM32F4xx_HAL_Driver/Src/stm32f4xx_hal_flash_ex.c ****   *            @arg FLASH_VOLTAGE_RANGE_4: when the device voltage range is 2.7V to 3.6V + External
 527:board/stm32f401rct6/Drivers/STM32F4xx_HAL_Driver/Src/stm32f4xx_hal_flash_ex.c ****   *                                  the operation will be done by double word (64-bit)
 528:board/stm32f401rct6/Drivers/STM32F4xx_HAL_Driver/Src/stm32f4xx_hal_flash_ex.c ****   *
 529:board/stm32f401rct6/Drivers/STM32F4xx_HAL_Driver/Src/stm32f4xx_hal_flash_ex.c ****   * @param  Banks Banks to be erased
 530:board/stm32f401rct6/Drivers/STM32F4xx_HAL_Driver/Src/stm32f4xx_hal_flash_ex.c ****   *          This parameter can be one of the following values:
 531:board/stm32f401rct6/Drivers/STM32F4xx_HAL_Driver/Src/stm32f4xx_hal_flash_ex.c ****   *            @arg FLASH_BANK_1: Bank1 to be erased
 532:board/stm32f401rct6/Drivers/STM32F4xx_HAL_Driver/Src/stm32f4xx_hal_flash_ex.c ****   *            @arg FLASH_BANK_2: Bank2 to be erased
 533:board/stm32f401rct6/Drivers/STM32F4xx_HAL_Driver/Src/stm32f4xx_hal_flash_ex.c ****   *            @arg FLASH_BANK_BOTH: Bank1 and Bank2 to be erased
 534:board/stm32f401rct6/Drivers/STM32F4xx_HAL_Driver/Src/stm32f4xx_hal_flash_ex.c ****   *
 535:board/stm32f401rct6/Drivers/STM32F4xx_HAL_Driver/Src/stm32f4xx_hal_flash_ex.c ****   * @retval HAL Status
 536:board/stm32f401rct6/Drivers/STM32F4xx_HAL_Driver/Src/stm32f4xx_hal_flash_ex.c ****   */
 537:board/stm32f401rct6/Drivers/STM32F4xx_HAL_Driver/Src/stm32f4xx_hal_flash_ex.c **** static void FLASH_MassErase(uint8_t VoltageRange, uint32_t Banks)
 538:board/stm32f401rct6/Drivers/STM32F4xx_HAL_Driver/Src/stm32f4xx_hal_flash_ex.c **** {
 539:board/stm32f401rct6/Drivers/STM32F4xx_HAL_Driver/Src/stm32f4xx_hal_flash_ex.c ****   /* Check the parameters */
 540:board/stm32f401rct6/Drivers/STM32F4xx_HAL_Driver/Src/stm32f4xx_hal_flash_ex.c ****   assert_param(IS_VOLTAGERANGE(VoltageRange));
 541:board/stm32f401rct6/Drivers/STM32F4xx_HAL_Driver/Src/stm32f4xx_hal_flash_ex.c ****   assert_param(IS_FLASH_BANK(Banks));
 542:board/stm32f401rct6/Drivers/STM32F4xx_HAL_Driver/Src/stm32f4xx_hal_flash_ex.c **** 
 543:board/stm32f401rct6/Drivers/STM32F4xx_HAL_Driver/Src/stm32f4xx_hal_flash_ex.c ****   /* if the previous operation is completed, proceed to erase all sectors */
ARM GAS  C:\Users\Admin\AppData\Local\Temp\ccIG7MAZ.s 			page 11


 544:board/stm32f401rct6/Drivers/STM32F4xx_HAL_Driver/Src/stm32f4xx_hal_flash_ex.c ****   CLEAR_BIT(FLASH->CR, FLASH_CR_PSIZE);
 545:board/stm32f401rct6/Drivers/STM32F4xx_HAL_Driver/Src/stm32f4xx_hal_flash_ex.c **** 
 546:board/stm32f401rct6/Drivers/STM32F4xx_HAL_Driver/Src/stm32f4xx_hal_flash_ex.c ****   if (Banks == FLASH_BANK_BOTH)
 547:board/stm32f401rct6/Drivers/STM32F4xx_HAL_Driver/Src/stm32f4xx_hal_flash_ex.c ****   {
 548:board/stm32f401rct6/Drivers/STM32F4xx_HAL_Driver/Src/stm32f4xx_hal_flash_ex.c ****     /* bank1 & bank2 will be erased*/
 549:board/stm32f401rct6/Drivers/STM32F4xx_HAL_Driver/Src/stm32f4xx_hal_flash_ex.c ****     FLASH->CR |= FLASH_MER_BIT;
 550:board/stm32f401rct6/Drivers/STM32F4xx_HAL_Driver/Src/stm32f4xx_hal_flash_ex.c ****   }
 551:board/stm32f401rct6/Drivers/STM32F4xx_HAL_Driver/Src/stm32f4xx_hal_flash_ex.c ****   else if (Banks == FLASH_BANK_1)
 552:board/stm32f401rct6/Drivers/STM32F4xx_HAL_Driver/Src/stm32f4xx_hal_flash_ex.c ****   {
 553:board/stm32f401rct6/Drivers/STM32F4xx_HAL_Driver/Src/stm32f4xx_hal_flash_ex.c ****     /*Only bank1 will be erased*/
 554:board/stm32f401rct6/Drivers/STM32F4xx_HAL_Driver/Src/stm32f4xx_hal_flash_ex.c ****     FLASH->CR |= FLASH_CR_MER1;
 555:board/stm32f401rct6/Drivers/STM32F4xx_HAL_Driver/Src/stm32f4xx_hal_flash_ex.c ****   }
 556:board/stm32f401rct6/Drivers/STM32F4xx_HAL_Driver/Src/stm32f4xx_hal_flash_ex.c ****   else
 557:board/stm32f401rct6/Drivers/STM32F4xx_HAL_Driver/Src/stm32f4xx_hal_flash_ex.c ****   {
 558:board/stm32f401rct6/Drivers/STM32F4xx_HAL_Driver/Src/stm32f4xx_hal_flash_ex.c ****     /*Only bank2 will be erased*/
 559:board/stm32f401rct6/Drivers/STM32F4xx_HAL_Driver/Src/stm32f4xx_hal_flash_ex.c ****     FLASH->CR |= FLASH_CR_MER2;
 560:board/stm32f401rct6/Drivers/STM32F4xx_HAL_Driver/Src/stm32f4xx_hal_flash_ex.c ****   }
 561:board/stm32f401rct6/Drivers/STM32F4xx_HAL_Driver/Src/stm32f4xx_hal_flash_ex.c ****   FLASH->CR |= FLASH_CR_STRT | ((uint32_t)VoltageRange << 8U);
 562:board/stm32f401rct6/Drivers/STM32F4xx_HAL_Driver/Src/stm32f4xx_hal_flash_ex.c **** }
 563:board/stm32f401rct6/Drivers/STM32F4xx_HAL_Driver/Src/stm32f4xx_hal_flash_ex.c **** 
 564:board/stm32f401rct6/Drivers/STM32F4xx_HAL_Driver/Src/stm32f4xx_hal_flash_ex.c **** /**
 565:board/stm32f401rct6/Drivers/STM32F4xx_HAL_Driver/Src/stm32f4xx_hal_flash_ex.c ****   * @brief  Erase the specified FLASH memory sector
 566:board/stm32f401rct6/Drivers/STM32F4xx_HAL_Driver/Src/stm32f4xx_hal_flash_ex.c ****   * @param  Sector FLASH sector to erase
 567:board/stm32f401rct6/Drivers/STM32F4xx_HAL_Driver/Src/stm32f4xx_hal_flash_ex.c ****   *         The value of this parameter depend on device used within the same series
 568:board/stm32f401rct6/Drivers/STM32F4xx_HAL_Driver/Src/stm32f4xx_hal_flash_ex.c ****   * @param  VoltageRange The device voltage range which defines the erase parallelism.
 569:board/stm32f401rct6/Drivers/STM32F4xx_HAL_Driver/Src/stm32f4xx_hal_flash_ex.c ****   *          This parameter can be one of the following values:
 570:board/stm32f401rct6/Drivers/STM32F4xx_HAL_Driver/Src/stm32f4xx_hal_flash_ex.c ****   *            @arg FLASH_VOLTAGE_RANGE_1: when the device voltage range is 1.8V to 2.1V,
 571:board/stm32f401rct6/Drivers/STM32F4xx_HAL_Driver/Src/stm32f4xx_hal_flash_ex.c ****   *                                  the operation will be done by byte (8-bit)
 572:board/stm32f401rct6/Drivers/STM32F4xx_HAL_Driver/Src/stm32f4xx_hal_flash_ex.c ****   *            @arg FLASH_VOLTAGE_RANGE_2: when the device voltage range is 2.1V to 2.7V,
 573:board/stm32f401rct6/Drivers/STM32F4xx_HAL_Driver/Src/stm32f4xx_hal_flash_ex.c ****   *                                  the operation will be done by half word (16-bit)
 574:board/stm32f401rct6/Drivers/STM32F4xx_HAL_Driver/Src/stm32f4xx_hal_flash_ex.c ****   *            @arg FLASH_VOLTAGE_RANGE_3: when the device voltage range is 2.7V to 3.6V,
 575:board/stm32f401rct6/Drivers/STM32F4xx_HAL_Driver/Src/stm32f4xx_hal_flash_ex.c ****   *                                  the operation will be done by word (32-bit)
 576:board/stm32f401rct6/Drivers/STM32F4xx_HAL_Driver/Src/stm32f4xx_hal_flash_ex.c ****   *            @arg FLASH_VOLTAGE_RANGE_4: when the device voltage range is 2.7V to 3.6V + External
 577:board/stm32f401rct6/Drivers/STM32F4xx_HAL_Driver/Src/stm32f4xx_hal_flash_ex.c ****   *                                  the operation will be done by double word (64-bit)
 578:board/stm32f401rct6/Drivers/STM32F4xx_HAL_Driver/Src/stm32f4xx_hal_flash_ex.c ****   *
 579:board/stm32f401rct6/Drivers/STM32F4xx_HAL_Driver/Src/stm32f4xx_hal_flash_ex.c ****   * @retval None
 580:board/stm32f401rct6/Drivers/STM32F4xx_HAL_Driver/Src/stm32f4xx_hal_flash_ex.c ****   */
 581:board/stm32f401rct6/Drivers/STM32F4xx_HAL_Driver/Src/stm32f4xx_hal_flash_ex.c **** void FLASH_Erase_Sector(uint32_t Sector, uint8_t VoltageRange)
 582:board/stm32f401rct6/Drivers/STM32F4xx_HAL_Driver/Src/stm32f4xx_hal_flash_ex.c **** {
 583:board/stm32f401rct6/Drivers/STM32F4xx_HAL_Driver/Src/stm32f4xx_hal_flash_ex.c ****   uint32_t tmp_psize = 0U;
 584:board/stm32f401rct6/Drivers/STM32F4xx_HAL_Driver/Src/stm32f4xx_hal_flash_ex.c **** 
 585:board/stm32f401rct6/Drivers/STM32F4xx_HAL_Driver/Src/stm32f4xx_hal_flash_ex.c ****   /* Check the parameters */
 586:board/stm32f401rct6/Drivers/STM32F4xx_HAL_Driver/Src/stm32f4xx_hal_flash_ex.c ****   assert_param(IS_FLASH_SECTOR(Sector));
 587:board/stm32f401rct6/Drivers/STM32F4xx_HAL_Driver/Src/stm32f4xx_hal_flash_ex.c ****   assert_param(IS_VOLTAGERANGE(VoltageRange));
 588:board/stm32f401rct6/Drivers/STM32F4xx_HAL_Driver/Src/stm32f4xx_hal_flash_ex.c **** 
 589:board/stm32f401rct6/Drivers/STM32F4xx_HAL_Driver/Src/stm32f4xx_hal_flash_ex.c ****   if (VoltageRange == FLASH_VOLTAGE_RANGE_1)
 590:board/stm32f401rct6/Drivers/STM32F4xx_HAL_Driver/Src/stm32f4xx_hal_flash_ex.c ****   {
 591:board/stm32f401rct6/Drivers/STM32F4xx_HAL_Driver/Src/stm32f4xx_hal_flash_ex.c ****     tmp_psize = FLASH_PSIZE_BYTE;
 592:board/stm32f401rct6/Drivers/STM32F4xx_HAL_Driver/Src/stm32f4xx_hal_flash_ex.c ****   }
 593:board/stm32f401rct6/Drivers/STM32F4xx_HAL_Driver/Src/stm32f4xx_hal_flash_ex.c ****   else if (VoltageRange == FLASH_VOLTAGE_RANGE_2)
 594:board/stm32f401rct6/Drivers/STM32F4xx_HAL_Driver/Src/stm32f4xx_hal_flash_ex.c ****   {
 595:board/stm32f401rct6/Drivers/STM32F4xx_HAL_Driver/Src/stm32f4xx_hal_flash_ex.c ****     tmp_psize = FLASH_PSIZE_HALF_WORD;
 596:board/stm32f401rct6/Drivers/STM32F4xx_HAL_Driver/Src/stm32f4xx_hal_flash_ex.c ****   }
 597:board/stm32f401rct6/Drivers/STM32F4xx_HAL_Driver/Src/stm32f4xx_hal_flash_ex.c ****   else if (VoltageRange == FLASH_VOLTAGE_RANGE_3)
 598:board/stm32f401rct6/Drivers/STM32F4xx_HAL_Driver/Src/stm32f4xx_hal_flash_ex.c ****   {
 599:board/stm32f401rct6/Drivers/STM32F4xx_HAL_Driver/Src/stm32f4xx_hal_flash_ex.c ****     tmp_psize = FLASH_PSIZE_WORD;
 600:board/stm32f401rct6/Drivers/STM32F4xx_HAL_Driver/Src/stm32f4xx_hal_flash_ex.c ****   }
ARM GAS  C:\Users\Admin\AppData\Local\Temp\ccIG7MAZ.s 			page 12


 601:board/stm32f401rct6/Drivers/STM32F4xx_HAL_Driver/Src/stm32f4xx_hal_flash_ex.c ****   else
 602:board/stm32f401rct6/Drivers/STM32F4xx_HAL_Driver/Src/stm32f4xx_hal_flash_ex.c ****   {
 603:board/stm32f401rct6/Drivers/STM32F4xx_HAL_Driver/Src/stm32f4xx_hal_flash_ex.c ****     tmp_psize = FLASH_PSIZE_DOUBLE_WORD;
 604:board/stm32f401rct6/Drivers/STM32F4xx_HAL_Driver/Src/stm32f4xx_hal_flash_ex.c ****   }
 605:board/stm32f401rct6/Drivers/STM32F4xx_HAL_Driver/Src/stm32f4xx_hal_flash_ex.c **** 
 606:board/stm32f401rct6/Drivers/STM32F4xx_HAL_Driver/Src/stm32f4xx_hal_flash_ex.c ****   /* Need to add offset of 4 when sector higher than FLASH_SECTOR_11 */
 607:board/stm32f401rct6/Drivers/STM32F4xx_HAL_Driver/Src/stm32f4xx_hal_flash_ex.c ****   if (Sector > FLASH_SECTOR_11)
 608:board/stm32f401rct6/Drivers/STM32F4xx_HAL_Driver/Src/stm32f4xx_hal_flash_ex.c ****   {
 609:board/stm32f401rct6/Drivers/STM32F4xx_HAL_Driver/Src/stm32f4xx_hal_flash_ex.c ****     Sector += 4U;
 610:board/stm32f401rct6/Drivers/STM32F4xx_HAL_Driver/Src/stm32f4xx_hal_flash_ex.c ****   }
 611:board/stm32f401rct6/Drivers/STM32F4xx_HAL_Driver/Src/stm32f4xx_hal_flash_ex.c ****   /* If the previous operation is completed, proceed to erase the sector */
 612:board/stm32f401rct6/Drivers/STM32F4xx_HAL_Driver/Src/stm32f4xx_hal_flash_ex.c ****   CLEAR_BIT(FLASH->CR, FLASH_CR_PSIZE);
 613:board/stm32f401rct6/Drivers/STM32F4xx_HAL_Driver/Src/stm32f4xx_hal_flash_ex.c ****   FLASH->CR |= tmp_psize;
 614:board/stm32f401rct6/Drivers/STM32F4xx_HAL_Driver/Src/stm32f4xx_hal_flash_ex.c ****   CLEAR_BIT(FLASH->CR, FLASH_CR_SNB);
 615:board/stm32f401rct6/Drivers/STM32F4xx_HAL_Driver/Src/stm32f4xx_hal_flash_ex.c ****   FLASH->CR |= FLASH_CR_SER | (Sector << FLASH_CR_SNB_Pos);
 616:board/stm32f401rct6/Drivers/STM32F4xx_HAL_Driver/Src/stm32f4xx_hal_flash_ex.c ****   FLASH->CR |= FLASH_CR_STRT;
 617:board/stm32f401rct6/Drivers/STM32F4xx_HAL_Driver/Src/stm32f4xx_hal_flash_ex.c **** }
 618:board/stm32f401rct6/Drivers/STM32F4xx_HAL_Driver/Src/stm32f4xx_hal_flash_ex.c **** 
 619:board/stm32f401rct6/Drivers/STM32F4xx_HAL_Driver/Src/stm32f4xx_hal_flash_ex.c **** /**
 620:board/stm32f401rct6/Drivers/STM32F4xx_HAL_Driver/Src/stm32f4xx_hal_flash_ex.c ****   * @brief  Enable the write protection of the desired bank1 or bank 2 sectors
 621:board/stm32f401rct6/Drivers/STM32F4xx_HAL_Driver/Src/stm32f4xx_hal_flash_ex.c ****   *
 622:board/stm32f401rct6/Drivers/STM32F4xx_HAL_Driver/Src/stm32f4xx_hal_flash_ex.c ****   * @note   When the memory read protection level is selected (RDP level = 1),
 623:board/stm32f401rct6/Drivers/STM32F4xx_HAL_Driver/Src/stm32f4xx_hal_flash_ex.c ****   *         it is not possible to program or erase the flash sector i if CortexM4
 624:board/stm32f401rct6/Drivers/STM32F4xx_HAL_Driver/Src/stm32f4xx_hal_flash_ex.c ****   *         debug features are connected or boot code is executed in RAM, even if nWRPi = 1
 625:board/stm32f401rct6/Drivers/STM32F4xx_HAL_Driver/Src/stm32f4xx_hal_flash_ex.c ****   * @note   Active value of nWRPi bits is inverted when PCROP mode is active (SPRMOD =1).
 626:board/stm32f401rct6/Drivers/STM32F4xx_HAL_Driver/Src/stm32f4xx_hal_flash_ex.c ****   *
 627:board/stm32f401rct6/Drivers/STM32F4xx_HAL_Driver/Src/stm32f4xx_hal_flash_ex.c ****   * @param  WRPSector specifies the sector(s) to be write protected.
 628:board/stm32f401rct6/Drivers/STM32F4xx_HAL_Driver/Src/stm32f4xx_hal_flash_ex.c ****   *          This parameter can be one of the following values:
 629:board/stm32f401rct6/Drivers/STM32F4xx_HAL_Driver/Src/stm32f4xx_hal_flash_ex.c ****   *            @arg WRPSector: A value between OB_WRP_SECTOR_0 and OB_WRP_SECTOR_23
 630:board/stm32f401rct6/Drivers/STM32F4xx_HAL_Driver/Src/stm32f4xx_hal_flash_ex.c ****   *            @arg OB_WRP_SECTOR_All
 631:board/stm32f401rct6/Drivers/STM32F4xx_HAL_Driver/Src/stm32f4xx_hal_flash_ex.c ****   * @note   BANK2 starts from OB_WRP_SECTOR_12
 632:board/stm32f401rct6/Drivers/STM32F4xx_HAL_Driver/Src/stm32f4xx_hal_flash_ex.c ****   *
 633:board/stm32f401rct6/Drivers/STM32F4xx_HAL_Driver/Src/stm32f4xx_hal_flash_ex.c ****   * @param  Banks Enable write protection on all the sectors for the specific bank
 634:board/stm32f401rct6/Drivers/STM32F4xx_HAL_Driver/Src/stm32f4xx_hal_flash_ex.c ****   *          This parameter can be one of the following values:
 635:board/stm32f401rct6/Drivers/STM32F4xx_HAL_Driver/Src/stm32f4xx_hal_flash_ex.c ****   *            @arg FLASH_BANK_1: WRP on all sectors of bank1
 636:board/stm32f401rct6/Drivers/STM32F4xx_HAL_Driver/Src/stm32f4xx_hal_flash_ex.c ****   *            @arg FLASH_BANK_2: WRP on all sectors of bank2
 637:board/stm32f401rct6/Drivers/STM32F4xx_HAL_Driver/Src/stm32f4xx_hal_flash_ex.c ****   *            @arg FLASH_BANK_BOTH: WRP on all sectors of bank1 & bank2
 638:board/stm32f401rct6/Drivers/STM32F4xx_HAL_Driver/Src/stm32f4xx_hal_flash_ex.c ****   *
 639:board/stm32f401rct6/Drivers/STM32F4xx_HAL_Driver/Src/stm32f4xx_hal_flash_ex.c ****   * @retval HAL FLASH State
 640:board/stm32f401rct6/Drivers/STM32F4xx_HAL_Driver/Src/stm32f4xx_hal_flash_ex.c ****   */
 641:board/stm32f401rct6/Drivers/STM32F4xx_HAL_Driver/Src/stm32f4xx_hal_flash_ex.c **** static HAL_StatusTypeDef FLASH_OB_EnableWRP(uint32_t WRPSector, uint32_t Banks)
 642:board/stm32f401rct6/Drivers/STM32F4xx_HAL_Driver/Src/stm32f4xx_hal_flash_ex.c **** {
 643:board/stm32f401rct6/Drivers/STM32F4xx_HAL_Driver/Src/stm32f4xx_hal_flash_ex.c ****   HAL_StatusTypeDef status = HAL_OK;
 644:board/stm32f401rct6/Drivers/STM32F4xx_HAL_Driver/Src/stm32f4xx_hal_flash_ex.c **** 
 645:board/stm32f401rct6/Drivers/STM32F4xx_HAL_Driver/Src/stm32f4xx_hal_flash_ex.c ****   /* Check the parameters */
 646:board/stm32f401rct6/Drivers/STM32F4xx_HAL_Driver/Src/stm32f4xx_hal_flash_ex.c ****   assert_param(IS_OB_WRP_SECTOR(WRPSector));
 647:board/stm32f401rct6/Drivers/STM32F4xx_HAL_Driver/Src/stm32f4xx_hal_flash_ex.c ****   assert_param(IS_FLASH_BANK(Banks));
 648:board/stm32f401rct6/Drivers/STM32F4xx_HAL_Driver/Src/stm32f4xx_hal_flash_ex.c **** 
 649:board/stm32f401rct6/Drivers/STM32F4xx_HAL_Driver/Src/stm32f4xx_hal_flash_ex.c ****   /* Wait for last operation to be completed */
 650:board/stm32f401rct6/Drivers/STM32F4xx_HAL_Driver/Src/stm32f4xx_hal_flash_ex.c ****   status = FLASH_WaitForLastOperation((uint32_t)FLASH_TIMEOUT_VALUE);
 651:board/stm32f401rct6/Drivers/STM32F4xx_HAL_Driver/Src/stm32f4xx_hal_flash_ex.c **** 
 652:board/stm32f401rct6/Drivers/STM32F4xx_HAL_Driver/Src/stm32f4xx_hal_flash_ex.c ****   if (status == HAL_OK)
 653:board/stm32f401rct6/Drivers/STM32F4xx_HAL_Driver/Src/stm32f4xx_hal_flash_ex.c ****   {
 654:board/stm32f401rct6/Drivers/STM32F4xx_HAL_Driver/Src/stm32f4xx_hal_flash_ex.c ****     if (((WRPSector == OB_WRP_SECTOR_All) && ((Banks == FLASH_BANK_1) || (Banks == FLASH_BANK_BOTH)
 655:board/stm32f401rct6/Drivers/STM32F4xx_HAL_Driver/Src/stm32f4xx_hal_flash_ex.c ****         (WRPSector < OB_WRP_SECTOR_12))
 656:board/stm32f401rct6/Drivers/STM32F4xx_HAL_Driver/Src/stm32f4xx_hal_flash_ex.c ****     {
 657:board/stm32f401rct6/Drivers/STM32F4xx_HAL_Driver/Src/stm32f4xx_hal_flash_ex.c ****       if (WRPSector == OB_WRP_SECTOR_All)
ARM GAS  C:\Users\Admin\AppData\Local\Temp\ccIG7MAZ.s 			page 13


 658:board/stm32f401rct6/Drivers/STM32F4xx_HAL_Driver/Src/stm32f4xx_hal_flash_ex.c ****       {
 659:board/stm32f401rct6/Drivers/STM32F4xx_HAL_Driver/Src/stm32f4xx_hal_flash_ex.c ****         /*Write protection on all sector of BANK1*/
 660:board/stm32f401rct6/Drivers/STM32F4xx_HAL_Driver/Src/stm32f4xx_hal_flash_ex.c ****         *(__IO uint16_t *)OPTCR_BYTE2_ADDRESS &= (~(WRPSector >> 12));
 661:board/stm32f401rct6/Drivers/STM32F4xx_HAL_Driver/Src/stm32f4xx_hal_flash_ex.c ****       }
 662:board/stm32f401rct6/Drivers/STM32F4xx_HAL_Driver/Src/stm32f4xx_hal_flash_ex.c ****       else
 663:board/stm32f401rct6/Drivers/STM32F4xx_HAL_Driver/Src/stm32f4xx_hal_flash_ex.c ****       {
 664:board/stm32f401rct6/Drivers/STM32F4xx_HAL_Driver/Src/stm32f4xx_hal_flash_ex.c ****         /*Write protection done on sectors of BANK1*/
 665:board/stm32f401rct6/Drivers/STM32F4xx_HAL_Driver/Src/stm32f4xx_hal_flash_ex.c ****         *(__IO uint16_t *)OPTCR_BYTE2_ADDRESS &= (~WRPSector);
 666:board/stm32f401rct6/Drivers/STM32F4xx_HAL_Driver/Src/stm32f4xx_hal_flash_ex.c ****       }
 667:board/stm32f401rct6/Drivers/STM32F4xx_HAL_Driver/Src/stm32f4xx_hal_flash_ex.c ****     }
 668:board/stm32f401rct6/Drivers/STM32F4xx_HAL_Driver/Src/stm32f4xx_hal_flash_ex.c ****     else
 669:board/stm32f401rct6/Drivers/STM32F4xx_HAL_Driver/Src/stm32f4xx_hal_flash_ex.c ****     {
 670:board/stm32f401rct6/Drivers/STM32F4xx_HAL_Driver/Src/stm32f4xx_hal_flash_ex.c ****       /*Write protection done on sectors of BANK2*/
 671:board/stm32f401rct6/Drivers/STM32F4xx_HAL_Driver/Src/stm32f4xx_hal_flash_ex.c ****       *(__IO uint16_t *)OPTCR1_BYTE2_ADDRESS &= (~(WRPSector >> 12));
 672:board/stm32f401rct6/Drivers/STM32F4xx_HAL_Driver/Src/stm32f4xx_hal_flash_ex.c ****     }
 673:board/stm32f401rct6/Drivers/STM32F4xx_HAL_Driver/Src/stm32f4xx_hal_flash_ex.c **** 
 674:board/stm32f401rct6/Drivers/STM32F4xx_HAL_Driver/Src/stm32f4xx_hal_flash_ex.c ****     /*Write protection on all sector of BANK2*/
 675:board/stm32f401rct6/Drivers/STM32F4xx_HAL_Driver/Src/stm32f4xx_hal_flash_ex.c ****     if ((WRPSector == OB_WRP_SECTOR_All) && (Banks == FLASH_BANK_BOTH))
 676:board/stm32f401rct6/Drivers/STM32F4xx_HAL_Driver/Src/stm32f4xx_hal_flash_ex.c ****     {
 677:board/stm32f401rct6/Drivers/STM32F4xx_HAL_Driver/Src/stm32f4xx_hal_flash_ex.c ****       /* Wait for last operation to be completed */
 678:board/stm32f401rct6/Drivers/STM32F4xx_HAL_Driver/Src/stm32f4xx_hal_flash_ex.c ****       status = FLASH_WaitForLastOperation((uint32_t)FLASH_TIMEOUT_VALUE);
 679:board/stm32f401rct6/Drivers/STM32F4xx_HAL_Driver/Src/stm32f4xx_hal_flash_ex.c **** 
 680:board/stm32f401rct6/Drivers/STM32F4xx_HAL_Driver/Src/stm32f4xx_hal_flash_ex.c ****       if (status == HAL_OK)
 681:board/stm32f401rct6/Drivers/STM32F4xx_HAL_Driver/Src/stm32f4xx_hal_flash_ex.c ****       {
 682:board/stm32f401rct6/Drivers/STM32F4xx_HAL_Driver/Src/stm32f4xx_hal_flash_ex.c ****         *(__IO uint16_t *)OPTCR1_BYTE2_ADDRESS &= (~(WRPSector >> 12));
 683:board/stm32f401rct6/Drivers/STM32F4xx_HAL_Driver/Src/stm32f4xx_hal_flash_ex.c ****       }
 684:board/stm32f401rct6/Drivers/STM32F4xx_HAL_Driver/Src/stm32f4xx_hal_flash_ex.c ****     }
 685:board/stm32f401rct6/Drivers/STM32F4xx_HAL_Driver/Src/stm32f4xx_hal_flash_ex.c **** 
 686:board/stm32f401rct6/Drivers/STM32F4xx_HAL_Driver/Src/stm32f4xx_hal_flash_ex.c ****   }
 687:board/stm32f401rct6/Drivers/STM32F4xx_HAL_Driver/Src/stm32f4xx_hal_flash_ex.c ****   return status;
 688:board/stm32f401rct6/Drivers/STM32F4xx_HAL_Driver/Src/stm32f4xx_hal_flash_ex.c **** }
 689:board/stm32f401rct6/Drivers/STM32F4xx_HAL_Driver/Src/stm32f4xx_hal_flash_ex.c **** 
 690:board/stm32f401rct6/Drivers/STM32F4xx_HAL_Driver/Src/stm32f4xx_hal_flash_ex.c **** /**
 691:board/stm32f401rct6/Drivers/STM32F4xx_HAL_Driver/Src/stm32f4xx_hal_flash_ex.c ****   * @brief  Disable the write protection of the desired bank1 or bank 2 sectors
 692:board/stm32f401rct6/Drivers/STM32F4xx_HAL_Driver/Src/stm32f4xx_hal_flash_ex.c ****   *
 693:board/stm32f401rct6/Drivers/STM32F4xx_HAL_Driver/Src/stm32f4xx_hal_flash_ex.c ****   * @note   When the memory read protection level is selected (RDP level = 1),
 694:board/stm32f401rct6/Drivers/STM32F4xx_HAL_Driver/Src/stm32f4xx_hal_flash_ex.c ****   *         it is not possible to program or erase the flash sector i if CortexM4
 695:board/stm32f401rct6/Drivers/STM32F4xx_HAL_Driver/Src/stm32f4xx_hal_flash_ex.c ****   *         debug features are connected or boot code is executed in RAM, even if nWRPi = 1
 696:board/stm32f401rct6/Drivers/STM32F4xx_HAL_Driver/Src/stm32f4xx_hal_flash_ex.c ****   * @note   Active value of nWRPi bits is inverted when PCROP mode is active (SPRMOD =1).
 697:board/stm32f401rct6/Drivers/STM32F4xx_HAL_Driver/Src/stm32f4xx_hal_flash_ex.c ****   *
 698:board/stm32f401rct6/Drivers/STM32F4xx_HAL_Driver/Src/stm32f4xx_hal_flash_ex.c ****   * @param  WRPSector specifies the sector(s) to be write protected.
 699:board/stm32f401rct6/Drivers/STM32F4xx_HAL_Driver/Src/stm32f4xx_hal_flash_ex.c ****   *          This parameter can be one of the following values:
 700:board/stm32f401rct6/Drivers/STM32F4xx_HAL_Driver/Src/stm32f4xx_hal_flash_ex.c ****   *            @arg WRPSector: A value between OB_WRP_SECTOR_0 and OB_WRP_SECTOR_23
 701:board/stm32f401rct6/Drivers/STM32F4xx_HAL_Driver/Src/stm32f4xx_hal_flash_ex.c ****   *            @arg OB_WRP_Sector_All
 702:board/stm32f401rct6/Drivers/STM32F4xx_HAL_Driver/Src/stm32f4xx_hal_flash_ex.c ****   * @note   BANK2 starts from OB_WRP_SECTOR_12
 703:board/stm32f401rct6/Drivers/STM32F4xx_HAL_Driver/Src/stm32f4xx_hal_flash_ex.c ****   *
 704:board/stm32f401rct6/Drivers/STM32F4xx_HAL_Driver/Src/stm32f4xx_hal_flash_ex.c ****   * @param  Banks Disable write protection on all the sectors for the specific bank
 705:board/stm32f401rct6/Drivers/STM32F4xx_HAL_Driver/Src/stm32f4xx_hal_flash_ex.c ****   *          This parameter can be one of the following values:
 706:board/stm32f401rct6/Drivers/STM32F4xx_HAL_Driver/Src/stm32f4xx_hal_flash_ex.c ****   *            @arg FLASH_BANK_1: Bank1 to be erased
 707:board/stm32f401rct6/Drivers/STM32F4xx_HAL_Driver/Src/stm32f4xx_hal_flash_ex.c ****   *            @arg FLASH_BANK_2: Bank2 to be erased
 708:board/stm32f401rct6/Drivers/STM32F4xx_HAL_Driver/Src/stm32f4xx_hal_flash_ex.c ****   *            @arg FLASH_BANK_BOTH: Bank1 and Bank2 to be erased
 709:board/stm32f401rct6/Drivers/STM32F4xx_HAL_Driver/Src/stm32f4xx_hal_flash_ex.c ****   *
 710:board/stm32f401rct6/Drivers/STM32F4xx_HAL_Driver/Src/stm32f4xx_hal_flash_ex.c ****   * @retval HAL Status
 711:board/stm32f401rct6/Drivers/STM32F4xx_HAL_Driver/Src/stm32f4xx_hal_flash_ex.c ****   */
 712:board/stm32f401rct6/Drivers/STM32F4xx_HAL_Driver/Src/stm32f4xx_hal_flash_ex.c **** static HAL_StatusTypeDef FLASH_OB_DisableWRP(uint32_t WRPSector, uint32_t Banks)
 713:board/stm32f401rct6/Drivers/STM32F4xx_HAL_Driver/Src/stm32f4xx_hal_flash_ex.c **** {
 714:board/stm32f401rct6/Drivers/STM32F4xx_HAL_Driver/Src/stm32f4xx_hal_flash_ex.c ****   HAL_StatusTypeDef status = HAL_OK;
ARM GAS  C:\Users\Admin\AppData\Local\Temp\ccIG7MAZ.s 			page 14


 715:board/stm32f401rct6/Drivers/STM32F4xx_HAL_Driver/Src/stm32f4xx_hal_flash_ex.c **** 
 716:board/stm32f401rct6/Drivers/STM32F4xx_HAL_Driver/Src/stm32f4xx_hal_flash_ex.c ****   /* Check the parameters */
 717:board/stm32f401rct6/Drivers/STM32F4xx_HAL_Driver/Src/stm32f4xx_hal_flash_ex.c ****   assert_param(IS_OB_WRP_SECTOR(WRPSector));
 718:board/stm32f401rct6/Drivers/STM32F4xx_HAL_Driver/Src/stm32f4xx_hal_flash_ex.c ****   assert_param(IS_FLASH_BANK(Banks));
 719:board/stm32f401rct6/Drivers/STM32F4xx_HAL_Driver/Src/stm32f4xx_hal_flash_ex.c **** 
 720:board/stm32f401rct6/Drivers/STM32F4xx_HAL_Driver/Src/stm32f4xx_hal_flash_ex.c ****   /* Wait for last operation to be completed */
 721:board/stm32f401rct6/Drivers/STM32F4xx_HAL_Driver/Src/stm32f4xx_hal_flash_ex.c ****   status = FLASH_WaitForLastOperation((uint32_t)FLASH_TIMEOUT_VALUE);
 722:board/stm32f401rct6/Drivers/STM32F4xx_HAL_Driver/Src/stm32f4xx_hal_flash_ex.c **** 
 723:board/stm32f401rct6/Drivers/STM32F4xx_HAL_Driver/Src/stm32f4xx_hal_flash_ex.c ****   if (status == HAL_OK)
 724:board/stm32f401rct6/Drivers/STM32F4xx_HAL_Driver/Src/stm32f4xx_hal_flash_ex.c ****   {
 725:board/stm32f401rct6/Drivers/STM32F4xx_HAL_Driver/Src/stm32f4xx_hal_flash_ex.c ****     if (((WRPSector == OB_WRP_SECTOR_All) && ((Banks == FLASH_BANK_1) || (Banks == FLASH_BANK_BOTH)
 726:board/stm32f401rct6/Drivers/STM32F4xx_HAL_Driver/Src/stm32f4xx_hal_flash_ex.c ****         (WRPSector < OB_WRP_SECTOR_12))
 727:board/stm32f401rct6/Drivers/STM32F4xx_HAL_Driver/Src/stm32f4xx_hal_flash_ex.c ****     {
 728:board/stm32f401rct6/Drivers/STM32F4xx_HAL_Driver/Src/stm32f4xx_hal_flash_ex.c ****       if (WRPSector == OB_WRP_SECTOR_All)
 729:board/stm32f401rct6/Drivers/STM32F4xx_HAL_Driver/Src/stm32f4xx_hal_flash_ex.c ****       {
 730:board/stm32f401rct6/Drivers/STM32F4xx_HAL_Driver/Src/stm32f4xx_hal_flash_ex.c ****         /*Write protection on all sector of BANK1*/
 731:board/stm32f401rct6/Drivers/STM32F4xx_HAL_Driver/Src/stm32f4xx_hal_flash_ex.c ****         *(__IO uint16_t *)OPTCR_BYTE2_ADDRESS |= (uint16_t)(WRPSector >> 12);
 732:board/stm32f401rct6/Drivers/STM32F4xx_HAL_Driver/Src/stm32f4xx_hal_flash_ex.c ****       }
 733:board/stm32f401rct6/Drivers/STM32F4xx_HAL_Driver/Src/stm32f4xx_hal_flash_ex.c ****       else
 734:board/stm32f401rct6/Drivers/STM32F4xx_HAL_Driver/Src/stm32f4xx_hal_flash_ex.c ****       {
 735:board/stm32f401rct6/Drivers/STM32F4xx_HAL_Driver/Src/stm32f4xx_hal_flash_ex.c ****         /*Write protection done on sectors of BANK1*/
 736:board/stm32f401rct6/Drivers/STM32F4xx_HAL_Driver/Src/stm32f4xx_hal_flash_ex.c ****         *(__IO uint16_t *)OPTCR_BYTE2_ADDRESS |= (uint16_t)WRPSector;
 737:board/stm32f401rct6/Drivers/STM32F4xx_HAL_Driver/Src/stm32f4xx_hal_flash_ex.c ****       }
 738:board/stm32f401rct6/Drivers/STM32F4xx_HAL_Driver/Src/stm32f4xx_hal_flash_ex.c ****     }
 739:board/stm32f401rct6/Drivers/STM32F4xx_HAL_Driver/Src/stm32f4xx_hal_flash_ex.c ****     else
 740:board/stm32f401rct6/Drivers/STM32F4xx_HAL_Driver/Src/stm32f4xx_hal_flash_ex.c ****     {
 741:board/stm32f401rct6/Drivers/STM32F4xx_HAL_Driver/Src/stm32f4xx_hal_flash_ex.c ****       /*Write protection done on sectors of BANK2*/
 742:board/stm32f401rct6/Drivers/STM32F4xx_HAL_Driver/Src/stm32f4xx_hal_flash_ex.c ****       *(__IO uint16_t *)OPTCR1_BYTE2_ADDRESS |= (uint16_t)(WRPSector >> 12);
 743:board/stm32f401rct6/Drivers/STM32F4xx_HAL_Driver/Src/stm32f4xx_hal_flash_ex.c ****     }
 744:board/stm32f401rct6/Drivers/STM32F4xx_HAL_Driver/Src/stm32f4xx_hal_flash_ex.c **** 
 745:board/stm32f401rct6/Drivers/STM32F4xx_HAL_Driver/Src/stm32f4xx_hal_flash_ex.c ****     /*Write protection on all sector  of BANK2*/
 746:board/stm32f401rct6/Drivers/STM32F4xx_HAL_Driver/Src/stm32f4xx_hal_flash_ex.c ****     if ((WRPSector == OB_WRP_SECTOR_All) && (Banks == FLASH_BANK_BOTH))
 747:board/stm32f401rct6/Drivers/STM32F4xx_HAL_Driver/Src/stm32f4xx_hal_flash_ex.c ****     {
 748:board/stm32f401rct6/Drivers/STM32F4xx_HAL_Driver/Src/stm32f4xx_hal_flash_ex.c ****       /* Wait for last operation to be completed */
 749:board/stm32f401rct6/Drivers/STM32F4xx_HAL_Driver/Src/stm32f4xx_hal_flash_ex.c ****       status = FLASH_WaitForLastOperation((uint32_t)FLASH_TIMEOUT_VALUE);
 750:board/stm32f401rct6/Drivers/STM32F4xx_HAL_Driver/Src/stm32f4xx_hal_flash_ex.c **** 
 751:board/stm32f401rct6/Drivers/STM32F4xx_HAL_Driver/Src/stm32f4xx_hal_flash_ex.c ****       if (status == HAL_OK)
 752:board/stm32f401rct6/Drivers/STM32F4xx_HAL_Driver/Src/stm32f4xx_hal_flash_ex.c ****       {
 753:board/stm32f401rct6/Drivers/STM32F4xx_HAL_Driver/Src/stm32f4xx_hal_flash_ex.c ****         *(__IO uint16_t *)OPTCR1_BYTE2_ADDRESS |= (uint16_t)(WRPSector >> 12);
 754:board/stm32f401rct6/Drivers/STM32F4xx_HAL_Driver/Src/stm32f4xx_hal_flash_ex.c ****       }
 755:board/stm32f401rct6/Drivers/STM32F4xx_HAL_Driver/Src/stm32f4xx_hal_flash_ex.c ****     }
 756:board/stm32f401rct6/Drivers/STM32F4xx_HAL_Driver/Src/stm32f4xx_hal_flash_ex.c **** 
 757:board/stm32f401rct6/Drivers/STM32F4xx_HAL_Driver/Src/stm32f4xx_hal_flash_ex.c ****   }
 758:board/stm32f401rct6/Drivers/STM32F4xx_HAL_Driver/Src/stm32f4xx_hal_flash_ex.c **** 
 759:board/stm32f401rct6/Drivers/STM32F4xx_HAL_Driver/Src/stm32f4xx_hal_flash_ex.c ****   return status;
 760:board/stm32f401rct6/Drivers/STM32F4xx_HAL_Driver/Src/stm32f4xx_hal_flash_ex.c **** }
 761:board/stm32f401rct6/Drivers/STM32F4xx_HAL_Driver/Src/stm32f4xx_hal_flash_ex.c **** 
 762:board/stm32f401rct6/Drivers/STM32F4xx_HAL_Driver/Src/stm32f4xx_hal_flash_ex.c **** /**
 763:board/stm32f401rct6/Drivers/STM32F4xx_HAL_Driver/Src/stm32f4xx_hal_flash_ex.c ****   * @brief  Configure the Dual Bank Boot.
 764:board/stm32f401rct6/Drivers/STM32F4xx_HAL_Driver/Src/stm32f4xx_hal_flash_ex.c ****   *
 765:board/stm32f401rct6/Drivers/STM32F4xx_HAL_Driver/Src/stm32f4xx_hal_flash_ex.c ****   * @note   This function can be used only for STM32F42xxx/43xxx devices.
 766:board/stm32f401rct6/Drivers/STM32F4xx_HAL_Driver/Src/stm32f4xx_hal_flash_ex.c ****   *
 767:board/stm32f401rct6/Drivers/STM32F4xx_HAL_Driver/Src/stm32f4xx_hal_flash_ex.c ****   * @param  BootConfig specifies the Dual Bank Boot Option byte.
 768:board/stm32f401rct6/Drivers/STM32F4xx_HAL_Driver/Src/stm32f4xx_hal_flash_ex.c ****   *          This parameter can be one of the following values:
 769:board/stm32f401rct6/Drivers/STM32F4xx_HAL_Driver/Src/stm32f4xx_hal_flash_ex.c ****   *            @arg OB_Dual_BootEnabled: Dual Bank Boot Enable
 770:board/stm32f401rct6/Drivers/STM32F4xx_HAL_Driver/Src/stm32f4xx_hal_flash_ex.c ****   *            @arg OB_Dual_BootDisabled: Dual Bank Boot Disabled
 771:board/stm32f401rct6/Drivers/STM32F4xx_HAL_Driver/Src/stm32f4xx_hal_flash_ex.c ****   * @retval None
ARM GAS  C:\Users\Admin\AppData\Local\Temp\ccIG7MAZ.s 			page 15


 772:board/stm32f401rct6/Drivers/STM32F4xx_HAL_Driver/Src/stm32f4xx_hal_flash_ex.c ****   */
 773:board/stm32f401rct6/Drivers/STM32F4xx_HAL_Driver/Src/stm32f4xx_hal_flash_ex.c **** static HAL_StatusTypeDef FLASH_OB_BootConfig(uint8_t BootConfig)
 774:board/stm32f401rct6/Drivers/STM32F4xx_HAL_Driver/Src/stm32f4xx_hal_flash_ex.c **** {
 775:board/stm32f401rct6/Drivers/STM32F4xx_HAL_Driver/Src/stm32f4xx_hal_flash_ex.c ****   HAL_StatusTypeDef status = HAL_OK;
 776:board/stm32f401rct6/Drivers/STM32F4xx_HAL_Driver/Src/stm32f4xx_hal_flash_ex.c **** 
 777:board/stm32f401rct6/Drivers/STM32F4xx_HAL_Driver/Src/stm32f4xx_hal_flash_ex.c ****   /* Check the parameters */
 778:board/stm32f401rct6/Drivers/STM32F4xx_HAL_Driver/Src/stm32f4xx_hal_flash_ex.c ****   assert_param(IS_OB_BOOT(BootConfig));
 779:board/stm32f401rct6/Drivers/STM32F4xx_HAL_Driver/Src/stm32f4xx_hal_flash_ex.c **** 
 780:board/stm32f401rct6/Drivers/STM32F4xx_HAL_Driver/Src/stm32f4xx_hal_flash_ex.c ****   /* Wait for last operation to be completed */
 781:board/stm32f401rct6/Drivers/STM32F4xx_HAL_Driver/Src/stm32f4xx_hal_flash_ex.c ****   status = FLASH_WaitForLastOperation((uint32_t)FLASH_TIMEOUT_VALUE);
 782:board/stm32f401rct6/Drivers/STM32F4xx_HAL_Driver/Src/stm32f4xx_hal_flash_ex.c **** 
 783:board/stm32f401rct6/Drivers/STM32F4xx_HAL_Driver/Src/stm32f4xx_hal_flash_ex.c ****   if (status == HAL_OK)
 784:board/stm32f401rct6/Drivers/STM32F4xx_HAL_Driver/Src/stm32f4xx_hal_flash_ex.c ****   {
 785:board/stm32f401rct6/Drivers/STM32F4xx_HAL_Driver/Src/stm32f4xx_hal_flash_ex.c ****     /* Set Dual Bank Boot */
 786:board/stm32f401rct6/Drivers/STM32F4xx_HAL_Driver/Src/stm32f4xx_hal_flash_ex.c ****     *(__IO uint8_t *)OPTCR_BYTE0_ADDRESS &= (~FLASH_OPTCR_BFB2);
 787:board/stm32f401rct6/Drivers/STM32F4xx_HAL_Driver/Src/stm32f4xx_hal_flash_ex.c ****     *(__IO uint8_t *)OPTCR_BYTE0_ADDRESS |= BootConfig;
 788:board/stm32f401rct6/Drivers/STM32F4xx_HAL_Driver/Src/stm32f4xx_hal_flash_ex.c ****   }
 789:board/stm32f401rct6/Drivers/STM32F4xx_HAL_Driver/Src/stm32f4xx_hal_flash_ex.c **** 
 790:board/stm32f401rct6/Drivers/STM32F4xx_HAL_Driver/Src/stm32f4xx_hal_flash_ex.c ****   return status;
 791:board/stm32f401rct6/Drivers/STM32F4xx_HAL_Driver/Src/stm32f4xx_hal_flash_ex.c **** }
 792:board/stm32f401rct6/Drivers/STM32F4xx_HAL_Driver/Src/stm32f4xx_hal_flash_ex.c **** 
 793:board/stm32f401rct6/Drivers/STM32F4xx_HAL_Driver/Src/stm32f4xx_hal_flash_ex.c **** /**
 794:board/stm32f401rct6/Drivers/STM32F4xx_HAL_Driver/Src/stm32f4xx_hal_flash_ex.c ****   * @brief  Enable the read/write protection (PCROP) of the desired
 795:board/stm32f401rct6/Drivers/STM32F4xx_HAL_Driver/Src/stm32f4xx_hal_flash_ex.c ****   *         sectors of Bank 1 and/or Bank 2.
 796:board/stm32f401rct6/Drivers/STM32F4xx_HAL_Driver/Src/stm32f4xx_hal_flash_ex.c ****   * @note   This function can be used only for STM32F42xxx/43xxx devices.
 797:board/stm32f401rct6/Drivers/STM32F4xx_HAL_Driver/Src/stm32f4xx_hal_flash_ex.c ****   * @param  SectorBank1 Specifies the sector(s) to be read/write protected or unprotected for bank1
 798:board/stm32f401rct6/Drivers/STM32F4xx_HAL_Driver/Src/stm32f4xx_hal_flash_ex.c ****   *          This parameter can be one of the following values:
 799:board/stm32f401rct6/Drivers/STM32F4xx_HAL_Driver/Src/stm32f4xx_hal_flash_ex.c ****   *            @arg OB_PCROP: A value between OB_PCROP_SECTOR_0 and OB_PCROP_SECTOR_11
 800:board/stm32f401rct6/Drivers/STM32F4xx_HAL_Driver/Src/stm32f4xx_hal_flash_ex.c ****   *            @arg OB_PCROP_SECTOR__All
 801:board/stm32f401rct6/Drivers/STM32F4xx_HAL_Driver/Src/stm32f4xx_hal_flash_ex.c ****   * @param  SectorBank2 Specifies the sector(s) to be read/write protected or unprotected for bank2
 802:board/stm32f401rct6/Drivers/STM32F4xx_HAL_Driver/Src/stm32f4xx_hal_flash_ex.c ****   *          This parameter can be one of the following values:
 803:board/stm32f401rct6/Drivers/STM32F4xx_HAL_Driver/Src/stm32f4xx_hal_flash_ex.c ****   *            @arg OB_PCROP: A value between OB_PCROP_SECTOR_12 and OB_PCROP_SECTOR_23
 804:board/stm32f401rct6/Drivers/STM32F4xx_HAL_Driver/Src/stm32f4xx_hal_flash_ex.c ****   *            @arg OB_PCROP_SECTOR__All
 805:board/stm32f401rct6/Drivers/STM32F4xx_HAL_Driver/Src/stm32f4xx_hal_flash_ex.c ****   * @param  Banks Enable PCROP protection on all the sectors for the specific bank
 806:board/stm32f401rct6/Drivers/STM32F4xx_HAL_Driver/Src/stm32f4xx_hal_flash_ex.c ****   *          This parameter can be one of the following values:
 807:board/stm32f401rct6/Drivers/STM32F4xx_HAL_Driver/Src/stm32f4xx_hal_flash_ex.c ****   *            @arg FLASH_BANK_1: WRP on all sectors of bank1
 808:board/stm32f401rct6/Drivers/STM32F4xx_HAL_Driver/Src/stm32f4xx_hal_flash_ex.c ****   *            @arg FLASH_BANK_2: WRP on all sectors of bank2
 809:board/stm32f401rct6/Drivers/STM32F4xx_HAL_Driver/Src/stm32f4xx_hal_flash_ex.c ****   *            @arg FLASH_BANK_BOTH: WRP on all sectors of bank1 & bank2
 810:board/stm32f401rct6/Drivers/STM32F4xx_HAL_Driver/Src/stm32f4xx_hal_flash_ex.c ****   *
 811:board/stm32f401rct6/Drivers/STM32F4xx_HAL_Driver/Src/stm32f4xx_hal_flash_ex.c ****   * @retval HAL Status
 812:board/stm32f401rct6/Drivers/STM32F4xx_HAL_Driver/Src/stm32f4xx_hal_flash_ex.c ****   */
 813:board/stm32f401rct6/Drivers/STM32F4xx_HAL_Driver/Src/stm32f4xx_hal_flash_ex.c **** static HAL_StatusTypeDef FLASH_OB_EnablePCROP(uint32_t SectorBank1, uint32_t SectorBank2, uint32_t 
 814:board/stm32f401rct6/Drivers/STM32F4xx_HAL_Driver/Src/stm32f4xx_hal_flash_ex.c **** {
 815:board/stm32f401rct6/Drivers/STM32F4xx_HAL_Driver/Src/stm32f4xx_hal_flash_ex.c ****   HAL_StatusTypeDef status = HAL_OK;
 816:board/stm32f401rct6/Drivers/STM32F4xx_HAL_Driver/Src/stm32f4xx_hal_flash_ex.c **** 
 817:board/stm32f401rct6/Drivers/STM32F4xx_HAL_Driver/Src/stm32f4xx_hal_flash_ex.c ****   assert_param(IS_FLASH_BANK(Banks));
 818:board/stm32f401rct6/Drivers/STM32F4xx_HAL_Driver/Src/stm32f4xx_hal_flash_ex.c **** 
 819:board/stm32f401rct6/Drivers/STM32F4xx_HAL_Driver/Src/stm32f4xx_hal_flash_ex.c ****   /* Wait for last operation to be completed */
 820:board/stm32f401rct6/Drivers/STM32F4xx_HAL_Driver/Src/stm32f4xx_hal_flash_ex.c ****   status = FLASH_WaitForLastOperation((uint32_t)FLASH_TIMEOUT_VALUE);
 821:board/stm32f401rct6/Drivers/STM32F4xx_HAL_Driver/Src/stm32f4xx_hal_flash_ex.c **** 
 822:board/stm32f401rct6/Drivers/STM32F4xx_HAL_Driver/Src/stm32f4xx_hal_flash_ex.c ****   if (status == HAL_OK)
 823:board/stm32f401rct6/Drivers/STM32F4xx_HAL_Driver/Src/stm32f4xx_hal_flash_ex.c ****   {
 824:board/stm32f401rct6/Drivers/STM32F4xx_HAL_Driver/Src/stm32f4xx_hal_flash_ex.c ****     if ((Banks == FLASH_BANK_1) || (Banks == FLASH_BANK_BOTH))
 825:board/stm32f401rct6/Drivers/STM32F4xx_HAL_Driver/Src/stm32f4xx_hal_flash_ex.c ****     {
 826:board/stm32f401rct6/Drivers/STM32F4xx_HAL_Driver/Src/stm32f4xx_hal_flash_ex.c ****       assert_param(IS_OB_PCROP(SectorBank1));
 827:board/stm32f401rct6/Drivers/STM32F4xx_HAL_Driver/Src/stm32f4xx_hal_flash_ex.c ****       /*Write protection done on sectors of BANK1*/
 828:board/stm32f401rct6/Drivers/STM32F4xx_HAL_Driver/Src/stm32f4xx_hal_flash_ex.c ****       *(__IO uint16_t *)OPTCR_BYTE2_ADDRESS |= (uint16_t)SectorBank1;
ARM GAS  C:\Users\Admin\AppData\Local\Temp\ccIG7MAZ.s 			page 16


 829:board/stm32f401rct6/Drivers/STM32F4xx_HAL_Driver/Src/stm32f4xx_hal_flash_ex.c ****     }
 830:board/stm32f401rct6/Drivers/STM32F4xx_HAL_Driver/Src/stm32f4xx_hal_flash_ex.c ****     else
 831:board/stm32f401rct6/Drivers/STM32F4xx_HAL_Driver/Src/stm32f4xx_hal_flash_ex.c ****     {
 832:board/stm32f401rct6/Drivers/STM32F4xx_HAL_Driver/Src/stm32f4xx_hal_flash_ex.c ****       assert_param(IS_OB_PCROP(SectorBank2));
 833:board/stm32f401rct6/Drivers/STM32F4xx_HAL_Driver/Src/stm32f4xx_hal_flash_ex.c ****       /*Write protection done on sectors of BANK2*/
 834:board/stm32f401rct6/Drivers/STM32F4xx_HAL_Driver/Src/stm32f4xx_hal_flash_ex.c ****       *(__IO uint16_t *)OPTCR1_BYTE2_ADDRESS |= (uint16_t)SectorBank2;
 835:board/stm32f401rct6/Drivers/STM32F4xx_HAL_Driver/Src/stm32f4xx_hal_flash_ex.c ****     }
 836:board/stm32f401rct6/Drivers/STM32F4xx_HAL_Driver/Src/stm32f4xx_hal_flash_ex.c **** 
 837:board/stm32f401rct6/Drivers/STM32F4xx_HAL_Driver/Src/stm32f4xx_hal_flash_ex.c ****     /*Write protection on all sector  of BANK2*/
 838:board/stm32f401rct6/Drivers/STM32F4xx_HAL_Driver/Src/stm32f4xx_hal_flash_ex.c ****     if (Banks == FLASH_BANK_BOTH)
 839:board/stm32f401rct6/Drivers/STM32F4xx_HAL_Driver/Src/stm32f4xx_hal_flash_ex.c ****     {
 840:board/stm32f401rct6/Drivers/STM32F4xx_HAL_Driver/Src/stm32f4xx_hal_flash_ex.c ****       assert_param(IS_OB_PCROP(SectorBank2));
 841:board/stm32f401rct6/Drivers/STM32F4xx_HAL_Driver/Src/stm32f4xx_hal_flash_ex.c ****       /* Wait for last operation to be completed */
 842:board/stm32f401rct6/Drivers/STM32F4xx_HAL_Driver/Src/stm32f4xx_hal_flash_ex.c ****       status = FLASH_WaitForLastOperation((uint32_t)FLASH_TIMEOUT_VALUE);
 843:board/stm32f401rct6/Drivers/STM32F4xx_HAL_Driver/Src/stm32f4xx_hal_flash_ex.c **** 
 844:board/stm32f401rct6/Drivers/STM32F4xx_HAL_Driver/Src/stm32f4xx_hal_flash_ex.c ****       if (status == HAL_OK)
 845:board/stm32f401rct6/Drivers/STM32F4xx_HAL_Driver/Src/stm32f4xx_hal_flash_ex.c ****       {
 846:board/stm32f401rct6/Drivers/STM32F4xx_HAL_Driver/Src/stm32f4xx_hal_flash_ex.c ****         /*Write protection done on sectors of BANK2*/
 847:board/stm32f401rct6/Drivers/STM32F4xx_HAL_Driver/Src/stm32f4xx_hal_flash_ex.c ****         *(__IO uint16_t *)OPTCR1_BYTE2_ADDRESS |= (uint16_t)SectorBank2;
 848:board/stm32f401rct6/Drivers/STM32F4xx_HAL_Driver/Src/stm32f4xx_hal_flash_ex.c ****       }
 849:board/stm32f401rct6/Drivers/STM32F4xx_HAL_Driver/Src/stm32f4xx_hal_flash_ex.c ****     }
 850:board/stm32f401rct6/Drivers/STM32F4xx_HAL_Driver/Src/stm32f4xx_hal_flash_ex.c **** 
 851:board/stm32f401rct6/Drivers/STM32F4xx_HAL_Driver/Src/stm32f4xx_hal_flash_ex.c ****   }
 852:board/stm32f401rct6/Drivers/STM32F4xx_HAL_Driver/Src/stm32f4xx_hal_flash_ex.c **** 
 853:board/stm32f401rct6/Drivers/STM32F4xx_HAL_Driver/Src/stm32f4xx_hal_flash_ex.c ****   return status;
 854:board/stm32f401rct6/Drivers/STM32F4xx_HAL_Driver/Src/stm32f4xx_hal_flash_ex.c **** }
 855:board/stm32f401rct6/Drivers/STM32F4xx_HAL_Driver/Src/stm32f4xx_hal_flash_ex.c **** 
 856:board/stm32f401rct6/Drivers/STM32F4xx_HAL_Driver/Src/stm32f4xx_hal_flash_ex.c **** 
 857:board/stm32f401rct6/Drivers/STM32F4xx_HAL_Driver/Src/stm32f4xx_hal_flash_ex.c **** /**
 858:board/stm32f401rct6/Drivers/STM32F4xx_HAL_Driver/Src/stm32f4xx_hal_flash_ex.c ****   * @brief  Disable the read/write protection (PCROP) of the desired
 859:board/stm32f401rct6/Drivers/STM32F4xx_HAL_Driver/Src/stm32f4xx_hal_flash_ex.c ****   *         sectors  of Bank 1 and/or Bank 2.
 860:board/stm32f401rct6/Drivers/STM32F4xx_HAL_Driver/Src/stm32f4xx_hal_flash_ex.c ****   * @note   This function can be used only for STM32F42xxx/43xxx devices.
 861:board/stm32f401rct6/Drivers/STM32F4xx_HAL_Driver/Src/stm32f4xx_hal_flash_ex.c ****   * @param  SectorBank1 specifies the sector(s) to be read/write protected or unprotected for bank1
 862:board/stm32f401rct6/Drivers/STM32F4xx_HAL_Driver/Src/stm32f4xx_hal_flash_ex.c ****   *          This parameter can be one of the following values:
 863:board/stm32f401rct6/Drivers/STM32F4xx_HAL_Driver/Src/stm32f4xx_hal_flash_ex.c ****   *            @arg OB_PCROP: A value between OB_PCROP_SECTOR_0 and OB_PCROP_SECTOR_11
 864:board/stm32f401rct6/Drivers/STM32F4xx_HAL_Driver/Src/stm32f4xx_hal_flash_ex.c ****   *            @arg OB_PCROP_SECTOR__All
 865:board/stm32f401rct6/Drivers/STM32F4xx_HAL_Driver/Src/stm32f4xx_hal_flash_ex.c ****   * @param  SectorBank2 Specifies the sector(s) to be read/write protected or unprotected for bank2
 866:board/stm32f401rct6/Drivers/STM32F4xx_HAL_Driver/Src/stm32f4xx_hal_flash_ex.c ****   *          This parameter can be one of the following values:
 867:board/stm32f401rct6/Drivers/STM32F4xx_HAL_Driver/Src/stm32f4xx_hal_flash_ex.c ****   *            @arg OB_PCROP: A value between OB_PCROP_SECTOR_12 and OB_PCROP_SECTOR_23
 868:board/stm32f401rct6/Drivers/STM32F4xx_HAL_Driver/Src/stm32f4xx_hal_flash_ex.c ****   *            @arg OB_PCROP_SECTOR__All
 869:board/stm32f401rct6/Drivers/STM32F4xx_HAL_Driver/Src/stm32f4xx_hal_flash_ex.c ****   * @param  Banks Disable PCROP protection on all the sectors for the specific bank
 870:board/stm32f401rct6/Drivers/STM32F4xx_HAL_Driver/Src/stm32f4xx_hal_flash_ex.c ****   *          This parameter can be one of the following values:
 871:board/stm32f401rct6/Drivers/STM32F4xx_HAL_Driver/Src/stm32f4xx_hal_flash_ex.c ****   *            @arg FLASH_BANK_1: WRP on all sectors of bank1
 872:board/stm32f401rct6/Drivers/STM32F4xx_HAL_Driver/Src/stm32f4xx_hal_flash_ex.c ****   *            @arg FLASH_BANK_2: WRP on all sectors of bank2
 873:board/stm32f401rct6/Drivers/STM32F4xx_HAL_Driver/Src/stm32f4xx_hal_flash_ex.c ****   *            @arg FLASH_BANK_BOTH: WRP on all sectors of bank1 & bank2
 874:board/stm32f401rct6/Drivers/STM32F4xx_HAL_Driver/Src/stm32f4xx_hal_flash_ex.c ****   *
 875:board/stm32f401rct6/Drivers/STM32F4xx_HAL_Driver/Src/stm32f4xx_hal_flash_ex.c ****   * @retval HAL Status
 876:board/stm32f401rct6/Drivers/STM32F4xx_HAL_Driver/Src/stm32f4xx_hal_flash_ex.c ****   */
 877:board/stm32f401rct6/Drivers/STM32F4xx_HAL_Driver/Src/stm32f4xx_hal_flash_ex.c **** static HAL_StatusTypeDef FLASH_OB_DisablePCROP(uint32_t SectorBank1, uint32_t SectorBank2, uint32_t
 878:board/stm32f401rct6/Drivers/STM32F4xx_HAL_Driver/Src/stm32f4xx_hal_flash_ex.c **** {
 879:board/stm32f401rct6/Drivers/STM32F4xx_HAL_Driver/Src/stm32f4xx_hal_flash_ex.c ****   HAL_StatusTypeDef status = HAL_OK;
 880:board/stm32f401rct6/Drivers/STM32F4xx_HAL_Driver/Src/stm32f4xx_hal_flash_ex.c **** 
 881:board/stm32f401rct6/Drivers/STM32F4xx_HAL_Driver/Src/stm32f4xx_hal_flash_ex.c ****   /* Check the parameters */
 882:board/stm32f401rct6/Drivers/STM32F4xx_HAL_Driver/Src/stm32f4xx_hal_flash_ex.c ****   assert_param(IS_FLASH_BANK(Banks));
 883:board/stm32f401rct6/Drivers/STM32F4xx_HAL_Driver/Src/stm32f4xx_hal_flash_ex.c **** 
 884:board/stm32f401rct6/Drivers/STM32F4xx_HAL_Driver/Src/stm32f4xx_hal_flash_ex.c ****   /* Wait for last operation to be completed */
 885:board/stm32f401rct6/Drivers/STM32F4xx_HAL_Driver/Src/stm32f4xx_hal_flash_ex.c ****   status = FLASH_WaitForLastOperation((uint32_t)FLASH_TIMEOUT_VALUE);
ARM GAS  C:\Users\Admin\AppData\Local\Temp\ccIG7MAZ.s 			page 17


 886:board/stm32f401rct6/Drivers/STM32F4xx_HAL_Driver/Src/stm32f4xx_hal_flash_ex.c **** 
 887:board/stm32f401rct6/Drivers/STM32F4xx_HAL_Driver/Src/stm32f4xx_hal_flash_ex.c ****   if (status == HAL_OK)
 888:board/stm32f401rct6/Drivers/STM32F4xx_HAL_Driver/Src/stm32f4xx_hal_flash_ex.c ****   {
 889:board/stm32f401rct6/Drivers/STM32F4xx_HAL_Driver/Src/stm32f4xx_hal_flash_ex.c ****     if ((Banks == FLASH_BANK_1) || (Banks == FLASH_BANK_BOTH))
 890:board/stm32f401rct6/Drivers/STM32F4xx_HAL_Driver/Src/stm32f4xx_hal_flash_ex.c ****     {
 891:board/stm32f401rct6/Drivers/STM32F4xx_HAL_Driver/Src/stm32f4xx_hal_flash_ex.c ****       assert_param(IS_OB_PCROP(SectorBank1));
 892:board/stm32f401rct6/Drivers/STM32F4xx_HAL_Driver/Src/stm32f4xx_hal_flash_ex.c ****       /*Write protection done on sectors of BANK1*/
 893:board/stm32f401rct6/Drivers/STM32F4xx_HAL_Driver/Src/stm32f4xx_hal_flash_ex.c ****       *(__IO uint16_t *)OPTCR_BYTE2_ADDRESS &= (~SectorBank1);
 894:board/stm32f401rct6/Drivers/STM32F4xx_HAL_Driver/Src/stm32f4xx_hal_flash_ex.c ****     }
 895:board/stm32f401rct6/Drivers/STM32F4xx_HAL_Driver/Src/stm32f4xx_hal_flash_ex.c ****     else
 896:board/stm32f401rct6/Drivers/STM32F4xx_HAL_Driver/Src/stm32f4xx_hal_flash_ex.c ****     {
 897:board/stm32f401rct6/Drivers/STM32F4xx_HAL_Driver/Src/stm32f4xx_hal_flash_ex.c ****       /*Write protection done on sectors of BANK2*/
 898:board/stm32f401rct6/Drivers/STM32F4xx_HAL_Driver/Src/stm32f4xx_hal_flash_ex.c ****       assert_param(IS_OB_PCROP(SectorBank2));
 899:board/stm32f401rct6/Drivers/STM32F4xx_HAL_Driver/Src/stm32f4xx_hal_flash_ex.c ****       *(__IO uint16_t *)OPTCR1_BYTE2_ADDRESS &= (~SectorBank2);
 900:board/stm32f401rct6/Drivers/STM32F4xx_HAL_Driver/Src/stm32f4xx_hal_flash_ex.c ****     }
 901:board/stm32f401rct6/Drivers/STM32F4xx_HAL_Driver/Src/stm32f4xx_hal_flash_ex.c **** 
 902:board/stm32f401rct6/Drivers/STM32F4xx_HAL_Driver/Src/stm32f4xx_hal_flash_ex.c ****     /*Write protection on all sector  of BANK2*/
 903:board/stm32f401rct6/Drivers/STM32F4xx_HAL_Driver/Src/stm32f4xx_hal_flash_ex.c ****     if (Banks == FLASH_BANK_BOTH)
 904:board/stm32f401rct6/Drivers/STM32F4xx_HAL_Driver/Src/stm32f4xx_hal_flash_ex.c ****     {
 905:board/stm32f401rct6/Drivers/STM32F4xx_HAL_Driver/Src/stm32f4xx_hal_flash_ex.c ****       assert_param(IS_OB_PCROP(SectorBank2));
 906:board/stm32f401rct6/Drivers/STM32F4xx_HAL_Driver/Src/stm32f4xx_hal_flash_ex.c ****       /* Wait for last operation to be completed */
 907:board/stm32f401rct6/Drivers/STM32F4xx_HAL_Driver/Src/stm32f4xx_hal_flash_ex.c ****       status = FLASH_WaitForLastOperation((uint32_t)FLASH_TIMEOUT_VALUE);
 908:board/stm32f401rct6/Drivers/STM32F4xx_HAL_Driver/Src/stm32f4xx_hal_flash_ex.c **** 
 909:board/stm32f401rct6/Drivers/STM32F4xx_HAL_Driver/Src/stm32f4xx_hal_flash_ex.c ****       if (status == HAL_OK)
 910:board/stm32f401rct6/Drivers/STM32F4xx_HAL_Driver/Src/stm32f4xx_hal_flash_ex.c ****       {
 911:board/stm32f401rct6/Drivers/STM32F4xx_HAL_Driver/Src/stm32f4xx_hal_flash_ex.c ****         /*Write protection done on sectors of BANK2*/
 912:board/stm32f401rct6/Drivers/STM32F4xx_HAL_Driver/Src/stm32f4xx_hal_flash_ex.c ****         *(__IO uint16_t *)OPTCR1_BYTE2_ADDRESS &= (~SectorBank2);
 913:board/stm32f401rct6/Drivers/STM32F4xx_HAL_Driver/Src/stm32f4xx_hal_flash_ex.c ****       }
 914:board/stm32f401rct6/Drivers/STM32F4xx_HAL_Driver/Src/stm32f4xx_hal_flash_ex.c ****     }
 915:board/stm32f401rct6/Drivers/STM32F4xx_HAL_Driver/Src/stm32f4xx_hal_flash_ex.c **** 
 916:board/stm32f401rct6/Drivers/STM32F4xx_HAL_Driver/Src/stm32f4xx_hal_flash_ex.c ****   }
 917:board/stm32f401rct6/Drivers/STM32F4xx_HAL_Driver/Src/stm32f4xx_hal_flash_ex.c **** 
 918:board/stm32f401rct6/Drivers/STM32F4xx_HAL_Driver/Src/stm32f4xx_hal_flash_ex.c ****   return status;
 919:board/stm32f401rct6/Drivers/STM32F4xx_HAL_Driver/Src/stm32f4xx_hal_flash_ex.c **** 
 920:board/stm32f401rct6/Drivers/STM32F4xx_HAL_Driver/Src/stm32f4xx_hal_flash_ex.c **** }
 921:board/stm32f401rct6/Drivers/STM32F4xx_HAL_Driver/Src/stm32f4xx_hal_flash_ex.c **** 
 922:board/stm32f401rct6/Drivers/STM32F4xx_HAL_Driver/Src/stm32f4xx_hal_flash_ex.c **** #endif /* STM32F427xx || STM32F437xx || STM32F429xx || STM32F439xx || STM32F469xx || STM32F479xx */
 923:board/stm32f401rct6/Drivers/STM32F4xx_HAL_Driver/Src/stm32f4xx_hal_flash_ex.c **** 
 924:board/stm32f401rct6/Drivers/STM32F4xx_HAL_Driver/Src/stm32f4xx_hal_flash_ex.c **** #if defined(STM32F405xx) || defined(STM32F415xx) || defined(STM32F407xx) || defined(STM32F417xx) ||
 925:board/stm32f401rct6/Drivers/STM32F4xx_HAL_Driver/Src/stm32f4xx_hal_flash_ex.c ****     defined(STM32F401xC) || defined(STM32F401xE) || defined(STM32F410Tx) || defined(STM32F410Cx) ||
 926:board/stm32f401rct6/Drivers/STM32F4xx_HAL_Driver/Src/stm32f4xx_hal_flash_ex.c ****     defined(STM32F410Rx) || defined(STM32F411xE) || defined(STM32F446xx) || defined(STM32F412Zx) ||
 927:board/stm32f401rct6/Drivers/STM32F4xx_HAL_Driver/Src/stm32f4xx_hal_flash_ex.c ****     defined(STM32F412Vx) || defined(STM32F412Rx) || defined(STM32F412Cx) || defined(STM32F413xx) ||
 928:board/stm32f401rct6/Drivers/STM32F4xx_HAL_Driver/Src/stm32f4xx_hal_flash_ex.c ****     defined(STM32F423xx)
 929:board/stm32f401rct6/Drivers/STM32F4xx_HAL_Driver/Src/stm32f4xx_hal_flash_ex.c **** /**
 930:board/stm32f401rct6/Drivers/STM32F4xx_HAL_Driver/Src/stm32f4xx_hal_flash_ex.c ****   * @brief  Mass erase of FLASH memory
 931:board/stm32f401rct6/Drivers/STM32F4xx_HAL_Driver/Src/stm32f4xx_hal_flash_ex.c ****   * @param  VoltageRange The device voltage range which defines the erase parallelism.
 932:board/stm32f401rct6/Drivers/STM32F4xx_HAL_Driver/Src/stm32f4xx_hal_flash_ex.c ****   *          This parameter can be one of the following values:
 933:board/stm32f401rct6/Drivers/STM32F4xx_HAL_Driver/Src/stm32f4xx_hal_flash_ex.c ****   *            @arg FLASH_VOLTAGE_RANGE_1: when the device voltage range is 1.8V to 2.1V,
 934:board/stm32f401rct6/Drivers/STM32F4xx_HAL_Driver/Src/stm32f4xx_hal_flash_ex.c ****   *                                  the operation will be done by byte (8-bit)
 935:board/stm32f401rct6/Drivers/STM32F4xx_HAL_Driver/Src/stm32f4xx_hal_flash_ex.c ****   *            @arg FLASH_VOLTAGE_RANGE_2: when the device voltage range is 2.1V to 2.7V,
 936:board/stm32f401rct6/Drivers/STM32F4xx_HAL_Driver/Src/stm32f4xx_hal_flash_ex.c ****   *                                  the operation will be done by half word (16-bit)
 937:board/stm32f401rct6/Drivers/STM32F4xx_HAL_Driver/Src/stm32f4xx_hal_flash_ex.c ****   *            @arg FLASH_VOLTAGE_RANGE_3: when the device voltage range is 2.7V to 3.6V,
 938:board/stm32f401rct6/Drivers/STM32F4xx_HAL_Driver/Src/stm32f4xx_hal_flash_ex.c ****   *                                  the operation will be done by word (32-bit)
 939:board/stm32f401rct6/Drivers/STM32F4xx_HAL_Driver/Src/stm32f4xx_hal_flash_ex.c ****   *            @arg FLASH_VOLTAGE_RANGE_4: when the device voltage range is 2.7V to 3.6V + External
 940:board/stm32f401rct6/Drivers/STM32F4xx_HAL_Driver/Src/stm32f4xx_hal_flash_ex.c ****   *                                  the operation will be done by double word (64-bit)
 941:board/stm32f401rct6/Drivers/STM32F4xx_HAL_Driver/Src/stm32f4xx_hal_flash_ex.c ****   *
 942:board/stm32f401rct6/Drivers/STM32F4xx_HAL_Driver/Src/stm32f4xx_hal_flash_ex.c ****   * @param  Banks Banks to be erased
ARM GAS  C:\Users\Admin\AppData\Local\Temp\ccIG7MAZ.s 			page 18


 943:board/stm32f401rct6/Drivers/STM32F4xx_HAL_Driver/Src/stm32f4xx_hal_flash_ex.c ****   *          This parameter can be one of the following values:
 944:board/stm32f401rct6/Drivers/STM32F4xx_HAL_Driver/Src/stm32f4xx_hal_flash_ex.c ****   *            @arg FLASH_BANK_1: Bank1 to be erased
 945:board/stm32f401rct6/Drivers/STM32F4xx_HAL_Driver/Src/stm32f4xx_hal_flash_ex.c ****   *
 946:board/stm32f401rct6/Drivers/STM32F4xx_HAL_Driver/Src/stm32f4xx_hal_flash_ex.c ****   * @retval None
 947:board/stm32f401rct6/Drivers/STM32F4xx_HAL_Driver/Src/stm32f4xx_hal_flash_ex.c ****   */
 948:board/stm32f401rct6/Drivers/STM32F4xx_HAL_Driver/Src/stm32f4xx_hal_flash_ex.c **** static void FLASH_MassErase(uint8_t VoltageRange, uint32_t Banks)
 949:board/stm32f401rct6/Drivers/STM32F4xx_HAL_Driver/Src/stm32f4xx_hal_flash_ex.c **** {
  29              		.loc 1 949 1 view -0
  30              		.cfi_startproc
  31              		@ args = 0, pretend = 0, frame = 0
  32              		@ frame_needed = 0, uses_anonymous_args = 0
  33              		@ link register save eliminated.
 950:board/stm32f401rct6/Drivers/STM32F4xx_HAL_Driver/Src/stm32f4xx_hal_flash_ex.c ****   /* Check the parameters */
 951:board/stm32f401rct6/Drivers/STM32F4xx_HAL_Driver/Src/stm32f4xx_hal_flash_ex.c ****   assert_param(IS_VOLTAGERANGE(VoltageRange));
  34              		.loc 1 951 3 view .LVU1
 952:board/stm32f401rct6/Drivers/STM32F4xx_HAL_Driver/Src/stm32f4xx_hal_flash_ex.c ****   assert_param(IS_FLASH_BANK(Banks));
  35              		.loc 1 952 3 view .LVU2
 953:board/stm32f401rct6/Drivers/STM32F4xx_HAL_Driver/Src/stm32f4xx_hal_flash_ex.c **** 
 954:board/stm32f401rct6/Drivers/STM32F4xx_HAL_Driver/Src/stm32f4xx_hal_flash_ex.c ****   /* If the previous operation is completed, proceed to erase all sectors */
 955:board/stm32f401rct6/Drivers/STM32F4xx_HAL_Driver/Src/stm32f4xx_hal_flash_ex.c ****   CLEAR_BIT(FLASH->CR, FLASH_CR_PSIZE);
  36              		.loc 1 955 3 view .LVU3
  37 0000 074B     		ldr	r3, .L2
  38 0002 1969     		ldr	r1, [r3, #16]
  39              	.LVL1:
  40              		.loc 1 955 3 is_stmt 0 view .LVU4
  41 0004 21F44071 		bic	r1, r1, #768
  42 0008 1961     		str	r1, [r3, #16]
 956:board/stm32f401rct6/Drivers/STM32F4xx_HAL_Driver/Src/stm32f4xx_hal_flash_ex.c ****   FLASH->CR |= FLASH_CR_MER;
  43              		.loc 1 956 3 is_stmt 1 view .LVU5
  44              		.loc 1 956 13 is_stmt 0 view .LVU6
  45 000a 1969     		ldr	r1, [r3, #16]
  46 000c 41F00401 		orr	r1, r1, #4
  47 0010 1961     		str	r1, [r3, #16]
 957:board/stm32f401rct6/Drivers/STM32F4xx_HAL_Driver/Src/stm32f4xx_hal_flash_ex.c ****   FLASH->CR |= FLASH_CR_STRT | ((uint32_t)VoltageRange << 8U);
  48              		.loc 1 957 3 is_stmt 1 view .LVU7
  49              		.loc 1 957 13 is_stmt 0 view .LVU8
  50 0012 1A69     		ldr	r2, [r3, #16]
  51 0014 42EA0022 		orr	r2, r2, r0, lsl #8
  52 0018 42F48032 		orr	r2, r2, #65536
  53 001c 1A61     		str	r2, [r3, #16]
 958:board/stm32f401rct6/Drivers/STM32F4xx_HAL_Driver/Src/stm32f4xx_hal_flash_ex.c **** }
  54              		.loc 1 958 1 view .LVU9
  55 001e 7047     		bx	lr
  56              	.L3:
  57              		.align	2
  58              	.L2:
  59 0020 003C0240 		.word	1073888256
  60              		.cfi_endproc
  61              	.LFE228:
  63              		.section	.text.FLASH_OB_BOR_LevelConfig,"ax",%progbits
  64              		.align	1
  65              		.syntax unified
  66              		.thumb
  67              		.thumb_func
  69              	FLASH_OB_BOR_LevelConfig:
  70              	.LVL2:
  71              	.LFB236:
ARM GAS  C:\Users\Admin\AppData\Local\Temp\ccIG7MAZ.s 			page 19


 959:board/stm32f401rct6/Drivers/STM32F4xx_HAL_Driver/Src/stm32f4xx_hal_flash_ex.c **** 
 960:board/stm32f401rct6/Drivers/STM32F4xx_HAL_Driver/Src/stm32f4xx_hal_flash_ex.c **** /**
 961:board/stm32f401rct6/Drivers/STM32F4xx_HAL_Driver/Src/stm32f4xx_hal_flash_ex.c ****   * @brief  Erase the specified FLASH memory sector
 962:board/stm32f401rct6/Drivers/STM32F4xx_HAL_Driver/Src/stm32f4xx_hal_flash_ex.c ****   * @param  Sector FLASH sector to erase
 963:board/stm32f401rct6/Drivers/STM32F4xx_HAL_Driver/Src/stm32f4xx_hal_flash_ex.c ****   *         The value of this parameter depend on device used within the same series
 964:board/stm32f401rct6/Drivers/STM32F4xx_HAL_Driver/Src/stm32f4xx_hal_flash_ex.c ****   * @param  VoltageRange The device voltage range which defines the erase parallelism.
 965:board/stm32f401rct6/Drivers/STM32F4xx_HAL_Driver/Src/stm32f4xx_hal_flash_ex.c ****   *          This parameter can be one of the following values:
 966:board/stm32f401rct6/Drivers/STM32F4xx_HAL_Driver/Src/stm32f4xx_hal_flash_ex.c ****   *            @arg FLASH_VOLTAGE_RANGE_1: when the device voltage range is 1.8V to 2.1V,
 967:board/stm32f401rct6/Drivers/STM32F4xx_HAL_Driver/Src/stm32f4xx_hal_flash_ex.c ****   *                                  the operation will be done by byte (8-bit)
 968:board/stm32f401rct6/Drivers/STM32F4xx_HAL_Driver/Src/stm32f4xx_hal_flash_ex.c ****   *            @arg FLASH_VOLTAGE_RANGE_2: when the device voltage range is 2.1V to 2.7V,
 969:board/stm32f401rct6/Drivers/STM32F4xx_HAL_Driver/Src/stm32f4xx_hal_flash_ex.c ****   *                                  the operation will be done by half word (16-bit)
 970:board/stm32f401rct6/Drivers/STM32F4xx_HAL_Driver/Src/stm32f4xx_hal_flash_ex.c ****   *            @arg FLASH_VOLTAGE_RANGE_3: when the device voltage range is 2.7V to 3.6V,
 971:board/stm32f401rct6/Drivers/STM32F4xx_HAL_Driver/Src/stm32f4xx_hal_flash_ex.c ****   *                                  the operation will be done by word (32-bit)
 972:board/stm32f401rct6/Drivers/STM32F4xx_HAL_Driver/Src/stm32f4xx_hal_flash_ex.c ****   *            @arg FLASH_VOLTAGE_RANGE_4: when the device voltage range is 2.7V to 3.6V + External
 973:board/stm32f401rct6/Drivers/STM32F4xx_HAL_Driver/Src/stm32f4xx_hal_flash_ex.c ****   *                                  the operation will be done by double word (64-bit)
 974:board/stm32f401rct6/Drivers/STM32F4xx_HAL_Driver/Src/stm32f4xx_hal_flash_ex.c ****   *
 975:board/stm32f401rct6/Drivers/STM32F4xx_HAL_Driver/Src/stm32f4xx_hal_flash_ex.c ****   * @retval None
 976:board/stm32f401rct6/Drivers/STM32F4xx_HAL_Driver/Src/stm32f4xx_hal_flash_ex.c ****   */
 977:board/stm32f401rct6/Drivers/STM32F4xx_HAL_Driver/Src/stm32f4xx_hal_flash_ex.c **** void FLASH_Erase_Sector(uint32_t Sector, uint8_t VoltageRange)
 978:board/stm32f401rct6/Drivers/STM32F4xx_HAL_Driver/Src/stm32f4xx_hal_flash_ex.c **** {
 979:board/stm32f401rct6/Drivers/STM32F4xx_HAL_Driver/Src/stm32f4xx_hal_flash_ex.c ****   uint32_t tmp_psize = 0U;
 980:board/stm32f401rct6/Drivers/STM32F4xx_HAL_Driver/Src/stm32f4xx_hal_flash_ex.c **** 
 981:board/stm32f401rct6/Drivers/STM32F4xx_HAL_Driver/Src/stm32f4xx_hal_flash_ex.c ****   /* Check the parameters */
 982:board/stm32f401rct6/Drivers/STM32F4xx_HAL_Driver/Src/stm32f4xx_hal_flash_ex.c ****   assert_param(IS_FLASH_SECTOR(Sector));
 983:board/stm32f401rct6/Drivers/STM32F4xx_HAL_Driver/Src/stm32f4xx_hal_flash_ex.c ****   assert_param(IS_VOLTAGERANGE(VoltageRange));
 984:board/stm32f401rct6/Drivers/STM32F4xx_HAL_Driver/Src/stm32f4xx_hal_flash_ex.c **** 
 985:board/stm32f401rct6/Drivers/STM32F4xx_HAL_Driver/Src/stm32f4xx_hal_flash_ex.c ****   if (VoltageRange == FLASH_VOLTAGE_RANGE_1)
 986:board/stm32f401rct6/Drivers/STM32F4xx_HAL_Driver/Src/stm32f4xx_hal_flash_ex.c ****   {
 987:board/stm32f401rct6/Drivers/STM32F4xx_HAL_Driver/Src/stm32f4xx_hal_flash_ex.c ****     tmp_psize = FLASH_PSIZE_BYTE;
 988:board/stm32f401rct6/Drivers/STM32F4xx_HAL_Driver/Src/stm32f4xx_hal_flash_ex.c ****   }
 989:board/stm32f401rct6/Drivers/STM32F4xx_HAL_Driver/Src/stm32f4xx_hal_flash_ex.c ****   else if (VoltageRange == FLASH_VOLTAGE_RANGE_2)
 990:board/stm32f401rct6/Drivers/STM32F4xx_HAL_Driver/Src/stm32f4xx_hal_flash_ex.c ****   {
 991:board/stm32f401rct6/Drivers/STM32F4xx_HAL_Driver/Src/stm32f4xx_hal_flash_ex.c ****     tmp_psize = FLASH_PSIZE_HALF_WORD;
 992:board/stm32f401rct6/Drivers/STM32F4xx_HAL_Driver/Src/stm32f4xx_hal_flash_ex.c ****   }
 993:board/stm32f401rct6/Drivers/STM32F4xx_HAL_Driver/Src/stm32f4xx_hal_flash_ex.c ****   else if (VoltageRange == FLASH_VOLTAGE_RANGE_3)
 994:board/stm32f401rct6/Drivers/STM32F4xx_HAL_Driver/Src/stm32f4xx_hal_flash_ex.c ****   {
 995:board/stm32f401rct6/Drivers/STM32F4xx_HAL_Driver/Src/stm32f4xx_hal_flash_ex.c ****     tmp_psize = FLASH_PSIZE_WORD;
 996:board/stm32f401rct6/Drivers/STM32F4xx_HAL_Driver/Src/stm32f4xx_hal_flash_ex.c ****   }
 997:board/stm32f401rct6/Drivers/STM32F4xx_HAL_Driver/Src/stm32f4xx_hal_flash_ex.c ****   else
 998:board/stm32f401rct6/Drivers/STM32F4xx_HAL_Driver/Src/stm32f4xx_hal_flash_ex.c ****   {
 999:board/stm32f401rct6/Drivers/STM32F4xx_HAL_Driver/Src/stm32f4xx_hal_flash_ex.c ****     tmp_psize = FLASH_PSIZE_DOUBLE_WORD;
1000:board/stm32f401rct6/Drivers/STM32F4xx_HAL_Driver/Src/stm32f4xx_hal_flash_ex.c ****   }
1001:board/stm32f401rct6/Drivers/STM32F4xx_HAL_Driver/Src/stm32f4xx_hal_flash_ex.c **** 
1002:board/stm32f401rct6/Drivers/STM32F4xx_HAL_Driver/Src/stm32f4xx_hal_flash_ex.c ****   /* If the previous operation is completed, proceed to erase the sector */
1003:board/stm32f401rct6/Drivers/STM32F4xx_HAL_Driver/Src/stm32f4xx_hal_flash_ex.c ****   CLEAR_BIT(FLASH->CR, FLASH_CR_PSIZE);
1004:board/stm32f401rct6/Drivers/STM32F4xx_HAL_Driver/Src/stm32f4xx_hal_flash_ex.c ****   FLASH->CR |= tmp_psize;
1005:board/stm32f401rct6/Drivers/STM32F4xx_HAL_Driver/Src/stm32f4xx_hal_flash_ex.c ****   CLEAR_BIT(FLASH->CR, FLASH_CR_SNB);
1006:board/stm32f401rct6/Drivers/STM32F4xx_HAL_Driver/Src/stm32f4xx_hal_flash_ex.c ****   FLASH->CR |= FLASH_CR_SER | (Sector << FLASH_CR_SNB_Pos);
1007:board/stm32f401rct6/Drivers/STM32F4xx_HAL_Driver/Src/stm32f4xx_hal_flash_ex.c ****   FLASH->CR |= FLASH_CR_STRT;
1008:board/stm32f401rct6/Drivers/STM32F4xx_HAL_Driver/Src/stm32f4xx_hal_flash_ex.c **** }
1009:board/stm32f401rct6/Drivers/STM32F4xx_HAL_Driver/Src/stm32f4xx_hal_flash_ex.c **** 
1010:board/stm32f401rct6/Drivers/STM32F4xx_HAL_Driver/Src/stm32f4xx_hal_flash_ex.c **** /**
1011:board/stm32f401rct6/Drivers/STM32F4xx_HAL_Driver/Src/stm32f4xx_hal_flash_ex.c ****   * @brief  Enable the write protection of the desired bank 1 sectors
1012:board/stm32f401rct6/Drivers/STM32F4xx_HAL_Driver/Src/stm32f4xx_hal_flash_ex.c ****   *
1013:board/stm32f401rct6/Drivers/STM32F4xx_HAL_Driver/Src/stm32f4xx_hal_flash_ex.c ****   * @note   When the memory read protection level is selected (RDP level = 1),
1014:board/stm32f401rct6/Drivers/STM32F4xx_HAL_Driver/Src/stm32f4xx_hal_flash_ex.c ****   *         it is not possible to program or erase the flash sector i if CortexM4
1015:board/stm32f401rct6/Drivers/STM32F4xx_HAL_Driver/Src/stm32f4xx_hal_flash_ex.c ****   *         debug features are connected or boot code is executed in RAM, even if nWRPi = 1
ARM GAS  C:\Users\Admin\AppData\Local\Temp\ccIG7MAZ.s 			page 20


1016:board/stm32f401rct6/Drivers/STM32F4xx_HAL_Driver/Src/stm32f4xx_hal_flash_ex.c ****   * @note   Active value of nWRPi bits is inverted when PCROP mode is active (SPRMOD =1).
1017:board/stm32f401rct6/Drivers/STM32F4xx_HAL_Driver/Src/stm32f4xx_hal_flash_ex.c ****   *
1018:board/stm32f401rct6/Drivers/STM32F4xx_HAL_Driver/Src/stm32f4xx_hal_flash_ex.c ****   * @param  WRPSector specifies the sector(s) to be write protected.
1019:board/stm32f401rct6/Drivers/STM32F4xx_HAL_Driver/Src/stm32f4xx_hal_flash_ex.c ****   *         The value of this parameter depend on device used within the same series
1020:board/stm32f401rct6/Drivers/STM32F4xx_HAL_Driver/Src/stm32f4xx_hal_flash_ex.c ****   *
1021:board/stm32f401rct6/Drivers/STM32F4xx_HAL_Driver/Src/stm32f4xx_hal_flash_ex.c ****   * @param  Banks Enable write protection on all the sectors for the specific bank
1022:board/stm32f401rct6/Drivers/STM32F4xx_HAL_Driver/Src/stm32f4xx_hal_flash_ex.c ****   *          This parameter can be one of the following values:
1023:board/stm32f401rct6/Drivers/STM32F4xx_HAL_Driver/Src/stm32f4xx_hal_flash_ex.c ****   *            @arg FLASH_BANK_1: WRP on all sectors of bank1
1024:board/stm32f401rct6/Drivers/STM32F4xx_HAL_Driver/Src/stm32f4xx_hal_flash_ex.c ****   *
1025:board/stm32f401rct6/Drivers/STM32F4xx_HAL_Driver/Src/stm32f4xx_hal_flash_ex.c ****   * @retval HAL Status
1026:board/stm32f401rct6/Drivers/STM32F4xx_HAL_Driver/Src/stm32f4xx_hal_flash_ex.c ****   */
1027:board/stm32f401rct6/Drivers/STM32F4xx_HAL_Driver/Src/stm32f4xx_hal_flash_ex.c **** static HAL_StatusTypeDef FLASH_OB_EnableWRP(uint32_t WRPSector, uint32_t Banks)
1028:board/stm32f401rct6/Drivers/STM32F4xx_HAL_Driver/Src/stm32f4xx_hal_flash_ex.c **** {
1029:board/stm32f401rct6/Drivers/STM32F4xx_HAL_Driver/Src/stm32f4xx_hal_flash_ex.c ****   HAL_StatusTypeDef status = HAL_OK;
1030:board/stm32f401rct6/Drivers/STM32F4xx_HAL_Driver/Src/stm32f4xx_hal_flash_ex.c **** 
1031:board/stm32f401rct6/Drivers/STM32F4xx_HAL_Driver/Src/stm32f4xx_hal_flash_ex.c ****   /* Check the parameters */
1032:board/stm32f401rct6/Drivers/STM32F4xx_HAL_Driver/Src/stm32f4xx_hal_flash_ex.c ****   assert_param(IS_OB_WRP_SECTOR(WRPSector));
1033:board/stm32f401rct6/Drivers/STM32F4xx_HAL_Driver/Src/stm32f4xx_hal_flash_ex.c ****   assert_param(IS_FLASH_BANK(Banks));
1034:board/stm32f401rct6/Drivers/STM32F4xx_HAL_Driver/Src/stm32f4xx_hal_flash_ex.c **** 
1035:board/stm32f401rct6/Drivers/STM32F4xx_HAL_Driver/Src/stm32f4xx_hal_flash_ex.c ****   /* Wait for last operation to be completed */
1036:board/stm32f401rct6/Drivers/STM32F4xx_HAL_Driver/Src/stm32f4xx_hal_flash_ex.c ****   status = FLASH_WaitForLastOperation((uint32_t)FLASH_TIMEOUT_VALUE);
1037:board/stm32f401rct6/Drivers/STM32F4xx_HAL_Driver/Src/stm32f4xx_hal_flash_ex.c **** 
1038:board/stm32f401rct6/Drivers/STM32F4xx_HAL_Driver/Src/stm32f4xx_hal_flash_ex.c ****   if (status == HAL_OK)
1039:board/stm32f401rct6/Drivers/STM32F4xx_HAL_Driver/Src/stm32f4xx_hal_flash_ex.c ****   {
1040:board/stm32f401rct6/Drivers/STM32F4xx_HAL_Driver/Src/stm32f4xx_hal_flash_ex.c ****     *(__IO uint16_t *)OPTCR_BYTE2_ADDRESS &= (~WRPSector);
1041:board/stm32f401rct6/Drivers/STM32F4xx_HAL_Driver/Src/stm32f4xx_hal_flash_ex.c ****   }
1042:board/stm32f401rct6/Drivers/STM32F4xx_HAL_Driver/Src/stm32f4xx_hal_flash_ex.c **** 
1043:board/stm32f401rct6/Drivers/STM32F4xx_HAL_Driver/Src/stm32f4xx_hal_flash_ex.c ****   return status;
1044:board/stm32f401rct6/Drivers/STM32F4xx_HAL_Driver/Src/stm32f4xx_hal_flash_ex.c **** }
1045:board/stm32f401rct6/Drivers/STM32F4xx_HAL_Driver/Src/stm32f4xx_hal_flash_ex.c **** 
1046:board/stm32f401rct6/Drivers/STM32F4xx_HAL_Driver/Src/stm32f4xx_hal_flash_ex.c **** /**
1047:board/stm32f401rct6/Drivers/STM32F4xx_HAL_Driver/Src/stm32f4xx_hal_flash_ex.c ****   * @brief  Disable the write protection of the desired bank 1 sectors
1048:board/stm32f401rct6/Drivers/STM32F4xx_HAL_Driver/Src/stm32f4xx_hal_flash_ex.c ****   *
1049:board/stm32f401rct6/Drivers/STM32F4xx_HAL_Driver/Src/stm32f4xx_hal_flash_ex.c ****   * @note   When the memory read protection level is selected (RDP level = 1),
1050:board/stm32f401rct6/Drivers/STM32F4xx_HAL_Driver/Src/stm32f4xx_hal_flash_ex.c ****   *         it is not possible to program or erase the flash sector i if CortexM4
1051:board/stm32f401rct6/Drivers/STM32F4xx_HAL_Driver/Src/stm32f4xx_hal_flash_ex.c ****   *         debug features are connected or boot code is executed in RAM, even if nWRPi = 1
1052:board/stm32f401rct6/Drivers/STM32F4xx_HAL_Driver/Src/stm32f4xx_hal_flash_ex.c ****   * @note   Active value of nWRPi bits is inverted when PCROP mode is active (SPRMOD =1).
1053:board/stm32f401rct6/Drivers/STM32F4xx_HAL_Driver/Src/stm32f4xx_hal_flash_ex.c ****   *
1054:board/stm32f401rct6/Drivers/STM32F4xx_HAL_Driver/Src/stm32f4xx_hal_flash_ex.c ****   * @param  WRPSector specifies the sector(s) to be write protected.
1055:board/stm32f401rct6/Drivers/STM32F4xx_HAL_Driver/Src/stm32f4xx_hal_flash_ex.c ****   *         The value of this parameter depend on device used within the same series
1056:board/stm32f401rct6/Drivers/STM32F4xx_HAL_Driver/Src/stm32f4xx_hal_flash_ex.c ****   *
1057:board/stm32f401rct6/Drivers/STM32F4xx_HAL_Driver/Src/stm32f4xx_hal_flash_ex.c ****   * @param  Banks Enable write protection on all the sectors for the specific bank
1058:board/stm32f401rct6/Drivers/STM32F4xx_HAL_Driver/Src/stm32f4xx_hal_flash_ex.c ****   *          This parameter can be one of the following values:
1059:board/stm32f401rct6/Drivers/STM32F4xx_HAL_Driver/Src/stm32f4xx_hal_flash_ex.c ****   *            @arg FLASH_BANK_1: WRP on all sectors of bank1
1060:board/stm32f401rct6/Drivers/STM32F4xx_HAL_Driver/Src/stm32f4xx_hal_flash_ex.c ****   *
1061:board/stm32f401rct6/Drivers/STM32F4xx_HAL_Driver/Src/stm32f4xx_hal_flash_ex.c ****   * @retval HAL Status
1062:board/stm32f401rct6/Drivers/STM32F4xx_HAL_Driver/Src/stm32f4xx_hal_flash_ex.c ****   */
1063:board/stm32f401rct6/Drivers/STM32F4xx_HAL_Driver/Src/stm32f4xx_hal_flash_ex.c **** static HAL_StatusTypeDef FLASH_OB_DisableWRP(uint32_t WRPSector, uint32_t Banks)
1064:board/stm32f401rct6/Drivers/STM32F4xx_HAL_Driver/Src/stm32f4xx_hal_flash_ex.c **** {
1065:board/stm32f401rct6/Drivers/STM32F4xx_HAL_Driver/Src/stm32f4xx_hal_flash_ex.c ****   HAL_StatusTypeDef status = HAL_OK;
1066:board/stm32f401rct6/Drivers/STM32F4xx_HAL_Driver/Src/stm32f4xx_hal_flash_ex.c **** 
1067:board/stm32f401rct6/Drivers/STM32F4xx_HAL_Driver/Src/stm32f4xx_hal_flash_ex.c ****   /* Check the parameters */
1068:board/stm32f401rct6/Drivers/STM32F4xx_HAL_Driver/Src/stm32f4xx_hal_flash_ex.c ****   assert_param(IS_OB_WRP_SECTOR(WRPSector));
1069:board/stm32f401rct6/Drivers/STM32F4xx_HAL_Driver/Src/stm32f4xx_hal_flash_ex.c ****   assert_param(IS_FLASH_BANK(Banks));
1070:board/stm32f401rct6/Drivers/STM32F4xx_HAL_Driver/Src/stm32f4xx_hal_flash_ex.c **** 
1071:board/stm32f401rct6/Drivers/STM32F4xx_HAL_Driver/Src/stm32f4xx_hal_flash_ex.c ****   /* Wait for last operation to be completed */
1072:board/stm32f401rct6/Drivers/STM32F4xx_HAL_Driver/Src/stm32f4xx_hal_flash_ex.c ****   status = FLASH_WaitForLastOperation((uint32_t)FLASH_TIMEOUT_VALUE);
ARM GAS  C:\Users\Admin\AppData\Local\Temp\ccIG7MAZ.s 			page 21


1073:board/stm32f401rct6/Drivers/STM32F4xx_HAL_Driver/Src/stm32f4xx_hal_flash_ex.c **** 
1074:board/stm32f401rct6/Drivers/STM32F4xx_HAL_Driver/Src/stm32f4xx_hal_flash_ex.c ****   if (status == HAL_OK)
1075:board/stm32f401rct6/Drivers/STM32F4xx_HAL_Driver/Src/stm32f4xx_hal_flash_ex.c ****   {
1076:board/stm32f401rct6/Drivers/STM32F4xx_HAL_Driver/Src/stm32f4xx_hal_flash_ex.c ****     *(__IO uint16_t *)OPTCR_BYTE2_ADDRESS |= (uint16_t)WRPSector;
1077:board/stm32f401rct6/Drivers/STM32F4xx_HAL_Driver/Src/stm32f4xx_hal_flash_ex.c ****   }
1078:board/stm32f401rct6/Drivers/STM32F4xx_HAL_Driver/Src/stm32f4xx_hal_flash_ex.c **** 
1079:board/stm32f401rct6/Drivers/STM32F4xx_HAL_Driver/Src/stm32f4xx_hal_flash_ex.c ****   return status;
1080:board/stm32f401rct6/Drivers/STM32F4xx_HAL_Driver/Src/stm32f4xx_hal_flash_ex.c **** }
1081:board/stm32f401rct6/Drivers/STM32F4xx_HAL_Driver/Src/stm32f4xx_hal_flash_ex.c **** #endif /* STM32F40xxx || STM32F41xxx || STM32F401xx || STM32F410xx || STM32F411xE || STM32F446xx ||
1082:board/stm32f401rct6/Drivers/STM32F4xx_HAL_Driver/Src/stm32f4xx_hal_flash_ex.c ****           STM32F413xx || STM32F423xx */
1083:board/stm32f401rct6/Drivers/STM32F4xx_HAL_Driver/Src/stm32f4xx_hal_flash_ex.c **** 
1084:board/stm32f401rct6/Drivers/STM32F4xx_HAL_Driver/Src/stm32f4xx_hal_flash_ex.c **** #if defined(STM32F401xC) || defined(STM32F401xE) || defined(STM32F410Tx) || defined(STM32F410Cx) ||
1085:board/stm32f401rct6/Drivers/STM32F4xx_HAL_Driver/Src/stm32f4xx_hal_flash_ex.c ****     defined(STM32F411xE) || defined(STM32F446xx) || defined(STM32F412Zx) || defined(STM32F412Vx) ||
1086:board/stm32f401rct6/Drivers/STM32F4xx_HAL_Driver/Src/stm32f4xx_hal_flash_ex.c ****     defined(STM32F412Cx) || defined(STM32F413xx) || defined(STM32F423xx)
1087:board/stm32f401rct6/Drivers/STM32F4xx_HAL_Driver/Src/stm32f4xx_hal_flash_ex.c **** /**
1088:board/stm32f401rct6/Drivers/STM32F4xx_HAL_Driver/Src/stm32f4xx_hal_flash_ex.c ****   * @brief  Enable the read/write protection (PCROP) of the desired sectors.
1089:board/stm32f401rct6/Drivers/STM32F4xx_HAL_Driver/Src/stm32f4xx_hal_flash_ex.c ****   * @note   This function can be used only for STM32F401xx devices.
1090:board/stm32f401rct6/Drivers/STM32F4xx_HAL_Driver/Src/stm32f4xx_hal_flash_ex.c ****   * @param  Sector specifies the sector(s) to be read/write protected or unprotected.
1091:board/stm32f401rct6/Drivers/STM32F4xx_HAL_Driver/Src/stm32f4xx_hal_flash_ex.c ****   *          This parameter can be one of the following values:
1092:board/stm32f401rct6/Drivers/STM32F4xx_HAL_Driver/Src/stm32f4xx_hal_flash_ex.c ****   *            @arg OB_PCROP: A value between OB_PCROP_Sector0 and OB_PCROP_Sector5
1093:board/stm32f401rct6/Drivers/STM32F4xx_HAL_Driver/Src/stm32f4xx_hal_flash_ex.c ****   *            @arg OB_PCROP_Sector_All
1094:board/stm32f401rct6/Drivers/STM32F4xx_HAL_Driver/Src/stm32f4xx_hal_flash_ex.c ****   * @retval HAL Status
1095:board/stm32f401rct6/Drivers/STM32F4xx_HAL_Driver/Src/stm32f4xx_hal_flash_ex.c ****   */
1096:board/stm32f401rct6/Drivers/STM32F4xx_HAL_Driver/Src/stm32f4xx_hal_flash_ex.c **** static HAL_StatusTypeDef FLASH_OB_EnablePCROP(uint32_t Sector)
1097:board/stm32f401rct6/Drivers/STM32F4xx_HAL_Driver/Src/stm32f4xx_hal_flash_ex.c **** {
1098:board/stm32f401rct6/Drivers/STM32F4xx_HAL_Driver/Src/stm32f4xx_hal_flash_ex.c ****   HAL_StatusTypeDef status = HAL_OK;
1099:board/stm32f401rct6/Drivers/STM32F4xx_HAL_Driver/Src/stm32f4xx_hal_flash_ex.c **** 
1100:board/stm32f401rct6/Drivers/STM32F4xx_HAL_Driver/Src/stm32f4xx_hal_flash_ex.c ****   /* Check the parameters */
1101:board/stm32f401rct6/Drivers/STM32F4xx_HAL_Driver/Src/stm32f4xx_hal_flash_ex.c ****   assert_param(IS_OB_PCROP(Sector));
1102:board/stm32f401rct6/Drivers/STM32F4xx_HAL_Driver/Src/stm32f4xx_hal_flash_ex.c **** 
1103:board/stm32f401rct6/Drivers/STM32F4xx_HAL_Driver/Src/stm32f4xx_hal_flash_ex.c ****   /* Wait for last operation to be completed */
1104:board/stm32f401rct6/Drivers/STM32F4xx_HAL_Driver/Src/stm32f4xx_hal_flash_ex.c ****   status = FLASH_WaitForLastOperation((uint32_t)FLASH_TIMEOUT_VALUE);
1105:board/stm32f401rct6/Drivers/STM32F4xx_HAL_Driver/Src/stm32f4xx_hal_flash_ex.c **** 
1106:board/stm32f401rct6/Drivers/STM32F4xx_HAL_Driver/Src/stm32f4xx_hal_flash_ex.c ****   if (status == HAL_OK)
1107:board/stm32f401rct6/Drivers/STM32F4xx_HAL_Driver/Src/stm32f4xx_hal_flash_ex.c ****   {
1108:board/stm32f401rct6/Drivers/STM32F4xx_HAL_Driver/Src/stm32f4xx_hal_flash_ex.c ****     *(__IO uint16_t *)OPTCR_BYTE2_ADDRESS |= (uint16_t)Sector;
1109:board/stm32f401rct6/Drivers/STM32F4xx_HAL_Driver/Src/stm32f4xx_hal_flash_ex.c ****   }
1110:board/stm32f401rct6/Drivers/STM32F4xx_HAL_Driver/Src/stm32f4xx_hal_flash_ex.c **** 
1111:board/stm32f401rct6/Drivers/STM32F4xx_HAL_Driver/Src/stm32f4xx_hal_flash_ex.c ****   return status;
1112:board/stm32f401rct6/Drivers/STM32F4xx_HAL_Driver/Src/stm32f4xx_hal_flash_ex.c **** }
1113:board/stm32f401rct6/Drivers/STM32F4xx_HAL_Driver/Src/stm32f4xx_hal_flash_ex.c **** 
1114:board/stm32f401rct6/Drivers/STM32F4xx_HAL_Driver/Src/stm32f4xx_hal_flash_ex.c **** 
1115:board/stm32f401rct6/Drivers/STM32F4xx_HAL_Driver/Src/stm32f4xx_hal_flash_ex.c **** /**
1116:board/stm32f401rct6/Drivers/STM32F4xx_HAL_Driver/Src/stm32f4xx_hal_flash_ex.c ****   * @brief  Disable the read/write protection (PCROP) of the desired sectors.
1117:board/stm32f401rct6/Drivers/STM32F4xx_HAL_Driver/Src/stm32f4xx_hal_flash_ex.c ****   * @note   This function can be used only for STM32F401xx devices.
1118:board/stm32f401rct6/Drivers/STM32F4xx_HAL_Driver/Src/stm32f4xx_hal_flash_ex.c ****   * @param  Sector specifies the sector(s) to be read/write protected or unprotected.
1119:board/stm32f401rct6/Drivers/STM32F4xx_HAL_Driver/Src/stm32f4xx_hal_flash_ex.c ****   *          This parameter can be one of the following values:
1120:board/stm32f401rct6/Drivers/STM32F4xx_HAL_Driver/Src/stm32f4xx_hal_flash_ex.c ****   *            @arg OB_PCROP: A value between OB_PCROP_Sector0 and OB_PCROP_Sector5
1121:board/stm32f401rct6/Drivers/STM32F4xx_HAL_Driver/Src/stm32f4xx_hal_flash_ex.c ****   *            @arg OB_PCROP_Sector_All
1122:board/stm32f401rct6/Drivers/STM32F4xx_HAL_Driver/Src/stm32f4xx_hal_flash_ex.c ****   * @retval HAL Status
1123:board/stm32f401rct6/Drivers/STM32F4xx_HAL_Driver/Src/stm32f4xx_hal_flash_ex.c ****   */
1124:board/stm32f401rct6/Drivers/STM32F4xx_HAL_Driver/Src/stm32f4xx_hal_flash_ex.c **** static HAL_StatusTypeDef FLASH_OB_DisablePCROP(uint32_t Sector)
1125:board/stm32f401rct6/Drivers/STM32F4xx_HAL_Driver/Src/stm32f4xx_hal_flash_ex.c **** {
1126:board/stm32f401rct6/Drivers/STM32F4xx_HAL_Driver/Src/stm32f4xx_hal_flash_ex.c ****   HAL_StatusTypeDef status = HAL_OK;
1127:board/stm32f401rct6/Drivers/STM32F4xx_HAL_Driver/Src/stm32f4xx_hal_flash_ex.c **** 
1128:board/stm32f401rct6/Drivers/STM32F4xx_HAL_Driver/Src/stm32f4xx_hal_flash_ex.c ****   /* Check the parameters */
1129:board/stm32f401rct6/Drivers/STM32F4xx_HAL_Driver/Src/stm32f4xx_hal_flash_ex.c ****   assert_param(IS_OB_PCROP(Sector));
ARM GAS  C:\Users\Admin\AppData\Local\Temp\ccIG7MAZ.s 			page 22


1130:board/stm32f401rct6/Drivers/STM32F4xx_HAL_Driver/Src/stm32f4xx_hal_flash_ex.c **** 
1131:board/stm32f401rct6/Drivers/STM32F4xx_HAL_Driver/Src/stm32f4xx_hal_flash_ex.c ****   /* Wait for last operation to be completed */
1132:board/stm32f401rct6/Drivers/STM32F4xx_HAL_Driver/Src/stm32f4xx_hal_flash_ex.c ****   status = FLASH_WaitForLastOperation((uint32_t)FLASH_TIMEOUT_VALUE);
1133:board/stm32f401rct6/Drivers/STM32F4xx_HAL_Driver/Src/stm32f4xx_hal_flash_ex.c **** 
1134:board/stm32f401rct6/Drivers/STM32F4xx_HAL_Driver/Src/stm32f4xx_hal_flash_ex.c ****   if (status == HAL_OK)
1135:board/stm32f401rct6/Drivers/STM32F4xx_HAL_Driver/Src/stm32f4xx_hal_flash_ex.c ****   {
1136:board/stm32f401rct6/Drivers/STM32F4xx_HAL_Driver/Src/stm32f4xx_hal_flash_ex.c ****     *(__IO uint16_t *)OPTCR_BYTE2_ADDRESS &= (~Sector);
1137:board/stm32f401rct6/Drivers/STM32F4xx_HAL_Driver/Src/stm32f4xx_hal_flash_ex.c ****   }
1138:board/stm32f401rct6/Drivers/STM32F4xx_HAL_Driver/Src/stm32f4xx_hal_flash_ex.c **** 
1139:board/stm32f401rct6/Drivers/STM32F4xx_HAL_Driver/Src/stm32f4xx_hal_flash_ex.c ****   return status;
1140:board/stm32f401rct6/Drivers/STM32F4xx_HAL_Driver/Src/stm32f4xx_hal_flash_ex.c **** 
1141:board/stm32f401rct6/Drivers/STM32F4xx_HAL_Driver/Src/stm32f4xx_hal_flash_ex.c **** }
1142:board/stm32f401rct6/Drivers/STM32F4xx_HAL_Driver/Src/stm32f4xx_hal_flash_ex.c **** #endif /* STM32F401xC || STM32F401xE || STM32F411xE || STM32F446xx || STM32F412Zx || STM32F412Vx ||
1143:board/stm32f401rct6/Drivers/STM32F4xx_HAL_Driver/Src/stm32f4xx_hal_flash_ex.c ****           STM32F413xx || STM32F423xx */
1144:board/stm32f401rct6/Drivers/STM32F4xx_HAL_Driver/Src/stm32f4xx_hal_flash_ex.c **** 
1145:board/stm32f401rct6/Drivers/STM32F4xx_HAL_Driver/Src/stm32f4xx_hal_flash_ex.c **** /**
1146:board/stm32f401rct6/Drivers/STM32F4xx_HAL_Driver/Src/stm32f4xx_hal_flash_ex.c ****   * @brief  Set the read protection level.
1147:board/stm32f401rct6/Drivers/STM32F4xx_HAL_Driver/Src/stm32f4xx_hal_flash_ex.c ****   * @param  Level specifies the read protection level.
1148:board/stm32f401rct6/Drivers/STM32F4xx_HAL_Driver/Src/stm32f4xx_hal_flash_ex.c ****   *          This parameter can be one of the following values:
1149:board/stm32f401rct6/Drivers/STM32F4xx_HAL_Driver/Src/stm32f4xx_hal_flash_ex.c ****   *            @arg OB_RDP_LEVEL_0: No protection
1150:board/stm32f401rct6/Drivers/STM32F4xx_HAL_Driver/Src/stm32f4xx_hal_flash_ex.c ****   *            @arg OB_RDP_LEVEL_1: Read protection of the memory
1151:board/stm32f401rct6/Drivers/STM32F4xx_HAL_Driver/Src/stm32f4xx_hal_flash_ex.c ****   *            @arg OB_RDP_LEVEL_2: Full chip protection
1152:board/stm32f401rct6/Drivers/STM32F4xx_HAL_Driver/Src/stm32f4xx_hal_flash_ex.c ****   *
1153:board/stm32f401rct6/Drivers/STM32F4xx_HAL_Driver/Src/stm32f4xx_hal_flash_ex.c ****   * @note WARNING: When enabling OB_RDP level 2 it's no more possible to go back to level 1 or 0
1154:board/stm32f401rct6/Drivers/STM32F4xx_HAL_Driver/Src/stm32f4xx_hal_flash_ex.c ****   *
1155:board/stm32f401rct6/Drivers/STM32F4xx_HAL_Driver/Src/stm32f4xx_hal_flash_ex.c ****   * @retval HAL Status
1156:board/stm32f401rct6/Drivers/STM32F4xx_HAL_Driver/Src/stm32f4xx_hal_flash_ex.c ****   */
1157:board/stm32f401rct6/Drivers/STM32F4xx_HAL_Driver/Src/stm32f4xx_hal_flash_ex.c **** static HAL_StatusTypeDef FLASH_OB_RDP_LevelConfig(uint8_t Level)
1158:board/stm32f401rct6/Drivers/STM32F4xx_HAL_Driver/Src/stm32f4xx_hal_flash_ex.c **** {
1159:board/stm32f401rct6/Drivers/STM32F4xx_HAL_Driver/Src/stm32f4xx_hal_flash_ex.c ****   HAL_StatusTypeDef status = HAL_OK;
1160:board/stm32f401rct6/Drivers/STM32F4xx_HAL_Driver/Src/stm32f4xx_hal_flash_ex.c **** 
1161:board/stm32f401rct6/Drivers/STM32F4xx_HAL_Driver/Src/stm32f4xx_hal_flash_ex.c ****   /* Check the parameters */
1162:board/stm32f401rct6/Drivers/STM32F4xx_HAL_Driver/Src/stm32f4xx_hal_flash_ex.c ****   assert_param(IS_OB_RDP_LEVEL(Level));
1163:board/stm32f401rct6/Drivers/STM32F4xx_HAL_Driver/Src/stm32f4xx_hal_flash_ex.c **** 
1164:board/stm32f401rct6/Drivers/STM32F4xx_HAL_Driver/Src/stm32f4xx_hal_flash_ex.c ****   /* Wait for last operation to be completed */
1165:board/stm32f401rct6/Drivers/STM32F4xx_HAL_Driver/Src/stm32f4xx_hal_flash_ex.c ****   status = FLASH_WaitForLastOperation((uint32_t)FLASH_TIMEOUT_VALUE);
1166:board/stm32f401rct6/Drivers/STM32F4xx_HAL_Driver/Src/stm32f4xx_hal_flash_ex.c **** 
1167:board/stm32f401rct6/Drivers/STM32F4xx_HAL_Driver/Src/stm32f4xx_hal_flash_ex.c ****   if (status == HAL_OK)
1168:board/stm32f401rct6/Drivers/STM32F4xx_HAL_Driver/Src/stm32f4xx_hal_flash_ex.c ****   {
1169:board/stm32f401rct6/Drivers/STM32F4xx_HAL_Driver/Src/stm32f4xx_hal_flash_ex.c ****     *(__IO uint8_t *)OPTCR_BYTE1_ADDRESS = Level;
1170:board/stm32f401rct6/Drivers/STM32F4xx_HAL_Driver/Src/stm32f4xx_hal_flash_ex.c ****   }
1171:board/stm32f401rct6/Drivers/STM32F4xx_HAL_Driver/Src/stm32f4xx_hal_flash_ex.c **** 
1172:board/stm32f401rct6/Drivers/STM32F4xx_HAL_Driver/Src/stm32f4xx_hal_flash_ex.c ****   return status;
1173:board/stm32f401rct6/Drivers/STM32F4xx_HAL_Driver/Src/stm32f4xx_hal_flash_ex.c **** }
1174:board/stm32f401rct6/Drivers/STM32F4xx_HAL_Driver/Src/stm32f4xx_hal_flash_ex.c **** 
1175:board/stm32f401rct6/Drivers/STM32F4xx_HAL_Driver/Src/stm32f4xx_hal_flash_ex.c **** /**
1176:board/stm32f401rct6/Drivers/STM32F4xx_HAL_Driver/Src/stm32f4xx_hal_flash_ex.c ****   * @brief  Program the FLASH User Option Byte: IWDG_SW / RST_STOP / RST_STDBY.
1177:board/stm32f401rct6/Drivers/STM32F4xx_HAL_Driver/Src/stm32f4xx_hal_flash_ex.c ****   * @param  Iwdg Selects the IWDG mode
1178:board/stm32f401rct6/Drivers/STM32F4xx_HAL_Driver/Src/stm32f4xx_hal_flash_ex.c ****   *          This parameter can be one of the following values:
1179:board/stm32f401rct6/Drivers/STM32F4xx_HAL_Driver/Src/stm32f4xx_hal_flash_ex.c ****   *            @arg OB_IWDG_SW: Software IWDG selected
1180:board/stm32f401rct6/Drivers/STM32F4xx_HAL_Driver/Src/stm32f4xx_hal_flash_ex.c ****   *            @arg OB_IWDG_HW: Hardware IWDG selected
1181:board/stm32f401rct6/Drivers/STM32F4xx_HAL_Driver/Src/stm32f4xx_hal_flash_ex.c ****   * @param  Stop Reset event when entering STOP mode.
1182:board/stm32f401rct6/Drivers/STM32F4xx_HAL_Driver/Src/stm32f4xx_hal_flash_ex.c ****   *          This parameter  can be one of the following values:
1183:board/stm32f401rct6/Drivers/STM32F4xx_HAL_Driver/Src/stm32f4xx_hal_flash_ex.c ****   *            @arg OB_STOP_NO_RST: No reset generated when entering in STOP
1184:board/stm32f401rct6/Drivers/STM32F4xx_HAL_Driver/Src/stm32f4xx_hal_flash_ex.c ****   *            @arg OB_STOP_RST: Reset generated when entering in STOP
1185:board/stm32f401rct6/Drivers/STM32F4xx_HAL_Driver/Src/stm32f4xx_hal_flash_ex.c ****   * @param  Stdby Reset event when entering Standby mode.
1186:board/stm32f401rct6/Drivers/STM32F4xx_HAL_Driver/Src/stm32f4xx_hal_flash_ex.c ****   *          This parameter  can be one of the following values:
ARM GAS  C:\Users\Admin\AppData\Local\Temp\ccIG7MAZ.s 			page 23


1187:board/stm32f401rct6/Drivers/STM32F4xx_HAL_Driver/Src/stm32f4xx_hal_flash_ex.c ****   *            @arg OB_STDBY_NO_RST: No reset generated when entering in STANDBY
1188:board/stm32f401rct6/Drivers/STM32F4xx_HAL_Driver/Src/stm32f4xx_hal_flash_ex.c ****   *            @arg OB_STDBY_RST: Reset generated when entering in STANDBY
1189:board/stm32f401rct6/Drivers/STM32F4xx_HAL_Driver/Src/stm32f4xx_hal_flash_ex.c ****   * @retval HAL Status
1190:board/stm32f401rct6/Drivers/STM32F4xx_HAL_Driver/Src/stm32f4xx_hal_flash_ex.c ****   */
1191:board/stm32f401rct6/Drivers/STM32F4xx_HAL_Driver/Src/stm32f4xx_hal_flash_ex.c **** static HAL_StatusTypeDef FLASH_OB_UserConfig(uint8_t Iwdg, uint8_t Stop, uint8_t Stdby)
1192:board/stm32f401rct6/Drivers/STM32F4xx_HAL_Driver/Src/stm32f4xx_hal_flash_ex.c **** {
1193:board/stm32f401rct6/Drivers/STM32F4xx_HAL_Driver/Src/stm32f4xx_hal_flash_ex.c ****   uint8_t optiontmp = 0xFF;
1194:board/stm32f401rct6/Drivers/STM32F4xx_HAL_Driver/Src/stm32f4xx_hal_flash_ex.c ****   HAL_StatusTypeDef status = HAL_OK;
1195:board/stm32f401rct6/Drivers/STM32F4xx_HAL_Driver/Src/stm32f4xx_hal_flash_ex.c **** 
1196:board/stm32f401rct6/Drivers/STM32F4xx_HAL_Driver/Src/stm32f4xx_hal_flash_ex.c ****   /* Check the parameters */
1197:board/stm32f401rct6/Drivers/STM32F4xx_HAL_Driver/Src/stm32f4xx_hal_flash_ex.c ****   assert_param(IS_OB_IWDG_SOURCE(Iwdg));
1198:board/stm32f401rct6/Drivers/STM32F4xx_HAL_Driver/Src/stm32f4xx_hal_flash_ex.c ****   assert_param(IS_OB_STOP_SOURCE(Stop));
1199:board/stm32f401rct6/Drivers/STM32F4xx_HAL_Driver/Src/stm32f4xx_hal_flash_ex.c ****   assert_param(IS_OB_STDBY_SOURCE(Stdby));
1200:board/stm32f401rct6/Drivers/STM32F4xx_HAL_Driver/Src/stm32f4xx_hal_flash_ex.c **** 
1201:board/stm32f401rct6/Drivers/STM32F4xx_HAL_Driver/Src/stm32f4xx_hal_flash_ex.c ****   /* Wait for last operation to be completed */
1202:board/stm32f401rct6/Drivers/STM32F4xx_HAL_Driver/Src/stm32f4xx_hal_flash_ex.c ****   status = FLASH_WaitForLastOperation((uint32_t)FLASH_TIMEOUT_VALUE);
1203:board/stm32f401rct6/Drivers/STM32F4xx_HAL_Driver/Src/stm32f4xx_hal_flash_ex.c **** 
1204:board/stm32f401rct6/Drivers/STM32F4xx_HAL_Driver/Src/stm32f4xx_hal_flash_ex.c ****   if (status == HAL_OK)
1205:board/stm32f401rct6/Drivers/STM32F4xx_HAL_Driver/Src/stm32f4xx_hal_flash_ex.c ****   {
1206:board/stm32f401rct6/Drivers/STM32F4xx_HAL_Driver/Src/stm32f4xx_hal_flash_ex.c ****     /* Mask OPTLOCK, OPTSTRT, BOR_LEV and BFB2 bits */
1207:board/stm32f401rct6/Drivers/STM32F4xx_HAL_Driver/Src/stm32f4xx_hal_flash_ex.c ****     optiontmp = (uint8_t)((*(__IO uint8_t *)OPTCR_BYTE0_ADDRESS) & (uint8_t)0x1F);
1208:board/stm32f401rct6/Drivers/STM32F4xx_HAL_Driver/Src/stm32f4xx_hal_flash_ex.c **** 
1209:board/stm32f401rct6/Drivers/STM32F4xx_HAL_Driver/Src/stm32f4xx_hal_flash_ex.c ****     /* Update User Option Byte */
1210:board/stm32f401rct6/Drivers/STM32F4xx_HAL_Driver/Src/stm32f4xx_hal_flash_ex.c ****     *(__IO uint8_t *)OPTCR_BYTE0_ADDRESS = Iwdg | (uint8_t)(Stdby | (uint8_t)(Stop | ((uint8_t)opti
1211:board/stm32f401rct6/Drivers/STM32F4xx_HAL_Driver/Src/stm32f4xx_hal_flash_ex.c ****   }
1212:board/stm32f401rct6/Drivers/STM32F4xx_HAL_Driver/Src/stm32f4xx_hal_flash_ex.c **** 
1213:board/stm32f401rct6/Drivers/STM32F4xx_HAL_Driver/Src/stm32f4xx_hal_flash_ex.c ****   return status;
1214:board/stm32f401rct6/Drivers/STM32F4xx_HAL_Driver/Src/stm32f4xx_hal_flash_ex.c **** }
1215:board/stm32f401rct6/Drivers/STM32F4xx_HAL_Driver/Src/stm32f4xx_hal_flash_ex.c **** 
1216:board/stm32f401rct6/Drivers/STM32F4xx_HAL_Driver/Src/stm32f4xx_hal_flash_ex.c **** /**
1217:board/stm32f401rct6/Drivers/STM32F4xx_HAL_Driver/Src/stm32f4xx_hal_flash_ex.c ****   * @brief  Set the BOR Level.
1218:board/stm32f401rct6/Drivers/STM32F4xx_HAL_Driver/Src/stm32f4xx_hal_flash_ex.c ****   * @param  Level specifies the Option Bytes BOR Reset Level.
1219:board/stm32f401rct6/Drivers/STM32F4xx_HAL_Driver/Src/stm32f4xx_hal_flash_ex.c ****   *          This parameter can be one of the following values:
1220:board/stm32f401rct6/Drivers/STM32F4xx_HAL_Driver/Src/stm32f4xx_hal_flash_ex.c ****   *            @arg OB_BOR_LEVEL3: Supply voltage ranges from 2.7 to 3.6 V
1221:board/stm32f401rct6/Drivers/STM32F4xx_HAL_Driver/Src/stm32f4xx_hal_flash_ex.c ****   *            @arg OB_BOR_LEVEL2: Supply voltage ranges from 2.4 to 2.7 V
1222:board/stm32f401rct6/Drivers/STM32F4xx_HAL_Driver/Src/stm32f4xx_hal_flash_ex.c ****   *            @arg OB_BOR_LEVEL1: Supply voltage ranges from 2.1 to 2.4 V
1223:board/stm32f401rct6/Drivers/STM32F4xx_HAL_Driver/Src/stm32f4xx_hal_flash_ex.c ****   *            @arg OB_BOR_OFF: Supply voltage ranges from 1.62 to 2.1 V
1224:board/stm32f401rct6/Drivers/STM32F4xx_HAL_Driver/Src/stm32f4xx_hal_flash_ex.c ****   * @retval HAL Status
1225:board/stm32f401rct6/Drivers/STM32F4xx_HAL_Driver/Src/stm32f4xx_hal_flash_ex.c ****   */
1226:board/stm32f401rct6/Drivers/STM32F4xx_HAL_Driver/Src/stm32f4xx_hal_flash_ex.c **** static HAL_StatusTypeDef FLASH_OB_BOR_LevelConfig(uint8_t Level)
1227:board/stm32f401rct6/Drivers/STM32F4xx_HAL_Driver/Src/stm32f4xx_hal_flash_ex.c **** {
  72              		.loc 1 1227 1 is_stmt 1 view -0
  73              		.cfi_startproc
  74              		@ args = 0, pretend = 0, frame = 0
  75              		@ frame_needed = 0, uses_anonymous_args = 0
  76              		@ link register save eliminated.
1228:board/stm32f401rct6/Drivers/STM32F4xx_HAL_Driver/Src/stm32f4xx_hal_flash_ex.c ****   /* Check the parameters */
1229:board/stm32f401rct6/Drivers/STM32F4xx_HAL_Driver/Src/stm32f4xx_hal_flash_ex.c ****   assert_param(IS_OB_BOR_LEVEL(Level));
  77              		.loc 1 1229 3 view .LVU11
1230:board/stm32f401rct6/Drivers/STM32F4xx_HAL_Driver/Src/stm32f4xx_hal_flash_ex.c **** 
1231:board/stm32f401rct6/Drivers/STM32F4xx_HAL_Driver/Src/stm32f4xx_hal_flash_ex.c ****   /* Set the BOR Level */
1232:board/stm32f401rct6/Drivers/STM32F4xx_HAL_Driver/Src/stm32f4xx_hal_flash_ex.c ****   *(__IO uint8_t *)OPTCR_BYTE0_ADDRESS &= (~FLASH_OPTCR_BOR_LEV);
  78              		.loc 1 1232 3 view .LVU12
  79              		.loc 1 1232 40 is_stmt 0 view .LVU13
  80 0000 044B     		ldr	r3, .L5
  81 0002 197D     		ldrb	r1, [r3, #20]	@ zero_extendqisi2
  82 0004 01F0F301 		and	r1, r1, #243
ARM GAS  C:\Users\Admin\AppData\Local\Temp\ccIG7MAZ.s 			page 24


  83 0008 1975     		strb	r1, [r3, #20]
1233:board/stm32f401rct6/Drivers/STM32F4xx_HAL_Driver/Src/stm32f4xx_hal_flash_ex.c ****   *(__IO uint8_t *)OPTCR_BYTE0_ADDRESS |= Level;
  84              		.loc 1 1233 3 is_stmt 1 view .LVU14
  85              		.loc 1 1233 40 is_stmt 0 view .LVU15
  86 000a 1A7D     		ldrb	r2, [r3, #20]	@ zero_extendqisi2
  87 000c 0243     		orrs	r2, r2, r0
  88 000e 1A75     		strb	r2, [r3, #20]
1234:board/stm32f401rct6/Drivers/STM32F4xx_HAL_Driver/Src/stm32f4xx_hal_flash_ex.c **** 
1235:board/stm32f401rct6/Drivers/STM32F4xx_HAL_Driver/Src/stm32f4xx_hal_flash_ex.c ****   return HAL_OK;
  89              		.loc 1 1235 3 is_stmt 1 view .LVU16
1236:board/stm32f401rct6/Drivers/STM32F4xx_HAL_Driver/Src/stm32f4xx_hal_flash_ex.c **** 
1237:board/stm32f401rct6/Drivers/STM32F4xx_HAL_Driver/Src/stm32f4xx_hal_flash_ex.c **** }
  90              		.loc 1 1237 1 is_stmt 0 view .LVU17
  91 0010 0020     		movs	r0, #0
  92              	.LVL3:
  93              		.loc 1 1237 1 view .LVU18
  94 0012 7047     		bx	lr
  95              	.L6:
  96              		.align	2
  97              	.L5:
  98 0014 003C0240 		.word	1073888256
  99              		.cfi_endproc
 100              	.LFE236:
 102              		.section	.text.FLASH_OB_GetUser,"ax",%progbits
 103              		.align	1
 104              		.syntax unified
 105              		.thumb
 106              		.thumb_func
 108              	FLASH_OB_GetUser:
 109              	.LFB237:
1238:board/stm32f401rct6/Drivers/STM32F4xx_HAL_Driver/Src/stm32f4xx_hal_flash_ex.c **** 
1239:board/stm32f401rct6/Drivers/STM32F4xx_HAL_Driver/Src/stm32f4xx_hal_flash_ex.c **** /**
1240:board/stm32f401rct6/Drivers/STM32F4xx_HAL_Driver/Src/stm32f4xx_hal_flash_ex.c ****   * @brief  Return the FLASH User Option Byte value.
1241:board/stm32f401rct6/Drivers/STM32F4xx_HAL_Driver/Src/stm32f4xx_hal_flash_ex.c ****   * @retval uint8_t FLASH User Option Bytes values: IWDG_SW(Bit0), RST_STOP(Bit1)
1242:board/stm32f401rct6/Drivers/STM32F4xx_HAL_Driver/Src/stm32f4xx_hal_flash_ex.c ****   *         and RST_STDBY(Bit2).
1243:board/stm32f401rct6/Drivers/STM32F4xx_HAL_Driver/Src/stm32f4xx_hal_flash_ex.c ****   */
1244:board/stm32f401rct6/Drivers/STM32F4xx_HAL_Driver/Src/stm32f4xx_hal_flash_ex.c **** static uint8_t FLASH_OB_GetUser(void)
1245:board/stm32f401rct6/Drivers/STM32F4xx_HAL_Driver/Src/stm32f4xx_hal_flash_ex.c **** {
 110              		.loc 1 1245 1 is_stmt 1 view -0
 111              		.cfi_startproc
 112              		@ args = 0, pretend = 0, frame = 0
 113              		@ frame_needed = 0, uses_anonymous_args = 0
 114              		@ link register save eliminated.
1246:board/stm32f401rct6/Drivers/STM32F4xx_HAL_Driver/Src/stm32f4xx_hal_flash_ex.c ****   /* Return the User Option Byte */
1247:board/stm32f401rct6/Drivers/STM32F4xx_HAL_Driver/Src/stm32f4xx_hal_flash_ex.c ****   return ((uint8_t)(FLASH->OPTCR & 0xE0));
 115              		.loc 1 1247 3 view .LVU20
 116              		.loc 1 1247 26 is_stmt 0 view .LVU21
 117 0000 024B     		ldr	r3, .L8
 118 0002 5869     		ldr	r0, [r3, #20]
1248:board/stm32f401rct6/Drivers/STM32F4xx_HAL_Driver/Src/stm32f4xx_hal_flash_ex.c **** }
 119              		.loc 1 1248 1 view .LVU22
 120 0004 00F0E000 		and	r0, r0, #224
 121 0008 7047     		bx	lr
 122              	.L9:
 123 000a 00BF     		.align	2
 124              	.L8:
 125 000c 003C0240 		.word	1073888256
ARM GAS  C:\Users\Admin\AppData\Local\Temp\ccIG7MAZ.s 			page 25


 126              		.cfi_endproc
 127              	.LFE237:
 129              		.section	.text.FLASH_OB_GetWRP,"ax",%progbits
 130              		.align	1
 131              		.syntax unified
 132              		.thumb
 133              		.thumb_func
 135              	FLASH_OB_GetWRP:
 136              	.LFB238:
1249:board/stm32f401rct6/Drivers/STM32F4xx_HAL_Driver/Src/stm32f4xx_hal_flash_ex.c **** 
1250:board/stm32f401rct6/Drivers/STM32F4xx_HAL_Driver/Src/stm32f4xx_hal_flash_ex.c **** /**
1251:board/stm32f401rct6/Drivers/STM32F4xx_HAL_Driver/Src/stm32f4xx_hal_flash_ex.c ****   * @brief  Return the FLASH Write Protection Option Bytes value.
1252:board/stm32f401rct6/Drivers/STM32F4xx_HAL_Driver/Src/stm32f4xx_hal_flash_ex.c ****   * @retval uint16_t FLASH Write Protection Option Bytes value
1253:board/stm32f401rct6/Drivers/STM32F4xx_HAL_Driver/Src/stm32f4xx_hal_flash_ex.c ****   */
1254:board/stm32f401rct6/Drivers/STM32F4xx_HAL_Driver/Src/stm32f4xx_hal_flash_ex.c **** static uint16_t FLASH_OB_GetWRP(void)
1255:board/stm32f401rct6/Drivers/STM32F4xx_HAL_Driver/Src/stm32f4xx_hal_flash_ex.c **** {
 137              		.loc 1 1255 1 is_stmt 1 view -0
 138              		.cfi_startproc
 139              		@ args = 0, pretend = 0, frame = 0
 140              		@ frame_needed = 0, uses_anonymous_args = 0
 141              		@ link register save eliminated.
1256:board/stm32f401rct6/Drivers/STM32F4xx_HAL_Driver/Src/stm32f4xx_hal_flash_ex.c ****   /* Return the FLASH write protection Register value */
1257:board/stm32f401rct6/Drivers/STM32F4xx_HAL_Driver/Src/stm32f4xx_hal_flash_ex.c ****   return (*(__IO uint16_t *)(OPTCR_BYTE2_ADDRESS));
 142              		.loc 1 1257 3 view .LVU24
 143              		.loc 1 1257 11 is_stmt 0 view .LVU25
 144 0000 014B     		ldr	r3, .L11
 145 0002 D88A     		ldrh	r0, [r3, #22]
1258:board/stm32f401rct6/Drivers/STM32F4xx_HAL_Driver/Src/stm32f4xx_hal_flash_ex.c **** }
 146              		.loc 1 1258 1 view .LVU26
 147 0004 80B2     		uxth	r0, r0
 148 0006 7047     		bx	lr
 149              	.L12:
 150              		.align	2
 151              	.L11:
 152 0008 003C0240 		.word	1073888256
 153              		.cfi_endproc
 154              	.LFE238:
 156              		.section	.text.FLASH_OB_GetRDP,"ax",%progbits
 157              		.align	1
 158              		.syntax unified
 159              		.thumb
 160              		.thumb_func
 162              	FLASH_OB_GetRDP:
 163              	.LFB239:
1259:board/stm32f401rct6/Drivers/STM32F4xx_HAL_Driver/Src/stm32f4xx_hal_flash_ex.c **** 
1260:board/stm32f401rct6/Drivers/STM32F4xx_HAL_Driver/Src/stm32f4xx_hal_flash_ex.c **** /**
1261:board/stm32f401rct6/Drivers/STM32F4xx_HAL_Driver/Src/stm32f4xx_hal_flash_ex.c ****   * @brief  Returns the FLASH Read Protection level.
1262:board/stm32f401rct6/Drivers/STM32F4xx_HAL_Driver/Src/stm32f4xx_hal_flash_ex.c ****   * @retval FLASH ReadOut Protection Status:
1263:board/stm32f401rct6/Drivers/STM32F4xx_HAL_Driver/Src/stm32f4xx_hal_flash_ex.c ****   *         This parameter can be one of the following values:
1264:board/stm32f401rct6/Drivers/STM32F4xx_HAL_Driver/Src/stm32f4xx_hal_flash_ex.c ****   *            @arg OB_RDP_LEVEL_0: No protection
1265:board/stm32f401rct6/Drivers/STM32F4xx_HAL_Driver/Src/stm32f4xx_hal_flash_ex.c ****   *            @arg OB_RDP_LEVEL_1: Read protection of the memory
1266:board/stm32f401rct6/Drivers/STM32F4xx_HAL_Driver/Src/stm32f4xx_hal_flash_ex.c ****   *            @arg OB_RDP_LEVEL_2: Full chip protection
1267:board/stm32f401rct6/Drivers/STM32F4xx_HAL_Driver/Src/stm32f4xx_hal_flash_ex.c ****   */
1268:board/stm32f401rct6/Drivers/STM32F4xx_HAL_Driver/Src/stm32f4xx_hal_flash_ex.c **** static uint8_t FLASH_OB_GetRDP(void)
1269:board/stm32f401rct6/Drivers/STM32F4xx_HAL_Driver/Src/stm32f4xx_hal_flash_ex.c **** {
 164              		.loc 1 1269 1 is_stmt 1 view -0
 165              		.cfi_startproc
ARM GAS  C:\Users\Admin\AppData\Local\Temp\ccIG7MAZ.s 			page 26


 166              		@ args = 0, pretend = 0, frame = 0
 167              		@ frame_needed = 0, uses_anonymous_args = 0
 168              		@ link register save eliminated.
1270:board/stm32f401rct6/Drivers/STM32F4xx_HAL_Driver/Src/stm32f4xx_hal_flash_ex.c ****   uint8_t readstatus = OB_RDP_LEVEL_0;
 169              		.loc 1 1270 3 view .LVU28
 170              	.LVL4:
1271:board/stm32f401rct6/Drivers/STM32F4xx_HAL_Driver/Src/stm32f4xx_hal_flash_ex.c **** 
1272:board/stm32f401rct6/Drivers/STM32F4xx_HAL_Driver/Src/stm32f4xx_hal_flash_ex.c ****   if (*(__IO uint8_t *)(OPTCR_BYTE1_ADDRESS) == (uint8_t)OB_RDP_LEVEL_2)
 171              		.loc 1 1272 3 view .LVU29
 172              		.loc 1 1272 7 is_stmt 0 view .LVU30
 173 0000 054B     		ldr	r3, .L16
 174 0002 587D     		ldrb	r0, [r3, #21]	@ zero_extendqisi2
 175 0004 C0B2     		uxtb	r0, r0
 176              		.loc 1 1272 6 view .LVU31
 177 0006 CC28     		cmp	r0, #204
 178 0008 04D0     		beq	.L14
1273:board/stm32f401rct6/Drivers/STM32F4xx_HAL_Driver/Src/stm32f4xx_hal_flash_ex.c ****   {
1274:board/stm32f401rct6/Drivers/STM32F4xx_HAL_Driver/Src/stm32f4xx_hal_flash_ex.c ****     readstatus = OB_RDP_LEVEL_2;
1275:board/stm32f401rct6/Drivers/STM32F4xx_HAL_Driver/Src/stm32f4xx_hal_flash_ex.c ****   }
1276:board/stm32f401rct6/Drivers/STM32F4xx_HAL_Driver/Src/stm32f4xx_hal_flash_ex.c ****   else if (*(__IO uint8_t *)(OPTCR_BYTE1_ADDRESS) == (uint8_t)OB_RDP_LEVEL_0)
 179              		.loc 1 1276 8 is_stmt 1 view .LVU32
 180              		.loc 1 1276 12 is_stmt 0 view .LVU33
 181 000a 587D     		ldrb	r0, [r3, #21]	@ zero_extendqisi2
 182 000c C0B2     		uxtb	r0, r0
 183              		.loc 1 1276 11 view .LVU34
 184 000e AA28     		cmp	r0, #170
 185 0010 00D0     		beq	.L14
1277:board/stm32f401rct6/Drivers/STM32F4xx_HAL_Driver/Src/stm32f4xx_hal_flash_ex.c ****   {
1278:board/stm32f401rct6/Drivers/STM32F4xx_HAL_Driver/Src/stm32f4xx_hal_flash_ex.c ****     readstatus = OB_RDP_LEVEL_0;
1279:board/stm32f401rct6/Drivers/STM32F4xx_HAL_Driver/Src/stm32f4xx_hal_flash_ex.c ****   }
1280:board/stm32f401rct6/Drivers/STM32F4xx_HAL_Driver/Src/stm32f4xx_hal_flash_ex.c ****   else
1281:board/stm32f401rct6/Drivers/STM32F4xx_HAL_Driver/Src/stm32f4xx_hal_flash_ex.c ****   {
1282:board/stm32f401rct6/Drivers/STM32F4xx_HAL_Driver/Src/stm32f4xx_hal_flash_ex.c ****     readstatus = OB_RDP_LEVEL_1;
 186              		.loc 1 1282 16 view .LVU35
 187 0012 5520     		movs	r0, #85
 188              	.L14:
 189              	.LVL5:
1283:board/stm32f401rct6/Drivers/STM32F4xx_HAL_Driver/Src/stm32f4xx_hal_flash_ex.c ****   }
1284:board/stm32f401rct6/Drivers/STM32F4xx_HAL_Driver/Src/stm32f4xx_hal_flash_ex.c **** 
1285:board/stm32f401rct6/Drivers/STM32F4xx_HAL_Driver/Src/stm32f4xx_hal_flash_ex.c ****   return readstatus;
 190              		.loc 1 1285 3 is_stmt 1 view .LVU36
1286:board/stm32f401rct6/Drivers/STM32F4xx_HAL_Driver/Src/stm32f4xx_hal_flash_ex.c **** }
 191              		.loc 1 1286 1 is_stmt 0 view .LVU37
 192 0014 7047     		bx	lr
 193              	.L17:
 194 0016 00BF     		.align	2
 195              	.L16:
 196 0018 003C0240 		.word	1073888256
 197              		.cfi_endproc
 198              	.LFE239:
 200              		.section	.text.FLASH_OB_GetBOR,"ax",%progbits
 201              		.align	1
 202              		.syntax unified
 203              		.thumb
 204              		.thumb_func
 206              	FLASH_OB_GetBOR:
 207              	.LFB240:
ARM GAS  C:\Users\Admin\AppData\Local\Temp\ccIG7MAZ.s 			page 27


1287:board/stm32f401rct6/Drivers/STM32F4xx_HAL_Driver/Src/stm32f4xx_hal_flash_ex.c **** 
1288:board/stm32f401rct6/Drivers/STM32F4xx_HAL_Driver/Src/stm32f4xx_hal_flash_ex.c **** /**
1289:board/stm32f401rct6/Drivers/STM32F4xx_HAL_Driver/Src/stm32f4xx_hal_flash_ex.c ****   * @brief  Returns the FLASH BOR level.
1290:board/stm32f401rct6/Drivers/STM32F4xx_HAL_Driver/Src/stm32f4xx_hal_flash_ex.c ****   * @retval uint8_t The FLASH BOR level:
1291:board/stm32f401rct6/Drivers/STM32F4xx_HAL_Driver/Src/stm32f4xx_hal_flash_ex.c ****   *           - OB_BOR_LEVEL3: Supply voltage ranges from 2.7 to 3.6 V
1292:board/stm32f401rct6/Drivers/STM32F4xx_HAL_Driver/Src/stm32f4xx_hal_flash_ex.c ****   *           - OB_BOR_LEVEL2: Supply voltage ranges from 2.4 to 2.7 V
1293:board/stm32f401rct6/Drivers/STM32F4xx_HAL_Driver/Src/stm32f4xx_hal_flash_ex.c ****   *           - OB_BOR_LEVEL1: Supply voltage ranges from 2.1 to 2.4 V
1294:board/stm32f401rct6/Drivers/STM32F4xx_HAL_Driver/Src/stm32f4xx_hal_flash_ex.c ****   *           - OB_BOR_OFF   : Supply voltage ranges from 1.62 to 2.1 V
1295:board/stm32f401rct6/Drivers/STM32F4xx_HAL_Driver/Src/stm32f4xx_hal_flash_ex.c ****   */
1296:board/stm32f401rct6/Drivers/STM32F4xx_HAL_Driver/Src/stm32f4xx_hal_flash_ex.c **** static uint8_t FLASH_OB_GetBOR(void)
1297:board/stm32f401rct6/Drivers/STM32F4xx_HAL_Driver/Src/stm32f4xx_hal_flash_ex.c **** {
 208              		.loc 1 1297 1 is_stmt 1 view -0
 209              		.cfi_startproc
 210              		@ args = 0, pretend = 0, frame = 0
 211              		@ frame_needed = 0, uses_anonymous_args = 0
 212              		@ link register save eliminated.
1298:board/stm32f401rct6/Drivers/STM32F4xx_HAL_Driver/Src/stm32f4xx_hal_flash_ex.c ****   /* Return the FLASH BOR level */
1299:board/stm32f401rct6/Drivers/STM32F4xx_HAL_Driver/Src/stm32f4xx_hal_flash_ex.c ****   return (uint8_t)(*(__IO uint8_t *)(OPTCR_BYTE0_ADDRESS) & (uint8_t)0x0C);
 213              		.loc 1 1299 3 view .LVU39
 214              		.loc 1 1299 10 is_stmt 0 view .LVU40
 215 0000 024B     		ldr	r3, .L19
 216 0002 187D     		ldrb	r0, [r3, #20]	@ zero_extendqisi2
1300:board/stm32f401rct6/Drivers/STM32F4xx_HAL_Driver/Src/stm32f4xx_hal_flash_ex.c **** }
 217              		.loc 1 1300 1 view .LVU41
 218 0004 00F00C00 		and	r0, r0, #12
 219 0008 7047     		bx	lr
 220              	.L20:
 221 000a 00BF     		.align	2
 222              	.L19:
 223 000c 003C0240 		.word	1073888256
 224              		.cfi_endproc
 225              	.LFE240:
 227              		.section	.text.FLASH_OB_EnableWRP,"ax",%progbits
 228              		.align	1
 229              		.syntax unified
 230              		.thumb
 231              		.thumb_func
 233              	FLASH_OB_EnableWRP:
 234              	.LVL6:
 235              	.LFB230:
1028:board/stm32f401rct6/Drivers/STM32F4xx_HAL_Driver/Src/stm32f4xx_hal_flash_ex.c ****   HAL_StatusTypeDef status = HAL_OK;
 236              		.loc 1 1028 1 is_stmt 1 view -0
 237              		.cfi_startproc
 238              		@ args = 0, pretend = 0, frame = 0
 239              		@ frame_needed = 0, uses_anonymous_args = 0
1028:board/stm32f401rct6/Drivers/STM32F4xx_HAL_Driver/Src/stm32f4xx_hal_flash_ex.c ****   HAL_StatusTypeDef status = HAL_OK;
 240              		.loc 1 1028 1 is_stmt 0 view .LVU43
 241 0000 10B5     		push	{r4, lr}
 242              	.LCFI0:
 243              		.cfi_def_cfa_offset 8
 244              		.cfi_offset 4, -8
 245              		.cfi_offset 14, -4
 246 0002 0446     		mov	r4, r0
1029:board/stm32f401rct6/Drivers/STM32F4xx_HAL_Driver/Src/stm32f4xx_hal_flash_ex.c **** 
 247              		.loc 1 1029 3 is_stmt 1 view .LVU44
 248              	.LVL7:
1032:board/stm32f401rct6/Drivers/STM32F4xx_HAL_Driver/Src/stm32f4xx_hal_flash_ex.c ****   assert_param(IS_FLASH_BANK(Banks));
ARM GAS  C:\Users\Admin\AppData\Local\Temp\ccIG7MAZ.s 			page 28


 249              		.loc 1 1032 3 view .LVU45
1033:board/stm32f401rct6/Drivers/STM32F4xx_HAL_Driver/Src/stm32f4xx_hal_flash_ex.c **** 
 250              		.loc 1 1033 3 view .LVU46
1036:board/stm32f401rct6/Drivers/STM32F4xx_HAL_Driver/Src/stm32f4xx_hal_flash_ex.c **** 
 251              		.loc 1 1036 3 view .LVU47
1036:board/stm32f401rct6/Drivers/STM32F4xx_HAL_Driver/Src/stm32f4xx_hal_flash_ex.c **** 
 252              		.loc 1 1036 12 is_stmt 0 view .LVU48
 253 0004 4CF25030 		movw	r0, #50000
 254              	.LVL8:
1036:board/stm32f401rct6/Drivers/STM32F4xx_HAL_Driver/Src/stm32f4xx_hal_flash_ex.c **** 
 255              		.loc 1 1036 12 view .LVU49
 256 0008 FFF7FEFF 		bl	FLASH_WaitForLastOperation
 257              	.LVL9:
1038:board/stm32f401rct6/Drivers/STM32F4xx_HAL_Driver/Src/stm32f4xx_hal_flash_ex.c ****   {
 258              		.loc 1 1038 3 is_stmt 1 view .LVU50
1038:board/stm32f401rct6/Drivers/STM32F4xx_HAL_Driver/Src/stm32f4xx_hal_flash_ex.c ****   {
 259              		.loc 1 1038 6 is_stmt 0 view .LVU51
 260 000c 28B9     		cbnz	r0, .L22
1040:board/stm32f401rct6/Drivers/STM32F4xx_HAL_Driver/Src/stm32f4xx_hal_flash_ex.c ****   }
 261              		.loc 1 1040 5 is_stmt 1 view .LVU52
1040:board/stm32f401rct6/Drivers/STM32F4xx_HAL_Driver/Src/stm32f4xx_hal_flash_ex.c ****   }
 262              		.loc 1 1040 43 is_stmt 0 view .LVU53
 263 000e 034A     		ldr	r2, .L24
 264 0010 D38A     		ldrh	r3, [r2, #22]
 265 0012 9BB2     		uxth	r3, r3
 266 0014 23EA0404 		bic	r4, r3, r4
 267              	.LVL10:
1040:board/stm32f401rct6/Drivers/STM32F4xx_HAL_Driver/Src/stm32f4xx_hal_flash_ex.c ****   }
 268              		.loc 1 1040 43 view .LVU54
 269 0018 D482     		strh	r4, [r2, #22]	@ movhi
 270              	.L22:
1043:board/stm32f401rct6/Drivers/STM32F4xx_HAL_Driver/Src/stm32f4xx_hal_flash_ex.c **** }
 271              		.loc 1 1043 3 is_stmt 1 view .LVU55
1044:board/stm32f401rct6/Drivers/STM32F4xx_HAL_Driver/Src/stm32f4xx_hal_flash_ex.c **** 
 272              		.loc 1 1044 1 is_stmt 0 view .LVU56
 273 001a 10BD     		pop	{r4, pc}
 274              	.L25:
 275              		.align	2
 276              	.L24:
 277 001c 003C0240 		.word	1073888256
 278              		.cfi_endproc
 279              	.LFE230:
 281              		.section	.text.FLASH_OB_DisableWRP,"ax",%progbits
 282              		.align	1
 283              		.syntax unified
 284              		.thumb
 285              		.thumb_func
 287              	FLASH_OB_DisableWRP:
 288              	.LVL11:
 289              	.LFB231:
1064:board/stm32f401rct6/Drivers/STM32F4xx_HAL_Driver/Src/stm32f4xx_hal_flash_ex.c ****   HAL_StatusTypeDef status = HAL_OK;
 290              		.loc 1 1064 1 is_stmt 1 view -0
 291              		.cfi_startproc
 292              		@ args = 0, pretend = 0, frame = 0
 293              		@ frame_needed = 0, uses_anonymous_args = 0
1064:board/stm32f401rct6/Drivers/STM32F4xx_HAL_Driver/Src/stm32f4xx_hal_flash_ex.c ****   HAL_StatusTypeDef status = HAL_OK;
 294              		.loc 1 1064 1 is_stmt 0 view .LVU58
ARM GAS  C:\Users\Admin\AppData\Local\Temp\ccIG7MAZ.s 			page 29


 295 0000 10B5     		push	{r4, lr}
 296              	.LCFI1:
 297              		.cfi_def_cfa_offset 8
 298              		.cfi_offset 4, -8
 299              		.cfi_offset 14, -4
 300 0002 0446     		mov	r4, r0
1065:board/stm32f401rct6/Drivers/STM32F4xx_HAL_Driver/Src/stm32f4xx_hal_flash_ex.c **** 
 301              		.loc 1 1065 3 is_stmt 1 view .LVU59
 302              	.LVL12:
1068:board/stm32f401rct6/Drivers/STM32F4xx_HAL_Driver/Src/stm32f4xx_hal_flash_ex.c ****   assert_param(IS_FLASH_BANK(Banks));
 303              		.loc 1 1068 3 view .LVU60
1069:board/stm32f401rct6/Drivers/STM32F4xx_HAL_Driver/Src/stm32f4xx_hal_flash_ex.c **** 
 304              		.loc 1 1069 3 view .LVU61
1072:board/stm32f401rct6/Drivers/STM32F4xx_HAL_Driver/Src/stm32f4xx_hal_flash_ex.c **** 
 305              		.loc 1 1072 3 view .LVU62
1072:board/stm32f401rct6/Drivers/STM32F4xx_HAL_Driver/Src/stm32f4xx_hal_flash_ex.c **** 
 306              		.loc 1 1072 12 is_stmt 0 view .LVU63
 307 0004 4CF25030 		movw	r0, #50000
 308              	.LVL13:
1072:board/stm32f401rct6/Drivers/STM32F4xx_HAL_Driver/Src/stm32f4xx_hal_flash_ex.c **** 
 309              		.loc 1 1072 12 view .LVU64
 310 0008 FFF7FEFF 		bl	FLASH_WaitForLastOperation
 311              	.LVL14:
1074:board/stm32f401rct6/Drivers/STM32F4xx_HAL_Driver/Src/stm32f4xx_hal_flash_ex.c ****   {
 312              		.loc 1 1074 3 is_stmt 1 view .LVU65
1074:board/stm32f401rct6/Drivers/STM32F4xx_HAL_Driver/Src/stm32f4xx_hal_flash_ex.c ****   {
 313              		.loc 1 1074 6 is_stmt 0 view .LVU66
 314 000c 28B9     		cbnz	r0, .L27
1076:board/stm32f401rct6/Drivers/STM32F4xx_HAL_Driver/Src/stm32f4xx_hal_flash_ex.c ****   }
 315              		.loc 1 1076 5 is_stmt 1 view .LVU67
1076:board/stm32f401rct6/Drivers/STM32F4xx_HAL_Driver/Src/stm32f4xx_hal_flash_ex.c ****   }
 316              		.loc 1 1076 43 is_stmt 0 view .LVU68
 317 000e 034A     		ldr	r2, .L29
 318 0010 D38A     		ldrh	r3, [r2, #22]
 319 0012 9BB2     		uxth	r3, r3
1076:board/stm32f401rct6/Drivers/STM32F4xx_HAL_Driver/Src/stm32f4xx_hal_flash_ex.c ****   }
 320              		.loc 1 1076 46 view .LVU69
 321 0014 A4B2     		uxth	r4, r4
 322              	.LVL15:
1076:board/stm32f401rct6/Drivers/STM32F4xx_HAL_Driver/Src/stm32f4xx_hal_flash_ex.c ****   }
 323              		.loc 1 1076 43 view .LVU70
 324 0016 1C43     		orrs	r4, r4, r3
 325 0018 D482     		strh	r4, [r2, #22]	@ movhi
 326              	.L27:
1079:board/stm32f401rct6/Drivers/STM32F4xx_HAL_Driver/Src/stm32f4xx_hal_flash_ex.c **** }
 327              		.loc 1 1079 3 is_stmt 1 view .LVU71
1080:board/stm32f401rct6/Drivers/STM32F4xx_HAL_Driver/Src/stm32f4xx_hal_flash_ex.c **** #endif /* STM32F40xxx || STM32F41xxx || STM32F401xx || STM32F410xx || STM32F411xE || STM32F446xx ||
 328              		.loc 1 1080 1 is_stmt 0 view .LVU72
 329 001a 10BD     		pop	{r4, pc}
 330              	.L30:
 331              		.align	2
 332              	.L29:
 333 001c 003C0240 		.word	1073888256
 334              		.cfi_endproc
 335              	.LFE231:
 337              		.section	.text.FLASH_OB_RDP_LevelConfig,"ax",%progbits
 338              		.align	1
ARM GAS  C:\Users\Admin\AppData\Local\Temp\ccIG7MAZ.s 			page 30


 339              		.syntax unified
 340              		.thumb
 341              		.thumb_func
 343              	FLASH_OB_RDP_LevelConfig:
 344              	.LVL16:
 345              	.LFB234:
1158:board/stm32f401rct6/Drivers/STM32F4xx_HAL_Driver/Src/stm32f4xx_hal_flash_ex.c ****   HAL_StatusTypeDef status = HAL_OK;
 346              		.loc 1 1158 1 is_stmt 1 view -0
 347              		.cfi_startproc
 348              		@ args = 0, pretend = 0, frame = 0
 349              		@ frame_needed = 0, uses_anonymous_args = 0
1158:board/stm32f401rct6/Drivers/STM32F4xx_HAL_Driver/Src/stm32f4xx_hal_flash_ex.c ****   HAL_StatusTypeDef status = HAL_OK;
 350              		.loc 1 1158 1 is_stmt 0 view .LVU74
 351 0000 10B5     		push	{r4, lr}
 352              	.LCFI2:
 353              		.cfi_def_cfa_offset 8
 354              		.cfi_offset 4, -8
 355              		.cfi_offset 14, -4
 356 0002 0446     		mov	r4, r0
1159:board/stm32f401rct6/Drivers/STM32F4xx_HAL_Driver/Src/stm32f4xx_hal_flash_ex.c **** 
 357              		.loc 1 1159 3 is_stmt 1 view .LVU75
 358              	.LVL17:
1162:board/stm32f401rct6/Drivers/STM32F4xx_HAL_Driver/Src/stm32f4xx_hal_flash_ex.c **** 
 359              		.loc 1 1162 3 view .LVU76
1165:board/stm32f401rct6/Drivers/STM32F4xx_HAL_Driver/Src/stm32f4xx_hal_flash_ex.c **** 
 360              		.loc 1 1165 3 view .LVU77
1165:board/stm32f401rct6/Drivers/STM32F4xx_HAL_Driver/Src/stm32f4xx_hal_flash_ex.c **** 
 361              		.loc 1 1165 12 is_stmt 0 view .LVU78
 362 0004 4CF25030 		movw	r0, #50000
 363              	.LVL18:
1165:board/stm32f401rct6/Drivers/STM32F4xx_HAL_Driver/Src/stm32f4xx_hal_flash_ex.c **** 
 364              		.loc 1 1165 12 view .LVU79
 365 0008 FFF7FEFF 		bl	FLASH_WaitForLastOperation
 366              	.LVL19:
1167:board/stm32f401rct6/Drivers/STM32F4xx_HAL_Driver/Src/stm32f4xx_hal_flash_ex.c ****   {
 367              		.loc 1 1167 3 is_stmt 1 view .LVU80
1167:board/stm32f401rct6/Drivers/STM32F4xx_HAL_Driver/Src/stm32f4xx_hal_flash_ex.c ****   {
 368              		.loc 1 1167 6 is_stmt 0 view .LVU81
 369 000c 08B9     		cbnz	r0, .L32
1169:board/stm32f401rct6/Drivers/STM32F4xx_HAL_Driver/Src/stm32f4xx_hal_flash_ex.c ****   }
 370              		.loc 1 1169 5 is_stmt 1 view .LVU82
1169:board/stm32f401rct6/Drivers/STM32F4xx_HAL_Driver/Src/stm32f4xx_hal_flash_ex.c ****   }
 371              		.loc 1 1169 42 is_stmt 0 view .LVU83
 372 000e 014B     		ldr	r3, .L34
 373 0010 5C75     		strb	r4, [r3, #21]
 374              	.L32:
1172:board/stm32f401rct6/Drivers/STM32F4xx_HAL_Driver/Src/stm32f4xx_hal_flash_ex.c **** }
 375              		.loc 1 1172 3 is_stmt 1 view .LVU84
1173:board/stm32f401rct6/Drivers/STM32F4xx_HAL_Driver/Src/stm32f4xx_hal_flash_ex.c **** 
 376              		.loc 1 1173 1 is_stmt 0 view .LVU85
 377 0012 10BD     		pop	{r4, pc}
 378              	.L35:
 379              		.align	2
 380              	.L34:
 381 0014 003C0240 		.word	1073888256
 382              		.cfi_endproc
 383              	.LFE234:
ARM GAS  C:\Users\Admin\AppData\Local\Temp\ccIG7MAZ.s 			page 31


 385              		.section	.text.FLASH_OB_UserConfig,"ax",%progbits
 386              		.align	1
 387              		.syntax unified
 388              		.thumb
 389              		.thumb_func
 391              	FLASH_OB_UserConfig:
 392              	.LVL20:
 393              	.LFB235:
1192:board/stm32f401rct6/Drivers/STM32F4xx_HAL_Driver/Src/stm32f4xx_hal_flash_ex.c ****   uint8_t optiontmp = 0xFF;
 394              		.loc 1 1192 1 is_stmt 1 view -0
 395              		.cfi_startproc
 396              		@ args = 0, pretend = 0, frame = 0
 397              		@ frame_needed = 0, uses_anonymous_args = 0
1192:board/stm32f401rct6/Drivers/STM32F4xx_HAL_Driver/Src/stm32f4xx_hal_flash_ex.c ****   uint8_t optiontmp = 0xFF;
 398              		.loc 1 1192 1 is_stmt 0 view .LVU87
 399 0000 F8B5     		push	{r3, r4, r5, r6, r7, lr}
 400              	.LCFI3:
 401              		.cfi_def_cfa_offset 24
 402              		.cfi_offset 3, -24
 403              		.cfi_offset 4, -20
 404              		.cfi_offset 5, -16
 405              		.cfi_offset 6, -12
 406              		.cfi_offset 7, -8
 407              		.cfi_offset 14, -4
 408 0002 0446     		mov	r4, r0
 409 0004 0E46     		mov	r6, r1
 410 0006 1546     		mov	r5, r2
1193:board/stm32f401rct6/Drivers/STM32F4xx_HAL_Driver/Src/stm32f4xx_hal_flash_ex.c ****   HAL_StatusTypeDef status = HAL_OK;
 411              		.loc 1 1193 3 is_stmt 1 view .LVU88
 412              	.LVL21:
1194:board/stm32f401rct6/Drivers/STM32F4xx_HAL_Driver/Src/stm32f4xx_hal_flash_ex.c **** 
 413              		.loc 1 1194 3 view .LVU89
1197:board/stm32f401rct6/Drivers/STM32F4xx_HAL_Driver/Src/stm32f4xx_hal_flash_ex.c ****   assert_param(IS_OB_STOP_SOURCE(Stop));
 414              		.loc 1 1197 3 view .LVU90
1198:board/stm32f401rct6/Drivers/STM32F4xx_HAL_Driver/Src/stm32f4xx_hal_flash_ex.c ****   assert_param(IS_OB_STDBY_SOURCE(Stdby));
 415              		.loc 1 1198 3 view .LVU91
1199:board/stm32f401rct6/Drivers/STM32F4xx_HAL_Driver/Src/stm32f4xx_hal_flash_ex.c **** 
 416              		.loc 1 1199 3 view .LVU92
1202:board/stm32f401rct6/Drivers/STM32F4xx_HAL_Driver/Src/stm32f4xx_hal_flash_ex.c **** 
 417              		.loc 1 1202 3 view .LVU93
1202:board/stm32f401rct6/Drivers/STM32F4xx_HAL_Driver/Src/stm32f4xx_hal_flash_ex.c **** 
 418              		.loc 1 1202 12 is_stmt 0 view .LVU94
 419 0008 4CF25030 		movw	r0, #50000
 420              	.LVL22:
1202:board/stm32f401rct6/Drivers/STM32F4xx_HAL_Driver/Src/stm32f4xx_hal_flash_ex.c **** 
 421              		.loc 1 1202 12 view .LVU95
 422 000c FFF7FEFF 		bl	FLASH_WaitForLastOperation
 423              	.LVL23:
1204:board/stm32f401rct6/Drivers/STM32F4xx_HAL_Driver/Src/stm32f4xx_hal_flash_ex.c ****   {
 424              		.loc 1 1204 3 is_stmt 1 view .LVU96
1204:board/stm32f401rct6/Drivers/STM32F4xx_HAL_Driver/Src/stm32f4xx_hal_flash_ex.c ****   {
 425              		.loc 1 1204 6 is_stmt 0 view .LVU97
 426 0010 48B9     		cbnz	r0, .L37
1207:board/stm32f401rct6/Drivers/STM32F4xx_HAL_Driver/Src/stm32f4xx_hal_flash_ex.c **** 
 427              		.loc 1 1207 5 is_stmt 1 view .LVU98
1207:board/stm32f401rct6/Drivers/STM32F4xx_HAL_Driver/Src/stm32f4xx_hal_flash_ex.c **** 
 428              		.loc 1 1207 66 is_stmt 0 view .LVU99
ARM GAS  C:\Users\Admin\AppData\Local\Temp\ccIG7MAZ.s 			page 32


 429 0012 054F     		ldr	r7, .L39
 430 0014 3B7D     		ldrb	r3, [r7, #20]	@ zero_extendqisi2
1207:board/stm32f401rct6/Drivers/STM32F4xx_HAL_Driver/Src/stm32f4xx_hal_flash_ex.c **** 
 431              		.loc 1 1207 15 view .LVU100
 432 0016 03F01F03 		and	r3, r3, #31
 433              	.LVL24:
1210:board/stm32f401rct6/Drivers/STM32F4xx_HAL_Driver/Src/stm32f4xx_hal_flash_ex.c ****   }
 434              		.loc 1 1210 5 is_stmt 1 view .LVU101
1210:board/stm32f401rct6/Drivers/STM32F4xx_HAL_Driver/Src/stm32f4xx_hal_flash_ex.c ****   }
 435              		.loc 1 1210 69 is_stmt 0 view .LVU102
 436 001a 43EA0601 		orr	r1, r3, r6
1210:board/stm32f401rct6/Drivers/STM32F4xx_HAL_Driver/Src/stm32f4xx_hal_flash_ex.c ****   }
 437              		.loc 1 1210 51 view .LVU103
 438 001e 41EA0502 		orr	r2, r1, r5
1210:board/stm32f401rct6/Drivers/STM32F4xx_HAL_Driver/Src/stm32f4xx_hal_flash_ex.c ****   }
 439              		.loc 1 1210 42 view .LVU104
 440 0022 2243     		orrs	r2, r2, r4
 441 0024 3A75     		strb	r2, [r7, #20]
 442              	.LVL25:
 443              	.L37:
1213:board/stm32f401rct6/Drivers/STM32F4xx_HAL_Driver/Src/stm32f4xx_hal_flash_ex.c **** }
 444              		.loc 1 1213 3 is_stmt 1 view .LVU105
1214:board/stm32f401rct6/Drivers/STM32F4xx_HAL_Driver/Src/stm32f4xx_hal_flash_ex.c **** 
 445              		.loc 1 1214 1 is_stmt 0 view .LVU106
 446 0026 F8BD     		pop	{r3, r4, r5, r6, r7, pc}
 447              	.L40:
 448              		.align	2
 449              	.L39:
 450 0028 003C0240 		.word	1073888256
 451              		.cfi_endproc
 452              	.LFE235:
 454              		.section	.text.FLASH_OB_EnablePCROP,"ax",%progbits
 455              		.align	1
 456              		.syntax unified
 457              		.thumb
 458              		.thumb_func
 460              	FLASH_OB_EnablePCROP:
 461              	.LVL26:
 462              	.LFB232:
1097:board/stm32f401rct6/Drivers/STM32F4xx_HAL_Driver/Src/stm32f4xx_hal_flash_ex.c ****   HAL_StatusTypeDef status = HAL_OK;
 463              		.loc 1 1097 1 is_stmt 1 view -0
 464              		.cfi_startproc
 465              		@ args = 0, pretend = 0, frame = 0
 466              		@ frame_needed = 0, uses_anonymous_args = 0
1097:board/stm32f401rct6/Drivers/STM32F4xx_HAL_Driver/Src/stm32f4xx_hal_flash_ex.c ****   HAL_StatusTypeDef status = HAL_OK;
 467              		.loc 1 1097 1 is_stmt 0 view .LVU108
 468 0000 10B5     		push	{r4, lr}
 469              	.LCFI4:
 470              		.cfi_def_cfa_offset 8
 471              		.cfi_offset 4, -8
 472              		.cfi_offset 14, -4
 473 0002 0446     		mov	r4, r0
1098:board/stm32f401rct6/Drivers/STM32F4xx_HAL_Driver/Src/stm32f4xx_hal_flash_ex.c **** 
 474              		.loc 1 1098 3 is_stmt 1 view .LVU109
 475              	.LVL27:
1101:board/stm32f401rct6/Drivers/STM32F4xx_HAL_Driver/Src/stm32f4xx_hal_flash_ex.c **** 
 476              		.loc 1 1101 3 view .LVU110
ARM GAS  C:\Users\Admin\AppData\Local\Temp\ccIG7MAZ.s 			page 33


1104:board/stm32f401rct6/Drivers/STM32F4xx_HAL_Driver/Src/stm32f4xx_hal_flash_ex.c **** 
 477              		.loc 1 1104 3 view .LVU111
1104:board/stm32f401rct6/Drivers/STM32F4xx_HAL_Driver/Src/stm32f4xx_hal_flash_ex.c **** 
 478              		.loc 1 1104 12 is_stmt 0 view .LVU112
 479 0004 4CF25030 		movw	r0, #50000
 480              	.LVL28:
1104:board/stm32f401rct6/Drivers/STM32F4xx_HAL_Driver/Src/stm32f4xx_hal_flash_ex.c **** 
 481              		.loc 1 1104 12 view .LVU113
 482 0008 FFF7FEFF 		bl	FLASH_WaitForLastOperation
 483              	.LVL29:
1106:board/stm32f401rct6/Drivers/STM32F4xx_HAL_Driver/Src/stm32f4xx_hal_flash_ex.c ****   {
 484              		.loc 1 1106 3 is_stmt 1 view .LVU114
1106:board/stm32f401rct6/Drivers/STM32F4xx_HAL_Driver/Src/stm32f4xx_hal_flash_ex.c ****   {
 485              		.loc 1 1106 6 is_stmt 0 view .LVU115
 486 000c 28B9     		cbnz	r0, .L42
1108:board/stm32f401rct6/Drivers/STM32F4xx_HAL_Driver/Src/stm32f4xx_hal_flash_ex.c ****   }
 487              		.loc 1 1108 5 is_stmt 1 view .LVU116
1108:board/stm32f401rct6/Drivers/STM32F4xx_HAL_Driver/Src/stm32f4xx_hal_flash_ex.c ****   }
 488              		.loc 1 1108 43 is_stmt 0 view .LVU117
 489 000e 034A     		ldr	r2, .L44
 490 0010 D38A     		ldrh	r3, [r2, #22]
 491 0012 9BB2     		uxth	r3, r3
1108:board/stm32f401rct6/Drivers/STM32F4xx_HAL_Driver/Src/stm32f4xx_hal_flash_ex.c ****   }
 492              		.loc 1 1108 46 view .LVU118
 493 0014 A4B2     		uxth	r4, r4
 494              	.LVL30:
1108:board/stm32f401rct6/Drivers/STM32F4xx_HAL_Driver/Src/stm32f4xx_hal_flash_ex.c ****   }
 495              		.loc 1 1108 43 view .LVU119
 496 0016 1C43     		orrs	r4, r4, r3
 497 0018 D482     		strh	r4, [r2, #22]	@ movhi
 498              	.L42:
1111:board/stm32f401rct6/Drivers/STM32F4xx_HAL_Driver/Src/stm32f4xx_hal_flash_ex.c **** }
 499              		.loc 1 1111 3 is_stmt 1 view .LVU120
1112:board/stm32f401rct6/Drivers/STM32F4xx_HAL_Driver/Src/stm32f4xx_hal_flash_ex.c **** 
 500              		.loc 1 1112 1 is_stmt 0 view .LVU121
 501 001a 10BD     		pop	{r4, pc}
 502              	.L45:
 503              		.align	2
 504              	.L44:
 505 001c 003C0240 		.word	1073888256
 506              		.cfi_endproc
 507              	.LFE232:
 509              		.section	.text.FLASH_OB_DisablePCROP,"ax",%progbits
 510              		.align	1
 511              		.syntax unified
 512              		.thumb
 513              		.thumb_func
 515              	FLASH_OB_DisablePCROP:
 516              	.LVL31:
 517              	.LFB233:
1125:board/stm32f401rct6/Drivers/STM32F4xx_HAL_Driver/Src/stm32f4xx_hal_flash_ex.c ****   HAL_StatusTypeDef status = HAL_OK;
 518              		.loc 1 1125 1 is_stmt 1 view -0
 519              		.cfi_startproc
 520              		@ args = 0, pretend = 0, frame = 0
 521              		@ frame_needed = 0, uses_anonymous_args = 0
1125:board/stm32f401rct6/Drivers/STM32F4xx_HAL_Driver/Src/stm32f4xx_hal_flash_ex.c ****   HAL_StatusTypeDef status = HAL_OK;
 522              		.loc 1 1125 1 is_stmt 0 view .LVU123
ARM GAS  C:\Users\Admin\AppData\Local\Temp\ccIG7MAZ.s 			page 34


 523 0000 10B5     		push	{r4, lr}
 524              	.LCFI5:
 525              		.cfi_def_cfa_offset 8
 526              		.cfi_offset 4, -8
 527              		.cfi_offset 14, -4
 528 0002 0446     		mov	r4, r0
1126:board/stm32f401rct6/Drivers/STM32F4xx_HAL_Driver/Src/stm32f4xx_hal_flash_ex.c **** 
 529              		.loc 1 1126 3 is_stmt 1 view .LVU124
 530              	.LVL32:
1129:board/stm32f401rct6/Drivers/STM32F4xx_HAL_Driver/Src/stm32f4xx_hal_flash_ex.c **** 
 531              		.loc 1 1129 3 view .LVU125
1132:board/stm32f401rct6/Drivers/STM32F4xx_HAL_Driver/Src/stm32f4xx_hal_flash_ex.c **** 
 532              		.loc 1 1132 3 view .LVU126
1132:board/stm32f401rct6/Drivers/STM32F4xx_HAL_Driver/Src/stm32f4xx_hal_flash_ex.c **** 
 533              		.loc 1 1132 12 is_stmt 0 view .LVU127
 534 0004 4CF25030 		movw	r0, #50000
 535              	.LVL33:
1132:board/stm32f401rct6/Drivers/STM32F4xx_HAL_Driver/Src/stm32f4xx_hal_flash_ex.c **** 
 536              		.loc 1 1132 12 view .LVU128
 537 0008 FFF7FEFF 		bl	FLASH_WaitForLastOperation
 538              	.LVL34:
1134:board/stm32f401rct6/Drivers/STM32F4xx_HAL_Driver/Src/stm32f4xx_hal_flash_ex.c ****   {
 539              		.loc 1 1134 3 is_stmt 1 view .LVU129
1134:board/stm32f401rct6/Drivers/STM32F4xx_HAL_Driver/Src/stm32f4xx_hal_flash_ex.c ****   {
 540              		.loc 1 1134 6 is_stmt 0 view .LVU130
 541 000c 28B9     		cbnz	r0, .L47
1136:board/stm32f401rct6/Drivers/STM32F4xx_HAL_Driver/Src/stm32f4xx_hal_flash_ex.c ****   }
 542              		.loc 1 1136 5 is_stmt 1 view .LVU131
1136:board/stm32f401rct6/Drivers/STM32F4xx_HAL_Driver/Src/stm32f4xx_hal_flash_ex.c ****   }
 543              		.loc 1 1136 43 is_stmt 0 view .LVU132
 544 000e 034A     		ldr	r2, .L49
 545 0010 D38A     		ldrh	r3, [r2, #22]
 546 0012 9BB2     		uxth	r3, r3
 547 0014 23EA0404 		bic	r4, r3, r4
 548              	.LVL35:
1136:board/stm32f401rct6/Drivers/STM32F4xx_HAL_Driver/Src/stm32f4xx_hal_flash_ex.c ****   }
 549              		.loc 1 1136 43 view .LVU133
 550 0018 D482     		strh	r4, [r2, #22]	@ movhi
 551              	.L47:
1139:board/stm32f401rct6/Drivers/STM32F4xx_HAL_Driver/Src/stm32f4xx_hal_flash_ex.c **** 
 552              		.loc 1 1139 3 is_stmt 1 view .LVU134
1141:board/stm32f401rct6/Drivers/STM32F4xx_HAL_Driver/Src/stm32f4xx_hal_flash_ex.c **** #endif /* STM32F401xC || STM32F401xE || STM32F411xE || STM32F446xx || STM32F412Zx || STM32F412Vx ||
 553              		.loc 1 1141 1 is_stmt 0 view .LVU135
 554 001a 10BD     		pop	{r4, pc}
 555              	.L50:
 556              		.align	2
 557              	.L49:
 558 001c 003C0240 		.word	1073888256
 559              		.cfi_endproc
 560              	.LFE233:
 562              		.section	.text.HAL_FLASHEx_OBProgram,"ax",%progbits
 563              		.align	1
 564              		.global	HAL_FLASHEx_OBProgram
 565              		.syntax unified
 566              		.thumb
 567              		.thumb_func
 569              	HAL_FLASHEx_OBProgram:
ARM GAS  C:\Users\Admin\AppData\Local\Temp\ccIG7MAZ.s 			page 35


 570              	.LVL36:
 571              	.LFB222:
 282:board/stm32f401rct6/Drivers/STM32F4xx_HAL_Driver/Src/stm32f4xx_hal_flash_ex.c ****   HAL_StatusTypeDef status = HAL_ERROR;
 572              		.loc 1 282 1 is_stmt 1 view -0
 573              		.cfi_startproc
 574              		@ args = 0, pretend = 0, frame = 0
 575              		@ frame_needed = 0, uses_anonymous_args = 0
 283:board/stm32f401rct6/Drivers/STM32F4xx_HAL_Driver/Src/stm32f4xx_hal_flash_ex.c **** 
 576              		.loc 1 283 3 view .LVU137
 286:board/stm32f401rct6/Drivers/STM32F4xx_HAL_Driver/Src/stm32f4xx_hal_flash_ex.c **** 
 577              		.loc 1 286 3 view .LVU138
 286:board/stm32f401rct6/Drivers/STM32F4xx_HAL_Driver/Src/stm32f4xx_hal_flash_ex.c **** 
 578              		.loc 1 286 3 view .LVU139
 579 0000 1F4B     		ldr	r3, .L68
 580 0002 1B7E     		ldrb	r3, [r3, #24]	@ zero_extendqisi2
 581 0004 012B     		cmp	r3, #1
 582 0006 38D0     		beq	.L58
 282:board/stm32f401rct6/Drivers/STM32F4xx_HAL_Driver/Src/stm32f4xx_hal_flash_ex.c ****   HAL_StatusTypeDef status = HAL_ERROR;
 583              		.loc 1 282 1 is_stmt 0 discriminator 2 view .LVU140
 584 0008 10B5     		push	{r4, lr}
 585              	.LCFI6:
 586              		.cfi_def_cfa_offset 8
 587              		.cfi_offset 4, -8
 588              		.cfi_offset 14, -4
 589 000a 0446     		mov	r4, r0
 286:board/stm32f401rct6/Drivers/STM32F4xx_HAL_Driver/Src/stm32f4xx_hal_flash_ex.c **** 
 590              		.loc 1 286 3 is_stmt 1 discriminator 2 view .LVU141
 591 000c 1C4B     		ldr	r3, .L68
 592 000e 0122     		movs	r2, #1
 593 0010 1A76     		strb	r2, [r3, #24]
 286:board/stm32f401rct6/Drivers/STM32F4xx_HAL_Driver/Src/stm32f4xx_hal_flash_ex.c **** 
 594              		.loc 1 286 3 discriminator 2 view .LVU142
 289:board/stm32f401rct6/Drivers/STM32F4xx_HAL_Driver/Src/stm32f4xx_hal_flash_ex.c **** 
 595              		.loc 1 289 3 discriminator 2 view .LVU143
 292:board/stm32f401rct6/Drivers/STM32F4xx_HAL_Driver/Src/stm32f4xx_hal_flash_ex.c ****   {
 596              		.loc 1 292 3 discriminator 2 view .LVU144
 292:board/stm32f401rct6/Drivers/STM32F4xx_HAL_Driver/Src/stm32f4xx_hal_flash_ex.c ****   {
 597              		.loc 1 292 15 is_stmt 0 discriminator 2 view .LVU145
 598 0012 0368     		ldr	r3, [r0]
 292:board/stm32f401rct6/Drivers/STM32F4xx_HAL_Driver/Src/stm32f4xx_hal_flash_ex.c ****   {
 599              		.loc 1 292 6 discriminator 2 view .LVU146
 600 0014 13F0010F 		tst	r3, #1
 601 0018 0CD0     		beq	.L59
 294:board/stm32f401rct6/Drivers/STM32F4xx_HAL_Driver/Src/stm32f4xx_hal_flash_ex.c ****     if (pOBInit->WRPState == OB_WRPSTATE_ENABLE)
 602              		.loc 1 294 5 is_stmt 1 view .LVU147
 295:board/stm32f401rct6/Drivers/STM32F4xx_HAL_Driver/Src/stm32f4xx_hal_flash_ex.c ****     {
 603              		.loc 1 295 5 view .LVU148
 295:board/stm32f401rct6/Drivers/STM32F4xx_HAL_Driver/Src/stm32f4xx_hal_flash_ex.c ****     {
 604              		.loc 1 295 16 is_stmt 0 view .LVU149
 605 001a 4368     		ldr	r3, [r0, #4]
 295:board/stm32f401rct6/Drivers/STM32F4xx_HAL_Driver/Src/stm32f4xx_hal_flash_ex.c ****     {
 606              		.loc 1 295 8 view .LVU150
 607 001c 9342     		cmp	r3, r2
 608 001e 04D0     		beq	.L64
 303:board/stm32f401rct6/Drivers/STM32F4xx_HAL_Driver/Src/stm32f4xx_hal_flash_ex.c ****     }
 609              		.loc 1 303 7 is_stmt 1 view .LVU151
 303:board/stm32f401rct6/Drivers/STM32F4xx_HAL_Driver/Src/stm32f4xx_hal_flash_ex.c ****     }
ARM GAS  C:\Users\Admin\AppData\Local\Temp\ccIG7MAZ.s 			page 36


 610              		.loc 1 303 16 is_stmt 0 view .LVU152
 611 0020 C168     		ldr	r1, [r0, #12]
 612 0022 8068     		ldr	r0, [r0, #8]
 613              	.LVL37:
 303:board/stm32f401rct6/Drivers/STM32F4xx_HAL_Driver/Src/stm32f4xx_hal_flash_ex.c ****     }
 614              		.loc 1 303 16 view .LVU153
 615 0024 FFF7FEFF 		bl	FLASH_OB_DisableWRP
 616              	.LVL38:
 303:board/stm32f401rct6/Drivers/STM32F4xx_HAL_Driver/Src/stm32f4xx_hal_flash_ex.c ****     }
 617              		.loc 1 303 16 view .LVU154
 618 0028 05E0     		b	.L53
 619              	.LVL39:
 620              	.L64:
 298:board/stm32f401rct6/Drivers/STM32F4xx_HAL_Driver/Src/stm32f4xx_hal_flash_ex.c ****     }
 621              		.loc 1 298 7 is_stmt 1 view .LVU155
 298:board/stm32f401rct6/Drivers/STM32F4xx_HAL_Driver/Src/stm32f4xx_hal_flash_ex.c ****     }
 622              		.loc 1 298 16 is_stmt 0 view .LVU156
 623 002a C168     		ldr	r1, [r0, #12]
 624 002c 8068     		ldr	r0, [r0, #8]
 625              	.LVL40:
 298:board/stm32f401rct6/Drivers/STM32F4xx_HAL_Driver/Src/stm32f4xx_hal_flash_ex.c ****     }
 626              		.loc 1 298 16 view .LVU157
 627 002e FFF7FEFF 		bl	FLASH_OB_EnableWRP
 628              	.LVL41:
 298:board/stm32f401rct6/Drivers/STM32F4xx_HAL_Driver/Src/stm32f4xx_hal_flash_ex.c ****     }
 629              		.loc 1 298 16 view .LVU158
 630 0032 00E0     		b	.L53
 631              	.LVL42:
 632              	.L59:
 283:board/stm32f401rct6/Drivers/STM32F4xx_HAL_Driver/Src/stm32f4xx_hal_flash_ex.c **** 
 633              		.loc 1 283 21 view .LVU159
 634 0034 0120     		movs	r0, #1
 635              	.LVL43:
 636              	.L53:
 308:board/stm32f401rct6/Drivers/STM32F4xx_HAL_Driver/Src/stm32f4xx_hal_flash_ex.c ****   {
 637              		.loc 1 308 3 is_stmt 1 view .LVU160
 308:board/stm32f401rct6/Drivers/STM32F4xx_HAL_Driver/Src/stm32f4xx_hal_flash_ex.c ****   {
 638              		.loc 1 308 15 is_stmt 0 view .LVU161
 639 0036 2368     		ldr	r3, [r4]
 308:board/stm32f401rct6/Drivers/STM32F4xx_HAL_Driver/Src/stm32f4xx_hal_flash_ex.c ****   {
 640              		.loc 1 308 6 view .LVU162
 641 0038 13F0020F 		tst	r3, #2
 642 003c 0BD1     		bne	.L65
 643              	.L55:
 314:board/stm32f401rct6/Drivers/STM32F4xx_HAL_Driver/Src/stm32f4xx_hal_flash_ex.c ****   {
 644              		.loc 1 314 3 is_stmt 1 view .LVU163
 314:board/stm32f401rct6/Drivers/STM32F4xx_HAL_Driver/Src/stm32f4xx_hal_flash_ex.c ****   {
 645              		.loc 1 314 15 is_stmt 0 view .LVU164
 646 003e 2368     		ldr	r3, [r4]
 314:board/stm32f401rct6/Drivers/STM32F4xx_HAL_Driver/Src/stm32f4xx_hal_flash_ex.c ****   {
 647              		.loc 1 314 6 view .LVU165
 648 0040 13F0040F 		tst	r3, #4
 649 0044 0BD1     		bne	.L66
 650              	.L56:
 322:board/stm32f401rct6/Drivers/STM32F4xx_HAL_Driver/Src/stm32f4xx_hal_flash_ex.c ****   {
 651              		.loc 1 322 3 is_stmt 1 view .LVU166
 322:board/stm32f401rct6/Drivers/STM32F4xx_HAL_Driver/Src/stm32f4xx_hal_flash_ex.c ****   {
ARM GAS  C:\Users\Admin\AppData\Local\Temp\ccIG7MAZ.s 			page 37


 652              		.loc 1 322 15 is_stmt 0 view .LVU167
 653 0046 2368     		ldr	r3, [r4]
 322:board/stm32f401rct6/Drivers/STM32F4xx_HAL_Driver/Src/stm32f4xx_hal_flash_ex.c ****   {
 654              		.loc 1 322 6 view .LVU168
 655 0048 13F0080F 		tst	r3, #8
 656 004c 11D1     		bne	.L67
 657              	.L57:
 328:board/stm32f401rct6/Drivers/STM32F4xx_HAL_Driver/Src/stm32f4xx_hal_flash_ex.c **** 
 658              		.loc 1 328 3 is_stmt 1 view .LVU169
 328:board/stm32f401rct6/Drivers/STM32F4xx_HAL_Driver/Src/stm32f4xx_hal_flash_ex.c **** 
 659              		.loc 1 328 3 view .LVU170
 660 004e 0C4B     		ldr	r3, .L68
 661 0050 0022     		movs	r2, #0
 662 0052 1A76     		strb	r2, [r3, #24]
 328:board/stm32f401rct6/Drivers/STM32F4xx_HAL_Driver/Src/stm32f4xx_hal_flash_ex.c **** 
 663              		.loc 1 328 3 view .LVU171
 330:board/stm32f401rct6/Drivers/STM32F4xx_HAL_Driver/Src/stm32f4xx_hal_flash_ex.c **** }
 664              		.loc 1 330 3 view .LVU172
 331:board/stm32f401rct6/Drivers/STM32F4xx_HAL_Driver/Src/stm32f4xx_hal_flash_ex.c **** 
 665              		.loc 1 331 1 is_stmt 0 view .LVU173
 666 0054 10BD     		pop	{r4, pc}
 667              	.LVL44:
 668              	.L65:
 310:board/stm32f401rct6/Drivers/STM32F4xx_HAL_Driver/Src/stm32f4xx_hal_flash_ex.c ****   }
 669              		.loc 1 310 5 is_stmt 1 view .LVU174
 310:board/stm32f401rct6/Drivers/STM32F4xx_HAL_Driver/Src/stm32f4xx_hal_flash_ex.c ****   }
 670              		.loc 1 310 14 is_stmt 0 view .LVU175
 671 0056 207C     		ldrb	r0, [r4, #16]	@ zero_extendqisi2
 672              	.LVL45:
 310:board/stm32f401rct6/Drivers/STM32F4xx_HAL_Driver/Src/stm32f4xx_hal_flash_ex.c ****   }
 673              		.loc 1 310 14 view .LVU176
 674 0058 FFF7FEFF 		bl	FLASH_OB_RDP_LevelConfig
 675              	.LVL46:
 310:board/stm32f401rct6/Drivers/STM32F4xx_HAL_Driver/Src/stm32f4xx_hal_flash_ex.c ****   }
 676              		.loc 1 310 14 view .LVU177
 677 005c EFE7     		b	.L55
 678              	.L66:
 316:board/stm32f401rct6/Drivers/STM32F4xx_HAL_Driver/Src/stm32f4xx_hal_flash_ex.c ****                                  pOBInit->USERConfig & OB_STOP_NO_RST,
 679              		.loc 1 316 5 is_stmt 1 view .LVU178
 316:board/stm32f401rct6/Drivers/STM32F4xx_HAL_Driver/Src/stm32f4xx_hal_flash_ex.c ****                                  pOBInit->USERConfig & OB_STOP_NO_RST,
 680              		.loc 1 316 41 is_stmt 0 view .LVU179
 681 005e 207E     		ldrb	r0, [r4, #24]	@ zero_extendqisi2
 682              	.LVL47:
 316:board/stm32f401rct6/Drivers/STM32F4xx_HAL_Driver/Src/stm32f4xx_hal_flash_ex.c ****                                  pOBInit->USERConfig & OB_STOP_NO_RST,
 683              		.loc 1 316 14 view .LVU180
 684 0060 00F08002 		and	r2, r0, #128
 685 0064 00F04001 		and	r1, r0, #64
 686 0068 00F02000 		and	r0, r0, #32
 687 006c FFF7FEFF 		bl	FLASH_OB_UserConfig
 688              	.LVL48:
 316:board/stm32f401rct6/Drivers/STM32F4xx_HAL_Driver/Src/stm32f4xx_hal_flash_ex.c ****                                  pOBInit->USERConfig & OB_STOP_NO_RST,
 689              		.loc 1 316 14 view .LVU181
 690 0070 E9E7     		b	.L56
 691              	.L67:
 324:board/stm32f401rct6/Drivers/STM32F4xx_HAL_Driver/Src/stm32f4xx_hal_flash_ex.c ****   }
 692              		.loc 1 324 5 is_stmt 1 view .LVU182
 324:board/stm32f401rct6/Drivers/STM32F4xx_HAL_Driver/Src/stm32f4xx_hal_flash_ex.c ****   }
ARM GAS  C:\Users\Admin\AppData\Local\Temp\ccIG7MAZ.s 			page 38


 693              		.loc 1 324 14 is_stmt 0 view .LVU183
 694 0072 207D     		ldrb	r0, [r4, #20]	@ zero_extendqisi2
 695              	.LVL49:
 324:board/stm32f401rct6/Drivers/STM32F4xx_HAL_Driver/Src/stm32f4xx_hal_flash_ex.c ****   }
 696              		.loc 1 324 14 view .LVU184
 697 0074 FFF7FEFF 		bl	FLASH_OB_BOR_LevelConfig
 698              	.LVL50:
 324:board/stm32f401rct6/Drivers/STM32F4xx_HAL_Driver/Src/stm32f4xx_hal_flash_ex.c ****   }
 699              		.loc 1 324 14 view .LVU185
 700 0078 E9E7     		b	.L57
 701              	.LVL51:
 702              	.L58:
 703              	.LCFI7:
 704              		.cfi_def_cfa_offset 0
 705              		.cfi_restore 4
 706              		.cfi_restore 14
 286:board/stm32f401rct6/Drivers/STM32F4xx_HAL_Driver/Src/stm32f4xx_hal_flash_ex.c **** 
 707              		.loc 1 286 3 view .LVU186
 708 007a 0220     		movs	r0, #2
 709              	.LVL52:
 331:board/stm32f401rct6/Drivers/STM32F4xx_HAL_Driver/Src/stm32f4xx_hal_flash_ex.c **** 
 710              		.loc 1 331 1 view .LVU187
 711 007c 7047     		bx	lr
 712              	.L69:
 713 007e 00BF     		.align	2
 714              	.L68:
 715 0080 00000000 		.word	pFlash
 716              		.cfi_endproc
 717              	.LFE222:
 719              		.section	.text.HAL_FLASHEx_OBGetConfig,"ax",%progbits
 720              		.align	1
 721              		.global	HAL_FLASHEx_OBGetConfig
 722              		.syntax unified
 723              		.thumb
 724              		.thumb_func
 726              	HAL_FLASHEx_OBGetConfig:
 727              	.LVL53:
 728              	.LFB223:
 341:board/stm32f401rct6/Drivers/STM32F4xx_HAL_Driver/Src/stm32f4xx_hal_flash_ex.c ****   pOBInit->OptionType = OPTIONBYTE_WRP | OPTIONBYTE_RDP | OPTIONBYTE_USER | OPTIONBYTE_BOR;
 729              		.loc 1 341 1 is_stmt 1 view -0
 730              		.cfi_startproc
 731              		@ args = 0, pretend = 0, frame = 0
 732              		@ frame_needed = 0, uses_anonymous_args = 0
 341:board/stm32f401rct6/Drivers/STM32F4xx_HAL_Driver/Src/stm32f4xx_hal_flash_ex.c ****   pOBInit->OptionType = OPTIONBYTE_WRP | OPTIONBYTE_RDP | OPTIONBYTE_USER | OPTIONBYTE_BOR;
 733              		.loc 1 341 1 is_stmt 0 view .LVU189
 734 0000 10B5     		push	{r4, lr}
 735              	.LCFI8:
 736              		.cfi_def_cfa_offset 8
 737              		.cfi_offset 4, -8
 738              		.cfi_offset 14, -4
 739 0002 0446     		mov	r4, r0
 342:board/stm32f401rct6/Drivers/STM32F4xx_HAL_Driver/Src/stm32f4xx_hal_flash_ex.c **** 
 740              		.loc 1 342 3 is_stmt 1 view .LVU190
 342:board/stm32f401rct6/Drivers/STM32F4xx_HAL_Driver/Src/stm32f4xx_hal_flash_ex.c **** 
 741              		.loc 1 342 23 is_stmt 0 view .LVU191
 742 0004 0F23     		movs	r3, #15
 743 0006 0360     		str	r3, [r0]
ARM GAS  C:\Users\Admin\AppData\Local\Temp\ccIG7MAZ.s 			page 39


 345:board/stm32f401rct6/Drivers/STM32F4xx_HAL_Driver/Src/stm32f4xx_hal_flash_ex.c **** 
 744              		.loc 1 345 3 is_stmt 1 view .LVU192
 345:board/stm32f401rct6/Drivers/STM32F4xx_HAL_Driver/Src/stm32f4xx_hal_flash_ex.c **** 
 745              		.loc 1 345 34 is_stmt 0 view .LVU193
 746 0008 FFF7FEFF 		bl	FLASH_OB_GetWRP
 747              	.LVL54:
 345:board/stm32f401rct6/Drivers/STM32F4xx_HAL_Driver/Src/stm32f4xx_hal_flash_ex.c **** 
 748              		.loc 1 345 22 view .LVU194
 749 000c A060     		str	r0, [r4, #8]
 348:board/stm32f401rct6/Drivers/STM32F4xx_HAL_Driver/Src/stm32f4xx_hal_flash_ex.c **** 
 750              		.loc 1 348 3 is_stmt 1 view .LVU195
 348:board/stm32f401rct6/Drivers/STM32F4xx_HAL_Driver/Src/stm32f4xx_hal_flash_ex.c **** 
 751              		.loc 1 348 33 is_stmt 0 view .LVU196
 752 000e FFF7FEFF 		bl	FLASH_OB_GetRDP
 753              	.LVL55:
 348:board/stm32f401rct6/Drivers/STM32F4xx_HAL_Driver/Src/stm32f4xx_hal_flash_ex.c **** 
 754              		.loc 1 348 21 view .LVU197
 755 0012 2061     		str	r0, [r4, #16]
 351:board/stm32f401rct6/Drivers/STM32F4xx_HAL_Driver/Src/stm32f4xx_hal_flash_ex.c **** 
 756              		.loc 1 351 3 is_stmt 1 view .LVU198
 351:board/stm32f401rct6/Drivers/STM32F4xx_HAL_Driver/Src/stm32f4xx_hal_flash_ex.c **** 
 757              		.loc 1 351 34 is_stmt 0 view .LVU199
 758 0014 FFF7FEFF 		bl	FLASH_OB_GetUser
 759              	.LVL56:
 351:board/stm32f401rct6/Drivers/STM32F4xx_HAL_Driver/Src/stm32f4xx_hal_flash_ex.c **** 
 760              		.loc 1 351 23 view .LVU200
 761 0018 2076     		strb	r0, [r4, #24]
 354:board/stm32f401rct6/Drivers/STM32F4xx_HAL_Driver/Src/stm32f4xx_hal_flash_ex.c **** }
 762              		.loc 1 354 3 is_stmt 1 view .LVU201
 354:board/stm32f401rct6/Drivers/STM32F4xx_HAL_Driver/Src/stm32f4xx_hal_flash_ex.c **** }
 763              		.loc 1 354 33 is_stmt 0 view .LVU202
 764 001a FFF7FEFF 		bl	FLASH_OB_GetBOR
 765              	.LVL57:
 354:board/stm32f401rct6/Drivers/STM32F4xx_HAL_Driver/Src/stm32f4xx_hal_flash_ex.c **** }
 766              		.loc 1 354 21 view .LVU203
 767 001e 6061     		str	r0, [r4, #20]
 355:board/stm32f401rct6/Drivers/STM32F4xx_HAL_Driver/Src/stm32f4xx_hal_flash_ex.c **** 
 768              		.loc 1 355 1 view .LVU204
 769 0020 10BD     		pop	{r4, pc}
 355:board/stm32f401rct6/Drivers/STM32F4xx_HAL_Driver/Src/stm32f4xx_hal_flash_ex.c **** 
 770              		.loc 1 355 1 view .LVU205
 771              		.cfi_endproc
 772              	.LFE223:
 774              		.section	.text.HAL_FLASHEx_AdvOBProgram,"ax",%progbits
 775              		.align	1
 776              		.global	HAL_FLASHEx_AdvOBProgram
 777              		.syntax unified
 778              		.thumb
 779              		.thumb_func
 781              	HAL_FLASHEx_AdvOBProgram:
 782              	.LVL58:
 783              	.LFB224:
 370:board/stm32f401rct6/Drivers/STM32F4xx_HAL_Driver/Src/stm32f4xx_hal_flash_ex.c ****   HAL_StatusTypeDef status = HAL_ERROR;
 784              		.loc 1 370 1 is_stmt 1 view -0
 785              		.cfi_startproc
 786              		@ args = 0, pretend = 0, frame = 0
 787              		@ frame_needed = 0, uses_anonymous_args = 0
ARM GAS  C:\Users\Admin\AppData\Local\Temp\ccIG7MAZ.s 			page 40


 370:board/stm32f401rct6/Drivers/STM32F4xx_HAL_Driver/Src/stm32f4xx_hal_flash_ex.c ****   HAL_StatusTypeDef status = HAL_ERROR;
 788              		.loc 1 370 1 is_stmt 0 view .LVU207
 789 0000 08B5     		push	{r3, lr}
 790              	.LCFI9:
 791              		.cfi_def_cfa_offset 8
 792              		.cfi_offset 3, -8
 793              		.cfi_offset 14, -4
 371:board/stm32f401rct6/Drivers/STM32F4xx_HAL_Driver/Src/stm32f4xx_hal_flash_ex.c **** 
 794              		.loc 1 371 3 is_stmt 1 view .LVU208
 795              	.LVL59:
 374:board/stm32f401rct6/Drivers/STM32F4xx_HAL_Driver/Src/stm32f4xx_hal_flash_ex.c **** 
 796              		.loc 1 374 3 view .LVU209
 377:board/stm32f401rct6/Drivers/STM32F4xx_HAL_Driver/Src/stm32f4xx_hal_flash_ex.c ****   {
 797              		.loc 1 377 3 view .LVU210
 377:board/stm32f401rct6/Drivers/STM32F4xx_HAL_Driver/Src/stm32f4xx_hal_flash_ex.c ****   {
 798              		.loc 1 377 19 is_stmt 0 view .LVU211
 799 0002 0368     		ldr	r3, [r0]
 377:board/stm32f401rct6/Drivers/STM32F4xx_HAL_Driver/Src/stm32f4xx_hal_flash_ex.c ****   {
 800              		.loc 1 377 6 view .LVU212
 801 0004 13F0010F 		tst	r3, #1
 802 0008 0AD0     		beq	.L75
 380:board/stm32f401rct6/Drivers/STM32F4xx_HAL_Driver/Src/stm32f4xx_hal_flash_ex.c ****     if ((pAdvOBInit->PCROPState) == OB_PCROP_STATE_ENABLE)
 803              		.loc 1 380 5 is_stmt 1 view .LVU213
 381:board/stm32f401rct6/Drivers/STM32F4xx_HAL_Driver/Src/stm32f4xx_hal_flash_ex.c ****     {
 804              		.loc 1 381 5 view .LVU214
 381:board/stm32f401rct6/Drivers/STM32F4xx_HAL_Driver/Src/stm32f4xx_hal_flash_ex.c ****     {
 805              		.loc 1 381 20 is_stmt 0 view .LVU215
 806 000a 4368     		ldr	r3, [r0, #4]
 381:board/stm32f401rct6/Drivers/STM32F4xx_HAL_Driver/Src/stm32f4xx_hal_flash_ex.c ****     {
 807              		.loc 1 381 8 view .LVU216
 808 000c 012B     		cmp	r3, #1
 809 000e 03D0     		beq	.L77
 399:board/stm32f401rct6/Drivers/STM32F4xx_HAL_Driver/Src/stm32f4xx_hal_flash_ex.c **** #else /* STM32F427xx || STM32F437xx || STM32F429xx|| STM32F439xx || STM32F469xx || STM32F479xx */
 810              		.loc 1 399 7 is_stmt 1 view .LVU217
 399:board/stm32f401rct6/Drivers/STM32F4xx_HAL_Driver/Src/stm32f4xx_hal_flash_ex.c **** #else /* STM32F427xx || STM32F437xx || STM32F429xx|| STM32F439xx || STM32F469xx || STM32F479xx */
 811              		.loc 1 399 16 is_stmt 0 view .LVU218
 812 0010 0089     		ldrh	r0, [r0, #8]
 813              	.LVL60:
 399:board/stm32f401rct6/Drivers/STM32F4xx_HAL_Driver/Src/stm32f4xx_hal_flash_ex.c **** #else /* STM32F427xx || STM32F437xx || STM32F429xx|| STM32F439xx || STM32F469xx || STM32F479xx */
 814              		.loc 1 399 16 view .LVU219
 815 0012 FFF7FEFF 		bl	FLASH_OB_DisablePCROP
 816              	.LVL61:
 399:board/stm32f401rct6/Drivers/STM32F4xx_HAL_Driver/Src/stm32f4xx_hal_flash_ex.c **** #else /* STM32F427xx || STM32F437xx || STM32F429xx|| STM32F439xx || STM32F469xx || STM32F479xx */
 817              		.loc 1 399 16 view .LVU220
 818 0016 04E0     		b	.L73
 819              	.LVL62:
 820              	.L77:
 387:board/stm32f401rct6/Drivers/STM32F4xx_HAL_Driver/Src/stm32f4xx_hal_flash_ex.c **** #else  /* STM32F427xx || STM32F437xx || STM32F429xx|| STM32F439xx || STM32F469xx || STM32F479xx */
 821              		.loc 1 387 7 is_stmt 1 view .LVU221
 387:board/stm32f401rct6/Drivers/STM32F4xx_HAL_Driver/Src/stm32f4xx_hal_flash_ex.c **** #else  /* STM32F427xx || STM32F437xx || STM32F429xx|| STM32F439xx || STM32F469xx || STM32F479xx */
 822              		.loc 1 387 16 is_stmt 0 view .LVU222
 823 0018 0089     		ldrh	r0, [r0, #8]
 824              	.LVL63:
 387:board/stm32f401rct6/Drivers/STM32F4xx_HAL_Driver/Src/stm32f4xx_hal_flash_ex.c **** #else  /* STM32F427xx || STM32F437xx || STM32F429xx|| STM32F439xx || STM32F469xx || STM32F479xx */
 825              		.loc 1 387 16 view .LVU223
 826 001a FFF7FEFF 		bl	FLASH_OB_EnablePCROP
 827              	.LVL64:
ARM GAS  C:\Users\Admin\AppData\Local\Temp\ccIG7MAZ.s 			page 41


 387:board/stm32f401rct6/Drivers/STM32F4xx_HAL_Driver/Src/stm32f4xx_hal_flash_ex.c **** #else  /* STM32F427xx || STM32F437xx || STM32F429xx|| STM32F439xx || STM32F469xx || STM32F479xx */
 828              		.loc 1 387 16 view .LVU224
 829 001e 00E0     		b	.L73
 830              	.LVL65:
 831              	.L75:
 371:board/stm32f401rct6/Drivers/STM32F4xx_HAL_Driver/Src/stm32f4xx_hal_flash_ex.c **** 
 832              		.loc 1 371 21 view .LVU225
 833 0020 0120     		movs	r0, #1
 834              	.LVL66:
 835              	.L73:
 415:board/stm32f401rct6/Drivers/STM32F4xx_HAL_Driver/Src/stm32f4xx_hal_flash_ex.c **** }
 836              		.loc 1 415 3 is_stmt 1 view .LVU226
 416:board/stm32f401rct6/Drivers/STM32F4xx_HAL_Driver/Src/stm32f4xx_hal_flash_ex.c **** 
 837              		.loc 1 416 1 is_stmt 0 view .LVU227
 838 0022 08BD     		pop	{r3, pc}
 839              		.cfi_endproc
 840              	.LFE224:
 842              		.section	.text.HAL_FLASHEx_AdvOBGetConfig,"ax",%progbits
 843              		.align	1
 844              		.global	HAL_FLASHEx_AdvOBGetConfig
 845              		.syntax unified
 846              		.thumb
 847              		.thumb_func
 849              	HAL_FLASHEx_AdvOBGetConfig:
 850              	.LVL67:
 851              	.LFB225:
 426:board/stm32f401rct6/Drivers/STM32F4xx_HAL_Driver/Src/stm32f4xx_hal_flash_ex.c **** #if defined(STM32F401xC) || defined(STM32F401xE) || defined(STM32F410Tx) || defined(STM32F410Cx) ||
 852              		.loc 1 426 1 is_stmt 1 view -0
 853              		.cfi_startproc
 854              		@ args = 0, pretend = 0, frame = 0
 855              		@ frame_needed = 0, uses_anonymous_args = 0
 856              		@ link register save eliminated.
 431:board/stm32f401rct6/Drivers/STM32F4xx_HAL_Driver/Src/stm32f4xx_hal_flash_ex.c **** #else  /* STM32F427xx || STM32F437xx || STM32F429xx|| STM32F439xx || STM32F469xx || STM32F479xx */
 857              		.loc 1 431 3 view .LVU229
 431:board/stm32f401rct6/Drivers/STM32F4xx_HAL_Driver/Src/stm32f4xx_hal_flash_ex.c **** #else  /* STM32F427xx || STM32F437xx || STM32F429xx|| STM32F439xx || STM32F469xx || STM32F479xx */
 858              		.loc 1 431 26 is_stmt 0 view .LVU230
 859 0000 014B     		ldr	r3, .L79
 860 0002 DB8A     		ldrh	r3, [r3, #22]
 431:board/stm32f401rct6/Drivers/STM32F4xx_HAL_Driver/Src/stm32f4xx_hal_flash_ex.c **** #else  /* STM32F427xx || STM32F437xx || STM32F429xx|| STM32F439xx || STM32F469xx || STM32F479xx */
 861              		.loc 1 431 23 view .LVU231
 862 0004 0381     		strh	r3, [r0, #8]	@ movhi
 443:board/stm32f401rct6/Drivers/STM32F4xx_HAL_Driver/Src/stm32f4xx_hal_flash_ex.c **** 
 863              		.loc 1 443 1 view .LVU232
 864 0006 7047     		bx	lr
 865              	.L80:
 866              		.align	2
 867              	.L79:
 868 0008 003C0240 		.word	1073888256
 869              		.cfi_endproc
 870              	.LFE225:
 872              		.section	.text.HAL_FLASHEx_OB_SelectPCROP,"ax",%progbits
 873              		.align	1
 874              		.global	HAL_FLASHEx_OB_SelectPCROP
 875              		.syntax unified
 876              		.thumb
 877              		.thumb_func
 879              	HAL_FLASHEx_OB_SelectPCROP:
ARM GAS  C:\Users\Admin\AppData\Local\Temp\ccIG7MAZ.s 			page 42


 880              	.LFB226:
 458:board/stm32f401rct6/Drivers/STM32F4xx_HAL_Driver/Src/stm32f4xx_hal_flash_ex.c ****   uint8_t optiontmp = 0xFF;
 881              		.loc 1 458 1 is_stmt 1 view -0
 882              		.cfi_startproc
 883              		@ args = 0, pretend = 0, frame = 0
 884              		@ frame_needed = 0, uses_anonymous_args = 0
 885              		@ link register save eliminated.
 459:board/stm32f401rct6/Drivers/STM32F4xx_HAL_Driver/Src/stm32f4xx_hal_flash_ex.c **** 
 886              		.loc 1 459 3 view .LVU234
 887              	.LVL68:
 462:board/stm32f401rct6/Drivers/STM32F4xx_HAL_Driver/Src/stm32f4xx_hal_flash_ex.c **** 
 888              		.loc 1 462 3 view .LVU235
 462:board/stm32f401rct6/Drivers/STM32F4xx_HAL_Driver/Src/stm32f4xx_hal_flash_ex.c **** 
 889              		.loc 1 462 64 is_stmt 0 view .LVU236
 890 0000 034A     		ldr	r2, .L82
 891 0002 D37D     		ldrb	r3, [r2, #23]	@ zero_extendqisi2
 892              	.LVL69:
 465:board/stm32f401rct6/Drivers/STM32F4xx_HAL_Driver/Src/stm32f4xx_hal_flash_ex.c **** 
 893              		.loc 1 465 3 is_stmt 1 view .LVU237
 465:board/stm32f401rct6/Drivers/STM32F4xx_HAL_Driver/Src/stm32f4xx_hal_flash_ex.c **** 
 894              		.loc 1 465 42 is_stmt 0 view .LVU238
 895 0004 43F08003 		orr	r3, r3, #128
 896              	.LVL70:
 465:board/stm32f401rct6/Drivers/STM32F4xx_HAL_Driver/Src/stm32f4xx_hal_flash_ex.c **** 
 897              		.loc 1 465 40 view .LVU239
 898 0008 D375     		strb	r3, [r2, #23]
 467:board/stm32f401rct6/Drivers/STM32F4xx_HAL_Driver/Src/stm32f4xx_hal_flash_ex.c **** }
 899              		.loc 1 467 3 is_stmt 1 view .LVU240
 468:board/stm32f401rct6/Drivers/STM32F4xx_HAL_Driver/Src/stm32f4xx_hal_flash_ex.c **** 
 900              		.loc 1 468 1 is_stmt 0 view .LVU241
 901 000a 0020     		movs	r0, #0
 902 000c 7047     		bx	lr
 903              	.L83:
 904 000e 00BF     		.align	2
 905              	.L82:
 906 0010 003C0240 		.word	1073888256
 907              		.cfi_endproc
 908              	.LFE226:
 910              		.section	.text.HAL_FLASHEx_OB_DeSelectPCROP,"ax",%progbits
 911              		.align	1
 912              		.global	HAL_FLASHEx_OB_DeSelectPCROP
 913              		.syntax unified
 914              		.thumb
 915              		.thumb_func
 917              	HAL_FLASHEx_OB_DeSelectPCROP:
 918              	.LFB227:
 483:board/stm32f401rct6/Drivers/STM32F4xx_HAL_Driver/Src/stm32f4xx_hal_flash_ex.c ****   uint8_t optiontmp = 0xFF;
 919              		.loc 1 483 1 is_stmt 1 view -0
 920              		.cfi_startproc
 921              		@ args = 0, pretend = 0, frame = 0
 922              		@ frame_needed = 0, uses_anonymous_args = 0
 923              		@ link register save eliminated.
 484:board/stm32f401rct6/Drivers/STM32F4xx_HAL_Driver/Src/stm32f4xx_hal_flash_ex.c **** 
 924              		.loc 1 484 3 view .LVU243
 925              	.LVL71:
 487:board/stm32f401rct6/Drivers/STM32F4xx_HAL_Driver/Src/stm32f4xx_hal_flash_ex.c **** 
 926              		.loc 1 487 3 view .LVU244
ARM GAS  C:\Users\Admin\AppData\Local\Temp\ccIG7MAZ.s 			page 43


 487:board/stm32f401rct6/Drivers/STM32F4xx_HAL_Driver/Src/stm32f4xx_hal_flash_ex.c **** 
 927              		.loc 1 487 64 is_stmt 0 view .LVU245
 928 0000 034A     		ldr	r2, .L85
 929 0002 D37D     		ldrb	r3, [r2, #23]	@ zero_extendqisi2
 487:board/stm32f401rct6/Drivers/STM32F4xx_HAL_Driver/Src/stm32f4xx_hal_flash_ex.c **** 
 930              		.loc 1 487 13 view .LVU246
 931 0004 03F07F03 		and	r3, r3, #127
 932              	.LVL72:
 490:board/stm32f401rct6/Drivers/STM32F4xx_HAL_Driver/Src/stm32f4xx_hal_flash_ex.c **** 
 933              		.loc 1 490 3 is_stmt 1 view .LVU247
 490:board/stm32f401rct6/Drivers/STM32F4xx_HAL_Driver/Src/stm32f4xx_hal_flash_ex.c **** 
 934              		.loc 1 490 40 is_stmt 0 view .LVU248
 935 0008 D375     		strb	r3, [r2, #23]
 492:board/stm32f401rct6/Drivers/STM32F4xx_HAL_Driver/Src/stm32f4xx_hal_flash_ex.c **** }
 936              		.loc 1 492 3 is_stmt 1 view .LVU249
 493:board/stm32f401rct6/Drivers/STM32F4xx_HAL_Driver/Src/stm32f4xx_hal_flash_ex.c **** #endif /* STM32F427xx || STM32F437xx || STM32F429xx || STM32F439xx || STM32F401xC || STM32F401xE ||
 937              		.loc 1 493 1 is_stmt 0 view .LVU250
 938 000a 0020     		movs	r0, #0
 939 000c 7047     		bx	lr
 940              	.L86:
 941 000e 00BF     		.align	2
 942              	.L85:
 943 0010 003C0240 		.word	1073888256
 944              		.cfi_endproc
 945              	.LFE227:
 947              		.section	.text.FLASH_Erase_Sector,"ax",%progbits
 948              		.align	1
 949              		.global	FLASH_Erase_Sector
 950              		.syntax unified
 951              		.thumb
 952              		.thumb_func
 954              	FLASH_Erase_Sector:
 955              	.LVL73:
 956              	.LFB229:
 978:board/stm32f401rct6/Drivers/STM32F4xx_HAL_Driver/Src/stm32f4xx_hal_flash_ex.c ****   uint32_t tmp_psize = 0U;
 957              		.loc 1 978 1 is_stmt 1 view -0
 958              		.cfi_startproc
 959              		@ args = 0, pretend = 0, frame = 0
 960              		@ frame_needed = 0, uses_anonymous_args = 0
 961              		@ link register save eliminated.
 979:board/stm32f401rct6/Drivers/STM32F4xx_HAL_Driver/Src/stm32f4xx_hal_flash_ex.c **** 
 962              		.loc 1 979 3 view .LVU252
 982:board/stm32f401rct6/Drivers/STM32F4xx_HAL_Driver/Src/stm32f4xx_hal_flash_ex.c ****   assert_param(IS_VOLTAGERANGE(VoltageRange));
 963              		.loc 1 982 3 view .LVU253
 983:board/stm32f401rct6/Drivers/STM32F4xx_HAL_Driver/Src/stm32f4xx_hal_flash_ex.c **** 
 964              		.loc 1 983 3 view .LVU254
 985:board/stm32f401rct6/Drivers/STM32F4xx_HAL_Driver/Src/stm32f4xx_hal_flash_ex.c ****   {
 965              		.loc 1 985 3 view .LVU255
 985:board/stm32f401rct6/Drivers/STM32F4xx_HAL_Driver/Src/stm32f4xx_hal_flash_ex.c ****   {
 966              		.loc 1 985 6 is_stmt 0 view .LVU256
 967 0000 49B1     		cbz	r1, .L89
 989:board/stm32f401rct6/Drivers/STM32F4xx_HAL_Driver/Src/stm32f4xx_hal_flash_ex.c ****   {
 968              		.loc 1 989 8 is_stmt 1 view .LVU257
 989:board/stm32f401rct6/Drivers/STM32F4xx_HAL_Driver/Src/stm32f4xx_hal_flash_ex.c ****   {
 969              		.loc 1 989 11 is_stmt 0 view .LVU258
 970 0002 0129     		cmp	r1, #1
 971 0004 21D0     		beq	.L90
ARM GAS  C:\Users\Admin\AppData\Local\Temp\ccIG7MAZ.s 			page 44


 993:board/stm32f401rct6/Drivers/STM32F4xx_HAL_Driver/Src/stm32f4xx_hal_flash_ex.c ****   {
 972              		.loc 1 993 8 is_stmt 1 view .LVU259
 993:board/stm32f401rct6/Drivers/STM32F4xx_HAL_Driver/Src/stm32f4xx_hal_flash_ex.c ****   {
 973              		.loc 1 993 11 is_stmt 0 view .LVU260
 974 0006 0229     		cmp	r1, #2
 975 0008 02D0     		beq	.L92
 999:board/stm32f401rct6/Drivers/STM32F4xx_HAL_Driver/Src/stm32f4xx_hal_flash_ex.c ****   }
 976              		.loc 1 999 15 view .LVU261
 977 000a 4FF4407C 		mov	ip, #768
 978 000e 04E0     		b	.L88
 979              	.L92:
 995:board/stm32f401rct6/Drivers/STM32F4xx_HAL_Driver/Src/stm32f4xx_hal_flash_ex.c ****   }
 980              		.loc 1 995 15 view .LVU262
 981 0010 4FF4007C 		mov	ip, #512
 982 0014 01E0     		b	.L88
 983              	.L89:
 987:board/stm32f401rct6/Drivers/STM32F4xx_HAL_Driver/Src/stm32f4xx_hal_flash_ex.c ****   }
 984              		.loc 1 987 15 view .LVU263
 985 0016 4FF0000C 		mov	ip, #0
 986              	.L88:
 987              	.LVL74:
1003:board/stm32f401rct6/Drivers/STM32F4xx_HAL_Driver/Src/stm32f4xx_hal_flash_ex.c ****   FLASH->CR |= tmp_psize;
 988              		.loc 1 1003 3 is_stmt 1 view .LVU264
 989 001a 0D4B     		ldr	r3, .L93
 990 001c 1969     		ldr	r1, [r3, #16]
 991              	.LVL75:
1003:board/stm32f401rct6/Drivers/STM32F4xx_HAL_Driver/Src/stm32f4xx_hal_flash_ex.c ****   FLASH->CR |= tmp_psize;
 992              		.loc 1 1003 3 is_stmt 0 view .LVU265
 993 001e 21F44071 		bic	r1, r1, #768
 994 0022 1961     		str	r1, [r3, #16]
1004:board/stm32f401rct6/Drivers/STM32F4xx_HAL_Driver/Src/stm32f4xx_hal_flash_ex.c ****   CLEAR_BIT(FLASH->CR, FLASH_CR_SNB);
 995              		.loc 1 1004 3 is_stmt 1 view .LVU266
1004:board/stm32f401rct6/Drivers/STM32F4xx_HAL_Driver/Src/stm32f4xx_hal_flash_ex.c ****   CLEAR_BIT(FLASH->CR, FLASH_CR_SNB);
 996              		.loc 1 1004 13 is_stmt 0 view .LVU267
 997 0024 1A69     		ldr	r2, [r3, #16]
 998 0026 42EA0C02 		orr	r2, r2, ip
 999 002a 1A61     		str	r2, [r3, #16]
1005:board/stm32f401rct6/Drivers/STM32F4xx_HAL_Driver/Src/stm32f4xx_hal_flash_ex.c ****   FLASH->CR |= FLASH_CR_SER | (Sector << FLASH_CR_SNB_Pos);
 1000              		.loc 1 1005 3 is_stmt 1 view .LVU268
 1001 002c 1A69     		ldr	r2, [r3, #16]
 1002 002e 22F0F802 		bic	r2, r2, #248
 1003 0032 1A61     		str	r2, [r3, #16]
1006:board/stm32f401rct6/Drivers/STM32F4xx_HAL_Driver/Src/stm32f4xx_hal_flash_ex.c ****   FLASH->CR |= FLASH_CR_STRT;
 1004              		.loc 1 1006 3 view .LVU269
1006:board/stm32f401rct6/Drivers/STM32F4xx_HAL_Driver/Src/stm32f4xx_hal_flash_ex.c ****   FLASH->CR |= FLASH_CR_STRT;
 1005              		.loc 1 1006 13 is_stmt 0 view .LVU270
 1006 0034 1A69     		ldr	r2, [r3, #16]
 1007 0036 42EAC000 		orr	r0, r2, r0, lsl #3
 1008              	.LVL76:
1006:board/stm32f401rct6/Drivers/STM32F4xx_HAL_Driver/Src/stm32f4xx_hal_flash_ex.c ****   FLASH->CR |= FLASH_CR_STRT;
 1009              		.loc 1 1006 13 view .LVU271
 1010 003a 40F00200 		orr	r0, r0, #2
 1011 003e 1861     		str	r0, [r3, #16]
1007:board/stm32f401rct6/Drivers/STM32F4xx_HAL_Driver/Src/stm32f4xx_hal_flash_ex.c **** }
 1012              		.loc 1 1007 3 is_stmt 1 view .LVU272
1007:board/stm32f401rct6/Drivers/STM32F4xx_HAL_Driver/Src/stm32f4xx_hal_flash_ex.c **** }
 1013              		.loc 1 1007 13 is_stmt 0 view .LVU273
ARM GAS  C:\Users\Admin\AppData\Local\Temp\ccIG7MAZ.s 			page 45


 1014 0040 1A69     		ldr	r2, [r3, #16]
 1015 0042 42F48032 		orr	r2, r2, #65536
 1016 0046 1A61     		str	r2, [r3, #16]
1008:board/stm32f401rct6/Drivers/STM32F4xx_HAL_Driver/Src/stm32f4xx_hal_flash_ex.c **** 
 1017              		.loc 1 1008 1 view .LVU274
 1018 0048 7047     		bx	lr
 1019              	.LVL77:
 1020              	.L90:
 991:board/stm32f401rct6/Drivers/STM32F4xx_HAL_Driver/Src/stm32f4xx_hal_flash_ex.c ****   }
 1021              		.loc 1 991 15 view .LVU275
 1022 004a 4FF4807C 		mov	ip, #256
 1023 004e E4E7     		b	.L88
 1024              	.L94:
 1025              		.align	2
 1026              	.L93:
 1027 0050 003C0240 		.word	1073888256
 1028              		.cfi_endproc
 1029              	.LFE229:
 1031              		.section	.text.HAL_FLASHEx_Erase_IT,"ax",%progbits
 1032              		.align	1
 1033              		.global	HAL_FLASHEx_Erase_IT
 1034              		.syntax unified
 1035              		.thumb
 1036              		.thumb_func
 1038              	HAL_FLASHEx_Erase_IT:
 1039              	.LVL78:
 1040              	.LFB221:
 232:board/stm32f401rct6/Drivers/STM32F4xx_HAL_Driver/Src/stm32f4xx_hal_flash_ex.c ****   HAL_StatusTypeDef status = HAL_OK;
 1041              		.loc 1 232 1 is_stmt 1 view -0
 1042              		.cfi_startproc
 1043              		@ args = 0, pretend = 0, frame = 0
 1044              		@ frame_needed = 0, uses_anonymous_args = 0
 232:board/stm32f401rct6/Drivers/STM32F4xx_HAL_Driver/Src/stm32f4xx_hal_flash_ex.c ****   HAL_StatusTypeDef status = HAL_OK;
 1045              		.loc 1 232 1 is_stmt 0 view .LVU277
 1046 0000 08B5     		push	{r3, lr}
 1047              	.LCFI10:
 1048              		.cfi_def_cfa_offset 8
 1049              		.cfi_offset 3, -8
 1050              		.cfi_offset 14, -4
 233:board/stm32f401rct6/Drivers/STM32F4xx_HAL_Driver/Src/stm32f4xx_hal_flash_ex.c **** 
 1051              		.loc 1 233 3 is_stmt 1 view .LVU278
 1052              	.LVL79:
 236:board/stm32f401rct6/Drivers/STM32F4xx_HAL_Driver/Src/stm32f4xx_hal_flash_ex.c **** 
 1053              		.loc 1 236 3 view .LVU279
 239:board/stm32f401rct6/Drivers/STM32F4xx_HAL_Driver/Src/stm32f4xx_hal_flash_ex.c **** 
 1054              		.loc 1 239 3 view .LVU280
 1055 0002 134B     		ldr	r3, .L100
 1056 0004 1A69     		ldr	r2, [r3, #16]
 1057 0006 42F08072 		orr	r2, r2, #16777216
 1058 000a 1A61     		str	r2, [r3, #16]
 242:board/stm32f401rct6/Drivers/STM32F4xx_HAL_Driver/Src/stm32f4xx_hal_flash_ex.c **** 
 1059              		.loc 1 242 3 view .LVU281
 1060 000c 1A69     		ldr	r2, [r3, #16]
 1061 000e 42F00072 		orr	r2, r2, #33554432
 1062 0012 1A61     		str	r2, [r3, #16]
 245:board/stm32f401rct6/Drivers/STM32F4xx_HAL_Driver/Src/stm32f4xx_hal_flash_ex.c ****                          FLASH_FLAG_PGAERR | FLASH_FLAG_PGPERR | FLASH_FLAG_PGSERR);
 1063              		.loc 1 245 3 view .LVU282
ARM GAS  C:\Users\Admin\AppData\Local\Temp\ccIG7MAZ.s 			page 46


 1064 0014 F322     		movs	r2, #243
 1065 0016 DA60     		str	r2, [r3, #12]
 248:board/stm32f401rct6/Drivers/STM32F4xx_HAL_Driver/Src/stm32f4xx_hal_flash_ex.c ****   {
 1066              		.loc 1 248 3 view .LVU283
 248:board/stm32f401rct6/Drivers/STM32F4xx_HAL_Driver/Src/stm32f4xx_hal_flash_ex.c ****   {
 1067              		.loc 1 248 17 is_stmt 0 view .LVU284
 1068 0018 0368     		ldr	r3, [r0]
 248:board/stm32f401rct6/Drivers/STM32F4xx_HAL_Driver/Src/stm32f4xx_hal_flash_ex.c ****   {
 1069              		.loc 1 248 6 view .LVU285
 1070 001a 012B     		cmp	r3, #1
 1071 001c 0DD0     		beq	.L99
 260:board/stm32f401rct6/Drivers/STM32F4xx_HAL_Driver/Src/stm32f4xx_hal_flash_ex.c **** 
 1072              		.loc 1 260 5 is_stmt 1 view .LVU286
 262:board/stm32f401rct6/Drivers/STM32F4xx_HAL_Driver/Src/stm32f4xx_hal_flash_ex.c ****     pFlash.NbSectorsToErase = pEraseInit->NbSectors;
 1073              		.loc 1 262 5 view .LVU287
 262:board/stm32f401rct6/Drivers/STM32F4xx_HAL_Driver/Src/stm32f4xx_hal_flash_ex.c ****     pFlash.NbSectorsToErase = pEraseInit->NbSectors;
 1074              		.loc 1 262 29 is_stmt 0 view .LVU288
 1075 001e 0D4B     		ldr	r3, .L100+4
 1076 0020 0122     		movs	r2, #1
 1077 0022 1A70     		strb	r2, [r3]
 263:board/stm32f401rct6/Drivers/STM32F4xx_HAL_Driver/Src/stm32f4xx_hal_flash_ex.c ****     pFlash.Sector = pEraseInit->Sector;
 1078              		.loc 1 263 5 is_stmt 1 view .LVU289
 263:board/stm32f401rct6/Drivers/STM32F4xx_HAL_Driver/Src/stm32f4xx_hal_flash_ex.c ****     pFlash.Sector = pEraseInit->Sector;
 1079              		.loc 1 263 41 is_stmt 0 view .LVU290
 1080 0024 C268     		ldr	r2, [r0, #12]
 263:board/stm32f401rct6/Drivers/STM32F4xx_HAL_Driver/Src/stm32f4xx_hal_flash_ex.c ****     pFlash.Sector = pEraseInit->Sector;
 1081              		.loc 1 263 29 view .LVU291
 1082 0026 5A60     		str	r2, [r3, #4]
 264:board/stm32f401rct6/Drivers/STM32F4xx_HAL_Driver/Src/stm32f4xx_hal_flash_ex.c ****     pFlash.VoltageForErase = (uint8_t)pEraseInit->VoltageRange;
 1083              		.loc 1 264 5 is_stmt 1 view .LVU292
 264:board/stm32f401rct6/Drivers/STM32F4xx_HAL_Driver/Src/stm32f4xx_hal_flash_ex.c ****     pFlash.VoltageForErase = (uint8_t)pEraseInit->VoltageRange;
 1084              		.loc 1 264 31 is_stmt 0 view .LVU293
 1085 0028 8268     		ldr	r2, [r0, #8]
 264:board/stm32f401rct6/Drivers/STM32F4xx_HAL_Driver/Src/stm32f4xx_hal_flash_ex.c ****     pFlash.VoltageForErase = (uint8_t)pEraseInit->VoltageRange;
 1086              		.loc 1 264 19 view .LVU294
 1087 002a DA60     		str	r2, [r3, #12]
 265:board/stm32f401rct6/Drivers/STM32F4xx_HAL_Driver/Src/stm32f4xx_hal_flash_ex.c **** 
 1088              		.loc 1 265 5 is_stmt 1 view .LVU295
 265:board/stm32f401rct6/Drivers/STM32F4xx_HAL_Driver/Src/stm32f4xx_hal_flash_ex.c **** 
 1089              		.loc 1 265 30 is_stmt 0 view .LVU296
 1090 002c 017C     		ldrb	r1, [r0, #16]	@ zero_extendqisi2
 265:board/stm32f401rct6/Drivers/STM32F4xx_HAL_Driver/Src/stm32f4xx_hal_flash_ex.c **** 
 1091              		.loc 1 265 28 view .LVU297
 1092 002e 1972     		strb	r1, [r3, #8]
 268:board/stm32f401rct6/Drivers/STM32F4xx_HAL_Driver/Src/stm32f4xx_hal_flash_ex.c ****   }
 1093              		.loc 1 268 5 is_stmt 1 view .LVU298
 1094 0030 8068     		ldr	r0, [r0, #8]
 1095              	.LVL80:
 268:board/stm32f401rct6/Drivers/STM32F4xx_HAL_Driver/Src/stm32f4xx_hal_flash_ex.c ****   }
 1096              		.loc 1 268 5 is_stmt 0 view .LVU299
 1097 0032 FFF7FEFF 		bl	FLASH_Erase_Sector
 1098              	.LVL81:
 1099              	.L97:
 271:board/stm32f401rct6/Drivers/STM32F4xx_HAL_Driver/Src/stm32f4xx_hal_flash_ex.c **** }
 1100              		.loc 1 271 3 is_stmt 1 view .LVU300
 272:board/stm32f401rct6/Drivers/STM32F4xx_HAL_Driver/Src/stm32f4xx_hal_flash_ex.c **** 
 1101              		.loc 1 272 1 is_stmt 0 view .LVU301
ARM GAS  C:\Users\Admin\AppData\Local\Temp\ccIG7MAZ.s 			page 47


 1102 0036 0020     		movs	r0, #0
 1103 0038 08BD     		pop	{r3, pc}
 1104              	.LVL82:
 1105              	.L99:
 251:board/stm32f401rct6/Drivers/STM32F4xx_HAL_Driver/Src/stm32f4xx_hal_flash_ex.c ****     pFlash.Bank = pEraseInit->Banks;
 1106              		.loc 1 251 5 is_stmt 1 view .LVU302
 251:board/stm32f401rct6/Drivers/STM32F4xx_HAL_Driver/Src/stm32f4xx_hal_flash_ex.c ****     pFlash.Bank = pEraseInit->Banks;
 1107              		.loc 1 251 29 is_stmt 0 view .LVU303
 1108 003a 064B     		ldr	r3, .L100+4
 1109 003c 0222     		movs	r2, #2
 1110 003e 1A70     		strb	r2, [r3]
 252:board/stm32f401rct6/Drivers/STM32F4xx_HAL_Driver/Src/stm32f4xx_hal_flash_ex.c ****     FLASH_MassErase((uint8_t) pEraseInit->VoltageRange, pEraseInit->Banks);
 1111              		.loc 1 252 5 is_stmt 1 view .LVU304
 252:board/stm32f401rct6/Drivers/STM32F4xx_HAL_Driver/Src/stm32f4xx_hal_flash_ex.c ****     FLASH_MassErase((uint8_t) pEraseInit->VoltageRange, pEraseInit->Banks);
 1112              		.loc 1 252 29 is_stmt 0 view .LVU305
 1113 0040 4268     		ldr	r2, [r0, #4]
 252:board/stm32f401rct6/Drivers/STM32F4xx_HAL_Driver/Src/stm32f4xx_hal_flash_ex.c ****     FLASH_MassErase((uint8_t) pEraseInit->VoltageRange, pEraseInit->Banks);
 1114              		.loc 1 252 17 view .LVU306
 1115 0042 1A61     		str	r2, [r3, #16]
 253:board/stm32f401rct6/Drivers/STM32F4xx_HAL_Driver/Src/stm32f4xx_hal_flash_ex.c ****   }
 1116              		.loc 1 253 5 is_stmt 1 view .LVU307
 1117 0044 4168     		ldr	r1, [r0, #4]
 1118 0046 007C     		ldrb	r0, [r0, #16]	@ zero_extendqisi2
 1119              	.LVL83:
 253:board/stm32f401rct6/Drivers/STM32F4xx_HAL_Driver/Src/stm32f4xx_hal_flash_ex.c ****   }
 1120              		.loc 1 253 5 is_stmt 0 view .LVU308
 1121 0048 FFF7FEFF 		bl	FLASH_MassErase
 1122              	.LVL84:
 1123 004c F3E7     		b	.L97
 1124              	.L101:
 1125 004e 00BF     		.align	2
 1126              	.L100:
 1127 0050 003C0240 		.word	1073888256
 1128 0054 00000000 		.word	pFlash
 1129              		.cfi_endproc
 1130              	.LFE221:
 1132              		.section	.text.FLASH_FlushCaches,"ax",%progbits
 1133              		.align	1
 1134              		.global	FLASH_FlushCaches
 1135              		.syntax unified
 1136              		.thumb
 1137              		.thumb_func
 1139              	FLASH_FlushCaches:
 1140              	.LFB241:
1301:board/stm32f401rct6/Drivers/STM32F4xx_HAL_Driver/Src/stm32f4xx_hal_flash_ex.c **** 
1302:board/stm32f401rct6/Drivers/STM32F4xx_HAL_Driver/Src/stm32f4xx_hal_flash_ex.c **** /**
1303:board/stm32f401rct6/Drivers/STM32F4xx_HAL_Driver/Src/stm32f4xx_hal_flash_ex.c ****   * @brief  Flush the instruction and data caches
1304:board/stm32f401rct6/Drivers/STM32F4xx_HAL_Driver/Src/stm32f4xx_hal_flash_ex.c ****   * @retval None
1305:board/stm32f401rct6/Drivers/STM32F4xx_HAL_Driver/Src/stm32f4xx_hal_flash_ex.c ****   */
1306:board/stm32f401rct6/Drivers/STM32F4xx_HAL_Driver/Src/stm32f4xx_hal_flash_ex.c **** void FLASH_FlushCaches(void)
1307:board/stm32f401rct6/Drivers/STM32F4xx_HAL_Driver/Src/stm32f4xx_hal_flash_ex.c **** {
 1141              		.loc 1 1307 1 is_stmt 1 view -0
 1142              		.cfi_startproc
 1143              		@ args = 0, pretend = 0, frame = 0
 1144              		@ frame_needed = 0, uses_anonymous_args = 0
 1145              		@ link register save eliminated.
1308:board/stm32f401rct6/Drivers/STM32F4xx_HAL_Driver/Src/stm32f4xx_hal_flash_ex.c ****   /* Flush instruction cache  */
ARM GAS  C:\Users\Admin\AppData\Local\Temp\ccIG7MAZ.s 			page 48


1309:board/stm32f401rct6/Drivers/STM32F4xx_HAL_Driver/Src/stm32f4xx_hal_flash_ex.c ****   if (READ_BIT(FLASH->ACR, FLASH_ACR_ICEN) != RESET)
 1146              		.loc 1 1309 3 view .LVU310
 1147              		.loc 1 1309 7 is_stmt 0 view .LVU311
 1148 0000 164B     		ldr	r3, .L105
 1149 0002 1B68     		ldr	r3, [r3]
 1150              		.loc 1 1309 6 view .LVU312
 1151 0004 13F4007F 		tst	r3, #512
 1152 0008 10D0     		beq	.L103
1310:board/stm32f401rct6/Drivers/STM32F4xx_HAL_Driver/Src/stm32f4xx_hal_flash_ex.c ****   {
1311:board/stm32f401rct6/Drivers/STM32F4xx_HAL_Driver/Src/stm32f4xx_hal_flash_ex.c ****     /* Disable instruction cache  */
1312:board/stm32f401rct6/Drivers/STM32F4xx_HAL_Driver/Src/stm32f4xx_hal_flash_ex.c ****     __HAL_FLASH_INSTRUCTION_CACHE_DISABLE();
 1153              		.loc 1 1312 5 is_stmt 1 view .LVU313
 1154 000a 144B     		ldr	r3, .L105
 1155 000c 1A68     		ldr	r2, [r3]
 1156 000e 22F40072 		bic	r2, r2, #512
 1157 0012 1A60     		str	r2, [r3]
1313:board/stm32f401rct6/Drivers/STM32F4xx_HAL_Driver/Src/stm32f4xx_hal_flash_ex.c ****     /* Reset instruction cache */
1314:board/stm32f401rct6/Drivers/STM32F4xx_HAL_Driver/Src/stm32f4xx_hal_flash_ex.c ****     __HAL_FLASH_INSTRUCTION_CACHE_RESET();
 1158              		.loc 1 1314 5 view .LVU314
 1159              		.loc 1 1314 5 view .LVU315
 1160 0014 1A68     		ldr	r2, [r3]
 1161 0016 42F40062 		orr	r2, r2, #2048
 1162 001a 1A60     		str	r2, [r3]
 1163              		.loc 1 1314 5 view .LVU316
 1164 001c 1A68     		ldr	r2, [r3]
 1165 001e 22F40062 		bic	r2, r2, #2048
 1166 0022 1A60     		str	r2, [r3]
 1167              		.loc 1 1314 5 view .LVU317
1315:board/stm32f401rct6/Drivers/STM32F4xx_HAL_Driver/Src/stm32f4xx_hal_flash_ex.c ****     /* Enable instruction cache */
1316:board/stm32f401rct6/Drivers/STM32F4xx_HAL_Driver/Src/stm32f4xx_hal_flash_ex.c ****     __HAL_FLASH_INSTRUCTION_CACHE_ENABLE();
 1168              		.loc 1 1316 5 view .LVU318
 1169 0024 1A68     		ldr	r2, [r3]
 1170 0026 42F40072 		orr	r2, r2, #512
 1171 002a 1A60     		str	r2, [r3]
 1172              	.L103:
1317:board/stm32f401rct6/Drivers/STM32F4xx_HAL_Driver/Src/stm32f4xx_hal_flash_ex.c ****   }
1318:board/stm32f401rct6/Drivers/STM32F4xx_HAL_Driver/Src/stm32f4xx_hal_flash_ex.c **** 
1319:board/stm32f401rct6/Drivers/STM32F4xx_HAL_Driver/Src/stm32f4xx_hal_flash_ex.c ****   /* Flush data cache */
1320:board/stm32f401rct6/Drivers/STM32F4xx_HAL_Driver/Src/stm32f4xx_hal_flash_ex.c ****   if (READ_BIT(FLASH->ACR, FLASH_ACR_DCEN) != RESET)
 1173              		.loc 1 1320 3 view .LVU319
 1174              		.loc 1 1320 7 is_stmt 0 view .LVU320
 1175 002c 0B4B     		ldr	r3, .L105
 1176 002e 1B68     		ldr	r3, [r3]
 1177              		.loc 1 1320 6 view .LVU321
 1178 0030 13F4806F 		tst	r3, #1024
 1179 0034 10D0     		beq	.L102
1321:board/stm32f401rct6/Drivers/STM32F4xx_HAL_Driver/Src/stm32f4xx_hal_flash_ex.c ****   {
1322:board/stm32f401rct6/Drivers/STM32F4xx_HAL_Driver/Src/stm32f4xx_hal_flash_ex.c ****     /* Disable data cache  */
1323:board/stm32f401rct6/Drivers/STM32F4xx_HAL_Driver/Src/stm32f4xx_hal_flash_ex.c ****     __HAL_FLASH_DATA_CACHE_DISABLE();
 1180              		.loc 1 1323 5 is_stmt 1 view .LVU322
 1181 0036 094B     		ldr	r3, .L105
 1182 0038 1A68     		ldr	r2, [r3]
 1183 003a 22F48062 		bic	r2, r2, #1024
 1184 003e 1A60     		str	r2, [r3]
1324:board/stm32f401rct6/Drivers/STM32F4xx_HAL_Driver/Src/stm32f4xx_hal_flash_ex.c ****     /* Reset data cache */
1325:board/stm32f401rct6/Drivers/STM32F4xx_HAL_Driver/Src/stm32f4xx_hal_flash_ex.c ****     __HAL_FLASH_DATA_CACHE_RESET();
 1185              		.loc 1 1325 5 view .LVU323
ARM GAS  C:\Users\Admin\AppData\Local\Temp\ccIG7MAZ.s 			page 49


 1186              		.loc 1 1325 5 view .LVU324
 1187 0040 1A68     		ldr	r2, [r3]
 1188 0042 42F48052 		orr	r2, r2, #4096
 1189 0046 1A60     		str	r2, [r3]
 1190              		.loc 1 1325 5 view .LVU325
 1191 0048 1A68     		ldr	r2, [r3]
 1192 004a 22F48052 		bic	r2, r2, #4096
 1193 004e 1A60     		str	r2, [r3]
 1194              		.loc 1 1325 5 view .LVU326
1326:board/stm32f401rct6/Drivers/STM32F4xx_HAL_Driver/Src/stm32f4xx_hal_flash_ex.c ****     /* Enable data cache */
1327:board/stm32f401rct6/Drivers/STM32F4xx_HAL_Driver/Src/stm32f4xx_hal_flash_ex.c ****     __HAL_FLASH_DATA_CACHE_ENABLE();
 1195              		.loc 1 1327 5 view .LVU327
 1196 0050 1A68     		ldr	r2, [r3]
 1197 0052 42F48062 		orr	r2, r2, #1024
 1198 0056 1A60     		str	r2, [r3]
 1199              	.L102:
1328:board/stm32f401rct6/Drivers/STM32F4xx_HAL_Driver/Src/stm32f4xx_hal_flash_ex.c ****   }
1329:board/stm32f401rct6/Drivers/STM32F4xx_HAL_Driver/Src/stm32f4xx_hal_flash_ex.c **** }
 1200              		.loc 1 1329 1 is_stmt 0 view .LVU328
 1201 0058 7047     		bx	lr
 1202              	.L106:
 1203 005a 00BF     		.align	2
 1204              	.L105:
 1205 005c 003C0240 		.word	1073888256
 1206              		.cfi_endproc
 1207              	.LFE241:
 1209              		.section	.text.HAL_FLASHEx_Erase,"ax",%progbits
 1210              		.align	1
 1211              		.global	HAL_FLASHEx_Erase
 1212              		.syntax unified
 1213              		.thumb
 1214              		.thumb_func
 1216              	HAL_FLASHEx_Erase:
 1217              	.LVL85:
 1218              	.LFB220:
 161:board/stm32f401rct6/Drivers/STM32F4xx_HAL_Driver/Src/stm32f4xx_hal_flash_ex.c ****   HAL_StatusTypeDef status = HAL_ERROR;
 1219              		.loc 1 161 1 is_stmt 1 view -0
 1220              		.cfi_startproc
 1221              		@ args = 0, pretend = 0, frame = 0
 1222              		@ frame_needed = 0, uses_anonymous_args = 0
 161:board/stm32f401rct6/Drivers/STM32F4xx_HAL_Driver/Src/stm32f4xx_hal_flash_ex.c ****   HAL_StatusTypeDef status = HAL_ERROR;
 1223              		.loc 1 161 1 is_stmt 0 view .LVU330
 1224 0000 F8B5     		push	{r3, r4, r5, r6, r7, lr}
 1225              	.LCFI11:
 1226              		.cfi_def_cfa_offset 24
 1227              		.cfi_offset 3, -24
 1228              		.cfi_offset 4, -20
 1229              		.cfi_offset 5, -16
 1230              		.cfi_offset 6, -12
 1231              		.cfi_offset 7, -8
 1232              		.cfi_offset 14, -4
 162:board/stm32f401rct6/Drivers/STM32F4xx_HAL_Driver/Src/stm32f4xx_hal_flash_ex.c ****   uint32_t index = 0U;
 1233              		.loc 1 162 3 is_stmt 1 view .LVU331
 1234              	.LVL86:
 163:board/stm32f401rct6/Drivers/STM32F4xx_HAL_Driver/Src/stm32f4xx_hal_flash_ex.c **** 
 1235              		.loc 1 163 3 view .LVU332
 166:board/stm32f401rct6/Drivers/STM32F4xx_HAL_Driver/Src/stm32f4xx_hal_flash_ex.c **** 
ARM GAS  C:\Users\Admin\AppData\Local\Temp\ccIG7MAZ.s 			page 50


 1236              		.loc 1 166 3 view .LVU333
 166:board/stm32f401rct6/Drivers/STM32F4xx_HAL_Driver/Src/stm32f4xx_hal_flash_ex.c **** 
 1237              		.loc 1 166 3 view .LVU334
 1238 0002 224B     		ldr	r3, .L119
 1239 0004 1B7E     		ldrb	r3, [r3, #24]	@ zero_extendqisi2
 1240 0006 012B     		cmp	r3, #1
 1241 0008 3ED0     		beq	.L115
 1242 000a 0446     		mov	r4, r0
 1243 000c 0E46     		mov	r6, r1
 166:board/stm32f401rct6/Drivers/STM32F4xx_HAL_Driver/Src/stm32f4xx_hal_flash_ex.c **** 
 1244              		.loc 1 166 3 discriminator 2 view .LVU335
 1245 000e 1F4B     		ldr	r3, .L119
 1246 0010 0122     		movs	r2, #1
 1247 0012 1A76     		strb	r2, [r3, #24]
 166:board/stm32f401rct6/Drivers/STM32F4xx_HAL_Driver/Src/stm32f4xx_hal_flash_ex.c **** 
 1248              		.loc 1 166 3 discriminator 2 view .LVU336
 169:board/stm32f401rct6/Drivers/STM32F4xx_HAL_Driver/Src/stm32f4xx_hal_flash_ex.c **** 
 1249              		.loc 1 169 3 discriminator 2 view .LVU337
 172:board/stm32f401rct6/Drivers/STM32F4xx_HAL_Driver/Src/stm32f4xx_hal_flash_ex.c **** 
 1250              		.loc 1 172 3 discriminator 2 view .LVU338
 172:board/stm32f401rct6/Drivers/STM32F4xx_HAL_Driver/Src/stm32f4xx_hal_flash_ex.c **** 
 1251              		.loc 1 172 12 is_stmt 0 discriminator 2 view .LVU339
 1252 0014 4CF25030 		movw	r0, #50000
 1253              	.LVL87:
 172:board/stm32f401rct6/Drivers/STM32F4xx_HAL_Driver/Src/stm32f4xx_hal_flash_ex.c **** 
 1254              		.loc 1 172 12 discriminator 2 view .LVU340
 1255 0018 FFF7FEFF 		bl	FLASH_WaitForLastOperation
 1256              	.LVL88:
 174:board/stm32f401rct6/Drivers/STM32F4xx_HAL_Driver/Src/stm32f4xx_hal_flash_ex.c ****   {
 1257              		.loc 1 174 3 is_stmt 1 discriminator 2 view .LVU341
 174:board/stm32f401rct6/Drivers/STM32F4xx_HAL_Driver/Src/stm32f4xx_hal_flash_ex.c ****   {
 1258              		.loc 1 174 6 is_stmt 0 discriminator 2 view .LVU342
 1259 001c 0746     		mov	r7, r0
 1260 001e 70BB     		cbnz	r0, .L109
 177:board/stm32f401rct6/Drivers/STM32F4xx_HAL_Driver/Src/stm32f4xx_hal_flash_ex.c **** 
 1261              		.loc 1 177 5 is_stmt 1 view .LVU343
 177:board/stm32f401rct6/Drivers/STM32F4xx_HAL_Driver/Src/stm32f4xx_hal_flash_ex.c **** 
 1262              		.loc 1 177 18 is_stmt 0 view .LVU344
 1263 0020 4FF0FF33 		mov	r3, #-1
 1264 0024 3360     		str	r3, [r6]
 179:board/stm32f401rct6/Drivers/STM32F4xx_HAL_Driver/Src/stm32f4xx_hal_flash_ex.c ****     {
 1265              		.loc 1 179 5 is_stmt 1 view .LVU345
 179:board/stm32f401rct6/Drivers/STM32F4xx_HAL_Driver/Src/stm32f4xx_hal_flash_ex.c ****     {
 1266              		.loc 1 179 19 is_stmt 0 view .LVU346
 1267 0026 2368     		ldr	r3, [r4]
 179:board/stm32f401rct6/Drivers/STM32F4xx_HAL_Driver/Src/stm32f4xx_hal_flash_ex.c ****     {
 1268              		.loc 1 179 8 view .LVU347
 1269 0028 012B     		cmp	r3, #1
 1270 002a 16D0     		beq	.L117
 193:board/stm32f401rct6/Drivers/STM32F4xx_HAL_Driver/Src/stm32f4xx_hal_flash_ex.c **** 
 1271              		.loc 1 193 7 is_stmt 1 view .LVU348
 196:board/stm32f401rct6/Drivers/STM32F4xx_HAL_Driver/Src/stm32f4xx_hal_flash_ex.c ****       {
 1272              		.loc 1 196 7 view .LVU349
 196:board/stm32f401rct6/Drivers/STM32F4xx_HAL_Driver/Src/stm32f4xx_hal_flash_ex.c ****       {
 1273              		.loc 1 196 18 is_stmt 0 view .LVU350
 1274 002c A568     		ldr	r5, [r4, #8]
 1275              	.LVL89:
ARM GAS  C:\Users\Admin\AppData\Local\Temp\ccIG7MAZ.s 			page 51


 1276              	.L112:
 196:board/stm32f401rct6/Drivers/STM32F4xx_HAL_Driver/Src/stm32f4xx_hal_flash_ex.c ****       {
 1277              		.loc 1 196 40 is_stmt 1 discriminator 1 view .LVU351
 196:board/stm32f401rct6/Drivers/STM32F4xx_HAL_Driver/Src/stm32f4xx_hal_flash_ex.c ****       {
 1278              		.loc 1 196 59 is_stmt 0 discriminator 1 view .LVU352
 1279 002e E368     		ldr	r3, [r4, #12]
 196:board/stm32f401rct6/Drivers/STM32F4xx_HAL_Driver/Src/stm32f4xx_hal_flash_ex.c ****       {
 1280              		.loc 1 196 83 discriminator 1 view .LVU353
 1281 0030 A268     		ldr	r2, [r4, #8]
 196:board/stm32f401rct6/Drivers/STM32F4xx_HAL_Driver/Src/stm32f4xx_hal_flash_ex.c ****       {
 1282              		.loc 1 196 71 discriminator 1 view .LVU354
 1283 0032 1344     		add	r3, r3, r2
 196:board/stm32f401rct6/Drivers/STM32F4xx_HAL_Driver/Src/stm32f4xx_hal_flash_ex.c ****       {
 1284              		.loc 1 196 7 discriminator 1 view .LVU355
 1285 0034 AB42     		cmp	r3, r5
 1286 0036 20D9     		bls	.L111
 198:board/stm32f401rct6/Drivers/STM32F4xx_HAL_Driver/Src/stm32f4xx_hal_flash_ex.c **** 
 1287              		.loc 1 198 9 is_stmt 1 view .LVU356
 1288 0038 217C     		ldrb	r1, [r4, #16]	@ zero_extendqisi2
 1289 003a 2846     		mov	r0, r5
 1290 003c FFF7FEFF 		bl	FLASH_Erase_Sector
 1291              	.LVL90:
 201:board/stm32f401rct6/Drivers/STM32F4xx_HAL_Driver/Src/stm32f4xx_hal_flash_ex.c **** 
 1292              		.loc 1 201 9 view .LVU357
 201:board/stm32f401rct6/Drivers/STM32F4xx_HAL_Driver/Src/stm32f4xx_hal_flash_ex.c **** 
 1293              		.loc 1 201 18 is_stmt 0 view .LVU358
 1294 0040 4CF25030 		movw	r0, #50000
 1295 0044 FFF7FEFF 		bl	FLASH_WaitForLastOperation
 1296              	.LVL91:
 204:board/stm32f401rct6/Drivers/STM32F4xx_HAL_Driver/Src/stm32f4xx_hal_flash_ex.c **** 
 1297              		.loc 1 204 9 is_stmt 1 view .LVU359
 1298 0048 114A     		ldr	r2, .L119+4
 1299 004a 1369     		ldr	r3, [r2, #16]
 1300 004c 23F0FA03 		bic	r3, r3, #250
 1301 0050 1361     		str	r3, [r2, #16]
 206:board/stm32f401rct6/Drivers/STM32F4xx_HAL_Driver/Src/stm32f4xx_hal_flash_ex.c ****         {
 1302              		.loc 1 206 9 view .LVU360
 206:board/stm32f401rct6/Drivers/STM32F4xx_HAL_Driver/Src/stm32f4xx_hal_flash_ex.c ****         {
 1303              		.loc 1 206 12 is_stmt 0 view .LVU361
 1304 0052 0746     		mov	r7, r0
 1305 0054 80B9     		cbnz	r0, .L118
 196:board/stm32f401rct6/Drivers/STM32F4xx_HAL_Driver/Src/stm32f4xx_hal_flash_ex.c ****       {
 1306              		.loc 1 196 94 is_stmt 1 discriminator 2 view .LVU362
 196:board/stm32f401rct6/Drivers/STM32F4xx_HAL_Driver/Src/stm32f4xx_hal_flash_ex.c ****       {
 1307              		.loc 1 196 99 is_stmt 0 discriminator 2 view .LVU363
 1308 0056 0135     		adds	r5, r5, #1
 1309              	.LVL92:
 196:board/stm32f401rct6/Drivers/STM32F4xx_HAL_Driver/Src/stm32f4xx_hal_flash_ex.c ****       {
 1310              		.loc 1 196 99 discriminator 2 view .LVU364
 1311 0058 E9E7     		b	.L112
 1312              	.LVL93:
 1313              	.L117:
 182:board/stm32f401rct6/Drivers/STM32F4xx_HAL_Driver/Src/stm32f4xx_hal_flash_ex.c **** 
 1314              		.loc 1 182 7 is_stmt 1 view .LVU365
 1315 005a 6168     		ldr	r1, [r4, #4]
 1316 005c 207C     		ldrb	r0, [r4, #16]	@ zero_extendqisi2
 1317              	.LVL94:
ARM GAS  C:\Users\Admin\AppData\Local\Temp\ccIG7MAZ.s 			page 52


 182:board/stm32f401rct6/Drivers/STM32F4xx_HAL_Driver/Src/stm32f4xx_hal_flash_ex.c **** 
 1318              		.loc 1 182 7 is_stmt 0 view .LVU366
 1319 005e FFF7FEFF 		bl	FLASH_MassErase
 1320              	.LVL95:
 185:board/stm32f401rct6/Drivers/STM32F4xx_HAL_Driver/Src/stm32f4xx_hal_flash_ex.c **** 
 1321              		.loc 1 185 7 is_stmt 1 view .LVU367
 185:board/stm32f401rct6/Drivers/STM32F4xx_HAL_Driver/Src/stm32f4xx_hal_flash_ex.c **** 
 1322              		.loc 1 185 16 is_stmt 0 view .LVU368
 1323 0062 4CF25030 		movw	r0, #50000
 1324 0066 FFF7FEFF 		bl	FLASH_WaitForLastOperation
 1325              	.LVL96:
 1326 006a 0746     		mov	r7, r0
 1327              	.LVL97:
 188:board/stm32f401rct6/Drivers/STM32F4xx_HAL_Driver/Src/stm32f4xx_hal_flash_ex.c ****     }
 1328              		.loc 1 188 7 is_stmt 1 view .LVU369
 188:board/stm32f401rct6/Drivers/STM32F4xx_HAL_Driver/Src/stm32f4xx_hal_flash_ex.c ****     }
 1329              		.loc 1 188 17 is_stmt 0 view .LVU370
 1330 006c 084A     		ldr	r2, .L119+4
 1331 006e 1369     		ldr	r3, [r2, #16]
 1332 0070 23F00403 		bic	r3, r3, #4
 1333 0074 1361     		str	r3, [r2, #16]
 1334 0076 00E0     		b	.L111
 1335              	.LVL98:
 1336              	.L118:
 209:board/stm32f401rct6/Drivers/STM32F4xx_HAL_Driver/Src/stm32f4xx_hal_flash_ex.c ****           break;
 1337              		.loc 1 209 11 is_stmt 1 view .LVU371
 209:board/stm32f401rct6/Drivers/STM32F4xx_HAL_Driver/Src/stm32f4xx_hal_flash_ex.c ****           break;
 1338              		.loc 1 209 24 is_stmt 0 view .LVU372
 1339 0078 3560     		str	r5, [r6]
 210:board/stm32f401rct6/Drivers/STM32F4xx_HAL_Driver/Src/stm32f4xx_hal_flash_ex.c ****         }
 1340              		.loc 1 210 11 is_stmt 1 view .LVU373
 1341              	.LVL99:
 1342              	.L111:
 215:board/stm32f401rct6/Drivers/STM32F4xx_HAL_Driver/Src/stm32f4xx_hal_flash_ex.c ****   }
 1343              		.loc 1 215 5 view .LVU374
 1344 007a FFF7FEFF 		bl	FLASH_FlushCaches
 1345              	.LVL100:
 1346              	.L109:
 219:board/stm32f401rct6/Drivers/STM32F4xx_HAL_Driver/Src/stm32f4xx_hal_flash_ex.c **** 
 1347              		.loc 1 219 3 view .LVU375
 219:board/stm32f401rct6/Drivers/STM32F4xx_HAL_Driver/Src/stm32f4xx_hal_flash_ex.c **** 
 1348              		.loc 1 219 3 view .LVU376
 1349 007e 034B     		ldr	r3, .L119
 1350 0080 0022     		movs	r2, #0
 1351 0082 1A76     		strb	r2, [r3, #24]
 219:board/stm32f401rct6/Drivers/STM32F4xx_HAL_Driver/Src/stm32f4xx_hal_flash_ex.c **** 
 1352              		.loc 1 219 3 view .LVU377
 221:board/stm32f401rct6/Drivers/STM32F4xx_HAL_Driver/Src/stm32f4xx_hal_flash_ex.c **** }
 1353              		.loc 1 221 3 view .LVU378
 1354              	.LVL101:
 1355              	.L108:
 222:board/stm32f401rct6/Drivers/STM32F4xx_HAL_Driver/Src/stm32f4xx_hal_flash_ex.c **** 
 1356              		.loc 1 222 1 is_stmt 0 view .LVU379
 1357 0084 3846     		mov	r0, r7
 1358 0086 F8BD     		pop	{r3, r4, r5, r6, r7, pc}
 1359              	.LVL102:
 1360              	.L115:
ARM GAS  C:\Users\Admin\AppData\Local\Temp\ccIG7MAZ.s 			page 53


 166:board/stm32f401rct6/Drivers/STM32F4xx_HAL_Driver/Src/stm32f4xx_hal_flash_ex.c **** 
 1361              		.loc 1 166 3 view .LVU380
 1362 0088 0227     		movs	r7, #2
 1363 008a FBE7     		b	.L108
 1364              	.L120:
 1365              		.align	2
 1366              	.L119:
 1367 008c 00000000 		.word	pFlash
 1368 0090 003C0240 		.word	1073888256
 1369              		.cfi_endproc
 1370              	.LFE220:
 1372              		.text
 1373              	.Letext0:
 1374              		.file 2 "c:\\st\\stm32cubeide_1.12.1\\stm32cubeide\\plugins\\com.st.stm32cube.ide.mcu.externaltool
 1375              		.file 3 "c:\\st\\stm32cubeide_1.12.1\\stm32cubeide\\plugins\\com.st.stm32cube.ide.mcu.externaltool
 1376              		.file 4 "board/stm32f401rct6/Drivers/CMSIS/Device/ST/STM32F4xx/Include/stm32f401xc.h"
 1377              		.file 5 "board/stm32f401rct6/Drivers/CMSIS/Device/ST/STM32F4xx/Include/stm32f4xx.h"
 1378              		.file 6 "board/stm32f401rct6/Drivers/STM32F4xx_HAL_Driver/Inc/stm32f4xx_hal_def.h"
 1379              		.file 7 "board/stm32f401rct6/Drivers/STM32F4xx_HAL_Driver/Inc/stm32f4xx_hal_flash.h"
 1380              		.file 8 "board/stm32f401rct6/Drivers/STM32F4xx_HAL_Driver/Inc/stm32f4xx_hal_flash_ex.h"
ARM GAS  C:\Users\Admin\AppData\Local\Temp\ccIG7MAZ.s 			page 54


DEFINED SYMBOLS
                            *ABS*:0000000000000000 stm32f4xx_hal_flash_ex.c
C:\Users\Admin\AppData\Local\Temp\ccIG7MAZ.s:20     .text.FLASH_MassErase:0000000000000000 $t
C:\Users\Admin\AppData\Local\Temp\ccIG7MAZ.s:25     .text.FLASH_MassErase:0000000000000000 FLASH_MassErase
C:\Users\Admin\AppData\Local\Temp\ccIG7MAZ.s:59     .text.FLASH_MassErase:0000000000000020 $d
C:\Users\Admin\AppData\Local\Temp\ccIG7MAZ.s:64     .text.FLASH_OB_BOR_LevelConfig:0000000000000000 $t
C:\Users\Admin\AppData\Local\Temp\ccIG7MAZ.s:69     .text.FLASH_OB_BOR_LevelConfig:0000000000000000 FLASH_OB_BOR_LevelConfig
C:\Users\Admin\AppData\Local\Temp\ccIG7MAZ.s:98     .text.FLASH_OB_BOR_LevelConfig:0000000000000014 $d
C:\Users\Admin\AppData\Local\Temp\ccIG7MAZ.s:103    .text.FLASH_OB_GetUser:0000000000000000 $t
C:\Users\Admin\AppData\Local\Temp\ccIG7MAZ.s:108    .text.FLASH_OB_GetUser:0000000000000000 FLASH_OB_GetUser
C:\Users\Admin\AppData\Local\Temp\ccIG7MAZ.s:125    .text.FLASH_OB_GetUser:000000000000000c $d
C:\Users\Admin\AppData\Local\Temp\ccIG7MAZ.s:130    .text.FLASH_OB_GetWRP:0000000000000000 $t
C:\Users\Admin\AppData\Local\Temp\ccIG7MAZ.s:135    .text.FLASH_OB_GetWRP:0000000000000000 FLASH_OB_GetWRP
C:\Users\Admin\AppData\Local\Temp\ccIG7MAZ.s:152    .text.FLASH_OB_GetWRP:0000000000000008 $d
C:\Users\Admin\AppData\Local\Temp\ccIG7MAZ.s:157    .text.FLASH_OB_GetRDP:0000000000000000 $t
C:\Users\Admin\AppData\Local\Temp\ccIG7MAZ.s:162    .text.FLASH_OB_GetRDP:0000000000000000 FLASH_OB_GetRDP
C:\Users\Admin\AppData\Local\Temp\ccIG7MAZ.s:196    .text.FLASH_OB_GetRDP:0000000000000018 $d
C:\Users\Admin\AppData\Local\Temp\ccIG7MAZ.s:201    .text.FLASH_OB_GetBOR:0000000000000000 $t
C:\Users\Admin\AppData\Local\Temp\ccIG7MAZ.s:206    .text.FLASH_OB_GetBOR:0000000000000000 FLASH_OB_GetBOR
C:\Users\Admin\AppData\Local\Temp\ccIG7MAZ.s:223    .text.FLASH_OB_GetBOR:000000000000000c $d
C:\Users\Admin\AppData\Local\Temp\ccIG7MAZ.s:228    .text.FLASH_OB_EnableWRP:0000000000000000 $t
C:\Users\Admin\AppData\Local\Temp\ccIG7MAZ.s:233    .text.FLASH_OB_EnableWRP:0000000000000000 FLASH_OB_EnableWRP
C:\Users\Admin\AppData\Local\Temp\ccIG7MAZ.s:277    .text.FLASH_OB_EnableWRP:000000000000001c $d
C:\Users\Admin\AppData\Local\Temp\ccIG7MAZ.s:282    .text.FLASH_OB_DisableWRP:0000000000000000 $t
C:\Users\Admin\AppData\Local\Temp\ccIG7MAZ.s:287    .text.FLASH_OB_DisableWRP:0000000000000000 FLASH_OB_DisableWRP
C:\Users\Admin\AppData\Local\Temp\ccIG7MAZ.s:333    .text.FLASH_OB_DisableWRP:000000000000001c $d
C:\Users\Admin\AppData\Local\Temp\ccIG7MAZ.s:338    .text.FLASH_OB_RDP_LevelConfig:0000000000000000 $t
C:\Users\Admin\AppData\Local\Temp\ccIG7MAZ.s:343    .text.FLASH_OB_RDP_LevelConfig:0000000000000000 FLASH_OB_RDP_LevelConfig
C:\Users\Admin\AppData\Local\Temp\ccIG7MAZ.s:381    .text.FLASH_OB_RDP_LevelConfig:0000000000000014 $d
C:\Users\Admin\AppData\Local\Temp\ccIG7MAZ.s:386    .text.FLASH_OB_UserConfig:0000000000000000 $t
C:\Users\Admin\AppData\Local\Temp\ccIG7MAZ.s:391    .text.FLASH_OB_UserConfig:0000000000000000 FLASH_OB_UserConfig
C:\Users\Admin\AppData\Local\Temp\ccIG7MAZ.s:450    .text.FLASH_OB_UserConfig:0000000000000028 $d
C:\Users\Admin\AppData\Local\Temp\ccIG7MAZ.s:455    .text.FLASH_OB_EnablePCROP:0000000000000000 $t
C:\Users\Admin\AppData\Local\Temp\ccIG7MAZ.s:460    .text.FLASH_OB_EnablePCROP:0000000000000000 FLASH_OB_EnablePCROP
C:\Users\Admin\AppData\Local\Temp\ccIG7MAZ.s:505    .text.FLASH_OB_EnablePCROP:000000000000001c $d
C:\Users\Admin\AppData\Local\Temp\ccIG7MAZ.s:510    .text.FLASH_OB_DisablePCROP:0000000000000000 $t
C:\Users\Admin\AppData\Local\Temp\ccIG7MAZ.s:515    .text.FLASH_OB_DisablePCROP:0000000000000000 FLASH_OB_DisablePCROP
C:\Users\Admin\AppData\Local\Temp\ccIG7MAZ.s:558    .text.FLASH_OB_DisablePCROP:000000000000001c $d
C:\Users\Admin\AppData\Local\Temp\ccIG7MAZ.s:563    .text.HAL_FLASHEx_OBProgram:0000000000000000 $t
C:\Users\Admin\AppData\Local\Temp\ccIG7MAZ.s:569    .text.HAL_FLASHEx_OBProgram:0000000000000000 HAL_FLASHEx_OBProgram
C:\Users\Admin\AppData\Local\Temp\ccIG7MAZ.s:715    .text.HAL_FLASHEx_OBProgram:0000000000000080 $d
C:\Users\Admin\AppData\Local\Temp\ccIG7MAZ.s:720    .text.HAL_FLASHEx_OBGetConfig:0000000000000000 $t
C:\Users\Admin\AppData\Local\Temp\ccIG7MAZ.s:726    .text.HAL_FLASHEx_OBGetConfig:0000000000000000 HAL_FLASHEx_OBGetConfig
C:\Users\Admin\AppData\Local\Temp\ccIG7MAZ.s:775    .text.HAL_FLASHEx_AdvOBProgram:0000000000000000 $t
C:\Users\Admin\AppData\Local\Temp\ccIG7MAZ.s:781    .text.HAL_FLASHEx_AdvOBProgram:0000000000000000 HAL_FLASHEx_AdvOBProgram
C:\Users\Admin\AppData\Local\Temp\ccIG7MAZ.s:843    .text.HAL_FLASHEx_AdvOBGetConfig:0000000000000000 $t
C:\Users\Admin\AppData\Local\Temp\ccIG7MAZ.s:849    .text.HAL_FLASHEx_AdvOBGetConfig:0000000000000000 HAL_FLASHEx_AdvOBGetConfig
C:\Users\Admin\AppData\Local\Temp\ccIG7MAZ.s:868    .text.HAL_FLASHEx_AdvOBGetConfig:0000000000000008 $d
C:\Users\Admin\AppData\Local\Temp\ccIG7MAZ.s:873    .text.HAL_FLASHEx_OB_SelectPCROP:0000000000000000 $t
C:\Users\Admin\AppData\Local\Temp\ccIG7MAZ.s:879    .text.HAL_FLASHEx_OB_SelectPCROP:0000000000000000 HAL_FLASHEx_OB_SelectPCROP
C:\Users\Admin\AppData\Local\Temp\ccIG7MAZ.s:906    .text.HAL_FLASHEx_OB_SelectPCROP:0000000000000010 $d
C:\Users\Admin\AppData\Local\Temp\ccIG7MAZ.s:911    .text.HAL_FLASHEx_OB_DeSelectPCROP:0000000000000000 $t
C:\Users\Admin\AppData\Local\Temp\ccIG7MAZ.s:917    .text.HAL_FLASHEx_OB_DeSelectPCROP:0000000000000000 HAL_FLASHEx_OB_DeSelectPCROP
C:\Users\Admin\AppData\Local\Temp\ccIG7MAZ.s:943    .text.HAL_FLASHEx_OB_DeSelectPCROP:0000000000000010 $d
C:\Users\Admin\AppData\Local\Temp\ccIG7MAZ.s:948    .text.FLASH_Erase_Sector:0000000000000000 $t
C:\Users\Admin\AppData\Local\Temp\ccIG7MAZ.s:954    .text.FLASH_Erase_Sector:0000000000000000 FLASH_Erase_Sector
C:\Users\Admin\AppData\Local\Temp\ccIG7MAZ.s:1027   .text.FLASH_Erase_Sector:0000000000000050 $d
ARM GAS  C:\Users\Admin\AppData\Local\Temp\ccIG7MAZ.s 			page 55


C:\Users\Admin\AppData\Local\Temp\ccIG7MAZ.s:1032   .text.HAL_FLASHEx_Erase_IT:0000000000000000 $t
C:\Users\Admin\AppData\Local\Temp\ccIG7MAZ.s:1038   .text.HAL_FLASHEx_Erase_IT:0000000000000000 HAL_FLASHEx_Erase_IT
C:\Users\Admin\AppData\Local\Temp\ccIG7MAZ.s:1127   .text.HAL_FLASHEx_Erase_IT:0000000000000050 $d
C:\Users\Admin\AppData\Local\Temp\ccIG7MAZ.s:1133   .text.FLASH_FlushCaches:0000000000000000 $t
C:\Users\Admin\AppData\Local\Temp\ccIG7MAZ.s:1139   .text.FLASH_FlushCaches:0000000000000000 FLASH_FlushCaches
C:\Users\Admin\AppData\Local\Temp\ccIG7MAZ.s:1205   .text.FLASH_FlushCaches:000000000000005c $d
C:\Users\Admin\AppData\Local\Temp\ccIG7MAZ.s:1210   .text.HAL_FLASHEx_Erase:0000000000000000 $t
C:\Users\Admin\AppData\Local\Temp\ccIG7MAZ.s:1216   .text.HAL_FLASHEx_Erase:0000000000000000 HAL_FLASHEx_Erase
C:\Users\Admin\AppData\Local\Temp\ccIG7MAZ.s:1367   .text.HAL_FLASHEx_Erase:000000000000008c $d

UNDEFINED SYMBOLS
FLASH_WaitForLastOperation
pFlash
