ARM GAS  C:\Users\Admin\AppData\Local\Temp\ccWH8QQR.s 			page 1


   1              		.cpu cortex-m4
   2              		.arch armv7e-m
   3              		.fpu fpv4-sp-d16
   4              		.eabi_attribute 27, 1
   5              		.eabi_attribute 28, 1
   6              		.eabi_attribute 20, 1
   7              		.eabi_attribute 21, 1
   8              		.eabi_attribute 23, 3
   9              		.eabi_attribute 24, 1
  10              		.eabi_attribute 25, 1
  11              		.eabi_attribute 26, 1
  12              		.eabi_attribute 30, 1
  13              		.eabi_attribute 34, 1
  14              		.eabi_attribute 18, 4
  15              		.file	"stm32f4xx_hal_flash.c"
  16              		.text
  17              	.Ltext0:
  18              		.cfi_sections	.debug_frame
  19              		.section	.text.FLASH_Program_DoubleWord,"ax",%progbits
  20              		.align	1
  21              		.syntax unified
  22              		.thumb
  23              		.thumb_func
  25              	FLASH_Program_DoubleWord:
  26              	.LVL0:
  27              	.LFB232:
  28              		.file 1 "board/stm32f401rct6/Drivers/STM32F4xx_HAL_Driver/Src/stm32f4xx_hal_flash.c"
   1:board/stm32f401rct6/Drivers/STM32F4xx_HAL_Driver/Src/stm32f4xx_hal_flash.c **** /**
   2:board/stm32f401rct6/Drivers/STM32F4xx_HAL_Driver/Src/stm32f4xx_hal_flash.c ****   ******************************************************************************
   3:board/stm32f401rct6/Drivers/STM32F4xx_HAL_Driver/Src/stm32f4xx_hal_flash.c ****   * @file    stm32f4xx_hal_flash.c
   4:board/stm32f401rct6/Drivers/STM32F4xx_HAL_Driver/Src/stm32f4xx_hal_flash.c ****   * @author  MCD Application Team
   5:board/stm32f401rct6/Drivers/STM32F4xx_HAL_Driver/Src/stm32f4xx_hal_flash.c ****   * @brief   FLASH HAL module driver.
   6:board/stm32f401rct6/Drivers/STM32F4xx_HAL_Driver/Src/stm32f4xx_hal_flash.c ****   *          This file provides firmware functions to manage the following
   7:board/stm32f401rct6/Drivers/STM32F4xx_HAL_Driver/Src/stm32f4xx_hal_flash.c ****   *          functionalities of the internal FLASH memory:
   8:board/stm32f401rct6/Drivers/STM32F4xx_HAL_Driver/Src/stm32f4xx_hal_flash.c ****   *           + Program operations functions
   9:board/stm32f401rct6/Drivers/STM32F4xx_HAL_Driver/Src/stm32f4xx_hal_flash.c ****   *           + Memory Control functions
  10:board/stm32f401rct6/Drivers/STM32F4xx_HAL_Driver/Src/stm32f4xx_hal_flash.c ****   *           + Peripheral Errors functions
  11:board/stm32f401rct6/Drivers/STM32F4xx_HAL_Driver/Src/stm32f4xx_hal_flash.c ****   *
  12:board/stm32f401rct6/Drivers/STM32F4xx_HAL_Driver/Src/stm32f4xx_hal_flash.c ****   @verbatim
  13:board/stm32f401rct6/Drivers/STM32F4xx_HAL_Driver/Src/stm32f4xx_hal_flash.c ****   ==============================================================================
  14:board/stm32f401rct6/Drivers/STM32F4xx_HAL_Driver/Src/stm32f4xx_hal_flash.c ****                         ##### FLASH peripheral features #####
  15:board/stm32f401rct6/Drivers/STM32F4xx_HAL_Driver/Src/stm32f4xx_hal_flash.c ****   ==============================================================================
  16:board/stm32f401rct6/Drivers/STM32F4xx_HAL_Driver/Src/stm32f4xx_hal_flash.c **** 
  17:board/stm32f401rct6/Drivers/STM32F4xx_HAL_Driver/Src/stm32f4xx_hal_flash.c ****   [..] The Flash memory interface manages CPU AHB I-Code and D-Code accesses
  18:board/stm32f401rct6/Drivers/STM32F4xx_HAL_Driver/Src/stm32f4xx_hal_flash.c ****        to the Flash memory. It implements the erase and program Flash memory operations
  19:board/stm32f401rct6/Drivers/STM32F4xx_HAL_Driver/Src/stm32f4xx_hal_flash.c ****        and the read and write protection mechanisms.
  20:board/stm32f401rct6/Drivers/STM32F4xx_HAL_Driver/Src/stm32f4xx_hal_flash.c **** 
  21:board/stm32f401rct6/Drivers/STM32F4xx_HAL_Driver/Src/stm32f4xx_hal_flash.c ****   [..] The Flash memory interface accelerates code execution with a system of instruction
  22:board/stm32f401rct6/Drivers/STM32F4xx_HAL_Driver/Src/stm32f4xx_hal_flash.c ****        prefetch and cache lines.
  23:board/stm32f401rct6/Drivers/STM32F4xx_HAL_Driver/Src/stm32f4xx_hal_flash.c **** 
  24:board/stm32f401rct6/Drivers/STM32F4xx_HAL_Driver/Src/stm32f4xx_hal_flash.c ****   [..] The FLASH main features are:
  25:board/stm32f401rct6/Drivers/STM32F4xx_HAL_Driver/Src/stm32f4xx_hal_flash.c ****       (+) Flash memory read operations
  26:board/stm32f401rct6/Drivers/STM32F4xx_HAL_Driver/Src/stm32f4xx_hal_flash.c ****       (+) Flash memory program/erase operations
  27:board/stm32f401rct6/Drivers/STM32F4xx_HAL_Driver/Src/stm32f4xx_hal_flash.c ****       (+) Read / write protections
  28:board/stm32f401rct6/Drivers/STM32F4xx_HAL_Driver/Src/stm32f4xx_hal_flash.c ****       (+) Prefetch on I-Code
  29:board/stm32f401rct6/Drivers/STM32F4xx_HAL_Driver/Src/stm32f4xx_hal_flash.c ****       (+) 64 cache lines of 128 bits on I-Code
  30:board/stm32f401rct6/Drivers/STM32F4xx_HAL_Driver/Src/stm32f4xx_hal_flash.c ****       (+) 8 cache lines of 128 bits on D-Code
ARM GAS  C:\Users\Admin\AppData\Local\Temp\ccWH8QQR.s 			page 2


  31:board/stm32f401rct6/Drivers/STM32F4xx_HAL_Driver/Src/stm32f4xx_hal_flash.c **** 
  32:board/stm32f401rct6/Drivers/STM32F4xx_HAL_Driver/Src/stm32f4xx_hal_flash.c **** 
  33:board/stm32f401rct6/Drivers/STM32F4xx_HAL_Driver/Src/stm32f4xx_hal_flash.c ****                      ##### How to use this driver #####
  34:board/stm32f401rct6/Drivers/STM32F4xx_HAL_Driver/Src/stm32f4xx_hal_flash.c ****   ==============================================================================
  35:board/stm32f401rct6/Drivers/STM32F4xx_HAL_Driver/Src/stm32f4xx_hal_flash.c ****     [..]
  36:board/stm32f401rct6/Drivers/STM32F4xx_HAL_Driver/Src/stm32f4xx_hal_flash.c ****       This driver provides functions and macros to configure and program the FLASH
  37:board/stm32f401rct6/Drivers/STM32F4xx_HAL_Driver/Src/stm32f4xx_hal_flash.c ****       memory of all STM32F4xx devices.
  38:board/stm32f401rct6/Drivers/STM32F4xx_HAL_Driver/Src/stm32f4xx_hal_flash.c **** 
  39:board/stm32f401rct6/Drivers/STM32F4xx_HAL_Driver/Src/stm32f4xx_hal_flash.c ****       (#) FLASH Memory IO Programming functions:
  40:board/stm32f401rct6/Drivers/STM32F4xx_HAL_Driver/Src/stm32f4xx_hal_flash.c ****            (++) Lock and Unlock the FLASH interface using HAL_FLASH_Unlock() and
  41:board/stm32f401rct6/Drivers/STM32F4xx_HAL_Driver/Src/stm32f4xx_hal_flash.c ****                 HAL_FLASH_Lock() functions
  42:board/stm32f401rct6/Drivers/STM32F4xx_HAL_Driver/Src/stm32f4xx_hal_flash.c ****            (++) Program functions: byte, half word, word and double word
  43:board/stm32f401rct6/Drivers/STM32F4xx_HAL_Driver/Src/stm32f4xx_hal_flash.c ****            (++) There Two modes of programming :
  44:board/stm32f401rct6/Drivers/STM32F4xx_HAL_Driver/Src/stm32f4xx_hal_flash.c ****             (+++) Polling mode using HAL_FLASH_Program() function
  45:board/stm32f401rct6/Drivers/STM32F4xx_HAL_Driver/Src/stm32f4xx_hal_flash.c ****             (+++) Interrupt mode using HAL_FLASH_Program_IT() function
  46:board/stm32f401rct6/Drivers/STM32F4xx_HAL_Driver/Src/stm32f4xx_hal_flash.c **** 
  47:board/stm32f401rct6/Drivers/STM32F4xx_HAL_Driver/Src/stm32f4xx_hal_flash.c ****       (#) Interrupts and flags management functions :
  48:board/stm32f401rct6/Drivers/STM32F4xx_HAL_Driver/Src/stm32f4xx_hal_flash.c ****            (++) Handle FLASH interrupts by calling HAL_FLASH_IRQHandler()
  49:board/stm32f401rct6/Drivers/STM32F4xx_HAL_Driver/Src/stm32f4xx_hal_flash.c ****            (++) Wait for last FLASH operation according to its status
  50:board/stm32f401rct6/Drivers/STM32F4xx_HAL_Driver/Src/stm32f4xx_hal_flash.c ****            (++) Get error flag status by calling HAL_SetErrorCode()
  51:board/stm32f401rct6/Drivers/STM32F4xx_HAL_Driver/Src/stm32f4xx_hal_flash.c **** 
  52:board/stm32f401rct6/Drivers/STM32F4xx_HAL_Driver/Src/stm32f4xx_hal_flash.c ****     [..]
  53:board/stm32f401rct6/Drivers/STM32F4xx_HAL_Driver/Src/stm32f4xx_hal_flash.c ****       In addition to these functions, this driver includes a set of macros allowing
  54:board/stm32f401rct6/Drivers/STM32F4xx_HAL_Driver/Src/stm32f4xx_hal_flash.c ****       to handle the following operations:
  55:board/stm32f401rct6/Drivers/STM32F4xx_HAL_Driver/Src/stm32f4xx_hal_flash.c ****        (+) Set the latency
  56:board/stm32f401rct6/Drivers/STM32F4xx_HAL_Driver/Src/stm32f4xx_hal_flash.c ****        (+) Enable/Disable the prefetch buffer
  57:board/stm32f401rct6/Drivers/STM32F4xx_HAL_Driver/Src/stm32f4xx_hal_flash.c ****        (+) Enable/Disable the Instruction cache and the Data cache
  58:board/stm32f401rct6/Drivers/STM32F4xx_HAL_Driver/Src/stm32f4xx_hal_flash.c ****        (+) Reset the Instruction cache and the Data cache
  59:board/stm32f401rct6/Drivers/STM32F4xx_HAL_Driver/Src/stm32f4xx_hal_flash.c ****        (+) Enable/Disable the FLASH interrupts
  60:board/stm32f401rct6/Drivers/STM32F4xx_HAL_Driver/Src/stm32f4xx_hal_flash.c ****        (+) Monitor the FLASH flags status
  61:board/stm32f401rct6/Drivers/STM32F4xx_HAL_Driver/Src/stm32f4xx_hal_flash.c **** 
  62:board/stm32f401rct6/Drivers/STM32F4xx_HAL_Driver/Src/stm32f4xx_hal_flash.c ****   @endverbatim
  63:board/stm32f401rct6/Drivers/STM32F4xx_HAL_Driver/Src/stm32f4xx_hal_flash.c ****   ******************************************************************************
  64:board/stm32f401rct6/Drivers/STM32F4xx_HAL_Driver/Src/stm32f4xx_hal_flash.c ****   * @attention
  65:board/stm32f401rct6/Drivers/STM32F4xx_HAL_Driver/Src/stm32f4xx_hal_flash.c ****   *
  66:board/stm32f401rct6/Drivers/STM32F4xx_HAL_Driver/Src/stm32f4xx_hal_flash.c ****   * Copyright (c) 2017 STMicroelectronics.
  67:board/stm32f401rct6/Drivers/STM32F4xx_HAL_Driver/Src/stm32f4xx_hal_flash.c ****   * All rights reserved.
  68:board/stm32f401rct6/Drivers/STM32F4xx_HAL_Driver/Src/stm32f4xx_hal_flash.c ****   *
  69:board/stm32f401rct6/Drivers/STM32F4xx_HAL_Driver/Src/stm32f4xx_hal_flash.c ****   * This software is licensed under terms that can be found in the LICENSE file in
  70:board/stm32f401rct6/Drivers/STM32F4xx_HAL_Driver/Src/stm32f4xx_hal_flash.c ****   * the root directory of this software component.
  71:board/stm32f401rct6/Drivers/STM32F4xx_HAL_Driver/Src/stm32f4xx_hal_flash.c ****   * If no LICENSE file comes with this software, it is provided AS-IS.
  72:board/stm32f401rct6/Drivers/STM32F4xx_HAL_Driver/Src/stm32f4xx_hal_flash.c ****   ******************************************************************************
  73:board/stm32f401rct6/Drivers/STM32F4xx_HAL_Driver/Src/stm32f4xx_hal_flash.c ****   */
  74:board/stm32f401rct6/Drivers/STM32F4xx_HAL_Driver/Src/stm32f4xx_hal_flash.c **** 
  75:board/stm32f401rct6/Drivers/STM32F4xx_HAL_Driver/Src/stm32f4xx_hal_flash.c **** /* Includes ------------------------------------------------------------------*/
  76:board/stm32f401rct6/Drivers/STM32F4xx_HAL_Driver/Src/stm32f4xx_hal_flash.c **** #include "stm32f4xx_hal.h"
  77:board/stm32f401rct6/Drivers/STM32F4xx_HAL_Driver/Src/stm32f4xx_hal_flash.c **** 
  78:board/stm32f401rct6/Drivers/STM32F4xx_HAL_Driver/Src/stm32f4xx_hal_flash.c **** /** @addtogroup STM32F4xx_HAL_Driver
  79:board/stm32f401rct6/Drivers/STM32F4xx_HAL_Driver/Src/stm32f4xx_hal_flash.c ****   * @{
  80:board/stm32f401rct6/Drivers/STM32F4xx_HAL_Driver/Src/stm32f4xx_hal_flash.c ****   */
  81:board/stm32f401rct6/Drivers/STM32F4xx_HAL_Driver/Src/stm32f4xx_hal_flash.c **** 
  82:board/stm32f401rct6/Drivers/STM32F4xx_HAL_Driver/Src/stm32f4xx_hal_flash.c **** /** @defgroup FLASH FLASH
  83:board/stm32f401rct6/Drivers/STM32F4xx_HAL_Driver/Src/stm32f4xx_hal_flash.c ****   * @brief FLASH HAL module driver
  84:board/stm32f401rct6/Drivers/STM32F4xx_HAL_Driver/Src/stm32f4xx_hal_flash.c ****   * @{
  85:board/stm32f401rct6/Drivers/STM32F4xx_HAL_Driver/Src/stm32f4xx_hal_flash.c ****   */
  86:board/stm32f401rct6/Drivers/STM32F4xx_HAL_Driver/Src/stm32f4xx_hal_flash.c **** 
  87:board/stm32f401rct6/Drivers/STM32F4xx_HAL_Driver/Src/stm32f4xx_hal_flash.c **** #ifdef HAL_FLASH_MODULE_ENABLED
ARM GAS  C:\Users\Admin\AppData\Local\Temp\ccWH8QQR.s 			page 3


  88:board/stm32f401rct6/Drivers/STM32F4xx_HAL_Driver/Src/stm32f4xx_hal_flash.c **** 
  89:board/stm32f401rct6/Drivers/STM32F4xx_HAL_Driver/Src/stm32f4xx_hal_flash.c **** /* Private typedef -----------------------------------------------------------*/
  90:board/stm32f401rct6/Drivers/STM32F4xx_HAL_Driver/Src/stm32f4xx_hal_flash.c **** /* Private define ------------------------------------------------------------*/
  91:board/stm32f401rct6/Drivers/STM32F4xx_HAL_Driver/Src/stm32f4xx_hal_flash.c **** /** @addtogroup FLASH_Private_Constants
  92:board/stm32f401rct6/Drivers/STM32F4xx_HAL_Driver/Src/stm32f4xx_hal_flash.c ****   * @{
  93:board/stm32f401rct6/Drivers/STM32F4xx_HAL_Driver/Src/stm32f4xx_hal_flash.c ****   */
  94:board/stm32f401rct6/Drivers/STM32F4xx_HAL_Driver/Src/stm32f4xx_hal_flash.c **** #define FLASH_TIMEOUT_VALUE       50000U /* 50 s */
  95:board/stm32f401rct6/Drivers/STM32F4xx_HAL_Driver/Src/stm32f4xx_hal_flash.c **** /**
  96:board/stm32f401rct6/Drivers/STM32F4xx_HAL_Driver/Src/stm32f4xx_hal_flash.c ****   * @}
  97:board/stm32f401rct6/Drivers/STM32F4xx_HAL_Driver/Src/stm32f4xx_hal_flash.c ****   */
  98:board/stm32f401rct6/Drivers/STM32F4xx_HAL_Driver/Src/stm32f4xx_hal_flash.c **** /* Private macro -------------------------------------------------------------*/
  99:board/stm32f401rct6/Drivers/STM32F4xx_HAL_Driver/Src/stm32f4xx_hal_flash.c **** /* Private variables ---------------------------------------------------------*/
 100:board/stm32f401rct6/Drivers/STM32F4xx_HAL_Driver/Src/stm32f4xx_hal_flash.c **** /** @addtogroup FLASH_Private_Variables
 101:board/stm32f401rct6/Drivers/STM32F4xx_HAL_Driver/Src/stm32f4xx_hal_flash.c ****   * @{
 102:board/stm32f401rct6/Drivers/STM32F4xx_HAL_Driver/Src/stm32f4xx_hal_flash.c ****   */
 103:board/stm32f401rct6/Drivers/STM32F4xx_HAL_Driver/Src/stm32f4xx_hal_flash.c **** /* Variable used for Erase sectors under interruption */
 104:board/stm32f401rct6/Drivers/STM32F4xx_HAL_Driver/Src/stm32f4xx_hal_flash.c **** FLASH_ProcessTypeDef pFlash;
 105:board/stm32f401rct6/Drivers/STM32F4xx_HAL_Driver/Src/stm32f4xx_hal_flash.c **** /**
 106:board/stm32f401rct6/Drivers/STM32F4xx_HAL_Driver/Src/stm32f4xx_hal_flash.c ****   * @}
 107:board/stm32f401rct6/Drivers/STM32F4xx_HAL_Driver/Src/stm32f4xx_hal_flash.c ****   */
 108:board/stm32f401rct6/Drivers/STM32F4xx_HAL_Driver/Src/stm32f4xx_hal_flash.c **** 
 109:board/stm32f401rct6/Drivers/STM32F4xx_HAL_Driver/Src/stm32f4xx_hal_flash.c **** /* Private function prototypes -----------------------------------------------*/
 110:board/stm32f401rct6/Drivers/STM32F4xx_HAL_Driver/Src/stm32f4xx_hal_flash.c **** /** @addtogroup FLASH_Private_Functions
 111:board/stm32f401rct6/Drivers/STM32F4xx_HAL_Driver/Src/stm32f4xx_hal_flash.c ****   * @{
 112:board/stm32f401rct6/Drivers/STM32F4xx_HAL_Driver/Src/stm32f4xx_hal_flash.c ****   */
 113:board/stm32f401rct6/Drivers/STM32F4xx_HAL_Driver/Src/stm32f4xx_hal_flash.c **** /* Program operations */
 114:board/stm32f401rct6/Drivers/STM32F4xx_HAL_Driver/Src/stm32f4xx_hal_flash.c **** static void   FLASH_Program_DoubleWord(uint32_t Address, uint64_t Data);
 115:board/stm32f401rct6/Drivers/STM32F4xx_HAL_Driver/Src/stm32f4xx_hal_flash.c **** static void   FLASH_Program_Word(uint32_t Address, uint32_t Data);
 116:board/stm32f401rct6/Drivers/STM32F4xx_HAL_Driver/Src/stm32f4xx_hal_flash.c **** static void   FLASH_Program_HalfWord(uint32_t Address, uint16_t Data);
 117:board/stm32f401rct6/Drivers/STM32F4xx_HAL_Driver/Src/stm32f4xx_hal_flash.c **** static void   FLASH_Program_Byte(uint32_t Address, uint8_t Data);
 118:board/stm32f401rct6/Drivers/STM32F4xx_HAL_Driver/Src/stm32f4xx_hal_flash.c **** static void   FLASH_SetErrorCode(void);
 119:board/stm32f401rct6/Drivers/STM32F4xx_HAL_Driver/Src/stm32f4xx_hal_flash.c **** 
 120:board/stm32f401rct6/Drivers/STM32F4xx_HAL_Driver/Src/stm32f4xx_hal_flash.c **** HAL_StatusTypeDef FLASH_WaitForLastOperation(uint32_t Timeout);
 121:board/stm32f401rct6/Drivers/STM32F4xx_HAL_Driver/Src/stm32f4xx_hal_flash.c **** /**
 122:board/stm32f401rct6/Drivers/STM32F4xx_HAL_Driver/Src/stm32f4xx_hal_flash.c ****   * @}
 123:board/stm32f401rct6/Drivers/STM32F4xx_HAL_Driver/Src/stm32f4xx_hal_flash.c ****   */
 124:board/stm32f401rct6/Drivers/STM32F4xx_HAL_Driver/Src/stm32f4xx_hal_flash.c **** 
 125:board/stm32f401rct6/Drivers/STM32F4xx_HAL_Driver/Src/stm32f4xx_hal_flash.c **** /* Exported functions --------------------------------------------------------*/
 126:board/stm32f401rct6/Drivers/STM32F4xx_HAL_Driver/Src/stm32f4xx_hal_flash.c **** /** @defgroup FLASH_Exported_Functions FLASH Exported Functions
 127:board/stm32f401rct6/Drivers/STM32F4xx_HAL_Driver/Src/stm32f4xx_hal_flash.c ****   * @{
 128:board/stm32f401rct6/Drivers/STM32F4xx_HAL_Driver/Src/stm32f4xx_hal_flash.c ****   */
 129:board/stm32f401rct6/Drivers/STM32F4xx_HAL_Driver/Src/stm32f4xx_hal_flash.c **** 
 130:board/stm32f401rct6/Drivers/STM32F4xx_HAL_Driver/Src/stm32f4xx_hal_flash.c **** /** @defgroup FLASH_Exported_Functions_Group1 Programming operation functions
 131:board/stm32f401rct6/Drivers/STM32F4xx_HAL_Driver/Src/stm32f4xx_hal_flash.c ****   *  @brief   Programming operation functions
 132:board/stm32f401rct6/Drivers/STM32F4xx_HAL_Driver/Src/stm32f4xx_hal_flash.c ****   *
 133:board/stm32f401rct6/Drivers/STM32F4xx_HAL_Driver/Src/stm32f4xx_hal_flash.c **** @verbatim
 134:board/stm32f401rct6/Drivers/STM32F4xx_HAL_Driver/Src/stm32f4xx_hal_flash.c ****  ===============================================================================
 135:board/stm32f401rct6/Drivers/STM32F4xx_HAL_Driver/Src/stm32f4xx_hal_flash.c ****                   ##### Programming operation functions #####
 136:board/stm32f401rct6/Drivers/STM32F4xx_HAL_Driver/Src/stm32f4xx_hal_flash.c ****  ===============================================================================
 137:board/stm32f401rct6/Drivers/STM32F4xx_HAL_Driver/Src/stm32f4xx_hal_flash.c ****     [..]
 138:board/stm32f401rct6/Drivers/STM32F4xx_HAL_Driver/Src/stm32f4xx_hal_flash.c ****     This subsection provides a set of functions allowing to manage the FLASH
 139:board/stm32f401rct6/Drivers/STM32F4xx_HAL_Driver/Src/stm32f4xx_hal_flash.c ****     program operations.
 140:board/stm32f401rct6/Drivers/STM32F4xx_HAL_Driver/Src/stm32f4xx_hal_flash.c **** 
 141:board/stm32f401rct6/Drivers/STM32F4xx_HAL_Driver/Src/stm32f4xx_hal_flash.c **** @endverbatim
 142:board/stm32f401rct6/Drivers/STM32F4xx_HAL_Driver/Src/stm32f4xx_hal_flash.c ****   * @{
 143:board/stm32f401rct6/Drivers/STM32F4xx_HAL_Driver/Src/stm32f4xx_hal_flash.c ****   */
 144:board/stm32f401rct6/Drivers/STM32F4xx_HAL_Driver/Src/stm32f4xx_hal_flash.c **** 
ARM GAS  C:\Users\Admin\AppData\Local\Temp\ccWH8QQR.s 			page 4


 145:board/stm32f401rct6/Drivers/STM32F4xx_HAL_Driver/Src/stm32f4xx_hal_flash.c **** /**
 146:board/stm32f401rct6/Drivers/STM32F4xx_HAL_Driver/Src/stm32f4xx_hal_flash.c ****   * @brief  Program byte, halfword, word or double word at a specified address
 147:board/stm32f401rct6/Drivers/STM32F4xx_HAL_Driver/Src/stm32f4xx_hal_flash.c ****   * @param  TypeProgram  Indicate the way to program at a specified address.
 148:board/stm32f401rct6/Drivers/STM32F4xx_HAL_Driver/Src/stm32f4xx_hal_flash.c ****   *                           This parameter can be a value of @ref FLASH_Type_Program
 149:board/stm32f401rct6/Drivers/STM32F4xx_HAL_Driver/Src/stm32f4xx_hal_flash.c ****   * @param  Address  specifies the address to be programmed.
 150:board/stm32f401rct6/Drivers/STM32F4xx_HAL_Driver/Src/stm32f4xx_hal_flash.c ****   * @param  Data specifies the data to be programmed
 151:board/stm32f401rct6/Drivers/STM32F4xx_HAL_Driver/Src/stm32f4xx_hal_flash.c ****   *
 152:board/stm32f401rct6/Drivers/STM32F4xx_HAL_Driver/Src/stm32f4xx_hal_flash.c ****   * @retval HAL_StatusTypeDef HAL Status
 153:board/stm32f401rct6/Drivers/STM32F4xx_HAL_Driver/Src/stm32f4xx_hal_flash.c ****   */
 154:board/stm32f401rct6/Drivers/STM32F4xx_HAL_Driver/Src/stm32f4xx_hal_flash.c **** HAL_StatusTypeDef HAL_FLASH_Program(uint32_t TypeProgram, uint32_t Address, uint64_t Data)
 155:board/stm32f401rct6/Drivers/STM32F4xx_HAL_Driver/Src/stm32f4xx_hal_flash.c **** {
 156:board/stm32f401rct6/Drivers/STM32F4xx_HAL_Driver/Src/stm32f4xx_hal_flash.c ****   HAL_StatusTypeDef status = HAL_ERROR;
 157:board/stm32f401rct6/Drivers/STM32F4xx_HAL_Driver/Src/stm32f4xx_hal_flash.c **** 
 158:board/stm32f401rct6/Drivers/STM32F4xx_HAL_Driver/Src/stm32f4xx_hal_flash.c ****   /* Process Locked */
 159:board/stm32f401rct6/Drivers/STM32F4xx_HAL_Driver/Src/stm32f4xx_hal_flash.c ****   __HAL_LOCK(&pFlash);
 160:board/stm32f401rct6/Drivers/STM32F4xx_HAL_Driver/Src/stm32f4xx_hal_flash.c **** 
 161:board/stm32f401rct6/Drivers/STM32F4xx_HAL_Driver/Src/stm32f4xx_hal_flash.c ****   /* Check the parameters */
 162:board/stm32f401rct6/Drivers/STM32F4xx_HAL_Driver/Src/stm32f4xx_hal_flash.c ****   assert_param(IS_FLASH_TYPEPROGRAM(TypeProgram));
 163:board/stm32f401rct6/Drivers/STM32F4xx_HAL_Driver/Src/stm32f4xx_hal_flash.c **** 
 164:board/stm32f401rct6/Drivers/STM32F4xx_HAL_Driver/Src/stm32f4xx_hal_flash.c ****   /* Wait for last operation to be completed */
 165:board/stm32f401rct6/Drivers/STM32F4xx_HAL_Driver/Src/stm32f4xx_hal_flash.c ****   status = FLASH_WaitForLastOperation((uint32_t)FLASH_TIMEOUT_VALUE);
 166:board/stm32f401rct6/Drivers/STM32F4xx_HAL_Driver/Src/stm32f4xx_hal_flash.c **** 
 167:board/stm32f401rct6/Drivers/STM32F4xx_HAL_Driver/Src/stm32f4xx_hal_flash.c ****   if (status == HAL_OK)
 168:board/stm32f401rct6/Drivers/STM32F4xx_HAL_Driver/Src/stm32f4xx_hal_flash.c ****   {
 169:board/stm32f401rct6/Drivers/STM32F4xx_HAL_Driver/Src/stm32f4xx_hal_flash.c ****     if (TypeProgram == FLASH_TYPEPROGRAM_BYTE)
 170:board/stm32f401rct6/Drivers/STM32F4xx_HAL_Driver/Src/stm32f4xx_hal_flash.c ****     {
 171:board/stm32f401rct6/Drivers/STM32F4xx_HAL_Driver/Src/stm32f4xx_hal_flash.c ****       /*Program byte (8-bit) at a specified address.*/
 172:board/stm32f401rct6/Drivers/STM32F4xx_HAL_Driver/Src/stm32f4xx_hal_flash.c ****       FLASH_Program_Byte(Address, (uint8_t) Data);
 173:board/stm32f401rct6/Drivers/STM32F4xx_HAL_Driver/Src/stm32f4xx_hal_flash.c ****     }
 174:board/stm32f401rct6/Drivers/STM32F4xx_HAL_Driver/Src/stm32f4xx_hal_flash.c ****     else if (TypeProgram == FLASH_TYPEPROGRAM_HALFWORD)
 175:board/stm32f401rct6/Drivers/STM32F4xx_HAL_Driver/Src/stm32f4xx_hal_flash.c ****     {
 176:board/stm32f401rct6/Drivers/STM32F4xx_HAL_Driver/Src/stm32f4xx_hal_flash.c ****       /*Program halfword (16-bit) at a specified address.*/
 177:board/stm32f401rct6/Drivers/STM32F4xx_HAL_Driver/Src/stm32f4xx_hal_flash.c ****       FLASH_Program_HalfWord(Address, (uint16_t) Data);
 178:board/stm32f401rct6/Drivers/STM32F4xx_HAL_Driver/Src/stm32f4xx_hal_flash.c ****     }
 179:board/stm32f401rct6/Drivers/STM32F4xx_HAL_Driver/Src/stm32f4xx_hal_flash.c ****     else if (TypeProgram == FLASH_TYPEPROGRAM_WORD)
 180:board/stm32f401rct6/Drivers/STM32F4xx_HAL_Driver/Src/stm32f4xx_hal_flash.c ****     {
 181:board/stm32f401rct6/Drivers/STM32F4xx_HAL_Driver/Src/stm32f4xx_hal_flash.c ****       /*Program word (32-bit) at a specified address.*/
 182:board/stm32f401rct6/Drivers/STM32F4xx_HAL_Driver/Src/stm32f4xx_hal_flash.c ****       FLASH_Program_Word(Address, (uint32_t) Data);
 183:board/stm32f401rct6/Drivers/STM32F4xx_HAL_Driver/Src/stm32f4xx_hal_flash.c ****     }
 184:board/stm32f401rct6/Drivers/STM32F4xx_HAL_Driver/Src/stm32f4xx_hal_flash.c ****     else
 185:board/stm32f401rct6/Drivers/STM32F4xx_HAL_Driver/Src/stm32f4xx_hal_flash.c ****     {
 186:board/stm32f401rct6/Drivers/STM32F4xx_HAL_Driver/Src/stm32f4xx_hal_flash.c ****       /*Program double word (64-bit) at a specified address.*/
 187:board/stm32f401rct6/Drivers/STM32F4xx_HAL_Driver/Src/stm32f4xx_hal_flash.c ****       FLASH_Program_DoubleWord(Address, Data);
 188:board/stm32f401rct6/Drivers/STM32F4xx_HAL_Driver/Src/stm32f4xx_hal_flash.c ****     }
 189:board/stm32f401rct6/Drivers/STM32F4xx_HAL_Driver/Src/stm32f4xx_hal_flash.c **** 
 190:board/stm32f401rct6/Drivers/STM32F4xx_HAL_Driver/Src/stm32f4xx_hal_flash.c ****     /* Wait for last operation to be completed */
 191:board/stm32f401rct6/Drivers/STM32F4xx_HAL_Driver/Src/stm32f4xx_hal_flash.c ****     status = FLASH_WaitForLastOperation((uint32_t)FLASH_TIMEOUT_VALUE);
 192:board/stm32f401rct6/Drivers/STM32F4xx_HAL_Driver/Src/stm32f4xx_hal_flash.c **** 
 193:board/stm32f401rct6/Drivers/STM32F4xx_HAL_Driver/Src/stm32f4xx_hal_flash.c ****     /* If the program operation is completed, disable the PG Bit */
 194:board/stm32f401rct6/Drivers/STM32F4xx_HAL_Driver/Src/stm32f4xx_hal_flash.c ****     FLASH->CR &= (~FLASH_CR_PG);
 195:board/stm32f401rct6/Drivers/STM32F4xx_HAL_Driver/Src/stm32f4xx_hal_flash.c ****   }
 196:board/stm32f401rct6/Drivers/STM32F4xx_HAL_Driver/Src/stm32f4xx_hal_flash.c **** 
 197:board/stm32f401rct6/Drivers/STM32F4xx_HAL_Driver/Src/stm32f4xx_hal_flash.c ****   /* Process Unlocked */
 198:board/stm32f401rct6/Drivers/STM32F4xx_HAL_Driver/Src/stm32f4xx_hal_flash.c ****   __HAL_UNLOCK(&pFlash);
 199:board/stm32f401rct6/Drivers/STM32F4xx_HAL_Driver/Src/stm32f4xx_hal_flash.c **** 
 200:board/stm32f401rct6/Drivers/STM32F4xx_HAL_Driver/Src/stm32f4xx_hal_flash.c ****   return status;
 201:board/stm32f401rct6/Drivers/STM32F4xx_HAL_Driver/Src/stm32f4xx_hal_flash.c **** }
ARM GAS  C:\Users\Admin\AppData\Local\Temp\ccWH8QQR.s 			page 5


 202:board/stm32f401rct6/Drivers/STM32F4xx_HAL_Driver/Src/stm32f4xx_hal_flash.c **** 
 203:board/stm32f401rct6/Drivers/STM32F4xx_HAL_Driver/Src/stm32f4xx_hal_flash.c **** /**
 204:board/stm32f401rct6/Drivers/STM32F4xx_HAL_Driver/Src/stm32f4xx_hal_flash.c ****   * @brief   Program byte, halfword, word or double word at a specified address  with interrupt ena
 205:board/stm32f401rct6/Drivers/STM32F4xx_HAL_Driver/Src/stm32f4xx_hal_flash.c ****   * @param  TypeProgram  Indicate the way to program at a specified address.
 206:board/stm32f401rct6/Drivers/STM32F4xx_HAL_Driver/Src/stm32f4xx_hal_flash.c ****   *                           This parameter can be a value of @ref FLASH_Type_Program
 207:board/stm32f401rct6/Drivers/STM32F4xx_HAL_Driver/Src/stm32f4xx_hal_flash.c ****   * @param  Address  specifies the address to be programmed.
 208:board/stm32f401rct6/Drivers/STM32F4xx_HAL_Driver/Src/stm32f4xx_hal_flash.c ****   * @param  Data specifies the data to be programmed
 209:board/stm32f401rct6/Drivers/STM32F4xx_HAL_Driver/Src/stm32f4xx_hal_flash.c ****   *
 210:board/stm32f401rct6/Drivers/STM32F4xx_HAL_Driver/Src/stm32f4xx_hal_flash.c ****   * @retval HAL Status
 211:board/stm32f401rct6/Drivers/STM32F4xx_HAL_Driver/Src/stm32f4xx_hal_flash.c ****   */
 212:board/stm32f401rct6/Drivers/STM32F4xx_HAL_Driver/Src/stm32f4xx_hal_flash.c **** HAL_StatusTypeDef HAL_FLASH_Program_IT(uint32_t TypeProgram, uint32_t Address, uint64_t Data)
 213:board/stm32f401rct6/Drivers/STM32F4xx_HAL_Driver/Src/stm32f4xx_hal_flash.c **** {
 214:board/stm32f401rct6/Drivers/STM32F4xx_HAL_Driver/Src/stm32f4xx_hal_flash.c ****   HAL_StatusTypeDef status = HAL_OK;
 215:board/stm32f401rct6/Drivers/STM32F4xx_HAL_Driver/Src/stm32f4xx_hal_flash.c **** 
 216:board/stm32f401rct6/Drivers/STM32F4xx_HAL_Driver/Src/stm32f4xx_hal_flash.c ****   /* Check the parameters */
 217:board/stm32f401rct6/Drivers/STM32F4xx_HAL_Driver/Src/stm32f4xx_hal_flash.c ****   assert_param(IS_FLASH_TYPEPROGRAM(TypeProgram));
 218:board/stm32f401rct6/Drivers/STM32F4xx_HAL_Driver/Src/stm32f4xx_hal_flash.c **** 
 219:board/stm32f401rct6/Drivers/STM32F4xx_HAL_Driver/Src/stm32f4xx_hal_flash.c ****   /* Enable End of FLASH Operation interrupt */
 220:board/stm32f401rct6/Drivers/STM32F4xx_HAL_Driver/Src/stm32f4xx_hal_flash.c ****   __HAL_FLASH_ENABLE_IT(FLASH_IT_EOP);
 221:board/stm32f401rct6/Drivers/STM32F4xx_HAL_Driver/Src/stm32f4xx_hal_flash.c **** 
 222:board/stm32f401rct6/Drivers/STM32F4xx_HAL_Driver/Src/stm32f4xx_hal_flash.c ****   /* Enable Error source interrupt */
 223:board/stm32f401rct6/Drivers/STM32F4xx_HAL_Driver/Src/stm32f4xx_hal_flash.c ****   __HAL_FLASH_ENABLE_IT(FLASH_IT_ERR);
 224:board/stm32f401rct6/Drivers/STM32F4xx_HAL_Driver/Src/stm32f4xx_hal_flash.c **** 
 225:board/stm32f401rct6/Drivers/STM32F4xx_HAL_Driver/Src/stm32f4xx_hal_flash.c ****   pFlash.ProcedureOnGoing = FLASH_PROC_PROGRAM;
 226:board/stm32f401rct6/Drivers/STM32F4xx_HAL_Driver/Src/stm32f4xx_hal_flash.c ****   pFlash.Address = Address;
 227:board/stm32f401rct6/Drivers/STM32F4xx_HAL_Driver/Src/stm32f4xx_hal_flash.c **** 
 228:board/stm32f401rct6/Drivers/STM32F4xx_HAL_Driver/Src/stm32f4xx_hal_flash.c ****   if (TypeProgram == FLASH_TYPEPROGRAM_BYTE)
 229:board/stm32f401rct6/Drivers/STM32F4xx_HAL_Driver/Src/stm32f4xx_hal_flash.c ****   {
 230:board/stm32f401rct6/Drivers/STM32F4xx_HAL_Driver/Src/stm32f4xx_hal_flash.c ****     /*Program byte (8-bit) at a specified address.*/
 231:board/stm32f401rct6/Drivers/STM32F4xx_HAL_Driver/Src/stm32f4xx_hal_flash.c ****     FLASH_Program_Byte(Address, (uint8_t) Data);
 232:board/stm32f401rct6/Drivers/STM32F4xx_HAL_Driver/Src/stm32f4xx_hal_flash.c ****   }
 233:board/stm32f401rct6/Drivers/STM32F4xx_HAL_Driver/Src/stm32f4xx_hal_flash.c ****   else if (TypeProgram == FLASH_TYPEPROGRAM_HALFWORD)
 234:board/stm32f401rct6/Drivers/STM32F4xx_HAL_Driver/Src/stm32f4xx_hal_flash.c ****   {
 235:board/stm32f401rct6/Drivers/STM32F4xx_HAL_Driver/Src/stm32f4xx_hal_flash.c ****     /*Program halfword (16-bit) at a specified address.*/
 236:board/stm32f401rct6/Drivers/STM32F4xx_HAL_Driver/Src/stm32f4xx_hal_flash.c ****     FLASH_Program_HalfWord(Address, (uint16_t) Data);
 237:board/stm32f401rct6/Drivers/STM32F4xx_HAL_Driver/Src/stm32f4xx_hal_flash.c ****   }
 238:board/stm32f401rct6/Drivers/STM32F4xx_HAL_Driver/Src/stm32f4xx_hal_flash.c ****   else if (TypeProgram == FLASH_TYPEPROGRAM_WORD)
 239:board/stm32f401rct6/Drivers/STM32F4xx_HAL_Driver/Src/stm32f4xx_hal_flash.c ****   {
 240:board/stm32f401rct6/Drivers/STM32F4xx_HAL_Driver/Src/stm32f4xx_hal_flash.c ****     /*Program word (32-bit) at a specified address.*/
 241:board/stm32f401rct6/Drivers/STM32F4xx_HAL_Driver/Src/stm32f4xx_hal_flash.c ****     FLASH_Program_Word(Address, (uint32_t) Data);
 242:board/stm32f401rct6/Drivers/STM32F4xx_HAL_Driver/Src/stm32f4xx_hal_flash.c ****   }
 243:board/stm32f401rct6/Drivers/STM32F4xx_HAL_Driver/Src/stm32f4xx_hal_flash.c ****   else
 244:board/stm32f401rct6/Drivers/STM32F4xx_HAL_Driver/Src/stm32f4xx_hal_flash.c ****   {
 245:board/stm32f401rct6/Drivers/STM32F4xx_HAL_Driver/Src/stm32f4xx_hal_flash.c ****     /*Program double word (64-bit) at a specified address.*/
 246:board/stm32f401rct6/Drivers/STM32F4xx_HAL_Driver/Src/stm32f4xx_hal_flash.c ****     FLASH_Program_DoubleWord(Address, Data);
 247:board/stm32f401rct6/Drivers/STM32F4xx_HAL_Driver/Src/stm32f4xx_hal_flash.c ****   }
 248:board/stm32f401rct6/Drivers/STM32F4xx_HAL_Driver/Src/stm32f4xx_hal_flash.c **** 
 249:board/stm32f401rct6/Drivers/STM32F4xx_HAL_Driver/Src/stm32f4xx_hal_flash.c ****   return status;
 250:board/stm32f401rct6/Drivers/STM32F4xx_HAL_Driver/Src/stm32f4xx_hal_flash.c **** }
 251:board/stm32f401rct6/Drivers/STM32F4xx_HAL_Driver/Src/stm32f4xx_hal_flash.c **** 
 252:board/stm32f401rct6/Drivers/STM32F4xx_HAL_Driver/Src/stm32f4xx_hal_flash.c **** /**
 253:board/stm32f401rct6/Drivers/STM32F4xx_HAL_Driver/Src/stm32f4xx_hal_flash.c ****   * @brief This function handles FLASH interrupt request.
 254:board/stm32f401rct6/Drivers/STM32F4xx_HAL_Driver/Src/stm32f4xx_hal_flash.c ****   * @retval None
 255:board/stm32f401rct6/Drivers/STM32F4xx_HAL_Driver/Src/stm32f4xx_hal_flash.c ****   */
 256:board/stm32f401rct6/Drivers/STM32F4xx_HAL_Driver/Src/stm32f4xx_hal_flash.c **** void HAL_FLASH_IRQHandler(void)
 257:board/stm32f401rct6/Drivers/STM32F4xx_HAL_Driver/Src/stm32f4xx_hal_flash.c **** {
 258:board/stm32f401rct6/Drivers/STM32F4xx_HAL_Driver/Src/stm32f4xx_hal_flash.c ****   uint32_t addresstmp = 0U;
ARM GAS  C:\Users\Admin\AppData\Local\Temp\ccWH8QQR.s 			page 6


 259:board/stm32f401rct6/Drivers/STM32F4xx_HAL_Driver/Src/stm32f4xx_hal_flash.c **** 
 260:board/stm32f401rct6/Drivers/STM32F4xx_HAL_Driver/Src/stm32f4xx_hal_flash.c ****   /* Check FLASH operation error flags */
 261:board/stm32f401rct6/Drivers/STM32F4xx_HAL_Driver/Src/stm32f4xx_hal_flash.c **** #if defined(FLASH_SR_RDERR)
 262:board/stm32f401rct6/Drivers/STM32F4xx_HAL_Driver/Src/stm32f4xx_hal_flash.c ****   if (__HAL_FLASH_GET_FLAG((FLASH_FLAG_OPERR | FLASH_FLAG_WRPERR | FLASH_FLAG_PGAERR | \
 263:board/stm32f401rct6/Drivers/STM32F4xx_HAL_Driver/Src/stm32f4xx_hal_flash.c ****                             FLASH_FLAG_PGPERR | FLASH_FLAG_PGSERR | FLASH_FLAG_RDERR)) != RESET)
 264:board/stm32f401rct6/Drivers/STM32F4xx_HAL_Driver/Src/stm32f4xx_hal_flash.c **** #else
 265:board/stm32f401rct6/Drivers/STM32F4xx_HAL_Driver/Src/stm32f4xx_hal_flash.c ****   if (__HAL_FLASH_GET_FLAG((FLASH_FLAG_OPERR | FLASH_FLAG_WRPERR | FLASH_FLAG_PGAERR | \
 266:board/stm32f401rct6/Drivers/STM32F4xx_HAL_Driver/Src/stm32f4xx_hal_flash.c ****                             FLASH_FLAG_PGPERR | FLASH_FLAG_PGSERR)) != RESET)
 267:board/stm32f401rct6/Drivers/STM32F4xx_HAL_Driver/Src/stm32f4xx_hal_flash.c **** #endif /* FLASH_SR_RDERR */
 268:board/stm32f401rct6/Drivers/STM32F4xx_HAL_Driver/Src/stm32f4xx_hal_flash.c ****   {
 269:board/stm32f401rct6/Drivers/STM32F4xx_HAL_Driver/Src/stm32f4xx_hal_flash.c ****     if (pFlash.ProcedureOnGoing == FLASH_PROC_SECTERASE)
 270:board/stm32f401rct6/Drivers/STM32F4xx_HAL_Driver/Src/stm32f4xx_hal_flash.c ****     {
 271:board/stm32f401rct6/Drivers/STM32F4xx_HAL_Driver/Src/stm32f4xx_hal_flash.c ****       /*return the faulty sector*/
 272:board/stm32f401rct6/Drivers/STM32F4xx_HAL_Driver/Src/stm32f4xx_hal_flash.c ****       addresstmp = pFlash.Sector;
 273:board/stm32f401rct6/Drivers/STM32F4xx_HAL_Driver/Src/stm32f4xx_hal_flash.c ****       pFlash.Sector = 0xFFFFFFFFU;
 274:board/stm32f401rct6/Drivers/STM32F4xx_HAL_Driver/Src/stm32f4xx_hal_flash.c ****     }
 275:board/stm32f401rct6/Drivers/STM32F4xx_HAL_Driver/Src/stm32f4xx_hal_flash.c ****     else if (pFlash.ProcedureOnGoing == FLASH_PROC_MASSERASE)
 276:board/stm32f401rct6/Drivers/STM32F4xx_HAL_Driver/Src/stm32f4xx_hal_flash.c ****     {
 277:board/stm32f401rct6/Drivers/STM32F4xx_HAL_Driver/Src/stm32f4xx_hal_flash.c ****       /*return the faulty bank*/
 278:board/stm32f401rct6/Drivers/STM32F4xx_HAL_Driver/Src/stm32f4xx_hal_flash.c ****       addresstmp = pFlash.Bank;
 279:board/stm32f401rct6/Drivers/STM32F4xx_HAL_Driver/Src/stm32f4xx_hal_flash.c ****     }
 280:board/stm32f401rct6/Drivers/STM32F4xx_HAL_Driver/Src/stm32f4xx_hal_flash.c ****     else
 281:board/stm32f401rct6/Drivers/STM32F4xx_HAL_Driver/Src/stm32f4xx_hal_flash.c ****     {
 282:board/stm32f401rct6/Drivers/STM32F4xx_HAL_Driver/Src/stm32f4xx_hal_flash.c ****       /*return the faulty address*/
 283:board/stm32f401rct6/Drivers/STM32F4xx_HAL_Driver/Src/stm32f4xx_hal_flash.c ****       addresstmp = pFlash.Address;
 284:board/stm32f401rct6/Drivers/STM32F4xx_HAL_Driver/Src/stm32f4xx_hal_flash.c ****     }
 285:board/stm32f401rct6/Drivers/STM32F4xx_HAL_Driver/Src/stm32f4xx_hal_flash.c **** 
 286:board/stm32f401rct6/Drivers/STM32F4xx_HAL_Driver/Src/stm32f4xx_hal_flash.c ****     /*Save the Error code*/
 287:board/stm32f401rct6/Drivers/STM32F4xx_HAL_Driver/Src/stm32f4xx_hal_flash.c ****     FLASH_SetErrorCode();
 288:board/stm32f401rct6/Drivers/STM32F4xx_HAL_Driver/Src/stm32f4xx_hal_flash.c **** 
 289:board/stm32f401rct6/Drivers/STM32F4xx_HAL_Driver/Src/stm32f4xx_hal_flash.c ****     /* FLASH error interrupt user callback */
 290:board/stm32f401rct6/Drivers/STM32F4xx_HAL_Driver/Src/stm32f4xx_hal_flash.c ****     HAL_FLASH_OperationErrorCallback(addresstmp);
 291:board/stm32f401rct6/Drivers/STM32F4xx_HAL_Driver/Src/stm32f4xx_hal_flash.c **** 
 292:board/stm32f401rct6/Drivers/STM32F4xx_HAL_Driver/Src/stm32f4xx_hal_flash.c ****     /*Stop the procedure ongoing*/
 293:board/stm32f401rct6/Drivers/STM32F4xx_HAL_Driver/Src/stm32f4xx_hal_flash.c ****     pFlash.ProcedureOnGoing = FLASH_PROC_NONE;
 294:board/stm32f401rct6/Drivers/STM32F4xx_HAL_Driver/Src/stm32f4xx_hal_flash.c ****   }
 295:board/stm32f401rct6/Drivers/STM32F4xx_HAL_Driver/Src/stm32f4xx_hal_flash.c **** 
 296:board/stm32f401rct6/Drivers/STM32F4xx_HAL_Driver/Src/stm32f4xx_hal_flash.c ****   /* Check FLASH End of Operation flag  */
 297:board/stm32f401rct6/Drivers/STM32F4xx_HAL_Driver/Src/stm32f4xx_hal_flash.c ****   if (__HAL_FLASH_GET_FLAG(FLASH_FLAG_EOP) != RESET)
 298:board/stm32f401rct6/Drivers/STM32F4xx_HAL_Driver/Src/stm32f4xx_hal_flash.c ****   {
 299:board/stm32f401rct6/Drivers/STM32F4xx_HAL_Driver/Src/stm32f4xx_hal_flash.c ****     /* Clear FLASH End of Operation pending bit */
 300:board/stm32f401rct6/Drivers/STM32F4xx_HAL_Driver/Src/stm32f4xx_hal_flash.c ****     __HAL_FLASH_CLEAR_FLAG(FLASH_FLAG_EOP);
 301:board/stm32f401rct6/Drivers/STM32F4xx_HAL_Driver/Src/stm32f4xx_hal_flash.c **** 
 302:board/stm32f401rct6/Drivers/STM32F4xx_HAL_Driver/Src/stm32f4xx_hal_flash.c ****     if (pFlash.ProcedureOnGoing == FLASH_PROC_SECTERASE)
 303:board/stm32f401rct6/Drivers/STM32F4xx_HAL_Driver/Src/stm32f4xx_hal_flash.c ****     {
 304:board/stm32f401rct6/Drivers/STM32F4xx_HAL_Driver/Src/stm32f4xx_hal_flash.c ****       /*Nb of sector to erased can be decreased*/
 305:board/stm32f401rct6/Drivers/STM32F4xx_HAL_Driver/Src/stm32f4xx_hal_flash.c ****       pFlash.NbSectorsToErase--;
 306:board/stm32f401rct6/Drivers/STM32F4xx_HAL_Driver/Src/stm32f4xx_hal_flash.c **** 
 307:board/stm32f401rct6/Drivers/STM32F4xx_HAL_Driver/Src/stm32f4xx_hal_flash.c ****       /* Check if there are still sectors to erase*/
 308:board/stm32f401rct6/Drivers/STM32F4xx_HAL_Driver/Src/stm32f4xx_hal_flash.c ****       if (pFlash.NbSectorsToErase != 0U)
 309:board/stm32f401rct6/Drivers/STM32F4xx_HAL_Driver/Src/stm32f4xx_hal_flash.c ****       {
 310:board/stm32f401rct6/Drivers/STM32F4xx_HAL_Driver/Src/stm32f4xx_hal_flash.c ****         addresstmp = pFlash.Sector;
 311:board/stm32f401rct6/Drivers/STM32F4xx_HAL_Driver/Src/stm32f4xx_hal_flash.c ****         /*Indicate user which sector has been erased*/
 312:board/stm32f401rct6/Drivers/STM32F4xx_HAL_Driver/Src/stm32f4xx_hal_flash.c ****         HAL_FLASH_EndOfOperationCallback(addresstmp);
 313:board/stm32f401rct6/Drivers/STM32F4xx_HAL_Driver/Src/stm32f4xx_hal_flash.c **** 
 314:board/stm32f401rct6/Drivers/STM32F4xx_HAL_Driver/Src/stm32f4xx_hal_flash.c ****         /*Increment sector number*/
 315:board/stm32f401rct6/Drivers/STM32F4xx_HAL_Driver/Src/stm32f4xx_hal_flash.c ****         pFlash.Sector++;
ARM GAS  C:\Users\Admin\AppData\Local\Temp\ccWH8QQR.s 			page 7


 316:board/stm32f401rct6/Drivers/STM32F4xx_HAL_Driver/Src/stm32f4xx_hal_flash.c ****         addresstmp = pFlash.Sector;
 317:board/stm32f401rct6/Drivers/STM32F4xx_HAL_Driver/Src/stm32f4xx_hal_flash.c ****         FLASH_Erase_Sector(addresstmp, pFlash.VoltageForErase);
 318:board/stm32f401rct6/Drivers/STM32F4xx_HAL_Driver/Src/stm32f4xx_hal_flash.c ****       }
 319:board/stm32f401rct6/Drivers/STM32F4xx_HAL_Driver/Src/stm32f4xx_hal_flash.c ****       else
 320:board/stm32f401rct6/Drivers/STM32F4xx_HAL_Driver/Src/stm32f4xx_hal_flash.c ****       {
 321:board/stm32f401rct6/Drivers/STM32F4xx_HAL_Driver/Src/stm32f4xx_hal_flash.c ****         /*No more sectors to Erase, user callback can be called.*/
 322:board/stm32f401rct6/Drivers/STM32F4xx_HAL_Driver/Src/stm32f4xx_hal_flash.c ****         /*Reset Sector and stop Erase sectors procedure*/
 323:board/stm32f401rct6/Drivers/STM32F4xx_HAL_Driver/Src/stm32f4xx_hal_flash.c ****         pFlash.Sector = addresstmp = 0xFFFFFFFFU;
 324:board/stm32f401rct6/Drivers/STM32F4xx_HAL_Driver/Src/stm32f4xx_hal_flash.c ****         pFlash.ProcedureOnGoing = FLASH_PROC_NONE;
 325:board/stm32f401rct6/Drivers/STM32F4xx_HAL_Driver/Src/stm32f4xx_hal_flash.c **** 
 326:board/stm32f401rct6/Drivers/STM32F4xx_HAL_Driver/Src/stm32f4xx_hal_flash.c ****         /* Flush the caches to be sure of the data consistency */
 327:board/stm32f401rct6/Drivers/STM32F4xx_HAL_Driver/Src/stm32f4xx_hal_flash.c ****         FLASH_FlushCaches();
 328:board/stm32f401rct6/Drivers/STM32F4xx_HAL_Driver/Src/stm32f4xx_hal_flash.c **** 
 329:board/stm32f401rct6/Drivers/STM32F4xx_HAL_Driver/Src/stm32f4xx_hal_flash.c ****         /* FLASH EOP interrupt user callback */
 330:board/stm32f401rct6/Drivers/STM32F4xx_HAL_Driver/Src/stm32f4xx_hal_flash.c ****         HAL_FLASH_EndOfOperationCallback(addresstmp);
 331:board/stm32f401rct6/Drivers/STM32F4xx_HAL_Driver/Src/stm32f4xx_hal_flash.c ****       }
 332:board/stm32f401rct6/Drivers/STM32F4xx_HAL_Driver/Src/stm32f4xx_hal_flash.c ****     }
 333:board/stm32f401rct6/Drivers/STM32F4xx_HAL_Driver/Src/stm32f4xx_hal_flash.c ****     else
 334:board/stm32f401rct6/Drivers/STM32F4xx_HAL_Driver/Src/stm32f4xx_hal_flash.c ****     {
 335:board/stm32f401rct6/Drivers/STM32F4xx_HAL_Driver/Src/stm32f4xx_hal_flash.c ****       if (pFlash.ProcedureOnGoing == FLASH_PROC_MASSERASE)
 336:board/stm32f401rct6/Drivers/STM32F4xx_HAL_Driver/Src/stm32f4xx_hal_flash.c ****       {
 337:board/stm32f401rct6/Drivers/STM32F4xx_HAL_Driver/Src/stm32f4xx_hal_flash.c ****         /* MassErase ended. Return the selected bank */
 338:board/stm32f401rct6/Drivers/STM32F4xx_HAL_Driver/Src/stm32f4xx_hal_flash.c ****         /* Flush the caches to be sure of the data consistency */
 339:board/stm32f401rct6/Drivers/STM32F4xx_HAL_Driver/Src/stm32f4xx_hal_flash.c ****         FLASH_FlushCaches();
 340:board/stm32f401rct6/Drivers/STM32F4xx_HAL_Driver/Src/stm32f4xx_hal_flash.c **** 
 341:board/stm32f401rct6/Drivers/STM32F4xx_HAL_Driver/Src/stm32f4xx_hal_flash.c ****         /* FLASH EOP interrupt user callback */
 342:board/stm32f401rct6/Drivers/STM32F4xx_HAL_Driver/Src/stm32f4xx_hal_flash.c ****         HAL_FLASH_EndOfOperationCallback(pFlash.Bank);
 343:board/stm32f401rct6/Drivers/STM32F4xx_HAL_Driver/Src/stm32f4xx_hal_flash.c ****       }
 344:board/stm32f401rct6/Drivers/STM32F4xx_HAL_Driver/Src/stm32f4xx_hal_flash.c ****       else
 345:board/stm32f401rct6/Drivers/STM32F4xx_HAL_Driver/Src/stm32f4xx_hal_flash.c ****       {
 346:board/stm32f401rct6/Drivers/STM32F4xx_HAL_Driver/Src/stm32f4xx_hal_flash.c ****         /*Program ended. Return the selected address*/
 347:board/stm32f401rct6/Drivers/STM32F4xx_HAL_Driver/Src/stm32f4xx_hal_flash.c ****         /* FLASH EOP interrupt user callback */
 348:board/stm32f401rct6/Drivers/STM32F4xx_HAL_Driver/Src/stm32f4xx_hal_flash.c ****         HAL_FLASH_EndOfOperationCallback(pFlash.Address);
 349:board/stm32f401rct6/Drivers/STM32F4xx_HAL_Driver/Src/stm32f4xx_hal_flash.c ****       }
 350:board/stm32f401rct6/Drivers/STM32F4xx_HAL_Driver/Src/stm32f4xx_hal_flash.c ****       pFlash.ProcedureOnGoing = FLASH_PROC_NONE;
 351:board/stm32f401rct6/Drivers/STM32F4xx_HAL_Driver/Src/stm32f4xx_hal_flash.c ****     }
 352:board/stm32f401rct6/Drivers/STM32F4xx_HAL_Driver/Src/stm32f4xx_hal_flash.c ****   }
 353:board/stm32f401rct6/Drivers/STM32F4xx_HAL_Driver/Src/stm32f4xx_hal_flash.c **** 
 354:board/stm32f401rct6/Drivers/STM32F4xx_HAL_Driver/Src/stm32f4xx_hal_flash.c ****   if (pFlash.ProcedureOnGoing == FLASH_PROC_NONE)
 355:board/stm32f401rct6/Drivers/STM32F4xx_HAL_Driver/Src/stm32f4xx_hal_flash.c ****   {
 356:board/stm32f401rct6/Drivers/STM32F4xx_HAL_Driver/Src/stm32f4xx_hal_flash.c ****     /* Operation is completed, disable the PG, SER, SNB and MER Bits */
 357:board/stm32f401rct6/Drivers/STM32F4xx_HAL_Driver/Src/stm32f4xx_hal_flash.c ****     CLEAR_BIT(FLASH->CR, (FLASH_CR_PG | FLASH_CR_SER | FLASH_CR_SNB | FLASH_MER_BIT));
 358:board/stm32f401rct6/Drivers/STM32F4xx_HAL_Driver/Src/stm32f4xx_hal_flash.c **** 
 359:board/stm32f401rct6/Drivers/STM32F4xx_HAL_Driver/Src/stm32f4xx_hal_flash.c ****     /* Disable End of FLASH Operation interrupt */
 360:board/stm32f401rct6/Drivers/STM32F4xx_HAL_Driver/Src/stm32f4xx_hal_flash.c ****     __HAL_FLASH_DISABLE_IT(FLASH_IT_EOP);
 361:board/stm32f401rct6/Drivers/STM32F4xx_HAL_Driver/Src/stm32f4xx_hal_flash.c **** 
 362:board/stm32f401rct6/Drivers/STM32F4xx_HAL_Driver/Src/stm32f4xx_hal_flash.c ****     /* Disable Error source interrupt */
 363:board/stm32f401rct6/Drivers/STM32F4xx_HAL_Driver/Src/stm32f4xx_hal_flash.c ****     __HAL_FLASH_DISABLE_IT(FLASH_IT_ERR);
 364:board/stm32f401rct6/Drivers/STM32F4xx_HAL_Driver/Src/stm32f4xx_hal_flash.c ****   }
 365:board/stm32f401rct6/Drivers/STM32F4xx_HAL_Driver/Src/stm32f4xx_hal_flash.c **** }
 366:board/stm32f401rct6/Drivers/STM32F4xx_HAL_Driver/Src/stm32f4xx_hal_flash.c **** 
 367:board/stm32f401rct6/Drivers/STM32F4xx_HAL_Driver/Src/stm32f4xx_hal_flash.c **** /**
 368:board/stm32f401rct6/Drivers/STM32F4xx_HAL_Driver/Src/stm32f4xx_hal_flash.c ****   * @brief  FLASH end of operation interrupt callback
 369:board/stm32f401rct6/Drivers/STM32F4xx_HAL_Driver/Src/stm32f4xx_hal_flash.c ****   * @param  ReturnValue The value saved in this parameter depends on the ongoing procedure
 370:board/stm32f401rct6/Drivers/STM32F4xx_HAL_Driver/Src/stm32f4xx_hal_flash.c ****   *                  Mass Erase: Bank number which has been requested to erase
 371:board/stm32f401rct6/Drivers/STM32F4xx_HAL_Driver/Src/stm32f4xx_hal_flash.c ****   *                  Sectors Erase: Sector which has been erased
 372:board/stm32f401rct6/Drivers/STM32F4xx_HAL_Driver/Src/stm32f4xx_hal_flash.c ****   *                    (if 0xFFFFFFFFU, it means that all the selected sectors have been erased)
ARM GAS  C:\Users\Admin\AppData\Local\Temp\ccWH8QQR.s 			page 8


 373:board/stm32f401rct6/Drivers/STM32F4xx_HAL_Driver/Src/stm32f4xx_hal_flash.c ****   *                  Program: Address which was selected for data program
 374:board/stm32f401rct6/Drivers/STM32F4xx_HAL_Driver/Src/stm32f4xx_hal_flash.c ****   * @retval None
 375:board/stm32f401rct6/Drivers/STM32F4xx_HAL_Driver/Src/stm32f4xx_hal_flash.c ****   */
 376:board/stm32f401rct6/Drivers/STM32F4xx_HAL_Driver/Src/stm32f4xx_hal_flash.c **** __weak void HAL_FLASH_EndOfOperationCallback(uint32_t ReturnValue)
 377:board/stm32f401rct6/Drivers/STM32F4xx_HAL_Driver/Src/stm32f4xx_hal_flash.c **** {
 378:board/stm32f401rct6/Drivers/STM32F4xx_HAL_Driver/Src/stm32f4xx_hal_flash.c ****   /* Prevent unused argument(s) compilation warning */
 379:board/stm32f401rct6/Drivers/STM32F4xx_HAL_Driver/Src/stm32f4xx_hal_flash.c ****   UNUSED(ReturnValue);
 380:board/stm32f401rct6/Drivers/STM32F4xx_HAL_Driver/Src/stm32f4xx_hal_flash.c ****   /* NOTE : This function Should not be modified, when the callback is needed,
 381:board/stm32f401rct6/Drivers/STM32F4xx_HAL_Driver/Src/stm32f4xx_hal_flash.c ****             the HAL_FLASH_EndOfOperationCallback could be implemented in the user file
 382:board/stm32f401rct6/Drivers/STM32F4xx_HAL_Driver/Src/stm32f4xx_hal_flash.c ****    */
 383:board/stm32f401rct6/Drivers/STM32F4xx_HAL_Driver/Src/stm32f4xx_hal_flash.c **** }
 384:board/stm32f401rct6/Drivers/STM32F4xx_HAL_Driver/Src/stm32f4xx_hal_flash.c **** 
 385:board/stm32f401rct6/Drivers/STM32F4xx_HAL_Driver/Src/stm32f4xx_hal_flash.c **** /**
 386:board/stm32f401rct6/Drivers/STM32F4xx_HAL_Driver/Src/stm32f4xx_hal_flash.c ****   * @brief  FLASH operation error interrupt callback
 387:board/stm32f401rct6/Drivers/STM32F4xx_HAL_Driver/Src/stm32f4xx_hal_flash.c ****   * @param  ReturnValue The value saved in this parameter depends on the ongoing procedure
 388:board/stm32f401rct6/Drivers/STM32F4xx_HAL_Driver/Src/stm32f4xx_hal_flash.c ****   *                 Mass Erase: Bank number which has been requested to erase
 389:board/stm32f401rct6/Drivers/STM32F4xx_HAL_Driver/Src/stm32f4xx_hal_flash.c ****   *                 Sectors Erase: Sector number which returned an error
 390:board/stm32f401rct6/Drivers/STM32F4xx_HAL_Driver/Src/stm32f4xx_hal_flash.c ****   *                 Program: Address which was selected for data program
 391:board/stm32f401rct6/Drivers/STM32F4xx_HAL_Driver/Src/stm32f4xx_hal_flash.c ****   * @retval None
 392:board/stm32f401rct6/Drivers/STM32F4xx_HAL_Driver/Src/stm32f4xx_hal_flash.c ****   */
 393:board/stm32f401rct6/Drivers/STM32F4xx_HAL_Driver/Src/stm32f4xx_hal_flash.c **** __weak void HAL_FLASH_OperationErrorCallback(uint32_t ReturnValue)
 394:board/stm32f401rct6/Drivers/STM32F4xx_HAL_Driver/Src/stm32f4xx_hal_flash.c **** {
 395:board/stm32f401rct6/Drivers/STM32F4xx_HAL_Driver/Src/stm32f4xx_hal_flash.c ****   /* Prevent unused argument(s) compilation warning */
 396:board/stm32f401rct6/Drivers/STM32F4xx_HAL_Driver/Src/stm32f4xx_hal_flash.c ****   UNUSED(ReturnValue);
 397:board/stm32f401rct6/Drivers/STM32F4xx_HAL_Driver/Src/stm32f4xx_hal_flash.c ****   /* NOTE : This function Should not be modified, when the callback is needed,
 398:board/stm32f401rct6/Drivers/STM32F4xx_HAL_Driver/Src/stm32f4xx_hal_flash.c ****             the HAL_FLASH_OperationErrorCallback could be implemented in the user file
 399:board/stm32f401rct6/Drivers/STM32F4xx_HAL_Driver/Src/stm32f4xx_hal_flash.c ****    */
 400:board/stm32f401rct6/Drivers/STM32F4xx_HAL_Driver/Src/stm32f4xx_hal_flash.c **** }
 401:board/stm32f401rct6/Drivers/STM32F4xx_HAL_Driver/Src/stm32f4xx_hal_flash.c **** 
 402:board/stm32f401rct6/Drivers/STM32F4xx_HAL_Driver/Src/stm32f4xx_hal_flash.c **** /**
 403:board/stm32f401rct6/Drivers/STM32F4xx_HAL_Driver/Src/stm32f4xx_hal_flash.c ****   * @}
 404:board/stm32f401rct6/Drivers/STM32F4xx_HAL_Driver/Src/stm32f4xx_hal_flash.c ****   */
 405:board/stm32f401rct6/Drivers/STM32F4xx_HAL_Driver/Src/stm32f4xx_hal_flash.c **** 
 406:board/stm32f401rct6/Drivers/STM32F4xx_HAL_Driver/Src/stm32f4xx_hal_flash.c **** /** @defgroup FLASH_Exported_Functions_Group2 Peripheral Control functions
 407:board/stm32f401rct6/Drivers/STM32F4xx_HAL_Driver/Src/stm32f4xx_hal_flash.c ****   *  @brief   management functions
 408:board/stm32f401rct6/Drivers/STM32F4xx_HAL_Driver/Src/stm32f4xx_hal_flash.c ****   *
 409:board/stm32f401rct6/Drivers/STM32F4xx_HAL_Driver/Src/stm32f4xx_hal_flash.c **** @verbatim
 410:board/stm32f401rct6/Drivers/STM32F4xx_HAL_Driver/Src/stm32f4xx_hal_flash.c ****  ===============================================================================
 411:board/stm32f401rct6/Drivers/STM32F4xx_HAL_Driver/Src/stm32f4xx_hal_flash.c ****                       ##### Peripheral Control functions #####
 412:board/stm32f401rct6/Drivers/STM32F4xx_HAL_Driver/Src/stm32f4xx_hal_flash.c ****  ===============================================================================
 413:board/stm32f401rct6/Drivers/STM32F4xx_HAL_Driver/Src/stm32f4xx_hal_flash.c ****     [..]
 414:board/stm32f401rct6/Drivers/STM32F4xx_HAL_Driver/Src/stm32f4xx_hal_flash.c ****     This subsection provides a set of functions allowing to control the FLASH
 415:board/stm32f401rct6/Drivers/STM32F4xx_HAL_Driver/Src/stm32f4xx_hal_flash.c ****     memory operations.
 416:board/stm32f401rct6/Drivers/STM32F4xx_HAL_Driver/Src/stm32f4xx_hal_flash.c **** 
 417:board/stm32f401rct6/Drivers/STM32F4xx_HAL_Driver/Src/stm32f4xx_hal_flash.c **** @endverbatim
 418:board/stm32f401rct6/Drivers/STM32F4xx_HAL_Driver/Src/stm32f4xx_hal_flash.c ****   * @{
 419:board/stm32f401rct6/Drivers/STM32F4xx_HAL_Driver/Src/stm32f4xx_hal_flash.c ****   */
 420:board/stm32f401rct6/Drivers/STM32F4xx_HAL_Driver/Src/stm32f4xx_hal_flash.c **** 
 421:board/stm32f401rct6/Drivers/STM32F4xx_HAL_Driver/Src/stm32f4xx_hal_flash.c **** /**
 422:board/stm32f401rct6/Drivers/STM32F4xx_HAL_Driver/Src/stm32f4xx_hal_flash.c ****   * @brief  Unlock the FLASH control register access
 423:board/stm32f401rct6/Drivers/STM32F4xx_HAL_Driver/Src/stm32f4xx_hal_flash.c ****   * @retval HAL Status
 424:board/stm32f401rct6/Drivers/STM32F4xx_HAL_Driver/Src/stm32f4xx_hal_flash.c ****   */
 425:board/stm32f401rct6/Drivers/STM32F4xx_HAL_Driver/Src/stm32f4xx_hal_flash.c **** HAL_StatusTypeDef HAL_FLASH_Unlock(void)
 426:board/stm32f401rct6/Drivers/STM32F4xx_HAL_Driver/Src/stm32f4xx_hal_flash.c **** {
 427:board/stm32f401rct6/Drivers/STM32F4xx_HAL_Driver/Src/stm32f4xx_hal_flash.c ****   HAL_StatusTypeDef status = HAL_OK;
 428:board/stm32f401rct6/Drivers/STM32F4xx_HAL_Driver/Src/stm32f4xx_hal_flash.c **** 
 429:board/stm32f401rct6/Drivers/STM32F4xx_HAL_Driver/Src/stm32f4xx_hal_flash.c ****   if (READ_BIT(FLASH->CR, FLASH_CR_LOCK) != RESET)
ARM GAS  C:\Users\Admin\AppData\Local\Temp\ccWH8QQR.s 			page 9


 430:board/stm32f401rct6/Drivers/STM32F4xx_HAL_Driver/Src/stm32f4xx_hal_flash.c ****   {
 431:board/stm32f401rct6/Drivers/STM32F4xx_HAL_Driver/Src/stm32f4xx_hal_flash.c ****     /* Authorize the FLASH Registers access */
 432:board/stm32f401rct6/Drivers/STM32F4xx_HAL_Driver/Src/stm32f4xx_hal_flash.c ****     WRITE_REG(FLASH->KEYR, FLASH_KEY1);
 433:board/stm32f401rct6/Drivers/STM32F4xx_HAL_Driver/Src/stm32f4xx_hal_flash.c ****     WRITE_REG(FLASH->KEYR, FLASH_KEY2);
 434:board/stm32f401rct6/Drivers/STM32F4xx_HAL_Driver/Src/stm32f4xx_hal_flash.c **** 
 435:board/stm32f401rct6/Drivers/STM32F4xx_HAL_Driver/Src/stm32f4xx_hal_flash.c ****     /* Verify Flash is unlocked */
 436:board/stm32f401rct6/Drivers/STM32F4xx_HAL_Driver/Src/stm32f4xx_hal_flash.c ****     if (READ_BIT(FLASH->CR, FLASH_CR_LOCK) != RESET)
 437:board/stm32f401rct6/Drivers/STM32F4xx_HAL_Driver/Src/stm32f4xx_hal_flash.c ****     {
 438:board/stm32f401rct6/Drivers/STM32F4xx_HAL_Driver/Src/stm32f4xx_hal_flash.c ****       status = HAL_ERROR;
 439:board/stm32f401rct6/Drivers/STM32F4xx_HAL_Driver/Src/stm32f4xx_hal_flash.c ****     }
 440:board/stm32f401rct6/Drivers/STM32F4xx_HAL_Driver/Src/stm32f4xx_hal_flash.c ****   }
 441:board/stm32f401rct6/Drivers/STM32F4xx_HAL_Driver/Src/stm32f4xx_hal_flash.c **** 
 442:board/stm32f401rct6/Drivers/STM32F4xx_HAL_Driver/Src/stm32f4xx_hal_flash.c ****   return status;
 443:board/stm32f401rct6/Drivers/STM32F4xx_HAL_Driver/Src/stm32f4xx_hal_flash.c **** }
 444:board/stm32f401rct6/Drivers/STM32F4xx_HAL_Driver/Src/stm32f4xx_hal_flash.c **** 
 445:board/stm32f401rct6/Drivers/STM32F4xx_HAL_Driver/Src/stm32f4xx_hal_flash.c **** /**
 446:board/stm32f401rct6/Drivers/STM32F4xx_HAL_Driver/Src/stm32f4xx_hal_flash.c ****   * @brief  Locks the FLASH control register access
 447:board/stm32f401rct6/Drivers/STM32F4xx_HAL_Driver/Src/stm32f4xx_hal_flash.c ****   * @retval HAL Status
 448:board/stm32f401rct6/Drivers/STM32F4xx_HAL_Driver/Src/stm32f4xx_hal_flash.c ****   */
 449:board/stm32f401rct6/Drivers/STM32F4xx_HAL_Driver/Src/stm32f4xx_hal_flash.c **** HAL_StatusTypeDef HAL_FLASH_Lock(void)
 450:board/stm32f401rct6/Drivers/STM32F4xx_HAL_Driver/Src/stm32f4xx_hal_flash.c **** {
 451:board/stm32f401rct6/Drivers/STM32F4xx_HAL_Driver/Src/stm32f4xx_hal_flash.c ****   /* Set the LOCK Bit to lock the FLASH Registers access */
 452:board/stm32f401rct6/Drivers/STM32F4xx_HAL_Driver/Src/stm32f4xx_hal_flash.c ****   FLASH->CR |= FLASH_CR_LOCK;
 453:board/stm32f401rct6/Drivers/STM32F4xx_HAL_Driver/Src/stm32f4xx_hal_flash.c **** 
 454:board/stm32f401rct6/Drivers/STM32F4xx_HAL_Driver/Src/stm32f4xx_hal_flash.c ****   return HAL_OK;
 455:board/stm32f401rct6/Drivers/STM32F4xx_HAL_Driver/Src/stm32f4xx_hal_flash.c **** }
 456:board/stm32f401rct6/Drivers/STM32F4xx_HAL_Driver/Src/stm32f4xx_hal_flash.c **** 
 457:board/stm32f401rct6/Drivers/STM32F4xx_HAL_Driver/Src/stm32f4xx_hal_flash.c **** /**
 458:board/stm32f401rct6/Drivers/STM32F4xx_HAL_Driver/Src/stm32f4xx_hal_flash.c ****   * @brief  Unlock the FLASH Option Control Registers access.
 459:board/stm32f401rct6/Drivers/STM32F4xx_HAL_Driver/Src/stm32f4xx_hal_flash.c ****   * @retval HAL Status
 460:board/stm32f401rct6/Drivers/STM32F4xx_HAL_Driver/Src/stm32f4xx_hal_flash.c ****   */
 461:board/stm32f401rct6/Drivers/STM32F4xx_HAL_Driver/Src/stm32f4xx_hal_flash.c **** HAL_StatusTypeDef HAL_FLASH_OB_Unlock(void)
 462:board/stm32f401rct6/Drivers/STM32F4xx_HAL_Driver/Src/stm32f4xx_hal_flash.c **** {
 463:board/stm32f401rct6/Drivers/STM32F4xx_HAL_Driver/Src/stm32f4xx_hal_flash.c ****   if ((FLASH->OPTCR & FLASH_OPTCR_OPTLOCK) != RESET)
 464:board/stm32f401rct6/Drivers/STM32F4xx_HAL_Driver/Src/stm32f4xx_hal_flash.c ****   {
 465:board/stm32f401rct6/Drivers/STM32F4xx_HAL_Driver/Src/stm32f4xx_hal_flash.c ****     /* Authorizes the Option Byte register programming */
 466:board/stm32f401rct6/Drivers/STM32F4xx_HAL_Driver/Src/stm32f4xx_hal_flash.c ****     FLASH->OPTKEYR = FLASH_OPT_KEY1;
 467:board/stm32f401rct6/Drivers/STM32F4xx_HAL_Driver/Src/stm32f4xx_hal_flash.c ****     FLASH->OPTKEYR = FLASH_OPT_KEY2;
 468:board/stm32f401rct6/Drivers/STM32F4xx_HAL_Driver/Src/stm32f4xx_hal_flash.c ****   }
 469:board/stm32f401rct6/Drivers/STM32F4xx_HAL_Driver/Src/stm32f4xx_hal_flash.c ****   else
 470:board/stm32f401rct6/Drivers/STM32F4xx_HAL_Driver/Src/stm32f4xx_hal_flash.c ****   {
 471:board/stm32f401rct6/Drivers/STM32F4xx_HAL_Driver/Src/stm32f4xx_hal_flash.c ****     return HAL_ERROR;
 472:board/stm32f401rct6/Drivers/STM32F4xx_HAL_Driver/Src/stm32f4xx_hal_flash.c ****   }
 473:board/stm32f401rct6/Drivers/STM32F4xx_HAL_Driver/Src/stm32f4xx_hal_flash.c **** 
 474:board/stm32f401rct6/Drivers/STM32F4xx_HAL_Driver/Src/stm32f4xx_hal_flash.c ****   return HAL_OK;
 475:board/stm32f401rct6/Drivers/STM32F4xx_HAL_Driver/Src/stm32f4xx_hal_flash.c **** }
 476:board/stm32f401rct6/Drivers/STM32F4xx_HAL_Driver/Src/stm32f4xx_hal_flash.c **** 
 477:board/stm32f401rct6/Drivers/STM32F4xx_HAL_Driver/Src/stm32f4xx_hal_flash.c **** /**
 478:board/stm32f401rct6/Drivers/STM32F4xx_HAL_Driver/Src/stm32f4xx_hal_flash.c ****   * @brief  Lock the FLASH Option Control Registers access.
 479:board/stm32f401rct6/Drivers/STM32F4xx_HAL_Driver/Src/stm32f4xx_hal_flash.c ****   * @retval HAL Status
 480:board/stm32f401rct6/Drivers/STM32F4xx_HAL_Driver/Src/stm32f4xx_hal_flash.c ****   */
 481:board/stm32f401rct6/Drivers/STM32F4xx_HAL_Driver/Src/stm32f4xx_hal_flash.c **** HAL_StatusTypeDef HAL_FLASH_OB_Lock(void)
 482:board/stm32f401rct6/Drivers/STM32F4xx_HAL_Driver/Src/stm32f4xx_hal_flash.c **** {
 483:board/stm32f401rct6/Drivers/STM32F4xx_HAL_Driver/Src/stm32f4xx_hal_flash.c ****   /* Set the OPTLOCK Bit to lock the FLASH Option Byte Registers access */
 484:board/stm32f401rct6/Drivers/STM32F4xx_HAL_Driver/Src/stm32f4xx_hal_flash.c ****   FLASH->OPTCR |= FLASH_OPTCR_OPTLOCK;
 485:board/stm32f401rct6/Drivers/STM32F4xx_HAL_Driver/Src/stm32f4xx_hal_flash.c **** 
 486:board/stm32f401rct6/Drivers/STM32F4xx_HAL_Driver/Src/stm32f4xx_hal_flash.c ****   return HAL_OK;
ARM GAS  C:\Users\Admin\AppData\Local\Temp\ccWH8QQR.s 			page 10


 487:board/stm32f401rct6/Drivers/STM32F4xx_HAL_Driver/Src/stm32f4xx_hal_flash.c **** }
 488:board/stm32f401rct6/Drivers/STM32F4xx_HAL_Driver/Src/stm32f4xx_hal_flash.c **** 
 489:board/stm32f401rct6/Drivers/STM32F4xx_HAL_Driver/Src/stm32f4xx_hal_flash.c **** /**
 490:board/stm32f401rct6/Drivers/STM32F4xx_HAL_Driver/Src/stm32f4xx_hal_flash.c ****   * @brief  Launch the option byte loading.
 491:board/stm32f401rct6/Drivers/STM32F4xx_HAL_Driver/Src/stm32f4xx_hal_flash.c ****   * @retval HAL Status
 492:board/stm32f401rct6/Drivers/STM32F4xx_HAL_Driver/Src/stm32f4xx_hal_flash.c ****   */
 493:board/stm32f401rct6/Drivers/STM32F4xx_HAL_Driver/Src/stm32f4xx_hal_flash.c **** HAL_StatusTypeDef HAL_FLASH_OB_Launch(void)
 494:board/stm32f401rct6/Drivers/STM32F4xx_HAL_Driver/Src/stm32f4xx_hal_flash.c **** {
 495:board/stm32f401rct6/Drivers/STM32F4xx_HAL_Driver/Src/stm32f4xx_hal_flash.c ****   /* Set the OPTSTRT bit in OPTCR register */
 496:board/stm32f401rct6/Drivers/STM32F4xx_HAL_Driver/Src/stm32f4xx_hal_flash.c ****   *(__IO uint8_t *)OPTCR_BYTE0_ADDRESS |= FLASH_OPTCR_OPTSTRT;
 497:board/stm32f401rct6/Drivers/STM32F4xx_HAL_Driver/Src/stm32f4xx_hal_flash.c **** 
 498:board/stm32f401rct6/Drivers/STM32F4xx_HAL_Driver/Src/stm32f4xx_hal_flash.c ****   /* Wait for last operation to be completed */
 499:board/stm32f401rct6/Drivers/STM32F4xx_HAL_Driver/Src/stm32f4xx_hal_flash.c ****   return (FLASH_WaitForLastOperation((uint32_t)FLASH_TIMEOUT_VALUE));
 500:board/stm32f401rct6/Drivers/STM32F4xx_HAL_Driver/Src/stm32f4xx_hal_flash.c **** }
 501:board/stm32f401rct6/Drivers/STM32F4xx_HAL_Driver/Src/stm32f4xx_hal_flash.c **** 
 502:board/stm32f401rct6/Drivers/STM32F4xx_HAL_Driver/Src/stm32f4xx_hal_flash.c **** /**
 503:board/stm32f401rct6/Drivers/STM32F4xx_HAL_Driver/Src/stm32f4xx_hal_flash.c ****   * @}
 504:board/stm32f401rct6/Drivers/STM32F4xx_HAL_Driver/Src/stm32f4xx_hal_flash.c ****   */
 505:board/stm32f401rct6/Drivers/STM32F4xx_HAL_Driver/Src/stm32f4xx_hal_flash.c **** 
 506:board/stm32f401rct6/Drivers/STM32F4xx_HAL_Driver/Src/stm32f4xx_hal_flash.c **** /** @defgroup FLASH_Exported_Functions_Group3 Peripheral State and Errors functions
 507:board/stm32f401rct6/Drivers/STM32F4xx_HAL_Driver/Src/stm32f4xx_hal_flash.c ****   *  @brief   Peripheral Errors functions
 508:board/stm32f401rct6/Drivers/STM32F4xx_HAL_Driver/Src/stm32f4xx_hal_flash.c ****   *
 509:board/stm32f401rct6/Drivers/STM32F4xx_HAL_Driver/Src/stm32f4xx_hal_flash.c **** @verbatim
 510:board/stm32f401rct6/Drivers/STM32F4xx_HAL_Driver/Src/stm32f4xx_hal_flash.c ****  ===============================================================================
 511:board/stm32f401rct6/Drivers/STM32F4xx_HAL_Driver/Src/stm32f4xx_hal_flash.c ****                 ##### Peripheral Errors functions #####
 512:board/stm32f401rct6/Drivers/STM32F4xx_HAL_Driver/Src/stm32f4xx_hal_flash.c ****  ===============================================================================
 513:board/stm32f401rct6/Drivers/STM32F4xx_HAL_Driver/Src/stm32f4xx_hal_flash.c ****     [..]
 514:board/stm32f401rct6/Drivers/STM32F4xx_HAL_Driver/Src/stm32f4xx_hal_flash.c ****     This subsection permits to get in run-time Errors of the FLASH peripheral.
 515:board/stm32f401rct6/Drivers/STM32F4xx_HAL_Driver/Src/stm32f4xx_hal_flash.c **** 
 516:board/stm32f401rct6/Drivers/STM32F4xx_HAL_Driver/Src/stm32f4xx_hal_flash.c **** @endverbatim
 517:board/stm32f401rct6/Drivers/STM32F4xx_HAL_Driver/Src/stm32f4xx_hal_flash.c ****   * @{
 518:board/stm32f401rct6/Drivers/STM32F4xx_HAL_Driver/Src/stm32f4xx_hal_flash.c ****   */
 519:board/stm32f401rct6/Drivers/STM32F4xx_HAL_Driver/Src/stm32f4xx_hal_flash.c **** 
 520:board/stm32f401rct6/Drivers/STM32F4xx_HAL_Driver/Src/stm32f4xx_hal_flash.c **** /**
 521:board/stm32f401rct6/Drivers/STM32F4xx_HAL_Driver/Src/stm32f4xx_hal_flash.c ****   * @brief  Get the specific FLASH error flag.
 522:board/stm32f401rct6/Drivers/STM32F4xx_HAL_Driver/Src/stm32f4xx_hal_flash.c ****   * @retval FLASH_ErrorCode: The returned value can be a combination of:
 523:board/stm32f401rct6/Drivers/STM32F4xx_HAL_Driver/Src/stm32f4xx_hal_flash.c ****   *            @arg HAL_FLASH_ERROR_RD: FLASH Read Protection error flag (PCROP)
 524:board/stm32f401rct6/Drivers/STM32F4xx_HAL_Driver/Src/stm32f4xx_hal_flash.c ****   *            @arg HAL_FLASH_ERROR_PGS: FLASH Programming Sequence error flag
 525:board/stm32f401rct6/Drivers/STM32F4xx_HAL_Driver/Src/stm32f4xx_hal_flash.c ****   *            @arg HAL_FLASH_ERROR_PGP: FLASH Programming Parallelism error flag
 526:board/stm32f401rct6/Drivers/STM32F4xx_HAL_Driver/Src/stm32f4xx_hal_flash.c ****   *            @arg HAL_FLASH_ERROR_PGA: FLASH Programming Alignment error flag
 527:board/stm32f401rct6/Drivers/STM32F4xx_HAL_Driver/Src/stm32f4xx_hal_flash.c ****   *            @arg HAL_FLASH_ERROR_WRP: FLASH Write protected error flag
 528:board/stm32f401rct6/Drivers/STM32F4xx_HAL_Driver/Src/stm32f4xx_hal_flash.c ****   *            @arg HAL_FLASH_ERROR_OPERATION: FLASH operation Error flag
 529:board/stm32f401rct6/Drivers/STM32F4xx_HAL_Driver/Src/stm32f4xx_hal_flash.c ****   */
 530:board/stm32f401rct6/Drivers/STM32F4xx_HAL_Driver/Src/stm32f4xx_hal_flash.c **** uint32_t HAL_FLASH_GetError(void)
 531:board/stm32f401rct6/Drivers/STM32F4xx_HAL_Driver/Src/stm32f4xx_hal_flash.c **** {
 532:board/stm32f401rct6/Drivers/STM32F4xx_HAL_Driver/Src/stm32f4xx_hal_flash.c ****   return pFlash.ErrorCode;
 533:board/stm32f401rct6/Drivers/STM32F4xx_HAL_Driver/Src/stm32f4xx_hal_flash.c **** }
 534:board/stm32f401rct6/Drivers/STM32F4xx_HAL_Driver/Src/stm32f4xx_hal_flash.c **** 
 535:board/stm32f401rct6/Drivers/STM32F4xx_HAL_Driver/Src/stm32f4xx_hal_flash.c **** /**
 536:board/stm32f401rct6/Drivers/STM32F4xx_HAL_Driver/Src/stm32f4xx_hal_flash.c ****   * @}
 537:board/stm32f401rct6/Drivers/STM32F4xx_HAL_Driver/Src/stm32f4xx_hal_flash.c ****   */
 538:board/stm32f401rct6/Drivers/STM32F4xx_HAL_Driver/Src/stm32f4xx_hal_flash.c **** 
 539:board/stm32f401rct6/Drivers/STM32F4xx_HAL_Driver/Src/stm32f4xx_hal_flash.c **** /**
 540:board/stm32f401rct6/Drivers/STM32F4xx_HAL_Driver/Src/stm32f4xx_hal_flash.c ****   * @brief  Wait for a FLASH operation to complete.
 541:board/stm32f401rct6/Drivers/STM32F4xx_HAL_Driver/Src/stm32f4xx_hal_flash.c ****   * @param  Timeout maximum flash operationtimeout
 542:board/stm32f401rct6/Drivers/STM32F4xx_HAL_Driver/Src/stm32f4xx_hal_flash.c ****   * @retval HAL Status
 543:board/stm32f401rct6/Drivers/STM32F4xx_HAL_Driver/Src/stm32f4xx_hal_flash.c ****   */
ARM GAS  C:\Users\Admin\AppData\Local\Temp\ccWH8QQR.s 			page 11


 544:board/stm32f401rct6/Drivers/STM32F4xx_HAL_Driver/Src/stm32f4xx_hal_flash.c **** HAL_StatusTypeDef FLASH_WaitForLastOperation(uint32_t Timeout)
 545:board/stm32f401rct6/Drivers/STM32F4xx_HAL_Driver/Src/stm32f4xx_hal_flash.c **** {
 546:board/stm32f401rct6/Drivers/STM32F4xx_HAL_Driver/Src/stm32f4xx_hal_flash.c ****   uint32_t tickstart = 0U;
 547:board/stm32f401rct6/Drivers/STM32F4xx_HAL_Driver/Src/stm32f4xx_hal_flash.c **** 
 548:board/stm32f401rct6/Drivers/STM32F4xx_HAL_Driver/Src/stm32f4xx_hal_flash.c ****   /* Clear Error Code */
 549:board/stm32f401rct6/Drivers/STM32F4xx_HAL_Driver/Src/stm32f4xx_hal_flash.c ****   pFlash.ErrorCode = HAL_FLASH_ERROR_NONE;
 550:board/stm32f401rct6/Drivers/STM32F4xx_HAL_Driver/Src/stm32f4xx_hal_flash.c **** 
 551:board/stm32f401rct6/Drivers/STM32F4xx_HAL_Driver/Src/stm32f4xx_hal_flash.c ****   /* Wait for the FLASH operation to complete by polling on BUSY flag to be reset.
 552:board/stm32f401rct6/Drivers/STM32F4xx_HAL_Driver/Src/stm32f4xx_hal_flash.c ****      Even if the FLASH operation fails, the BUSY flag will be reset and an error
 553:board/stm32f401rct6/Drivers/STM32F4xx_HAL_Driver/Src/stm32f4xx_hal_flash.c ****      flag will be set */
 554:board/stm32f401rct6/Drivers/STM32F4xx_HAL_Driver/Src/stm32f4xx_hal_flash.c ****   /* Get tick */
 555:board/stm32f401rct6/Drivers/STM32F4xx_HAL_Driver/Src/stm32f4xx_hal_flash.c ****   tickstart = HAL_GetTick();
 556:board/stm32f401rct6/Drivers/STM32F4xx_HAL_Driver/Src/stm32f4xx_hal_flash.c **** 
 557:board/stm32f401rct6/Drivers/STM32F4xx_HAL_Driver/Src/stm32f4xx_hal_flash.c ****   while (__HAL_FLASH_GET_FLAG(FLASH_FLAG_BSY) != RESET)
 558:board/stm32f401rct6/Drivers/STM32F4xx_HAL_Driver/Src/stm32f4xx_hal_flash.c ****   {
 559:board/stm32f401rct6/Drivers/STM32F4xx_HAL_Driver/Src/stm32f4xx_hal_flash.c ****     if (Timeout != HAL_MAX_DELAY)
 560:board/stm32f401rct6/Drivers/STM32F4xx_HAL_Driver/Src/stm32f4xx_hal_flash.c ****     {
 561:board/stm32f401rct6/Drivers/STM32F4xx_HAL_Driver/Src/stm32f4xx_hal_flash.c ****       if ((Timeout == 0U) || ((HAL_GetTick() - tickstart) > Timeout))
 562:board/stm32f401rct6/Drivers/STM32F4xx_HAL_Driver/Src/stm32f4xx_hal_flash.c ****       {
 563:board/stm32f401rct6/Drivers/STM32F4xx_HAL_Driver/Src/stm32f4xx_hal_flash.c ****         return HAL_TIMEOUT;
 564:board/stm32f401rct6/Drivers/STM32F4xx_HAL_Driver/Src/stm32f4xx_hal_flash.c ****       }
 565:board/stm32f401rct6/Drivers/STM32F4xx_HAL_Driver/Src/stm32f4xx_hal_flash.c ****     }
 566:board/stm32f401rct6/Drivers/STM32F4xx_HAL_Driver/Src/stm32f4xx_hal_flash.c ****   }
 567:board/stm32f401rct6/Drivers/STM32F4xx_HAL_Driver/Src/stm32f4xx_hal_flash.c **** 
 568:board/stm32f401rct6/Drivers/STM32F4xx_HAL_Driver/Src/stm32f4xx_hal_flash.c ****   /* Check FLASH End of Operation flag  */
 569:board/stm32f401rct6/Drivers/STM32F4xx_HAL_Driver/Src/stm32f4xx_hal_flash.c ****   if (__HAL_FLASH_GET_FLAG(FLASH_FLAG_EOP) != RESET)
 570:board/stm32f401rct6/Drivers/STM32F4xx_HAL_Driver/Src/stm32f4xx_hal_flash.c ****   {
 571:board/stm32f401rct6/Drivers/STM32F4xx_HAL_Driver/Src/stm32f4xx_hal_flash.c ****     /* Clear FLASH End of Operation pending bit */
 572:board/stm32f401rct6/Drivers/STM32F4xx_HAL_Driver/Src/stm32f4xx_hal_flash.c ****     __HAL_FLASH_CLEAR_FLAG(FLASH_FLAG_EOP);
 573:board/stm32f401rct6/Drivers/STM32F4xx_HAL_Driver/Src/stm32f4xx_hal_flash.c ****   }
 574:board/stm32f401rct6/Drivers/STM32F4xx_HAL_Driver/Src/stm32f4xx_hal_flash.c **** #if defined(FLASH_SR_RDERR)
 575:board/stm32f401rct6/Drivers/STM32F4xx_HAL_Driver/Src/stm32f4xx_hal_flash.c ****   if (__HAL_FLASH_GET_FLAG((FLASH_FLAG_OPERR | FLASH_FLAG_WRPERR | FLASH_FLAG_PGAERR | \
 576:board/stm32f401rct6/Drivers/STM32F4xx_HAL_Driver/Src/stm32f4xx_hal_flash.c ****                             FLASH_FLAG_PGPERR | FLASH_FLAG_PGSERR | FLASH_FLAG_RDERR)) != RESET)
 577:board/stm32f401rct6/Drivers/STM32F4xx_HAL_Driver/Src/stm32f4xx_hal_flash.c **** #else
 578:board/stm32f401rct6/Drivers/STM32F4xx_HAL_Driver/Src/stm32f4xx_hal_flash.c ****   if (__HAL_FLASH_GET_FLAG((FLASH_FLAG_OPERR | FLASH_FLAG_WRPERR | FLASH_FLAG_PGAERR | \
 579:board/stm32f401rct6/Drivers/STM32F4xx_HAL_Driver/Src/stm32f4xx_hal_flash.c ****                             FLASH_FLAG_PGPERR | FLASH_FLAG_PGSERR)) != RESET)
 580:board/stm32f401rct6/Drivers/STM32F4xx_HAL_Driver/Src/stm32f4xx_hal_flash.c **** #endif /* FLASH_SR_RDERR */
 581:board/stm32f401rct6/Drivers/STM32F4xx_HAL_Driver/Src/stm32f4xx_hal_flash.c ****   {
 582:board/stm32f401rct6/Drivers/STM32F4xx_HAL_Driver/Src/stm32f4xx_hal_flash.c ****     /*Save the error code*/
 583:board/stm32f401rct6/Drivers/STM32F4xx_HAL_Driver/Src/stm32f4xx_hal_flash.c ****     FLASH_SetErrorCode();
 584:board/stm32f401rct6/Drivers/STM32F4xx_HAL_Driver/Src/stm32f4xx_hal_flash.c ****     return HAL_ERROR;
 585:board/stm32f401rct6/Drivers/STM32F4xx_HAL_Driver/Src/stm32f4xx_hal_flash.c ****   }
 586:board/stm32f401rct6/Drivers/STM32F4xx_HAL_Driver/Src/stm32f4xx_hal_flash.c **** 
 587:board/stm32f401rct6/Drivers/STM32F4xx_HAL_Driver/Src/stm32f4xx_hal_flash.c ****   /* If there is no error flag set */
 588:board/stm32f401rct6/Drivers/STM32F4xx_HAL_Driver/Src/stm32f4xx_hal_flash.c ****   return HAL_OK;
 589:board/stm32f401rct6/Drivers/STM32F4xx_HAL_Driver/Src/stm32f4xx_hal_flash.c **** 
 590:board/stm32f401rct6/Drivers/STM32F4xx_HAL_Driver/Src/stm32f4xx_hal_flash.c **** }
 591:board/stm32f401rct6/Drivers/STM32F4xx_HAL_Driver/Src/stm32f4xx_hal_flash.c **** 
 592:board/stm32f401rct6/Drivers/STM32F4xx_HAL_Driver/Src/stm32f4xx_hal_flash.c **** /**
 593:board/stm32f401rct6/Drivers/STM32F4xx_HAL_Driver/Src/stm32f4xx_hal_flash.c ****   * @brief  Program a double word (64-bit) at a specified address.
 594:board/stm32f401rct6/Drivers/STM32F4xx_HAL_Driver/Src/stm32f4xx_hal_flash.c ****   * @note   This function must be used when the device voltage range is from
 595:board/stm32f401rct6/Drivers/STM32F4xx_HAL_Driver/Src/stm32f4xx_hal_flash.c ****   *         2.7V to 3.6V and Vpp in the range 7V to 9V.
 596:board/stm32f401rct6/Drivers/STM32F4xx_HAL_Driver/Src/stm32f4xx_hal_flash.c ****   *
 597:board/stm32f401rct6/Drivers/STM32F4xx_HAL_Driver/Src/stm32f4xx_hal_flash.c ****   * @note   If an erase and a program operations are requested simultaneously,
 598:board/stm32f401rct6/Drivers/STM32F4xx_HAL_Driver/Src/stm32f4xx_hal_flash.c ****   *         the erase operation is performed before the program one.
 599:board/stm32f401rct6/Drivers/STM32F4xx_HAL_Driver/Src/stm32f4xx_hal_flash.c ****   *
 600:board/stm32f401rct6/Drivers/STM32F4xx_HAL_Driver/Src/stm32f4xx_hal_flash.c ****   * @param  Address specifies the address to be programmed.
ARM GAS  C:\Users\Admin\AppData\Local\Temp\ccWH8QQR.s 			page 12


 601:board/stm32f401rct6/Drivers/STM32F4xx_HAL_Driver/Src/stm32f4xx_hal_flash.c ****   * @param  Data specifies the data to be programmed.
 602:board/stm32f401rct6/Drivers/STM32F4xx_HAL_Driver/Src/stm32f4xx_hal_flash.c ****   * @retval None
 603:board/stm32f401rct6/Drivers/STM32F4xx_HAL_Driver/Src/stm32f4xx_hal_flash.c ****   */
 604:board/stm32f401rct6/Drivers/STM32F4xx_HAL_Driver/Src/stm32f4xx_hal_flash.c **** static void FLASH_Program_DoubleWord(uint32_t Address, uint64_t Data)
 605:board/stm32f401rct6/Drivers/STM32F4xx_HAL_Driver/Src/stm32f4xx_hal_flash.c **** {
  29              		.loc 1 605 1 view -0
  30              		.cfi_startproc
  31              		@ args = 0, pretend = 0, frame = 0
  32              		@ frame_needed = 0, uses_anonymous_args = 0
  33              		@ link register save eliminated.
  34              		.loc 1 605 1 is_stmt 0 view .LVU1
  35 0000 10B4     		push	{r4}
  36              	.LCFI0:
  37              		.cfi_def_cfa_offset 4
  38              		.cfi_offset 4, -4
 606:board/stm32f401rct6/Drivers/STM32F4xx_HAL_Driver/Src/stm32f4xx_hal_flash.c ****   /* Check the parameters */
 607:board/stm32f401rct6/Drivers/STM32F4xx_HAL_Driver/Src/stm32f4xx_hal_flash.c ****   assert_param(IS_FLASH_ADDRESS(Address));
  39              		.loc 1 607 3 is_stmt 1 view .LVU2
 608:board/stm32f401rct6/Drivers/STM32F4xx_HAL_Driver/Src/stm32f4xx_hal_flash.c **** 
 609:board/stm32f401rct6/Drivers/STM32F4xx_HAL_Driver/Src/stm32f4xx_hal_flash.c ****   /* If the previous operation is completed, proceed to program the new data */
 610:board/stm32f401rct6/Drivers/STM32F4xx_HAL_Driver/Src/stm32f4xx_hal_flash.c ****   CLEAR_BIT(FLASH->CR, FLASH_CR_PSIZE);
  40              		.loc 1 610 3 view .LVU3
  41 0002 0A49     		ldr	r1, .L3
  42 0004 0C69     		ldr	r4, [r1, #16]
  43 0006 24F44074 		bic	r4, r4, #768
  44 000a 0C61     		str	r4, [r1, #16]
 611:board/stm32f401rct6/Drivers/STM32F4xx_HAL_Driver/Src/stm32f4xx_hal_flash.c ****   FLASH->CR |= FLASH_PSIZE_DOUBLE_WORD;
  45              		.loc 1 611 3 view .LVU4
  46              		.loc 1 611 13 is_stmt 0 view .LVU5
  47 000c 0C69     		ldr	r4, [r1, #16]
  48 000e 44F44074 		orr	r4, r4, #768
  49 0012 0C61     		str	r4, [r1, #16]
 612:board/stm32f401rct6/Drivers/STM32F4xx_HAL_Driver/Src/stm32f4xx_hal_flash.c ****   FLASH->CR |= FLASH_CR_PG;
  50              		.loc 1 612 3 is_stmt 1 view .LVU6
  51              		.loc 1 612 13 is_stmt 0 view .LVU7
  52 0014 0C69     		ldr	r4, [r1, #16]
  53 0016 44F00104 		orr	r4, r4, #1
  54 001a 0C61     		str	r4, [r1, #16]
 613:board/stm32f401rct6/Drivers/STM32F4xx_HAL_Driver/Src/stm32f4xx_hal_flash.c **** 
 614:board/stm32f401rct6/Drivers/STM32F4xx_HAL_Driver/Src/stm32f4xx_hal_flash.c ****   /* Program first word */
 615:board/stm32f401rct6/Drivers/STM32F4xx_HAL_Driver/Src/stm32f4xx_hal_flash.c ****   *(__IO uint32_t *)Address = (uint32_t)Data;
  55              		.loc 1 615 3 is_stmt 1 view .LVU8
  56              		.loc 1 615 29 is_stmt 0 view .LVU9
  57 001c 0260     		str	r2, [r0]
 616:board/stm32f401rct6/Drivers/STM32F4xx_HAL_Driver/Src/stm32f4xx_hal_flash.c **** 
 617:board/stm32f401rct6/Drivers/STM32F4xx_HAL_Driver/Src/stm32f4xx_hal_flash.c ****   /* Barrier to ensure programming is performed in 2 steps, in right order
 618:board/stm32f401rct6/Drivers/STM32F4xx_HAL_Driver/Src/stm32f4xx_hal_flash.c ****     (independently of compiler optimization behavior) */
 619:board/stm32f401rct6/Drivers/STM32F4xx_HAL_Driver/Src/stm32f4xx_hal_flash.c ****   __ISB();
  58              		.loc 1 619 3 is_stmt 1 view .LVU10
  59              	.LBB4:
  60              	.LBI4:
  61              		.file 2 "board/stm32f401rct6/Drivers/CMSIS/Include/cmsis_gcc.h"
   1:board/stm32f401rct6/Drivers/CMSIS/Include/cmsis_gcc.h **** /**************************************************************************//**
   2:board/stm32f401rct6/Drivers/CMSIS/Include/cmsis_gcc.h ****  * @file     cmsis_gcc.h
   3:board/stm32f401rct6/Drivers/CMSIS/Include/cmsis_gcc.h ****  * @brief    CMSIS compiler GCC header file
   4:board/stm32f401rct6/Drivers/CMSIS/Include/cmsis_gcc.h ****  * @version  V5.4.1
   5:board/stm32f401rct6/Drivers/CMSIS/Include/cmsis_gcc.h ****  * @date     27. May 2021
ARM GAS  C:\Users\Admin\AppData\Local\Temp\ccWH8QQR.s 			page 13


   6:board/stm32f401rct6/Drivers/CMSIS/Include/cmsis_gcc.h ****  ******************************************************************************/
   7:board/stm32f401rct6/Drivers/CMSIS/Include/cmsis_gcc.h **** /*
   8:board/stm32f401rct6/Drivers/CMSIS/Include/cmsis_gcc.h ****  * Copyright (c) 2009-2021 Arm Limited. All rights reserved.
   9:board/stm32f401rct6/Drivers/CMSIS/Include/cmsis_gcc.h ****  *
  10:board/stm32f401rct6/Drivers/CMSIS/Include/cmsis_gcc.h ****  * SPDX-License-Identifier: Apache-2.0
  11:board/stm32f401rct6/Drivers/CMSIS/Include/cmsis_gcc.h ****  *
  12:board/stm32f401rct6/Drivers/CMSIS/Include/cmsis_gcc.h ****  * Licensed under the Apache License, Version 2.0 (the License); you may
  13:board/stm32f401rct6/Drivers/CMSIS/Include/cmsis_gcc.h ****  * not use this file except in compliance with the License.
  14:board/stm32f401rct6/Drivers/CMSIS/Include/cmsis_gcc.h ****  * You may obtain a copy of the License at
  15:board/stm32f401rct6/Drivers/CMSIS/Include/cmsis_gcc.h ****  *
  16:board/stm32f401rct6/Drivers/CMSIS/Include/cmsis_gcc.h ****  * www.apache.org/licenses/LICENSE-2.0
  17:board/stm32f401rct6/Drivers/CMSIS/Include/cmsis_gcc.h ****  *
  18:board/stm32f401rct6/Drivers/CMSIS/Include/cmsis_gcc.h ****  * Unless required by applicable law or agreed to in writing, software
  19:board/stm32f401rct6/Drivers/CMSIS/Include/cmsis_gcc.h ****  * distributed under the License is distributed on an AS IS BASIS, WITHOUT
  20:board/stm32f401rct6/Drivers/CMSIS/Include/cmsis_gcc.h ****  * WARRANTIES OR CONDITIONS OF ANY KIND, either express or implied.
  21:board/stm32f401rct6/Drivers/CMSIS/Include/cmsis_gcc.h ****  * See the License for the specific language governing permissions and
  22:board/stm32f401rct6/Drivers/CMSIS/Include/cmsis_gcc.h ****  * limitations under the License.
  23:board/stm32f401rct6/Drivers/CMSIS/Include/cmsis_gcc.h ****  */
  24:board/stm32f401rct6/Drivers/CMSIS/Include/cmsis_gcc.h **** 
  25:board/stm32f401rct6/Drivers/CMSIS/Include/cmsis_gcc.h **** #ifndef __CMSIS_GCC_H
  26:board/stm32f401rct6/Drivers/CMSIS/Include/cmsis_gcc.h **** #define __CMSIS_GCC_H
  27:board/stm32f401rct6/Drivers/CMSIS/Include/cmsis_gcc.h **** 
  28:board/stm32f401rct6/Drivers/CMSIS/Include/cmsis_gcc.h **** /* ignore some GCC warnings */
  29:board/stm32f401rct6/Drivers/CMSIS/Include/cmsis_gcc.h **** #pragma GCC diagnostic push
  30:board/stm32f401rct6/Drivers/CMSIS/Include/cmsis_gcc.h **** #pragma GCC diagnostic ignored "-Wsign-conversion"
  31:board/stm32f401rct6/Drivers/CMSIS/Include/cmsis_gcc.h **** #pragma GCC diagnostic ignored "-Wconversion"
  32:board/stm32f401rct6/Drivers/CMSIS/Include/cmsis_gcc.h **** #pragma GCC diagnostic ignored "-Wunused-parameter"
  33:board/stm32f401rct6/Drivers/CMSIS/Include/cmsis_gcc.h **** 
  34:board/stm32f401rct6/Drivers/CMSIS/Include/cmsis_gcc.h **** /* Fallback for __has_builtin */
  35:board/stm32f401rct6/Drivers/CMSIS/Include/cmsis_gcc.h **** #ifndef __has_builtin
  36:board/stm32f401rct6/Drivers/CMSIS/Include/cmsis_gcc.h ****   #define __has_builtin(x) (0)
  37:board/stm32f401rct6/Drivers/CMSIS/Include/cmsis_gcc.h **** #endif
  38:board/stm32f401rct6/Drivers/CMSIS/Include/cmsis_gcc.h **** 
  39:board/stm32f401rct6/Drivers/CMSIS/Include/cmsis_gcc.h **** /* CMSIS compiler specific defines */
  40:board/stm32f401rct6/Drivers/CMSIS/Include/cmsis_gcc.h **** #ifndef   __ASM
  41:board/stm32f401rct6/Drivers/CMSIS/Include/cmsis_gcc.h ****   #define __ASM                                  __asm
  42:board/stm32f401rct6/Drivers/CMSIS/Include/cmsis_gcc.h **** #endif
  43:board/stm32f401rct6/Drivers/CMSIS/Include/cmsis_gcc.h **** #ifndef   __INLINE
  44:board/stm32f401rct6/Drivers/CMSIS/Include/cmsis_gcc.h ****   #define __INLINE                               inline
  45:board/stm32f401rct6/Drivers/CMSIS/Include/cmsis_gcc.h **** #endif
  46:board/stm32f401rct6/Drivers/CMSIS/Include/cmsis_gcc.h **** #ifndef   __STATIC_INLINE
  47:board/stm32f401rct6/Drivers/CMSIS/Include/cmsis_gcc.h ****   #define __STATIC_INLINE                        static inline
  48:board/stm32f401rct6/Drivers/CMSIS/Include/cmsis_gcc.h **** #endif
  49:board/stm32f401rct6/Drivers/CMSIS/Include/cmsis_gcc.h **** #ifndef   __STATIC_FORCEINLINE
  50:board/stm32f401rct6/Drivers/CMSIS/Include/cmsis_gcc.h ****   #define __STATIC_FORCEINLINE                   __attribute__((always_inline)) static inline
  51:board/stm32f401rct6/Drivers/CMSIS/Include/cmsis_gcc.h **** #endif
  52:board/stm32f401rct6/Drivers/CMSIS/Include/cmsis_gcc.h **** #ifndef   __NO_RETURN
  53:board/stm32f401rct6/Drivers/CMSIS/Include/cmsis_gcc.h ****   #define __NO_RETURN                            __attribute__((__noreturn__))
  54:board/stm32f401rct6/Drivers/CMSIS/Include/cmsis_gcc.h **** #endif
  55:board/stm32f401rct6/Drivers/CMSIS/Include/cmsis_gcc.h **** #ifndef   __USED
  56:board/stm32f401rct6/Drivers/CMSIS/Include/cmsis_gcc.h ****   #define __USED                                 __attribute__((used))
  57:board/stm32f401rct6/Drivers/CMSIS/Include/cmsis_gcc.h **** #endif
  58:board/stm32f401rct6/Drivers/CMSIS/Include/cmsis_gcc.h **** #ifndef   __WEAK
  59:board/stm32f401rct6/Drivers/CMSIS/Include/cmsis_gcc.h ****   #define __WEAK                                 __attribute__((weak))
  60:board/stm32f401rct6/Drivers/CMSIS/Include/cmsis_gcc.h **** #endif
  61:board/stm32f401rct6/Drivers/CMSIS/Include/cmsis_gcc.h **** #ifndef   __PACKED
  62:board/stm32f401rct6/Drivers/CMSIS/Include/cmsis_gcc.h ****   #define __PACKED                               __attribute__((packed, aligned(1)))
ARM GAS  C:\Users\Admin\AppData\Local\Temp\ccWH8QQR.s 			page 14


  63:board/stm32f401rct6/Drivers/CMSIS/Include/cmsis_gcc.h **** #endif
  64:board/stm32f401rct6/Drivers/CMSIS/Include/cmsis_gcc.h **** #ifndef   __PACKED_STRUCT
  65:board/stm32f401rct6/Drivers/CMSIS/Include/cmsis_gcc.h ****   #define __PACKED_STRUCT                        struct __attribute__((packed, aligned(1)))
  66:board/stm32f401rct6/Drivers/CMSIS/Include/cmsis_gcc.h **** #endif
  67:board/stm32f401rct6/Drivers/CMSIS/Include/cmsis_gcc.h **** #ifndef   __PACKED_UNION
  68:board/stm32f401rct6/Drivers/CMSIS/Include/cmsis_gcc.h ****   #define __PACKED_UNION                         union __attribute__((packed, aligned(1)))
  69:board/stm32f401rct6/Drivers/CMSIS/Include/cmsis_gcc.h **** #endif
  70:board/stm32f401rct6/Drivers/CMSIS/Include/cmsis_gcc.h **** #ifndef   __UNALIGNED_UINT32        /* deprecated */
  71:board/stm32f401rct6/Drivers/CMSIS/Include/cmsis_gcc.h ****   #pragma GCC diagnostic push
  72:board/stm32f401rct6/Drivers/CMSIS/Include/cmsis_gcc.h ****   #pragma GCC diagnostic ignored "-Wpacked"
  73:board/stm32f401rct6/Drivers/CMSIS/Include/cmsis_gcc.h ****   #pragma GCC diagnostic ignored "-Wattributes"
  74:board/stm32f401rct6/Drivers/CMSIS/Include/cmsis_gcc.h ****   struct __attribute__((packed)) T_UINT32 { uint32_t v; };
  75:board/stm32f401rct6/Drivers/CMSIS/Include/cmsis_gcc.h ****   #pragma GCC diagnostic pop
  76:board/stm32f401rct6/Drivers/CMSIS/Include/cmsis_gcc.h ****   #define __UNALIGNED_UINT32(x)                  (((struct T_UINT32 *)(x))->v)
  77:board/stm32f401rct6/Drivers/CMSIS/Include/cmsis_gcc.h **** #endif
  78:board/stm32f401rct6/Drivers/CMSIS/Include/cmsis_gcc.h **** #ifndef   __UNALIGNED_UINT16_WRITE
  79:board/stm32f401rct6/Drivers/CMSIS/Include/cmsis_gcc.h ****   #pragma GCC diagnostic push
  80:board/stm32f401rct6/Drivers/CMSIS/Include/cmsis_gcc.h ****   #pragma GCC diagnostic ignored "-Wpacked"
  81:board/stm32f401rct6/Drivers/CMSIS/Include/cmsis_gcc.h ****   #pragma GCC diagnostic ignored "-Wattributes"
  82:board/stm32f401rct6/Drivers/CMSIS/Include/cmsis_gcc.h ****   __PACKED_STRUCT T_UINT16_WRITE { uint16_t v; };
  83:board/stm32f401rct6/Drivers/CMSIS/Include/cmsis_gcc.h ****   #pragma GCC diagnostic pop
  84:board/stm32f401rct6/Drivers/CMSIS/Include/cmsis_gcc.h ****   #define __UNALIGNED_UINT16_WRITE(addr, val)    (void)((((struct T_UINT16_WRITE *)(void *)(addr))-
  85:board/stm32f401rct6/Drivers/CMSIS/Include/cmsis_gcc.h **** #endif
  86:board/stm32f401rct6/Drivers/CMSIS/Include/cmsis_gcc.h **** #ifndef   __UNALIGNED_UINT16_READ
  87:board/stm32f401rct6/Drivers/CMSIS/Include/cmsis_gcc.h ****   #pragma GCC diagnostic push
  88:board/stm32f401rct6/Drivers/CMSIS/Include/cmsis_gcc.h ****   #pragma GCC diagnostic ignored "-Wpacked"
  89:board/stm32f401rct6/Drivers/CMSIS/Include/cmsis_gcc.h ****   #pragma GCC diagnostic ignored "-Wattributes"
  90:board/stm32f401rct6/Drivers/CMSIS/Include/cmsis_gcc.h ****   __PACKED_STRUCT T_UINT16_READ { uint16_t v; };
  91:board/stm32f401rct6/Drivers/CMSIS/Include/cmsis_gcc.h ****   #pragma GCC diagnostic pop
  92:board/stm32f401rct6/Drivers/CMSIS/Include/cmsis_gcc.h ****   #define __UNALIGNED_UINT16_READ(addr)          (((const struct T_UINT16_READ *)(const void *)(add
  93:board/stm32f401rct6/Drivers/CMSIS/Include/cmsis_gcc.h **** #endif
  94:board/stm32f401rct6/Drivers/CMSIS/Include/cmsis_gcc.h **** #ifndef   __UNALIGNED_UINT32_WRITE
  95:board/stm32f401rct6/Drivers/CMSIS/Include/cmsis_gcc.h ****   #pragma GCC diagnostic push
  96:board/stm32f401rct6/Drivers/CMSIS/Include/cmsis_gcc.h ****   #pragma GCC diagnostic ignored "-Wpacked"
  97:board/stm32f401rct6/Drivers/CMSIS/Include/cmsis_gcc.h ****   #pragma GCC diagnostic ignored "-Wattributes"
  98:board/stm32f401rct6/Drivers/CMSIS/Include/cmsis_gcc.h ****   __PACKED_STRUCT T_UINT32_WRITE { uint32_t v; };
  99:board/stm32f401rct6/Drivers/CMSIS/Include/cmsis_gcc.h ****   #pragma GCC diagnostic pop
 100:board/stm32f401rct6/Drivers/CMSIS/Include/cmsis_gcc.h ****   #define __UNALIGNED_UINT32_WRITE(addr, val)    (void)((((struct T_UINT32_WRITE *)(void *)(addr))-
 101:board/stm32f401rct6/Drivers/CMSIS/Include/cmsis_gcc.h **** #endif
 102:board/stm32f401rct6/Drivers/CMSIS/Include/cmsis_gcc.h **** #ifndef   __UNALIGNED_UINT32_READ
 103:board/stm32f401rct6/Drivers/CMSIS/Include/cmsis_gcc.h ****   #pragma GCC diagnostic push
 104:board/stm32f401rct6/Drivers/CMSIS/Include/cmsis_gcc.h ****   #pragma GCC diagnostic ignored "-Wpacked"
 105:board/stm32f401rct6/Drivers/CMSIS/Include/cmsis_gcc.h ****   #pragma GCC diagnostic ignored "-Wattributes"
 106:board/stm32f401rct6/Drivers/CMSIS/Include/cmsis_gcc.h ****   __PACKED_STRUCT T_UINT32_READ { uint32_t v; };
 107:board/stm32f401rct6/Drivers/CMSIS/Include/cmsis_gcc.h ****   #pragma GCC diagnostic pop
 108:board/stm32f401rct6/Drivers/CMSIS/Include/cmsis_gcc.h ****   #define __UNALIGNED_UINT32_READ(addr)          (((const struct T_UINT32_READ *)(const void *)(add
 109:board/stm32f401rct6/Drivers/CMSIS/Include/cmsis_gcc.h **** #endif
 110:board/stm32f401rct6/Drivers/CMSIS/Include/cmsis_gcc.h **** #ifndef   __ALIGNED
 111:board/stm32f401rct6/Drivers/CMSIS/Include/cmsis_gcc.h ****   #define __ALIGNED(x)                           __attribute__((aligned(x)))
 112:board/stm32f401rct6/Drivers/CMSIS/Include/cmsis_gcc.h **** #endif
 113:board/stm32f401rct6/Drivers/CMSIS/Include/cmsis_gcc.h **** #ifndef   __RESTRICT
 114:board/stm32f401rct6/Drivers/CMSIS/Include/cmsis_gcc.h ****   #define __RESTRICT                             __restrict
 115:board/stm32f401rct6/Drivers/CMSIS/Include/cmsis_gcc.h **** #endif
 116:board/stm32f401rct6/Drivers/CMSIS/Include/cmsis_gcc.h **** #ifndef   __COMPILER_BARRIER
 117:board/stm32f401rct6/Drivers/CMSIS/Include/cmsis_gcc.h ****   #define __COMPILER_BARRIER()                   __ASM volatile("":::"memory")
 118:board/stm32f401rct6/Drivers/CMSIS/Include/cmsis_gcc.h **** #endif
 119:board/stm32f401rct6/Drivers/CMSIS/Include/cmsis_gcc.h **** 
ARM GAS  C:\Users\Admin\AppData\Local\Temp\ccWH8QQR.s 			page 15


 120:board/stm32f401rct6/Drivers/CMSIS/Include/cmsis_gcc.h **** /* #########################  Startup and Lowlevel Init  ######################## */
 121:board/stm32f401rct6/Drivers/CMSIS/Include/cmsis_gcc.h **** 
 122:board/stm32f401rct6/Drivers/CMSIS/Include/cmsis_gcc.h **** #ifndef __PROGRAM_START
 123:board/stm32f401rct6/Drivers/CMSIS/Include/cmsis_gcc.h **** 
 124:board/stm32f401rct6/Drivers/CMSIS/Include/cmsis_gcc.h **** /**
 125:board/stm32f401rct6/Drivers/CMSIS/Include/cmsis_gcc.h ****   \brief   Initializes data and bss sections
 126:board/stm32f401rct6/Drivers/CMSIS/Include/cmsis_gcc.h ****   \details This default implementations initialized all data and additional bss
 127:board/stm32f401rct6/Drivers/CMSIS/Include/cmsis_gcc.h ****            sections relying on .copy.table and .zero.table specified properly
 128:board/stm32f401rct6/Drivers/CMSIS/Include/cmsis_gcc.h ****            in the used linker script.
 129:board/stm32f401rct6/Drivers/CMSIS/Include/cmsis_gcc.h **** 
 130:board/stm32f401rct6/Drivers/CMSIS/Include/cmsis_gcc.h ****  */
 131:board/stm32f401rct6/Drivers/CMSIS/Include/cmsis_gcc.h **** __STATIC_FORCEINLINE __NO_RETURN void __cmsis_start(void)
 132:board/stm32f401rct6/Drivers/CMSIS/Include/cmsis_gcc.h **** {
 133:board/stm32f401rct6/Drivers/CMSIS/Include/cmsis_gcc.h ****   extern void _start(void) __NO_RETURN;
 134:board/stm32f401rct6/Drivers/CMSIS/Include/cmsis_gcc.h **** 
 135:board/stm32f401rct6/Drivers/CMSIS/Include/cmsis_gcc.h ****   typedef struct {
 136:board/stm32f401rct6/Drivers/CMSIS/Include/cmsis_gcc.h ****     uint32_t const* src;
 137:board/stm32f401rct6/Drivers/CMSIS/Include/cmsis_gcc.h ****     uint32_t* dest;
 138:board/stm32f401rct6/Drivers/CMSIS/Include/cmsis_gcc.h ****     uint32_t  wlen;
 139:board/stm32f401rct6/Drivers/CMSIS/Include/cmsis_gcc.h ****   } __copy_table_t;
 140:board/stm32f401rct6/Drivers/CMSIS/Include/cmsis_gcc.h **** 
 141:board/stm32f401rct6/Drivers/CMSIS/Include/cmsis_gcc.h ****   typedef struct {
 142:board/stm32f401rct6/Drivers/CMSIS/Include/cmsis_gcc.h ****     uint32_t* dest;
 143:board/stm32f401rct6/Drivers/CMSIS/Include/cmsis_gcc.h ****     uint32_t  wlen;
 144:board/stm32f401rct6/Drivers/CMSIS/Include/cmsis_gcc.h ****   } __zero_table_t;
 145:board/stm32f401rct6/Drivers/CMSIS/Include/cmsis_gcc.h **** 
 146:board/stm32f401rct6/Drivers/CMSIS/Include/cmsis_gcc.h ****   extern const __copy_table_t __copy_table_start__;
 147:board/stm32f401rct6/Drivers/CMSIS/Include/cmsis_gcc.h ****   extern const __copy_table_t __copy_table_end__;
 148:board/stm32f401rct6/Drivers/CMSIS/Include/cmsis_gcc.h ****   extern const __zero_table_t __zero_table_start__;
 149:board/stm32f401rct6/Drivers/CMSIS/Include/cmsis_gcc.h ****   extern const __zero_table_t __zero_table_end__;
 150:board/stm32f401rct6/Drivers/CMSIS/Include/cmsis_gcc.h **** 
 151:board/stm32f401rct6/Drivers/CMSIS/Include/cmsis_gcc.h ****   for (__copy_table_t const* pTable = &__copy_table_start__; pTable < &__copy_table_end__; ++pTable
 152:board/stm32f401rct6/Drivers/CMSIS/Include/cmsis_gcc.h ****     for(uint32_t i=0u; i<pTable->wlen; ++i) {
 153:board/stm32f401rct6/Drivers/CMSIS/Include/cmsis_gcc.h ****       pTable->dest[i] = pTable->src[i];
 154:board/stm32f401rct6/Drivers/CMSIS/Include/cmsis_gcc.h ****     }
 155:board/stm32f401rct6/Drivers/CMSIS/Include/cmsis_gcc.h ****   }
 156:board/stm32f401rct6/Drivers/CMSIS/Include/cmsis_gcc.h **** 
 157:board/stm32f401rct6/Drivers/CMSIS/Include/cmsis_gcc.h ****   for (__zero_table_t const* pTable = &__zero_table_start__; pTable < &__zero_table_end__; ++pTable
 158:board/stm32f401rct6/Drivers/CMSIS/Include/cmsis_gcc.h ****     for(uint32_t i=0u; i<pTable->wlen; ++i) {
 159:board/stm32f401rct6/Drivers/CMSIS/Include/cmsis_gcc.h ****       pTable->dest[i] = 0u;
 160:board/stm32f401rct6/Drivers/CMSIS/Include/cmsis_gcc.h ****     }
 161:board/stm32f401rct6/Drivers/CMSIS/Include/cmsis_gcc.h ****   }
 162:board/stm32f401rct6/Drivers/CMSIS/Include/cmsis_gcc.h **** 
 163:board/stm32f401rct6/Drivers/CMSIS/Include/cmsis_gcc.h ****   _start();
 164:board/stm32f401rct6/Drivers/CMSIS/Include/cmsis_gcc.h **** }
 165:board/stm32f401rct6/Drivers/CMSIS/Include/cmsis_gcc.h **** 
 166:board/stm32f401rct6/Drivers/CMSIS/Include/cmsis_gcc.h **** #define __PROGRAM_START           __cmsis_start
 167:board/stm32f401rct6/Drivers/CMSIS/Include/cmsis_gcc.h **** #endif
 168:board/stm32f401rct6/Drivers/CMSIS/Include/cmsis_gcc.h **** 
 169:board/stm32f401rct6/Drivers/CMSIS/Include/cmsis_gcc.h **** #ifndef __INITIAL_SP
 170:board/stm32f401rct6/Drivers/CMSIS/Include/cmsis_gcc.h **** #define __INITIAL_SP              __StackTop
 171:board/stm32f401rct6/Drivers/CMSIS/Include/cmsis_gcc.h **** #endif
 172:board/stm32f401rct6/Drivers/CMSIS/Include/cmsis_gcc.h **** 
 173:board/stm32f401rct6/Drivers/CMSIS/Include/cmsis_gcc.h **** #ifndef __STACK_LIMIT
 174:board/stm32f401rct6/Drivers/CMSIS/Include/cmsis_gcc.h **** #define __STACK_LIMIT             __StackLimit
 175:board/stm32f401rct6/Drivers/CMSIS/Include/cmsis_gcc.h **** #endif
 176:board/stm32f401rct6/Drivers/CMSIS/Include/cmsis_gcc.h **** 
ARM GAS  C:\Users\Admin\AppData\Local\Temp\ccWH8QQR.s 			page 16


 177:board/stm32f401rct6/Drivers/CMSIS/Include/cmsis_gcc.h **** #ifndef __VECTOR_TABLE
 178:board/stm32f401rct6/Drivers/CMSIS/Include/cmsis_gcc.h **** #define __VECTOR_TABLE            __Vectors
 179:board/stm32f401rct6/Drivers/CMSIS/Include/cmsis_gcc.h **** #endif
 180:board/stm32f401rct6/Drivers/CMSIS/Include/cmsis_gcc.h **** 
 181:board/stm32f401rct6/Drivers/CMSIS/Include/cmsis_gcc.h **** #ifndef __VECTOR_TABLE_ATTRIBUTE
 182:board/stm32f401rct6/Drivers/CMSIS/Include/cmsis_gcc.h **** #define __VECTOR_TABLE_ATTRIBUTE  __attribute__((used, section(".vectors")))
 183:board/stm32f401rct6/Drivers/CMSIS/Include/cmsis_gcc.h **** #endif
 184:board/stm32f401rct6/Drivers/CMSIS/Include/cmsis_gcc.h **** 
 185:board/stm32f401rct6/Drivers/CMSIS/Include/cmsis_gcc.h **** #if defined (__ARM_FEATURE_CMSE) && (__ARM_FEATURE_CMSE == 3U)
 186:board/stm32f401rct6/Drivers/CMSIS/Include/cmsis_gcc.h **** #ifndef __STACK_SEAL
 187:board/stm32f401rct6/Drivers/CMSIS/Include/cmsis_gcc.h **** #define __STACK_SEAL              __StackSeal
 188:board/stm32f401rct6/Drivers/CMSIS/Include/cmsis_gcc.h **** #endif
 189:board/stm32f401rct6/Drivers/CMSIS/Include/cmsis_gcc.h **** 
 190:board/stm32f401rct6/Drivers/CMSIS/Include/cmsis_gcc.h **** #ifndef __TZ_STACK_SEAL_SIZE
 191:board/stm32f401rct6/Drivers/CMSIS/Include/cmsis_gcc.h **** #define __TZ_STACK_SEAL_SIZE      8U
 192:board/stm32f401rct6/Drivers/CMSIS/Include/cmsis_gcc.h **** #endif
 193:board/stm32f401rct6/Drivers/CMSIS/Include/cmsis_gcc.h **** 
 194:board/stm32f401rct6/Drivers/CMSIS/Include/cmsis_gcc.h **** #ifndef __TZ_STACK_SEAL_VALUE
 195:board/stm32f401rct6/Drivers/CMSIS/Include/cmsis_gcc.h **** #define __TZ_STACK_SEAL_VALUE     0xFEF5EDA5FEF5EDA5ULL
 196:board/stm32f401rct6/Drivers/CMSIS/Include/cmsis_gcc.h **** #endif
 197:board/stm32f401rct6/Drivers/CMSIS/Include/cmsis_gcc.h **** 
 198:board/stm32f401rct6/Drivers/CMSIS/Include/cmsis_gcc.h **** 
 199:board/stm32f401rct6/Drivers/CMSIS/Include/cmsis_gcc.h **** __STATIC_FORCEINLINE void __TZ_set_STACKSEAL_S (uint32_t* stackTop) {
 200:board/stm32f401rct6/Drivers/CMSIS/Include/cmsis_gcc.h ****   *((uint64_t *)stackTop) = __TZ_STACK_SEAL_VALUE;
 201:board/stm32f401rct6/Drivers/CMSIS/Include/cmsis_gcc.h **** }
 202:board/stm32f401rct6/Drivers/CMSIS/Include/cmsis_gcc.h **** #endif
 203:board/stm32f401rct6/Drivers/CMSIS/Include/cmsis_gcc.h **** 
 204:board/stm32f401rct6/Drivers/CMSIS/Include/cmsis_gcc.h **** 
 205:board/stm32f401rct6/Drivers/CMSIS/Include/cmsis_gcc.h **** /* ##########################  Core Instruction Access  ######################### */
 206:board/stm32f401rct6/Drivers/CMSIS/Include/cmsis_gcc.h **** /** \defgroup CMSIS_Core_InstructionInterface CMSIS Core Instruction Interface
 207:board/stm32f401rct6/Drivers/CMSIS/Include/cmsis_gcc.h ****   Access to dedicated instructions
 208:board/stm32f401rct6/Drivers/CMSIS/Include/cmsis_gcc.h ****   @{
 209:board/stm32f401rct6/Drivers/CMSIS/Include/cmsis_gcc.h **** */
 210:board/stm32f401rct6/Drivers/CMSIS/Include/cmsis_gcc.h **** 
 211:board/stm32f401rct6/Drivers/CMSIS/Include/cmsis_gcc.h **** /* Define macros for porting to both thumb1 and thumb2.
 212:board/stm32f401rct6/Drivers/CMSIS/Include/cmsis_gcc.h ****  * For thumb1, use low register (r0-r7), specified by constraint "l"
 213:board/stm32f401rct6/Drivers/CMSIS/Include/cmsis_gcc.h ****  * Otherwise, use general registers, specified by constraint "r" */
 214:board/stm32f401rct6/Drivers/CMSIS/Include/cmsis_gcc.h **** #if defined (__thumb__) && !defined (__thumb2__)
 215:board/stm32f401rct6/Drivers/CMSIS/Include/cmsis_gcc.h **** #define __CMSIS_GCC_OUT_REG(r) "=l" (r)
 216:board/stm32f401rct6/Drivers/CMSIS/Include/cmsis_gcc.h **** #define __CMSIS_GCC_RW_REG(r) "+l" (r)
 217:board/stm32f401rct6/Drivers/CMSIS/Include/cmsis_gcc.h **** #define __CMSIS_GCC_USE_REG(r) "l" (r)
 218:board/stm32f401rct6/Drivers/CMSIS/Include/cmsis_gcc.h **** #else
 219:board/stm32f401rct6/Drivers/CMSIS/Include/cmsis_gcc.h **** #define __CMSIS_GCC_OUT_REG(r) "=r" (r)
 220:board/stm32f401rct6/Drivers/CMSIS/Include/cmsis_gcc.h **** #define __CMSIS_GCC_RW_REG(r) "+r" (r)
 221:board/stm32f401rct6/Drivers/CMSIS/Include/cmsis_gcc.h **** #define __CMSIS_GCC_USE_REG(r) "r" (r)
 222:board/stm32f401rct6/Drivers/CMSIS/Include/cmsis_gcc.h **** #endif
 223:board/stm32f401rct6/Drivers/CMSIS/Include/cmsis_gcc.h **** 
 224:board/stm32f401rct6/Drivers/CMSIS/Include/cmsis_gcc.h **** /**
 225:board/stm32f401rct6/Drivers/CMSIS/Include/cmsis_gcc.h ****   \brief   No Operation
 226:board/stm32f401rct6/Drivers/CMSIS/Include/cmsis_gcc.h ****   \details No Operation does nothing. This instruction can be used for code alignment purposes.
 227:board/stm32f401rct6/Drivers/CMSIS/Include/cmsis_gcc.h ****  */
 228:board/stm32f401rct6/Drivers/CMSIS/Include/cmsis_gcc.h **** #define __NOP()                             __ASM volatile ("nop")
 229:board/stm32f401rct6/Drivers/CMSIS/Include/cmsis_gcc.h **** 
 230:board/stm32f401rct6/Drivers/CMSIS/Include/cmsis_gcc.h **** /**
 231:board/stm32f401rct6/Drivers/CMSIS/Include/cmsis_gcc.h ****   \brief   Wait For Interrupt
 232:board/stm32f401rct6/Drivers/CMSIS/Include/cmsis_gcc.h ****   \details Wait For Interrupt is a hint instruction that suspends execution until one of a number o
 233:board/stm32f401rct6/Drivers/CMSIS/Include/cmsis_gcc.h ****  */
ARM GAS  C:\Users\Admin\AppData\Local\Temp\ccWH8QQR.s 			page 17


 234:board/stm32f401rct6/Drivers/CMSIS/Include/cmsis_gcc.h **** #define __WFI()                             __ASM volatile ("wfi":::"memory")
 235:board/stm32f401rct6/Drivers/CMSIS/Include/cmsis_gcc.h **** 
 236:board/stm32f401rct6/Drivers/CMSIS/Include/cmsis_gcc.h **** 
 237:board/stm32f401rct6/Drivers/CMSIS/Include/cmsis_gcc.h **** /**
 238:board/stm32f401rct6/Drivers/CMSIS/Include/cmsis_gcc.h ****   \brief   Wait For Event
 239:board/stm32f401rct6/Drivers/CMSIS/Include/cmsis_gcc.h ****   \details Wait For Event is a hint instruction that permits the processor to enter
 240:board/stm32f401rct6/Drivers/CMSIS/Include/cmsis_gcc.h ****            a low-power state until one of a number of events occurs.
 241:board/stm32f401rct6/Drivers/CMSIS/Include/cmsis_gcc.h ****  */
 242:board/stm32f401rct6/Drivers/CMSIS/Include/cmsis_gcc.h **** #define __WFE()                             __ASM volatile ("wfe":::"memory")
 243:board/stm32f401rct6/Drivers/CMSIS/Include/cmsis_gcc.h **** 
 244:board/stm32f401rct6/Drivers/CMSIS/Include/cmsis_gcc.h **** 
 245:board/stm32f401rct6/Drivers/CMSIS/Include/cmsis_gcc.h **** /**
 246:board/stm32f401rct6/Drivers/CMSIS/Include/cmsis_gcc.h ****   \brief   Send Event
 247:board/stm32f401rct6/Drivers/CMSIS/Include/cmsis_gcc.h ****   \details Send Event is a hint instruction. It causes an event to be signaled to the CPU.
 248:board/stm32f401rct6/Drivers/CMSIS/Include/cmsis_gcc.h ****  */
 249:board/stm32f401rct6/Drivers/CMSIS/Include/cmsis_gcc.h **** #define __SEV()                             __ASM volatile ("sev")
 250:board/stm32f401rct6/Drivers/CMSIS/Include/cmsis_gcc.h **** 
 251:board/stm32f401rct6/Drivers/CMSIS/Include/cmsis_gcc.h **** 
 252:board/stm32f401rct6/Drivers/CMSIS/Include/cmsis_gcc.h **** /**
 253:board/stm32f401rct6/Drivers/CMSIS/Include/cmsis_gcc.h ****   \brief   Instruction Synchronization Barrier
 254:board/stm32f401rct6/Drivers/CMSIS/Include/cmsis_gcc.h ****   \details Instruction Synchronization Barrier flushes the pipeline in the processor,
 255:board/stm32f401rct6/Drivers/CMSIS/Include/cmsis_gcc.h ****            so that all instructions following the ISB are fetched from cache or memory,
 256:board/stm32f401rct6/Drivers/CMSIS/Include/cmsis_gcc.h ****            after the instruction has been completed.
 257:board/stm32f401rct6/Drivers/CMSIS/Include/cmsis_gcc.h ****  */
 258:board/stm32f401rct6/Drivers/CMSIS/Include/cmsis_gcc.h **** __STATIC_FORCEINLINE void __ISB(void)
  62              		.loc 2 258 27 view .LVU11
  63              	.LBB5:
 259:board/stm32f401rct6/Drivers/CMSIS/Include/cmsis_gcc.h **** {
 260:board/stm32f401rct6/Drivers/CMSIS/Include/cmsis_gcc.h ****   __ASM volatile ("isb 0xF":::"memory");
  64              		.loc 2 260 3 view .LVU12
  65              		.syntax unified
  66              	@ 260 "board/stm32f401rct6/Drivers/CMSIS/Include/cmsis_gcc.h" 1
  67 001e BFF36F8F 		isb 0xF
  68              	@ 0 "" 2
  69              		.thumb
  70              		.syntax unified
  71              	.LBE5:
  72              	.LBE4:
 620:board/stm32f401rct6/Drivers/STM32F4xx_HAL_Driver/Src/stm32f4xx_hal_flash.c **** 
 621:board/stm32f401rct6/Drivers/STM32F4xx_HAL_Driver/Src/stm32f4xx_hal_flash.c ****   /* Program second word */
 622:board/stm32f401rct6/Drivers/STM32F4xx_HAL_Driver/Src/stm32f4xx_hal_flash.c ****   *(__IO uint32_t *)(Address + 4) = (uint32_t)(Data >> 32);
  73              		.loc 1 622 3 view .LVU13
  74              		.loc 1 622 35 is_stmt 0 view .LVU14
  75 0022 4360     		str	r3, [r0, #4]
 623:board/stm32f401rct6/Drivers/STM32F4xx_HAL_Driver/Src/stm32f4xx_hal_flash.c **** }
  76              		.loc 1 623 1 view .LVU15
  77 0024 5DF8044B 		ldr	r4, [sp], #4
  78              	.LCFI1:
  79              		.cfi_restore 4
  80              		.cfi_def_cfa_offset 0
  81 0028 7047     		bx	lr
  82              	.L4:
  83 002a 00BF     		.align	2
  84              	.L3:
  85 002c 003C0240 		.word	1073888256
  86              		.cfi_endproc
  87              	.LFE232:
ARM GAS  C:\Users\Admin\AppData\Local\Temp\ccWH8QQR.s 			page 18


  89              		.section	.text.FLASH_Program_Word,"ax",%progbits
  90              		.align	1
  91              		.syntax unified
  92              		.thumb
  93              		.thumb_func
  95              	FLASH_Program_Word:
  96              	.LVL1:
  97              	.LFB233:
 624:board/stm32f401rct6/Drivers/STM32F4xx_HAL_Driver/Src/stm32f4xx_hal_flash.c **** 
 625:board/stm32f401rct6/Drivers/STM32F4xx_HAL_Driver/Src/stm32f4xx_hal_flash.c **** 
 626:board/stm32f401rct6/Drivers/STM32F4xx_HAL_Driver/Src/stm32f4xx_hal_flash.c **** /**
 627:board/stm32f401rct6/Drivers/STM32F4xx_HAL_Driver/Src/stm32f4xx_hal_flash.c ****   * @brief  Program word (32-bit) at a specified address.
 628:board/stm32f401rct6/Drivers/STM32F4xx_HAL_Driver/Src/stm32f4xx_hal_flash.c ****   * @note   This function must be used when the device voltage range is from
 629:board/stm32f401rct6/Drivers/STM32F4xx_HAL_Driver/Src/stm32f4xx_hal_flash.c ****   *         2.7V to 3.6V.
 630:board/stm32f401rct6/Drivers/STM32F4xx_HAL_Driver/Src/stm32f4xx_hal_flash.c ****   *
 631:board/stm32f401rct6/Drivers/STM32F4xx_HAL_Driver/Src/stm32f4xx_hal_flash.c ****   * @note   If an erase and a program operations are requested simultaneously,
 632:board/stm32f401rct6/Drivers/STM32F4xx_HAL_Driver/Src/stm32f4xx_hal_flash.c ****   *         the erase operation is performed before the program one.
 633:board/stm32f401rct6/Drivers/STM32F4xx_HAL_Driver/Src/stm32f4xx_hal_flash.c ****   *
 634:board/stm32f401rct6/Drivers/STM32F4xx_HAL_Driver/Src/stm32f4xx_hal_flash.c ****   * @param  Address specifies the address to be programmed.
 635:board/stm32f401rct6/Drivers/STM32F4xx_HAL_Driver/Src/stm32f4xx_hal_flash.c ****   * @param  Data specifies the data to be programmed.
 636:board/stm32f401rct6/Drivers/STM32F4xx_HAL_Driver/Src/stm32f4xx_hal_flash.c ****   * @retval None
 637:board/stm32f401rct6/Drivers/STM32F4xx_HAL_Driver/Src/stm32f4xx_hal_flash.c ****   */
 638:board/stm32f401rct6/Drivers/STM32F4xx_HAL_Driver/Src/stm32f4xx_hal_flash.c **** static void FLASH_Program_Word(uint32_t Address, uint32_t Data)
 639:board/stm32f401rct6/Drivers/STM32F4xx_HAL_Driver/Src/stm32f4xx_hal_flash.c **** {
  98              		.loc 1 639 1 is_stmt 1 view -0
  99              		.cfi_startproc
 100              		@ args = 0, pretend = 0, frame = 0
 101              		@ frame_needed = 0, uses_anonymous_args = 0
 102              		@ link register save eliminated.
 640:board/stm32f401rct6/Drivers/STM32F4xx_HAL_Driver/Src/stm32f4xx_hal_flash.c ****   /* Check the parameters */
 641:board/stm32f401rct6/Drivers/STM32F4xx_HAL_Driver/Src/stm32f4xx_hal_flash.c ****   assert_param(IS_FLASH_ADDRESS(Address));
 103              		.loc 1 641 3 view .LVU17
 642:board/stm32f401rct6/Drivers/STM32F4xx_HAL_Driver/Src/stm32f4xx_hal_flash.c **** 
 643:board/stm32f401rct6/Drivers/STM32F4xx_HAL_Driver/Src/stm32f4xx_hal_flash.c ****   /* If the previous operation is completed, proceed to program the new data */
 644:board/stm32f401rct6/Drivers/STM32F4xx_HAL_Driver/Src/stm32f4xx_hal_flash.c ****   CLEAR_BIT(FLASH->CR, FLASH_CR_PSIZE);
 104              		.loc 1 644 3 view .LVU18
 105 0000 074B     		ldr	r3, .L6
 106 0002 1A69     		ldr	r2, [r3, #16]
 107 0004 22F44072 		bic	r2, r2, #768
 108 0008 1A61     		str	r2, [r3, #16]
 645:board/stm32f401rct6/Drivers/STM32F4xx_HAL_Driver/Src/stm32f4xx_hal_flash.c ****   FLASH->CR |= FLASH_PSIZE_WORD;
 109              		.loc 1 645 3 view .LVU19
 110              		.loc 1 645 13 is_stmt 0 view .LVU20
 111 000a 1A69     		ldr	r2, [r3, #16]
 112 000c 42F40072 		orr	r2, r2, #512
 113 0010 1A61     		str	r2, [r3, #16]
 646:board/stm32f401rct6/Drivers/STM32F4xx_HAL_Driver/Src/stm32f4xx_hal_flash.c ****   FLASH->CR |= FLASH_CR_PG;
 114              		.loc 1 646 3 is_stmt 1 view .LVU21
 115              		.loc 1 646 13 is_stmt 0 view .LVU22
 116 0012 1A69     		ldr	r2, [r3, #16]
 117 0014 42F00102 		orr	r2, r2, #1
 118 0018 1A61     		str	r2, [r3, #16]
 647:board/stm32f401rct6/Drivers/STM32F4xx_HAL_Driver/Src/stm32f4xx_hal_flash.c **** 
 648:board/stm32f401rct6/Drivers/STM32F4xx_HAL_Driver/Src/stm32f4xx_hal_flash.c ****   *(__IO uint32_t *)Address = Data;
 119              		.loc 1 648 3 is_stmt 1 view .LVU23
 120              		.loc 1 648 29 is_stmt 0 view .LVU24
 121 001a 0160     		str	r1, [r0]
ARM GAS  C:\Users\Admin\AppData\Local\Temp\ccWH8QQR.s 			page 19


 649:board/stm32f401rct6/Drivers/STM32F4xx_HAL_Driver/Src/stm32f4xx_hal_flash.c **** }
 122              		.loc 1 649 1 view .LVU25
 123 001c 7047     		bx	lr
 124              	.L7:
 125 001e 00BF     		.align	2
 126              	.L6:
 127 0020 003C0240 		.word	1073888256
 128              		.cfi_endproc
 129              	.LFE233:
 131              		.section	.text.FLASH_Program_HalfWord,"ax",%progbits
 132              		.align	1
 133              		.syntax unified
 134              		.thumb
 135              		.thumb_func
 137              	FLASH_Program_HalfWord:
 138              	.LVL2:
 139              	.LFB234:
 650:board/stm32f401rct6/Drivers/STM32F4xx_HAL_Driver/Src/stm32f4xx_hal_flash.c **** 
 651:board/stm32f401rct6/Drivers/STM32F4xx_HAL_Driver/Src/stm32f4xx_hal_flash.c **** /**
 652:board/stm32f401rct6/Drivers/STM32F4xx_HAL_Driver/Src/stm32f4xx_hal_flash.c ****   * @brief  Program a half-word (16-bit) at a specified address.
 653:board/stm32f401rct6/Drivers/STM32F4xx_HAL_Driver/Src/stm32f4xx_hal_flash.c ****   * @note   This function must be used when the device voltage range is from
 654:board/stm32f401rct6/Drivers/STM32F4xx_HAL_Driver/Src/stm32f4xx_hal_flash.c ****   *         2.1V to 3.6V.
 655:board/stm32f401rct6/Drivers/STM32F4xx_HAL_Driver/Src/stm32f4xx_hal_flash.c ****   *
 656:board/stm32f401rct6/Drivers/STM32F4xx_HAL_Driver/Src/stm32f4xx_hal_flash.c ****   * @note   If an erase and a program operations are requested simultaneously,
 657:board/stm32f401rct6/Drivers/STM32F4xx_HAL_Driver/Src/stm32f4xx_hal_flash.c ****   *         the erase operation is performed before the program one.
 658:board/stm32f401rct6/Drivers/STM32F4xx_HAL_Driver/Src/stm32f4xx_hal_flash.c ****   *
 659:board/stm32f401rct6/Drivers/STM32F4xx_HAL_Driver/Src/stm32f4xx_hal_flash.c ****   * @param  Address specifies the address to be programmed.
 660:board/stm32f401rct6/Drivers/STM32F4xx_HAL_Driver/Src/stm32f4xx_hal_flash.c ****   * @param  Data specifies the data to be programmed.
 661:board/stm32f401rct6/Drivers/STM32F4xx_HAL_Driver/Src/stm32f4xx_hal_flash.c ****   * @retval None
 662:board/stm32f401rct6/Drivers/STM32F4xx_HAL_Driver/Src/stm32f4xx_hal_flash.c ****   */
 663:board/stm32f401rct6/Drivers/STM32F4xx_HAL_Driver/Src/stm32f4xx_hal_flash.c **** static void FLASH_Program_HalfWord(uint32_t Address, uint16_t Data)
 664:board/stm32f401rct6/Drivers/STM32F4xx_HAL_Driver/Src/stm32f4xx_hal_flash.c **** {
 140              		.loc 1 664 1 is_stmt 1 view -0
 141              		.cfi_startproc
 142              		@ args = 0, pretend = 0, frame = 0
 143              		@ frame_needed = 0, uses_anonymous_args = 0
 144              		@ link register save eliminated.
 665:board/stm32f401rct6/Drivers/STM32F4xx_HAL_Driver/Src/stm32f4xx_hal_flash.c ****   /* Check the parameters */
 666:board/stm32f401rct6/Drivers/STM32F4xx_HAL_Driver/Src/stm32f4xx_hal_flash.c ****   assert_param(IS_FLASH_ADDRESS(Address));
 145              		.loc 1 666 3 view .LVU27
 667:board/stm32f401rct6/Drivers/STM32F4xx_HAL_Driver/Src/stm32f4xx_hal_flash.c **** 
 668:board/stm32f401rct6/Drivers/STM32F4xx_HAL_Driver/Src/stm32f4xx_hal_flash.c ****   /* If the previous operation is completed, proceed to program the new data */
 669:board/stm32f401rct6/Drivers/STM32F4xx_HAL_Driver/Src/stm32f4xx_hal_flash.c ****   CLEAR_BIT(FLASH->CR, FLASH_CR_PSIZE);
 146              		.loc 1 669 3 view .LVU28
 147 0000 074B     		ldr	r3, .L9
 148 0002 1A69     		ldr	r2, [r3, #16]
 149 0004 22F44072 		bic	r2, r2, #768
 150 0008 1A61     		str	r2, [r3, #16]
 670:board/stm32f401rct6/Drivers/STM32F4xx_HAL_Driver/Src/stm32f4xx_hal_flash.c ****   FLASH->CR |= FLASH_PSIZE_HALF_WORD;
 151              		.loc 1 670 3 view .LVU29
 152              		.loc 1 670 13 is_stmt 0 view .LVU30
 153 000a 1A69     		ldr	r2, [r3, #16]
 154 000c 42F48072 		orr	r2, r2, #256
 155 0010 1A61     		str	r2, [r3, #16]
 671:board/stm32f401rct6/Drivers/STM32F4xx_HAL_Driver/Src/stm32f4xx_hal_flash.c ****   FLASH->CR |= FLASH_CR_PG;
 156              		.loc 1 671 3 is_stmt 1 view .LVU31
 157              		.loc 1 671 13 is_stmt 0 view .LVU32
ARM GAS  C:\Users\Admin\AppData\Local\Temp\ccWH8QQR.s 			page 20


 158 0012 1A69     		ldr	r2, [r3, #16]
 159 0014 42F00102 		orr	r2, r2, #1
 160 0018 1A61     		str	r2, [r3, #16]
 672:board/stm32f401rct6/Drivers/STM32F4xx_HAL_Driver/Src/stm32f4xx_hal_flash.c **** 
 673:board/stm32f401rct6/Drivers/STM32F4xx_HAL_Driver/Src/stm32f4xx_hal_flash.c ****   *(__IO uint16_t *)Address = Data;
 161              		.loc 1 673 3 is_stmt 1 view .LVU33
 162              		.loc 1 673 29 is_stmt 0 view .LVU34
 163 001a 0180     		strh	r1, [r0]	@ movhi
 674:board/stm32f401rct6/Drivers/STM32F4xx_HAL_Driver/Src/stm32f4xx_hal_flash.c **** }
 164              		.loc 1 674 1 view .LVU35
 165 001c 7047     		bx	lr
 166              	.L10:
 167 001e 00BF     		.align	2
 168              	.L9:
 169 0020 003C0240 		.word	1073888256
 170              		.cfi_endproc
 171              	.LFE234:
 173              		.section	.text.FLASH_Program_Byte,"ax",%progbits
 174              		.align	1
 175              		.syntax unified
 176              		.thumb
 177              		.thumb_func
 179              	FLASH_Program_Byte:
 180              	.LVL3:
 181              	.LFB235:
 675:board/stm32f401rct6/Drivers/STM32F4xx_HAL_Driver/Src/stm32f4xx_hal_flash.c **** 
 676:board/stm32f401rct6/Drivers/STM32F4xx_HAL_Driver/Src/stm32f4xx_hal_flash.c **** /**
 677:board/stm32f401rct6/Drivers/STM32F4xx_HAL_Driver/Src/stm32f4xx_hal_flash.c ****   * @brief  Program byte (8-bit) at a specified address.
 678:board/stm32f401rct6/Drivers/STM32F4xx_HAL_Driver/Src/stm32f4xx_hal_flash.c ****   * @note   This function must be used when the device voltage range is from
 679:board/stm32f401rct6/Drivers/STM32F4xx_HAL_Driver/Src/stm32f4xx_hal_flash.c ****   *         1.8V to 3.6V.
 680:board/stm32f401rct6/Drivers/STM32F4xx_HAL_Driver/Src/stm32f4xx_hal_flash.c ****   *
 681:board/stm32f401rct6/Drivers/STM32F4xx_HAL_Driver/Src/stm32f4xx_hal_flash.c ****   * @note   If an erase and a program operations are requested simultaneously,
 682:board/stm32f401rct6/Drivers/STM32F4xx_HAL_Driver/Src/stm32f4xx_hal_flash.c ****   *         the erase operation is performed before the program one.
 683:board/stm32f401rct6/Drivers/STM32F4xx_HAL_Driver/Src/stm32f4xx_hal_flash.c ****   *
 684:board/stm32f401rct6/Drivers/STM32F4xx_HAL_Driver/Src/stm32f4xx_hal_flash.c ****   * @param  Address specifies the address to be programmed.
 685:board/stm32f401rct6/Drivers/STM32F4xx_HAL_Driver/Src/stm32f4xx_hal_flash.c ****   * @param  Data specifies the data to be programmed.
 686:board/stm32f401rct6/Drivers/STM32F4xx_HAL_Driver/Src/stm32f4xx_hal_flash.c ****   * @retval None
 687:board/stm32f401rct6/Drivers/STM32F4xx_HAL_Driver/Src/stm32f4xx_hal_flash.c ****   */
 688:board/stm32f401rct6/Drivers/STM32F4xx_HAL_Driver/Src/stm32f4xx_hal_flash.c **** static void FLASH_Program_Byte(uint32_t Address, uint8_t Data)
 689:board/stm32f401rct6/Drivers/STM32F4xx_HAL_Driver/Src/stm32f4xx_hal_flash.c **** {
 182              		.loc 1 689 1 is_stmt 1 view -0
 183              		.cfi_startproc
 184              		@ args = 0, pretend = 0, frame = 0
 185              		@ frame_needed = 0, uses_anonymous_args = 0
 186              		@ link register save eliminated.
 690:board/stm32f401rct6/Drivers/STM32F4xx_HAL_Driver/Src/stm32f4xx_hal_flash.c ****   /* Check the parameters */
 691:board/stm32f401rct6/Drivers/STM32F4xx_HAL_Driver/Src/stm32f4xx_hal_flash.c ****   assert_param(IS_FLASH_ADDRESS(Address));
 187              		.loc 1 691 3 view .LVU37
 692:board/stm32f401rct6/Drivers/STM32F4xx_HAL_Driver/Src/stm32f4xx_hal_flash.c **** 
 693:board/stm32f401rct6/Drivers/STM32F4xx_HAL_Driver/Src/stm32f4xx_hal_flash.c ****   /* If the previous operation is completed, proceed to program the new data */
 694:board/stm32f401rct6/Drivers/STM32F4xx_HAL_Driver/Src/stm32f4xx_hal_flash.c ****   CLEAR_BIT(FLASH->CR, FLASH_CR_PSIZE);
 188              		.loc 1 694 3 view .LVU38
 189 0000 064B     		ldr	r3, .L12
 190 0002 1A69     		ldr	r2, [r3, #16]
 191 0004 22F44072 		bic	r2, r2, #768
 192 0008 1A61     		str	r2, [r3, #16]
 695:board/stm32f401rct6/Drivers/STM32F4xx_HAL_Driver/Src/stm32f4xx_hal_flash.c ****   FLASH->CR |= FLASH_PSIZE_BYTE;
ARM GAS  C:\Users\Admin\AppData\Local\Temp\ccWH8QQR.s 			page 21


 193              		.loc 1 695 3 view .LVU39
 194              		.loc 1 695 13 is_stmt 0 view .LVU40
 195 000a 1A69     		ldr	r2, [r3, #16]
 196 000c 1A61     		str	r2, [r3, #16]
 696:board/stm32f401rct6/Drivers/STM32F4xx_HAL_Driver/Src/stm32f4xx_hal_flash.c ****   FLASH->CR |= FLASH_CR_PG;
 197              		.loc 1 696 3 is_stmt 1 view .LVU41
 198              		.loc 1 696 13 is_stmt 0 view .LVU42
 199 000e 1A69     		ldr	r2, [r3, #16]
 200 0010 42F00102 		orr	r2, r2, #1
 201 0014 1A61     		str	r2, [r3, #16]
 697:board/stm32f401rct6/Drivers/STM32F4xx_HAL_Driver/Src/stm32f4xx_hal_flash.c **** 
 698:board/stm32f401rct6/Drivers/STM32F4xx_HAL_Driver/Src/stm32f4xx_hal_flash.c ****   *(__IO uint8_t *)Address = Data;
 202              		.loc 1 698 3 is_stmt 1 view .LVU43
 203              		.loc 1 698 28 is_stmt 0 view .LVU44
 204 0016 0170     		strb	r1, [r0]
 699:board/stm32f401rct6/Drivers/STM32F4xx_HAL_Driver/Src/stm32f4xx_hal_flash.c **** }
 205              		.loc 1 699 1 view .LVU45
 206 0018 7047     		bx	lr
 207              	.L13:
 208 001a 00BF     		.align	2
 209              	.L12:
 210 001c 003C0240 		.word	1073888256
 211              		.cfi_endproc
 212              	.LFE235:
 214              		.section	.text.FLASH_SetErrorCode,"ax",%progbits
 215              		.align	1
 216              		.syntax unified
 217              		.thumb
 218              		.thumb_func
 220              	FLASH_SetErrorCode:
 221              	.LFB236:
 700:board/stm32f401rct6/Drivers/STM32F4xx_HAL_Driver/Src/stm32f4xx_hal_flash.c **** 
 701:board/stm32f401rct6/Drivers/STM32F4xx_HAL_Driver/Src/stm32f4xx_hal_flash.c **** /**
 702:board/stm32f401rct6/Drivers/STM32F4xx_HAL_Driver/Src/stm32f4xx_hal_flash.c ****   * @brief  Set the specific FLASH error flag.
 703:board/stm32f401rct6/Drivers/STM32F4xx_HAL_Driver/Src/stm32f4xx_hal_flash.c ****   * @retval None
 704:board/stm32f401rct6/Drivers/STM32F4xx_HAL_Driver/Src/stm32f4xx_hal_flash.c ****   */
 705:board/stm32f401rct6/Drivers/STM32F4xx_HAL_Driver/Src/stm32f4xx_hal_flash.c **** static void FLASH_SetErrorCode(void)
 706:board/stm32f401rct6/Drivers/STM32F4xx_HAL_Driver/Src/stm32f4xx_hal_flash.c **** {
 222              		.loc 1 706 1 is_stmt 1 view -0
 223              		.cfi_startproc
 224              		@ args = 0, pretend = 0, frame = 0
 225              		@ frame_needed = 0, uses_anonymous_args = 0
 226              		@ link register save eliminated.
 707:board/stm32f401rct6/Drivers/STM32F4xx_HAL_Driver/Src/stm32f4xx_hal_flash.c ****   if (__HAL_FLASH_GET_FLAG(FLASH_FLAG_WRPERR) != RESET)
 227              		.loc 1 707 3 view .LVU47
 228              		.loc 1 707 7 is_stmt 0 view .LVU48
 229 0000 274B     		ldr	r3, .L21
 230 0002 DB68     		ldr	r3, [r3, #12]
 231              		.loc 1 707 6 view .LVU49
 232 0004 13F0100F 		tst	r3, #16
 233 0008 07D0     		beq	.L15
 708:board/stm32f401rct6/Drivers/STM32F4xx_HAL_Driver/Src/stm32f4xx_hal_flash.c ****   {
 709:board/stm32f401rct6/Drivers/STM32F4xx_HAL_Driver/Src/stm32f4xx_hal_flash.c ****     pFlash.ErrorCode |= HAL_FLASH_ERROR_WRP;
 234              		.loc 1 709 5 is_stmt 1 view .LVU50
 235              		.loc 1 709 22 is_stmt 0 view .LVU51
 236 000a 264A     		ldr	r2, .L21+4
 237 000c D369     		ldr	r3, [r2, #28]
ARM GAS  C:\Users\Admin\AppData\Local\Temp\ccWH8QQR.s 			page 22


 238 000e 43F01003 		orr	r3, r3, #16
 239 0012 D361     		str	r3, [r2, #28]
 710:board/stm32f401rct6/Drivers/STM32F4xx_HAL_Driver/Src/stm32f4xx_hal_flash.c **** 
 711:board/stm32f401rct6/Drivers/STM32F4xx_HAL_Driver/Src/stm32f4xx_hal_flash.c ****     /* Clear FLASH write protection error pending bit */
 712:board/stm32f401rct6/Drivers/STM32F4xx_HAL_Driver/Src/stm32f4xx_hal_flash.c ****     __HAL_FLASH_CLEAR_FLAG(FLASH_FLAG_WRPERR);
 240              		.loc 1 712 5 is_stmt 1 view .LVU52
 241 0014 224B     		ldr	r3, .L21
 242 0016 1022     		movs	r2, #16
 243 0018 DA60     		str	r2, [r3, #12]
 244              	.L15:
 713:board/stm32f401rct6/Drivers/STM32F4xx_HAL_Driver/Src/stm32f4xx_hal_flash.c ****   }
 714:board/stm32f401rct6/Drivers/STM32F4xx_HAL_Driver/Src/stm32f4xx_hal_flash.c **** 
 715:board/stm32f401rct6/Drivers/STM32F4xx_HAL_Driver/Src/stm32f4xx_hal_flash.c ****   if (__HAL_FLASH_GET_FLAG(FLASH_FLAG_PGAERR) != RESET)
 245              		.loc 1 715 3 view .LVU53
 246              		.loc 1 715 7 is_stmt 0 view .LVU54
 247 001a 214B     		ldr	r3, .L21
 248 001c DB68     		ldr	r3, [r3, #12]
 249              		.loc 1 715 6 view .LVU55
 250 001e 13F0200F 		tst	r3, #32
 251 0022 07D0     		beq	.L16
 716:board/stm32f401rct6/Drivers/STM32F4xx_HAL_Driver/Src/stm32f4xx_hal_flash.c ****   {
 717:board/stm32f401rct6/Drivers/STM32F4xx_HAL_Driver/Src/stm32f4xx_hal_flash.c ****     pFlash.ErrorCode |= HAL_FLASH_ERROR_PGA;
 252              		.loc 1 717 5 is_stmt 1 view .LVU56
 253              		.loc 1 717 22 is_stmt 0 view .LVU57
 254 0024 1F4A     		ldr	r2, .L21+4
 255 0026 D369     		ldr	r3, [r2, #28]
 256 0028 43F00803 		orr	r3, r3, #8
 257 002c D361     		str	r3, [r2, #28]
 718:board/stm32f401rct6/Drivers/STM32F4xx_HAL_Driver/Src/stm32f4xx_hal_flash.c **** 
 719:board/stm32f401rct6/Drivers/STM32F4xx_HAL_Driver/Src/stm32f4xx_hal_flash.c ****     /* Clear FLASH Programming alignment error pending bit */
 720:board/stm32f401rct6/Drivers/STM32F4xx_HAL_Driver/Src/stm32f4xx_hal_flash.c ****     __HAL_FLASH_CLEAR_FLAG(FLASH_FLAG_PGAERR);
 258              		.loc 1 720 5 is_stmt 1 view .LVU58
 259 002e 1C4B     		ldr	r3, .L21
 260 0030 2022     		movs	r2, #32
 261 0032 DA60     		str	r2, [r3, #12]
 262              	.L16:
 721:board/stm32f401rct6/Drivers/STM32F4xx_HAL_Driver/Src/stm32f4xx_hal_flash.c ****   }
 722:board/stm32f401rct6/Drivers/STM32F4xx_HAL_Driver/Src/stm32f4xx_hal_flash.c **** 
 723:board/stm32f401rct6/Drivers/STM32F4xx_HAL_Driver/Src/stm32f4xx_hal_flash.c ****   if (__HAL_FLASH_GET_FLAG(FLASH_FLAG_PGPERR) != RESET)
 263              		.loc 1 723 3 view .LVU59
 264              		.loc 1 723 7 is_stmt 0 view .LVU60
 265 0034 1A4B     		ldr	r3, .L21
 266 0036 DB68     		ldr	r3, [r3, #12]
 267              		.loc 1 723 6 view .LVU61
 268 0038 13F0400F 		tst	r3, #64
 269 003c 07D0     		beq	.L17
 724:board/stm32f401rct6/Drivers/STM32F4xx_HAL_Driver/Src/stm32f4xx_hal_flash.c ****   {
 725:board/stm32f401rct6/Drivers/STM32F4xx_HAL_Driver/Src/stm32f4xx_hal_flash.c ****     pFlash.ErrorCode |= HAL_FLASH_ERROR_PGP;
 270              		.loc 1 725 5 is_stmt 1 view .LVU62
 271              		.loc 1 725 22 is_stmt 0 view .LVU63
 272 003e 194A     		ldr	r2, .L21+4
 273 0040 D369     		ldr	r3, [r2, #28]
 274 0042 43F00403 		orr	r3, r3, #4
 275 0046 D361     		str	r3, [r2, #28]
 726:board/stm32f401rct6/Drivers/STM32F4xx_HAL_Driver/Src/stm32f4xx_hal_flash.c **** 
 727:board/stm32f401rct6/Drivers/STM32F4xx_HAL_Driver/Src/stm32f4xx_hal_flash.c ****     /* Clear FLASH Programming parallelism error pending bit */
 728:board/stm32f401rct6/Drivers/STM32F4xx_HAL_Driver/Src/stm32f4xx_hal_flash.c ****     __HAL_FLASH_CLEAR_FLAG(FLASH_FLAG_PGPERR);
ARM GAS  C:\Users\Admin\AppData\Local\Temp\ccWH8QQR.s 			page 23


 276              		.loc 1 728 5 is_stmt 1 view .LVU64
 277 0048 154B     		ldr	r3, .L21
 278 004a 4022     		movs	r2, #64
 279 004c DA60     		str	r2, [r3, #12]
 280              	.L17:
 729:board/stm32f401rct6/Drivers/STM32F4xx_HAL_Driver/Src/stm32f4xx_hal_flash.c ****   }
 730:board/stm32f401rct6/Drivers/STM32F4xx_HAL_Driver/Src/stm32f4xx_hal_flash.c **** 
 731:board/stm32f401rct6/Drivers/STM32F4xx_HAL_Driver/Src/stm32f4xx_hal_flash.c ****   if (__HAL_FLASH_GET_FLAG(FLASH_FLAG_PGSERR) != RESET)
 281              		.loc 1 731 3 view .LVU65
 282              		.loc 1 731 7 is_stmt 0 view .LVU66
 283 004e 144B     		ldr	r3, .L21
 284 0050 DB68     		ldr	r3, [r3, #12]
 285              		.loc 1 731 6 view .LVU67
 286 0052 13F0800F 		tst	r3, #128
 287 0056 07D0     		beq	.L18
 732:board/stm32f401rct6/Drivers/STM32F4xx_HAL_Driver/Src/stm32f4xx_hal_flash.c ****   {
 733:board/stm32f401rct6/Drivers/STM32F4xx_HAL_Driver/Src/stm32f4xx_hal_flash.c ****     pFlash.ErrorCode |= HAL_FLASH_ERROR_PGS;
 288              		.loc 1 733 5 is_stmt 1 view .LVU68
 289              		.loc 1 733 22 is_stmt 0 view .LVU69
 290 0058 124A     		ldr	r2, .L21+4
 291 005a D369     		ldr	r3, [r2, #28]
 292 005c 43F00203 		orr	r3, r3, #2
 293 0060 D361     		str	r3, [r2, #28]
 734:board/stm32f401rct6/Drivers/STM32F4xx_HAL_Driver/Src/stm32f4xx_hal_flash.c **** 
 735:board/stm32f401rct6/Drivers/STM32F4xx_HAL_Driver/Src/stm32f4xx_hal_flash.c ****     /* Clear FLASH Programming sequence error pending bit */
 736:board/stm32f401rct6/Drivers/STM32F4xx_HAL_Driver/Src/stm32f4xx_hal_flash.c ****     __HAL_FLASH_CLEAR_FLAG(FLASH_FLAG_PGSERR);
 294              		.loc 1 736 5 is_stmt 1 view .LVU70
 295 0062 0F4B     		ldr	r3, .L21
 296 0064 8022     		movs	r2, #128
 297 0066 DA60     		str	r2, [r3, #12]
 298              	.L18:
 737:board/stm32f401rct6/Drivers/STM32F4xx_HAL_Driver/Src/stm32f4xx_hal_flash.c ****   }
 738:board/stm32f401rct6/Drivers/STM32F4xx_HAL_Driver/Src/stm32f4xx_hal_flash.c **** #if defined(FLASH_SR_RDERR)
 739:board/stm32f401rct6/Drivers/STM32F4xx_HAL_Driver/Src/stm32f4xx_hal_flash.c ****   if (__HAL_FLASH_GET_FLAG(FLASH_FLAG_RDERR) != RESET)
 299              		.loc 1 739 3 view .LVU71
 300              		.loc 1 739 7 is_stmt 0 view .LVU72
 301 0068 0D4B     		ldr	r3, .L21
 302 006a DB68     		ldr	r3, [r3, #12]
 303              		.loc 1 739 6 view .LVU73
 304 006c 13F4807F 		tst	r3, #256
 305 0070 08D0     		beq	.L19
 740:board/stm32f401rct6/Drivers/STM32F4xx_HAL_Driver/Src/stm32f4xx_hal_flash.c ****   {
 741:board/stm32f401rct6/Drivers/STM32F4xx_HAL_Driver/Src/stm32f4xx_hal_flash.c ****     pFlash.ErrorCode |= HAL_FLASH_ERROR_RD;
 306              		.loc 1 741 5 is_stmt 1 view .LVU74
 307              		.loc 1 741 22 is_stmt 0 view .LVU75
 308 0072 0C4A     		ldr	r2, .L21+4
 309 0074 D369     		ldr	r3, [r2, #28]
 310 0076 43F00103 		orr	r3, r3, #1
 311 007a D361     		str	r3, [r2, #28]
 742:board/stm32f401rct6/Drivers/STM32F4xx_HAL_Driver/Src/stm32f4xx_hal_flash.c **** 
 743:board/stm32f401rct6/Drivers/STM32F4xx_HAL_Driver/Src/stm32f4xx_hal_flash.c ****     /* Clear FLASH Proprietary readout protection error pending bit */
 744:board/stm32f401rct6/Drivers/STM32F4xx_HAL_Driver/Src/stm32f4xx_hal_flash.c ****     __HAL_FLASH_CLEAR_FLAG(FLASH_FLAG_RDERR);
 312              		.loc 1 744 5 is_stmt 1 view .LVU76
 313 007c 084B     		ldr	r3, .L21
 314 007e 4FF48072 		mov	r2, #256
 315 0082 DA60     		str	r2, [r3, #12]
 316              	.L19:
ARM GAS  C:\Users\Admin\AppData\Local\Temp\ccWH8QQR.s 			page 24


 745:board/stm32f401rct6/Drivers/STM32F4xx_HAL_Driver/Src/stm32f4xx_hal_flash.c ****   }
 746:board/stm32f401rct6/Drivers/STM32F4xx_HAL_Driver/Src/stm32f4xx_hal_flash.c **** #endif /* FLASH_SR_RDERR */
 747:board/stm32f401rct6/Drivers/STM32F4xx_HAL_Driver/Src/stm32f4xx_hal_flash.c ****   if (__HAL_FLASH_GET_FLAG(FLASH_FLAG_OPERR) != RESET)
 317              		.loc 1 747 3 view .LVU77
 318              		.loc 1 747 7 is_stmt 0 view .LVU78
 319 0084 064B     		ldr	r3, .L21
 320 0086 DB68     		ldr	r3, [r3, #12]
 321              		.loc 1 747 6 view .LVU79
 322 0088 13F0020F 		tst	r3, #2
 323 008c 07D0     		beq	.L14
 748:board/stm32f401rct6/Drivers/STM32F4xx_HAL_Driver/Src/stm32f4xx_hal_flash.c ****   {
 749:board/stm32f401rct6/Drivers/STM32F4xx_HAL_Driver/Src/stm32f4xx_hal_flash.c ****     pFlash.ErrorCode |= HAL_FLASH_ERROR_OPERATION;
 324              		.loc 1 749 5 is_stmt 1 view .LVU80
 325              		.loc 1 749 22 is_stmt 0 view .LVU81
 326 008e 054A     		ldr	r2, .L21+4
 327 0090 D369     		ldr	r3, [r2, #28]
 328 0092 43F02003 		orr	r3, r3, #32
 329 0096 D361     		str	r3, [r2, #28]
 750:board/stm32f401rct6/Drivers/STM32F4xx_HAL_Driver/Src/stm32f4xx_hal_flash.c **** 
 751:board/stm32f401rct6/Drivers/STM32F4xx_HAL_Driver/Src/stm32f4xx_hal_flash.c ****     /* Clear FLASH Operation error pending bit */
 752:board/stm32f401rct6/Drivers/STM32F4xx_HAL_Driver/Src/stm32f4xx_hal_flash.c ****     __HAL_FLASH_CLEAR_FLAG(FLASH_FLAG_OPERR);
 330              		.loc 1 752 5 is_stmt 1 view .LVU82
 331 0098 014B     		ldr	r3, .L21
 332 009a 0222     		movs	r2, #2
 333 009c DA60     		str	r2, [r3, #12]
 334              	.L14:
 753:board/stm32f401rct6/Drivers/STM32F4xx_HAL_Driver/Src/stm32f4xx_hal_flash.c ****   }
 754:board/stm32f401rct6/Drivers/STM32F4xx_HAL_Driver/Src/stm32f4xx_hal_flash.c **** }
 335              		.loc 1 754 1 is_stmt 0 view .LVU83
 336 009e 7047     		bx	lr
 337              	.L22:
 338              		.align	2
 339              	.L21:
 340 00a0 003C0240 		.word	1073888256
 341 00a4 00000000 		.word	.LANCHOR0
 342              		.cfi_endproc
 343              	.LFE236:
 345              		.section	.text.HAL_FLASH_Program_IT,"ax",%progbits
 346              		.align	1
 347              		.global	HAL_FLASH_Program_IT
 348              		.syntax unified
 349              		.thumb
 350              		.thumb_func
 352              	HAL_FLASH_Program_IT:
 353              	.LVL4:
 354              	.LFB221:
 213:board/stm32f401rct6/Drivers/STM32F4xx_HAL_Driver/Src/stm32f4xx_hal_flash.c ****   HAL_StatusTypeDef status = HAL_OK;
 355              		.loc 1 213 1 is_stmt 1 view -0
 356              		.cfi_startproc
 357              		@ args = 0, pretend = 0, frame = 0
 358              		@ frame_needed = 0, uses_anonymous_args = 0
 213:board/stm32f401rct6/Drivers/STM32F4xx_HAL_Driver/Src/stm32f4xx_hal_flash.c ****   HAL_StatusTypeDef status = HAL_OK;
 359              		.loc 1 213 1 is_stmt 0 view .LVU85
 360 0000 70B5     		push	{r4, r5, r6, lr}
 361              	.LCFI2:
 362              		.cfi_def_cfa_offset 16
 363              		.cfi_offset 4, -16
ARM GAS  C:\Users\Admin\AppData\Local\Temp\ccWH8QQR.s 			page 25


 364              		.cfi_offset 5, -12
 365              		.cfi_offset 6, -8
 366              		.cfi_offset 14, -4
 367 0002 0646     		mov	r6, r0
 368 0004 0846     		mov	r0, r1
 369              	.LVL5:
 214:board/stm32f401rct6/Drivers/STM32F4xx_HAL_Driver/Src/stm32f4xx_hal_flash.c **** 
 370              		.loc 1 214 3 is_stmt 1 view .LVU86
 217:board/stm32f401rct6/Drivers/STM32F4xx_HAL_Driver/Src/stm32f4xx_hal_flash.c **** 
 371              		.loc 1 217 3 view .LVU87
 220:board/stm32f401rct6/Drivers/STM32F4xx_HAL_Driver/Src/stm32f4xx_hal_flash.c **** 
 372              		.loc 1 220 3 view .LVU88
 373 0006 114C     		ldr	r4, .L32
 374 0008 2569     		ldr	r5, [r4, #16]
 375 000a 45F08075 		orr	r5, r5, #16777216
 376 000e 2561     		str	r5, [r4, #16]
 223:board/stm32f401rct6/Drivers/STM32F4xx_HAL_Driver/Src/stm32f4xx_hal_flash.c **** 
 377              		.loc 1 223 3 view .LVU89
 378 0010 2569     		ldr	r5, [r4, #16]
 379 0012 45F00075 		orr	r5, r5, #33554432
 380 0016 2561     		str	r5, [r4, #16]
 225:board/stm32f401rct6/Drivers/STM32F4xx_HAL_Driver/Src/stm32f4xx_hal_flash.c ****   pFlash.Address = Address;
 381              		.loc 1 225 3 view .LVU90
 225:board/stm32f401rct6/Drivers/STM32F4xx_HAL_Driver/Src/stm32f4xx_hal_flash.c ****   pFlash.Address = Address;
 382              		.loc 1 225 27 is_stmt 0 view .LVU91
 383 0018 0D49     		ldr	r1, .L32+4
 384              	.LVL6:
 225:board/stm32f401rct6/Drivers/STM32F4xx_HAL_Driver/Src/stm32f4xx_hal_flash.c ****   pFlash.Address = Address;
 385              		.loc 1 225 27 view .LVU92
 386 001a 0324     		movs	r4, #3
 387 001c 0C70     		strb	r4, [r1]
 226:board/stm32f401rct6/Drivers/STM32F4xx_HAL_Driver/Src/stm32f4xx_hal_flash.c **** 
 388              		.loc 1 226 3 is_stmt 1 view .LVU93
 226:board/stm32f401rct6/Drivers/STM32F4xx_HAL_Driver/Src/stm32f4xx_hal_flash.c **** 
 389              		.loc 1 226 18 is_stmt 0 view .LVU94
 390 001e 4861     		str	r0, [r1, #20]
 228:board/stm32f401rct6/Drivers/STM32F4xx_HAL_Driver/Src/stm32f4xx_hal_flash.c ****   {
 391              		.loc 1 228 3 is_stmt 1 view .LVU95
 228:board/stm32f401rct6/Drivers/STM32F4xx_HAL_Driver/Src/stm32f4xx_hal_flash.c ****   {
 392              		.loc 1 228 6 is_stmt 0 view .LVU96
 393 0020 3EB1     		cbz	r6, .L29
 233:board/stm32f401rct6/Drivers/STM32F4xx_HAL_Driver/Src/stm32f4xx_hal_flash.c ****   {
 394              		.loc 1 233 8 is_stmt 1 view .LVU97
 233:board/stm32f401rct6/Drivers/STM32F4xx_HAL_Driver/Src/stm32f4xx_hal_flash.c ****   {
 395              		.loc 1 233 11 is_stmt 0 view .LVU98
 396 0022 012E     		cmp	r6, #1
 397 0024 09D0     		beq	.L30
 238:board/stm32f401rct6/Drivers/STM32F4xx_HAL_Driver/Src/stm32f4xx_hal_flash.c ****   {
 398              		.loc 1 238 8 is_stmt 1 view .LVU99
 238:board/stm32f401rct6/Drivers/STM32F4xx_HAL_Driver/Src/stm32f4xx_hal_flash.c ****   {
 399              		.loc 1 238 11 is_stmt 0 view .LVU100
 400 0026 022E     		cmp	r6, #2
 401 0028 0BD0     		beq	.L31
 246:board/stm32f401rct6/Drivers/STM32F4xx_HAL_Driver/Src/stm32f4xx_hal_flash.c ****   }
 402              		.loc 1 246 5 is_stmt 1 view .LVU101
 403 002a FFF7FEFF 		bl	FLASH_Program_DoubleWord
 404              	.LVL7:
ARM GAS  C:\Users\Admin\AppData\Local\Temp\ccWH8QQR.s 			page 26


 405              	.L25:
 249:board/stm32f401rct6/Drivers/STM32F4xx_HAL_Driver/Src/stm32f4xx_hal_flash.c **** }
 406              		.loc 1 249 3 view .LVU102
 250:board/stm32f401rct6/Drivers/STM32F4xx_HAL_Driver/Src/stm32f4xx_hal_flash.c **** 
 407              		.loc 1 250 1 is_stmt 0 view .LVU103
 408 002e 0020     		movs	r0, #0
 409 0030 70BD     		pop	{r4, r5, r6, pc}
 410              	.LVL8:
 411              	.L29:
 231:board/stm32f401rct6/Drivers/STM32F4xx_HAL_Driver/Src/stm32f4xx_hal_flash.c ****   }
 412              		.loc 1 231 5 is_stmt 1 view .LVU104
 413 0032 D1B2     		uxtb	r1, r2
 414 0034 FFF7FEFF 		bl	FLASH_Program_Byte
 415              	.LVL9:
 231:board/stm32f401rct6/Drivers/STM32F4xx_HAL_Driver/Src/stm32f4xx_hal_flash.c ****   }
 416              		.loc 1 231 5 is_stmt 0 view .LVU105
 417 0038 F9E7     		b	.L25
 418              	.LVL10:
 419              	.L30:
 236:board/stm32f401rct6/Drivers/STM32F4xx_HAL_Driver/Src/stm32f4xx_hal_flash.c ****   }
 420              		.loc 1 236 5 is_stmt 1 view .LVU106
 421 003a 91B2     		uxth	r1, r2
 422 003c FFF7FEFF 		bl	FLASH_Program_HalfWord
 423              	.LVL11:
 236:board/stm32f401rct6/Drivers/STM32F4xx_HAL_Driver/Src/stm32f4xx_hal_flash.c ****   }
 424              		.loc 1 236 5 is_stmt 0 view .LVU107
 425 0040 F5E7     		b	.L25
 426              	.LVL12:
 427              	.L31:
 241:board/stm32f401rct6/Drivers/STM32F4xx_HAL_Driver/Src/stm32f4xx_hal_flash.c ****   }
 428              		.loc 1 241 5 is_stmt 1 view .LVU108
 429 0042 1146     		mov	r1, r2
 430 0044 FFF7FEFF 		bl	FLASH_Program_Word
 431              	.LVL13:
 241:board/stm32f401rct6/Drivers/STM32F4xx_HAL_Driver/Src/stm32f4xx_hal_flash.c ****   }
 432              		.loc 1 241 5 is_stmt 0 view .LVU109
 433 0048 F1E7     		b	.L25
 434              	.L33:
 435 004a 00BF     		.align	2
 436              	.L32:
 437 004c 003C0240 		.word	1073888256
 438 0050 00000000 		.word	.LANCHOR0
 439              		.cfi_endproc
 440              	.LFE221:
 442              		.section	.text.HAL_FLASH_EndOfOperationCallback,"ax",%progbits
 443              		.align	1
 444              		.weak	HAL_FLASH_EndOfOperationCallback
 445              		.syntax unified
 446              		.thumb
 447              		.thumb_func
 449              	HAL_FLASH_EndOfOperationCallback:
 450              	.LVL14:
 451              	.LFB223:
 377:board/stm32f401rct6/Drivers/STM32F4xx_HAL_Driver/Src/stm32f4xx_hal_flash.c ****   /* Prevent unused argument(s) compilation warning */
 452              		.loc 1 377 1 is_stmt 1 view -0
 453              		.cfi_startproc
 454              		@ args = 0, pretend = 0, frame = 0
ARM GAS  C:\Users\Admin\AppData\Local\Temp\ccWH8QQR.s 			page 27


 455              		@ frame_needed = 0, uses_anonymous_args = 0
 456              		@ link register save eliminated.
 379:board/stm32f401rct6/Drivers/STM32F4xx_HAL_Driver/Src/stm32f4xx_hal_flash.c ****   /* NOTE : This function Should not be modified, when the callback is needed,
 457              		.loc 1 379 3 view .LVU111
 383:board/stm32f401rct6/Drivers/STM32F4xx_HAL_Driver/Src/stm32f4xx_hal_flash.c **** 
 458              		.loc 1 383 1 is_stmt 0 view .LVU112
 459 0000 7047     		bx	lr
 460              		.cfi_endproc
 461              	.LFE223:
 463              		.section	.text.HAL_FLASH_OperationErrorCallback,"ax",%progbits
 464              		.align	1
 465              		.weak	HAL_FLASH_OperationErrorCallback
 466              		.syntax unified
 467              		.thumb
 468              		.thumb_func
 470              	HAL_FLASH_OperationErrorCallback:
 471              	.LVL15:
 472              	.LFB224:
 394:board/stm32f401rct6/Drivers/STM32F4xx_HAL_Driver/Src/stm32f4xx_hal_flash.c ****   /* Prevent unused argument(s) compilation warning */
 473              		.loc 1 394 1 is_stmt 1 view -0
 474              		.cfi_startproc
 475              		@ args = 0, pretend = 0, frame = 0
 476              		@ frame_needed = 0, uses_anonymous_args = 0
 477              		@ link register save eliminated.
 396:board/stm32f401rct6/Drivers/STM32F4xx_HAL_Driver/Src/stm32f4xx_hal_flash.c ****   /* NOTE : This function Should not be modified, when the callback is needed,
 478              		.loc 1 396 3 view .LVU114
 400:board/stm32f401rct6/Drivers/STM32F4xx_HAL_Driver/Src/stm32f4xx_hal_flash.c **** 
 479              		.loc 1 400 1 is_stmt 0 view .LVU115
 480 0000 7047     		bx	lr
 481              		.cfi_endproc
 482              	.LFE224:
 484              		.section	.text.HAL_FLASH_IRQHandler,"ax",%progbits
 485              		.align	1
 486              		.global	HAL_FLASH_IRQHandler
 487              		.syntax unified
 488              		.thumb
 489              		.thumb_func
 491              	HAL_FLASH_IRQHandler:
 492              	.LFB222:
 257:board/stm32f401rct6/Drivers/STM32F4xx_HAL_Driver/Src/stm32f4xx_hal_flash.c ****   uint32_t addresstmp = 0U;
 493              		.loc 1 257 1 is_stmt 1 view -0
 494              		.cfi_startproc
 495              		@ args = 0, pretend = 0, frame = 0
 496              		@ frame_needed = 0, uses_anonymous_args = 0
 497 0000 10B5     		push	{r4, lr}
 498              	.LCFI3:
 499              		.cfi_def_cfa_offset 8
 500              		.cfi_offset 4, -8
 501              		.cfi_offset 14, -4
 258:board/stm32f401rct6/Drivers/STM32F4xx_HAL_Driver/Src/stm32f4xx_hal_flash.c **** 
 502              		.loc 1 258 3 view .LVU117
 503              	.LVL16:
 262:board/stm32f401rct6/Drivers/STM32F4xx_HAL_Driver/Src/stm32f4xx_hal_flash.c ****                             FLASH_FLAG_PGPERR | FLASH_FLAG_PGSERR | FLASH_FLAG_RDERR)) != RESET)
 504              		.loc 1 262 3 view .LVU118
 262:board/stm32f401rct6/Drivers/STM32F4xx_HAL_Driver/Src/stm32f4xx_hal_flash.c ****                             FLASH_FLAG_PGPERR | FLASH_FLAG_PGSERR | FLASH_FLAG_RDERR)) != RESET)
 505              		.loc 1 262 7 is_stmt 0 view .LVU119
 506 0002 384B     		ldr	r3, .L52
ARM GAS  C:\Users\Admin\AppData\Local\Temp\ccWH8QQR.s 			page 28


 507 0004 DB68     		ldr	r3, [r3, #12]
 262:board/stm32f401rct6/Drivers/STM32F4xx_HAL_Driver/Src/stm32f4xx_hal_flash.c ****                             FLASH_FLAG_PGPERR | FLASH_FLAG_PGSERR | FLASH_FLAG_RDERR)) != RESET)
 508              		.loc 1 262 6 view .LVU120
 509 0006 13F4F97F 		tst	r3, #498
 510 000a 13D0     		beq	.L37
 269:board/stm32f401rct6/Drivers/STM32F4xx_HAL_Driver/Src/stm32f4xx_hal_flash.c ****     {
 511              		.loc 1 269 5 is_stmt 1 view .LVU121
 269:board/stm32f401rct6/Drivers/STM32F4xx_HAL_Driver/Src/stm32f4xx_hal_flash.c ****     {
 512              		.loc 1 269 15 is_stmt 0 view .LVU122
 513 000c 364B     		ldr	r3, .L52+4
 514 000e 1B78     		ldrb	r3, [r3]	@ zero_extendqisi2
 515 0010 DBB2     		uxtb	r3, r3
 269:board/stm32f401rct6/Drivers/STM32F4xx_HAL_Driver/Src/stm32f4xx_hal_flash.c ****     {
 516              		.loc 1 269 8 view .LVU123
 517 0012 012B     		cmp	r3, #1
 518 0014 38D0     		beq	.L48
 275:board/stm32f401rct6/Drivers/STM32F4xx_HAL_Driver/Src/stm32f4xx_hal_flash.c ****     {
 519              		.loc 1 275 10 is_stmt 1 view .LVU124
 275:board/stm32f401rct6/Drivers/STM32F4xx_HAL_Driver/Src/stm32f4xx_hal_flash.c ****     {
 520              		.loc 1 275 20 is_stmt 0 view .LVU125
 521 0016 344B     		ldr	r3, .L52+4
 522 0018 1B78     		ldrb	r3, [r3]	@ zero_extendqisi2
 523 001a DBB2     		uxtb	r3, r3
 275:board/stm32f401rct6/Drivers/STM32F4xx_HAL_Driver/Src/stm32f4xx_hal_flash.c ****     {
 524              		.loc 1 275 13 view .LVU126
 525 001c 022B     		cmp	r3, #2
 526 001e 39D0     		beq	.L49
 283:board/stm32f401rct6/Drivers/STM32F4xx_HAL_Driver/Src/stm32f4xx_hal_flash.c ****     }
 527              		.loc 1 283 7 is_stmt 1 view .LVU127
 283:board/stm32f401rct6/Drivers/STM32F4xx_HAL_Driver/Src/stm32f4xx_hal_flash.c ****     }
 528              		.loc 1 283 18 is_stmt 0 view .LVU128
 529 0020 314B     		ldr	r3, .L52+4
 530 0022 5C69     		ldr	r4, [r3, #20]
 531              	.LVL17:
 532              	.L39:
 287:board/stm32f401rct6/Drivers/STM32F4xx_HAL_Driver/Src/stm32f4xx_hal_flash.c **** 
 533              		.loc 1 287 5 is_stmt 1 view .LVU129
 534 0024 FFF7FEFF 		bl	FLASH_SetErrorCode
 535              	.LVL18:
 290:board/stm32f401rct6/Drivers/STM32F4xx_HAL_Driver/Src/stm32f4xx_hal_flash.c **** 
 536              		.loc 1 290 5 view .LVU130
 537 0028 2046     		mov	r0, r4
 538 002a FFF7FEFF 		bl	HAL_FLASH_OperationErrorCallback
 539              	.LVL19:
 293:board/stm32f401rct6/Drivers/STM32F4xx_HAL_Driver/Src/stm32f4xx_hal_flash.c ****   }
 540              		.loc 1 293 5 view .LVU131
 293:board/stm32f401rct6/Drivers/STM32F4xx_HAL_Driver/Src/stm32f4xx_hal_flash.c ****   }
 541              		.loc 1 293 29 is_stmt 0 view .LVU132
 542 002e 2E4B     		ldr	r3, .L52+4
 543 0030 0022     		movs	r2, #0
 544 0032 1A70     		strb	r2, [r3]
 545              	.LVL20:
 546              	.L37:
 297:board/stm32f401rct6/Drivers/STM32F4xx_HAL_Driver/Src/stm32f4xx_hal_flash.c ****   {
 547              		.loc 1 297 3 is_stmt 1 view .LVU133
 297:board/stm32f401rct6/Drivers/STM32F4xx_HAL_Driver/Src/stm32f4xx_hal_flash.c ****   {
 548              		.loc 1 297 7 is_stmt 0 view .LVU134
ARM GAS  C:\Users\Admin\AppData\Local\Temp\ccWH8QQR.s 			page 29


 549 0034 2B4B     		ldr	r3, .L52
 550 0036 DB68     		ldr	r3, [r3, #12]
 297:board/stm32f401rct6/Drivers/STM32F4xx_HAL_Driver/Src/stm32f4xx_hal_flash.c ****   {
 551              		.loc 1 297 6 view .LVU135
 552 0038 13F0010F 		tst	r3, #1
 553 003c 13D0     		beq	.L41
 300:board/stm32f401rct6/Drivers/STM32F4xx_HAL_Driver/Src/stm32f4xx_hal_flash.c **** 
 554              		.loc 1 300 5 is_stmt 1 view .LVU136
 555 003e 294B     		ldr	r3, .L52
 556 0040 0122     		movs	r2, #1
 557 0042 DA60     		str	r2, [r3, #12]
 302:board/stm32f401rct6/Drivers/STM32F4xx_HAL_Driver/Src/stm32f4xx_hal_flash.c ****     {
 558              		.loc 1 302 5 view .LVU137
 302:board/stm32f401rct6/Drivers/STM32F4xx_HAL_Driver/Src/stm32f4xx_hal_flash.c ****     {
 559              		.loc 1 302 15 is_stmt 0 view .LVU138
 560 0044 284B     		ldr	r3, .L52+4
 561 0046 1B78     		ldrb	r3, [r3]	@ zero_extendqisi2
 562 0048 DBB2     		uxtb	r3, r3
 302:board/stm32f401rct6/Drivers/STM32F4xx_HAL_Driver/Src/stm32f4xx_hal_flash.c ****     {
 563              		.loc 1 302 8 view .LVU139
 564 004a 9342     		cmp	r3, r2
 565 004c 25D0     		beq	.L50
 335:board/stm32f401rct6/Drivers/STM32F4xx_HAL_Driver/Src/stm32f4xx_hal_flash.c ****       {
 566              		.loc 1 335 7 is_stmt 1 view .LVU140
 335:board/stm32f401rct6/Drivers/STM32F4xx_HAL_Driver/Src/stm32f4xx_hal_flash.c ****       {
 567              		.loc 1 335 17 is_stmt 0 view .LVU141
 568 004e 264B     		ldr	r3, .L52+4
 569 0050 1B78     		ldrb	r3, [r3]	@ zero_extendqisi2
 570 0052 DBB2     		uxtb	r3, r3
 335:board/stm32f401rct6/Drivers/STM32F4xx_HAL_Driver/Src/stm32f4xx_hal_flash.c ****       {
 571              		.loc 1 335 10 view .LVU142
 572 0054 022B     		cmp	r3, #2
 573 0056 3ED0     		beq	.L51
 348:board/stm32f401rct6/Drivers/STM32F4xx_HAL_Driver/Src/stm32f4xx_hal_flash.c ****       }
 574              		.loc 1 348 9 is_stmt 1 view .LVU143
 575 0058 234B     		ldr	r3, .L52+4
 576 005a 5869     		ldr	r0, [r3, #20]
 577 005c FFF7FEFF 		bl	HAL_FLASH_EndOfOperationCallback
 578              	.LVL21:
 579              	.L45:
 350:board/stm32f401rct6/Drivers/STM32F4xx_HAL_Driver/Src/stm32f4xx_hal_flash.c ****     }
 580              		.loc 1 350 7 view .LVU144
 350:board/stm32f401rct6/Drivers/STM32F4xx_HAL_Driver/Src/stm32f4xx_hal_flash.c ****     }
 581              		.loc 1 350 31 is_stmt 0 view .LVU145
 582 0060 214B     		ldr	r3, .L52+4
 583 0062 0022     		movs	r2, #0
 584 0064 1A70     		strb	r2, [r3]
 585              	.L41:
 354:board/stm32f401rct6/Drivers/STM32F4xx_HAL_Driver/Src/stm32f4xx_hal_flash.c ****   {
 586              		.loc 1 354 3 is_stmt 1 view .LVU146
 354:board/stm32f401rct6/Drivers/STM32F4xx_HAL_Driver/Src/stm32f4xx_hal_flash.c ****   {
 587              		.loc 1 354 13 is_stmt 0 view .LVU147
 588 0066 204B     		ldr	r3, .L52+4
 589 0068 1B78     		ldrb	r3, [r3]	@ zero_extendqisi2
 354:board/stm32f401rct6/Drivers/STM32F4xx_HAL_Driver/Src/stm32f4xx_hal_flash.c ****   {
 590              		.loc 1 354 6 view .LVU148
 591 006a 63B9     		cbnz	r3, .L36
ARM GAS  C:\Users\Admin\AppData\Local\Temp\ccWH8QQR.s 			page 30


 357:board/stm32f401rct6/Drivers/STM32F4xx_HAL_Driver/Src/stm32f4xx_hal_flash.c **** 
 592              		.loc 1 357 5 is_stmt 1 view .LVU149
 593 006c 1D4B     		ldr	r3, .L52
 594 006e 1A69     		ldr	r2, [r3, #16]
 595 0070 22F0FF02 		bic	r2, r2, #255
 596 0074 1A61     		str	r2, [r3, #16]
 360:board/stm32f401rct6/Drivers/STM32F4xx_HAL_Driver/Src/stm32f4xx_hal_flash.c **** 
 597              		.loc 1 360 5 view .LVU150
 598 0076 1A69     		ldr	r2, [r3, #16]
 599 0078 22F08072 		bic	r2, r2, #16777216
 600 007c 1A61     		str	r2, [r3, #16]
 363:board/stm32f401rct6/Drivers/STM32F4xx_HAL_Driver/Src/stm32f4xx_hal_flash.c ****   }
 601              		.loc 1 363 5 view .LVU151
 602 007e 1A69     		ldr	r2, [r3, #16]
 603 0080 22F00072 		bic	r2, r2, #33554432
 604 0084 1A61     		str	r2, [r3, #16]
 605              	.L36:
 365:board/stm32f401rct6/Drivers/STM32F4xx_HAL_Driver/Src/stm32f4xx_hal_flash.c **** 
 606              		.loc 1 365 1 is_stmt 0 view .LVU152
 607 0086 10BD     		pop	{r4, pc}
 608              	.LVL22:
 609              	.L48:
 272:board/stm32f401rct6/Drivers/STM32F4xx_HAL_Driver/Src/stm32f4xx_hal_flash.c ****       pFlash.Sector = 0xFFFFFFFFU;
 610              		.loc 1 272 7 is_stmt 1 view .LVU153
 272:board/stm32f401rct6/Drivers/STM32F4xx_HAL_Driver/Src/stm32f4xx_hal_flash.c ****       pFlash.Sector = 0xFFFFFFFFU;
 611              		.loc 1 272 18 is_stmt 0 view .LVU154
 612 0088 174B     		ldr	r3, .L52+4
 613 008a DC68     		ldr	r4, [r3, #12]
 614              	.LVL23:
 273:board/stm32f401rct6/Drivers/STM32F4xx_HAL_Driver/Src/stm32f4xx_hal_flash.c ****     }
 615              		.loc 1 273 7 is_stmt 1 view .LVU155
 273:board/stm32f401rct6/Drivers/STM32F4xx_HAL_Driver/Src/stm32f4xx_hal_flash.c ****     }
 616              		.loc 1 273 21 is_stmt 0 view .LVU156
 617 008c 4FF0FF32 		mov	r2, #-1
 618 0090 DA60     		str	r2, [r3, #12]
 619 0092 C7E7     		b	.L39
 620              	.LVL24:
 621              	.L49:
 278:board/stm32f401rct6/Drivers/STM32F4xx_HAL_Driver/Src/stm32f4xx_hal_flash.c ****     }
 622              		.loc 1 278 7 is_stmt 1 view .LVU157
 278:board/stm32f401rct6/Drivers/STM32F4xx_HAL_Driver/Src/stm32f4xx_hal_flash.c ****     }
 623              		.loc 1 278 18 is_stmt 0 view .LVU158
 624 0094 144B     		ldr	r3, .L52+4
 625 0096 1C69     		ldr	r4, [r3, #16]
 626              	.LVL25:
 278:board/stm32f401rct6/Drivers/STM32F4xx_HAL_Driver/Src/stm32f4xx_hal_flash.c ****     }
 627              		.loc 1 278 18 view .LVU159
 628 0098 C4E7     		b	.L39
 629              	.LVL26:
 630              	.L50:
 305:board/stm32f401rct6/Drivers/STM32F4xx_HAL_Driver/Src/stm32f4xx_hal_flash.c **** 
 631              		.loc 1 305 7 is_stmt 1 view .LVU160
 305:board/stm32f401rct6/Drivers/STM32F4xx_HAL_Driver/Src/stm32f4xx_hal_flash.c **** 
 632              		.loc 1 305 13 is_stmt 0 view .LVU161
 633 009a 134B     		ldr	r3, .L52+4
 634 009c 5A68     		ldr	r2, [r3, #4]
 305:board/stm32f401rct6/Drivers/STM32F4xx_HAL_Driver/Src/stm32f4xx_hal_flash.c **** 
ARM GAS  C:\Users\Admin\AppData\Local\Temp\ccWH8QQR.s 			page 31


 635              		.loc 1 305 30 view .LVU162
 636 009e 013A     		subs	r2, r2, #1
 637 00a0 5A60     		str	r2, [r3, #4]
 308:board/stm32f401rct6/Drivers/STM32F4xx_HAL_Driver/Src/stm32f4xx_hal_flash.c ****       {
 638              		.loc 1 308 7 is_stmt 1 view .LVU163
 308:board/stm32f401rct6/Drivers/STM32F4xx_HAL_Driver/Src/stm32f4xx_hal_flash.c ****       {
 639              		.loc 1 308 17 is_stmt 0 view .LVU164
 640 00a2 5B68     		ldr	r3, [r3, #4]
 308:board/stm32f401rct6/Drivers/STM32F4xx_HAL_Driver/Src/stm32f4xx_hal_flash.c ****       {
 641              		.loc 1 308 10 view .LVU165
 642 00a4 5BB1     		cbz	r3, .L43
 310:board/stm32f401rct6/Drivers/STM32F4xx_HAL_Driver/Src/stm32f4xx_hal_flash.c ****         /*Indicate user which sector has been erased*/
 643              		.loc 1 310 9 is_stmt 1 view .LVU166
 310:board/stm32f401rct6/Drivers/STM32F4xx_HAL_Driver/Src/stm32f4xx_hal_flash.c ****         /*Indicate user which sector has been erased*/
 644              		.loc 1 310 20 is_stmt 0 view .LVU167
 645 00a6 104C     		ldr	r4, .L52+4
 646 00a8 E068     		ldr	r0, [r4, #12]
 647              	.LVL27:
 312:board/stm32f401rct6/Drivers/STM32F4xx_HAL_Driver/Src/stm32f4xx_hal_flash.c **** 
 648              		.loc 1 312 9 is_stmt 1 view .LVU168
 649 00aa FFF7FEFF 		bl	HAL_FLASH_EndOfOperationCallback
 650              	.LVL28:
 315:board/stm32f401rct6/Drivers/STM32F4xx_HAL_Driver/Src/stm32f4xx_hal_flash.c ****         addresstmp = pFlash.Sector;
 651              		.loc 1 315 9 view .LVU169
 315:board/stm32f401rct6/Drivers/STM32F4xx_HAL_Driver/Src/stm32f4xx_hal_flash.c ****         addresstmp = pFlash.Sector;
 652              		.loc 1 315 15 is_stmt 0 view .LVU170
 653 00ae E368     		ldr	r3, [r4, #12]
 315:board/stm32f401rct6/Drivers/STM32F4xx_HAL_Driver/Src/stm32f4xx_hal_flash.c ****         addresstmp = pFlash.Sector;
 654              		.loc 1 315 22 view .LVU171
 655 00b0 0133     		adds	r3, r3, #1
 656 00b2 E360     		str	r3, [r4, #12]
 316:board/stm32f401rct6/Drivers/STM32F4xx_HAL_Driver/Src/stm32f4xx_hal_flash.c ****         FLASH_Erase_Sector(addresstmp, pFlash.VoltageForErase);
 657              		.loc 1 316 9 is_stmt 1 view .LVU172
 316:board/stm32f401rct6/Drivers/STM32F4xx_HAL_Driver/Src/stm32f4xx_hal_flash.c ****         FLASH_Erase_Sector(addresstmp, pFlash.VoltageForErase);
 658              		.loc 1 316 20 is_stmt 0 view .LVU173
 659 00b4 E068     		ldr	r0, [r4, #12]
 660              	.LVL29:
 317:board/stm32f401rct6/Drivers/STM32F4xx_HAL_Driver/Src/stm32f4xx_hal_flash.c ****       }
 661              		.loc 1 317 9 is_stmt 1 view .LVU174
 662 00b6 217A     		ldrb	r1, [r4, #8]	@ zero_extendqisi2
 663 00b8 FFF7FEFF 		bl	FLASH_Erase_Sector
 664              	.LVL30:
 317:board/stm32f401rct6/Drivers/STM32F4xx_HAL_Driver/Src/stm32f4xx_hal_flash.c ****       }
 665              		.loc 1 317 9 is_stmt 0 view .LVU175
 666 00bc D3E7     		b	.L41
 667              	.L43:
 323:board/stm32f401rct6/Drivers/STM32F4xx_HAL_Driver/Src/stm32f4xx_hal_flash.c ****         pFlash.ProcedureOnGoing = FLASH_PROC_NONE;
 668              		.loc 1 323 9 is_stmt 1 view .LVU176
 669              	.LVL31:
 323:board/stm32f401rct6/Drivers/STM32F4xx_HAL_Driver/Src/stm32f4xx_hal_flash.c ****         pFlash.ProcedureOnGoing = FLASH_PROC_NONE;
 670              		.loc 1 323 23 is_stmt 0 view .LVU177
 671 00be 0A4B     		ldr	r3, .L52+4
 672 00c0 4FF0FF34 		mov	r4, #-1
 673 00c4 DC60     		str	r4, [r3, #12]
 324:board/stm32f401rct6/Drivers/STM32F4xx_HAL_Driver/Src/stm32f4xx_hal_flash.c **** 
 674              		.loc 1 324 9 is_stmt 1 view .LVU178
 324:board/stm32f401rct6/Drivers/STM32F4xx_HAL_Driver/Src/stm32f4xx_hal_flash.c **** 
ARM GAS  C:\Users\Admin\AppData\Local\Temp\ccWH8QQR.s 			page 32


 675              		.loc 1 324 33 is_stmt 0 view .LVU179
 676 00c6 0022     		movs	r2, #0
 677 00c8 1A70     		strb	r2, [r3]
 327:board/stm32f401rct6/Drivers/STM32F4xx_HAL_Driver/Src/stm32f4xx_hal_flash.c **** 
 678              		.loc 1 327 9 is_stmt 1 view .LVU180
 679 00ca FFF7FEFF 		bl	FLASH_FlushCaches
 680              	.LVL32:
 330:board/stm32f401rct6/Drivers/STM32F4xx_HAL_Driver/Src/stm32f4xx_hal_flash.c ****       }
 681              		.loc 1 330 9 view .LVU181
 682 00ce 2046     		mov	r0, r4
 683 00d0 FFF7FEFF 		bl	HAL_FLASH_EndOfOperationCallback
 684              	.LVL33:
 685 00d4 C7E7     		b	.L41
 686              	.LVL34:
 687              	.L51:
 339:board/stm32f401rct6/Drivers/STM32F4xx_HAL_Driver/Src/stm32f4xx_hal_flash.c **** 
 688              		.loc 1 339 9 view .LVU182
 689 00d6 FFF7FEFF 		bl	FLASH_FlushCaches
 690              	.LVL35:
 342:board/stm32f401rct6/Drivers/STM32F4xx_HAL_Driver/Src/stm32f4xx_hal_flash.c ****       }
 691              		.loc 1 342 9 view .LVU183
 692 00da 034B     		ldr	r3, .L52+4
 693 00dc 1869     		ldr	r0, [r3, #16]
 694 00de FFF7FEFF 		bl	HAL_FLASH_EndOfOperationCallback
 695              	.LVL36:
 696 00e2 BDE7     		b	.L45
 697              	.L53:
 698              		.align	2
 699              	.L52:
 700 00e4 003C0240 		.word	1073888256
 701 00e8 00000000 		.word	.LANCHOR0
 702              		.cfi_endproc
 703              	.LFE222:
 705              		.section	.text.HAL_FLASH_Unlock,"ax",%progbits
 706              		.align	1
 707              		.global	HAL_FLASH_Unlock
 708              		.syntax unified
 709              		.thumb
 710              		.thumb_func
 712              	HAL_FLASH_Unlock:
 713              	.LFB225:
 426:board/stm32f401rct6/Drivers/STM32F4xx_HAL_Driver/Src/stm32f4xx_hal_flash.c ****   HAL_StatusTypeDef status = HAL_OK;
 714              		.loc 1 426 1 view -0
 715              		.cfi_startproc
 716              		@ args = 0, pretend = 0, frame = 0
 717              		@ frame_needed = 0, uses_anonymous_args = 0
 718              		@ link register save eliminated.
 427:board/stm32f401rct6/Drivers/STM32F4xx_HAL_Driver/Src/stm32f4xx_hal_flash.c **** 
 719              		.loc 1 427 3 view .LVU185
 720              	.LVL37:
 429:board/stm32f401rct6/Drivers/STM32F4xx_HAL_Driver/Src/stm32f4xx_hal_flash.c ****   {
 721              		.loc 1 429 3 view .LVU186
 429:board/stm32f401rct6/Drivers/STM32F4xx_HAL_Driver/Src/stm32f4xx_hal_flash.c ****   {
 722              		.loc 1 429 7 is_stmt 0 view .LVU187
 723 0000 094B     		ldr	r3, .L59
 724 0002 1B69     		ldr	r3, [r3, #16]
 429:board/stm32f401rct6/Drivers/STM32F4xx_HAL_Driver/Src/stm32f4xx_hal_flash.c ****   {
ARM GAS  C:\Users\Admin\AppData\Local\Temp\ccWH8QQR.s 			page 33


 725              		.loc 1 429 6 view .LVU188
 726 0004 002B     		cmp	r3, #0
 727 0006 01DB     		blt	.L58
 427:board/stm32f401rct6/Drivers/STM32F4xx_HAL_Driver/Src/stm32f4xx_hal_flash.c **** 
 728              		.loc 1 427 21 view .LVU189
 729 0008 0020     		movs	r0, #0
 730 000a 7047     		bx	lr
 731              	.L58:
 432:board/stm32f401rct6/Drivers/STM32F4xx_HAL_Driver/Src/stm32f4xx_hal_flash.c ****     WRITE_REG(FLASH->KEYR, FLASH_KEY2);
 732              		.loc 1 432 5 is_stmt 1 view .LVU190
 733 000c 064B     		ldr	r3, .L59
 734 000e 074A     		ldr	r2, .L59+4
 735 0010 5A60     		str	r2, [r3, #4]
 433:board/stm32f401rct6/Drivers/STM32F4xx_HAL_Driver/Src/stm32f4xx_hal_flash.c **** 
 736              		.loc 1 433 5 view .LVU191
 737 0012 02F18832 		add	r2, r2, #-2004318072
 738 0016 5A60     		str	r2, [r3, #4]
 436:board/stm32f401rct6/Drivers/STM32F4xx_HAL_Driver/Src/stm32f4xx_hal_flash.c ****     {
 739              		.loc 1 436 5 view .LVU192
 436:board/stm32f401rct6/Drivers/STM32F4xx_HAL_Driver/Src/stm32f4xx_hal_flash.c ****     {
 740              		.loc 1 436 9 is_stmt 0 view .LVU193
 741 0018 1B69     		ldr	r3, [r3, #16]
 436:board/stm32f401rct6/Drivers/STM32F4xx_HAL_Driver/Src/stm32f4xx_hal_flash.c ****     {
 742              		.loc 1 436 8 view .LVU194
 743 001a 002B     		cmp	r3, #0
 744 001c 01DB     		blt	.L57
 427:board/stm32f401rct6/Drivers/STM32F4xx_HAL_Driver/Src/stm32f4xx_hal_flash.c **** 
 745              		.loc 1 427 21 view .LVU195
 746 001e 0020     		movs	r0, #0
 747 0020 7047     		bx	lr
 748              	.L57:
 438:board/stm32f401rct6/Drivers/STM32F4xx_HAL_Driver/Src/stm32f4xx_hal_flash.c ****     }
 749              		.loc 1 438 14 view .LVU196
 750 0022 0120     		movs	r0, #1
 751              	.LVL38:
 442:board/stm32f401rct6/Drivers/STM32F4xx_HAL_Driver/Src/stm32f4xx_hal_flash.c **** }
 752              		.loc 1 442 3 is_stmt 1 view .LVU197
 443:board/stm32f401rct6/Drivers/STM32F4xx_HAL_Driver/Src/stm32f4xx_hal_flash.c **** 
 753              		.loc 1 443 1 is_stmt 0 view .LVU198
 754 0024 7047     		bx	lr
 755              	.L60:
 756 0026 00BF     		.align	2
 757              	.L59:
 758 0028 003C0240 		.word	1073888256
 759 002c 23016745 		.word	1164378403
 760              		.cfi_endproc
 761              	.LFE225:
 763              		.section	.text.HAL_FLASH_Lock,"ax",%progbits
 764              		.align	1
 765              		.global	HAL_FLASH_Lock
 766              		.syntax unified
 767              		.thumb
 768              		.thumb_func
 770              	HAL_FLASH_Lock:
 771              	.LFB226:
 450:board/stm32f401rct6/Drivers/STM32F4xx_HAL_Driver/Src/stm32f4xx_hal_flash.c ****   /* Set the LOCK Bit to lock the FLASH Registers access */
 772              		.loc 1 450 1 is_stmt 1 view -0
ARM GAS  C:\Users\Admin\AppData\Local\Temp\ccWH8QQR.s 			page 34


 773              		.cfi_startproc
 774              		@ args = 0, pretend = 0, frame = 0
 775              		@ frame_needed = 0, uses_anonymous_args = 0
 776              		@ link register save eliminated.
 452:board/stm32f401rct6/Drivers/STM32F4xx_HAL_Driver/Src/stm32f4xx_hal_flash.c **** 
 777              		.loc 1 452 3 view .LVU200
 452:board/stm32f401rct6/Drivers/STM32F4xx_HAL_Driver/Src/stm32f4xx_hal_flash.c **** 
 778              		.loc 1 452 13 is_stmt 0 view .LVU201
 779 0000 034A     		ldr	r2, .L62
 780 0002 1369     		ldr	r3, [r2, #16]
 781 0004 43F00043 		orr	r3, r3, #-2147483648
 782 0008 1361     		str	r3, [r2, #16]
 454:board/stm32f401rct6/Drivers/STM32F4xx_HAL_Driver/Src/stm32f4xx_hal_flash.c **** }
 783              		.loc 1 454 3 is_stmt 1 view .LVU202
 455:board/stm32f401rct6/Drivers/STM32F4xx_HAL_Driver/Src/stm32f4xx_hal_flash.c **** 
 784              		.loc 1 455 1 is_stmt 0 view .LVU203
 785 000a 0020     		movs	r0, #0
 786 000c 7047     		bx	lr
 787              	.L63:
 788 000e 00BF     		.align	2
 789              	.L62:
 790 0010 003C0240 		.word	1073888256
 791              		.cfi_endproc
 792              	.LFE226:
 794              		.section	.text.HAL_FLASH_OB_Unlock,"ax",%progbits
 795              		.align	1
 796              		.global	HAL_FLASH_OB_Unlock
 797              		.syntax unified
 798              		.thumb
 799              		.thumb_func
 801              	HAL_FLASH_OB_Unlock:
 802              	.LFB227:
 462:board/stm32f401rct6/Drivers/STM32F4xx_HAL_Driver/Src/stm32f4xx_hal_flash.c ****   if ((FLASH->OPTCR & FLASH_OPTCR_OPTLOCK) != RESET)
 803              		.loc 1 462 1 is_stmt 1 view -0
 804              		.cfi_startproc
 805              		@ args = 0, pretend = 0, frame = 0
 806              		@ frame_needed = 0, uses_anonymous_args = 0
 807              		@ link register save eliminated.
 463:board/stm32f401rct6/Drivers/STM32F4xx_HAL_Driver/Src/stm32f4xx_hal_flash.c ****   {
 808              		.loc 1 463 3 view .LVU205
 463:board/stm32f401rct6/Drivers/STM32F4xx_HAL_Driver/Src/stm32f4xx_hal_flash.c ****   {
 809              		.loc 1 463 13 is_stmt 0 view .LVU206
 810 0000 074B     		ldr	r3, .L67
 811 0002 5B69     		ldr	r3, [r3, #20]
 463:board/stm32f401rct6/Drivers/STM32F4xx_HAL_Driver/Src/stm32f4xx_hal_flash.c ****   {
 812              		.loc 1 463 6 view .LVU207
 813 0004 13F0010F 		tst	r3, #1
 814 0008 07D0     		beq	.L66
 466:board/stm32f401rct6/Drivers/STM32F4xx_HAL_Driver/Src/stm32f4xx_hal_flash.c ****     FLASH->OPTKEYR = FLASH_OPT_KEY2;
 815              		.loc 1 466 5 is_stmt 1 view .LVU208
 466:board/stm32f401rct6/Drivers/STM32F4xx_HAL_Driver/Src/stm32f4xx_hal_flash.c ****     FLASH->OPTKEYR = FLASH_OPT_KEY2;
 816              		.loc 1 466 20 is_stmt 0 view .LVU209
 817 000a 054B     		ldr	r3, .L67
 818 000c 054A     		ldr	r2, .L67+4
 819 000e 9A60     		str	r2, [r3, #8]
 467:board/stm32f401rct6/Drivers/STM32F4xx_HAL_Driver/Src/stm32f4xx_hal_flash.c ****   }
 820              		.loc 1 467 5 is_stmt 1 view .LVU210
ARM GAS  C:\Users\Admin\AppData\Local\Temp\ccWH8QQR.s 			page 35


 467:board/stm32f401rct6/Drivers/STM32F4xx_HAL_Driver/Src/stm32f4xx_hal_flash.c ****   }
 821              		.loc 1 467 20 is_stmt 0 view .LVU211
 822 0010 02F14432 		add	r2, r2, #1145324612
 823 0014 9A60     		str	r2, [r3, #8]
 474:board/stm32f401rct6/Drivers/STM32F4xx_HAL_Driver/Src/stm32f4xx_hal_flash.c **** }
 824              		.loc 1 474 3 is_stmt 1 view .LVU212
 474:board/stm32f401rct6/Drivers/STM32F4xx_HAL_Driver/Src/stm32f4xx_hal_flash.c **** }
 825              		.loc 1 474 10 is_stmt 0 view .LVU213
 826 0016 0020     		movs	r0, #0
 827 0018 7047     		bx	lr
 828              	.L66:
 471:board/stm32f401rct6/Drivers/STM32F4xx_HAL_Driver/Src/stm32f4xx_hal_flash.c ****   }
 829              		.loc 1 471 12 view .LVU214
 830 001a 0120     		movs	r0, #1
 475:board/stm32f401rct6/Drivers/STM32F4xx_HAL_Driver/Src/stm32f4xx_hal_flash.c **** 
 831              		.loc 1 475 1 view .LVU215
 832 001c 7047     		bx	lr
 833              	.L68:
 834 001e 00BF     		.align	2
 835              	.L67:
 836 0020 003C0240 		.word	1073888256
 837 0024 3B2A1908 		.word	135866939
 838              		.cfi_endproc
 839              	.LFE227:
 841              		.section	.text.HAL_FLASH_OB_Lock,"ax",%progbits
 842              		.align	1
 843              		.global	HAL_FLASH_OB_Lock
 844              		.syntax unified
 845              		.thumb
 846              		.thumb_func
 848              	HAL_FLASH_OB_Lock:
 849              	.LFB228:
 482:board/stm32f401rct6/Drivers/STM32F4xx_HAL_Driver/Src/stm32f4xx_hal_flash.c ****   /* Set the OPTLOCK Bit to lock the FLASH Option Byte Registers access */
 850              		.loc 1 482 1 is_stmt 1 view -0
 851              		.cfi_startproc
 852              		@ args = 0, pretend = 0, frame = 0
 853              		@ frame_needed = 0, uses_anonymous_args = 0
 854              		@ link register save eliminated.
 484:board/stm32f401rct6/Drivers/STM32F4xx_HAL_Driver/Src/stm32f4xx_hal_flash.c **** 
 855              		.loc 1 484 3 view .LVU217
 484:board/stm32f401rct6/Drivers/STM32F4xx_HAL_Driver/Src/stm32f4xx_hal_flash.c **** 
 856              		.loc 1 484 16 is_stmt 0 view .LVU218
 857 0000 034A     		ldr	r2, .L70
 858 0002 5369     		ldr	r3, [r2, #20]
 859 0004 43F00103 		orr	r3, r3, #1
 860 0008 5361     		str	r3, [r2, #20]
 486:board/stm32f401rct6/Drivers/STM32F4xx_HAL_Driver/Src/stm32f4xx_hal_flash.c **** }
 861              		.loc 1 486 3 is_stmt 1 view .LVU219
 487:board/stm32f401rct6/Drivers/STM32F4xx_HAL_Driver/Src/stm32f4xx_hal_flash.c **** 
 862              		.loc 1 487 1 is_stmt 0 view .LVU220
 863 000a 0020     		movs	r0, #0
 864 000c 7047     		bx	lr
 865              	.L71:
 866 000e 00BF     		.align	2
 867              	.L70:
 868 0010 003C0240 		.word	1073888256
 869              		.cfi_endproc
ARM GAS  C:\Users\Admin\AppData\Local\Temp\ccWH8QQR.s 			page 36


 870              	.LFE228:
 872              		.section	.text.HAL_FLASH_GetError,"ax",%progbits
 873              		.align	1
 874              		.global	HAL_FLASH_GetError
 875              		.syntax unified
 876              		.thumb
 877              		.thumb_func
 879              	HAL_FLASH_GetError:
 880              	.LFB230:
 531:board/stm32f401rct6/Drivers/STM32F4xx_HAL_Driver/Src/stm32f4xx_hal_flash.c ****   return pFlash.ErrorCode;
 881              		.loc 1 531 1 is_stmt 1 view -0
 882              		.cfi_startproc
 883              		@ args = 0, pretend = 0, frame = 0
 884              		@ frame_needed = 0, uses_anonymous_args = 0
 885              		@ link register save eliminated.
 532:board/stm32f401rct6/Drivers/STM32F4xx_HAL_Driver/Src/stm32f4xx_hal_flash.c **** }
 886              		.loc 1 532 3 view .LVU222
 532:board/stm32f401rct6/Drivers/STM32F4xx_HAL_Driver/Src/stm32f4xx_hal_flash.c **** }
 887              		.loc 1 532 16 is_stmt 0 view .LVU223
 888 0000 014B     		ldr	r3, .L73
 889 0002 D869     		ldr	r0, [r3, #28]
 533:board/stm32f401rct6/Drivers/STM32F4xx_HAL_Driver/Src/stm32f4xx_hal_flash.c **** 
 890              		.loc 1 533 1 view .LVU224
 891 0004 7047     		bx	lr
 892              	.L74:
 893 0006 00BF     		.align	2
 894              	.L73:
 895 0008 00000000 		.word	.LANCHOR0
 896              		.cfi_endproc
 897              	.LFE230:
 899              		.section	.text.FLASH_WaitForLastOperation,"ax",%progbits
 900              		.align	1
 901              		.global	FLASH_WaitForLastOperation
 902              		.syntax unified
 903              		.thumb
 904              		.thumb_func
 906              	FLASH_WaitForLastOperation:
 907              	.LVL39:
 908              	.LFB231:
 545:board/stm32f401rct6/Drivers/STM32F4xx_HAL_Driver/Src/stm32f4xx_hal_flash.c ****   uint32_t tickstart = 0U;
 909              		.loc 1 545 1 is_stmt 1 view -0
 910              		.cfi_startproc
 911              		@ args = 0, pretend = 0, frame = 0
 912              		@ frame_needed = 0, uses_anonymous_args = 0
 545:board/stm32f401rct6/Drivers/STM32F4xx_HAL_Driver/Src/stm32f4xx_hal_flash.c ****   uint32_t tickstart = 0U;
 913              		.loc 1 545 1 is_stmt 0 view .LVU226
 914 0000 38B5     		push	{r3, r4, r5, lr}
 915              	.LCFI4:
 916              		.cfi_def_cfa_offset 16
 917              		.cfi_offset 3, -16
 918              		.cfi_offset 4, -12
 919              		.cfi_offset 5, -8
 920              		.cfi_offset 14, -4
 921 0002 0446     		mov	r4, r0
 546:board/stm32f401rct6/Drivers/STM32F4xx_HAL_Driver/Src/stm32f4xx_hal_flash.c **** 
 922              		.loc 1 546 3 is_stmt 1 view .LVU227
 923              	.LVL40:
ARM GAS  C:\Users\Admin\AppData\Local\Temp\ccWH8QQR.s 			page 37


 549:board/stm32f401rct6/Drivers/STM32F4xx_HAL_Driver/Src/stm32f4xx_hal_flash.c **** 
 924              		.loc 1 549 3 view .LVU228
 549:board/stm32f401rct6/Drivers/STM32F4xx_HAL_Driver/Src/stm32f4xx_hal_flash.c **** 
 925              		.loc 1 549 20 is_stmt 0 view .LVU229
 926 0004 144B     		ldr	r3, .L86
 927 0006 0022     		movs	r2, #0
 928 0008 DA61     		str	r2, [r3, #28]
 555:board/stm32f401rct6/Drivers/STM32F4xx_HAL_Driver/Src/stm32f4xx_hal_flash.c **** 
 929              		.loc 1 555 3 is_stmt 1 view .LVU230
 555:board/stm32f401rct6/Drivers/STM32F4xx_HAL_Driver/Src/stm32f4xx_hal_flash.c **** 
 930              		.loc 1 555 15 is_stmt 0 view .LVU231
 931 000a FFF7FEFF 		bl	HAL_GetTick
 932              	.LVL41:
 555:board/stm32f401rct6/Drivers/STM32F4xx_HAL_Driver/Src/stm32f4xx_hal_flash.c **** 
 933              		.loc 1 555 15 view .LVU232
 934 000e 0546     		mov	r5, r0
 935              	.LVL42:
 557:board/stm32f401rct6/Drivers/STM32F4xx_HAL_Driver/Src/stm32f4xx_hal_flash.c ****   {
 936              		.loc 1 557 3 is_stmt 1 view .LVU233
 937              	.L77:
 557:board/stm32f401rct6/Drivers/STM32F4xx_HAL_Driver/Src/stm32f4xx_hal_flash.c ****   {
 938              		.loc 1 557 9 view .LVU234
 557:board/stm32f401rct6/Drivers/STM32F4xx_HAL_Driver/Src/stm32f4xx_hal_flash.c ****   {
 939              		.loc 1 557 10 is_stmt 0 view .LVU235
 940 0010 124B     		ldr	r3, .L86+4
 941 0012 DB68     		ldr	r3, [r3, #12]
 557:board/stm32f401rct6/Drivers/STM32F4xx_HAL_Driver/Src/stm32f4xx_hal_flash.c ****   {
 942              		.loc 1 557 9 view .LVU236
 943 0014 13F4803F 		tst	r3, #65536
 944 0018 0AD0     		beq	.L84
 559:board/stm32f401rct6/Drivers/STM32F4xx_HAL_Driver/Src/stm32f4xx_hal_flash.c ****     {
 945              		.loc 1 559 5 is_stmt 1 view .LVU237
 559:board/stm32f401rct6/Drivers/STM32F4xx_HAL_Driver/Src/stm32f4xx_hal_flash.c ****     {
 946              		.loc 1 559 8 is_stmt 0 view .LVU238
 947 001a B4F1FF3F 		cmp	r4, #-1
 948 001e F7D0     		beq	.L77
 561:board/stm32f401rct6/Drivers/STM32F4xx_HAL_Driver/Src/stm32f4xx_hal_flash.c ****       {
 949              		.loc 1 561 7 is_stmt 1 view .LVU239
 561:board/stm32f401rct6/Drivers/STM32F4xx_HAL_Driver/Src/stm32f4xx_hal_flash.c ****       {
 950              		.loc 1 561 10 is_stmt 0 view .LVU240
 951 0020 24B1     		cbz	r4, .L78
 561:board/stm32f401rct6/Drivers/STM32F4xx_HAL_Driver/Src/stm32f4xx_hal_flash.c ****       {
 952              		.loc 1 561 32 discriminator 1 view .LVU241
 953 0022 FFF7FEFF 		bl	HAL_GetTick
 954              	.LVL43:
 561:board/stm32f401rct6/Drivers/STM32F4xx_HAL_Driver/Src/stm32f4xx_hal_flash.c ****       {
 955              		.loc 1 561 46 discriminator 1 view .LVU242
 956 0026 401B     		subs	r0, r0, r5
 561:board/stm32f401rct6/Drivers/STM32F4xx_HAL_Driver/Src/stm32f4xx_hal_flash.c ****       {
 957              		.loc 1 561 27 discriminator 1 view .LVU243
 958 0028 A042     		cmp	r0, r4
 959 002a F1D9     		bls	.L77
 960              	.L78:
 563:board/stm32f401rct6/Drivers/STM32F4xx_HAL_Driver/Src/stm32f4xx_hal_flash.c ****       }
 961              		.loc 1 563 9 is_stmt 1 view .LVU244
 563:board/stm32f401rct6/Drivers/STM32F4xx_HAL_Driver/Src/stm32f4xx_hal_flash.c ****       }
 962              		.loc 1 563 16 is_stmt 0 view .LVU245
ARM GAS  C:\Users\Admin\AppData\Local\Temp\ccWH8QQR.s 			page 38


 963 002c 0320     		movs	r0, #3
 964 002e 0DE0     		b	.L79
 965              	.L84:
 569:board/stm32f401rct6/Drivers/STM32F4xx_HAL_Driver/Src/stm32f4xx_hal_flash.c ****   {
 966              		.loc 1 569 3 is_stmt 1 view .LVU246
 569:board/stm32f401rct6/Drivers/STM32F4xx_HAL_Driver/Src/stm32f4xx_hal_flash.c ****   {
 967              		.loc 1 569 7 is_stmt 0 view .LVU247
 968 0030 0A4B     		ldr	r3, .L86+4
 969 0032 DB68     		ldr	r3, [r3, #12]
 569:board/stm32f401rct6/Drivers/STM32F4xx_HAL_Driver/Src/stm32f4xx_hal_flash.c ****   {
 970              		.loc 1 569 6 view .LVU248
 971 0034 13F0010F 		tst	r3, #1
 972 0038 02D0     		beq	.L81
 572:board/stm32f401rct6/Drivers/STM32F4xx_HAL_Driver/Src/stm32f4xx_hal_flash.c ****   }
 973              		.loc 1 572 5 is_stmt 1 view .LVU249
 974 003a 084B     		ldr	r3, .L86+4
 975 003c 0122     		movs	r2, #1
 976 003e DA60     		str	r2, [r3, #12]
 977              	.L81:
 575:board/stm32f401rct6/Drivers/STM32F4xx_HAL_Driver/Src/stm32f4xx_hal_flash.c ****                             FLASH_FLAG_PGPERR | FLASH_FLAG_PGSERR | FLASH_FLAG_RDERR)) != RESET)
 978              		.loc 1 575 3 view .LVU250
 575:board/stm32f401rct6/Drivers/STM32F4xx_HAL_Driver/Src/stm32f4xx_hal_flash.c ****                             FLASH_FLAG_PGPERR | FLASH_FLAG_PGSERR | FLASH_FLAG_RDERR)) != RESET)
 979              		.loc 1 575 7 is_stmt 0 view .LVU251
 980 0040 064B     		ldr	r3, .L86+4
 981 0042 DB68     		ldr	r3, [r3, #12]
 575:board/stm32f401rct6/Drivers/STM32F4xx_HAL_Driver/Src/stm32f4xx_hal_flash.c ****                             FLASH_FLAG_PGPERR | FLASH_FLAG_PGSERR | FLASH_FLAG_RDERR)) != RESET)
 982              		.loc 1 575 6 view .LVU252
 983 0044 13F4F97F 		tst	r3, #498
 984 0048 01D1     		bne	.L85
 588:board/stm32f401rct6/Drivers/STM32F4xx_HAL_Driver/Src/stm32f4xx_hal_flash.c **** 
 985              		.loc 1 588 10 view .LVU253
 986 004a 0020     		movs	r0, #0
 987              	.L79:
 590:board/stm32f401rct6/Drivers/STM32F4xx_HAL_Driver/Src/stm32f4xx_hal_flash.c **** 
 988              		.loc 1 590 1 view .LVU254
 989 004c 38BD     		pop	{r3, r4, r5, pc}
 990              	.LVL44:
 991              	.L85:
 583:board/stm32f401rct6/Drivers/STM32F4xx_HAL_Driver/Src/stm32f4xx_hal_flash.c ****     return HAL_ERROR;
 992              		.loc 1 583 5 is_stmt 1 view .LVU255
 993 004e FFF7FEFF 		bl	FLASH_SetErrorCode
 994              	.LVL45:
 584:board/stm32f401rct6/Drivers/STM32F4xx_HAL_Driver/Src/stm32f4xx_hal_flash.c ****   }
 995              		.loc 1 584 5 view .LVU256
 584:board/stm32f401rct6/Drivers/STM32F4xx_HAL_Driver/Src/stm32f4xx_hal_flash.c ****   }
 996              		.loc 1 584 12 is_stmt 0 view .LVU257
 997 0052 0120     		movs	r0, #1
 998 0054 FAE7     		b	.L79
 999              	.L87:
 1000 0056 00BF     		.align	2
 1001              	.L86:
 1002 0058 00000000 		.word	.LANCHOR0
 1003 005c 003C0240 		.word	1073888256
 1004              		.cfi_endproc
 1005              	.LFE231:
 1007              		.section	.text.HAL_FLASH_Program,"ax",%progbits
 1008              		.align	1
ARM GAS  C:\Users\Admin\AppData\Local\Temp\ccWH8QQR.s 			page 39


 1009              		.global	HAL_FLASH_Program
 1010              		.syntax unified
 1011              		.thumb
 1012              		.thumb_func
 1014              	HAL_FLASH_Program:
 1015              	.LVL46:
 1016              	.LFB220:
 155:board/stm32f401rct6/Drivers/STM32F4xx_HAL_Driver/Src/stm32f4xx_hal_flash.c ****   HAL_StatusTypeDef status = HAL_ERROR;
 1017              		.loc 1 155 1 is_stmt 1 view -0
 1018              		.cfi_startproc
 1019              		@ args = 0, pretend = 0, frame = 0
 1020              		@ frame_needed = 0, uses_anonymous_args = 0
 155:board/stm32f401rct6/Drivers/STM32F4xx_HAL_Driver/Src/stm32f4xx_hal_flash.c ****   HAL_StatusTypeDef status = HAL_ERROR;
 1021              		.loc 1 155 1 is_stmt 0 view .LVU259
 1022 0000 F8B5     		push	{r3, r4, r5, r6, r7, lr}
 1023              	.LCFI5:
 1024              		.cfi_def_cfa_offset 24
 1025              		.cfi_offset 3, -24
 1026              		.cfi_offset 4, -20
 1027              		.cfi_offset 5, -16
 1028              		.cfi_offset 6, -12
 1029              		.cfi_offset 7, -8
 1030              		.cfi_offset 14, -4
 1031 0002 1646     		mov	r6, r2
 156:board/stm32f401rct6/Drivers/STM32F4xx_HAL_Driver/Src/stm32f4xx_hal_flash.c **** 
 1032              		.loc 1 156 3 is_stmt 1 view .LVU260
 1033              	.LVL47:
 159:board/stm32f401rct6/Drivers/STM32F4xx_HAL_Driver/Src/stm32f4xx_hal_flash.c **** 
 1034              		.loc 1 159 3 view .LVU261
 159:board/stm32f401rct6/Drivers/STM32F4xx_HAL_Driver/Src/stm32f4xx_hal_flash.c **** 
 1035              		.loc 1 159 3 view .LVU262
 1036 0004 1B4A     		ldr	r2, .L100
 1037              	.LVL48:
 159:board/stm32f401rct6/Drivers/STM32F4xx_HAL_Driver/Src/stm32f4xx_hal_flash.c **** 
 1038              		.loc 1 159 3 is_stmt 0 view .LVU263
 1039 0006 127E     		ldrb	r2, [r2, #24]	@ zero_extendqisi2
 1040 0008 012A     		cmp	r2, #1
 1041 000a 30D0     		beq	.L95
 1042 000c 0446     		mov	r4, r0
 1043 000e 0D46     		mov	r5, r1
 1044 0010 1F46     		mov	r7, r3
 159:board/stm32f401rct6/Drivers/STM32F4xx_HAL_Driver/Src/stm32f4xx_hal_flash.c **** 
 1045              		.loc 1 159 3 is_stmt 1 discriminator 2 view .LVU264
 1046 0012 184B     		ldr	r3, .L100
 1047 0014 0122     		movs	r2, #1
 1048 0016 1A76     		strb	r2, [r3, #24]
 159:board/stm32f401rct6/Drivers/STM32F4xx_HAL_Driver/Src/stm32f4xx_hal_flash.c **** 
 1049              		.loc 1 159 3 discriminator 2 view .LVU265
 162:board/stm32f401rct6/Drivers/STM32F4xx_HAL_Driver/Src/stm32f4xx_hal_flash.c **** 
 1050              		.loc 1 162 3 discriminator 2 view .LVU266
 165:board/stm32f401rct6/Drivers/STM32F4xx_HAL_Driver/Src/stm32f4xx_hal_flash.c **** 
 1051              		.loc 1 165 3 discriminator 2 view .LVU267
 165:board/stm32f401rct6/Drivers/STM32F4xx_HAL_Driver/Src/stm32f4xx_hal_flash.c **** 
 1052              		.loc 1 165 12 is_stmt 0 discriminator 2 view .LVU268
 1053 0018 4CF25030 		movw	r0, #50000
 1054              	.LVL49:
 165:board/stm32f401rct6/Drivers/STM32F4xx_HAL_Driver/Src/stm32f4xx_hal_flash.c **** 
ARM GAS  C:\Users\Admin\AppData\Local\Temp\ccWH8QQR.s 			page 40


 1055              		.loc 1 165 12 discriminator 2 view .LVU269
 1056 001c FFF7FEFF 		bl	FLASH_WaitForLastOperation
 1057              	.LVL50:
 167:board/stm32f401rct6/Drivers/STM32F4xx_HAL_Driver/Src/stm32f4xx_hal_flash.c ****   {
 1058              		.loc 1 167 3 is_stmt 1 discriminator 2 view .LVU270
 167:board/stm32f401rct6/Drivers/STM32F4xx_HAL_Driver/Src/stm32f4xx_hal_flash.c ****   {
 1059              		.loc 1 167 6 is_stmt 0 discriminator 2 view .LVU271
 1060 0020 90B9     		cbnz	r0, .L90
 169:board/stm32f401rct6/Drivers/STM32F4xx_HAL_Driver/Src/stm32f4xx_hal_flash.c ****     {
 1061              		.loc 1 169 5 is_stmt 1 view .LVU272
 169:board/stm32f401rct6/Drivers/STM32F4xx_HAL_Driver/Src/stm32f4xx_hal_flash.c ****     {
 1062              		.loc 1 169 8 is_stmt 0 view .LVU273
 1063 0022 ACB1     		cbz	r4, .L97
 174:board/stm32f401rct6/Drivers/STM32F4xx_HAL_Driver/Src/stm32f4xx_hal_flash.c ****     {
 1064              		.loc 1 174 10 is_stmt 1 view .LVU274
 174:board/stm32f401rct6/Drivers/STM32F4xx_HAL_Driver/Src/stm32f4xx_hal_flash.c ****     {
 1065              		.loc 1 174 13 is_stmt 0 view .LVU275
 1066 0024 012C     		cmp	r4, #1
 1067 0026 18D0     		beq	.L98
 179:board/stm32f401rct6/Drivers/STM32F4xx_HAL_Driver/Src/stm32f4xx_hal_flash.c ****     {
 1068              		.loc 1 179 10 is_stmt 1 view .LVU276
 179:board/stm32f401rct6/Drivers/STM32F4xx_HAL_Driver/Src/stm32f4xx_hal_flash.c ****     {
 1069              		.loc 1 179 13 is_stmt 0 view .LVU277
 1070 0028 022C     		cmp	r4, #2
 1071 002a 1BD0     		beq	.L99
 187:board/stm32f401rct6/Drivers/STM32F4xx_HAL_Driver/Src/stm32f4xx_hal_flash.c ****     }
 1072              		.loc 1 187 7 is_stmt 1 view .LVU278
 1073 002c 3246     		mov	r2, r6
 1074 002e 3B46     		mov	r3, r7
 1075 0030 2846     		mov	r0, r5
 1076              	.LVL51:
 187:board/stm32f401rct6/Drivers/STM32F4xx_HAL_Driver/Src/stm32f4xx_hal_flash.c ****     }
 1077              		.loc 1 187 7 is_stmt 0 view .LVU279
 1078 0032 FFF7FEFF 		bl	FLASH_Program_DoubleWord
 1079              	.LVL52:
 1080              	.L92:
 191:board/stm32f401rct6/Drivers/STM32F4xx_HAL_Driver/Src/stm32f4xx_hal_flash.c **** 
 1081              		.loc 1 191 5 is_stmt 1 view .LVU280
 191:board/stm32f401rct6/Drivers/STM32F4xx_HAL_Driver/Src/stm32f4xx_hal_flash.c **** 
 1082              		.loc 1 191 14 is_stmt 0 view .LVU281
 1083 0036 4CF25030 		movw	r0, #50000
 1084 003a FFF7FEFF 		bl	FLASH_WaitForLastOperation
 1085              	.LVL53:
 194:board/stm32f401rct6/Drivers/STM32F4xx_HAL_Driver/Src/stm32f4xx_hal_flash.c ****   }
 1086              		.loc 1 194 5 is_stmt 1 view .LVU282
 194:board/stm32f401rct6/Drivers/STM32F4xx_HAL_Driver/Src/stm32f4xx_hal_flash.c ****   }
 1087              		.loc 1 194 15 is_stmt 0 view .LVU283
 1088 003e 0E4A     		ldr	r2, .L100+4
 1089 0040 1369     		ldr	r3, [r2, #16]
 1090 0042 23F00103 		bic	r3, r3, #1
 1091 0046 1361     		str	r3, [r2, #16]
 1092              	.L90:
 198:board/stm32f401rct6/Drivers/STM32F4xx_HAL_Driver/Src/stm32f4xx_hal_flash.c **** 
 1093              		.loc 1 198 3 is_stmt 1 view .LVU284
 198:board/stm32f401rct6/Drivers/STM32F4xx_HAL_Driver/Src/stm32f4xx_hal_flash.c **** 
 1094              		.loc 1 198 3 view .LVU285
 1095 0048 0A4B     		ldr	r3, .L100
ARM GAS  C:\Users\Admin\AppData\Local\Temp\ccWH8QQR.s 			page 41


 1096 004a 0022     		movs	r2, #0
 1097 004c 1A76     		strb	r2, [r3, #24]
 198:board/stm32f401rct6/Drivers/STM32F4xx_HAL_Driver/Src/stm32f4xx_hal_flash.c **** 
 1098              		.loc 1 198 3 view .LVU286
 200:board/stm32f401rct6/Drivers/STM32F4xx_HAL_Driver/Src/stm32f4xx_hal_flash.c **** }
 1099              		.loc 1 200 3 view .LVU287
 1100              	.LVL54:
 1101              	.L89:
 201:board/stm32f401rct6/Drivers/STM32F4xx_HAL_Driver/Src/stm32f4xx_hal_flash.c **** 
 1102              		.loc 1 201 1 is_stmt 0 view .LVU288
 1103 004e F8BD     		pop	{r3, r4, r5, r6, r7, pc}
 1104              	.LVL55:
 1105              	.L97:
 172:board/stm32f401rct6/Drivers/STM32F4xx_HAL_Driver/Src/stm32f4xx_hal_flash.c ****     }
 1106              		.loc 1 172 7 is_stmt 1 view .LVU289
 1107 0050 F1B2     		uxtb	r1, r6
 1108 0052 2846     		mov	r0, r5
 1109              	.LVL56:
 172:board/stm32f401rct6/Drivers/STM32F4xx_HAL_Driver/Src/stm32f4xx_hal_flash.c ****     }
 1110              		.loc 1 172 7 is_stmt 0 view .LVU290
 1111 0054 FFF7FEFF 		bl	FLASH_Program_Byte
 1112              	.LVL57:
 1113 0058 EDE7     		b	.L92
 1114              	.LVL58:
 1115              	.L98:
 177:board/stm32f401rct6/Drivers/STM32F4xx_HAL_Driver/Src/stm32f4xx_hal_flash.c ****     }
 1116              		.loc 1 177 7 is_stmt 1 view .LVU291
 1117 005a B1B2     		uxth	r1, r6
 1118 005c 2846     		mov	r0, r5
 1119              	.LVL59:
 177:board/stm32f401rct6/Drivers/STM32F4xx_HAL_Driver/Src/stm32f4xx_hal_flash.c ****     }
 1120              		.loc 1 177 7 is_stmt 0 view .LVU292
 1121 005e FFF7FEFF 		bl	FLASH_Program_HalfWord
 1122              	.LVL60:
 1123 0062 E8E7     		b	.L92
 1124              	.LVL61:
 1125              	.L99:
 182:board/stm32f401rct6/Drivers/STM32F4xx_HAL_Driver/Src/stm32f4xx_hal_flash.c ****     }
 1126              		.loc 1 182 7 is_stmt 1 view .LVU293
 1127 0064 3146     		mov	r1, r6
 1128 0066 2846     		mov	r0, r5
 1129              	.LVL62:
 182:board/stm32f401rct6/Drivers/STM32F4xx_HAL_Driver/Src/stm32f4xx_hal_flash.c ****     }
 1130              		.loc 1 182 7 is_stmt 0 view .LVU294
 1131 0068 FFF7FEFF 		bl	FLASH_Program_Word
 1132              	.LVL63:
 1133 006c E3E7     		b	.L92
 1134              	.LVL64:
 1135              	.L95:
 159:board/stm32f401rct6/Drivers/STM32F4xx_HAL_Driver/Src/stm32f4xx_hal_flash.c **** 
 1136              		.loc 1 159 3 view .LVU295
 1137 006e 0220     		movs	r0, #2
 1138              	.LVL65:
 159:board/stm32f401rct6/Drivers/STM32F4xx_HAL_Driver/Src/stm32f4xx_hal_flash.c **** 
 1139              		.loc 1 159 3 view .LVU296
 1140 0070 EDE7     		b	.L89
 1141              	.L101:
ARM GAS  C:\Users\Admin\AppData\Local\Temp\ccWH8QQR.s 			page 42


 1142 0072 00BF     		.align	2
 1143              	.L100:
 1144 0074 00000000 		.word	.LANCHOR0
 1145 0078 003C0240 		.word	1073888256
 1146              		.cfi_endproc
 1147              	.LFE220:
 1149              		.section	.text.HAL_FLASH_OB_Launch,"ax",%progbits
 1150              		.align	1
 1151              		.global	HAL_FLASH_OB_Launch
 1152              		.syntax unified
 1153              		.thumb
 1154              		.thumb_func
 1156              	HAL_FLASH_OB_Launch:
 1157              	.LFB229:
 494:board/stm32f401rct6/Drivers/STM32F4xx_HAL_Driver/Src/stm32f4xx_hal_flash.c ****   /* Set the OPTSTRT bit in OPTCR register */
 1158              		.loc 1 494 1 is_stmt 1 view -0
 1159              		.cfi_startproc
 1160              		@ args = 0, pretend = 0, frame = 0
 1161              		@ frame_needed = 0, uses_anonymous_args = 0
 1162 0000 08B5     		push	{r3, lr}
 1163              	.LCFI6:
 1164              		.cfi_def_cfa_offset 8
 1165              		.cfi_offset 3, -8
 1166              		.cfi_offset 14, -4
 496:board/stm32f401rct6/Drivers/STM32F4xx_HAL_Driver/Src/stm32f4xx_hal_flash.c **** 
 1167              		.loc 1 496 3 view .LVU298
 496:board/stm32f401rct6/Drivers/STM32F4xx_HAL_Driver/Src/stm32f4xx_hal_flash.c **** 
 1168              		.loc 1 496 40 is_stmt 0 view .LVU299
 1169 0002 054A     		ldr	r2, .L104
 1170 0004 137D     		ldrb	r3, [r2, #20]	@ zero_extendqisi2
 1171 0006 43F00203 		orr	r3, r3, #2
 1172 000a 1375     		strb	r3, [r2, #20]
 499:board/stm32f401rct6/Drivers/STM32F4xx_HAL_Driver/Src/stm32f4xx_hal_flash.c **** }
 1173              		.loc 1 499 3 is_stmt 1 view .LVU300
 499:board/stm32f401rct6/Drivers/STM32F4xx_HAL_Driver/Src/stm32f4xx_hal_flash.c **** }
 1174              		.loc 1 499 11 is_stmt 0 view .LVU301
 1175 000c 4CF25030 		movw	r0, #50000
 1176 0010 FFF7FEFF 		bl	FLASH_WaitForLastOperation
 1177              	.LVL66:
 500:board/stm32f401rct6/Drivers/STM32F4xx_HAL_Driver/Src/stm32f4xx_hal_flash.c **** 
 1178              		.loc 1 500 1 view .LVU302
 1179 0014 08BD     		pop	{r3, pc}
 1180              	.L105:
 1181 0016 00BF     		.align	2
 1182              	.L104:
 1183 0018 003C0240 		.word	1073888256
 1184              		.cfi_endproc
 1185              	.LFE229:
 1187              		.global	pFlash
 1188              		.section	.bss.pFlash,"aw",%nobits
 1189              		.align	2
 1190              		.set	.LANCHOR0,. + 0
 1193              	pFlash:
 1194 0000 00000000 		.space	32
 1194      00000000 
 1194      00000000 
 1194      00000000 
ARM GAS  C:\Users\Admin\AppData\Local\Temp\ccWH8QQR.s 			page 43


 1194      00000000 
 1195              		.text
 1196              	.Letext0:
 1197              		.file 3 "c:\\st\\stm32cubeide_1.12.1\\stm32cubeide\\plugins\\com.st.stm32cube.ide.mcu.externaltool
 1198              		.file 4 "c:\\st\\stm32cubeide_1.12.1\\stm32cubeide\\plugins\\com.st.stm32cube.ide.mcu.externaltool
 1199              		.file 5 "board/stm32f401rct6/Drivers/CMSIS/Device/ST/STM32F4xx/Include/stm32f401xc.h"
 1200              		.file 6 "board/stm32f401rct6/Drivers/CMSIS/Device/ST/STM32F4xx/Include/stm32f4xx.h"
 1201              		.file 7 "board/stm32f401rct6/Drivers/STM32F4xx_HAL_Driver/Inc/stm32f4xx_hal_def.h"
 1202              		.file 8 "board/stm32f401rct6/Drivers/STM32F4xx_HAL_Driver/Inc/stm32f4xx_hal_flash.h"
 1203              		.file 9 "board/stm32f401rct6/Drivers/STM32F4xx_HAL_Driver/Inc/stm32f4xx_hal.h"
 1204              		.file 10 "board/stm32f401rct6/Drivers/STM32F4xx_HAL_Driver/Inc/stm32f4xx_hal_flash_ex.h"
ARM GAS  C:\Users\Admin\AppData\Local\Temp\ccWH8QQR.s 			page 44


DEFINED SYMBOLS
                            *ABS*:0000000000000000 stm32f4xx_hal_flash.c
C:\Users\Admin\AppData\Local\Temp\ccWH8QQR.s:20     .text.FLASH_Program_DoubleWord:0000000000000000 $t
C:\Users\Admin\AppData\Local\Temp\ccWH8QQR.s:25     .text.FLASH_Program_DoubleWord:0000000000000000 FLASH_Program_DoubleWord
C:\Users\Admin\AppData\Local\Temp\ccWH8QQR.s:85     .text.FLASH_Program_DoubleWord:000000000000002c $d
C:\Users\Admin\AppData\Local\Temp\ccWH8QQR.s:90     .text.FLASH_Program_Word:0000000000000000 $t
C:\Users\Admin\AppData\Local\Temp\ccWH8QQR.s:95     .text.FLASH_Program_Word:0000000000000000 FLASH_Program_Word
C:\Users\Admin\AppData\Local\Temp\ccWH8QQR.s:127    .text.FLASH_Program_Word:0000000000000020 $d
C:\Users\Admin\AppData\Local\Temp\ccWH8QQR.s:132    .text.FLASH_Program_HalfWord:0000000000000000 $t
C:\Users\Admin\AppData\Local\Temp\ccWH8QQR.s:137    .text.FLASH_Program_HalfWord:0000000000000000 FLASH_Program_HalfWord
C:\Users\Admin\AppData\Local\Temp\ccWH8QQR.s:169    .text.FLASH_Program_HalfWord:0000000000000020 $d
C:\Users\Admin\AppData\Local\Temp\ccWH8QQR.s:174    .text.FLASH_Program_Byte:0000000000000000 $t
C:\Users\Admin\AppData\Local\Temp\ccWH8QQR.s:179    .text.FLASH_Program_Byte:0000000000000000 FLASH_Program_Byte
C:\Users\Admin\AppData\Local\Temp\ccWH8QQR.s:210    .text.FLASH_Program_Byte:000000000000001c $d
C:\Users\Admin\AppData\Local\Temp\ccWH8QQR.s:215    .text.FLASH_SetErrorCode:0000000000000000 $t
C:\Users\Admin\AppData\Local\Temp\ccWH8QQR.s:220    .text.FLASH_SetErrorCode:0000000000000000 FLASH_SetErrorCode
C:\Users\Admin\AppData\Local\Temp\ccWH8QQR.s:340    .text.FLASH_SetErrorCode:00000000000000a0 $d
C:\Users\Admin\AppData\Local\Temp\ccWH8QQR.s:346    .text.HAL_FLASH_Program_IT:0000000000000000 $t
C:\Users\Admin\AppData\Local\Temp\ccWH8QQR.s:352    .text.HAL_FLASH_Program_IT:0000000000000000 HAL_FLASH_Program_IT
C:\Users\Admin\AppData\Local\Temp\ccWH8QQR.s:437    .text.HAL_FLASH_Program_IT:000000000000004c $d
C:\Users\Admin\AppData\Local\Temp\ccWH8QQR.s:443    .text.HAL_FLASH_EndOfOperationCallback:0000000000000000 $t
C:\Users\Admin\AppData\Local\Temp\ccWH8QQR.s:449    .text.HAL_FLASH_EndOfOperationCallback:0000000000000000 HAL_FLASH_EndOfOperationCallback
C:\Users\Admin\AppData\Local\Temp\ccWH8QQR.s:464    .text.HAL_FLASH_OperationErrorCallback:0000000000000000 $t
C:\Users\Admin\AppData\Local\Temp\ccWH8QQR.s:470    .text.HAL_FLASH_OperationErrorCallback:0000000000000000 HAL_FLASH_OperationErrorCallback
C:\Users\Admin\AppData\Local\Temp\ccWH8QQR.s:485    .text.HAL_FLASH_IRQHandler:0000000000000000 $t
C:\Users\Admin\AppData\Local\Temp\ccWH8QQR.s:491    .text.HAL_FLASH_IRQHandler:0000000000000000 HAL_FLASH_IRQHandler
C:\Users\Admin\AppData\Local\Temp\ccWH8QQR.s:700    .text.HAL_FLASH_IRQHandler:00000000000000e4 $d
C:\Users\Admin\AppData\Local\Temp\ccWH8QQR.s:706    .text.HAL_FLASH_Unlock:0000000000000000 $t
C:\Users\Admin\AppData\Local\Temp\ccWH8QQR.s:712    .text.HAL_FLASH_Unlock:0000000000000000 HAL_FLASH_Unlock
C:\Users\Admin\AppData\Local\Temp\ccWH8QQR.s:758    .text.HAL_FLASH_Unlock:0000000000000028 $d
C:\Users\Admin\AppData\Local\Temp\ccWH8QQR.s:764    .text.HAL_FLASH_Lock:0000000000000000 $t
C:\Users\Admin\AppData\Local\Temp\ccWH8QQR.s:770    .text.HAL_FLASH_Lock:0000000000000000 HAL_FLASH_Lock
C:\Users\Admin\AppData\Local\Temp\ccWH8QQR.s:790    .text.HAL_FLASH_Lock:0000000000000010 $d
C:\Users\Admin\AppData\Local\Temp\ccWH8QQR.s:795    .text.HAL_FLASH_OB_Unlock:0000000000000000 $t
C:\Users\Admin\AppData\Local\Temp\ccWH8QQR.s:801    .text.HAL_FLASH_OB_Unlock:0000000000000000 HAL_FLASH_OB_Unlock
C:\Users\Admin\AppData\Local\Temp\ccWH8QQR.s:836    .text.HAL_FLASH_OB_Unlock:0000000000000020 $d
C:\Users\Admin\AppData\Local\Temp\ccWH8QQR.s:842    .text.HAL_FLASH_OB_Lock:0000000000000000 $t
C:\Users\Admin\AppData\Local\Temp\ccWH8QQR.s:848    .text.HAL_FLASH_OB_Lock:0000000000000000 HAL_FLASH_OB_Lock
C:\Users\Admin\AppData\Local\Temp\ccWH8QQR.s:868    .text.HAL_FLASH_OB_Lock:0000000000000010 $d
C:\Users\Admin\AppData\Local\Temp\ccWH8QQR.s:873    .text.HAL_FLASH_GetError:0000000000000000 $t
C:\Users\Admin\AppData\Local\Temp\ccWH8QQR.s:879    .text.HAL_FLASH_GetError:0000000000000000 HAL_FLASH_GetError
C:\Users\Admin\AppData\Local\Temp\ccWH8QQR.s:895    .text.HAL_FLASH_GetError:0000000000000008 $d
C:\Users\Admin\AppData\Local\Temp\ccWH8QQR.s:900    .text.FLASH_WaitForLastOperation:0000000000000000 $t
C:\Users\Admin\AppData\Local\Temp\ccWH8QQR.s:906    .text.FLASH_WaitForLastOperation:0000000000000000 FLASH_WaitForLastOperation
C:\Users\Admin\AppData\Local\Temp\ccWH8QQR.s:1002   .text.FLASH_WaitForLastOperation:0000000000000058 $d
C:\Users\Admin\AppData\Local\Temp\ccWH8QQR.s:1008   .text.HAL_FLASH_Program:0000000000000000 $t
C:\Users\Admin\AppData\Local\Temp\ccWH8QQR.s:1014   .text.HAL_FLASH_Program:0000000000000000 HAL_FLASH_Program
C:\Users\Admin\AppData\Local\Temp\ccWH8QQR.s:1144   .text.HAL_FLASH_Program:0000000000000074 $d
C:\Users\Admin\AppData\Local\Temp\ccWH8QQR.s:1150   .text.HAL_FLASH_OB_Launch:0000000000000000 $t
C:\Users\Admin\AppData\Local\Temp\ccWH8QQR.s:1156   .text.HAL_FLASH_OB_Launch:0000000000000000 HAL_FLASH_OB_Launch
C:\Users\Admin\AppData\Local\Temp\ccWH8QQR.s:1183   .text.HAL_FLASH_OB_Launch:0000000000000018 $d
C:\Users\Admin\AppData\Local\Temp\ccWH8QQR.s:1193   .bss.pFlash:0000000000000000 pFlash
C:\Users\Admin\AppData\Local\Temp\ccWH8QQR.s:1189   .bss.pFlash:0000000000000000 $d

UNDEFINED SYMBOLS
FLASH_Erase_Sector
FLASH_FlushCaches
ARM GAS  C:\Users\Admin\AppData\Local\Temp\ccWH8QQR.s 			page 45


HAL_GetTick
