ARM GAS  C:\Users\Admin\AppData\Local\Temp\ccHMtLfr.s 			page 1


   1              		.cpu cortex-m4
   2              		.arch armv7e-m
   3              		.fpu fpv4-sp-d16
   4              		.eabi_attribute 27, 1
   5              		.eabi_attribute 28, 1
   6              		.eabi_attribute 20, 1
   7              		.eabi_attribute 21, 1
   8              		.eabi_attribute 23, 3
   9              		.eabi_attribute 24, 1
  10              		.eabi_attribute 25, 1
  11              		.eabi_attribute 26, 1
  12              		.eabi_attribute 30, 1
  13              		.eabi_attribute 34, 1
  14              		.eabi_attribute 18, 4
  15              		.file	"stm32f4xx_ll_rcc.c"
  16              		.text
  17              	.Ltext0:
  18              		.cfi_sections	.debug_frame
  19              		.section	.text.LL_RCC_DeInit,"ax",%progbits
  20              		.align	1
  21              		.global	LL_RCC_DeInit
  22              		.syntax unified
  23              		.thumb
  24              		.thumb_func
  26              	LL_RCC_DeInit:
  27              	.LFB327:
  28              		.file 1 "board/stm32f401rct6/Drivers/STM32F4xx_HAL_Driver/Src/stm32f4xx_ll_rcc.c"
   1:board/stm32f401rct6/Drivers/STM32F4xx_HAL_Driver/Src/stm32f4xx_ll_rcc.c **** /**
   2:board/stm32f401rct6/Drivers/STM32F4xx_HAL_Driver/Src/stm32f4xx_ll_rcc.c ****   ******************************************************************************
   3:board/stm32f401rct6/Drivers/STM32F4xx_HAL_Driver/Src/stm32f4xx_ll_rcc.c ****   * @file    stm32f4xx_ll_rcc.c
   4:board/stm32f401rct6/Drivers/STM32F4xx_HAL_Driver/Src/stm32f4xx_ll_rcc.c ****   * @author  MCD Application Team
   5:board/stm32f401rct6/Drivers/STM32F4xx_HAL_Driver/Src/stm32f4xx_ll_rcc.c ****   * @brief   RCC LL module driver.
   6:board/stm32f401rct6/Drivers/STM32F4xx_HAL_Driver/Src/stm32f4xx_ll_rcc.c ****   ******************************************************************************
   7:board/stm32f401rct6/Drivers/STM32F4xx_HAL_Driver/Src/stm32f4xx_ll_rcc.c ****   * @attention
   8:board/stm32f401rct6/Drivers/STM32F4xx_HAL_Driver/Src/stm32f4xx_ll_rcc.c ****   *
   9:board/stm32f401rct6/Drivers/STM32F4xx_HAL_Driver/Src/stm32f4xx_ll_rcc.c ****   * Copyright (c) 2017 STMicroelectronics.
  10:board/stm32f401rct6/Drivers/STM32F4xx_HAL_Driver/Src/stm32f4xx_ll_rcc.c ****   * All rights reserved.
  11:board/stm32f401rct6/Drivers/STM32F4xx_HAL_Driver/Src/stm32f4xx_ll_rcc.c ****   *
  12:board/stm32f401rct6/Drivers/STM32F4xx_HAL_Driver/Src/stm32f4xx_ll_rcc.c ****   * This software is licensed under terms that can be found in the LICENSE file in
  13:board/stm32f401rct6/Drivers/STM32F4xx_HAL_Driver/Src/stm32f4xx_ll_rcc.c ****   * the root directory of this software component.
  14:board/stm32f401rct6/Drivers/STM32F4xx_HAL_Driver/Src/stm32f4xx_ll_rcc.c ****   * If no LICENSE file comes with this software, it is provided AS-IS.
  15:board/stm32f401rct6/Drivers/STM32F4xx_HAL_Driver/Src/stm32f4xx_ll_rcc.c ****   ******************************************************************************
  16:board/stm32f401rct6/Drivers/STM32F4xx_HAL_Driver/Src/stm32f4xx_ll_rcc.c ****   */
  17:board/stm32f401rct6/Drivers/STM32F4xx_HAL_Driver/Src/stm32f4xx_ll_rcc.c **** #if defined(USE_FULL_LL_DRIVER)
  18:board/stm32f401rct6/Drivers/STM32F4xx_HAL_Driver/Src/stm32f4xx_ll_rcc.c **** 
  19:board/stm32f401rct6/Drivers/STM32F4xx_HAL_Driver/Src/stm32f4xx_ll_rcc.c **** /* Includes ------------------------------------------------------------------*/
  20:board/stm32f401rct6/Drivers/STM32F4xx_HAL_Driver/Src/stm32f4xx_ll_rcc.c **** #include "stm32f4xx_ll_rcc.h"
  21:board/stm32f401rct6/Drivers/STM32F4xx_HAL_Driver/Src/stm32f4xx_ll_rcc.c **** #ifdef  USE_FULL_ASSERT
  22:board/stm32f401rct6/Drivers/STM32F4xx_HAL_Driver/Src/stm32f4xx_ll_rcc.c **** #include "stm32_assert.h"
  23:board/stm32f401rct6/Drivers/STM32F4xx_HAL_Driver/Src/stm32f4xx_ll_rcc.c **** #else
  24:board/stm32f401rct6/Drivers/STM32F4xx_HAL_Driver/Src/stm32f4xx_ll_rcc.c **** #define assert_param(expr) ((void)0U)
  25:board/stm32f401rct6/Drivers/STM32F4xx_HAL_Driver/Src/stm32f4xx_ll_rcc.c **** #endif /* USE_FULL_ASSERT */
  26:board/stm32f401rct6/Drivers/STM32F4xx_HAL_Driver/Src/stm32f4xx_ll_rcc.c **** /** @addtogroup STM32F4xx_LL_Driver
  27:board/stm32f401rct6/Drivers/STM32F4xx_HAL_Driver/Src/stm32f4xx_ll_rcc.c ****   * @{
  28:board/stm32f401rct6/Drivers/STM32F4xx_HAL_Driver/Src/stm32f4xx_ll_rcc.c ****   */
  29:board/stm32f401rct6/Drivers/STM32F4xx_HAL_Driver/Src/stm32f4xx_ll_rcc.c **** 
  30:board/stm32f401rct6/Drivers/STM32F4xx_HAL_Driver/Src/stm32f4xx_ll_rcc.c **** #if defined(RCC)
ARM GAS  C:\Users\Admin\AppData\Local\Temp\ccHMtLfr.s 			page 2


  31:board/stm32f401rct6/Drivers/STM32F4xx_HAL_Driver/Src/stm32f4xx_ll_rcc.c **** 
  32:board/stm32f401rct6/Drivers/STM32F4xx_HAL_Driver/Src/stm32f4xx_ll_rcc.c **** /** @addtogroup RCC_LL
  33:board/stm32f401rct6/Drivers/STM32F4xx_HAL_Driver/Src/stm32f4xx_ll_rcc.c ****   * @{
  34:board/stm32f401rct6/Drivers/STM32F4xx_HAL_Driver/Src/stm32f4xx_ll_rcc.c ****   */
  35:board/stm32f401rct6/Drivers/STM32F4xx_HAL_Driver/Src/stm32f4xx_ll_rcc.c **** 
  36:board/stm32f401rct6/Drivers/STM32F4xx_HAL_Driver/Src/stm32f4xx_ll_rcc.c **** /* Private types -------------------------------------------------------------*/
  37:board/stm32f401rct6/Drivers/STM32F4xx_HAL_Driver/Src/stm32f4xx_ll_rcc.c **** /* Private variables ---------------------------------------------------------*/
  38:board/stm32f401rct6/Drivers/STM32F4xx_HAL_Driver/Src/stm32f4xx_ll_rcc.c **** /* Private constants ---------------------------------------------------------*/
  39:board/stm32f401rct6/Drivers/STM32F4xx_HAL_Driver/Src/stm32f4xx_ll_rcc.c **** /* Private macros ------------------------------------------------------------*/
  40:board/stm32f401rct6/Drivers/STM32F4xx_HAL_Driver/Src/stm32f4xx_ll_rcc.c **** /** @addtogroup RCC_LL_Private_Macros
  41:board/stm32f401rct6/Drivers/STM32F4xx_HAL_Driver/Src/stm32f4xx_ll_rcc.c ****   * @{
  42:board/stm32f401rct6/Drivers/STM32F4xx_HAL_Driver/Src/stm32f4xx_ll_rcc.c ****   */
  43:board/stm32f401rct6/Drivers/STM32F4xx_HAL_Driver/Src/stm32f4xx_ll_rcc.c **** #if defined(FMPI2C1)
  44:board/stm32f401rct6/Drivers/STM32F4xx_HAL_Driver/Src/stm32f4xx_ll_rcc.c **** #define IS_LL_RCC_FMPI2C_CLKSOURCE(__VALUE__)     ((__VALUE__) == LL_RCC_FMPI2C1_CLKSOURCE)
  45:board/stm32f401rct6/Drivers/STM32F4xx_HAL_Driver/Src/stm32f4xx_ll_rcc.c **** #endif /* FMPI2C1 */
  46:board/stm32f401rct6/Drivers/STM32F4xx_HAL_Driver/Src/stm32f4xx_ll_rcc.c **** 
  47:board/stm32f401rct6/Drivers/STM32F4xx_HAL_Driver/Src/stm32f4xx_ll_rcc.c **** #if defined(LPTIM1)
  48:board/stm32f401rct6/Drivers/STM32F4xx_HAL_Driver/Src/stm32f4xx_ll_rcc.c **** #define IS_LL_RCC_LPTIM_CLKSOURCE(__VALUE__)  (((__VALUE__) == LL_RCC_LPTIM1_CLKSOURCE))
  49:board/stm32f401rct6/Drivers/STM32F4xx_HAL_Driver/Src/stm32f4xx_ll_rcc.c **** #endif /* LPTIM1 */
  50:board/stm32f401rct6/Drivers/STM32F4xx_HAL_Driver/Src/stm32f4xx_ll_rcc.c **** 
  51:board/stm32f401rct6/Drivers/STM32F4xx_HAL_Driver/Src/stm32f4xx_ll_rcc.c **** #if defined(SAI1)
  52:board/stm32f401rct6/Drivers/STM32F4xx_HAL_Driver/Src/stm32f4xx_ll_rcc.c **** #if defined(RCC_DCKCFGR_SAI1SRC)
  53:board/stm32f401rct6/Drivers/STM32F4xx_HAL_Driver/Src/stm32f4xx_ll_rcc.c **** #define IS_LL_RCC_SAI_CLKSOURCE(__VALUE__)    (((__VALUE__) == LL_RCC_SAI1_CLKSOURCE) \
  54:board/stm32f401rct6/Drivers/STM32F4xx_HAL_Driver/Src/stm32f4xx_ll_rcc.c ****                                                || ((__VALUE__) == LL_RCC_SAI2_CLKSOURCE))
  55:board/stm32f401rct6/Drivers/STM32F4xx_HAL_Driver/Src/stm32f4xx_ll_rcc.c **** #elif defined(RCC_DCKCFGR_SAI1ASRC)
  56:board/stm32f401rct6/Drivers/STM32F4xx_HAL_Driver/Src/stm32f4xx_ll_rcc.c **** #define IS_LL_RCC_SAI_CLKSOURCE(__VALUE__)    (((__VALUE__) == LL_RCC_SAI1_A_CLKSOURCE) \
  57:board/stm32f401rct6/Drivers/STM32F4xx_HAL_Driver/Src/stm32f4xx_ll_rcc.c ****                                                || ((__VALUE__) == LL_RCC_SAI1_B_CLKSOURCE))
  58:board/stm32f401rct6/Drivers/STM32F4xx_HAL_Driver/Src/stm32f4xx_ll_rcc.c **** #endif /* RCC_DCKCFGR_SAI1SRC */
  59:board/stm32f401rct6/Drivers/STM32F4xx_HAL_Driver/Src/stm32f4xx_ll_rcc.c **** #endif /* SAI1 */
  60:board/stm32f401rct6/Drivers/STM32F4xx_HAL_Driver/Src/stm32f4xx_ll_rcc.c **** 
  61:board/stm32f401rct6/Drivers/STM32F4xx_HAL_Driver/Src/stm32f4xx_ll_rcc.c **** #if defined(SDIO)
  62:board/stm32f401rct6/Drivers/STM32F4xx_HAL_Driver/Src/stm32f4xx_ll_rcc.c **** #define IS_LL_RCC_SDIO_CLKSOURCE(__VALUE__)  (((__VALUE__) == LL_RCC_SDIO_CLKSOURCE))
  63:board/stm32f401rct6/Drivers/STM32F4xx_HAL_Driver/Src/stm32f4xx_ll_rcc.c **** #endif /* SDIO */
  64:board/stm32f401rct6/Drivers/STM32F4xx_HAL_Driver/Src/stm32f4xx_ll_rcc.c **** 
  65:board/stm32f401rct6/Drivers/STM32F4xx_HAL_Driver/Src/stm32f4xx_ll_rcc.c **** #if defined(RNG)
  66:board/stm32f401rct6/Drivers/STM32F4xx_HAL_Driver/Src/stm32f4xx_ll_rcc.c **** #define IS_LL_RCC_RNG_CLKSOURCE(__VALUE__)    (((__VALUE__) == LL_RCC_RNG_CLKSOURCE))
  67:board/stm32f401rct6/Drivers/STM32F4xx_HAL_Driver/Src/stm32f4xx_ll_rcc.c **** #endif /* RNG */
  68:board/stm32f401rct6/Drivers/STM32F4xx_HAL_Driver/Src/stm32f4xx_ll_rcc.c **** 
  69:board/stm32f401rct6/Drivers/STM32F4xx_HAL_Driver/Src/stm32f4xx_ll_rcc.c **** #if defined(USB_OTG_FS) || defined(USB_OTG_HS)
  70:board/stm32f401rct6/Drivers/STM32F4xx_HAL_Driver/Src/stm32f4xx_ll_rcc.c **** #define IS_LL_RCC_USB_CLKSOURCE(__VALUE__)    (((__VALUE__) == LL_RCC_USB_CLKSOURCE))
  71:board/stm32f401rct6/Drivers/STM32F4xx_HAL_Driver/Src/stm32f4xx_ll_rcc.c **** #endif /* USB_OTG_FS || USB_OTG_HS */
  72:board/stm32f401rct6/Drivers/STM32F4xx_HAL_Driver/Src/stm32f4xx_ll_rcc.c **** 
  73:board/stm32f401rct6/Drivers/STM32F4xx_HAL_Driver/Src/stm32f4xx_ll_rcc.c **** #if defined(DFSDM2_Channel0)
  74:board/stm32f401rct6/Drivers/STM32F4xx_HAL_Driver/Src/stm32f4xx_ll_rcc.c **** #define IS_LL_RCC_DFSDM_CLKSOURCE(__VALUE__)    (((__VALUE__) == LL_RCC_DFSDM1_CLKSOURCE))
  75:board/stm32f401rct6/Drivers/STM32F4xx_HAL_Driver/Src/stm32f4xx_ll_rcc.c **** 
  76:board/stm32f401rct6/Drivers/STM32F4xx_HAL_Driver/Src/stm32f4xx_ll_rcc.c **** #define IS_LL_RCC_DFSDM_AUDIO_CLKSOURCE(__VALUE__)    (((__VALUE__) == LL_RCC_DFSDM1_AUDIO_CLKSOURC
  77:board/stm32f401rct6/Drivers/STM32F4xx_HAL_Driver/Src/stm32f4xx_ll_rcc.c ****                                                        || ((__VALUE__) == LL_RCC_DFSDM2_AUDIO_CLKSO
  78:board/stm32f401rct6/Drivers/STM32F4xx_HAL_Driver/Src/stm32f4xx_ll_rcc.c **** #elif defined(DFSDM1_Channel0)
  79:board/stm32f401rct6/Drivers/STM32F4xx_HAL_Driver/Src/stm32f4xx_ll_rcc.c **** #define IS_LL_RCC_DFSDM_CLKSOURCE(__VALUE__)    (((__VALUE__) == LL_RCC_DFSDM1_CLKSOURCE))
  80:board/stm32f401rct6/Drivers/STM32F4xx_HAL_Driver/Src/stm32f4xx_ll_rcc.c **** 
  81:board/stm32f401rct6/Drivers/STM32F4xx_HAL_Driver/Src/stm32f4xx_ll_rcc.c **** #define IS_LL_RCC_DFSDM_AUDIO_CLKSOURCE(__VALUE__)    (((__VALUE__) == LL_RCC_DFSDM1_AUDIO_CLKSOURC
  82:board/stm32f401rct6/Drivers/STM32F4xx_HAL_Driver/Src/stm32f4xx_ll_rcc.c **** #endif /* DFSDM2_Channel0 */
  83:board/stm32f401rct6/Drivers/STM32F4xx_HAL_Driver/Src/stm32f4xx_ll_rcc.c **** 
  84:board/stm32f401rct6/Drivers/STM32F4xx_HAL_Driver/Src/stm32f4xx_ll_rcc.c **** #if defined(RCC_DCKCFGR_I2S2SRC)
  85:board/stm32f401rct6/Drivers/STM32F4xx_HAL_Driver/Src/stm32f4xx_ll_rcc.c **** #define IS_LL_RCC_I2S_CLKSOURCE(__VALUE__)    (((__VALUE__) == LL_RCC_I2S1_CLKSOURCE) \
  86:board/stm32f401rct6/Drivers/STM32F4xx_HAL_Driver/Src/stm32f4xx_ll_rcc.c ****                                                || ((__VALUE__) == LL_RCC_I2S2_CLKSOURCE))
  87:board/stm32f401rct6/Drivers/STM32F4xx_HAL_Driver/Src/stm32f4xx_ll_rcc.c **** #else
ARM GAS  C:\Users\Admin\AppData\Local\Temp\ccHMtLfr.s 			page 3


  88:board/stm32f401rct6/Drivers/STM32F4xx_HAL_Driver/Src/stm32f4xx_ll_rcc.c **** #define IS_LL_RCC_I2S_CLKSOURCE(__VALUE__)    (((__VALUE__) == LL_RCC_I2S1_CLKSOURCE))
  89:board/stm32f401rct6/Drivers/STM32F4xx_HAL_Driver/Src/stm32f4xx_ll_rcc.c **** #endif /* RCC_DCKCFGR_I2S2SRC */
  90:board/stm32f401rct6/Drivers/STM32F4xx_HAL_Driver/Src/stm32f4xx_ll_rcc.c **** 
  91:board/stm32f401rct6/Drivers/STM32F4xx_HAL_Driver/Src/stm32f4xx_ll_rcc.c **** #if defined(CEC)
  92:board/stm32f401rct6/Drivers/STM32F4xx_HAL_Driver/Src/stm32f4xx_ll_rcc.c **** #define IS_LL_RCC_CEC_CLKSOURCE(__VALUE__)    (((__VALUE__) == LL_RCC_CEC_CLKSOURCE))
  93:board/stm32f401rct6/Drivers/STM32F4xx_HAL_Driver/Src/stm32f4xx_ll_rcc.c **** #endif /* CEC */
  94:board/stm32f401rct6/Drivers/STM32F4xx_HAL_Driver/Src/stm32f4xx_ll_rcc.c **** 
  95:board/stm32f401rct6/Drivers/STM32F4xx_HAL_Driver/Src/stm32f4xx_ll_rcc.c **** #if defined(DSI)
  96:board/stm32f401rct6/Drivers/STM32F4xx_HAL_Driver/Src/stm32f4xx_ll_rcc.c **** #define IS_LL_RCC_DSI_CLKSOURCE(__VALUE__)    (((__VALUE__) == LL_RCC_DSI_CLKSOURCE))
  97:board/stm32f401rct6/Drivers/STM32F4xx_HAL_Driver/Src/stm32f4xx_ll_rcc.c **** #endif /* DSI */
  98:board/stm32f401rct6/Drivers/STM32F4xx_HAL_Driver/Src/stm32f4xx_ll_rcc.c **** 
  99:board/stm32f401rct6/Drivers/STM32F4xx_HAL_Driver/Src/stm32f4xx_ll_rcc.c **** #if defined(LTDC)
 100:board/stm32f401rct6/Drivers/STM32F4xx_HAL_Driver/Src/stm32f4xx_ll_rcc.c **** #define IS_LL_RCC_LTDC_CLKSOURCE(__VALUE__)    (((__VALUE__) == LL_RCC_LTDC_CLKSOURCE))
 101:board/stm32f401rct6/Drivers/STM32F4xx_HAL_Driver/Src/stm32f4xx_ll_rcc.c **** #endif /* LTDC */
 102:board/stm32f401rct6/Drivers/STM32F4xx_HAL_Driver/Src/stm32f4xx_ll_rcc.c **** 
 103:board/stm32f401rct6/Drivers/STM32F4xx_HAL_Driver/Src/stm32f4xx_ll_rcc.c **** #if defined(SPDIFRX)
 104:board/stm32f401rct6/Drivers/STM32F4xx_HAL_Driver/Src/stm32f4xx_ll_rcc.c **** #define IS_LL_RCC_SPDIFRX_CLKSOURCE(__VALUE__)    (((__VALUE__) == LL_RCC_SPDIFRX1_CLKSOURCE))
 105:board/stm32f401rct6/Drivers/STM32F4xx_HAL_Driver/Src/stm32f4xx_ll_rcc.c **** #endif /* SPDIFRX */
 106:board/stm32f401rct6/Drivers/STM32F4xx_HAL_Driver/Src/stm32f4xx_ll_rcc.c **** /**
 107:board/stm32f401rct6/Drivers/STM32F4xx_HAL_Driver/Src/stm32f4xx_ll_rcc.c ****   * @}
 108:board/stm32f401rct6/Drivers/STM32F4xx_HAL_Driver/Src/stm32f4xx_ll_rcc.c ****   */
 109:board/stm32f401rct6/Drivers/STM32F4xx_HAL_Driver/Src/stm32f4xx_ll_rcc.c **** 
 110:board/stm32f401rct6/Drivers/STM32F4xx_HAL_Driver/Src/stm32f4xx_ll_rcc.c **** /* Private function prototypes -----------------------------------------------*/
 111:board/stm32f401rct6/Drivers/STM32F4xx_HAL_Driver/Src/stm32f4xx_ll_rcc.c **** /** @defgroup RCC_LL_Private_Functions RCC Private functions
 112:board/stm32f401rct6/Drivers/STM32F4xx_HAL_Driver/Src/stm32f4xx_ll_rcc.c ****   * @{
 113:board/stm32f401rct6/Drivers/STM32F4xx_HAL_Driver/Src/stm32f4xx_ll_rcc.c ****   */
 114:board/stm32f401rct6/Drivers/STM32F4xx_HAL_Driver/Src/stm32f4xx_ll_rcc.c **** uint32_t RCC_GetSystemClockFreq(void);
 115:board/stm32f401rct6/Drivers/STM32F4xx_HAL_Driver/Src/stm32f4xx_ll_rcc.c **** uint32_t RCC_GetHCLKClockFreq(uint32_t SYSCLK_Frequency);
 116:board/stm32f401rct6/Drivers/STM32F4xx_HAL_Driver/Src/stm32f4xx_ll_rcc.c **** uint32_t RCC_GetPCLK1ClockFreq(uint32_t HCLK_Frequency);
 117:board/stm32f401rct6/Drivers/STM32F4xx_HAL_Driver/Src/stm32f4xx_ll_rcc.c **** uint32_t RCC_GetPCLK2ClockFreq(uint32_t HCLK_Frequency);
 118:board/stm32f401rct6/Drivers/STM32F4xx_HAL_Driver/Src/stm32f4xx_ll_rcc.c **** uint32_t RCC_PLL_GetFreqDomain_SYS(uint32_t SYSCLK_Source);
 119:board/stm32f401rct6/Drivers/STM32F4xx_HAL_Driver/Src/stm32f4xx_ll_rcc.c **** uint32_t RCC_PLL_GetFreqDomain_48M(void);
 120:board/stm32f401rct6/Drivers/STM32F4xx_HAL_Driver/Src/stm32f4xx_ll_rcc.c **** #if defined(RCC_DCKCFGR_I2SSRC) || defined(RCC_DCKCFGR_I2S1SRC)
 121:board/stm32f401rct6/Drivers/STM32F4xx_HAL_Driver/Src/stm32f4xx_ll_rcc.c **** uint32_t RCC_PLL_GetFreqDomain_I2S(void);
 122:board/stm32f401rct6/Drivers/STM32F4xx_HAL_Driver/Src/stm32f4xx_ll_rcc.c **** #endif /* RCC_DCKCFGR_I2SSRC || RCC_DCKCFGR_I2S1SRC */
 123:board/stm32f401rct6/Drivers/STM32F4xx_HAL_Driver/Src/stm32f4xx_ll_rcc.c **** #if defined(SPDIFRX)
 124:board/stm32f401rct6/Drivers/STM32F4xx_HAL_Driver/Src/stm32f4xx_ll_rcc.c **** uint32_t RCC_PLL_GetFreqDomain_SPDIFRX(void);
 125:board/stm32f401rct6/Drivers/STM32F4xx_HAL_Driver/Src/stm32f4xx_ll_rcc.c **** #endif /* SPDIFRX */
 126:board/stm32f401rct6/Drivers/STM32F4xx_HAL_Driver/Src/stm32f4xx_ll_rcc.c **** #if defined(RCC_PLLCFGR_PLLR)
 127:board/stm32f401rct6/Drivers/STM32F4xx_HAL_Driver/Src/stm32f4xx_ll_rcc.c **** #if defined(SAI1)
 128:board/stm32f401rct6/Drivers/STM32F4xx_HAL_Driver/Src/stm32f4xx_ll_rcc.c **** uint32_t RCC_PLL_GetFreqDomain_SAI(void);
 129:board/stm32f401rct6/Drivers/STM32F4xx_HAL_Driver/Src/stm32f4xx_ll_rcc.c **** #endif /* SAI1 */
 130:board/stm32f401rct6/Drivers/STM32F4xx_HAL_Driver/Src/stm32f4xx_ll_rcc.c **** #endif /* RCC_PLLCFGR_PLLR */
 131:board/stm32f401rct6/Drivers/STM32F4xx_HAL_Driver/Src/stm32f4xx_ll_rcc.c **** #if defined(DSI)
 132:board/stm32f401rct6/Drivers/STM32F4xx_HAL_Driver/Src/stm32f4xx_ll_rcc.c **** uint32_t RCC_PLL_GetFreqDomain_DSI(void);
 133:board/stm32f401rct6/Drivers/STM32F4xx_HAL_Driver/Src/stm32f4xx_ll_rcc.c **** #endif /* DSI */
 134:board/stm32f401rct6/Drivers/STM32F4xx_HAL_Driver/Src/stm32f4xx_ll_rcc.c **** #if defined(RCC_PLLSAI_SUPPORT)
 135:board/stm32f401rct6/Drivers/STM32F4xx_HAL_Driver/Src/stm32f4xx_ll_rcc.c **** uint32_t RCC_PLLSAI_GetFreqDomain_SAI(void);
 136:board/stm32f401rct6/Drivers/STM32F4xx_HAL_Driver/Src/stm32f4xx_ll_rcc.c **** #if defined(RCC_PLLSAICFGR_PLLSAIP)
 137:board/stm32f401rct6/Drivers/STM32F4xx_HAL_Driver/Src/stm32f4xx_ll_rcc.c **** uint32_t RCC_PLLSAI_GetFreqDomain_48M(void);
 138:board/stm32f401rct6/Drivers/STM32F4xx_HAL_Driver/Src/stm32f4xx_ll_rcc.c **** #endif /* RCC_PLLSAICFGR_PLLSAIP */
 139:board/stm32f401rct6/Drivers/STM32F4xx_HAL_Driver/Src/stm32f4xx_ll_rcc.c **** #if defined(LTDC)
 140:board/stm32f401rct6/Drivers/STM32F4xx_HAL_Driver/Src/stm32f4xx_ll_rcc.c **** uint32_t RCC_PLLSAI_GetFreqDomain_LTDC(void);
 141:board/stm32f401rct6/Drivers/STM32F4xx_HAL_Driver/Src/stm32f4xx_ll_rcc.c **** #endif /* LTDC */
 142:board/stm32f401rct6/Drivers/STM32F4xx_HAL_Driver/Src/stm32f4xx_ll_rcc.c **** #endif /* RCC_PLLSAI_SUPPORT */
 143:board/stm32f401rct6/Drivers/STM32F4xx_HAL_Driver/Src/stm32f4xx_ll_rcc.c **** #if defined(RCC_PLLI2S_SUPPORT)
 144:board/stm32f401rct6/Drivers/STM32F4xx_HAL_Driver/Src/stm32f4xx_ll_rcc.c **** uint32_t RCC_PLLI2S_GetFreqDomain_I2S(void);
ARM GAS  C:\Users\Admin\AppData\Local\Temp\ccHMtLfr.s 			page 4


 145:board/stm32f401rct6/Drivers/STM32F4xx_HAL_Driver/Src/stm32f4xx_ll_rcc.c **** #if defined(RCC_PLLI2SCFGR_PLLI2SQ) && !defined(RCC_DCKCFGR_PLLI2SDIVQ)
 146:board/stm32f401rct6/Drivers/STM32F4xx_HAL_Driver/Src/stm32f4xx_ll_rcc.c **** uint32_t RCC_PLLI2S_GetFreqDomain_48M(void);
 147:board/stm32f401rct6/Drivers/STM32F4xx_HAL_Driver/Src/stm32f4xx_ll_rcc.c **** #endif /* RCC_PLLI2SCFGR_PLLI2SQ && !RCC_DCKCFGR_PLLI2SDIVQ */
 148:board/stm32f401rct6/Drivers/STM32F4xx_HAL_Driver/Src/stm32f4xx_ll_rcc.c **** #if defined(SAI1)
 149:board/stm32f401rct6/Drivers/STM32F4xx_HAL_Driver/Src/stm32f4xx_ll_rcc.c **** uint32_t RCC_PLLI2S_GetFreqDomain_SAI(void);
 150:board/stm32f401rct6/Drivers/STM32F4xx_HAL_Driver/Src/stm32f4xx_ll_rcc.c **** #endif /* SAI1 */
 151:board/stm32f401rct6/Drivers/STM32F4xx_HAL_Driver/Src/stm32f4xx_ll_rcc.c **** #if defined(SPDIFRX)
 152:board/stm32f401rct6/Drivers/STM32F4xx_HAL_Driver/Src/stm32f4xx_ll_rcc.c **** uint32_t RCC_PLLI2S_GetFreqDomain_SPDIFRX(void);
 153:board/stm32f401rct6/Drivers/STM32F4xx_HAL_Driver/Src/stm32f4xx_ll_rcc.c **** #endif /* SPDIFRX */
 154:board/stm32f401rct6/Drivers/STM32F4xx_HAL_Driver/Src/stm32f4xx_ll_rcc.c **** #endif /* RCC_PLLI2S_SUPPORT */
 155:board/stm32f401rct6/Drivers/STM32F4xx_HAL_Driver/Src/stm32f4xx_ll_rcc.c **** /**
 156:board/stm32f401rct6/Drivers/STM32F4xx_HAL_Driver/Src/stm32f4xx_ll_rcc.c ****   * @}
 157:board/stm32f401rct6/Drivers/STM32F4xx_HAL_Driver/Src/stm32f4xx_ll_rcc.c ****   */
 158:board/stm32f401rct6/Drivers/STM32F4xx_HAL_Driver/Src/stm32f4xx_ll_rcc.c **** 
 159:board/stm32f401rct6/Drivers/STM32F4xx_HAL_Driver/Src/stm32f4xx_ll_rcc.c **** 
 160:board/stm32f401rct6/Drivers/STM32F4xx_HAL_Driver/Src/stm32f4xx_ll_rcc.c **** /* Exported functions --------------------------------------------------------*/
 161:board/stm32f401rct6/Drivers/STM32F4xx_HAL_Driver/Src/stm32f4xx_ll_rcc.c **** /** @addtogroup RCC_LL_Exported_Functions
 162:board/stm32f401rct6/Drivers/STM32F4xx_HAL_Driver/Src/stm32f4xx_ll_rcc.c ****   * @{
 163:board/stm32f401rct6/Drivers/STM32F4xx_HAL_Driver/Src/stm32f4xx_ll_rcc.c ****   */
 164:board/stm32f401rct6/Drivers/STM32F4xx_HAL_Driver/Src/stm32f4xx_ll_rcc.c **** 
 165:board/stm32f401rct6/Drivers/STM32F4xx_HAL_Driver/Src/stm32f4xx_ll_rcc.c **** /** @addtogroup RCC_LL_EF_Init
 166:board/stm32f401rct6/Drivers/STM32F4xx_HAL_Driver/Src/stm32f4xx_ll_rcc.c ****   * @{
 167:board/stm32f401rct6/Drivers/STM32F4xx_HAL_Driver/Src/stm32f4xx_ll_rcc.c ****   */
 168:board/stm32f401rct6/Drivers/STM32F4xx_HAL_Driver/Src/stm32f4xx_ll_rcc.c **** 
 169:board/stm32f401rct6/Drivers/STM32F4xx_HAL_Driver/Src/stm32f4xx_ll_rcc.c **** /**
 170:board/stm32f401rct6/Drivers/STM32F4xx_HAL_Driver/Src/stm32f4xx_ll_rcc.c ****   * @brief  Reset the RCC clock configuration to the default reset state.
 171:board/stm32f401rct6/Drivers/STM32F4xx_HAL_Driver/Src/stm32f4xx_ll_rcc.c ****   * @note   The default reset state of the clock configuration is given below:
 172:board/stm32f401rct6/Drivers/STM32F4xx_HAL_Driver/Src/stm32f4xx_ll_rcc.c ****   *         - HSI ON and used as system clock source
 173:board/stm32f401rct6/Drivers/STM32F4xx_HAL_Driver/Src/stm32f4xx_ll_rcc.c ****   *         - HSE and PLL OFF
 174:board/stm32f401rct6/Drivers/STM32F4xx_HAL_Driver/Src/stm32f4xx_ll_rcc.c ****   *         - AHB, APB1 and APB2 prescaler set to 1.
 175:board/stm32f401rct6/Drivers/STM32F4xx_HAL_Driver/Src/stm32f4xx_ll_rcc.c ****   *         - CSS, MCO OFF
 176:board/stm32f401rct6/Drivers/STM32F4xx_HAL_Driver/Src/stm32f4xx_ll_rcc.c ****   *         - All interrupts disabled
 177:board/stm32f401rct6/Drivers/STM32F4xx_HAL_Driver/Src/stm32f4xx_ll_rcc.c ****   * @note   This function doesn't modify the configuration of the
 178:board/stm32f401rct6/Drivers/STM32F4xx_HAL_Driver/Src/stm32f4xx_ll_rcc.c ****   *         - Peripheral clocks
 179:board/stm32f401rct6/Drivers/STM32F4xx_HAL_Driver/Src/stm32f4xx_ll_rcc.c ****   *         - LSI, LSE and RTC clocks
 180:board/stm32f401rct6/Drivers/STM32F4xx_HAL_Driver/Src/stm32f4xx_ll_rcc.c ****   * @retval An ErrorStatus enumeration value:
 181:board/stm32f401rct6/Drivers/STM32F4xx_HAL_Driver/Src/stm32f4xx_ll_rcc.c ****   *          - SUCCESS: RCC registers are de-initialized
 182:board/stm32f401rct6/Drivers/STM32F4xx_HAL_Driver/Src/stm32f4xx_ll_rcc.c ****   *          - ERROR: not applicable
 183:board/stm32f401rct6/Drivers/STM32F4xx_HAL_Driver/Src/stm32f4xx_ll_rcc.c ****   */
 184:board/stm32f401rct6/Drivers/STM32F4xx_HAL_Driver/Src/stm32f4xx_ll_rcc.c **** ErrorStatus LL_RCC_DeInit(void)
 185:board/stm32f401rct6/Drivers/STM32F4xx_HAL_Driver/Src/stm32f4xx_ll_rcc.c **** {
  29              		.loc 1 185 1 view -0
  30              		.cfi_startproc
  31              		@ args = 0, pretend = 0, frame = 8
  32              		@ frame_needed = 0, uses_anonymous_args = 0
  33              		@ link register save eliminated.
  34 0000 82B0     		sub	sp, sp, #8
  35              	.LCFI0:
  36              		.cfi_def_cfa_offset 8
 186:board/stm32f401rct6/Drivers/STM32F4xx_HAL_Driver/Src/stm32f4xx_ll_rcc.c ****   __IO uint32_t vl_mask;
  37              		.loc 1 186 3 view .LVU1
 187:board/stm32f401rct6/Drivers/STM32F4xx_HAL_Driver/Src/stm32f4xx_ll_rcc.c **** 
 188:board/stm32f401rct6/Drivers/STM32F4xx_HAL_Driver/Src/stm32f4xx_ll_rcc.c ****   /* Set HSION bit */
 189:board/stm32f401rct6/Drivers/STM32F4xx_HAL_Driver/Src/stm32f4xx_ll_rcc.c ****   LL_RCC_HSI_Enable();
  38              		.loc 1 189 3 view .LVU2
  39              	.LBB50:
  40              	.LBI50:
ARM GAS  C:\Users\Admin\AppData\Local\Temp\ccHMtLfr.s 			page 5


  41              		.file 2 "board/stm32f401rct6/Drivers/STM32F4xx_HAL_Driver/Inc/stm32f4xx_ll_rcc.h"
   1:board/stm32f401rct6/Drivers/STM32F4xx_HAL_Driver/Inc/stm32f4xx_ll_rcc.h **** /**
   2:board/stm32f401rct6/Drivers/STM32F4xx_HAL_Driver/Inc/stm32f4xx_ll_rcc.h ****   ******************************************************************************
   3:board/stm32f401rct6/Drivers/STM32F4xx_HAL_Driver/Inc/stm32f4xx_ll_rcc.h ****   * @file    stm32f4xx_ll_rcc.h
   4:board/stm32f401rct6/Drivers/STM32F4xx_HAL_Driver/Inc/stm32f4xx_ll_rcc.h ****   * @author  MCD Application Team
   5:board/stm32f401rct6/Drivers/STM32F4xx_HAL_Driver/Inc/stm32f4xx_ll_rcc.h ****   * @brief   Header file of RCC LL module.
   6:board/stm32f401rct6/Drivers/STM32F4xx_HAL_Driver/Inc/stm32f4xx_ll_rcc.h ****   ******************************************************************************
   7:board/stm32f401rct6/Drivers/STM32F4xx_HAL_Driver/Inc/stm32f4xx_ll_rcc.h ****   * @attention
   8:board/stm32f401rct6/Drivers/STM32F4xx_HAL_Driver/Inc/stm32f4xx_ll_rcc.h ****   *
   9:board/stm32f401rct6/Drivers/STM32F4xx_HAL_Driver/Inc/stm32f4xx_ll_rcc.h ****   * Copyright (c) 2017 STMicroelectronics.
  10:board/stm32f401rct6/Drivers/STM32F4xx_HAL_Driver/Inc/stm32f4xx_ll_rcc.h ****   * All rights reserved.
  11:board/stm32f401rct6/Drivers/STM32F4xx_HAL_Driver/Inc/stm32f4xx_ll_rcc.h ****   *
  12:board/stm32f401rct6/Drivers/STM32F4xx_HAL_Driver/Inc/stm32f4xx_ll_rcc.h ****   * This software is licensed under terms that can be found in the LICENSE file in
  13:board/stm32f401rct6/Drivers/STM32F4xx_HAL_Driver/Inc/stm32f4xx_ll_rcc.h ****   * the root directory of this software component.
  14:board/stm32f401rct6/Drivers/STM32F4xx_HAL_Driver/Inc/stm32f4xx_ll_rcc.h ****   * If no LICENSE file comes with this software, it is provided AS-IS.
  15:board/stm32f401rct6/Drivers/STM32F4xx_HAL_Driver/Inc/stm32f4xx_ll_rcc.h ****   ******************************************************************************
  16:board/stm32f401rct6/Drivers/STM32F4xx_HAL_Driver/Inc/stm32f4xx_ll_rcc.h ****   */
  17:board/stm32f401rct6/Drivers/STM32F4xx_HAL_Driver/Inc/stm32f4xx_ll_rcc.h **** 
  18:board/stm32f401rct6/Drivers/STM32F4xx_HAL_Driver/Inc/stm32f4xx_ll_rcc.h **** /* Define to prevent recursive inclusion -------------------------------------*/
  19:board/stm32f401rct6/Drivers/STM32F4xx_HAL_Driver/Inc/stm32f4xx_ll_rcc.h **** #ifndef __STM32F4xx_LL_RCC_H
  20:board/stm32f401rct6/Drivers/STM32F4xx_HAL_Driver/Inc/stm32f4xx_ll_rcc.h **** #define __STM32F4xx_LL_RCC_H
  21:board/stm32f401rct6/Drivers/STM32F4xx_HAL_Driver/Inc/stm32f4xx_ll_rcc.h **** 
  22:board/stm32f401rct6/Drivers/STM32F4xx_HAL_Driver/Inc/stm32f4xx_ll_rcc.h **** #ifdef __cplusplus
  23:board/stm32f401rct6/Drivers/STM32F4xx_HAL_Driver/Inc/stm32f4xx_ll_rcc.h **** extern "C" {
  24:board/stm32f401rct6/Drivers/STM32F4xx_HAL_Driver/Inc/stm32f4xx_ll_rcc.h **** #endif
  25:board/stm32f401rct6/Drivers/STM32F4xx_HAL_Driver/Inc/stm32f4xx_ll_rcc.h **** 
  26:board/stm32f401rct6/Drivers/STM32F4xx_HAL_Driver/Inc/stm32f4xx_ll_rcc.h **** /* Includes ------------------------------------------------------------------*/
  27:board/stm32f401rct6/Drivers/STM32F4xx_HAL_Driver/Inc/stm32f4xx_ll_rcc.h **** #include "stm32f4xx.h"
  28:board/stm32f401rct6/Drivers/STM32F4xx_HAL_Driver/Inc/stm32f4xx_ll_rcc.h **** 
  29:board/stm32f401rct6/Drivers/STM32F4xx_HAL_Driver/Inc/stm32f4xx_ll_rcc.h **** /** @addtogroup STM32F4xx_LL_Driver
  30:board/stm32f401rct6/Drivers/STM32F4xx_HAL_Driver/Inc/stm32f4xx_ll_rcc.h ****   * @{
  31:board/stm32f401rct6/Drivers/STM32F4xx_HAL_Driver/Inc/stm32f4xx_ll_rcc.h ****   */
  32:board/stm32f401rct6/Drivers/STM32F4xx_HAL_Driver/Inc/stm32f4xx_ll_rcc.h **** 
  33:board/stm32f401rct6/Drivers/STM32F4xx_HAL_Driver/Inc/stm32f4xx_ll_rcc.h **** #if defined(RCC)
  34:board/stm32f401rct6/Drivers/STM32F4xx_HAL_Driver/Inc/stm32f4xx_ll_rcc.h **** 
  35:board/stm32f401rct6/Drivers/STM32F4xx_HAL_Driver/Inc/stm32f4xx_ll_rcc.h **** /** @defgroup RCC_LL RCC
  36:board/stm32f401rct6/Drivers/STM32F4xx_HAL_Driver/Inc/stm32f4xx_ll_rcc.h ****   * @{
  37:board/stm32f401rct6/Drivers/STM32F4xx_HAL_Driver/Inc/stm32f4xx_ll_rcc.h ****   */
  38:board/stm32f401rct6/Drivers/STM32F4xx_HAL_Driver/Inc/stm32f4xx_ll_rcc.h **** 
  39:board/stm32f401rct6/Drivers/STM32F4xx_HAL_Driver/Inc/stm32f4xx_ll_rcc.h **** /* Private types -------------------------------------------------------------*/
  40:board/stm32f401rct6/Drivers/STM32F4xx_HAL_Driver/Inc/stm32f4xx_ll_rcc.h **** /* Private variables ---------------------------------------------------------*/
  41:board/stm32f401rct6/Drivers/STM32F4xx_HAL_Driver/Inc/stm32f4xx_ll_rcc.h **** /** @defgroup RCC_LL_Private_Variables RCC Private Variables
  42:board/stm32f401rct6/Drivers/STM32F4xx_HAL_Driver/Inc/stm32f4xx_ll_rcc.h ****   * @{
  43:board/stm32f401rct6/Drivers/STM32F4xx_HAL_Driver/Inc/stm32f4xx_ll_rcc.h ****   */
  44:board/stm32f401rct6/Drivers/STM32F4xx_HAL_Driver/Inc/stm32f4xx_ll_rcc.h **** 
  45:board/stm32f401rct6/Drivers/STM32F4xx_HAL_Driver/Inc/stm32f4xx_ll_rcc.h **** #if defined(RCC_DCKCFGR_PLLSAIDIVR)
  46:board/stm32f401rct6/Drivers/STM32F4xx_HAL_Driver/Inc/stm32f4xx_ll_rcc.h **** static const uint8_t aRCC_PLLSAIDIVRPrescTable[4] = {2, 4, 8, 16};
  47:board/stm32f401rct6/Drivers/STM32F4xx_HAL_Driver/Inc/stm32f4xx_ll_rcc.h **** #endif /* RCC_DCKCFGR_PLLSAIDIVR */
  48:board/stm32f401rct6/Drivers/STM32F4xx_HAL_Driver/Inc/stm32f4xx_ll_rcc.h **** 
  49:board/stm32f401rct6/Drivers/STM32F4xx_HAL_Driver/Inc/stm32f4xx_ll_rcc.h **** /**
  50:board/stm32f401rct6/Drivers/STM32F4xx_HAL_Driver/Inc/stm32f4xx_ll_rcc.h ****   * @}
  51:board/stm32f401rct6/Drivers/STM32F4xx_HAL_Driver/Inc/stm32f4xx_ll_rcc.h ****   */
  52:board/stm32f401rct6/Drivers/STM32F4xx_HAL_Driver/Inc/stm32f4xx_ll_rcc.h **** /* Private constants ---------------------------------------------------------*/
  53:board/stm32f401rct6/Drivers/STM32F4xx_HAL_Driver/Inc/stm32f4xx_ll_rcc.h **** /* Private macros ------------------------------------------------------------*/
  54:board/stm32f401rct6/Drivers/STM32F4xx_HAL_Driver/Inc/stm32f4xx_ll_rcc.h **** #if defined(USE_FULL_LL_DRIVER)
  55:board/stm32f401rct6/Drivers/STM32F4xx_HAL_Driver/Inc/stm32f4xx_ll_rcc.h **** /** @defgroup RCC_LL_Private_Macros RCC Private Macros
  56:board/stm32f401rct6/Drivers/STM32F4xx_HAL_Driver/Inc/stm32f4xx_ll_rcc.h ****   * @{
ARM GAS  C:\Users\Admin\AppData\Local\Temp\ccHMtLfr.s 			page 6


  57:board/stm32f401rct6/Drivers/STM32F4xx_HAL_Driver/Inc/stm32f4xx_ll_rcc.h ****   */
  58:board/stm32f401rct6/Drivers/STM32F4xx_HAL_Driver/Inc/stm32f4xx_ll_rcc.h **** /**
  59:board/stm32f401rct6/Drivers/STM32F4xx_HAL_Driver/Inc/stm32f4xx_ll_rcc.h ****   * @}
  60:board/stm32f401rct6/Drivers/STM32F4xx_HAL_Driver/Inc/stm32f4xx_ll_rcc.h ****   */
  61:board/stm32f401rct6/Drivers/STM32F4xx_HAL_Driver/Inc/stm32f4xx_ll_rcc.h **** #endif /*USE_FULL_LL_DRIVER*/
  62:board/stm32f401rct6/Drivers/STM32F4xx_HAL_Driver/Inc/stm32f4xx_ll_rcc.h **** /* Exported types ------------------------------------------------------------*/
  63:board/stm32f401rct6/Drivers/STM32F4xx_HAL_Driver/Inc/stm32f4xx_ll_rcc.h **** #if defined(USE_FULL_LL_DRIVER)
  64:board/stm32f401rct6/Drivers/STM32F4xx_HAL_Driver/Inc/stm32f4xx_ll_rcc.h **** /** @defgroup RCC_LL_Exported_Types RCC Exported Types
  65:board/stm32f401rct6/Drivers/STM32F4xx_HAL_Driver/Inc/stm32f4xx_ll_rcc.h ****   * @{
  66:board/stm32f401rct6/Drivers/STM32F4xx_HAL_Driver/Inc/stm32f4xx_ll_rcc.h ****   */
  67:board/stm32f401rct6/Drivers/STM32F4xx_HAL_Driver/Inc/stm32f4xx_ll_rcc.h **** 
  68:board/stm32f401rct6/Drivers/STM32F4xx_HAL_Driver/Inc/stm32f4xx_ll_rcc.h **** /** @defgroup LL_ES_CLOCK_FREQ Clocks Frequency Structure
  69:board/stm32f401rct6/Drivers/STM32F4xx_HAL_Driver/Inc/stm32f4xx_ll_rcc.h ****   * @{
  70:board/stm32f401rct6/Drivers/STM32F4xx_HAL_Driver/Inc/stm32f4xx_ll_rcc.h ****   */
  71:board/stm32f401rct6/Drivers/STM32F4xx_HAL_Driver/Inc/stm32f4xx_ll_rcc.h **** 
  72:board/stm32f401rct6/Drivers/STM32F4xx_HAL_Driver/Inc/stm32f4xx_ll_rcc.h **** /**
  73:board/stm32f401rct6/Drivers/STM32F4xx_HAL_Driver/Inc/stm32f4xx_ll_rcc.h ****   * @brief  RCC Clocks Frequency Structure
  74:board/stm32f401rct6/Drivers/STM32F4xx_HAL_Driver/Inc/stm32f4xx_ll_rcc.h ****   */
  75:board/stm32f401rct6/Drivers/STM32F4xx_HAL_Driver/Inc/stm32f4xx_ll_rcc.h **** typedef struct
  76:board/stm32f401rct6/Drivers/STM32F4xx_HAL_Driver/Inc/stm32f4xx_ll_rcc.h **** {
  77:board/stm32f401rct6/Drivers/STM32F4xx_HAL_Driver/Inc/stm32f4xx_ll_rcc.h ****   uint32_t SYSCLK_Frequency;        /*!< SYSCLK clock frequency */
  78:board/stm32f401rct6/Drivers/STM32F4xx_HAL_Driver/Inc/stm32f4xx_ll_rcc.h ****   uint32_t HCLK_Frequency;          /*!< HCLK clock frequency */
  79:board/stm32f401rct6/Drivers/STM32F4xx_HAL_Driver/Inc/stm32f4xx_ll_rcc.h ****   uint32_t PCLK1_Frequency;         /*!< PCLK1 clock frequency */
  80:board/stm32f401rct6/Drivers/STM32F4xx_HAL_Driver/Inc/stm32f4xx_ll_rcc.h ****   uint32_t PCLK2_Frequency;         /*!< PCLK2 clock frequency */
  81:board/stm32f401rct6/Drivers/STM32F4xx_HAL_Driver/Inc/stm32f4xx_ll_rcc.h **** } LL_RCC_ClocksTypeDef;
  82:board/stm32f401rct6/Drivers/STM32F4xx_HAL_Driver/Inc/stm32f4xx_ll_rcc.h **** 
  83:board/stm32f401rct6/Drivers/STM32F4xx_HAL_Driver/Inc/stm32f4xx_ll_rcc.h **** /**
  84:board/stm32f401rct6/Drivers/STM32F4xx_HAL_Driver/Inc/stm32f4xx_ll_rcc.h ****   * @}
  85:board/stm32f401rct6/Drivers/STM32F4xx_HAL_Driver/Inc/stm32f4xx_ll_rcc.h ****   */
  86:board/stm32f401rct6/Drivers/STM32F4xx_HAL_Driver/Inc/stm32f4xx_ll_rcc.h **** 
  87:board/stm32f401rct6/Drivers/STM32F4xx_HAL_Driver/Inc/stm32f4xx_ll_rcc.h **** /**
  88:board/stm32f401rct6/Drivers/STM32F4xx_HAL_Driver/Inc/stm32f4xx_ll_rcc.h ****   * @}
  89:board/stm32f401rct6/Drivers/STM32F4xx_HAL_Driver/Inc/stm32f4xx_ll_rcc.h ****   */
  90:board/stm32f401rct6/Drivers/STM32F4xx_HAL_Driver/Inc/stm32f4xx_ll_rcc.h **** #endif /* USE_FULL_LL_DRIVER */
  91:board/stm32f401rct6/Drivers/STM32F4xx_HAL_Driver/Inc/stm32f4xx_ll_rcc.h **** 
  92:board/stm32f401rct6/Drivers/STM32F4xx_HAL_Driver/Inc/stm32f4xx_ll_rcc.h **** /* Exported constants --------------------------------------------------------*/
  93:board/stm32f401rct6/Drivers/STM32F4xx_HAL_Driver/Inc/stm32f4xx_ll_rcc.h **** /** @defgroup RCC_LL_Exported_Constants RCC Exported Constants
  94:board/stm32f401rct6/Drivers/STM32F4xx_HAL_Driver/Inc/stm32f4xx_ll_rcc.h ****   * @{
  95:board/stm32f401rct6/Drivers/STM32F4xx_HAL_Driver/Inc/stm32f4xx_ll_rcc.h ****   */
  96:board/stm32f401rct6/Drivers/STM32F4xx_HAL_Driver/Inc/stm32f4xx_ll_rcc.h **** 
  97:board/stm32f401rct6/Drivers/STM32F4xx_HAL_Driver/Inc/stm32f4xx_ll_rcc.h **** /** @defgroup RCC_LL_EC_OSC_VALUES Oscillator Values adaptation
  98:board/stm32f401rct6/Drivers/STM32F4xx_HAL_Driver/Inc/stm32f4xx_ll_rcc.h ****   * @brief    Defines used to adapt values of different oscillators
  99:board/stm32f401rct6/Drivers/STM32F4xx_HAL_Driver/Inc/stm32f4xx_ll_rcc.h ****   * @note     These values could be modified in the user environment according to
 100:board/stm32f401rct6/Drivers/STM32F4xx_HAL_Driver/Inc/stm32f4xx_ll_rcc.h ****   *           HW set-up.
 101:board/stm32f401rct6/Drivers/STM32F4xx_HAL_Driver/Inc/stm32f4xx_ll_rcc.h ****   * @{
 102:board/stm32f401rct6/Drivers/STM32F4xx_HAL_Driver/Inc/stm32f4xx_ll_rcc.h ****   */
 103:board/stm32f401rct6/Drivers/STM32F4xx_HAL_Driver/Inc/stm32f4xx_ll_rcc.h **** #if !defined  (HSE_VALUE)
 104:board/stm32f401rct6/Drivers/STM32F4xx_HAL_Driver/Inc/stm32f4xx_ll_rcc.h **** #define HSE_VALUE    25000000U  /*!< Value of the HSE oscillator in Hz */
 105:board/stm32f401rct6/Drivers/STM32F4xx_HAL_Driver/Inc/stm32f4xx_ll_rcc.h **** #endif /* HSE_VALUE */
 106:board/stm32f401rct6/Drivers/STM32F4xx_HAL_Driver/Inc/stm32f4xx_ll_rcc.h **** 
 107:board/stm32f401rct6/Drivers/STM32F4xx_HAL_Driver/Inc/stm32f4xx_ll_rcc.h **** #if !defined  (HSI_VALUE)
 108:board/stm32f401rct6/Drivers/STM32F4xx_HAL_Driver/Inc/stm32f4xx_ll_rcc.h **** #define HSI_VALUE    16000000U  /*!< Value of the HSI oscillator in Hz */
 109:board/stm32f401rct6/Drivers/STM32F4xx_HAL_Driver/Inc/stm32f4xx_ll_rcc.h **** #endif /* HSI_VALUE */
 110:board/stm32f401rct6/Drivers/STM32F4xx_HAL_Driver/Inc/stm32f4xx_ll_rcc.h **** 
 111:board/stm32f401rct6/Drivers/STM32F4xx_HAL_Driver/Inc/stm32f4xx_ll_rcc.h **** #if !defined  (LSE_VALUE)
 112:board/stm32f401rct6/Drivers/STM32F4xx_HAL_Driver/Inc/stm32f4xx_ll_rcc.h **** #define LSE_VALUE    32768U     /*!< Value of the LSE oscillator in Hz */
 113:board/stm32f401rct6/Drivers/STM32F4xx_HAL_Driver/Inc/stm32f4xx_ll_rcc.h **** #endif /* LSE_VALUE */
ARM GAS  C:\Users\Admin\AppData\Local\Temp\ccHMtLfr.s 			page 7


 114:board/stm32f401rct6/Drivers/STM32F4xx_HAL_Driver/Inc/stm32f4xx_ll_rcc.h **** 
 115:board/stm32f401rct6/Drivers/STM32F4xx_HAL_Driver/Inc/stm32f4xx_ll_rcc.h **** #if !defined  (LSI_VALUE)
 116:board/stm32f401rct6/Drivers/STM32F4xx_HAL_Driver/Inc/stm32f4xx_ll_rcc.h **** #define LSI_VALUE    32000U     /*!< Value of the LSI oscillator in Hz */
 117:board/stm32f401rct6/Drivers/STM32F4xx_HAL_Driver/Inc/stm32f4xx_ll_rcc.h **** #endif /* LSI_VALUE */
 118:board/stm32f401rct6/Drivers/STM32F4xx_HAL_Driver/Inc/stm32f4xx_ll_rcc.h **** 
 119:board/stm32f401rct6/Drivers/STM32F4xx_HAL_Driver/Inc/stm32f4xx_ll_rcc.h **** #if !defined  (EXTERNAL_CLOCK_VALUE)
 120:board/stm32f401rct6/Drivers/STM32F4xx_HAL_Driver/Inc/stm32f4xx_ll_rcc.h **** #define EXTERNAL_CLOCK_VALUE    12288000U /*!< Value of the I2S_CKIN external oscillator in Hz */
 121:board/stm32f401rct6/Drivers/STM32F4xx_HAL_Driver/Inc/stm32f4xx_ll_rcc.h **** #endif /* EXTERNAL_CLOCK_VALUE */
 122:board/stm32f401rct6/Drivers/STM32F4xx_HAL_Driver/Inc/stm32f4xx_ll_rcc.h **** /**
 123:board/stm32f401rct6/Drivers/STM32F4xx_HAL_Driver/Inc/stm32f4xx_ll_rcc.h ****   * @}
 124:board/stm32f401rct6/Drivers/STM32F4xx_HAL_Driver/Inc/stm32f4xx_ll_rcc.h ****   */
 125:board/stm32f401rct6/Drivers/STM32F4xx_HAL_Driver/Inc/stm32f4xx_ll_rcc.h **** 
 126:board/stm32f401rct6/Drivers/STM32F4xx_HAL_Driver/Inc/stm32f4xx_ll_rcc.h **** /** @defgroup RCC_LL_EC_CLEAR_FLAG Clear Flags Defines
 127:board/stm32f401rct6/Drivers/STM32F4xx_HAL_Driver/Inc/stm32f4xx_ll_rcc.h ****   * @brief    Flags defines which can be used with LL_RCC_WriteReg function
 128:board/stm32f401rct6/Drivers/STM32F4xx_HAL_Driver/Inc/stm32f4xx_ll_rcc.h ****   * @{
 129:board/stm32f401rct6/Drivers/STM32F4xx_HAL_Driver/Inc/stm32f4xx_ll_rcc.h ****   */
 130:board/stm32f401rct6/Drivers/STM32F4xx_HAL_Driver/Inc/stm32f4xx_ll_rcc.h **** #define LL_RCC_CIR_LSIRDYC                RCC_CIR_LSIRDYC     /*!< LSI Ready Interrupt Clear */
 131:board/stm32f401rct6/Drivers/STM32F4xx_HAL_Driver/Inc/stm32f4xx_ll_rcc.h **** #define LL_RCC_CIR_LSERDYC                RCC_CIR_LSERDYC     /*!< LSE Ready Interrupt Clear */
 132:board/stm32f401rct6/Drivers/STM32F4xx_HAL_Driver/Inc/stm32f4xx_ll_rcc.h **** #define LL_RCC_CIR_HSIRDYC                RCC_CIR_HSIRDYC     /*!< HSI Ready Interrupt Clear */
 133:board/stm32f401rct6/Drivers/STM32F4xx_HAL_Driver/Inc/stm32f4xx_ll_rcc.h **** #define LL_RCC_CIR_HSERDYC                RCC_CIR_HSERDYC     /*!< HSE Ready Interrupt Clear */
 134:board/stm32f401rct6/Drivers/STM32F4xx_HAL_Driver/Inc/stm32f4xx_ll_rcc.h **** #define LL_RCC_CIR_PLLRDYC                RCC_CIR_PLLRDYC     /*!< PLL Ready Interrupt Clear */
 135:board/stm32f401rct6/Drivers/STM32F4xx_HAL_Driver/Inc/stm32f4xx_ll_rcc.h **** #if defined(RCC_PLLI2S_SUPPORT)
 136:board/stm32f401rct6/Drivers/STM32F4xx_HAL_Driver/Inc/stm32f4xx_ll_rcc.h **** #define LL_RCC_CIR_PLLI2SRDYC             RCC_CIR_PLLI2SRDYC  /*!< PLLI2S Ready Interrupt Clear */
 137:board/stm32f401rct6/Drivers/STM32F4xx_HAL_Driver/Inc/stm32f4xx_ll_rcc.h **** #endif /* RCC_PLLI2S_SUPPORT */
 138:board/stm32f401rct6/Drivers/STM32F4xx_HAL_Driver/Inc/stm32f4xx_ll_rcc.h **** #if defined(RCC_PLLSAI_SUPPORT)
 139:board/stm32f401rct6/Drivers/STM32F4xx_HAL_Driver/Inc/stm32f4xx_ll_rcc.h **** #define LL_RCC_CIR_PLLSAIRDYC             RCC_CIR_PLLSAIRDYC  /*!< PLLSAI Ready Interrupt Clear */
 140:board/stm32f401rct6/Drivers/STM32F4xx_HAL_Driver/Inc/stm32f4xx_ll_rcc.h **** #endif /* RCC_PLLSAI_SUPPORT */
 141:board/stm32f401rct6/Drivers/STM32F4xx_HAL_Driver/Inc/stm32f4xx_ll_rcc.h **** #define LL_RCC_CIR_CSSC                   RCC_CIR_CSSC        /*!< Clock Security System Interrupt 
 142:board/stm32f401rct6/Drivers/STM32F4xx_HAL_Driver/Inc/stm32f4xx_ll_rcc.h **** /**
 143:board/stm32f401rct6/Drivers/STM32F4xx_HAL_Driver/Inc/stm32f4xx_ll_rcc.h ****   * @}
 144:board/stm32f401rct6/Drivers/STM32F4xx_HAL_Driver/Inc/stm32f4xx_ll_rcc.h ****   */
 145:board/stm32f401rct6/Drivers/STM32F4xx_HAL_Driver/Inc/stm32f4xx_ll_rcc.h **** 
 146:board/stm32f401rct6/Drivers/STM32F4xx_HAL_Driver/Inc/stm32f4xx_ll_rcc.h **** /** @defgroup RCC_LL_EC_GET_FLAG Get Flags Defines
 147:board/stm32f401rct6/Drivers/STM32F4xx_HAL_Driver/Inc/stm32f4xx_ll_rcc.h ****   * @brief    Flags defines which can be used with LL_RCC_ReadReg function
 148:board/stm32f401rct6/Drivers/STM32F4xx_HAL_Driver/Inc/stm32f4xx_ll_rcc.h ****   * @{
 149:board/stm32f401rct6/Drivers/STM32F4xx_HAL_Driver/Inc/stm32f4xx_ll_rcc.h ****   */
 150:board/stm32f401rct6/Drivers/STM32F4xx_HAL_Driver/Inc/stm32f4xx_ll_rcc.h **** #define LL_RCC_CIR_LSIRDYF                RCC_CIR_LSIRDYF     /*!< LSI Ready Interrupt flag */
 151:board/stm32f401rct6/Drivers/STM32F4xx_HAL_Driver/Inc/stm32f4xx_ll_rcc.h **** #define LL_RCC_CIR_LSERDYF                RCC_CIR_LSERDYF     /*!< LSE Ready Interrupt flag */
 152:board/stm32f401rct6/Drivers/STM32F4xx_HAL_Driver/Inc/stm32f4xx_ll_rcc.h **** #define LL_RCC_CIR_HSIRDYF                RCC_CIR_HSIRDYF     /*!< HSI Ready Interrupt flag */
 153:board/stm32f401rct6/Drivers/STM32F4xx_HAL_Driver/Inc/stm32f4xx_ll_rcc.h **** #define LL_RCC_CIR_HSERDYF                RCC_CIR_HSERDYF     /*!< HSE Ready Interrupt flag */
 154:board/stm32f401rct6/Drivers/STM32F4xx_HAL_Driver/Inc/stm32f4xx_ll_rcc.h **** #define LL_RCC_CIR_PLLRDYF                RCC_CIR_PLLRDYF     /*!< PLL Ready Interrupt flag */
 155:board/stm32f401rct6/Drivers/STM32F4xx_HAL_Driver/Inc/stm32f4xx_ll_rcc.h **** #if defined(RCC_PLLI2S_SUPPORT)
 156:board/stm32f401rct6/Drivers/STM32F4xx_HAL_Driver/Inc/stm32f4xx_ll_rcc.h **** #define LL_RCC_CIR_PLLI2SRDYF             RCC_CIR_PLLI2SRDYF  /*!< PLLI2S Ready Interrupt flag */
 157:board/stm32f401rct6/Drivers/STM32F4xx_HAL_Driver/Inc/stm32f4xx_ll_rcc.h **** #endif /* RCC_PLLI2S_SUPPORT */
 158:board/stm32f401rct6/Drivers/STM32F4xx_HAL_Driver/Inc/stm32f4xx_ll_rcc.h **** #if defined(RCC_PLLSAI_SUPPORT)
 159:board/stm32f401rct6/Drivers/STM32F4xx_HAL_Driver/Inc/stm32f4xx_ll_rcc.h **** #define LL_RCC_CIR_PLLSAIRDYF             RCC_CIR_PLLSAIRDYF  /*!< PLLSAI Ready Interrupt flag */
 160:board/stm32f401rct6/Drivers/STM32F4xx_HAL_Driver/Inc/stm32f4xx_ll_rcc.h **** #endif /* RCC_PLLSAI_SUPPORT */
 161:board/stm32f401rct6/Drivers/STM32F4xx_HAL_Driver/Inc/stm32f4xx_ll_rcc.h **** #define LL_RCC_CIR_CSSF                   RCC_CIR_CSSF        /*!< Clock Security System Interrupt 
 162:board/stm32f401rct6/Drivers/STM32F4xx_HAL_Driver/Inc/stm32f4xx_ll_rcc.h **** #define LL_RCC_CSR_LPWRRSTF                RCC_CSR_LPWRRSTF   /*!< Low-Power reset flag */
 163:board/stm32f401rct6/Drivers/STM32F4xx_HAL_Driver/Inc/stm32f4xx_ll_rcc.h **** #define LL_RCC_CSR_PINRSTF                 RCC_CSR_PINRSTF    /*!< PIN reset flag */
 164:board/stm32f401rct6/Drivers/STM32F4xx_HAL_Driver/Inc/stm32f4xx_ll_rcc.h **** #define LL_RCC_CSR_PORRSTF                 RCC_CSR_PORRSTF    /*!< POR/PDR reset flag */
 165:board/stm32f401rct6/Drivers/STM32F4xx_HAL_Driver/Inc/stm32f4xx_ll_rcc.h **** #define LL_RCC_CSR_SFTRSTF                 RCC_CSR_SFTRSTF    /*!< Software Reset flag */
 166:board/stm32f401rct6/Drivers/STM32F4xx_HAL_Driver/Inc/stm32f4xx_ll_rcc.h **** #define LL_RCC_CSR_IWDGRSTF                RCC_CSR_IWDGRSTF   /*!< Independent Watchdog reset flag 
 167:board/stm32f401rct6/Drivers/STM32F4xx_HAL_Driver/Inc/stm32f4xx_ll_rcc.h **** #define LL_RCC_CSR_WWDGRSTF                RCC_CSR_WWDGRSTF   /*!< Window watchdog reset flag */
 168:board/stm32f401rct6/Drivers/STM32F4xx_HAL_Driver/Inc/stm32f4xx_ll_rcc.h **** #if defined(RCC_CSR_BORRSTF)
 169:board/stm32f401rct6/Drivers/STM32F4xx_HAL_Driver/Inc/stm32f4xx_ll_rcc.h **** #define LL_RCC_CSR_BORRSTF                 RCC_CSR_BORRSTF    /*!< BOR reset flag */
 170:board/stm32f401rct6/Drivers/STM32F4xx_HAL_Driver/Inc/stm32f4xx_ll_rcc.h **** #endif /* RCC_CSR_BORRSTF */
ARM GAS  C:\Users\Admin\AppData\Local\Temp\ccHMtLfr.s 			page 8


 171:board/stm32f401rct6/Drivers/STM32F4xx_HAL_Driver/Inc/stm32f4xx_ll_rcc.h **** /**
 172:board/stm32f401rct6/Drivers/STM32F4xx_HAL_Driver/Inc/stm32f4xx_ll_rcc.h ****   * @}
 173:board/stm32f401rct6/Drivers/STM32F4xx_HAL_Driver/Inc/stm32f4xx_ll_rcc.h ****   */
 174:board/stm32f401rct6/Drivers/STM32F4xx_HAL_Driver/Inc/stm32f4xx_ll_rcc.h **** 
 175:board/stm32f401rct6/Drivers/STM32F4xx_HAL_Driver/Inc/stm32f4xx_ll_rcc.h **** /** @defgroup RCC_LL_EC_IT IT Defines
 176:board/stm32f401rct6/Drivers/STM32F4xx_HAL_Driver/Inc/stm32f4xx_ll_rcc.h ****   * @brief    IT defines which can be used with LL_RCC_ReadReg and  LL_RCC_WriteReg functions
 177:board/stm32f401rct6/Drivers/STM32F4xx_HAL_Driver/Inc/stm32f4xx_ll_rcc.h ****   * @{
 178:board/stm32f401rct6/Drivers/STM32F4xx_HAL_Driver/Inc/stm32f4xx_ll_rcc.h ****   */
 179:board/stm32f401rct6/Drivers/STM32F4xx_HAL_Driver/Inc/stm32f4xx_ll_rcc.h **** #define LL_RCC_CIR_LSIRDYIE               RCC_CIR_LSIRDYIE      /*!< LSI Ready Interrupt Enable */
 180:board/stm32f401rct6/Drivers/STM32F4xx_HAL_Driver/Inc/stm32f4xx_ll_rcc.h **** #define LL_RCC_CIR_LSERDYIE               RCC_CIR_LSERDYIE      /*!< LSE Ready Interrupt Enable */
 181:board/stm32f401rct6/Drivers/STM32F4xx_HAL_Driver/Inc/stm32f4xx_ll_rcc.h **** #define LL_RCC_CIR_HSIRDYIE               RCC_CIR_HSIRDYIE      /*!< HSI Ready Interrupt Enable */
 182:board/stm32f401rct6/Drivers/STM32F4xx_HAL_Driver/Inc/stm32f4xx_ll_rcc.h **** #define LL_RCC_CIR_HSERDYIE               RCC_CIR_HSERDYIE      /*!< HSE Ready Interrupt Enable */
 183:board/stm32f401rct6/Drivers/STM32F4xx_HAL_Driver/Inc/stm32f4xx_ll_rcc.h **** #define LL_RCC_CIR_PLLRDYIE               RCC_CIR_PLLRDYIE      /*!< PLL Ready Interrupt Enable */
 184:board/stm32f401rct6/Drivers/STM32F4xx_HAL_Driver/Inc/stm32f4xx_ll_rcc.h **** #if defined(RCC_PLLI2S_SUPPORT)
 185:board/stm32f401rct6/Drivers/STM32F4xx_HAL_Driver/Inc/stm32f4xx_ll_rcc.h **** #define LL_RCC_CIR_PLLI2SRDYIE            RCC_CIR_PLLI2SRDYIE   /*!< PLLI2S Ready Interrupt Enable 
 186:board/stm32f401rct6/Drivers/STM32F4xx_HAL_Driver/Inc/stm32f4xx_ll_rcc.h **** #endif /* RCC_PLLI2S_SUPPORT */
 187:board/stm32f401rct6/Drivers/STM32F4xx_HAL_Driver/Inc/stm32f4xx_ll_rcc.h **** #if defined(RCC_PLLSAI_SUPPORT)
 188:board/stm32f401rct6/Drivers/STM32F4xx_HAL_Driver/Inc/stm32f4xx_ll_rcc.h **** #define LL_RCC_CIR_PLLSAIRDYIE            RCC_CIR_PLLSAIRDYIE   /*!< PLLSAI Ready Interrupt Enable 
 189:board/stm32f401rct6/Drivers/STM32F4xx_HAL_Driver/Inc/stm32f4xx_ll_rcc.h **** #endif /* RCC_PLLSAI_SUPPORT */
 190:board/stm32f401rct6/Drivers/STM32F4xx_HAL_Driver/Inc/stm32f4xx_ll_rcc.h **** /**
 191:board/stm32f401rct6/Drivers/STM32F4xx_HAL_Driver/Inc/stm32f4xx_ll_rcc.h ****   * @}
 192:board/stm32f401rct6/Drivers/STM32F4xx_HAL_Driver/Inc/stm32f4xx_ll_rcc.h ****   */
 193:board/stm32f401rct6/Drivers/STM32F4xx_HAL_Driver/Inc/stm32f4xx_ll_rcc.h **** 
 194:board/stm32f401rct6/Drivers/STM32F4xx_HAL_Driver/Inc/stm32f4xx_ll_rcc.h **** /** @defgroup RCC_LL_EC_SYS_CLKSOURCE  System clock switch
 195:board/stm32f401rct6/Drivers/STM32F4xx_HAL_Driver/Inc/stm32f4xx_ll_rcc.h ****   * @{
 196:board/stm32f401rct6/Drivers/STM32F4xx_HAL_Driver/Inc/stm32f4xx_ll_rcc.h ****   */
 197:board/stm32f401rct6/Drivers/STM32F4xx_HAL_Driver/Inc/stm32f4xx_ll_rcc.h **** #define LL_RCC_SYS_CLKSOURCE_HSI           RCC_CFGR_SW_HSI    /*!< HSI selection as system clock */
 198:board/stm32f401rct6/Drivers/STM32F4xx_HAL_Driver/Inc/stm32f4xx_ll_rcc.h **** #define LL_RCC_SYS_CLKSOURCE_HSE           RCC_CFGR_SW_HSE    /*!< HSE selection as system clock */
 199:board/stm32f401rct6/Drivers/STM32F4xx_HAL_Driver/Inc/stm32f4xx_ll_rcc.h **** #define LL_RCC_SYS_CLKSOURCE_PLL           RCC_CFGR_SW_PLL    /*!< PLL selection as system clock */
 200:board/stm32f401rct6/Drivers/STM32F4xx_HAL_Driver/Inc/stm32f4xx_ll_rcc.h **** #if defined(RCC_CFGR_SW_PLLR)
 201:board/stm32f401rct6/Drivers/STM32F4xx_HAL_Driver/Inc/stm32f4xx_ll_rcc.h **** #define LL_RCC_SYS_CLKSOURCE_PLLR          RCC_CFGR_SW_PLLR   /*!< PLLR selection as system clock *
 202:board/stm32f401rct6/Drivers/STM32F4xx_HAL_Driver/Inc/stm32f4xx_ll_rcc.h **** #endif /* RCC_CFGR_SW_PLLR */
 203:board/stm32f401rct6/Drivers/STM32F4xx_HAL_Driver/Inc/stm32f4xx_ll_rcc.h **** /**
 204:board/stm32f401rct6/Drivers/STM32F4xx_HAL_Driver/Inc/stm32f4xx_ll_rcc.h ****   * @}
 205:board/stm32f401rct6/Drivers/STM32F4xx_HAL_Driver/Inc/stm32f4xx_ll_rcc.h ****   */
 206:board/stm32f401rct6/Drivers/STM32F4xx_HAL_Driver/Inc/stm32f4xx_ll_rcc.h **** 
 207:board/stm32f401rct6/Drivers/STM32F4xx_HAL_Driver/Inc/stm32f4xx_ll_rcc.h **** /** @defgroup RCC_LL_EC_SYS_CLKSOURCE_STATUS  System clock switch status
 208:board/stm32f401rct6/Drivers/STM32F4xx_HAL_Driver/Inc/stm32f4xx_ll_rcc.h ****   * @{
 209:board/stm32f401rct6/Drivers/STM32F4xx_HAL_Driver/Inc/stm32f4xx_ll_rcc.h ****   */
 210:board/stm32f401rct6/Drivers/STM32F4xx_HAL_Driver/Inc/stm32f4xx_ll_rcc.h **** #define LL_RCC_SYS_CLKSOURCE_STATUS_HSI    RCC_CFGR_SWS_HSI   /*!< HSI used as system clock */
 211:board/stm32f401rct6/Drivers/STM32F4xx_HAL_Driver/Inc/stm32f4xx_ll_rcc.h **** #define LL_RCC_SYS_CLKSOURCE_STATUS_HSE    RCC_CFGR_SWS_HSE   /*!< HSE used as system clock */
 212:board/stm32f401rct6/Drivers/STM32F4xx_HAL_Driver/Inc/stm32f4xx_ll_rcc.h **** #define LL_RCC_SYS_CLKSOURCE_STATUS_PLL    RCC_CFGR_SWS_PLL   /*!< PLL used as system clock */
 213:board/stm32f401rct6/Drivers/STM32F4xx_HAL_Driver/Inc/stm32f4xx_ll_rcc.h **** #if defined(RCC_PLLR_SYSCLK_SUPPORT)
 214:board/stm32f401rct6/Drivers/STM32F4xx_HAL_Driver/Inc/stm32f4xx_ll_rcc.h **** #define LL_RCC_SYS_CLKSOURCE_STATUS_PLLR   RCC_CFGR_SWS_PLLR  /*!< PLLR used as system clock */
 215:board/stm32f401rct6/Drivers/STM32F4xx_HAL_Driver/Inc/stm32f4xx_ll_rcc.h **** #endif /* RCC_PLLR_SYSCLK_SUPPORT */
 216:board/stm32f401rct6/Drivers/STM32F4xx_HAL_Driver/Inc/stm32f4xx_ll_rcc.h **** /**
 217:board/stm32f401rct6/Drivers/STM32F4xx_HAL_Driver/Inc/stm32f4xx_ll_rcc.h ****   * @}
 218:board/stm32f401rct6/Drivers/STM32F4xx_HAL_Driver/Inc/stm32f4xx_ll_rcc.h ****   */
 219:board/stm32f401rct6/Drivers/STM32F4xx_HAL_Driver/Inc/stm32f4xx_ll_rcc.h **** 
 220:board/stm32f401rct6/Drivers/STM32F4xx_HAL_Driver/Inc/stm32f4xx_ll_rcc.h **** /** @defgroup RCC_LL_EC_SYSCLK_DIV  AHB prescaler
 221:board/stm32f401rct6/Drivers/STM32F4xx_HAL_Driver/Inc/stm32f4xx_ll_rcc.h ****   * @{
 222:board/stm32f401rct6/Drivers/STM32F4xx_HAL_Driver/Inc/stm32f4xx_ll_rcc.h ****   */
 223:board/stm32f401rct6/Drivers/STM32F4xx_HAL_Driver/Inc/stm32f4xx_ll_rcc.h **** #define LL_RCC_SYSCLK_DIV_1                RCC_CFGR_HPRE_DIV1   /*!< SYSCLK not divided */
 224:board/stm32f401rct6/Drivers/STM32F4xx_HAL_Driver/Inc/stm32f4xx_ll_rcc.h **** #define LL_RCC_SYSCLK_DIV_2                RCC_CFGR_HPRE_DIV2   /*!< SYSCLK divided by 2 */
 225:board/stm32f401rct6/Drivers/STM32F4xx_HAL_Driver/Inc/stm32f4xx_ll_rcc.h **** #define LL_RCC_SYSCLK_DIV_4                RCC_CFGR_HPRE_DIV4   /*!< SYSCLK divided by 4 */
 226:board/stm32f401rct6/Drivers/STM32F4xx_HAL_Driver/Inc/stm32f4xx_ll_rcc.h **** #define LL_RCC_SYSCLK_DIV_8                RCC_CFGR_HPRE_DIV8   /*!< SYSCLK divided by 8 */
 227:board/stm32f401rct6/Drivers/STM32F4xx_HAL_Driver/Inc/stm32f4xx_ll_rcc.h **** #define LL_RCC_SYSCLK_DIV_16               RCC_CFGR_HPRE_DIV16  /*!< SYSCLK divided by 16 */
ARM GAS  C:\Users\Admin\AppData\Local\Temp\ccHMtLfr.s 			page 9


 228:board/stm32f401rct6/Drivers/STM32F4xx_HAL_Driver/Inc/stm32f4xx_ll_rcc.h **** #define LL_RCC_SYSCLK_DIV_64               RCC_CFGR_HPRE_DIV64  /*!< SYSCLK divided by 64 */
 229:board/stm32f401rct6/Drivers/STM32F4xx_HAL_Driver/Inc/stm32f4xx_ll_rcc.h **** #define LL_RCC_SYSCLK_DIV_128              RCC_CFGR_HPRE_DIV128 /*!< SYSCLK divided by 128 */
 230:board/stm32f401rct6/Drivers/STM32F4xx_HAL_Driver/Inc/stm32f4xx_ll_rcc.h **** #define LL_RCC_SYSCLK_DIV_256              RCC_CFGR_HPRE_DIV256 /*!< SYSCLK divided by 256 */
 231:board/stm32f401rct6/Drivers/STM32F4xx_HAL_Driver/Inc/stm32f4xx_ll_rcc.h **** #define LL_RCC_SYSCLK_DIV_512              RCC_CFGR_HPRE_DIV512 /*!< SYSCLK divided by 512 */
 232:board/stm32f401rct6/Drivers/STM32F4xx_HAL_Driver/Inc/stm32f4xx_ll_rcc.h **** /**
 233:board/stm32f401rct6/Drivers/STM32F4xx_HAL_Driver/Inc/stm32f4xx_ll_rcc.h ****   * @}
 234:board/stm32f401rct6/Drivers/STM32F4xx_HAL_Driver/Inc/stm32f4xx_ll_rcc.h ****   */
 235:board/stm32f401rct6/Drivers/STM32F4xx_HAL_Driver/Inc/stm32f4xx_ll_rcc.h **** 
 236:board/stm32f401rct6/Drivers/STM32F4xx_HAL_Driver/Inc/stm32f4xx_ll_rcc.h **** /** @defgroup RCC_LL_EC_APB1_DIV  APB low-speed prescaler (APB1)
 237:board/stm32f401rct6/Drivers/STM32F4xx_HAL_Driver/Inc/stm32f4xx_ll_rcc.h ****   * @{
 238:board/stm32f401rct6/Drivers/STM32F4xx_HAL_Driver/Inc/stm32f4xx_ll_rcc.h ****   */
 239:board/stm32f401rct6/Drivers/STM32F4xx_HAL_Driver/Inc/stm32f4xx_ll_rcc.h **** #define LL_RCC_APB1_DIV_1                  RCC_CFGR_PPRE1_DIV1  /*!< HCLK not divided */
 240:board/stm32f401rct6/Drivers/STM32F4xx_HAL_Driver/Inc/stm32f4xx_ll_rcc.h **** #define LL_RCC_APB1_DIV_2                  RCC_CFGR_PPRE1_DIV2  /*!< HCLK divided by 2 */
 241:board/stm32f401rct6/Drivers/STM32F4xx_HAL_Driver/Inc/stm32f4xx_ll_rcc.h **** #define LL_RCC_APB1_DIV_4                  RCC_CFGR_PPRE1_DIV4  /*!< HCLK divided by 4 */
 242:board/stm32f401rct6/Drivers/STM32F4xx_HAL_Driver/Inc/stm32f4xx_ll_rcc.h **** #define LL_RCC_APB1_DIV_8                  RCC_CFGR_PPRE1_DIV8  /*!< HCLK divided by 8 */
 243:board/stm32f401rct6/Drivers/STM32F4xx_HAL_Driver/Inc/stm32f4xx_ll_rcc.h **** #define LL_RCC_APB1_DIV_16                 RCC_CFGR_PPRE1_DIV16 /*!< HCLK divided by 16 */
 244:board/stm32f401rct6/Drivers/STM32F4xx_HAL_Driver/Inc/stm32f4xx_ll_rcc.h **** /**
 245:board/stm32f401rct6/Drivers/STM32F4xx_HAL_Driver/Inc/stm32f4xx_ll_rcc.h ****   * @}
 246:board/stm32f401rct6/Drivers/STM32F4xx_HAL_Driver/Inc/stm32f4xx_ll_rcc.h ****   */
 247:board/stm32f401rct6/Drivers/STM32F4xx_HAL_Driver/Inc/stm32f4xx_ll_rcc.h **** 
 248:board/stm32f401rct6/Drivers/STM32F4xx_HAL_Driver/Inc/stm32f4xx_ll_rcc.h **** /** @defgroup RCC_LL_EC_APB2_DIV  APB high-speed prescaler (APB2)
 249:board/stm32f401rct6/Drivers/STM32F4xx_HAL_Driver/Inc/stm32f4xx_ll_rcc.h ****   * @{
 250:board/stm32f401rct6/Drivers/STM32F4xx_HAL_Driver/Inc/stm32f4xx_ll_rcc.h ****   */
 251:board/stm32f401rct6/Drivers/STM32F4xx_HAL_Driver/Inc/stm32f4xx_ll_rcc.h **** #define LL_RCC_APB2_DIV_1                  RCC_CFGR_PPRE2_DIV1  /*!< HCLK not divided */
 252:board/stm32f401rct6/Drivers/STM32F4xx_HAL_Driver/Inc/stm32f4xx_ll_rcc.h **** #define LL_RCC_APB2_DIV_2                  RCC_CFGR_PPRE2_DIV2  /*!< HCLK divided by 2 */
 253:board/stm32f401rct6/Drivers/STM32F4xx_HAL_Driver/Inc/stm32f4xx_ll_rcc.h **** #define LL_RCC_APB2_DIV_4                  RCC_CFGR_PPRE2_DIV4  /*!< HCLK divided by 4 */
 254:board/stm32f401rct6/Drivers/STM32F4xx_HAL_Driver/Inc/stm32f4xx_ll_rcc.h **** #define LL_RCC_APB2_DIV_8                  RCC_CFGR_PPRE2_DIV8  /*!< HCLK divided by 8 */
 255:board/stm32f401rct6/Drivers/STM32F4xx_HAL_Driver/Inc/stm32f4xx_ll_rcc.h **** #define LL_RCC_APB2_DIV_16                 RCC_CFGR_PPRE2_DIV16 /*!< HCLK divided by 16 */
 256:board/stm32f401rct6/Drivers/STM32F4xx_HAL_Driver/Inc/stm32f4xx_ll_rcc.h **** /**
 257:board/stm32f401rct6/Drivers/STM32F4xx_HAL_Driver/Inc/stm32f4xx_ll_rcc.h ****   * @}
 258:board/stm32f401rct6/Drivers/STM32F4xx_HAL_Driver/Inc/stm32f4xx_ll_rcc.h ****   */
 259:board/stm32f401rct6/Drivers/STM32F4xx_HAL_Driver/Inc/stm32f4xx_ll_rcc.h **** 
 260:board/stm32f401rct6/Drivers/STM32F4xx_HAL_Driver/Inc/stm32f4xx_ll_rcc.h **** /** @defgroup RCC_LL_EC_MCOxSOURCE  MCO source selection
 261:board/stm32f401rct6/Drivers/STM32F4xx_HAL_Driver/Inc/stm32f4xx_ll_rcc.h ****   * @{
 262:board/stm32f401rct6/Drivers/STM32F4xx_HAL_Driver/Inc/stm32f4xx_ll_rcc.h ****   */
 263:board/stm32f401rct6/Drivers/STM32F4xx_HAL_Driver/Inc/stm32f4xx_ll_rcc.h **** #define LL_RCC_MCO1SOURCE_HSI              (uint32_t)(RCC_CFGR_MCO1|0x00000000U)                   
 264:board/stm32f401rct6/Drivers/STM32F4xx_HAL_Driver/Inc/stm32f4xx_ll_rcc.h **** #define LL_RCC_MCO1SOURCE_LSE              (uint32_t)(RCC_CFGR_MCO1|(RCC_CFGR_MCO1_0 >> 16U))      
 265:board/stm32f401rct6/Drivers/STM32F4xx_HAL_Driver/Inc/stm32f4xx_ll_rcc.h **** #define LL_RCC_MCO1SOURCE_HSE              (uint32_t)(RCC_CFGR_MCO1|(RCC_CFGR_MCO1_1 >> 16U))      
 266:board/stm32f401rct6/Drivers/STM32F4xx_HAL_Driver/Inc/stm32f4xx_ll_rcc.h **** #define LL_RCC_MCO1SOURCE_PLLCLK           (uint32_t)(RCC_CFGR_MCO1|((RCC_CFGR_MCO1_1|RCC_CFGR_MCO1
 267:board/stm32f401rct6/Drivers/STM32F4xx_HAL_Driver/Inc/stm32f4xx_ll_rcc.h **** #if defined(RCC_CFGR_MCO2)
 268:board/stm32f401rct6/Drivers/STM32F4xx_HAL_Driver/Inc/stm32f4xx_ll_rcc.h **** #define LL_RCC_MCO2SOURCE_SYSCLK           (uint32_t)(RCC_CFGR_MCO2|0x00000000U)                   
 269:board/stm32f401rct6/Drivers/STM32F4xx_HAL_Driver/Inc/stm32f4xx_ll_rcc.h **** #define LL_RCC_MCO2SOURCE_PLLI2S           (uint32_t)(RCC_CFGR_MCO2|(RCC_CFGR_MCO2_0 >> 16U))      
 270:board/stm32f401rct6/Drivers/STM32F4xx_HAL_Driver/Inc/stm32f4xx_ll_rcc.h **** #define LL_RCC_MCO2SOURCE_HSE              (uint32_t)(RCC_CFGR_MCO2|(RCC_CFGR_MCO2_1 >> 16U))      
 271:board/stm32f401rct6/Drivers/STM32F4xx_HAL_Driver/Inc/stm32f4xx_ll_rcc.h **** #define LL_RCC_MCO2SOURCE_PLLCLK           (uint32_t)(RCC_CFGR_MCO2|((RCC_CFGR_MCO2_1|RCC_CFGR_MCO2
 272:board/stm32f401rct6/Drivers/STM32F4xx_HAL_Driver/Inc/stm32f4xx_ll_rcc.h **** #endif /* RCC_CFGR_MCO2 */
 273:board/stm32f401rct6/Drivers/STM32F4xx_HAL_Driver/Inc/stm32f4xx_ll_rcc.h **** /**
 274:board/stm32f401rct6/Drivers/STM32F4xx_HAL_Driver/Inc/stm32f4xx_ll_rcc.h ****   * @}
 275:board/stm32f401rct6/Drivers/STM32F4xx_HAL_Driver/Inc/stm32f4xx_ll_rcc.h ****   */
 276:board/stm32f401rct6/Drivers/STM32F4xx_HAL_Driver/Inc/stm32f4xx_ll_rcc.h **** 
 277:board/stm32f401rct6/Drivers/STM32F4xx_HAL_Driver/Inc/stm32f4xx_ll_rcc.h **** /** @defgroup RCC_LL_EC_MCOx_DIV  MCO prescaler
 278:board/stm32f401rct6/Drivers/STM32F4xx_HAL_Driver/Inc/stm32f4xx_ll_rcc.h ****   * @{
 279:board/stm32f401rct6/Drivers/STM32F4xx_HAL_Driver/Inc/stm32f4xx_ll_rcc.h ****   */
 280:board/stm32f401rct6/Drivers/STM32F4xx_HAL_Driver/Inc/stm32f4xx_ll_rcc.h **** #define LL_RCC_MCO1_DIV_1                  (uint32_t)(RCC_CFGR_MCO1PRE|0x00000000U)                
 281:board/stm32f401rct6/Drivers/STM32F4xx_HAL_Driver/Inc/stm32f4xx_ll_rcc.h **** #define LL_RCC_MCO1_DIV_2                  (uint32_t)(RCC_CFGR_MCO1PRE|(RCC_CFGR_MCO1PRE_2 >> 16U))
 282:board/stm32f401rct6/Drivers/STM32F4xx_HAL_Driver/Inc/stm32f4xx_ll_rcc.h **** #define LL_RCC_MCO1_DIV_3                  (uint32_t)(RCC_CFGR_MCO1PRE|((RCC_CFGR_MCO1PRE_2|RCC_CFG
 283:board/stm32f401rct6/Drivers/STM32F4xx_HAL_Driver/Inc/stm32f4xx_ll_rcc.h **** #define LL_RCC_MCO1_DIV_4                  (uint32_t)(RCC_CFGR_MCO1PRE|((RCC_CFGR_MCO1PRE_2|RCC_CFG
 284:board/stm32f401rct6/Drivers/STM32F4xx_HAL_Driver/Inc/stm32f4xx_ll_rcc.h **** #define LL_RCC_MCO1_DIV_5                  (uint32_t)(RCC_CFGR_MCO1PRE|(RCC_CFGR_MCO1PRE >> 16U))  
ARM GAS  C:\Users\Admin\AppData\Local\Temp\ccHMtLfr.s 			page 10


 285:board/stm32f401rct6/Drivers/STM32F4xx_HAL_Driver/Inc/stm32f4xx_ll_rcc.h **** #if defined(RCC_CFGR_MCO2PRE)
 286:board/stm32f401rct6/Drivers/STM32F4xx_HAL_Driver/Inc/stm32f4xx_ll_rcc.h **** #define LL_RCC_MCO2_DIV_1                  (uint32_t)(RCC_CFGR_MCO2PRE|0x00000000U)                
 287:board/stm32f401rct6/Drivers/STM32F4xx_HAL_Driver/Inc/stm32f4xx_ll_rcc.h **** #define LL_RCC_MCO2_DIV_2                  (uint32_t)(RCC_CFGR_MCO2PRE|(RCC_CFGR_MCO2PRE_2 >> 16U))
 288:board/stm32f401rct6/Drivers/STM32F4xx_HAL_Driver/Inc/stm32f4xx_ll_rcc.h **** #define LL_RCC_MCO2_DIV_3                  (uint32_t)(RCC_CFGR_MCO2PRE|((RCC_CFGR_MCO2PRE_2|RCC_CFG
 289:board/stm32f401rct6/Drivers/STM32F4xx_HAL_Driver/Inc/stm32f4xx_ll_rcc.h **** #define LL_RCC_MCO2_DIV_4                  (uint32_t)(RCC_CFGR_MCO2PRE|((RCC_CFGR_MCO2PRE_2|RCC_CFG
 290:board/stm32f401rct6/Drivers/STM32F4xx_HAL_Driver/Inc/stm32f4xx_ll_rcc.h **** #define LL_RCC_MCO2_DIV_5                  (uint32_t)(RCC_CFGR_MCO2PRE|(RCC_CFGR_MCO2PRE >> 16U))  
 291:board/stm32f401rct6/Drivers/STM32F4xx_HAL_Driver/Inc/stm32f4xx_ll_rcc.h **** #endif /* RCC_CFGR_MCO2PRE */
 292:board/stm32f401rct6/Drivers/STM32F4xx_HAL_Driver/Inc/stm32f4xx_ll_rcc.h **** /**
 293:board/stm32f401rct6/Drivers/STM32F4xx_HAL_Driver/Inc/stm32f4xx_ll_rcc.h ****   * @}
 294:board/stm32f401rct6/Drivers/STM32F4xx_HAL_Driver/Inc/stm32f4xx_ll_rcc.h ****   */
 295:board/stm32f401rct6/Drivers/STM32F4xx_HAL_Driver/Inc/stm32f4xx_ll_rcc.h **** 
 296:board/stm32f401rct6/Drivers/STM32F4xx_HAL_Driver/Inc/stm32f4xx_ll_rcc.h **** /** @defgroup RCC_LL_EC_RTC_HSEDIV  HSE prescaler for RTC clock
 297:board/stm32f401rct6/Drivers/STM32F4xx_HAL_Driver/Inc/stm32f4xx_ll_rcc.h ****   * @{
 298:board/stm32f401rct6/Drivers/STM32F4xx_HAL_Driver/Inc/stm32f4xx_ll_rcc.h ****   */
 299:board/stm32f401rct6/Drivers/STM32F4xx_HAL_Driver/Inc/stm32f4xx_ll_rcc.h **** #define LL_RCC_RTC_NOCLOCK                  0x00000000U             /*!< HSE not divided */
 300:board/stm32f401rct6/Drivers/STM32F4xx_HAL_Driver/Inc/stm32f4xx_ll_rcc.h **** #define LL_RCC_RTC_HSE_DIV_2                RCC_CFGR_RTCPRE_1       /*!< HSE clock divided by 2 */
 301:board/stm32f401rct6/Drivers/STM32F4xx_HAL_Driver/Inc/stm32f4xx_ll_rcc.h **** #define LL_RCC_RTC_HSE_DIV_3                (RCC_CFGR_RTCPRE_1|RCC_CFGR_RTCPRE_0)       /*!< HSE cl
 302:board/stm32f401rct6/Drivers/STM32F4xx_HAL_Driver/Inc/stm32f4xx_ll_rcc.h **** #define LL_RCC_RTC_HSE_DIV_4                RCC_CFGR_RTCPRE_2       /*!< HSE clock divided by 4 */
 303:board/stm32f401rct6/Drivers/STM32F4xx_HAL_Driver/Inc/stm32f4xx_ll_rcc.h **** #define LL_RCC_RTC_HSE_DIV_5                (RCC_CFGR_RTCPRE_2|RCC_CFGR_RTCPRE_0)       /*!< HSE cl
 304:board/stm32f401rct6/Drivers/STM32F4xx_HAL_Driver/Inc/stm32f4xx_ll_rcc.h **** #define LL_RCC_RTC_HSE_DIV_6                (RCC_CFGR_RTCPRE_2|RCC_CFGR_RTCPRE_1)       /*!< HSE cl
 305:board/stm32f401rct6/Drivers/STM32F4xx_HAL_Driver/Inc/stm32f4xx_ll_rcc.h **** #define LL_RCC_RTC_HSE_DIV_7                (RCC_CFGR_RTCPRE_2|RCC_CFGR_RTCPRE_1|RCC_CFGR_RTCPRE_0)
 306:board/stm32f401rct6/Drivers/STM32F4xx_HAL_Driver/Inc/stm32f4xx_ll_rcc.h **** #define LL_RCC_RTC_HSE_DIV_8                RCC_CFGR_RTCPRE_3       /*!< HSE clock divided by 8 */
 307:board/stm32f401rct6/Drivers/STM32F4xx_HAL_Driver/Inc/stm32f4xx_ll_rcc.h **** #define LL_RCC_RTC_HSE_DIV_9                (RCC_CFGR_RTCPRE_3|RCC_CFGR_RTCPRE_0)       /*!< HSE cl
 308:board/stm32f401rct6/Drivers/STM32F4xx_HAL_Driver/Inc/stm32f4xx_ll_rcc.h **** #define LL_RCC_RTC_HSE_DIV_10               (RCC_CFGR_RTCPRE_3|RCC_CFGR_RTCPRE_1)       /*!< HSE cl
 309:board/stm32f401rct6/Drivers/STM32F4xx_HAL_Driver/Inc/stm32f4xx_ll_rcc.h **** #define LL_RCC_RTC_HSE_DIV_11               (RCC_CFGR_RTCPRE_3|RCC_CFGR_RTCPRE_1|RCC_CFGR_RTCPRE_0)
 310:board/stm32f401rct6/Drivers/STM32F4xx_HAL_Driver/Inc/stm32f4xx_ll_rcc.h **** #define LL_RCC_RTC_HSE_DIV_12               (RCC_CFGR_RTCPRE_3|RCC_CFGR_RTCPRE_2)       /*!< HSE cl
 311:board/stm32f401rct6/Drivers/STM32F4xx_HAL_Driver/Inc/stm32f4xx_ll_rcc.h **** #define LL_RCC_RTC_HSE_DIV_13               (RCC_CFGR_RTCPRE_3|RCC_CFGR_RTCPRE_2|RCC_CFGR_RTCPRE_0)
 312:board/stm32f401rct6/Drivers/STM32F4xx_HAL_Driver/Inc/stm32f4xx_ll_rcc.h **** #define LL_RCC_RTC_HSE_DIV_14               (RCC_CFGR_RTCPRE_3|RCC_CFGR_RTCPRE_2|RCC_CFGR_RTCPRE_1)
 313:board/stm32f401rct6/Drivers/STM32F4xx_HAL_Driver/Inc/stm32f4xx_ll_rcc.h **** #define LL_RCC_RTC_HSE_DIV_15               (RCC_CFGR_RTCPRE_3|RCC_CFGR_RTCPRE_2|RCC_CFGR_RTCPRE_1|
 314:board/stm32f401rct6/Drivers/STM32F4xx_HAL_Driver/Inc/stm32f4xx_ll_rcc.h **** #define LL_RCC_RTC_HSE_DIV_16               RCC_CFGR_RTCPRE_4       /*!< HSE clock divided by 16 */
 315:board/stm32f401rct6/Drivers/STM32F4xx_HAL_Driver/Inc/stm32f4xx_ll_rcc.h **** #define LL_RCC_RTC_HSE_DIV_17               (RCC_CFGR_RTCPRE_4|RCC_CFGR_RTCPRE_0)       /*!< HSE cl
 316:board/stm32f401rct6/Drivers/STM32F4xx_HAL_Driver/Inc/stm32f4xx_ll_rcc.h **** #define LL_RCC_RTC_HSE_DIV_18               (RCC_CFGR_RTCPRE_4|RCC_CFGR_RTCPRE_1)       /*!< HSE cl
 317:board/stm32f401rct6/Drivers/STM32F4xx_HAL_Driver/Inc/stm32f4xx_ll_rcc.h **** #define LL_RCC_RTC_HSE_DIV_19               (RCC_CFGR_RTCPRE_4|RCC_CFGR_RTCPRE_1|RCC_CFGR_RTCPRE_0)
 318:board/stm32f401rct6/Drivers/STM32F4xx_HAL_Driver/Inc/stm32f4xx_ll_rcc.h **** #define LL_RCC_RTC_HSE_DIV_20               (RCC_CFGR_RTCPRE_4|RCC_CFGR_RTCPRE_2)       /*!< HSE cl
 319:board/stm32f401rct6/Drivers/STM32F4xx_HAL_Driver/Inc/stm32f4xx_ll_rcc.h **** #define LL_RCC_RTC_HSE_DIV_21               (RCC_CFGR_RTCPRE_4|RCC_CFGR_RTCPRE_2|RCC_CFGR_RTCPRE_0)
 320:board/stm32f401rct6/Drivers/STM32F4xx_HAL_Driver/Inc/stm32f4xx_ll_rcc.h **** #define LL_RCC_RTC_HSE_DIV_22               (RCC_CFGR_RTCPRE_4|RCC_CFGR_RTCPRE_2|RCC_CFGR_RTCPRE_1)
 321:board/stm32f401rct6/Drivers/STM32F4xx_HAL_Driver/Inc/stm32f4xx_ll_rcc.h **** #define LL_RCC_RTC_HSE_DIV_23               (RCC_CFGR_RTCPRE_4|RCC_CFGR_RTCPRE_2|RCC_CFGR_RTCPRE_1|
 322:board/stm32f401rct6/Drivers/STM32F4xx_HAL_Driver/Inc/stm32f4xx_ll_rcc.h **** #define LL_RCC_RTC_HSE_DIV_24               (RCC_CFGR_RTCPRE_4|RCC_CFGR_RTCPRE_3)       /*!< HSE cl
 323:board/stm32f401rct6/Drivers/STM32F4xx_HAL_Driver/Inc/stm32f4xx_ll_rcc.h **** #define LL_RCC_RTC_HSE_DIV_25               (RCC_CFGR_RTCPRE_4|RCC_CFGR_RTCPRE_3|RCC_CFGR_RTCPRE_0)
 324:board/stm32f401rct6/Drivers/STM32F4xx_HAL_Driver/Inc/stm32f4xx_ll_rcc.h **** #define LL_RCC_RTC_HSE_DIV_26               (RCC_CFGR_RTCPRE_4|RCC_CFGR_RTCPRE_3|RCC_CFGR_RTCPRE_1)
 325:board/stm32f401rct6/Drivers/STM32F4xx_HAL_Driver/Inc/stm32f4xx_ll_rcc.h **** #define LL_RCC_RTC_HSE_DIV_27               (RCC_CFGR_RTCPRE_4|RCC_CFGR_RTCPRE_3|RCC_CFGR_RTCPRE_1|
 326:board/stm32f401rct6/Drivers/STM32F4xx_HAL_Driver/Inc/stm32f4xx_ll_rcc.h **** #define LL_RCC_RTC_HSE_DIV_28               (RCC_CFGR_RTCPRE_4|RCC_CFGR_RTCPRE_3|RCC_CFGR_RTCPRE_2)
 327:board/stm32f401rct6/Drivers/STM32F4xx_HAL_Driver/Inc/stm32f4xx_ll_rcc.h **** #define LL_RCC_RTC_HSE_DIV_29               (RCC_CFGR_RTCPRE_4|RCC_CFGR_RTCPRE_3|RCC_CFGR_RTCPRE_2|
 328:board/stm32f401rct6/Drivers/STM32F4xx_HAL_Driver/Inc/stm32f4xx_ll_rcc.h **** #define LL_RCC_RTC_HSE_DIV_30               (RCC_CFGR_RTCPRE_4|RCC_CFGR_RTCPRE_3|RCC_CFGR_RTCPRE_2|
 329:board/stm32f401rct6/Drivers/STM32F4xx_HAL_Driver/Inc/stm32f4xx_ll_rcc.h **** #define LL_RCC_RTC_HSE_DIV_31               (RCC_CFGR_RTCPRE_4|RCC_CFGR_RTCPRE_3|RCC_CFGR_RTCPRE_2|
 330:board/stm32f401rct6/Drivers/STM32F4xx_HAL_Driver/Inc/stm32f4xx_ll_rcc.h **** /**
 331:board/stm32f401rct6/Drivers/STM32F4xx_HAL_Driver/Inc/stm32f4xx_ll_rcc.h ****   * @}
 332:board/stm32f401rct6/Drivers/STM32F4xx_HAL_Driver/Inc/stm32f4xx_ll_rcc.h ****   */
 333:board/stm32f401rct6/Drivers/STM32F4xx_HAL_Driver/Inc/stm32f4xx_ll_rcc.h **** 
 334:board/stm32f401rct6/Drivers/STM32F4xx_HAL_Driver/Inc/stm32f4xx_ll_rcc.h **** #if defined(USE_FULL_LL_DRIVER)
 335:board/stm32f401rct6/Drivers/STM32F4xx_HAL_Driver/Inc/stm32f4xx_ll_rcc.h **** /** @defgroup RCC_LL_EC_PERIPH_FREQUENCY Peripheral clock frequency
 336:board/stm32f401rct6/Drivers/STM32F4xx_HAL_Driver/Inc/stm32f4xx_ll_rcc.h ****   * @{
 337:board/stm32f401rct6/Drivers/STM32F4xx_HAL_Driver/Inc/stm32f4xx_ll_rcc.h ****   */
 338:board/stm32f401rct6/Drivers/STM32F4xx_HAL_Driver/Inc/stm32f4xx_ll_rcc.h **** #define LL_RCC_PERIPH_FREQUENCY_NO         0x00000000U                 /*!< No clock enabled for th
 339:board/stm32f401rct6/Drivers/STM32F4xx_HAL_Driver/Inc/stm32f4xx_ll_rcc.h **** #define LL_RCC_PERIPH_FREQUENCY_NA         0xFFFFFFFFU                 /*!< Frequency cannot be pro
 340:board/stm32f401rct6/Drivers/STM32F4xx_HAL_Driver/Inc/stm32f4xx_ll_rcc.h **** /**
 341:board/stm32f401rct6/Drivers/STM32F4xx_HAL_Driver/Inc/stm32f4xx_ll_rcc.h ****   * @}
ARM GAS  C:\Users\Admin\AppData\Local\Temp\ccHMtLfr.s 			page 11


 342:board/stm32f401rct6/Drivers/STM32F4xx_HAL_Driver/Inc/stm32f4xx_ll_rcc.h ****   */
 343:board/stm32f401rct6/Drivers/STM32F4xx_HAL_Driver/Inc/stm32f4xx_ll_rcc.h **** #endif /* USE_FULL_LL_DRIVER */
 344:board/stm32f401rct6/Drivers/STM32F4xx_HAL_Driver/Inc/stm32f4xx_ll_rcc.h **** 
 345:board/stm32f401rct6/Drivers/STM32F4xx_HAL_Driver/Inc/stm32f4xx_ll_rcc.h **** #if defined(FMPI2C1)
 346:board/stm32f401rct6/Drivers/STM32F4xx_HAL_Driver/Inc/stm32f4xx_ll_rcc.h **** /** @defgroup RCC_LL_EC_FMPI2C1_CLKSOURCE  Peripheral FMPI2C clock source selection
 347:board/stm32f401rct6/Drivers/STM32F4xx_HAL_Driver/Inc/stm32f4xx_ll_rcc.h ****   * @{
 348:board/stm32f401rct6/Drivers/STM32F4xx_HAL_Driver/Inc/stm32f4xx_ll_rcc.h ****   */
 349:board/stm32f401rct6/Drivers/STM32F4xx_HAL_Driver/Inc/stm32f4xx_ll_rcc.h **** #define LL_RCC_FMPI2C1_CLKSOURCE_PCLK1        0x00000000U               /*!< PCLK1 clock used as FM
 350:board/stm32f401rct6/Drivers/STM32F4xx_HAL_Driver/Inc/stm32f4xx_ll_rcc.h **** #define LL_RCC_FMPI2C1_CLKSOURCE_SYSCLK       RCC_DCKCFGR2_FMPI2C1SEL_0 /*!< SYSCLK clock used as F
 351:board/stm32f401rct6/Drivers/STM32F4xx_HAL_Driver/Inc/stm32f4xx_ll_rcc.h **** #define LL_RCC_FMPI2C1_CLKSOURCE_HSI          RCC_DCKCFGR2_FMPI2C1SEL_1 /*!< HSI clock used as FMPI
 352:board/stm32f401rct6/Drivers/STM32F4xx_HAL_Driver/Inc/stm32f4xx_ll_rcc.h **** /**
 353:board/stm32f401rct6/Drivers/STM32F4xx_HAL_Driver/Inc/stm32f4xx_ll_rcc.h ****   * @}
 354:board/stm32f401rct6/Drivers/STM32F4xx_HAL_Driver/Inc/stm32f4xx_ll_rcc.h ****   */
 355:board/stm32f401rct6/Drivers/STM32F4xx_HAL_Driver/Inc/stm32f4xx_ll_rcc.h **** #endif /* FMPI2C1 */
 356:board/stm32f401rct6/Drivers/STM32F4xx_HAL_Driver/Inc/stm32f4xx_ll_rcc.h **** 
 357:board/stm32f401rct6/Drivers/STM32F4xx_HAL_Driver/Inc/stm32f4xx_ll_rcc.h **** #if defined(LPTIM1)
 358:board/stm32f401rct6/Drivers/STM32F4xx_HAL_Driver/Inc/stm32f4xx_ll_rcc.h **** /** @defgroup RCC_LL_EC_LPTIM1_CLKSOURCE  Peripheral LPTIM clock source selection
 359:board/stm32f401rct6/Drivers/STM32F4xx_HAL_Driver/Inc/stm32f4xx_ll_rcc.h ****   * @{
 360:board/stm32f401rct6/Drivers/STM32F4xx_HAL_Driver/Inc/stm32f4xx_ll_rcc.h ****   */
 361:board/stm32f401rct6/Drivers/STM32F4xx_HAL_Driver/Inc/stm32f4xx_ll_rcc.h **** #define LL_RCC_LPTIM1_CLKSOURCE_PCLK1       0x00000000U                 /*!< PCLK1 clock used as LP
 362:board/stm32f401rct6/Drivers/STM32F4xx_HAL_Driver/Inc/stm32f4xx_ll_rcc.h **** #define LL_RCC_LPTIM1_CLKSOURCE_HSI         RCC_DCKCFGR2_LPTIM1SEL_0    /*!< LSI oscillator clock u
 363:board/stm32f401rct6/Drivers/STM32F4xx_HAL_Driver/Inc/stm32f4xx_ll_rcc.h **** #define LL_RCC_LPTIM1_CLKSOURCE_LSI         RCC_DCKCFGR2_LPTIM1SEL_1    /*!< HSI oscillator clock u
 364:board/stm32f401rct6/Drivers/STM32F4xx_HAL_Driver/Inc/stm32f4xx_ll_rcc.h **** #define LL_RCC_LPTIM1_CLKSOURCE_LSE         (uint32_t)(RCC_DCKCFGR2_LPTIM1SEL_1 | RCC_DCKCFGR2_LPTI
 365:board/stm32f401rct6/Drivers/STM32F4xx_HAL_Driver/Inc/stm32f4xx_ll_rcc.h **** /**
 366:board/stm32f401rct6/Drivers/STM32F4xx_HAL_Driver/Inc/stm32f4xx_ll_rcc.h ****   * @}
 367:board/stm32f401rct6/Drivers/STM32F4xx_HAL_Driver/Inc/stm32f4xx_ll_rcc.h ****   */
 368:board/stm32f401rct6/Drivers/STM32F4xx_HAL_Driver/Inc/stm32f4xx_ll_rcc.h **** #endif /* LPTIM1 */
 369:board/stm32f401rct6/Drivers/STM32F4xx_HAL_Driver/Inc/stm32f4xx_ll_rcc.h **** 
 370:board/stm32f401rct6/Drivers/STM32F4xx_HAL_Driver/Inc/stm32f4xx_ll_rcc.h **** #if defined(SAI1)
 371:board/stm32f401rct6/Drivers/STM32F4xx_HAL_Driver/Inc/stm32f4xx_ll_rcc.h **** /** @defgroup RCC_LL_EC_SAIx_CLKSOURCE  Peripheral SAI clock source selection
 372:board/stm32f401rct6/Drivers/STM32F4xx_HAL_Driver/Inc/stm32f4xx_ll_rcc.h ****   * @{
 373:board/stm32f401rct6/Drivers/STM32F4xx_HAL_Driver/Inc/stm32f4xx_ll_rcc.h ****   */
 374:board/stm32f401rct6/Drivers/STM32F4xx_HAL_Driver/Inc/stm32f4xx_ll_rcc.h **** #if defined(RCC_DCKCFGR_SAI1SRC)
 375:board/stm32f401rct6/Drivers/STM32F4xx_HAL_Driver/Inc/stm32f4xx_ll_rcc.h **** #define LL_RCC_SAI1_CLKSOURCE_PLLSAI       (uint32_t)(RCC_DCKCFGR_SAI1SRC | 0x00000000U)           
 376:board/stm32f401rct6/Drivers/STM32F4xx_HAL_Driver/Inc/stm32f4xx_ll_rcc.h **** #define LL_RCC_SAI1_CLKSOURCE_PLLI2S       (uint32_t)(RCC_DCKCFGR_SAI1SRC | (RCC_DCKCFGR_SAI1SRC_0 
 377:board/stm32f401rct6/Drivers/STM32F4xx_HAL_Driver/Inc/stm32f4xx_ll_rcc.h **** #define LL_RCC_SAI1_CLKSOURCE_PLL          (uint32_t)(RCC_DCKCFGR_SAI1SRC | (RCC_DCKCFGR_SAI1SRC_1 
 378:board/stm32f401rct6/Drivers/STM32F4xx_HAL_Driver/Inc/stm32f4xx_ll_rcc.h **** #define LL_RCC_SAI1_CLKSOURCE_PIN          (uint32_t)(RCC_DCKCFGR_SAI1SRC | (RCC_DCKCFGR_SAI1SRC >>
 379:board/stm32f401rct6/Drivers/STM32F4xx_HAL_Driver/Inc/stm32f4xx_ll_rcc.h **** #endif /* RCC_DCKCFGR_SAI1SRC */
 380:board/stm32f401rct6/Drivers/STM32F4xx_HAL_Driver/Inc/stm32f4xx_ll_rcc.h **** #if defined(RCC_DCKCFGR_SAI2SRC)
 381:board/stm32f401rct6/Drivers/STM32F4xx_HAL_Driver/Inc/stm32f4xx_ll_rcc.h **** #define LL_RCC_SAI2_CLKSOURCE_PLLSAI       (uint32_t)(RCC_DCKCFGR_SAI2SRC | 0x00000000U)           
 382:board/stm32f401rct6/Drivers/STM32F4xx_HAL_Driver/Inc/stm32f4xx_ll_rcc.h **** #define LL_RCC_SAI2_CLKSOURCE_PLLI2S       (uint32_t)(RCC_DCKCFGR_SAI2SRC | (RCC_DCKCFGR_SAI2SRC_0 
 383:board/stm32f401rct6/Drivers/STM32F4xx_HAL_Driver/Inc/stm32f4xx_ll_rcc.h **** #define LL_RCC_SAI2_CLKSOURCE_PLL          (uint32_t)(RCC_DCKCFGR_SAI2SRC | (RCC_DCKCFGR_SAI2SRC_1 
 384:board/stm32f401rct6/Drivers/STM32F4xx_HAL_Driver/Inc/stm32f4xx_ll_rcc.h **** #define LL_RCC_SAI2_CLKSOURCE_PLLSRC       (uint32_t)(RCC_DCKCFGR_SAI2SRC | (RCC_DCKCFGR_SAI2SRC >>
 385:board/stm32f401rct6/Drivers/STM32F4xx_HAL_Driver/Inc/stm32f4xx_ll_rcc.h **** #endif /* RCC_DCKCFGR_SAI2SRC */
 386:board/stm32f401rct6/Drivers/STM32F4xx_HAL_Driver/Inc/stm32f4xx_ll_rcc.h **** #if defined(RCC_DCKCFGR_SAI1ASRC)
 387:board/stm32f401rct6/Drivers/STM32F4xx_HAL_Driver/Inc/stm32f4xx_ll_rcc.h **** #if defined(RCC_SAI1A_PLLSOURCE_SUPPORT)
 388:board/stm32f401rct6/Drivers/STM32F4xx_HAL_Driver/Inc/stm32f4xx_ll_rcc.h **** #define LL_RCC_SAI1_A_CLKSOURCE_PLLI2S     (uint32_t)(RCC_DCKCFGR_SAI1ASRC | 0x00000000U)          
 389:board/stm32f401rct6/Drivers/STM32F4xx_HAL_Driver/Inc/stm32f4xx_ll_rcc.h **** #define LL_RCC_SAI1_A_CLKSOURCE_PIN        (uint32_t)(RCC_DCKCFGR_SAI1ASRC | (RCC_DCKCFGR_SAI1ASRC_
 390:board/stm32f401rct6/Drivers/STM32F4xx_HAL_Driver/Inc/stm32f4xx_ll_rcc.h **** #define LL_RCC_SAI1_A_CLKSOURCE_PLL        (uint32_t)(RCC_DCKCFGR_SAI1ASRC | (RCC_DCKCFGR_SAI1ASRC_
 391:board/stm32f401rct6/Drivers/STM32F4xx_HAL_Driver/Inc/stm32f4xx_ll_rcc.h **** #define LL_RCC_SAI1_A_CLKSOURCE_PLLSRC     (uint32_t)(RCC_DCKCFGR_SAI1ASRC | (RCC_DCKCFGR_SAI1ASRC 
 392:board/stm32f401rct6/Drivers/STM32F4xx_HAL_Driver/Inc/stm32f4xx_ll_rcc.h **** #else
 393:board/stm32f401rct6/Drivers/STM32F4xx_HAL_Driver/Inc/stm32f4xx_ll_rcc.h **** #define LL_RCC_SAI1_A_CLKSOURCE_PLLSAI     (uint32_t)(RCC_DCKCFGR_SAI1ASRC | 0x00000000U)          
 394:board/stm32f401rct6/Drivers/STM32F4xx_HAL_Driver/Inc/stm32f4xx_ll_rcc.h **** #define LL_RCC_SAI1_A_CLKSOURCE_PLLI2S     (uint32_t)(RCC_DCKCFGR_SAI1ASRC | (RCC_DCKCFGR_SAI1ASRC_
 395:board/stm32f401rct6/Drivers/STM32F4xx_HAL_Driver/Inc/stm32f4xx_ll_rcc.h **** #define LL_RCC_SAI1_A_CLKSOURCE_PIN        (uint32_t)(RCC_DCKCFGR_SAI1ASRC | (RCC_DCKCFGR_SAI1ASRC_
 396:board/stm32f401rct6/Drivers/STM32F4xx_HAL_Driver/Inc/stm32f4xx_ll_rcc.h **** #endif /* RCC_SAI1A_PLLSOURCE_SUPPORT */
 397:board/stm32f401rct6/Drivers/STM32F4xx_HAL_Driver/Inc/stm32f4xx_ll_rcc.h **** #endif /* RCC_DCKCFGR_SAI1ASRC */
 398:board/stm32f401rct6/Drivers/STM32F4xx_HAL_Driver/Inc/stm32f4xx_ll_rcc.h **** #if defined(RCC_DCKCFGR_SAI1BSRC)
ARM GAS  C:\Users\Admin\AppData\Local\Temp\ccHMtLfr.s 			page 12


 399:board/stm32f401rct6/Drivers/STM32F4xx_HAL_Driver/Inc/stm32f4xx_ll_rcc.h **** #if defined(RCC_SAI1B_PLLSOURCE_SUPPORT)
 400:board/stm32f401rct6/Drivers/STM32F4xx_HAL_Driver/Inc/stm32f4xx_ll_rcc.h **** #define LL_RCC_SAI1_B_CLKSOURCE_PLLI2S     (uint32_t)(RCC_DCKCFGR_SAI1BSRC | 0x00000000U)          
 401:board/stm32f401rct6/Drivers/STM32F4xx_HAL_Driver/Inc/stm32f4xx_ll_rcc.h **** #define LL_RCC_SAI1_B_CLKSOURCE_PIN        (uint32_t)(RCC_DCKCFGR_SAI1BSRC | (RCC_DCKCFGR_SAI1BSRC_
 402:board/stm32f401rct6/Drivers/STM32F4xx_HAL_Driver/Inc/stm32f4xx_ll_rcc.h **** #define LL_RCC_SAI1_B_CLKSOURCE_PLL        (uint32_t)(RCC_DCKCFGR_SAI1BSRC | (RCC_DCKCFGR_SAI1BSRC_
 403:board/stm32f401rct6/Drivers/STM32F4xx_HAL_Driver/Inc/stm32f4xx_ll_rcc.h **** #define LL_RCC_SAI1_B_CLKSOURCE_PLLSRC     (uint32_t)(RCC_DCKCFGR_SAI1BSRC | (RCC_DCKCFGR_SAI1BSRC 
 404:board/stm32f401rct6/Drivers/STM32F4xx_HAL_Driver/Inc/stm32f4xx_ll_rcc.h **** #else
 405:board/stm32f401rct6/Drivers/STM32F4xx_HAL_Driver/Inc/stm32f4xx_ll_rcc.h **** #define LL_RCC_SAI1_B_CLKSOURCE_PLLSAI     (uint32_t)(RCC_DCKCFGR_SAI1BSRC | 0x00000000U)          
 406:board/stm32f401rct6/Drivers/STM32F4xx_HAL_Driver/Inc/stm32f4xx_ll_rcc.h **** #define LL_RCC_SAI1_B_CLKSOURCE_PLLI2S     (uint32_t)(RCC_DCKCFGR_SAI1BSRC | (RCC_DCKCFGR_SAI1BSRC_
 407:board/stm32f401rct6/Drivers/STM32F4xx_HAL_Driver/Inc/stm32f4xx_ll_rcc.h **** #define LL_RCC_SAI1_B_CLKSOURCE_PIN        (uint32_t)(RCC_DCKCFGR_SAI1BSRC | (RCC_DCKCFGR_SAI1BSRC_
 408:board/stm32f401rct6/Drivers/STM32F4xx_HAL_Driver/Inc/stm32f4xx_ll_rcc.h **** #endif /* RCC_SAI1B_PLLSOURCE_SUPPORT */
 409:board/stm32f401rct6/Drivers/STM32F4xx_HAL_Driver/Inc/stm32f4xx_ll_rcc.h **** #endif /* RCC_DCKCFGR_SAI1BSRC */
 410:board/stm32f401rct6/Drivers/STM32F4xx_HAL_Driver/Inc/stm32f4xx_ll_rcc.h **** /**
 411:board/stm32f401rct6/Drivers/STM32F4xx_HAL_Driver/Inc/stm32f4xx_ll_rcc.h ****   * @}
 412:board/stm32f401rct6/Drivers/STM32F4xx_HAL_Driver/Inc/stm32f4xx_ll_rcc.h ****   */
 413:board/stm32f401rct6/Drivers/STM32F4xx_HAL_Driver/Inc/stm32f4xx_ll_rcc.h **** #endif /* SAI1 */
 414:board/stm32f401rct6/Drivers/STM32F4xx_HAL_Driver/Inc/stm32f4xx_ll_rcc.h **** 
 415:board/stm32f401rct6/Drivers/STM32F4xx_HAL_Driver/Inc/stm32f4xx_ll_rcc.h **** #if defined(RCC_DCKCFGR_SDIOSEL) || defined(RCC_DCKCFGR2_SDIOSEL)
 416:board/stm32f401rct6/Drivers/STM32F4xx_HAL_Driver/Inc/stm32f4xx_ll_rcc.h **** /** @defgroup RCC_LL_EC_SDIOx_CLKSOURCE  Peripheral SDIO clock source selection
 417:board/stm32f401rct6/Drivers/STM32F4xx_HAL_Driver/Inc/stm32f4xx_ll_rcc.h ****   * @{
 418:board/stm32f401rct6/Drivers/STM32F4xx_HAL_Driver/Inc/stm32f4xx_ll_rcc.h ****   */
 419:board/stm32f401rct6/Drivers/STM32F4xx_HAL_Driver/Inc/stm32f4xx_ll_rcc.h **** #define LL_RCC_SDIO_CLKSOURCE_PLL48CLK       0x00000000U                 /*!< PLL 48M domain clock 
 420:board/stm32f401rct6/Drivers/STM32F4xx_HAL_Driver/Inc/stm32f4xx_ll_rcc.h **** #if defined(RCC_DCKCFGR_SDIOSEL)
 421:board/stm32f401rct6/Drivers/STM32F4xx_HAL_Driver/Inc/stm32f4xx_ll_rcc.h **** #define LL_RCC_SDIO_CLKSOURCE_SYSCLK         RCC_DCKCFGR_SDIOSEL         /*!< System clock clock us
 422:board/stm32f401rct6/Drivers/STM32F4xx_HAL_Driver/Inc/stm32f4xx_ll_rcc.h **** #else
 423:board/stm32f401rct6/Drivers/STM32F4xx_HAL_Driver/Inc/stm32f4xx_ll_rcc.h **** #define LL_RCC_SDIO_CLKSOURCE_SYSCLK         RCC_DCKCFGR2_SDIOSEL        /*!< System clock clock us
 424:board/stm32f401rct6/Drivers/STM32F4xx_HAL_Driver/Inc/stm32f4xx_ll_rcc.h **** #endif /* RCC_DCKCFGR_SDIOSEL */
 425:board/stm32f401rct6/Drivers/STM32F4xx_HAL_Driver/Inc/stm32f4xx_ll_rcc.h **** /**
 426:board/stm32f401rct6/Drivers/STM32F4xx_HAL_Driver/Inc/stm32f4xx_ll_rcc.h ****   * @}
 427:board/stm32f401rct6/Drivers/STM32F4xx_HAL_Driver/Inc/stm32f4xx_ll_rcc.h ****   */
 428:board/stm32f401rct6/Drivers/STM32F4xx_HAL_Driver/Inc/stm32f4xx_ll_rcc.h **** #endif /* RCC_DCKCFGR_SDIOSEL || RCC_DCKCFGR2_SDIOSEL */
 429:board/stm32f401rct6/Drivers/STM32F4xx_HAL_Driver/Inc/stm32f4xx_ll_rcc.h **** 
 430:board/stm32f401rct6/Drivers/STM32F4xx_HAL_Driver/Inc/stm32f4xx_ll_rcc.h **** #if defined(DSI)
 431:board/stm32f401rct6/Drivers/STM32F4xx_HAL_Driver/Inc/stm32f4xx_ll_rcc.h **** /** @defgroup RCC_LL_EC_DSI_CLKSOURCE  Peripheral DSI clock source selection
 432:board/stm32f401rct6/Drivers/STM32F4xx_HAL_Driver/Inc/stm32f4xx_ll_rcc.h ****   * @{
 433:board/stm32f401rct6/Drivers/STM32F4xx_HAL_Driver/Inc/stm32f4xx_ll_rcc.h ****   */
 434:board/stm32f401rct6/Drivers/STM32F4xx_HAL_Driver/Inc/stm32f4xx_ll_rcc.h **** #define LL_RCC_DSI_CLKSOURCE_PHY          0x00000000U                       /*!< DSI-PHY clock used
 435:board/stm32f401rct6/Drivers/STM32F4xx_HAL_Driver/Inc/stm32f4xx_ll_rcc.h **** #define LL_RCC_DSI_CLKSOURCE_PLL          RCC_DCKCFGR_DSISEL                /*!< PLL clock used as 
 436:board/stm32f401rct6/Drivers/STM32F4xx_HAL_Driver/Inc/stm32f4xx_ll_rcc.h **** /**
 437:board/stm32f401rct6/Drivers/STM32F4xx_HAL_Driver/Inc/stm32f4xx_ll_rcc.h ****   * @}
 438:board/stm32f401rct6/Drivers/STM32F4xx_HAL_Driver/Inc/stm32f4xx_ll_rcc.h ****   */
 439:board/stm32f401rct6/Drivers/STM32F4xx_HAL_Driver/Inc/stm32f4xx_ll_rcc.h **** #endif /* DSI */
 440:board/stm32f401rct6/Drivers/STM32F4xx_HAL_Driver/Inc/stm32f4xx_ll_rcc.h **** 
 441:board/stm32f401rct6/Drivers/STM32F4xx_HAL_Driver/Inc/stm32f4xx_ll_rcc.h **** #if defined(CEC)
 442:board/stm32f401rct6/Drivers/STM32F4xx_HAL_Driver/Inc/stm32f4xx_ll_rcc.h **** /** @defgroup RCC_LL_EC_CEC_CLKSOURCE  Peripheral CEC clock source selection
 443:board/stm32f401rct6/Drivers/STM32F4xx_HAL_Driver/Inc/stm32f4xx_ll_rcc.h ****   * @{
 444:board/stm32f401rct6/Drivers/STM32F4xx_HAL_Driver/Inc/stm32f4xx_ll_rcc.h ****   */
 445:board/stm32f401rct6/Drivers/STM32F4xx_HAL_Driver/Inc/stm32f4xx_ll_rcc.h **** #define LL_RCC_CEC_CLKSOURCE_HSI_DIV488    0x00000000U                /*!< HSI oscillator clock div
 446:board/stm32f401rct6/Drivers/STM32F4xx_HAL_Driver/Inc/stm32f4xx_ll_rcc.h **** #define LL_RCC_CEC_CLKSOURCE_LSE           RCC_DCKCFGR2_CECSEL        /*!< LSE oscillator clock use
 447:board/stm32f401rct6/Drivers/STM32F4xx_HAL_Driver/Inc/stm32f4xx_ll_rcc.h **** /**
 448:board/stm32f401rct6/Drivers/STM32F4xx_HAL_Driver/Inc/stm32f4xx_ll_rcc.h ****   * @}
 449:board/stm32f401rct6/Drivers/STM32F4xx_HAL_Driver/Inc/stm32f4xx_ll_rcc.h ****   */
 450:board/stm32f401rct6/Drivers/STM32F4xx_HAL_Driver/Inc/stm32f4xx_ll_rcc.h **** #endif /* CEC */
 451:board/stm32f401rct6/Drivers/STM32F4xx_HAL_Driver/Inc/stm32f4xx_ll_rcc.h **** 
 452:board/stm32f401rct6/Drivers/STM32F4xx_HAL_Driver/Inc/stm32f4xx_ll_rcc.h **** /** @defgroup RCC_LL_EC_I2S1_CLKSOURCE  Peripheral I2S clock source selection
 453:board/stm32f401rct6/Drivers/STM32F4xx_HAL_Driver/Inc/stm32f4xx_ll_rcc.h ****   * @{
 454:board/stm32f401rct6/Drivers/STM32F4xx_HAL_Driver/Inc/stm32f4xx_ll_rcc.h ****   */
 455:board/stm32f401rct6/Drivers/STM32F4xx_HAL_Driver/Inc/stm32f4xx_ll_rcc.h **** #if defined(RCC_CFGR_I2SSRC)
ARM GAS  C:\Users\Admin\AppData\Local\Temp\ccHMtLfr.s 			page 13


 456:board/stm32f401rct6/Drivers/STM32F4xx_HAL_Driver/Inc/stm32f4xx_ll_rcc.h **** #define LL_RCC_I2S1_CLKSOURCE_PLLI2S     0x00000000U                /*!< I2S oscillator clock used 
 457:board/stm32f401rct6/Drivers/STM32F4xx_HAL_Driver/Inc/stm32f4xx_ll_rcc.h **** #define LL_RCC_I2S1_CLKSOURCE_PIN        RCC_CFGR_I2SSRC            /*!< External pin clock used as
 458:board/stm32f401rct6/Drivers/STM32F4xx_HAL_Driver/Inc/stm32f4xx_ll_rcc.h **** #endif /* RCC_CFGR_I2SSRC */
 459:board/stm32f401rct6/Drivers/STM32F4xx_HAL_Driver/Inc/stm32f4xx_ll_rcc.h **** #if defined(RCC_DCKCFGR_I2SSRC)
 460:board/stm32f401rct6/Drivers/STM32F4xx_HAL_Driver/Inc/stm32f4xx_ll_rcc.h **** #define LL_RCC_I2S1_CLKSOURCE_PLL        (uint32_t)(RCC_DCKCFGR_I2SSRC | 0x00000000U)              
 461:board/stm32f401rct6/Drivers/STM32F4xx_HAL_Driver/Inc/stm32f4xx_ll_rcc.h **** #define LL_RCC_I2S1_CLKSOURCE_PIN        (uint32_t)(RCC_DCKCFGR_I2SSRC | (RCC_DCKCFGR_I2SSRC_0 >> 1
 462:board/stm32f401rct6/Drivers/STM32F4xx_HAL_Driver/Inc/stm32f4xx_ll_rcc.h **** #define LL_RCC_I2S1_CLKSOURCE_PLLSRC     (uint32_t)(RCC_DCKCFGR_I2SSRC | (RCC_DCKCFGR_I2SSRC_1 >> 1
 463:board/stm32f401rct6/Drivers/STM32F4xx_HAL_Driver/Inc/stm32f4xx_ll_rcc.h **** #endif /* RCC_DCKCFGR_I2SSRC */
 464:board/stm32f401rct6/Drivers/STM32F4xx_HAL_Driver/Inc/stm32f4xx_ll_rcc.h **** #if defined(RCC_DCKCFGR_I2S1SRC)
 465:board/stm32f401rct6/Drivers/STM32F4xx_HAL_Driver/Inc/stm32f4xx_ll_rcc.h **** #define LL_RCC_I2S1_CLKSOURCE_PLLI2S     (uint32_t)(RCC_DCKCFGR_I2S1SRC | 0x00000000U)             
 466:board/stm32f401rct6/Drivers/STM32F4xx_HAL_Driver/Inc/stm32f4xx_ll_rcc.h **** #define LL_RCC_I2S1_CLKSOURCE_PIN        (uint32_t)(RCC_DCKCFGR_I2S1SRC | (RCC_DCKCFGR_I2S1SRC_0 >>
 467:board/stm32f401rct6/Drivers/STM32F4xx_HAL_Driver/Inc/stm32f4xx_ll_rcc.h **** #define LL_RCC_I2S1_CLKSOURCE_PLL        (uint32_t)(RCC_DCKCFGR_I2S1SRC | (RCC_DCKCFGR_I2S1SRC_1 >>
 468:board/stm32f401rct6/Drivers/STM32F4xx_HAL_Driver/Inc/stm32f4xx_ll_rcc.h **** #define LL_RCC_I2S1_CLKSOURCE_PLLSRC     (uint32_t)(RCC_DCKCFGR_I2S1SRC | (RCC_DCKCFGR_I2S1SRC >> 1
 469:board/stm32f401rct6/Drivers/STM32F4xx_HAL_Driver/Inc/stm32f4xx_ll_rcc.h **** #endif /* RCC_DCKCFGR_I2S1SRC */
 470:board/stm32f401rct6/Drivers/STM32F4xx_HAL_Driver/Inc/stm32f4xx_ll_rcc.h **** #if defined(RCC_DCKCFGR_I2S2SRC)
 471:board/stm32f401rct6/Drivers/STM32F4xx_HAL_Driver/Inc/stm32f4xx_ll_rcc.h **** #define LL_RCC_I2S2_CLKSOURCE_PLLI2S     (uint32_t)(RCC_DCKCFGR_I2S2SRC | 0x00000000U)             
 472:board/stm32f401rct6/Drivers/STM32F4xx_HAL_Driver/Inc/stm32f4xx_ll_rcc.h **** #define LL_RCC_I2S2_CLKSOURCE_PIN        (uint32_t)(RCC_DCKCFGR_I2S2SRC | (RCC_DCKCFGR_I2S2SRC_0 >>
 473:board/stm32f401rct6/Drivers/STM32F4xx_HAL_Driver/Inc/stm32f4xx_ll_rcc.h **** #define LL_RCC_I2S2_CLKSOURCE_PLL        (uint32_t)(RCC_DCKCFGR_I2S2SRC | (RCC_DCKCFGR_I2S2SRC_1 >>
 474:board/stm32f401rct6/Drivers/STM32F4xx_HAL_Driver/Inc/stm32f4xx_ll_rcc.h **** #define LL_RCC_I2S2_CLKSOURCE_PLLSRC     (uint32_t)(RCC_DCKCFGR_I2S2SRC | (RCC_DCKCFGR_I2S2SRC >> 1
 475:board/stm32f401rct6/Drivers/STM32F4xx_HAL_Driver/Inc/stm32f4xx_ll_rcc.h **** #endif /* RCC_DCKCFGR_I2S2SRC */
 476:board/stm32f401rct6/Drivers/STM32F4xx_HAL_Driver/Inc/stm32f4xx_ll_rcc.h **** /**
 477:board/stm32f401rct6/Drivers/STM32F4xx_HAL_Driver/Inc/stm32f4xx_ll_rcc.h ****   * @}
 478:board/stm32f401rct6/Drivers/STM32F4xx_HAL_Driver/Inc/stm32f4xx_ll_rcc.h ****   */
 479:board/stm32f401rct6/Drivers/STM32F4xx_HAL_Driver/Inc/stm32f4xx_ll_rcc.h **** 
 480:board/stm32f401rct6/Drivers/STM32F4xx_HAL_Driver/Inc/stm32f4xx_ll_rcc.h **** #if defined(RCC_DCKCFGR_CK48MSEL) || defined(RCC_DCKCFGR2_CK48MSEL)
 481:board/stm32f401rct6/Drivers/STM32F4xx_HAL_Driver/Inc/stm32f4xx_ll_rcc.h **** /** @defgroup RCC_LL_EC_CK48M_CLKSOURCE  Peripheral 48Mhz domain clock source selection
 482:board/stm32f401rct6/Drivers/STM32F4xx_HAL_Driver/Inc/stm32f4xx_ll_rcc.h ****   * @{
 483:board/stm32f401rct6/Drivers/STM32F4xx_HAL_Driver/Inc/stm32f4xx_ll_rcc.h ****   */
 484:board/stm32f401rct6/Drivers/STM32F4xx_HAL_Driver/Inc/stm32f4xx_ll_rcc.h **** #if defined(RCC_DCKCFGR_CK48MSEL)
 485:board/stm32f401rct6/Drivers/STM32F4xx_HAL_Driver/Inc/stm32f4xx_ll_rcc.h **** #define LL_RCC_CK48M_CLKSOURCE_PLL         0x00000000U                /*!< PLL oscillator clock use
 486:board/stm32f401rct6/Drivers/STM32F4xx_HAL_Driver/Inc/stm32f4xx_ll_rcc.h **** #define LL_RCC_CK48M_CLKSOURCE_PLLSAI      RCC_DCKCFGR_CK48MSEL       /*!< PLLSAI oscillator clock 
 487:board/stm32f401rct6/Drivers/STM32F4xx_HAL_Driver/Inc/stm32f4xx_ll_rcc.h **** #endif /* RCC_DCKCFGR_CK48MSEL */
 488:board/stm32f401rct6/Drivers/STM32F4xx_HAL_Driver/Inc/stm32f4xx_ll_rcc.h **** #if defined(RCC_DCKCFGR2_CK48MSEL)
 489:board/stm32f401rct6/Drivers/STM32F4xx_HAL_Driver/Inc/stm32f4xx_ll_rcc.h **** #define LL_RCC_CK48M_CLKSOURCE_PLL         0x00000000U                /*!< PLL oscillator clock use
 490:board/stm32f401rct6/Drivers/STM32F4xx_HAL_Driver/Inc/stm32f4xx_ll_rcc.h **** #if defined(RCC_PLLSAI_SUPPORT)
 491:board/stm32f401rct6/Drivers/STM32F4xx_HAL_Driver/Inc/stm32f4xx_ll_rcc.h **** #define LL_RCC_CK48M_CLKSOURCE_PLLSAI      RCC_DCKCFGR2_CK48MSEL      /*!< PLLSAI oscillator clock 
 492:board/stm32f401rct6/Drivers/STM32F4xx_HAL_Driver/Inc/stm32f4xx_ll_rcc.h **** #endif /* RCC_PLLSAI_SUPPORT */
 493:board/stm32f401rct6/Drivers/STM32F4xx_HAL_Driver/Inc/stm32f4xx_ll_rcc.h **** #if defined(RCC_PLLI2SCFGR_PLLI2SQ) && !defined(RCC_DCKCFGR_PLLI2SDIVQ)
 494:board/stm32f401rct6/Drivers/STM32F4xx_HAL_Driver/Inc/stm32f4xx_ll_rcc.h **** #define LL_RCC_CK48M_CLKSOURCE_PLLI2S      RCC_DCKCFGR2_CK48MSEL      /*!< PLLI2S oscillator clock 
 495:board/stm32f401rct6/Drivers/STM32F4xx_HAL_Driver/Inc/stm32f4xx_ll_rcc.h **** #endif /* RCC_PLLI2SCFGR_PLLI2SQ && !RCC_DCKCFGR_PLLI2SDIVQ */
 496:board/stm32f401rct6/Drivers/STM32F4xx_HAL_Driver/Inc/stm32f4xx_ll_rcc.h **** #endif /* RCC_DCKCFGR2_CK48MSEL */
 497:board/stm32f401rct6/Drivers/STM32F4xx_HAL_Driver/Inc/stm32f4xx_ll_rcc.h **** /**
 498:board/stm32f401rct6/Drivers/STM32F4xx_HAL_Driver/Inc/stm32f4xx_ll_rcc.h ****   * @}
 499:board/stm32f401rct6/Drivers/STM32F4xx_HAL_Driver/Inc/stm32f4xx_ll_rcc.h ****   */
 500:board/stm32f401rct6/Drivers/STM32F4xx_HAL_Driver/Inc/stm32f4xx_ll_rcc.h **** 
 501:board/stm32f401rct6/Drivers/STM32F4xx_HAL_Driver/Inc/stm32f4xx_ll_rcc.h **** #if defined(RNG)
 502:board/stm32f401rct6/Drivers/STM32F4xx_HAL_Driver/Inc/stm32f4xx_ll_rcc.h **** /** @defgroup RCC_LL_EC_RNG_CLKSOURCE  Peripheral RNG clock source selection
 503:board/stm32f401rct6/Drivers/STM32F4xx_HAL_Driver/Inc/stm32f4xx_ll_rcc.h ****   * @{
 504:board/stm32f401rct6/Drivers/STM32F4xx_HAL_Driver/Inc/stm32f4xx_ll_rcc.h ****   */
 505:board/stm32f401rct6/Drivers/STM32F4xx_HAL_Driver/Inc/stm32f4xx_ll_rcc.h **** #define LL_RCC_RNG_CLKSOURCE_PLL          LL_RCC_CK48M_CLKSOURCE_PLL        /*!< PLL clock used as 
 506:board/stm32f401rct6/Drivers/STM32F4xx_HAL_Driver/Inc/stm32f4xx_ll_rcc.h **** #if defined(RCC_PLLSAI_SUPPORT)
 507:board/stm32f401rct6/Drivers/STM32F4xx_HAL_Driver/Inc/stm32f4xx_ll_rcc.h **** #define LL_RCC_RNG_CLKSOURCE_PLLSAI       LL_RCC_CK48M_CLKSOURCE_PLLSAI     /*!< PLLSAI clock used 
 508:board/stm32f401rct6/Drivers/STM32F4xx_HAL_Driver/Inc/stm32f4xx_ll_rcc.h **** #endif /* RCC_PLLSAI_SUPPORT */
 509:board/stm32f401rct6/Drivers/STM32F4xx_HAL_Driver/Inc/stm32f4xx_ll_rcc.h **** #if defined(RCC_PLLI2SCFGR_PLLI2SQ) && !defined(RCC_DCKCFGR_PLLI2SDIVQ)
 510:board/stm32f401rct6/Drivers/STM32F4xx_HAL_Driver/Inc/stm32f4xx_ll_rcc.h **** #define LL_RCC_RNG_CLKSOURCE_PLLI2S       LL_RCC_CK48M_CLKSOURCE_PLLI2S     /*!< PLLI2S clock used 
 511:board/stm32f401rct6/Drivers/STM32F4xx_HAL_Driver/Inc/stm32f4xx_ll_rcc.h **** #endif /* RCC_PLLI2SCFGR_PLLI2SQ && !RCC_DCKCFGR_PLLI2SDIVQ */
 512:board/stm32f401rct6/Drivers/STM32F4xx_HAL_Driver/Inc/stm32f4xx_ll_rcc.h **** /**
ARM GAS  C:\Users\Admin\AppData\Local\Temp\ccHMtLfr.s 			page 14


 513:board/stm32f401rct6/Drivers/STM32F4xx_HAL_Driver/Inc/stm32f4xx_ll_rcc.h ****   * @}
 514:board/stm32f401rct6/Drivers/STM32F4xx_HAL_Driver/Inc/stm32f4xx_ll_rcc.h ****   */
 515:board/stm32f401rct6/Drivers/STM32F4xx_HAL_Driver/Inc/stm32f4xx_ll_rcc.h **** #endif /* RNG */
 516:board/stm32f401rct6/Drivers/STM32F4xx_HAL_Driver/Inc/stm32f4xx_ll_rcc.h **** 
 517:board/stm32f401rct6/Drivers/STM32F4xx_HAL_Driver/Inc/stm32f4xx_ll_rcc.h **** #if defined(USB_OTG_FS) || defined(USB_OTG_HS)
 518:board/stm32f401rct6/Drivers/STM32F4xx_HAL_Driver/Inc/stm32f4xx_ll_rcc.h **** /** @defgroup RCC_LL_EC_USB_CLKSOURCE  Peripheral USB clock source selection
 519:board/stm32f401rct6/Drivers/STM32F4xx_HAL_Driver/Inc/stm32f4xx_ll_rcc.h ****   * @{
 520:board/stm32f401rct6/Drivers/STM32F4xx_HAL_Driver/Inc/stm32f4xx_ll_rcc.h ****   */
 521:board/stm32f401rct6/Drivers/STM32F4xx_HAL_Driver/Inc/stm32f4xx_ll_rcc.h **** #define LL_RCC_USB_CLKSOURCE_PLL          LL_RCC_CK48M_CLKSOURCE_PLL        /*!< PLL clock used as 
 522:board/stm32f401rct6/Drivers/STM32F4xx_HAL_Driver/Inc/stm32f4xx_ll_rcc.h **** #if defined(RCC_PLLSAI_SUPPORT)
 523:board/stm32f401rct6/Drivers/STM32F4xx_HAL_Driver/Inc/stm32f4xx_ll_rcc.h **** #define LL_RCC_USB_CLKSOURCE_PLLSAI       LL_RCC_CK48M_CLKSOURCE_PLLSAI     /*!< PLLSAI clock used 
 524:board/stm32f401rct6/Drivers/STM32F4xx_HAL_Driver/Inc/stm32f4xx_ll_rcc.h **** #endif /* RCC_PLLSAI_SUPPORT */
 525:board/stm32f401rct6/Drivers/STM32F4xx_HAL_Driver/Inc/stm32f4xx_ll_rcc.h **** #if defined(RCC_PLLI2SCFGR_PLLI2SQ) && !defined(RCC_DCKCFGR_PLLI2SDIVQ)
 526:board/stm32f401rct6/Drivers/STM32F4xx_HAL_Driver/Inc/stm32f4xx_ll_rcc.h **** #define LL_RCC_USB_CLKSOURCE_PLLI2S       LL_RCC_CK48M_CLKSOURCE_PLLI2S     /*!< PLLI2S clock used 
 527:board/stm32f401rct6/Drivers/STM32F4xx_HAL_Driver/Inc/stm32f4xx_ll_rcc.h **** #endif /* RCC_PLLI2SCFGR_PLLI2SQ && !RCC_DCKCFGR_PLLI2SDIVQ */
 528:board/stm32f401rct6/Drivers/STM32F4xx_HAL_Driver/Inc/stm32f4xx_ll_rcc.h **** /**
 529:board/stm32f401rct6/Drivers/STM32F4xx_HAL_Driver/Inc/stm32f4xx_ll_rcc.h ****   * @}
 530:board/stm32f401rct6/Drivers/STM32F4xx_HAL_Driver/Inc/stm32f4xx_ll_rcc.h ****   */
 531:board/stm32f401rct6/Drivers/STM32F4xx_HAL_Driver/Inc/stm32f4xx_ll_rcc.h **** #endif /* USB_OTG_FS || USB_OTG_HS */
 532:board/stm32f401rct6/Drivers/STM32F4xx_HAL_Driver/Inc/stm32f4xx_ll_rcc.h **** 
 533:board/stm32f401rct6/Drivers/STM32F4xx_HAL_Driver/Inc/stm32f4xx_ll_rcc.h **** #endif /* RCC_DCKCFGR_CK48MSEL || RCC_DCKCFGR2_CK48MSEL */
 534:board/stm32f401rct6/Drivers/STM32F4xx_HAL_Driver/Inc/stm32f4xx_ll_rcc.h **** 
 535:board/stm32f401rct6/Drivers/STM32F4xx_HAL_Driver/Inc/stm32f4xx_ll_rcc.h **** #if defined(DFSDM1_Channel0) || defined(DFSDM2_Channel0)
 536:board/stm32f401rct6/Drivers/STM32F4xx_HAL_Driver/Inc/stm32f4xx_ll_rcc.h **** /** @defgroup RCC_LL_EC_DFSDM1_AUDIO_CLKSOURCE  Peripheral DFSDM Audio clock source selection
 537:board/stm32f401rct6/Drivers/STM32F4xx_HAL_Driver/Inc/stm32f4xx_ll_rcc.h ****   * @{
 538:board/stm32f401rct6/Drivers/STM32F4xx_HAL_Driver/Inc/stm32f4xx_ll_rcc.h ****   */
 539:board/stm32f401rct6/Drivers/STM32F4xx_HAL_Driver/Inc/stm32f4xx_ll_rcc.h **** #define LL_RCC_DFSDM1_AUDIO_CLKSOURCE_I2S1     (uint32_t)(RCC_DCKCFGR_CKDFSDM1ASEL | 0x00000000U)  
 540:board/stm32f401rct6/Drivers/STM32F4xx_HAL_Driver/Inc/stm32f4xx_ll_rcc.h **** #define LL_RCC_DFSDM1_AUDIO_CLKSOURCE_I2S2     (uint32_t)(RCC_DCKCFGR_CKDFSDM1ASEL | (RCC_DCKCFGR_C
 541:board/stm32f401rct6/Drivers/STM32F4xx_HAL_Driver/Inc/stm32f4xx_ll_rcc.h **** #if defined(DFSDM2_Channel0)
 542:board/stm32f401rct6/Drivers/STM32F4xx_HAL_Driver/Inc/stm32f4xx_ll_rcc.h **** #define LL_RCC_DFSDM2_AUDIO_CLKSOURCE_I2S1     (uint32_t)(RCC_DCKCFGR_CKDFSDM2ASEL | 0x00000000U)  
 543:board/stm32f401rct6/Drivers/STM32F4xx_HAL_Driver/Inc/stm32f4xx_ll_rcc.h **** #define LL_RCC_DFSDM2_AUDIO_CLKSOURCE_I2S2     (uint32_t)(RCC_DCKCFGR_CKDFSDM2ASEL | (RCC_DCKCFGR_C
 544:board/stm32f401rct6/Drivers/STM32F4xx_HAL_Driver/Inc/stm32f4xx_ll_rcc.h **** #endif /* DFSDM2_Channel0 */
 545:board/stm32f401rct6/Drivers/STM32F4xx_HAL_Driver/Inc/stm32f4xx_ll_rcc.h **** /**
 546:board/stm32f401rct6/Drivers/STM32F4xx_HAL_Driver/Inc/stm32f4xx_ll_rcc.h ****   * @}
 547:board/stm32f401rct6/Drivers/STM32F4xx_HAL_Driver/Inc/stm32f4xx_ll_rcc.h ****   */
 548:board/stm32f401rct6/Drivers/STM32F4xx_HAL_Driver/Inc/stm32f4xx_ll_rcc.h **** 
 549:board/stm32f401rct6/Drivers/STM32F4xx_HAL_Driver/Inc/stm32f4xx_ll_rcc.h **** /** @defgroup RCC_LL_EC_DFSDM1_CLKSOURCE  Peripheral DFSDM clock source selection
 550:board/stm32f401rct6/Drivers/STM32F4xx_HAL_Driver/Inc/stm32f4xx_ll_rcc.h ****   * @{
 551:board/stm32f401rct6/Drivers/STM32F4xx_HAL_Driver/Inc/stm32f4xx_ll_rcc.h ****   */
 552:board/stm32f401rct6/Drivers/STM32F4xx_HAL_Driver/Inc/stm32f4xx_ll_rcc.h **** #define LL_RCC_DFSDM1_CLKSOURCE_PCLK2          0x00000000U                /*!< PCLK2 clock used as 
 553:board/stm32f401rct6/Drivers/STM32F4xx_HAL_Driver/Inc/stm32f4xx_ll_rcc.h **** #define LL_RCC_DFSDM1_CLKSOURCE_SYSCLK         RCC_DCKCFGR_CKDFSDM1SEL    /*!< System clock used as
 554:board/stm32f401rct6/Drivers/STM32F4xx_HAL_Driver/Inc/stm32f4xx_ll_rcc.h **** #if defined(DFSDM2_Channel0)
 555:board/stm32f401rct6/Drivers/STM32F4xx_HAL_Driver/Inc/stm32f4xx_ll_rcc.h **** #define LL_RCC_DFSDM2_CLKSOURCE_PCLK2          0x00000000U                /*!< PCLK2 clock used as 
 556:board/stm32f401rct6/Drivers/STM32F4xx_HAL_Driver/Inc/stm32f4xx_ll_rcc.h **** #define LL_RCC_DFSDM2_CLKSOURCE_SYSCLK         RCC_DCKCFGR_CKDFSDM1SEL    /*!< System clock used as
 557:board/stm32f401rct6/Drivers/STM32F4xx_HAL_Driver/Inc/stm32f4xx_ll_rcc.h **** #endif /* DFSDM2_Channel0 */
 558:board/stm32f401rct6/Drivers/STM32F4xx_HAL_Driver/Inc/stm32f4xx_ll_rcc.h **** /**
 559:board/stm32f401rct6/Drivers/STM32F4xx_HAL_Driver/Inc/stm32f4xx_ll_rcc.h ****   * @}
 560:board/stm32f401rct6/Drivers/STM32F4xx_HAL_Driver/Inc/stm32f4xx_ll_rcc.h ****   */
 561:board/stm32f401rct6/Drivers/STM32F4xx_HAL_Driver/Inc/stm32f4xx_ll_rcc.h **** #endif /* DFSDM1_Channel0 || DFSDM2_Channel0 */
 562:board/stm32f401rct6/Drivers/STM32F4xx_HAL_Driver/Inc/stm32f4xx_ll_rcc.h **** 
 563:board/stm32f401rct6/Drivers/STM32F4xx_HAL_Driver/Inc/stm32f4xx_ll_rcc.h **** #if defined(FMPI2C1)
 564:board/stm32f401rct6/Drivers/STM32F4xx_HAL_Driver/Inc/stm32f4xx_ll_rcc.h **** /** @defgroup RCC_LL_EC_FMPI2C1  Peripheral FMPI2C get clock source
 565:board/stm32f401rct6/Drivers/STM32F4xx_HAL_Driver/Inc/stm32f4xx_ll_rcc.h ****   * @{
 566:board/stm32f401rct6/Drivers/STM32F4xx_HAL_Driver/Inc/stm32f4xx_ll_rcc.h ****   */
 567:board/stm32f401rct6/Drivers/STM32F4xx_HAL_Driver/Inc/stm32f4xx_ll_rcc.h **** #define LL_RCC_FMPI2C1_CLKSOURCE              RCC_DCKCFGR2_FMPI2C1SEL  /*!< FMPI2C1 Clock source se
 568:board/stm32f401rct6/Drivers/STM32F4xx_HAL_Driver/Inc/stm32f4xx_ll_rcc.h **** /**
 569:board/stm32f401rct6/Drivers/STM32F4xx_HAL_Driver/Inc/stm32f4xx_ll_rcc.h ****   * @}
ARM GAS  C:\Users\Admin\AppData\Local\Temp\ccHMtLfr.s 			page 15


 570:board/stm32f401rct6/Drivers/STM32F4xx_HAL_Driver/Inc/stm32f4xx_ll_rcc.h ****   */
 571:board/stm32f401rct6/Drivers/STM32F4xx_HAL_Driver/Inc/stm32f4xx_ll_rcc.h **** #endif /* FMPI2C1 */
 572:board/stm32f401rct6/Drivers/STM32F4xx_HAL_Driver/Inc/stm32f4xx_ll_rcc.h **** 
 573:board/stm32f401rct6/Drivers/STM32F4xx_HAL_Driver/Inc/stm32f4xx_ll_rcc.h **** #if defined(SPDIFRX)
 574:board/stm32f401rct6/Drivers/STM32F4xx_HAL_Driver/Inc/stm32f4xx_ll_rcc.h **** /** @defgroup RCC_LL_EC_SPDIFRX_CLKSOURCE  Peripheral SPDIFRX clock source selection
 575:board/stm32f401rct6/Drivers/STM32F4xx_HAL_Driver/Inc/stm32f4xx_ll_rcc.h ****   * @{
 576:board/stm32f401rct6/Drivers/STM32F4xx_HAL_Driver/Inc/stm32f4xx_ll_rcc.h ****   */
 577:board/stm32f401rct6/Drivers/STM32F4xx_HAL_Driver/Inc/stm32f4xx_ll_rcc.h **** #define LL_RCC_SPDIFRX1_CLKSOURCE_PLL          0x00000000U             /*!< PLL clock used as SPDIF
 578:board/stm32f401rct6/Drivers/STM32F4xx_HAL_Driver/Inc/stm32f4xx_ll_rcc.h **** #define LL_RCC_SPDIFRX1_CLKSOURCE_PLLI2S       RCC_DCKCFGR2_SPDIFRXSEL /*!< PLLI2S clock used as SP
 579:board/stm32f401rct6/Drivers/STM32F4xx_HAL_Driver/Inc/stm32f4xx_ll_rcc.h **** /**
 580:board/stm32f401rct6/Drivers/STM32F4xx_HAL_Driver/Inc/stm32f4xx_ll_rcc.h ****   * @}
 581:board/stm32f401rct6/Drivers/STM32F4xx_HAL_Driver/Inc/stm32f4xx_ll_rcc.h ****   */
 582:board/stm32f401rct6/Drivers/STM32F4xx_HAL_Driver/Inc/stm32f4xx_ll_rcc.h **** #endif /* SPDIFRX */
 583:board/stm32f401rct6/Drivers/STM32F4xx_HAL_Driver/Inc/stm32f4xx_ll_rcc.h **** 
 584:board/stm32f401rct6/Drivers/STM32F4xx_HAL_Driver/Inc/stm32f4xx_ll_rcc.h **** #if defined(LPTIM1)
 585:board/stm32f401rct6/Drivers/STM32F4xx_HAL_Driver/Inc/stm32f4xx_ll_rcc.h **** /** @defgroup RCC_LL_EC_LPTIM1  Peripheral LPTIM get clock source
 586:board/stm32f401rct6/Drivers/STM32F4xx_HAL_Driver/Inc/stm32f4xx_ll_rcc.h ****   * @{
 587:board/stm32f401rct6/Drivers/STM32F4xx_HAL_Driver/Inc/stm32f4xx_ll_rcc.h ****   */
 588:board/stm32f401rct6/Drivers/STM32F4xx_HAL_Driver/Inc/stm32f4xx_ll_rcc.h **** #define LL_RCC_LPTIM1_CLKSOURCE            RCC_DCKCFGR2_LPTIM1SEL /*!< LPTIM1 Clock source selectio
 589:board/stm32f401rct6/Drivers/STM32F4xx_HAL_Driver/Inc/stm32f4xx_ll_rcc.h **** /**
 590:board/stm32f401rct6/Drivers/STM32F4xx_HAL_Driver/Inc/stm32f4xx_ll_rcc.h ****   * @}
 591:board/stm32f401rct6/Drivers/STM32F4xx_HAL_Driver/Inc/stm32f4xx_ll_rcc.h ****   */
 592:board/stm32f401rct6/Drivers/STM32F4xx_HAL_Driver/Inc/stm32f4xx_ll_rcc.h **** #endif /* LPTIM1 */
 593:board/stm32f401rct6/Drivers/STM32F4xx_HAL_Driver/Inc/stm32f4xx_ll_rcc.h **** 
 594:board/stm32f401rct6/Drivers/STM32F4xx_HAL_Driver/Inc/stm32f4xx_ll_rcc.h **** #if defined(SAI1)
 595:board/stm32f401rct6/Drivers/STM32F4xx_HAL_Driver/Inc/stm32f4xx_ll_rcc.h **** /** @defgroup RCC_LL_EC_SAIx  Peripheral SAI get clock source
 596:board/stm32f401rct6/Drivers/STM32F4xx_HAL_Driver/Inc/stm32f4xx_ll_rcc.h ****   * @{
 597:board/stm32f401rct6/Drivers/STM32F4xx_HAL_Driver/Inc/stm32f4xx_ll_rcc.h ****   */
 598:board/stm32f401rct6/Drivers/STM32F4xx_HAL_Driver/Inc/stm32f4xx_ll_rcc.h **** #if defined(RCC_DCKCFGR_SAI1ASRC)
 599:board/stm32f401rct6/Drivers/STM32F4xx_HAL_Driver/Inc/stm32f4xx_ll_rcc.h **** #define LL_RCC_SAI1_A_CLKSOURCE            RCC_DCKCFGR_SAI1ASRC /*!< SAI1 block A Clock source sele
 600:board/stm32f401rct6/Drivers/STM32F4xx_HAL_Driver/Inc/stm32f4xx_ll_rcc.h **** #endif /* RCC_DCKCFGR_SAI1ASRC */
 601:board/stm32f401rct6/Drivers/STM32F4xx_HAL_Driver/Inc/stm32f4xx_ll_rcc.h **** #if defined(RCC_DCKCFGR_SAI1BSRC)
 602:board/stm32f401rct6/Drivers/STM32F4xx_HAL_Driver/Inc/stm32f4xx_ll_rcc.h **** #define LL_RCC_SAI1_B_CLKSOURCE            RCC_DCKCFGR_SAI1BSRC /*!< SAI1 block B Clock source sele
 603:board/stm32f401rct6/Drivers/STM32F4xx_HAL_Driver/Inc/stm32f4xx_ll_rcc.h **** #endif /* RCC_DCKCFGR_SAI1BSRC */
 604:board/stm32f401rct6/Drivers/STM32F4xx_HAL_Driver/Inc/stm32f4xx_ll_rcc.h **** #if defined(RCC_DCKCFGR_SAI1SRC)
 605:board/stm32f401rct6/Drivers/STM32F4xx_HAL_Driver/Inc/stm32f4xx_ll_rcc.h **** #define LL_RCC_SAI1_CLKSOURCE              RCC_DCKCFGR_SAI1SRC  /*!< SAI1 Clock source selection */
 606:board/stm32f401rct6/Drivers/STM32F4xx_HAL_Driver/Inc/stm32f4xx_ll_rcc.h **** #endif /* RCC_DCKCFGR_SAI1SRC */
 607:board/stm32f401rct6/Drivers/STM32F4xx_HAL_Driver/Inc/stm32f4xx_ll_rcc.h **** #if defined(RCC_DCKCFGR_SAI2SRC)
 608:board/stm32f401rct6/Drivers/STM32F4xx_HAL_Driver/Inc/stm32f4xx_ll_rcc.h **** #define LL_RCC_SAI2_CLKSOURCE              RCC_DCKCFGR_SAI2SRC  /*!< SAI2 Clock source selection */
 609:board/stm32f401rct6/Drivers/STM32F4xx_HAL_Driver/Inc/stm32f4xx_ll_rcc.h **** #endif /* RCC_DCKCFGR_SAI2SRC */
 610:board/stm32f401rct6/Drivers/STM32F4xx_HAL_Driver/Inc/stm32f4xx_ll_rcc.h **** /**
 611:board/stm32f401rct6/Drivers/STM32F4xx_HAL_Driver/Inc/stm32f4xx_ll_rcc.h ****   * @}
 612:board/stm32f401rct6/Drivers/STM32F4xx_HAL_Driver/Inc/stm32f4xx_ll_rcc.h ****   */
 613:board/stm32f401rct6/Drivers/STM32F4xx_HAL_Driver/Inc/stm32f4xx_ll_rcc.h **** #endif /* SAI1 */
 614:board/stm32f401rct6/Drivers/STM32F4xx_HAL_Driver/Inc/stm32f4xx_ll_rcc.h **** 
 615:board/stm32f401rct6/Drivers/STM32F4xx_HAL_Driver/Inc/stm32f4xx_ll_rcc.h **** #if defined(SDIO)
 616:board/stm32f401rct6/Drivers/STM32F4xx_HAL_Driver/Inc/stm32f4xx_ll_rcc.h **** /** @defgroup RCC_LL_EC_SDIOx  Peripheral SDIO get clock source
 617:board/stm32f401rct6/Drivers/STM32F4xx_HAL_Driver/Inc/stm32f4xx_ll_rcc.h ****   * @{
 618:board/stm32f401rct6/Drivers/STM32F4xx_HAL_Driver/Inc/stm32f4xx_ll_rcc.h ****   */
 619:board/stm32f401rct6/Drivers/STM32F4xx_HAL_Driver/Inc/stm32f4xx_ll_rcc.h **** #if defined(RCC_DCKCFGR_SDIOSEL)
 620:board/stm32f401rct6/Drivers/STM32F4xx_HAL_Driver/Inc/stm32f4xx_ll_rcc.h **** #define LL_RCC_SDIO_CLKSOURCE            RCC_DCKCFGR_SDIOSEL   /*!< SDIO Clock source selection */
 621:board/stm32f401rct6/Drivers/STM32F4xx_HAL_Driver/Inc/stm32f4xx_ll_rcc.h **** #elif defined(RCC_DCKCFGR2_SDIOSEL)
 622:board/stm32f401rct6/Drivers/STM32F4xx_HAL_Driver/Inc/stm32f4xx_ll_rcc.h **** #define LL_RCC_SDIO_CLKSOURCE            RCC_DCKCFGR2_SDIOSEL  /*!< SDIO Clock source selection */
 623:board/stm32f401rct6/Drivers/STM32F4xx_HAL_Driver/Inc/stm32f4xx_ll_rcc.h **** #else
 624:board/stm32f401rct6/Drivers/STM32F4xx_HAL_Driver/Inc/stm32f4xx_ll_rcc.h **** #define LL_RCC_SDIO_CLKSOURCE            RCC_PLLCFGR_PLLQ      /*!< SDIO Clock source selection */
 625:board/stm32f401rct6/Drivers/STM32F4xx_HAL_Driver/Inc/stm32f4xx_ll_rcc.h **** #endif /* RCC_DCKCFGR_SDIOSEL */
 626:board/stm32f401rct6/Drivers/STM32F4xx_HAL_Driver/Inc/stm32f4xx_ll_rcc.h **** /**
ARM GAS  C:\Users\Admin\AppData\Local\Temp\ccHMtLfr.s 			page 16


 627:board/stm32f401rct6/Drivers/STM32F4xx_HAL_Driver/Inc/stm32f4xx_ll_rcc.h ****   * @}
 628:board/stm32f401rct6/Drivers/STM32F4xx_HAL_Driver/Inc/stm32f4xx_ll_rcc.h ****   */
 629:board/stm32f401rct6/Drivers/STM32F4xx_HAL_Driver/Inc/stm32f4xx_ll_rcc.h **** #endif /* SDIO */
 630:board/stm32f401rct6/Drivers/STM32F4xx_HAL_Driver/Inc/stm32f4xx_ll_rcc.h **** 
 631:board/stm32f401rct6/Drivers/STM32F4xx_HAL_Driver/Inc/stm32f4xx_ll_rcc.h **** #if defined(RCC_DCKCFGR_CK48MSEL) || defined(RCC_DCKCFGR2_CK48MSEL)
 632:board/stm32f401rct6/Drivers/STM32F4xx_HAL_Driver/Inc/stm32f4xx_ll_rcc.h **** /** @defgroup RCC_LL_EC_CK48M  Peripheral CK48M get clock source
 633:board/stm32f401rct6/Drivers/STM32F4xx_HAL_Driver/Inc/stm32f4xx_ll_rcc.h ****   * @{
 634:board/stm32f401rct6/Drivers/STM32F4xx_HAL_Driver/Inc/stm32f4xx_ll_rcc.h ****   */
 635:board/stm32f401rct6/Drivers/STM32F4xx_HAL_Driver/Inc/stm32f4xx_ll_rcc.h **** #if defined(RCC_DCKCFGR_CK48MSEL)
 636:board/stm32f401rct6/Drivers/STM32F4xx_HAL_Driver/Inc/stm32f4xx_ll_rcc.h **** #define LL_RCC_CK48M_CLKSOURCE             RCC_DCKCFGR_CK48MSEL  /*!< CK48M Domain clock source sel
 637:board/stm32f401rct6/Drivers/STM32F4xx_HAL_Driver/Inc/stm32f4xx_ll_rcc.h **** #endif /* RCC_DCKCFGR_CK48MSEL */
 638:board/stm32f401rct6/Drivers/STM32F4xx_HAL_Driver/Inc/stm32f4xx_ll_rcc.h **** #if defined(RCC_DCKCFGR2_CK48MSEL)
 639:board/stm32f401rct6/Drivers/STM32F4xx_HAL_Driver/Inc/stm32f4xx_ll_rcc.h **** #define LL_RCC_CK48M_CLKSOURCE             RCC_DCKCFGR2_CK48MSEL /*!< CK48M Domain clock source sel
 640:board/stm32f401rct6/Drivers/STM32F4xx_HAL_Driver/Inc/stm32f4xx_ll_rcc.h **** #endif /* RCC_DCKCFGR_CK48MSEL */
 641:board/stm32f401rct6/Drivers/STM32F4xx_HAL_Driver/Inc/stm32f4xx_ll_rcc.h **** /**
 642:board/stm32f401rct6/Drivers/STM32F4xx_HAL_Driver/Inc/stm32f4xx_ll_rcc.h ****   * @}
 643:board/stm32f401rct6/Drivers/STM32F4xx_HAL_Driver/Inc/stm32f4xx_ll_rcc.h ****   */
 644:board/stm32f401rct6/Drivers/STM32F4xx_HAL_Driver/Inc/stm32f4xx_ll_rcc.h **** #endif /* RCC_DCKCFGR_CK48MSEL || RCC_DCKCFGR2_CK48MSEL */
 645:board/stm32f401rct6/Drivers/STM32F4xx_HAL_Driver/Inc/stm32f4xx_ll_rcc.h **** 
 646:board/stm32f401rct6/Drivers/STM32F4xx_HAL_Driver/Inc/stm32f4xx_ll_rcc.h **** #if defined(RNG)
 647:board/stm32f401rct6/Drivers/STM32F4xx_HAL_Driver/Inc/stm32f4xx_ll_rcc.h **** /** @defgroup RCC_LL_EC_RNG  Peripheral RNG get clock source
 648:board/stm32f401rct6/Drivers/STM32F4xx_HAL_Driver/Inc/stm32f4xx_ll_rcc.h ****   * @{
 649:board/stm32f401rct6/Drivers/STM32F4xx_HAL_Driver/Inc/stm32f4xx_ll_rcc.h ****   */
 650:board/stm32f401rct6/Drivers/STM32F4xx_HAL_Driver/Inc/stm32f4xx_ll_rcc.h **** #if defined(RCC_DCKCFGR_CK48MSEL) || defined(RCC_DCKCFGR2_CK48MSEL)
 651:board/stm32f401rct6/Drivers/STM32F4xx_HAL_Driver/Inc/stm32f4xx_ll_rcc.h **** #define LL_RCC_RNG_CLKSOURCE               LL_RCC_CK48M_CLKSOURCE /*!< RNG Clock source selection *
 652:board/stm32f401rct6/Drivers/STM32F4xx_HAL_Driver/Inc/stm32f4xx_ll_rcc.h **** #else
 653:board/stm32f401rct6/Drivers/STM32F4xx_HAL_Driver/Inc/stm32f4xx_ll_rcc.h **** #define LL_RCC_RNG_CLKSOURCE               RCC_PLLCFGR_PLLQ       /*!< RNG Clock source selection *
 654:board/stm32f401rct6/Drivers/STM32F4xx_HAL_Driver/Inc/stm32f4xx_ll_rcc.h **** #endif /* RCC_DCKCFGR_CK48MSEL || RCC_DCKCFGR2_CK48MSEL */
 655:board/stm32f401rct6/Drivers/STM32F4xx_HAL_Driver/Inc/stm32f4xx_ll_rcc.h **** /**
 656:board/stm32f401rct6/Drivers/STM32F4xx_HAL_Driver/Inc/stm32f4xx_ll_rcc.h ****   * @}
 657:board/stm32f401rct6/Drivers/STM32F4xx_HAL_Driver/Inc/stm32f4xx_ll_rcc.h ****   */
 658:board/stm32f401rct6/Drivers/STM32F4xx_HAL_Driver/Inc/stm32f4xx_ll_rcc.h **** #endif /* RNG */
 659:board/stm32f401rct6/Drivers/STM32F4xx_HAL_Driver/Inc/stm32f4xx_ll_rcc.h **** 
 660:board/stm32f401rct6/Drivers/STM32F4xx_HAL_Driver/Inc/stm32f4xx_ll_rcc.h **** #if defined(USB_OTG_FS) || defined(USB_OTG_HS)
 661:board/stm32f401rct6/Drivers/STM32F4xx_HAL_Driver/Inc/stm32f4xx_ll_rcc.h **** /** @defgroup RCC_LL_EC_USB  Peripheral USB get clock source
 662:board/stm32f401rct6/Drivers/STM32F4xx_HAL_Driver/Inc/stm32f4xx_ll_rcc.h ****   * @{
 663:board/stm32f401rct6/Drivers/STM32F4xx_HAL_Driver/Inc/stm32f4xx_ll_rcc.h ****   */
 664:board/stm32f401rct6/Drivers/STM32F4xx_HAL_Driver/Inc/stm32f4xx_ll_rcc.h **** #if defined(RCC_DCKCFGR_CK48MSEL) || defined(RCC_DCKCFGR2_CK48MSEL)
 665:board/stm32f401rct6/Drivers/STM32F4xx_HAL_Driver/Inc/stm32f4xx_ll_rcc.h **** #define LL_RCC_USB_CLKSOURCE               LL_RCC_CK48M_CLKSOURCE /*!< USB Clock source selection *
 666:board/stm32f401rct6/Drivers/STM32F4xx_HAL_Driver/Inc/stm32f4xx_ll_rcc.h **** #else
 667:board/stm32f401rct6/Drivers/STM32F4xx_HAL_Driver/Inc/stm32f4xx_ll_rcc.h **** #define LL_RCC_USB_CLKSOURCE               RCC_PLLCFGR_PLLQ       /*!< USB Clock source selection *
 668:board/stm32f401rct6/Drivers/STM32F4xx_HAL_Driver/Inc/stm32f4xx_ll_rcc.h **** #endif /* RCC_DCKCFGR_CK48MSEL || RCC_DCKCFGR2_CK48MSEL */
 669:board/stm32f401rct6/Drivers/STM32F4xx_HAL_Driver/Inc/stm32f4xx_ll_rcc.h **** /**
 670:board/stm32f401rct6/Drivers/STM32F4xx_HAL_Driver/Inc/stm32f4xx_ll_rcc.h ****   * @}
 671:board/stm32f401rct6/Drivers/STM32F4xx_HAL_Driver/Inc/stm32f4xx_ll_rcc.h ****   */
 672:board/stm32f401rct6/Drivers/STM32F4xx_HAL_Driver/Inc/stm32f4xx_ll_rcc.h **** #endif /* USB_OTG_FS || USB_OTG_HS */
 673:board/stm32f401rct6/Drivers/STM32F4xx_HAL_Driver/Inc/stm32f4xx_ll_rcc.h **** 
 674:board/stm32f401rct6/Drivers/STM32F4xx_HAL_Driver/Inc/stm32f4xx_ll_rcc.h **** #if defined(CEC)
 675:board/stm32f401rct6/Drivers/STM32F4xx_HAL_Driver/Inc/stm32f4xx_ll_rcc.h **** /** @defgroup RCC_LL_EC_CEC  Peripheral CEC get clock source
 676:board/stm32f401rct6/Drivers/STM32F4xx_HAL_Driver/Inc/stm32f4xx_ll_rcc.h ****   * @{
 677:board/stm32f401rct6/Drivers/STM32F4xx_HAL_Driver/Inc/stm32f4xx_ll_rcc.h ****   */
 678:board/stm32f401rct6/Drivers/STM32F4xx_HAL_Driver/Inc/stm32f4xx_ll_rcc.h **** #define LL_RCC_CEC_CLKSOURCE               RCC_DCKCFGR2_CECSEL /*!< CEC Clock source selection */
 679:board/stm32f401rct6/Drivers/STM32F4xx_HAL_Driver/Inc/stm32f4xx_ll_rcc.h **** /**
 680:board/stm32f401rct6/Drivers/STM32F4xx_HAL_Driver/Inc/stm32f4xx_ll_rcc.h ****   * @}
 681:board/stm32f401rct6/Drivers/STM32F4xx_HAL_Driver/Inc/stm32f4xx_ll_rcc.h ****   */
 682:board/stm32f401rct6/Drivers/STM32F4xx_HAL_Driver/Inc/stm32f4xx_ll_rcc.h **** #endif /* CEC */
 683:board/stm32f401rct6/Drivers/STM32F4xx_HAL_Driver/Inc/stm32f4xx_ll_rcc.h **** 
ARM GAS  C:\Users\Admin\AppData\Local\Temp\ccHMtLfr.s 			page 17


 684:board/stm32f401rct6/Drivers/STM32F4xx_HAL_Driver/Inc/stm32f4xx_ll_rcc.h **** /** @defgroup RCC_LL_EC_I2S1  Peripheral I2S get clock source
 685:board/stm32f401rct6/Drivers/STM32F4xx_HAL_Driver/Inc/stm32f4xx_ll_rcc.h ****   * @{
 686:board/stm32f401rct6/Drivers/STM32F4xx_HAL_Driver/Inc/stm32f4xx_ll_rcc.h ****   */
 687:board/stm32f401rct6/Drivers/STM32F4xx_HAL_Driver/Inc/stm32f4xx_ll_rcc.h **** #if defined(RCC_CFGR_I2SSRC)
 688:board/stm32f401rct6/Drivers/STM32F4xx_HAL_Driver/Inc/stm32f4xx_ll_rcc.h **** #define LL_RCC_I2S1_CLKSOURCE              RCC_CFGR_I2SSRC     /*!< I2S1 Clock source selection */
 689:board/stm32f401rct6/Drivers/STM32F4xx_HAL_Driver/Inc/stm32f4xx_ll_rcc.h **** #endif /* RCC_CFGR_I2SSRC */
 690:board/stm32f401rct6/Drivers/STM32F4xx_HAL_Driver/Inc/stm32f4xx_ll_rcc.h **** #if defined(RCC_DCKCFGR_I2SSRC)
 691:board/stm32f401rct6/Drivers/STM32F4xx_HAL_Driver/Inc/stm32f4xx_ll_rcc.h **** #define LL_RCC_I2S1_CLKSOURCE              RCC_DCKCFGR_I2SSRC  /*!< I2S1 Clock source selection */
 692:board/stm32f401rct6/Drivers/STM32F4xx_HAL_Driver/Inc/stm32f4xx_ll_rcc.h **** #endif /* RCC_DCKCFGR_I2SSRC */
 693:board/stm32f401rct6/Drivers/STM32F4xx_HAL_Driver/Inc/stm32f4xx_ll_rcc.h **** #if defined(RCC_DCKCFGR_I2S1SRC)
 694:board/stm32f401rct6/Drivers/STM32F4xx_HAL_Driver/Inc/stm32f4xx_ll_rcc.h **** #define LL_RCC_I2S1_CLKSOURCE              RCC_DCKCFGR_I2S1SRC /*!< I2S1 Clock source selection */
 695:board/stm32f401rct6/Drivers/STM32F4xx_HAL_Driver/Inc/stm32f4xx_ll_rcc.h **** #endif /* RCC_DCKCFGR_I2S1SRC */
 696:board/stm32f401rct6/Drivers/STM32F4xx_HAL_Driver/Inc/stm32f4xx_ll_rcc.h **** #if defined(RCC_DCKCFGR_I2S2SRC)
 697:board/stm32f401rct6/Drivers/STM32F4xx_HAL_Driver/Inc/stm32f4xx_ll_rcc.h **** #define LL_RCC_I2S2_CLKSOURCE              RCC_DCKCFGR_I2S2SRC /*!< I2S2 Clock source selection */
 698:board/stm32f401rct6/Drivers/STM32F4xx_HAL_Driver/Inc/stm32f4xx_ll_rcc.h **** #endif /* RCC_DCKCFGR_I2S2SRC */
 699:board/stm32f401rct6/Drivers/STM32F4xx_HAL_Driver/Inc/stm32f4xx_ll_rcc.h **** /**
 700:board/stm32f401rct6/Drivers/STM32F4xx_HAL_Driver/Inc/stm32f4xx_ll_rcc.h ****   * @}
 701:board/stm32f401rct6/Drivers/STM32F4xx_HAL_Driver/Inc/stm32f4xx_ll_rcc.h ****   */
 702:board/stm32f401rct6/Drivers/STM32F4xx_HAL_Driver/Inc/stm32f4xx_ll_rcc.h **** 
 703:board/stm32f401rct6/Drivers/STM32F4xx_HAL_Driver/Inc/stm32f4xx_ll_rcc.h **** #if defined(DFSDM1_Channel0) || defined(DFSDM2_Channel0)
 704:board/stm32f401rct6/Drivers/STM32F4xx_HAL_Driver/Inc/stm32f4xx_ll_rcc.h **** /** @defgroup RCC_LL_EC_DFSDM_AUDIO  Peripheral DFSDM Audio get clock source
 705:board/stm32f401rct6/Drivers/STM32F4xx_HAL_Driver/Inc/stm32f4xx_ll_rcc.h ****   * @{
 706:board/stm32f401rct6/Drivers/STM32F4xx_HAL_Driver/Inc/stm32f4xx_ll_rcc.h ****   */
 707:board/stm32f401rct6/Drivers/STM32F4xx_HAL_Driver/Inc/stm32f4xx_ll_rcc.h **** #define LL_RCC_DFSDM1_AUDIO_CLKSOURCE      RCC_DCKCFGR_CKDFSDM1ASEL /*!< DFSDM1 Audio Clock source 
 708:board/stm32f401rct6/Drivers/STM32F4xx_HAL_Driver/Inc/stm32f4xx_ll_rcc.h **** #if defined(DFSDM2_Channel0)
 709:board/stm32f401rct6/Drivers/STM32F4xx_HAL_Driver/Inc/stm32f4xx_ll_rcc.h **** #define LL_RCC_DFSDM2_AUDIO_CLKSOURCE      RCC_DCKCFGR_CKDFSDM2ASEL /*!< DFSDM2 Audio Clock source 
 710:board/stm32f401rct6/Drivers/STM32F4xx_HAL_Driver/Inc/stm32f4xx_ll_rcc.h **** #endif /* DFSDM2_Channel0 */
 711:board/stm32f401rct6/Drivers/STM32F4xx_HAL_Driver/Inc/stm32f4xx_ll_rcc.h **** /**
 712:board/stm32f401rct6/Drivers/STM32F4xx_HAL_Driver/Inc/stm32f4xx_ll_rcc.h ****   * @}
 713:board/stm32f401rct6/Drivers/STM32F4xx_HAL_Driver/Inc/stm32f4xx_ll_rcc.h ****   */
 714:board/stm32f401rct6/Drivers/STM32F4xx_HAL_Driver/Inc/stm32f4xx_ll_rcc.h **** 
 715:board/stm32f401rct6/Drivers/STM32F4xx_HAL_Driver/Inc/stm32f4xx_ll_rcc.h **** /** @defgroup RCC_LL_EC_DFSDM  Peripheral DFSDM get clock source
 716:board/stm32f401rct6/Drivers/STM32F4xx_HAL_Driver/Inc/stm32f4xx_ll_rcc.h ****   * @{
 717:board/stm32f401rct6/Drivers/STM32F4xx_HAL_Driver/Inc/stm32f4xx_ll_rcc.h ****   */
 718:board/stm32f401rct6/Drivers/STM32F4xx_HAL_Driver/Inc/stm32f4xx_ll_rcc.h **** #define LL_RCC_DFSDM1_CLKSOURCE            RCC_DCKCFGR_CKDFSDM1SEL /*!< DFSDM1 Clock source selecti
 719:board/stm32f401rct6/Drivers/STM32F4xx_HAL_Driver/Inc/stm32f4xx_ll_rcc.h **** #if defined(DFSDM2_Channel0)
 720:board/stm32f401rct6/Drivers/STM32F4xx_HAL_Driver/Inc/stm32f4xx_ll_rcc.h **** #define LL_RCC_DFSDM2_CLKSOURCE            RCC_DCKCFGR_CKDFSDM1SEL /*!< DFSDM2 Clock source selecti
 721:board/stm32f401rct6/Drivers/STM32F4xx_HAL_Driver/Inc/stm32f4xx_ll_rcc.h **** #endif /* DFSDM2_Channel0 */
 722:board/stm32f401rct6/Drivers/STM32F4xx_HAL_Driver/Inc/stm32f4xx_ll_rcc.h **** /**
 723:board/stm32f401rct6/Drivers/STM32F4xx_HAL_Driver/Inc/stm32f4xx_ll_rcc.h ****   * @}
 724:board/stm32f401rct6/Drivers/STM32F4xx_HAL_Driver/Inc/stm32f4xx_ll_rcc.h ****   */
 725:board/stm32f401rct6/Drivers/STM32F4xx_HAL_Driver/Inc/stm32f4xx_ll_rcc.h **** #endif /* DFSDM1_Channel0 || DFSDM2_Channel0 */
 726:board/stm32f401rct6/Drivers/STM32F4xx_HAL_Driver/Inc/stm32f4xx_ll_rcc.h **** 
 727:board/stm32f401rct6/Drivers/STM32F4xx_HAL_Driver/Inc/stm32f4xx_ll_rcc.h **** #if defined(SPDIFRX)
 728:board/stm32f401rct6/Drivers/STM32F4xx_HAL_Driver/Inc/stm32f4xx_ll_rcc.h **** /** @defgroup RCC_LL_EC_SPDIFRX  Peripheral SPDIFRX get clock source
 729:board/stm32f401rct6/Drivers/STM32F4xx_HAL_Driver/Inc/stm32f4xx_ll_rcc.h ****   * @{
 730:board/stm32f401rct6/Drivers/STM32F4xx_HAL_Driver/Inc/stm32f4xx_ll_rcc.h ****   */
 731:board/stm32f401rct6/Drivers/STM32F4xx_HAL_Driver/Inc/stm32f4xx_ll_rcc.h **** #define LL_RCC_SPDIFRX1_CLKSOURCE          RCC_DCKCFGR2_SPDIFRXSEL /*!< SPDIFRX Clock source select
 732:board/stm32f401rct6/Drivers/STM32F4xx_HAL_Driver/Inc/stm32f4xx_ll_rcc.h **** /**
 733:board/stm32f401rct6/Drivers/STM32F4xx_HAL_Driver/Inc/stm32f4xx_ll_rcc.h ****   * @}
 734:board/stm32f401rct6/Drivers/STM32F4xx_HAL_Driver/Inc/stm32f4xx_ll_rcc.h ****   */
 735:board/stm32f401rct6/Drivers/STM32F4xx_HAL_Driver/Inc/stm32f4xx_ll_rcc.h **** #endif /* SPDIFRX */
 736:board/stm32f401rct6/Drivers/STM32F4xx_HAL_Driver/Inc/stm32f4xx_ll_rcc.h **** 
 737:board/stm32f401rct6/Drivers/STM32F4xx_HAL_Driver/Inc/stm32f4xx_ll_rcc.h **** #if defined(DSI)
 738:board/stm32f401rct6/Drivers/STM32F4xx_HAL_Driver/Inc/stm32f4xx_ll_rcc.h **** /** @defgroup RCC_LL_EC_DSI  Peripheral DSI get clock source
 739:board/stm32f401rct6/Drivers/STM32F4xx_HAL_Driver/Inc/stm32f4xx_ll_rcc.h ****   * @{
 740:board/stm32f401rct6/Drivers/STM32F4xx_HAL_Driver/Inc/stm32f4xx_ll_rcc.h ****   */
ARM GAS  C:\Users\Admin\AppData\Local\Temp\ccHMtLfr.s 			page 18


 741:board/stm32f401rct6/Drivers/STM32F4xx_HAL_Driver/Inc/stm32f4xx_ll_rcc.h **** #define LL_RCC_DSI_CLKSOURCE               RCC_DCKCFGR_DSISEL /*!< DSI Clock source selection */
 742:board/stm32f401rct6/Drivers/STM32F4xx_HAL_Driver/Inc/stm32f4xx_ll_rcc.h **** /**
 743:board/stm32f401rct6/Drivers/STM32F4xx_HAL_Driver/Inc/stm32f4xx_ll_rcc.h ****   * @}
 744:board/stm32f401rct6/Drivers/STM32F4xx_HAL_Driver/Inc/stm32f4xx_ll_rcc.h ****   */
 745:board/stm32f401rct6/Drivers/STM32F4xx_HAL_Driver/Inc/stm32f4xx_ll_rcc.h **** #endif /* DSI */
 746:board/stm32f401rct6/Drivers/STM32F4xx_HAL_Driver/Inc/stm32f4xx_ll_rcc.h **** 
 747:board/stm32f401rct6/Drivers/STM32F4xx_HAL_Driver/Inc/stm32f4xx_ll_rcc.h **** #if defined(LTDC)
 748:board/stm32f401rct6/Drivers/STM32F4xx_HAL_Driver/Inc/stm32f4xx_ll_rcc.h **** /** @defgroup RCC_LL_EC_LTDC  Peripheral LTDC get clock source
 749:board/stm32f401rct6/Drivers/STM32F4xx_HAL_Driver/Inc/stm32f4xx_ll_rcc.h ****   * @{
 750:board/stm32f401rct6/Drivers/STM32F4xx_HAL_Driver/Inc/stm32f4xx_ll_rcc.h ****   */
 751:board/stm32f401rct6/Drivers/STM32F4xx_HAL_Driver/Inc/stm32f4xx_ll_rcc.h **** #define LL_RCC_LTDC_CLKSOURCE              RCC_DCKCFGR_PLLSAIDIVR /*!< LTDC Clock source selection 
 752:board/stm32f401rct6/Drivers/STM32F4xx_HAL_Driver/Inc/stm32f4xx_ll_rcc.h **** /**
 753:board/stm32f401rct6/Drivers/STM32F4xx_HAL_Driver/Inc/stm32f4xx_ll_rcc.h ****   * @}
 754:board/stm32f401rct6/Drivers/STM32F4xx_HAL_Driver/Inc/stm32f4xx_ll_rcc.h ****   */
 755:board/stm32f401rct6/Drivers/STM32F4xx_HAL_Driver/Inc/stm32f4xx_ll_rcc.h **** #endif /* LTDC */
 756:board/stm32f401rct6/Drivers/STM32F4xx_HAL_Driver/Inc/stm32f4xx_ll_rcc.h **** 
 757:board/stm32f401rct6/Drivers/STM32F4xx_HAL_Driver/Inc/stm32f4xx_ll_rcc.h **** 
 758:board/stm32f401rct6/Drivers/STM32F4xx_HAL_Driver/Inc/stm32f4xx_ll_rcc.h **** /** @defgroup RCC_LL_EC_RTC_CLKSOURCE  RTC clock source selection
 759:board/stm32f401rct6/Drivers/STM32F4xx_HAL_Driver/Inc/stm32f4xx_ll_rcc.h ****   * @{
 760:board/stm32f401rct6/Drivers/STM32F4xx_HAL_Driver/Inc/stm32f4xx_ll_rcc.h ****   */
 761:board/stm32f401rct6/Drivers/STM32F4xx_HAL_Driver/Inc/stm32f4xx_ll_rcc.h **** #define LL_RCC_RTC_CLKSOURCE_NONE          0x00000000U                   /*!< No clock used as RTC 
 762:board/stm32f401rct6/Drivers/STM32F4xx_HAL_Driver/Inc/stm32f4xx_ll_rcc.h **** #define LL_RCC_RTC_CLKSOURCE_LSE           RCC_BDCR_RTCSEL_0       /*!< LSE oscillator clock used a
 763:board/stm32f401rct6/Drivers/STM32F4xx_HAL_Driver/Inc/stm32f4xx_ll_rcc.h **** #define LL_RCC_RTC_CLKSOURCE_LSI           RCC_BDCR_RTCSEL_1       /*!< LSI oscillator clock used a
 764:board/stm32f401rct6/Drivers/STM32F4xx_HAL_Driver/Inc/stm32f4xx_ll_rcc.h **** #define LL_RCC_RTC_CLKSOURCE_HSE           RCC_BDCR_RTCSEL         /*!< HSE oscillator clock divide
 765:board/stm32f401rct6/Drivers/STM32F4xx_HAL_Driver/Inc/stm32f4xx_ll_rcc.h **** /**
 766:board/stm32f401rct6/Drivers/STM32F4xx_HAL_Driver/Inc/stm32f4xx_ll_rcc.h ****   * @}
 767:board/stm32f401rct6/Drivers/STM32F4xx_HAL_Driver/Inc/stm32f4xx_ll_rcc.h ****   */
 768:board/stm32f401rct6/Drivers/STM32F4xx_HAL_Driver/Inc/stm32f4xx_ll_rcc.h **** 
 769:board/stm32f401rct6/Drivers/STM32F4xx_HAL_Driver/Inc/stm32f4xx_ll_rcc.h **** #if defined(RCC_DCKCFGR_TIMPRE)
 770:board/stm32f401rct6/Drivers/STM32F4xx_HAL_Driver/Inc/stm32f4xx_ll_rcc.h **** /** @defgroup RCC_LL_EC_TIM_CLKPRESCALER  Timers clocks prescalers selection
 771:board/stm32f401rct6/Drivers/STM32F4xx_HAL_Driver/Inc/stm32f4xx_ll_rcc.h ****   * @{
 772:board/stm32f401rct6/Drivers/STM32F4xx_HAL_Driver/Inc/stm32f4xx_ll_rcc.h ****   */
 773:board/stm32f401rct6/Drivers/STM32F4xx_HAL_Driver/Inc/stm32f4xx_ll_rcc.h **** #define LL_RCC_TIM_PRESCALER_TWICE          0x00000000U                  /*!< Timers clock to twice
 774:board/stm32f401rct6/Drivers/STM32F4xx_HAL_Driver/Inc/stm32f4xx_ll_rcc.h **** #define LL_RCC_TIM_PRESCALER_FOUR_TIMES     RCC_DCKCFGR_TIMPRE          /*!< Timers clock to four t
 775:board/stm32f401rct6/Drivers/STM32F4xx_HAL_Driver/Inc/stm32f4xx_ll_rcc.h **** /**
 776:board/stm32f401rct6/Drivers/STM32F4xx_HAL_Driver/Inc/stm32f4xx_ll_rcc.h ****   * @}
 777:board/stm32f401rct6/Drivers/STM32F4xx_HAL_Driver/Inc/stm32f4xx_ll_rcc.h ****   */
 778:board/stm32f401rct6/Drivers/STM32F4xx_HAL_Driver/Inc/stm32f4xx_ll_rcc.h **** #endif /* RCC_DCKCFGR_TIMPRE */
 779:board/stm32f401rct6/Drivers/STM32F4xx_HAL_Driver/Inc/stm32f4xx_ll_rcc.h **** 
 780:board/stm32f401rct6/Drivers/STM32F4xx_HAL_Driver/Inc/stm32f4xx_ll_rcc.h **** /** @defgroup RCC_LL_EC_PLLSOURCE  PLL, PLLI2S and PLLSAI entry clock source
 781:board/stm32f401rct6/Drivers/STM32F4xx_HAL_Driver/Inc/stm32f4xx_ll_rcc.h ****   * @{
 782:board/stm32f401rct6/Drivers/STM32F4xx_HAL_Driver/Inc/stm32f4xx_ll_rcc.h ****   */
 783:board/stm32f401rct6/Drivers/STM32F4xx_HAL_Driver/Inc/stm32f4xx_ll_rcc.h **** #define LL_RCC_PLLSOURCE_HSI               RCC_PLLCFGR_PLLSRC_HSI  /*!< HSI16 clock selected as PLL
 784:board/stm32f401rct6/Drivers/STM32F4xx_HAL_Driver/Inc/stm32f4xx_ll_rcc.h **** #define LL_RCC_PLLSOURCE_HSE               RCC_PLLCFGR_PLLSRC_HSE  /*!< HSE clock selected as PLL e
 785:board/stm32f401rct6/Drivers/STM32F4xx_HAL_Driver/Inc/stm32f4xx_ll_rcc.h **** #if defined(RCC_PLLI2SCFGR_PLLI2SSRC)
 786:board/stm32f401rct6/Drivers/STM32F4xx_HAL_Driver/Inc/stm32f4xx_ll_rcc.h **** #define LL_RCC_PLLI2SSOURCE_PIN            (RCC_PLLI2SCFGR_PLLI2SSRC | 0x80U)  /*!< I2S External pi
 787:board/stm32f401rct6/Drivers/STM32F4xx_HAL_Driver/Inc/stm32f4xx_ll_rcc.h **** #endif /* RCC_PLLI2SCFGR_PLLI2SSRC */
 788:board/stm32f401rct6/Drivers/STM32F4xx_HAL_Driver/Inc/stm32f4xx_ll_rcc.h **** /**
 789:board/stm32f401rct6/Drivers/STM32F4xx_HAL_Driver/Inc/stm32f4xx_ll_rcc.h ****   * @}
 790:board/stm32f401rct6/Drivers/STM32F4xx_HAL_Driver/Inc/stm32f4xx_ll_rcc.h ****   */
 791:board/stm32f401rct6/Drivers/STM32F4xx_HAL_Driver/Inc/stm32f4xx_ll_rcc.h **** 
 792:board/stm32f401rct6/Drivers/STM32F4xx_HAL_Driver/Inc/stm32f4xx_ll_rcc.h **** /** @defgroup RCC_LL_EC_PLLM_DIV  PLL, PLLI2S and PLLSAI division factor
 793:board/stm32f401rct6/Drivers/STM32F4xx_HAL_Driver/Inc/stm32f4xx_ll_rcc.h ****   * @{
 794:board/stm32f401rct6/Drivers/STM32F4xx_HAL_Driver/Inc/stm32f4xx_ll_rcc.h ****   */
 795:board/stm32f401rct6/Drivers/STM32F4xx_HAL_Driver/Inc/stm32f4xx_ll_rcc.h **** #define LL_RCC_PLLM_DIV_2                  (RCC_PLLCFGR_PLLM_1) /*!< PLL, PLLI2S and PLLSAI divisio
 796:board/stm32f401rct6/Drivers/STM32F4xx_HAL_Driver/Inc/stm32f4xx_ll_rcc.h **** #define LL_RCC_PLLM_DIV_3                  (RCC_PLLCFGR_PLLM_1 | RCC_PLLCFGR_PLLM_0) /*!< PLL, PLLI
 797:board/stm32f401rct6/Drivers/STM32F4xx_HAL_Driver/Inc/stm32f4xx_ll_rcc.h **** #define LL_RCC_PLLM_DIV_4                  (RCC_PLLCFGR_PLLM_2) /*!< PLL, PLLI2S and PLLSAI divisio
ARM GAS  C:\Users\Admin\AppData\Local\Temp\ccHMtLfr.s 			page 19


 798:board/stm32f401rct6/Drivers/STM32F4xx_HAL_Driver/Inc/stm32f4xx_ll_rcc.h **** #define LL_RCC_PLLM_DIV_5                  (RCC_PLLCFGR_PLLM_2 | RCC_PLLCFGR_PLLM_0) /*!< PLL, PLLI
 799:board/stm32f401rct6/Drivers/STM32F4xx_HAL_Driver/Inc/stm32f4xx_ll_rcc.h **** #define LL_RCC_PLLM_DIV_6                  (RCC_PLLCFGR_PLLM_2 | RCC_PLLCFGR_PLLM_1) /*!< PLL, PLLI
 800:board/stm32f401rct6/Drivers/STM32F4xx_HAL_Driver/Inc/stm32f4xx_ll_rcc.h **** #define LL_RCC_PLLM_DIV_7                  (RCC_PLLCFGR_PLLM_2 | RCC_PLLCFGR_PLLM_1 | RCC_PLLCFGR_P
 801:board/stm32f401rct6/Drivers/STM32F4xx_HAL_Driver/Inc/stm32f4xx_ll_rcc.h **** #define LL_RCC_PLLM_DIV_8                  (RCC_PLLCFGR_PLLM_3) /*!< PLL, PLLI2S and PLLSAI divisio
 802:board/stm32f401rct6/Drivers/STM32F4xx_HAL_Driver/Inc/stm32f4xx_ll_rcc.h **** #define LL_RCC_PLLM_DIV_9                  (RCC_PLLCFGR_PLLM_3 | RCC_PLLCFGR_PLLM_0) /*!< PLL, PLLI
 803:board/stm32f401rct6/Drivers/STM32F4xx_HAL_Driver/Inc/stm32f4xx_ll_rcc.h **** #define LL_RCC_PLLM_DIV_10                 (RCC_PLLCFGR_PLLM_3 | RCC_PLLCFGR_PLLM_1) /*!< PLL, PLLI
 804:board/stm32f401rct6/Drivers/STM32F4xx_HAL_Driver/Inc/stm32f4xx_ll_rcc.h **** #define LL_RCC_PLLM_DIV_11                 (RCC_PLLCFGR_PLLM_3 | RCC_PLLCFGR_PLLM_1 | RCC_PLLCFGR_P
 805:board/stm32f401rct6/Drivers/STM32F4xx_HAL_Driver/Inc/stm32f4xx_ll_rcc.h **** #define LL_RCC_PLLM_DIV_12                 (RCC_PLLCFGR_PLLM_3 | RCC_PLLCFGR_PLLM_2) /*!< PLL, PLLI
 806:board/stm32f401rct6/Drivers/STM32F4xx_HAL_Driver/Inc/stm32f4xx_ll_rcc.h **** #define LL_RCC_PLLM_DIV_13                 (RCC_PLLCFGR_PLLM_3 | RCC_PLLCFGR_PLLM_2 | RCC_PLLCFGR_P
 807:board/stm32f401rct6/Drivers/STM32F4xx_HAL_Driver/Inc/stm32f4xx_ll_rcc.h **** #define LL_RCC_PLLM_DIV_14                 (RCC_PLLCFGR_PLLM_3 | RCC_PLLCFGR_PLLM_2 | RCC_PLLCFGR_P
 808:board/stm32f401rct6/Drivers/STM32F4xx_HAL_Driver/Inc/stm32f4xx_ll_rcc.h **** #define LL_RCC_PLLM_DIV_15                 (RCC_PLLCFGR_PLLM_3 | RCC_PLLCFGR_PLLM_2 | RCC_PLLCFGR_P
 809:board/stm32f401rct6/Drivers/STM32F4xx_HAL_Driver/Inc/stm32f4xx_ll_rcc.h **** #define LL_RCC_PLLM_DIV_16                 (RCC_PLLCFGR_PLLM_4) /*!< PLL, PLLI2S and PLLSAI divisio
 810:board/stm32f401rct6/Drivers/STM32F4xx_HAL_Driver/Inc/stm32f4xx_ll_rcc.h **** #define LL_RCC_PLLM_DIV_17                 (RCC_PLLCFGR_PLLM_4 | RCC_PLLCFGR_PLLM_0) /*!< PLL, PLLI
 811:board/stm32f401rct6/Drivers/STM32F4xx_HAL_Driver/Inc/stm32f4xx_ll_rcc.h **** #define LL_RCC_PLLM_DIV_18                 (RCC_PLLCFGR_PLLM_4 | RCC_PLLCFGR_PLLM_1) /*!< PLL, PLLI
 812:board/stm32f401rct6/Drivers/STM32F4xx_HAL_Driver/Inc/stm32f4xx_ll_rcc.h **** #define LL_RCC_PLLM_DIV_19                 (RCC_PLLCFGR_PLLM_4 | RCC_PLLCFGR_PLLM_1 | RCC_PLLCFGR_P
 813:board/stm32f401rct6/Drivers/STM32F4xx_HAL_Driver/Inc/stm32f4xx_ll_rcc.h **** #define LL_RCC_PLLM_DIV_20                 (RCC_PLLCFGR_PLLM_4 | RCC_PLLCFGR_PLLM_2) /*!< PLL, PLLI
 814:board/stm32f401rct6/Drivers/STM32F4xx_HAL_Driver/Inc/stm32f4xx_ll_rcc.h **** #define LL_RCC_PLLM_DIV_21                 (RCC_PLLCFGR_PLLM_4 | RCC_PLLCFGR_PLLM_2 | RCC_PLLCFGR_P
 815:board/stm32f401rct6/Drivers/STM32F4xx_HAL_Driver/Inc/stm32f4xx_ll_rcc.h **** #define LL_RCC_PLLM_DIV_22                 (RCC_PLLCFGR_PLLM_4 | RCC_PLLCFGR_PLLM_2 | RCC_PLLCFGR_P
 816:board/stm32f401rct6/Drivers/STM32F4xx_HAL_Driver/Inc/stm32f4xx_ll_rcc.h **** #define LL_RCC_PLLM_DIV_23                 (RCC_PLLCFGR_PLLM_4 | RCC_PLLCFGR_PLLM_2 | RCC_PLLCFGR_P
 817:board/stm32f401rct6/Drivers/STM32F4xx_HAL_Driver/Inc/stm32f4xx_ll_rcc.h **** #define LL_RCC_PLLM_DIV_24                 (RCC_PLLCFGR_PLLM_4 | RCC_PLLCFGR_PLLM_3) /*!< PLL, PLLI
 818:board/stm32f401rct6/Drivers/STM32F4xx_HAL_Driver/Inc/stm32f4xx_ll_rcc.h **** #define LL_RCC_PLLM_DIV_25                 (RCC_PLLCFGR_PLLM_4 | RCC_PLLCFGR_PLLM_3 | RCC_PLLCFGR_P
 819:board/stm32f401rct6/Drivers/STM32F4xx_HAL_Driver/Inc/stm32f4xx_ll_rcc.h **** #define LL_RCC_PLLM_DIV_26                 (RCC_PLLCFGR_PLLM_4 | RCC_PLLCFGR_PLLM_3 | RCC_PLLCFGR_P
 820:board/stm32f401rct6/Drivers/STM32F4xx_HAL_Driver/Inc/stm32f4xx_ll_rcc.h **** #define LL_RCC_PLLM_DIV_27                 (RCC_PLLCFGR_PLLM_4 | RCC_PLLCFGR_PLLM_3 | RCC_PLLCFGR_P
 821:board/stm32f401rct6/Drivers/STM32F4xx_HAL_Driver/Inc/stm32f4xx_ll_rcc.h **** #define LL_RCC_PLLM_DIV_28                 (RCC_PLLCFGR_PLLM_4 | RCC_PLLCFGR_PLLM_3 | RCC_PLLCFGR_P
 822:board/stm32f401rct6/Drivers/STM32F4xx_HAL_Driver/Inc/stm32f4xx_ll_rcc.h **** #define LL_RCC_PLLM_DIV_29                 (RCC_PLLCFGR_PLLM_4 | RCC_PLLCFGR_PLLM_3 | RCC_PLLCFGR_P
 823:board/stm32f401rct6/Drivers/STM32F4xx_HAL_Driver/Inc/stm32f4xx_ll_rcc.h **** #define LL_RCC_PLLM_DIV_30                 (RCC_PLLCFGR_PLLM_4 | RCC_PLLCFGR_PLLM_3 | RCC_PLLCFGR_P
 824:board/stm32f401rct6/Drivers/STM32F4xx_HAL_Driver/Inc/stm32f4xx_ll_rcc.h **** #define LL_RCC_PLLM_DIV_31                 (RCC_PLLCFGR_PLLM_4 | RCC_PLLCFGR_PLLM_3 | RCC_PLLCFGR_P
 825:board/stm32f401rct6/Drivers/STM32F4xx_HAL_Driver/Inc/stm32f4xx_ll_rcc.h **** #define LL_RCC_PLLM_DIV_32                 (RCC_PLLCFGR_PLLM_5) /*!< PLL, PLLI2S and PLLSAI divisio
 826:board/stm32f401rct6/Drivers/STM32F4xx_HAL_Driver/Inc/stm32f4xx_ll_rcc.h **** #define LL_RCC_PLLM_DIV_33                 (RCC_PLLCFGR_PLLM_5 | RCC_PLLCFGR_PLLM_0) /*!< PLL, PLLI
 827:board/stm32f401rct6/Drivers/STM32F4xx_HAL_Driver/Inc/stm32f4xx_ll_rcc.h **** #define LL_RCC_PLLM_DIV_34                 (RCC_PLLCFGR_PLLM_5 | RCC_PLLCFGR_PLLM_1) /*!< PLL, PLLI
 828:board/stm32f401rct6/Drivers/STM32F4xx_HAL_Driver/Inc/stm32f4xx_ll_rcc.h **** #define LL_RCC_PLLM_DIV_35                 (RCC_PLLCFGR_PLLM_5 | RCC_PLLCFGR_PLLM_1 | RCC_PLLCFGR_P
 829:board/stm32f401rct6/Drivers/STM32F4xx_HAL_Driver/Inc/stm32f4xx_ll_rcc.h **** #define LL_RCC_PLLM_DIV_36                 (RCC_PLLCFGR_PLLM_5 | RCC_PLLCFGR_PLLM_2) /*!< PLL, PLLI
 830:board/stm32f401rct6/Drivers/STM32F4xx_HAL_Driver/Inc/stm32f4xx_ll_rcc.h **** #define LL_RCC_PLLM_DIV_37                 (RCC_PLLCFGR_PLLM_5 | RCC_PLLCFGR_PLLM_2 | RCC_PLLCFGR_P
 831:board/stm32f401rct6/Drivers/STM32F4xx_HAL_Driver/Inc/stm32f4xx_ll_rcc.h **** #define LL_RCC_PLLM_DIV_38                 (RCC_PLLCFGR_PLLM_5 | RCC_PLLCFGR_PLLM_2 | RCC_PLLCFGR_P
 832:board/stm32f401rct6/Drivers/STM32F4xx_HAL_Driver/Inc/stm32f4xx_ll_rcc.h **** #define LL_RCC_PLLM_DIV_39                 (RCC_PLLCFGR_PLLM_5 | RCC_PLLCFGR_PLLM_2 | RCC_PLLCFGR_P
 833:board/stm32f401rct6/Drivers/STM32F4xx_HAL_Driver/Inc/stm32f4xx_ll_rcc.h **** #define LL_RCC_PLLM_DIV_40                 (RCC_PLLCFGR_PLLM_5 | RCC_PLLCFGR_PLLM_3) /*!< PLL, PLLI
 834:board/stm32f401rct6/Drivers/STM32F4xx_HAL_Driver/Inc/stm32f4xx_ll_rcc.h **** #define LL_RCC_PLLM_DIV_41                 (RCC_PLLCFGR_PLLM_5 | RCC_PLLCFGR_PLLM_3 | RCC_PLLCFGR_P
 835:board/stm32f401rct6/Drivers/STM32F4xx_HAL_Driver/Inc/stm32f4xx_ll_rcc.h **** #define LL_RCC_PLLM_DIV_42                 (RCC_PLLCFGR_PLLM_5 | RCC_PLLCFGR_PLLM_3 | RCC_PLLCFGR_P
 836:board/stm32f401rct6/Drivers/STM32F4xx_HAL_Driver/Inc/stm32f4xx_ll_rcc.h **** #define LL_RCC_PLLM_DIV_43                 (RCC_PLLCFGR_PLLM_5 | RCC_PLLCFGR_PLLM_3 | RCC_PLLCFGR_P
 837:board/stm32f401rct6/Drivers/STM32F4xx_HAL_Driver/Inc/stm32f4xx_ll_rcc.h **** #define LL_RCC_PLLM_DIV_44                 (RCC_PLLCFGR_PLLM_5 | RCC_PLLCFGR_PLLM_3 | RCC_PLLCFGR_P
 838:board/stm32f401rct6/Drivers/STM32F4xx_HAL_Driver/Inc/stm32f4xx_ll_rcc.h **** #define LL_RCC_PLLM_DIV_45                 (RCC_PLLCFGR_PLLM_5 | RCC_PLLCFGR_PLLM_3 | RCC_PLLCFGR_P
 839:board/stm32f401rct6/Drivers/STM32F4xx_HAL_Driver/Inc/stm32f4xx_ll_rcc.h **** #define LL_RCC_PLLM_DIV_46                 (RCC_PLLCFGR_PLLM_5 | RCC_PLLCFGR_PLLM_3 | RCC_PLLCFGR_P
 840:board/stm32f401rct6/Drivers/STM32F4xx_HAL_Driver/Inc/stm32f4xx_ll_rcc.h **** #define LL_RCC_PLLM_DIV_47                 (RCC_PLLCFGR_PLLM_5 | RCC_PLLCFGR_PLLM_3 | RCC_PLLCFGR_P
 841:board/stm32f401rct6/Drivers/STM32F4xx_HAL_Driver/Inc/stm32f4xx_ll_rcc.h **** #define LL_RCC_PLLM_DIV_48                 (RCC_PLLCFGR_PLLM_5 | RCC_PLLCFGR_PLLM_4) /*!< PLL, PLLI
 842:board/stm32f401rct6/Drivers/STM32F4xx_HAL_Driver/Inc/stm32f4xx_ll_rcc.h **** #define LL_RCC_PLLM_DIV_49                 (RCC_PLLCFGR_PLLM_5 | RCC_PLLCFGR_PLLM_4 | RCC_PLLCFGR_P
 843:board/stm32f401rct6/Drivers/STM32F4xx_HAL_Driver/Inc/stm32f4xx_ll_rcc.h **** #define LL_RCC_PLLM_DIV_50                 (RCC_PLLCFGR_PLLM_5 | RCC_PLLCFGR_PLLM_4 | RCC_PLLCFGR_P
 844:board/stm32f401rct6/Drivers/STM32F4xx_HAL_Driver/Inc/stm32f4xx_ll_rcc.h **** #define LL_RCC_PLLM_DIV_51                 (RCC_PLLCFGR_PLLM_5 | RCC_PLLCFGR_PLLM_4 | RCC_PLLCFGR_P
 845:board/stm32f401rct6/Drivers/STM32F4xx_HAL_Driver/Inc/stm32f4xx_ll_rcc.h **** #define LL_RCC_PLLM_DIV_52                 (RCC_PLLCFGR_PLLM_5 | RCC_PLLCFGR_PLLM_4 | RCC_PLLCFGR_P
 846:board/stm32f401rct6/Drivers/STM32F4xx_HAL_Driver/Inc/stm32f4xx_ll_rcc.h **** #define LL_RCC_PLLM_DIV_53                 (RCC_PLLCFGR_PLLM_5 | RCC_PLLCFGR_PLLM_4 | RCC_PLLCFGR_P
 847:board/stm32f401rct6/Drivers/STM32F4xx_HAL_Driver/Inc/stm32f4xx_ll_rcc.h **** #define LL_RCC_PLLM_DIV_54                 (RCC_PLLCFGR_PLLM_5 | RCC_PLLCFGR_PLLM_4 | RCC_PLLCFGR_P
 848:board/stm32f401rct6/Drivers/STM32F4xx_HAL_Driver/Inc/stm32f4xx_ll_rcc.h **** #define LL_RCC_PLLM_DIV_55                 (RCC_PLLCFGR_PLLM_5 | RCC_PLLCFGR_PLLM_4 | RCC_PLLCFGR_P
 849:board/stm32f401rct6/Drivers/STM32F4xx_HAL_Driver/Inc/stm32f4xx_ll_rcc.h **** #define LL_RCC_PLLM_DIV_56                 (RCC_PLLCFGR_PLLM_5 | RCC_PLLCFGR_PLLM_4 | RCC_PLLCFGR_P
 850:board/stm32f401rct6/Drivers/STM32F4xx_HAL_Driver/Inc/stm32f4xx_ll_rcc.h **** #define LL_RCC_PLLM_DIV_57                 (RCC_PLLCFGR_PLLM_5 | RCC_PLLCFGR_PLLM_4 | RCC_PLLCFGR_P
 851:board/stm32f401rct6/Drivers/STM32F4xx_HAL_Driver/Inc/stm32f4xx_ll_rcc.h **** #define LL_RCC_PLLM_DIV_58                 (RCC_PLLCFGR_PLLM_5 | RCC_PLLCFGR_PLLM_4 | RCC_PLLCFGR_P
 852:board/stm32f401rct6/Drivers/STM32F4xx_HAL_Driver/Inc/stm32f4xx_ll_rcc.h **** #define LL_RCC_PLLM_DIV_59                 (RCC_PLLCFGR_PLLM_5 | RCC_PLLCFGR_PLLM_4 | RCC_PLLCFGR_P
 853:board/stm32f401rct6/Drivers/STM32F4xx_HAL_Driver/Inc/stm32f4xx_ll_rcc.h **** #define LL_RCC_PLLM_DIV_60                 (RCC_PLLCFGR_PLLM_5 | RCC_PLLCFGR_PLLM_4 | RCC_PLLCFGR_P
 854:board/stm32f401rct6/Drivers/STM32F4xx_HAL_Driver/Inc/stm32f4xx_ll_rcc.h **** #define LL_RCC_PLLM_DIV_61                 (RCC_PLLCFGR_PLLM_5 | RCC_PLLCFGR_PLLM_4 | RCC_PLLCFGR_P
ARM GAS  C:\Users\Admin\AppData\Local\Temp\ccHMtLfr.s 			page 20


 855:board/stm32f401rct6/Drivers/STM32F4xx_HAL_Driver/Inc/stm32f4xx_ll_rcc.h **** #define LL_RCC_PLLM_DIV_62                 (RCC_PLLCFGR_PLLM_5 | RCC_PLLCFGR_PLLM_4 | RCC_PLLCFGR_P
 856:board/stm32f401rct6/Drivers/STM32F4xx_HAL_Driver/Inc/stm32f4xx_ll_rcc.h **** #define LL_RCC_PLLM_DIV_63                 (RCC_PLLCFGR_PLLM_5 | RCC_PLLCFGR_PLLM_4 | RCC_PLLCFGR_P
 857:board/stm32f401rct6/Drivers/STM32F4xx_HAL_Driver/Inc/stm32f4xx_ll_rcc.h **** /**
 858:board/stm32f401rct6/Drivers/STM32F4xx_HAL_Driver/Inc/stm32f4xx_ll_rcc.h ****   * @}
 859:board/stm32f401rct6/Drivers/STM32F4xx_HAL_Driver/Inc/stm32f4xx_ll_rcc.h ****   */
 860:board/stm32f401rct6/Drivers/STM32F4xx_HAL_Driver/Inc/stm32f4xx_ll_rcc.h **** 
 861:board/stm32f401rct6/Drivers/STM32F4xx_HAL_Driver/Inc/stm32f4xx_ll_rcc.h **** #if defined(RCC_PLLCFGR_PLLR)
 862:board/stm32f401rct6/Drivers/STM32F4xx_HAL_Driver/Inc/stm32f4xx_ll_rcc.h **** /** @defgroup RCC_LL_EC_PLLR_DIV  PLL division factor (PLLR)
 863:board/stm32f401rct6/Drivers/STM32F4xx_HAL_Driver/Inc/stm32f4xx_ll_rcc.h ****   * @{
 864:board/stm32f401rct6/Drivers/STM32F4xx_HAL_Driver/Inc/stm32f4xx_ll_rcc.h ****   */
 865:board/stm32f401rct6/Drivers/STM32F4xx_HAL_Driver/Inc/stm32f4xx_ll_rcc.h **** #define LL_RCC_PLLR_DIV_2                  (RCC_PLLCFGR_PLLR_1)                     /*!< Main PLL d
 866:board/stm32f401rct6/Drivers/STM32F4xx_HAL_Driver/Inc/stm32f4xx_ll_rcc.h **** #define LL_RCC_PLLR_DIV_3                  (RCC_PLLCFGR_PLLR_1|RCC_PLLCFGR_PLLR_0)  /*!< Main PLL d
 867:board/stm32f401rct6/Drivers/STM32F4xx_HAL_Driver/Inc/stm32f4xx_ll_rcc.h **** #define LL_RCC_PLLR_DIV_4                  (RCC_PLLCFGR_PLLR_2)                     /*!< Main PLL d
 868:board/stm32f401rct6/Drivers/STM32F4xx_HAL_Driver/Inc/stm32f4xx_ll_rcc.h **** #define LL_RCC_PLLR_DIV_5                  (RCC_PLLCFGR_PLLR_2|RCC_PLLCFGR_PLLR_0)  /*!< Main PLL d
 869:board/stm32f401rct6/Drivers/STM32F4xx_HAL_Driver/Inc/stm32f4xx_ll_rcc.h **** #define LL_RCC_PLLR_DIV_6                  (RCC_PLLCFGR_PLLR_2|RCC_PLLCFGR_PLLR_1)  /*!< Main PLL d
 870:board/stm32f401rct6/Drivers/STM32F4xx_HAL_Driver/Inc/stm32f4xx_ll_rcc.h **** #define LL_RCC_PLLR_DIV_7                  (RCC_PLLCFGR_PLLR)                       /*!< Main PLL d
 871:board/stm32f401rct6/Drivers/STM32F4xx_HAL_Driver/Inc/stm32f4xx_ll_rcc.h **** /**
 872:board/stm32f401rct6/Drivers/STM32F4xx_HAL_Driver/Inc/stm32f4xx_ll_rcc.h ****   * @}
 873:board/stm32f401rct6/Drivers/STM32F4xx_HAL_Driver/Inc/stm32f4xx_ll_rcc.h ****   */
 874:board/stm32f401rct6/Drivers/STM32F4xx_HAL_Driver/Inc/stm32f4xx_ll_rcc.h **** #endif /* RCC_PLLCFGR_PLLR */
 875:board/stm32f401rct6/Drivers/STM32F4xx_HAL_Driver/Inc/stm32f4xx_ll_rcc.h **** 
 876:board/stm32f401rct6/Drivers/STM32F4xx_HAL_Driver/Inc/stm32f4xx_ll_rcc.h **** #if defined(RCC_DCKCFGR_PLLDIVR)
 877:board/stm32f401rct6/Drivers/STM32F4xx_HAL_Driver/Inc/stm32f4xx_ll_rcc.h **** /** @defgroup RCC_LL_EC_PLLDIVR  PLLDIVR division factor (PLLDIVR)
 878:board/stm32f401rct6/Drivers/STM32F4xx_HAL_Driver/Inc/stm32f4xx_ll_rcc.h ****   * @{
 879:board/stm32f401rct6/Drivers/STM32F4xx_HAL_Driver/Inc/stm32f4xx_ll_rcc.h ****   */
 880:board/stm32f401rct6/Drivers/STM32F4xx_HAL_Driver/Inc/stm32f4xx_ll_rcc.h **** #define LL_RCC_PLLDIVR_DIV_1           (RCC_DCKCFGR_PLLDIVR_0)        /*!< PLL division factor for 
 881:board/stm32f401rct6/Drivers/STM32F4xx_HAL_Driver/Inc/stm32f4xx_ll_rcc.h **** #define LL_RCC_PLLDIVR_DIV_2           (RCC_DCKCFGR_PLLDIVR_1)        /*!< PLL division factor for 
 882:board/stm32f401rct6/Drivers/STM32F4xx_HAL_Driver/Inc/stm32f4xx_ll_rcc.h **** #define LL_RCC_PLLDIVR_DIV_3           (RCC_DCKCFGR_PLLDIVR_1 | RCC_DCKCFGR_PLLDIVR_0)        /*!< 
 883:board/stm32f401rct6/Drivers/STM32F4xx_HAL_Driver/Inc/stm32f4xx_ll_rcc.h **** #define LL_RCC_PLLDIVR_DIV_4           (RCC_DCKCFGR_PLLDIVR_2)        /*!< PLL division factor for 
 884:board/stm32f401rct6/Drivers/STM32F4xx_HAL_Driver/Inc/stm32f4xx_ll_rcc.h **** #define LL_RCC_PLLDIVR_DIV_5           (RCC_DCKCFGR_PLLDIVR_2 | RCC_DCKCFGR_PLLDIVR_0)        /*!< 
 885:board/stm32f401rct6/Drivers/STM32F4xx_HAL_Driver/Inc/stm32f4xx_ll_rcc.h **** #define LL_RCC_PLLDIVR_DIV_6           (RCC_DCKCFGR_PLLDIVR_2 | RCC_DCKCFGR_PLLDIVR_1)        /*!< 
 886:board/stm32f401rct6/Drivers/STM32F4xx_HAL_Driver/Inc/stm32f4xx_ll_rcc.h **** #define LL_RCC_PLLDIVR_DIV_7           (RCC_DCKCFGR_PLLDIVR_2 | RCC_DCKCFGR_PLLDIVR_1 | RCC_DCKCFGR
 887:board/stm32f401rct6/Drivers/STM32F4xx_HAL_Driver/Inc/stm32f4xx_ll_rcc.h **** #define LL_RCC_PLLDIVR_DIV_8           (RCC_DCKCFGR_PLLDIVR_3)        /*!< PLL division factor for 
 888:board/stm32f401rct6/Drivers/STM32F4xx_HAL_Driver/Inc/stm32f4xx_ll_rcc.h **** #define LL_RCC_PLLDIVR_DIV_9           (RCC_DCKCFGR_PLLDIVR_3 | RCC_DCKCFGR_PLLDIVR_0)        /*!< 
 889:board/stm32f401rct6/Drivers/STM32F4xx_HAL_Driver/Inc/stm32f4xx_ll_rcc.h **** #define LL_RCC_PLLDIVR_DIV_10          (RCC_DCKCFGR_PLLDIVR_3 | RCC_DCKCFGR_PLLDIVR_1)        /*!< 
 890:board/stm32f401rct6/Drivers/STM32F4xx_HAL_Driver/Inc/stm32f4xx_ll_rcc.h **** #define LL_RCC_PLLDIVR_DIV_11          (RCC_DCKCFGR_PLLDIVR_3 | RCC_DCKCFGR_PLLDIVR_1 | RCC_DCKCFGR
 891:board/stm32f401rct6/Drivers/STM32F4xx_HAL_Driver/Inc/stm32f4xx_ll_rcc.h **** #define LL_RCC_PLLDIVR_DIV_12          (RCC_DCKCFGR_PLLDIVR_3 | RCC_DCKCFGR_PLLDIVR_2)        /*!< 
 892:board/stm32f401rct6/Drivers/STM32F4xx_HAL_Driver/Inc/stm32f4xx_ll_rcc.h **** #define LL_RCC_PLLDIVR_DIV_13          (RCC_DCKCFGR_PLLDIVR_3 | RCC_DCKCFGR_PLLDIVR_2 | RCC_DCKCFGR
 893:board/stm32f401rct6/Drivers/STM32F4xx_HAL_Driver/Inc/stm32f4xx_ll_rcc.h **** #define LL_RCC_PLLDIVR_DIV_14          (RCC_DCKCFGR_PLLDIVR_3 | RCC_DCKCFGR_PLLDIVR_2 | RCC_DCKCFGR
 894:board/stm32f401rct6/Drivers/STM32F4xx_HAL_Driver/Inc/stm32f4xx_ll_rcc.h **** #define LL_RCC_PLLDIVR_DIV_15          (RCC_DCKCFGR_PLLDIVR_3 | RCC_DCKCFGR_PLLDIVR_2 | RCC_DCKCFGR
 895:board/stm32f401rct6/Drivers/STM32F4xx_HAL_Driver/Inc/stm32f4xx_ll_rcc.h **** #define LL_RCC_PLLDIVR_DIV_16          (RCC_DCKCFGR_PLLDIVR_4)             /*!< PLL division factor
 896:board/stm32f401rct6/Drivers/STM32F4xx_HAL_Driver/Inc/stm32f4xx_ll_rcc.h **** #define LL_RCC_PLLDIVR_DIV_17          (RCC_DCKCFGR_PLLDIVR_4 | RCC_DCKCFGR_PLLDIVR_0)        /*!< 
 897:board/stm32f401rct6/Drivers/STM32F4xx_HAL_Driver/Inc/stm32f4xx_ll_rcc.h **** #define LL_RCC_PLLDIVR_DIV_18          (RCC_DCKCFGR_PLLDIVR_4 | RCC_DCKCFGR_PLLDIVR_1)        /*!< 
 898:board/stm32f401rct6/Drivers/STM32F4xx_HAL_Driver/Inc/stm32f4xx_ll_rcc.h **** #define LL_RCC_PLLDIVR_DIV_19          (RCC_DCKCFGR_PLLDIVR_4 | RCC_DCKCFGR_PLLDIVR_1 | RCC_DCKCFGR
 899:board/stm32f401rct6/Drivers/STM32F4xx_HAL_Driver/Inc/stm32f4xx_ll_rcc.h **** #define LL_RCC_PLLDIVR_DIV_20          (RCC_DCKCFGR_PLLDIVR_4 | RCC_DCKCFGR_PLLDIVR_2)        /*!< 
 900:board/stm32f401rct6/Drivers/STM32F4xx_HAL_Driver/Inc/stm32f4xx_ll_rcc.h **** #define LL_RCC_PLLDIVR_DIV_21          (RCC_DCKCFGR_PLLDIVR_4 | RCC_DCKCFGR_PLLDIVR_2 | RCC_DCKCFGR
 901:board/stm32f401rct6/Drivers/STM32F4xx_HAL_Driver/Inc/stm32f4xx_ll_rcc.h **** #define LL_RCC_PLLDIVR_DIV_22          (RCC_DCKCFGR_PLLDIVR_4 | RCC_DCKCFGR_PLLDIVR_2 | RCC_DCKCFGR
 902:board/stm32f401rct6/Drivers/STM32F4xx_HAL_Driver/Inc/stm32f4xx_ll_rcc.h **** #define LL_RCC_PLLDIVR_DIV_23          (RCC_DCKCFGR_PLLDIVR_4 | RCC_DCKCFGR_PLLDIVR_2 | RCC_DCKCFGR
 903:board/stm32f401rct6/Drivers/STM32F4xx_HAL_Driver/Inc/stm32f4xx_ll_rcc.h **** #define LL_RCC_PLLDIVR_DIV_24          (RCC_DCKCFGR_PLLDIVR_4 | RCC_DCKCFGR_PLLDIVR_3)        /*!< 
 904:board/stm32f401rct6/Drivers/STM32F4xx_HAL_Driver/Inc/stm32f4xx_ll_rcc.h **** #define LL_RCC_PLLDIVR_DIV_25          (RCC_DCKCFGR_PLLDIVR_4 | RCC_DCKCFGR_PLLDIVR_3 | RCC_DCKCFGR
 905:board/stm32f401rct6/Drivers/STM32F4xx_HAL_Driver/Inc/stm32f4xx_ll_rcc.h **** #define LL_RCC_PLLDIVR_DIV_26          (RCC_DCKCFGR_PLLDIVR_4 | RCC_DCKCFGR_PLLDIVR_3 | RCC_DCKCFGR
 906:board/stm32f401rct6/Drivers/STM32F4xx_HAL_Driver/Inc/stm32f4xx_ll_rcc.h **** #define LL_RCC_PLLDIVR_DIV_27          (RCC_DCKCFGR_PLLDIVR_4 | RCC_DCKCFGR_PLLDIVR_3 | RCC_DCKCFGR
 907:board/stm32f401rct6/Drivers/STM32F4xx_HAL_Driver/Inc/stm32f4xx_ll_rcc.h **** #define LL_RCC_PLLDIVR_DIV_28          (RCC_DCKCFGR_PLLDIVR_4 | RCC_DCKCFGR_PLLDIVR_3 | RCC_DCKCFGR
 908:board/stm32f401rct6/Drivers/STM32F4xx_HAL_Driver/Inc/stm32f4xx_ll_rcc.h **** #define LL_RCC_PLLDIVR_DIV_29          (RCC_DCKCFGR_PLLDIVR_4 | RCC_DCKCFGR_PLLDIVR_3 | RCC_DCKCFGR
 909:board/stm32f401rct6/Drivers/STM32F4xx_HAL_Driver/Inc/stm32f4xx_ll_rcc.h **** #define LL_RCC_PLLDIVR_DIV_30          (RCC_DCKCFGR_PLLDIVR_4 | RCC_DCKCFGR_PLLDIVR_3 | RCC_DCKCFGR
 910:board/stm32f401rct6/Drivers/STM32F4xx_HAL_Driver/Inc/stm32f4xx_ll_rcc.h **** #define LL_RCC_PLLDIVR_DIV_31          (RCC_DCKCFGR_PLLDIVR_4 | RCC_DCKCFGR_PLLDIVR_3 | RCC_DCKCFGR
 911:board/stm32f401rct6/Drivers/STM32F4xx_HAL_Driver/Inc/stm32f4xx_ll_rcc.h **** /**
ARM GAS  C:\Users\Admin\AppData\Local\Temp\ccHMtLfr.s 			page 21


 912:board/stm32f401rct6/Drivers/STM32F4xx_HAL_Driver/Inc/stm32f4xx_ll_rcc.h ****   * @}
 913:board/stm32f401rct6/Drivers/STM32F4xx_HAL_Driver/Inc/stm32f4xx_ll_rcc.h ****   */
 914:board/stm32f401rct6/Drivers/STM32F4xx_HAL_Driver/Inc/stm32f4xx_ll_rcc.h **** #endif /* RCC_DCKCFGR_PLLDIVR */
 915:board/stm32f401rct6/Drivers/STM32F4xx_HAL_Driver/Inc/stm32f4xx_ll_rcc.h **** 
 916:board/stm32f401rct6/Drivers/STM32F4xx_HAL_Driver/Inc/stm32f4xx_ll_rcc.h **** /** @defgroup RCC_LL_EC_PLLP_DIV  PLL division factor (PLLP)
 917:board/stm32f401rct6/Drivers/STM32F4xx_HAL_Driver/Inc/stm32f4xx_ll_rcc.h ****   * @{
 918:board/stm32f401rct6/Drivers/STM32F4xx_HAL_Driver/Inc/stm32f4xx_ll_rcc.h ****   */
 919:board/stm32f401rct6/Drivers/STM32F4xx_HAL_Driver/Inc/stm32f4xx_ll_rcc.h **** #define LL_RCC_PLLP_DIV_2                  0x00000000U            /*!< Main PLL division factor for
 920:board/stm32f401rct6/Drivers/STM32F4xx_HAL_Driver/Inc/stm32f4xx_ll_rcc.h **** #define LL_RCC_PLLP_DIV_4                  RCC_PLLCFGR_PLLP_0     /*!< Main PLL division factor for
 921:board/stm32f401rct6/Drivers/STM32F4xx_HAL_Driver/Inc/stm32f4xx_ll_rcc.h **** #define LL_RCC_PLLP_DIV_6                  RCC_PLLCFGR_PLLP_1     /*!< Main PLL division factor for
 922:board/stm32f401rct6/Drivers/STM32F4xx_HAL_Driver/Inc/stm32f4xx_ll_rcc.h **** #define LL_RCC_PLLP_DIV_8                  (RCC_PLLCFGR_PLLP_1 | RCC_PLLCFGR_PLLP_0)   /*!< Main PL
 923:board/stm32f401rct6/Drivers/STM32F4xx_HAL_Driver/Inc/stm32f4xx_ll_rcc.h **** /**
 924:board/stm32f401rct6/Drivers/STM32F4xx_HAL_Driver/Inc/stm32f4xx_ll_rcc.h ****   * @}
 925:board/stm32f401rct6/Drivers/STM32F4xx_HAL_Driver/Inc/stm32f4xx_ll_rcc.h ****   */
 926:board/stm32f401rct6/Drivers/STM32F4xx_HAL_Driver/Inc/stm32f4xx_ll_rcc.h **** 
 927:board/stm32f401rct6/Drivers/STM32F4xx_HAL_Driver/Inc/stm32f4xx_ll_rcc.h **** /** @defgroup RCC_LL_EC_PLLQ_DIV  PLL division factor (PLLQ)
 928:board/stm32f401rct6/Drivers/STM32F4xx_HAL_Driver/Inc/stm32f4xx_ll_rcc.h ****   * @{
 929:board/stm32f401rct6/Drivers/STM32F4xx_HAL_Driver/Inc/stm32f4xx_ll_rcc.h ****   */
 930:board/stm32f401rct6/Drivers/STM32F4xx_HAL_Driver/Inc/stm32f4xx_ll_rcc.h **** #define LL_RCC_PLLQ_DIV_2                  RCC_PLLCFGR_PLLQ_1                      /*!< Main PLL di
 931:board/stm32f401rct6/Drivers/STM32F4xx_HAL_Driver/Inc/stm32f4xx_ll_rcc.h **** #define LL_RCC_PLLQ_DIV_3                  (RCC_PLLCFGR_PLLQ_1|RCC_PLLCFGR_PLLQ_0) /*!< Main PLL di
 932:board/stm32f401rct6/Drivers/STM32F4xx_HAL_Driver/Inc/stm32f4xx_ll_rcc.h **** #define LL_RCC_PLLQ_DIV_4                  RCC_PLLCFGR_PLLQ_2                      /*!< Main PLL di
 933:board/stm32f401rct6/Drivers/STM32F4xx_HAL_Driver/Inc/stm32f4xx_ll_rcc.h **** #define LL_RCC_PLLQ_DIV_5                  (RCC_PLLCFGR_PLLQ_2|RCC_PLLCFGR_PLLQ_0) /*!< Main PLL di
 934:board/stm32f401rct6/Drivers/STM32F4xx_HAL_Driver/Inc/stm32f4xx_ll_rcc.h **** #define LL_RCC_PLLQ_DIV_6                  (RCC_PLLCFGR_PLLQ_2|RCC_PLLCFGR_PLLQ_1) /*!< Main PLL di
 935:board/stm32f401rct6/Drivers/STM32F4xx_HAL_Driver/Inc/stm32f4xx_ll_rcc.h **** #define LL_RCC_PLLQ_DIV_7                  (RCC_PLLCFGR_PLLQ_2|RCC_PLLCFGR_PLLQ_1|RCC_PLLCFGR_PLLQ_
 936:board/stm32f401rct6/Drivers/STM32F4xx_HAL_Driver/Inc/stm32f4xx_ll_rcc.h **** #define LL_RCC_PLLQ_DIV_8                  RCC_PLLCFGR_PLLQ_3                      /*!< Main PLL di
 937:board/stm32f401rct6/Drivers/STM32F4xx_HAL_Driver/Inc/stm32f4xx_ll_rcc.h **** #define LL_RCC_PLLQ_DIV_9                  (RCC_PLLCFGR_PLLQ_3|RCC_PLLCFGR_PLLQ_0) /*!< Main PLL di
 938:board/stm32f401rct6/Drivers/STM32F4xx_HAL_Driver/Inc/stm32f4xx_ll_rcc.h **** #define LL_RCC_PLLQ_DIV_10                 (RCC_PLLCFGR_PLLQ_3|RCC_PLLCFGR_PLLQ_1) /*!< Main PLL di
 939:board/stm32f401rct6/Drivers/STM32F4xx_HAL_Driver/Inc/stm32f4xx_ll_rcc.h **** #define LL_RCC_PLLQ_DIV_11                 (RCC_PLLCFGR_PLLQ_3|RCC_PLLCFGR_PLLQ_1|RCC_PLLCFGR_PLLQ_
 940:board/stm32f401rct6/Drivers/STM32F4xx_HAL_Driver/Inc/stm32f4xx_ll_rcc.h **** #define LL_RCC_PLLQ_DIV_12                 (RCC_PLLCFGR_PLLQ_3|RCC_PLLCFGR_PLLQ_2) /*!< Main PLL di
 941:board/stm32f401rct6/Drivers/STM32F4xx_HAL_Driver/Inc/stm32f4xx_ll_rcc.h **** #define LL_RCC_PLLQ_DIV_13                 (RCC_PLLCFGR_PLLQ_3|RCC_PLLCFGR_PLLQ_2|RCC_PLLCFGR_PLLQ_
 942:board/stm32f401rct6/Drivers/STM32F4xx_HAL_Driver/Inc/stm32f4xx_ll_rcc.h **** #define LL_RCC_PLLQ_DIV_14                 (RCC_PLLCFGR_PLLQ_3|RCC_PLLCFGR_PLLQ_2|RCC_PLLCFGR_PLLQ_
 943:board/stm32f401rct6/Drivers/STM32F4xx_HAL_Driver/Inc/stm32f4xx_ll_rcc.h **** #define LL_RCC_PLLQ_DIV_15                 (RCC_PLLCFGR_PLLQ_3|RCC_PLLCFGR_PLLQ_2|RCC_PLLCFGR_PLLQ_
 944:board/stm32f401rct6/Drivers/STM32F4xx_HAL_Driver/Inc/stm32f4xx_ll_rcc.h **** /**
 945:board/stm32f401rct6/Drivers/STM32F4xx_HAL_Driver/Inc/stm32f4xx_ll_rcc.h ****   * @}
 946:board/stm32f401rct6/Drivers/STM32F4xx_HAL_Driver/Inc/stm32f4xx_ll_rcc.h ****   */
 947:board/stm32f401rct6/Drivers/STM32F4xx_HAL_Driver/Inc/stm32f4xx_ll_rcc.h **** 
 948:board/stm32f401rct6/Drivers/STM32F4xx_HAL_Driver/Inc/stm32f4xx_ll_rcc.h **** /** @defgroup RCC_LL_EC_PLL_SPRE_SEL  PLL Spread Spectrum Selection
 949:board/stm32f401rct6/Drivers/STM32F4xx_HAL_Driver/Inc/stm32f4xx_ll_rcc.h ****   * @{
 950:board/stm32f401rct6/Drivers/STM32F4xx_HAL_Driver/Inc/stm32f4xx_ll_rcc.h ****   */
 951:board/stm32f401rct6/Drivers/STM32F4xx_HAL_Driver/Inc/stm32f4xx_ll_rcc.h **** #define LL_RCC_SPREAD_SELECT_CENTER        0x00000000U                   /*!< PLL center spread spe
 952:board/stm32f401rct6/Drivers/STM32F4xx_HAL_Driver/Inc/stm32f4xx_ll_rcc.h **** #define LL_RCC_SPREAD_SELECT_DOWN          RCC_SSCGR_SPREADSEL           /*!< PLL down spread spect
 953:board/stm32f401rct6/Drivers/STM32F4xx_HAL_Driver/Inc/stm32f4xx_ll_rcc.h **** /**
 954:board/stm32f401rct6/Drivers/STM32F4xx_HAL_Driver/Inc/stm32f4xx_ll_rcc.h ****   * @}
 955:board/stm32f401rct6/Drivers/STM32F4xx_HAL_Driver/Inc/stm32f4xx_ll_rcc.h ****   */
 956:board/stm32f401rct6/Drivers/STM32F4xx_HAL_Driver/Inc/stm32f4xx_ll_rcc.h **** 
 957:board/stm32f401rct6/Drivers/STM32F4xx_HAL_Driver/Inc/stm32f4xx_ll_rcc.h **** #if defined(RCC_PLLI2S_SUPPORT)
 958:board/stm32f401rct6/Drivers/STM32F4xx_HAL_Driver/Inc/stm32f4xx_ll_rcc.h **** /** @defgroup RCC_LL_EC_PLLI2SM  PLLI2SM division factor (PLLI2SM)
 959:board/stm32f401rct6/Drivers/STM32F4xx_HAL_Driver/Inc/stm32f4xx_ll_rcc.h ****   * @{
 960:board/stm32f401rct6/Drivers/STM32F4xx_HAL_Driver/Inc/stm32f4xx_ll_rcc.h ****   */
 961:board/stm32f401rct6/Drivers/STM32F4xx_HAL_Driver/Inc/stm32f4xx_ll_rcc.h **** #if defined(RCC_PLLI2SCFGR_PLLI2SM)
 962:board/stm32f401rct6/Drivers/STM32F4xx_HAL_Driver/Inc/stm32f4xx_ll_rcc.h **** #define LL_RCC_PLLI2SM_DIV_2             (RCC_PLLI2SCFGR_PLLI2SM_1) /*!< PLLI2S division factor for
 963:board/stm32f401rct6/Drivers/STM32F4xx_HAL_Driver/Inc/stm32f4xx_ll_rcc.h **** #define LL_RCC_PLLI2SM_DIV_3             (RCC_PLLI2SCFGR_PLLI2SM_1 | RCC_PLLI2SCFGR_PLLI2SM_0) /*!<
 964:board/stm32f401rct6/Drivers/STM32F4xx_HAL_Driver/Inc/stm32f4xx_ll_rcc.h **** #define LL_RCC_PLLI2SM_DIV_4             (RCC_PLLI2SCFGR_PLLI2SM_2) /*!< PLLI2S division factor for
 965:board/stm32f401rct6/Drivers/STM32F4xx_HAL_Driver/Inc/stm32f4xx_ll_rcc.h **** #define LL_RCC_PLLI2SM_DIV_5             (RCC_PLLI2SCFGR_PLLI2SM_2 | RCC_PLLI2SCFGR_PLLI2SM_0) /*!<
 966:board/stm32f401rct6/Drivers/STM32F4xx_HAL_Driver/Inc/stm32f4xx_ll_rcc.h **** #define LL_RCC_PLLI2SM_DIV_6             (RCC_PLLI2SCFGR_PLLI2SM_2 | RCC_PLLI2SCFGR_PLLI2SM_1) /*!<
 967:board/stm32f401rct6/Drivers/STM32F4xx_HAL_Driver/Inc/stm32f4xx_ll_rcc.h **** #define LL_RCC_PLLI2SM_DIV_7             (RCC_PLLI2SCFGR_PLLI2SM_2 | RCC_PLLI2SCFGR_PLLI2SM_1 | RCC
 968:board/stm32f401rct6/Drivers/STM32F4xx_HAL_Driver/Inc/stm32f4xx_ll_rcc.h **** #define LL_RCC_PLLI2SM_DIV_8             (RCC_PLLI2SCFGR_PLLI2SM_3) /*!< PLLI2S division factor for
ARM GAS  C:\Users\Admin\AppData\Local\Temp\ccHMtLfr.s 			page 22


 969:board/stm32f401rct6/Drivers/STM32F4xx_HAL_Driver/Inc/stm32f4xx_ll_rcc.h **** #define LL_RCC_PLLI2SM_DIV_9             (RCC_PLLI2SCFGR_PLLI2SM_3 | RCC_PLLI2SCFGR_PLLI2SM_0) /*!<
 970:board/stm32f401rct6/Drivers/STM32F4xx_HAL_Driver/Inc/stm32f4xx_ll_rcc.h **** #define LL_RCC_PLLI2SM_DIV_10            (RCC_PLLI2SCFGR_PLLI2SM_3 | RCC_PLLI2SCFGR_PLLI2SM_1) /*!<
 971:board/stm32f401rct6/Drivers/STM32F4xx_HAL_Driver/Inc/stm32f4xx_ll_rcc.h **** #define LL_RCC_PLLI2SM_DIV_11            (RCC_PLLI2SCFGR_PLLI2SM_3 | RCC_PLLI2SCFGR_PLLI2SM_1 | RCC
 972:board/stm32f401rct6/Drivers/STM32F4xx_HAL_Driver/Inc/stm32f4xx_ll_rcc.h **** #define LL_RCC_PLLI2SM_DIV_12            (RCC_PLLI2SCFGR_PLLI2SM_3 | RCC_PLLI2SCFGR_PLLI2SM_2) /*!<
 973:board/stm32f401rct6/Drivers/STM32F4xx_HAL_Driver/Inc/stm32f4xx_ll_rcc.h **** #define LL_RCC_PLLI2SM_DIV_13            (RCC_PLLI2SCFGR_PLLI2SM_3 | RCC_PLLI2SCFGR_PLLI2SM_2 | RCC
 974:board/stm32f401rct6/Drivers/STM32F4xx_HAL_Driver/Inc/stm32f4xx_ll_rcc.h **** #define LL_RCC_PLLI2SM_DIV_14            (RCC_PLLI2SCFGR_PLLI2SM_3 | RCC_PLLI2SCFGR_PLLI2SM_2 | RCC
 975:board/stm32f401rct6/Drivers/STM32F4xx_HAL_Driver/Inc/stm32f4xx_ll_rcc.h **** #define LL_RCC_PLLI2SM_DIV_15            (RCC_PLLI2SCFGR_PLLI2SM_3 | RCC_PLLI2SCFGR_PLLI2SM_2 | RCC
 976:board/stm32f401rct6/Drivers/STM32F4xx_HAL_Driver/Inc/stm32f4xx_ll_rcc.h **** #define LL_RCC_PLLI2SM_DIV_16            (RCC_PLLI2SCFGR_PLLI2SM_4) /*!< PLLI2S division factor for
 977:board/stm32f401rct6/Drivers/STM32F4xx_HAL_Driver/Inc/stm32f4xx_ll_rcc.h **** #define LL_RCC_PLLI2SM_DIV_17            (RCC_PLLI2SCFGR_PLLI2SM_4 | RCC_PLLI2SCFGR_PLLI2SM_0) /*!<
 978:board/stm32f401rct6/Drivers/STM32F4xx_HAL_Driver/Inc/stm32f4xx_ll_rcc.h **** #define LL_RCC_PLLI2SM_DIV_18            (RCC_PLLI2SCFGR_PLLI2SM_4 | RCC_PLLI2SCFGR_PLLI2SM_1) /*!<
 979:board/stm32f401rct6/Drivers/STM32F4xx_HAL_Driver/Inc/stm32f4xx_ll_rcc.h **** #define LL_RCC_PLLI2SM_DIV_19            (RCC_PLLI2SCFGR_PLLI2SM_4 | RCC_PLLI2SCFGR_PLLI2SM_1 | RCC
 980:board/stm32f401rct6/Drivers/STM32F4xx_HAL_Driver/Inc/stm32f4xx_ll_rcc.h **** #define LL_RCC_PLLI2SM_DIV_20            (RCC_PLLI2SCFGR_PLLI2SM_4 | RCC_PLLI2SCFGR_PLLI2SM_2) /*!<
 981:board/stm32f401rct6/Drivers/STM32F4xx_HAL_Driver/Inc/stm32f4xx_ll_rcc.h **** #define LL_RCC_PLLI2SM_DIV_21            (RCC_PLLI2SCFGR_PLLI2SM_4 | RCC_PLLI2SCFGR_PLLI2SM_2 | RCC
 982:board/stm32f401rct6/Drivers/STM32F4xx_HAL_Driver/Inc/stm32f4xx_ll_rcc.h **** #define LL_RCC_PLLI2SM_DIV_22            (RCC_PLLI2SCFGR_PLLI2SM_4 | RCC_PLLI2SCFGR_PLLI2SM_2 | RCC
 983:board/stm32f401rct6/Drivers/STM32F4xx_HAL_Driver/Inc/stm32f4xx_ll_rcc.h **** #define LL_RCC_PLLI2SM_DIV_23            (RCC_PLLI2SCFGR_PLLI2SM_4 | RCC_PLLI2SCFGR_PLLI2SM_2 | RCC
 984:board/stm32f401rct6/Drivers/STM32F4xx_HAL_Driver/Inc/stm32f4xx_ll_rcc.h **** #define LL_RCC_PLLI2SM_DIV_24            (RCC_PLLI2SCFGR_PLLI2SM_4 | RCC_PLLI2SCFGR_PLLI2SM_3) /*!<
 985:board/stm32f401rct6/Drivers/STM32F4xx_HAL_Driver/Inc/stm32f4xx_ll_rcc.h **** #define LL_RCC_PLLI2SM_DIV_25            (RCC_PLLI2SCFGR_PLLI2SM_4 | RCC_PLLI2SCFGR_PLLI2SM_3 | RCC
 986:board/stm32f401rct6/Drivers/STM32F4xx_HAL_Driver/Inc/stm32f4xx_ll_rcc.h **** #define LL_RCC_PLLI2SM_DIV_26            (RCC_PLLI2SCFGR_PLLI2SM_4 | RCC_PLLI2SCFGR_PLLI2SM_3 | RCC
 987:board/stm32f401rct6/Drivers/STM32F4xx_HAL_Driver/Inc/stm32f4xx_ll_rcc.h **** #define LL_RCC_PLLI2SM_DIV_27            (RCC_PLLI2SCFGR_PLLI2SM_4 | RCC_PLLI2SCFGR_PLLI2SM_3 | RCC
 988:board/stm32f401rct6/Drivers/STM32F4xx_HAL_Driver/Inc/stm32f4xx_ll_rcc.h **** #define LL_RCC_PLLI2SM_DIV_28            (RCC_PLLI2SCFGR_PLLI2SM_4 | RCC_PLLI2SCFGR_PLLI2SM_3 | RCC
 989:board/stm32f401rct6/Drivers/STM32F4xx_HAL_Driver/Inc/stm32f4xx_ll_rcc.h **** #define LL_RCC_PLLI2SM_DIV_29            (RCC_PLLI2SCFGR_PLLI2SM_4 | RCC_PLLI2SCFGR_PLLI2SM_3 | RCC
 990:board/stm32f401rct6/Drivers/STM32F4xx_HAL_Driver/Inc/stm32f4xx_ll_rcc.h **** #define LL_RCC_PLLI2SM_DIV_30            (RCC_PLLI2SCFGR_PLLI2SM_4 | RCC_PLLI2SCFGR_PLLI2SM_3 | RCC
 991:board/stm32f401rct6/Drivers/STM32F4xx_HAL_Driver/Inc/stm32f4xx_ll_rcc.h **** #define LL_RCC_PLLI2SM_DIV_31            (RCC_PLLI2SCFGR_PLLI2SM_4 | RCC_PLLI2SCFGR_PLLI2SM_3 | RCC
 992:board/stm32f401rct6/Drivers/STM32F4xx_HAL_Driver/Inc/stm32f4xx_ll_rcc.h **** #define LL_RCC_PLLI2SM_DIV_32            (RCC_PLLI2SCFGR_PLLI2SM_5) /*!< PLLI2S division factor for
 993:board/stm32f401rct6/Drivers/STM32F4xx_HAL_Driver/Inc/stm32f4xx_ll_rcc.h **** #define LL_RCC_PLLI2SM_DIV_33            (RCC_PLLI2SCFGR_PLLI2SM_5 | RCC_PLLI2SCFGR_PLLI2SM_0) /*!<
 994:board/stm32f401rct6/Drivers/STM32F4xx_HAL_Driver/Inc/stm32f4xx_ll_rcc.h **** #define LL_RCC_PLLI2SM_DIV_34            (RCC_PLLI2SCFGR_PLLI2SM_5 | RCC_PLLI2SCFGR_PLLI2SM_1) /*!<
 995:board/stm32f401rct6/Drivers/STM32F4xx_HAL_Driver/Inc/stm32f4xx_ll_rcc.h **** #define LL_RCC_PLLI2SM_DIV_35            (RCC_PLLI2SCFGR_PLLI2SM_5 | RCC_PLLI2SCFGR_PLLI2SM_1 | RCC
 996:board/stm32f401rct6/Drivers/STM32F4xx_HAL_Driver/Inc/stm32f4xx_ll_rcc.h **** #define LL_RCC_PLLI2SM_DIV_36            (RCC_PLLI2SCFGR_PLLI2SM_5 | RCC_PLLI2SCFGR_PLLI2SM_2) /*!<
 997:board/stm32f401rct6/Drivers/STM32F4xx_HAL_Driver/Inc/stm32f4xx_ll_rcc.h **** #define LL_RCC_PLLI2SM_DIV_37            (RCC_PLLI2SCFGR_PLLI2SM_5 | RCC_PLLI2SCFGR_PLLI2SM_2 | RCC
 998:board/stm32f401rct6/Drivers/STM32F4xx_HAL_Driver/Inc/stm32f4xx_ll_rcc.h **** #define LL_RCC_PLLI2SM_DIV_38            (RCC_PLLI2SCFGR_PLLI2SM_5 | RCC_PLLI2SCFGR_PLLI2SM_2 | RCC
 999:board/stm32f401rct6/Drivers/STM32F4xx_HAL_Driver/Inc/stm32f4xx_ll_rcc.h **** #define LL_RCC_PLLI2SM_DIV_39            (RCC_PLLI2SCFGR_PLLI2SM_5 | RCC_PLLI2SCFGR_PLLI2SM_2 | RCC
1000:board/stm32f401rct6/Drivers/STM32F4xx_HAL_Driver/Inc/stm32f4xx_ll_rcc.h **** #define LL_RCC_PLLI2SM_DIV_40            (RCC_PLLI2SCFGR_PLLI2SM_5 | RCC_PLLI2SCFGR_PLLI2SM_3) /*!<
1001:board/stm32f401rct6/Drivers/STM32F4xx_HAL_Driver/Inc/stm32f4xx_ll_rcc.h **** #define LL_RCC_PLLI2SM_DIV_41            (RCC_PLLI2SCFGR_PLLI2SM_5 | RCC_PLLI2SCFGR_PLLI2SM_3 | RCC
1002:board/stm32f401rct6/Drivers/STM32F4xx_HAL_Driver/Inc/stm32f4xx_ll_rcc.h **** #define LL_RCC_PLLI2SM_DIV_42            (RCC_PLLI2SCFGR_PLLI2SM_5 | RCC_PLLI2SCFGR_PLLI2SM_3 | RCC
1003:board/stm32f401rct6/Drivers/STM32F4xx_HAL_Driver/Inc/stm32f4xx_ll_rcc.h **** #define LL_RCC_PLLI2SM_DIV_43            (RCC_PLLI2SCFGR_PLLI2SM_5 | RCC_PLLI2SCFGR_PLLI2SM_3 | RCC
1004:board/stm32f401rct6/Drivers/STM32F4xx_HAL_Driver/Inc/stm32f4xx_ll_rcc.h **** #define LL_RCC_PLLI2SM_DIV_44            (RCC_PLLI2SCFGR_PLLI2SM_5 | RCC_PLLI2SCFGR_PLLI2SM_3 | RCC
1005:board/stm32f401rct6/Drivers/STM32F4xx_HAL_Driver/Inc/stm32f4xx_ll_rcc.h **** #define LL_RCC_PLLI2SM_DIV_45            (RCC_PLLI2SCFGR_PLLI2SM_5 | RCC_PLLI2SCFGR_PLLI2SM_3 | RCC
1006:board/stm32f401rct6/Drivers/STM32F4xx_HAL_Driver/Inc/stm32f4xx_ll_rcc.h **** #define LL_RCC_PLLI2SM_DIV_46            (RCC_PLLI2SCFGR_PLLI2SM_5 | RCC_PLLI2SCFGR_PLLI2SM_3 | RCC
1007:board/stm32f401rct6/Drivers/STM32F4xx_HAL_Driver/Inc/stm32f4xx_ll_rcc.h **** #define LL_RCC_PLLI2SM_DIV_47            (RCC_PLLI2SCFGR_PLLI2SM_5 | RCC_PLLI2SCFGR_PLLI2SM_3 | RCC
1008:board/stm32f401rct6/Drivers/STM32F4xx_HAL_Driver/Inc/stm32f4xx_ll_rcc.h **** #define LL_RCC_PLLI2SM_DIV_48            (RCC_PLLI2SCFGR_PLLI2SM_5 | RCC_PLLI2SCFGR_PLLI2SM_4) /*!<
1009:board/stm32f401rct6/Drivers/STM32F4xx_HAL_Driver/Inc/stm32f4xx_ll_rcc.h **** #define LL_RCC_PLLI2SM_DIV_49            (RCC_PLLI2SCFGR_PLLI2SM_5 | RCC_PLLI2SCFGR_PLLI2SM_4 | RCC
1010:board/stm32f401rct6/Drivers/STM32F4xx_HAL_Driver/Inc/stm32f4xx_ll_rcc.h **** #define LL_RCC_PLLI2SM_DIV_50            (RCC_PLLI2SCFGR_PLLI2SM_5 | RCC_PLLI2SCFGR_PLLI2SM_4 | RCC
1011:board/stm32f401rct6/Drivers/STM32F4xx_HAL_Driver/Inc/stm32f4xx_ll_rcc.h **** #define LL_RCC_PLLI2SM_DIV_51            (RCC_PLLI2SCFGR_PLLI2SM_5 | RCC_PLLI2SCFGR_PLLI2SM_4 | RCC
1012:board/stm32f401rct6/Drivers/STM32F4xx_HAL_Driver/Inc/stm32f4xx_ll_rcc.h **** #define LL_RCC_PLLI2SM_DIV_52            (RCC_PLLI2SCFGR_PLLI2SM_5 | RCC_PLLI2SCFGR_PLLI2SM_4 | RCC
1013:board/stm32f401rct6/Drivers/STM32F4xx_HAL_Driver/Inc/stm32f4xx_ll_rcc.h **** #define LL_RCC_PLLI2SM_DIV_53            (RCC_PLLI2SCFGR_PLLI2SM_5 | RCC_PLLI2SCFGR_PLLI2SM_4 | RCC
1014:board/stm32f401rct6/Drivers/STM32F4xx_HAL_Driver/Inc/stm32f4xx_ll_rcc.h **** #define LL_RCC_PLLI2SM_DIV_54            (RCC_PLLI2SCFGR_PLLI2SM_5 | RCC_PLLI2SCFGR_PLLI2SM_4 | RCC
1015:board/stm32f401rct6/Drivers/STM32F4xx_HAL_Driver/Inc/stm32f4xx_ll_rcc.h **** #define LL_RCC_PLLI2SM_DIV_55            (RCC_PLLI2SCFGR_PLLI2SM_5 | RCC_PLLI2SCFGR_PLLI2SM_4 | RCC
1016:board/stm32f401rct6/Drivers/STM32F4xx_HAL_Driver/Inc/stm32f4xx_ll_rcc.h **** #define LL_RCC_PLLI2SM_DIV_56            (RCC_PLLI2SCFGR_PLLI2SM_5 | RCC_PLLI2SCFGR_PLLI2SM_4 | RCC
1017:board/stm32f401rct6/Drivers/STM32F4xx_HAL_Driver/Inc/stm32f4xx_ll_rcc.h **** #define LL_RCC_PLLI2SM_DIV_57            (RCC_PLLI2SCFGR_PLLI2SM_5 | RCC_PLLI2SCFGR_PLLI2SM_4 | RCC
1018:board/stm32f401rct6/Drivers/STM32F4xx_HAL_Driver/Inc/stm32f4xx_ll_rcc.h **** #define LL_RCC_PLLI2SM_DIV_58            (RCC_PLLI2SCFGR_PLLI2SM_5 | RCC_PLLI2SCFGR_PLLI2SM_4 | RCC
1019:board/stm32f401rct6/Drivers/STM32F4xx_HAL_Driver/Inc/stm32f4xx_ll_rcc.h **** #define LL_RCC_PLLI2SM_DIV_59            (RCC_PLLI2SCFGR_PLLI2SM_5 | RCC_PLLI2SCFGR_PLLI2SM_4 | RCC
1020:board/stm32f401rct6/Drivers/STM32F4xx_HAL_Driver/Inc/stm32f4xx_ll_rcc.h **** #define LL_RCC_PLLI2SM_DIV_60            (RCC_PLLI2SCFGR_PLLI2SM_5 | RCC_PLLI2SCFGR_PLLI2SM_4 | RCC
1021:board/stm32f401rct6/Drivers/STM32F4xx_HAL_Driver/Inc/stm32f4xx_ll_rcc.h **** #define LL_RCC_PLLI2SM_DIV_61            (RCC_PLLI2SCFGR_PLLI2SM_5 | RCC_PLLI2SCFGR_PLLI2SM_4 | RCC
1022:board/stm32f401rct6/Drivers/STM32F4xx_HAL_Driver/Inc/stm32f4xx_ll_rcc.h **** #define LL_RCC_PLLI2SM_DIV_62            (RCC_PLLI2SCFGR_PLLI2SM_5 | RCC_PLLI2SCFGR_PLLI2SM_4 | RCC
1023:board/stm32f401rct6/Drivers/STM32F4xx_HAL_Driver/Inc/stm32f4xx_ll_rcc.h **** #define LL_RCC_PLLI2SM_DIV_63            (RCC_PLLI2SCFGR_PLLI2SM_5 | RCC_PLLI2SCFGR_PLLI2SM_4 | RCC
1024:board/stm32f401rct6/Drivers/STM32F4xx_HAL_Driver/Inc/stm32f4xx_ll_rcc.h **** #else
1025:board/stm32f401rct6/Drivers/STM32F4xx_HAL_Driver/Inc/stm32f4xx_ll_rcc.h **** #define LL_RCC_PLLI2SM_DIV_2              LL_RCC_PLLM_DIV_2      /*!< PLLI2S division factor for PL
ARM GAS  C:\Users\Admin\AppData\Local\Temp\ccHMtLfr.s 			page 23


1026:board/stm32f401rct6/Drivers/STM32F4xx_HAL_Driver/Inc/stm32f4xx_ll_rcc.h **** #define LL_RCC_PLLI2SM_DIV_3              LL_RCC_PLLM_DIV_3      /*!< PLLI2S division factor for PL
1027:board/stm32f401rct6/Drivers/STM32F4xx_HAL_Driver/Inc/stm32f4xx_ll_rcc.h **** #define LL_RCC_PLLI2SM_DIV_4              LL_RCC_PLLM_DIV_4      /*!< PLLI2S division factor for PL
1028:board/stm32f401rct6/Drivers/STM32F4xx_HAL_Driver/Inc/stm32f4xx_ll_rcc.h **** #define LL_RCC_PLLI2SM_DIV_5              LL_RCC_PLLM_DIV_5      /*!< PLLI2S division factor for PL
1029:board/stm32f401rct6/Drivers/STM32F4xx_HAL_Driver/Inc/stm32f4xx_ll_rcc.h **** #define LL_RCC_PLLI2SM_DIV_6              LL_RCC_PLLM_DIV_6      /*!< PLLI2S division factor for PL
1030:board/stm32f401rct6/Drivers/STM32F4xx_HAL_Driver/Inc/stm32f4xx_ll_rcc.h **** #define LL_RCC_PLLI2SM_DIV_7              LL_RCC_PLLM_DIV_7      /*!< PLLI2S division factor for PL
1031:board/stm32f401rct6/Drivers/STM32F4xx_HAL_Driver/Inc/stm32f4xx_ll_rcc.h **** #define LL_RCC_PLLI2SM_DIV_8              LL_RCC_PLLM_DIV_8      /*!< PLLI2S division factor for PL
1032:board/stm32f401rct6/Drivers/STM32F4xx_HAL_Driver/Inc/stm32f4xx_ll_rcc.h **** #define LL_RCC_PLLI2SM_DIV_9              LL_RCC_PLLM_DIV_9      /*!< PLLI2S division factor for PL
1033:board/stm32f401rct6/Drivers/STM32F4xx_HAL_Driver/Inc/stm32f4xx_ll_rcc.h **** #define LL_RCC_PLLI2SM_DIV_10             LL_RCC_PLLM_DIV_10     /*!< PLLI2S division factor for PL
1034:board/stm32f401rct6/Drivers/STM32F4xx_HAL_Driver/Inc/stm32f4xx_ll_rcc.h **** #define LL_RCC_PLLI2SM_DIV_11             LL_RCC_PLLM_DIV_11     /*!< PLLI2S division factor for PL
1035:board/stm32f401rct6/Drivers/STM32F4xx_HAL_Driver/Inc/stm32f4xx_ll_rcc.h **** #define LL_RCC_PLLI2SM_DIV_12             LL_RCC_PLLM_DIV_12     /*!< PLLI2S division factor for PL
1036:board/stm32f401rct6/Drivers/STM32F4xx_HAL_Driver/Inc/stm32f4xx_ll_rcc.h **** #define LL_RCC_PLLI2SM_DIV_13             LL_RCC_PLLM_DIV_13     /*!< PLLI2S division factor for PL
1037:board/stm32f401rct6/Drivers/STM32F4xx_HAL_Driver/Inc/stm32f4xx_ll_rcc.h **** #define LL_RCC_PLLI2SM_DIV_14             LL_RCC_PLLM_DIV_14     /*!< PLLI2S division factor for PL
1038:board/stm32f401rct6/Drivers/STM32F4xx_HAL_Driver/Inc/stm32f4xx_ll_rcc.h **** #define LL_RCC_PLLI2SM_DIV_15             LL_RCC_PLLM_DIV_15     /*!< PLLI2S division factor for PL
1039:board/stm32f401rct6/Drivers/STM32F4xx_HAL_Driver/Inc/stm32f4xx_ll_rcc.h **** #define LL_RCC_PLLI2SM_DIV_16             LL_RCC_PLLM_DIV_16     /*!< PLLI2S division factor for PL
1040:board/stm32f401rct6/Drivers/STM32F4xx_HAL_Driver/Inc/stm32f4xx_ll_rcc.h **** #define LL_RCC_PLLI2SM_DIV_17             LL_RCC_PLLM_DIV_17     /*!< PLLI2S division factor for PL
1041:board/stm32f401rct6/Drivers/STM32F4xx_HAL_Driver/Inc/stm32f4xx_ll_rcc.h **** #define LL_RCC_PLLI2SM_DIV_18             LL_RCC_PLLM_DIV_18     /*!< PLLI2S division factor for PL
1042:board/stm32f401rct6/Drivers/STM32F4xx_HAL_Driver/Inc/stm32f4xx_ll_rcc.h **** #define LL_RCC_PLLI2SM_DIV_19             LL_RCC_PLLM_DIV_19     /*!< PLLI2S division factor for PL
1043:board/stm32f401rct6/Drivers/STM32F4xx_HAL_Driver/Inc/stm32f4xx_ll_rcc.h **** #define LL_RCC_PLLI2SM_DIV_20             LL_RCC_PLLM_DIV_20     /*!< PLLI2S division factor for PL
1044:board/stm32f401rct6/Drivers/STM32F4xx_HAL_Driver/Inc/stm32f4xx_ll_rcc.h **** #define LL_RCC_PLLI2SM_DIV_21             LL_RCC_PLLM_DIV_21     /*!< PLLI2S division factor for PL
1045:board/stm32f401rct6/Drivers/STM32F4xx_HAL_Driver/Inc/stm32f4xx_ll_rcc.h **** #define LL_RCC_PLLI2SM_DIV_22             LL_RCC_PLLM_DIV_22     /*!< PLLI2S division factor for PL
1046:board/stm32f401rct6/Drivers/STM32F4xx_HAL_Driver/Inc/stm32f4xx_ll_rcc.h **** #define LL_RCC_PLLI2SM_DIV_23             LL_RCC_PLLM_DIV_23     /*!< PLLI2S division factor for PL
1047:board/stm32f401rct6/Drivers/STM32F4xx_HAL_Driver/Inc/stm32f4xx_ll_rcc.h **** #define LL_RCC_PLLI2SM_DIV_24             LL_RCC_PLLM_DIV_24     /*!< PLLI2S division factor for PL
1048:board/stm32f401rct6/Drivers/STM32F4xx_HAL_Driver/Inc/stm32f4xx_ll_rcc.h **** #define LL_RCC_PLLI2SM_DIV_25             LL_RCC_PLLM_DIV_25     /*!< PLLI2S division factor for PL
1049:board/stm32f401rct6/Drivers/STM32F4xx_HAL_Driver/Inc/stm32f4xx_ll_rcc.h **** #define LL_RCC_PLLI2SM_DIV_26             LL_RCC_PLLM_DIV_26     /*!< PLLI2S division factor for PL
1050:board/stm32f401rct6/Drivers/STM32F4xx_HAL_Driver/Inc/stm32f4xx_ll_rcc.h **** #define LL_RCC_PLLI2SM_DIV_27             LL_RCC_PLLM_DIV_27     /*!< PLLI2S division factor for PL
1051:board/stm32f401rct6/Drivers/STM32F4xx_HAL_Driver/Inc/stm32f4xx_ll_rcc.h **** #define LL_RCC_PLLI2SM_DIV_28             LL_RCC_PLLM_DIV_28     /*!< PLLI2S division factor for PL
1052:board/stm32f401rct6/Drivers/STM32F4xx_HAL_Driver/Inc/stm32f4xx_ll_rcc.h **** #define LL_RCC_PLLI2SM_DIV_29             LL_RCC_PLLM_DIV_29     /*!< PLLI2S division factor for PL
1053:board/stm32f401rct6/Drivers/STM32F4xx_HAL_Driver/Inc/stm32f4xx_ll_rcc.h **** #define LL_RCC_PLLI2SM_DIV_30             LL_RCC_PLLM_DIV_30     /*!< PLLI2S division factor for PL
1054:board/stm32f401rct6/Drivers/STM32F4xx_HAL_Driver/Inc/stm32f4xx_ll_rcc.h **** #define LL_RCC_PLLI2SM_DIV_31             LL_RCC_PLLM_DIV_31     /*!< PLLI2S division factor for PL
1055:board/stm32f401rct6/Drivers/STM32F4xx_HAL_Driver/Inc/stm32f4xx_ll_rcc.h **** #define LL_RCC_PLLI2SM_DIV_32             LL_RCC_PLLM_DIV_32     /*!< PLLI2S division factor for PL
1056:board/stm32f401rct6/Drivers/STM32F4xx_HAL_Driver/Inc/stm32f4xx_ll_rcc.h **** #define LL_RCC_PLLI2SM_DIV_33             LL_RCC_PLLM_DIV_33     /*!< PLLI2S division factor for PL
1057:board/stm32f401rct6/Drivers/STM32F4xx_HAL_Driver/Inc/stm32f4xx_ll_rcc.h **** #define LL_RCC_PLLI2SM_DIV_34             LL_RCC_PLLM_DIV_34     /*!< PLLI2S division factor for PL
1058:board/stm32f401rct6/Drivers/STM32F4xx_HAL_Driver/Inc/stm32f4xx_ll_rcc.h **** #define LL_RCC_PLLI2SM_DIV_35             LL_RCC_PLLM_DIV_35     /*!< PLLI2S division factor for PL
1059:board/stm32f401rct6/Drivers/STM32F4xx_HAL_Driver/Inc/stm32f4xx_ll_rcc.h **** #define LL_RCC_PLLI2SM_DIV_36             LL_RCC_PLLM_DIV_36     /*!< PLLI2S division factor for PL
1060:board/stm32f401rct6/Drivers/STM32F4xx_HAL_Driver/Inc/stm32f4xx_ll_rcc.h **** #define LL_RCC_PLLI2SM_DIV_37             LL_RCC_PLLM_DIV_37     /*!< PLLI2S division factor for PL
1061:board/stm32f401rct6/Drivers/STM32F4xx_HAL_Driver/Inc/stm32f4xx_ll_rcc.h **** #define LL_RCC_PLLI2SM_DIV_38             LL_RCC_PLLM_DIV_38     /*!< PLLI2S division factor for PL
1062:board/stm32f401rct6/Drivers/STM32F4xx_HAL_Driver/Inc/stm32f4xx_ll_rcc.h **** #define LL_RCC_PLLI2SM_DIV_39             LL_RCC_PLLM_DIV_39     /*!< PLLI2S division factor for PL
1063:board/stm32f401rct6/Drivers/STM32F4xx_HAL_Driver/Inc/stm32f4xx_ll_rcc.h **** #define LL_RCC_PLLI2SM_DIV_40             LL_RCC_PLLM_DIV_40     /*!< PLLI2S division factor for PL
1064:board/stm32f401rct6/Drivers/STM32F4xx_HAL_Driver/Inc/stm32f4xx_ll_rcc.h **** #define LL_RCC_PLLI2SM_DIV_41             LL_RCC_PLLM_DIV_41     /*!< PLLI2S division factor for PL
1065:board/stm32f401rct6/Drivers/STM32F4xx_HAL_Driver/Inc/stm32f4xx_ll_rcc.h **** #define LL_RCC_PLLI2SM_DIV_42             LL_RCC_PLLM_DIV_42     /*!< PLLI2S division factor for PL
1066:board/stm32f401rct6/Drivers/STM32F4xx_HAL_Driver/Inc/stm32f4xx_ll_rcc.h **** #define LL_RCC_PLLI2SM_DIV_43             LL_RCC_PLLM_DIV_43     /*!< PLLI2S division factor for PL
1067:board/stm32f401rct6/Drivers/STM32F4xx_HAL_Driver/Inc/stm32f4xx_ll_rcc.h **** #define LL_RCC_PLLI2SM_DIV_44             LL_RCC_PLLM_DIV_44     /*!< PLLI2S division factor for PL
1068:board/stm32f401rct6/Drivers/STM32F4xx_HAL_Driver/Inc/stm32f4xx_ll_rcc.h **** #define LL_RCC_PLLI2SM_DIV_45             LL_RCC_PLLM_DIV_45     /*!< PLLI2S division factor for PL
1069:board/stm32f401rct6/Drivers/STM32F4xx_HAL_Driver/Inc/stm32f4xx_ll_rcc.h **** #define LL_RCC_PLLI2SM_DIV_46             LL_RCC_PLLM_DIV_46     /*!< PLLI2S division factor for PL
1070:board/stm32f401rct6/Drivers/STM32F4xx_HAL_Driver/Inc/stm32f4xx_ll_rcc.h **** #define LL_RCC_PLLI2SM_DIV_47             LL_RCC_PLLM_DIV_47     /*!< PLLI2S division factor for PL
1071:board/stm32f401rct6/Drivers/STM32F4xx_HAL_Driver/Inc/stm32f4xx_ll_rcc.h **** #define LL_RCC_PLLI2SM_DIV_48             LL_RCC_PLLM_DIV_48     /*!< PLLI2S division factor for PL
1072:board/stm32f401rct6/Drivers/STM32F4xx_HAL_Driver/Inc/stm32f4xx_ll_rcc.h **** #define LL_RCC_PLLI2SM_DIV_49             LL_RCC_PLLM_DIV_49     /*!< PLLI2S division factor for PL
1073:board/stm32f401rct6/Drivers/STM32F4xx_HAL_Driver/Inc/stm32f4xx_ll_rcc.h **** #define LL_RCC_PLLI2SM_DIV_50             LL_RCC_PLLM_DIV_50     /*!< PLLI2S division factor for PL
1074:board/stm32f401rct6/Drivers/STM32F4xx_HAL_Driver/Inc/stm32f4xx_ll_rcc.h **** #define LL_RCC_PLLI2SM_DIV_51             LL_RCC_PLLM_DIV_51     /*!< PLLI2S division factor for PL
1075:board/stm32f401rct6/Drivers/STM32F4xx_HAL_Driver/Inc/stm32f4xx_ll_rcc.h **** #define LL_RCC_PLLI2SM_DIV_52             LL_RCC_PLLM_DIV_52     /*!< PLLI2S division factor for PL
1076:board/stm32f401rct6/Drivers/STM32F4xx_HAL_Driver/Inc/stm32f4xx_ll_rcc.h **** #define LL_RCC_PLLI2SM_DIV_53             LL_RCC_PLLM_DIV_53     /*!< PLLI2S division factor for PL
1077:board/stm32f401rct6/Drivers/STM32F4xx_HAL_Driver/Inc/stm32f4xx_ll_rcc.h **** #define LL_RCC_PLLI2SM_DIV_54             LL_RCC_PLLM_DIV_54     /*!< PLLI2S division factor for PL
1078:board/stm32f401rct6/Drivers/STM32F4xx_HAL_Driver/Inc/stm32f4xx_ll_rcc.h **** #define LL_RCC_PLLI2SM_DIV_55             LL_RCC_PLLM_DIV_55     /*!< PLLI2S division factor for PL
1079:board/stm32f401rct6/Drivers/STM32F4xx_HAL_Driver/Inc/stm32f4xx_ll_rcc.h **** #define LL_RCC_PLLI2SM_DIV_56             LL_RCC_PLLM_DIV_56     /*!< PLLI2S division factor for PL
1080:board/stm32f401rct6/Drivers/STM32F4xx_HAL_Driver/Inc/stm32f4xx_ll_rcc.h **** #define LL_RCC_PLLI2SM_DIV_57             LL_RCC_PLLM_DIV_57     /*!< PLLI2S division factor for PL
1081:board/stm32f401rct6/Drivers/STM32F4xx_HAL_Driver/Inc/stm32f4xx_ll_rcc.h **** #define LL_RCC_PLLI2SM_DIV_58             LL_RCC_PLLM_DIV_58     /*!< PLLI2S division factor for PL
1082:board/stm32f401rct6/Drivers/STM32F4xx_HAL_Driver/Inc/stm32f4xx_ll_rcc.h **** #define LL_RCC_PLLI2SM_DIV_59             LL_RCC_PLLM_DIV_59     /*!< PLLI2S division factor for PL
ARM GAS  C:\Users\Admin\AppData\Local\Temp\ccHMtLfr.s 			page 24


1083:board/stm32f401rct6/Drivers/STM32F4xx_HAL_Driver/Inc/stm32f4xx_ll_rcc.h **** #define LL_RCC_PLLI2SM_DIV_60             LL_RCC_PLLM_DIV_60     /*!< PLLI2S division factor for PL
1084:board/stm32f401rct6/Drivers/STM32F4xx_HAL_Driver/Inc/stm32f4xx_ll_rcc.h **** #define LL_RCC_PLLI2SM_DIV_61             LL_RCC_PLLM_DIV_61     /*!< PLLI2S division factor for PL
1085:board/stm32f401rct6/Drivers/STM32F4xx_HAL_Driver/Inc/stm32f4xx_ll_rcc.h **** #define LL_RCC_PLLI2SM_DIV_62             LL_RCC_PLLM_DIV_62     /*!< PLLI2S division factor for PL
1086:board/stm32f401rct6/Drivers/STM32F4xx_HAL_Driver/Inc/stm32f4xx_ll_rcc.h **** #define LL_RCC_PLLI2SM_DIV_63             LL_RCC_PLLM_DIV_63     /*!< PLLI2S division factor for PL
1087:board/stm32f401rct6/Drivers/STM32F4xx_HAL_Driver/Inc/stm32f4xx_ll_rcc.h **** #endif /* RCC_PLLI2SCFGR_PLLI2SM */
1088:board/stm32f401rct6/Drivers/STM32F4xx_HAL_Driver/Inc/stm32f4xx_ll_rcc.h **** /**
1089:board/stm32f401rct6/Drivers/STM32F4xx_HAL_Driver/Inc/stm32f4xx_ll_rcc.h ****   * @}
1090:board/stm32f401rct6/Drivers/STM32F4xx_HAL_Driver/Inc/stm32f4xx_ll_rcc.h ****   */
1091:board/stm32f401rct6/Drivers/STM32F4xx_HAL_Driver/Inc/stm32f4xx_ll_rcc.h **** 
1092:board/stm32f401rct6/Drivers/STM32F4xx_HAL_Driver/Inc/stm32f4xx_ll_rcc.h **** #if defined(RCC_PLLI2SCFGR_PLLI2SQ)
1093:board/stm32f401rct6/Drivers/STM32F4xx_HAL_Driver/Inc/stm32f4xx_ll_rcc.h **** /** @defgroup RCC_LL_EC_PLLI2SQ  PLLI2SQ division factor (PLLI2SQ)
1094:board/stm32f401rct6/Drivers/STM32F4xx_HAL_Driver/Inc/stm32f4xx_ll_rcc.h ****   * @{
1095:board/stm32f401rct6/Drivers/STM32F4xx_HAL_Driver/Inc/stm32f4xx_ll_rcc.h ****   */
1096:board/stm32f401rct6/Drivers/STM32F4xx_HAL_Driver/Inc/stm32f4xx_ll_rcc.h **** #define LL_RCC_PLLI2SQ_DIV_2              RCC_PLLI2SCFGR_PLLI2SQ_1        /*!< PLLI2S division fact
1097:board/stm32f401rct6/Drivers/STM32F4xx_HAL_Driver/Inc/stm32f4xx_ll_rcc.h **** #define LL_RCC_PLLI2SQ_DIV_3              (RCC_PLLI2SCFGR_PLLI2SQ_1 | RCC_PLLI2SCFGR_PLLI2SQ_0)    
1098:board/stm32f401rct6/Drivers/STM32F4xx_HAL_Driver/Inc/stm32f4xx_ll_rcc.h **** #define LL_RCC_PLLI2SQ_DIV_4              RCC_PLLI2SCFGR_PLLI2SQ_2        /*!< PLLI2S division fact
1099:board/stm32f401rct6/Drivers/STM32F4xx_HAL_Driver/Inc/stm32f4xx_ll_rcc.h **** #define LL_RCC_PLLI2SQ_DIV_5              (RCC_PLLI2SCFGR_PLLI2SQ_2 | RCC_PLLI2SCFGR_PLLI2SQ_0)    
1100:board/stm32f401rct6/Drivers/STM32F4xx_HAL_Driver/Inc/stm32f4xx_ll_rcc.h **** #define LL_RCC_PLLI2SQ_DIV_6              (RCC_PLLI2SCFGR_PLLI2SQ_2 | RCC_PLLI2SCFGR_PLLI2SQ_1)    
1101:board/stm32f401rct6/Drivers/STM32F4xx_HAL_Driver/Inc/stm32f4xx_ll_rcc.h **** #define LL_RCC_PLLI2SQ_DIV_7              (RCC_PLLI2SCFGR_PLLI2SQ_2 | RCC_PLLI2SCFGR_PLLI2SQ_1 | RC
1102:board/stm32f401rct6/Drivers/STM32F4xx_HAL_Driver/Inc/stm32f4xx_ll_rcc.h **** #define LL_RCC_PLLI2SQ_DIV_8              RCC_PLLI2SCFGR_PLLI2SQ_3        /*!< PLLI2S division fact
1103:board/stm32f401rct6/Drivers/STM32F4xx_HAL_Driver/Inc/stm32f4xx_ll_rcc.h **** #define LL_RCC_PLLI2SQ_DIV_9              (RCC_PLLI2SCFGR_PLLI2SQ_3 | RCC_PLLI2SCFGR_PLLI2SQ_0)    
1104:board/stm32f401rct6/Drivers/STM32F4xx_HAL_Driver/Inc/stm32f4xx_ll_rcc.h **** #define LL_RCC_PLLI2SQ_DIV_10             (RCC_PLLI2SCFGR_PLLI2SQ_3 | RCC_PLLI2SCFGR_PLLI2SQ_1)    
1105:board/stm32f401rct6/Drivers/STM32F4xx_HAL_Driver/Inc/stm32f4xx_ll_rcc.h **** #define LL_RCC_PLLI2SQ_DIV_11             (RCC_PLLI2SCFGR_PLLI2SQ_3 | RCC_PLLI2SCFGR_PLLI2SQ_1 | RC
1106:board/stm32f401rct6/Drivers/STM32F4xx_HAL_Driver/Inc/stm32f4xx_ll_rcc.h **** #define LL_RCC_PLLI2SQ_DIV_12             (RCC_PLLI2SCFGR_PLLI2SQ_3 | RCC_PLLI2SCFGR_PLLI2SQ_2)    
1107:board/stm32f401rct6/Drivers/STM32F4xx_HAL_Driver/Inc/stm32f4xx_ll_rcc.h **** #define LL_RCC_PLLI2SQ_DIV_13             (RCC_PLLI2SCFGR_PLLI2SQ_3 | RCC_PLLI2SCFGR_PLLI2SQ_2 | RC
1108:board/stm32f401rct6/Drivers/STM32F4xx_HAL_Driver/Inc/stm32f4xx_ll_rcc.h **** #define LL_RCC_PLLI2SQ_DIV_14             (RCC_PLLI2SCFGR_PLLI2SQ_3 | RCC_PLLI2SCFGR_PLLI2SQ_2 | RC
1109:board/stm32f401rct6/Drivers/STM32F4xx_HAL_Driver/Inc/stm32f4xx_ll_rcc.h **** #define LL_RCC_PLLI2SQ_DIV_15             (RCC_PLLI2SCFGR_PLLI2SQ_3 | RCC_PLLI2SCFGR_PLLI2SQ_2 | RC
1110:board/stm32f401rct6/Drivers/STM32F4xx_HAL_Driver/Inc/stm32f4xx_ll_rcc.h **** /**
1111:board/stm32f401rct6/Drivers/STM32F4xx_HAL_Driver/Inc/stm32f4xx_ll_rcc.h ****   * @}
1112:board/stm32f401rct6/Drivers/STM32F4xx_HAL_Driver/Inc/stm32f4xx_ll_rcc.h ****   */
1113:board/stm32f401rct6/Drivers/STM32F4xx_HAL_Driver/Inc/stm32f4xx_ll_rcc.h **** #endif /* RCC_PLLI2SCFGR_PLLI2SQ */
1114:board/stm32f401rct6/Drivers/STM32F4xx_HAL_Driver/Inc/stm32f4xx_ll_rcc.h **** 
1115:board/stm32f401rct6/Drivers/STM32F4xx_HAL_Driver/Inc/stm32f4xx_ll_rcc.h **** #if defined(RCC_DCKCFGR_PLLI2SDIVQ)
1116:board/stm32f401rct6/Drivers/STM32F4xx_HAL_Driver/Inc/stm32f4xx_ll_rcc.h **** /** @defgroup RCC_LL_EC_PLLI2SDIVQ  PLLI2SDIVQ division factor (PLLI2SDIVQ)
1117:board/stm32f401rct6/Drivers/STM32F4xx_HAL_Driver/Inc/stm32f4xx_ll_rcc.h ****   * @{
1118:board/stm32f401rct6/Drivers/STM32F4xx_HAL_Driver/Inc/stm32f4xx_ll_rcc.h ****   */
1119:board/stm32f401rct6/Drivers/STM32F4xx_HAL_Driver/Inc/stm32f4xx_ll_rcc.h **** #define LL_RCC_PLLI2SDIVQ_DIV_1           0x00000000U                        /*!< PLLI2S division f
1120:board/stm32f401rct6/Drivers/STM32F4xx_HAL_Driver/Inc/stm32f4xx_ll_rcc.h **** #define LL_RCC_PLLI2SDIVQ_DIV_2           RCC_DCKCFGR_PLLI2SDIVQ_0          /*!< PLLI2S division fa
1121:board/stm32f401rct6/Drivers/STM32F4xx_HAL_Driver/Inc/stm32f4xx_ll_rcc.h **** #define LL_RCC_PLLI2SDIVQ_DIV_3           RCC_DCKCFGR_PLLI2SDIVQ_1          /*!< PLLI2S division fa
1122:board/stm32f401rct6/Drivers/STM32F4xx_HAL_Driver/Inc/stm32f4xx_ll_rcc.h **** #define LL_RCC_PLLI2SDIVQ_DIV_4           (RCC_DCKCFGR_PLLI2SDIVQ_1 | RCC_DCKCFGR_PLLI2SDIVQ_0)    
1123:board/stm32f401rct6/Drivers/STM32F4xx_HAL_Driver/Inc/stm32f4xx_ll_rcc.h **** #define LL_RCC_PLLI2SDIVQ_DIV_5           RCC_DCKCFGR_PLLI2SDIVQ_2          /*!< PLLI2S division fa
1124:board/stm32f401rct6/Drivers/STM32F4xx_HAL_Driver/Inc/stm32f4xx_ll_rcc.h **** #define LL_RCC_PLLI2SDIVQ_DIV_6           (RCC_DCKCFGR_PLLI2SDIVQ_2 | RCC_DCKCFGR_PLLI2SDIVQ_0)    
1125:board/stm32f401rct6/Drivers/STM32F4xx_HAL_Driver/Inc/stm32f4xx_ll_rcc.h **** #define LL_RCC_PLLI2SDIVQ_DIV_7           (RCC_DCKCFGR_PLLI2SDIVQ_2 | RCC_DCKCFGR_PLLI2SDIVQ_1)    
1126:board/stm32f401rct6/Drivers/STM32F4xx_HAL_Driver/Inc/stm32f4xx_ll_rcc.h **** #define LL_RCC_PLLI2SDIVQ_DIV_8           (RCC_DCKCFGR_PLLI2SDIVQ_2 | RCC_DCKCFGR_PLLI2SDIVQ_1 | RC
1127:board/stm32f401rct6/Drivers/STM32F4xx_HAL_Driver/Inc/stm32f4xx_ll_rcc.h **** #define LL_RCC_PLLI2SDIVQ_DIV_9           RCC_DCKCFGR_PLLI2SDIVQ_3          /*!< PLLI2S division fa
1128:board/stm32f401rct6/Drivers/STM32F4xx_HAL_Driver/Inc/stm32f4xx_ll_rcc.h **** #define LL_RCC_PLLI2SDIVQ_DIV_10          (RCC_DCKCFGR_PLLI2SDIVQ_3 | RCC_DCKCFGR_PLLI2SDIVQ_0)    
1129:board/stm32f401rct6/Drivers/STM32F4xx_HAL_Driver/Inc/stm32f4xx_ll_rcc.h **** #define LL_RCC_PLLI2SDIVQ_DIV_11          (RCC_DCKCFGR_PLLI2SDIVQ_3 | RCC_DCKCFGR_PLLI2SDIVQ_1)    
1130:board/stm32f401rct6/Drivers/STM32F4xx_HAL_Driver/Inc/stm32f4xx_ll_rcc.h **** #define LL_RCC_PLLI2SDIVQ_DIV_12          (RCC_DCKCFGR_PLLI2SDIVQ_3 | RCC_DCKCFGR_PLLI2SDIVQ_1 | RC
1131:board/stm32f401rct6/Drivers/STM32F4xx_HAL_Driver/Inc/stm32f4xx_ll_rcc.h **** #define LL_RCC_PLLI2SDIVQ_DIV_13          (RCC_DCKCFGR_PLLI2SDIVQ_3 | RCC_DCKCFGR_PLLI2SDIVQ_2)    
1132:board/stm32f401rct6/Drivers/STM32F4xx_HAL_Driver/Inc/stm32f4xx_ll_rcc.h **** #define LL_RCC_PLLI2SDIVQ_DIV_14          (RCC_DCKCFGR_PLLI2SDIVQ_3 | RCC_DCKCFGR_PLLI2SDIVQ_2 | RC
1133:board/stm32f401rct6/Drivers/STM32F4xx_HAL_Driver/Inc/stm32f4xx_ll_rcc.h **** #define LL_RCC_PLLI2SDIVQ_DIV_15          (RCC_DCKCFGR_PLLI2SDIVQ_3 | RCC_DCKCFGR_PLLI2SDIVQ_2 | RC
1134:board/stm32f401rct6/Drivers/STM32F4xx_HAL_Driver/Inc/stm32f4xx_ll_rcc.h **** #define LL_RCC_PLLI2SDIVQ_DIV_16          (RCC_DCKCFGR_PLLI2SDIVQ_3 | RCC_DCKCFGR_PLLI2SDIVQ_2 | RC
1135:board/stm32f401rct6/Drivers/STM32F4xx_HAL_Driver/Inc/stm32f4xx_ll_rcc.h **** #define LL_RCC_PLLI2SDIVQ_DIV_17          RCC_DCKCFGR_PLLI2SDIVQ_4          /*!< PLLI2S division fa
1136:board/stm32f401rct6/Drivers/STM32F4xx_HAL_Driver/Inc/stm32f4xx_ll_rcc.h **** #define LL_RCC_PLLI2SDIVQ_DIV_18          (RCC_DCKCFGR_PLLI2SDIVQ_4 | RCC_DCKCFGR_PLLI2SDIVQ_0)    
1137:board/stm32f401rct6/Drivers/STM32F4xx_HAL_Driver/Inc/stm32f4xx_ll_rcc.h **** #define LL_RCC_PLLI2SDIVQ_DIV_19          (RCC_DCKCFGR_PLLI2SDIVQ_4 | RCC_DCKCFGR_PLLI2SDIVQ_1)    
1138:board/stm32f401rct6/Drivers/STM32F4xx_HAL_Driver/Inc/stm32f4xx_ll_rcc.h **** #define LL_RCC_PLLI2SDIVQ_DIV_20          (RCC_DCKCFGR_PLLI2SDIVQ_4 | RCC_DCKCFGR_PLLI2SDIVQ_1 | RC
1139:board/stm32f401rct6/Drivers/STM32F4xx_HAL_Driver/Inc/stm32f4xx_ll_rcc.h **** #define LL_RCC_PLLI2SDIVQ_DIV_21          (RCC_DCKCFGR_PLLI2SDIVQ_4 | RCC_DCKCFGR_PLLI2SDIVQ_2)    
ARM GAS  C:\Users\Admin\AppData\Local\Temp\ccHMtLfr.s 			page 25


1140:board/stm32f401rct6/Drivers/STM32F4xx_HAL_Driver/Inc/stm32f4xx_ll_rcc.h **** #define LL_RCC_PLLI2SDIVQ_DIV_22          (RCC_DCKCFGR_PLLI2SDIVQ_4 | RCC_DCKCFGR_PLLI2SDIVQ_2 | RC
1141:board/stm32f401rct6/Drivers/STM32F4xx_HAL_Driver/Inc/stm32f4xx_ll_rcc.h **** #define LL_RCC_PLLI2SDIVQ_DIV_23          (RCC_DCKCFGR_PLLI2SDIVQ_4 | RCC_DCKCFGR_PLLI2SDIVQ_2 | RC
1142:board/stm32f401rct6/Drivers/STM32F4xx_HAL_Driver/Inc/stm32f4xx_ll_rcc.h **** #define LL_RCC_PLLI2SDIVQ_DIV_24          (RCC_DCKCFGR_PLLI2SDIVQ_4 | RCC_DCKCFGR_PLLI2SDIVQ_2 | RC
1143:board/stm32f401rct6/Drivers/STM32F4xx_HAL_Driver/Inc/stm32f4xx_ll_rcc.h **** #define LL_RCC_PLLI2SDIVQ_DIV_25          (RCC_DCKCFGR_PLLI2SDIVQ_4 | RCC_DCKCFGR_PLLI2SDIVQ_3)    
1144:board/stm32f401rct6/Drivers/STM32F4xx_HAL_Driver/Inc/stm32f4xx_ll_rcc.h **** #define LL_RCC_PLLI2SDIVQ_DIV_26          (RCC_DCKCFGR_PLLI2SDIVQ_4 | RCC_DCKCFGR_PLLI2SDIVQ_3 | RC
1145:board/stm32f401rct6/Drivers/STM32F4xx_HAL_Driver/Inc/stm32f4xx_ll_rcc.h **** #define LL_RCC_PLLI2SDIVQ_DIV_27          (RCC_DCKCFGR_PLLI2SDIVQ_4 | RCC_DCKCFGR_PLLI2SDIVQ_3 | RC
1146:board/stm32f401rct6/Drivers/STM32F4xx_HAL_Driver/Inc/stm32f4xx_ll_rcc.h **** #define LL_RCC_PLLI2SDIVQ_DIV_28          (RCC_DCKCFGR_PLLI2SDIVQ_4 | RCC_DCKCFGR_PLLI2SDIVQ_3 | RC
1147:board/stm32f401rct6/Drivers/STM32F4xx_HAL_Driver/Inc/stm32f4xx_ll_rcc.h **** #define LL_RCC_PLLI2SDIVQ_DIV_29          (RCC_DCKCFGR_PLLI2SDIVQ_4 | RCC_DCKCFGR_PLLI2SDIVQ_3 | RC
1148:board/stm32f401rct6/Drivers/STM32F4xx_HAL_Driver/Inc/stm32f4xx_ll_rcc.h **** #define LL_RCC_PLLI2SDIVQ_DIV_30          (RCC_DCKCFGR_PLLI2SDIVQ_4 | RCC_DCKCFGR_PLLI2SDIVQ_3 | RC
1149:board/stm32f401rct6/Drivers/STM32F4xx_HAL_Driver/Inc/stm32f4xx_ll_rcc.h **** #define LL_RCC_PLLI2SDIVQ_DIV_31          (RCC_DCKCFGR_PLLI2SDIVQ_4 | RCC_DCKCFGR_PLLI2SDIVQ_3 | RC
1150:board/stm32f401rct6/Drivers/STM32F4xx_HAL_Driver/Inc/stm32f4xx_ll_rcc.h **** #define LL_RCC_PLLI2SDIVQ_DIV_32          (RCC_DCKCFGR_PLLI2SDIVQ_4 | RCC_DCKCFGR_PLLI2SDIVQ_3 | RC
1151:board/stm32f401rct6/Drivers/STM32F4xx_HAL_Driver/Inc/stm32f4xx_ll_rcc.h **** /**
1152:board/stm32f401rct6/Drivers/STM32F4xx_HAL_Driver/Inc/stm32f4xx_ll_rcc.h ****   * @}
1153:board/stm32f401rct6/Drivers/STM32F4xx_HAL_Driver/Inc/stm32f4xx_ll_rcc.h ****   */
1154:board/stm32f401rct6/Drivers/STM32F4xx_HAL_Driver/Inc/stm32f4xx_ll_rcc.h **** #endif /* RCC_DCKCFGR_PLLI2SDIVQ */
1155:board/stm32f401rct6/Drivers/STM32F4xx_HAL_Driver/Inc/stm32f4xx_ll_rcc.h **** 
1156:board/stm32f401rct6/Drivers/STM32F4xx_HAL_Driver/Inc/stm32f4xx_ll_rcc.h **** #if defined(RCC_DCKCFGR_PLLI2SDIVR)
1157:board/stm32f401rct6/Drivers/STM32F4xx_HAL_Driver/Inc/stm32f4xx_ll_rcc.h **** /** @defgroup RCC_LL_EC_PLLI2SDIVR  PLLI2SDIVR division factor (PLLI2SDIVR)
1158:board/stm32f401rct6/Drivers/STM32F4xx_HAL_Driver/Inc/stm32f4xx_ll_rcc.h ****   * @{
1159:board/stm32f401rct6/Drivers/STM32F4xx_HAL_Driver/Inc/stm32f4xx_ll_rcc.h ****   */
1160:board/stm32f401rct6/Drivers/STM32F4xx_HAL_Driver/Inc/stm32f4xx_ll_rcc.h **** #define LL_RCC_PLLI2SDIVR_DIV_1           (RCC_DCKCFGR_PLLI2SDIVR_0)        /*!< PLLI2S division fa
1161:board/stm32f401rct6/Drivers/STM32F4xx_HAL_Driver/Inc/stm32f4xx_ll_rcc.h **** #define LL_RCC_PLLI2SDIVR_DIV_2           (RCC_DCKCFGR_PLLI2SDIVR_1)        /*!< PLLI2S division fa
1162:board/stm32f401rct6/Drivers/STM32F4xx_HAL_Driver/Inc/stm32f4xx_ll_rcc.h **** #define LL_RCC_PLLI2SDIVR_DIV_3           (RCC_DCKCFGR_PLLI2SDIVR_1 | RCC_DCKCFGR_PLLI2SDIVR_0)    
1163:board/stm32f401rct6/Drivers/STM32F4xx_HAL_Driver/Inc/stm32f4xx_ll_rcc.h **** #define LL_RCC_PLLI2SDIVR_DIV_4           (RCC_DCKCFGR_PLLI2SDIVR_2)        /*!< PLLI2S division fa
1164:board/stm32f401rct6/Drivers/STM32F4xx_HAL_Driver/Inc/stm32f4xx_ll_rcc.h **** #define LL_RCC_PLLI2SDIVR_DIV_5           (RCC_DCKCFGR_PLLI2SDIVR_2 | RCC_DCKCFGR_PLLI2SDIVR_0)    
1165:board/stm32f401rct6/Drivers/STM32F4xx_HAL_Driver/Inc/stm32f4xx_ll_rcc.h **** #define LL_RCC_PLLI2SDIVR_DIV_6           (RCC_DCKCFGR_PLLI2SDIVR_2 | RCC_DCKCFGR_PLLI2SDIVR_1)    
1166:board/stm32f401rct6/Drivers/STM32F4xx_HAL_Driver/Inc/stm32f4xx_ll_rcc.h **** #define LL_RCC_PLLI2SDIVR_DIV_7           (RCC_DCKCFGR_PLLI2SDIVR_2 | RCC_DCKCFGR_PLLI2SDIVR_1 | RC
1167:board/stm32f401rct6/Drivers/STM32F4xx_HAL_Driver/Inc/stm32f4xx_ll_rcc.h **** #define LL_RCC_PLLI2SDIVR_DIV_8           (RCC_DCKCFGR_PLLI2SDIVR_3)        /*!< PLLI2S division fa
1168:board/stm32f401rct6/Drivers/STM32F4xx_HAL_Driver/Inc/stm32f4xx_ll_rcc.h **** #define LL_RCC_PLLI2SDIVR_DIV_9           (RCC_DCKCFGR_PLLI2SDIVR_3 | RCC_DCKCFGR_PLLI2SDIVR_0)    
1169:board/stm32f401rct6/Drivers/STM32F4xx_HAL_Driver/Inc/stm32f4xx_ll_rcc.h **** #define LL_RCC_PLLI2SDIVR_DIV_10          (RCC_DCKCFGR_PLLI2SDIVR_3 | RCC_DCKCFGR_PLLI2SDIVR_1)    
1170:board/stm32f401rct6/Drivers/STM32F4xx_HAL_Driver/Inc/stm32f4xx_ll_rcc.h **** #define LL_RCC_PLLI2SDIVR_DIV_11          (RCC_DCKCFGR_PLLI2SDIVR_3 | RCC_DCKCFGR_PLLI2SDIVR_1 | RC
1171:board/stm32f401rct6/Drivers/STM32F4xx_HAL_Driver/Inc/stm32f4xx_ll_rcc.h **** #define LL_RCC_PLLI2SDIVR_DIV_12          (RCC_DCKCFGR_PLLI2SDIVR_3 | RCC_DCKCFGR_PLLI2SDIVR_2)    
1172:board/stm32f401rct6/Drivers/STM32F4xx_HAL_Driver/Inc/stm32f4xx_ll_rcc.h **** #define LL_RCC_PLLI2SDIVR_DIV_13          (RCC_DCKCFGR_PLLI2SDIVR_3 | RCC_DCKCFGR_PLLI2SDIVR_2 | RC
1173:board/stm32f401rct6/Drivers/STM32F4xx_HAL_Driver/Inc/stm32f4xx_ll_rcc.h **** #define LL_RCC_PLLI2SDIVR_DIV_14          (RCC_DCKCFGR_PLLI2SDIVR_3 | RCC_DCKCFGR_PLLI2SDIVR_2 | RC
1174:board/stm32f401rct6/Drivers/STM32F4xx_HAL_Driver/Inc/stm32f4xx_ll_rcc.h **** #define LL_RCC_PLLI2SDIVR_DIV_15          (RCC_DCKCFGR_PLLI2SDIVR_3 | RCC_DCKCFGR_PLLI2SDIVR_2 | RC
1175:board/stm32f401rct6/Drivers/STM32F4xx_HAL_Driver/Inc/stm32f4xx_ll_rcc.h **** #define LL_RCC_PLLI2SDIVR_DIV_16          (RCC_DCKCFGR_PLLI2SDIVR_4)             /*!< PLLI2S divisi
1176:board/stm32f401rct6/Drivers/STM32F4xx_HAL_Driver/Inc/stm32f4xx_ll_rcc.h **** #define LL_RCC_PLLI2SDIVR_DIV_17          (RCC_DCKCFGR_PLLI2SDIVR_4 | RCC_DCKCFGR_PLLI2SDIVR_0)    
1177:board/stm32f401rct6/Drivers/STM32F4xx_HAL_Driver/Inc/stm32f4xx_ll_rcc.h **** #define LL_RCC_PLLI2SDIVR_DIV_18          (RCC_DCKCFGR_PLLI2SDIVR_4 | RCC_DCKCFGR_PLLI2SDIVR_1)    
1178:board/stm32f401rct6/Drivers/STM32F4xx_HAL_Driver/Inc/stm32f4xx_ll_rcc.h **** #define LL_RCC_PLLI2SDIVR_DIV_19          (RCC_DCKCFGR_PLLI2SDIVR_4 | RCC_DCKCFGR_PLLI2SDIVR_1 | RC
1179:board/stm32f401rct6/Drivers/STM32F4xx_HAL_Driver/Inc/stm32f4xx_ll_rcc.h **** #define LL_RCC_PLLI2SDIVR_DIV_20          (RCC_DCKCFGR_PLLI2SDIVR_4 | RCC_DCKCFGR_PLLI2SDIVR_2)    
1180:board/stm32f401rct6/Drivers/STM32F4xx_HAL_Driver/Inc/stm32f4xx_ll_rcc.h **** #define LL_RCC_PLLI2SDIVR_DIV_21          (RCC_DCKCFGR_PLLI2SDIVR_4 | RCC_DCKCFGR_PLLI2SDIVR_2 | RC
1181:board/stm32f401rct6/Drivers/STM32F4xx_HAL_Driver/Inc/stm32f4xx_ll_rcc.h **** #define LL_RCC_PLLI2SDIVR_DIV_22          (RCC_DCKCFGR_PLLI2SDIVR_4 | RCC_DCKCFGR_PLLI2SDIVR_2 | RC
1182:board/stm32f401rct6/Drivers/STM32F4xx_HAL_Driver/Inc/stm32f4xx_ll_rcc.h **** #define LL_RCC_PLLI2SDIVR_DIV_23          (RCC_DCKCFGR_PLLI2SDIVR_4 | RCC_DCKCFGR_PLLI2SDIVR_2 | RC
1183:board/stm32f401rct6/Drivers/STM32F4xx_HAL_Driver/Inc/stm32f4xx_ll_rcc.h **** #define LL_RCC_PLLI2SDIVR_DIV_24          (RCC_DCKCFGR_PLLI2SDIVR_4 | RCC_DCKCFGR_PLLI2SDIVR_3)    
1184:board/stm32f401rct6/Drivers/STM32F4xx_HAL_Driver/Inc/stm32f4xx_ll_rcc.h **** #define LL_RCC_PLLI2SDIVR_DIV_25          (RCC_DCKCFGR_PLLI2SDIVR_4 | RCC_DCKCFGR_PLLI2SDIVR_3 | RC
1185:board/stm32f401rct6/Drivers/STM32F4xx_HAL_Driver/Inc/stm32f4xx_ll_rcc.h **** #define LL_RCC_PLLI2SDIVR_DIV_26          (RCC_DCKCFGR_PLLI2SDIVR_4 | RCC_DCKCFGR_PLLI2SDIVR_3 | RC
1186:board/stm32f401rct6/Drivers/STM32F4xx_HAL_Driver/Inc/stm32f4xx_ll_rcc.h **** #define LL_RCC_PLLI2SDIVR_DIV_27          (RCC_DCKCFGR_PLLI2SDIVR_4 | RCC_DCKCFGR_PLLI2SDIVR_3 | RC
1187:board/stm32f401rct6/Drivers/STM32F4xx_HAL_Driver/Inc/stm32f4xx_ll_rcc.h **** #define LL_RCC_PLLI2SDIVR_DIV_28          (RCC_DCKCFGR_PLLI2SDIVR_4 | RCC_DCKCFGR_PLLI2SDIVR_3 | RC
1188:board/stm32f401rct6/Drivers/STM32F4xx_HAL_Driver/Inc/stm32f4xx_ll_rcc.h **** #define LL_RCC_PLLI2SDIVR_DIV_29          (RCC_DCKCFGR_PLLI2SDIVR_4 | RCC_DCKCFGR_PLLI2SDIVR_3 | RC
1189:board/stm32f401rct6/Drivers/STM32F4xx_HAL_Driver/Inc/stm32f4xx_ll_rcc.h **** #define LL_RCC_PLLI2SDIVR_DIV_30          (RCC_DCKCFGR_PLLI2SDIVR_4 | RCC_DCKCFGR_PLLI2SDIVR_3 | RC
1190:board/stm32f401rct6/Drivers/STM32F4xx_HAL_Driver/Inc/stm32f4xx_ll_rcc.h **** #define LL_RCC_PLLI2SDIVR_DIV_31          (RCC_DCKCFGR_PLLI2SDIVR_4 | RCC_DCKCFGR_PLLI2SDIVR_3 | RC
1191:board/stm32f401rct6/Drivers/STM32F4xx_HAL_Driver/Inc/stm32f4xx_ll_rcc.h **** /**
1192:board/stm32f401rct6/Drivers/STM32F4xx_HAL_Driver/Inc/stm32f4xx_ll_rcc.h ****   * @}
1193:board/stm32f401rct6/Drivers/STM32F4xx_HAL_Driver/Inc/stm32f4xx_ll_rcc.h ****   */
1194:board/stm32f401rct6/Drivers/STM32F4xx_HAL_Driver/Inc/stm32f4xx_ll_rcc.h **** #endif /* RCC_DCKCFGR_PLLI2SDIVR */
1195:board/stm32f401rct6/Drivers/STM32F4xx_HAL_Driver/Inc/stm32f4xx_ll_rcc.h **** 
1196:board/stm32f401rct6/Drivers/STM32F4xx_HAL_Driver/Inc/stm32f4xx_ll_rcc.h **** /** @defgroup RCC_LL_EC_PLLI2SR  PLLI2SR division factor (PLLI2SR)
ARM GAS  C:\Users\Admin\AppData\Local\Temp\ccHMtLfr.s 			page 26


1197:board/stm32f401rct6/Drivers/STM32F4xx_HAL_Driver/Inc/stm32f4xx_ll_rcc.h ****   * @{
1198:board/stm32f401rct6/Drivers/STM32F4xx_HAL_Driver/Inc/stm32f4xx_ll_rcc.h ****   */
1199:board/stm32f401rct6/Drivers/STM32F4xx_HAL_Driver/Inc/stm32f4xx_ll_rcc.h **** #define LL_RCC_PLLI2SR_DIV_2              RCC_PLLI2SCFGR_PLLI2SR_1                                 
1200:board/stm32f401rct6/Drivers/STM32F4xx_HAL_Driver/Inc/stm32f4xx_ll_rcc.h **** #define LL_RCC_PLLI2SR_DIV_3              (RCC_PLLI2SCFGR_PLLI2SR_1 | RCC_PLLI2SCFGR_PLLI2SR_0)    
1201:board/stm32f401rct6/Drivers/STM32F4xx_HAL_Driver/Inc/stm32f4xx_ll_rcc.h **** #define LL_RCC_PLLI2SR_DIV_4              RCC_PLLI2SCFGR_PLLI2SR_2                                 
1202:board/stm32f401rct6/Drivers/STM32F4xx_HAL_Driver/Inc/stm32f4xx_ll_rcc.h **** #define LL_RCC_PLLI2SR_DIV_5              (RCC_PLLI2SCFGR_PLLI2SR_2 | RCC_PLLI2SCFGR_PLLI2SR_0)    
1203:board/stm32f401rct6/Drivers/STM32F4xx_HAL_Driver/Inc/stm32f4xx_ll_rcc.h **** #define LL_RCC_PLLI2SR_DIV_6              (RCC_PLLI2SCFGR_PLLI2SR_2 | RCC_PLLI2SCFGR_PLLI2SR_1)    
1204:board/stm32f401rct6/Drivers/STM32F4xx_HAL_Driver/Inc/stm32f4xx_ll_rcc.h **** #define LL_RCC_PLLI2SR_DIV_7              (RCC_PLLI2SCFGR_PLLI2SR_2 | RCC_PLLI2SCFGR_PLLI2SR_1 | RC
1205:board/stm32f401rct6/Drivers/STM32F4xx_HAL_Driver/Inc/stm32f4xx_ll_rcc.h **** /**
1206:board/stm32f401rct6/Drivers/STM32F4xx_HAL_Driver/Inc/stm32f4xx_ll_rcc.h ****   * @}
1207:board/stm32f401rct6/Drivers/STM32F4xx_HAL_Driver/Inc/stm32f4xx_ll_rcc.h ****   */
1208:board/stm32f401rct6/Drivers/STM32F4xx_HAL_Driver/Inc/stm32f4xx_ll_rcc.h **** 
1209:board/stm32f401rct6/Drivers/STM32F4xx_HAL_Driver/Inc/stm32f4xx_ll_rcc.h **** #if defined(RCC_PLLI2SCFGR_PLLI2SP)
1210:board/stm32f401rct6/Drivers/STM32F4xx_HAL_Driver/Inc/stm32f4xx_ll_rcc.h **** /** @defgroup RCC_LL_EC_PLLI2SP  PLLI2SP division factor (PLLI2SP)
1211:board/stm32f401rct6/Drivers/STM32F4xx_HAL_Driver/Inc/stm32f4xx_ll_rcc.h ****   * @{
1212:board/stm32f401rct6/Drivers/STM32F4xx_HAL_Driver/Inc/stm32f4xx_ll_rcc.h ****   */
1213:board/stm32f401rct6/Drivers/STM32F4xx_HAL_Driver/Inc/stm32f4xx_ll_rcc.h **** #define LL_RCC_PLLI2SP_DIV_2              0x00000000U            /*!< PLLI2S division factor for PL
1214:board/stm32f401rct6/Drivers/STM32F4xx_HAL_Driver/Inc/stm32f4xx_ll_rcc.h **** #define LL_RCC_PLLI2SP_DIV_4              RCC_PLLI2SCFGR_PLLI2SP_0        /*!< PLLI2S division fact
1215:board/stm32f401rct6/Drivers/STM32F4xx_HAL_Driver/Inc/stm32f4xx_ll_rcc.h **** #define LL_RCC_PLLI2SP_DIV_6              RCC_PLLI2SCFGR_PLLI2SP_1        /*!< PLLI2S division fact
1216:board/stm32f401rct6/Drivers/STM32F4xx_HAL_Driver/Inc/stm32f4xx_ll_rcc.h **** #define LL_RCC_PLLI2SP_DIV_8              (RCC_PLLI2SCFGR_PLLI2SP_1 | RCC_PLLI2SCFGR_PLLI2SP_0)    
1217:board/stm32f401rct6/Drivers/STM32F4xx_HAL_Driver/Inc/stm32f4xx_ll_rcc.h **** /**
1218:board/stm32f401rct6/Drivers/STM32F4xx_HAL_Driver/Inc/stm32f4xx_ll_rcc.h ****   * @}
1219:board/stm32f401rct6/Drivers/STM32F4xx_HAL_Driver/Inc/stm32f4xx_ll_rcc.h ****   */
1220:board/stm32f401rct6/Drivers/STM32F4xx_HAL_Driver/Inc/stm32f4xx_ll_rcc.h **** #endif /* RCC_PLLI2SCFGR_PLLI2SP */
1221:board/stm32f401rct6/Drivers/STM32F4xx_HAL_Driver/Inc/stm32f4xx_ll_rcc.h **** #endif /* RCC_PLLI2S_SUPPORT */
1222:board/stm32f401rct6/Drivers/STM32F4xx_HAL_Driver/Inc/stm32f4xx_ll_rcc.h **** 
1223:board/stm32f401rct6/Drivers/STM32F4xx_HAL_Driver/Inc/stm32f4xx_ll_rcc.h **** #if defined(RCC_PLLSAI_SUPPORT)
1224:board/stm32f401rct6/Drivers/STM32F4xx_HAL_Driver/Inc/stm32f4xx_ll_rcc.h **** /** @defgroup RCC_LL_EC_PLLSAIM  PLLSAIM division factor (PLLSAIM or PLLM)
1225:board/stm32f401rct6/Drivers/STM32F4xx_HAL_Driver/Inc/stm32f4xx_ll_rcc.h ****   * @{
1226:board/stm32f401rct6/Drivers/STM32F4xx_HAL_Driver/Inc/stm32f4xx_ll_rcc.h ****   */
1227:board/stm32f401rct6/Drivers/STM32F4xx_HAL_Driver/Inc/stm32f4xx_ll_rcc.h **** #if defined(RCC_PLLSAICFGR_PLLSAIM)
1228:board/stm32f401rct6/Drivers/STM32F4xx_HAL_Driver/Inc/stm32f4xx_ll_rcc.h **** #define LL_RCC_PLLSAIM_DIV_2             (RCC_PLLSAICFGR_PLLSAIM_1) /*!< PLLSAI division factor for
1229:board/stm32f401rct6/Drivers/STM32F4xx_HAL_Driver/Inc/stm32f4xx_ll_rcc.h **** #define LL_RCC_PLLSAIM_DIV_3             (RCC_PLLSAICFGR_PLLSAIM_1 | RCC_PLLSAICFGR_PLLSAIM_0) /*!<
1230:board/stm32f401rct6/Drivers/STM32F4xx_HAL_Driver/Inc/stm32f4xx_ll_rcc.h **** #define LL_RCC_PLLSAIM_DIV_4             (RCC_PLLSAICFGR_PLLSAIM_2) /*!< PLLSAI division factor for
1231:board/stm32f401rct6/Drivers/STM32F4xx_HAL_Driver/Inc/stm32f4xx_ll_rcc.h **** #define LL_RCC_PLLSAIM_DIV_5             (RCC_PLLSAICFGR_PLLSAIM_2 | RCC_PLLSAICFGR_PLLSAIM_0) /*!<
1232:board/stm32f401rct6/Drivers/STM32F4xx_HAL_Driver/Inc/stm32f4xx_ll_rcc.h **** #define LL_RCC_PLLSAIM_DIV_6             (RCC_PLLSAICFGR_PLLSAIM_2 | RCC_PLLSAICFGR_PLLSAIM_1) /*!<
1233:board/stm32f401rct6/Drivers/STM32F4xx_HAL_Driver/Inc/stm32f4xx_ll_rcc.h **** #define LL_RCC_PLLSAIM_DIV_7             (RCC_PLLSAICFGR_PLLSAIM_2 | RCC_PLLSAICFGR_PLLSAIM_1 | RCC
1234:board/stm32f401rct6/Drivers/STM32F4xx_HAL_Driver/Inc/stm32f4xx_ll_rcc.h **** #define LL_RCC_PLLSAIM_DIV_8             (RCC_PLLSAICFGR_PLLSAIM_3) /*!< PLLSAI division factor for
1235:board/stm32f401rct6/Drivers/STM32F4xx_HAL_Driver/Inc/stm32f4xx_ll_rcc.h **** #define LL_RCC_PLLSAIM_DIV_9             (RCC_PLLSAICFGR_PLLSAIM_3 | RCC_PLLSAICFGR_PLLSAIM_0) /*!<
1236:board/stm32f401rct6/Drivers/STM32F4xx_HAL_Driver/Inc/stm32f4xx_ll_rcc.h **** #define LL_RCC_PLLSAIM_DIV_10            (RCC_PLLSAICFGR_PLLSAIM_3 | RCC_PLLSAICFGR_PLLSAIM_1) /*!<
1237:board/stm32f401rct6/Drivers/STM32F4xx_HAL_Driver/Inc/stm32f4xx_ll_rcc.h **** #define LL_RCC_PLLSAIM_DIV_11            (RCC_PLLSAICFGR_PLLSAIM_3 | RCC_PLLSAICFGR_PLLSAIM_1 | RCC
1238:board/stm32f401rct6/Drivers/STM32F4xx_HAL_Driver/Inc/stm32f4xx_ll_rcc.h **** #define LL_RCC_PLLSAIM_DIV_12            (RCC_PLLSAICFGR_PLLSAIM_3 | RCC_PLLSAICFGR_PLLSAIM_2) /*!<
1239:board/stm32f401rct6/Drivers/STM32F4xx_HAL_Driver/Inc/stm32f4xx_ll_rcc.h **** #define LL_RCC_PLLSAIM_DIV_13            (RCC_PLLSAICFGR_PLLSAIM_3 | RCC_PLLSAICFGR_PLLSAIM_2 | RCC
1240:board/stm32f401rct6/Drivers/STM32F4xx_HAL_Driver/Inc/stm32f4xx_ll_rcc.h **** #define LL_RCC_PLLSAIM_DIV_14            (RCC_PLLSAICFGR_PLLSAIM_3 | RCC_PLLSAICFGR_PLLSAIM_2 | RCC
1241:board/stm32f401rct6/Drivers/STM32F4xx_HAL_Driver/Inc/stm32f4xx_ll_rcc.h **** #define LL_RCC_PLLSAIM_DIV_15            (RCC_PLLSAICFGR_PLLSAIM_3 | RCC_PLLSAICFGR_PLLSAIM_2 | RCC
1242:board/stm32f401rct6/Drivers/STM32F4xx_HAL_Driver/Inc/stm32f4xx_ll_rcc.h **** #define LL_RCC_PLLSAIM_DIV_16            (RCC_PLLSAICFGR_PLLSAIM_4) /*!< PLLSAI division factor for
1243:board/stm32f401rct6/Drivers/STM32F4xx_HAL_Driver/Inc/stm32f4xx_ll_rcc.h **** #define LL_RCC_PLLSAIM_DIV_17            (RCC_PLLSAICFGR_PLLSAIM_4 | RCC_PLLSAICFGR_PLLSAIM_0) /*!<
1244:board/stm32f401rct6/Drivers/STM32F4xx_HAL_Driver/Inc/stm32f4xx_ll_rcc.h **** #define LL_RCC_PLLSAIM_DIV_18            (RCC_PLLSAICFGR_PLLSAIM_4 | RCC_PLLSAICFGR_PLLSAIM_1) /*!<
1245:board/stm32f401rct6/Drivers/STM32F4xx_HAL_Driver/Inc/stm32f4xx_ll_rcc.h **** #define LL_RCC_PLLSAIM_DIV_19            (RCC_PLLSAICFGR_PLLSAIM_4 | RCC_PLLSAICFGR_PLLSAIM_1 | RCC
1246:board/stm32f401rct6/Drivers/STM32F4xx_HAL_Driver/Inc/stm32f4xx_ll_rcc.h **** #define LL_RCC_PLLSAIM_DIV_20            (RCC_PLLSAICFGR_PLLSAIM_4 | RCC_PLLSAICFGR_PLLSAIM_2) /*!<
1247:board/stm32f401rct6/Drivers/STM32F4xx_HAL_Driver/Inc/stm32f4xx_ll_rcc.h **** #define LL_RCC_PLLSAIM_DIV_21            (RCC_PLLSAICFGR_PLLSAIM_4 | RCC_PLLSAICFGR_PLLSAIM_2 | RCC
1248:board/stm32f401rct6/Drivers/STM32F4xx_HAL_Driver/Inc/stm32f4xx_ll_rcc.h **** #define LL_RCC_PLLSAIM_DIV_22            (RCC_PLLSAICFGR_PLLSAIM_4 | RCC_PLLSAICFGR_PLLSAIM_2 | RCC
1249:board/stm32f401rct6/Drivers/STM32F4xx_HAL_Driver/Inc/stm32f4xx_ll_rcc.h **** #define LL_RCC_PLLSAIM_DIV_23            (RCC_PLLSAICFGR_PLLSAIM_4 | RCC_PLLSAICFGR_PLLSAIM_2 | RCC
1250:board/stm32f401rct6/Drivers/STM32F4xx_HAL_Driver/Inc/stm32f4xx_ll_rcc.h **** #define LL_RCC_PLLSAIM_DIV_24            (RCC_PLLSAICFGR_PLLSAIM_4 | RCC_PLLSAICFGR_PLLSAIM_3) /*!<
1251:board/stm32f401rct6/Drivers/STM32F4xx_HAL_Driver/Inc/stm32f4xx_ll_rcc.h **** #define LL_RCC_PLLSAIM_DIV_25            (RCC_PLLSAICFGR_PLLSAIM_4 | RCC_PLLSAICFGR_PLLSAIM_3 | RCC
1252:board/stm32f401rct6/Drivers/STM32F4xx_HAL_Driver/Inc/stm32f4xx_ll_rcc.h **** #define LL_RCC_PLLSAIM_DIV_26            (RCC_PLLSAICFGR_PLLSAIM_4 | RCC_PLLSAICFGR_PLLSAIM_3 | RCC
1253:board/stm32f401rct6/Drivers/STM32F4xx_HAL_Driver/Inc/stm32f4xx_ll_rcc.h **** #define LL_RCC_PLLSAIM_DIV_27            (RCC_PLLSAICFGR_PLLSAIM_4 | RCC_PLLSAICFGR_PLLSAIM_3 | RCC
ARM GAS  C:\Users\Admin\AppData\Local\Temp\ccHMtLfr.s 			page 27


1254:board/stm32f401rct6/Drivers/STM32F4xx_HAL_Driver/Inc/stm32f4xx_ll_rcc.h **** #define LL_RCC_PLLSAIM_DIV_28            (RCC_PLLSAICFGR_PLLSAIM_4 | RCC_PLLSAICFGR_PLLSAIM_3 | RCC
1255:board/stm32f401rct6/Drivers/STM32F4xx_HAL_Driver/Inc/stm32f4xx_ll_rcc.h **** #define LL_RCC_PLLSAIM_DIV_29            (RCC_PLLSAICFGR_PLLSAIM_4 | RCC_PLLSAICFGR_PLLSAIM_3 | RCC
1256:board/stm32f401rct6/Drivers/STM32F4xx_HAL_Driver/Inc/stm32f4xx_ll_rcc.h **** #define LL_RCC_PLLSAIM_DIV_30            (RCC_PLLSAICFGR_PLLSAIM_4 | RCC_PLLSAICFGR_PLLSAIM_3 | RCC
1257:board/stm32f401rct6/Drivers/STM32F4xx_HAL_Driver/Inc/stm32f4xx_ll_rcc.h **** #define LL_RCC_PLLSAIM_DIV_31            (RCC_PLLSAICFGR_PLLSAIM_4 | RCC_PLLSAICFGR_PLLSAIM_3 | RCC
1258:board/stm32f401rct6/Drivers/STM32F4xx_HAL_Driver/Inc/stm32f4xx_ll_rcc.h **** #define LL_RCC_PLLSAIM_DIV_32            (RCC_PLLSAICFGR_PLLSAIM_5) /*!< PLLSAI division factor for
1259:board/stm32f401rct6/Drivers/STM32F4xx_HAL_Driver/Inc/stm32f4xx_ll_rcc.h **** #define LL_RCC_PLLSAIM_DIV_33            (RCC_PLLSAICFGR_PLLSAIM_5 | RCC_PLLSAICFGR_PLLSAIM_0) /*!<
1260:board/stm32f401rct6/Drivers/STM32F4xx_HAL_Driver/Inc/stm32f4xx_ll_rcc.h **** #define LL_RCC_PLLSAIM_DIV_34            (RCC_PLLSAICFGR_PLLSAIM_5 | RCC_PLLSAICFGR_PLLSAIM_1) /*!<
1261:board/stm32f401rct6/Drivers/STM32F4xx_HAL_Driver/Inc/stm32f4xx_ll_rcc.h **** #define LL_RCC_PLLSAIM_DIV_35            (RCC_PLLSAICFGR_PLLSAIM_5 | RCC_PLLSAICFGR_PLLSAIM_1 | RCC
1262:board/stm32f401rct6/Drivers/STM32F4xx_HAL_Driver/Inc/stm32f4xx_ll_rcc.h **** #define LL_RCC_PLLSAIM_DIV_36            (RCC_PLLSAICFGR_PLLSAIM_5 | RCC_PLLSAICFGR_PLLSAIM_2) /*!<
1263:board/stm32f401rct6/Drivers/STM32F4xx_HAL_Driver/Inc/stm32f4xx_ll_rcc.h **** #define LL_RCC_PLLSAIM_DIV_37            (RCC_PLLSAICFGR_PLLSAIM_5 | RCC_PLLSAICFGR_PLLSAIM_2 | RCC
1264:board/stm32f401rct6/Drivers/STM32F4xx_HAL_Driver/Inc/stm32f4xx_ll_rcc.h **** #define LL_RCC_PLLSAIM_DIV_38            (RCC_PLLSAICFGR_PLLSAIM_5 | RCC_PLLSAICFGR_PLLSAIM_2 | RCC
1265:board/stm32f401rct6/Drivers/STM32F4xx_HAL_Driver/Inc/stm32f4xx_ll_rcc.h **** #define LL_RCC_PLLSAIM_DIV_39            (RCC_PLLSAICFGR_PLLSAIM_5 | RCC_PLLSAICFGR_PLLSAIM_2 | RCC
1266:board/stm32f401rct6/Drivers/STM32F4xx_HAL_Driver/Inc/stm32f4xx_ll_rcc.h **** #define LL_RCC_PLLSAIM_DIV_40            (RCC_PLLSAICFGR_PLLSAIM_5 | RCC_PLLSAICFGR_PLLSAIM_3) /*!<
1267:board/stm32f401rct6/Drivers/STM32F4xx_HAL_Driver/Inc/stm32f4xx_ll_rcc.h **** #define LL_RCC_PLLSAIM_DIV_41            (RCC_PLLSAICFGR_PLLSAIM_5 | RCC_PLLSAICFGR_PLLSAIM_3 | RCC
1268:board/stm32f401rct6/Drivers/STM32F4xx_HAL_Driver/Inc/stm32f4xx_ll_rcc.h **** #define LL_RCC_PLLSAIM_DIV_42            (RCC_PLLSAICFGR_PLLSAIM_5 | RCC_PLLSAICFGR_PLLSAIM_3 | RCC
1269:board/stm32f401rct6/Drivers/STM32F4xx_HAL_Driver/Inc/stm32f4xx_ll_rcc.h **** #define LL_RCC_PLLSAIM_DIV_43            (RCC_PLLSAICFGR_PLLSAIM_5 | RCC_PLLSAICFGR_PLLSAIM_3 | RCC
1270:board/stm32f401rct6/Drivers/STM32F4xx_HAL_Driver/Inc/stm32f4xx_ll_rcc.h **** #define LL_RCC_PLLSAIM_DIV_44            (RCC_PLLSAICFGR_PLLSAIM_5 | RCC_PLLSAICFGR_PLLSAIM_3 | RCC
1271:board/stm32f401rct6/Drivers/STM32F4xx_HAL_Driver/Inc/stm32f4xx_ll_rcc.h **** #define LL_RCC_PLLSAIM_DIV_45            (RCC_PLLSAICFGR_PLLSAIM_5 | RCC_PLLSAICFGR_PLLSAIM_3 | RCC
1272:board/stm32f401rct6/Drivers/STM32F4xx_HAL_Driver/Inc/stm32f4xx_ll_rcc.h **** #define LL_RCC_PLLSAIM_DIV_46            (RCC_PLLSAICFGR_PLLSAIM_5 | RCC_PLLSAICFGR_PLLSAIM_3 | RCC
1273:board/stm32f401rct6/Drivers/STM32F4xx_HAL_Driver/Inc/stm32f4xx_ll_rcc.h **** #define LL_RCC_PLLSAIM_DIV_47            (RCC_PLLSAICFGR_PLLSAIM_5 | RCC_PLLSAICFGR_PLLSAIM_3 | RCC
1274:board/stm32f401rct6/Drivers/STM32F4xx_HAL_Driver/Inc/stm32f4xx_ll_rcc.h **** #define LL_RCC_PLLSAIM_DIV_48            (RCC_PLLSAICFGR_PLLSAIM_5 | RCC_PLLSAICFGR_PLLSAIM_4) /*!<
1275:board/stm32f401rct6/Drivers/STM32F4xx_HAL_Driver/Inc/stm32f4xx_ll_rcc.h **** #define LL_RCC_PLLSAIM_DIV_49            (RCC_PLLSAICFGR_PLLSAIM_5 | RCC_PLLSAICFGR_PLLSAIM_4 | RCC
1276:board/stm32f401rct6/Drivers/STM32F4xx_HAL_Driver/Inc/stm32f4xx_ll_rcc.h **** #define LL_RCC_PLLSAIM_DIV_50            (RCC_PLLSAICFGR_PLLSAIM_5 | RCC_PLLSAICFGR_PLLSAIM_4 | RCC
1277:board/stm32f401rct6/Drivers/STM32F4xx_HAL_Driver/Inc/stm32f4xx_ll_rcc.h **** #define LL_RCC_PLLSAIM_DIV_51            (RCC_PLLSAICFGR_PLLSAIM_5 | RCC_PLLSAICFGR_PLLSAIM_4 | RCC
1278:board/stm32f401rct6/Drivers/STM32F4xx_HAL_Driver/Inc/stm32f4xx_ll_rcc.h **** #define LL_RCC_PLLSAIM_DIV_52            (RCC_PLLSAICFGR_PLLSAIM_5 | RCC_PLLSAICFGR_PLLSAIM_4 | RCC
1279:board/stm32f401rct6/Drivers/STM32F4xx_HAL_Driver/Inc/stm32f4xx_ll_rcc.h **** #define LL_RCC_PLLSAIM_DIV_53            (RCC_PLLSAICFGR_PLLSAIM_5 | RCC_PLLSAICFGR_PLLSAIM_4 | RCC
1280:board/stm32f401rct6/Drivers/STM32F4xx_HAL_Driver/Inc/stm32f4xx_ll_rcc.h **** #define LL_RCC_PLLSAIM_DIV_54            (RCC_PLLSAICFGR_PLLSAIM_5 | RCC_PLLSAICFGR_PLLSAIM_4 | RCC
1281:board/stm32f401rct6/Drivers/STM32F4xx_HAL_Driver/Inc/stm32f4xx_ll_rcc.h **** #define LL_RCC_PLLSAIM_DIV_55            (RCC_PLLSAICFGR_PLLSAIM_5 | RCC_PLLSAICFGR_PLLSAIM_4 | RCC
1282:board/stm32f401rct6/Drivers/STM32F4xx_HAL_Driver/Inc/stm32f4xx_ll_rcc.h **** #define LL_RCC_PLLSAIM_DIV_56            (RCC_PLLSAICFGR_PLLSAIM_5 | RCC_PLLSAICFGR_PLLSAIM_4 | RCC
1283:board/stm32f401rct6/Drivers/STM32F4xx_HAL_Driver/Inc/stm32f4xx_ll_rcc.h **** #define LL_RCC_PLLSAIM_DIV_57            (RCC_PLLSAICFGR_PLLSAIM_5 | RCC_PLLSAICFGR_PLLSAIM_4 | RCC
1284:board/stm32f401rct6/Drivers/STM32F4xx_HAL_Driver/Inc/stm32f4xx_ll_rcc.h **** #define LL_RCC_PLLSAIM_DIV_58            (RCC_PLLSAICFGR_PLLSAIM_5 | RCC_PLLSAICFGR_PLLSAIM_4 | RCC
1285:board/stm32f401rct6/Drivers/STM32F4xx_HAL_Driver/Inc/stm32f4xx_ll_rcc.h **** #define LL_RCC_PLLSAIM_DIV_59            (RCC_PLLSAICFGR_PLLSAIM_5 | RCC_PLLSAICFGR_PLLSAIM_4 | RCC
1286:board/stm32f401rct6/Drivers/STM32F4xx_HAL_Driver/Inc/stm32f4xx_ll_rcc.h **** #define LL_RCC_PLLSAIM_DIV_60            (RCC_PLLSAICFGR_PLLSAIM_5 | RCC_PLLSAICFGR_PLLSAIM_4 | RCC
1287:board/stm32f401rct6/Drivers/STM32F4xx_HAL_Driver/Inc/stm32f4xx_ll_rcc.h **** #define LL_RCC_PLLSAIM_DIV_61            (RCC_PLLSAICFGR_PLLSAIM_5 | RCC_PLLSAICFGR_PLLSAIM_4 | RCC
1288:board/stm32f401rct6/Drivers/STM32F4xx_HAL_Driver/Inc/stm32f4xx_ll_rcc.h **** #define LL_RCC_PLLSAIM_DIV_62            (RCC_PLLSAICFGR_PLLSAIM_5 | RCC_PLLSAICFGR_PLLSAIM_4 | RCC
1289:board/stm32f401rct6/Drivers/STM32F4xx_HAL_Driver/Inc/stm32f4xx_ll_rcc.h **** #define LL_RCC_PLLSAIM_DIV_63            (RCC_PLLSAICFGR_PLLSAIM_5 | RCC_PLLSAICFGR_PLLSAIM_4 | RCC
1290:board/stm32f401rct6/Drivers/STM32F4xx_HAL_Driver/Inc/stm32f4xx_ll_rcc.h **** #else
1291:board/stm32f401rct6/Drivers/STM32F4xx_HAL_Driver/Inc/stm32f4xx_ll_rcc.h **** #define LL_RCC_PLLSAIM_DIV_2              LL_RCC_PLLM_DIV_2      /*!< PLLSAI division factor for PL
1292:board/stm32f401rct6/Drivers/STM32F4xx_HAL_Driver/Inc/stm32f4xx_ll_rcc.h **** #define LL_RCC_PLLSAIM_DIV_3              LL_RCC_PLLM_DIV_3      /*!< PLLSAI division factor for PL
1293:board/stm32f401rct6/Drivers/STM32F4xx_HAL_Driver/Inc/stm32f4xx_ll_rcc.h **** #define LL_RCC_PLLSAIM_DIV_4              LL_RCC_PLLM_DIV_4      /*!< PLLSAI division factor for PL
1294:board/stm32f401rct6/Drivers/STM32F4xx_HAL_Driver/Inc/stm32f4xx_ll_rcc.h **** #define LL_RCC_PLLSAIM_DIV_5              LL_RCC_PLLM_DIV_5      /*!< PLLSAI division factor for PL
1295:board/stm32f401rct6/Drivers/STM32F4xx_HAL_Driver/Inc/stm32f4xx_ll_rcc.h **** #define LL_RCC_PLLSAIM_DIV_6              LL_RCC_PLLM_DIV_6      /*!< PLLSAI division factor for PL
1296:board/stm32f401rct6/Drivers/STM32F4xx_HAL_Driver/Inc/stm32f4xx_ll_rcc.h **** #define LL_RCC_PLLSAIM_DIV_7              LL_RCC_PLLM_DIV_7      /*!< PLLSAI division factor for PL
1297:board/stm32f401rct6/Drivers/STM32F4xx_HAL_Driver/Inc/stm32f4xx_ll_rcc.h **** #define LL_RCC_PLLSAIM_DIV_8              LL_RCC_PLLM_DIV_8      /*!< PLLSAI division factor for PL
1298:board/stm32f401rct6/Drivers/STM32F4xx_HAL_Driver/Inc/stm32f4xx_ll_rcc.h **** #define LL_RCC_PLLSAIM_DIV_9              LL_RCC_PLLM_DIV_9      /*!< PLLSAI division factor for PL
1299:board/stm32f401rct6/Drivers/STM32F4xx_HAL_Driver/Inc/stm32f4xx_ll_rcc.h **** #define LL_RCC_PLLSAIM_DIV_10             LL_RCC_PLLM_DIV_10     /*!< PLLSAI division factor for PL
1300:board/stm32f401rct6/Drivers/STM32F4xx_HAL_Driver/Inc/stm32f4xx_ll_rcc.h **** #define LL_RCC_PLLSAIM_DIV_11             LL_RCC_PLLM_DIV_11     /*!< PLLSAI division factor for PL
1301:board/stm32f401rct6/Drivers/STM32F4xx_HAL_Driver/Inc/stm32f4xx_ll_rcc.h **** #define LL_RCC_PLLSAIM_DIV_12             LL_RCC_PLLM_DIV_12     /*!< PLLSAI division factor for PL
1302:board/stm32f401rct6/Drivers/STM32F4xx_HAL_Driver/Inc/stm32f4xx_ll_rcc.h **** #define LL_RCC_PLLSAIM_DIV_13             LL_RCC_PLLM_DIV_13     /*!< PLLSAI division factor for PL
1303:board/stm32f401rct6/Drivers/STM32F4xx_HAL_Driver/Inc/stm32f4xx_ll_rcc.h **** #define LL_RCC_PLLSAIM_DIV_14             LL_RCC_PLLM_DIV_14     /*!< PLLSAI division factor for PL
1304:board/stm32f401rct6/Drivers/STM32F4xx_HAL_Driver/Inc/stm32f4xx_ll_rcc.h **** #define LL_RCC_PLLSAIM_DIV_15             LL_RCC_PLLM_DIV_15     /*!< PLLSAI division factor for PL
1305:board/stm32f401rct6/Drivers/STM32F4xx_HAL_Driver/Inc/stm32f4xx_ll_rcc.h **** #define LL_RCC_PLLSAIM_DIV_16             LL_RCC_PLLM_DIV_16     /*!< PLLSAI division factor for PL
1306:board/stm32f401rct6/Drivers/STM32F4xx_HAL_Driver/Inc/stm32f4xx_ll_rcc.h **** #define LL_RCC_PLLSAIM_DIV_17             LL_RCC_PLLM_DIV_17     /*!< PLLSAI division factor for PL
1307:board/stm32f401rct6/Drivers/STM32F4xx_HAL_Driver/Inc/stm32f4xx_ll_rcc.h **** #define LL_RCC_PLLSAIM_DIV_18             LL_RCC_PLLM_DIV_18     /*!< PLLSAI division factor for PL
1308:board/stm32f401rct6/Drivers/STM32F4xx_HAL_Driver/Inc/stm32f4xx_ll_rcc.h **** #define LL_RCC_PLLSAIM_DIV_19             LL_RCC_PLLM_DIV_19     /*!< PLLSAI division factor for PL
1309:board/stm32f401rct6/Drivers/STM32F4xx_HAL_Driver/Inc/stm32f4xx_ll_rcc.h **** #define LL_RCC_PLLSAIM_DIV_20             LL_RCC_PLLM_DIV_20     /*!< PLLSAI division factor for PL
1310:board/stm32f401rct6/Drivers/STM32F4xx_HAL_Driver/Inc/stm32f4xx_ll_rcc.h **** #define LL_RCC_PLLSAIM_DIV_21             LL_RCC_PLLM_DIV_21     /*!< PLLSAI division factor for PL
ARM GAS  C:\Users\Admin\AppData\Local\Temp\ccHMtLfr.s 			page 28


1311:board/stm32f401rct6/Drivers/STM32F4xx_HAL_Driver/Inc/stm32f4xx_ll_rcc.h **** #define LL_RCC_PLLSAIM_DIV_22             LL_RCC_PLLM_DIV_22     /*!< PLLSAI division factor for PL
1312:board/stm32f401rct6/Drivers/STM32F4xx_HAL_Driver/Inc/stm32f4xx_ll_rcc.h **** #define LL_RCC_PLLSAIM_DIV_23             LL_RCC_PLLM_DIV_23     /*!< PLLSAI division factor for PL
1313:board/stm32f401rct6/Drivers/STM32F4xx_HAL_Driver/Inc/stm32f4xx_ll_rcc.h **** #define LL_RCC_PLLSAIM_DIV_24             LL_RCC_PLLM_DIV_24     /*!< PLLSAI division factor for PL
1314:board/stm32f401rct6/Drivers/STM32F4xx_HAL_Driver/Inc/stm32f4xx_ll_rcc.h **** #define LL_RCC_PLLSAIM_DIV_25             LL_RCC_PLLM_DIV_25     /*!< PLLSAI division factor for PL
1315:board/stm32f401rct6/Drivers/STM32F4xx_HAL_Driver/Inc/stm32f4xx_ll_rcc.h **** #define LL_RCC_PLLSAIM_DIV_26             LL_RCC_PLLM_DIV_26     /*!< PLLSAI division factor for PL
1316:board/stm32f401rct6/Drivers/STM32F4xx_HAL_Driver/Inc/stm32f4xx_ll_rcc.h **** #define LL_RCC_PLLSAIM_DIV_27             LL_RCC_PLLM_DIV_27     /*!< PLLSAI division factor for PL
1317:board/stm32f401rct6/Drivers/STM32F4xx_HAL_Driver/Inc/stm32f4xx_ll_rcc.h **** #define LL_RCC_PLLSAIM_DIV_28             LL_RCC_PLLM_DIV_28     /*!< PLLSAI division factor for PL
1318:board/stm32f401rct6/Drivers/STM32F4xx_HAL_Driver/Inc/stm32f4xx_ll_rcc.h **** #define LL_RCC_PLLSAIM_DIV_29             LL_RCC_PLLM_DIV_29     /*!< PLLSAI division factor for PL
1319:board/stm32f401rct6/Drivers/STM32F4xx_HAL_Driver/Inc/stm32f4xx_ll_rcc.h **** #define LL_RCC_PLLSAIM_DIV_30             LL_RCC_PLLM_DIV_30     /*!< PLLSAI division factor for PL
1320:board/stm32f401rct6/Drivers/STM32F4xx_HAL_Driver/Inc/stm32f4xx_ll_rcc.h **** #define LL_RCC_PLLSAIM_DIV_31             LL_RCC_PLLM_DIV_31     /*!< PLLSAI division factor for PL
1321:board/stm32f401rct6/Drivers/STM32F4xx_HAL_Driver/Inc/stm32f4xx_ll_rcc.h **** #define LL_RCC_PLLSAIM_DIV_32             LL_RCC_PLLM_DIV_32     /*!< PLLSAI division factor for PL
1322:board/stm32f401rct6/Drivers/STM32F4xx_HAL_Driver/Inc/stm32f4xx_ll_rcc.h **** #define LL_RCC_PLLSAIM_DIV_33             LL_RCC_PLLM_DIV_33     /*!< PLLSAI division factor for PL
1323:board/stm32f401rct6/Drivers/STM32F4xx_HAL_Driver/Inc/stm32f4xx_ll_rcc.h **** #define LL_RCC_PLLSAIM_DIV_34             LL_RCC_PLLM_DIV_34     /*!< PLLSAI division factor for PL
1324:board/stm32f401rct6/Drivers/STM32F4xx_HAL_Driver/Inc/stm32f4xx_ll_rcc.h **** #define LL_RCC_PLLSAIM_DIV_35             LL_RCC_PLLM_DIV_35     /*!< PLLSAI division factor for PL
1325:board/stm32f401rct6/Drivers/STM32F4xx_HAL_Driver/Inc/stm32f4xx_ll_rcc.h **** #define LL_RCC_PLLSAIM_DIV_36             LL_RCC_PLLM_DIV_36     /*!< PLLSAI division factor for PL
1326:board/stm32f401rct6/Drivers/STM32F4xx_HAL_Driver/Inc/stm32f4xx_ll_rcc.h **** #define LL_RCC_PLLSAIM_DIV_37             LL_RCC_PLLM_DIV_37     /*!< PLLSAI division factor for PL
1327:board/stm32f401rct6/Drivers/STM32F4xx_HAL_Driver/Inc/stm32f4xx_ll_rcc.h **** #define LL_RCC_PLLSAIM_DIV_38             LL_RCC_PLLM_DIV_38     /*!< PLLSAI division factor for PL
1328:board/stm32f401rct6/Drivers/STM32F4xx_HAL_Driver/Inc/stm32f4xx_ll_rcc.h **** #define LL_RCC_PLLSAIM_DIV_39             LL_RCC_PLLM_DIV_39     /*!< PLLSAI division factor for PL
1329:board/stm32f401rct6/Drivers/STM32F4xx_HAL_Driver/Inc/stm32f4xx_ll_rcc.h **** #define LL_RCC_PLLSAIM_DIV_40             LL_RCC_PLLM_DIV_40     /*!< PLLSAI division factor for PL
1330:board/stm32f401rct6/Drivers/STM32F4xx_HAL_Driver/Inc/stm32f4xx_ll_rcc.h **** #define LL_RCC_PLLSAIM_DIV_41             LL_RCC_PLLM_DIV_41     /*!< PLLSAI division factor for PL
1331:board/stm32f401rct6/Drivers/STM32F4xx_HAL_Driver/Inc/stm32f4xx_ll_rcc.h **** #define LL_RCC_PLLSAIM_DIV_42             LL_RCC_PLLM_DIV_42     /*!< PLLSAI division factor for PL
1332:board/stm32f401rct6/Drivers/STM32F4xx_HAL_Driver/Inc/stm32f4xx_ll_rcc.h **** #define LL_RCC_PLLSAIM_DIV_43             LL_RCC_PLLM_DIV_43     /*!< PLLSAI division factor for PL
1333:board/stm32f401rct6/Drivers/STM32F4xx_HAL_Driver/Inc/stm32f4xx_ll_rcc.h **** #define LL_RCC_PLLSAIM_DIV_44             LL_RCC_PLLM_DIV_44     /*!< PLLSAI division factor for PL
1334:board/stm32f401rct6/Drivers/STM32F4xx_HAL_Driver/Inc/stm32f4xx_ll_rcc.h **** #define LL_RCC_PLLSAIM_DIV_45             LL_RCC_PLLM_DIV_45     /*!< PLLSAI division factor for PL
1335:board/stm32f401rct6/Drivers/STM32F4xx_HAL_Driver/Inc/stm32f4xx_ll_rcc.h **** #define LL_RCC_PLLSAIM_DIV_46             LL_RCC_PLLM_DIV_46     /*!< PLLSAI division factor for PL
1336:board/stm32f401rct6/Drivers/STM32F4xx_HAL_Driver/Inc/stm32f4xx_ll_rcc.h **** #define LL_RCC_PLLSAIM_DIV_47             LL_RCC_PLLM_DIV_47     /*!< PLLSAI division factor for PL
1337:board/stm32f401rct6/Drivers/STM32F4xx_HAL_Driver/Inc/stm32f4xx_ll_rcc.h **** #define LL_RCC_PLLSAIM_DIV_48             LL_RCC_PLLM_DIV_48     /*!< PLLSAI division factor for PL
1338:board/stm32f401rct6/Drivers/STM32F4xx_HAL_Driver/Inc/stm32f4xx_ll_rcc.h **** #define LL_RCC_PLLSAIM_DIV_49             LL_RCC_PLLM_DIV_49     /*!< PLLSAI division factor for PL
1339:board/stm32f401rct6/Drivers/STM32F4xx_HAL_Driver/Inc/stm32f4xx_ll_rcc.h **** #define LL_RCC_PLLSAIM_DIV_50             LL_RCC_PLLM_DIV_50     /*!< PLLSAI division factor for PL
1340:board/stm32f401rct6/Drivers/STM32F4xx_HAL_Driver/Inc/stm32f4xx_ll_rcc.h **** #define LL_RCC_PLLSAIM_DIV_51             LL_RCC_PLLM_DIV_51     /*!< PLLSAI division factor for PL
1341:board/stm32f401rct6/Drivers/STM32F4xx_HAL_Driver/Inc/stm32f4xx_ll_rcc.h **** #define LL_RCC_PLLSAIM_DIV_52             LL_RCC_PLLM_DIV_52     /*!< PLLSAI division factor for PL
1342:board/stm32f401rct6/Drivers/STM32F4xx_HAL_Driver/Inc/stm32f4xx_ll_rcc.h **** #define LL_RCC_PLLSAIM_DIV_53             LL_RCC_PLLM_DIV_53     /*!< PLLSAI division factor for PL
1343:board/stm32f401rct6/Drivers/STM32F4xx_HAL_Driver/Inc/stm32f4xx_ll_rcc.h **** #define LL_RCC_PLLSAIM_DIV_54             LL_RCC_PLLM_DIV_54     /*!< PLLSAI division factor for PL
1344:board/stm32f401rct6/Drivers/STM32F4xx_HAL_Driver/Inc/stm32f4xx_ll_rcc.h **** #define LL_RCC_PLLSAIM_DIV_55             LL_RCC_PLLM_DIV_55     /*!< PLLSAI division factor for PL
1345:board/stm32f401rct6/Drivers/STM32F4xx_HAL_Driver/Inc/stm32f4xx_ll_rcc.h **** #define LL_RCC_PLLSAIM_DIV_56             LL_RCC_PLLM_DIV_56     /*!< PLLSAI division factor for PL
1346:board/stm32f401rct6/Drivers/STM32F4xx_HAL_Driver/Inc/stm32f4xx_ll_rcc.h **** #define LL_RCC_PLLSAIM_DIV_57             LL_RCC_PLLM_DIV_57     /*!< PLLSAI division factor for PL
1347:board/stm32f401rct6/Drivers/STM32F4xx_HAL_Driver/Inc/stm32f4xx_ll_rcc.h **** #define LL_RCC_PLLSAIM_DIV_58             LL_RCC_PLLM_DIV_58     /*!< PLLSAI division factor for PL
1348:board/stm32f401rct6/Drivers/STM32F4xx_HAL_Driver/Inc/stm32f4xx_ll_rcc.h **** #define LL_RCC_PLLSAIM_DIV_59             LL_RCC_PLLM_DIV_59     /*!< PLLSAI division factor for PL
1349:board/stm32f401rct6/Drivers/STM32F4xx_HAL_Driver/Inc/stm32f4xx_ll_rcc.h **** #define LL_RCC_PLLSAIM_DIV_60             LL_RCC_PLLM_DIV_60     /*!< PLLSAI division factor for PL
1350:board/stm32f401rct6/Drivers/STM32F4xx_HAL_Driver/Inc/stm32f4xx_ll_rcc.h **** #define LL_RCC_PLLSAIM_DIV_61             LL_RCC_PLLM_DIV_61     /*!< PLLSAI division factor for PL
1351:board/stm32f401rct6/Drivers/STM32F4xx_HAL_Driver/Inc/stm32f4xx_ll_rcc.h **** #define LL_RCC_PLLSAIM_DIV_62             LL_RCC_PLLM_DIV_62     /*!< PLLSAI division factor for PL
1352:board/stm32f401rct6/Drivers/STM32F4xx_HAL_Driver/Inc/stm32f4xx_ll_rcc.h **** #define LL_RCC_PLLSAIM_DIV_63             LL_RCC_PLLM_DIV_63     /*!< PLLSAI division factor for PL
1353:board/stm32f401rct6/Drivers/STM32F4xx_HAL_Driver/Inc/stm32f4xx_ll_rcc.h **** #endif /* RCC_PLLSAICFGR_PLLSAIM */
1354:board/stm32f401rct6/Drivers/STM32F4xx_HAL_Driver/Inc/stm32f4xx_ll_rcc.h **** /**
1355:board/stm32f401rct6/Drivers/STM32F4xx_HAL_Driver/Inc/stm32f4xx_ll_rcc.h ****   * @}
1356:board/stm32f401rct6/Drivers/STM32F4xx_HAL_Driver/Inc/stm32f4xx_ll_rcc.h ****   */
1357:board/stm32f401rct6/Drivers/STM32F4xx_HAL_Driver/Inc/stm32f4xx_ll_rcc.h **** 
1358:board/stm32f401rct6/Drivers/STM32F4xx_HAL_Driver/Inc/stm32f4xx_ll_rcc.h **** /** @defgroup RCC_LL_EC_PLLSAIQ  PLLSAIQ division factor (PLLSAIQ)
1359:board/stm32f401rct6/Drivers/STM32F4xx_HAL_Driver/Inc/stm32f4xx_ll_rcc.h ****   * @{
1360:board/stm32f401rct6/Drivers/STM32F4xx_HAL_Driver/Inc/stm32f4xx_ll_rcc.h ****   */
1361:board/stm32f401rct6/Drivers/STM32F4xx_HAL_Driver/Inc/stm32f4xx_ll_rcc.h **** #define LL_RCC_PLLSAIQ_DIV_2              RCC_PLLSAICFGR_PLLSAIQ_1        /*!< PLLSAI division fact
1362:board/stm32f401rct6/Drivers/STM32F4xx_HAL_Driver/Inc/stm32f4xx_ll_rcc.h **** #define LL_RCC_PLLSAIQ_DIV_3              (RCC_PLLSAICFGR_PLLSAIQ_1 | RCC_PLLSAICFGR_PLLSAIQ_0)    
1363:board/stm32f401rct6/Drivers/STM32F4xx_HAL_Driver/Inc/stm32f4xx_ll_rcc.h **** #define LL_RCC_PLLSAIQ_DIV_4              RCC_PLLSAICFGR_PLLSAIQ_2        /*!< PLLSAI division fact
1364:board/stm32f401rct6/Drivers/STM32F4xx_HAL_Driver/Inc/stm32f4xx_ll_rcc.h **** #define LL_RCC_PLLSAIQ_DIV_5              (RCC_PLLSAICFGR_PLLSAIQ_2 | RCC_PLLSAICFGR_PLLSAIQ_0)    
1365:board/stm32f401rct6/Drivers/STM32F4xx_HAL_Driver/Inc/stm32f4xx_ll_rcc.h **** #define LL_RCC_PLLSAIQ_DIV_6              (RCC_PLLSAICFGR_PLLSAIQ_2 | RCC_PLLSAICFGR_PLLSAIQ_1)    
1366:board/stm32f401rct6/Drivers/STM32F4xx_HAL_Driver/Inc/stm32f4xx_ll_rcc.h **** #define LL_RCC_PLLSAIQ_DIV_7              (RCC_PLLSAICFGR_PLLSAIQ_2 | RCC_PLLSAICFGR_PLLSAIQ_1 | RC
1367:board/stm32f401rct6/Drivers/STM32F4xx_HAL_Driver/Inc/stm32f4xx_ll_rcc.h **** #define LL_RCC_PLLSAIQ_DIV_8              RCC_PLLSAICFGR_PLLSAIQ_3        /*!< PLLSAI division fact
ARM GAS  C:\Users\Admin\AppData\Local\Temp\ccHMtLfr.s 			page 29


1368:board/stm32f401rct6/Drivers/STM32F4xx_HAL_Driver/Inc/stm32f4xx_ll_rcc.h **** #define LL_RCC_PLLSAIQ_DIV_9              (RCC_PLLSAICFGR_PLLSAIQ_3 | RCC_PLLSAICFGR_PLLSAIQ_0)    
1369:board/stm32f401rct6/Drivers/STM32F4xx_HAL_Driver/Inc/stm32f4xx_ll_rcc.h **** #define LL_RCC_PLLSAIQ_DIV_10             (RCC_PLLSAICFGR_PLLSAIQ_3 | RCC_PLLSAICFGR_PLLSAIQ_1)    
1370:board/stm32f401rct6/Drivers/STM32F4xx_HAL_Driver/Inc/stm32f4xx_ll_rcc.h **** #define LL_RCC_PLLSAIQ_DIV_11             (RCC_PLLSAICFGR_PLLSAIQ_3 | RCC_PLLSAICFGR_PLLSAIQ_1 | RC
1371:board/stm32f401rct6/Drivers/STM32F4xx_HAL_Driver/Inc/stm32f4xx_ll_rcc.h **** #define LL_RCC_PLLSAIQ_DIV_12             (RCC_PLLSAICFGR_PLLSAIQ_3 | RCC_PLLSAICFGR_PLLSAIQ_2)    
1372:board/stm32f401rct6/Drivers/STM32F4xx_HAL_Driver/Inc/stm32f4xx_ll_rcc.h **** #define LL_RCC_PLLSAIQ_DIV_13             (RCC_PLLSAICFGR_PLLSAIQ_3 | RCC_PLLSAICFGR_PLLSAIQ_2 | RC
1373:board/stm32f401rct6/Drivers/STM32F4xx_HAL_Driver/Inc/stm32f4xx_ll_rcc.h **** #define LL_RCC_PLLSAIQ_DIV_14             (RCC_PLLSAICFGR_PLLSAIQ_3 | RCC_PLLSAICFGR_PLLSAIQ_2 | RC
1374:board/stm32f401rct6/Drivers/STM32F4xx_HAL_Driver/Inc/stm32f4xx_ll_rcc.h **** #define LL_RCC_PLLSAIQ_DIV_15             (RCC_PLLSAICFGR_PLLSAIQ_3 | RCC_PLLSAICFGR_PLLSAIQ_2 | RC
1375:board/stm32f401rct6/Drivers/STM32F4xx_HAL_Driver/Inc/stm32f4xx_ll_rcc.h **** /**
1376:board/stm32f401rct6/Drivers/STM32F4xx_HAL_Driver/Inc/stm32f4xx_ll_rcc.h ****   * @}
1377:board/stm32f401rct6/Drivers/STM32F4xx_HAL_Driver/Inc/stm32f4xx_ll_rcc.h ****   */
1378:board/stm32f401rct6/Drivers/STM32F4xx_HAL_Driver/Inc/stm32f4xx_ll_rcc.h **** 
1379:board/stm32f401rct6/Drivers/STM32F4xx_HAL_Driver/Inc/stm32f4xx_ll_rcc.h **** #if defined(RCC_DCKCFGR_PLLSAIDIVQ)
1380:board/stm32f401rct6/Drivers/STM32F4xx_HAL_Driver/Inc/stm32f4xx_ll_rcc.h **** /** @defgroup RCC_LL_EC_PLLSAIDIVQ  PLLSAIDIVQ division factor (PLLSAIDIVQ)
1381:board/stm32f401rct6/Drivers/STM32F4xx_HAL_Driver/Inc/stm32f4xx_ll_rcc.h ****   * @{
1382:board/stm32f401rct6/Drivers/STM32F4xx_HAL_Driver/Inc/stm32f4xx_ll_rcc.h ****   */
1383:board/stm32f401rct6/Drivers/STM32F4xx_HAL_Driver/Inc/stm32f4xx_ll_rcc.h **** #define LL_RCC_PLLSAIDIVQ_DIV_1           0x00000000U               /*!< PLLSAI division factor for
1384:board/stm32f401rct6/Drivers/STM32F4xx_HAL_Driver/Inc/stm32f4xx_ll_rcc.h **** #define LL_RCC_PLLSAIDIVQ_DIV_2           RCC_DCKCFGR_PLLSAIDIVQ_0          /*!< PLLSAI division fa
1385:board/stm32f401rct6/Drivers/STM32F4xx_HAL_Driver/Inc/stm32f4xx_ll_rcc.h **** #define LL_RCC_PLLSAIDIVQ_DIV_3           RCC_DCKCFGR_PLLSAIDIVQ_1          /*!< PLLSAI division fa
1386:board/stm32f401rct6/Drivers/STM32F4xx_HAL_Driver/Inc/stm32f4xx_ll_rcc.h **** #define LL_RCC_PLLSAIDIVQ_DIV_4           (RCC_DCKCFGR_PLLSAIDIVQ_1 | RCC_DCKCFGR_PLLSAIDIVQ_0)    
1387:board/stm32f401rct6/Drivers/STM32F4xx_HAL_Driver/Inc/stm32f4xx_ll_rcc.h **** #define LL_RCC_PLLSAIDIVQ_DIV_5           RCC_DCKCFGR_PLLSAIDIVQ_2          /*!< PLLSAI division fa
1388:board/stm32f401rct6/Drivers/STM32F4xx_HAL_Driver/Inc/stm32f4xx_ll_rcc.h **** #define LL_RCC_PLLSAIDIVQ_DIV_6           (RCC_DCKCFGR_PLLSAIDIVQ_2 | RCC_DCKCFGR_PLLSAIDIVQ_0)    
1389:board/stm32f401rct6/Drivers/STM32F4xx_HAL_Driver/Inc/stm32f4xx_ll_rcc.h **** #define LL_RCC_PLLSAIDIVQ_DIV_7           (RCC_DCKCFGR_PLLSAIDIVQ_2 | RCC_DCKCFGR_PLLSAIDIVQ_1)    
1390:board/stm32f401rct6/Drivers/STM32F4xx_HAL_Driver/Inc/stm32f4xx_ll_rcc.h **** #define LL_RCC_PLLSAIDIVQ_DIV_8           (RCC_DCKCFGR_PLLSAIDIVQ_2 | RCC_DCKCFGR_PLLSAIDIVQ_1 | RC
1391:board/stm32f401rct6/Drivers/STM32F4xx_HAL_Driver/Inc/stm32f4xx_ll_rcc.h **** #define LL_RCC_PLLSAIDIVQ_DIV_9           RCC_DCKCFGR_PLLSAIDIVQ_3          /*!< PLLSAI division fa
1392:board/stm32f401rct6/Drivers/STM32F4xx_HAL_Driver/Inc/stm32f4xx_ll_rcc.h **** #define LL_RCC_PLLSAIDIVQ_DIV_10          (RCC_DCKCFGR_PLLSAIDIVQ_3 | RCC_DCKCFGR_PLLSAIDIVQ_0)    
1393:board/stm32f401rct6/Drivers/STM32F4xx_HAL_Driver/Inc/stm32f4xx_ll_rcc.h **** #define LL_RCC_PLLSAIDIVQ_DIV_11          (RCC_DCKCFGR_PLLSAIDIVQ_3 | RCC_DCKCFGR_PLLSAIDIVQ_1)    
1394:board/stm32f401rct6/Drivers/STM32F4xx_HAL_Driver/Inc/stm32f4xx_ll_rcc.h **** #define LL_RCC_PLLSAIDIVQ_DIV_12          (RCC_DCKCFGR_PLLSAIDIVQ_3 | RCC_DCKCFGR_PLLSAIDIVQ_1 | RC
1395:board/stm32f401rct6/Drivers/STM32F4xx_HAL_Driver/Inc/stm32f4xx_ll_rcc.h **** #define LL_RCC_PLLSAIDIVQ_DIV_13          (RCC_DCKCFGR_PLLSAIDIVQ_3 | RCC_DCKCFGR_PLLSAIDIVQ_2)    
1396:board/stm32f401rct6/Drivers/STM32F4xx_HAL_Driver/Inc/stm32f4xx_ll_rcc.h **** #define LL_RCC_PLLSAIDIVQ_DIV_14          (RCC_DCKCFGR_PLLSAIDIVQ_3 | RCC_DCKCFGR_PLLSAIDIVQ_2 | RC
1397:board/stm32f401rct6/Drivers/STM32F4xx_HAL_Driver/Inc/stm32f4xx_ll_rcc.h **** #define LL_RCC_PLLSAIDIVQ_DIV_15          (RCC_DCKCFGR_PLLSAIDIVQ_3 | RCC_DCKCFGR_PLLSAIDIVQ_2 | RC
1398:board/stm32f401rct6/Drivers/STM32F4xx_HAL_Driver/Inc/stm32f4xx_ll_rcc.h **** #define LL_RCC_PLLSAIDIVQ_DIV_16          (RCC_DCKCFGR_PLLSAIDIVQ_3 | RCC_DCKCFGR_PLLSAIDIVQ_2 | RC
1399:board/stm32f401rct6/Drivers/STM32F4xx_HAL_Driver/Inc/stm32f4xx_ll_rcc.h **** #define LL_RCC_PLLSAIDIVQ_DIV_17          RCC_DCKCFGR_PLLSAIDIVQ_4         /*!< PLLSAI division fac
1400:board/stm32f401rct6/Drivers/STM32F4xx_HAL_Driver/Inc/stm32f4xx_ll_rcc.h **** #define LL_RCC_PLLSAIDIVQ_DIV_18          (RCC_DCKCFGR_PLLSAIDIVQ_4 | RCC_DCKCFGR_PLLSAIDIVQ_0)    
1401:board/stm32f401rct6/Drivers/STM32F4xx_HAL_Driver/Inc/stm32f4xx_ll_rcc.h **** #define LL_RCC_PLLSAIDIVQ_DIV_19          (RCC_DCKCFGR_PLLSAIDIVQ_4 | RCC_DCKCFGR_PLLSAIDIVQ_1)    
1402:board/stm32f401rct6/Drivers/STM32F4xx_HAL_Driver/Inc/stm32f4xx_ll_rcc.h **** #define LL_RCC_PLLSAIDIVQ_DIV_20          (RCC_DCKCFGR_PLLSAIDIVQ_4 | RCC_DCKCFGR_PLLSAIDIVQ_1 | RC
1403:board/stm32f401rct6/Drivers/STM32F4xx_HAL_Driver/Inc/stm32f4xx_ll_rcc.h **** #define LL_RCC_PLLSAIDIVQ_DIV_21          (RCC_DCKCFGR_PLLSAIDIVQ_4 | RCC_DCKCFGR_PLLSAIDIVQ_2)    
1404:board/stm32f401rct6/Drivers/STM32F4xx_HAL_Driver/Inc/stm32f4xx_ll_rcc.h **** #define LL_RCC_PLLSAIDIVQ_DIV_22          (RCC_DCKCFGR_PLLSAIDIVQ_4 | RCC_DCKCFGR_PLLSAIDIVQ_2 | RC
1405:board/stm32f401rct6/Drivers/STM32F4xx_HAL_Driver/Inc/stm32f4xx_ll_rcc.h **** #define LL_RCC_PLLSAIDIVQ_DIV_23          (RCC_DCKCFGR_PLLSAIDIVQ_4 | RCC_DCKCFGR_PLLSAIDIVQ_2 | RC
1406:board/stm32f401rct6/Drivers/STM32F4xx_HAL_Driver/Inc/stm32f4xx_ll_rcc.h **** #define LL_RCC_PLLSAIDIVQ_DIV_24          (RCC_DCKCFGR_PLLSAIDIVQ_4 | RCC_DCKCFGR_PLLSAIDIVQ_2 | RC
1407:board/stm32f401rct6/Drivers/STM32F4xx_HAL_Driver/Inc/stm32f4xx_ll_rcc.h **** #define LL_RCC_PLLSAIDIVQ_DIV_25          (RCC_DCKCFGR_PLLSAIDIVQ_4 | RCC_DCKCFGR_PLLSAIDIVQ_3)    
1408:board/stm32f401rct6/Drivers/STM32F4xx_HAL_Driver/Inc/stm32f4xx_ll_rcc.h **** #define LL_RCC_PLLSAIDIVQ_DIV_26          (RCC_DCKCFGR_PLLSAIDIVQ_4 | RCC_DCKCFGR_PLLSAIDIVQ_3 | RC
1409:board/stm32f401rct6/Drivers/STM32F4xx_HAL_Driver/Inc/stm32f4xx_ll_rcc.h **** #define LL_RCC_PLLSAIDIVQ_DIV_27          (RCC_DCKCFGR_PLLSAIDIVQ_4 | RCC_DCKCFGR_PLLSAIDIVQ_3 | RC
1410:board/stm32f401rct6/Drivers/STM32F4xx_HAL_Driver/Inc/stm32f4xx_ll_rcc.h **** #define LL_RCC_PLLSAIDIVQ_DIV_28          (RCC_DCKCFGR_PLLSAIDIVQ_4 | RCC_DCKCFGR_PLLSAIDIVQ_3 | RC
1411:board/stm32f401rct6/Drivers/STM32F4xx_HAL_Driver/Inc/stm32f4xx_ll_rcc.h **** #define LL_RCC_PLLSAIDIVQ_DIV_29          (RCC_DCKCFGR_PLLSAIDIVQ_4 | RCC_DCKCFGR_PLLSAIDIVQ_3 | RC
1412:board/stm32f401rct6/Drivers/STM32F4xx_HAL_Driver/Inc/stm32f4xx_ll_rcc.h **** #define LL_RCC_PLLSAIDIVQ_DIV_30          (RCC_DCKCFGR_PLLSAIDIVQ_4 | RCC_DCKCFGR_PLLSAIDIVQ_3 | RC
1413:board/stm32f401rct6/Drivers/STM32F4xx_HAL_Driver/Inc/stm32f4xx_ll_rcc.h **** #define LL_RCC_PLLSAIDIVQ_DIV_31          (RCC_DCKCFGR_PLLSAIDIVQ_4 | RCC_DCKCFGR_PLLSAIDIVQ_3 | RC
1414:board/stm32f401rct6/Drivers/STM32F4xx_HAL_Driver/Inc/stm32f4xx_ll_rcc.h **** #define LL_RCC_PLLSAIDIVQ_DIV_32          (RCC_DCKCFGR_PLLSAIDIVQ_4 | RCC_DCKCFGR_PLLSAIDIVQ_3 | RC
1415:board/stm32f401rct6/Drivers/STM32F4xx_HAL_Driver/Inc/stm32f4xx_ll_rcc.h **** /**
1416:board/stm32f401rct6/Drivers/STM32F4xx_HAL_Driver/Inc/stm32f4xx_ll_rcc.h ****   * @}
1417:board/stm32f401rct6/Drivers/STM32F4xx_HAL_Driver/Inc/stm32f4xx_ll_rcc.h ****   */
1418:board/stm32f401rct6/Drivers/STM32F4xx_HAL_Driver/Inc/stm32f4xx_ll_rcc.h **** #endif /* RCC_DCKCFGR_PLLSAIDIVQ */
1419:board/stm32f401rct6/Drivers/STM32F4xx_HAL_Driver/Inc/stm32f4xx_ll_rcc.h **** 
1420:board/stm32f401rct6/Drivers/STM32F4xx_HAL_Driver/Inc/stm32f4xx_ll_rcc.h **** #if defined(RCC_PLLSAICFGR_PLLSAIR)
1421:board/stm32f401rct6/Drivers/STM32F4xx_HAL_Driver/Inc/stm32f4xx_ll_rcc.h **** /** @defgroup RCC_LL_EC_PLLSAIR  PLLSAIR division factor (PLLSAIR)
1422:board/stm32f401rct6/Drivers/STM32F4xx_HAL_Driver/Inc/stm32f4xx_ll_rcc.h ****   * @{
1423:board/stm32f401rct6/Drivers/STM32F4xx_HAL_Driver/Inc/stm32f4xx_ll_rcc.h ****   */
1424:board/stm32f401rct6/Drivers/STM32F4xx_HAL_Driver/Inc/stm32f4xx_ll_rcc.h **** #define LL_RCC_PLLSAIR_DIV_2              RCC_PLLSAICFGR_PLLSAIR_1                                 
ARM GAS  C:\Users\Admin\AppData\Local\Temp\ccHMtLfr.s 			page 30


1425:board/stm32f401rct6/Drivers/STM32F4xx_HAL_Driver/Inc/stm32f4xx_ll_rcc.h **** #define LL_RCC_PLLSAIR_DIV_3              (RCC_PLLSAICFGR_PLLSAIR_1 | RCC_PLLSAICFGR_PLLSAIR_0)    
1426:board/stm32f401rct6/Drivers/STM32F4xx_HAL_Driver/Inc/stm32f4xx_ll_rcc.h **** #define LL_RCC_PLLSAIR_DIV_4              RCC_PLLSAICFGR_PLLSAIR_2                                 
1427:board/stm32f401rct6/Drivers/STM32F4xx_HAL_Driver/Inc/stm32f4xx_ll_rcc.h **** #define LL_RCC_PLLSAIR_DIV_5              (RCC_PLLSAICFGR_PLLSAIR_2 | RCC_PLLSAICFGR_PLLSAIR_0)    
1428:board/stm32f401rct6/Drivers/STM32F4xx_HAL_Driver/Inc/stm32f4xx_ll_rcc.h **** #define LL_RCC_PLLSAIR_DIV_6              (RCC_PLLSAICFGR_PLLSAIR_2 | RCC_PLLSAICFGR_PLLSAIR_1)    
1429:board/stm32f401rct6/Drivers/STM32F4xx_HAL_Driver/Inc/stm32f4xx_ll_rcc.h **** #define LL_RCC_PLLSAIR_DIV_7              (RCC_PLLSAICFGR_PLLSAIR_2 | RCC_PLLSAICFGR_PLLSAIR_1 | RC
1430:board/stm32f401rct6/Drivers/STM32F4xx_HAL_Driver/Inc/stm32f4xx_ll_rcc.h **** /**
1431:board/stm32f401rct6/Drivers/STM32F4xx_HAL_Driver/Inc/stm32f4xx_ll_rcc.h ****   * @}
1432:board/stm32f401rct6/Drivers/STM32F4xx_HAL_Driver/Inc/stm32f4xx_ll_rcc.h ****   */
1433:board/stm32f401rct6/Drivers/STM32F4xx_HAL_Driver/Inc/stm32f4xx_ll_rcc.h **** #endif /* RCC_PLLSAICFGR_PLLSAIR */
1434:board/stm32f401rct6/Drivers/STM32F4xx_HAL_Driver/Inc/stm32f4xx_ll_rcc.h **** 
1435:board/stm32f401rct6/Drivers/STM32F4xx_HAL_Driver/Inc/stm32f4xx_ll_rcc.h **** #if defined(RCC_DCKCFGR_PLLSAIDIVR)
1436:board/stm32f401rct6/Drivers/STM32F4xx_HAL_Driver/Inc/stm32f4xx_ll_rcc.h **** /** @defgroup RCC_LL_EC_PLLSAIDIVR  PLLSAIDIVR division factor (PLLSAIDIVR)
1437:board/stm32f401rct6/Drivers/STM32F4xx_HAL_Driver/Inc/stm32f4xx_ll_rcc.h ****   * @{
1438:board/stm32f401rct6/Drivers/STM32F4xx_HAL_Driver/Inc/stm32f4xx_ll_rcc.h ****   */
1439:board/stm32f401rct6/Drivers/STM32F4xx_HAL_Driver/Inc/stm32f4xx_ll_rcc.h **** #define LL_RCC_PLLSAIDIVR_DIV_2           0x00000000U             /*!< PLLSAI division factor for P
1440:board/stm32f401rct6/Drivers/STM32F4xx_HAL_Driver/Inc/stm32f4xx_ll_rcc.h **** #define LL_RCC_PLLSAIDIVR_DIV_4           RCC_DCKCFGR_PLLSAIDIVR_0        /*!< PLLSAI division fact
1441:board/stm32f401rct6/Drivers/STM32F4xx_HAL_Driver/Inc/stm32f4xx_ll_rcc.h **** #define LL_RCC_PLLSAIDIVR_DIV_8           RCC_DCKCFGR_PLLSAIDIVR_1        /*!< PLLSAI division fact
1442:board/stm32f401rct6/Drivers/STM32F4xx_HAL_Driver/Inc/stm32f4xx_ll_rcc.h **** #define LL_RCC_PLLSAIDIVR_DIV_16          (RCC_DCKCFGR_PLLSAIDIVR_1 | RCC_DCKCFGR_PLLSAIDIVR_0)    
1443:board/stm32f401rct6/Drivers/STM32F4xx_HAL_Driver/Inc/stm32f4xx_ll_rcc.h **** /**
1444:board/stm32f401rct6/Drivers/STM32F4xx_HAL_Driver/Inc/stm32f4xx_ll_rcc.h ****   * @}
1445:board/stm32f401rct6/Drivers/STM32F4xx_HAL_Driver/Inc/stm32f4xx_ll_rcc.h ****   */
1446:board/stm32f401rct6/Drivers/STM32F4xx_HAL_Driver/Inc/stm32f4xx_ll_rcc.h **** #endif /* RCC_DCKCFGR_PLLSAIDIVR */
1447:board/stm32f401rct6/Drivers/STM32F4xx_HAL_Driver/Inc/stm32f4xx_ll_rcc.h **** 
1448:board/stm32f401rct6/Drivers/STM32F4xx_HAL_Driver/Inc/stm32f4xx_ll_rcc.h **** #if defined(RCC_PLLSAICFGR_PLLSAIP)
1449:board/stm32f401rct6/Drivers/STM32F4xx_HAL_Driver/Inc/stm32f4xx_ll_rcc.h **** /** @defgroup RCC_LL_EC_PLLSAIP  PLLSAIP division factor (PLLSAIP)
1450:board/stm32f401rct6/Drivers/STM32F4xx_HAL_Driver/Inc/stm32f4xx_ll_rcc.h ****   * @{
1451:board/stm32f401rct6/Drivers/STM32F4xx_HAL_Driver/Inc/stm32f4xx_ll_rcc.h ****   */
1452:board/stm32f401rct6/Drivers/STM32F4xx_HAL_Driver/Inc/stm32f4xx_ll_rcc.h **** #define LL_RCC_PLLSAIP_DIV_2              0x00000000U               /*!< PLLSAI division factor for
1453:board/stm32f401rct6/Drivers/STM32F4xx_HAL_Driver/Inc/stm32f4xx_ll_rcc.h **** #define LL_RCC_PLLSAIP_DIV_4              RCC_PLLSAICFGR_PLLSAIP_0        /*!< PLLSAI division fact
1454:board/stm32f401rct6/Drivers/STM32F4xx_HAL_Driver/Inc/stm32f4xx_ll_rcc.h **** #define LL_RCC_PLLSAIP_DIV_6              RCC_PLLSAICFGR_PLLSAIP_1        /*!< PLLSAI division fact
1455:board/stm32f401rct6/Drivers/STM32F4xx_HAL_Driver/Inc/stm32f4xx_ll_rcc.h **** #define LL_RCC_PLLSAIP_DIV_8              (RCC_PLLSAICFGR_PLLSAIP_1 | RCC_PLLSAICFGR_PLLSAIP_0)    
1456:board/stm32f401rct6/Drivers/STM32F4xx_HAL_Driver/Inc/stm32f4xx_ll_rcc.h **** /**
1457:board/stm32f401rct6/Drivers/STM32F4xx_HAL_Driver/Inc/stm32f4xx_ll_rcc.h ****   * @}
1458:board/stm32f401rct6/Drivers/STM32F4xx_HAL_Driver/Inc/stm32f4xx_ll_rcc.h ****   */
1459:board/stm32f401rct6/Drivers/STM32F4xx_HAL_Driver/Inc/stm32f4xx_ll_rcc.h **** #endif /* RCC_PLLSAICFGR_PLLSAIP */
1460:board/stm32f401rct6/Drivers/STM32F4xx_HAL_Driver/Inc/stm32f4xx_ll_rcc.h **** #endif /* RCC_PLLSAI_SUPPORT */
1461:board/stm32f401rct6/Drivers/STM32F4xx_HAL_Driver/Inc/stm32f4xx_ll_rcc.h **** /**
1462:board/stm32f401rct6/Drivers/STM32F4xx_HAL_Driver/Inc/stm32f4xx_ll_rcc.h ****   * @}
1463:board/stm32f401rct6/Drivers/STM32F4xx_HAL_Driver/Inc/stm32f4xx_ll_rcc.h ****   */
1464:board/stm32f401rct6/Drivers/STM32F4xx_HAL_Driver/Inc/stm32f4xx_ll_rcc.h **** 
1465:board/stm32f401rct6/Drivers/STM32F4xx_HAL_Driver/Inc/stm32f4xx_ll_rcc.h **** /* Exported macro ------------------------------------------------------------*/
1466:board/stm32f401rct6/Drivers/STM32F4xx_HAL_Driver/Inc/stm32f4xx_ll_rcc.h **** /** @defgroup RCC_LL_Exported_Macros RCC Exported Macros
1467:board/stm32f401rct6/Drivers/STM32F4xx_HAL_Driver/Inc/stm32f4xx_ll_rcc.h ****   * @{
1468:board/stm32f401rct6/Drivers/STM32F4xx_HAL_Driver/Inc/stm32f4xx_ll_rcc.h ****   */
1469:board/stm32f401rct6/Drivers/STM32F4xx_HAL_Driver/Inc/stm32f4xx_ll_rcc.h **** 
1470:board/stm32f401rct6/Drivers/STM32F4xx_HAL_Driver/Inc/stm32f4xx_ll_rcc.h **** /** @defgroup RCC_LL_EM_WRITE_READ Common Write and read registers Macros
1471:board/stm32f401rct6/Drivers/STM32F4xx_HAL_Driver/Inc/stm32f4xx_ll_rcc.h ****   * @{
1472:board/stm32f401rct6/Drivers/STM32F4xx_HAL_Driver/Inc/stm32f4xx_ll_rcc.h ****   */
1473:board/stm32f401rct6/Drivers/STM32F4xx_HAL_Driver/Inc/stm32f4xx_ll_rcc.h **** 
1474:board/stm32f401rct6/Drivers/STM32F4xx_HAL_Driver/Inc/stm32f4xx_ll_rcc.h **** /**
1475:board/stm32f401rct6/Drivers/STM32F4xx_HAL_Driver/Inc/stm32f4xx_ll_rcc.h ****   * @brief  Write a value in RCC register
1476:board/stm32f401rct6/Drivers/STM32F4xx_HAL_Driver/Inc/stm32f4xx_ll_rcc.h ****   * @param  __REG__ Register to be written
1477:board/stm32f401rct6/Drivers/STM32F4xx_HAL_Driver/Inc/stm32f4xx_ll_rcc.h ****   * @param  __VALUE__ Value to be written in the register
1478:board/stm32f401rct6/Drivers/STM32F4xx_HAL_Driver/Inc/stm32f4xx_ll_rcc.h ****   * @retval None
1479:board/stm32f401rct6/Drivers/STM32F4xx_HAL_Driver/Inc/stm32f4xx_ll_rcc.h ****   */
1480:board/stm32f401rct6/Drivers/STM32F4xx_HAL_Driver/Inc/stm32f4xx_ll_rcc.h **** #define LL_RCC_WriteReg(__REG__, __VALUE__) WRITE_REG(RCC->__REG__, (__VALUE__))
1481:board/stm32f401rct6/Drivers/STM32F4xx_HAL_Driver/Inc/stm32f4xx_ll_rcc.h **** 
ARM GAS  C:\Users\Admin\AppData\Local\Temp\ccHMtLfr.s 			page 31


1482:board/stm32f401rct6/Drivers/STM32F4xx_HAL_Driver/Inc/stm32f4xx_ll_rcc.h **** /**
1483:board/stm32f401rct6/Drivers/STM32F4xx_HAL_Driver/Inc/stm32f4xx_ll_rcc.h ****   * @brief  Read a value in RCC register
1484:board/stm32f401rct6/Drivers/STM32F4xx_HAL_Driver/Inc/stm32f4xx_ll_rcc.h ****   * @param  __REG__ Register to be read
1485:board/stm32f401rct6/Drivers/STM32F4xx_HAL_Driver/Inc/stm32f4xx_ll_rcc.h ****   * @retval Register value
1486:board/stm32f401rct6/Drivers/STM32F4xx_HAL_Driver/Inc/stm32f4xx_ll_rcc.h ****   */
1487:board/stm32f401rct6/Drivers/STM32F4xx_HAL_Driver/Inc/stm32f4xx_ll_rcc.h **** #define LL_RCC_ReadReg(__REG__) READ_REG(RCC->__REG__)
1488:board/stm32f401rct6/Drivers/STM32F4xx_HAL_Driver/Inc/stm32f4xx_ll_rcc.h **** /**
1489:board/stm32f401rct6/Drivers/STM32F4xx_HAL_Driver/Inc/stm32f4xx_ll_rcc.h ****   * @}
1490:board/stm32f401rct6/Drivers/STM32F4xx_HAL_Driver/Inc/stm32f4xx_ll_rcc.h ****   */
1491:board/stm32f401rct6/Drivers/STM32F4xx_HAL_Driver/Inc/stm32f4xx_ll_rcc.h **** 
1492:board/stm32f401rct6/Drivers/STM32F4xx_HAL_Driver/Inc/stm32f4xx_ll_rcc.h **** /** @defgroup RCC_LL_EM_CALC_FREQ Calculate frequencies
1493:board/stm32f401rct6/Drivers/STM32F4xx_HAL_Driver/Inc/stm32f4xx_ll_rcc.h ****   * @{
1494:board/stm32f401rct6/Drivers/STM32F4xx_HAL_Driver/Inc/stm32f4xx_ll_rcc.h ****   */
1495:board/stm32f401rct6/Drivers/STM32F4xx_HAL_Driver/Inc/stm32f4xx_ll_rcc.h **** 
1496:board/stm32f401rct6/Drivers/STM32F4xx_HAL_Driver/Inc/stm32f4xx_ll_rcc.h **** /**
1497:board/stm32f401rct6/Drivers/STM32F4xx_HAL_Driver/Inc/stm32f4xx_ll_rcc.h ****   * @brief  Helper macro to calculate the PLLCLK frequency on system domain
1498:board/stm32f401rct6/Drivers/STM32F4xx_HAL_Driver/Inc/stm32f4xx_ll_rcc.h ****   * @note ex: @ref __LL_RCC_CALC_PLLCLK_FREQ (HSE_VALUE,@ref LL_RCC_PLL_GetDivider (),
1499:board/stm32f401rct6/Drivers/STM32F4xx_HAL_Driver/Inc/stm32f4xx_ll_rcc.h ****   *             @ref LL_RCC_PLL_GetN (), @ref LL_RCC_PLL_GetP ());
1500:board/stm32f401rct6/Drivers/STM32F4xx_HAL_Driver/Inc/stm32f4xx_ll_rcc.h ****   * @param  __INPUTFREQ__ PLL Input frequency (based on HSE/HSI)
1501:board/stm32f401rct6/Drivers/STM32F4xx_HAL_Driver/Inc/stm32f4xx_ll_rcc.h ****   * @param  __PLLM__ This parameter can be one of the following values:
1502:board/stm32f401rct6/Drivers/STM32F4xx_HAL_Driver/Inc/stm32f4xx_ll_rcc.h ****   *         @arg @ref LL_RCC_PLLM_DIV_2
1503:board/stm32f401rct6/Drivers/STM32F4xx_HAL_Driver/Inc/stm32f4xx_ll_rcc.h ****   *         @arg @ref LL_RCC_PLLM_DIV_3
1504:board/stm32f401rct6/Drivers/STM32F4xx_HAL_Driver/Inc/stm32f4xx_ll_rcc.h ****   *         @arg @ref LL_RCC_PLLM_DIV_4
1505:board/stm32f401rct6/Drivers/STM32F4xx_HAL_Driver/Inc/stm32f4xx_ll_rcc.h ****   *         @arg @ref LL_RCC_PLLM_DIV_5
1506:board/stm32f401rct6/Drivers/STM32F4xx_HAL_Driver/Inc/stm32f4xx_ll_rcc.h ****   *         @arg @ref LL_RCC_PLLM_DIV_6
1507:board/stm32f401rct6/Drivers/STM32F4xx_HAL_Driver/Inc/stm32f4xx_ll_rcc.h ****   *         @arg @ref LL_RCC_PLLM_DIV_7
1508:board/stm32f401rct6/Drivers/STM32F4xx_HAL_Driver/Inc/stm32f4xx_ll_rcc.h ****   *         @arg @ref LL_RCC_PLLM_DIV_8
1509:board/stm32f401rct6/Drivers/STM32F4xx_HAL_Driver/Inc/stm32f4xx_ll_rcc.h ****   *         @arg @ref LL_RCC_PLLM_DIV_9
1510:board/stm32f401rct6/Drivers/STM32F4xx_HAL_Driver/Inc/stm32f4xx_ll_rcc.h ****   *         @arg @ref LL_RCC_PLLM_DIV_10
1511:board/stm32f401rct6/Drivers/STM32F4xx_HAL_Driver/Inc/stm32f4xx_ll_rcc.h ****   *         @arg @ref LL_RCC_PLLM_DIV_11
1512:board/stm32f401rct6/Drivers/STM32F4xx_HAL_Driver/Inc/stm32f4xx_ll_rcc.h ****   *         @arg @ref LL_RCC_PLLM_DIV_12
1513:board/stm32f401rct6/Drivers/STM32F4xx_HAL_Driver/Inc/stm32f4xx_ll_rcc.h ****   *         @arg @ref LL_RCC_PLLM_DIV_13
1514:board/stm32f401rct6/Drivers/STM32F4xx_HAL_Driver/Inc/stm32f4xx_ll_rcc.h ****   *         @arg @ref LL_RCC_PLLM_DIV_14
1515:board/stm32f401rct6/Drivers/STM32F4xx_HAL_Driver/Inc/stm32f4xx_ll_rcc.h ****   *         @arg @ref LL_RCC_PLLM_DIV_15
1516:board/stm32f401rct6/Drivers/STM32F4xx_HAL_Driver/Inc/stm32f4xx_ll_rcc.h ****   *         @arg @ref LL_RCC_PLLM_DIV_16
1517:board/stm32f401rct6/Drivers/STM32F4xx_HAL_Driver/Inc/stm32f4xx_ll_rcc.h ****   *         @arg @ref LL_RCC_PLLM_DIV_17
1518:board/stm32f401rct6/Drivers/STM32F4xx_HAL_Driver/Inc/stm32f4xx_ll_rcc.h ****   *         @arg @ref LL_RCC_PLLM_DIV_18
1519:board/stm32f401rct6/Drivers/STM32F4xx_HAL_Driver/Inc/stm32f4xx_ll_rcc.h ****   *         @arg @ref LL_RCC_PLLM_DIV_19
1520:board/stm32f401rct6/Drivers/STM32F4xx_HAL_Driver/Inc/stm32f4xx_ll_rcc.h ****   *         @arg @ref LL_RCC_PLLM_DIV_20
1521:board/stm32f401rct6/Drivers/STM32F4xx_HAL_Driver/Inc/stm32f4xx_ll_rcc.h ****   *         @arg @ref LL_RCC_PLLM_DIV_21
1522:board/stm32f401rct6/Drivers/STM32F4xx_HAL_Driver/Inc/stm32f4xx_ll_rcc.h ****   *         @arg @ref LL_RCC_PLLM_DIV_22
1523:board/stm32f401rct6/Drivers/STM32F4xx_HAL_Driver/Inc/stm32f4xx_ll_rcc.h ****   *         @arg @ref LL_RCC_PLLM_DIV_23
1524:board/stm32f401rct6/Drivers/STM32F4xx_HAL_Driver/Inc/stm32f4xx_ll_rcc.h ****   *         @arg @ref LL_RCC_PLLM_DIV_24
1525:board/stm32f401rct6/Drivers/STM32F4xx_HAL_Driver/Inc/stm32f4xx_ll_rcc.h ****   *         @arg @ref LL_RCC_PLLM_DIV_25
1526:board/stm32f401rct6/Drivers/STM32F4xx_HAL_Driver/Inc/stm32f4xx_ll_rcc.h ****   *         @arg @ref LL_RCC_PLLM_DIV_26
1527:board/stm32f401rct6/Drivers/STM32F4xx_HAL_Driver/Inc/stm32f4xx_ll_rcc.h ****   *         @arg @ref LL_RCC_PLLM_DIV_27
1528:board/stm32f401rct6/Drivers/STM32F4xx_HAL_Driver/Inc/stm32f4xx_ll_rcc.h ****   *         @arg @ref LL_RCC_PLLM_DIV_28
1529:board/stm32f401rct6/Drivers/STM32F4xx_HAL_Driver/Inc/stm32f4xx_ll_rcc.h ****   *         @arg @ref LL_RCC_PLLM_DIV_29
1530:board/stm32f401rct6/Drivers/STM32F4xx_HAL_Driver/Inc/stm32f4xx_ll_rcc.h ****   *         @arg @ref LL_RCC_PLLM_DIV_30
1531:board/stm32f401rct6/Drivers/STM32F4xx_HAL_Driver/Inc/stm32f4xx_ll_rcc.h ****   *         @arg @ref LL_RCC_PLLM_DIV_31
1532:board/stm32f401rct6/Drivers/STM32F4xx_HAL_Driver/Inc/stm32f4xx_ll_rcc.h ****   *         @arg @ref LL_RCC_PLLM_DIV_32
1533:board/stm32f401rct6/Drivers/STM32F4xx_HAL_Driver/Inc/stm32f4xx_ll_rcc.h ****   *         @arg @ref LL_RCC_PLLM_DIV_33
1534:board/stm32f401rct6/Drivers/STM32F4xx_HAL_Driver/Inc/stm32f4xx_ll_rcc.h ****   *         @arg @ref LL_RCC_PLLM_DIV_34
1535:board/stm32f401rct6/Drivers/STM32F4xx_HAL_Driver/Inc/stm32f4xx_ll_rcc.h ****   *         @arg @ref LL_RCC_PLLM_DIV_35
1536:board/stm32f401rct6/Drivers/STM32F4xx_HAL_Driver/Inc/stm32f4xx_ll_rcc.h ****   *         @arg @ref LL_RCC_PLLM_DIV_36
1537:board/stm32f401rct6/Drivers/STM32F4xx_HAL_Driver/Inc/stm32f4xx_ll_rcc.h ****   *         @arg @ref LL_RCC_PLLM_DIV_37
1538:board/stm32f401rct6/Drivers/STM32F4xx_HAL_Driver/Inc/stm32f4xx_ll_rcc.h ****   *         @arg @ref LL_RCC_PLLM_DIV_38
ARM GAS  C:\Users\Admin\AppData\Local\Temp\ccHMtLfr.s 			page 32


1539:board/stm32f401rct6/Drivers/STM32F4xx_HAL_Driver/Inc/stm32f4xx_ll_rcc.h ****   *         @arg @ref LL_RCC_PLLM_DIV_39
1540:board/stm32f401rct6/Drivers/STM32F4xx_HAL_Driver/Inc/stm32f4xx_ll_rcc.h ****   *         @arg @ref LL_RCC_PLLM_DIV_40
1541:board/stm32f401rct6/Drivers/STM32F4xx_HAL_Driver/Inc/stm32f4xx_ll_rcc.h ****   *         @arg @ref LL_RCC_PLLM_DIV_41
1542:board/stm32f401rct6/Drivers/STM32F4xx_HAL_Driver/Inc/stm32f4xx_ll_rcc.h ****   *         @arg @ref LL_RCC_PLLM_DIV_42
1543:board/stm32f401rct6/Drivers/STM32F4xx_HAL_Driver/Inc/stm32f4xx_ll_rcc.h ****   *         @arg @ref LL_RCC_PLLM_DIV_43
1544:board/stm32f401rct6/Drivers/STM32F4xx_HAL_Driver/Inc/stm32f4xx_ll_rcc.h ****   *         @arg @ref LL_RCC_PLLM_DIV_44
1545:board/stm32f401rct6/Drivers/STM32F4xx_HAL_Driver/Inc/stm32f4xx_ll_rcc.h ****   *         @arg @ref LL_RCC_PLLM_DIV_45
1546:board/stm32f401rct6/Drivers/STM32F4xx_HAL_Driver/Inc/stm32f4xx_ll_rcc.h ****   *         @arg @ref LL_RCC_PLLM_DIV_46
1547:board/stm32f401rct6/Drivers/STM32F4xx_HAL_Driver/Inc/stm32f4xx_ll_rcc.h ****   *         @arg @ref LL_RCC_PLLM_DIV_47
1548:board/stm32f401rct6/Drivers/STM32F4xx_HAL_Driver/Inc/stm32f4xx_ll_rcc.h ****   *         @arg @ref LL_RCC_PLLM_DIV_48
1549:board/stm32f401rct6/Drivers/STM32F4xx_HAL_Driver/Inc/stm32f4xx_ll_rcc.h ****   *         @arg @ref LL_RCC_PLLM_DIV_49
1550:board/stm32f401rct6/Drivers/STM32F4xx_HAL_Driver/Inc/stm32f4xx_ll_rcc.h ****   *         @arg @ref LL_RCC_PLLM_DIV_50
1551:board/stm32f401rct6/Drivers/STM32F4xx_HAL_Driver/Inc/stm32f4xx_ll_rcc.h ****   *         @arg @ref LL_RCC_PLLM_DIV_51
1552:board/stm32f401rct6/Drivers/STM32F4xx_HAL_Driver/Inc/stm32f4xx_ll_rcc.h ****   *         @arg @ref LL_RCC_PLLM_DIV_52
1553:board/stm32f401rct6/Drivers/STM32F4xx_HAL_Driver/Inc/stm32f4xx_ll_rcc.h ****   *         @arg @ref LL_RCC_PLLM_DIV_53
1554:board/stm32f401rct6/Drivers/STM32F4xx_HAL_Driver/Inc/stm32f4xx_ll_rcc.h ****   *         @arg @ref LL_RCC_PLLM_DIV_54
1555:board/stm32f401rct6/Drivers/STM32F4xx_HAL_Driver/Inc/stm32f4xx_ll_rcc.h ****   *         @arg @ref LL_RCC_PLLM_DIV_55
1556:board/stm32f401rct6/Drivers/STM32F4xx_HAL_Driver/Inc/stm32f4xx_ll_rcc.h ****   *         @arg @ref LL_RCC_PLLM_DIV_56
1557:board/stm32f401rct6/Drivers/STM32F4xx_HAL_Driver/Inc/stm32f4xx_ll_rcc.h ****   *         @arg @ref LL_RCC_PLLM_DIV_57
1558:board/stm32f401rct6/Drivers/STM32F4xx_HAL_Driver/Inc/stm32f4xx_ll_rcc.h ****   *         @arg @ref LL_RCC_PLLM_DIV_58
1559:board/stm32f401rct6/Drivers/STM32F4xx_HAL_Driver/Inc/stm32f4xx_ll_rcc.h ****   *         @arg @ref LL_RCC_PLLM_DIV_59
1560:board/stm32f401rct6/Drivers/STM32F4xx_HAL_Driver/Inc/stm32f4xx_ll_rcc.h ****   *         @arg @ref LL_RCC_PLLM_DIV_60
1561:board/stm32f401rct6/Drivers/STM32F4xx_HAL_Driver/Inc/stm32f4xx_ll_rcc.h ****   *         @arg @ref LL_RCC_PLLM_DIV_61
1562:board/stm32f401rct6/Drivers/STM32F4xx_HAL_Driver/Inc/stm32f4xx_ll_rcc.h ****   *         @arg @ref LL_RCC_PLLM_DIV_62
1563:board/stm32f401rct6/Drivers/STM32F4xx_HAL_Driver/Inc/stm32f4xx_ll_rcc.h ****   *         @arg @ref LL_RCC_PLLM_DIV_63
1564:board/stm32f401rct6/Drivers/STM32F4xx_HAL_Driver/Inc/stm32f4xx_ll_rcc.h ****   * @param  __PLLN__ Between 50/192(*) and 432
1565:board/stm32f401rct6/Drivers/STM32F4xx_HAL_Driver/Inc/stm32f4xx_ll_rcc.h ****   *
1566:board/stm32f401rct6/Drivers/STM32F4xx_HAL_Driver/Inc/stm32f4xx_ll_rcc.h ****   *         (*) value not defined in all devices.
1567:board/stm32f401rct6/Drivers/STM32F4xx_HAL_Driver/Inc/stm32f4xx_ll_rcc.h ****   * @param  __PLLP__ This parameter can be one of the following values:
1568:board/stm32f401rct6/Drivers/STM32F4xx_HAL_Driver/Inc/stm32f4xx_ll_rcc.h ****   *         @arg @ref LL_RCC_PLLP_DIV_2
1569:board/stm32f401rct6/Drivers/STM32F4xx_HAL_Driver/Inc/stm32f4xx_ll_rcc.h ****   *         @arg @ref LL_RCC_PLLP_DIV_4
1570:board/stm32f401rct6/Drivers/STM32F4xx_HAL_Driver/Inc/stm32f4xx_ll_rcc.h ****   *         @arg @ref LL_RCC_PLLP_DIV_6
1571:board/stm32f401rct6/Drivers/STM32F4xx_HAL_Driver/Inc/stm32f4xx_ll_rcc.h ****   *         @arg @ref LL_RCC_PLLP_DIV_8
1572:board/stm32f401rct6/Drivers/STM32F4xx_HAL_Driver/Inc/stm32f4xx_ll_rcc.h ****   * @retval PLL clock frequency (in Hz)
1573:board/stm32f401rct6/Drivers/STM32F4xx_HAL_Driver/Inc/stm32f4xx_ll_rcc.h ****   */
1574:board/stm32f401rct6/Drivers/STM32F4xx_HAL_Driver/Inc/stm32f4xx_ll_rcc.h **** #define __LL_RCC_CALC_PLLCLK_FREQ(__INPUTFREQ__, __PLLM__, __PLLN__, __PLLP__) ((__INPUTFREQ__) / (
1575:board/stm32f401rct6/Drivers/STM32F4xx_HAL_Driver/Inc/stm32f4xx_ll_rcc.h ****                                                                                 ((((__PLLP__) >> RC
1576:board/stm32f401rct6/Drivers/STM32F4xx_HAL_Driver/Inc/stm32f4xx_ll_rcc.h **** 
1577:board/stm32f401rct6/Drivers/STM32F4xx_HAL_Driver/Inc/stm32f4xx_ll_rcc.h **** #if defined(RCC_PLLR_SYSCLK_SUPPORT)
1578:board/stm32f401rct6/Drivers/STM32F4xx_HAL_Driver/Inc/stm32f4xx_ll_rcc.h **** /**
1579:board/stm32f401rct6/Drivers/STM32F4xx_HAL_Driver/Inc/stm32f4xx_ll_rcc.h ****   * @brief  Helper macro to calculate the PLLRCLK frequency on system domain
1580:board/stm32f401rct6/Drivers/STM32F4xx_HAL_Driver/Inc/stm32f4xx_ll_rcc.h ****   * @note ex: @ref __LL_RCC_CALC_PLLRCLK_FREQ (HSE_VALUE,@ref LL_RCC_PLL_GetDivider (),
1581:board/stm32f401rct6/Drivers/STM32F4xx_HAL_Driver/Inc/stm32f4xx_ll_rcc.h ****   *             @ref LL_RCC_PLL_GetN (), @ref LL_RCC_PLL_GetR ());
1582:board/stm32f401rct6/Drivers/STM32F4xx_HAL_Driver/Inc/stm32f4xx_ll_rcc.h ****   * @param  __INPUTFREQ__ PLL Input frequency (based on HSE/HSI)
1583:board/stm32f401rct6/Drivers/STM32F4xx_HAL_Driver/Inc/stm32f4xx_ll_rcc.h ****   * @param  __PLLM__ This parameter can be one of the following values:
1584:board/stm32f401rct6/Drivers/STM32F4xx_HAL_Driver/Inc/stm32f4xx_ll_rcc.h ****   *         @arg @ref LL_RCC_PLLM_DIV_2
1585:board/stm32f401rct6/Drivers/STM32F4xx_HAL_Driver/Inc/stm32f4xx_ll_rcc.h ****   *         @arg @ref LL_RCC_PLLM_DIV_3
1586:board/stm32f401rct6/Drivers/STM32F4xx_HAL_Driver/Inc/stm32f4xx_ll_rcc.h ****   *         @arg @ref LL_RCC_PLLM_DIV_4
1587:board/stm32f401rct6/Drivers/STM32F4xx_HAL_Driver/Inc/stm32f4xx_ll_rcc.h ****   *         @arg @ref LL_RCC_PLLM_DIV_5
1588:board/stm32f401rct6/Drivers/STM32F4xx_HAL_Driver/Inc/stm32f4xx_ll_rcc.h ****   *         @arg @ref LL_RCC_PLLM_DIV_6
1589:board/stm32f401rct6/Drivers/STM32F4xx_HAL_Driver/Inc/stm32f4xx_ll_rcc.h ****   *         @arg @ref LL_RCC_PLLM_DIV_7
1590:board/stm32f401rct6/Drivers/STM32F4xx_HAL_Driver/Inc/stm32f4xx_ll_rcc.h ****   *         @arg @ref LL_RCC_PLLM_DIV_8
1591:board/stm32f401rct6/Drivers/STM32F4xx_HAL_Driver/Inc/stm32f4xx_ll_rcc.h ****   *         @arg @ref LL_RCC_PLLM_DIV_9
1592:board/stm32f401rct6/Drivers/STM32F4xx_HAL_Driver/Inc/stm32f4xx_ll_rcc.h ****   *         @arg @ref LL_RCC_PLLM_DIV_10
1593:board/stm32f401rct6/Drivers/STM32F4xx_HAL_Driver/Inc/stm32f4xx_ll_rcc.h ****   *         @arg @ref LL_RCC_PLLM_DIV_11
1594:board/stm32f401rct6/Drivers/STM32F4xx_HAL_Driver/Inc/stm32f4xx_ll_rcc.h ****   *         @arg @ref LL_RCC_PLLM_DIV_12
1595:board/stm32f401rct6/Drivers/STM32F4xx_HAL_Driver/Inc/stm32f4xx_ll_rcc.h ****   *         @arg @ref LL_RCC_PLLM_DIV_13
ARM GAS  C:\Users\Admin\AppData\Local\Temp\ccHMtLfr.s 			page 33


1596:board/stm32f401rct6/Drivers/STM32F4xx_HAL_Driver/Inc/stm32f4xx_ll_rcc.h ****   *         @arg @ref LL_RCC_PLLM_DIV_14
1597:board/stm32f401rct6/Drivers/STM32F4xx_HAL_Driver/Inc/stm32f4xx_ll_rcc.h ****   *         @arg @ref LL_RCC_PLLM_DIV_15
1598:board/stm32f401rct6/Drivers/STM32F4xx_HAL_Driver/Inc/stm32f4xx_ll_rcc.h ****   *         @arg @ref LL_RCC_PLLM_DIV_16
1599:board/stm32f401rct6/Drivers/STM32F4xx_HAL_Driver/Inc/stm32f4xx_ll_rcc.h ****   *         @arg @ref LL_RCC_PLLM_DIV_17
1600:board/stm32f401rct6/Drivers/STM32F4xx_HAL_Driver/Inc/stm32f4xx_ll_rcc.h ****   *         @arg @ref LL_RCC_PLLM_DIV_18
1601:board/stm32f401rct6/Drivers/STM32F4xx_HAL_Driver/Inc/stm32f4xx_ll_rcc.h ****   *         @arg @ref LL_RCC_PLLM_DIV_19
1602:board/stm32f401rct6/Drivers/STM32F4xx_HAL_Driver/Inc/stm32f4xx_ll_rcc.h ****   *         @arg @ref LL_RCC_PLLM_DIV_20
1603:board/stm32f401rct6/Drivers/STM32F4xx_HAL_Driver/Inc/stm32f4xx_ll_rcc.h ****   *         @arg @ref LL_RCC_PLLM_DIV_21
1604:board/stm32f401rct6/Drivers/STM32F4xx_HAL_Driver/Inc/stm32f4xx_ll_rcc.h ****   *         @arg @ref LL_RCC_PLLM_DIV_22
1605:board/stm32f401rct6/Drivers/STM32F4xx_HAL_Driver/Inc/stm32f4xx_ll_rcc.h ****   *         @arg @ref LL_RCC_PLLM_DIV_23
1606:board/stm32f401rct6/Drivers/STM32F4xx_HAL_Driver/Inc/stm32f4xx_ll_rcc.h ****   *         @arg @ref LL_RCC_PLLM_DIV_24
1607:board/stm32f401rct6/Drivers/STM32F4xx_HAL_Driver/Inc/stm32f4xx_ll_rcc.h ****   *         @arg @ref LL_RCC_PLLM_DIV_25
1608:board/stm32f401rct6/Drivers/STM32F4xx_HAL_Driver/Inc/stm32f4xx_ll_rcc.h ****   *         @arg @ref LL_RCC_PLLM_DIV_26
1609:board/stm32f401rct6/Drivers/STM32F4xx_HAL_Driver/Inc/stm32f4xx_ll_rcc.h ****   *         @arg @ref LL_RCC_PLLM_DIV_27
1610:board/stm32f401rct6/Drivers/STM32F4xx_HAL_Driver/Inc/stm32f4xx_ll_rcc.h ****   *         @arg @ref LL_RCC_PLLM_DIV_28
1611:board/stm32f401rct6/Drivers/STM32F4xx_HAL_Driver/Inc/stm32f4xx_ll_rcc.h ****   *         @arg @ref LL_RCC_PLLM_DIV_29
1612:board/stm32f401rct6/Drivers/STM32F4xx_HAL_Driver/Inc/stm32f4xx_ll_rcc.h ****   *         @arg @ref LL_RCC_PLLM_DIV_30
1613:board/stm32f401rct6/Drivers/STM32F4xx_HAL_Driver/Inc/stm32f4xx_ll_rcc.h ****   *         @arg @ref LL_RCC_PLLM_DIV_31
1614:board/stm32f401rct6/Drivers/STM32F4xx_HAL_Driver/Inc/stm32f4xx_ll_rcc.h ****   *         @arg @ref LL_RCC_PLLM_DIV_32
1615:board/stm32f401rct6/Drivers/STM32F4xx_HAL_Driver/Inc/stm32f4xx_ll_rcc.h ****   *         @arg @ref LL_RCC_PLLM_DIV_33
1616:board/stm32f401rct6/Drivers/STM32F4xx_HAL_Driver/Inc/stm32f4xx_ll_rcc.h ****   *         @arg @ref LL_RCC_PLLM_DIV_34
1617:board/stm32f401rct6/Drivers/STM32F4xx_HAL_Driver/Inc/stm32f4xx_ll_rcc.h ****   *         @arg @ref LL_RCC_PLLM_DIV_35
1618:board/stm32f401rct6/Drivers/STM32F4xx_HAL_Driver/Inc/stm32f4xx_ll_rcc.h ****   *         @arg @ref LL_RCC_PLLM_DIV_36
1619:board/stm32f401rct6/Drivers/STM32F4xx_HAL_Driver/Inc/stm32f4xx_ll_rcc.h ****   *         @arg @ref LL_RCC_PLLM_DIV_37
1620:board/stm32f401rct6/Drivers/STM32F4xx_HAL_Driver/Inc/stm32f4xx_ll_rcc.h ****   *         @arg @ref LL_RCC_PLLM_DIV_38
1621:board/stm32f401rct6/Drivers/STM32F4xx_HAL_Driver/Inc/stm32f4xx_ll_rcc.h ****   *         @arg @ref LL_RCC_PLLM_DIV_39
1622:board/stm32f401rct6/Drivers/STM32F4xx_HAL_Driver/Inc/stm32f4xx_ll_rcc.h ****   *         @arg @ref LL_RCC_PLLM_DIV_40
1623:board/stm32f401rct6/Drivers/STM32F4xx_HAL_Driver/Inc/stm32f4xx_ll_rcc.h ****   *         @arg @ref LL_RCC_PLLM_DIV_41
1624:board/stm32f401rct6/Drivers/STM32F4xx_HAL_Driver/Inc/stm32f4xx_ll_rcc.h ****   *         @arg @ref LL_RCC_PLLM_DIV_42
1625:board/stm32f401rct6/Drivers/STM32F4xx_HAL_Driver/Inc/stm32f4xx_ll_rcc.h ****   *         @arg @ref LL_RCC_PLLM_DIV_43
1626:board/stm32f401rct6/Drivers/STM32F4xx_HAL_Driver/Inc/stm32f4xx_ll_rcc.h ****   *         @arg @ref LL_RCC_PLLM_DIV_44
1627:board/stm32f401rct6/Drivers/STM32F4xx_HAL_Driver/Inc/stm32f4xx_ll_rcc.h ****   *         @arg @ref LL_RCC_PLLM_DIV_45
1628:board/stm32f401rct6/Drivers/STM32F4xx_HAL_Driver/Inc/stm32f4xx_ll_rcc.h ****   *         @arg @ref LL_RCC_PLLM_DIV_46
1629:board/stm32f401rct6/Drivers/STM32F4xx_HAL_Driver/Inc/stm32f4xx_ll_rcc.h ****   *         @arg @ref LL_RCC_PLLM_DIV_47
1630:board/stm32f401rct6/Drivers/STM32F4xx_HAL_Driver/Inc/stm32f4xx_ll_rcc.h ****   *         @arg @ref LL_RCC_PLLM_DIV_48
1631:board/stm32f401rct6/Drivers/STM32F4xx_HAL_Driver/Inc/stm32f4xx_ll_rcc.h ****   *         @arg @ref LL_RCC_PLLM_DIV_49
1632:board/stm32f401rct6/Drivers/STM32F4xx_HAL_Driver/Inc/stm32f4xx_ll_rcc.h ****   *         @arg @ref LL_RCC_PLLM_DIV_50
1633:board/stm32f401rct6/Drivers/STM32F4xx_HAL_Driver/Inc/stm32f4xx_ll_rcc.h ****   *         @arg @ref LL_RCC_PLLM_DIV_51
1634:board/stm32f401rct6/Drivers/STM32F4xx_HAL_Driver/Inc/stm32f4xx_ll_rcc.h ****   *         @arg @ref LL_RCC_PLLM_DIV_52
1635:board/stm32f401rct6/Drivers/STM32F4xx_HAL_Driver/Inc/stm32f4xx_ll_rcc.h ****   *         @arg @ref LL_RCC_PLLM_DIV_53
1636:board/stm32f401rct6/Drivers/STM32F4xx_HAL_Driver/Inc/stm32f4xx_ll_rcc.h ****   *         @arg @ref LL_RCC_PLLM_DIV_54
1637:board/stm32f401rct6/Drivers/STM32F4xx_HAL_Driver/Inc/stm32f4xx_ll_rcc.h ****   *         @arg @ref LL_RCC_PLLM_DIV_55
1638:board/stm32f401rct6/Drivers/STM32F4xx_HAL_Driver/Inc/stm32f4xx_ll_rcc.h ****   *         @arg @ref LL_RCC_PLLM_DIV_56
1639:board/stm32f401rct6/Drivers/STM32F4xx_HAL_Driver/Inc/stm32f4xx_ll_rcc.h ****   *         @arg @ref LL_RCC_PLLM_DIV_57
1640:board/stm32f401rct6/Drivers/STM32F4xx_HAL_Driver/Inc/stm32f4xx_ll_rcc.h ****   *         @arg @ref LL_RCC_PLLM_DIV_58
1641:board/stm32f401rct6/Drivers/STM32F4xx_HAL_Driver/Inc/stm32f4xx_ll_rcc.h ****   *         @arg @ref LL_RCC_PLLM_DIV_59
1642:board/stm32f401rct6/Drivers/STM32F4xx_HAL_Driver/Inc/stm32f4xx_ll_rcc.h ****   *         @arg @ref LL_RCC_PLLM_DIV_60
1643:board/stm32f401rct6/Drivers/STM32F4xx_HAL_Driver/Inc/stm32f4xx_ll_rcc.h ****   *         @arg @ref LL_RCC_PLLM_DIV_61
1644:board/stm32f401rct6/Drivers/STM32F4xx_HAL_Driver/Inc/stm32f4xx_ll_rcc.h ****   *         @arg @ref LL_RCC_PLLM_DIV_62
1645:board/stm32f401rct6/Drivers/STM32F4xx_HAL_Driver/Inc/stm32f4xx_ll_rcc.h ****   *         @arg @ref LL_RCC_PLLM_DIV_63
1646:board/stm32f401rct6/Drivers/STM32F4xx_HAL_Driver/Inc/stm32f4xx_ll_rcc.h ****   * @param  __PLLN__ Between 50 and 432
1647:board/stm32f401rct6/Drivers/STM32F4xx_HAL_Driver/Inc/stm32f4xx_ll_rcc.h ****   * @param  __PLLR__ This parameter can be one of the following values:
1648:board/stm32f401rct6/Drivers/STM32F4xx_HAL_Driver/Inc/stm32f4xx_ll_rcc.h ****   *         @arg @ref LL_RCC_PLLR_DIV_2
1649:board/stm32f401rct6/Drivers/STM32F4xx_HAL_Driver/Inc/stm32f4xx_ll_rcc.h ****   *         @arg @ref LL_RCC_PLLR_DIV_3
1650:board/stm32f401rct6/Drivers/STM32F4xx_HAL_Driver/Inc/stm32f4xx_ll_rcc.h ****   *         @arg @ref LL_RCC_PLLR_DIV_4
1651:board/stm32f401rct6/Drivers/STM32F4xx_HAL_Driver/Inc/stm32f4xx_ll_rcc.h ****   *         @arg @ref LL_RCC_PLLR_DIV_5
1652:board/stm32f401rct6/Drivers/STM32F4xx_HAL_Driver/Inc/stm32f4xx_ll_rcc.h ****   *         @arg @ref LL_RCC_PLLR_DIV_6
ARM GAS  C:\Users\Admin\AppData\Local\Temp\ccHMtLfr.s 			page 34


1653:board/stm32f401rct6/Drivers/STM32F4xx_HAL_Driver/Inc/stm32f4xx_ll_rcc.h ****   *         @arg @ref LL_RCC_PLLR_DIV_7
1654:board/stm32f401rct6/Drivers/STM32F4xx_HAL_Driver/Inc/stm32f4xx_ll_rcc.h ****   * @retval PLL clock frequency (in Hz)
1655:board/stm32f401rct6/Drivers/STM32F4xx_HAL_Driver/Inc/stm32f4xx_ll_rcc.h ****   */
1656:board/stm32f401rct6/Drivers/STM32F4xx_HAL_Driver/Inc/stm32f4xx_ll_rcc.h **** #define __LL_RCC_CALC_PLLRCLK_FREQ(__INPUTFREQ__, __PLLM__, __PLLN__, __PLLR__) ((__INPUTFREQ__) / 
1657:board/stm32f401rct6/Drivers/STM32F4xx_HAL_Driver/Inc/stm32f4xx_ll_rcc.h ****     ((__PLLR__) >> RCC_PLLCFGR_PLLR_Pos ))
1658:board/stm32f401rct6/Drivers/STM32F4xx_HAL_Driver/Inc/stm32f4xx_ll_rcc.h **** 
1659:board/stm32f401rct6/Drivers/STM32F4xx_HAL_Driver/Inc/stm32f4xx_ll_rcc.h **** #endif /* RCC_PLLR_SYSCLK_SUPPORT */
1660:board/stm32f401rct6/Drivers/STM32F4xx_HAL_Driver/Inc/stm32f4xx_ll_rcc.h **** 
1661:board/stm32f401rct6/Drivers/STM32F4xx_HAL_Driver/Inc/stm32f4xx_ll_rcc.h **** /**
1662:board/stm32f401rct6/Drivers/STM32F4xx_HAL_Driver/Inc/stm32f4xx_ll_rcc.h ****   * @brief  Helper macro to calculate the PLLCLK frequency used on 48M domain
1663:board/stm32f401rct6/Drivers/STM32F4xx_HAL_Driver/Inc/stm32f4xx_ll_rcc.h ****   * @note ex: @ref __LL_RCC_CALC_PLLCLK_48M_FREQ (HSE_VALUE,@ref LL_RCC_PLL_GetDivider (),
1664:board/stm32f401rct6/Drivers/STM32F4xx_HAL_Driver/Inc/stm32f4xx_ll_rcc.h ****   *             @ref LL_RCC_PLL_GetN (), @ref LL_RCC_PLL_GetQ ());
1665:board/stm32f401rct6/Drivers/STM32F4xx_HAL_Driver/Inc/stm32f4xx_ll_rcc.h ****   * @param  __INPUTFREQ__ PLL Input frequency (based on HSE/HSI)
1666:board/stm32f401rct6/Drivers/STM32F4xx_HAL_Driver/Inc/stm32f4xx_ll_rcc.h ****   * @param  __PLLM__ This parameter can be one of the following values:
1667:board/stm32f401rct6/Drivers/STM32F4xx_HAL_Driver/Inc/stm32f4xx_ll_rcc.h ****   *         @arg @ref LL_RCC_PLLM_DIV_2
1668:board/stm32f401rct6/Drivers/STM32F4xx_HAL_Driver/Inc/stm32f4xx_ll_rcc.h ****   *         @arg @ref LL_RCC_PLLM_DIV_3
1669:board/stm32f401rct6/Drivers/STM32F4xx_HAL_Driver/Inc/stm32f4xx_ll_rcc.h ****   *         @arg @ref LL_RCC_PLLM_DIV_4
1670:board/stm32f401rct6/Drivers/STM32F4xx_HAL_Driver/Inc/stm32f4xx_ll_rcc.h ****   *         @arg @ref LL_RCC_PLLM_DIV_5
1671:board/stm32f401rct6/Drivers/STM32F4xx_HAL_Driver/Inc/stm32f4xx_ll_rcc.h ****   *         @arg @ref LL_RCC_PLLM_DIV_6
1672:board/stm32f401rct6/Drivers/STM32F4xx_HAL_Driver/Inc/stm32f4xx_ll_rcc.h ****   *         @arg @ref LL_RCC_PLLM_DIV_7
1673:board/stm32f401rct6/Drivers/STM32F4xx_HAL_Driver/Inc/stm32f4xx_ll_rcc.h ****   *         @arg @ref LL_RCC_PLLM_DIV_8
1674:board/stm32f401rct6/Drivers/STM32F4xx_HAL_Driver/Inc/stm32f4xx_ll_rcc.h ****   *         @arg @ref LL_RCC_PLLM_DIV_9
1675:board/stm32f401rct6/Drivers/STM32F4xx_HAL_Driver/Inc/stm32f4xx_ll_rcc.h ****   *         @arg @ref LL_RCC_PLLM_DIV_10
1676:board/stm32f401rct6/Drivers/STM32F4xx_HAL_Driver/Inc/stm32f4xx_ll_rcc.h ****   *         @arg @ref LL_RCC_PLLM_DIV_11
1677:board/stm32f401rct6/Drivers/STM32F4xx_HAL_Driver/Inc/stm32f4xx_ll_rcc.h ****   *         @arg @ref LL_RCC_PLLM_DIV_12
1678:board/stm32f401rct6/Drivers/STM32F4xx_HAL_Driver/Inc/stm32f4xx_ll_rcc.h ****   *         @arg @ref LL_RCC_PLLM_DIV_13
1679:board/stm32f401rct6/Drivers/STM32F4xx_HAL_Driver/Inc/stm32f4xx_ll_rcc.h ****   *         @arg @ref LL_RCC_PLLM_DIV_14
1680:board/stm32f401rct6/Drivers/STM32F4xx_HAL_Driver/Inc/stm32f4xx_ll_rcc.h ****   *         @arg @ref LL_RCC_PLLM_DIV_15
1681:board/stm32f401rct6/Drivers/STM32F4xx_HAL_Driver/Inc/stm32f4xx_ll_rcc.h ****   *         @arg @ref LL_RCC_PLLM_DIV_16
1682:board/stm32f401rct6/Drivers/STM32F4xx_HAL_Driver/Inc/stm32f4xx_ll_rcc.h ****   *         @arg @ref LL_RCC_PLLM_DIV_17
1683:board/stm32f401rct6/Drivers/STM32F4xx_HAL_Driver/Inc/stm32f4xx_ll_rcc.h ****   *         @arg @ref LL_RCC_PLLM_DIV_18
1684:board/stm32f401rct6/Drivers/STM32F4xx_HAL_Driver/Inc/stm32f4xx_ll_rcc.h ****   *         @arg @ref LL_RCC_PLLM_DIV_19
1685:board/stm32f401rct6/Drivers/STM32F4xx_HAL_Driver/Inc/stm32f4xx_ll_rcc.h ****   *         @arg @ref LL_RCC_PLLM_DIV_20
1686:board/stm32f401rct6/Drivers/STM32F4xx_HAL_Driver/Inc/stm32f4xx_ll_rcc.h ****   *         @arg @ref LL_RCC_PLLM_DIV_21
1687:board/stm32f401rct6/Drivers/STM32F4xx_HAL_Driver/Inc/stm32f4xx_ll_rcc.h ****   *         @arg @ref LL_RCC_PLLM_DIV_22
1688:board/stm32f401rct6/Drivers/STM32F4xx_HAL_Driver/Inc/stm32f4xx_ll_rcc.h ****   *         @arg @ref LL_RCC_PLLM_DIV_23
1689:board/stm32f401rct6/Drivers/STM32F4xx_HAL_Driver/Inc/stm32f4xx_ll_rcc.h ****   *         @arg @ref LL_RCC_PLLM_DIV_24
1690:board/stm32f401rct6/Drivers/STM32F4xx_HAL_Driver/Inc/stm32f4xx_ll_rcc.h ****   *         @arg @ref LL_RCC_PLLM_DIV_25
1691:board/stm32f401rct6/Drivers/STM32F4xx_HAL_Driver/Inc/stm32f4xx_ll_rcc.h ****   *         @arg @ref LL_RCC_PLLM_DIV_26
1692:board/stm32f401rct6/Drivers/STM32F4xx_HAL_Driver/Inc/stm32f4xx_ll_rcc.h ****   *         @arg @ref LL_RCC_PLLM_DIV_27
1693:board/stm32f401rct6/Drivers/STM32F4xx_HAL_Driver/Inc/stm32f4xx_ll_rcc.h ****   *         @arg @ref LL_RCC_PLLM_DIV_28
1694:board/stm32f401rct6/Drivers/STM32F4xx_HAL_Driver/Inc/stm32f4xx_ll_rcc.h ****   *         @arg @ref LL_RCC_PLLM_DIV_29
1695:board/stm32f401rct6/Drivers/STM32F4xx_HAL_Driver/Inc/stm32f4xx_ll_rcc.h ****   *         @arg @ref LL_RCC_PLLM_DIV_30
1696:board/stm32f401rct6/Drivers/STM32F4xx_HAL_Driver/Inc/stm32f4xx_ll_rcc.h ****   *         @arg @ref LL_RCC_PLLM_DIV_31
1697:board/stm32f401rct6/Drivers/STM32F4xx_HAL_Driver/Inc/stm32f4xx_ll_rcc.h ****   *         @arg @ref LL_RCC_PLLM_DIV_32
1698:board/stm32f401rct6/Drivers/STM32F4xx_HAL_Driver/Inc/stm32f4xx_ll_rcc.h ****   *         @arg @ref LL_RCC_PLLM_DIV_33
1699:board/stm32f401rct6/Drivers/STM32F4xx_HAL_Driver/Inc/stm32f4xx_ll_rcc.h ****   *         @arg @ref LL_RCC_PLLM_DIV_34
1700:board/stm32f401rct6/Drivers/STM32F4xx_HAL_Driver/Inc/stm32f4xx_ll_rcc.h ****   *         @arg @ref LL_RCC_PLLM_DIV_35
1701:board/stm32f401rct6/Drivers/STM32F4xx_HAL_Driver/Inc/stm32f4xx_ll_rcc.h ****   *         @arg @ref LL_RCC_PLLM_DIV_36
1702:board/stm32f401rct6/Drivers/STM32F4xx_HAL_Driver/Inc/stm32f4xx_ll_rcc.h ****   *         @arg @ref LL_RCC_PLLM_DIV_37
1703:board/stm32f401rct6/Drivers/STM32F4xx_HAL_Driver/Inc/stm32f4xx_ll_rcc.h ****   *         @arg @ref LL_RCC_PLLM_DIV_38
1704:board/stm32f401rct6/Drivers/STM32F4xx_HAL_Driver/Inc/stm32f4xx_ll_rcc.h ****   *         @arg @ref LL_RCC_PLLM_DIV_39
1705:board/stm32f401rct6/Drivers/STM32F4xx_HAL_Driver/Inc/stm32f4xx_ll_rcc.h ****   *         @arg @ref LL_RCC_PLLM_DIV_40
1706:board/stm32f401rct6/Drivers/STM32F4xx_HAL_Driver/Inc/stm32f4xx_ll_rcc.h ****   *         @arg @ref LL_RCC_PLLM_DIV_41
1707:board/stm32f401rct6/Drivers/STM32F4xx_HAL_Driver/Inc/stm32f4xx_ll_rcc.h ****   *         @arg @ref LL_RCC_PLLM_DIV_42
1708:board/stm32f401rct6/Drivers/STM32F4xx_HAL_Driver/Inc/stm32f4xx_ll_rcc.h ****   *         @arg @ref LL_RCC_PLLM_DIV_43
1709:board/stm32f401rct6/Drivers/STM32F4xx_HAL_Driver/Inc/stm32f4xx_ll_rcc.h ****   *         @arg @ref LL_RCC_PLLM_DIV_44
ARM GAS  C:\Users\Admin\AppData\Local\Temp\ccHMtLfr.s 			page 35


1710:board/stm32f401rct6/Drivers/STM32F4xx_HAL_Driver/Inc/stm32f4xx_ll_rcc.h ****   *         @arg @ref LL_RCC_PLLM_DIV_45
1711:board/stm32f401rct6/Drivers/STM32F4xx_HAL_Driver/Inc/stm32f4xx_ll_rcc.h ****   *         @arg @ref LL_RCC_PLLM_DIV_46
1712:board/stm32f401rct6/Drivers/STM32F4xx_HAL_Driver/Inc/stm32f4xx_ll_rcc.h ****   *         @arg @ref LL_RCC_PLLM_DIV_47
1713:board/stm32f401rct6/Drivers/STM32F4xx_HAL_Driver/Inc/stm32f4xx_ll_rcc.h ****   *         @arg @ref LL_RCC_PLLM_DIV_48
1714:board/stm32f401rct6/Drivers/STM32F4xx_HAL_Driver/Inc/stm32f4xx_ll_rcc.h ****   *         @arg @ref LL_RCC_PLLM_DIV_49
1715:board/stm32f401rct6/Drivers/STM32F4xx_HAL_Driver/Inc/stm32f4xx_ll_rcc.h ****   *         @arg @ref LL_RCC_PLLM_DIV_50
1716:board/stm32f401rct6/Drivers/STM32F4xx_HAL_Driver/Inc/stm32f4xx_ll_rcc.h ****   *         @arg @ref LL_RCC_PLLM_DIV_51
1717:board/stm32f401rct6/Drivers/STM32F4xx_HAL_Driver/Inc/stm32f4xx_ll_rcc.h ****   *         @arg @ref LL_RCC_PLLM_DIV_52
1718:board/stm32f401rct6/Drivers/STM32F4xx_HAL_Driver/Inc/stm32f4xx_ll_rcc.h ****   *         @arg @ref LL_RCC_PLLM_DIV_53
1719:board/stm32f401rct6/Drivers/STM32F4xx_HAL_Driver/Inc/stm32f4xx_ll_rcc.h ****   *         @arg @ref LL_RCC_PLLM_DIV_54
1720:board/stm32f401rct6/Drivers/STM32F4xx_HAL_Driver/Inc/stm32f4xx_ll_rcc.h ****   *         @arg @ref LL_RCC_PLLM_DIV_55
1721:board/stm32f401rct6/Drivers/STM32F4xx_HAL_Driver/Inc/stm32f4xx_ll_rcc.h ****   *         @arg @ref LL_RCC_PLLM_DIV_56
1722:board/stm32f401rct6/Drivers/STM32F4xx_HAL_Driver/Inc/stm32f4xx_ll_rcc.h ****   *         @arg @ref LL_RCC_PLLM_DIV_57
1723:board/stm32f401rct6/Drivers/STM32F4xx_HAL_Driver/Inc/stm32f4xx_ll_rcc.h ****   *         @arg @ref LL_RCC_PLLM_DIV_58
1724:board/stm32f401rct6/Drivers/STM32F4xx_HAL_Driver/Inc/stm32f4xx_ll_rcc.h ****   *         @arg @ref LL_RCC_PLLM_DIV_59
1725:board/stm32f401rct6/Drivers/STM32F4xx_HAL_Driver/Inc/stm32f4xx_ll_rcc.h ****   *         @arg @ref LL_RCC_PLLM_DIV_60
1726:board/stm32f401rct6/Drivers/STM32F4xx_HAL_Driver/Inc/stm32f4xx_ll_rcc.h ****   *         @arg @ref LL_RCC_PLLM_DIV_61
1727:board/stm32f401rct6/Drivers/STM32F4xx_HAL_Driver/Inc/stm32f4xx_ll_rcc.h ****   *         @arg @ref LL_RCC_PLLM_DIV_62
1728:board/stm32f401rct6/Drivers/STM32F4xx_HAL_Driver/Inc/stm32f4xx_ll_rcc.h ****   *         @arg @ref LL_RCC_PLLM_DIV_63
1729:board/stm32f401rct6/Drivers/STM32F4xx_HAL_Driver/Inc/stm32f4xx_ll_rcc.h ****   * @param  __PLLN__ Between 50/192(*) and 432
1730:board/stm32f401rct6/Drivers/STM32F4xx_HAL_Driver/Inc/stm32f4xx_ll_rcc.h ****   *
1731:board/stm32f401rct6/Drivers/STM32F4xx_HAL_Driver/Inc/stm32f4xx_ll_rcc.h ****   *         (*) value not defined in all devices.
1732:board/stm32f401rct6/Drivers/STM32F4xx_HAL_Driver/Inc/stm32f4xx_ll_rcc.h ****   * @param  __PLLQ__ This parameter can be one of the following values:
1733:board/stm32f401rct6/Drivers/STM32F4xx_HAL_Driver/Inc/stm32f4xx_ll_rcc.h ****   *         @arg @ref LL_RCC_PLLQ_DIV_2
1734:board/stm32f401rct6/Drivers/STM32F4xx_HAL_Driver/Inc/stm32f4xx_ll_rcc.h ****   *         @arg @ref LL_RCC_PLLQ_DIV_3
1735:board/stm32f401rct6/Drivers/STM32F4xx_HAL_Driver/Inc/stm32f4xx_ll_rcc.h ****   *         @arg @ref LL_RCC_PLLQ_DIV_4
1736:board/stm32f401rct6/Drivers/STM32F4xx_HAL_Driver/Inc/stm32f4xx_ll_rcc.h ****   *         @arg @ref LL_RCC_PLLQ_DIV_5
1737:board/stm32f401rct6/Drivers/STM32F4xx_HAL_Driver/Inc/stm32f4xx_ll_rcc.h ****   *         @arg @ref LL_RCC_PLLQ_DIV_6
1738:board/stm32f401rct6/Drivers/STM32F4xx_HAL_Driver/Inc/stm32f4xx_ll_rcc.h ****   *         @arg @ref LL_RCC_PLLQ_DIV_7
1739:board/stm32f401rct6/Drivers/STM32F4xx_HAL_Driver/Inc/stm32f4xx_ll_rcc.h ****   *         @arg @ref LL_RCC_PLLQ_DIV_8
1740:board/stm32f401rct6/Drivers/STM32F4xx_HAL_Driver/Inc/stm32f4xx_ll_rcc.h ****   *         @arg @ref LL_RCC_PLLQ_DIV_9
1741:board/stm32f401rct6/Drivers/STM32F4xx_HAL_Driver/Inc/stm32f4xx_ll_rcc.h ****   *         @arg @ref LL_RCC_PLLQ_DIV_10
1742:board/stm32f401rct6/Drivers/STM32F4xx_HAL_Driver/Inc/stm32f4xx_ll_rcc.h ****   *         @arg @ref LL_RCC_PLLQ_DIV_11
1743:board/stm32f401rct6/Drivers/STM32F4xx_HAL_Driver/Inc/stm32f4xx_ll_rcc.h ****   *         @arg @ref LL_RCC_PLLQ_DIV_12
1744:board/stm32f401rct6/Drivers/STM32F4xx_HAL_Driver/Inc/stm32f4xx_ll_rcc.h ****   *         @arg @ref LL_RCC_PLLQ_DIV_13
1745:board/stm32f401rct6/Drivers/STM32F4xx_HAL_Driver/Inc/stm32f4xx_ll_rcc.h ****   *         @arg @ref LL_RCC_PLLQ_DIV_14
1746:board/stm32f401rct6/Drivers/STM32F4xx_HAL_Driver/Inc/stm32f4xx_ll_rcc.h ****   *         @arg @ref LL_RCC_PLLQ_DIV_15
1747:board/stm32f401rct6/Drivers/STM32F4xx_HAL_Driver/Inc/stm32f4xx_ll_rcc.h ****   * @retval PLL clock frequency (in Hz)
1748:board/stm32f401rct6/Drivers/STM32F4xx_HAL_Driver/Inc/stm32f4xx_ll_rcc.h ****   */
1749:board/stm32f401rct6/Drivers/STM32F4xx_HAL_Driver/Inc/stm32f4xx_ll_rcc.h **** #define __LL_RCC_CALC_PLLCLK_48M_FREQ(__INPUTFREQ__, __PLLM__, __PLLN__, __PLLQ__) ((__INPUTFREQ__)
1750:board/stm32f401rct6/Drivers/STM32F4xx_HAL_Driver/Inc/stm32f4xx_ll_rcc.h ****     ((__PLLQ__) >> RCC_PLLCFGR_PLLQ_Pos ))
1751:board/stm32f401rct6/Drivers/STM32F4xx_HAL_Driver/Inc/stm32f4xx_ll_rcc.h **** 
1752:board/stm32f401rct6/Drivers/STM32F4xx_HAL_Driver/Inc/stm32f4xx_ll_rcc.h **** #if defined(DSI)
1753:board/stm32f401rct6/Drivers/STM32F4xx_HAL_Driver/Inc/stm32f4xx_ll_rcc.h **** /**
1754:board/stm32f401rct6/Drivers/STM32F4xx_HAL_Driver/Inc/stm32f4xx_ll_rcc.h ****   * @brief  Helper macro to calculate the PLLCLK frequency used on DSI
1755:board/stm32f401rct6/Drivers/STM32F4xx_HAL_Driver/Inc/stm32f4xx_ll_rcc.h ****   * @note ex: @ref __LL_RCC_CALC_PLLCLK_DSI_FREQ (HSE_VALUE, @ref LL_RCC_PLL_GetDivider (),
1756:board/stm32f401rct6/Drivers/STM32F4xx_HAL_Driver/Inc/stm32f4xx_ll_rcc.h ****   *             @ref LL_RCC_PLL_GetN (), @ref LL_RCC_PLL_GetR ());
1757:board/stm32f401rct6/Drivers/STM32F4xx_HAL_Driver/Inc/stm32f4xx_ll_rcc.h ****   * @param  __INPUTFREQ__ PLL Input frequency (based on HSE/HSI)
1758:board/stm32f401rct6/Drivers/STM32F4xx_HAL_Driver/Inc/stm32f4xx_ll_rcc.h ****   * @param  __PLLM__ This parameter can be one of the following values:
1759:board/stm32f401rct6/Drivers/STM32F4xx_HAL_Driver/Inc/stm32f4xx_ll_rcc.h ****   *         @arg @ref LL_RCC_PLLM_DIV_2
1760:board/stm32f401rct6/Drivers/STM32F4xx_HAL_Driver/Inc/stm32f4xx_ll_rcc.h ****   *         @arg @ref LL_RCC_PLLM_DIV_3
1761:board/stm32f401rct6/Drivers/STM32F4xx_HAL_Driver/Inc/stm32f4xx_ll_rcc.h ****   *         @arg @ref LL_RCC_PLLM_DIV_4
1762:board/stm32f401rct6/Drivers/STM32F4xx_HAL_Driver/Inc/stm32f4xx_ll_rcc.h ****   *         @arg @ref LL_RCC_PLLM_DIV_5
1763:board/stm32f401rct6/Drivers/STM32F4xx_HAL_Driver/Inc/stm32f4xx_ll_rcc.h ****   *         @arg @ref LL_RCC_PLLM_DIV_6
1764:board/stm32f401rct6/Drivers/STM32F4xx_HAL_Driver/Inc/stm32f4xx_ll_rcc.h ****   *         @arg @ref LL_RCC_PLLM_DIV_7
1765:board/stm32f401rct6/Drivers/STM32F4xx_HAL_Driver/Inc/stm32f4xx_ll_rcc.h ****   *         @arg @ref LL_RCC_PLLM_DIV_8
1766:board/stm32f401rct6/Drivers/STM32F4xx_HAL_Driver/Inc/stm32f4xx_ll_rcc.h ****   *         @arg @ref LL_RCC_PLLM_DIV_9
ARM GAS  C:\Users\Admin\AppData\Local\Temp\ccHMtLfr.s 			page 36


1767:board/stm32f401rct6/Drivers/STM32F4xx_HAL_Driver/Inc/stm32f4xx_ll_rcc.h ****   *         @arg @ref LL_RCC_PLLM_DIV_10
1768:board/stm32f401rct6/Drivers/STM32F4xx_HAL_Driver/Inc/stm32f4xx_ll_rcc.h ****   *         @arg @ref LL_RCC_PLLM_DIV_11
1769:board/stm32f401rct6/Drivers/STM32F4xx_HAL_Driver/Inc/stm32f4xx_ll_rcc.h ****   *         @arg @ref LL_RCC_PLLM_DIV_12
1770:board/stm32f401rct6/Drivers/STM32F4xx_HAL_Driver/Inc/stm32f4xx_ll_rcc.h ****   *         @arg @ref LL_RCC_PLLM_DIV_13
1771:board/stm32f401rct6/Drivers/STM32F4xx_HAL_Driver/Inc/stm32f4xx_ll_rcc.h ****   *         @arg @ref LL_RCC_PLLM_DIV_14
1772:board/stm32f401rct6/Drivers/STM32F4xx_HAL_Driver/Inc/stm32f4xx_ll_rcc.h ****   *         @arg @ref LL_RCC_PLLM_DIV_15
1773:board/stm32f401rct6/Drivers/STM32F4xx_HAL_Driver/Inc/stm32f4xx_ll_rcc.h ****   *         @arg @ref LL_RCC_PLLM_DIV_16
1774:board/stm32f401rct6/Drivers/STM32F4xx_HAL_Driver/Inc/stm32f4xx_ll_rcc.h ****   *         @arg @ref LL_RCC_PLLM_DIV_17
1775:board/stm32f401rct6/Drivers/STM32F4xx_HAL_Driver/Inc/stm32f4xx_ll_rcc.h ****   *         @arg @ref LL_RCC_PLLM_DIV_18
1776:board/stm32f401rct6/Drivers/STM32F4xx_HAL_Driver/Inc/stm32f4xx_ll_rcc.h ****   *         @arg @ref LL_RCC_PLLM_DIV_19
1777:board/stm32f401rct6/Drivers/STM32F4xx_HAL_Driver/Inc/stm32f4xx_ll_rcc.h ****   *         @arg @ref LL_RCC_PLLM_DIV_20
1778:board/stm32f401rct6/Drivers/STM32F4xx_HAL_Driver/Inc/stm32f4xx_ll_rcc.h ****   *         @arg @ref LL_RCC_PLLM_DIV_21
1779:board/stm32f401rct6/Drivers/STM32F4xx_HAL_Driver/Inc/stm32f4xx_ll_rcc.h ****   *         @arg @ref LL_RCC_PLLM_DIV_22
1780:board/stm32f401rct6/Drivers/STM32F4xx_HAL_Driver/Inc/stm32f4xx_ll_rcc.h ****   *         @arg @ref LL_RCC_PLLM_DIV_23
1781:board/stm32f401rct6/Drivers/STM32F4xx_HAL_Driver/Inc/stm32f4xx_ll_rcc.h ****   *         @arg @ref LL_RCC_PLLM_DIV_24
1782:board/stm32f401rct6/Drivers/STM32F4xx_HAL_Driver/Inc/stm32f4xx_ll_rcc.h ****   *         @arg @ref LL_RCC_PLLM_DIV_25
1783:board/stm32f401rct6/Drivers/STM32F4xx_HAL_Driver/Inc/stm32f4xx_ll_rcc.h ****   *         @arg @ref LL_RCC_PLLM_DIV_26
1784:board/stm32f401rct6/Drivers/STM32F4xx_HAL_Driver/Inc/stm32f4xx_ll_rcc.h ****   *         @arg @ref LL_RCC_PLLM_DIV_27
1785:board/stm32f401rct6/Drivers/STM32F4xx_HAL_Driver/Inc/stm32f4xx_ll_rcc.h ****   *         @arg @ref LL_RCC_PLLM_DIV_28
1786:board/stm32f401rct6/Drivers/STM32F4xx_HAL_Driver/Inc/stm32f4xx_ll_rcc.h ****   *         @arg @ref LL_RCC_PLLM_DIV_29
1787:board/stm32f401rct6/Drivers/STM32F4xx_HAL_Driver/Inc/stm32f4xx_ll_rcc.h ****   *         @arg @ref LL_RCC_PLLM_DIV_30
1788:board/stm32f401rct6/Drivers/STM32F4xx_HAL_Driver/Inc/stm32f4xx_ll_rcc.h ****   *         @arg @ref LL_RCC_PLLM_DIV_31
1789:board/stm32f401rct6/Drivers/STM32F4xx_HAL_Driver/Inc/stm32f4xx_ll_rcc.h ****   *         @arg @ref LL_RCC_PLLM_DIV_32
1790:board/stm32f401rct6/Drivers/STM32F4xx_HAL_Driver/Inc/stm32f4xx_ll_rcc.h ****   *         @arg @ref LL_RCC_PLLM_DIV_33
1791:board/stm32f401rct6/Drivers/STM32F4xx_HAL_Driver/Inc/stm32f4xx_ll_rcc.h ****   *         @arg @ref LL_RCC_PLLM_DIV_34
1792:board/stm32f401rct6/Drivers/STM32F4xx_HAL_Driver/Inc/stm32f4xx_ll_rcc.h ****   *         @arg @ref LL_RCC_PLLM_DIV_35
1793:board/stm32f401rct6/Drivers/STM32F4xx_HAL_Driver/Inc/stm32f4xx_ll_rcc.h ****   *         @arg @ref LL_RCC_PLLM_DIV_36
1794:board/stm32f401rct6/Drivers/STM32F4xx_HAL_Driver/Inc/stm32f4xx_ll_rcc.h ****   *         @arg @ref LL_RCC_PLLM_DIV_37
1795:board/stm32f401rct6/Drivers/STM32F4xx_HAL_Driver/Inc/stm32f4xx_ll_rcc.h ****   *         @arg @ref LL_RCC_PLLM_DIV_38
1796:board/stm32f401rct6/Drivers/STM32F4xx_HAL_Driver/Inc/stm32f4xx_ll_rcc.h ****   *         @arg @ref LL_RCC_PLLM_DIV_39
1797:board/stm32f401rct6/Drivers/STM32F4xx_HAL_Driver/Inc/stm32f4xx_ll_rcc.h ****   *         @arg @ref LL_RCC_PLLM_DIV_40
1798:board/stm32f401rct6/Drivers/STM32F4xx_HAL_Driver/Inc/stm32f4xx_ll_rcc.h ****   *         @arg @ref LL_RCC_PLLM_DIV_41
1799:board/stm32f401rct6/Drivers/STM32F4xx_HAL_Driver/Inc/stm32f4xx_ll_rcc.h ****   *         @arg @ref LL_RCC_PLLM_DIV_42
1800:board/stm32f401rct6/Drivers/STM32F4xx_HAL_Driver/Inc/stm32f4xx_ll_rcc.h ****   *         @arg @ref LL_RCC_PLLM_DIV_43
1801:board/stm32f401rct6/Drivers/STM32F4xx_HAL_Driver/Inc/stm32f4xx_ll_rcc.h ****   *         @arg @ref LL_RCC_PLLM_DIV_44
1802:board/stm32f401rct6/Drivers/STM32F4xx_HAL_Driver/Inc/stm32f4xx_ll_rcc.h ****   *         @arg @ref LL_RCC_PLLM_DIV_45
1803:board/stm32f401rct6/Drivers/STM32F4xx_HAL_Driver/Inc/stm32f4xx_ll_rcc.h ****   *         @arg @ref LL_RCC_PLLM_DIV_46
1804:board/stm32f401rct6/Drivers/STM32F4xx_HAL_Driver/Inc/stm32f4xx_ll_rcc.h ****   *         @arg @ref LL_RCC_PLLM_DIV_47
1805:board/stm32f401rct6/Drivers/STM32F4xx_HAL_Driver/Inc/stm32f4xx_ll_rcc.h ****   *         @arg @ref LL_RCC_PLLM_DIV_48
1806:board/stm32f401rct6/Drivers/STM32F4xx_HAL_Driver/Inc/stm32f4xx_ll_rcc.h ****   *         @arg @ref LL_RCC_PLLM_DIV_49
1807:board/stm32f401rct6/Drivers/STM32F4xx_HAL_Driver/Inc/stm32f4xx_ll_rcc.h ****   *         @arg @ref LL_RCC_PLLM_DIV_50
1808:board/stm32f401rct6/Drivers/STM32F4xx_HAL_Driver/Inc/stm32f4xx_ll_rcc.h ****   *         @arg @ref LL_RCC_PLLM_DIV_51
1809:board/stm32f401rct6/Drivers/STM32F4xx_HAL_Driver/Inc/stm32f4xx_ll_rcc.h ****   *         @arg @ref LL_RCC_PLLM_DIV_52
1810:board/stm32f401rct6/Drivers/STM32F4xx_HAL_Driver/Inc/stm32f4xx_ll_rcc.h ****   *         @arg @ref LL_RCC_PLLM_DIV_53
1811:board/stm32f401rct6/Drivers/STM32F4xx_HAL_Driver/Inc/stm32f4xx_ll_rcc.h ****   *         @arg @ref LL_RCC_PLLM_DIV_54
1812:board/stm32f401rct6/Drivers/STM32F4xx_HAL_Driver/Inc/stm32f4xx_ll_rcc.h ****   *         @arg @ref LL_RCC_PLLM_DIV_55
1813:board/stm32f401rct6/Drivers/STM32F4xx_HAL_Driver/Inc/stm32f4xx_ll_rcc.h ****   *         @arg @ref LL_RCC_PLLM_DIV_56
1814:board/stm32f401rct6/Drivers/STM32F4xx_HAL_Driver/Inc/stm32f4xx_ll_rcc.h ****   *         @arg @ref LL_RCC_PLLM_DIV_57
1815:board/stm32f401rct6/Drivers/STM32F4xx_HAL_Driver/Inc/stm32f4xx_ll_rcc.h ****   *         @arg @ref LL_RCC_PLLM_DIV_58
1816:board/stm32f401rct6/Drivers/STM32F4xx_HAL_Driver/Inc/stm32f4xx_ll_rcc.h ****   *         @arg @ref LL_RCC_PLLM_DIV_59
1817:board/stm32f401rct6/Drivers/STM32F4xx_HAL_Driver/Inc/stm32f4xx_ll_rcc.h ****   *         @arg @ref LL_RCC_PLLM_DIV_60
1818:board/stm32f401rct6/Drivers/STM32F4xx_HAL_Driver/Inc/stm32f4xx_ll_rcc.h ****   *         @arg @ref LL_RCC_PLLM_DIV_61
1819:board/stm32f401rct6/Drivers/STM32F4xx_HAL_Driver/Inc/stm32f4xx_ll_rcc.h ****   *         @arg @ref LL_RCC_PLLM_DIV_62
1820:board/stm32f401rct6/Drivers/STM32F4xx_HAL_Driver/Inc/stm32f4xx_ll_rcc.h ****   *         @arg @ref LL_RCC_PLLM_DIV_63
1821:board/stm32f401rct6/Drivers/STM32F4xx_HAL_Driver/Inc/stm32f4xx_ll_rcc.h ****   * @param  __PLLN__ Between 50 and 432
1822:board/stm32f401rct6/Drivers/STM32F4xx_HAL_Driver/Inc/stm32f4xx_ll_rcc.h ****   * @param  __PLLR__ This parameter can be one of the following values:
1823:board/stm32f401rct6/Drivers/STM32F4xx_HAL_Driver/Inc/stm32f4xx_ll_rcc.h ****   *         @arg @ref LL_RCC_PLLR_DIV_2
ARM GAS  C:\Users\Admin\AppData\Local\Temp\ccHMtLfr.s 			page 37


1824:board/stm32f401rct6/Drivers/STM32F4xx_HAL_Driver/Inc/stm32f4xx_ll_rcc.h ****   *         @arg @ref LL_RCC_PLLR_DIV_3
1825:board/stm32f401rct6/Drivers/STM32F4xx_HAL_Driver/Inc/stm32f4xx_ll_rcc.h ****   *         @arg @ref LL_RCC_PLLR_DIV_4
1826:board/stm32f401rct6/Drivers/STM32F4xx_HAL_Driver/Inc/stm32f4xx_ll_rcc.h ****   *         @arg @ref LL_RCC_PLLR_DIV_5
1827:board/stm32f401rct6/Drivers/STM32F4xx_HAL_Driver/Inc/stm32f4xx_ll_rcc.h ****   *         @arg @ref LL_RCC_PLLR_DIV_6
1828:board/stm32f401rct6/Drivers/STM32F4xx_HAL_Driver/Inc/stm32f4xx_ll_rcc.h ****   *         @arg @ref LL_RCC_PLLR_DIV_7
1829:board/stm32f401rct6/Drivers/STM32F4xx_HAL_Driver/Inc/stm32f4xx_ll_rcc.h ****   * @retval PLL clock frequency (in Hz)
1830:board/stm32f401rct6/Drivers/STM32F4xx_HAL_Driver/Inc/stm32f4xx_ll_rcc.h ****   */
1831:board/stm32f401rct6/Drivers/STM32F4xx_HAL_Driver/Inc/stm32f4xx_ll_rcc.h **** #define __LL_RCC_CALC_PLLCLK_DSI_FREQ(__INPUTFREQ__, __PLLM__, __PLLN__, __PLLR__) ((__INPUTFREQ__)
1832:board/stm32f401rct6/Drivers/STM32F4xx_HAL_Driver/Inc/stm32f4xx_ll_rcc.h ****     ((__PLLR__) >> RCC_PLLCFGR_PLLR_Pos ))
1833:board/stm32f401rct6/Drivers/STM32F4xx_HAL_Driver/Inc/stm32f4xx_ll_rcc.h **** #endif /* DSI */
1834:board/stm32f401rct6/Drivers/STM32F4xx_HAL_Driver/Inc/stm32f4xx_ll_rcc.h **** 
1835:board/stm32f401rct6/Drivers/STM32F4xx_HAL_Driver/Inc/stm32f4xx_ll_rcc.h **** #if defined(RCC_PLLR_I2S_CLKSOURCE_SUPPORT)
1836:board/stm32f401rct6/Drivers/STM32F4xx_HAL_Driver/Inc/stm32f4xx_ll_rcc.h **** /**
1837:board/stm32f401rct6/Drivers/STM32F4xx_HAL_Driver/Inc/stm32f4xx_ll_rcc.h ****   * @brief  Helper macro to calculate the PLLCLK frequency used on I2S
1838:board/stm32f401rct6/Drivers/STM32F4xx_HAL_Driver/Inc/stm32f4xx_ll_rcc.h ****   * @note ex: @ref __LL_RCC_CALC_PLLCLK_I2S_FREQ (HSE_VALUE, @ref LL_RCC_PLL_GetDivider (),
1839:board/stm32f401rct6/Drivers/STM32F4xx_HAL_Driver/Inc/stm32f4xx_ll_rcc.h ****   *             @ref LL_RCC_PLL_GetN (), @ref LL_RCC_PLL_GetR ());
1840:board/stm32f401rct6/Drivers/STM32F4xx_HAL_Driver/Inc/stm32f4xx_ll_rcc.h ****   * @param  __INPUTFREQ__ PLL Input frequency (based on HSE/HSI)
1841:board/stm32f401rct6/Drivers/STM32F4xx_HAL_Driver/Inc/stm32f4xx_ll_rcc.h ****   * @param  __PLLM__ This parameter can be one of the following values:
1842:board/stm32f401rct6/Drivers/STM32F4xx_HAL_Driver/Inc/stm32f4xx_ll_rcc.h ****   *         @arg @ref LL_RCC_PLLM_DIV_2
1843:board/stm32f401rct6/Drivers/STM32F4xx_HAL_Driver/Inc/stm32f4xx_ll_rcc.h ****   *         @arg @ref LL_RCC_PLLM_DIV_3
1844:board/stm32f401rct6/Drivers/STM32F4xx_HAL_Driver/Inc/stm32f4xx_ll_rcc.h ****   *         @arg @ref LL_RCC_PLLM_DIV_4
1845:board/stm32f401rct6/Drivers/STM32F4xx_HAL_Driver/Inc/stm32f4xx_ll_rcc.h ****   *         @arg @ref LL_RCC_PLLM_DIV_5
1846:board/stm32f401rct6/Drivers/STM32F4xx_HAL_Driver/Inc/stm32f4xx_ll_rcc.h ****   *         @arg @ref LL_RCC_PLLM_DIV_6
1847:board/stm32f401rct6/Drivers/STM32F4xx_HAL_Driver/Inc/stm32f4xx_ll_rcc.h ****   *         @arg @ref LL_RCC_PLLM_DIV_7
1848:board/stm32f401rct6/Drivers/STM32F4xx_HAL_Driver/Inc/stm32f4xx_ll_rcc.h ****   *         @arg @ref LL_RCC_PLLM_DIV_8
1849:board/stm32f401rct6/Drivers/STM32F4xx_HAL_Driver/Inc/stm32f4xx_ll_rcc.h ****   *         @arg @ref LL_RCC_PLLM_DIV_9
1850:board/stm32f401rct6/Drivers/STM32F4xx_HAL_Driver/Inc/stm32f4xx_ll_rcc.h ****   *         @arg @ref LL_RCC_PLLM_DIV_10
1851:board/stm32f401rct6/Drivers/STM32F4xx_HAL_Driver/Inc/stm32f4xx_ll_rcc.h ****   *         @arg @ref LL_RCC_PLLM_DIV_11
1852:board/stm32f401rct6/Drivers/STM32F4xx_HAL_Driver/Inc/stm32f4xx_ll_rcc.h ****   *         @arg @ref LL_RCC_PLLM_DIV_12
1853:board/stm32f401rct6/Drivers/STM32F4xx_HAL_Driver/Inc/stm32f4xx_ll_rcc.h ****   *         @arg @ref LL_RCC_PLLM_DIV_13
1854:board/stm32f401rct6/Drivers/STM32F4xx_HAL_Driver/Inc/stm32f4xx_ll_rcc.h ****   *         @arg @ref LL_RCC_PLLM_DIV_14
1855:board/stm32f401rct6/Drivers/STM32F4xx_HAL_Driver/Inc/stm32f4xx_ll_rcc.h ****   *         @arg @ref LL_RCC_PLLM_DIV_15
1856:board/stm32f401rct6/Drivers/STM32F4xx_HAL_Driver/Inc/stm32f4xx_ll_rcc.h ****   *         @arg @ref LL_RCC_PLLM_DIV_16
1857:board/stm32f401rct6/Drivers/STM32F4xx_HAL_Driver/Inc/stm32f4xx_ll_rcc.h ****   *         @arg @ref LL_RCC_PLLM_DIV_17
1858:board/stm32f401rct6/Drivers/STM32F4xx_HAL_Driver/Inc/stm32f4xx_ll_rcc.h ****   *         @arg @ref LL_RCC_PLLM_DIV_18
1859:board/stm32f401rct6/Drivers/STM32F4xx_HAL_Driver/Inc/stm32f4xx_ll_rcc.h ****   *         @arg @ref LL_RCC_PLLM_DIV_19
1860:board/stm32f401rct6/Drivers/STM32F4xx_HAL_Driver/Inc/stm32f4xx_ll_rcc.h ****   *         @arg @ref LL_RCC_PLLM_DIV_20
1861:board/stm32f401rct6/Drivers/STM32F4xx_HAL_Driver/Inc/stm32f4xx_ll_rcc.h ****   *         @arg @ref LL_RCC_PLLM_DIV_21
1862:board/stm32f401rct6/Drivers/STM32F4xx_HAL_Driver/Inc/stm32f4xx_ll_rcc.h ****   *         @arg @ref LL_RCC_PLLM_DIV_22
1863:board/stm32f401rct6/Drivers/STM32F4xx_HAL_Driver/Inc/stm32f4xx_ll_rcc.h ****   *         @arg @ref LL_RCC_PLLM_DIV_23
1864:board/stm32f401rct6/Drivers/STM32F4xx_HAL_Driver/Inc/stm32f4xx_ll_rcc.h ****   *         @arg @ref LL_RCC_PLLM_DIV_24
1865:board/stm32f401rct6/Drivers/STM32F4xx_HAL_Driver/Inc/stm32f4xx_ll_rcc.h ****   *         @arg @ref LL_RCC_PLLM_DIV_25
1866:board/stm32f401rct6/Drivers/STM32F4xx_HAL_Driver/Inc/stm32f4xx_ll_rcc.h ****   *         @arg @ref LL_RCC_PLLM_DIV_26
1867:board/stm32f401rct6/Drivers/STM32F4xx_HAL_Driver/Inc/stm32f4xx_ll_rcc.h ****   *         @arg @ref LL_RCC_PLLM_DIV_27
1868:board/stm32f401rct6/Drivers/STM32F4xx_HAL_Driver/Inc/stm32f4xx_ll_rcc.h ****   *         @arg @ref LL_RCC_PLLM_DIV_28
1869:board/stm32f401rct6/Drivers/STM32F4xx_HAL_Driver/Inc/stm32f4xx_ll_rcc.h ****   *         @arg @ref LL_RCC_PLLM_DIV_29
1870:board/stm32f401rct6/Drivers/STM32F4xx_HAL_Driver/Inc/stm32f4xx_ll_rcc.h ****   *         @arg @ref LL_RCC_PLLM_DIV_30
1871:board/stm32f401rct6/Drivers/STM32F4xx_HAL_Driver/Inc/stm32f4xx_ll_rcc.h ****   *         @arg @ref LL_RCC_PLLM_DIV_31
1872:board/stm32f401rct6/Drivers/STM32F4xx_HAL_Driver/Inc/stm32f4xx_ll_rcc.h ****   *         @arg @ref LL_RCC_PLLM_DIV_32
1873:board/stm32f401rct6/Drivers/STM32F4xx_HAL_Driver/Inc/stm32f4xx_ll_rcc.h ****   *         @arg @ref LL_RCC_PLLM_DIV_33
1874:board/stm32f401rct6/Drivers/STM32F4xx_HAL_Driver/Inc/stm32f4xx_ll_rcc.h ****   *         @arg @ref LL_RCC_PLLM_DIV_34
1875:board/stm32f401rct6/Drivers/STM32F4xx_HAL_Driver/Inc/stm32f4xx_ll_rcc.h ****   *         @arg @ref LL_RCC_PLLM_DIV_35
1876:board/stm32f401rct6/Drivers/STM32F4xx_HAL_Driver/Inc/stm32f4xx_ll_rcc.h ****   *         @arg @ref LL_RCC_PLLM_DIV_36
1877:board/stm32f401rct6/Drivers/STM32F4xx_HAL_Driver/Inc/stm32f4xx_ll_rcc.h ****   *         @arg @ref LL_RCC_PLLM_DIV_37
1878:board/stm32f401rct6/Drivers/STM32F4xx_HAL_Driver/Inc/stm32f4xx_ll_rcc.h ****   *         @arg @ref LL_RCC_PLLM_DIV_38
1879:board/stm32f401rct6/Drivers/STM32F4xx_HAL_Driver/Inc/stm32f4xx_ll_rcc.h ****   *         @arg @ref LL_RCC_PLLM_DIV_39
1880:board/stm32f401rct6/Drivers/STM32F4xx_HAL_Driver/Inc/stm32f4xx_ll_rcc.h ****   *         @arg @ref LL_RCC_PLLM_DIV_40
ARM GAS  C:\Users\Admin\AppData\Local\Temp\ccHMtLfr.s 			page 38


1881:board/stm32f401rct6/Drivers/STM32F4xx_HAL_Driver/Inc/stm32f4xx_ll_rcc.h ****   *         @arg @ref LL_RCC_PLLM_DIV_41
1882:board/stm32f401rct6/Drivers/STM32F4xx_HAL_Driver/Inc/stm32f4xx_ll_rcc.h ****   *         @arg @ref LL_RCC_PLLM_DIV_42
1883:board/stm32f401rct6/Drivers/STM32F4xx_HAL_Driver/Inc/stm32f4xx_ll_rcc.h ****   *         @arg @ref LL_RCC_PLLM_DIV_43
1884:board/stm32f401rct6/Drivers/STM32F4xx_HAL_Driver/Inc/stm32f4xx_ll_rcc.h ****   *         @arg @ref LL_RCC_PLLM_DIV_44
1885:board/stm32f401rct6/Drivers/STM32F4xx_HAL_Driver/Inc/stm32f4xx_ll_rcc.h ****   *         @arg @ref LL_RCC_PLLM_DIV_45
1886:board/stm32f401rct6/Drivers/STM32F4xx_HAL_Driver/Inc/stm32f4xx_ll_rcc.h ****   *         @arg @ref LL_RCC_PLLM_DIV_46
1887:board/stm32f401rct6/Drivers/STM32F4xx_HAL_Driver/Inc/stm32f4xx_ll_rcc.h ****   *         @arg @ref LL_RCC_PLLM_DIV_47
1888:board/stm32f401rct6/Drivers/STM32F4xx_HAL_Driver/Inc/stm32f4xx_ll_rcc.h ****   *         @arg @ref LL_RCC_PLLM_DIV_48
1889:board/stm32f401rct6/Drivers/STM32F4xx_HAL_Driver/Inc/stm32f4xx_ll_rcc.h ****   *         @arg @ref LL_RCC_PLLM_DIV_49
1890:board/stm32f401rct6/Drivers/STM32F4xx_HAL_Driver/Inc/stm32f4xx_ll_rcc.h ****   *         @arg @ref LL_RCC_PLLM_DIV_50
1891:board/stm32f401rct6/Drivers/STM32F4xx_HAL_Driver/Inc/stm32f4xx_ll_rcc.h ****   *         @arg @ref LL_RCC_PLLM_DIV_51
1892:board/stm32f401rct6/Drivers/STM32F4xx_HAL_Driver/Inc/stm32f4xx_ll_rcc.h ****   *         @arg @ref LL_RCC_PLLM_DIV_52
1893:board/stm32f401rct6/Drivers/STM32F4xx_HAL_Driver/Inc/stm32f4xx_ll_rcc.h ****   *         @arg @ref LL_RCC_PLLM_DIV_53
1894:board/stm32f401rct6/Drivers/STM32F4xx_HAL_Driver/Inc/stm32f4xx_ll_rcc.h ****   *         @arg @ref LL_RCC_PLLM_DIV_54
1895:board/stm32f401rct6/Drivers/STM32F4xx_HAL_Driver/Inc/stm32f4xx_ll_rcc.h ****   *         @arg @ref LL_RCC_PLLM_DIV_55
1896:board/stm32f401rct6/Drivers/STM32F4xx_HAL_Driver/Inc/stm32f4xx_ll_rcc.h ****   *         @arg @ref LL_RCC_PLLM_DIV_56
1897:board/stm32f401rct6/Drivers/STM32F4xx_HAL_Driver/Inc/stm32f4xx_ll_rcc.h ****   *         @arg @ref LL_RCC_PLLM_DIV_57
1898:board/stm32f401rct6/Drivers/STM32F4xx_HAL_Driver/Inc/stm32f4xx_ll_rcc.h ****   *         @arg @ref LL_RCC_PLLM_DIV_58
1899:board/stm32f401rct6/Drivers/STM32F4xx_HAL_Driver/Inc/stm32f4xx_ll_rcc.h ****   *         @arg @ref LL_RCC_PLLM_DIV_59
1900:board/stm32f401rct6/Drivers/STM32F4xx_HAL_Driver/Inc/stm32f4xx_ll_rcc.h ****   *         @arg @ref LL_RCC_PLLM_DIV_60
1901:board/stm32f401rct6/Drivers/STM32F4xx_HAL_Driver/Inc/stm32f4xx_ll_rcc.h ****   *         @arg @ref LL_RCC_PLLM_DIV_61
1902:board/stm32f401rct6/Drivers/STM32F4xx_HAL_Driver/Inc/stm32f4xx_ll_rcc.h ****   *         @arg @ref LL_RCC_PLLM_DIV_62
1903:board/stm32f401rct6/Drivers/STM32F4xx_HAL_Driver/Inc/stm32f4xx_ll_rcc.h ****   *         @arg @ref LL_RCC_PLLM_DIV_63
1904:board/stm32f401rct6/Drivers/STM32F4xx_HAL_Driver/Inc/stm32f4xx_ll_rcc.h ****   * @param  __PLLN__ Between 50 and 432
1905:board/stm32f401rct6/Drivers/STM32F4xx_HAL_Driver/Inc/stm32f4xx_ll_rcc.h ****   * @param  __PLLR__ This parameter can be one of the following values:
1906:board/stm32f401rct6/Drivers/STM32F4xx_HAL_Driver/Inc/stm32f4xx_ll_rcc.h ****   *         @arg @ref LL_RCC_PLLR_DIV_2
1907:board/stm32f401rct6/Drivers/STM32F4xx_HAL_Driver/Inc/stm32f4xx_ll_rcc.h ****   *         @arg @ref LL_RCC_PLLR_DIV_3
1908:board/stm32f401rct6/Drivers/STM32F4xx_HAL_Driver/Inc/stm32f4xx_ll_rcc.h ****   *         @arg @ref LL_RCC_PLLR_DIV_4
1909:board/stm32f401rct6/Drivers/STM32F4xx_HAL_Driver/Inc/stm32f4xx_ll_rcc.h ****   *         @arg @ref LL_RCC_PLLR_DIV_5
1910:board/stm32f401rct6/Drivers/STM32F4xx_HAL_Driver/Inc/stm32f4xx_ll_rcc.h ****   *         @arg @ref LL_RCC_PLLR_DIV_6
1911:board/stm32f401rct6/Drivers/STM32F4xx_HAL_Driver/Inc/stm32f4xx_ll_rcc.h ****   *         @arg @ref LL_RCC_PLLR_DIV_7
1912:board/stm32f401rct6/Drivers/STM32F4xx_HAL_Driver/Inc/stm32f4xx_ll_rcc.h ****   * @retval PLL clock frequency (in Hz)
1913:board/stm32f401rct6/Drivers/STM32F4xx_HAL_Driver/Inc/stm32f4xx_ll_rcc.h ****   */
1914:board/stm32f401rct6/Drivers/STM32F4xx_HAL_Driver/Inc/stm32f4xx_ll_rcc.h **** #define __LL_RCC_CALC_PLLCLK_I2S_FREQ(__INPUTFREQ__, __PLLM__, __PLLN__, __PLLR__) ((__INPUTFREQ__)
1915:board/stm32f401rct6/Drivers/STM32F4xx_HAL_Driver/Inc/stm32f4xx_ll_rcc.h ****     ((__PLLR__) >> RCC_PLLCFGR_PLLR_Pos ))
1916:board/stm32f401rct6/Drivers/STM32F4xx_HAL_Driver/Inc/stm32f4xx_ll_rcc.h **** #endif /* RCC_PLLR_I2S_CLKSOURCE_SUPPORT */
1917:board/stm32f401rct6/Drivers/STM32F4xx_HAL_Driver/Inc/stm32f4xx_ll_rcc.h **** 
1918:board/stm32f401rct6/Drivers/STM32F4xx_HAL_Driver/Inc/stm32f4xx_ll_rcc.h **** #if defined(SPDIFRX)
1919:board/stm32f401rct6/Drivers/STM32F4xx_HAL_Driver/Inc/stm32f4xx_ll_rcc.h **** /**
1920:board/stm32f401rct6/Drivers/STM32F4xx_HAL_Driver/Inc/stm32f4xx_ll_rcc.h ****   * @brief  Helper macro to calculate the PLLCLK frequency used on SPDIFRX
1921:board/stm32f401rct6/Drivers/STM32F4xx_HAL_Driver/Inc/stm32f4xx_ll_rcc.h ****   * @note ex: @ref __LL_RCC_CALC_PLLCLK_SPDIFRX_FREQ (HSE_VALUE, @ref LL_RCC_PLL_GetDivider (),
1922:board/stm32f401rct6/Drivers/STM32F4xx_HAL_Driver/Inc/stm32f4xx_ll_rcc.h ****   *             @ref LL_RCC_PLL_GetN (), @ref LL_RCC_PLL_GetR ());
1923:board/stm32f401rct6/Drivers/STM32F4xx_HAL_Driver/Inc/stm32f4xx_ll_rcc.h ****   * @param  __INPUTFREQ__ PLL Input frequency (based on HSE/HSI)
1924:board/stm32f401rct6/Drivers/STM32F4xx_HAL_Driver/Inc/stm32f4xx_ll_rcc.h ****   * @param  __PLLM__ This parameter can be one of the following values:
1925:board/stm32f401rct6/Drivers/STM32F4xx_HAL_Driver/Inc/stm32f4xx_ll_rcc.h ****   *         @arg @ref LL_RCC_PLLM_DIV_2
1926:board/stm32f401rct6/Drivers/STM32F4xx_HAL_Driver/Inc/stm32f4xx_ll_rcc.h ****   *         @arg @ref LL_RCC_PLLM_DIV_3
1927:board/stm32f401rct6/Drivers/STM32F4xx_HAL_Driver/Inc/stm32f4xx_ll_rcc.h ****   *         @arg @ref LL_RCC_PLLM_DIV_4
1928:board/stm32f401rct6/Drivers/STM32F4xx_HAL_Driver/Inc/stm32f4xx_ll_rcc.h ****   *         @arg @ref LL_RCC_PLLM_DIV_5
1929:board/stm32f401rct6/Drivers/STM32F4xx_HAL_Driver/Inc/stm32f4xx_ll_rcc.h ****   *         @arg @ref LL_RCC_PLLM_DIV_6
1930:board/stm32f401rct6/Drivers/STM32F4xx_HAL_Driver/Inc/stm32f4xx_ll_rcc.h ****   *         @arg @ref LL_RCC_PLLM_DIV_7
1931:board/stm32f401rct6/Drivers/STM32F4xx_HAL_Driver/Inc/stm32f4xx_ll_rcc.h ****   *         @arg @ref LL_RCC_PLLM_DIV_8
1932:board/stm32f401rct6/Drivers/STM32F4xx_HAL_Driver/Inc/stm32f4xx_ll_rcc.h ****   *         @arg @ref LL_RCC_PLLM_DIV_9
1933:board/stm32f401rct6/Drivers/STM32F4xx_HAL_Driver/Inc/stm32f4xx_ll_rcc.h ****   *         @arg @ref LL_RCC_PLLM_DIV_10
1934:board/stm32f401rct6/Drivers/STM32F4xx_HAL_Driver/Inc/stm32f4xx_ll_rcc.h ****   *         @arg @ref LL_RCC_PLLM_DIV_11
1935:board/stm32f401rct6/Drivers/STM32F4xx_HAL_Driver/Inc/stm32f4xx_ll_rcc.h ****   *         @arg @ref LL_RCC_PLLM_DIV_12
1936:board/stm32f401rct6/Drivers/STM32F4xx_HAL_Driver/Inc/stm32f4xx_ll_rcc.h ****   *         @arg @ref LL_RCC_PLLM_DIV_13
1937:board/stm32f401rct6/Drivers/STM32F4xx_HAL_Driver/Inc/stm32f4xx_ll_rcc.h ****   *         @arg @ref LL_RCC_PLLM_DIV_14
ARM GAS  C:\Users\Admin\AppData\Local\Temp\ccHMtLfr.s 			page 39


1938:board/stm32f401rct6/Drivers/STM32F4xx_HAL_Driver/Inc/stm32f4xx_ll_rcc.h ****   *         @arg @ref LL_RCC_PLLM_DIV_15
1939:board/stm32f401rct6/Drivers/STM32F4xx_HAL_Driver/Inc/stm32f4xx_ll_rcc.h ****   *         @arg @ref LL_RCC_PLLM_DIV_16
1940:board/stm32f401rct6/Drivers/STM32F4xx_HAL_Driver/Inc/stm32f4xx_ll_rcc.h ****   *         @arg @ref LL_RCC_PLLM_DIV_17
1941:board/stm32f401rct6/Drivers/STM32F4xx_HAL_Driver/Inc/stm32f4xx_ll_rcc.h ****   *         @arg @ref LL_RCC_PLLM_DIV_18
1942:board/stm32f401rct6/Drivers/STM32F4xx_HAL_Driver/Inc/stm32f4xx_ll_rcc.h ****   *         @arg @ref LL_RCC_PLLM_DIV_19
1943:board/stm32f401rct6/Drivers/STM32F4xx_HAL_Driver/Inc/stm32f4xx_ll_rcc.h ****   *         @arg @ref LL_RCC_PLLM_DIV_20
1944:board/stm32f401rct6/Drivers/STM32F4xx_HAL_Driver/Inc/stm32f4xx_ll_rcc.h ****   *         @arg @ref LL_RCC_PLLM_DIV_21
1945:board/stm32f401rct6/Drivers/STM32F4xx_HAL_Driver/Inc/stm32f4xx_ll_rcc.h ****   *         @arg @ref LL_RCC_PLLM_DIV_22
1946:board/stm32f401rct6/Drivers/STM32F4xx_HAL_Driver/Inc/stm32f4xx_ll_rcc.h ****   *         @arg @ref LL_RCC_PLLM_DIV_23
1947:board/stm32f401rct6/Drivers/STM32F4xx_HAL_Driver/Inc/stm32f4xx_ll_rcc.h ****   *         @arg @ref LL_RCC_PLLM_DIV_24
1948:board/stm32f401rct6/Drivers/STM32F4xx_HAL_Driver/Inc/stm32f4xx_ll_rcc.h ****   *         @arg @ref LL_RCC_PLLM_DIV_25
1949:board/stm32f401rct6/Drivers/STM32F4xx_HAL_Driver/Inc/stm32f4xx_ll_rcc.h ****   *         @arg @ref LL_RCC_PLLM_DIV_26
1950:board/stm32f401rct6/Drivers/STM32F4xx_HAL_Driver/Inc/stm32f4xx_ll_rcc.h ****   *         @arg @ref LL_RCC_PLLM_DIV_27
1951:board/stm32f401rct6/Drivers/STM32F4xx_HAL_Driver/Inc/stm32f4xx_ll_rcc.h ****   *         @arg @ref LL_RCC_PLLM_DIV_28
1952:board/stm32f401rct6/Drivers/STM32F4xx_HAL_Driver/Inc/stm32f4xx_ll_rcc.h ****   *         @arg @ref LL_RCC_PLLM_DIV_29
1953:board/stm32f401rct6/Drivers/STM32F4xx_HAL_Driver/Inc/stm32f4xx_ll_rcc.h ****   *         @arg @ref LL_RCC_PLLM_DIV_30
1954:board/stm32f401rct6/Drivers/STM32F4xx_HAL_Driver/Inc/stm32f4xx_ll_rcc.h ****   *         @arg @ref LL_RCC_PLLM_DIV_31
1955:board/stm32f401rct6/Drivers/STM32F4xx_HAL_Driver/Inc/stm32f4xx_ll_rcc.h ****   *         @arg @ref LL_RCC_PLLM_DIV_32
1956:board/stm32f401rct6/Drivers/STM32F4xx_HAL_Driver/Inc/stm32f4xx_ll_rcc.h ****   *         @arg @ref LL_RCC_PLLM_DIV_33
1957:board/stm32f401rct6/Drivers/STM32F4xx_HAL_Driver/Inc/stm32f4xx_ll_rcc.h ****   *         @arg @ref LL_RCC_PLLM_DIV_34
1958:board/stm32f401rct6/Drivers/STM32F4xx_HAL_Driver/Inc/stm32f4xx_ll_rcc.h ****   *         @arg @ref LL_RCC_PLLM_DIV_35
1959:board/stm32f401rct6/Drivers/STM32F4xx_HAL_Driver/Inc/stm32f4xx_ll_rcc.h ****   *         @arg @ref LL_RCC_PLLM_DIV_36
1960:board/stm32f401rct6/Drivers/STM32F4xx_HAL_Driver/Inc/stm32f4xx_ll_rcc.h ****   *         @arg @ref LL_RCC_PLLM_DIV_37
1961:board/stm32f401rct6/Drivers/STM32F4xx_HAL_Driver/Inc/stm32f4xx_ll_rcc.h ****   *         @arg @ref LL_RCC_PLLM_DIV_38
1962:board/stm32f401rct6/Drivers/STM32F4xx_HAL_Driver/Inc/stm32f4xx_ll_rcc.h ****   *         @arg @ref LL_RCC_PLLM_DIV_39
1963:board/stm32f401rct6/Drivers/STM32F4xx_HAL_Driver/Inc/stm32f4xx_ll_rcc.h ****   *         @arg @ref LL_RCC_PLLM_DIV_40
1964:board/stm32f401rct6/Drivers/STM32F4xx_HAL_Driver/Inc/stm32f4xx_ll_rcc.h ****   *         @arg @ref LL_RCC_PLLM_DIV_41
1965:board/stm32f401rct6/Drivers/STM32F4xx_HAL_Driver/Inc/stm32f4xx_ll_rcc.h ****   *         @arg @ref LL_RCC_PLLM_DIV_42
1966:board/stm32f401rct6/Drivers/STM32F4xx_HAL_Driver/Inc/stm32f4xx_ll_rcc.h ****   *         @arg @ref LL_RCC_PLLM_DIV_43
1967:board/stm32f401rct6/Drivers/STM32F4xx_HAL_Driver/Inc/stm32f4xx_ll_rcc.h ****   *         @arg @ref LL_RCC_PLLM_DIV_44
1968:board/stm32f401rct6/Drivers/STM32F4xx_HAL_Driver/Inc/stm32f4xx_ll_rcc.h ****   *         @arg @ref LL_RCC_PLLM_DIV_45
1969:board/stm32f401rct6/Drivers/STM32F4xx_HAL_Driver/Inc/stm32f4xx_ll_rcc.h ****   *         @arg @ref LL_RCC_PLLM_DIV_46
1970:board/stm32f401rct6/Drivers/STM32F4xx_HAL_Driver/Inc/stm32f4xx_ll_rcc.h ****   *         @arg @ref LL_RCC_PLLM_DIV_47
1971:board/stm32f401rct6/Drivers/STM32F4xx_HAL_Driver/Inc/stm32f4xx_ll_rcc.h ****   *         @arg @ref LL_RCC_PLLM_DIV_48
1972:board/stm32f401rct6/Drivers/STM32F4xx_HAL_Driver/Inc/stm32f4xx_ll_rcc.h ****   *         @arg @ref LL_RCC_PLLM_DIV_49
1973:board/stm32f401rct6/Drivers/STM32F4xx_HAL_Driver/Inc/stm32f4xx_ll_rcc.h ****   *         @arg @ref LL_RCC_PLLM_DIV_50
1974:board/stm32f401rct6/Drivers/STM32F4xx_HAL_Driver/Inc/stm32f4xx_ll_rcc.h ****   *         @arg @ref LL_RCC_PLLM_DIV_51
1975:board/stm32f401rct6/Drivers/STM32F4xx_HAL_Driver/Inc/stm32f4xx_ll_rcc.h ****   *         @arg @ref LL_RCC_PLLM_DIV_52
1976:board/stm32f401rct6/Drivers/STM32F4xx_HAL_Driver/Inc/stm32f4xx_ll_rcc.h ****   *         @arg @ref LL_RCC_PLLM_DIV_53
1977:board/stm32f401rct6/Drivers/STM32F4xx_HAL_Driver/Inc/stm32f4xx_ll_rcc.h ****   *         @arg @ref LL_RCC_PLLM_DIV_54
1978:board/stm32f401rct6/Drivers/STM32F4xx_HAL_Driver/Inc/stm32f4xx_ll_rcc.h ****   *         @arg @ref LL_RCC_PLLM_DIV_55
1979:board/stm32f401rct6/Drivers/STM32F4xx_HAL_Driver/Inc/stm32f4xx_ll_rcc.h ****   *         @arg @ref LL_RCC_PLLM_DIV_56
1980:board/stm32f401rct6/Drivers/STM32F4xx_HAL_Driver/Inc/stm32f4xx_ll_rcc.h ****   *         @arg @ref LL_RCC_PLLM_DIV_57
1981:board/stm32f401rct6/Drivers/STM32F4xx_HAL_Driver/Inc/stm32f4xx_ll_rcc.h ****   *         @arg @ref LL_RCC_PLLM_DIV_58
1982:board/stm32f401rct6/Drivers/STM32F4xx_HAL_Driver/Inc/stm32f4xx_ll_rcc.h ****   *         @arg @ref LL_RCC_PLLM_DIV_59
1983:board/stm32f401rct6/Drivers/STM32F4xx_HAL_Driver/Inc/stm32f4xx_ll_rcc.h ****   *         @arg @ref LL_RCC_PLLM_DIV_60
1984:board/stm32f401rct6/Drivers/STM32F4xx_HAL_Driver/Inc/stm32f4xx_ll_rcc.h ****   *         @arg @ref LL_RCC_PLLM_DIV_61
1985:board/stm32f401rct6/Drivers/STM32F4xx_HAL_Driver/Inc/stm32f4xx_ll_rcc.h ****   *         @arg @ref LL_RCC_PLLM_DIV_62
1986:board/stm32f401rct6/Drivers/STM32F4xx_HAL_Driver/Inc/stm32f4xx_ll_rcc.h ****   *         @arg @ref LL_RCC_PLLM_DIV_63
1987:board/stm32f401rct6/Drivers/STM32F4xx_HAL_Driver/Inc/stm32f4xx_ll_rcc.h ****   * @param  __PLLN__ Between 50 and 432
1988:board/stm32f401rct6/Drivers/STM32F4xx_HAL_Driver/Inc/stm32f4xx_ll_rcc.h ****   * @param  __PLLR__ This parameter can be one of the following values:
1989:board/stm32f401rct6/Drivers/STM32F4xx_HAL_Driver/Inc/stm32f4xx_ll_rcc.h ****   *         @arg @ref LL_RCC_PLLR_DIV_2
1990:board/stm32f401rct6/Drivers/STM32F4xx_HAL_Driver/Inc/stm32f4xx_ll_rcc.h ****   *         @arg @ref LL_RCC_PLLR_DIV_3
1991:board/stm32f401rct6/Drivers/STM32F4xx_HAL_Driver/Inc/stm32f4xx_ll_rcc.h ****   *         @arg @ref LL_RCC_PLLR_DIV_4
1992:board/stm32f401rct6/Drivers/STM32F4xx_HAL_Driver/Inc/stm32f4xx_ll_rcc.h ****   *         @arg @ref LL_RCC_PLLR_DIV_5
1993:board/stm32f401rct6/Drivers/STM32F4xx_HAL_Driver/Inc/stm32f4xx_ll_rcc.h ****   *         @arg @ref LL_RCC_PLLR_DIV_6
1994:board/stm32f401rct6/Drivers/STM32F4xx_HAL_Driver/Inc/stm32f4xx_ll_rcc.h ****   *         @arg @ref LL_RCC_PLLR_DIV_7
ARM GAS  C:\Users\Admin\AppData\Local\Temp\ccHMtLfr.s 			page 40


1995:board/stm32f401rct6/Drivers/STM32F4xx_HAL_Driver/Inc/stm32f4xx_ll_rcc.h ****   * @retval PLL clock frequency (in Hz)
1996:board/stm32f401rct6/Drivers/STM32F4xx_HAL_Driver/Inc/stm32f4xx_ll_rcc.h ****   */
1997:board/stm32f401rct6/Drivers/STM32F4xx_HAL_Driver/Inc/stm32f4xx_ll_rcc.h **** #define __LL_RCC_CALC_PLLCLK_SPDIFRX_FREQ(__INPUTFREQ__, __PLLM__, __PLLN__, __PLLR__) ((__INPUTFRE
1998:board/stm32f401rct6/Drivers/STM32F4xx_HAL_Driver/Inc/stm32f4xx_ll_rcc.h ****     ((__PLLR__) >> RCC_PLLCFGR_PLLR_Pos ))
1999:board/stm32f401rct6/Drivers/STM32F4xx_HAL_Driver/Inc/stm32f4xx_ll_rcc.h **** #endif /* SPDIFRX */
2000:board/stm32f401rct6/Drivers/STM32F4xx_HAL_Driver/Inc/stm32f4xx_ll_rcc.h **** 
2001:board/stm32f401rct6/Drivers/STM32F4xx_HAL_Driver/Inc/stm32f4xx_ll_rcc.h **** #if defined(RCC_PLLCFGR_PLLR)
2002:board/stm32f401rct6/Drivers/STM32F4xx_HAL_Driver/Inc/stm32f4xx_ll_rcc.h **** #if defined(SAI1)
2003:board/stm32f401rct6/Drivers/STM32F4xx_HAL_Driver/Inc/stm32f4xx_ll_rcc.h **** /**
2004:board/stm32f401rct6/Drivers/STM32F4xx_HAL_Driver/Inc/stm32f4xx_ll_rcc.h ****   * @brief  Helper macro to calculate the PLLCLK frequency used on SAI
2005:board/stm32f401rct6/Drivers/STM32F4xx_HAL_Driver/Inc/stm32f4xx_ll_rcc.h ****   * @note ex: @ref __LL_RCC_CALC_PLLCLK_SAI_FREQ (HSE_VALUE, @ref LL_RCC_PLL_GetDivider (),
2006:board/stm32f401rct6/Drivers/STM32F4xx_HAL_Driver/Inc/stm32f4xx_ll_rcc.h ****   *             @ref LL_RCC_PLL_GetN (), @ref LL_RCC_PLL_GetR (), @ref LL_RCC_PLL_GetDIVR ());
2007:board/stm32f401rct6/Drivers/STM32F4xx_HAL_Driver/Inc/stm32f4xx_ll_rcc.h ****   * @param  __INPUTFREQ__ PLL Input frequency (based on HSE/HSI)
2008:board/stm32f401rct6/Drivers/STM32F4xx_HAL_Driver/Inc/stm32f4xx_ll_rcc.h ****   * @param  __PLLM__ This parameter can be one of the following values:
2009:board/stm32f401rct6/Drivers/STM32F4xx_HAL_Driver/Inc/stm32f4xx_ll_rcc.h ****   *         @arg @ref LL_RCC_PLLM_DIV_2
2010:board/stm32f401rct6/Drivers/STM32F4xx_HAL_Driver/Inc/stm32f4xx_ll_rcc.h ****   *         @arg @ref LL_RCC_PLLM_DIV_3
2011:board/stm32f401rct6/Drivers/STM32F4xx_HAL_Driver/Inc/stm32f4xx_ll_rcc.h ****   *         @arg @ref LL_RCC_PLLM_DIV_4
2012:board/stm32f401rct6/Drivers/STM32F4xx_HAL_Driver/Inc/stm32f4xx_ll_rcc.h ****   *         @arg @ref LL_RCC_PLLM_DIV_5
2013:board/stm32f401rct6/Drivers/STM32F4xx_HAL_Driver/Inc/stm32f4xx_ll_rcc.h ****   *         @arg @ref LL_RCC_PLLM_DIV_6
2014:board/stm32f401rct6/Drivers/STM32F4xx_HAL_Driver/Inc/stm32f4xx_ll_rcc.h ****   *         @arg @ref LL_RCC_PLLM_DIV_7
2015:board/stm32f401rct6/Drivers/STM32F4xx_HAL_Driver/Inc/stm32f4xx_ll_rcc.h ****   *         @arg @ref LL_RCC_PLLM_DIV_8
2016:board/stm32f401rct6/Drivers/STM32F4xx_HAL_Driver/Inc/stm32f4xx_ll_rcc.h ****   *         @arg @ref LL_RCC_PLLM_DIV_9
2017:board/stm32f401rct6/Drivers/STM32F4xx_HAL_Driver/Inc/stm32f4xx_ll_rcc.h ****   *         @arg @ref LL_RCC_PLLM_DIV_10
2018:board/stm32f401rct6/Drivers/STM32F4xx_HAL_Driver/Inc/stm32f4xx_ll_rcc.h ****   *         @arg @ref LL_RCC_PLLM_DIV_11
2019:board/stm32f401rct6/Drivers/STM32F4xx_HAL_Driver/Inc/stm32f4xx_ll_rcc.h ****   *         @arg @ref LL_RCC_PLLM_DIV_12
2020:board/stm32f401rct6/Drivers/STM32F4xx_HAL_Driver/Inc/stm32f4xx_ll_rcc.h ****   *         @arg @ref LL_RCC_PLLM_DIV_13
2021:board/stm32f401rct6/Drivers/STM32F4xx_HAL_Driver/Inc/stm32f4xx_ll_rcc.h ****   *         @arg @ref LL_RCC_PLLM_DIV_14
2022:board/stm32f401rct6/Drivers/STM32F4xx_HAL_Driver/Inc/stm32f4xx_ll_rcc.h ****   *         @arg @ref LL_RCC_PLLM_DIV_15
2023:board/stm32f401rct6/Drivers/STM32F4xx_HAL_Driver/Inc/stm32f4xx_ll_rcc.h ****   *         @arg @ref LL_RCC_PLLM_DIV_16
2024:board/stm32f401rct6/Drivers/STM32F4xx_HAL_Driver/Inc/stm32f4xx_ll_rcc.h ****   *         @arg @ref LL_RCC_PLLM_DIV_17
2025:board/stm32f401rct6/Drivers/STM32F4xx_HAL_Driver/Inc/stm32f4xx_ll_rcc.h ****   *         @arg @ref LL_RCC_PLLM_DIV_18
2026:board/stm32f401rct6/Drivers/STM32F4xx_HAL_Driver/Inc/stm32f4xx_ll_rcc.h ****   *         @arg @ref LL_RCC_PLLM_DIV_19
2027:board/stm32f401rct6/Drivers/STM32F4xx_HAL_Driver/Inc/stm32f4xx_ll_rcc.h ****   *         @arg @ref LL_RCC_PLLM_DIV_20
2028:board/stm32f401rct6/Drivers/STM32F4xx_HAL_Driver/Inc/stm32f4xx_ll_rcc.h ****   *         @arg @ref LL_RCC_PLLM_DIV_21
2029:board/stm32f401rct6/Drivers/STM32F4xx_HAL_Driver/Inc/stm32f4xx_ll_rcc.h ****   *         @arg @ref LL_RCC_PLLM_DIV_22
2030:board/stm32f401rct6/Drivers/STM32F4xx_HAL_Driver/Inc/stm32f4xx_ll_rcc.h ****   *         @arg @ref LL_RCC_PLLM_DIV_23
2031:board/stm32f401rct6/Drivers/STM32F4xx_HAL_Driver/Inc/stm32f4xx_ll_rcc.h ****   *         @arg @ref LL_RCC_PLLM_DIV_24
2032:board/stm32f401rct6/Drivers/STM32F4xx_HAL_Driver/Inc/stm32f4xx_ll_rcc.h ****   *         @arg @ref LL_RCC_PLLM_DIV_25
2033:board/stm32f401rct6/Drivers/STM32F4xx_HAL_Driver/Inc/stm32f4xx_ll_rcc.h ****   *         @arg @ref LL_RCC_PLLM_DIV_26
2034:board/stm32f401rct6/Drivers/STM32F4xx_HAL_Driver/Inc/stm32f4xx_ll_rcc.h ****   *         @arg @ref LL_RCC_PLLM_DIV_27
2035:board/stm32f401rct6/Drivers/STM32F4xx_HAL_Driver/Inc/stm32f4xx_ll_rcc.h ****   *         @arg @ref LL_RCC_PLLM_DIV_28
2036:board/stm32f401rct6/Drivers/STM32F4xx_HAL_Driver/Inc/stm32f4xx_ll_rcc.h ****   *         @arg @ref LL_RCC_PLLM_DIV_29
2037:board/stm32f401rct6/Drivers/STM32F4xx_HAL_Driver/Inc/stm32f4xx_ll_rcc.h ****   *         @arg @ref LL_RCC_PLLM_DIV_30
2038:board/stm32f401rct6/Drivers/STM32F4xx_HAL_Driver/Inc/stm32f4xx_ll_rcc.h ****   *         @arg @ref LL_RCC_PLLM_DIV_31
2039:board/stm32f401rct6/Drivers/STM32F4xx_HAL_Driver/Inc/stm32f4xx_ll_rcc.h ****   *         @arg @ref LL_RCC_PLLM_DIV_32
2040:board/stm32f401rct6/Drivers/STM32F4xx_HAL_Driver/Inc/stm32f4xx_ll_rcc.h ****   *         @arg @ref LL_RCC_PLLM_DIV_33
2041:board/stm32f401rct6/Drivers/STM32F4xx_HAL_Driver/Inc/stm32f4xx_ll_rcc.h ****   *         @arg @ref LL_RCC_PLLM_DIV_34
2042:board/stm32f401rct6/Drivers/STM32F4xx_HAL_Driver/Inc/stm32f4xx_ll_rcc.h ****   *         @arg @ref LL_RCC_PLLM_DIV_35
2043:board/stm32f401rct6/Drivers/STM32F4xx_HAL_Driver/Inc/stm32f4xx_ll_rcc.h ****   *         @arg @ref LL_RCC_PLLM_DIV_36
2044:board/stm32f401rct6/Drivers/STM32F4xx_HAL_Driver/Inc/stm32f4xx_ll_rcc.h ****   *         @arg @ref LL_RCC_PLLM_DIV_37
2045:board/stm32f401rct6/Drivers/STM32F4xx_HAL_Driver/Inc/stm32f4xx_ll_rcc.h ****   *         @arg @ref LL_RCC_PLLM_DIV_38
2046:board/stm32f401rct6/Drivers/STM32F4xx_HAL_Driver/Inc/stm32f4xx_ll_rcc.h ****   *         @arg @ref LL_RCC_PLLM_DIV_39
2047:board/stm32f401rct6/Drivers/STM32F4xx_HAL_Driver/Inc/stm32f4xx_ll_rcc.h ****   *         @arg @ref LL_RCC_PLLM_DIV_40
2048:board/stm32f401rct6/Drivers/STM32F4xx_HAL_Driver/Inc/stm32f4xx_ll_rcc.h ****   *         @arg @ref LL_RCC_PLLM_DIV_41
2049:board/stm32f401rct6/Drivers/STM32F4xx_HAL_Driver/Inc/stm32f4xx_ll_rcc.h ****   *         @arg @ref LL_RCC_PLLM_DIV_42
2050:board/stm32f401rct6/Drivers/STM32F4xx_HAL_Driver/Inc/stm32f4xx_ll_rcc.h ****   *         @arg @ref LL_RCC_PLLM_DIV_43
2051:board/stm32f401rct6/Drivers/STM32F4xx_HAL_Driver/Inc/stm32f4xx_ll_rcc.h ****   *         @arg @ref LL_RCC_PLLM_DIV_44
ARM GAS  C:\Users\Admin\AppData\Local\Temp\ccHMtLfr.s 			page 41


2052:board/stm32f401rct6/Drivers/STM32F4xx_HAL_Driver/Inc/stm32f4xx_ll_rcc.h ****   *         @arg @ref LL_RCC_PLLM_DIV_45
2053:board/stm32f401rct6/Drivers/STM32F4xx_HAL_Driver/Inc/stm32f4xx_ll_rcc.h ****   *         @arg @ref LL_RCC_PLLM_DIV_46
2054:board/stm32f401rct6/Drivers/STM32F4xx_HAL_Driver/Inc/stm32f4xx_ll_rcc.h ****   *         @arg @ref LL_RCC_PLLM_DIV_47
2055:board/stm32f401rct6/Drivers/STM32F4xx_HAL_Driver/Inc/stm32f4xx_ll_rcc.h ****   *         @arg @ref LL_RCC_PLLM_DIV_48
2056:board/stm32f401rct6/Drivers/STM32F4xx_HAL_Driver/Inc/stm32f4xx_ll_rcc.h ****   *         @arg @ref LL_RCC_PLLM_DIV_49
2057:board/stm32f401rct6/Drivers/STM32F4xx_HAL_Driver/Inc/stm32f4xx_ll_rcc.h ****   *         @arg @ref LL_RCC_PLLM_DIV_50
2058:board/stm32f401rct6/Drivers/STM32F4xx_HAL_Driver/Inc/stm32f4xx_ll_rcc.h ****   *         @arg @ref LL_RCC_PLLM_DIV_51
2059:board/stm32f401rct6/Drivers/STM32F4xx_HAL_Driver/Inc/stm32f4xx_ll_rcc.h ****   *         @arg @ref LL_RCC_PLLM_DIV_52
2060:board/stm32f401rct6/Drivers/STM32F4xx_HAL_Driver/Inc/stm32f4xx_ll_rcc.h ****   *         @arg @ref LL_RCC_PLLM_DIV_53
2061:board/stm32f401rct6/Drivers/STM32F4xx_HAL_Driver/Inc/stm32f4xx_ll_rcc.h ****   *         @arg @ref LL_RCC_PLLM_DIV_54
2062:board/stm32f401rct6/Drivers/STM32F4xx_HAL_Driver/Inc/stm32f4xx_ll_rcc.h ****   *         @arg @ref LL_RCC_PLLM_DIV_55
2063:board/stm32f401rct6/Drivers/STM32F4xx_HAL_Driver/Inc/stm32f4xx_ll_rcc.h ****   *         @arg @ref LL_RCC_PLLM_DIV_56
2064:board/stm32f401rct6/Drivers/STM32F4xx_HAL_Driver/Inc/stm32f4xx_ll_rcc.h ****   *         @arg @ref LL_RCC_PLLM_DIV_57
2065:board/stm32f401rct6/Drivers/STM32F4xx_HAL_Driver/Inc/stm32f4xx_ll_rcc.h ****   *         @arg @ref LL_RCC_PLLM_DIV_58
2066:board/stm32f401rct6/Drivers/STM32F4xx_HAL_Driver/Inc/stm32f4xx_ll_rcc.h ****   *         @arg @ref LL_RCC_PLLM_DIV_59
2067:board/stm32f401rct6/Drivers/STM32F4xx_HAL_Driver/Inc/stm32f4xx_ll_rcc.h ****   *         @arg @ref LL_RCC_PLLM_DIV_60
2068:board/stm32f401rct6/Drivers/STM32F4xx_HAL_Driver/Inc/stm32f4xx_ll_rcc.h ****   *         @arg @ref LL_RCC_PLLM_DIV_61
2069:board/stm32f401rct6/Drivers/STM32F4xx_HAL_Driver/Inc/stm32f4xx_ll_rcc.h ****   *         @arg @ref LL_RCC_PLLM_DIV_62
2070:board/stm32f401rct6/Drivers/STM32F4xx_HAL_Driver/Inc/stm32f4xx_ll_rcc.h ****   *         @arg @ref LL_RCC_PLLM_DIV_63
2071:board/stm32f401rct6/Drivers/STM32F4xx_HAL_Driver/Inc/stm32f4xx_ll_rcc.h ****   * @param  __PLLN__ Between 50 and 432
2072:board/stm32f401rct6/Drivers/STM32F4xx_HAL_Driver/Inc/stm32f4xx_ll_rcc.h ****   * @param  __PLLR__ This parameter can be one of the following values:
2073:board/stm32f401rct6/Drivers/STM32F4xx_HAL_Driver/Inc/stm32f4xx_ll_rcc.h ****   *         @arg @ref LL_RCC_PLLR_DIV_2
2074:board/stm32f401rct6/Drivers/STM32F4xx_HAL_Driver/Inc/stm32f4xx_ll_rcc.h ****   *         @arg @ref LL_RCC_PLLR_DIV_3
2075:board/stm32f401rct6/Drivers/STM32F4xx_HAL_Driver/Inc/stm32f4xx_ll_rcc.h ****   *         @arg @ref LL_RCC_PLLR_DIV_4
2076:board/stm32f401rct6/Drivers/STM32F4xx_HAL_Driver/Inc/stm32f4xx_ll_rcc.h ****   *         @arg @ref LL_RCC_PLLR_DIV_5
2077:board/stm32f401rct6/Drivers/STM32F4xx_HAL_Driver/Inc/stm32f4xx_ll_rcc.h ****   *         @arg @ref LL_RCC_PLLR_DIV_6
2078:board/stm32f401rct6/Drivers/STM32F4xx_HAL_Driver/Inc/stm32f4xx_ll_rcc.h ****   *         @arg @ref LL_RCC_PLLR_DIV_7
2079:board/stm32f401rct6/Drivers/STM32F4xx_HAL_Driver/Inc/stm32f4xx_ll_rcc.h ****   * @param  __PLLDIVR__ This parameter can be one of the following values:
2080:board/stm32f401rct6/Drivers/STM32F4xx_HAL_Driver/Inc/stm32f4xx_ll_rcc.h ****   *         @arg @ref LL_RCC_PLLDIVR_DIV_1 (*)
2081:board/stm32f401rct6/Drivers/STM32F4xx_HAL_Driver/Inc/stm32f4xx_ll_rcc.h ****   *         @arg @ref LL_RCC_PLLDIVR_DIV_2 (*)
2082:board/stm32f401rct6/Drivers/STM32F4xx_HAL_Driver/Inc/stm32f4xx_ll_rcc.h ****   *         @arg @ref LL_RCC_PLLDIVR_DIV_3 (*)
2083:board/stm32f401rct6/Drivers/STM32F4xx_HAL_Driver/Inc/stm32f4xx_ll_rcc.h ****   *         @arg @ref LL_RCC_PLLDIVR_DIV_4 (*)
2084:board/stm32f401rct6/Drivers/STM32F4xx_HAL_Driver/Inc/stm32f4xx_ll_rcc.h ****   *         @arg @ref LL_RCC_PLLDIVR_DIV_5 (*)
2085:board/stm32f401rct6/Drivers/STM32F4xx_HAL_Driver/Inc/stm32f4xx_ll_rcc.h ****   *         @arg @ref LL_RCC_PLLDIVR_DIV_6 (*)
2086:board/stm32f401rct6/Drivers/STM32F4xx_HAL_Driver/Inc/stm32f4xx_ll_rcc.h ****   *         @arg @ref LL_RCC_PLLDIVR_DIV_7 (*)
2087:board/stm32f401rct6/Drivers/STM32F4xx_HAL_Driver/Inc/stm32f4xx_ll_rcc.h ****   *         @arg @ref LL_RCC_PLLDIVR_DIV_8 (*)
2088:board/stm32f401rct6/Drivers/STM32F4xx_HAL_Driver/Inc/stm32f4xx_ll_rcc.h ****   *         @arg @ref LL_RCC_PLLDIVR_DIV_9 (*)
2089:board/stm32f401rct6/Drivers/STM32F4xx_HAL_Driver/Inc/stm32f4xx_ll_rcc.h ****   *         @arg @ref LL_RCC_PLLDIVR_DIV_10 (*)
2090:board/stm32f401rct6/Drivers/STM32F4xx_HAL_Driver/Inc/stm32f4xx_ll_rcc.h ****   *         @arg @ref LL_RCC_PLLDIVR_DIV_11 (*)
2091:board/stm32f401rct6/Drivers/STM32F4xx_HAL_Driver/Inc/stm32f4xx_ll_rcc.h ****   *         @arg @ref LL_RCC_PLLDIVR_DIV_12 (*)
2092:board/stm32f401rct6/Drivers/STM32F4xx_HAL_Driver/Inc/stm32f4xx_ll_rcc.h ****   *         @arg @ref LL_RCC_PLLDIVR_DIV_13 (*)
2093:board/stm32f401rct6/Drivers/STM32F4xx_HAL_Driver/Inc/stm32f4xx_ll_rcc.h ****   *         @arg @ref LL_RCC_PLLDIVR_DIV_14 (*)
2094:board/stm32f401rct6/Drivers/STM32F4xx_HAL_Driver/Inc/stm32f4xx_ll_rcc.h ****   *         @arg @ref LL_RCC_PLLDIVR_DIV_15 (*)
2095:board/stm32f401rct6/Drivers/STM32F4xx_HAL_Driver/Inc/stm32f4xx_ll_rcc.h ****   *         @arg @ref LL_RCC_PLLDIVR_DIV_16 (*)
2096:board/stm32f401rct6/Drivers/STM32F4xx_HAL_Driver/Inc/stm32f4xx_ll_rcc.h ****   *         @arg @ref LL_RCC_PLLDIVR_DIV_17 (*)
2097:board/stm32f401rct6/Drivers/STM32F4xx_HAL_Driver/Inc/stm32f4xx_ll_rcc.h ****   *         @arg @ref LL_RCC_PLLDIVR_DIV_18 (*)
2098:board/stm32f401rct6/Drivers/STM32F4xx_HAL_Driver/Inc/stm32f4xx_ll_rcc.h ****   *         @arg @ref LL_RCC_PLLDIVR_DIV_19 (*)
2099:board/stm32f401rct6/Drivers/STM32F4xx_HAL_Driver/Inc/stm32f4xx_ll_rcc.h ****   *         @arg @ref LL_RCC_PLLDIVR_DIV_20 (*)
2100:board/stm32f401rct6/Drivers/STM32F4xx_HAL_Driver/Inc/stm32f4xx_ll_rcc.h ****   *         @arg @ref LL_RCC_PLLDIVR_DIV_21 (*)
2101:board/stm32f401rct6/Drivers/STM32F4xx_HAL_Driver/Inc/stm32f4xx_ll_rcc.h ****   *         @arg @ref LL_RCC_PLLDIVR_DIV_22 (*)
2102:board/stm32f401rct6/Drivers/STM32F4xx_HAL_Driver/Inc/stm32f4xx_ll_rcc.h ****   *         @arg @ref LL_RCC_PLLDIVR_DIV_23 (*)
2103:board/stm32f401rct6/Drivers/STM32F4xx_HAL_Driver/Inc/stm32f4xx_ll_rcc.h ****   *         @arg @ref LL_RCC_PLLDIVR_DIV_24 (*)
2104:board/stm32f401rct6/Drivers/STM32F4xx_HAL_Driver/Inc/stm32f4xx_ll_rcc.h ****   *         @arg @ref LL_RCC_PLLDIVR_DIV_25 (*)
2105:board/stm32f401rct6/Drivers/STM32F4xx_HAL_Driver/Inc/stm32f4xx_ll_rcc.h ****   *         @arg @ref LL_RCC_PLLDIVR_DIV_26 (*)
2106:board/stm32f401rct6/Drivers/STM32F4xx_HAL_Driver/Inc/stm32f4xx_ll_rcc.h ****   *         @arg @ref LL_RCC_PLLDIVR_DIV_27 (*)
2107:board/stm32f401rct6/Drivers/STM32F4xx_HAL_Driver/Inc/stm32f4xx_ll_rcc.h ****   *         @arg @ref LL_RCC_PLLDIVR_DIV_28 (*)
2108:board/stm32f401rct6/Drivers/STM32F4xx_HAL_Driver/Inc/stm32f4xx_ll_rcc.h ****   *         @arg @ref LL_RCC_PLLDIVR_DIV_29 (*)
ARM GAS  C:\Users\Admin\AppData\Local\Temp\ccHMtLfr.s 			page 42


2109:board/stm32f401rct6/Drivers/STM32F4xx_HAL_Driver/Inc/stm32f4xx_ll_rcc.h ****   *         @arg @ref LL_RCC_PLLDIVR_DIV_30 (*)
2110:board/stm32f401rct6/Drivers/STM32F4xx_HAL_Driver/Inc/stm32f4xx_ll_rcc.h ****   *         @arg @ref LL_RCC_PLLDIVR_DIV_31 (*)
2111:board/stm32f401rct6/Drivers/STM32F4xx_HAL_Driver/Inc/stm32f4xx_ll_rcc.h ****   *
2112:board/stm32f401rct6/Drivers/STM32F4xx_HAL_Driver/Inc/stm32f4xx_ll_rcc.h ****   *         (*) value not defined in all devices.
2113:board/stm32f401rct6/Drivers/STM32F4xx_HAL_Driver/Inc/stm32f4xx_ll_rcc.h ****   * @retval PLL clock frequency (in Hz)
2114:board/stm32f401rct6/Drivers/STM32F4xx_HAL_Driver/Inc/stm32f4xx_ll_rcc.h ****   */
2115:board/stm32f401rct6/Drivers/STM32F4xx_HAL_Driver/Inc/stm32f4xx_ll_rcc.h **** #if defined(RCC_DCKCFGR_PLLDIVR)
2116:board/stm32f401rct6/Drivers/STM32F4xx_HAL_Driver/Inc/stm32f4xx_ll_rcc.h **** #define __LL_RCC_CALC_PLLCLK_SAI_FREQ(__INPUTFREQ__, __PLLM__, __PLLN__, __PLLR__, __PLLDIVR__) (((
2117:board/stm32f401rct6/Drivers/STM32F4xx_HAL_Driver/Inc/stm32f4xx_ll_rcc.h ****     ((__PLLR__) >> RCC_PLLCFGR_PLLR_Pos )) / ((__PLLDIVR__) >> RCC_DCKCFGR_PLLDIVR_Pos ))
2118:board/stm32f401rct6/Drivers/STM32F4xx_HAL_Driver/Inc/stm32f4xx_ll_rcc.h **** #else
2119:board/stm32f401rct6/Drivers/STM32F4xx_HAL_Driver/Inc/stm32f4xx_ll_rcc.h **** #define __LL_RCC_CALC_PLLCLK_SAI_FREQ(__INPUTFREQ__, __PLLM__, __PLLN__, __PLLR__) ((__INPUTFREQ__)
2120:board/stm32f401rct6/Drivers/STM32F4xx_HAL_Driver/Inc/stm32f4xx_ll_rcc.h ****     ((__PLLR__) >> RCC_PLLCFGR_PLLR_Pos ))
2121:board/stm32f401rct6/Drivers/STM32F4xx_HAL_Driver/Inc/stm32f4xx_ll_rcc.h **** #endif /* RCC_DCKCFGR_PLLDIVR */
2122:board/stm32f401rct6/Drivers/STM32F4xx_HAL_Driver/Inc/stm32f4xx_ll_rcc.h **** #endif /* SAI1 */
2123:board/stm32f401rct6/Drivers/STM32F4xx_HAL_Driver/Inc/stm32f4xx_ll_rcc.h **** #endif /* RCC_PLLCFGR_PLLR */
2124:board/stm32f401rct6/Drivers/STM32F4xx_HAL_Driver/Inc/stm32f4xx_ll_rcc.h **** 
2125:board/stm32f401rct6/Drivers/STM32F4xx_HAL_Driver/Inc/stm32f4xx_ll_rcc.h **** #if defined(RCC_PLLSAI_SUPPORT)
2126:board/stm32f401rct6/Drivers/STM32F4xx_HAL_Driver/Inc/stm32f4xx_ll_rcc.h **** /**
2127:board/stm32f401rct6/Drivers/STM32F4xx_HAL_Driver/Inc/stm32f4xx_ll_rcc.h ****   * @brief  Helper macro to calculate the PLLSAI frequency used for SAI domain
2128:board/stm32f401rct6/Drivers/STM32F4xx_HAL_Driver/Inc/stm32f4xx_ll_rcc.h ****   * @note ex: @ref __LL_RCC_CALC_PLLSAI_SAI_FREQ (HSE_VALUE,@ref LL_RCC_PLLSAI_GetDivider (),
2129:board/stm32f401rct6/Drivers/STM32F4xx_HAL_Driver/Inc/stm32f4xx_ll_rcc.h ****   *             @ref LL_RCC_PLLSAI_GetN (), @ref LL_RCC_PLLSAI_GetQ (), @ref LL_RCC_PLLSAI_GetDIVQ 
2130:board/stm32f401rct6/Drivers/STM32F4xx_HAL_Driver/Inc/stm32f4xx_ll_rcc.h ****   * @param  __INPUTFREQ__ PLL Input frequency (based on HSE/HSI)
2131:board/stm32f401rct6/Drivers/STM32F4xx_HAL_Driver/Inc/stm32f4xx_ll_rcc.h ****   * @param  __PLLM__ This parameter can be one of the following values:
2132:board/stm32f401rct6/Drivers/STM32F4xx_HAL_Driver/Inc/stm32f4xx_ll_rcc.h ****   *         @arg @ref LL_RCC_PLLSAIM_DIV_2
2133:board/stm32f401rct6/Drivers/STM32F4xx_HAL_Driver/Inc/stm32f4xx_ll_rcc.h ****   *         @arg @ref LL_RCC_PLLSAIM_DIV_3
2134:board/stm32f401rct6/Drivers/STM32F4xx_HAL_Driver/Inc/stm32f4xx_ll_rcc.h ****   *         @arg @ref LL_RCC_PLLSAIM_DIV_4
2135:board/stm32f401rct6/Drivers/STM32F4xx_HAL_Driver/Inc/stm32f4xx_ll_rcc.h ****   *         @arg @ref LL_RCC_PLLSAIM_DIV_5
2136:board/stm32f401rct6/Drivers/STM32F4xx_HAL_Driver/Inc/stm32f4xx_ll_rcc.h ****   *         @arg @ref LL_RCC_PLLSAIM_DIV_6
2137:board/stm32f401rct6/Drivers/STM32F4xx_HAL_Driver/Inc/stm32f4xx_ll_rcc.h ****   *         @arg @ref LL_RCC_PLLSAIM_DIV_7
2138:board/stm32f401rct6/Drivers/STM32F4xx_HAL_Driver/Inc/stm32f4xx_ll_rcc.h ****   *         @arg @ref LL_RCC_PLLSAIM_DIV_8
2139:board/stm32f401rct6/Drivers/STM32F4xx_HAL_Driver/Inc/stm32f4xx_ll_rcc.h ****   *         @arg @ref LL_RCC_PLLSAIM_DIV_9
2140:board/stm32f401rct6/Drivers/STM32F4xx_HAL_Driver/Inc/stm32f4xx_ll_rcc.h ****   *         @arg @ref LL_RCC_PLLSAIM_DIV_10
2141:board/stm32f401rct6/Drivers/STM32F4xx_HAL_Driver/Inc/stm32f4xx_ll_rcc.h ****   *         @arg @ref LL_RCC_PLLSAIM_DIV_11
2142:board/stm32f401rct6/Drivers/STM32F4xx_HAL_Driver/Inc/stm32f4xx_ll_rcc.h ****   *         @arg @ref LL_RCC_PLLSAIM_DIV_12
2143:board/stm32f401rct6/Drivers/STM32F4xx_HAL_Driver/Inc/stm32f4xx_ll_rcc.h ****   *         @arg @ref LL_RCC_PLLSAIM_DIV_13
2144:board/stm32f401rct6/Drivers/STM32F4xx_HAL_Driver/Inc/stm32f4xx_ll_rcc.h ****   *         @arg @ref LL_RCC_PLLSAIM_DIV_14
2145:board/stm32f401rct6/Drivers/STM32F4xx_HAL_Driver/Inc/stm32f4xx_ll_rcc.h ****   *         @arg @ref LL_RCC_PLLSAIM_DIV_15
2146:board/stm32f401rct6/Drivers/STM32F4xx_HAL_Driver/Inc/stm32f4xx_ll_rcc.h ****   *         @arg @ref LL_RCC_PLLSAIM_DIV_16
2147:board/stm32f401rct6/Drivers/STM32F4xx_HAL_Driver/Inc/stm32f4xx_ll_rcc.h ****   *         @arg @ref LL_RCC_PLLSAIM_DIV_17
2148:board/stm32f401rct6/Drivers/STM32F4xx_HAL_Driver/Inc/stm32f4xx_ll_rcc.h ****   *         @arg @ref LL_RCC_PLLSAIM_DIV_18
2149:board/stm32f401rct6/Drivers/STM32F4xx_HAL_Driver/Inc/stm32f4xx_ll_rcc.h ****   *         @arg @ref LL_RCC_PLLSAIM_DIV_19
2150:board/stm32f401rct6/Drivers/STM32F4xx_HAL_Driver/Inc/stm32f4xx_ll_rcc.h ****   *         @arg @ref LL_RCC_PLLSAIM_DIV_20
2151:board/stm32f401rct6/Drivers/STM32F4xx_HAL_Driver/Inc/stm32f4xx_ll_rcc.h ****   *         @arg @ref LL_RCC_PLLSAIM_DIV_21
2152:board/stm32f401rct6/Drivers/STM32F4xx_HAL_Driver/Inc/stm32f4xx_ll_rcc.h ****   *         @arg @ref LL_RCC_PLLSAIM_DIV_22
2153:board/stm32f401rct6/Drivers/STM32F4xx_HAL_Driver/Inc/stm32f4xx_ll_rcc.h ****   *         @arg @ref LL_RCC_PLLSAIM_DIV_23
2154:board/stm32f401rct6/Drivers/STM32F4xx_HAL_Driver/Inc/stm32f4xx_ll_rcc.h ****   *         @arg @ref LL_RCC_PLLSAIM_DIV_24
2155:board/stm32f401rct6/Drivers/STM32F4xx_HAL_Driver/Inc/stm32f4xx_ll_rcc.h ****   *         @arg @ref LL_RCC_PLLSAIM_DIV_25
2156:board/stm32f401rct6/Drivers/STM32F4xx_HAL_Driver/Inc/stm32f4xx_ll_rcc.h ****   *         @arg @ref LL_RCC_PLLSAIM_DIV_26
2157:board/stm32f401rct6/Drivers/STM32F4xx_HAL_Driver/Inc/stm32f4xx_ll_rcc.h ****   *         @arg @ref LL_RCC_PLLSAIM_DIV_27
2158:board/stm32f401rct6/Drivers/STM32F4xx_HAL_Driver/Inc/stm32f4xx_ll_rcc.h ****   *         @arg @ref LL_RCC_PLLSAIM_DIV_28
2159:board/stm32f401rct6/Drivers/STM32F4xx_HAL_Driver/Inc/stm32f4xx_ll_rcc.h ****   *         @arg @ref LL_RCC_PLLSAIM_DIV_29
2160:board/stm32f401rct6/Drivers/STM32F4xx_HAL_Driver/Inc/stm32f4xx_ll_rcc.h ****   *         @arg @ref LL_RCC_PLLSAIM_DIV_30
2161:board/stm32f401rct6/Drivers/STM32F4xx_HAL_Driver/Inc/stm32f4xx_ll_rcc.h ****   *         @arg @ref LL_RCC_PLLSAIM_DIV_31
2162:board/stm32f401rct6/Drivers/STM32F4xx_HAL_Driver/Inc/stm32f4xx_ll_rcc.h ****   *         @arg @ref LL_RCC_PLLSAIM_DIV_32
2163:board/stm32f401rct6/Drivers/STM32F4xx_HAL_Driver/Inc/stm32f4xx_ll_rcc.h ****   *         @arg @ref LL_RCC_PLLSAIM_DIV_33
2164:board/stm32f401rct6/Drivers/STM32F4xx_HAL_Driver/Inc/stm32f4xx_ll_rcc.h ****   *         @arg @ref LL_RCC_PLLSAIM_DIV_34
2165:board/stm32f401rct6/Drivers/STM32F4xx_HAL_Driver/Inc/stm32f4xx_ll_rcc.h ****   *         @arg @ref LL_RCC_PLLSAIM_DIV_35
ARM GAS  C:\Users\Admin\AppData\Local\Temp\ccHMtLfr.s 			page 43


2166:board/stm32f401rct6/Drivers/STM32F4xx_HAL_Driver/Inc/stm32f4xx_ll_rcc.h ****   *         @arg @ref LL_RCC_PLLSAIM_DIV_36
2167:board/stm32f401rct6/Drivers/STM32F4xx_HAL_Driver/Inc/stm32f4xx_ll_rcc.h ****   *         @arg @ref LL_RCC_PLLSAIM_DIV_37
2168:board/stm32f401rct6/Drivers/STM32F4xx_HAL_Driver/Inc/stm32f4xx_ll_rcc.h ****   *         @arg @ref LL_RCC_PLLSAIM_DIV_38
2169:board/stm32f401rct6/Drivers/STM32F4xx_HAL_Driver/Inc/stm32f4xx_ll_rcc.h ****   *         @arg @ref LL_RCC_PLLSAIM_DIV_39
2170:board/stm32f401rct6/Drivers/STM32F4xx_HAL_Driver/Inc/stm32f4xx_ll_rcc.h ****   *         @arg @ref LL_RCC_PLLSAIM_DIV_40
2171:board/stm32f401rct6/Drivers/STM32F4xx_HAL_Driver/Inc/stm32f4xx_ll_rcc.h ****   *         @arg @ref LL_RCC_PLLSAIM_DIV_41
2172:board/stm32f401rct6/Drivers/STM32F4xx_HAL_Driver/Inc/stm32f4xx_ll_rcc.h ****   *         @arg @ref LL_RCC_PLLSAIM_DIV_42
2173:board/stm32f401rct6/Drivers/STM32F4xx_HAL_Driver/Inc/stm32f4xx_ll_rcc.h ****   *         @arg @ref LL_RCC_PLLSAIM_DIV_43
2174:board/stm32f401rct6/Drivers/STM32F4xx_HAL_Driver/Inc/stm32f4xx_ll_rcc.h ****   *         @arg @ref LL_RCC_PLLSAIM_DIV_44
2175:board/stm32f401rct6/Drivers/STM32F4xx_HAL_Driver/Inc/stm32f4xx_ll_rcc.h ****   *         @arg @ref LL_RCC_PLLSAIM_DIV_45
2176:board/stm32f401rct6/Drivers/STM32F4xx_HAL_Driver/Inc/stm32f4xx_ll_rcc.h ****   *         @arg @ref LL_RCC_PLLSAIM_DIV_46
2177:board/stm32f401rct6/Drivers/STM32F4xx_HAL_Driver/Inc/stm32f4xx_ll_rcc.h ****   *         @arg @ref LL_RCC_PLLSAIM_DIV_47
2178:board/stm32f401rct6/Drivers/STM32F4xx_HAL_Driver/Inc/stm32f4xx_ll_rcc.h ****   *         @arg @ref LL_RCC_PLLSAIM_DIV_48
2179:board/stm32f401rct6/Drivers/STM32F4xx_HAL_Driver/Inc/stm32f4xx_ll_rcc.h ****   *         @arg @ref LL_RCC_PLLSAIM_DIV_49
2180:board/stm32f401rct6/Drivers/STM32F4xx_HAL_Driver/Inc/stm32f4xx_ll_rcc.h ****   *         @arg @ref LL_RCC_PLLSAIM_DIV_50
2181:board/stm32f401rct6/Drivers/STM32F4xx_HAL_Driver/Inc/stm32f4xx_ll_rcc.h ****   *         @arg @ref LL_RCC_PLLSAIM_DIV_51
2182:board/stm32f401rct6/Drivers/STM32F4xx_HAL_Driver/Inc/stm32f4xx_ll_rcc.h ****   *         @arg @ref LL_RCC_PLLSAIM_DIV_52
2183:board/stm32f401rct6/Drivers/STM32F4xx_HAL_Driver/Inc/stm32f4xx_ll_rcc.h ****   *         @arg @ref LL_RCC_PLLSAIM_DIV_53
2184:board/stm32f401rct6/Drivers/STM32F4xx_HAL_Driver/Inc/stm32f4xx_ll_rcc.h ****   *         @arg @ref LL_RCC_PLLSAIM_DIV_54
2185:board/stm32f401rct6/Drivers/STM32F4xx_HAL_Driver/Inc/stm32f4xx_ll_rcc.h ****   *         @arg @ref LL_RCC_PLLSAIM_DIV_55
2186:board/stm32f401rct6/Drivers/STM32F4xx_HAL_Driver/Inc/stm32f4xx_ll_rcc.h ****   *         @arg @ref LL_RCC_PLLSAIM_DIV_56
2187:board/stm32f401rct6/Drivers/STM32F4xx_HAL_Driver/Inc/stm32f4xx_ll_rcc.h ****   *         @arg @ref LL_RCC_PLLSAIM_DIV_57
2188:board/stm32f401rct6/Drivers/STM32F4xx_HAL_Driver/Inc/stm32f4xx_ll_rcc.h ****   *         @arg @ref LL_RCC_PLLSAIM_DIV_58
2189:board/stm32f401rct6/Drivers/STM32F4xx_HAL_Driver/Inc/stm32f4xx_ll_rcc.h ****   *         @arg @ref LL_RCC_PLLSAIM_DIV_59
2190:board/stm32f401rct6/Drivers/STM32F4xx_HAL_Driver/Inc/stm32f4xx_ll_rcc.h ****   *         @arg @ref LL_RCC_PLLSAIM_DIV_60
2191:board/stm32f401rct6/Drivers/STM32F4xx_HAL_Driver/Inc/stm32f4xx_ll_rcc.h ****   *         @arg @ref LL_RCC_PLLSAIM_DIV_61
2192:board/stm32f401rct6/Drivers/STM32F4xx_HAL_Driver/Inc/stm32f4xx_ll_rcc.h ****   *         @arg @ref LL_RCC_PLLSAIM_DIV_62
2193:board/stm32f401rct6/Drivers/STM32F4xx_HAL_Driver/Inc/stm32f4xx_ll_rcc.h ****   *         @arg @ref LL_RCC_PLLSAIM_DIV_63
2194:board/stm32f401rct6/Drivers/STM32F4xx_HAL_Driver/Inc/stm32f4xx_ll_rcc.h ****   * @param  __PLLSAIN__ Between 49/50(*) and 432
2195:board/stm32f401rct6/Drivers/STM32F4xx_HAL_Driver/Inc/stm32f4xx_ll_rcc.h ****   *
2196:board/stm32f401rct6/Drivers/STM32F4xx_HAL_Driver/Inc/stm32f4xx_ll_rcc.h ****   *         (*) value not defined in all devices.
2197:board/stm32f401rct6/Drivers/STM32F4xx_HAL_Driver/Inc/stm32f4xx_ll_rcc.h ****   * @param  __PLLSAIQ__ This parameter can be one of the following values:
2198:board/stm32f401rct6/Drivers/STM32F4xx_HAL_Driver/Inc/stm32f4xx_ll_rcc.h ****   *         @arg @ref LL_RCC_PLLSAIQ_DIV_2
2199:board/stm32f401rct6/Drivers/STM32F4xx_HAL_Driver/Inc/stm32f4xx_ll_rcc.h ****   *         @arg @ref LL_RCC_PLLSAIQ_DIV_3
2200:board/stm32f401rct6/Drivers/STM32F4xx_HAL_Driver/Inc/stm32f4xx_ll_rcc.h ****   *         @arg @ref LL_RCC_PLLSAIQ_DIV_4
2201:board/stm32f401rct6/Drivers/STM32F4xx_HAL_Driver/Inc/stm32f4xx_ll_rcc.h ****   *         @arg @ref LL_RCC_PLLSAIQ_DIV_5
2202:board/stm32f401rct6/Drivers/STM32F4xx_HAL_Driver/Inc/stm32f4xx_ll_rcc.h ****   *         @arg @ref LL_RCC_PLLSAIQ_DIV_6
2203:board/stm32f401rct6/Drivers/STM32F4xx_HAL_Driver/Inc/stm32f4xx_ll_rcc.h ****   *         @arg @ref LL_RCC_PLLSAIQ_DIV_7
2204:board/stm32f401rct6/Drivers/STM32F4xx_HAL_Driver/Inc/stm32f4xx_ll_rcc.h ****   *         @arg @ref LL_RCC_PLLSAIQ_DIV_8
2205:board/stm32f401rct6/Drivers/STM32F4xx_HAL_Driver/Inc/stm32f4xx_ll_rcc.h ****   *         @arg @ref LL_RCC_PLLSAIQ_DIV_9
2206:board/stm32f401rct6/Drivers/STM32F4xx_HAL_Driver/Inc/stm32f4xx_ll_rcc.h ****   *         @arg @ref LL_RCC_PLLSAIQ_DIV_10
2207:board/stm32f401rct6/Drivers/STM32F4xx_HAL_Driver/Inc/stm32f4xx_ll_rcc.h ****   *         @arg @ref LL_RCC_PLLSAIQ_DIV_11
2208:board/stm32f401rct6/Drivers/STM32F4xx_HAL_Driver/Inc/stm32f4xx_ll_rcc.h ****   *         @arg @ref LL_RCC_PLLSAIQ_DIV_12
2209:board/stm32f401rct6/Drivers/STM32F4xx_HAL_Driver/Inc/stm32f4xx_ll_rcc.h ****   *         @arg @ref LL_RCC_PLLSAIQ_DIV_13
2210:board/stm32f401rct6/Drivers/STM32F4xx_HAL_Driver/Inc/stm32f4xx_ll_rcc.h ****   *         @arg @ref LL_RCC_PLLSAIQ_DIV_14
2211:board/stm32f401rct6/Drivers/STM32F4xx_HAL_Driver/Inc/stm32f4xx_ll_rcc.h ****   *         @arg @ref LL_RCC_PLLSAIQ_DIV_15
2212:board/stm32f401rct6/Drivers/STM32F4xx_HAL_Driver/Inc/stm32f4xx_ll_rcc.h ****   * @param  __PLLSAIDIVQ__ This parameter can be one of the following values:
2213:board/stm32f401rct6/Drivers/STM32F4xx_HAL_Driver/Inc/stm32f4xx_ll_rcc.h ****   *         @arg @ref LL_RCC_PLLSAIDIVQ_DIV_1
2214:board/stm32f401rct6/Drivers/STM32F4xx_HAL_Driver/Inc/stm32f4xx_ll_rcc.h ****   *         @arg @ref LL_RCC_PLLSAIDIVQ_DIV_2
2215:board/stm32f401rct6/Drivers/STM32F4xx_HAL_Driver/Inc/stm32f4xx_ll_rcc.h ****   *         @arg @ref LL_RCC_PLLSAIDIVQ_DIV_3
2216:board/stm32f401rct6/Drivers/STM32F4xx_HAL_Driver/Inc/stm32f4xx_ll_rcc.h ****   *         @arg @ref LL_RCC_PLLSAIDIVQ_DIV_4
2217:board/stm32f401rct6/Drivers/STM32F4xx_HAL_Driver/Inc/stm32f4xx_ll_rcc.h ****   *         @arg @ref LL_RCC_PLLSAIDIVQ_DIV_5
2218:board/stm32f401rct6/Drivers/STM32F4xx_HAL_Driver/Inc/stm32f4xx_ll_rcc.h ****   *         @arg @ref LL_RCC_PLLSAIDIVQ_DIV_6
2219:board/stm32f401rct6/Drivers/STM32F4xx_HAL_Driver/Inc/stm32f4xx_ll_rcc.h ****   *         @arg @ref LL_RCC_PLLSAIDIVQ_DIV_7
2220:board/stm32f401rct6/Drivers/STM32F4xx_HAL_Driver/Inc/stm32f4xx_ll_rcc.h ****   *         @arg @ref LL_RCC_PLLSAIDIVQ_DIV_8
2221:board/stm32f401rct6/Drivers/STM32F4xx_HAL_Driver/Inc/stm32f4xx_ll_rcc.h ****   *         @arg @ref LL_RCC_PLLSAIDIVQ_DIV_9
2222:board/stm32f401rct6/Drivers/STM32F4xx_HAL_Driver/Inc/stm32f4xx_ll_rcc.h ****   *         @arg @ref LL_RCC_PLLSAIDIVQ_DIV_10
ARM GAS  C:\Users\Admin\AppData\Local\Temp\ccHMtLfr.s 			page 44


2223:board/stm32f401rct6/Drivers/STM32F4xx_HAL_Driver/Inc/stm32f4xx_ll_rcc.h ****   *         @arg @ref LL_RCC_PLLSAIDIVQ_DIV_11
2224:board/stm32f401rct6/Drivers/STM32F4xx_HAL_Driver/Inc/stm32f4xx_ll_rcc.h ****   *         @arg @ref LL_RCC_PLLSAIDIVQ_DIV_12
2225:board/stm32f401rct6/Drivers/STM32F4xx_HAL_Driver/Inc/stm32f4xx_ll_rcc.h ****   *         @arg @ref LL_RCC_PLLSAIDIVQ_DIV_13
2226:board/stm32f401rct6/Drivers/STM32F4xx_HAL_Driver/Inc/stm32f4xx_ll_rcc.h ****   *         @arg @ref LL_RCC_PLLSAIDIVQ_DIV_14
2227:board/stm32f401rct6/Drivers/STM32F4xx_HAL_Driver/Inc/stm32f4xx_ll_rcc.h ****   *         @arg @ref LL_RCC_PLLSAIDIVQ_DIV_15
2228:board/stm32f401rct6/Drivers/STM32F4xx_HAL_Driver/Inc/stm32f4xx_ll_rcc.h ****   *         @arg @ref LL_RCC_PLLSAIDIVQ_DIV_16
2229:board/stm32f401rct6/Drivers/STM32F4xx_HAL_Driver/Inc/stm32f4xx_ll_rcc.h ****   *         @arg @ref LL_RCC_PLLSAIDIVQ_DIV_17
2230:board/stm32f401rct6/Drivers/STM32F4xx_HAL_Driver/Inc/stm32f4xx_ll_rcc.h ****   *         @arg @ref LL_RCC_PLLSAIDIVQ_DIV_18
2231:board/stm32f401rct6/Drivers/STM32F4xx_HAL_Driver/Inc/stm32f4xx_ll_rcc.h ****   *         @arg @ref LL_RCC_PLLSAIDIVQ_DIV_19
2232:board/stm32f401rct6/Drivers/STM32F4xx_HAL_Driver/Inc/stm32f4xx_ll_rcc.h ****   *         @arg @ref LL_RCC_PLLSAIDIVQ_DIV_20
2233:board/stm32f401rct6/Drivers/STM32F4xx_HAL_Driver/Inc/stm32f4xx_ll_rcc.h ****   *         @arg @ref LL_RCC_PLLSAIDIVQ_DIV_21
2234:board/stm32f401rct6/Drivers/STM32F4xx_HAL_Driver/Inc/stm32f4xx_ll_rcc.h ****   *         @arg @ref LL_RCC_PLLSAIDIVQ_DIV_22
2235:board/stm32f401rct6/Drivers/STM32F4xx_HAL_Driver/Inc/stm32f4xx_ll_rcc.h ****   *         @arg @ref LL_RCC_PLLSAIDIVQ_DIV_23
2236:board/stm32f401rct6/Drivers/STM32F4xx_HAL_Driver/Inc/stm32f4xx_ll_rcc.h ****   *         @arg @ref LL_RCC_PLLSAIDIVQ_DIV_24
2237:board/stm32f401rct6/Drivers/STM32F4xx_HAL_Driver/Inc/stm32f4xx_ll_rcc.h ****   *         @arg @ref LL_RCC_PLLSAIDIVQ_DIV_25
2238:board/stm32f401rct6/Drivers/STM32F4xx_HAL_Driver/Inc/stm32f4xx_ll_rcc.h ****   *         @arg @ref LL_RCC_PLLSAIDIVQ_DIV_26
2239:board/stm32f401rct6/Drivers/STM32F4xx_HAL_Driver/Inc/stm32f4xx_ll_rcc.h ****   *         @arg @ref LL_RCC_PLLSAIDIVQ_DIV_27
2240:board/stm32f401rct6/Drivers/STM32F4xx_HAL_Driver/Inc/stm32f4xx_ll_rcc.h ****   *         @arg @ref LL_RCC_PLLSAIDIVQ_DIV_28
2241:board/stm32f401rct6/Drivers/STM32F4xx_HAL_Driver/Inc/stm32f4xx_ll_rcc.h ****   *         @arg @ref LL_RCC_PLLSAIDIVQ_DIV_29
2242:board/stm32f401rct6/Drivers/STM32F4xx_HAL_Driver/Inc/stm32f4xx_ll_rcc.h ****   *         @arg @ref LL_RCC_PLLSAIDIVQ_DIV_30
2243:board/stm32f401rct6/Drivers/STM32F4xx_HAL_Driver/Inc/stm32f4xx_ll_rcc.h ****   *         @arg @ref LL_RCC_PLLSAIDIVQ_DIV_31
2244:board/stm32f401rct6/Drivers/STM32F4xx_HAL_Driver/Inc/stm32f4xx_ll_rcc.h ****   *         @arg @ref LL_RCC_PLLSAIDIVQ_DIV_32
2245:board/stm32f401rct6/Drivers/STM32F4xx_HAL_Driver/Inc/stm32f4xx_ll_rcc.h ****   * @retval PLLSAI clock frequency (in Hz)
2246:board/stm32f401rct6/Drivers/STM32F4xx_HAL_Driver/Inc/stm32f4xx_ll_rcc.h ****   */
2247:board/stm32f401rct6/Drivers/STM32F4xx_HAL_Driver/Inc/stm32f4xx_ll_rcc.h **** #define __LL_RCC_CALC_PLLSAI_SAI_FREQ(__INPUTFREQ__, __PLLM__, __PLLSAIN__, __PLLSAIQ__, __PLLSAIDI
2248:board/stm32f401rct6/Drivers/STM32F4xx_HAL_Driver/Inc/stm32f4xx_ll_rcc.h ****     (((__PLLSAIQ__) >> RCC_PLLSAICFGR_PLLSAIQ_Pos) * (((__PLLSAIDIVQ__) >> RCC_DCKCFGR_PLLSAIDIVQ_P
2249:board/stm32f401rct6/Drivers/STM32F4xx_HAL_Driver/Inc/stm32f4xx_ll_rcc.h **** 
2250:board/stm32f401rct6/Drivers/STM32F4xx_HAL_Driver/Inc/stm32f4xx_ll_rcc.h **** #if defined(RCC_PLLSAICFGR_PLLSAIP)
2251:board/stm32f401rct6/Drivers/STM32F4xx_HAL_Driver/Inc/stm32f4xx_ll_rcc.h **** /**
2252:board/stm32f401rct6/Drivers/STM32F4xx_HAL_Driver/Inc/stm32f4xx_ll_rcc.h ****   * @brief  Helper macro to calculate the PLLSAI frequency used on 48Mhz domain
2253:board/stm32f401rct6/Drivers/STM32F4xx_HAL_Driver/Inc/stm32f4xx_ll_rcc.h ****   * @note ex: @ref __LL_RCC_CALC_PLLSAI_48M_FREQ (HSE_VALUE,@ref LL_RCC_PLLSAI_GetDivider (),
2254:board/stm32f401rct6/Drivers/STM32F4xx_HAL_Driver/Inc/stm32f4xx_ll_rcc.h ****   *             @ref LL_RCC_PLLSAI_GetN (), @ref LL_RCC_PLLSAI_GetP ());
2255:board/stm32f401rct6/Drivers/STM32F4xx_HAL_Driver/Inc/stm32f4xx_ll_rcc.h ****   * @param  __INPUTFREQ__ PLL Input frequency (based on HSE/HSI)
2256:board/stm32f401rct6/Drivers/STM32F4xx_HAL_Driver/Inc/stm32f4xx_ll_rcc.h ****   * @param  __PLLM__ This parameter can be one of the following values:
2257:board/stm32f401rct6/Drivers/STM32F4xx_HAL_Driver/Inc/stm32f4xx_ll_rcc.h ****   *         @arg @ref LL_RCC_PLLSAIM_DIV_2
2258:board/stm32f401rct6/Drivers/STM32F4xx_HAL_Driver/Inc/stm32f4xx_ll_rcc.h ****   *         @arg @ref LL_RCC_PLLSAIM_DIV_3
2259:board/stm32f401rct6/Drivers/STM32F4xx_HAL_Driver/Inc/stm32f4xx_ll_rcc.h ****   *         @arg @ref LL_RCC_PLLSAIM_DIV_4
2260:board/stm32f401rct6/Drivers/STM32F4xx_HAL_Driver/Inc/stm32f4xx_ll_rcc.h ****   *         @arg @ref LL_RCC_PLLSAIM_DIV_5
2261:board/stm32f401rct6/Drivers/STM32F4xx_HAL_Driver/Inc/stm32f4xx_ll_rcc.h ****   *         @arg @ref LL_RCC_PLLSAIM_DIV_6
2262:board/stm32f401rct6/Drivers/STM32F4xx_HAL_Driver/Inc/stm32f4xx_ll_rcc.h ****   *         @arg @ref LL_RCC_PLLSAIM_DIV_7
2263:board/stm32f401rct6/Drivers/STM32F4xx_HAL_Driver/Inc/stm32f4xx_ll_rcc.h ****   *         @arg @ref LL_RCC_PLLSAIM_DIV_8
2264:board/stm32f401rct6/Drivers/STM32F4xx_HAL_Driver/Inc/stm32f4xx_ll_rcc.h ****   *         @arg @ref LL_RCC_PLLSAIM_DIV_9
2265:board/stm32f401rct6/Drivers/STM32F4xx_HAL_Driver/Inc/stm32f4xx_ll_rcc.h ****   *         @arg @ref LL_RCC_PLLSAIM_DIV_10
2266:board/stm32f401rct6/Drivers/STM32F4xx_HAL_Driver/Inc/stm32f4xx_ll_rcc.h ****   *         @arg @ref LL_RCC_PLLSAIM_DIV_11
2267:board/stm32f401rct6/Drivers/STM32F4xx_HAL_Driver/Inc/stm32f4xx_ll_rcc.h ****   *         @arg @ref LL_RCC_PLLSAIM_DIV_12
2268:board/stm32f401rct6/Drivers/STM32F4xx_HAL_Driver/Inc/stm32f4xx_ll_rcc.h ****   *         @arg @ref LL_RCC_PLLSAIM_DIV_13
2269:board/stm32f401rct6/Drivers/STM32F4xx_HAL_Driver/Inc/stm32f4xx_ll_rcc.h ****   *         @arg @ref LL_RCC_PLLSAIM_DIV_14
2270:board/stm32f401rct6/Drivers/STM32F4xx_HAL_Driver/Inc/stm32f4xx_ll_rcc.h ****   *         @arg @ref LL_RCC_PLLSAIM_DIV_15
2271:board/stm32f401rct6/Drivers/STM32F4xx_HAL_Driver/Inc/stm32f4xx_ll_rcc.h ****   *         @arg @ref LL_RCC_PLLSAIM_DIV_16
2272:board/stm32f401rct6/Drivers/STM32F4xx_HAL_Driver/Inc/stm32f4xx_ll_rcc.h ****   *         @arg @ref LL_RCC_PLLSAIM_DIV_17
2273:board/stm32f401rct6/Drivers/STM32F4xx_HAL_Driver/Inc/stm32f4xx_ll_rcc.h ****   *         @arg @ref LL_RCC_PLLSAIM_DIV_18
2274:board/stm32f401rct6/Drivers/STM32F4xx_HAL_Driver/Inc/stm32f4xx_ll_rcc.h ****   *         @arg @ref LL_RCC_PLLSAIM_DIV_19
2275:board/stm32f401rct6/Drivers/STM32F4xx_HAL_Driver/Inc/stm32f4xx_ll_rcc.h ****   *         @arg @ref LL_RCC_PLLSAIM_DIV_20
2276:board/stm32f401rct6/Drivers/STM32F4xx_HAL_Driver/Inc/stm32f4xx_ll_rcc.h ****   *         @arg @ref LL_RCC_PLLSAIM_DIV_21
2277:board/stm32f401rct6/Drivers/STM32F4xx_HAL_Driver/Inc/stm32f4xx_ll_rcc.h ****   *         @arg @ref LL_RCC_PLLSAIM_DIV_22
2278:board/stm32f401rct6/Drivers/STM32F4xx_HAL_Driver/Inc/stm32f4xx_ll_rcc.h ****   *         @arg @ref LL_RCC_PLLSAIM_DIV_23
2279:board/stm32f401rct6/Drivers/STM32F4xx_HAL_Driver/Inc/stm32f4xx_ll_rcc.h ****   *         @arg @ref LL_RCC_PLLSAIM_DIV_24
ARM GAS  C:\Users\Admin\AppData\Local\Temp\ccHMtLfr.s 			page 45


2280:board/stm32f401rct6/Drivers/STM32F4xx_HAL_Driver/Inc/stm32f4xx_ll_rcc.h ****   *         @arg @ref LL_RCC_PLLSAIM_DIV_25
2281:board/stm32f401rct6/Drivers/STM32F4xx_HAL_Driver/Inc/stm32f4xx_ll_rcc.h ****   *         @arg @ref LL_RCC_PLLSAIM_DIV_26
2282:board/stm32f401rct6/Drivers/STM32F4xx_HAL_Driver/Inc/stm32f4xx_ll_rcc.h ****   *         @arg @ref LL_RCC_PLLSAIM_DIV_27
2283:board/stm32f401rct6/Drivers/STM32F4xx_HAL_Driver/Inc/stm32f4xx_ll_rcc.h ****   *         @arg @ref LL_RCC_PLLSAIM_DIV_28
2284:board/stm32f401rct6/Drivers/STM32F4xx_HAL_Driver/Inc/stm32f4xx_ll_rcc.h ****   *         @arg @ref LL_RCC_PLLSAIM_DIV_29
2285:board/stm32f401rct6/Drivers/STM32F4xx_HAL_Driver/Inc/stm32f4xx_ll_rcc.h ****   *         @arg @ref LL_RCC_PLLSAIM_DIV_30
2286:board/stm32f401rct6/Drivers/STM32F4xx_HAL_Driver/Inc/stm32f4xx_ll_rcc.h ****   *         @arg @ref LL_RCC_PLLSAIM_DIV_31
2287:board/stm32f401rct6/Drivers/STM32F4xx_HAL_Driver/Inc/stm32f4xx_ll_rcc.h ****   *         @arg @ref LL_RCC_PLLSAIM_DIV_32
2288:board/stm32f401rct6/Drivers/STM32F4xx_HAL_Driver/Inc/stm32f4xx_ll_rcc.h ****   *         @arg @ref LL_RCC_PLLSAIM_DIV_33
2289:board/stm32f401rct6/Drivers/STM32F4xx_HAL_Driver/Inc/stm32f4xx_ll_rcc.h ****   *         @arg @ref LL_RCC_PLLSAIM_DIV_34
2290:board/stm32f401rct6/Drivers/STM32F4xx_HAL_Driver/Inc/stm32f4xx_ll_rcc.h ****   *         @arg @ref LL_RCC_PLLSAIM_DIV_35
2291:board/stm32f401rct6/Drivers/STM32F4xx_HAL_Driver/Inc/stm32f4xx_ll_rcc.h ****   *         @arg @ref LL_RCC_PLLSAIM_DIV_36
2292:board/stm32f401rct6/Drivers/STM32F4xx_HAL_Driver/Inc/stm32f4xx_ll_rcc.h ****   *         @arg @ref LL_RCC_PLLSAIM_DIV_37
2293:board/stm32f401rct6/Drivers/STM32F4xx_HAL_Driver/Inc/stm32f4xx_ll_rcc.h ****   *         @arg @ref LL_RCC_PLLSAIM_DIV_38
2294:board/stm32f401rct6/Drivers/STM32F4xx_HAL_Driver/Inc/stm32f4xx_ll_rcc.h ****   *         @arg @ref LL_RCC_PLLSAIM_DIV_39
2295:board/stm32f401rct6/Drivers/STM32F4xx_HAL_Driver/Inc/stm32f4xx_ll_rcc.h ****   *         @arg @ref LL_RCC_PLLSAIM_DIV_40
2296:board/stm32f401rct6/Drivers/STM32F4xx_HAL_Driver/Inc/stm32f4xx_ll_rcc.h ****   *         @arg @ref LL_RCC_PLLSAIM_DIV_41
2297:board/stm32f401rct6/Drivers/STM32F4xx_HAL_Driver/Inc/stm32f4xx_ll_rcc.h ****   *         @arg @ref LL_RCC_PLLSAIM_DIV_42
2298:board/stm32f401rct6/Drivers/STM32F4xx_HAL_Driver/Inc/stm32f4xx_ll_rcc.h ****   *         @arg @ref LL_RCC_PLLSAIM_DIV_43
2299:board/stm32f401rct6/Drivers/STM32F4xx_HAL_Driver/Inc/stm32f4xx_ll_rcc.h ****   *         @arg @ref LL_RCC_PLLSAIM_DIV_44
2300:board/stm32f401rct6/Drivers/STM32F4xx_HAL_Driver/Inc/stm32f4xx_ll_rcc.h ****   *         @arg @ref LL_RCC_PLLSAIM_DIV_45
2301:board/stm32f401rct6/Drivers/STM32F4xx_HAL_Driver/Inc/stm32f4xx_ll_rcc.h ****   *         @arg @ref LL_RCC_PLLSAIM_DIV_46
2302:board/stm32f401rct6/Drivers/STM32F4xx_HAL_Driver/Inc/stm32f4xx_ll_rcc.h ****   *         @arg @ref LL_RCC_PLLSAIM_DIV_47
2303:board/stm32f401rct6/Drivers/STM32F4xx_HAL_Driver/Inc/stm32f4xx_ll_rcc.h ****   *         @arg @ref LL_RCC_PLLSAIM_DIV_48
2304:board/stm32f401rct6/Drivers/STM32F4xx_HAL_Driver/Inc/stm32f4xx_ll_rcc.h ****   *         @arg @ref LL_RCC_PLLSAIM_DIV_49
2305:board/stm32f401rct6/Drivers/STM32F4xx_HAL_Driver/Inc/stm32f4xx_ll_rcc.h ****   *         @arg @ref LL_RCC_PLLSAIM_DIV_50
2306:board/stm32f401rct6/Drivers/STM32F4xx_HAL_Driver/Inc/stm32f4xx_ll_rcc.h ****   *         @arg @ref LL_RCC_PLLSAIM_DIV_51
2307:board/stm32f401rct6/Drivers/STM32F4xx_HAL_Driver/Inc/stm32f4xx_ll_rcc.h ****   *         @arg @ref LL_RCC_PLLSAIM_DIV_52
2308:board/stm32f401rct6/Drivers/STM32F4xx_HAL_Driver/Inc/stm32f4xx_ll_rcc.h ****   *         @arg @ref LL_RCC_PLLSAIM_DIV_53
2309:board/stm32f401rct6/Drivers/STM32F4xx_HAL_Driver/Inc/stm32f4xx_ll_rcc.h ****   *         @arg @ref LL_RCC_PLLSAIM_DIV_54
2310:board/stm32f401rct6/Drivers/STM32F4xx_HAL_Driver/Inc/stm32f4xx_ll_rcc.h ****   *         @arg @ref LL_RCC_PLLSAIM_DIV_55
2311:board/stm32f401rct6/Drivers/STM32F4xx_HAL_Driver/Inc/stm32f4xx_ll_rcc.h ****   *         @arg @ref LL_RCC_PLLSAIM_DIV_56
2312:board/stm32f401rct6/Drivers/STM32F4xx_HAL_Driver/Inc/stm32f4xx_ll_rcc.h ****   *         @arg @ref LL_RCC_PLLSAIM_DIV_57
2313:board/stm32f401rct6/Drivers/STM32F4xx_HAL_Driver/Inc/stm32f4xx_ll_rcc.h ****   *         @arg @ref LL_RCC_PLLSAIM_DIV_58
2314:board/stm32f401rct6/Drivers/STM32F4xx_HAL_Driver/Inc/stm32f4xx_ll_rcc.h ****   *         @arg @ref LL_RCC_PLLSAIM_DIV_59
2315:board/stm32f401rct6/Drivers/STM32F4xx_HAL_Driver/Inc/stm32f4xx_ll_rcc.h ****   *         @arg @ref LL_RCC_PLLSAIM_DIV_60
2316:board/stm32f401rct6/Drivers/STM32F4xx_HAL_Driver/Inc/stm32f4xx_ll_rcc.h ****   *         @arg @ref LL_RCC_PLLSAIM_DIV_61
2317:board/stm32f401rct6/Drivers/STM32F4xx_HAL_Driver/Inc/stm32f4xx_ll_rcc.h ****   *         @arg @ref LL_RCC_PLLSAIM_DIV_62
2318:board/stm32f401rct6/Drivers/STM32F4xx_HAL_Driver/Inc/stm32f4xx_ll_rcc.h ****   *         @arg @ref LL_RCC_PLLSAIM_DIV_63
2319:board/stm32f401rct6/Drivers/STM32F4xx_HAL_Driver/Inc/stm32f4xx_ll_rcc.h ****   * @param  __PLLSAIN__ Between 50 and 432
2320:board/stm32f401rct6/Drivers/STM32F4xx_HAL_Driver/Inc/stm32f4xx_ll_rcc.h ****   * @param  __PLLSAIP__ This parameter can be one of the following values:
2321:board/stm32f401rct6/Drivers/STM32F4xx_HAL_Driver/Inc/stm32f4xx_ll_rcc.h ****   *         @arg @ref LL_RCC_PLLSAIP_DIV_2
2322:board/stm32f401rct6/Drivers/STM32F4xx_HAL_Driver/Inc/stm32f4xx_ll_rcc.h ****   *         @arg @ref LL_RCC_PLLSAIP_DIV_4
2323:board/stm32f401rct6/Drivers/STM32F4xx_HAL_Driver/Inc/stm32f4xx_ll_rcc.h ****   *         @arg @ref LL_RCC_PLLSAIP_DIV_6
2324:board/stm32f401rct6/Drivers/STM32F4xx_HAL_Driver/Inc/stm32f4xx_ll_rcc.h ****   *         @arg @ref LL_RCC_PLLSAIP_DIV_8
2325:board/stm32f401rct6/Drivers/STM32F4xx_HAL_Driver/Inc/stm32f4xx_ll_rcc.h ****   * @retval PLLSAI clock frequency (in Hz)
2326:board/stm32f401rct6/Drivers/STM32F4xx_HAL_Driver/Inc/stm32f4xx_ll_rcc.h ****   */
2327:board/stm32f401rct6/Drivers/STM32F4xx_HAL_Driver/Inc/stm32f4xx_ll_rcc.h **** #define __LL_RCC_CALC_PLLSAI_48M_FREQ(__INPUTFREQ__, __PLLM__, __PLLSAIN__, __PLLSAIP__) (((__INPUT
2328:board/stm32f401rct6/Drivers/STM32F4xx_HAL_Driver/Inc/stm32f4xx_ll_rcc.h ****     ((((__PLLSAIP__) >> RCC_PLLSAICFGR_PLLSAIP_Pos) + 1U) * 2U))
2329:board/stm32f401rct6/Drivers/STM32F4xx_HAL_Driver/Inc/stm32f4xx_ll_rcc.h **** #endif /* RCC_PLLSAICFGR_PLLSAIP */
2330:board/stm32f401rct6/Drivers/STM32F4xx_HAL_Driver/Inc/stm32f4xx_ll_rcc.h **** 
2331:board/stm32f401rct6/Drivers/STM32F4xx_HAL_Driver/Inc/stm32f4xx_ll_rcc.h **** #if defined(LTDC)
2332:board/stm32f401rct6/Drivers/STM32F4xx_HAL_Driver/Inc/stm32f4xx_ll_rcc.h **** /**
2333:board/stm32f401rct6/Drivers/STM32F4xx_HAL_Driver/Inc/stm32f4xx_ll_rcc.h ****   * @brief  Helper macro to calculate the PLLSAI frequency used for LTDC domain
2334:board/stm32f401rct6/Drivers/STM32F4xx_HAL_Driver/Inc/stm32f4xx_ll_rcc.h ****   * @note ex: @ref __LL_RCC_CALC_PLLSAI_LTDC_FREQ (HSE_VALUE,@ref LL_RCC_PLLSAI_GetDivider (),
2335:board/stm32f401rct6/Drivers/STM32F4xx_HAL_Driver/Inc/stm32f4xx_ll_rcc.h ****   *             @ref LL_RCC_PLLSAI_GetN (), @ref LL_RCC_PLLSAI_GetR (), @ref LL_RCC_PLLSAI_GetDIVR 
2336:board/stm32f401rct6/Drivers/STM32F4xx_HAL_Driver/Inc/stm32f4xx_ll_rcc.h ****   * @param  __INPUTFREQ__ PLL Input frequency (based on HSE/HSI)
ARM GAS  C:\Users\Admin\AppData\Local\Temp\ccHMtLfr.s 			page 46


2337:board/stm32f401rct6/Drivers/STM32F4xx_HAL_Driver/Inc/stm32f4xx_ll_rcc.h ****   * @param  __PLLM__ This parameter can be one of the following values:
2338:board/stm32f401rct6/Drivers/STM32F4xx_HAL_Driver/Inc/stm32f4xx_ll_rcc.h ****   *         @arg @ref LL_RCC_PLLSAIM_DIV_2
2339:board/stm32f401rct6/Drivers/STM32F4xx_HAL_Driver/Inc/stm32f4xx_ll_rcc.h ****   *         @arg @ref LL_RCC_PLLSAIM_DIV_3
2340:board/stm32f401rct6/Drivers/STM32F4xx_HAL_Driver/Inc/stm32f4xx_ll_rcc.h ****   *         @arg @ref LL_RCC_PLLSAIM_DIV_4
2341:board/stm32f401rct6/Drivers/STM32F4xx_HAL_Driver/Inc/stm32f4xx_ll_rcc.h ****   *         @arg @ref LL_RCC_PLLSAIM_DIV_5
2342:board/stm32f401rct6/Drivers/STM32F4xx_HAL_Driver/Inc/stm32f4xx_ll_rcc.h ****   *         @arg @ref LL_RCC_PLLSAIM_DIV_6
2343:board/stm32f401rct6/Drivers/STM32F4xx_HAL_Driver/Inc/stm32f4xx_ll_rcc.h ****   *         @arg @ref LL_RCC_PLLSAIM_DIV_7
2344:board/stm32f401rct6/Drivers/STM32F4xx_HAL_Driver/Inc/stm32f4xx_ll_rcc.h ****   *         @arg @ref LL_RCC_PLLSAIM_DIV_8
2345:board/stm32f401rct6/Drivers/STM32F4xx_HAL_Driver/Inc/stm32f4xx_ll_rcc.h ****   *         @arg @ref LL_RCC_PLLSAIM_DIV_9
2346:board/stm32f401rct6/Drivers/STM32F4xx_HAL_Driver/Inc/stm32f4xx_ll_rcc.h ****   *         @arg @ref LL_RCC_PLLSAIM_DIV_10
2347:board/stm32f401rct6/Drivers/STM32F4xx_HAL_Driver/Inc/stm32f4xx_ll_rcc.h ****   *         @arg @ref LL_RCC_PLLSAIM_DIV_11
2348:board/stm32f401rct6/Drivers/STM32F4xx_HAL_Driver/Inc/stm32f4xx_ll_rcc.h ****   *         @arg @ref LL_RCC_PLLSAIM_DIV_12
2349:board/stm32f401rct6/Drivers/STM32F4xx_HAL_Driver/Inc/stm32f4xx_ll_rcc.h ****   *         @arg @ref LL_RCC_PLLSAIM_DIV_13
2350:board/stm32f401rct6/Drivers/STM32F4xx_HAL_Driver/Inc/stm32f4xx_ll_rcc.h ****   *         @arg @ref LL_RCC_PLLSAIM_DIV_14
2351:board/stm32f401rct6/Drivers/STM32F4xx_HAL_Driver/Inc/stm32f4xx_ll_rcc.h ****   *         @arg @ref LL_RCC_PLLSAIM_DIV_15
2352:board/stm32f401rct6/Drivers/STM32F4xx_HAL_Driver/Inc/stm32f4xx_ll_rcc.h ****   *         @arg @ref LL_RCC_PLLSAIM_DIV_16
2353:board/stm32f401rct6/Drivers/STM32F4xx_HAL_Driver/Inc/stm32f4xx_ll_rcc.h ****   *         @arg @ref LL_RCC_PLLSAIM_DIV_17
2354:board/stm32f401rct6/Drivers/STM32F4xx_HAL_Driver/Inc/stm32f4xx_ll_rcc.h ****   *         @arg @ref LL_RCC_PLLSAIM_DIV_18
2355:board/stm32f401rct6/Drivers/STM32F4xx_HAL_Driver/Inc/stm32f4xx_ll_rcc.h ****   *         @arg @ref LL_RCC_PLLSAIM_DIV_19
2356:board/stm32f401rct6/Drivers/STM32F4xx_HAL_Driver/Inc/stm32f4xx_ll_rcc.h ****   *         @arg @ref LL_RCC_PLLSAIM_DIV_20
2357:board/stm32f401rct6/Drivers/STM32F4xx_HAL_Driver/Inc/stm32f4xx_ll_rcc.h ****   *         @arg @ref LL_RCC_PLLSAIM_DIV_21
2358:board/stm32f401rct6/Drivers/STM32F4xx_HAL_Driver/Inc/stm32f4xx_ll_rcc.h ****   *         @arg @ref LL_RCC_PLLSAIM_DIV_22
2359:board/stm32f401rct6/Drivers/STM32F4xx_HAL_Driver/Inc/stm32f4xx_ll_rcc.h ****   *         @arg @ref LL_RCC_PLLSAIM_DIV_23
2360:board/stm32f401rct6/Drivers/STM32F4xx_HAL_Driver/Inc/stm32f4xx_ll_rcc.h ****   *         @arg @ref LL_RCC_PLLSAIM_DIV_24
2361:board/stm32f401rct6/Drivers/STM32F4xx_HAL_Driver/Inc/stm32f4xx_ll_rcc.h ****   *         @arg @ref LL_RCC_PLLSAIM_DIV_25
2362:board/stm32f401rct6/Drivers/STM32F4xx_HAL_Driver/Inc/stm32f4xx_ll_rcc.h ****   *         @arg @ref LL_RCC_PLLSAIM_DIV_26
2363:board/stm32f401rct6/Drivers/STM32F4xx_HAL_Driver/Inc/stm32f4xx_ll_rcc.h ****   *         @arg @ref LL_RCC_PLLSAIM_DIV_27
2364:board/stm32f401rct6/Drivers/STM32F4xx_HAL_Driver/Inc/stm32f4xx_ll_rcc.h ****   *         @arg @ref LL_RCC_PLLSAIM_DIV_28
2365:board/stm32f401rct6/Drivers/STM32F4xx_HAL_Driver/Inc/stm32f4xx_ll_rcc.h ****   *         @arg @ref LL_RCC_PLLSAIM_DIV_29
2366:board/stm32f401rct6/Drivers/STM32F4xx_HAL_Driver/Inc/stm32f4xx_ll_rcc.h ****   *         @arg @ref LL_RCC_PLLSAIM_DIV_30
2367:board/stm32f401rct6/Drivers/STM32F4xx_HAL_Driver/Inc/stm32f4xx_ll_rcc.h ****   *         @arg @ref LL_RCC_PLLSAIM_DIV_31
2368:board/stm32f401rct6/Drivers/STM32F4xx_HAL_Driver/Inc/stm32f4xx_ll_rcc.h ****   *         @arg @ref LL_RCC_PLLSAIM_DIV_32
2369:board/stm32f401rct6/Drivers/STM32F4xx_HAL_Driver/Inc/stm32f4xx_ll_rcc.h ****   *         @arg @ref LL_RCC_PLLSAIM_DIV_33
2370:board/stm32f401rct6/Drivers/STM32F4xx_HAL_Driver/Inc/stm32f4xx_ll_rcc.h ****   *         @arg @ref LL_RCC_PLLSAIM_DIV_34
2371:board/stm32f401rct6/Drivers/STM32F4xx_HAL_Driver/Inc/stm32f4xx_ll_rcc.h ****   *         @arg @ref LL_RCC_PLLSAIM_DIV_35
2372:board/stm32f401rct6/Drivers/STM32F4xx_HAL_Driver/Inc/stm32f4xx_ll_rcc.h ****   *         @arg @ref LL_RCC_PLLSAIM_DIV_36
2373:board/stm32f401rct6/Drivers/STM32F4xx_HAL_Driver/Inc/stm32f4xx_ll_rcc.h ****   *         @arg @ref LL_RCC_PLLSAIM_DIV_37
2374:board/stm32f401rct6/Drivers/STM32F4xx_HAL_Driver/Inc/stm32f4xx_ll_rcc.h ****   *         @arg @ref LL_RCC_PLLSAIM_DIV_38
2375:board/stm32f401rct6/Drivers/STM32F4xx_HAL_Driver/Inc/stm32f4xx_ll_rcc.h ****   *         @arg @ref LL_RCC_PLLSAIM_DIV_39
2376:board/stm32f401rct6/Drivers/STM32F4xx_HAL_Driver/Inc/stm32f4xx_ll_rcc.h ****   *         @arg @ref LL_RCC_PLLSAIM_DIV_40
2377:board/stm32f401rct6/Drivers/STM32F4xx_HAL_Driver/Inc/stm32f4xx_ll_rcc.h ****   *         @arg @ref LL_RCC_PLLSAIM_DIV_41
2378:board/stm32f401rct6/Drivers/STM32F4xx_HAL_Driver/Inc/stm32f4xx_ll_rcc.h ****   *         @arg @ref LL_RCC_PLLSAIM_DIV_42
2379:board/stm32f401rct6/Drivers/STM32F4xx_HAL_Driver/Inc/stm32f4xx_ll_rcc.h ****   *         @arg @ref LL_RCC_PLLSAIM_DIV_43
2380:board/stm32f401rct6/Drivers/STM32F4xx_HAL_Driver/Inc/stm32f4xx_ll_rcc.h ****   *         @arg @ref LL_RCC_PLLSAIM_DIV_44
2381:board/stm32f401rct6/Drivers/STM32F4xx_HAL_Driver/Inc/stm32f4xx_ll_rcc.h ****   *         @arg @ref LL_RCC_PLLSAIM_DIV_45
2382:board/stm32f401rct6/Drivers/STM32F4xx_HAL_Driver/Inc/stm32f4xx_ll_rcc.h ****   *         @arg @ref LL_RCC_PLLSAIM_DIV_46
2383:board/stm32f401rct6/Drivers/STM32F4xx_HAL_Driver/Inc/stm32f4xx_ll_rcc.h ****   *         @arg @ref LL_RCC_PLLSAIM_DIV_47
2384:board/stm32f401rct6/Drivers/STM32F4xx_HAL_Driver/Inc/stm32f4xx_ll_rcc.h ****   *         @arg @ref LL_RCC_PLLSAIM_DIV_48
2385:board/stm32f401rct6/Drivers/STM32F4xx_HAL_Driver/Inc/stm32f4xx_ll_rcc.h ****   *         @arg @ref LL_RCC_PLLSAIM_DIV_49
2386:board/stm32f401rct6/Drivers/STM32F4xx_HAL_Driver/Inc/stm32f4xx_ll_rcc.h ****   *         @arg @ref LL_RCC_PLLSAIM_DIV_50
2387:board/stm32f401rct6/Drivers/STM32F4xx_HAL_Driver/Inc/stm32f4xx_ll_rcc.h ****   *         @arg @ref LL_RCC_PLLSAIM_DIV_51
2388:board/stm32f401rct6/Drivers/STM32F4xx_HAL_Driver/Inc/stm32f4xx_ll_rcc.h ****   *         @arg @ref LL_RCC_PLLSAIM_DIV_52
2389:board/stm32f401rct6/Drivers/STM32F4xx_HAL_Driver/Inc/stm32f4xx_ll_rcc.h ****   *         @arg @ref LL_RCC_PLLSAIM_DIV_53
2390:board/stm32f401rct6/Drivers/STM32F4xx_HAL_Driver/Inc/stm32f4xx_ll_rcc.h ****   *         @arg @ref LL_RCC_PLLSAIM_DIV_54
2391:board/stm32f401rct6/Drivers/STM32F4xx_HAL_Driver/Inc/stm32f4xx_ll_rcc.h ****   *         @arg @ref LL_RCC_PLLSAIM_DIV_55
2392:board/stm32f401rct6/Drivers/STM32F4xx_HAL_Driver/Inc/stm32f4xx_ll_rcc.h ****   *         @arg @ref LL_RCC_PLLSAIM_DIV_56
2393:board/stm32f401rct6/Drivers/STM32F4xx_HAL_Driver/Inc/stm32f4xx_ll_rcc.h ****   *         @arg @ref LL_RCC_PLLSAIM_DIV_57
ARM GAS  C:\Users\Admin\AppData\Local\Temp\ccHMtLfr.s 			page 47


2394:board/stm32f401rct6/Drivers/STM32F4xx_HAL_Driver/Inc/stm32f4xx_ll_rcc.h ****   *         @arg @ref LL_RCC_PLLSAIM_DIV_58
2395:board/stm32f401rct6/Drivers/STM32F4xx_HAL_Driver/Inc/stm32f4xx_ll_rcc.h ****   *         @arg @ref LL_RCC_PLLSAIM_DIV_59
2396:board/stm32f401rct6/Drivers/STM32F4xx_HAL_Driver/Inc/stm32f4xx_ll_rcc.h ****   *         @arg @ref LL_RCC_PLLSAIM_DIV_60
2397:board/stm32f401rct6/Drivers/STM32F4xx_HAL_Driver/Inc/stm32f4xx_ll_rcc.h ****   *         @arg @ref LL_RCC_PLLSAIM_DIV_61
2398:board/stm32f401rct6/Drivers/STM32F4xx_HAL_Driver/Inc/stm32f4xx_ll_rcc.h ****   *         @arg @ref LL_RCC_PLLSAIM_DIV_62
2399:board/stm32f401rct6/Drivers/STM32F4xx_HAL_Driver/Inc/stm32f4xx_ll_rcc.h ****   *         @arg @ref LL_RCC_PLLSAIM_DIV_63
2400:board/stm32f401rct6/Drivers/STM32F4xx_HAL_Driver/Inc/stm32f4xx_ll_rcc.h ****   * @param  __PLLSAIN__ Between 49/50(*) and 432
2401:board/stm32f401rct6/Drivers/STM32F4xx_HAL_Driver/Inc/stm32f4xx_ll_rcc.h ****   *
2402:board/stm32f401rct6/Drivers/STM32F4xx_HAL_Driver/Inc/stm32f4xx_ll_rcc.h ****   *         (*) value not defined in all devices.
2403:board/stm32f401rct6/Drivers/STM32F4xx_HAL_Driver/Inc/stm32f4xx_ll_rcc.h ****   * @param  __PLLSAIR__ This parameter can be one of the following values:
2404:board/stm32f401rct6/Drivers/STM32F4xx_HAL_Driver/Inc/stm32f4xx_ll_rcc.h ****   *         @arg @ref LL_RCC_PLLSAIR_DIV_2
2405:board/stm32f401rct6/Drivers/STM32F4xx_HAL_Driver/Inc/stm32f4xx_ll_rcc.h ****   *         @arg @ref LL_RCC_PLLSAIR_DIV_3
2406:board/stm32f401rct6/Drivers/STM32F4xx_HAL_Driver/Inc/stm32f4xx_ll_rcc.h ****   *         @arg @ref LL_RCC_PLLSAIR_DIV_4
2407:board/stm32f401rct6/Drivers/STM32F4xx_HAL_Driver/Inc/stm32f4xx_ll_rcc.h ****   *         @arg @ref LL_RCC_PLLSAIR_DIV_5
2408:board/stm32f401rct6/Drivers/STM32F4xx_HAL_Driver/Inc/stm32f4xx_ll_rcc.h ****   *         @arg @ref LL_RCC_PLLSAIR_DIV_6
2409:board/stm32f401rct6/Drivers/STM32F4xx_HAL_Driver/Inc/stm32f4xx_ll_rcc.h ****   *         @arg @ref LL_RCC_PLLSAIR_DIV_7
2410:board/stm32f401rct6/Drivers/STM32F4xx_HAL_Driver/Inc/stm32f4xx_ll_rcc.h ****   * @param  __PLLSAIDIVR__ This parameter can be one of the following values:
2411:board/stm32f401rct6/Drivers/STM32F4xx_HAL_Driver/Inc/stm32f4xx_ll_rcc.h ****   *         @arg @ref LL_RCC_PLLSAIDIVR_DIV_2
2412:board/stm32f401rct6/Drivers/STM32F4xx_HAL_Driver/Inc/stm32f4xx_ll_rcc.h ****   *         @arg @ref LL_RCC_PLLSAIDIVR_DIV_4
2413:board/stm32f401rct6/Drivers/STM32F4xx_HAL_Driver/Inc/stm32f4xx_ll_rcc.h ****   *         @arg @ref LL_RCC_PLLSAIDIVR_DIV_8
2414:board/stm32f401rct6/Drivers/STM32F4xx_HAL_Driver/Inc/stm32f4xx_ll_rcc.h ****   *         @arg @ref LL_RCC_PLLSAIDIVR_DIV_16
2415:board/stm32f401rct6/Drivers/STM32F4xx_HAL_Driver/Inc/stm32f4xx_ll_rcc.h ****   * @retval PLLSAI clock frequency (in Hz)
2416:board/stm32f401rct6/Drivers/STM32F4xx_HAL_Driver/Inc/stm32f4xx_ll_rcc.h ****   */
2417:board/stm32f401rct6/Drivers/STM32F4xx_HAL_Driver/Inc/stm32f4xx_ll_rcc.h **** #define __LL_RCC_CALC_PLLSAI_LTDC_FREQ(__INPUTFREQ__, __PLLM__, __PLLSAIN__, __PLLSAIR__, __PLLSAID
2418:board/stm32f401rct6/Drivers/STM32F4xx_HAL_Driver/Inc/stm32f4xx_ll_rcc.h ****     (((__PLLSAIR__) >> RCC_PLLSAICFGR_PLLSAIR_Pos) * (aRCC_PLLSAIDIVRPrescTable[(__PLLSAIDIVR__) >>
2419:board/stm32f401rct6/Drivers/STM32F4xx_HAL_Driver/Inc/stm32f4xx_ll_rcc.h **** #endif /* LTDC */
2420:board/stm32f401rct6/Drivers/STM32F4xx_HAL_Driver/Inc/stm32f4xx_ll_rcc.h **** #endif /* RCC_PLLSAI_SUPPORT */
2421:board/stm32f401rct6/Drivers/STM32F4xx_HAL_Driver/Inc/stm32f4xx_ll_rcc.h **** 
2422:board/stm32f401rct6/Drivers/STM32F4xx_HAL_Driver/Inc/stm32f4xx_ll_rcc.h **** #if defined(RCC_PLLI2S_SUPPORT)
2423:board/stm32f401rct6/Drivers/STM32F4xx_HAL_Driver/Inc/stm32f4xx_ll_rcc.h **** #if defined(RCC_DCKCFGR_PLLI2SDIVQ) || defined(RCC_DCKCFGR_PLLI2SDIVR)
2424:board/stm32f401rct6/Drivers/STM32F4xx_HAL_Driver/Inc/stm32f4xx_ll_rcc.h **** /**
2425:board/stm32f401rct6/Drivers/STM32F4xx_HAL_Driver/Inc/stm32f4xx_ll_rcc.h ****   * @brief  Helper macro to calculate the PLLI2S frequency used for SAI domain
2426:board/stm32f401rct6/Drivers/STM32F4xx_HAL_Driver/Inc/stm32f4xx_ll_rcc.h ****   * @note ex: @ref __LL_RCC_CALC_PLLI2S_SAI_FREQ (HSE_VALUE,@ref LL_RCC_PLLI2S_GetDivider (),
2427:board/stm32f401rct6/Drivers/STM32F4xx_HAL_Driver/Inc/stm32f4xx_ll_rcc.h ****   *             @ref LL_RCC_PLLI2S_GetN (), @ref LL_RCC_PLLI2S_GetQ (), @ref LL_RCC_PLLI2S_GetDIVQ 
2428:board/stm32f401rct6/Drivers/STM32F4xx_HAL_Driver/Inc/stm32f4xx_ll_rcc.h ****   * @param  __INPUTFREQ__ PLL Input frequency (based on HSE/HSI)
2429:board/stm32f401rct6/Drivers/STM32F4xx_HAL_Driver/Inc/stm32f4xx_ll_rcc.h ****   * @param  __PLLM__ This parameter can be one of the following values:
2430:board/stm32f401rct6/Drivers/STM32F4xx_HAL_Driver/Inc/stm32f4xx_ll_rcc.h ****   *         @arg @ref LL_RCC_PLLI2SM_DIV_2
2431:board/stm32f401rct6/Drivers/STM32F4xx_HAL_Driver/Inc/stm32f4xx_ll_rcc.h ****   *         @arg @ref LL_RCC_PLLI2SM_DIV_3
2432:board/stm32f401rct6/Drivers/STM32F4xx_HAL_Driver/Inc/stm32f4xx_ll_rcc.h ****   *         @arg @ref LL_RCC_PLLI2SM_DIV_4
2433:board/stm32f401rct6/Drivers/STM32F4xx_HAL_Driver/Inc/stm32f4xx_ll_rcc.h ****   *         @arg @ref LL_RCC_PLLI2SM_DIV_5
2434:board/stm32f401rct6/Drivers/STM32F4xx_HAL_Driver/Inc/stm32f4xx_ll_rcc.h ****   *         @arg @ref LL_RCC_PLLI2SM_DIV_6
2435:board/stm32f401rct6/Drivers/STM32F4xx_HAL_Driver/Inc/stm32f4xx_ll_rcc.h ****   *         @arg @ref LL_RCC_PLLI2SM_DIV_7
2436:board/stm32f401rct6/Drivers/STM32F4xx_HAL_Driver/Inc/stm32f4xx_ll_rcc.h ****   *         @arg @ref LL_RCC_PLLI2SM_DIV_8
2437:board/stm32f401rct6/Drivers/STM32F4xx_HAL_Driver/Inc/stm32f4xx_ll_rcc.h ****   *         @arg @ref LL_RCC_PLLI2SM_DIV_9
2438:board/stm32f401rct6/Drivers/STM32F4xx_HAL_Driver/Inc/stm32f4xx_ll_rcc.h ****   *         @arg @ref LL_RCC_PLLI2SM_DIV_10
2439:board/stm32f401rct6/Drivers/STM32F4xx_HAL_Driver/Inc/stm32f4xx_ll_rcc.h ****   *         @arg @ref LL_RCC_PLLI2SM_DIV_11
2440:board/stm32f401rct6/Drivers/STM32F4xx_HAL_Driver/Inc/stm32f4xx_ll_rcc.h ****   *         @arg @ref LL_RCC_PLLI2SM_DIV_12
2441:board/stm32f401rct6/Drivers/STM32F4xx_HAL_Driver/Inc/stm32f4xx_ll_rcc.h ****   *         @arg @ref LL_RCC_PLLI2SM_DIV_13
2442:board/stm32f401rct6/Drivers/STM32F4xx_HAL_Driver/Inc/stm32f4xx_ll_rcc.h ****   *         @arg @ref LL_RCC_PLLI2SM_DIV_14
2443:board/stm32f401rct6/Drivers/STM32F4xx_HAL_Driver/Inc/stm32f4xx_ll_rcc.h ****   *         @arg @ref LL_RCC_PLLI2SM_DIV_15
2444:board/stm32f401rct6/Drivers/STM32F4xx_HAL_Driver/Inc/stm32f4xx_ll_rcc.h ****   *         @arg @ref LL_RCC_PLLI2SM_DIV_16
2445:board/stm32f401rct6/Drivers/STM32F4xx_HAL_Driver/Inc/stm32f4xx_ll_rcc.h ****   *         @arg @ref LL_RCC_PLLI2SM_DIV_17
2446:board/stm32f401rct6/Drivers/STM32F4xx_HAL_Driver/Inc/stm32f4xx_ll_rcc.h ****   *         @arg @ref LL_RCC_PLLI2SM_DIV_18
2447:board/stm32f401rct6/Drivers/STM32F4xx_HAL_Driver/Inc/stm32f4xx_ll_rcc.h ****   *         @arg @ref LL_RCC_PLLI2SM_DIV_19
2448:board/stm32f401rct6/Drivers/STM32F4xx_HAL_Driver/Inc/stm32f4xx_ll_rcc.h ****   *         @arg @ref LL_RCC_PLLI2SM_DIV_20
2449:board/stm32f401rct6/Drivers/STM32F4xx_HAL_Driver/Inc/stm32f4xx_ll_rcc.h ****   *         @arg @ref LL_RCC_PLLI2SM_DIV_21
2450:board/stm32f401rct6/Drivers/STM32F4xx_HAL_Driver/Inc/stm32f4xx_ll_rcc.h ****   *         @arg @ref LL_RCC_PLLI2SM_DIV_22
ARM GAS  C:\Users\Admin\AppData\Local\Temp\ccHMtLfr.s 			page 48


2451:board/stm32f401rct6/Drivers/STM32F4xx_HAL_Driver/Inc/stm32f4xx_ll_rcc.h ****   *         @arg @ref LL_RCC_PLLI2SM_DIV_23
2452:board/stm32f401rct6/Drivers/STM32F4xx_HAL_Driver/Inc/stm32f4xx_ll_rcc.h ****   *         @arg @ref LL_RCC_PLLI2SM_DIV_24
2453:board/stm32f401rct6/Drivers/STM32F4xx_HAL_Driver/Inc/stm32f4xx_ll_rcc.h ****   *         @arg @ref LL_RCC_PLLI2SM_DIV_25
2454:board/stm32f401rct6/Drivers/STM32F4xx_HAL_Driver/Inc/stm32f4xx_ll_rcc.h ****   *         @arg @ref LL_RCC_PLLI2SM_DIV_26
2455:board/stm32f401rct6/Drivers/STM32F4xx_HAL_Driver/Inc/stm32f4xx_ll_rcc.h ****   *         @arg @ref LL_RCC_PLLI2SM_DIV_27
2456:board/stm32f401rct6/Drivers/STM32F4xx_HAL_Driver/Inc/stm32f4xx_ll_rcc.h ****   *         @arg @ref LL_RCC_PLLI2SM_DIV_28
2457:board/stm32f401rct6/Drivers/STM32F4xx_HAL_Driver/Inc/stm32f4xx_ll_rcc.h ****   *         @arg @ref LL_RCC_PLLI2SM_DIV_29
2458:board/stm32f401rct6/Drivers/STM32F4xx_HAL_Driver/Inc/stm32f4xx_ll_rcc.h ****   *         @arg @ref LL_RCC_PLLI2SM_DIV_30
2459:board/stm32f401rct6/Drivers/STM32F4xx_HAL_Driver/Inc/stm32f4xx_ll_rcc.h ****   *         @arg @ref LL_RCC_PLLI2SM_DIV_31
2460:board/stm32f401rct6/Drivers/STM32F4xx_HAL_Driver/Inc/stm32f4xx_ll_rcc.h ****   *         @arg @ref LL_RCC_PLLI2SM_DIV_32
2461:board/stm32f401rct6/Drivers/STM32F4xx_HAL_Driver/Inc/stm32f4xx_ll_rcc.h ****   *         @arg @ref LL_RCC_PLLI2SM_DIV_33
2462:board/stm32f401rct6/Drivers/STM32F4xx_HAL_Driver/Inc/stm32f4xx_ll_rcc.h ****   *         @arg @ref LL_RCC_PLLI2SM_DIV_34
2463:board/stm32f401rct6/Drivers/STM32F4xx_HAL_Driver/Inc/stm32f4xx_ll_rcc.h ****   *         @arg @ref LL_RCC_PLLI2SM_DIV_35
2464:board/stm32f401rct6/Drivers/STM32F4xx_HAL_Driver/Inc/stm32f4xx_ll_rcc.h ****   *         @arg @ref LL_RCC_PLLI2SM_DIV_36
2465:board/stm32f401rct6/Drivers/STM32F4xx_HAL_Driver/Inc/stm32f4xx_ll_rcc.h ****   *         @arg @ref LL_RCC_PLLI2SM_DIV_37
2466:board/stm32f401rct6/Drivers/STM32F4xx_HAL_Driver/Inc/stm32f4xx_ll_rcc.h ****   *         @arg @ref LL_RCC_PLLI2SM_DIV_38
2467:board/stm32f401rct6/Drivers/STM32F4xx_HAL_Driver/Inc/stm32f4xx_ll_rcc.h ****   *         @arg @ref LL_RCC_PLLI2SM_DIV_39
2468:board/stm32f401rct6/Drivers/STM32F4xx_HAL_Driver/Inc/stm32f4xx_ll_rcc.h ****   *         @arg @ref LL_RCC_PLLI2SM_DIV_40
2469:board/stm32f401rct6/Drivers/STM32F4xx_HAL_Driver/Inc/stm32f4xx_ll_rcc.h ****   *         @arg @ref LL_RCC_PLLI2SM_DIV_41
2470:board/stm32f401rct6/Drivers/STM32F4xx_HAL_Driver/Inc/stm32f4xx_ll_rcc.h ****   *         @arg @ref LL_RCC_PLLI2SM_DIV_42
2471:board/stm32f401rct6/Drivers/STM32F4xx_HAL_Driver/Inc/stm32f4xx_ll_rcc.h ****   *         @arg @ref LL_RCC_PLLI2SM_DIV_43
2472:board/stm32f401rct6/Drivers/STM32F4xx_HAL_Driver/Inc/stm32f4xx_ll_rcc.h ****   *         @arg @ref LL_RCC_PLLI2SM_DIV_44
2473:board/stm32f401rct6/Drivers/STM32F4xx_HAL_Driver/Inc/stm32f4xx_ll_rcc.h ****   *         @arg @ref LL_RCC_PLLI2SM_DIV_45
2474:board/stm32f401rct6/Drivers/STM32F4xx_HAL_Driver/Inc/stm32f4xx_ll_rcc.h ****   *         @arg @ref LL_RCC_PLLI2SM_DIV_46
2475:board/stm32f401rct6/Drivers/STM32F4xx_HAL_Driver/Inc/stm32f4xx_ll_rcc.h ****   *         @arg @ref LL_RCC_PLLI2SM_DIV_47
2476:board/stm32f401rct6/Drivers/STM32F4xx_HAL_Driver/Inc/stm32f4xx_ll_rcc.h ****   *         @arg @ref LL_RCC_PLLI2SM_DIV_48
2477:board/stm32f401rct6/Drivers/STM32F4xx_HAL_Driver/Inc/stm32f4xx_ll_rcc.h ****   *         @arg @ref LL_RCC_PLLI2SM_DIV_49
2478:board/stm32f401rct6/Drivers/STM32F4xx_HAL_Driver/Inc/stm32f4xx_ll_rcc.h ****   *         @arg @ref LL_RCC_PLLI2SM_DIV_50
2479:board/stm32f401rct6/Drivers/STM32F4xx_HAL_Driver/Inc/stm32f4xx_ll_rcc.h ****   *         @arg @ref LL_RCC_PLLI2SM_DIV_51
2480:board/stm32f401rct6/Drivers/STM32F4xx_HAL_Driver/Inc/stm32f4xx_ll_rcc.h ****   *         @arg @ref LL_RCC_PLLI2SM_DIV_52
2481:board/stm32f401rct6/Drivers/STM32F4xx_HAL_Driver/Inc/stm32f4xx_ll_rcc.h ****   *         @arg @ref LL_RCC_PLLI2SM_DIV_53
2482:board/stm32f401rct6/Drivers/STM32F4xx_HAL_Driver/Inc/stm32f4xx_ll_rcc.h ****   *         @arg @ref LL_RCC_PLLI2SM_DIV_54
2483:board/stm32f401rct6/Drivers/STM32F4xx_HAL_Driver/Inc/stm32f4xx_ll_rcc.h ****   *         @arg @ref LL_RCC_PLLI2SM_DIV_55
2484:board/stm32f401rct6/Drivers/STM32F4xx_HAL_Driver/Inc/stm32f4xx_ll_rcc.h ****   *         @arg @ref LL_RCC_PLLI2SM_DIV_56
2485:board/stm32f401rct6/Drivers/STM32F4xx_HAL_Driver/Inc/stm32f4xx_ll_rcc.h ****   *         @arg @ref LL_RCC_PLLI2SM_DIV_57
2486:board/stm32f401rct6/Drivers/STM32F4xx_HAL_Driver/Inc/stm32f4xx_ll_rcc.h ****   *         @arg @ref LL_RCC_PLLI2SM_DIV_58
2487:board/stm32f401rct6/Drivers/STM32F4xx_HAL_Driver/Inc/stm32f4xx_ll_rcc.h ****   *         @arg @ref LL_RCC_PLLI2SM_DIV_59
2488:board/stm32f401rct6/Drivers/STM32F4xx_HAL_Driver/Inc/stm32f4xx_ll_rcc.h ****   *         @arg @ref LL_RCC_PLLI2SM_DIV_60
2489:board/stm32f401rct6/Drivers/STM32F4xx_HAL_Driver/Inc/stm32f4xx_ll_rcc.h ****   *         @arg @ref LL_RCC_PLLI2SM_DIV_61
2490:board/stm32f401rct6/Drivers/STM32F4xx_HAL_Driver/Inc/stm32f4xx_ll_rcc.h ****   *         @arg @ref LL_RCC_PLLI2SM_DIV_62
2491:board/stm32f401rct6/Drivers/STM32F4xx_HAL_Driver/Inc/stm32f4xx_ll_rcc.h ****   *         @arg @ref LL_RCC_PLLI2SM_DIV_63
2492:board/stm32f401rct6/Drivers/STM32F4xx_HAL_Driver/Inc/stm32f4xx_ll_rcc.h ****   * @param  __PLLI2SN__ Between 50/192(*) and 432
2493:board/stm32f401rct6/Drivers/STM32F4xx_HAL_Driver/Inc/stm32f4xx_ll_rcc.h ****   *
2494:board/stm32f401rct6/Drivers/STM32F4xx_HAL_Driver/Inc/stm32f4xx_ll_rcc.h ****   *         (*) value not defined in all devices.
2495:board/stm32f401rct6/Drivers/STM32F4xx_HAL_Driver/Inc/stm32f4xx_ll_rcc.h ****   * @param  __PLLI2SQ_R__ This parameter can be one of the following values:
2496:board/stm32f401rct6/Drivers/STM32F4xx_HAL_Driver/Inc/stm32f4xx_ll_rcc.h ****   *         @arg @ref LL_RCC_PLLI2SQ_DIV_2 (*)
2497:board/stm32f401rct6/Drivers/STM32F4xx_HAL_Driver/Inc/stm32f4xx_ll_rcc.h ****   *         @arg @ref LL_RCC_PLLI2SQ_DIV_3 (*)
2498:board/stm32f401rct6/Drivers/STM32F4xx_HAL_Driver/Inc/stm32f4xx_ll_rcc.h ****   *         @arg @ref LL_RCC_PLLI2SQ_DIV_4 (*)
2499:board/stm32f401rct6/Drivers/STM32F4xx_HAL_Driver/Inc/stm32f4xx_ll_rcc.h ****   *         @arg @ref LL_RCC_PLLI2SQ_DIV_5 (*)
2500:board/stm32f401rct6/Drivers/STM32F4xx_HAL_Driver/Inc/stm32f4xx_ll_rcc.h ****   *         @arg @ref LL_RCC_PLLI2SQ_DIV_6 (*)
2501:board/stm32f401rct6/Drivers/STM32F4xx_HAL_Driver/Inc/stm32f4xx_ll_rcc.h ****   *         @arg @ref LL_RCC_PLLI2SQ_DIV_7 (*)
2502:board/stm32f401rct6/Drivers/STM32F4xx_HAL_Driver/Inc/stm32f4xx_ll_rcc.h ****   *         @arg @ref LL_RCC_PLLI2SQ_DIV_8 (*)
2503:board/stm32f401rct6/Drivers/STM32F4xx_HAL_Driver/Inc/stm32f4xx_ll_rcc.h ****   *         @arg @ref LL_RCC_PLLI2SQ_DIV_9 (*)
2504:board/stm32f401rct6/Drivers/STM32F4xx_HAL_Driver/Inc/stm32f4xx_ll_rcc.h ****   *         @arg @ref LL_RCC_PLLI2SQ_DIV_10 (*)
2505:board/stm32f401rct6/Drivers/STM32F4xx_HAL_Driver/Inc/stm32f4xx_ll_rcc.h ****   *         @arg @ref LL_RCC_PLLI2SQ_DIV_11 (*)
2506:board/stm32f401rct6/Drivers/STM32F4xx_HAL_Driver/Inc/stm32f4xx_ll_rcc.h ****   *         @arg @ref LL_RCC_PLLI2SQ_DIV_12 (*)
2507:board/stm32f401rct6/Drivers/STM32F4xx_HAL_Driver/Inc/stm32f4xx_ll_rcc.h ****   *         @arg @ref LL_RCC_PLLI2SQ_DIV_13 (*)
ARM GAS  C:\Users\Admin\AppData\Local\Temp\ccHMtLfr.s 			page 49


2508:board/stm32f401rct6/Drivers/STM32F4xx_HAL_Driver/Inc/stm32f4xx_ll_rcc.h ****   *         @arg @ref LL_RCC_PLLI2SQ_DIV_14 (*)
2509:board/stm32f401rct6/Drivers/STM32F4xx_HAL_Driver/Inc/stm32f4xx_ll_rcc.h ****   *         @arg @ref LL_RCC_PLLI2SQ_DIV_15 (*)
2510:board/stm32f401rct6/Drivers/STM32F4xx_HAL_Driver/Inc/stm32f4xx_ll_rcc.h ****   *         @arg @ref LL_RCC_PLLI2SR_DIV_2 (*)
2511:board/stm32f401rct6/Drivers/STM32F4xx_HAL_Driver/Inc/stm32f4xx_ll_rcc.h ****   *         @arg @ref LL_RCC_PLLI2SR_DIV_3 (*)
2512:board/stm32f401rct6/Drivers/STM32F4xx_HAL_Driver/Inc/stm32f4xx_ll_rcc.h ****   *         @arg @ref LL_RCC_PLLI2SR_DIV_4 (*)
2513:board/stm32f401rct6/Drivers/STM32F4xx_HAL_Driver/Inc/stm32f4xx_ll_rcc.h ****   *         @arg @ref LL_RCC_PLLI2SR_DIV_5 (*)
2514:board/stm32f401rct6/Drivers/STM32F4xx_HAL_Driver/Inc/stm32f4xx_ll_rcc.h ****   *         @arg @ref LL_RCC_PLLI2SR_DIV_6 (*)
2515:board/stm32f401rct6/Drivers/STM32F4xx_HAL_Driver/Inc/stm32f4xx_ll_rcc.h ****   *         @arg @ref LL_RCC_PLLI2SR_DIV_7 (*)
2516:board/stm32f401rct6/Drivers/STM32F4xx_HAL_Driver/Inc/stm32f4xx_ll_rcc.h ****   *
2517:board/stm32f401rct6/Drivers/STM32F4xx_HAL_Driver/Inc/stm32f4xx_ll_rcc.h ****   *         (*) value not defined in all devices.
2518:board/stm32f401rct6/Drivers/STM32F4xx_HAL_Driver/Inc/stm32f4xx_ll_rcc.h ****   * @param  __PLLI2SDIVQ_R__ This parameter can be one of the following values:
2519:board/stm32f401rct6/Drivers/STM32F4xx_HAL_Driver/Inc/stm32f4xx_ll_rcc.h ****   *         @arg @ref LL_RCC_PLLI2SDIVQ_DIV_1 (*)
2520:board/stm32f401rct6/Drivers/STM32F4xx_HAL_Driver/Inc/stm32f4xx_ll_rcc.h ****   *         @arg @ref LL_RCC_PLLI2SDIVQ_DIV_2 (*)
2521:board/stm32f401rct6/Drivers/STM32F4xx_HAL_Driver/Inc/stm32f4xx_ll_rcc.h ****   *         @arg @ref LL_RCC_PLLI2SDIVQ_DIV_3 (*)
2522:board/stm32f401rct6/Drivers/STM32F4xx_HAL_Driver/Inc/stm32f4xx_ll_rcc.h ****   *         @arg @ref LL_RCC_PLLI2SDIVQ_DIV_4 (*)
2523:board/stm32f401rct6/Drivers/STM32F4xx_HAL_Driver/Inc/stm32f4xx_ll_rcc.h ****   *         @arg @ref LL_RCC_PLLI2SDIVQ_DIV_5 (*)
2524:board/stm32f401rct6/Drivers/STM32F4xx_HAL_Driver/Inc/stm32f4xx_ll_rcc.h ****   *         @arg @ref LL_RCC_PLLI2SDIVQ_DIV_6 (*)
2525:board/stm32f401rct6/Drivers/STM32F4xx_HAL_Driver/Inc/stm32f4xx_ll_rcc.h ****   *         @arg @ref LL_RCC_PLLI2SDIVQ_DIV_7 (*)
2526:board/stm32f401rct6/Drivers/STM32F4xx_HAL_Driver/Inc/stm32f4xx_ll_rcc.h ****   *         @arg @ref LL_RCC_PLLI2SDIVQ_DIV_8 (*)
2527:board/stm32f401rct6/Drivers/STM32F4xx_HAL_Driver/Inc/stm32f4xx_ll_rcc.h ****   *         @arg @ref LL_RCC_PLLI2SDIVQ_DIV_9 (*)
2528:board/stm32f401rct6/Drivers/STM32F4xx_HAL_Driver/Inc/stm32f4xx_ll_rcc.h ****   *         @arg @ref LL_RCC_PLLI2SDIVQ_DIV_10 (*)
2529:board/stm32f401rct6/Drivers/STM32F4xx_HAL_Driver/Inc/stm32f4xx_ll_rcc.h ****   *         @arg @ref LL_RCC_PLLI2SDIVQ_DIV_11 (*)
2530:board/stm32f401rct6/Drivers/STM32F4xx_HAL_Driver/Inc/stm32f4xx_ll_rcc.h ****   *         @arg @ref LL_RCC_PLLI2SDIVQ_DIV_12 (*)
2531:board/stm32f401rct6/Drivers/STM32F4xx_HAL_Driver/Inc/stm32f4xx_ll_rcc.h ****   *         @arg @ref LL_RCC_PLLI2SDIVQ_DIV_13 (*)
2532:board/stm32f401rct6/Drivers/STM32F4xx_HAL_Driver/Inc/stm32f4xx_ll_rcc.h ****   *         @arg @ref LL_RCC_PLLI2SDIVQ_DIV_14 (*)
2533:board/stm32f401rct6/Drivers/STM32F4xx_HAL_Driver/Inc/stm32f4xx_ll_rcc.h ****   *         @arg @ref LL_RCC_PLLI2SDIVQ_DIV_15 (*)
2534:board/stm32f401rct6/Drivers/STM32F4xx_HAL_Driver/Inc/stm32f4xx_ll_rcc.h ****   *         @arg @ref LL_RCC_PLLI2SDIVQ_DIV_16 (*)
2535:board/stm32f401rct6/Drivers/STM32F4xx_HAL_Driver/Inc/stm32f4xx_ll_rcc.h ****   *         @arg @ref LL_RCC_PLLI2SDIVQ_DIV_17 (*)
2536:board/stm32f401rct6/Drivers/STM32F4xx_HAL_Driver/Inc/stm32f4xx_ll_rcc.h ****   *         @arg @ref LL_RCC_PLLI2SDIVQ_DIV_18 (*)
2537:board/stm32f401rct6/Drivers/STM32F4xx_HAL_Driver/Inc/stm32f4xx_ll_rcc.h ****   *         @arg @ref LL_RCC_PLLI2SDIVQ_DIV_19 (*)
2538:board/stm32f401rct6/Drivers/STM32F4xx_HAL_Driver/Inc/stm32f4xx_ll_rcc.h ****   *         @arg @ref LL_RCC_PLLI2SDIVQ_DIV_20 (*)
2539:board/stm32f401rct6/Drivers/STM32F4xx_HAL_Driver/Inc/stm32f4xx_ll_rcc.h ****   *         @arg @ref LL_RCC_PLLI2SDIVQ_DIV_21 (*)
2540:board/stm32f401rct6/Drivers/STM32F4xx_HAL_Driver/Inc/stm32f4xx_ll_rcc.h ****   *         @arg @ref LL_RCC_PLLI2SDIVQ_DIV_22 (*)
2541:board/stm32f401rct6/Drivers/STM32F4xx_HAL_Driver/Inc/stm32f4xx_ll_rcc.h ****   *         @arg @ref LL_RCC_PLLI2SDIVQ_DIV_23 (*)
2542:board/stm32f401rct6/Drivers/STM32F4xx_HAL_Driver/Inc/stm32f4xx_ll_rcc.h ****   *         @arg @ref LL_RCC_PLLI2SDIVQ_DIV_24 (*)
2543:board/stm32f401rct6/Drivers/STM32F4xx_HAL_Driver/Inc/stm32f4xx_ll_rcc.h ****   *         @arg @ref LL_RCC_PLLI2SDIVQ_DIV_25 (*)
2544:board/stm32f401rct6/Drivers/STM32F4xx_HAL_Driver/Inc/stm32f4xx_ll_rcc.h ****   *         @arg @ref LL_RCC_PLLI2SDIVQ_DIV_26 (*)
2545:board/stm32f401rct6/Drivers/STM32F4xx_HAL_Driver/Inc/stm32f4xx_ll_rcc.h ****   *         @arg @ref LL_RCC_PLLI2SDIVQ_DIV_27 (*)
2546:board/stm32f401rct6/Drivers/STM32F4xx_HAL_Driver/Inc/stm32f4xx_ll_rcc.h ****   *         @arg @ref LL_RCC_PLLI2SDIVQ_DIV_28 (*)
2547:board/stm32f401rct6/Drivers/STM32F4xx_HAL_Driver/Inc/stm32f4xx_ll_rcc.h ****   *         @arg @ref LL_RCC_PLLI2SDIVQ_DIV_29 (*)
2548:board/stm32f401rct6/Drivers/STM32F4xx_HAL_Driver/Inc/stm32f4xx_ll_rcc.h ****   *         @arg @ref LL_RCC_PLLI2SDIVQ_DIV_30 (*)
2549:board/stm32f401rct6/Drivers/STM32F4xx_HAL_Driver/Inc/stm32f4xx_ll_rcc.h ****   *         @arg @ref LL_RCC_PLLI2SDIVQ_DIV_31 (*)
2550:board/stm32f401rct6/Drivers/STM32F4xx_HAL_Driver/Inc/stm32f4xx_ll_rcc.h ****   *         @arg @ref LL_RCC_PLLI2SDIVQ_DIV_32 (*)
2551:board/stm32f401rct6/Drivers/STM32F4xx_HAL_Driver/Inc/stm32f4xx_ll_rcc.h ****   *         @arg @ref LL_RCC_PLLI2SDIVR_DIV_1 (*)
2552:board/stm32f401rct6/Drivers/STM32F4xx_HAL_Driver/Inc/stm32f4xx_ll_rcc.h ****   *         @arg @ref LL_RCC_PLLI2SDIVR_DIV_2 (*)
2553:board/stm32f401rct6/Drivers/STM32F4xx_HAL_Driver/Inc/stm32f4xx_ll_rcc.h ****   *         @arg @ref LL_RCC_PLLI2SDIVR_DIV_3 (*)
2554:board/stm32f401rct6/Drivers/STM32F4xx_HAL_Driver/Inc/stm32f4xx_ll_rcc.h ****   *         @arg @ref LL_RCC_PLLI2SDIVR_DIV_4 (*)
2555:board/stm32f401rct6/Drivers/STM32F4xx_HAL_Driver/Inc/stm32f4xx_ll_rcc.h ****   *         @arg @ref LL_RCC_PLLI2SDIVR_DIV_5 (*)
2556:board/stm32f401rct6/Drivers/STM32F4xx_HAL_Driver/Inc/stm32f4xx_ll_rcc.h ****   *         @arg @ref LL_RCC_PLLI2SDIVR_DIV_6 (*)
2557:board/stm32f401rct6/Drivers/STM32F4xx_HAL_Driver/Inc/stm32f4xx_ll_rcc.h ****   *         @arg @ref LL_RCC_PLLI2SDIVR_DIV_7 (*)
2558:board/stm32f401rct6/Drivers/STM32F4xx_HAL_Driver/Inc/stm32f4xx_ll_rcc.h ****   *         @arg @ref LL_RCC_PLLI2SDIVR_DIV_8 (*)
2559:board/stm32f401rct6/Drivers/STM32F4xx_HAL_Driver/Inc/stm32f4xx_ll_rcc.h ****   *         @arg @ref LL_RCC_PLLI2SDIVR_DIV_9 (*)
2560:board/stm32f401rct6/Drivers/STM32F4xx_HAL_Driver/Inc/stm32f4xx_ll_rcc.h ****   *         @arg @ref LL_RCC_PLLI2SDIVR_DIV_10 (*)
2561:board/stm32f401rct6/Drivers/STM32F4xx_HAL_Driver/Inc/stm32f4xx_ll_rcc.h ****   *         @arg @ref LL_RCC_PLLI2SDIVR_DIV_11 (*)
2562:board/stm32f401rct6/Drivers/STM32F4xx_HAL_Driver/Inc/stm32f4xx_ll_rcc.h ****   *         @arg @ref LL_RCC_PLLI2SDIVR_DIV_12 (*)
2563:board/stm32f401rct6/Drivers/STM32F4xx_HAL_Driver/Inc/stm32f4xx_ll_rcc.h ****   *         @arg @ref LL_RCC_PLLI2SDIVR_DIV_13 (*)
2564:board/stm32f401rct6/Drivers/STM32F4xx_HAL_Driver/Inc/stm32f4xx_ll_rcc.h ****   *         @arg @ref LL_RCC_PLLI2SDIVR_DIV_14 (*)
ARM GAS  C:\Users\Admin\AppData\Local\Temp\ccHMtLfr.s 			page 50


2565:board/stm32f401rct6/Drivers/STM32F4xx_HAL_Driver/Inc/stm32f4xx_ll_rcc.h ****   *         @arg @ref LL_RCC_PLLI2SDIVR_DIV_15 (*)
2566:board/stm32f401rct6/Drivers/STM32F4xx_HAL_Driver/Inc/stm32f4xx_ll_rcc.h ****   *         @arg @ref LL_RCC_PLLI2SDIVR_DIV_16 (*)
2567:board/stm32f401rct6/Drivers/STM32F4xx_HAL_Driver/Inc/stm32f4xx_ll_rcc.h ****   *         @arg @ref LL_RCC_PLLI2SDIVR_DIV_17 (*)
2568:board/stm32f401rct6/Drivers/STM32F4xx_HAL_Driver/Inc/stm32f4xx_ll_rcc.h ****   *         @arg @ref LL_RCC_PLLI2SDIVR_DIV_18 (*)
2569:board/stm32f401rct6/Drivers/STM32F4xx_HAL_Driver/Inc/stm32f4xx_ll_rcc.h ****   *         @arg @ref LL_RCC_PLLI2SDIVR_DIV_19 (*)
2570:board/stm32f401rct6/Drivers/STM32F4xx_HAL_Driver/Inc/stm32f4xx_ll_rcc.h ****   *         @arg @ref LL_RCC_PLLI2SDIVR_DIV_20 (*)
2571:board/stm32f401rct6/Drivers/STM32F4xx_HAL_Driver/Inc/stm32f4xx_ll_rcc.h ****   *         @arg @ref LL_RCC_PLLI2SDIVR_DIV_21 (*)
2572:board/stm32f401rct6/Drivers/STM32F4xx_HAL_Driver/Inc/stm32f4xx_ll_rcc.h ****   *         @arg @ref LL_RCC_PLLI2SDIVR_DIV_22 (*)
2573:board/stm32f401rct6/Drivers/STM32F4xx_HAL_Driver/Inc/stm32f4xx_ll_rcc.h ****   *         @arg @ref LL_RCC_PLLI2SDIVR_DIV_23 (*)
2574:board/stm32f401rct6/Drivers/STM32F4xx_HAL_Driver/Inc/stm32f4xx_ll_rcc.h ****   *         @arg @ref LL_RCC_PLLI2SDIVR_DIV_24 (*)
2575:board/stm32f401rct6/Drivers/STM32F4xx_HAL_Driver/Inc/stm32f4xx_ll_rcc.h ****   *         @arg @ref LL_RCC_PLLI2SDIVR_DIV_25 (*)
2576:board/stm32f401rct6/Drivers/STM32F4xx_HAL_Driver/Inc/stm32f4xx_ll_rcc.h ****   *         @arg @ref LL_RCC_PLLI2SDIVR_DIV_26 (*)
2577:board/stm32f401rct6/Drivers/STM32F4xx_HAL_Driver/Inc/stm32f4xx_ll_rcc.h ****   *         @arg @ref LL_RCC_PLLI2SDIVR_DIV_27 (*)
2578:board/stm32f401rct6/Drivers/STM32F4xx_HAL_Driver/Inc/stm32f4xx_ll_rcc.h ****   *         @arg @ref LL_RCC_PLLI2SDIVR_DIV_28 (*)
2579:board/stm32f401rct6/Drivers/STM32F4xx_HAL_Driver/Inc/stm32f4xx_ll_rcc.h ****   *         @arg @ref LL_RCC_PLLI2SDIVR_DIV_29 (*)
2580:board/stm32f401rct6/Drivers/STM32F4xx_HAL_Driver/Inc/stm32f4xx_ll_rcc.h ****   *         @arg @ref LL_RCC_PLLI2SDIVR_DIV_30 (*)
2581:board/stm32f401rct6/Drivers/STM32F4xx_HAL_Driver/Inc/stm32f4xx_ll_rcc.h ****   *         @arg @ref LL_RCC_PLLI2SDIVR_DIV_31 (*)
2582:board/stm32f401rct6/Drivers/STM32F4xx_HAL_Driver/Inc/stm32f4xx_ll_rcc.h ****   *
2583:board/stm32f401rct6/Drivers/STM32F4xx_HAL_Driver/Inc/stm32f4xx_ll_rcc.h ****   *         (*) value not defined in all devices.
2584:board/stm32f401rct6/Drivers/STM32F4xx_HAL_Driver/Inc/stm32f4xx_ll_rcc.h ****   * @retval PLLI2S clock frequency (in Hz)
2585:board/stm32f401rct6/Drivers/STM32F4xx_HAL_Driver/Inc/stm32f4xx_ll_rcc.h ****   */
2586:board/stm32f401rct6/Drivers/STM32F4xx_HAL_Driver/Inc/stm32f4xx_ll_rcc.h **** #if defined(RCC_DCKCFGR_PLLI2SDIVQ)
2587:board/stm32f401rct6/Drivers/STM32F4xx_HAL_Driver/Inc/stm32f4xx_ll_rcc.h **** #define __LL_RCC_CALC_PLLI2S_SAI_FREQ(__INPUTFREQ__, __PLLM__, __PLLI2SN__, __PLLI2SQ_R__, __PLLI2S
2588:board/stm32f401rct6/Drivers/STM32F4xx_HAL_Driver/Inc/stm32f4xx_ll_rcc.h ****     (((__PLLI2SQ_R__) >> RCC_PLLI2SCFGR_PLLI2SQ_Pos) * (((__PLLI2SDIVQ_R__) >> RCC_DCKCFGR_PLLI2SDI
2589:board/stm32f401rct6/Drivers/STM32F4xx_HAL_Driver/Inc/stm32f4xx_ll_rcc.h **** #else
2590:board/stm32f401rct6/Drivers/STM32F4xx_HAL_Driver/Inc/stm32f4xx_ll_rcc.h **** #define __LL_RCC_CALC_PLLI2S_SAI_FREQ(__INPUTFREQ__, __PLLM__, __PLLI2SN__, __PLLI2SQ_R__, __PLLI2S
2591:board/stm32f401rct6/Drivers/STM32F4xx_HAL_Driver/Inc/stm32f4xx_ll_rcc.h ****     (((__PLLI2SQ_R__) >> RCC_PLLI2SCFGR_PLLI2SR_Pos) * ((__PLLI2SDIVQ_R__) >> RCC_DCKCFGR_PLLI2SDIV
2592:board/stm32f401rct6/Drivers/STM32F4xx_HAL_Driver/Inc/stm32f4xx_ll_rcc.h **** 
2593:board/stm32f401rct6/Drivers/STM32F4xx_HAL_Driver/Inc/stm32f4xx_ll_rcc.h **** #endif /* RCC_DCKCFGR_PLLI2SDIVQ */
2594:board/stm32f401rct6/Drivers/STM32F4xx_HAL_Driver/Inc/stm32f4xx_ll_rcc.h **** #endif /* RCC_DCKCFGR_PLLI2SDIVQ || RCC_DCKCFGR_PLLI2SDIVR */
2595:board/stm32f401rct6/Drivers/STM32F4xx_HAL_Driver/Inc/stm32f4xx_ll_rcc.h **** 
2596:board/stm32f401rct6/Drivers/STM32F4xx_HAL_Driver/Inc/stm32f4xx_ll_rcc.h **** #if defined(SPDIFRX)
2597:board/stm32f401rct6/Drivers/STM32F4xx_HAL_Driver/Inc/stm32f4xx_ll_rcc.h **** /**
2598:board/stm32f401rct6/Drivers/STM32F4xx_HAL_Driver/Inc/stm32f4xx_ll_rcc.h ****   * @brief  Helper macro to calculate the PLLI2S frequency used on SPDIFRX domain
2599:board/stm32f401rct6/Drivers/STM32F4xx_HAL_Driver/Inc/stm32f4xx_ll_rcc.h ****   * @note ex: @ref __LL_RCC_CALC_PLLI2S_SPDIFRX_FREQ (HSE_VALUE,@ref LL_RCC_PLLI2S_GetDivider (),
2600:board/stm32f401rct6/Drivers/STM32F4xx_HAL_Driver/Inc/stm32f4xx_ll_rcc.h ****   *             @ref LL_RCC_PLLI2S_GetN (), @ref LL_RCC_PLLI2S_GetP ());
2601:board/stm32f401rct6/Drivers/STM32F4xx_HAL_Driver/Inc/stm32f4xx_ll_rcc.h ****   * @param  __INPUTFREQ__ PLL Input frequency (based on HSE/HSI)
2602:board/stm32f401rct6/Drivers/STM32F4xx_HAL_Driver/Inc/stm32f4xx_ll_rcc.h ****   * @param  __PLLM__ This parameter can be one of the following values:
2603:board/stm32f401rct6/Drivers/STM32F4xx_HAL_Driver/Inc/stm32f4xx_ll_rcc.h ****   *         @arg @ref LL_RCC_PLLI2SM_DIV_2
2604:board/stm32f401rct6/Drivers/STM32F4xx_HAL_Driver/Inc/stm32f4xx_ll_rcc.h ****   *         @arg @ref LL_RCC_PLLI2SM_DIV_3
2605:board/stm32f401rct6/Drivers/STM32F4xx_HAL_Driver/Inc/stm32f4xx_ll_rcc.h ****   *         @arg @ref LL_RCC_PLLI2SM_DIV_4
2606:board/stm32f401rct6/Drivers/STM32F4xx_HAL_Driver/Inc/stm32f4xx_ll_rcc.h ****   *         @arg @ref LL_RCC_PLLI2SM_DIV_5
2607:board/stm32f401rct6/Drivers/STM32F4xx_HAL_Driver/Inc/stm32f4xx_ll_rcc.h ****   *         @arg @ref LL_RCC_PLLI2SM_DIV_6
2608:board/stm32f401rct6/Drivers/STM32F4xx_HAL_Driver/Inc/stm32f4xx_ll_rcc.h ****   *         @arg @ref LL_RCC_PLLI2SM_DIV_7
2609:board/stm32f401rct6/Drivers/STM32F4xx_HAL_Driver/Inc/stm32f4xx_ll_rcc.h ****   *         @arg @ref LL_RCC_PLLI2SM_DIV_8
2610:board/stm32f401rct6/Drivers/STM32F4xx_HAL_Driver/Inc/stm32f4xx_ll_rcc.h ****   *         @arg @ref LL_RCC_PLLI2SM_DIV_9
2611:board/stm32f401rct6/Drivers/STM32F4xx_HAL_Driver/Inc/stm32f4xx_ll_rcc.h ****   *         @arg @ref LL_RCC_PLLI2SM_DIV_10
2612:board/stm32f401rct6/Drivers/STM32F4xx_HAL_Driver/Inc/stm32f4xx_ll_rcc.h ****   *         @arg @ref LL_RCC_PLLI2SM_DIV_11
2613:board/stm32f401rct6/Drivers/STM32F4xx_HAL_Driver/Inc/stm32f4xx_ll_rcc.h ****   *         @arg @ref LL_RCC_PLLI2SM_DIV_12
2614:board/stm32f401rct6/Drivers/STM32F4xx_HAL_Driver/Inc/stm32f4xx_ll_rcc.h ****   *         @arg @ref LL_RCC_PLLI2SM_DIV_13
2615:board/stm32f401rct6/Drivers/STM32F4xx_HAL_Driver/Inc/stm32f4xx_ll_rcc.h ****   *         @arg @ref LL_RCC_PLLI2SM_DIV_14
2616:board/stm32f401rct6/Drivers/STM32F4xx_HAL_Driver/Inc/stm32f4xx_ll_rcc.h ****   *         @arg @ref LL_RCC_PLLI2SM_DIV_15
2617:board/stm32f401rct6/Drivers/STM32F4xx_HAL_Driver/Inc/stm32f4xx_ll_rcc.h ****   *         @arg @ref LL_RCC_PLLI2SM_DIV_16
2618:board/stm32f401rct6/Drivers/STM32F4xx_HAL_Driver/Inc/stm32f4xx_ll_rcc.h ****   *         @arg @ref LL_RCC_PLLI2SM_DIV_17
2619:board/stm32f401rct6/Drivers/STM32F4xx_HAL_Driver/Inc/stm32f4xx_ll_rcc.h ****   *         @arg @ref LL_RCC_PLLI2SM_DIV_18
2620:board/stm32f401rct6/Drivers/STM32F4xx_HAL_Driver/Inc/stm32f4xx_ll_rcc.h ****   *         @arg @ref LL_RCC_PLLI2SM_DIV_19
2621:board/stm32f401rct6/Drivers/STM32F4xx_HAL_Driver/Inc/stm32f4xx_ll_rcc.h ****   *         @arg @ref LL_RCC_PLLI2SM_DIV_20
ARM GAS  C:\Users\Admin\AppData\Local\Temp\ccHMtLfr.s 			page 51


2622:board/stm32f401rct6/Drivers/STM32F4xx_HAL_Driver/Inc/stm32f4xx_ll_rcc.h ****   *         @arg @ref LL_RCC_PLLI2SM_DIV_21
2623:board/stm32f401rct6/Drivers/STM32F4xx_HAL_Driver/Inc/stm32f4xx_ll_rcc.h ****   *         @arg @ref LL_RCC_PLLI2SM_DIV_22
2624:board/stm32f401rct6/Drivers/STM32F4xx_HAL_Driver/Inc/stm32f4xx_ll_rcc.h ****   *         @arg @ref LL_RCC_PLLI2SM_DIV_23
2625:board/stm32f401rct6/Drivers/STM32F4xx_HAL_Driver/Inc/stm32f4xx_ll_rcc.h ****   *         @arg @ref LL_RCC_PLLI2SM_DIV_24
2626:board/stm32f401rct6/Drivers/STM32F4xx_HAL_Driver/Inc/stm32f4xx_ll_rcc.h ****   *         @arg @ref LL_RCC_PLLI2SM_DIV_25
2627:board/stm32f401rct6/Drivers/STM32F4xx_HAL_Driver/Inc/stm32f4xx_ll_rcc.h ****   *         @arg @ref LL_RCC_PLLI2SM_DIV_26
2628:board/stm32f401rct6/Drivers/STM32F4xx_HAL_Driver/Inc/stm32f4xx_ll_rcc.h ****   *         @arg @ref LL_RCC_PLLI2SM_DIV_27
2629:board/stm32f401rct6/Drivers/STM32F4xx_HAL_Driver/Inc/stm32f4xx_ll_rcc.h ****   *         @arg @ref LL_RCC_PLLI2SM_DIV_28
2630:board/stm32f401rct6/Drivers/STM32F4xx_HAL_Driver/Inc/stm32f4xx_ll_rcc.h ****   *         @arg @ref LL_RCC_PLLI2SM_DIV_29
2631:board/stm32f401rct6/Drivers/STM32F4xx_HAL_Driver/Inc/stm32f4xx_ll_rcc.h ****   *         @arg @ref LL_RCC_PLLI2SM_DIV_30
2632:board/stm32f401rct6/Drivers/STM32F4xx_HAL_Driver/Inc/stm32f4xx_ll_rcc.h ****   *         @arg @ref LL_RCC_PLLI2SM_DIV_31
2633:board/stm32f401rct6/Drivers/STM32F4xx_HAL_Driver/Inc/stm32f4xx_ll_rcc.h ****   *         @arg @ref LL_RCC_PLLI2SM_DIV_32
2634:board/stm32f401rct6/Drivers/STM32F4xx_HAL_Driver/Inc/stm32f4xx_ll_rcc.h ****   *         @arg @ref LL_RCC_PLLI2SM_DIV_33
2635:board/stm32f401rct6/Drivers/STM32F4xx_HAL_Driver/Inc/stm32f4xx_ll_rcc.h ****   *         @arg @ref LL_RCC_PLLI2SM_DIV_34
2636:board/stm32f401rct6/Drivers/STM32F4xx_HAL_Driver/Inc/stm32f4xx_ll_rcc.h ****   *         @arg @ref LL_RCC_PLLI2SM_DIV_35
2637:board/stm32f401rct6/Drivers/STM32F4xx_HAL_Driver/Inc/stm32f4xx_ll_rcc.h ****   *         @arg @ref LL_RCC_PLLI2SM_DIV_36
2638:board/stm32f401rct6/Drivers/STM32F4xx_HAL_Driver/Inc/stm32f4xx_ll_rcc.h ****   *         @arg @ref LL_RCC_PLLI2SM_DIV_37
2639:board/stm32f401rct6/Drivers/STM32F4xx_HAL_Driver/Inc/stm32f4xx_ll_rcc.h ****   *         @arg @ref LL_RCC_PLLI2SM_DIV_38
2640:board/stm32f401rct6/Drivers/STM32F4xx_HAL_Driver/Inc/stm32f4xx_ll_rcc.h ****   *         @arg @ref LL_RCC_PLLI2SM_DIV_39
2641:board/stm32f401rct6/Drivers/STM32F4xx_HAL_Driver/Inc/stm32f4xx_ll_rcc.h ****   *         @arg @ref LL_RCC_PLLI2SM_DIV_40
2642:board/stm32f401rct6/Drivers/STM32F4xx_HAL_Driver/Inc/stm32f4xx_ll_rcc.h ****   *         @arg @ref LL_RCC_PLLI2SM_DIV_41
2643:board/stm32f401rct6/Drivers/STM32F4xx_HAL_Driver/Inc/stm32f4xx_ll_rcc.h ****   *         @arg @ref LL_RCC_PLLI2SM_DIV_42
2644:board/stm32f401rct6/Drivers/STM32F4xx_HAL_Driver/Inc/stm32f4xx_ll_rcc.h ****   *         @arg @ref LL_RCC_PLLI2SM_DIV_43
2645:board/stm32f401rct6/Drivers/STM32F4xx_HAL_Driver/Inc/stm32f4xx_ll_rcc.h ****   *         @arg @ref LL_RCC_PLLI2SM_DIV_44
2646:board/stm32f401rct6/Drivers/STM32F4xx_HAL_Driver/Inc/stm32f4xx_ll_rcc.h ****   *         @arg @ref LL_RCC_PLLI2SM_DIV_45
2647:board/stm32f401rct6/Drivers/STM32F4xx_HAL_Driver/Inc/stm32f4xx_ll_rcc.h ****   *         @arg @ref LL_RCC_PLLI2SM_DIV_46
2648:board/stm32f401rct6/Drivers/STM32F4xx_HAL_Driver/Inc/stm32f4xx_ll_rcc.h ****   *         @arg @ref LL_RCC_PLLI2SM_DIV_47
2649:board/stm32f401rct6/Drivers/STM32F4xx_HAL_Driver/Inc/stm32f4xx_ll_rcc.h ****   *         @arg @ref LL_RCC_PLLI2SM_DIV_48
2650:board/stm32f401rct6/Drivers/STM32F4xx_HAL_Driver/Inc/stm32f4xx_ll_rcc.h ****   *         @arg @ref LL_RCC_PLLI2SM_DIV_49
2651:board/stm32f401rct6/Drivers/STM32F4xx_HAL_Driver/Inc/stm32f4xx_ll_rcc.h ****   *         @arg @ref LL_RCC_PLLI2SM_DIV_50
2652:board/stm32f401rct6/Drivers/STM32F4xx_HAL_Driver/Inc/stm32f4xx_ll_rcc.h ****   *         @arg @ref LL_RCC_PLLI2SM_DIV_51
2653:board/stm32f401rct6/Drivers/STM32F4xx_HAL_Driver/Inc/stm32f4xx_ll_rcc.h ****   *         @arg @ref LL_RCC_PLLI2SM_DIV_52
2654:board/stm32f401rct6/Drivers/STM32F4xx_HAL_Driver/Inc/stm32f4xx_ll_rcc.h ****   *         @arg @ref LL_RCC_PLLI2SM_DIV_53
2655:board/stm32f401rct6/Drivers/STM32F4xx_HAL_Driver/Inc/stm32f4xx_ll_rcc.h ****   *         @arg @ref LL_RCC_PLLI2SM_DIV_54
2656:board/stm32f401rct6/Drivers/STM32F4xx_HAL_Driver/Inc/stm32f4xx_ll_rcc.h ****   *         @arg @ref LL_RCC_PLLI2SM_DIV_55
2657:board/stm32f401rct6/Drivers/STM32F4xx_HAL_Driver/Inc/stm32f4xx_ll_rcc.h ****   *         @arg @ref LL_RCC_PLLI2SM_DIV_56
2658:board/stm32f401rct6/Drivers/STM32F4xx_HAL_Driver/Inc/stm32f4xx_ll_rcc.h ****   *         @arg @ref LL_RCC_PLLI2SM_DIV_57
2659:board/stm32f401rct6/Drivers/STM32F4xx_HAL_Driver/Inc/stm32f4xx_ll_rcc.h ****   *         @arg @ref LL_RCC_PLLI2SM_DIV_58
2660:board/stm32f401rct6/Drivers/STM32F4xx_HAL_Driver/Inc/stm32f4xx_ll_rcc.h ****   *         @arg @ref LL_RCC_PLLI2SM_DIV_59
2661:board/stm32f401rct6/Drivers/STM32F4xx_HAL_Driver/Inc/stm32f4xx_ll_rcc.h ****   *         @arg @ref LL_RCC_PLLI2SM_DIV_60
2662:board/stm32f401rct6/Drivers/STM32F4xx_HAL_Driver/Inc/stm32f4xx_ll_rcc.h ****   *         @arg @ref LL_RCC_PLLI2SM_DIV_61
2663:board/stm32f401rct6/Drivers/STM32F4xx_HAL_Driver/Inc/stm32f4xx_ll_rcc.h ****   *         @arg @ref LL_RCC_PLLI2SM_DIV_62
2664:board/stm32f401rct6/Drivers/STM32F4xx_HAL_Driver/Inc/stm32f4xx_ll_rcc.h ****   *         @arg @ref LL_RCC_PLLI2SM_DIV_63
2665:board/stm32f401rct6/Drivers/STM32F4xx_HAL_Driver/Inc/stm32f4xx_ll_rcc.h ****   * @param  __PLLI2SN__ Between 50 and 432
2666:board/stm32f401rct6/Drivers/STM32F4xx_HAL_Driver/Inc/stm32f4xx_ll_rcc.h ****   * @param  __PLLI2SP__ This parameter can be one of the following values:
2667:board/stm32f401rct6/Drivers/STM32F4xx_HAL_Driver/Inc/stm32f4xx_ll_rcc.h ****   *         @arg @ref LL_RCC_PLLI2SP_DIV_2
2668:board/stm32f401rct6/Drivers/STM32F4xx_HAL_Driver/Inc/stm32f4xx_ll_rcc.h ****   *         @arg @ref LL_RCC_PLLI2SP_DIV_4
2669:board/stm32f401rct6/Drivers/STM32F4xx_HAL_Driver/Inc/stm32f4xx_ll_rcc.h ****   *         @arg @ref LL_RCC_PLLI2SP_DIV_6
2670:board/stm32f401rct6/Drivers/STM32F4xx_HAL_Driver/Inc/stm32f4xx_ll_rcc.h ****   *         @arg @ref LL_RCC_PLLI2SP_DIV_8
2671:board/stm32f401rct6/Drivers/STM32F4xx_HAL_Driver/Inc/stm32f4xx_ll_rcc.h ****   * @retval PLLI2S clock frequency (in Hz)
2672:board/stm32f401rct6/Drivers/STM32F4xx_HAL_Driver/Inc/stm32f4xx_ll_rcc.h ****   */
2673:board/stm32f401rct6/Drivers/STM32F4xx_HAL_Driver/Inc/stm32f4xx_ll_rcc.h **** #define __LL_RCC_CALC_PLLI2S_SPDIFRX_FREQ(__INPUTFREQ__, __PLLM__, __PLLI2SN__, __PLLI2SP__) (((__I
2674:board/stm32f401rct6/Drivers/STM32F4xx_HAL_Driver/Inc/stm32f4xx_ll_rcc.h ****     ((((__PLLI2SP__) >> RCC_PLLI2SCFGR_PLLI2SP_Pos) + 1U) * 2U))
2675:board/stm32f401rct6/Drivers/STM32F4xx_HAL_Driver/Inc/stm32f4xx_ll_rcc.h **** 
2676:board/stm32f401rct6/Drivers/STM32F4xx_HAL_Driver/Inc/stm32f4xx_ll_rcc.h **** #endif /* SPDIFRX */
2677:board/stm32f401rct6/Drivers/STM32F4xx_HAL_Driver/Inc/stm32f4xx_ll_rcc.h **** 
2678:board/stm32f401rct6/Drivers/STM32F4xx_HAL_Driver/Inc/stm32f4xx_ll_rcc.h **** /**
ARM GAS  C:\Users\Admin\AppData\Local\Temp\ccHMtLfr.s 			page 52


2679:board/stm32f401rct6/Drivers/STM32F4xx_HAL_Driver/Inc/stm32f4xx_ll_rcc.h ****   * @brief  Helper macro to calculate the PLLI2S frequency used for I2S domain
2680:board/stm32f401rct6/Drivers/STM32F4xx_HAL_Driver/Inc/stm32f4xx_ll_rcc.h ****   * @note ex: @ref __LL_RCC_CALC_PLLI2S_I2S_FREQ (HSE_VALUE,@ref LL_RCC_PLLI2S_GetDivider (),
2681:board/stm32f401rct6/Drivers/STM32F4xx_HAL_Driver/Inc/stm32f4xx_ll_rcc.h ****   *             @ref LL_RCC_PLLI2S_GetN (), @ref LL_RCC_PLLI2S_GetR ());
2682:board/stm32f401rct6/Drivers/STM32F4xx_HAL_Driver/Inc/stm32f4xx_ll_rcc.h ****   * @param  __INPUTFREQ__ PLL Input frequency (based on HSE/HSI)
2683:board/stm32f401rct6/Drivers/STM32F4xx_HAL_Driver/Inc/stm32f4xx_ll_rcc.h ****   * @param  __PLLM__ This parameter can be one of the following values:
2684:board/stm32f401rct6/Drivers/STM32F4xx_HAL_Driver/Inc/stm32f4xx_ll_rcc.h ****   *         @arg @ref LL_RCC_PLLI2SM_DIV_2
2685:board/stm32f401rct6/Drivers/STM32F4xx_HAL_Driver/Inc/stm32f4xx_ll_rcc.h ****   *         @arg @ref LL_RCC_PLLI2SM_DIV_3
2686:board/stm32f401rct6/Drivers/STM32F4xx_HAL_Driver/Inc/stm32f4xx_ll_rcc.h ****   *         @arg @ref LL_RCC_PLLI2SM_DIV_4
2687:board/stm32f401rct6/Drivers/STM32F4xx_HAL_Driver/Inc/stm32f4xx_ll_rcc.h ****   *         @arg @ref LL_RCC_PLLI2SM_DIV_5
2688:board/stm32f401rct6/Drivers/STM32F4xx_HAL_Driver/Inc/stm32f4xx_ll_rcc.h ****   *         @arg @ref LL_RCC_PLLI2SM_DIV_6
2689:board/stm32f401rct6/Drivers/STM32F4xx_HAL_Driver/Inc/stm32f4xx_ll_rcc.h ****   *         @arg @ref LL_RCC_PLLI2SM_DIV_7
2690:board/stm32f401rct6/Drivers/STM32F4xx_HAL_Driver/Inc/stm32f4xx_ll_rcc.h ****   *         @arg @ref LL_RCC_PLLI2SM_DIV_8
2691:board/stm32f401rct6/Drivers/STM32F4xx_HAL_Driver/Inc/stm32f4xx_ll_rcc.h ****   *         @arg @ref LL_RCC_PLLI2SM_DIV_9
2692:board/stm32f401rct6/Drivers/STM32F4xx_HAL_Driver/Inc/stm32f4xx_ll_rcc.h ****   *         @arg @ref LL_RCC_PLLI2SM_DIV_10
2693:board/stm32f401rct6/Drivers/STM32F4xx_HAL_Driver/Inc/stm32f4xx_ll_rcc.h ****   *         @arg @ref LL_RCC_PLLI2SM_DIV_11
2694:board/stm32f401rct6/Drivers/STM32F4xx_HAL_Driver/Inc/stm32f4xx_ll_rcc.h ****   *         @arg @ref LL_RCC_PLLI2SM_DIV_12
2695:board/stm32f401rct6/Drivers/STM32F4xx_HAL_Driver/Inc/stm32f4xx_ll_rcc.h ****   *         @arg @ref LL_RCC_PLLI2SM_DIV_13
2696:board/stm32f401rct6/Drivers/STM32F4xx_HAL_Driver/Inc/stm32f4xx_ll_rcc.h ****   *         @arg @ref LL_RCC_PLLI2SM_DIV_14
2697:board/stm32f401rct6/Drivers/STM32F4xx_HAL_Driver/Inc/stm32f4xx_ll_rcc.h ****   *         @arg @ref LL_RCC_PLLI2SM_DIV_15
2698:board/stm32f401rct6/Drivers/STM32F4xx_HAL_Driver/Inc/stm32f4xx_ll_rcc.h ****   *         @arg @ref LL_RCC_PLLI2SM_DIV_16
2699:board/stm32f401rct6/Drivers/STM32F4xx_HAL_Driver/Inc/stm32f4xx_ll_rcc.h ****   *         @arg @ref LL_RCC_PLLI2SM_DIV_17
2700:board/stm32f401rct6/Drivers/STM32F4xx_HAL_Driver/Inc/stm32f4xx_ll_rcc.h ****   *         @arg @ref LL_RCC_PLLI2SM_DIV_18
2701:board/stm32f401rct6/Drivers/STM32F4xx_HAL_Driver/Inc/stm32f4xx_ll_rcc.h ****   *         @arg @ref LL_RCC_PLLI2SM_DIV_19
2702:board/stm32f401rct6/Drivers/STM32F4xx_HAL_Driver/Inc/stm32f4xx_ll_rcc.h ****   *         @arg @ref LL_RCC_PLLI2SM_DIV_20
2703:board/stm32f401rct6/Drivers/STM32F4xx_HAL_Driver/Inc/stm32f4xx_ll_rcc.h ****   *         @arg @ref LL_RCC_PLLI2SM_DIV_21
2704:board/stm32f401rct6/Drivers/STM32F4xx_HAL_Driver/Inc/stm32f4xx_ll_rcc.h ****   *         @arg @ref LL_RCC_PLLI2SM_DIV_22
2705:board/stm32f401rct6/Drivers/STM32F4xx_HAL_Driver/Inc/stm32f4xx_ll_rcc.h ****   *         @arg @ref LL_RCC_PLLI2SM_DIV_23
2706:board/stm32f401rct6/Drivers/STM32F4xx_HAL_Driver/Inc/stm32f4xx_ll_rcc.h ****   *         @arg @ref LL_RCC_PLLI2SM_DIV_24
2707:board/stm32f401rct6/Drivers/STM32F4xx_HAL_Driver/Inc/stm32f4xx_ll_rcc.h ****   *         @arg @ref LL_RCC_PLLI2SM_DIV_25
2708:board/stm32f401rct6/Drivers/STM32F4xx_HAL_Driver/Inc/stm32f4xx_ll_rcc.h ****   *         @arg @ref LL_RCC_PLLI2SM_DIV_26
2709:board/stm32f401rct6/Drivers/STM32F4xx_HAL_Driver/Inc/stm32f4xx_ll_rcc.h ****   *         @arg @ref LL_RCC_PLLI2SM_DIV_27
2710:board/stm32f401rct6/Drivers/STM32F4xx_HAL_Driver/Inc/stm32f4xx_ll_rcc.h ****   *         @arg @ref LL_RCC_PLLI2SM_DIV_28
2711:board/stm32f401rct6/Drivers/STM32F4xx_HAL_Driver/Inc/stm32f4xx_ll_rcc.h ****   *         @arg @ref LL_RCC_PLLI2SM_DIV_29
2712:board/stm32f401rct6/Drivers/STM32F4xx_HAL_Driver/Inc/stm32f4xx_ll_rcc.h ****   *         @arg @ref LL_RCC_PLLI2SM_DIV_30
2713:board/stm32f401rct6/Drivers/STM32F4xx_HAL_Driver/Inc/stm32f4xx_ll_rcc.h ****   *         @arg @ref LL_RCC_PLLI2SM_DIV_31
2714:board/stm32f401rct6/Drivers/STM32F4xx_HAL_Driver/Inc/stm32f4xx_ll_rcc.h ****   *         @arg @ref LL_RCC_PLLI2SM_DIV_32
2715:board/stm32f401rct6/Drivers/STM32F4xx_HAL_Driver/Inc/stm32f4xx_ll_rcc.h ****   *         @arg @ref LL_RCC_PLLI2SM_DIV_33
2716:board/stm32f401rct6/Drivers/STM32F4xx_HAL_Driver/Inc/stm32f4xx_ll_rcc.h ****   *         @arg @ref LL_RCC_PLLI2SM_DIV_34
2717:board/stm32f401rct6/Drivers/STM32F4xx_HAL_Driver/Inc/stm32f4xx_ll_rcc.h ****   *         @arg @ref LL_RCC_PLLI2SM_DIV_35
2718:board/stm32f401rct6/Drivers/STM32F4xx_HAL_Driver/Inc/stm32f4xx_ll_rcc.h ****   *         @arg @ref LL_RCC_PLLI2SM_DIV_36
2719:board/stm32f401rct6/Drivers/STM32F4xx_HAL_Driver/Inc/stm32f4xx_ll_rcc.h ****   *         @arg @ref LL_RCC_PLLI2SM_DIV_37
2720:board/stm32f401rct6/Drivers/STM32F4xx_HAL_Driver/Inc/stm32f4xx_ll_rcc.h ****   *         @arg @ref LL_RCC_PLLI2SM_DIV_38
2721:board/stm32f401rct6/Drivers/STM32F4xx_HAL_Driver/Inc/stm32f4xx_ll_rcc.h ****   *         @arg @ref LL_RCC_PLLI2SM_DIV_39
2722:board/stm32f401rct6/Drivers/STM32F4xx_HAL_Driver/Inc/stm32f4xx_ll_rcc.h ****   *         @arg @ref LL_RCC_PLLI2SM_DIV_40
2723:board/stm32f401rct6/Drivers/STM32F4xx_HAL_Driver/Inc/stm32f4xx_ll_rcc.h ****   *         @arg @ref LL_RCC_PLLI2SM_DIV_41
2724:board/stm32f401rct6/Drivers/STM32F4xx_HAL_Driver/Inc/stm32f4xx_ll_rcc.h ****   *         @arg @ref LL_RCC_PLLI2SM_DIV_42
2725:board/stm32f401rct6/Drivers/STM32F4xx_HAL_Driver/Inc/stm32f4xx_ll_rcc.h ****   *         @arg @ref LL_RCC_PLLI2SM_DIV_43
2726:board/stm32f401rct6/Drivers/STM32F4xx_HAL_Driver/Inc/stm32f4xx_ll_rcc.h ****   *         @arg @ref LL_RCC_PLLI2SM_DIV_44
2727:board/stm32f401rct6/Drivers/STM32F4xx_HAL_Driver/Inc/stm32f4xx_ll_rcc.h ****   *         @arg @ref LL_RCC_PLLI2SM_DIV_45
2728:board/stm32f401rct6/Drivers/STM32F4xx_HAL_Driver/Inc/stm32f4xx_ll_rcc.h ****   *         @arg @ref LL_RCC_PLLI2SM_DIV_46
2729:board/stm32f401rct6/Drivers/STM32F4xx_HAL_Driver/Inc/stm32f4xx_ll_rcc.h ****   *         @arg @ref LL_RCC_PLLI2SM_DIV_47
2730:board/stm32f401rct6/Drivers/STM32F4xx_HAL_Driver/Inc/stm32f4xx_ll_rcc.h ****   *         @arg @ref LL_RCC_PLLI2SM_DIV_48
2731:board/stm32f401rct6/Drivers/STM32F4xx_HAL_Driver/Inc/stm32f4xx_ll_rcc.h ****   *         @arg @ref LL_RCC_PLLI2SM_DIV_49
2732:board/stm32f401rct6/Drivers/STM32F4xx_HAL_Driver/Inc/stm32f4xx_ll_rcc.h ****   *         @arg @ref LL_RCC_PLLI2SM_DIV_50
2733:board/stm32f401rct6/Drivers/STM32F4xx_HAL_Driver/Inc/stm32f4xx_ll_rcc.h ****   *         @arg @ref LL_RCC_PLLI2SM_DIV_51
2734:board/stm32f401rct6/Drivers/STM32F4xx_HAL_Driver/Inc/stm32f4xx_ll_rcc.h ****   *         @arg @ref LL_RCC_PLLI2SM_DIV_52
2735:board/stm32f401rct6/Drivers/STM32F4xx_HAL_Driver/Inc/stm32f4xx_ll_rcc.h ****   *         @arg @ref LL_RCC_PLLI2SM_DIV_53
ARM GAS  C:\Users\Admin\AppData\Local\Temp\ccHMtLfr.s 			page 53


2736:board/stm32f401rct6/Drivers/STM32F4xx_HAL_Driver/Inc/stm32f4xx_ll_rcc.h ****   *         @arg @ref LL_RCC_PLLI2SM_DIV_54
2737:board/stm32f401rct6/Drivers/STM32F4xx_HAL_Driver/Inc/stm32f4xx_ll_rcc.h ****   *         @arg @ref LL_RCC_PLLI2SM_DIV_55
2738:board/stm32f401rct6/Drivers/STM32F4xx_HAL_Driver/Inc/stm32f4xx_ll_rcc.h ****   *         @arg @ref LL_RCC_PLLI2SM_DIV_56
2739:board/stm32f401rct6/Drivers/STM32F4xx_HAL_Driver/Inc/stm32f4xx_ll_rcc.h ****   *         @arg @ref LL_RCC_PLLI2SM_DIV_57
2740:board/stm32f401rct6/Drivers/STM32F4xx_HAL_Driver/Inc/stm32f4xx_ll_rcc.h ****   *         @arg @ref LL_RCC_PLLI2SM_DIV_58
2741:board/stm32f401rct6/Drivers/STM32F4xx_HAL_Driver/Inc/stm32f4xx_ll_rcc.h ****   *         @arg @ref LL_RCC_PLLI2SM_DIV_59
2742:board/stm32f401rct6/Drivers/STM32F4xx_HAL_Driver/Inc/stm32f4xx_ll_rcc.h ****   *         @arg @ref LL_RCC_PLLI2SM_DIV_60
2743:board/stm32f401rct6/Drivers/STM32F4xx_HAL_Driver/Inc/stm32f4xx_ll_rcc.h ****   *         @arg @ref LL_RCC_PLLI2SM_DIV_61
2744:board/stm32f401rct6/Drivers/STM32F4xx_HAL_Driver/Inc/stm32f4xx_ll_rcc.h ****   *         @arg @ref LL_RCC_PLLI2SM_DIV_62
2745:board/stm32f401rct6/Drivers/STM32F4xx_HAL_Driver/Inc/stm32f4xx_ll_rcc.h ****   *         @arg @ref LL_RCC_PLLI2SM_DIV_63
2746:board/stm32f401rct6/Drivers/STM32F4xx_HAL_Driver/Inc/stm32f4xx_ll_rcc.h ****   * @param  __PLLI2SN__ Between 50/192(*) and 432
2747:board/stm32f401rct6/Drivers/STM32F4xx_HAL_Driver/Inc/stm32f4xx_ll_rcc.h ****   *
2748:board/stm32f401rct6/Drivers/STM32F4xx_HAL_Driver/Inc/stm32f4xx_ll_rcc.h ****   *         (*) value not defined in all devices.
2749:board/stm32f401rct6/Drivers/STM32F4xx_HAL_Driver/Inc/stm32f4xx_ll_rcc.h ****   * @param  __PLLI2SR__ This parameter can be one of the following values:
2750:board/stm32f401rct6/Drivers/STM32F4xx_HAL_Driver/Inc/stm32f4xx_ll_rcc.h ****   *         @arg @ref LL_RCC_PLLI2SR_DIV_2
2751:board/stm32f401rct6/Drivers/STM32F4xx_HAL_Driver/Inc/stm32f4xx_ll_rcc.h ****   *         @arg @ref LL_RCC_PLLI2SR_DIV_3
2752:board/stm32f401rct6/Drivers/STM32F4xx_HAL_Driver/Inc/stm32f4xx_ll_rcc.h ****   *         @arg @ref LL_RCC_PLLI2SR_DIV_4
2753:board/stm32f401rct6/Drivers/STM32F4xx_HAL_Driver/Inc/stm32f4xx_ll_rcc.h ****   *         @arg @ref LL_RCC_PLLI2SR_DIV_5
2754:board/stm32f401rct6/Drivers/STM32F4xx_HAL_Driver/Inc/stm32f4xx_ll_rcc.h ****   *         @arg @ref LL_RCC_PLLI2SR_DIV_6
2755:board/stm32f401rct6/Drivers/STM32F4xx_HAL_Driver/Inc/stm32f4xx_ll_rcc.h ****   *         @arg @ref LL_RCC_PLLI2SR_DIV_7
2756:board/stm32f401rct6/Drivers/STM32F4xx_HAL_Driver/Inc/stm32f4xx_ll_rcc.h ****   * @retval PLLI2S clock frequency (in Hz)
2757:board/stm32f401rct6/Drivers/STM32F4xx_HAL_Driver/Inc/stm32f4xx_ll_rcc.h ****   */
2758:board/stm32f401rct6/Drivers/STM32F4xx_HAL_Driver/Inc/stm32f4xx_ll_rcc.h **** #define __LL_RCC_CALC_PLLI2S_I2S_FREQ(__INPUTFREQ__, __PLLM__, __PLLI2SN__, __PLLI2SR__) (((__INPUT
2759:board/stm32f401rct6/Drivers/STM32F4xx_HAL_Driver/Inc/stm32f4xx_ll_rcc.h ****     ((__PLLI2SR__) >> RCC_PLLI2SCFGR_PLLI2SR_Pos))
2760:board/stm32f401rct6/Drivers/STM32F4xx_HAL_Driver/Inc/stm32f4xx_ll_rcc.h **** 
2761:board/stm32f401rct6/Drivers/STM32F4xx_HAL_Driver/Inc/stm32f4xx_ll_rcc.h **** #if defined(RCC_PLLI2SCFGR_PLLI2SQ) && !defined(RCC_DCKCFGR_PLLI2SDIVQ)
2762:board/stm32f401rct6/Drivers/STM32F4xx_HAL_Driver/Inc/stm32f4xx_ll_rcc.h **** /**
2763:board/stm32f401rct6/Drivers/STM32F4xx_HAL_Driver/Inc/stm32f4xx_ll_rcc.h ****   * @brief  Helper macro to calculate the PLLI2S frequency used for 48Mhz domain
2764:board/stm32f401rct6/Drivers/STM32F4xx_HAL_Driver/Inc/stm32f4xx_ll_rcc.h ****   * @note ex: @ref __LL_RCC_CALC_PLLI2S_48M_FREQ (HSE_VALUE,@ref LL_RCC_PLLI2S_GetDivider (),
2765:board/stm32f401rct6/Drivers/STM32F4xx_HAL_Driver/Inc/stm32f4xx_ll_rcc.h ****   *             @ref LL_RCC_PLLI2S_GetN (), @ref LL_RCC_PLLI2S_GetQ ());
2766:board/stm32f401rct6/Drivers/STM32F4xx_HAL_Driver/Inc/stm32f4xx_ll_rcc.h ****   * @param  __INPUTFREQ__ PLL Input frequency (based on HSE/HSI)
2767:board/stm32f401rct6/Drivers/STM32F4xx_HAL_Driver/Inc/stm32f4xx_ll_rcc.h ****   * @param  __PLLM__ This parameter can be one of the following values:
2768:board/stm32f401rct6/Drivers/STM32F4xx_HAL_Driver/Inc/stm32f4xx_ll_rcc.h ****   *         @arg @ref LL_RCC_PLLI2SM_DIV_2
2769:board/stm32f401rct6/Drivers/STM32F4xx_HAL_Driver/Inc/stm32f4xx_ll_rcc.h ****   *         @arg @ref LL_RCC_PLLI2SM_DIV_3
2770:board/stm32f401rct6/Drivers/STM32F4xx_HAL_Driver/Inc/stm32f4xx_ll_rcc.h ****   *         @arg @ref LL_RCC_PLLI2SM_DIV_4
2771:board/stm32f401rct6/Drivers/STM32F4xx_HAL_Driver/Inc/stm32f4xx_ll_rcc.h ****   *         @arg @ref LL_RCC_PLLI2SM_DIV_5
2772:board/stm32f401rct6/Drivers/STM32F4xx_HAL_Driver/Inc/stm32f4xx_ll_rcc.h ****   *         @arg @ref LL_RCC_PLLI2SM_DIV_6
2773:board/stm32f401rct6/Drivers/STM32F4xx_HAL_Driver/Inc/stm32f4xx_ll_rcc.h ****   *         @arg @ref LL_RCC_PLLI2SM_DIV_7
2774:board/stm32f401rct6/Drivers/STM32F4xx_HAL_Driver/Inc/stm32f4xx_ll_rcc.h ****   *         @arg @ref LL_RCC_PLLI2SM_DIV_8
2775:board/stm32f401rct6/Drivers/STM32F4xx_HAL_Driver/Inc/stm32f4xx_ll_rcc.h ****   *         @arg @ref LL_RCC_PLLI2SM_DIV_9
2776:board/stm32f401rct6/Drivers/STM32F4xx_HAL_Driver/Inc/stm32f4xx_ll_rcc.h ****   *         @arg @ref LL_RCC_PLLI2SM_DIV_10
2777:board/stm32f401rct6/Drivers/STM32F4xx_HAL_Driver/Inc/stm32f4xx_ll_rcc.h ****   *         @arg @ref LL_RCC_PLLI2SM_DIV_11
2778:board/stm32f401rct6/Drivers/STM32F4xx_HAL_Driver/Inc/stm32f4xx_ll_rcc.h ****   *         @arg @ref LL_RCC_PLLI2SM_DIV_12
2779:board/stm32f401rct6/Drivers/STM32F4xx_HAL_Driver/Inc/stm32f4xx_ll_rcc.h ****   *         @arg @ref LL_RCC_PLLI2SM_DIV_13
2780:board/stm32f401rct6/Drivers/STM32F4xx_HAL_Driver/Inc/stm32f4xx_ll_rcc.h ****   *         @arg @ref LL_RCC_PLLI2SM_DIV_14
2781:board/stm32f401rct6/Drivers/STM32F4xx_HAL_Driver/Inc/stm32f4xx_ll_rcc.h ****   *         @arg @ref LL_RCC_PLLI2SM_DIV_15
2782:board/stm32f401rct6/Drivers/STM32F4xx_HAL_Driver/Inc/stm32f4xx_ll_rcc.h ****   *         @arg @ref LL_RCC_PLLI2SM_DIV_16
2783:board/stm32f401rct6/Drivers/STM32F4xx_HAL_Driver/Inc/stm32f4xx_ll_rcc.h ****   *         @arg @ref LL_RCC_PLLI2SM_DIV_17
2784:board/stm32f401rct6/Drivers/STM32F4xx_HAL_Driver/Inc/stm32f4xx_ll_rcc.h ****   *         @arg @ref LL_RCC_PLLI2SM_DIV_18
2785:board/stm32f401rct6/Drivers/STM32F4xx_HAL_Driver/Inc/stm32f4xx_ll_rcc.h ****   *         @arg @ref LL_RCC_PLLI2SM_DIV_19
2786:board/stm32f401rct6/Drivers/STM32F4xx_HAL_Driver/Inc/stm32f4xx_ll_rcc.h ****   *         @arg @ref LL_RCC_PLLI2SM_DIV_20
2787:board/stm32f401rct6/Drivers/STM32F4xx_HAL_Driver/Inc/stm32f4xx_ll_rcc.h ****   *         @arg @ref LL_RCC_PLLI2SM_DIV_21
2788:board/stm32f401rct6/Drivers/STM32F4xx_HAL_Driver/Inc/stm32f4xx_ll_rcc.h ****   *         @arg @ref LL_RCC_PLLI2SM_DIV_22
2789:board/stm32f401rct6/Drivers/STM32F4xx_HAL_Driver/Inc/stm32f4xx_ll_rcc.h ****   *         @arg @ref LL_RCC_PLLI2SM_DIV_23
2790:board/stm32f401rct6/Drivers/STM32F4xx_HAL_Driver/Inc/stm32f4xx_ll_rcc.h ****   *         @arg @ref LL_RCC_PLLI2SM_DIV_24
2791:board/stm32f401rct6/Drivers/STM32F4xx_HAL_Driver/Inc/stm32f4xx_ll_rcc.h ****   *         @arg @ref LL_RCC_PLLI2SM_DIV_25
2792:board/stm32f401rct6/Drivers/STM32F4xx_HAL_Driver/Inc/stm32f4xx_ll_rcc.h ****   *         @arg @ref LL_RCC_PLLI2SM_DIV_26
ARM GAS  C:\Users\Admin\AppData\Local\Temp\ccHMtLfr.s 			page 54


2793:board/stm32f401rct6/Drivers/STM32F4xx_HAL_Driver/Inc/stm32f4xx_ll_rcc.h ****   *         @arg @ref LL_RCC_PLLI2SM_DIV_27
2794:board/stm32f401rct6/Drivers/STM32F4xx_HAL_Driver/Inc/stm32f4xx_ll_rcc.h ****   *         @arg @ref LL_RCC_PLLI2SM_DIV_28
2795:board/stm32f401rct6/Drivers/STM32F4xx_HAL_Driver/Inc/stm32f4xx_ll_rcc.h ****   *         @arg @ref LL_RCC_PLLI2SM_DIV_29
2796:board/stm32f401rct6/Drivers/STM32F4xx_HAL_Driver/Inc/stm32f4xx_ll_rcc.h ****   *         @arg @ref LL_RCC_PLLI2SM_DIV_30
2797:board/stm32f401rct6/Drivers/STM32F4xx_HAL_Driver/Inc/stm32f4xx_ll_rcc.h ****   *         @arg @ref LL_RCC_PLLI2SM_DIV_31
2798:board/stm32f401rct6/Drivers/STM32F4xx_HAL_Driver/Inc/stm32f4xx_ll_rcc.h ****   *         @arg @ref LL_RCC_PLLI2SM_DIV_32
2799:board/stm32f401rct6/Drivers/STM32F4xx_HAL_Driver/Inc/stm32f4xx_ll_rcc.h ****   *         @arg @ref LL_RCC_PLLI2SM_DIV_33
2800:board/stm32f401rct6/Drivers/STM32F4xx_HAL_Driver/Inc/stm32f4xx_ll_rcc.h ****   *         @arg @ref LL_RCC_PLLI2SM_DIV_34
2801:board/stm32f401rct6/Drivers/STM32F4xx_HAL_Driver/Inc/stm32f4xx_ll_rcc.h ****   *         @arg @ref LL_RCC_PLLI2SM_DIV_35
2802:board/stm32f401rct6/Drivers/STM32F4xx_HAL_Driver/Inc/stm32f4xx_ll_rcc.h ****   *         @arg @ref LL_RCC_PLLI2SM_DIV_36
2803:board/stm32f401rct6/Drivers/STM32F4xx_HAL_Driver/Inc/stm32f4xx_ll_rcc.h ****   *         @arg @ref LL_RCC_PLLI2SM_DIV_37
2804:board/stm32f401rct6/Drivers/STM32F4xx_HAL_Driver/Inc/stm32f4xx_ll_rcc.h ****   *         @arg @ref LL_RCC_PLLI2SM_DIV_38
2805:board/stm32f401rct6/Drivers/STM32F4xx_HAL_Driver/Inc/stm32f4xx_ll_rcc.h ****   *         @arg @ref LL_RCC_PLLI2SM_DIV_39
2806:board/stm32f401rct6/Drivers/STM32F4xx_HAL_Driver/Inc/stm32f4xx_ll_rcc.h ****   *         @arg @ref LL_RCC_PLLI2SM_DIV_40
2807:board/stm32f401rct6/Drivers/STM32F4xx_HAL_Driver/Inc/stm32f4xx_ll_rcc.h ****   *         @arg @ref LL_RCC_PLLI2SM_DIV_41
2808:board/stm32f401rct6/Drivers/STM32F4xx_HAL_Driver/Inc/stm32f4xx_ll_rcc.h ****   *         @arg @ref LL_RCC_PLLI2SM_DIV_42
2809:board/stm32f401rct6/Drivers/STM32F4xx_HAL_Driver/Inc/stm32f4xx_ll_rcc.h ****   *         @arg @ref LL_RCC_PLLI2SM_DIV_43
2810:board/stm32f401rct6/Drivers/STM32F4xx_HAL_Driver/Inc/stm32f4xx_ll_rcc.h ****   *         @arg @ref LL_RCC_PLLI2SM_DIV_44
2811:board/stm32f401rct6/Drivers/STM32F4xx_HAL_Driver/Inc/stm32f4xx_ll_rcc.h ****   *         @arg @ref LL_RCC_PLLI2SM_DIV_45
2812:board/stm32f401rct6/Drivers/STM32F4xx_HAL_Driver/Inc/stm32f4xx_ll_rcc.h ****   *         @arg @ref LL_RCC_PLLI2SM_DIV_46
2813:board/stm32f401rct6/Drivers/STM32F4xx_HAL_Driver/Inc/stm32f4xx_ll_rcc.h ****   *         @arg @ref LL_RCC_PLLI2SM_DIV_47
2814:board/stm32f401rct6/Drivers/STM32F4xx_HAL_Driver/Inc/stm32f4xx_ll_rcc.h ****   *         @arg @ref LL_RCC_PLLI2SM_DIV_48
2815:board/stm32f401rct6/Drivers/STM32F4xx_HAL_Driver/Inc/stm32f4xx_ll_rcc.h ****   *         @arg @ref LL_RCC_PLLI2SM_DIV_49
2816:board/stm32f401rct6/Drivers/STM32F4xx_HAL_Driver/Inc/stm32f4xx_ll_rcc.h ****   *         @arg @ref LL_RCC_PLLI2SM_DIV_50
2817:board/stm32f401rct6/Drivers/STM32F4xx_HAL_Driver/Inc/stm32f4xx_ll_rcc.h ****   *         @arg @ref LL_RCC_PLLI2SM_DIV_51
2818:board/stm32f401rct6/Drivers/STM32F4xx_HAL_Driver/Inc/stm32f4xx_ll_rcc.h ****   *         @arg @ref LL_RCC_PLLI2SM_DIV_52
2819:board/stm32f401rct6/Drivers/STM32F4xx_HAL_Driver/Inc/stm32f4xx_ll_rcc.h ****   *         @arg @ref LL_RCC_PLLI2SM_DIV_53
2820:board/stm32f401rct6/Drivers/STM32F4xx_HAL_Driver/Inc/stm32f4xx_ll_rcc.h ****   *         @arg @ref LL_RCC_PLLI2SM_DIV_54
2821:board/stm32f401rct6/Drivers/STM32F4xx_HAL_Driver/Inc/stm32f4xx_ll_rcc.h ****   *         @arg @ref LL_RCC_PLLI2SM_DIV_55
2822:board/stm32f401rct6/Drivers/STM32F4xx_HAL_Driver/Inc/stm32f4xx_ll_rcc.h ****   *         @arg @ref LL_RCC_PLLI2SM_DIV_56
2823:board/stm32f401rct6/Drivers/STM32F4xx_HAL_Driver/Inc/stm32f4xx_ll_rcc.h ****   *         @arg @ref LL_RCC_PLLI2SM_DIV_57
2824:board/stm32f401rct6/Drivers/STM32F4xx_HAL_Driver/Inc/stm32f4xx_ll_rcc.h ****   *         @arg @ref LL_RCC_PLLI2SM_DIV_58
2825:board/stm32f401rct6/Drivers/STM32F4xx_HAL_Driver/Inc/stm32f4xx_ll_rcc.h ****   *         @arg @ref LL_RCC_PLLI2SM_DIV_59
2826:board/stm32f401rct6/Drivers/STM32F4xx_HAL_Driver/Inc/stm32f4xx_ll_rcc.h ****   *         @arg @ref LL_RCC_PLLI2SM_DIV_60
2827:board/stm32f401rct6/Drivers/STM32F4xx_HAL_Driver/Inc/stm32f4xx_ll_rcc.h ****   *         @arg @ref LL_RCC_PLLI2SM_DIV_61
2828:board/stm32f401rct6/Drivers/STM32F4xx_HAL_Driver/Inc/stm32f4xx_ll_rcc.h ****   *         @arg @ref LL_RCC_PLLI2SM_DIV_62
2829:board/stm32f401rct6/Drivers/STM32F4xx_HAL_Driver/Inc/stm32f4xx_ll_rcc.h ****   *         @arg @ref LL_RCC_PLLI2SM_DIV_63
2830:board/stm32f401rct6/Drivers/STM32F4xx_HAL_Driver/Inc/stm32f4xx_ll_rcc.h ****   * @param  __PLLI2SN__ Between 50 and 432
2831:board/stm32f401rct6/Drivers/STM32F4xx_HAL_Driver/Inc/stm32f4xx_ll_rcc.h ****   * @param  __PLLI2SQ__ This parameter can be one of the following values:
2832:board/stm32f401rct6/Drivers/STM32F4xx_HAL_Driver/Inc/stm32f4xx_ll_rcc.h ****   *         @arg @ref LL_RCC_PLLI2SQ_DIV_2
2833:board/stm32f401rct6/Drivers/STM32F4xx_HAL_Driver/Inc/stm32f4xx_ll_rcc.h ****   *         @arg @ref LL_RCC_PLLI2SQ_DIV_3
2834:board/stm32f401rct6/Drivers/STM32F4xx_HAL_Driver/Inc/stm32f4xx_ll_rcc.h ****   *         @arg @ref LL_RCC_PLLI2SQ_DIV_4
2835:board/stm32f401rct6/Drivers/STM32F4xx_HAL_Driver/Inc/stm32f4xx_ll_rcc.h ****   *         @arg @ref LL_RCC_PLLI2SQ_DIV_5
2836:board/stm32f401rct6/Drivers/STM32F4xx_HAL_Driver/Inc/stm32f4xx_ll_rcc.h ****   *         @arg @ref LL_RCC_PLLI2SQ_DIV_6
2837:board/stm32f401rct6/Drivers/STM32F4xx_HAL_Driver/Inc/stm32f4xx_ll_rcc.h ****   *         @arg @ref LL_RCC_PLLI2SQ_DIV_7
2838:board/stm32f401rct6/Drivers/STM32F4xx_HAL_Driver/Inc/stm32f4xx_ll_rcc.h ****   *         @arg @ref LL_RCC_PLLI2SQ_DIV_8
2839:board/stm32f401rct6/Drivers/STM32F4xx_HAL_Driver/Inc/stm32f4xx_ll_rcc.h ****   *         @arg @ref LL_RCC_PLLI2SQ_DIV_9
2840:board/stm32f401rct6/Drivers/STM32F4xx_HAL_Driver/Inc/stm32f4xx_ll_rcc.h ****   *         @arg @ref LL_RCC_PLLI2SQ_DIV_10
2841:board/stm32f401rct6/Drivers/STM32F4xx_HAL_Driver/Inc/stm32f4xx_ll_rcc.h ****   *         @arg @ref LL_RCC_PLLI2SQ_DIV_11
2842:board/stm32f401rct6/Drivers/STM32F4xx_HAL_Driver/Inc/stm32f4xx_ll_rcc.h ****   *         @arg @ref LL_RCC_PLLI2SQ_DIV_12
2843:board/stm32f401rct6/Drivers/STM32F4xx_HAL_Driver/Inc/stm32f4xx_ll_rcc.h ****   *         @arg @ref LL_RCC_PLLI2SQ_DIV_13
2844:board/stm32f401rct6/Drivers/STM32F4xx_HAL_Driver/Inc/stm32f4xx_ll_rcc.h ****   *         @arg @ref LL_RCC_PLLI2SQ_DIV_14
2845:board/stm32f401rct6/Drivers/STM32F4xx_HAL_Driver/Inc/stm32f4xx_ll_rcc.h ****   *         @arg @ref LL_RCC_PLLI2SQ_DIV_15
2846:board/stm32f401rct6/Drivers/STM32F4xx_HAL_Driver/Inc/stm32f4xx_ll_rcc.h ****   * @retval PLLI2S clock frequency (in Hz)
2847:board/stm32f401rct6/Drivers/STM32F4xx_HAL_Driver/Inc/stm32f4xx_ll_rcc.h ****   */
2848:board/stm32f401rct6/Drivers/STM32F4xx_HAL_Driver/Inc/stm32f4xx_ll_rcc.h **** #define __LL_RCC_CALC_PLLI2S_48M_FREQ(__INPUTFREQ__, __PLLM__, __PLLI2SN__, __PLLI2SQ__) (((__INPUT
2849:board/stm32f401rct6/Drivers/STM32F4xx_HAL_Driver/Inc/stm32f4xx_ll_rcc.h ****     ((__PLLI2SQ__) >> RCC_PLLI2SCFGR_PLLI2SQ_Pos))
ARM GAS  C:\Users\Admin\AppData\Local\Temp\ccHMtLfr.s 			page 55


2850:board/stm32f401rct6/Drivers/STM32F4xx_HAL_Driver/Inc/stm32f4xx_ll_rcc.h **** 
2851:board/stm32f401rct6/Drivers/STM32F4xx_HAL_Driver/Inc/stm32f4xx_ll_rcc.h **** #endif /* RCC_PLLI2SCFGR_PLLI2SQ && !RCC_DCKCFGR_PLLI2SDIVQ */
2852:board/stm32f401rct6/Drivers/STM32F4xx_HAL_Driver/Inc/stm32f4xx_ll_rcc.h **** #endif /* RCC_PLLI2S_SUPPORT */
2853:board/stm32f401rct6/Drivers/STM32F4xx_HAL_Driver/Inc/stm32f4xx_ll_rcc.h **** 
2854:board/stm32f401rct6/Drivers/STM32F4xx_HAL_Driver/Inc/stm32f4xx_ll_rcc.h **** /**
2855:board/stm32f401rct6/Drivers/STM32F4xx_HAL_Driver/Inc/stm32f4xx_ll_rcc.h ****   * @brief  Helper macro to calculate the HCLK frequency
2856:board/stm32f401rct6/Drivers/STM32F4xx_HAL_Driver/Inc/stm32f4xx_ll_rcc.h ****   * @param  __SYSCLKFREQ__ SYSCLK frequency (based on HSE/HSI/PLLCLK)
2857:board/stm32f401rct6/Drivers/STM32F4xx_HAL_Driver/Inc/stm32f4xx_ll_rcc.h ****   * @param  __AHBPRESCALER__ This parameter can be one of the following values:
2858:board/stm32f401rct6/Drivers/STM32F4xx_HAL_Driver/Inc/stm32f4xx_ll_rcc.h ****   *         @arg @ref LL_RCC_SYSCLK_DIV_1
2859:board/stm32f401rct6/Drivers/STM32F4xx_HAL_Driver/Inc/stm32f4xx_ll_rcc.h ****   *         @arg @ref LL_RCC_SYSCLK_DIV_2
2860:board/stm32f401rct6/Drivers/STM32F4xx_HAL_Driver/Inc/stm32f4xx_ll_rcc.h ****   *         @arg @ref LL_RCC_SYSCLK_DIV_4
2861:board/stm32f401rct6/Drivers/STM32F4xx_HAL_Driver/Inc/stm32f4xx_ll_rcc.h ****   *         @arg @ref LL_RCC_SYSCLK_DIV_8
2862:board/stm32f401rct6/Drivers/STM32F4xx_HAL_Driver/Inc/stm32f4xx_ll_rcc.h ****   *         @arg @ref LL_RCC_SYSCLK_DIV_16
2863:board/stm32f401rct6/Drivers/STM32F4xx_HAL_Driver/Inc/stm32f4xx_ll_rcc.h ****   *         @arg @ref LL_RCC_SYSCLK_DIV_64
2864:board/stm32f401rct6/Drivers/STM32F4xx_HAL_Driver/Inc/stm32f4xx_ll_rcc.h ****   *         @arg @ref LL_RCC_SYSCLK_DIV_128
2865:board/stm32f401rct6/Drivers/STM32F4xx_HAL_Driver/Inc/stm32f4xx_ll_rcc.h ****   *         @arg @ref LL_RCC_SYSCLK_DIV_256
2866:board/stm32f401rct6/Drivers/STM32F4xx_HAL_Driver/Inc/stm32f4xx_ll_rcc.h ****   *         @arg @ref LL_RCC_SYSCLK_DIV_512
2867:board/stm32f401rct6/Drivers/STM32F4xx_HAL_Driver/Inc/stm32f4xx_ll_rcc.h ****   * @retval HCLK clock frequency (in Hz)
2868:board/stm32f401rct6/Drivers/STM32F4xx_HAL_Driver/Inc/stm32f4xx_ll_rcc.h ****   */
2869:board/stm32f401rct6/Drivers/STM32F4xx_HAL_Driver/Inc/stm32f4xx_ll_rcc.h **** #define __LL_RCC_CALC_HCLK_FREQ(__SYSCLKFREQ__, __AHBPRESCALER__) ((__SYSCLKFREQ__) >> AHBPrescTabl
2870:board/stm32f401rct6/Drivers/STM32F4xx_HAL_Driver/Inc/stm32f4xx_ll_rcc.h ****                                                                    RCC_CFGR_HPRE) >>  RCC_CFGR_HPRE
2871:board/stm32f401rct6/Drivers/STM32F4xx_HAL_Driver/Inc/stm32f4xx_ll_rcc.h **** 
2872:board/stm32f401rct6/Drivers/STM32F4xx_HAL_Driver/Inc/stm32f4xx_ll_rcc.h **** /**
2873:board/stm32f401rct6/Drivers/STM32F4xx_HAL_Driver/Inc/stm32f4xx_ll_rcc.h ****   * @brief  Helper macro to calculate the PCLK1 frequency (ABP1)
2874:board/stm32f401rct6/Drivers/STM32F4xx_HAL_Driver/Inc/stm32f4xx_ll_rcc.h ****   * @param  __HCLKFREQ__ HCLK frequency
2875:board/stm32f401rct6/Drivers/STM32F4xx_HAL_Driver/Inc/stm32f4xx_ll_rcc.h ****   * @param  __APB1PRESCALER__ This parameter can be one of the following values:
2876:board/stm32f401rct6/Drivers/STM32F4xx_HAL_Driver/Inc/stm32f4xx_ll_rcc.h ****   *         @arg @ref LL_RCC_APB1_DIV_1
2877:board/stm32f401rct6/Drivers/STM32F4xx_HAL_Driver/Inc/stm32f4xx_ll_rcc.h ****   *         @arg @ref LL_RCC_APB1_DIV_2
2878:board/stm32f401rct6/Drivers/STM32F4xx_HAL_Driver/Inc/stm32f4xx_ll_rcc.h ****   *         @arg @ref LL_RCC_APB1_DIV_4
2879:board/stm32f401rct6/Drivers/STM32F4xx_HAL_Driver/Inc/stm32f4xx_ll_rcc.h ****   *         @arg @ref LL_RCC_APB1_DIV_8
2880:board/stm32f401rct6/Drivers/STM32F4xx_HAL_Driver/Inc/stm32f4xx_ll_rcc.h ****   *         @arg @ref LL_RCC_APB1_DIV_16
2881:board/stm32f401rct6/Drivers/STM32F4xx_HAL_Driver/Inc/stm32f4xx_ll_rcc.h ****   * @retval PCLK1 clock frequency (in Hz)
2882:board/stm32f401rct6/Drivers/STM32F4xx_HAL_Driver/Inc/stm32f4xx_ll_rcc.h ****   */
2883:board/stm32f401rct6/Drivers/STM32F4xx_HAL_Driver/Inc/stm32f4xx_ll_rcc.h **** #define __LL_RCC_CALC_PCLK1_FREQ(__HCLKFREQ__, __APB1PRESCALER__) ((__HCLKFREQ__) >> APBPrescTable[
2884:board/stm32f401rct6/Drivers/STM32F4xx_HAL_Driver/Inc/stm32f4xx_ll_rcc.h **** 
2885:board/stm32f401rct6/Drivers/STM32F4xx_HAL_Driver/Inc/stm32f4xx_ll_rcc.h **** /**
2886:board/stm32f401rct6/Drivers/STM32F4xx_HAL_Driver/Inc/stm32f4xx_ll_rcc.h ****   * @brief  Helper macro to calculate the PCLK2 frequency (ABP2)
2887:board/stm32f401rct6/Drivers/STM32F4xx_HAL_Driver/Inc/stm32f4xx_ll_rcc.h ****   * @param  __HCLKFREQ__ HCLK frequency
2888:board/stm32f401rct6/Drivers/STM32F4xx_HAL_Driver/Inc/stm32f4xx_ll_rcc.h ****   * @param  __APB2PRESCALER__ This parameter can be one of the following values:
2889:board/stm32f401rct6/Drivers/STM32F4xx_HAL_Driver/Inc/stm32f4xx_ll_rcc.h ****   *         @arg @ref LL_RCC_APB2_DIV_1
2890:board/stm32f401rct6/Drivers/STM32F4xx_HAL_Driver/Inc/stm32f4xx_ll_rcc.h ****   *         @arg @ref LL_RCC_APB2_DIV_2
2891:board/stm32f401rct6/Drivers/STM32F4xx_HAL_Driver/Inc/stm32f4xx_ll_rcc.h ****   *         @arg @ref LL_RCC_APB2_DIV_4
2892:board/stm32f401rct6/Drivers/STM32F4xx_HAL_Driver/Inc/stm32f4xx_ll_rcc.h ****   *         @arg @ref LL_RCC_APB2_DIV_8
2893:board/stm32f401rct6/Drivers/STM32F4xx_HAL_Driver/Inc/stm32f4xx_ll_rcc.h ****   *         @arg @ref LL_RCC_APB2_DIV_16
2894:board/stm32f401rct6/Drivers/STM32F4xx_HAL_Driver/Inc/stm32f4xx_ll_rcc.h ****   * @retval PCLK2 clock frequency (in Hz)
2895:board/stm32f401rct6/Drivers/STM32F4xx_HAL_Driver/Inc/stm32f4xx_ll_rcc.h ****   */
2896:board/stm32f401rct6/Drivers/STM32F4xx_HAL_Driver/Inc/stm32f4xx_ll_rcc.h **** #define __LL_RCC_CALC_PCLK2_FREQ(__HCLKFREQ__, __APB2PRESCALER__) ((__HCLKFREQ__) >> APBPrescTable[
2897:board/stm32f401rct6/Drivers/STM32F4xx_HAL_Driver/Inc/stm32f4xx_ll_rcc.h **** 
2898:board/stm32f401rct6/Drivers/STM32F4xx_HAL_Driver/Inc/stm32f4xx_ll_rcc.h **** /**
2899:board/stm32f401rct6/Drivers/STM32F4xx_HAL_Driver/Inc/stm32f4xx_ll_rcc.h ****   * @}
2900:board/stm32f401rct6/Drivers/STM32F4xx_HAL_Driver/Inc/stm32f4xx_ll_rcc.h ****   */
2901:board/stm32f401rct6/Drivers/STM32F4xx_HAL_Driver/Inc/stm32f4xx_ll_rcc.h **** 
2902:board/stm32f401rct6/Drivers/STM32F4xx_HAL_Driver/Inc/stm32f4xx_ll_rcc.h **** /**
2903:board/stm32f401rct6/Drivers/STM32F4xx_HAL_Driver/Inc/stm32f4xx_ll_rcc.h ****   * @}
2904:board/stm32f401rct6/Drivers/STM32F4xx_HAL_Driver/Inc/stm32f4xx_ll_rcc.h ****   */
2905:board/stm32f401rct6/Drivers/STM32F4xx_HAL_Driver/Inc/stm32f4xx_ll_rcc.h **** 
2906:board/stm32f401rct6/Drivers/STM32F4xx_HAL_Driver/Inc/stm32f4xx_ll_rcc.h **** /* Exported functions --------------------------------------------------------*/
ARM GAS  C:\Users\Admin\AppData\Local\Temp\ccHMtLfr.s 			page 56


2907:board/stm32f401rct6/Drivers/STM32F4xx_HAL_Driver/Inc/stm32f4xx_ll_rcc.h **** /** @defgroup RCC_LL_Exported_Functions RCC Exported Functions
2908:board/stm32f401rct6/Drivers/STM32F4xx_HAL_Driver/Inc/stm32f4xx_ll_rcc.h ****   * @{
2909:board/stm32f401rct6/Drivers/STM32F4xx_HAL_Driver/Inc/stm32f4xx_ll_rcc.h ****   */
2910:board/stm32f401rct6/Drivers/STM32F4xx_HAL_Driver/Inc/stm32f4xx_ll_rcc.h **** 
2911:board/stm32f401rct6/Drivers/STM32F4xx_HAL_Driver/Inc/stm32f4xx_ll_rcc.h **** /** @defgroup RCC_LL_EF_HSE HSE
2912:board/stm32f401rct6/Drivers/STM32F4xx_HAL_Driver/Inc/stm32f4xx_ll_rcc.h ****   * @{
2913:board/stm32f401rct6/Drivers/STM32F4xx_HAL_Driver/Inc/stm32f4xx_ll_rcc.h ****   */
2914:board/stm32f401rct6/Drivers/STM32F4xx_HAL_Driver/Inc/stm32f4xx_ll_rcc.h **** 
2915:board/stm32f401rct6/Drivers/STM32F4xx_HAL_Driver/Inc/stm32f4xx_ll_rcc.h **** /**
2916:board/stm32f401rct6/Drivers/STM32F4xx_HAL_Driver/Inc/stm32f4xx_ll_rcc.h ****   * @brief  Enable the Clock Security System.
2917:board/stm32f401rct6/Drivers/STM32F4xx_HAL_Driver/Inc/stm32f4xx_ll_rcc.h ****   * @rmtoll CR           CSSON         LL_RCC_HSE_EnableCSS
2918:board/stm32f401rct6/Drivers/STM32F4xx_HAL_Driver/Inc/stm32f4xx_ll_rcc.h ****   * @retval None
2919:board/stm32f401rct6/Drivers/STM32F4xx_HAL_Driver/Inc/stm32f4xx_ll_rcc.h ****   */
2920:board/stm32f401rct6/Drivers/STM32F4xx_HAL_Driver/Inc/stm32f4xx_ll_rcc.h **** __STATIC_INLINE void LL_RCC_HSE_EnableCSS(void)
2921:board/stm32f401rct6/Drivers/STM32F4xx_HAL_Driver/Inc/stm32f4xx_ll_rcc.h **** {
2922:board/stm32f401rct6/Drivers/STM32F4xx_HAL_Driver/Inc/stm32f4xx_ll_rcc.h ****   SET_BIT(RCC->CR, RCC_CR_CSSON);
2923:board/stm32f401rct6/Drivers/STM32F4xx_HAL_Driver/Inc/stm32f4xx_ll_rcc.h **** }
2924:board/stm32f401rct6/Drivers/STM32F4xx_HAL_Driver/Inc/stm32f4xx_ll_rcc.h **** 
2925:board/stm32f401rct6/Drivers/STM32F4xx_HAL_Driver/Inc/stm32f4xx_ll_rcc.h **** /**
2926:board/stm32f401rct6/Drivers/STM32F4xx_HAL_Driver/Inc/stm32f4xx_ll_rcc.h ****   * @brief  Enable HSE external oscillator (HSE Bypass)
2927:board/stm32f401rct6/Drivers/STM32F4xx_HAL_Driver/Inc/stm32f4xx_ll_rcc.h ****   * @rmtoll CR           HSEBYP        LL_RCC_HSE_EnableBypass
2928:board/stm32f401rct6/Drivers/STM32F4xx_HAL_Driver/Inc/stm32f4xx_ll_rcc.h ****   * @retval None
2929:board/stm32f401rct6/Drivers/STM32F4xx_HAL_Driver/Inc/stm32f4xx_ll_rcc.h ****   */
2930:board/stm32f401rct6/Drivers/STM32F4xx_HAL_Driver/Inc/stm32f4xx_ll_rcc.h **** __STATIC_INLINE void LL_RCC_HSE_EnableBypass(void)
2931:board/stm32f401rct6/Drivers/STM32F4xx_HAL_Driver/Inc/stm32f4xx_ll_rcc.h **** {
2932:board/stm32f401rct6/Drivers/STM32F4xx_HAL_Driver/Inc/stm32f4xx_ll_rcc.h ****   SET_BIT(RCC->CR, RCC_CR_HSEBYP);
2933:board/stm32f401rct6/Drivers/STM32F4xx_HAL_Driver/Inc/stm32f4xx_ll_rcc.h **** }
2934:board/stm32f401rct6/Drivers/STM32F4xx_HAL_Driver/Inc/stm32f4xx_ll_rcc.h **** 
2935:board/stm32f401rct6/Drivers/STM32F4xx_HAL_Driver/Inc/stm32f4xx_ll_rcc.h **** /**
2936:board/stm32f401rct6/Drivers/STM32F4xx_HAL_Driver/Inc/stm32f4xx_ll_rcc.h ****   * @brief  Disable HSE external oscillator (HSE Bypass)
2937:board/stm32f401rct6/Drivers/STM32F4xx_HAL_Driver/Inc/stm32f4xx_ll_rcc.h ****   * @rmtoll CR           HSEBYP        LL_RCC_HSE_DisableBypass
2938:board/stm32f401rct6/Drivers/STM32F4xx_HAL_Driver/Inc/stm32f4xx_ll_rcc.h ****   * @retval None
2939:board/stm32f401rct6/Drivers/STM32F4xx_HAL_Driver/Inc/stm32f4xx_ll_rcc.h ****   */
2940:board/stm32f401rct6/Drivers/STM32F4xx_HAL_Driver/Inc/stm32f4xx_ll_rcc.h **** __STATIC_INLINE void LL_RCC_HSE_DisableBypass(void)
2941:board/stm32f401rct6/Drivers/STM32F4xx_HAL_Driver/Inc/stm32f4xx_ll_rcc.h **** {
2942:board/stm32f401rct6/Drivers/STM32F4xx_HAL_Driver/Inc/stm32f4xx_ll_rcc.h ****   CLEAR_BIT(RCC->CR, RCC_CR_HSEBYP);
2943:board/stm32f401rct6/Drivers/STM32F4xx_HAL_Driver/Inc/stm32f4xx_ll_rcc.h **** }
2944:board/stm32f401rct6/Drivers/STM32F4xx_HAL_Driver/Inc/stm32f4xx_ll_rcc.h **** 
2945:board/stm32f401rct6/Drivers/STM32F4xx_HAL_Driver/Inc/stm32f4xx_ll_rcc.h **** /**
2946:board/stm32f401rct6/Drivers/STM32F4xx_HAL_Driver/Inc/stm32f4xx_ll_rcc.h ****   * @brief  Enable HSE crystal oscillator (HSE ON)
2947:board/stm32f401rct6/Drivers/STM32F4xx_HAL_Driver/Inc/stm32f4xx_ll_rcc.h ****   * @rmtoll CR           HSEON         LL_RCC_HSE_Enable
2948:board/stm32f401rct6/Drivers/STM32F4xx_HAL_Driver/Inc/stm32f4xx_ll_rcc.h ****   * @retval None
2949:board/stm32f401rct6/Drivers/STM32F4xx_HAL_Driver/Inc/stm32f4xx_ll_rcc.h ****   */
2950:board/stm32f401rct6/Drivers/STM32F4xx_HAL_Driver/Inc/stm32f4xx_ll_rcc.h **** __STATIC_INLINE void LL_RCC_HSE_Enable(void)
2951:board/stm32f401rct6/Drivers/STM32F4xx_HAL_Driver/Inc/stm32f4xx_ll_rcc.h **** {
2952:board/stm32f401rct6/Drivers/STM32F4xx_HAL_Driver/Inc/stm32f4xx_ll_rcc.h ****   SET_BIT(RCC->CR, RCC_CR_HSEON);
2953:board/stm32f401rct6/Drivers/STM32F4xx_HAL_Driver/Inc/stm32f4xx_ll_rcc.h **** }
2954:board/stm32f401rct6/Drivers/STM32F4xx_HAL_Driver/Inc/stm32f4xx_ll_rcc.h **** 
2955:board/stm32f401rct6/Drivers/STM32F4xx_HAL_Driver/Inc/stm32f4xx_ll_rcc.h **** /**
2956:board/stm32f401rct6/Drivers/STM32F4xx_HAL_Driver/Inc/stm32f4xx_ll_rcc.h ****   * @brief  Disable HSE crystal oscillator (HSE ON)
2957:board/stm32f401rct6/Drivers/STM32F4xx_HAL_Driver/Inc/stm32f4xx_ll_rcc.h ****   * @rmtoll CR           HSEON         LL_RCC_HSE_Disable
2958:board/stm32f401rct6/Drivers/STM32F4xx_HAL_Driver/Inc/stm32f4xx_ll_rcc.h ****   * @retval None
2959:board/stm32f401rct6/Drivers/STM32F4xx_HAL_Driver/Inc/stm32f4xx_ll_rcc.h ****   */
2960:board/stm32f401rct6/Drivers/STM32F4xx_HAL_Driver/Inc/stm32f4xx_ll_rcc.h **** __STATIC_INLINE void LL_RCC_HSE_Disable(void)
2961:board/stm32f401rct6/Drivers/STM32F4xx_HAL_Driver/Inc/stm32f4xx_ll_rcc.h **** {
2962:board/stm32f401rct6/Drivers/STM32F4xx_HAL_Driver/Inc/stm32f4xx_ll_rcc.h ****   CLEAR_BIT(RCC->CR, RCC_CR_HSEON);
2963:board/stm32f401rct6/Drivers/STM32F4xx_HAL_Driver/Inc/stm32f4xx_ll_rcc.h **** }
ARM GAS  C:\Users\Admin\AppData\Local\Temp\ccHMtLfr.s 			page 57


2964:board/stm32f401rct6/Drivers/STM32F4xx_HAL_Driver/Inc/stm32f4xx_ll_rcc.h **** 
2965:board/stm32f401rct6/Drivers/STM32F4xx_HAL_Driver/Inc/stm32f4xx_ll_rcc.h **** /**
2966:board/stm32f401rct6/Drivers/STM32F4xx_HAL_Driver/Inc/stm32f4xx_ll_rcc.h ****   * @brief  Check if HSE oscillator Ready
2967:board/stm32f401rct6/Drivers/STM32F4xx_HAL_Driver/Inc/stm32f4xx_ll_rcc.h ****   * @rmtoll CR           HSERDY        LL_RCC_HSE_IsReady
2968:board/stm32f401rct6/Drivers/STM32F4xx_HAL_Driver/Inc/stm32f4xx_ll_rcc.h ****   * @retval State of bit (1 or 0).
2969:board/stm32f401rct6/Drivers/STM32F4xx_HAL_Driver/Inc/stm32f4xx_ll_rcc.h ****   */
2970:board/stm32f401rct6/Drivers/STM32F4xx_HAL_Driver/Inc/stm32f4xx_ll_rcc.h **** __STATIC_INLINE uint32_t LL_RCC_HSE_IsReady(void)
2971:board/stm32f401rct6/Drivers/STM32F4xx_HAL_Driver/Inc/stm32f4xx_ll_rcc.h **** {
2972:board/stm32f401rct6/Drivers/STM32F4xx_HAL_Driver/Inc/stm32f4xx_ll_rcc.h ****   return (READ_BIT(RCC->CR, RCC_CR_HSERDY) == (RCC_CR_HSERDY));
2973:board/stm32f401rct6/Drivers/STM32F4xx_HAL_Driver/Inc/stm32f4xx_ll_rcc.h **** }
2974:board/stm32f401rct6/Drivers/STM32F4xx_HAL_Driver/Inc/stm32f4xx_ll_rcc.h **** 
2975:board/stm32f401rct6/Drivers/STM32F4xx_HAL_Driver/Inc/stm32f4xx_ll_rcc.h **** /**
2976:board/stm32f401rct6/Drivers/STM32F4xx_HAL_Driver/Inc/stm32f4xx_ll_rcc.h ****   * @}
2977:board/stm32f401rct6/Drivers/STM32F4xx_HAL_Driver/Inc/stm32f4xx_ll_rcc.h ****   */
2978:board/stm32f401rct6/Drivers/STM32F4xx_HAL_Driver/Inc/stm32f4xx_ll_rcc.h **** 
2979:board/stm32f401rct6/Drivers/STM32F4xx_HAL_Driver/Inc/stm32f4xx_ll_rcc.h **** /** @defgroup RCC_LL_EF_HSI HSI
2980:board/stm32f401rct6/Drivers/STM32F4xx_HAL_Driver/Inc/stm32f4xx_ll_rcc.h ****   * @{
2981:board/stm32f401rct6/Drivers/STM32F4xx_HAL_Driver/Inc/stm32f4xx_ll_rcc.h ****   */
2982:board/stm32f401rct6/Drivers/STM32F4xx_HAL_Driver/Inc/stm32f4xx_ll_rcc.h **** 
2983:board/stm32f401rct6/Drivers/STM32F4xx_HAL_Driver/Inc/stm32f4xx_ll_rcc.h **** /**
2984:board/stm32f401rct6/Drivers/STM32F4xx_HAL_Driver/Inc/stm32f4xx_ll_rcc.h ****   * @brief  Enable HSI oscillator
2985:board/stm32f401rct6/Drivers/STM32F4xx_HAL_Driver/Inc/stm32f4xx_ll_rcc.h ****   * @rmtoll CR           HSION         LL_RCC_HSI_Enable
2986:board/stm32f401rct6/Drivers/STM32F4xx_HAL_Driver/Inc/stm32f4xx_ll_rcc.h ****   * @retval None
2987:board/stm32f401rct6/Drivers/STM32F4xx_HAL_Driver/Inc/stm32f4xx_ll_rcc.h ****   */
2988:board/stm32f401rct6/Drivers/STM32F4xx_HAL_Driver/Inc/stm32f4xx_ll_rcc.h **** __STATIC_INLINE void LL_RCC_HSI_Enable(void)
  42              		.loc 2 2988 22 view .LVU3
  43              	.LBB51:
2989:board/stm32f401rct6/Drivers/STM32F4xx_HAL_Driver/Inc/stm32f4xx_ll_rcc.h **** {
2990:board/stm32f401rct6/Drivers/STM32F4xx_HAL_Driver/Inc/stm32f4xx_ll_rcc.h ****   SET_BIT(RCC->CR, RCC_CR_HSION);
  44              		.loc 2 2990 3 view .LVU4
  45 0002 234A     		ldr	r2, .L5
  46 0004 1368     		ldr	r3, [r2]
  47 0006 43F00103 		orr	r3, r3, #1
  48 000a 1360     		str	r3, [r2]
  49              	.L2:
  50              	.LBE51:
  51              	.LBE50:
 190:board/stm32f401rct6/Drivers/STM32F4xx_HAL_Driver/Src/stm32f4xx_ll_rcc.c **** 
 191:board/stm32f401rct6/Drivers/STM32F4xx_HAL_Driver/Src/stm32f4xx_ll_rcc.c ****   /* Wait for HSI READY bit */
 192:board/stm32f401rct6/Drivers/STM32F4xx_HAL_Driver/Src/stm32f4xx_ll_rcc.c ****   while (LL_RCC_HSI_IsReady() != 1U)
 193:board/stm32f401rct6/Drivers/STM32F4xx_HAL_Driver/Src/stm32f4xx_ll_rcc.c ****   {}
  52              		.loc 1 193 4 discriminator 1 view .LVU5
 192:board/stm32f401rct6/Drivers/STM32F4xx_HAL_Driver/Src/stm32f4xx_ll_rcc.c ****   {}
  53              		.loc 1 192 9 discriminator 1 view .LVU6
  54              	.LBB52:
  55              	.LBI52:
2991:board/stm32f401rct6/Drivers/STM32F4xx_HAL_Driver/Inc/stm32f4xx_ll_rcc.h **** }
2992:board/stm32f401rct6/Drivers/STM32F4xx_HAL_Driver/Inc/stm32f4xx_ll_rcc.h **** 
2993:board/stm32f401rct6/Drivers/STM32F4xx_HAL_Driver/Inc/stm32f4xx_ll_rcc.h **** /**
2994:board/stm32f401rct6/Drivers/STM32F4xx_HAL_Driver/Inc/stm32f4xx_ll_rcc.h ****   * @brief  Disable HSI oscillator
2995:board/stm32f401rct6/Drivers/STM32F4xx_HAL_Driver/Inc/stm32f4xx_ll_rcc.h ****   * @rmtoll CR           HSION         LL_RCC_HSI_Disable
2996:board/stm32f401rct6/Drivers/STM32F4xx_HAL_Driver/Inc/stm32f4xx_ll_rcc.h ****   * @retval None
2997:board/stm32f401rct6/Drivers/STM32F4xx_HAL_Driver/Inc/stm32f4xx_ll_rcc.h ****   */
2998:board/stm32f401rct6/Drivers/STM32F4xx_HAL_Driver/Inc/stm32f4xx_ll_rcc.h **** __STATIC_INLINE void LL_RCC_HSI_Disable(void)
2999:board/stm32f401rct6/Drivers/STM32F4xx_HAL_Driver/Inc/stm32f4xx_ll_rcc.h **** {
3000:board/stm32f401rct6/Drivers/STM32F4xx_HAL_Driver/Inc/stm32f4xx_ll_rcc.h ****   CLEAR_BIT(RCC->CR, RCC_CR_HSION);
3001:board/stm32f401rct6/Drivers/STM32F4xx_HAL_Driver/Inc/stm32f4xx_ll_rcc.h **** }
ARM GAS  C:\Users\Admin\AppData\Local\Temp\ccHMtLfr.s 			page 58


3002:board/stm32f401rct6/Drivers/STM32F4xx_HAL_Driver/Inc/stm32f4xx_ll_rcc.h **** 
3003:board/stm32f401rct6/Drivers/STM32F4xx_HAL_Driver/Inc/stm32f4xx_ll_rcc.h **** /**
3004:board/stm32f401rct6/Drivers/STM32F4xx_HAL_Driver/Inc/stm32f4xx_ll_rcc.h ****   * @brief  Check if HSI clock is ready
3005:board/stm32f401rct6/Drivers/STM32F4xx_HAL_Driver/Inc/stm32f4xx_ll_rcc.h ****   * @rmtoll CR           HSIRDY        LL_RCC_HSI_IsReady
3006:board/stm32f401rct6/Drivers/STM32F4xx_HAL_Driver/Inc/stm32f4xx_ll_rcc.h ****   * @retval State of bit (1 or 0).
3007:board/stm32f401rct6/Drivers/STM32F4xx_HAL_Driver/Inc/stm32f4xx_ll_rcc.h ****   */
3008:board/stm32f401rct6/Drivers/STM32F4xx_HAL_Driver/Inc/stm32f4xx_ll_rcc.h **** __STATIC_INLINE uint32_t LL_RCC_HSI_IsReady(void)
  56              		.loc 2 3008 26 discriminator 1 view .LVU7
  57              	.LBB53:
3009:board/stm32f401rct6/Drivers/STM32F4xx_HAL_Driver/Inc/stm32f4xx_ll_rcc.h **** {
3010:board/stm32f401rct6/Drivers/STM32F4xx_HAL_Driver/Inc/stm32f4xx_ll_rcc.h ****   return (READ_BIT(RCC->CR, RCC_CR_HSIRDY) == (RCC_CR_HSIRDY));
  58              		.loc 2 3010 3 discriminator 1 view .LVU8
  59              		.loc 2 3010 11 is_stmt 0 discriminator 1 view .LVU9
  60 000c 204B     		ldr	r3, .L5
  61 000e 1B68     		ldr	r3, [r3]
  62              	.LBE53:
  63              	.LBE52:
 192:board/stm32f401rct6/Drivers/STM32F4xx_HAL_Driver/Src/stm32f4xx_ll_rcc.c ****   {}
  64              		.loc 1 192 9 discriminator 1 view .LVU10
  65 0010 13F0020F 		tst	r3, #2
  66 0014 FAD0     		beq	.L2
 194:board/stm32f401rct6/Drivers/STM32F4xx_HAL_Driver/Src/stm32f4xx_ll_rcc.c **** 
 195:board/stm32f401rct6/Drivers/STM32F4xx_HAL_Driver/Src/stm32f4xx_ll_rcc.c ****   /* Reset CFGR register */
 196:board/stm32f401rct6/Drivers/STM32F4xx_HAL_Driver/Src/stm32f4xx_ll_rcc.c ****   LL_RCC_WriteReg(CFGR, 0x00000000U);
  67              		.loc 1 196 3 is_stmt 1 view .LVU11
  68 0016 1E4B     		ldr	r3, .L5
  69 0018 0022     		movs	r2, #0
  70 001a 9A60     		str	r2, [r3, #8]
 197:board/stm32f401rct6/Drivers/STM32F4xx_HAL_Driver/Src/stm32f4xx_ll_rcc.c **** 
 198:board/stm32f401rct6/Drivers/STM32F4xx_HAL_Driver/Src/stm32f4xx_ll_rcc.c ****   /* Read CR register */
 199:board/stm32f401rct6/Drivers/STM32F4xx_HAL_Driver/Src/stm32f4xx_ll_rcc.c ****   vl_mask = LL_RCC_ReadReg(CR);
  71              		.loc 1 199 3 view .LVU12
  72              		.loc 1 199 13 is_stmt 0 view .LVU13
  73 001c 1A68     		ldr	r2, [r3]
  74              		.loc 1 199 11 view .LVU14
  75 001e 0192     		str	r2, [sp, #4]
 200:board/stm32f401rct6/Drivers/STM32F4xx_HAL_Driver/Src/stm32f4xx_ll_rcc.c **** 
 201:board/stm32f401rct6/Drivers/STM32F4xx_HAL_Driver/Src/stm32f4xx_ll_rcc.c ****   /* Reset HSEON, HSEBYP, PLLON, CSSON bits */
 202:board/stm32f401rct6/Drivers/STM32F4xx_HAL_Driver/Src/stm32f4xx_ll_rcc.c ****   CLEAR_BIT(vl_mask,
  76              		.loc 1 202 3 is_stmt 1 view .LVU15
  77 0020 019A     		ldr	r2, [sp, #4]
  78 0022 22F08672 		bic	r2, r2, #17563648
  79 0026 22F48032 		bic	r2, r2, #65536
  80 002a 0192     		str	r2, [sp, #4]
 203:board/stm32f401rct6/Drivers/STM32F4xx_HAL_Driver/Src/stm32f4xx_ll_rcc.c ****             (RCC_CR_HSEON | RCC_CR_HSEBYP | RCC_CR_PLLON | RCC_CR_CSSON));
 204:board/stm32f401rct6/Drivers/STM32F4xx_HAL_Driver/Src/stm32f4xx_ll_rcc.c **** 
 205:board/stm32f401rct6/Drivers/STM32F4xx_HAL_Driver/Src/stm32f4xx_ll_rcc.c **** #if defined(RCC_PLLSAI_SUPPORT)
 206:board/stm32f401rct6/Drivers/STM32F4xx_HAL_Driver/Src/stm32f4xx_ll_rcc.c ****   /* Reset PLLSAION bit */
 207:board/stm32f401rct6/Drivers/STM32F4xx_HAL_Driver/Src/stm32f4xx_ll_rcc.c ****   CLEAR_BIT(vl_mask, RCC_CR_PLLSAION);
 208:board/stm32f401rct6/Drivers/STM32F4xx_HAL_Driver/Src/stm32f4xx_ll_rcc.c **** #endif /* RCC_PLLSAI_SUPPORT */
 209:board/stm32f401rct6/Drivers/STM32F4xx_HAL_Driver/Src/stm32f4xx_ll_rcc.c **** 
 210:board/stm32f401rct6/Drivers/STM32F4xx_HAL_Driver/Src/stm32f4xx_ll_rcc.c **** #if defined(RCC_PLLI2S_SUPPORT)
 211:board/stm32f401rct6/Drivers/STM32F4xx_HAL_Driver/Src/stm32f4xx_ll_rcc.c ****   /* Reset PLLI2SON bit */
 212:board/stm32f401rct6/Drivers/STM32F4xx_HAL_Driver/Src/stm32f4xx_ll_rcc.c ****   CLEAR_BIT(vl_mask, RCC_CR_PLLI2SON);
  81              		.loc 1 212 3 view .LVU16
  82 002c 019A     		ldr	r2, [sp, #4]
  83 002e 22F08062 		bic	r2, r2, #67108864
ARM GAS  C:\Users\Admin\AppData\Local\Temp\ccHMtLfr.s 			page 59


  84 0032 0192     		str	r2, [sp, #4]
 213:board/stm32f401rct6/Drivers/STM32F4xx_HAL_Driver/Src/stm32f4xx_ll_rcc.c **** #endif /* RCC_PLLI2S_SUPPORT */
 214:board/stm32f401rct6/Drivers/STM32F4xx_HAL_Driver/Src/stm32f4xx_ll_rcc.c **** 
 215:board/stm32f401rct6/Drivers/STM32F4xx_HAL_Driver/Src/stm32f4xx_ll_rcc.c ****   /* Write new value in CR register */
 216:board/stm32f401rct6/Drivers/STM32F4xx_HAL_Driver/Src/stm32f4xx_ll_rcc.c ****   LL_RCC_WriteReg(CR, vl_mask);
  85              		.loc 1 216 3 view .LVU17
  86 0034 019A     		ldr	r2, [sp, #4]
  87 0036 1A60     		str	r2, [r3]
 217:board/stm32f401rct6/Drivers/STM32F4xx_HAL_Driver/Src/stm32f4xx_ll_rcc.c **** 
 218:board/stm32f401rct6/Drivers/STM32F4xx_HAL_Driver/Src/stm32f4xx_ll_rcc.c ****   /* Set HSITRIM bits to the reset value*/
 219:board/stm32f401rct6/Drivers/STM32F4xx_HAL_Driver/Src/stm32f4xx_ll_rcc.c ****   LL_RCC_HSI_SetCalibTrimming(0x10U);
  88              		.loc 1 219 3 view .LVU18
  89              	.LVL0:
  90              	.LBB54:
  91              	.LBI54:
3011:board/stm32f401rct6/Drivers/STM32F4xx_HAL_Driver/Inc/stm32f4xx_ll_rcc.h **** }
3012:board/stm32f401rct6/Drivers/STM32F4xx_HAL_Driver/Inc/stm32f4xx_ll_rcc.h **** 
3013:board/stm32f401rct6/Drivers/STM32F4xx_HAL_Driver/Inc/stm32f4xx_ll_rcc.h **** /**
3014:board/stm32f401rct6/Drivers/STM32F4xx_HAL_Driver/Inc/stm32f4xx_ll_rcc.h ****   * @brief  Get HSI Calibration value
3015:board/stm32f401rct6/Drivers/STM32F4xx_HAL_Driver/Inc/stm32f4xx_ll_rcc.h ****   * @note When HSITRIM is written, HSICAL is updated with the sum of
3016:board/stm32f401rct6/Drivers/STM32F4xx_HAL_Driver/Inc/stm32f4xx_ll_rcc.h ****   *       HSITRIM and the factory trim value
3017:board/stm32f401rct6/Drivers/STM32F4xx_HAL_Driver/Inc/stm32f4xx_ll_rcc.h ****   * @rmtoll CR        HSICAL        LL_RCC_HSI_GetCalibration
3018:board/stm32f401rct6/Drivers/STM32F4xx_HAL_Driver/Inc/stm32f4xx_ll_rcc.h ****   * @retval Between Min_Data = 0x00 and Max_Data = 0xFF
3019:board/stm32f401rct6/Drivers/STM32F4xx_HAL_Driver/Inc/stm32f4xx_ll_rcc.h ****   */
3020:board/stm32f401rct6/Drivers/STM32F4xx_HAL_Driver/Inc/stm32f4xx_ll_rcc.h **** __STATIC_INLINE uint32_t LL_RCC_HSI_GetCalibration(void)
3021:board/stm32f401rct6/Drivers/STM32F4xx_HAL_Driver/Inc/stm32f4xx_ll_rcc.h **** {
3022:board/stm32f401rct6/Drivers/STM32F4xx_HAL_Driver/Inc/stm32f4xx_ll_rcc.h ****   return (uint32_t)(READ_BIT(RCC->CR, RCC_CR_HSICAL) >> RCC_CR_HSICAL_Pos);
3023:board/stm32f401rct6/Drivers/STM32F4xx_HAL_Driver/Inc/stm32f4xx_ll_rcc.h **** }
3024:board/stm32f401rct6/Drivers/STM32F4xx_HAL_Driver/Inc/stm32f4xx_ll_rcc.h **** 
3025:board/stm32f401rct6/Drivers/STM32F4xx_HAL_Driver/Inc/stm32f4xx_ll_rcc.h **** /**
3026:board/stm32f401rct6/Drivers/STM32F4xx_HAL_Driver/Inc/stm32f4xx_ll_rcc.h ****   * @brief  Set HSI Calibration trimming
3027:board/stm32f401rct6/Drivers/STM32F4xx_HAL_Driver/Inc/stm32f4xx_ll_rcc.h ****   * @note user-programmable trimming value that is added to the HSICAL
3028:board/stm32f401rct6/Drivers/STM32F4xx_HAL_Driver/Inc/stm32f4xx_ll_rcc.h ****   * @note Default value is 16, which, when added to the HSICAL value,
3029:board/stm32f401rct6/Drivers/STM32F4xx_HAL_Driver/Inc/stm32f4xx_ll_rcc.h ****   *       should trim the HSI to 16 MHz +/- 1 %
3030:board/stm32f401rct6/Drivers/STM32F4xx_HAL_Driver/Inc/stm32f4xx_ll_rcc.h ****   * @rmtoll CR        HSITRIM       LL_RCC_HSI_SetCalibTrimming
3031:board/stm32f401rct6/Drivers/STM32F4xx_HAL_Driver/Inc/stm32f4xx_ll_rcc.h ****   * @param  Value Between Min_Data = 0 and Max_Data = 31
3032:board/stm32f401rct6/Drivers/STM32F4xx_HAL_Driver/Inc/stm32f4xx_ll_rcc.h ****   * @retval None
3033:board/stm32f401rct6/Drivers/STM32F4xx_HAL_Driver/Inc/stm32f4xx_ll_rcc.h ****   */
3034:board/stm32f401rct6/Drivers/STM32F4xx_HAL_Driver/Inc/stm32f4xx_ll_rcc.h **** __STATIC_INLINE void LL_RCC_HSI_SetCalibTrimming(uint32_t Value)
  92              		.loc 2 3034 22 view .LVU19
  93              	.LBB55:
3035:board/stm32f401rct6/Drivers/STM32F4xx_HAL_Driver/Inc/stm32f4xx_ll_rcc.h **** {
3036:board/stm32f401rct6/Drivers/STM32F4xx_HAL_Driver/Inc/stm32f4xx_ll_rcc.h ****   MODIFY_REG(RCC->CR, RCC_CR_HSITRIM, Value << RCC_CR_HSITRIM_Pos);
  94              		.loc 2 3036 3 view .LVU20
  95 0038 1A68     		ldr	r2, [r3]
  96 003a 22F0F802 		bic	r2, r2, #248
  97 003e 42F08002 		orr	r2, r2, #128
  98 0042 1A60     		str	r2, [r3]
  99              	.LVL1:
 100              	.L3:
 101              		.loc 2 3036 3 is_stmt 0 view .LVU21
 102              	.LBE55:
 103              	.LBE54:
 220:board/stm32f401rct6/Drivers/STM32F4xx_HAL_Driver/Src/stm32f4xx_ll_rcc.c **** 
 221:board/stm32f401rct6/Drivers/STM32F4xx_HAL_Driver/Src/stm32f4xx_ll_rcc.c ****   /* Wait for PLL READY bit to be reset */
 222:board/stm32f401rct6/Drivers/STM32F4xx_HAL_Driver/Src/stm32f4xx_ll_rcc.c ****   while (LL_RCC_PLL_IsReady() != 0U)
 223:board/stm32f401rct6/Drivers/STM32F4xx_HAL_Driver/Src/stm32f4xx_ll_rcc.c ****   {}
ARM GAS  C:\Users\Admin\AppData\Local\Temp\ccHMtLfr.s 			page 60


 104              		.loc 1 223 4 is_stmt 1 discriminator 1 view .LVU22
 222:board/stm32f401rct6/Drivers/STM32F4xx_HAL_Driver/Src/stm32f4xx_ll_rcc.c ****   {}
 105              		.loc 1 222 9 discriminator 1 view .LVU23
 106              	.LBB56:
 107              	.LBI56:
3037:board/stm32f401rct6/Drivers/STM32F4xx_HAL_Driver/Inc/stm32f4xx_ll_rcc.h **** }
3038:board/stm32f401rct6/Drivers/STM32F4xx_HAL_Driver/Inc/stm32f4xx_ll_rcc.h **** 
3039:board/stm32f401rct6/Drivers/STM32F4xx_HAL_Driver/Inc/stm32f4xx_ll_rcc.h **** /**
3040:board/stm32f401rct6/Drivers/STM32F4xx_HAL_Driver/Inc/stm32f4xx_ll_rcc.h ****   * @brief  Get HSI Calibration trimming
3041:board/stm32f401rct6/Drivers/STM32F4xx_HAL_Driver/Inc/stm32f4xx_ll_rcc.h ****   * @rmtoll CR        HSITRIM       LL_RCC_HSI_GetCalibTrimming
3042:board/stm32f401rct6/Drivers/STM32F4xx_HAL_Driver/Inc/stm32f4xx_ll_rcc.h ****   * @retval Between Min_Data = 0 and Max_Data = 31
3043:board/stm32f401rct6/Drivers/STM32F4xx_HAL_Driver/Inc/stm32f4xx_ll_rcc.h ****   */
3044:board/stm32f401rct6/Drivers/STM32F4xx_HAL_Driver/Inc/stm32f4xx_ll_rcc.h **** __STATIC_INLINE uint32_t LL_RCC_HSI_GetCalibTrimming(void)
3045:board/stm32f401rct6/Drivers/STM32F4xx_HAL_Driver/Inc/stm32f4xx_ll_rcc.h **** {
3046:board/stm32f401rct6/Drivers/STM32F4xx_HAL_Driver/Inc/stm32f4xx_ll_rcc.h ****   return (uint32_t)(READ_BIT(RCC->CR, RCC_CR_HSITRIM) >> RCC_CR_HSITRIM_Pos);
3047:board/stm32f401rct6/Drivers/STM32F4xx_HAL_Driver/Inc/stm32f4xx_ll_rcc.h **** }
3048:board/stm32f401rct6/Drivers/STM32F4xx_HAL_Driver/Inc/stm32f4xx_ll_rcc.h **** 
3049:board/stm32f401rct6/Drivers/STM32F4xx_HAL_Driver/Inc/stm32f4xx_ll_rcc.h **** /**
3050:board/stm32f401rct6/Drivers/STM32F4xx_HAL_Driver/Inc/stm32f4xx_ll_rcc.h ****   * @}
3051:board/stm32f401rct6/Drivers/STM32F4xx_HAL_Driver/Inc/stm32f4xx_ll_rcc.h ****   */
3052:board/stm32f401rct6/Drivers/STM32F4xx_HAL_Driver/Inc/stm32f4xx_ll_rcc.h **** 
3053:board/stm32f401rct6/Drivers/STM32F4xx_HAL_Driver/Inc/stm32f4xx_ll_rcc.h **** /** @defgroup RCC_LL_EF_LSE LSE
3054:board/stm32f401rct6/Drivers/STM32F4xx_HAL_Driver/Inc/stm32f4xx_ll_rcc.h ****   * @{
3055:board/stm32f401rct6/Drivers/STM32F4xx_HAL_Driver/Inc/stm32f4xx_ll_rcc.h ****   */
3056:board/stm32f401rct6/Drivers/STM32F4xx_HAL_Driver/Inc/stm32f4xx_ll_rcc.h **** 
3057:board/stm32f401rct6/Drivers/STM32F4xx_HAL_Driver/Inc/stm32f4xx_ll_rcc.h **** /**
3058:board/stm32f401rct6/Drivers/STM32F4xx_HAL_Driver/Inc/stm32f4xx_ll_rcc.h ****   * @brief  Enable  Low Speed External (LSE) crystal.
3059:board/stm32f401rct6/Drivers/STM32F4xx_HAL_Driver/Inc/stm32f4xx_ll_rcc.h ****   * @rmtoll BDCR         LSEON         LL_RCC_LSE_Enable
3060:board/stm32f401rct6/Drivers/STM32F4xx_HAL_Driver/Inc/stm32f4xx_ll_rcc.h ****   * @retval None
3061:board/stm32f401rct6/Drivers/STM32F4xx_HAL_Driver/Inc/stm32f4xx_ll_rcc.h ****   */
3062:board/stm32f401rct6/Drivers/STM32F4xx_HAL_Driver/Inc/stm32f4xx_ll_rcc.h **** __STATIC_INLINE void LL_RCC_LSE_Enable(void)
3063:board/stm32f401rct6/Drivers/STM32F4xx_HAL_Driver/Inc/stm32f4xx_ll_rcc.h **** {
3064:board/stm32f401rct6/Drivers/STM32F4xx_HAL_Driver/Inc/stm32f4xx_ll_rcc.h ****   SET_BIT(RCC->BDCR, RCC_BDCR_LSEON);
3065:board/stm32f401rct6/Drivers/STM32F4xx_HAL_Driver/Inc/stm32f4xx_ll_rcc.h **** }
3066:board/stm32f401rct6/Drivers/STM32F4xx_HAL_Driver/Inc/stm32f4xx_ll_rcc.h **** 
3067:board/stm32f401rct6/Drivers/STM32F4xx_HAL_Driver/Inc/stm32f4xx_ll_rcc.h **** /**
3068:board/stm32f401rct6/Drivers/STM32F4xx_HAL_Driver/Inc/stm32f4xx_ll_rcc.h ****   * @brief  Disable  Low Speed External (LSE) crystal.
3069:board/stm32f401rct6/Drivers/STM32F4xx_HAL_Driver/Inc/stm32f4xx_ll_rcc.h ****   * @rmtoll BDCR         LSEON         LL_RCC_LSE_Disable
3070:board/stm32f401rct6/Drivers/STM32F4xx_HAL_Driver/Inc/stm32f4xx_ll_rcc.h ****   * @retval None
3071:board/stm32f401rct6/Drivers/STM32F4xx_HAL_Driver/Inc/stm32f4xx_ll_rcc.h ****   */
3072:board/stm32f401rct6/Drivers/STM32F4xx_HAL_Driver/Inc/stm32f4xx_ll_rcc.h **** __STATIC_INLINE void LL_RCC_LSE_Disable(void)
3073:board/stm32f401rct6/Drivers/STM32F4xx_HAL_Driver/Inc/stm32f4xx_ll_rcc.h **** {
3074:board/stm32f401rct6/Drivers/STM32F4xx_HAL_Driver/Inc/stm32f4xx_ll_rcc.h ****   CLEAR_BIT(RCC->BDCR, RCC_BDCR_LSEON);
3075:board/stm32f401rct6/Drivers/STM32F4xx_HAL_Driver/Inc/stm32f4xx_ll_rcc.h **** }
3076:board/stm32f401rct6/Drivers/STM32F4xx_HAL_Driver/Inc/stm32f4xx_ll_rcc.h **** 
3077:board/stm32f401rct6/Drivers/STM32F4xx_HAL_Driver/Inc/stm32f4xx_ll_rcc.h **** /**
3078:board/stm32f401rct6/Drivers/STM32F4xx_HAL_Driver/Inc/stm32f4xx_ll_rcc.h ****   * @brief  Enable external clock source (LSE bypass).
3079:board/stm32f401rct6/Drivers/STM32F4xx_HAL_Driver/Inc/stm32f4xx_ll_rcc.h ****   * @rmtoll BDCR         LSEBYP        LL_RCC_LSE_EnableBypass
3080:board/stm32f401rct6/Drivers/STM32F4xx_HAL_Driver/Inc/stm32f4xx_ll_rcc.h ****   * @retval None
3081:board/stm32f401rct6/Drivers/STM32F4xx_HAL_Driver/Inc/stm32f4xx_ll_rcc.h ****   */
3082:board/stm32f401rct6/Drivers/STM32F4xx_HAL_Driver/Inc/stm32f4xx_ll_rcc.h **** __STATIC_INLINE void LL_RCC_LSE_EnableBypass(void)
3083:board/stm32f401rct6/Drivers/STM32F4xx_HAL_Driver/Inc/stm32f4xx_ll_rcc.h **** {
3084:board/stm32f401rct6/Drivers/STM32F4xx_HAL_Driver/Inc/stm32f4xx_ll_rcc.h ****   SET_BIT(RCC->BDCR, RCC_BDCR_LSEBYP);
3085:board/stm32f401rct6/Drivers/STM32F4xx_HAL_Driver/Inc/stm32f4xx_ll_rcc.h **** }
3086:board/stm32f401rct6/Drivers/STM32F4xx_HAL_Driver/Inc/stm32f4xx_ll_rcc.h **** 
3087:board/stm32f401rct6/Drivers/STM32F4xx_HAL_Driver/Inc/stm32f4xx_ll_rcc.h **** /**
3088:board/stm32f401rct6/Drivers/STM32F4xx_HAL_Driver/Inc/stm32f4xx_ll_rcc.h ****   * @brief  Disable external clock source (LSE bypass).
ARM GAS  C:\Users\Admin\AppData\Local\Temp\ccHMtLfr.s 			page 61


3089:board/stm32f401rct6/Drivers/STM32F4xx_HAL_Driver/Inc/stm32f4xx_ll_rcc.h ****   * @rmtoll BDCR         LSEBYP        LL_RCC_LSE_DisableBypass
3090:board/stm32f401rct6/Drivers/STM32F4xx_HAL_Driver/Inc/stm32f4xx_ll_rcc.h ****   * @retval None
3091:board/stm32f401rct6/Drivers/STM32F4xx_HAL_Driver/Inc/stm32f4xx_ll_rcc.h ****   */
3092:board/stm32f401rct6/Drivers/STM32F4xx_HAL_Driver/Inc/stm32f4xx_ll_rcc.h **** __STATIC_INLINE void LL_RCC_LSE_DisableBypass(void)
3093:board/stm32f401rct6/Drivers/STM32F4xx_HAL_Driver/Inc/stm32f4xx_ll_rcc.h **** {
3094:board/stm32f401rct6/Drivers/STM32F4xx_HAL_Driver/Inc/stm32f4xx_ll_rcc.h ****   CLEAR_BIT(RCC->BDCR, RCC_BDCR_LSEBYP);
3095:board/stm32f401rct6/Drivers/STM32F4xx_HAL_Driver/Inc/stm32f4xx_ll_rcc.h **** }
3096:board/stm32f401rct6/Drivers/STM32F4xx_HAL_Driver/Inc/stm32f4xx_ll_rcc.h **** 
3097:board/stm32f401rct6/Drivers/STM32F4xx_HAL_Driver/Inc/stm32f4xx_ll_rcc.h **** /**
3098:board/stm32f401rct6/Drivers/STM32F4xx_HAL_Driver/Inc/stm32f4xx_ll_rcc.h ****   * @brief  Check if LSE oscillator Ready
3099:board/stm32f401rct6/Drivers/STM32F4xx_HAL_Driver/Inc/stm32f4xx_ll_rcc.h ****   * @rmtoll BDCR         LSERDY        LL_RCC_LSE_IsReady
3100:board/stm32f401rct6/Drivers/STM32F4xx_HAL_Driver/Inc/stm32f4xx_ll_rcc.h ****   * @retval State of bit (1 or 0).
3101:board/stm32f401rct6/Drivers/STM32F4xx_HAL_Driver/Inc/stm32f4xx_ll_rcc.h ****   */
3102:board/stm32f401rct6/Drivers/STM32F4xx_HAL_Driver/Inc/stm32f4xx_ll_rcc.h **** __STATIC_INLINE uint32_t LL_RCC_LSE_IsReady(void)
3103:board/stm32f401rct6/Drivers/STM32F4xx_HAL_Driver/Inc/stm32f4xx_ll_rcc.h **** {
3104:board/stm32f401rct6/Drivers/STM32F4xx_HAL_Driver/Inc/stm32f4xx_ll_rcc.h ****   return (READ_BIT(RCC->BDCR, RCC_BDCR_LSERDY) == (RCC_BDCR_LSERDY));
3105:board/stm32f401rct6/Drivers/STM32F4xx_HAL_Driver/Inc/stm32f4xx_ll_rcc.h **** }
3106:board/stm32f401rct6/Drivers/STM32F4xx_HAL_Driver/Inc/stm32f4xx_ll_rcc.h **** 
3107:board/stm32f401rct6/Drivers/STM32F4xx_HAL_Driver/Inc/stm32f4xx_ll_rcc.h **** #if defined(RCC_BDCR_LSEMOD)
3108:board/stm32f401rct6/Drivers/STM32F4xx_HAL_Driver/Inc/stm32f4xx_ll_rcc.h **** /**
3109:board/stm32f401rct6/Drivers/STM32F4xx_HAL_Driver/Inc/stm32f4xx_ll_rcc.h ****   * @brief  Enable LSE high drive mode.
3110:board/stm32f401rct6/Drivers/STM32F4xx_HAL_Driver/Inc/stm32f4xx_ll_rcc.h ****   * @note LSE high drive mode can be enabled only when the LSE clock is disabled
3111:board/stm32f401rct6/Drivers/STM32F4xx_HAL_Driver/Inc/stm32f4xx_ll_rcc.h ****   * @rmtoll BDCR         LSEMOD      LL_RCC_LSE_EnableHighDriveMode
3112:board/stm32f401rct6/Drivers/STM32F4xx_HAL_Driver/Inc/stm32f4xx_ll_rcc.h ****   * @retval None
3113:board/stm32f401rct6/Drivers/STM32F4xx_HAL_Driver/Inc/stm32f4xx_ll_rcc.h ****   */
3114:board/stm32f401rct6/Drivers/STM32F4xx_HAL_Driver/Inc/stm32f4xx_ll_rcc.h **** __STATIC_INLINE void LL_RCC_LSE_EnableHighDriveMode(void)
3115:board/stm32f401rct6/Drivers/STM32F4xx_HAL_Driver/Inc/stm32f4xx_ll_rcc.h **** {
3116:board/stm32f401rct6/Drivers/STM32F4xx_HAL_Driver/Inc/stm32f4xx_ll_rcc.h ****   SET_BIT(RCC->BDCR, RCC_BDCR_LSEMOD);
3117:board/stm32f401rct6/Drivers/STM32F4xx_HAL_Driver/Inc/stm32f4xx_ll_rcc.h **** }
3118:board/stm32f401rct6/Drivers/STM32F4xx_HAL_Driver/Inc/stm32f4xx_ll_rcc.h **** 
3119:board/stm32f401rct6/Drivers/STM32F4xx_HAL_Driver/Inc/stm32f4xx_ll_rcc.h **** /**
3120:board/stm32f401rct6/Drivers/STM32F4xx_HAL_Driver/Inc/stm32f4xx_ll_rcc.h ****   * @brief  Disable LSE high drive mode.
3121:board/stm32f401rct6/Drivers/STM32F4xx_HAL_Driver/Inc/stm32f4xx_ll_rcc.h ****   * @note LSE high drive mode can be disabled only when the LSE clock is disabled
3122:board/stm32f401rct6/Drivers/STM32F4xx_HAL_Driver/Inc/stm32f4xx_ll_rcc.h ****   * @rmtoll BDCR         LSEMOD      LL_RCC_LSE_DisableHighDriveMode
3123:board/stm32f401rct6/Drivers/STM32F4xx_HAL_Driver/Inc/stm32f4xx_ll_rcc.h ****   * @retval None
3124:board/stm32f401rct6/Drivers/STM32F4xx_HAL_Driver/Inc/stm32f4xx_ll_rcc.h ****   */
3125:board/stm32f401rct6/Drivers/STM32F4xx_HAL_Driver/Inc/stm32f4xx_ll_rcc.h **** __STATIC_INLINE void LL_RCC_LSE_DisableHighDriveMode(void)
3126:board/stm32f401rct6/Drivers/STM32F4xx_HAL_Driver/Inc/stm32f4xx_ll_rcc.h **** {
3127:board/stm32f401rct6/Drivers/STM32F4xx_HAL_Driver/Inc/stm32f4xx_ll_rcc.h ****   CLEAR_BIT(RCC->BDCR, RCC_BDCR_LSEMOD);
3128:board/stm32f401rct6/Drivers/STM32F4xx_HAL_Driver/Inc/stm32f4xx_ll_rcc.h **** }
3129:board/stm32f401rct6/Drivers/STM32F4xx_HAL_Driver/Inc/stm32f4xx_ll_rcc.h **** #endif /* RCC_BDCR_LSEMOD */
3130:board/stm32f401rct6/Drivers/STM32F4xx_HAL_Driver/Inc/stm32f4xx_ll_rcc.h **** 
3131:board/stm32f401rct6/Drivers/STM32F4xx_HAL_Driver/Inc/stm32f4xx_ll_rcc.h **** /**
3132:board/stm32f401rct6/Drivers/STM32F4xx_HAL_Driver/Inc/stm32f4xx_ll_rcc.h ****   * @}
3133:board/stm32f401rct6/Drivers/STM32F4xx_HAL_Driver/Inc/stm32f4xx_ll_rcc.h ****   */
3134:board/stm32f401rct6/Drivers/STM32F4xx_HAL_Driver/Inc/stm32f4xx_ll_rcc.h **** 
3135:board/stm32f401rct6/Drivers/STM32F4xx_HAL_Driver/Inc/stm32f4xx_ll_rcc.h **** /** @defgroup RCC_LL_EF_LSI LSI
3136:board/stm32f401rct6/Drivers/STM32F4xx_HAL_Driver/Inc/stm32f4xx_ll_rcc.h ****   * @{
3137:board/stm32f401rct6/Drivers/STM32F4xx_HAL_Driver/Inc/stm32f4xx_ll_rcc.h ****   */
3138:board/stm32f401rct6/Drivers/STM32F4xx_HAL_Driver/Inc/stm32f4xx_ll_rcc.h **** 
3139:board/stm32f401rct6/Drivers/STM32F4xx_HAL_Driver/Inc/stm32f4xx_ll_rcc.h **** /**
3140:board/stm32f401rct6/Drivers/STM32F4xx_HAL_Driver/Inc/stm32f4xx_ll_rcc.h ****   * @brief  Enable LSI Oscillator
3141:board/stm32f401rct6/Drivers/STM32F4xx_HAL_Driver/Inc/stm32f4xx_ll_rcc.h ****   * @rmtoll CSR          LSION         LL_RCC_LSI_Enable
3142:board/stm32f401rct6/Drivers/STM32F4xx_HAL_Driver/Inc/stm32f4xx_ll_rcc.h ****   * @retval None
3143:board/stm32f401rct6/Drivers/STM32F4xx_HAL_Driver/Inc/stm32f4xx_ll_rcc.h ****   */
3144:board/stm32f401rct6/Drivers/STM32F4xx_HAL_Driver/Inc/stm32f4xx_ll_rcc.h **** __STATIC_INLINE void LL_RCC_LSI_Enable(void)
3145:board/stm32f401rct6/Drivers/STM32F4xx_HAL_Driver/Inc/stm32f4xx_ll_rcc.h **** {
ARM GAS  C:\Users\Admin\AppData\Local\Temp\ccHMtLfr.s 			page 62


3146:board/stm32f401rct6/Drivers/STM32F4xx_HAL_Driver/Inc/stm32f4xx_ll_rcc.h ****   SET_BIT(RCC->CSR, RCC_CSR_LSION);
3147:board/stm32f401rct6/Drivers/STM32F4xx_HAL_Driver/Inc/stm32f4xx_ll_rcc.h **** }
3148:board/stm32f401rct6/Drivers/STM32F4xx_HAL_Driver/Inc/stm32f4xx_ll_rcc.h **** 
3149:board/stm32f401rct6/Drivers/STM32F4xx_HAL_Driver/Inc/stm32f4xx_ll_rcc.h **** /**
3150:board/stm32f401rct6/Drivers/STM32F4xx_HAL_Driver/Inc/stm32f4xx_ll_rcc.h ****   * @brief  Disable LSI Oscillator
3151:board/stm32f401rct6/Drivers/STM32F4xx_HAL_Driver/Inc/stm32f4xx_ll_rcc.h ****   * @rmtoll CSR          LSION         LL_RCC_LSI_Disable
3152:board/stm32f401rct6/Drivers/STM32F4xx_HAL_Driver/Inc/stm32f4xx_ll_rcc.h ****   * @retval None
3153:board/stm32f401rct6/Drivers/STM32F4xx_HAL_Driver/Inc/stm32f4xx_ll_rcc.h ****   */
3154:board/stm32f401rct6/Drivers/STM32F4xx_HAL_Driver/Inc/stm32f4xx_ll_rcc.h **** __STATIC_INLINE void LL_RCC_LSI_Disable(void)
3155:board/stm32f401rct6/Drivers/STM32F4xx_HAL_Driver/Inc/stm32f4xx_ll_rcc.h **** {
3156:board/stm32f401rct6/Drivers/STM32F4xx_HAL_Driver/Inc/stm32f4xx_ll_rcc.h ****   CLEAR_BIT(RCC->CSR, RCC_CSR_LSION);
3157:board/stm32f401rct6/Drivers/STM32F4xx_HAL_Driver/Inc/stm32f4xx_ll_rcc.h **** }
3158:board/stm32f401rct6/Drivers/STM32F4xx_HAL_Driver/Inc/stm32f4xx_ll_rcc.h **** 
3159:board/stm32f401rct6/Drivers/STM32F4xx_HAL_Driver/Inc/stm32f4xx_ll_rcc.h **** /**
3160:board/stm32f401rct6/Drivers/STM32F4xx_HAL_Driver/Inc/stm32f4xx_ll_rcc.h ****   * @brief  Check if LSI is Ready
3161:board/stm32f401rct6/Drivers/STM32F4xx_HAL_Driver/Inc/stm32f4xx_ll_rcc.h ****   * @rmtoll CSR          LSIRDY        LL_RCC_LSI_IsReady
3162:board/stm32f401rct6/Drivers/STM32F4xx_HAL_Driver/Inc/stm32f4xx_ll_rcc.h ****   * @retval State of bit (1 or 0).
3163:board/stm32f401rct6/Drivers/STM32F4xx_HAL_Driver/Inc/stm32f4xx_ll_rcc.h ****   */
3164:board/stm32f401rct6/Drivers/STM32F4xx_HAL_Driver/Inc/stm32f4xx_ll_rcc.h **** __STATIC_INLINE uint32_t LL_RCC_LSI_IsReady(void)
3165:board/stm32f401rct6/Drivers/STM32F4xx_HAL_Driver/Inc/stm32f4xx_ll_rcc.h **** {
3166:board/stm32f401rct6/Drivers/STM32F4xx_HAL_Driver/Inc/stm32f4xx_ll_rcc.h ****   return (READ_BIT(RCC->CSR, RCC_CSR_LSIRDY) == (RCC_CSR_LSIRDY));
3167:board/stm32f401rct6/Drivers/STM32F4xx_HAL_Driver/Inc/stm32f4xx_ll_rcc.h **** }
3168:board/stm32f401rct6/Drivers/STM32F4xx_HAL_Driver/Inc/stm32f4xx_ll_rcc.h **** 
3169:board/stm32f401rct6/Drivers/STM32F4xx_HAL_Driver/Inc/stm32f4xx_ll_rcc.h **** /**
3170:board/stm32f401rct6/Drivers/STM32F4xx_HAL_Driver/Inc/stm32f4xx_ll_rcc.h ****   * @}
3171:board/stm32f401rct6/Drivers/STM32F4xx_HAL_Driver/Inc/stm32f4xx_ll_rcc.h ****   */
3172:board/stm32f401rct6/Drivers/STM32F4xx_HAL_Driver/Inc/stm32f4xx_ll_rcc.h **** 
3173:board/stm32f401rct6/Drivers/STM32F4xx_HAL_Driver/Inc/stm32f4xx_ll_rcc.h **** /** @defgroup RCC_LL_EF_System System
3174:board/stm32f401rct6/Drivers/STM32F4xx_HAL_Driver/Inc/stm32f4xx_ll_rcc.h ****   * @{
3175:board/stm32f401rct6/Drivers/STM32F4xx_HAL_Driver/Inc/stm32f4xx_ll_rcc.h ****   */
3176:board/stm32f401rct6/Drivers/STM32F4xx_HAL_Driver/Inc/stm32f4xx_ll_rcc.h **** 
3177:board/stm32f401rct6/Drivers/STM32F4xx_HAL_Driver/Inc/stm32f4xx_ll_rcc.h **** /**
3178:board/stm32f401rct6/Drivers/STM32F4xx_HAL_Driver/Inc/stm32f4xx_ll_rcc.h ****   * @brief  Configure the system clock source
3179:board/stm32f401rct6/Drivers/STM32F4xx_HAL_Driver/Inc/stm32f4xx_ll_rcc.h ****   * @rmtoll CFGR         SW            LL_RCC_SetSysClkSource
3180:board/stm32f401rct6/Drivers/STM32F4xx_HAL_Driver/Inc/stm32f4xx_ll_rcc.h ****   * @param  Source This parameter can be one of the following values:
3181:board/stm32f401rct6/Drivers/STM32F4xx_HAL_Driver/Inc/stm32f4xx_ll_rcc.h ****   *         @arg @ref LL_RCC_SYS_CLKSOURCE_HSI
3182:board/stm32f401rct6/Drivers/STM32F4xx_HAL_Driver/Inc/stm32f4xx_ll_rcc.h ****   *         @arg @ref LL_RCC_SYS_CLKSOURCE_HSE
3183:board/stm32f401rct6/Drivers/STM32F4xx_HAL_Driver/Inc/stm32f4xx_ll_rcc.h ****   *         @arg @ref LL_RCC_SYS_CLKSOURCE_PLL
3184:board/stm32f401rct6/Drivers/STM32F4xx_HAL_Driver/Inc/stm32f4xx_ll_rcc.h ****   *         @arg @ref LL_RCC_SYS_CLKSOURCE_PLLR (*)
3185:board/stm32f401rct6/Drivers/STM32F4xx_HAL_Driver/Inc/stm32f4xx_ll_rcc.h ****   *
3186:board/stm32f401rct6/Drivers/STM32F4xx_HAL_Driver/Inc/stm32f4xx_ll_rcc.h ****   *         (*) value not defined in all devices.
3187:board/stm32f401rct6/Drivers/STM32F4xx_HAL_Driver/Inc/stm32f4xx_ll_rcc.h ****   * @retval None
3188:board/stm32f401rct6/Drivers/STM32F4xx_HAL_Driver/Inc/stm32f4xx_ll_rcc.h ****   */
3189:board/stm32f401rct6/Drivers/STM32F4xx_HAL_Driver/Inc/stm32f4xx_ll_rcc.h **** __STATIC_INLINE void LL_RCC_SetSysClkSource(uint32_t Source)
3190:board/stm32f401rct6/Drivers/STM32F4xx_HAL_Driver/Inc/stm32f4xx_ll_rcc.h **** {
3191:board/stm32f401rct6/Drivers/STM32F4xx_HAL_Driver/Inc/stm32f4xx_ll_rcc.h ****   MODIFY_REG(RCC->CFGR, RCC_CFGR_SW, Source);
3192:board/stm32f401rct6/Drivers/STM32F4xx_HAL_Driver/Inc/stm32f4xx_ll_rcc.h **** }
3193:board/stm32f401rct6/Drivers/STM32F4xx_HAL_Driver/Inc/stm32f4xx_ll_rcc.h **** 
3194:board/stm32f401rct6/Drivers/STM32F4xx_HAL_Driver/Inc/stm32f4xx_ll_rcc.h **** /**
3195:board/stm32f401rct6/Drivers/STM32F4xx_HAL_Driver/Inc/stm32f4xx_ll_rcc.h ****   * @brief  Get the system clock source
3196:board/stm32f401rct6/Drivers/STM32F4xx_HAL_Driver/Inc/stm32f4xx_ll_rcc.h ****   * @rmtoll CFGR         SWS           LL_RCC_GetSysClkSource
3197:board/stm32f401rct6/Drivers/STM32F4xx_HAL_Driver/Inc/stm32f4xx_ll_rcc.h ****   * @retval Returned value can be one of the following values:
3198:board/stm32f401rct6/Drivers/STM32F4xx_HAL_Driver/Inc/stm32f4xx_ll_rcc.h ****   *         @arg @ref LL_RCC_SYS_CLKSOURCE_STATUS_HSI
3199:board/stm32f401rct6/Drivers/STM32F4xx_HAL_Driver/Inc/stm32f4xx_ll_rcc.h ****   *         @arg @ref LL_RCC_SYS_CLKSOURCE_STATUS_HSE
3200:board/stm32f401rct6/Drivers/STM32F4xx_HAL_Driver/Inc/stm32f4xx_ll_rcc.h ****   *         @arg @ref LL_RCC_SYS_CLKSOURCE_STATUS_PLL
3201:board/stm32f401rct6/Drivers/STM32F4xx_HAL_Driver/Inc/stm32f4xx_ll_rcc.h ****   *         @arg @ref LL_RCC_SYS_CLKSOURCE_STATUS_PLLR (*)
3202:board/stm32f401rct6/Drivers/STM32F4xx_HAL_Driver/Inc/stm32f4xx_ll_rcc.h ****   *
ARM GAS  C:\Users\Admin\AppData\Local\Temp\ccHMtLfr.s 			page 63


3203:board/stm32f401rct6/Drivers/STM32F4xx_HAL_Driver/Inc/stm32f4xx_ll_rcc.h ****   *         (*) value not defined in all devices.
3204:board/stm32f401rct6/Drivers/STM32F4xx_HAL_Driver/Inc/stm32f4xx_ll_rcc.h ****   */
3205:board/stm32f401rct6/Drivers/STM32F4xx_HAL_Driver/Inc/stm32f4xx_ll_rcc.h **** __STATIC_INLINE uint32_t LL_RCC_GetSysClkSource(void)
3206:board/stm32f401rct6/Drivers/STM32F4xx_HAL_Driver/Inc/stm32f4xx_ll_rcc.h **** {
3207:board/stm32f401rct6/Drivers/STM32F4xx_HAL_Driver/Inc/stm32f4xx_ll_rcc.h ****   return (uint32_t)(READ_BIT(RCC->CFGR, RCC_CFGR_SWS));
3208:board/stm32f401rct6/Drivers/STM32F4xx_HAL_Driver/Inc/stm32f4xx_ll_rcc.h **** }
3209:board/stm32f401rct6/Drivers/STM32F4xx_HAL_Driver/Inc/stm32f4xx_ll_rcc.h **** 
3210:board/stm32f401rct6/Drivers/STM32F4xx_HAL_Driver/Inc/stm32f4xx_ll_rcc.h **** /**
3211:board/stm32f401rct6/Drivers/STM32F4xx_HAL_Driver/Inc/stm32f4xx_ll_rcc.h ****   * @brief  Set AHB prescaler
3212:board/stm32f401rct6/Drivers/STM32F4xx_HAL_Driver/Inc/stm32f4xx_ll_rcc.h ****   * @rmtoll CFGR         HPRE          LL_RCC_SetAHBPrescaler
3213:board/stm32f401rct6/Drivers/STM32F4xx_HAL_Driver/Inc/stm32f4xx_ll_rcc.h ****   * @param  Prescaler This parameter can be one of the following values:
3214:board/stm32f401rct6/Drivers/STM32F4xx_HAL_Driver/Inc/stm32f4xx_ll_rcc.h ****   *         @arg @ref LL_RCC_SYSCLK_DIV_1
3215:board/stm32f401rct6/Drivers/STM32F4xx_HAL_Driver/Inc/stm32f4xx_ll_rcc.h ****   *         @arg @ref LL_RCC_SYSCLK_DIV_2
3216:board/stm32f401rct6/Drivers/STM32F4xx_HAL_Driver/Inc/stm32f4xx_ll_rcc.h ****   *         @arg @ref LL_RCC_SYSCLK_DIV_4
3217:board/stm32f401rct6/Drivers/STM32F4xx_HAL_Driver/Inc/stm32f4xx_ll_rcc.h ****   *         @arg @ref LL_RCC_SYSCLK_DIV_8
3218:board/stm32f401rct6/Drivers/STM32F4xx_HAL_Driver/Inc/stm32f4xx_ll_rcc.h ****   *         @arg @ref LL_RCC_SYSCLK_DIV_16
3219:board/stm32f401rct6/Drivers/STM32F4xx_HAL_Driver/Inc/stm32f4xx_ll_rcc.h ****   *         @arg @ref LL_RCC_SYSCLK_DIV_64
3220:board/stm32f401rct6/Drivers/STM32F4xx_HAL_Driver/Inc/stm32f4xx_ll_rcc.h ****   *         @arg @ref LL_RCC_SYSCLK_DIV_128
3221:board/stm32f401rct6/Drivers/STM32F4xx_HAL_Driver/Inc/stm32f4xx_ll_rcc.h ****   *         @arg @ref LL_RCC_SYSCLK_DIV_256
3222:board/stm32f401rct6/Drivers/STM32F4xx_HAL_Driver/Inc/stm32f4xx_ll_rcc.h ****   *         @arg @ref LL_RCC_SYSCLK_DIV_512
3223:board/stm32f401rct6/Drivers/STM32F4xx_HAL_Driver/Inc/stm32f4xx_ll_rcc.h ****   * @retval None
3224:board/stm32f401rct6/Drivers/STM32F4xx_HAL_Driver/Inc/stm32f4xx_ll_rcc.h ****   */
3225:board/stm32f401rct6/Drivers/STM32F4xx_HAL_Driver/Inc/stm32f4xx_ll_rcc.h **** __STATIC_INLINE void LL_RCC_SetAHBPrescaler(uint32_t Prescaler)
3226:board/stm32f401rct6/Drivers/STM32F4xx_HAL_Driver/Inc/stm32f4xx_ll_rcc.h **** {
3227:board/stm32f401rct6/Drivers/STM32F4xx_HAL_Driver/Inc/stm32f4xx_ll_rcc.h ****   MODIFY_REG(RCC->CFGR, RCC_CFGR_HPRE, Prescaler);
3228:board/stm32f401rct6/Drivers/STM32F4xx_HAL_Driver/Inc/stm32f4xx_ll_rcc.h **** }
3229:board/stm32f401rct6/Drivers/STM32F4xx_HAL_Driver/Inc/stm32f4xx_ll_rcc.h **** 
3230:board/stm32f401rct6/Drivers/STM32F4xx_HAL_Driver/Inc/stm32f4xx_ll_rcc.h **** /**
3231:board/stm32f401rct6/Drivers/STM32F4xx_HAL_Driver/Inc/stm32f4xx_ll_rcc.h ****   * @brief  Set APB1 prescaler
3232:board/stm32f401rct6/Drivers/STM32F4xx_HAL_Driver/Inc/stm32f4xx_ll_rcc.h ****   * @rmtoll CFGR         PPRE1         LL_RCC_SetAPB1Prescaler
3233:board/stm32f401rct6/Drivers/STM32F4xx_HAL_Driver/Inc/stm32f4xx_ll_rcc.h ****   * @param  Prescaler This parameter can be one of the following values:
3234:board/stm32f401rct6/Drivers/STM32F4xx_HAL_Driver/Inc/stm32f4xx_ll_rcc.h ****   *         @arg @ref LL_RCC_APB1_DIV_1
3235:board/stm32f401rct6/Drivers/STM32F4xx_HAL_Driver/Inc/stm32f4xx_ll_rcc.h ****   *         @arg @ref LL_RCC_APB1_DIV_2
3236:board/stm32f401rct6/Drivers/STM32F4xx_HAL_Driver/Inc/stm32f4xx_ll_rcc.h ****   *         @arg @ref LL_RCC_APB1_DIV_4
3237:board/stm32f401rct6/Drivers/STM32F4xx_HAL_Driver/Inc/stm32f4xx_ll_rcc.h ****   *         @arg @ref LL_RCC_APB1_DIV_8
3238:board/stm32f401rct6/Drivers/STM32F4xx_HAL_Driver/Inc/stm32f4xx_ll_rcc.h ****   *         @arg @ref LL_RCC_APB1_DIV_16
3239:board/stm32f401rct6/Drivers/STM32F4xx_HAL_Driver/Inc/stm32f4xx_ll_rcc.h ****   * @retval None
3240:board/stm32f401rct6/Drivers/STM32F4xx_HAL_Driver/Inc/stm32f4xx_ll_rcc.h ****   */
3241:board/stm32f401rct6/Drivers/STM32F4xx_HAL_Driver/Inc/stm32f4xx_ll_rcc.h **** __STATIC_INLINE void LL_RCC_SetAPB1Prescaler(uint32_t Prescaler)
3242:board/stm32f401rct6/Drivers/STM32F4xx_HAL_Driver/Inc/stm32f4xx_ll_rcc.h **** {
3243:board/stm32f401rct6/Drivers/STM32F4xx_HAL_Driver/Inc/stm32f4xx_ll_rcc.h ****   MODIFY_REG(RCC->CFGR, RCC_CFGR_PPRE1, Prescaler);
3244:board/stm32f401rct6/Drivers/STM32F4xx_HAL_Driver/Inc/stm32f4xx_ll_rcc.h **** }
3245:board/stm32f401rct6/Drivers/STM32F4xx_HAL_Driver/Inc/stm32f4xx_ll_rcc.h **** 
3246:board/stm32f401rct6/Drivers/STM32F4xx_HAL_Driver/Inc/stm32f4xx_ll_rcc.h **** /**
3247:board/stm32f401rct6/Drivers/STM32F4xx_HAL_Driver/Inc/stm32f4xx_ll_rcc.h ****   * @brief  Set APB2 prescaler
3248:board/stm32f401rct6/Drivers/STM32F4xx_HAL_Driver/Inc/stm32f4xx_ll_rcc.h ****   * @rmtoll CFGR         PPRE2         LL_RCC_SetAPB2Prescaler
3249:board/stm32f401rct6/Drivers/STM32F4xx_HAL_Driver/Inc/stm32f4xx_ll_rcc.h ****   * @param  Prescaler This parameter can be one of the following values:
3250:board/stm32f401rct6/Drivers/STM32F4xx_HAL_Driver/Inc/stm32f4xx_ll_rcc.h ****   *         @arg @ref LL_RCC_APB2_DIV_1
3251:board/stm32f401rct6/Drivers/STM32F4xx_HAL_Driver/Inc/stm32f4xx_ll_rcc.h ****   *         @arg @ref LL_RCC_APB2_DIV_2
3252:board/stm32f401rct6/Drivers/STM32F4xx_HAL_Driver/Inc/stm32f4xx_ll_rcc.h ****   *         @arg @ref LL_RCC_APB2_DIV_4
3253:board/stm32f401rct6/Drivers/STM32F4xx_HAL_Driver/Inc/stm32f4xx_ll_rcc.h ****   *         @arg @ref LL_RCC_APB2_DIV_8
3254:board/stm32f401rct6/Drivers/STM32F4xx_HAL_Driver/Inc/stm32f4xx_ll_rcc.h ****   *         @arg @ref LL_RCC_APB2_DIV_16
3255:board/stm32f401rct6/Drivers/STM32F4xx_HAL_Driver/Inc/stm32f4xx_ll_rcc.h ****   * @retval None
3256:board/stm32f401rct6/Drivers/STM32F4xx_HAL_Driver/Inc/stm32f4xx_ll_rcc.h ****   */
3257:board/stm32f401rct6/Drivers/STM32F4xx_HAL_Driver/Inc/stm32f4xx_ll_rcc.h **** __STATIC_INLINE void LL_RCC_SetAPB2Prescaler(uint32_t Prescaler)
3258:board/stm32f401rct6/Drivers/STM32F4xx_HAL_Driver/Inc/stm32f4xx_ll_rcc.h **** {
3259:board/stm32f401rct6/Drivers/STM32F4xx_HAL_Driver/Inc/stm32f4xx_ll_rcc.h ****   MODIFY_REG(RCC->CFGR, RCC_CFGR_PPRE2, Prescaler);
ARM GAS  C:\Users\Admin\AppData\Local\Temp\ccHMtLfr.s 			page 64


3260:board/stm32f401rct6/Drivers/STM32F4xx_HAL_Driver/Inc/stm32f4xx_ll_rcc.h **** }
3261:board/stm32f401rct6/Drivers/STM32F4xx_HAL_Driver/Inc/stm32f4xx_ll_rcc.h **** 
3262:board/stm32f401rct6/Drivers/STM32F4xx_HAL_Driver/Inc/stm32f4xx_ll_rcc.h **** /**
3263:board/stm32f401rct6/Drivers/STM32F4xx_HAL_Driver/Inc/stm32f4xx_ll_rcc.h ****   * @brief  Get AHB prescaler
3264:board/stm32f401rct6/Drivers/STM32F4xx_HAL_Driver/Inc/stm32f4xx_ll_rcc.h ****   * @rmtoll CFGR         HPRE          LL_RCC_GetAHBPrescaler
3265:board/stm32f401rct6/Drivers/STM32F4xx_HAL_Driver/Inc/stm32f4xx_ll_rcc.h ****   * @retval Returned value can be one of the following values:
3266:board/stm32f401rct6/Drivers/STM32F4xx_HAL_Driver/Inc/stm32f4xx_ll_rcc.h ****   *         @arg @ref LL_RCC_SYSCLK_DIV_1
3267:board/stm32f401rct6/Drivers/STM32F4xx_HAL_Driver/Inc/stm32f4xx_ll_rcc.h ****   *         @arg @ref LL_RCC_SYSCLK_DIV_2
3268:board/stm32f401rct6/Drivers/STM32F4xx_HAL_Driver/Inc/stm32f4xx_ll_rcc.h ****   *         @arg @ref LL_RCC_SYSCLK_DIV_4
3269:board/stm32f401rct6/Drivers/STM32F4xx_HAL_Driver/Inc/stm32f4xx_ll_rcc.h ****   *         @arg @ref LL_RCC_SYSCLK_DIV_8
3270:board/stm32f401rct6/Drivers/STM32F4xx_HAL_Driver/Inc/stm32f4xx_ll_rcc.h ****   *         @arg @ref LL_RCC_SYSCLK_DIV_16
3271:board/stm32f401rct6/Drivers/STM32F4xx_HAL_Driver/Inc/stm32f4xx_ll_rcc.h ****   *         @arg @ref LL_RCC_SYSCLK_DIV_64
3272:board/stm32f401rct6/Drivers/STM32F4xx_HAL_Driver/Inc/stm32f4xx_ll_rcc.h ****   *         @arg @ref LL_RCC_SYSCLK_DIV_128
3273:board/stm32f401rct6/Drivers/STM32F4xx_HAL_Driver/Inc/stm32f4xx_ll_rcc.h ****   *         @arg @ref LL_RCC_SYSCLK_DIV_256
3274:board/stm32f401rct6/Drivers/STM32F4xx_HAL_Driver/Inc/stm32f4xx_ll_rcc.h ****   *         @arg @ref LL_RCC_SYSCLK_DIV_512
3275:board/stm32f401rct6/Drivers/STM32F4xx_HAL_Driver/Inc/stm32f4xx_ll_rcc.h ****   */
3276:board/stm32f401rct6/Drivers/STM32F4xx_HAL_Driver/Inc/stm32f4xx_ll_rcc.h **** __STATIC_INLINE uint32_t LL_RCC_GetAHBPrescaler(void)
3277:board/stm32f401rct6/Drivers/STM32F4xx_HAL_Driver/Inc/stm32f4xx_ll_rcc.h **** {
3278:board/stm32f401rct6/Drivers/STM32F4xx_HAL_Driver/Inc/stm32f4xx_ll_rcc.h ****   return (uint32_t)(READ_BIT(RCC->CFGR, RCC_CFGR_HPRE));
3279:board/stm32f401rct6/Drivers/STM32F4xx_HAL_Driver/Inc/stm32f4xx_ll_rcc.h **** }
3280:board/stm32f401rct6/Drivers/STM32F4xx_HAL_Driver/Inc/stm32f4xx_ll_rcc.h **** 
3281:board/stm32f401rct6/Drivers/STM32F4xx_HAL_Driver/Inc/stm32f4xx_ll_rcc.h **** /**
3282:board/stm32f401rct6/Drivers/STM32F4xx_HAL_Driver/Inc/stm32f4xx_ll_rcc.h ****   * @brief  Get APB1 prescaler
3283:board/stm32f401rct6/Drivers/STM32F4xx_HAL_Driver/Inc/stm32f4xx_ll_rcc.h ****   * @rmtoll CFGR         PPRE1         LL_RCC_GetAPB1Prescaler
3284:board/stm32f401rct6/Drivers/STM32F4xx_HAL_Driver/Inc/stm32f4xx_ll_rcc.h ****   * @retval Returned value can be one of the following values:
3285:board/stm32f401rct6/Drivers/STM32F4xx_HAL_Driver/Inc/stm32f4xx_ll_rcc.h ****   *         @arg @ref LL_RCC_APB1_DIV_1
3286:board/stm32f401rct6/Drivers/STM32F4xx_HAL_Driver/Inc/stm32f4xx_ll_rcc.h ****   *         @arg @ref LL_RCC_APB1_DIV_2
3287:board/stm32f401rct6/Drivers/STM32F4xx_HAL_Driver/Inc/stm32f4xx_ll_rcc.h ****   *         @arg @ref LL_RCC_APB1_DIV_4
3288:board/stm32f401rct6/Drivers/STM32F4xx_HAL_Driver/Inc/stm32f4xx_ll_rcc.h ****   *         @arg @ref LL_RCC_APB1_DIV_8
3289:board/stm32f401rct6/Drivers/STM32F4xx_HAL_Driver/Inc/stm32f4xx_ll_rcc.h ****   *         @arg @ref LL_RCC_APB1_DIV_16
3290:board/stm32f401rct6/Drivers/STM32F4xx_HAL_Driver/Inc/stm32f4xx_ll_rcc.h ****   */
3291:board/stm32f401rct6/Drivers/STM32F4xx_HAL_Driver/Inc/stm32f4xx_ll_rcc.h **** __STATIC_INLINE uint32_t LL_RCC_GetAPB1Prescaler(void)
3292:board/stm32f401rct6/Drivers/STM32F4xx_HAL_Driver/Inc/stm32f4xx_ll_rcc.h **** {
3293:board/stm32f401rct6/Drivers/STM32F4xx_HAL_Driver/Inc/stm32f4xx_ll_rcc.h ****   return (uint32_t)(READ_BIT(RCC->CFGR, RCC_CFGR_PPRE1));
3294:board/stm32f401rct6/Drivers/STM32F4xx_HAL_Driver/Inc/stm32f4xx_ll_rcc.h **** }
3295:board/stm32f401rct6/Drivers/STM32F4xx_HAL_Driver/Inc/stm32f4xx_ll_rcc.h **** 
3296:board/stm32f401rct6/Drivers/STM32F4xx_HAL_Driver/Inc/stm32f4xx_ll_rcc.h **** /**
3297:board/stm32f401rct6/Drivers/STM32F4xx_HAL_Driver/Inc/stm32f4xx_ll_rcc.h ****   * @brief  Get APB2 prescaler
3298:board/stm32f401rct6/Drivers/STM32F4xx_HAL_Driver/Inc/stm32f4xx_ll_rcc.h ****   * @rmtoll CFGR         PPRE2         LL_RCC_GetAPB2Prescaler
3299:board/stm32f401rct6/Drivers/STM32F4xx_HAL_Driver/Inc/stm32f4xx_ll_rcc.h ****   * @retval Returned value can be one of the following values:
3300:board/stm32f401rct6/Drivers/STM32F4xx_HAL_Driver/Inc/stm32f4xx_ll_rcc.h ****   *         @arg @ref LL_RCC_APB2_DIV_1
3301:board/stm32f401rct6/Drivers/STM32F4xx_HAL_Driver/Inc/stm32f4xx_ll_rcc.h ****   *         @arg @ref LL_RCC_APB2_DIV_2
3302:board/stm32f401rct6/Drivers/STM32F4xx_HAL_Driver/Inc/stm32f4xx_ll_rcc.h ****   *         @arg @ref LL_RCC_APB2_DIV_4
3303:board/stm32f401rct6/Drivers/STM32F4xx_HAL_Driver/Inc/stm32f4xx_ll_rcc.h ****   *         @arg @ref LL_RCC_APB2_DIV_8
3304:board/stm32f401rct6/Drivers/STM32F4xx_HAL_Driver/Inc/stm32f4xx_ll_rcc.h ****   *         @arg @ref LL_RCC_APB2_DIV_16
3305:board/stm32f401rct6/Drivers/STM32F4xx_HAL_Driver/Inc/stm32f4xx_ll_rcc.h ****   */
3306:board/stm32f401rct6/Drivers/STM32F4xx_HAL_Driver/Inc/stm32f4xx_ll_rcc.h **** __STATIC_INLINE uint32_t LL_RCC_GetAPB2Prescaler(void)
3307:board/stm32f401rct6/Drivers/STM32F4xx_HAL_Driver/Inc/stm32f4xx_ll_rcc.h **** {
3308:board/stm32f401rct6/Drivers/STM32F4xx_HAL_Driver/Inc/stm32f4xx_ll_rcc.h ****   return (uint32_t)(READ_BIT(RCC->CFGR, RCC_CFGR_PPRE2));
3309:board/stm32f401rct6/Drivers/STM32F4xx_HAL_Driver/Inc/stm32f4xx_ll_rcc.h **** }
3310:board/stm32f401rct6/Drivers/STM32F4xx_HAL_Driver/Inc/stm32f4xx_ll_rcc.h **** 
3311:board/stm32f401rct6/Drivers/STM32F4xx_HAL_Driver/Inc/stm32f4xx_ll_rcc.h **** /**
3312:board/stm32f401rct6/Drivers/STM32F4xx_HAL_Driver/Inc/stm32f4xx_ll_rcc.h ****   * @}
3313:board/stm32f401rct6/Drivers/STM32F4xx_HAL_Driver/Inc/stm32f4xx_ll_rcc.h ****   */
3314:board/stm32f401rct6/Drivers/STM32F4xx_HAL_Driver/Inc/stm32f4xx_ll_rcc.h **** 
3315:board/stm32f401rct6/Drivers/STM32F4xx_HAL_Driver/Inc/stm32f4xx_ll_rcc.h **** /** @defgroup RCC_LL_EF_MCO MCO
3316:board/stm32f401rct6/Drivers/STM32F4xx_HAL_Driver/Inc/stm32f4xx_ll_rcc.h ****   * @{
ARM GAS  C:\Users\Admin\AppData\Local\Temp\ccHMtLfr.s 			page 65


3317:board/stm32f401rct6/Drivers/STM32F4xx_HAL_Driver/Inc/stm32f4xx_ll_rcc.h ****   */
3318:board/stm32f401rct6/Drivers/STM32F4xx_HAL_Driver/Inc/stm32f4xx_ll_rcc.h **** 
3319:board/stm32f401rct6/Drivers/STM32F4xx_HAL_Driver/Inc/stm32f4xx_ll_rcc.h **** #if defined(RCC_CFGR_MCO1EN)
3320:board/stm32f401rct6/Drivers/STM32F4xx_HAL_Driver/Inc/stm32f4xx_ll_rcc.h **** /**
3321:board/stm32f401rct6/Drivers/STM32F4xx_HAL_Driver/Inc/stm32f4xx_ll_rcc.h ****   * @brief  Enable MCO1 output
3322:board/stm32f401rct6/Drivers/STM32F4xx_HAL_Driver/Inc/stm32f4xx_ll_rcc.h ****   * @rmtoll CFGR           RCC_CFGR_MCO1EN         LL_RCC_MCO1_Enable
3323:board/stm32f401rct6/Drivers/STM32F4xx_HAL_Driver/Inc/stm32f4xx_ll_rcc.h ****   * @retval None
3324:board/stm32f401rct6/Drivers/STM32F4xx_HAL_Driver/Inc/stm32f4xx_ll_rcc.h ****   */
3325:board/stm32f401rct6/Drivers/STM32F4xx_HAL_Driver/Inc/stm32f4xx_ll_rcc.h **** __STATIC_INLINE void LL_RCC_MCO1_Enable(void)
3326:board/stm32f401rct6/Drivers/STM32F4xx_HAL_Driver/Inc/stm32f4xx_ll_rcc.h **** {
3327:board/stm32f401rct6/Drivers/STM32F4xx_HAL_Driver/Inc/stm32f4xx_ll_rcc.h ****   SET_BIT(RCC->CFGR, RCC_CFGR_MCO1EN);
3328:board/stm32f401rct6/Drivers/STM32F4xx_HAL_Driver/Inc/stm32f4xx_ll_rcc.h **** }
3329:board/stm32f401rct6/Drivers/STM32F4xx_HAL_Driver/Inc/stm32f4xx_ll_rcc.h **** 
3330:board/stm32f401rct6/Drivers/STM32F4xx_HAL_Driver/Inc/stm32f4xx_ll_rcc.h **** /**
3331:board/stm32f401rct6/Drivers/STM32F4xx_HAL_Driver/Inc/stm32f4xx_ll_rcc.h ****   * @brief  Disable MCO1 output
3332:board/stm32f401rct6/Drivers/STM32F4xx_HAL_Driver/Inc/stm32f4xx_ll_rcc.h ****   * @rmtoll CFGR           RCC_CFGR_MCO1EN         LL_RCC_MCO1_Disable
3333:board/stm32f401rct6/Drivers/STM32F4xx_HAL_Driver/Inc/stm32f4xx_ll_rcc.h ****   * @retval None
3334:board/stm32f401rct6/Drivers/STM32F4xx_HAL_Driver/Inc/stm32f4xx_ll_rcc.h ****   */
3335:board/stm32f401rct6/Drivers/STM32F4xx_HAL_Driver/Inc/stm32f4xx_ll_rcc.h **** __STATIC_INLINE void LL_RCC_MCO1_Disable(void)
3336:board/stm32f401rct6/Drivers/STM32F4xx_HAL_Driver/Inc/stm32f4xx_ll_rcc.h **** {
3337:board/stm32f401rct6/Drivers/STM32F4xx_HAL_Driver/Inc/stm32f4xx_ll_rcc.h ****   CLEAR_BIT(RCC->CFGR, RCC_CFGR_MCO1EN);
3338:board/stm32f401rct6/Drivers/STM32F4xx_HAL_Driver/Inc/stm32f4xx_ll_rcc.h **** }
3339:board/stm32f401rct6/Drivers/STM32F4xx_HAL_Driver/Inc/stm32f4xx_ll_rcc.h **** #endif /* RCC_CFGR_MCO1EN */
3340:board/stm32f401rct6/Drivers/STM32F4xx_HAL_Driver/Inc/stm32f4xx_ll_rcc.h **** 
3341:board/stm32f401rct6/Drivers/STM32F4xx_HAL_Driver/Inc/stm32f4xx_ll_rcc.h **** #if defined(RCC_CFGR_MCO2EN)
3342:board/stm32f401rct6/Drivers/STM32F4xx_HAL_Driver/Inc/stm32f4xx_ll_rcc.h **** /**
3343:board/stm32f401rct6/Drivers/STM32F4xx_HAL_Driver/Inc/stm32f4xx_ll_rcc.h ****   * @brief  Enable MCO2 output
3344:board/stm32f401rct6/Drivers/STM32F4xx_HAL_Driver/Inc/stm32f4xx_ll_rcc.h ****   * @rmtoll CFGR           RCC_CFGR_MCO2EN         LL_RCC_MCO2_Enable
3345:board/stm32f401rct6/Drivers/STM32F4xx_HAL_Driver/Inc/stm32f4xx_ll_rcc.h ****   * @retval None
3346:board/stm32f401rct6/Drivers/STM32F4xx_HAL_Driver/Inc/stm32f4xx_ll_rcc.h ****   */
3347:board/stm32f401rct6/Drivers/STM32F4xx_HAL_Driver/Inc/stm32f4xx_ll_rcc.h **** __STATIC_INLINE void LL_RCC_MCO2_Enable(void)
3348:board/stm32f401rct6/Drivers/STM32F4xx_HAL_Driver/Inc/stm32f4xx_ll_rcc.h **** {
3349:board/stm32f401rct6/Drivers/STM32F4xx_HAL_Driver/Inc/stm32f4xx_ll_rcc.h ****   SET_BIT(RCC->CFGR, RCC_CFGR_MCO2EN);
3350:board/stm32f401rct6/Drivers/STM32F4xx_HAL_Driver/Inc/stm32f4xx_ll_rcc.h **** }
3351:board/stm32f401rct6/Drivers/STM32F4xx_HAL_Driver/Inc/stm32f4xx_ll_rcc.h **** 
3352:board/stm32f401rct6/Drivers/STM32F4xx_HAL_Driver/Inc/stm32f4xx_ll_rcc.h **** /**
3353:board/stm32f401rct6/Drivers/STM32F4xx_HAL_Driver/Inc/stm32f4xx_ll_rcc.h ****   * @brief  Disable MCO2 output
3354:board/stm32f401rct6/Drivers/STM32F4xx_HAL_Driver/Inc/stm32f4xx_ll_rcc.h ****   * @rmtoll CFGR           RCC_CFGR_MCO2EN         LL_RCC_MCO2_Disable
3355:board/stm32f401rct6/Drivers/STM32F4xx_HAL_Driver/Inc/stm32f4xx_ll_rcc.h ****   * @retval None
3356:board/stm32f401rct6/Drivers/STM32F4xx_HAL_Driver/Inc/stm32f4xx_ll_rcc.h ****   */
3357:board/stm32f401rct6/Drivers/STM32F4xx_HAL_Driver/Inc/stm32f4xx_ll_rcc.h **** __STATIC_INLINE void LL_RCC_MCO2_Disable(void)
3358:board/stm32f401rct6/Drivers/STM32F4xx_HAL_Driver/Inc/stm32f4xx_ll_rcc.h **** {
3359:board/stm32f401rct6/Drivers/STM32F4xx_HAL_Driver/Inc/stm32f4xx_ll_rcc.h ****   CLEAR_BIT(RCC->CFGR, RCC_CFGR_MCO2EN);
3360:board/stm32f401rct6/Drivers/STM32F4xx_HAL_Driver/Inc/stm32f4xx_ll_rcc.h **** }
3361:board/stm32f401rct6/Drivers/STM32F4xx_HAL_Driver/Inc/stm32f4xx_ll_rcc.h **** #endif /* RCC_CFGR_MCO2EN */
3362:board/stm32f401rct6/Drivers/STM32F4xx_HAL_Driver/Inc/stm32f4xx_ll_rcc.h **** 
3363:board/stm32f401rct6/Drivers/STM32F4xx_HAL_Driver/Inc/stm32f4xx_ll_rcc.h **** /**
3364:board/stm32f401rct6/Drivers/STM32F4xx_HAL_Driver/Inc/stm32f4xx_ll_rcc.h ****   * @brief  Configure MCOx
3365:board/stm32f401rct6/Drivers/STM32F4xx_HAL_Driver/Inc/stm32f4xx_ll_rcc.h ****   * @rmtoll CFGR         MCO1          LL_RCC_ConfigMCO\n
3366:board/stm32f401rct6/Drivers/STM32F4xx_HAL_Driver/Inc/stm32f4xx_ll_rcc.h ****   *         CFGR         MCO1PRE       LL_RCC_ConfigMCO\n
3367:board/stm32f401rct6/Drivers/STM32F4xx_HAL_Driver/Inc/stm32f4xx_ll_rcc.h ****   *         CFGR         MCO2          LL_RCC_ConfigMCO\n
3368:board/stm32f401rct6/Drivers/STM32F4xx_HAL_Driver/Inc/stm32f4xx_ll_rcc.h ****   *         CFGR         MCO2PRE       LL_RCC_ConfigMCO
3369:board/stm32f401rct6/Drivers/STM32F4xx_HAL_Driver/Inc/stm32f4xx_ll_rcc.h ****   * @param  MCOxSource This parameter can be one of the following values:
3370:board/stm32f401rct6/Drivers/STM32F4xx_HAL_Driver/Inc/stm32f4xx_ll_rcc.h ****   *         @arg @ref LL_RCC_MCO1SOURCE_HSI
3371:board/stm32f401rct6/Drivers/STM32F4xx_HAL_Driver/Inc/stm32f4xx_ll_rcc.h ****   *         @arg @ref LL_RCC_MCO1SOURCE_LSE
3372:board/stm32f401rct6/Drivers/STM32F4xx_HAL_Driver/Inc/stm32f4xx_ll_rcc.h ****   *         @arg @ref LL_RCC_MCO1SOURCE_HSE
3373:board/stm32f401rct6/Drivers/STM32F4xx_HAL_Driver/Inc/stm32f4xx_ll_rcc.h ****   *         @arg @ref LL_RCC_MCO1SOURCE_PLLCLK
ARM GAS  C:\Users\Admin\AppData\Local\Temp\ccHMtLfr.s 			page 66


3374:board/stm32f401rct6/Drivers/STM32F4xx_HAL_Driver/Inc/stm32f4xx_ll_rcc.h ****   *         @arg @ref LL_RCC_MCO2SOURCE_SYSCLK
3375:board/stm32f401rct6/Drivers/STM32F4xx_HAL_Driver/Inc/stm32f4xx_ll_rcc.h ****   *         @arg @ref LL_RCC_MCO2SOURCE_PLLI2S
3376:board/stm32f401rct6/Drivers/STM32F4xx_HAL_Driver/Inc/stm32f4xx_ll_rcc.h ****   *         @arg @ref LL_RCC_MCO2SOURCE_HSE
3377:board/stm32f401rct6/Drivers/STM32F4xx_HAL_Driver/Inc/stm32f4xx_ll_rcc.h ****   *         @arg @ref LL_RCC_MCO2SOURCE_PLLCLK
3378:board/stm32f401rct6/Drivers/STM32F4xx_HAL_Driver/Inc/stm32f4xx_ll_rcc.h ****   * @param  MCOxPrescaler This parameter can be one of the following values:
3379:board/stm32f401rct6/Drivers/STM32F4xx_HAL_Driver/Inc/stm32f4xx_ll_rcc.h ****   *         @arg @ref LL_RCC_MCO1_DIV_1
3380:board/stm32f401rct6/Drivers/STM32F4xx_HAL_Driver/Inc/stm32f4xx_ll_rcc.h ****   *         @arg @ref LL_RCC_MCO1_DIV_2
3381:board/stm32f401rct6/Drivers/STM32F4xx_HAL_Driver/Inc/stm32f4xx_ll_rcc.h ****   *         @arg @ref LL_RCC_MCO1_DIV_3
3382:board/stm32f401rct6/Drivers/STM32F4xx_HAL_Driver/Inc/stm32f4xx_ll_rcc.h ****   *         @arg @ref LL_RCC_MCO1_DIV_4
3383:board/stm32f401rct6/Drivers/STM32F4xx_HAL_Driver/Inc/stm32f4xx_ll_rcc.h ****   *         @arg @ref LL_RCC_MCO1_DIV_5
3384:board/stm32f401rct6/Drivers/STM32F4xx_HAL_Driver/Inc/stm32f4xx_ll_rcc.h ****   *         @arg @ref LL_RCC_MCO2_DIV_1
3385:board/stm32f401rct6/Drivers/STM32F4xx_HAL_Driver/Inc/stm32f4xx_ll_rcc.h ****   *         @arg @ref LL_RCC_MCO2_DIV_2
3386:board/stm32f401rct6/Drivers/STM32F4xx_HAL_Driver/Inc/stm32f4xx_ll_rcc.h ****   *         @arg @ref LL_RCC_MCO2_DIV_3
3387:board/stm32f401rct6/Drivers/STM32F4xx_HAL_Driver/Inc/stm32f4xx_ll_rcc.h ****   *         @arg @ref LL_RCC_MCO2_DIV_4
3388:board/stm32f401rct6/Drivers/STM32F4xx_HAL_Driver/Inc/stm32f4xx_ll_rcc.h ****   *         @arg @ref LL_RCC_MCO2_DIV_5
3389:board/stm32f401rct6/Drivers/STM32F4xx_HAL_Driver/Inc/stm32f4xx_ll_rcc.h ****   * @retval None
3390:board/stm32f401rct6/Drivers/STM32F4xx_HAL_Driver/Inc/stm32f4xx_ll_rcc.h ****   */
3391:board/stm32f401rct6/Drivers/STM32F4xx_HAL_Driver/Inc/stm32f4xx_ll_rcc.h **** __STATIC_INLINE void LL_RCC_ConfigMCO(uint32_t MCOxSource, uint32_t MCOxPrescaler)
3392:board/stm32f401rct6/Drivers/STM32F4xx_HAL_Driver/Inc/stm32f4xx_ll_rcc.h **** {
3393:board/stm32f401rct6/Drivers/STM32F4xx_HAL_Driver/Inc/stm32f4xx_ll_rcc.h ****   MODIFY_REG(RCC->CFGR, (MCOxSource & 0xFFFF0000U) | (MCOxPrescaler & 0xFFFF0000U), (MCOxSource << 
3394:board/stm32f401rct6/Drivers/STM32F4xx_HAL_Driver/Inc/stm32f4xx_ll_rcc.h **** }
3395:board/stm32f401rct6/Drivers/STM32F4xx_HAL_Driver/Inc/stm32f4xx_ll_rcc.h **** 
3396:board/stm32f401rct6/Drivers/STM32F4xx_HAL_Driver/Inc/stm32f4xx_ll_rcc.h **** /**
3397:board/stm32f401rct6/Drivers/STM32F4xx_HAL_Driver/Inc/stm32f4xx_ll_rcc.h ****   * @}
3398:board/stm32f401rct6/Drivers/STM32F4xx_HAL_Driver/Inc/stm32f4xx_ll_rcc.h ****   */
3399:board/stm32f401rct6/Drivers/STM32F4xx_HAL_Driver/Inc/stm32f4xx_ll_rcc.h **** 
3400:board/stm32f401rct6/Drivers/STM32F4xx_HAL_Driver/Inc/stm32f4xx_ll_rcc.h **** /** @defgroup RCC_LL_EF_Peripheral_Clock_Source Peripheral Clock Source
3401:board/stm32f401rct6/Drivers/STM32F4xx_HAL_Driver/Inc/stm32f4xx_ll_rcc.h ****   * @{
3402:board/stm32f401rct6/Drivers/STM32F4xx_HAL_Driver/Inc/stm32f4xx_ll_rcc.h ****   */
3403:board/stm32f401rct6/Drivers/STM32F4xx_HAL_Driver/Inc/stm32f4xx_ll_rcc.h **** #if defined(FMPI2C1)
3404:board/stm32f401rct6/Drivers/STM32F4xx_HAL_Driver/Inc/stm32f4xx_ll_rcc.h **** /**
3405:board/stm32f401rct6/Drivers/STM32F4xx_HAL_Driver/Inc/stm32f4xx_ll_rcc.h ****   * @brief  Configure FMPI2C clock source
3406:board/stm32f401rct6/Drivers/STM32F4xx_HAL_Driver/Inc/stm32f4xx_ll_rcc.h ****   * @rmtoll DCKCFGR2        FMPI2C1SEL       LL_RCC_SetFMPI2CClockSource
3407:board/stm32f401rct6/Drivers/STM32F4xx_HAL_Driver/Inc/stm32f4xx_ll_rcc.h ****   * @param  FMPI2CxSource This parameter can be one of the following values:
3408:board/stm32f401rct6/Drivers/STM32F4xx_HAL_Driver/Inc/stm32f4xx_ll_rcc.h ****   *         @arg @ref LL_RCC_FMPI2C1_CLKSOURCE_PCLK1
3409:board/stm32f401rct6/Drivers/STM32F4xx_HAL_Driver/Inc/stm32f4xx_ll_rcc.h ****   *         @arg @ref LL_RCC_FMPI2C1_CLKSOURCE_SYSCLK
3410:board/stm32f401rct6/Drivers/STM32F4xx_HAL_Driver/Inc/stm32f4xx_ll_rcc.h ****   *         @arg @ref LL_RCC_FMPI2C1_CLKSOURCE_HSI
3411:board/stm32f401rct6/Drivers/STM32F4xx_HAL_Driver/Inc/stm32f4xx_ll_rcc.h ****   * @retval None
3412:board/stm32f401rct6/Drivers/STM32F4xx_HAL_Driver/Inc/stm32f4xx_ll_rcc.h ****   */
3413:board/stm32f401rct6/Drivers/STM32F4xx_HAL_Driver/Inc/stm32f4xx_ll_rcc.h **** __STATIC_INLINE void LL_RCC_SetFMPI2CClockSource(uint32_t FMPI2CxSource)
3414:board/stm32f401rct6/Drivers/STM32F4xx_HAL_Driver/Inc/stm32f4xx_ll_rcc.h **** {
3415:board/stm32f401rct6/Drivers/STM32F4xx_HAL_Driver/Inc/stm32f4xx_ll_rcc.h ****   MODIFY_REG(RCC->DCKCFGR2, RCC_DCKCFGR2_FMPI2C1SEL, FMPI2CxSource);
3416:board/stm32f401rct6/Drivers/STM32F4xx_HAL_Driver/Inc/stm32f4xx_ll_rcc.h **** }
3417:board/stm32f401rct6/Drivers/STM32F4xx_HAL_Driver/Inc/stm32f4xx_ll_rcc.h **** #endif /* FMPI2C1 */
3418:board/stm32f401rct6/Drivers/STM32F4xx_HAL_Driver/Inc/stm32f4xx_ll_rcc.h **** 
3419:board/stm32f401rct6/Drivers/STM32F4xx_HAL_Driver/Inc/stm32f4xx_ll_rcc.h **** #if defined(LPTIM1)
3420:board/stm32f401rct6/Drivers/STM32F4xx_HAL_Driver/Inc/stm32f4xx_ll_rcc.h **** /**
3421:board/stm32f401rct6/Drivers/STM32F4xx_HAL_Driver/Inc/stm32f4xx_ll_rcc.h ****   * @brief  Configure LPTIMx clock source
3422:board/stm32f401rct6/Drivers/STM32F4xx_HAL_Driver/Inc/stm32f4xx_ll_rcc.h ****   * @rmtoll DCKCFGR2        LPTIM1SEL     LL_RCC_SetLPTIMClockSource
3423:board/stm32f401rct6/Drivers/STM32F4xx_HAL_Driver/Inc/stm32f4xx_ll_rcc.h ****   * @param  LPTIMxSource This parameter can be one of the following values:
3424:board/stm32f401rct6/Drivers/STM32F4xx_HAL_Driver/Inc/stm32f4xx_ll_rcc.h ****   *         @arg @ref LL_RCC_LPTIM1_CLKSOURCE_PCLK1
3425:board/stm32f401rct6/Drivers/STM32F4xx_HAL_Driver/Inc/stm32f4xx_ll_rcc.h ****   *         @arg @ref LL_RCC_LPTIM1_CLKSOURCE_HSI
3426:board/stm32f401rct6/Drivers/STM32F4xx_HAL_Driver/Inc/stm32f4xx_ll_rcc.h ****   *         @arg @ref LL_RCC_LPTIM1_CLKSOURCE_LSI
3427:board/stm32f401rct6/Drivers/STM32F4xx_HAL_Driver/Inc/stm32f4xx_ll_rcc.h ****   *         @arg @ref LL_RCC_LPTIM1_CLKSOURCE_LSE
3428:board/stm32f401rct6/Drivers/STM32F4xx_HAL_Driver/Inc/stm32f4xx_ll_rcc.h ****   * @retval None
3429:board/stm32f401rct6/Drivers/STM32F4xx_HAL_Driver/Inc/stm32f4xx_ll_rcc.h ****   */
3430:board/stm32f401rct6/Drivers/STM32F4xx_HAL_Driver/Inc/stm32f4xx_ll_rcc.h **** __STATIC_INLINE void LL_RCC_SetLPTIMClockSource(uint32_t LPTIMxSource)
ARM GAS  C:\Users\Admin\AppData\Local\Temp\ccHMtLfr.s 			page 67


3431:board/stm32f401rct6/Drivers/STM32F4xx_HAL_Driver/Inc/stm32f4xx_ll_rcc.h **** {
3432:board/stm32f401rct6/Drivers/STM32F4xx_HAL_Driver/Inc/stm32f4xx_ll_rcc.h ****   MODIFY_REG(RCC->DCKCFGR2, RCC_DCKCFGR2_LPTIM1SEL, LPTIMxSource);
3433:board/stm32f401rct6/Drivers/STM32F4xx_HAL_Driver/Inc/stm32f4xx_ll_rcc.h **** }
3434:board/stm32f401rct6/Drivers/STM32F4xx_HAL_Driver/Inc/stm32f4xx_ll_rcc.h **** #endif /* LPTIM1 */
3435:board/stm32f401rct6/Drivers/STM32F4xx_HAL_Driver/Inc/stm32f4xx_ll_rcc.h **** 
3436:board/stm32f401rct6/Drivers/STM32F4xx_HAL_Driver/Inc/stm32f4xx_ll_rcc.h **** #if defined(SAI1)
3437:board/stm32f401rct6/Drivers/STM32F4xx_HAL_Driver/Inc/stm32f4xx_ll_rcc.h **** /**
3438:board/stm32f401rct6/Drivers/STM32F4xx_HAL_Driver/Inc/stm32f4xx_ll_rcc.h ****   * @brief  Configure SAIx clock source
3439:board/stm32f401rct6/Drivers/STM32F4xx_HAL_Driver/Inc/stm32f4xx_ll_rcc.h ****   * @rmtoll DCKCFGR        SAI1SRC       LL_RCC_SetSAIClockSource\n
3440:board/stm32f401rct6/Drivers/STM32F4xx_HAL_Driver/Inc/stm32f4xx_ll_rcc.h ****   *         DCKCFGR        SAI2SRC       LL_RCC_SetSAIClockSource\n
3441:board/stm32f401rct6/Drivers/STM32F4xx_HAL_Driver/Inc/stm32f4xx_ll_rcc.h ****   *         DCKCFGR        SAI1ASRC      LL_RCC_SetSAIClockSource\n
3442:board/stm32f401rct6/Drivers/STM32F4xx_HAL_Driver/Inc/stm32f4xx_ll_rcc.h ****   *         DCKCFGR        SAI1BSRC      LL_RCC_SetSAIClockSource
3443:board/stm32f401rct6/Drivers/STM32F4xx_HAL_Driver/Inc/stm32f4xx_ll_rcc.h ****   * @param  SAIxSource This parameter can be one of the following values:
3444:board/stm32f401rct6/Drivers/STM32F4xx_HAL_Driver/Inc/stm32f4xx_ll_rcc.h ****   *         @arg @ref LL_RCC_SAI1_CLKSOURCE_PLLSAI (*)
3445:board/stm32f401rct6/Drivers/STM32F4xx_HAL_Driver/Inc/stm32f4xx_ll_rcc.h ****   *         @arg @ref LL_RCC_SAI1_CLKSOURCE_PLLI2S (*)
3446:board/stm32f401rct6/Drivers/STM32F4xx_HAL_Driver/Inc/stm32f4xx_ll_rcc.h ****   *         @arg @ref LL_RCC_SAI1_CLKSOURCE_PLL (*)
3447:board/stm32f401rct6/Drivers/STM32F4xx_HAL_Driver/Inc/stm32f4xx_ll_rcc.h ****   *         @arg @ref LL_RCC_SAI1_CLKSOURCE_PIN (*)
3448:board/stm32f401rct6/Drivers/STM32F4xx_HAL_Driver/Inc/stm32f4xx_ll_rcc.h ****   *         @arg @ref LL_RCC_SAI2_CLKSOURCE_PLLSAI (*)
3449:board/stm32f401rct6/Drivers/STM32F4xx_HAL_Driver/Inc/stm32f4xx_ll_rcc.h ****   *         @arg @ref LL_RCC_SAI2_CLKSOURCE_PLLI2S (*)
3450:board/stm32f401rct6/Drivers/STM32F4xx_HAL_Driver/Inc/stm32f4xx_ll_rcc.h ****   *         @arg @ref LL_RCC_SAI2_CLKSOURCE_PLL  (*)
3451:board/stm32f401rct6/Drivers/STM32F4xx_HAL_Driver/Inc/stm32f4xx_ll_rcc.h ****   *         @arg @ref LL_RCC_SAI2_CLKSOURCE_PLLSRC (*)
3452:board/stm32f401rct6/Drivers/STM32F4xx_HAL_Driver/Inc/stm32f4xx_ll_rcc.h ****   *         @arg @ref LL_RCC_SAI1_A_CLKSOURCE_PLLSAI (*)
3453:board/stm32f401rct6/Drivers/STM32F4xx_HAL_Driver/Inc/stm32f4xx_ll_rcc.h ****   *         @arg @ref LL_RCC_SAI1_A_CLKSOURCE_PLLI2S (*)
3454:board/stm32f401rct6/Drivers/STM32F4xx_HAL_Driver/Inc/stm32f4xx_ll_rcc.h ****   *         @arg @ref LL_RCC_SAI1_A_CLKSOURCE_PIN (*)
3455:board/stm32f401rct6/Drivers/STM32F4xx_HAL_Driver/Inc/stm32f4xx_ll_rcc.h ****   *         @arg @ref LL_RCC_SAI1_A_CLKSOURCE_PLL (*)
3456:board/stm32f401rct6/Drivers/STM32F4xx_HAL_Driver/Inc/stm32f4xx_ll_rcc.h ****   *         @arg @ref LL_RCC_SAI1_A_CLKSOURCE_PLLSRC (*)
3457:board/stm32f401rct6/Drivers/STM32F4xx_HAL_Driver/Inc/stm32f4xx_ll_rcc.h ****   *         @arg @ref LL_RCC_SAI1_B_CLKSOURCE_PLLSAI (*)
3458:board/stm32f401rct6/Drivers/STM32F4xx_HAL_Driver/Inc/stm32f4xx_ll_rcc.h ****   *         @arg @ref LL_RCC_SAI1_B_CLKSOURCE_PLLI2S (*)
3459:board/stm32f401rct6/Drivers/STM32F4xx_HAL_Driver/Inc/stm32f4xx_ll_rcc.h ****   *         @arg @ref LL_RCC_SAI1_B_CLKSOURCE_PIN (*)
3460:board/stm32f401rct6/Drivers/STM32F4xx_HAL_Driver/Inc/stm32f4xx_ll_rcc.h ****   *         @arg @ref LL_RCC_SAI1_B_CLKSOURCE_PLL  (*)
3461:board/stm32f401rct6/Drivers/STM32F4xx_HAL_Driver/Inc/stm32f4xx_ll_rcc.h ****   *         @arg @ref LL_RCC_SAI1_B_CLKSOURCE_PLLSRC (*)
3462:board/stm32f401rct6/Drivers/STM32F4xx_HAL_Driver/Inc/stm32f4xx_ll_rcc.h ****   *
3463:board/stm32f401rct6/Drivers/STM32F4xx_HAL_Driver/Inc/stm32f4xx_ll_rcc.h ****   *         (*) value not defined in all devices.
3464:board/stm32f401rct6/Drivers/STM32F4xx_HAL_Driver/Inc/stm32f4xx_ll_rcc.h ****   * @retval None
3465:board/stm32f401rct6/Drivers/STM32F4xx_HAL_Driver/Inc/stm32f4xx_ll_rcc.h ****   */
3466:board/stm32f401rct6/Drivers/STM32F4xx_HAL_Driver/Inc/stm32f4xx_ll_rcc.h **** __STATIC_INLINE void LL_RCC_SetSAIClockSource(uint32_t SAIxSource)
3467:board/stm32f401rct6/Drivers/STM32F4xx_HAL_Driver/Inc/stm32f4xx_ll_rcc.h **** {
3468:board/stm32f401rct6/Drivers/STM32F4xx_HAL_Driver/Inc/stm32f4xx_ll_rcc.h ****   MODIFY_REG(RCC->DCKCFGR, (SAIxSource & 0xFFFF0000U), (SAIxSource << 16U));
3469:board/stm32f401rct6/Drivers/STM32F4xx_HAL_Driver/Inc/stm32f4xx_ll_rcc.h **** }
3470:board/stm32f401rct6/Drivers/STM32F4xx_HAL_Driver/Inc/stm32f4xx_ll_rcc.h **** #endif /* SAI1 */
3471:board/stm32f401rct6/Drivers/STM32F4xx_HAL_Driver/Inc/stm32f4xx_ll_rcc.h **** 
3472:board/stm32f401rct6/Drivers/STM32F4xx_HAL_Driver/Inc/stm32f4xx_ll_rcc.h **** #if defined(RCC_DCKCFGR_SDIOSEL) || defined(RCC_DCKCFGR2_SDIOSEL)
3473:board/stm32f401rct6/Drivers/STM32F4xx_HAL_Driver/Inc/stm32f4xx_ll_rcc.h **** /**
3474:board/stm32f401rct6/Drivers/STM32F4xx_HAL_Driver/Inc/stm32f4xx_ll_rcc.h ****   * @brief  Configure SDIO clock source
3475:board/stm32f401rct6/Drivers/STM32F4xx_HAL_Driver/Inc/stm32f4xx_ll_rcc.h ****   * @rmtoll DCKCFGR         SDIOSEL      LL_RCC_SetSDIOClockSource\n
3476:board/stm32f401rct6/Drivers/STM32F4xx_HAL_Driver/Inc/stm32f4xx_ll_rcc.h ****   *         DCKCFGR2        SDIOSEL      LL_RCC_SetSDIOClockSource
3477:board/stm32f401rct6/Drivers/STM32F4xx_HAL_Driver/Inc/stm32f4xx_ll_rcc.h ****   * @param  SDIOxSource This parameter can be one of the following values:
3478:board/stm32f401rct6/Drivers/STM32F4xx_HAL_Driver/Inc/stm32f4xx_ll_rcc.h ****   *         @arg @ref LL_RCC_SDIO_CLKSOURCE_PLL48CLK
3479:board/stm32f401rct6/Drivers/STM32F4xx_HAL_Driver/Inc/stm32f4xx_ll_rcc.h ****   *         @arg @ref LL_RCC_SDIO_CLKSOURCE_SYSCLK
3480:board/stm32f401rct6/Drivers/STM32F4xx_HAL_Driver/Inc/stm32f4xx_ll_rcc.h ****   * @retval None
3481:board/stm32f401rct6/Drivers/STM32F4xx_HAL_Driver/Inc/stm32f4xx_ll_rcc.h ****   */
3482:board/stm32f401rct6/Drivers/STM32F4xx_HAL_Driver/Inc/stm32f4xx_ll_rcc.h **** __STATIC_INLINE void LL_RCC_SetSDIOClockSource(uint32_t SDIOxSource)
3483:board/stm32f401rct6/Drivers/STM32F4xx_HAL_Driver/Inc/stm32f4xx_ll_rcc.h **** {
3484:board/stm32f401rct6/Drivers/STM32F4xx_HAL_Driver/Inc/stm32f4xx_ll_rcc.h **** #if defined(RCC_DCKCFGR_SDIOSEL)
3485:board/stm32f401rct6/Drivers/STM32F4xx_HAL_Driver/Inc/stm32f4xx_ll_rcc.h ****   MODIFY_REG(RCC->DCKCFGR, RCC_DCKCFGR_SDIOSEL, SDIOxSource);
3486:board/stm32f401rct6/Drivers/STM32F4xx_HAL_Driver/Inc/stm32f4xx_ll_rcc.h **** #else
3487:board/stm32f401rct6/Drivers/STM32F4xx_HAL_Driver/Inc/stm32f4xx_ll_rcc.h ****   MODIFY_REG(RCC->DCKCFGR2, RCC_DCKCFGR2_SDIOSEL, SDIOxSource);
ARM GAS  C:\Users\Admin\AppData\Local\Temp\ccHMtLfr.s 			page 68


3488:board/stm32f401rct6/Drivers/STM32F4xx_HAL_Driver/Inc/stm32f4xx_ll_rcc.h **** #endif /* RCC_DCKCFGR_SDIOSEL */
3489:board/stm32f401rct6/Drivers/STM32F4xx_HAL_Driver/Inc/stm32f4xx_ll_rcc.h **** }
3490:board/stm32f401rct6/Drivers/STM32F4xx_HAL_Driver/Inc/stm32f4xx_ll_rcc.h **** #endif /* RCC_DCKCFGR_SDIOSEL || RCC_DCKCFGR2_SDIOSEL */
3491:board/stm32f401rct6/Drivers/STM32F4xx_HAL_Driver/Inc/stm32f4xx_ll_rcc.h **** 
3492:board/stm32f401rct6/Drivers/STM32F4xx_HAL_Driver/Inc/stm32f4xx_ll_rcc.h **** #if defined(RCC_DCKCFGR_CK48MSEL) || defined(RCC_DCKCFGR2_CK48MSEL)
3493:board/stm32f401rct6/Drivers/STM32F4xx_HAL_Driver/Inc/stm32f4xx_ll_rcc.h **** /**
3494:board/stm32f401rct6/Drivers/STM32F4xx_HAL_Driver/Inc/stm32f4xx_ll_rcc.h ****   * @brief  Configure 48Mhz domain clock source
3495:board/stm32f401rct6/Drivers/STM32F4xx_HAL_Driver/Inc/stm32f4xx_ll_rcc.h ****   * @rmtoll DCKCFGR         CK48MSEL      LL_RCC_SetCK48MClockSource\n
3496:board/stm32f401rct6/Drivers/STM32F4xx_HAL_Driver/Inc/stm32f4xx_ll_rcc.h ****   *         DCKCFGR2        CK48MSEL      LL_RCC_SetCK48MClockSource
3497:board/stm32f401rct6/Drivers/STM32F4xx_HAL_Driver/Inc/stm32f4xx_ll_rcc.h ****   * @param  CK48MxSource This parameter can be one of the following values:
3498:board/stm32f401rct6/Drivers/STM32F4xx_HAL_Driver/Inc/stm32f4xx_ll_rcc.h ****   *         @arg @ref LL_RCC_CK48M_CLKSOURCE_PLL
3499:board/stm32f401rct6/Drivers/STM32F4xx_HAL_Driver/Inc/stm32f4xx_ll_rcc.h ****   *         @arg @ref LL_RCC_CK48M_CLKSOURCE_PLLSAI (*)
3500:board/stm32f401rct6/Drivers/STM32F4xx_HAL_Driver/Inc/stm32f4xx_ll_rcc.h ****   *         @arg @ref LL_RCC_CK48M_CLKSOURCE_PLLI2S (*)
3501:board/stm32f401rct6/Drivers/STM32F4xx_HAL_Driver/Inc/stm32f4xx_ll_rcc.h ****   *
3502:board/stm32f401rct6/Drivers/STM32F4xx_HAL_Driver/Inc/stm32f4xx_ll_rcc.h ****   *         (*) value not defined in all devices.
3503:board/stm32f401rct6/Drivers/STM32F4xx_HAL_Driver/Inc/stm32f4xx_ll_rcc.h ****   * @retval None
3504:board/stm32f401rct6/Drivers/STM32F4xx_HAL_Driver/Inc/stm32f4xx_ll_rcc.h ****   */
3505:board/stm32f401rct6/Drivers/STM32F4xx_HAL_Driver/Inc/stm32f4xx_ll_rcc.h **** __STATIC_INLINE void LL_RCC_SetCK48MClockSource(uint32_t CK48MxSource)
3506:board/stm32f401rct6/Drivers/STM32F4xx_HAL_Driver/Inc/stm32f4xx_ll_rcc.h **** {
3507:board/stm32f401rct6/Drivers/STM32F4xx_HAL_Driver/Inc/stm32f4xx_ll_rcc.h **** #if defined(RCC_DCKCFGR_CK48MSEL)
3508:board/stm32f401rct6/Drivers/STM32F4xx_HAL_Driver/Inc/stm32f4xx_ll_rcc.h ****   MODIFY_REG(RCC->DCKCFGR, RCC_DCKCFGR_CK48MSEL, CK48MxSource);
3509:board/stm32f401rct6/Drivers/STM32F4xx_HAL_Driver/Inc/stm32f4xx_ll_rcc.h **** #else
3510:board/stm32f401rct6/Drivers/STM32F4xx_HAL_Driver/Inc/stm32f4xx_ll_rcc.h ****   MODIFY_REG(RCC->DCKCFGR2, RCC_DCKCFGR2_CK48MSEL, CK48MxSource);
3511:board/stm32f401rct6/Drivers/STM32F4xx_HAL_Driver/Inc/stm32f4xx_ll_rcc.h **** #endif /* RCC_DCKCFGR_CK48MSEL */
3512:board/stm32f401rct6/Drivers/STM32F4xx_HAL_Driver/Inc/stm32f4xx_ll_rcc.h **** }
3513:board/stm32f401rct6/Drivers/STM32F4xx_HAL_Driver/Inc/stm32f4xx_ll_rcc.h **** 
3514:board/stm32f401rct6/Drivers/STM32F4xx_HAL_Driver/Inc/stm32f4xx_ll_rcc.h **** #if defined(RNG)
3515:board/stm32f401rct6/Drivers/STM32F4xx_HAL_Driver/Inc/stm32f4xx_ll_rcc.h **** /**
3516:board/stm32f401rct6/Drivers/STM32F4xx_HAL_Driver/Inc/stm32f4xx_ll_rcc.h ****   * @brief  Configure RNG clock source
3517:board/stm32f401rct6/Drivers/STM32F4xx_HAL_Driver/Inc/stm32f4xx_ll_rcc.h ****   * @rmtoll DCKCFGR         CK48MSEL      LL_RCC_SetRNGClockSource\n
3518:board/stm32f401rct6/Drivers/STM32F4xx_HAL_Driver/Inc/stm32f4xx_ll_rcc.h ****   *         DCKCFGR2        CK48MSEL      LL_RCC_SetRNGClockSource
3519:board/stm32f401rct6/Drivers/STM32F4xx_HAL_Driver/Inc/stm32f4xx_ll_rcc.h ****   * @param  RNGxSource This parameter can be one of the following values:
3520:board/stm32f401rct6/Drivers/STM32F4xx_HAL_Driver/Inc/stm32f4xx_ll_rcc.h ****   *         @arg @ref LL_RCC_RNG_CLKSOURCE_PLL
3521:board/stm32f401rct6/Drivers/STM32F4xx_HAL_Driver/Inc/stm32f4xx_ll_rcc.h ****   *         @arg @ref LL_RCC_RNG_CLKSOURCE_PLLSAI (*)
3522:board/stm32f401rct6/Drivers/STM32F4xx_HAL_Driver/Inc/stm32f4xx_ll_rcc.h ****   *         @arg @ref LL_RCC_RNG_CLKSOURCE_PLLI2S (*)
3523:board/stm32f401rct6/Drivers/STM32F4xx_HAL_Driver/Inc/stm32f4xx_ll_rcc.h ****   *
3524:board/stm32f401rct6/Drivers/STM32F4xx_HAL_Driver/Inc/stm32f4xx_ll_rcc.h ****   *         (*) value not defined in all devices.
3525:board/stm32f401rct6/Drivers/STM32F4xx_HAL_Driver/Inc/stm32f4xx_ll_rcc.h ****   * @retval None
3526:board/stm32f401rct6/Drivers/STM32F4xx_HAL_Driver/Inc/stm32f4xx_ll_rcc.h ****   */
3527:board/stm32f401rct6/Drivers/STM32F4xx_HAL_Driver/Inc/stm32f4xx_ll_rcc.h **** __STATIC_INLINE void LL_RCC_SetRNGClockSource(uint32_t RNGxSource)
3528:board/stm32f401rct6/Drivers/STM32F4xx_HAL_Driver/Inc/stm32f4xx_ll_rcc.h **** {
3529:board/stm32f401rct6/Drivers/STM32F4xx_HAL_Driver/Inc/stm32f4xx_ll_rcc.h **** #if defined(RCC_DCKCFGR_CK48MSEL)
3530:board/stm32f401rct6/Drivers/STM32F4xx_HAL_Driver/Inc/stm32f4xx_ll_rcc.h ****   MODIFY_REG(RCC->DCKCFGR, RCC_DCKCFGR_CK48MSEL, RNGxSource);
3531:board/stm32f401rct6/Drivers/STM32F4xx_HAL_Driver/Inc/stm32f4xx_ll_rcc.h **** #else
3532:board/stm32f401rct6/Drivers/STM32F4xx_HAL_Driver/Inc/stm32f4xx_ll_rcc.h ****   MODIFY_REG(RCC->DCKCFGR2, RCC_DCKCFGR2_CK48MSEL, RNGxSource);
3533:board/stm32f401rct6/Drivers/STM32F4xx_HAL_Driver/Inc/stm32f4xx_ll_rcc.h **** #endif /* RCC_DCKCFGR_CK48MSEL */
3534:board/stm32f401rct6/Drivers/STM32F4xx_HAL_Driver/Inc/stm32f4xx_ll_rcc.h **** }
3535:board/stm32f401rct6/Drivers/STM32F4xx_HAL_Driver/Inc/stm32f4xx_ll_rcc.h **** #endif /* RNG */
3536:board/stm32f401rct6/Drivers/STM32F4xx_HAL_Driver/Inc/stm32f4xx_ll_rcc.h **** 
3537:board/stm32f401rct6/Drivers/STM32F4xx_HAL_Driver/Inc/stm32f4xx_ll_rcc.h **** #if defined(USB_OTG_FS) || defined(USB_OTG_HS)
3538:board/stm32f401rct6/Drivers/STM32F4xx_HAL_Driver/Inc/stm32f4xx_ll_rcc.h **** /**
3539:board/stm32f401rct6/Drivers/STM32F4xx_HAL_Driver/Inc/stm32f4xx_ll_rcc.h ****   * @brief  Configure USB clock source
3540:board/stm32f401rct6/Drivers/STM32F4xx_HAL_Driver/Inc/stm32f4xx_ll_rcc.h ****   * @rmtoll DCKCFGR         CK48MSEL      LL_RCC_SetUSBClockSource\n
3541:board/stm32f401rct6/Drivers/STM32F4xx_HAL_Driver/Inc/stm32f4xx_ll_rcc.h ****   *         DCKCFGR2        CK48MSEL      LL_RCC_SetUSBClockSource
3542:board/stm32f401rct6/Drivers/STM32F4xx_HAL_Driver/Inc/stm32f4xx_ll_rcc.h ****   * @param  USBxSource This parameter can be one of the following values:
3543:board/stm32f401rct6/Drivers/STM32F4xx_HAL_Driver/Inc/stm32f4xx_ll_rcc.h ****   *         @arg @ref LL_RCC_USB_CLKSOURCE_PLL
3544:board/stm32f401rct6/Drivers/STM32F4xx_HAL_Driver/Inc/stm32f4xx_ll_rcc.h ****   *         @arg @ref LL_RCC_USB_CLKSOURCE_PLLSAI (*)
ARM GAS  C:\Users\Admin\AppData\Local\Temp\ccHMtLfr.s 			page 69


3545:board/stm32f401rct6/Drivers/STM32F4xx_HAL_Driver/Inc/stm32f4xx_ll_rcc.h ****   *         @arg @ref LL_RCC_USB_CLKSOURCE_PLLI2S (*)
3546:board/stm32f401rct6/Drivers/STM32F4xx_HAL_Driver/Inc/stm32f4xx_ll_rcc.h ****   *
3547:board/stm32f401rct6/Drivers/STM32F4xx_HAL_Driver/Inc/stm32f4xx_ll_rcc.h ****   *         (*) value not defined in all devices.
3548:board/stm32f401rct6/Drivers/STM32F4xx_HAL_Driver/Inc/stm32f4xx_ll_rcc.h ****   * @retval None
3549:board/stm32f401rct6/Drivers/STM32F4xx_HAL_Driver/Inc/stm32f4xx_ll_rcc.h ****   */
3550:board/stm32f401rct6/Drivers/STM32F4xx_HAL_Driver/Inc/stm32f4xx_ll_rcc.h **** __STATIC_INLINE void LL_RCC_SetUSBClockSource(uint32_t USBxSource)
3551:board/stm32f401rct6/Drivers/STM32F4xx_HAL_Driver/Inc/stm32f4xx_ll_rcc.h **** {
3552:board/stm32f401rct6/Drivers/STM32F4xx_HAL_Driver/Inc/stm32f4xx_ll_rcc.h **** #if defined(RCC_DCKCFGR_CK48MSEL)
3553:board/stm32f401rct6/Drivers/STM32F4xx_HAL_Driver/Inc/stm32f4xx_ll_rcc.h ****   MODIFY_REG(RCC->DCKCFGR, RCC_DCKCFGR_CK48MSEL, USBxSource);
3554:board/stm32f401rct6/Drivers/STM32F4xx_HAL_Driver/Inc/stm32f4xx_ll_rcc.h **** #else
3555:board/stm32f401rct6/Drivers/STM32F4xx_HAL_Driver/Inc/stm32f4xx_ll_rcc.h ****   MODIFY_REG(RCC->DCKCFGR2, RCC_DCKCFGR2_CK48MSEL, USBxSource);
3556:board/stm32f401rct6/Drivers/STM32F4xx_HAL_Driver/Inc/stm32f4xx_ll_rcc.h **** #endif /* RCC_DCKCFGR_CK48MSEL */
3557:board/stm32f401rct6/Drivers/STM32F4xx_HAL_Driver/Inc/stm32f4xx_ll_rcc.h **** }
3558:board/stm32f401rct6/Drivers/STM32F4xx_HAL_Driver/Inc/stm32f4xx_ll_rcc.h **** #endif /* USB_OTG_FS || USB_OTG_HS */
3559:board/stm32f401rct6/Drivers/STM32F4xx_HAL_Driver/Inc/stm32f4xx_ll_rcc.h **** #endif /* RCC_DCKCFGR_CK48MSEL || RCC_DCKCFGR2_CK48MSEL */
3560:board/stm32f401rct6/Drivers/STM32F4xx_HAL_Driver/Inc/stm32f4xx_ll_rcc.h **** 
3561:board/stm32f401rct6/Drivers/STM32F4xx_HAL_Driver/Inc/stm32f4xx_ll_rcc.h **** #if defined(CEC)
3562:board/stm32f401rct6/Drivers/STM32F4xx_HAL_Driver/Inc/stm32f4xx_ll_rcc.h **** /**
3563:board/stm32f401rct6/Drivers/STM32F4xx_HAL_Driver/Inc/stm32f4xx_ll_rcc.h ****   * @brief  Configure CEC clock source
3564:board/stm32f401rct6/Drivers/STM32F4xx_HAL_Driver/Inc/stm32f4xx_ll_rcc.h ****   * @rmtoll DCKCFGR2         CECSEL        LL_RCC_SetCECClockSource
3565:board/stm32f401rct6/Drivers/STM32F4xx_HAL_Driver/Inc/stm32f4xx_ll_rcc.h ****   * @param  Source This parameter can be one of the following values:
3566:board/stm32f401rct6/Drivers/STM32F4xx_HAL_Driver/Inc/stm32f4xx_ll_rcc.h ****   *         @arg @ref LL_RCC_CEC_CLKSOURCE_HSI_DIV488
3567:board/stm32f401rct6/Drivers/STM32F4xx_HAL_Driver/Inc/stm32f4xx_ll_rcc.h ****   *         @arg @ref LL_RCC_CEC_CLKSOURCE_LSE
3568:board/stm32f401rct6/Drivers/STM32F4xx_HAL_Driver/Inc/stm32f4xx_ll_rcc.h ****   * @retval None
3569:board/stm32f401rct6/Drivers/STM32F4xx_HAL_Driver/Inc/stm32f4xx_ll_rcc.h ****   */
3570:board/stm32f401rct6/Drivers/STM32F4xx_HAL_Driver/Inc/stm32f4xx_ll_rcc.h **** __STATIC_INLINE void LL_RCC_SetCECClockSource(uint32_t Source)
3571:board/stm32f401rct6/Drivers/STM32F4xx_HAL_Driver/Inc/stm32f4xx_ll_rcc.h **** {
3572:board/stm32f401rct6/Drivers/STM32F4xx_HAL_Driver/Inc/stm32f4xx_ll_rcc.h ****   MODIFY_REG(RCC->DCKCFGR2, RCC_DCKCFGR2_CECSEL, Source);
3573:board/stm32f401rct6/Drivers/STM32F4xx_HAL_Driver/Inc/stm32f4xx_ll_rcc.h **** }
3574:board/stm32f401rct6/Drivers/STM32F4xx_HAL_Driver/Inc/stm32f4xx_ll_rcc.h **** #endif /* CEC */
3575:board/stm32f401rct6/Drivers/STM32F4xx_HAL_Driver/Inc/stm32f4xx_ll_rcc.h **** 
3576:board/stm32f401rct6/Drivers/STM32F4xx_HAL_Driver/Inc/stm32f4xx_ll_rcc.h **** /**
3577:board/stm32f401rct6/Drivers/STM32F4xx_HAL_Driver/Inc/stm32f4xx_ll_rcc.h ****   * @brief  Configure I2S clock source
3578:board/stm32f401rct6/Drivers/STM32F4xx_HAL_Driver/Inc/stm32f4xx_ll_rcc.h ****   * @rmtoll CFGR         I2SSRC        LL_RCC_SetI2SClockSource\n
3579:board/stm32f401rct6/Drivers/STM32F4xx_HAL_Driver/Inc/stm32f4xx_ll_rcc.h ****   *         DCKCFGR      I2SSRC        LL_RCC_SetI2SClockSource\n
3580:board/stm32f401rct6/Drivers/STM32F4xx_HAL_Driver/Inc/stm32f4xx_ll_rcc.h ****   *         DCKCFGR      I2S1SRC       LL_RCC_SetI2SClockSource\n
3581:board/stm32f401rct6/Drivers/STM32F4xx_HAL_Driver/Inc/stm32f4xx_ll_rcc.h ****   *         DCKCFGR      I2S2SRC       LL_RCC_SetI2SClockSource
3582:board/stm32f401rct6/Drivers/STM32F4xx_HAL_Driver/Inc/stm32f4xx_ll_rcc.h ****   * @param  Source This parameter can be one of the following values:
3583:board/stm32f401rct6/Drivers/STM32F4xx_HAL_Driver/Inc/stm32f4xx_ll_rcc.h ****   *         @arg @ref LL_RCC_I2S1_CLKSOURCE_PLLI2S (*)
3584:board/stm32f401rct6/Drivers/STM32F4xx_HAL_Driver/Inc/stm32f4xx_ll_rcc.h ****   *         @arg @ref LL_RCC_I2S1_CLKSOURCE_PIN
3585:board/stm32f401rct6/Drivers/STM32F4xx_HAL_Driver/Inc/stm32f4xx_ll_rcc.h ****   *         @arg @ref LL_RCC_I2S1_CLKSOURCE_PLL (*)
3586:board/stm32f401rct6/Drivers/STM32F4xx_HAL_Driver/Inc/stm32f4xx_ll_rcc.h ****   *         @arg @ref LL_RCC_I2S1_CLKSOURCE_PLLSRC (*)
3587:board/stm32f401rct6/Drivers/STM32F4xx_HAL_Driver/Inc/stm32f4xx_ll_rcc.h ****   *         @arg @ref LL_RCC_I2S2_CLKSOURCE_PLLI2S (*)
3588:board/stm32f401rct6/Drivers/STM32F4xx_HAL_Driver/Inc/stm32f4xx_ll_rcc.h ****   *         @arg @ref LL_RCC_I2S2_CLKSOURCE_PIN (*)
3589:board/stm32f401rct6/Drivers/STM32F4xx_HAL_Driver/Inc/stm32f4xx_ll_rcc.h ****   *         @arg @ref LL_RCC_I2S2_CLKSOURCE_PLL (*)
3590:board/stm32f401rct6/Drivers/STM32F4xx_HAL_Driver/Inc/stm32f4xx_ll_rcc.h ****   *         @arg @ref LL_RCC_I2S2_CLKSOURCE_PLLSRC (*)
3591:board/stm32f401rct6/Drivers/STM32F4xx_HAL_Driver/Inc/stm32f4xx_ll_rcc.h ****   *
3592:board/stm32f401rct6/Drivers/STM32F4xx_HAL_Driver/Inc/stm32f4xx_ll_rcc.h ****   *         (*) value not defined in all devices.
3593:board/stm32f401rct6/Drivers/STM32F4xx_HAL_Driver/Inc/stm32f4xx_ll_rcc.h ****   * @retval None
3594:board/stm32f401rct6/Drivers/STM32F4xx_HAL_Driver/Inc/stm32f4xx_ll_rcc.h ****   */
3595:board/stm32f401rct6/Drivers/STM32F4xx_HAL_Driver/Inc/stm32f4xx_ll_rcc.h **** __STATIC_INLINE void LL_RCC_SetI2SClockSource(uint32_t Source)
3596:board/stm32f401rct6/Drivers/STM32F4xx_HAL_Driver/Inc/stm32f4xx_ll_rcc.h **** {
3597:board/stm32f401rct6/Drivers/STM32F4xx_HAL_Driver/Inc/stm32f4xx_ll_rcc.h **** #if defined(RCC_CFGR_I2SSRC)
3598:board/stm32f401rct6/Drivers/STM32F4xx_HAL_Driver/Inc/stm32f4xx_ll_rcc.h ****   MODIFY_REG(RCC->CFGR, RCC_CFGR_I2SSRC, Source);
3599:board/stm32f401rct6/Drivers/STM32F4xx_HAL_Driver/Inc/stm32f4xx_ll_rcc.h **** #else
3600:board/stm32f401rct6/Drivers/STM32F4xx_HAL_Driver/Inc/stm32f4xx_ll_rcc.h ****   MODIFY_REG(RCC->DCKCFGR, (Source & 0xFFFF0000U), (Source << 16U));
3601:board/stm32f401rct6/Drivers/STM32F4xx_HAL_Driver/Inc/stm32f4xx_ll_rcc.h **** #endif /* RCC_CFGR_I2SSRC */
ARM GAS  C:\Users\Admin\AppData\Local\Temp\ccHMtLfr.s 			page 70


3602:board/stm32f401rct6/Drivers/STM32F4xx_HAL_Driver/Inc/stm32f4xx_ll_rcc.h **** }
3603:board/stm32f401rct6/Drivers/STM32F4xx_HAL_Driver/Inc/stm32f4xx_ll_rcc.h **** 
3604:board/stm32f401rct6/Drivers/STM32F4xx_HAL_Driver/Inc/stm32f4xx_ll_rcc.h **** #if defined(DSI)
3605:board/stm32f401rct6/Drivers/STM32F4xx_HAL_Driver/Inc/stm32f4xx_ll_rcc.h **** /**
3606:board/stm32f401rct6/Drivers/STM32F4xx_HAL_Driver/Inc/stm32f4xx_ll_rcc.h ****   * @brief  Configure DSI clock source
3607:board/stm32f401rct6/Drivers/STM32F4xx_HAL_Driver/Inc/stm32f4xx_ll_rcc.h ****   * @rmtoll DCKCFGR         DSISEL        LL_RCC_SetDSIClockSource
3608:board/stm32f401rct6/Drivers/STM32F4xx_HAL_Driver/Inc/stm32f4xx_ll_rcc.h ****   * @param  Source This parameter can be one of the following values:
3609:board/stm32f401rct6/Drivers/STM32F4xx_HAL_Driver/Inc/stm32f4xx_ll_rcc.h ****   *         @arg @ref LL_RCC_DSI_CLKSOURCE_PHY
3610:board/stm32f401rct6/Drivers/STM32F4xx_HAL_Driver/Inc/stm32f4xx_ll_rcc.h ****   *         @arg @ref LL_RCC_DSI_CLKSOURCE_PLL
3611:board/stm32f401rct6/Drivers/STM32F4xx_HAL_Driver/Inc/stm32f4xx_ll_rcc.h ****   * @retval None
3612:board/stm32f401rct6/Drivers/STM32F4xx_HAL_Driver/Inc/stm32f4xx_ll_rcc.h ****   */
3613:board/stm32f401rct6/Drivers/STM32F4xx_HAL_Driver/Inc/stm32f4xx_ll_rcc.h **** __STATIC_INLINE void LL_RCC_SetDSIClockSource(uint32_t Source)
3614:board/stm32f401rct6/Drivers/STM32F4xx_HAL_Driver/Inc/stm32f4xx_ll_rcc.h **** {
3615:board/stm32f401rct6/Drivers/STM32F4xx_HAL_Driver/Inc/stm32f4xx_ll_rcc.h ****   MODIFY_REG(RCC->DCKCFGR, RCC_DCKCFGR_DSISEL, Source);
3616:board/stm32f401rct6/Drivers/STM32F4xx_HAL_Driver/Inc/stm32f4xx_ll_rcc.h **** }
3617:board/stm32f401rct6/Drivers/STM32F4xx_HAL_Driver/Inc/stm32f4xx_ll_rcc.h **** #endif /* DSI */
3618:board/stm32f401rct6/Drivers/STM32F4xx_HAL_Driver/Inc/stm32f4xx_ll_rcc.h **** 
3619:board/stm32f401rct6/Drivers/STM32F4xx_HAL_Driver/Inc/stm32f4xx_ll_rcc.h **** #if defined(DFSDM1_Channel0)
3620:board/stm32f401rct6/Drivers/STM32F4xx_HAL_Driver/Inc/stm32f4xx_ll_rcc.h **** /**
3621:board/stm32f401rct6/Drivers/STM32F4xx_HAL_Driver/Inc/stm32f4xx_ll_rcc.h ****   * @brief  Configure DFSDM Audio clock source
3622:board/stm32f401rct6/Drivers/STM32F4xx_HAL_Driver/Inc/stm32f4xx_ll_rcc.h ****   * @rmtoll DCKCFGR          CKDFSDM1ASEL        LL_RCC_SetDFSDMAudioClockSource\n
3623:board/stm32f401rct6/Drivers/STM32F4xx_HAL_Driver/Inc/stm32f4xx_ll_rcc.h ****   *         DCKCFGR          CKDFSDM2ASEL        LL_RCC_SetDFSDMAudioClockSource
3624:board/stm32f401rct6/Drivers/STM32F4xx_HAL_Driver/Inc/stm32f4xx_ll_rcc.h ****   * @param  Source This parameter can be one of the following values:
3625:board/stm32f401rct6/Drivers/STM32F4xx_HAL_Driver/Inc/stm32f4xx_ll_rcc.h ****   *         @arg @ref LL_RCC_DFSDM1_AUDIO_CLKSOURCE_I2S1
3626:board/stm32f401rct6/Drivers/STM32F4xx_HAL_Driver/Inc/stm32f4xx_ll_rcc.h ****   *         @arg @ref LL_RCC_DFSDM1_AUDIO_CLKSOURCE_I2S2
3627:board/stm32f401rct6/Drivers/STM32F4xx_HAL_Driver/Inc/stm32f4xx_ll_rcc.h ****   *         @arg @ref LL_RCC_DFSDM2_AUDIO_CLKSOURCE_I2S1 (*)
3628:board/stm32f401rct6/Drivers/STM32F4xx_HAL_Driver/Inc/stm32f4xx_ll_rcc.h ****   *         @arg @ref LL_RCC_DFSDM2_AUDIO_CLKSOURCE_I2S2 (*)
3629:board/stm32f401rct6/Drivers/STM32F4xx_HAL_Driver/Inc/stm32f4xx_ll_rcc.h ****   *
3630:board/stm32f401rct6/Drivers/STM32F4xx_HAL_Driver/Inc/stm32f4xx_ll_rcc.h ****   *         (*) value not defined in all devices.
3631:board/stm32f401rct6/Drivers/STM32F4xx_HAL_Driver/Inc/stm32f4xx_ll_rcc.h ****   * @retval None
3632:board/stm32f401rct6/Drivers/STM32F4xx_HAL_Driver/Inc/stm32f4xx_ll_rcc.h ****   */
3633:board/stm32f401rct6/Drivers/STM32F4xx_HAL_Driver/Inc/stm32f4xx_ll_rcc.h **** __STATIC_INLINE void LL_RCC_SetDFSDMAudioClockSource(uint32_t Source)
3634:board/stm32f401rct6/Drivers/STM32F4xx_HAL_Driver/Inc/stm32f4xx_ll_rcc.h **** {
3635:board/stm32f401rct6/Drivers/STM32F4xx_HAL_Driver/Inc/stm32f4xx_ll_rcc.h ****   MODIFY_REG(RCC->DCKCFGR, (Source & 0x0000FFFFU), (Source >> 16U));
3636:board/stm32f401rct6/Drivers/STM32F4xx_HAL_Driver/Inc/stm32f4xx_ll_rcc.h **** }
3637:board/stm32f401rct6/Drivers/STM32F4xx_HAL_Driver/Inc/stm32f4xx_ll_rcc.h **** 
3638:board/stm32f401rct6/Drivers/STM32F4xx_HAL_Driver/Inc/stm32f4xx_ll_rcc.h **** /**
3639:board/stm32f401rct6/Drivers/STM32F4xx_HAL_Driver/Inc/stm32f4xx_ll_rcc.h ****   * @brief  Configure DFSDM Kernel clock source
3640:board/stm32f401rct6/Drivers/STM32F4xx_HAL_Driver/Inc/stm32f4xx_ll_rcc.h ****   * @rmtoll DCKCFGR         CKDFSDM1SEL        LL_RCC_SetDFSDMClockSource
3641:board/stm32f401rct6/Drivers/STM32F4xx_HAL_Driver/Inc/stm32f4xx_ll_rcc.h ****   * @param  Source This parameter can be one of the following values:
3642:board/stm32f401rct6/Drivers/STM32F4xx_HAL_Driver/Inc/stm32f4xx_ll_rcc.h ****   *         @arg @ref LL_RCC_DFSDM1_CLKSOURCE_PCLK2
3643:board/stm32f401rct6/Drivers/STM32F4xx_HAL_Driver/Inc/stm32f4xx_ll_rcc.h ****   *         @arg @ref LL_RCC_DFSDM1_CLKSOURCE_SYSCLK
3644:board/stm32f401rct6/Drivers/STM32F4xx_HAL_Driver/Inc/stm32f4xx_ll_rcc.h ****   *         @arg @ref LL_RCC_DFSDM2_CLKSOURCE_PCLK2 (*)
3645:board/stm32f401rct6/Drivers/STM32F4xx_HAL_Driver/Inc/stm32f4xx_ll_rcc.h ****   *         @arg @ref LL_RCC_DFSDM2_CLKSOURCE_SYSCLK (*)
3646:board/stm32f401rct6/Drivers/STM32F4xx_HAL_Driver/Inc/stm32f4xx_ll_rcc.h ****   *
3647:board/stm32f401rct6/Drivers/STM32F4xx_HAL_Driver/Inc/stm32f4xx_ll_rcc.h ****   *         (*) value not defined in all devices.
3648:board/stm32f401rct6/Drivers/STM32F4xx_HAL_Driver/Inc/stm32f4xx_ll_rcc.h ****   * @retval None
3649:board/stm32f401rct6/Drivers/STM32F4xx_HAL_Driver/Inc/stm32f4xx_ll_rcc.h ****   */
3650:board/stm32f401rct6/Drivers/STM32F4xx_HAL_Driver/Inc/stm32f4xx_ll_rcc.h **** __STATIC_INLINE void LL_RCC_SetDFSDMClockSource(uint32_t Source)
3651:board/stm32f401rct6/Drivers/STM32F4xx_HAL_Driver/Inc/stm32f4xx_ll_rcc.h **** {
3652:board/stm32f401rct6/Drivers/STM32F4xx_HAL_Driver/Inc/stm32f4xx_ll_rcc.h ****   MODIFY_REG(RCC->DCKCFGR, RCC_DCKCFGR_CKDFSDM1SEL, Source);
3653:board/stm32f401rct6/Drivers/STM32F4xx_HAL_Driver/Inc/stm32f4xx_ll_rcc.h **** }
3654:board/stm32f401rct6/Drivers/STM32F4xx_HAL_Driver/Inc/stm32f4xx_ll_rcc.h **** #endif /* DFSDM1_Channel0 */
3655:board/stm32f401rct6/Drivers/STM32F4xx_HAL_Driver/Inc/stm32f4xx_ll_rcc.h **** 
3656:board/stm32f401rct6/Drivers/STM32F4xx_HAL_Driver/Inc/stm32f4xx_ll_rcc.h **** #if defined(SPDIFRX)
3657:board/stm32f401rct6/Drivers/STM32F4xx_HAL_Driver/Inc/stm32f4xx_ll_rcc.h **** /**
3658:board/stm32f401rct6/Drivers/STM32F4xx_HAL_Driver/Inc/stm32f4xx_ll_rcc.h ****   * @brief  Configure SPDIFRX clock source
ARM GAS  C:\Users\Admin\AppData\Local\Temp\ccHMtLfr.s 			page 71


3659:board/stm32f401rct6/Drivers/STM32F4xx_HAL_Driver/Inc/stm32f4xx_ll_rcc.h ****   * @rmtoll DCKCFGR2         SPDIFRXSEL      LL_RCC_SetSPDIFRXClockSource
3660:board/stm32f401rct6/Drivers/STM32F4xx_HAL_Driver/Inc/stm32f4xx_ll_rcc.h ****   * @param  SPDIFRXxSource This parameter can be one of the following values:
3661:board/stm32f401rct6/Drivers/STM32F4xx_HAL_Driver/Inc/stm32f4xx_ll_rcc.h ****   *         @arg @ref LL_RCC_SPDIFRX1_CLKSOURCE_PLL
3662:board/stm32f401rct6/Drivers/STM32F4xx_HAL_Driver/Inc/stm32f4xx_ll_rcc.h ****   *         @arg @ref LL_RCC_SPDIFRX1_CLKSOURCE_PLLI2S
3663:board/stm32f401rct6/Drivers/STM32F4xx_HAL_Driver/Inc/stm32f4xx_ll_rcc.h ****   *
3664:board/stm32f401rct6/Drivers/STM32F4xx_HAL_Driver/Inc/stm32f4xx_ll_rcc.h ****   *         (*) value not defined in all devices.
3665:board/stm32f401rct6/Drivers/STM32F4xx_HAL_Driver/Inc/stm32f4xx_ll_rcc.h ****   * @retval None
3666:board/stm32f401rct6/Drivers/STM32F4xx_HAL_Driver/Inc/stm32f4xx_ll_rcc.h ****   */
3667:board/stm32f401rct6/Drivers/STM32F4xx_HAL_Driver/Inc/stm32f4xx_ll_rcc.h **** __STATIC_INLINE void LL_RCC_SetSPDIFRXClockSource(uint32_t SPDIFRXxSource)
3668:board/stm32f401rct6/Drivers/STM32F4xx_HAL_Driver/Inc/stm32f4xx_ll_rcc.h **** {
3669:board/stm32f401rct6/Drivers/STM32F4xx_HAL_Driver/Inc/stm32f4xx_ll_rcc.h ****   MODIFY_REG(RCC->DCKCFGR2, RCC_DCKCFGR2_SPDIFRXSEL, SPDIFRXxSource);
3670:board/stm32f401rct6/Drivers/STM32F4xx_HAL_Driver/Inc/stm32f4xx_ll_rcc.h **** }
3671:board/stm32f401rct6/Drivers/STM32F4xx_HAL_Driver/Inc/stm32f4xx_ll_rcc.h **** #endif /* SPDIFRX */
3672:board/stm32f401rct6/Drivers/STM32F4xx_HAL_Driver/Inc/stm32f4xx_ll_rcc.h **** 
3673:board/stm32f401rct6/Drivers/STM32F4xx_HAL_Driver/Inc/stm32f4xx_ll_rcc.h **** #if defined(FMPI2C1)
3674:board/stm32f401rct6/Drivers/STM32F4xx_HAL_Driver/Inc/stm32f4xx_ll_rcc.h **** /**
3675:board/stm32f401rct6/Drivers/STM32F4xx_HAL_Driver/Inc/stm32f4xx_ll_rcc.h ****   * @brief  Get FMPI2C clock source
3676:board/stm32f401rct6/Drivers/STM32F4xx_HAL_Driver/Inc/stm32f4xx_ll_rcc.h ****   * @rmtoll DCKCFGR2        FMPI2C1SEL       LL_RCC_GetFMPI2CClockSource
3677:board/stm32f401rct6/Drivers/STM32F4xx_HAL_Driver/Inc/stm32f4xx_ll_rcc.h ****   * @param  FMPI2Cx This parameter can be one of the following values:
3678:board/stm32f401rct6/Drivers/STM32F4xx_HAL_Driver/Inc/stm32f4xx_ll_rcc.h ****   *         @arg @ref LL_RCC_FMPI2C1_CLKSOURCE
3679:board/stm32f401rct6/Drivers/STM32F4xx_HAL_Driver/Inc/stm32f4xx_ll_rcc.h ****   * @retval Returned value can be one of the following values:
3680:board/stm32f401rct6/Drivers/STM32F4xx_HAL_Driver/Inc/stm32f4xx_ll_rcc.h ****   *         @arg @ref LL_RCC_FMPI2C1_CLKSOURCE_PCLK1
3681:board/stm32f401rct6/Drivers/STM32F4xx_HAL_Driver/Inc/stm32f4xx_ll_rcc.h ****   *         @arg @ref LL_RCC_FMPI2C1_CLKSOURCE_SYSCLK
3682:board/stm32f401rct6/Drivers/STM32F4xx_HAL_Driver/Inc/stm32f4xx_ll_rcc.h ****   *         @arg @ref LL_RCC_FMPI2C1_CLKSOURCE_HSI
3683:board/stm32f401rct6/Drivers/STM32F4xx_HAL_Driver/Inc/stm32f4xx_ll_rcc.h ****  */
3684:board/stm32f401rct6/Drivers/STM32F4xx_HAL_Driver/Inc/stm32f4xx_ll_rcc.h **** __STATIC_INLINE uint32_t LL_RCC_GetFMPI2CClockSource(uint32_t FMPI2Cx)
3685:board/stm32f401rct6/Drivers/STM32F4xx_HAL_Driver/Inc/stm32f4xx_ll_rcc.h **** {
3686:board/stm32f401rct6/Drivers/STM32F4xx_HAL_Driver/Inc/stm32f4xx_ll_rcc.h ****   return (uint32_t)(READ_BIT(RCC->DCKCFGR2, FMPI2Cx));
3687:board/stm32f401rct6/Drivers/STM32F4xx_HAL_Driver/Inc/stm32f4xx_ll_rcc.h **** }
3688:board/stm32f401rct6/Drivers/STM32F4xx_HAL_Driver/Inc/stm32f4xx_ll_rcc.h **** #endif /* FMPI2C1 */
3689:board/stm32f401rct6/Drivers/STM32F4xx_HAL_Driver/Inc/stm32f4xx_ll_rcc.h **** 
3690:board/stm32f401rct6/Drivers/STM32F4xx_HAL_Driver/Inc/stm32f4xx_ll_rcc.h **** #if defined(LPTIM1)
3691:board/stm32f401rct6/Drivers/STM32F4xx_HAL_Driver/Inc/stm32f4xx_ll_rcc.h **** /**
3692:board/stm32f401rct6/Drivers/STM32F4xx_HAL_Driver/Inc/stm32f4xx_ll_rcc.h ****   * @brief  Get LPTIMx clock source
3693:board/stm32f401rct6/Drivers/STM32F4xx_HAL_Driver/Inc/stm32f4xx_ll_rcc.h ****   * @rmtoll DCKCFGR2        LPTIM1SEL     LL_RCC_GetLPTIMClockSource
3694:board/stm32f401rct6/Drivers/STM32F4xx_HAL_Driver/Inc/stm32f4xx_ll_rcc.h ****   * @param  LPTIMx This parameter can be one of the following values:
3695:board/stm32f401rct6/Drivers/STM32F4xx_HAL_Driver/Inc/stm32f4xx_ll_rcc.h ****   *         @arg @ref LL_RCC_LPTIM1_CLKSOURCE
3696:board/stm32f401rct6/Drivers/STM32F4xx_HAL_Driver/Inc/stm32f4xx_ll_rcc.h ****   * @retval Returned value can be one of the following values:
3697:board/stm32f401rct6/Drivers/STM32F4xx_HAL_Driver/Inc/stm32f4xx_ll_rcc.h ****   *         @arg @ref LL_RCC_LPTIM1_CLKSOURCE_PCLK1
3698:board/stm32f401rct6/Drivers/STM32F4xx_HAL_Driver/Inc/stm32f4xx_ll_rcc.h ****   *         @arg @ref LL_RCC_LPTIM1_CLKSOURCE_HSI
3699:board/stm32f401rct6/Drivers/STM32F4xx_HAL_Driver/Inc/stm32f4xx_ll_rcc.h ****   *         @arg @ref LL_RCC_LPTIM1_CLKSOURCE_LSI
3700:board/stm32f401rct6/Drivers/STM32F4xx_HAL_Driver/Inc/stm32f4xx_ll_rcc.h ****   *         @arg @ref LL_RCC_LPTIM1_CLKSOURCE_LSE
3701:board/stm32f401rct6/Drivers/STM32F4xx_HAL_Driver/Inc/stm32f4xx_ll_rcc.h ****   */
3702:board/stm32f401rct6/Drivers/STM32F4xx_HAL_Driver/Inc/stm32f4xx_ll_rcc.h **** __STATIC_INLINE uint32_t LL_RCC_GetLPTIMClockSource(uint32_t LPTIMx)
3703:board/stm32f401rct6/Drivers/STM32F4xx_HAL_Driver/Inc/stm32f4xx_ll_rcc.h **** {
3704:board/stm32f401rct6/Drivers/STM32F4xx_HAL_Driver/Inc/stm32f4xx_ll_rcc.h ****   return (uint32_t)(READ_BIT(RCC->DCKCFGR2, RCC_DCKCFGR2_LPTIM1SEL));
3705:board/stm32f401rct6/Drivers/STM32F4xx_HAL_Driver/Inc/stm32f4xx_ll_rcc.h **** }
3706:board/stm32f401rct6/Drivers/STM32F4xx_HAL_Driver/Inc/stm32f4xx_ll_rcc.h **** #endif /* LPTIM1 */
3707:board/stm32f401rct6/Drivers/STM32F4xx_HAL_Driver/Inc/stm32f4xx_ll_rcc.h **** 
3708:board/stm32f401rct6/Drivers/STM32F4xx_HAL_Driver/Inc/stm32f4xx_ll_rcc.h **** #if defined(SAI1)
3709:board/stm32f401rct6/Drivers/STM32F4xx_HAL_Driver/Inc/stm32f4xx_ll_rcc.h **** /**
3710:board/stm32f401rct6/Drivers/STM32F4xx_HAL_Driver/Inc/stm32f4xx_ll_rcc.h ****   * @brief  Get SAIx clock source
3711:board/stm32f401rct6/Drivers/STM32F4xx_HAL_Driver/Inc/stm32f4xx_ll_rcc.h ****   * @rmtoll DCKCFGR         SAI1SEL       LL_RCC_GetSAIClockSource\n
3712:board/stm32f401rct6/Drivers/STM32F4xx_HAL_Driver/Inc/stm32f4xx_ll_rcc.h ****   *         DCKCFGR         SAI2SEL       LL_RCC_GetSAIClockSource\n
3713:board/stm32f401rct6/Drivers/STM32F4xx_HAL_Driver/Inc/stm32f4xx_ll_rcc.h ****   *         DCKCFGR         SAI1ASRC      LL_RCC_GetSAIClockSource\n
3714:board/stm32f401rct6/Drivers/STM32F4xx_HAL_Driver/Inc/stm32f4xx_ll_rcc.h ****   *         DCKCFGR         SAI1BSRC      LL_RCC_GetSAIClockSource
3715:board/stm32f401rct6/Drivers/STM32F4xx_HAL_Driver/Inc/stm32f4xx_ll_rcc.h ****   * @param  SAIx This parameter can be one of the following values:
ARM GAS  C:\Users\Admin\AppData\Local\Temp\ccHMtLfr.s 			page 72


3716:board/stm32f401rct6/Drivers/STM32F4xx_HAL_Driver/Inc/stm32f4xx_ll_rcc.h ****   *         @arg @ref LL_RCC_SAI1_CLKSOURCE (*)
3717:board/stm32f401rct6/Drivers/STM32F4xx_HAL_Driver/Inc/stm32f4xx_ll_rcc.h ****   *         @arg @ref LL_RCC_SAI2_CLKSOURCE (*)
3718:board/stm32f401rct6/Drivers/STM32F4xx_HAL_Driver/Inc/stm32f4xx_ll_rcc.h ****   *         @arg @ref LL_RCC_SAI1_A_CLKSOURCE (*)
3719:board/stm32f401rct6/Drivers/STM32F4xx_HAL_Driver/Inc/stm32f4xx_ll_rcc.h ****   *         @arg @ref LL_RCC_SAI1_B_CLKSOURCE (*)
3720:board/stm32f401rct6/Drivers/STM32F4xx_HAL_Driver/Inc/stm32f4xx_ll_rcc.h ****   *
3721:board/stm32f401rct6/Drivers/STM32F4xx_HAL_Driver/Inc/stm32f4xx_ll_rcc.h ****   *         (*) value not defined in all devices.
3722:board/stm32f401rct6/Drivers/STM32F4xx_HAL_Driver/Inc/stm32f4xx_ll_rcc.h ****   * @retval Returned value can be one of the following values:
3723:board/stm32f401rct6/Drivers/STM32F4xx_HAL_Driver/Inc/stm32f4xx_ll_rcc.h ****   *         @arg @ref LL_RCC_SAI1_CLKSOURCE_PLLSAI (*)
3724:board/stm32f401rct6/Drivers/STM32F4xx_HAL_Driver/Inc/stm32f4xx_ll_rcc.h ****   *         @arg @ref LL_RCC_SAI1_CLKSOURCE_PLLI2S (*)
3725:board/stm32f401rct6/Drivers/STM32F4xx_HAL_Driver/Inc/stm32f4xx_ll_rcc.h ****   *         @arg @ref LL_RCC_SAI1_CLKSOURCE_PLL (*)
3726:board/stm32f401rct6/Drivers/STM32F4xx_HAL_Driver/Inc/stm32f4xx_ll_rcc.h ****   *         @arg @ref LL_RCC_SAI1_CLKSOURCE_PIN (*)
3727:board/stm32f401rct6/Drivers/STM32F4xx_HAL_Driver/Inc/stm32f4xx_ll_rcc.h ****   *         @arg @ref LL_RCC_SAI2_CLKSOURCE_PLLSAI (*)
3728:board/stm32f401rct6/Drivers/STM32F4xx_HAL_Driver/Inc/stm32f4xx_ll_rcc.h ****   *         @arg @ref LL_RCC_SAI2_CLKSOURCE_PLLI2S (*)
3729:board/stm32f401rct6/Drivers/STM32F4xx_HAL_Driver/Inc/stm32f4xx_ll_rcc.h ****   *         @arg @ref LL_RCC_SAI2_CLKSOURCE_PLL  (*)
3730:board/stm32f401rct6/Drivers/STM32F4xx_HAL_Driver/Inc/stm32f4xx_ll_rcc.h ****   *         @arg @ref LL_RCC_SAI2_CLKSOURCE_PLLSRC (*)
3731:board/stm32f401rct6/Drivers/STM32F4xx_HAL_Driver/Inc/stm32f4xx_ll_rcc.h ****   *         @arg @ref LL_RCC_SAI1_A_CLKSOURCE_PLLSAI (*)
3732:board/stm32f401rct6/Drivers/STM32F4xx_HAL_Driver/Inc/stm32f4xx_ll_rcc.h ****   *         @arg @ref LL_RCC_SAI1_A_CLKSOURCE_PLLI2S (*)
3733:board/stm32f401rct6/Drivers/STM32F4xx_HAL_Driver/Inc/stm32f4xx_ll_rcc.h ****   *         @arg @ref LL_RCC_SAI1_A_CLKSOURCE_PIN (*)
3734:board/stm32f401rct6/Drivers/STM32F4xx_HAL_Driver/Inc/stm32f4xx_ll_rcc.h ****   *         @arg @ref LL_RCC_SAI1_A_CLKSOURCE_PLL (*)
3735:board/stm32f401rct6/Drivers/STM32F4xx_HAL_Driver/Inc/stm32f4xx_ll_rcc.h ****   *         @arg @ref LL_RCC_SAI1_A_CLKSOURCE_PLLSRC (*)
3736:board/stm32f401rct6/Drivers/STM32F4xx_HAL_Driver/Inc/stm32f4xx_ll_rcc.h ****   *         @arg @ref LL_RCC_SAI1_B_CLKSOURCE_PLLSAI (*)
3737:board/stm32f401rct6/Drivers/STM32F4xx_HAL_Driver/Inc/stm32f4xx_ll_rcc.h ****   *         @arg @ref LL_RCC_SAI1_B_CLKSOURCE_PLLI2S (*)
3738:board/stm32f401rct6/Drivers/STM32F4xx_HAL_Driver/Inc/stm32f4xx_ll_rcc.h ****   *         @arg @ref LL_RCC_SAI1_B_CLKSOURCE_PIN (*)
3739:board/stm32f401rct6/Drivers/STM32F4xx_HAL_Driver/Inc/stm32f4xx_ll_rcc.h ****   *         @arg @ref LL_RCC_SAI1_B_CLKSOURCE_PLL  (*)
3740:board/stm32f401rct6/Drivers/STM32F4xx_HAL_Driver/Inc/stm32f4xx_ll_rcc.h ****   *         @arg @ref LL_RCC_SAI1_B_CLKSOURCE_PLLSRC (*)
3741:board/stm32f401rct6/Drivers/STM32F4xx_HAL_Driver/Inc/stm32f4xx_ll_rcc.h ****   *
3742:board/stm32f401rct6/Drivers/STM32F4xx_HAL_Driver/Inc/stm32f4xx_ll_rcc.h ****   *         (*) value not defined in all devices.
3743:board/stm32f401rct6/Drivers/STM32F4xx_HAL_Driver/Inc/stm32f4xx_ll_rcc.h ****   */
3744:board/stm32f401rct6/Drivers/STM32F4xx_HAL_Driver/Inc/stm32f4xx_ll_rcc.h **** __STATIC_INLINE uint32_t LL_RCC_GetSAIClockSource(uint32_t SAIx)
3745:board/stm32f401rct6/Drivers/STM32F4xx_HAL_Driver/Inc/stm32f4xx_ll_rcc.h **** {
3746:board/stm32f401rct6/Drivers/STM32F4xx_HAL_Driver/Inc/stm32f4xx_ll_rcc.h ****   return (uint32_t)(READ_BIT(RCC->DCKCFGR, SAIx) >> 16U | SAIx);
3747:board/stm32f401rct6/Drivers/STM32F4xx_HAL_Driver/Inc/stm32f4xx_ll_rcc.h **** }
3748:board/stm32f401rct6/Drivers/STM32F4xx_HAL_Driver/Inc/stm32f4xx_ll_rcc.h **** #endif /* SAI1 */
3749:board/stm32f401rct6/Drivers/STM32F4xx_HAL_Driver/Inc/stm32f4xx_ll_rcc.h **** 
3750:board/stm32f401rct6/Drivers/STM32F4xx_HAL_Driver/Inc/stm32f4xx_ll_rcc.h **** #if defined(RCC_DCKCFGR_SDIOSEL) || defined(RCC_DCKCFGR2_SDIOSEL)
3751:board/stm32f401rct6/Drivers/STM32F4xx_HAL_Driver/Inc/stm32f4xx_ll_rcc.h **** /**
3752:board/stm32f401rct6/Drivers/STM32F4xx_HAL_Driver/Inc/stm32f4xx_ll_rcc.h ****   * @brief  Get SDIOx clock source
3753:board/stm32f401rct6/Drivers/STM32F4xx_HAL_Driver/Inc/stm32f4xx_ll_rcc.h ****   * @rmtoll DCKCFGR        SDIOSEL      LL_RCC_GetSDIOClockSource\n
3754:board/stm32f401rct6/Drivers/STM32F4xx_HAL_Driver/Inc/stm32f4xx_ll_rcc.h ****   *         DCKCFGR2       SDIOSEL      LL_RCC_GetSDIOClockSource
3755:board/stm32f401rct6/Drivers/STM32F4xx_HAL_Driver/Inc/stm32f4xx_ll_rcc.h ****   * @param  SDIOx This parameter can be one of the following values:
3756:board/stm32f401rct6/Drivers/STM32F4xx_HAL_Driver/Inc/stm32f4xx_ll_rcc.h ****   *         @arg @ref LL_RCC_SDIO_CLKSOURCE
3757:board/stm32f401rct6/Drivers/STM32F4xx_HAL_Driver/Inc/stm32f4xx_ll_rcc.h ****   * @retval Returned value can be one of the following values:
3758:board/stm32f401rct6/Drivers/STM32F4xx_HAL_Driver/Inc/stm32f4xx_ll_rcc.h ****   *         @arg @ref LL_RCC_SDIO_CLKSOURCE_PLL48CLK
3759:board/stm32f401rct6/Drivers/STM32F4xx_HAL_Driver/Inc/stm32f4xx_ll_rcc.h ****   *         @arg @ref LL_RCC_SDIO_CLKSOURCE_SYSCLK
3760:board/stm32f401rct6/Drivers/STM32F4xx_HAL_Driver/Inc/stm32f4xx_ll_rcc.h ****   */
3761:board/stm32f401rct6/Drivers/STM32F4xx_HAL_Driver/Inc/stm32f4xx_ll_rcc.h **** __STATIC_INLINE uint32_t LL_RCC_GetSDIOClockSource(uint32_t SDIOx)
3762:board/stm32f401rct6/Drivers/STM32F4xx_HAL_Driver/Inc/stm32f4xx_ll_rcc.h **** {
3763:board/stm32f401rct6/Drivers/STM32F4xx_HAL_Driver/Inc/stm32f4xx_ll_rcc.h **** #if defined(RCC_DCKCFGR_SDIOSEL)
3764:board/stm32f401rct6/Drivers/STM32F4xx_HAL_Driver/Inc/stm32f4xx_ll_rcc.h ****   return (uint32_t)(READ_BIT(RCC->DCKCFGR, SDIOx));
3765:board/stm32f401rct6/Drivers/STM32F4xx_HAL_Driver/Inc/stm32f4xx_ll_rcc.h **** #else
3766:board/stm32f401rct6/Drivers/STM32F4xx_HAL_Driver/Inc/stm32f4xx_ll_rcc.h ****   return (uint32_t)(READ_BIT(RCC->DCKCFGR2, SDIOx));
3767:board/stm32f401rct6/Drivers/STM32F4xx_HAL_Driver/Inc/stm32f4xx_ll_rcc.h **** #endif /* RCC_DCKCFGR_SDIOSEL */
3768:board/stm32f401rct6/Drivers/STM32F4xx_HAL_Driver/Inc/stm32f4xx_ll_rcc.h **** }
3769:board/stm32f401rct6/Drivers/STM32F4xx_HAL_Driver/Inc/stm32f4xx_ll_rcc.h **** #endif /* RCC_DCKCFGR_SDIOSEL || RCC_DCKCFGR2_SDIOSEL */
3770:board/stm32f401rct6/Drivers/STM32F4xx_HAL_Driver/Inc/stm32f4xx_ll_rcc.h **** 
3771:board/stm32f401rct6/Drivers/STM32F4xx_HAL_Driver/Inc/stm32f4xx_ll_rcc.h **** #if defined(RCC_DCKCFGR_CK48MSEL) || defined(RCC_DCKCFGR2_CK48MSEL)
3772:board/stm32f401rct6/Drivers/STM32F4xx_HAL_Driver/Inc/stm32f4xx_ll_rcc.h **** /**
ARM GAS  C:\Users\Admin\AppData\Local\Temp\ccHMtLfr.s 			page 73


3773:board/stm32f401rct6/Drivers/STM32F4xx_HAL_Driver/Inc/stm32f4xx_ll_rcc.h ****   * @brief  Get 48Mhz domain clock source
3774:board/stm32f401rct6/Drivers/STM32F4xx_HAL_Driver/Inc/stm32f4xx_ll_rcc.h ****   * @rmtoll DCKCFGR         CK48MSEL      LL_RCC_GetCK48MClockSource\n
3775:board/stm32f401rct6/Drivers/STM32F4xx_HAL_Driver/Inc/stm32f4xx_ll_rcc.h ****   *         DCKCFGR2        CK48MSEL      LL_RCC_GetCK48MClockSource
3776:board/stm32f401rct6/Drivers/STM32F4xx_HAL_Driver/Inc/stm32f4xx_ll_rcc.h ****   * @param  CK48Mx This parameter can be one of the following values:
3777:board/stm32f401rct6/Drivers/STM32F4xx_HAL_Driver/Inc/stm32f4xx_ll_rcc.h ****   *         @arg @ref LL_RCC_CK48M_CLKSOURCE
3778:board/stm32f401rct6/Drivers/STM32F4xx_HAL_Driver/Inc/stm32f4xx_ll_rcc.h ****   * @retval Returned value can be one of the following values:
3779:board/stm32f401rct6/Drivers/STM32F4xx_HAL_Driver/Inc/stm32f4xx_ll_rcc.h ****   *         @arg @ref LL_RCC_CK48M_CLKSOURCE_PLL
3780:board/stm32f401rct6/Drivers/STM32F4xx_HAL_Driver/Inc/stm32f4xx_ll_rcc.h ****   *         @arg @ref LL_RCC_CK48M_CLKSOURCE_PLLSAI (*)
3781:board/stm32f401rct6/Drivers/STM32F4xx_HAL_Driver/Inc/stm32f4xx_ll_rcc.h ****   *         @arg @ref LL_RCC_CK48M_CLKSOURCE_PLLI2S (*)
3782:board/stm32f401rct6/Drivers/STM32F4xx_HAL_Driver/Inc/stm32f4xx_ll_rcc.h ****   *
3783:board/stm32f401rct6/Drivers/STM32F4xx_HAL_Driver/Inc/stm32f4xx_ll_rcc.h ****   *         (*) value not defined in all devices.
3784:board/stm32f401rct6/Drivers/STM32F4xx_HAL_Driver/Inc/stm32f4xx_ll_rcc.h ****   */
3785:board/stm32f401rct6/Drivers/STM32F4xx_HAL_Driver/Inc/stm32f4xx_ll_rcc.h **** __STATIC_INLINE uint32_t LL_RCC_GetCK48MClockSource(uint32_t CK48Mx)
3786:board/stm32f401rct6/Drivers/STM32F4xx_HAL_Driver/Inc/stm32f4xx_ll_rcc.h **** {
3787:board/stm32f401rct6/Drivers/STM32F4xx_HAL_Driver/Inc/stm32f4xx_ll_rcc.h **** #if defined(RCC_DCKCFGR_CK48MSEL)
3788:board/stm32f401rct6/Drivers/STM32F4xx_HAL_Driver/Inc/stm32f4xx_ll_rcc.h ****   return (uint32_t)(READ_BIT(RCC->DCKCFGR, CK48Mx));
3789:board/stm32f401rct6/Drivers/STM32F4xx_HAL_Driver/Inc/stm32f4xx_ll_rcc.h **** #else
3790:board/stm32f401rct6/Drivers/STM32F4xx_HAL_Driver/Inc/stm32f4xx_ll_rcc.h ****   return (uint32_t)(READ_BIT(RCC->DCKCFGR2, CK48Mx));
3791:board/stm32f401rct6/Drivers/STM32F4xx_HAL_Driver/Inc/stm32f4xx_ll_rcc.h **** #endif /* RCC_DCKCFGR_CK48MSEL */
3792:board/stm32f401rct6/Drivers/STM32F4xx_HAL_Driver/Inc/stm32f4xx_ll_rcc.h **** }
3793:board/stm32f401rct6/Drivers/STM32F4xx_HAL_Driver/Inc/stm32f4xx_ll_rcc.h **** 
3794:board/stm32f401rct6/Drivers/STM32F4xx_HAL_Driver/Inc/stm32f4xx_ll_rcc.h **** #if defined(RNG)
3795:board/stm32f401rct6/Drivers/STM32F4xx_HAL_Driver/Inc/stm32f4xx_ll_rcc.h **** /**
3796:board/stm32f401rct6/Drivers/STM32F4xx_HAL_Driver/Inc/stm32f4xx_ll_rcc.h ****   * @brief  Get RNGx clock source
3797:board/stm32f401rct6/Drivers/STM32F4xx_HAL_Driver/Inc/stm32f4xx_ll_rcc.h ****   * @rmtoll DCKCFGR         CK48MSEL      LL_RCC_GetRNGClockSource\n
3798:board/stm32f401rct6/Drivers/STM32F4xx_HAL_Driver/Inc/stm32f4xx_ll_rcc.h ****   *         DCKCFGR2        CK48MSEL      LL_RCC_GetRNGClockSource
3799:board/stm32f401rct6/Drivers/STM32F4xx_HAL_Driver/Inc/stm32f4xx_ll_rcc.h ****   * @param  RNGx This parameter can be one of the following values:
3800:board/stm32f401rct6/Drivers/STM32F4xx_HAL_Driver/Inc/stm32f4xx_ll_rcc.h ****   *         @arg @ref LL_RCC_RNG_CLKSOURCE
3801:board/stm32f401rct6/Drivers/STM32F4xx_HAL_Driver/Inc/stm32f4xx_ll_rcc.h ****   * @retval Returned value can be one of the following values:
3802:board/stm32f401rct6/Drivers/STM32F4xx_HAL_Driver/Inc/stm32f4xx_ll_rcc.h ****   *         @arg @ref LL_RCC_RNG_CLKSOURCE_PLL
3803:board/stm32f401rct6/Drivers/STM32F4xx_HAL_Driver/Inc/stm32f4xx_ll_rcc.h ****   *         @arg @ref LL_RCC_RNG_CLKSOURCE_PLLSAI (*)
3804:board/stm32f401rct6/Drivers/STM32F4xx_HAL_Driver/Inc/stm32f4xx_ll_rcc.h ****   *         @arg @ref LL_RCC_RNG_CLKSOURCE_PLLI2S (*)
3805:board/stm32f401rct6/Drivers/STM32F4xx_HAL_Driver/Inc/stm32f4xx_ll_rcc.h ****   *
3806:board/stm32f401rct6/Drivers/STM32F4xx_HAL_Driver/Inc/stm32f4xx_ll_rcc.h ****   *         (*) value not defined in all devices.
3807:board/stm32f401rct6/Drivers/STM32F4xx_HAL_Driver/Inc/stm32f4xx_ll_rcc.h ****   */
3808:board/stm32f401rct6/Drivers/STM32F4xx_HAL_Driver/Inc/stm32f4xx_ll_rcc.h **** __STATIC_INLINE uint32_t LL_RCC_GetRNGClockSource(uint32_t RNGx)
3809:board/stm32f401rct6/Drivers/STM32F4xx_HAL_Driver/Inc/stm32f4xx_ll_rcc.h **** {
3810:board/stm32f401rct6/Drivers/STM32F4xx_HAL_Driver/Inc/stm32f4xx_ll_rcc.h **** #if defined(RCC_DCKCFGR_CK48MSEL)
3811:board/stm32f401rct6/Drivers/STM32F4xx_HAL_Driver/Inc/stm32f4xx_ll_rcc.h ****   return (uint32_t)(READ_BIT(RCC->DCKCFGR, RNGx));
3812:board/stm32f401rct6/Drivers/STM32F4xx_HAL_Driver/Inc/stm32f4xx_ll_rcc.h **** #else
3813:board/stm32f401rct6/Drivers/STM32F4xx_HAL_Driver/Inc/stm32f4xx_ll_rcc.h ****   return (uint32_t)(READ_BIT(RCC->DCKCFGR2, RNGx));
3814:board/stm32f401rct6/Drivers/STM32F4xx_HAL_Driver/Inc/stm32f4xx_ll_rcc.h **** #endif /* RCC_DCKCFGR_CK48MSEL */
3815:board/stm32f401rct6/Drivers/STM32F4xx_HAL_Driver/Inc/stm32f4xx_ll_rcc.h **** }
3816:board/stm32f401rct6/Drivers/STM32F4xx_HAL_Driver/Inc/stm32f4xx_ll_rcc.h **** #endif /* RNG */
3817:board/stm32f401rct6/Drivers/STM32F4xx_HAL_Driver/Inc/stm32f4xx_ll_rcc.h **** 
3818:board/stm32f401rct6/Drivers/STM32F4xx_HAL_Driver/Inc/stm32f4xx_ll_rcc.h **** #if defined(USB_OTG_FS) || defined(USB_OTG_HS)
3819:board/stm32f401rct6/Drivers/STM32F4xx_HAL_Driver/Inc/stm32f4xx_ll_rcc.h **** /**
3820:board/stm32f401rct6/Drivers/STM32F4xx_HAL_Driver/Inc/stm32f4xx_ll_rcc.h ****   * @brief  Get USBx clock source
3821:board/stm32f401rct6/Drivers/STM32F4xx_HAL_Driver/Inc/stm32f4xx_ll_rcc.h ****   * @rmtoll DCKCFGR         CK48MSEL      LL_RCC_GetUSBClockSource\n
3822:board/stm32f401rct6/Drivers/STM32F4xx_HAL_Driver/Inc/stm32f4xx_ll_rcc.h ****   *         DCKCFGR2        CK48MSEL      LL_RCC_GetUSBClockSource
3823:board/stm32f401rct6/Drivers/STM32F4xx_HAL_Driver/Inc/stm32f4xx_ll_rcc.h ****   * @param  USBx This parameter can be one of the following values:
3824:board/stm32f401rct6/Drivers/STM32F4xx_HAL_Driver/Inc/stm32f4xx_ll_rcc.h ****   *         @arg @ref LL_RCC_USB_CLKSOURCE
3825:board/stm32f401rct6/Drivers/STM32F4xx_HAL_Driver/Inc/stm32f4xx_ll_rcc.h ****   * @retval Returned value can be one of the following values:
3826:board/stm32f401rct6/Drivers/STM32F4xx_HAL_Driver/Inc/stm32f4xx_ll_rcc.h ****   *         @arg @ref LL_RCC_USB_CLKSOURCE_PLL
3827:board/stm32f401rct6/Drivers/STM32F4xx_HAL_Driver/Inc/stm32f4xx_ll_rcc.h ****   *         @arg @ref LL_RCC_USB_CLKSOURCE_PLLSAI (*)
3828:board/stm32f401rct6/Drivers/STM32F4xx_HAL_Driver/Inc/stm32f4xx_ll_rcc.h ****   *         @arg @ref LL_RCC_USB_CLKSOURCE_PLLI2S (*)
3829:board/stm32f401rct6/Drivers/STM32F4xx_HAL_Driver/Inc/stm32f4xx_ll_rcc.h ****   *
ARM GAS  C:\Users\Admin\AppData\Local\Temp\ccHMtLfr.s 			page 74


3830:board/stm32f401rct6/Drivers/STM32F4xx_HAL_Driver/Inc/stm32f4xx_ll_rcc.h ****   *         (*) value not defined in all devices.
3831:board/stm32f401rct6/Drivers/STM32F4xx_HAL_Driver/Inc/stm32f4xx_ll_rcc.h ****   */
3832:board/stm32f401rct6/Drivers/STM32F4xx_HAL_Driver/Inc/stm32f4xx_ll_rcc.h **** __STATIC_INLINE uint32_t LL_RCC_GetUSBClockSource(uint32_t USBx)
3833:board/stm32f401rct6/Drivers/STM32F4xx_HAL_Driver/Inc/stm32f4xx_ll_rcc.h **** {
3834:board/stm32f401rct6/Drivers/STM32F4xx_HAL_Driver/Inc/stm32f4xx_ll_rcc.h **** #if defined(RCC_DCKCFGR_CK48MSEL)
3835:board/stm32f401rct6/Drivers/STM32F4xx_HAL_Driver/Inc/stm32f4xx_ll_rcc.h ****   return (uint32_t)(READ_BIT(RCC->DCKCFGR, USBx));
3836:board/stm32f401rct6/Drivers/STM32F4xx_HAL_Driver/Inc/stm32f4xx_ll_rcc.h **** #else
3837:board/stm32f401rct6/Drivers/STM32F4xx_HAL_Driver/Inc/stm32f4xx_ll_rcc.h ****   return (uint32_t)(READ_BIT(RCC->DCKCFGR2, USBx));
3838:board/stm32f401rct6/Drivers/STM32F4xx_HAL_Driver/Inc/stm32f4xx_ll_rcc.h **** #endif /* RCC_DCKCFGR_CK48MSEL */
3839:board/stm32f401rct6/Drivers/STM32F4xx_HAL_Driver/Inc/stm32f4xx_ll_rcc.h **** }
3840:board/stm32f401rct6/Drivers/STM32F4xx_HAL_Driver/Inc/stm32f4xx_ll_rcc.h **** #endif /* USB_OTG_FS || USB_OTG_HS */
3841:board/stm32f401rct6/Drivers/STM32F4xx_HAL_Driver/Inc/stm32f4xx_ll_rcc.h **** #endif /* RCC_DCKCFGR_CK48MSEL || RCC_DCKCFGR2_CK48MSEL */
3842:board/stm32f401rct6/Drivers/STM32F4xx_HAL_Driver/Inc/stm32f4xx_ll_rcc.h **** 
3843:board/stm32f401rct6/Drivers/STM32F4xx_HAL_Driver/Inc/stm32f4xx_ll_rcc.h **** #if defined(CEC)
3844:board/stm32f401rct6/Drivers/STM32F4xx_HAL_Driver/Inc/stm32f4xx_ll_rcc.h **** /**
3845:board/stm32f401rct6/Drivers/STM32F4xx_HAL_Driver/Inc/stm32f4xx_ll_rcc.h ****   * @brief  Get CEC Clock Source
3846:board/stm32f401rct6/Drivers/STM32F4xx_HAL_Driver/Inc/stm32f4xx_ll_rcc.h ****   * @rmtoll DCKCFGR2         CECSEL        LL_RCC_GetCECClockSource
3847:board/stm32f401rct6/Drivers/STM32F4xx_HAL_Driver/Inc/stm32f4xx_ll_rcc.h ****   * @param  CECx This parameter can be one of the following values:
3848:board/stm32f401rct6/Drivers/STM32F4xx_HAL_Driver/Inc/stm32f4xx_ll_rcc.h ****   *         @arg @ref LL_RCC_CEC_CLKSOURCE
3849:board/stm32f401rct6/Drivers/STM32F4xx_HAL_Driver/Inc/stm32f4xx_ll_rcc.h ****   * @retval Returned value can be one of the following values:
3850:board/stm32f401rct6/Drivers/STM32F4xx_HAL_Driver/Inc/stm32f4xx_ll_rcc.h ****   *         @arg @ref LL_RCC_CEC_CLKSOURCE_HSI_DIV488
3851:board/stm32f401rct6/Drivers/STM32F4xx_HAL_Driver/Inc/stm32f4xx_ll_rcc.h ****   *         @arg @ref LL_RCC_CEC_CLKSOURCE_LSE
3852:board/stm32f401rct6/Drivers/STM32F4xx_HAL_Driver/Inc/stm32f4xx_ll_rcc.h ****   */
3853:board/stm32f401rct6/Drivers/STM32F4xx_HAL_Driver/Inc/stm32f4xx_ll_rcc.h **** __STATIC_INLINE uint32_t LL_RCC_GetCECClockSource(uint32_t CECx)
3854:board/stm32f401rct6/Drivers/STM32F4xx_HAL_Driver/Inc/stm32f4xx_ll_rcc.h **** {
3855:board/stm32f401rct6/Drivers/STM32F4xx_HAL_Driver/Inc/stm32f4xx_ll_rcc.h ****   return (uint32_t)(READ_BIT(RCC->DCKCFGR2, CECx));
3856:board/stm32f401rct6/Drivers/STM32F4xx_HAL_Driver/Inc/stm32f4xx_ll_rcc.h **** }
3857:board/stm32f401rct6/Drivers/STM32F4xx_HAL_Driver/Inc/stm32f4xx_ll_rcc.h **** #endif /* CEC */
3858:board/stm32f401rct6/Drivers/STM32F4xx_HAL_Driver/Inc/stm32f4xx_ll_rcc.h **** 
3859:board/stm32f401rct6/Drivers/STM32F4xx_HAL_Driver/Inc/stm32f4xx_ll_rcc.h **** /**
3860:board/stm32f401rct6/Drivers/STM32F4xx_HAL_Driver/Inc/stm32f4xx_ll_rcc.h ****   * @brief  Get I2S Clock Source
3861:board/stm32f401rct6/Drivers/STM32F4xx_HAL_Driver/Inc/stm32f4xx_ll_rcc.h ****   * @rmtoll CFGR         I2SSRC        LL_RCC_GetI2SClockSource\n
3862:board/stm32f401rct6/Drivers/STM32F4xx_HAL_Driver/Inc/stm32f4xx_ll_rcc.h ****   *         DCKCFGR      I2SSRC        LL_RCC_GetI2SClockSource\n
3863:board/stm32f401rct6/Drivers/STM32F4xx_HAL_Driver/Inc/stm32f4xx_ll_rcc.h ****   *         DCKCFGR      I2S1SRC       LL_RCC_GetI2SClockSource\n
3864:board/stm32f401rct6/Drivers/STM32F4xx_HAL_Driver/Inc/stm32f4xx_ll_rcc.h ****   *         DCKCFGR      I2S2SRC       LL_RCC_GetI2SClockSource
3865:board/stm32f401rct6/Drivers/STM32F4xx_HAL_Driver/Inc/stm32f4xx_ll_rcc.h ****   * @param  I2Sx This parameter can be one of the following values:
3866:board/stm32f401rct6/Drivers/STM32F4xx_HAL_Driver/Inc/stm32f4xx_ll_rcc.h ****   *         @arg @ref LL_RCC_I2S1_CLKSOURCE
3867:board/stm32f401rct6/Drivers/STM32F4xx_HAL_Driver/Inc/stm32f4xx_ll_rcc.h ****   *         @arg @ref LL_RCC_I2S2_CLKSOURCE (*)
3868:board/stm32f401rct6/Drivers/STM32F4xx_HAL_Driver/Inc/stm32f4xx_ll_rcc.h ****   * @retval Returned value can be one of the following values:
3869:board/stm32f401rct6/Drivers/STM32F4xx_HAL_Driver/Inc/stm32f4xx_ll_rcc.h ****   *         @arg @ref LL_RCC_I2S1_CLKSOURCE_PLLI2S (*)
3870:board/stm32f401rct6/Drivers/STM32F4xx_HAL_Driver/Inc/stm32f4xx_ll_rcc.h ****   *         @arg @ref LL_RCC_I2S1_CLKSOURCE_PIN
3871:board/stm32f401rct6/Drivers/STM32F4xx_HAL_Driver/Inc/stm32f4xx_ll_rcc.h ****   *         @arg @ref LL_RCC_I2S1_CLKSOURCE_PLL (*)
3872:board/stm32f401rct6/Drivers/STM32F4xx_HAL_Driver/Inc/stm32f4xx_ll_rcc.h ****   *         @arg @ref LL_RCC_I2S1_CLKSOURCE_PLLSRC (*)
3873:board/stm32f401rct6/Drivers/STM32F4xx_HAL_Driver/Inc/stm32f4xx_ll_rcc.h ****   *         @arg @ref LL_RCC_I2S2_CLKSOURCE_PLLI2S (*)
3874:board/stm32f401rct6/Drivers/STM32F4xx_HAL_Driver/Inc/stm32f4xx_ll_rcc.h ****   *         @arg @ref LL_RCC_I2S2_CLKSOURCE_PIN (*)
3875:board/stm32f401rct6/Drivers/STM32F4xx_HAL_Driver/Inc/stm32f4xx_ll_rcc.h ****   *         @arg @ref LL_RCC_I2S2_CLKSOURCE_PLL (*)
3876:board/stm32f401rct6/Drivers/STM32F4xx_HAL_Driver/Inc/stm32f4xx_ll_rcc.h ****   *         @arg @ref LL_RCC_I2S2_CLKSOURCE_PLLSRC (*)
3877:board/stm32f401rct6/Drivers/STM32F4xx_HAL_Driver/Inc/stm32f4xx_ll_rcc.h ****   *
3878:board/stm32f401rct6/Drivers/STM32F4xx_HAL_Driver/Inc/stm32f4xx_ll_rcc.h ****   *         (*) value not defined in all devices.
3879:board/stm32f401rct6/Drivers/STM32F4xx_HAL_Driver/Inc/stm32f4xx_ll_rcc.h ****   */
3880:board/stm32f401rct6/Drivers/STM32F4xx_HAL_Driver/Inc/stm32f4xx_ll_rcc.h **** __STATIC_INLINE uint32_t LL_RCC_GetI2SClockSource(uint32_t I2Sx)
3881:board/stm32f401rct6/Drivers/STM32F4xx_HAL_Driver/Inc/stm32f4xx_ll_rcc.h **** {
3882:board/stm32f401rct6/Drivers/STM32F4xx_HAL_Driver/Inc/stm32f4xx_ll_rcc.h **** #if defined(RCC_CFGR_I2SSRC)
3883:board/stm32f401rct6/Drivers/STM32F4xx_HAL_Driver/Inc/stm32f4xx_ll_rcc.h ****   return (uint32_t)(READ_BIT(RCC->CFGR, I2Sx));
3884:board/stm32f401rct6/Drivers/STM32F4xx_HAL_Driver/Inc/stm32f4xx_ll_rcc.h **** #else
3885:board/stm32f401rct6/Drivers/STM32F4xx_HAL_Driver/Inc/stm32f4xx_ll_rcc.h ****   return (uint32_t)(READ_BIT(RCC->DCKCFGR, I2Sx) >> 16U | I2Sx);
3886:board/stm32f401rct6/Drivers/STM32F4xx_HAL_Driver/Inc/stm32f4xx_ll_rcc.h **** #endif /* RCC_CFGR_I2SSRC */
ARM GAS  C:\Users\Admin\AppData\Local\Temp\ccHMtLfr.s 			page 75


3887:board/stm32f401rct6/Drivers/STM32F4xx_HAL_Driver/Inc/stm32f4xx_ll_rcc.h **** }
3888:board/stm32f401rct6/Drivers/STM32F4xx_HAL_Driver/Inc/stm32f4xx_ll_rcc.h **** 
3889:board/stm32f401rct6/Drivers/STM32F4xx_HAL_Driver/Inc/stm32f4xx_ll_rcc.h **** #if defined(DFSDM1_Channel0)
3890:board/stm32f401rct6/Drivers/STM32F4xx_HAL_Driver/Inc/stm32f4xx_ll_rcc.h **** /**
3891:board/stm32f401rct6/Drivers/STM32F4xx_HAL_Driver/Inc/stm32f4xx_ll_rcc.h ****   * @brief  Get DFSDM Audio Clock Source
3892:board/stm32f401rct6/Drivers/STM32F4xx_HAL_Driver/Inc/stm32f4xx_ll_rcc.h ****   * @rmtoll DCKCFGR          CKDFSDM1ASEL        LL_RCC_GetDFSDMAudioClockSource\n
3893:board/stm32f401rct6/Drivers/STM32F4xx_HAL_Driver/Inc/stm32f4xx_ll_rcc.h ****   *         DCKCFGR          CKDFSDM2ASEL        LL_RCC_GetDFSDMAudioClockSource
3894:board/stm32f401rct6/Drivers/STM32F4xx_HAL_Driver/Inc/stm32f4xx_ll_rcc.h ****   * @param  DFSDMx This parameter can be one of the following values:
3895:board/stm32f401rct6/Drivers/STM32F4xx_HAL_Driver/Inc/stm32f4xx_ll_rcc.h ****   *         @arg @ref LL_RCC_DFSDM1_AUDIO_CLKSOURCE
3896:board/stm32f401rct6/Drivers/STM32F4xx_HAL_Driver/Inc/stm32f4xx_ll_rcc.h ****   *         @arg @ref LL_RCC_DFSDM2_AUDIO_CLKSOURCE (*)
3897:board/stm32f401rct6/Drivers/STM32F4xx_HAL_Driver/Inc/stm32f4xx_ll_rcc.h ****   * @retval Returned value can be one of the following values:
3898:board/stm32f401rct6/Drivers/STM32F4xx_HAL_Driver/Inc/stm32f4xx_ll_rcc.h ****   *         @arg @ref LL_RCC_DFSDM1_AUDIO_CLKSOURCE_I2S1
3899:board/stm32f401rct6/Drivers/STM32F4xx_HAL_Driver/Inc/stm32f4xx_ll_rcc.h ****   *         @arg @ref LL_RCC_DFSDM1_AUDIO_CLKSOURCE_I2S2
3900:board/stm32f401rct6/Drivers/STM32F4xx_HAL_Driver/Inc/stm32f4xx_ll_rcc.h ****   *         @arg @ref LL_RCC_DFSDM2_AUDIO_CLKSOURCE_I2S1 (*)
3901:board/stm32f401rct6/Drivers/STM32F4xx_HAL_Driver/Inc/stm32f4xx_ll_rcc.h ****   *         @arg @ref LL_RCC_DFSDM2_AUDIO_CLKSOURCE_I2S2 (*)
3902:board/stm32f401rct6/Drivers/STM32F4xx_HAL_Driver/Inc/stm32f4xx_ll_rcc.h ****   *
3903:board/stm32f401rct6/Drivers/STM32F4xx_HAL_Driver/Inc/stm32f4xx_ll_rcc.h ****   *         (*) value not defined in all devices.
3904:board/stm32f401rct6/Drivers/STM32F4xx_HAL_Driver/Inc/stm32f4xx_ll_rcc.h ****   */
3905:board/stm32f401rct6/Drivers/STM32F4xx_HAL_Driver/Inc/stm32f4xx_ll_rcc.h **** __STATIC_INLINE uint32_t LL_RCC_GetDFSDMAudioClockSource(uint32_t DFSDMx)
3906:board/stm32f401rct6/Drivers/STM32F4xx_HAL_Driver/Inc/stm32f4xx_ll_rcc.h **** {
3907:board/stm32f401rct6/Drivers/STM32F4xx_HAL_Driver/Inc/stm32f4xx_ll_rcc.h ****   return (uint32_t)(READ_BIT(RCC->DCKCFGR, DFSDMx) << 16U | DFSDMx);
3908:board/stm32f401rct6/Drivers/STM32F4xx_HAL_Driver/Inc/stm32f4xx_ll_rcc.h **** }
3909:board/stm32f401rct6/Drivers/STM32F4xx_HAL_Driver/Inc/stm32f4xx_ll_rcc.h **** 
3910:board/stm32f401rct6/Drivers/STM32F4xx_HAL_Driver/Inc/stm32f4xx_ll_rcc.h **** /**
3911:board/stm32f401rct6/Drivers/STM32F4xx_HAL_Driver/Inc/stm32f4xx_ll_rcc.h ****   * @brief  Get DFSDM Audio Clock Source
3912:board/stm32f401rct6/Drivers/STM32F4xx_HAL_Driver/Inc/stm32f4xx_ll_rcc.h ****   * @rmtoll DCKCFGR         CKDFSDM1SEL        LL_RCC_GetDFSDMClockSource
3913:board/stm32f401rct6/Drivers/STM32F4xx_HAL_Driver/Inc/stm32f4xx_ll_rcc.h ****   * @param  DFSDMx This parameter can be one of the following values:
3914:board/stm32f401rct6/Drivers/STM32F4xx_HAL_Driver/Inc/stm32f4xx_ll_rcc.h ****   *         @arg @ref LL_RCC_DFSDM1_CLKSOURCE
3915:board/stm32f401rct6/Drivers/STM32F4xx_HAL_Driver/Inc/stm32f4xx_ll_rcc.h ****   *         @arg @ref LL_RCC_DFSDM2_CLKSOURCE (*)
3916:board/stm32f401rct6/Drivers/STM32F4xx_HAL_Driver/Inc/stm32f4xx_ll_rcc.h ****   * @retval Returned value can be one of the following values:
3917:board/stm32f401rct6/Drivers/STM32F4xx_HAL_Driver/Inc/stm32f4xx_ll_rcc.h ****   *         @arg @ref LL_RCC_DFSDM1_CLKSOURCE_PCLK2
3918:board/stm32f401rct6/Drivers/STM32F4xx_HAL_Driver/Inc/stm32f4xx_ll_rcc.h ****   *         @arg @ref LL_RCC_DFSDM1_CLKSOURCE_SYSCLK
3919:board/stm32f401rct6/Drivers/STM32F4xx_HAL_Driver/Inc/stm32f4xx_ll_rcc.h ****   *         @arg @ref LL_RCC_DFSDM2_CLKSOURCE_PCLK2 (*)
3920:board/stm32f401rct6/Drivers/STM32F4xx_HAL_Driver/Inc/stm32f4xx_ll_rcc.h ****   *         @arg @ref LL_RCC_DFSDM2_CLKSOURCE_SYSCLK (*)
3921:board/stm32f401rct6/Drivers/STM32F4xx_HAL_Driver/Inc/stm32f4xx_ll_rcc.h ****   *
3922:board/stm32f401rct6/Drivers/STM32F4xx_HAL_Driver/Inc/stm32f4xx_ll_rcc.h ****   *         (*) value not defined in all devices.
3923:board/stm32f401rct6/Drivers/STM32F4xx_HAL_Driver/Inc/stm32f4xx_ll_rcc.h ****   */
3924:board/stm32f401rct6/Drivers/STM32F4xx_HAL_Driver/Inc/stm32f4xx_ll_rcc.h **** __STATIC_INLINE uint32_t LL_RCC_GetDFSDMClockSource(uint32_t DFSDMx)
3925:board/stm32f401rct6/Drivers/STM32F4xx_HAL_Driver/Inc/stm32f4xx_ll_rcc.h **** {
3926:board/stm32f401rct6/Drivers/STM32F4xx_HAL_Driver/Inc/stm32f4xx_ll_rcc.h ****   return (uint32_t)(READ_BIT(RCC->DCKCFGR, DFSDMx));
3927:board/stm32f401rct6/Drivers/STM32F4xx_HAL_Driver/Inc/stm32f4xx_ll_rcc.h **** }
3928:board/stm32f401rct6/Drivers/STM32F4xx_HAL_Driver/Inc/stm32f4xx_ll_rcc.h **** #endif /* DFSDM1_Channel0 */
3929:board/stm32f401rct6/Drivers/STM32F4xx_HAL_Driver/Inc/stm32f4xx_ll_rcc.h **** 
3930:board/stm32f401rct6/Drivers/STM32F4xx_HAL_Driver/Inc/stm32f4xx_ll_rcc.h **** #if defined(SPDIFRX)
3931:board/stm32f401rct6/Drivers/STM32F4xx_HAL_Driver/Inc/stm32f4xx_ll_rcc.h **** /**
3932:board/stm32f401rct6/Drivers/STM32F4xx_HAL_Driver/Inc/stm32f4xx_ll_rcc.h ****   * @brief  Get SPDIFRX clock source
3933:board/stm32f401rct6/Drivers/STM32F4xx_HAL_Driver/Inc/stm32f4xx_ll_rcc.h ****   * @rmtoll DCKCFGR2         SPDIFRXSEL      LL_RCC_GetSPDIFRXClockSource
3934:board/stm32f401rct6/Drivers/STM32F4xx_HAL_Driver/Inc/stm32f4xx_ll_rcc.h ****   * @param  SPDIFRXx This parameter can be one of the following values:
3935:board/stm32f401rct6/Drivers/STM32F4xx_HAL_Driver/Inc/stm32f4xx_ll_rcc.h ****   *         @arg @ref LL_RCC_SPDIFRX1_CLKSOURCE
3936:board/stm32f401rct6/Drivers/STM32F4xx_HAL_Driver/Inc/stm32f4xx_ll_rcc.h ****   * @retval Returned value can be one of the following values:
3937:board/stm32f401rct6/Drivers/STM32F4xx_HAL_Driver/Inc/stm32f4xx_ll_rcc.h ****   *         @arg @ref LL_RCC_SPDIFRX1_CLKSOURCE_PLL
3938:board/stm32f401rct6/Drivers/STM32F4xx_HAL_Driver/Inc/stm32f4xx_ll_rcc.h ****   *         @arg @ref LL_RCC_SPDIFRX1_CLKSOURCE_PLLI2S
3939:board/stm32f401rct6/Drivers/STM32F4xx_HAL_Driver/Inc/stm32f4xx_ll_rcc.h ****   *
3940:board/stm32f401rct6/Drivers/STM32F4xx_HAL_Driver/Inc/stm32f4xx_ll_rcc.h ****   *         (*) value not defined in all devices.
3941:board/stm32f401rct6/Drivers/STM32F4xx_HAL_Driver/Inc/stm32f4xx_ll_rcc.h ****   */
3942:board/stm32f401rct6/Drivers/STM32F4xx_HAL_Driver/Inc/stm32f4xx_ll_rcc.h **** __STATIC_INLINE uint32_t LL_RCC_GetSPDIFRXClockSource(uint32_t SPDIFRXx)
3943:board/stm32f401rct6/Drivers/STM32F4xx_HAL_Driver/Inc/stm32f4xx_ll_rcc.h **** {
ARM GAS  C:\Users\Admin\AppData\Local\Temp\ccHMtLfr.s 			page 76


3944:board/stm32f401rct6/Drivers/STM32F4xx_HAL_Driver/Inc/stm32f4xx_ll_rcc.h ****   return (uint32_t)(READ_BIT(RCC->DCKCFGR2, SPDIFRXx));
3945:board/stm32f401rct6/Drivers/STM32F4xx_HAL_Driver/Inc/stm32f4xx_ll_rcc.h **** }
3946:board/stm32f401rct6/Drivers/STM32F4xx_HAL_Driver/Inc/stm32f4xx_ll_rcc.h **** #endif /* SPDIFRX */
3947:board/stm32f401rct6/Drivers/STM32F4xx_HAL_Driver/Inc/stm32f4xx_ll_rcc.h **** 
3948:board/stm32f401rct6/Drivers/STM32F4xx_HAL_Driver/Inc/stm32f4xx_ll_rcc.h **** #if defined(DSI)
3949:board/stm32f401rct6/Drivers/STM32F4xx_HAL_Driver/Inc/stm32f4xx_ll_rcc.h **** /**
3950:board/stm32f401rct6/Drivers/STM32F4xx_HAL_Driver/Inc/stm32f4xx_ll_rcc.h ****   * @brief  Get DSI Clock Source
3951:board/stm32f401rct6/Drivers/STM32F4xx_HAL_Driver/Inc/stm32f4xx_ll_rcc.h ****   * @rmtoll DCKCFGR         DSISEL        LL_RCC_GetDSIClockSource
3952:board/stm32f401rct6/Drivers/STM32F4xx_HAL_Driver/Inc/stm32f4xx_ll_rcc.h ****   * @param  DSIx This parameter can be one of the following values:
3953:board/stm32f401rct6/Drivers/STM32F4xx_HAL_Driver/Inc/stm32f4xx_ll_rcc.h ****   *         @arg @ref LL_RCC_DSI_CLKSOURCE
3954:board/stm32f401rct6/Drivers/STM32F4xx_HAL_Driver/Inc/stm32f4xx_ll_rcc.h ****   * @retval Returned value can be one of the following values:
3955:board/stm32f401rct6/Drivers/STM32F4xx_HAL_Driver/Inc/stm32f4xx_ll_rcc.h ****   *         @arg @ref LL_RCC_DSI_CLKSOURCE_PHY
3956:board/stm32f401rct6/Drivers/STM32F4xx_HAL_Driver/Inc/stm32f4xx_ll_rcc.h ****   *         @arg @ref LL_RCC_DSI_CLKSOURCE_PLL
3957:board/stm32f401rct6/Drivers/STM32F4xx_HAL_Driver/Inc/stm32f4xx_ll_rcc.h ****   */
3958:board/stm32f401rct6/Drivers/STM32F4xx_HAL_Driver/Inc/stm32f4xx_ll_rcc.h **** __STATIC_INLINE uint32_t LL_RCC_GetDSIClockSource(uint32_t DSIx)
3959:board/stm32f401rct6/Drivers/STM32F4xx_HAL_Driver/Inc/stm32f4xx_ll_rcc.h **** {
3960:board/stm32f401rct6/Drivers/STM32F4xx_HAL_Driver/Inc/stm32f4xx_ll_rcc.h ****   return (uint32_t)(READ_BIT(RCC->DCKCFGR, DSIx));
3961:board/stm32f401rct6/Drivers/STM32F4xx_HAL_Driver/Inc/stm32f4xx_ll_rcc.h **** }
3962:board/stm32f401rct6/Drivers/STM32F4xx_HAL_Driver/Inc/stm32f4xx_ll_rcc.h **** #endif /* DSI */
3963:board/stm32f401rct6/Drivers/STM32F4xx_HAL_Driver/Inc/stm32f4xx_ll_rcc.h **** 
3964:board/stm32f401rct6/Drivers/STM32F4xx_HAL_Driver/Inc/stm32f4xx_ll_rcc.h **** /**
3965:board/stm32f401rct6/Drivers/STM32F4xx_HAL_Driver/Inc/stm32f4xx_ll_rcc.h ****   * @}
3966:board/stm32f401rct6/Drivers/STM32F4xx_HAL_Driver/Inc/stm32f4xx_ll_rcc.h ****   */
3967:board/stm32f401rct6/Drivers/STM32F4xx_HAL_Driver/Inc/stm32f4xx_ll_rcc.h **** 
3968:board/stm32f401rct6/Drivers/STM32F4xx_HAL_Driver/Inc/stm32f4xx_ll_rcc.h **** /** @defgroup RCC_LL_EF_RTC RTC
3969:board/stm32f401rct6/Drivers/STM32F4xx_HAL_Driver/Inc/stm32f4xx_ll_rcc.h ****   * @{
3970:board/stm32f401rct6/Drivers/STM32F4xx_HAL_Driver/Inc/stm32f4xx_ll_rcc.h ****   */
3971:board/stm32f401rct6/Drivers/STM32F4xx_HAL_Driver/Inc/stm32f4xx_ll_rcc.h **** 
3972:board/stm32f401rct6/Drivers/STM32F4xx_HAL_Driver/Inc/stm32f4xx_ll_rcc.h **** /**
3973:board/stm32f401rct6/Drivers/STM32F4xx_HAL_Driver/Inc/stm32f4xx_ll_rcc.h ****   * @brief  Set RTC Clock Source
3974:board/stm32f401rct6/Drivers/STM32F4xx_HAL_Driver/Inc/stm32f4xx_ll_rcc.h ****   * @note Once the RTC clock source has been selected, it cannot be changed anymore unless
3975:board/stm32f401rct6/Drivers/STM32F4xx_HAL_Driver/Inc/stm32f4xx_ll_rcc.h ****   *       the Backup domain is reset, or unless a failure is detected on LSE (LSECSSD is
3976:board/stm32f401rct6/Drivers/STM32F4xx_HAL_Driver/Inc/stm32f4xx_ll_rcc.h ****   *       set). The BDRST bit can be used to reset them.
3977:board/stm32f401rct6/Drivers/STM32F4xx_HAL_Driver/Inc/stm32f4xx_ll_rcc.h ****   * @rmtoll BDCR         RTCSEL        LL_RCC_SetRTCClockSource
3978:board/stm32f401rct6/Drivers/STM32F4xx_HAL_Driver/Inc/stm32f4xx_ll_rcc.h ****   * @param  Source This parameter can be one of the following values:
3979:board/stm32f401rct6/Drivers/STM32F4xx_HAL_Driver/Inc/stm32f4xx_ll_rcc.h ****   *         @arg @ref LL_RCC_RTC_CLKSOURCE_NONE
3980:board/stm32f401rct6/Drivers/STM32F4xx_HAL_Driver/Inc/stm32f4xx_ll_rcc.h ****   *         @arg @ref LL_RCC_RTC_CLKSOURCE_LSE
3981:board/stm32f401rct6/Drivers/STM32F4xx_HAL_Driver/Inc/stm32f4xx_ll_rcc.h ****   *         @arg @ref LL_RCC_RTC_CLKSOURCE_LSI
3982:board/stm32f401rct6/Drivers/STM32F4xx_HAL_Driver/Inc/stm32f4xx_ll_rcc.h ****   *         @arg @ref LL_RCC_RTC_CLKSOURCE_HSE
3983:board/stm32f401rct6/Drivers/STM32F4xx_HAL_Driver/Inc/stm32f4xx_ll_rcc.h ****   * @retval None
3984:board/stm32f401rct6/Drivers/STM32F4xx_HAL_Driver/Inc/stm32f4xx_ll_rcc.h ****   */
3985:board/stm32f401rct6/Drivers/STM32F4xx_HAL_Driver/Inc/stm32f4xx_ll_rcc.h **** __STATIC_INLINE void LL_RCC_SetRTCClockSource(uint32_t Source)
3986:board/stm32f401rct6/Drivers/STM32F4xx_HAL_Driver/Inc/stm32f4xx_ll_rcc.h **** {
3987:board/stm32f401rct6/Drivers/STM32F4xx_HAL_Driver/Inc/stm32f4xx_ll_rcc.h ****   MODIFY_REG(RCC->BDCR, RCC_BDCR_RTCSEL, Source);
3988:board/stm32f401rct6/Drivers/STM32F4xx_HAL_Driver/Inc/stm32f4xx_ll_rcc.h **** }
3989:board/stm32f401rct6/Drivers/STM32F4xx_HAL_Driver/Inc/stm32f4xx_ll_rcc.h **** 
3990:board/stm32f401rct6/Drivers/STM32F4xx_HAL_Driver/Inc/stm32f4xx_ll_rcc.h **** /**
3991:board/stm32f401rct6/Drivers/STM32F4xx_HAL_Driver/Inc/stm32f4xx_ll_rcc.h ****   * @brief  Get RTC Clock Source
3992:board/stm32f401rct6/Drivers/STM32F4xx_HAL_Driver/Inc/stm32f4xx_ll_rcc.h ****   * @rmtoll BDCR         RTCSEL        LL_RCC_GetRTCClockSource
3993:board/stm32f401rct6/Drivers/STM32F4xx_HAL_Driver/Inc/stm32f4xx_ll_rcc.h ****   * @retval Returned value can be one of the following values:
3994:board/stm32f401rct6/Drivers/STM32F4xx_HAL_Driver/Inc/stm32f4xx_ll_rcc.h ****   *         @arg @ref LL_RCC_RTC_CLKSOURCE_NONE
3995:board/stm32f401rct6/Drivers/STM32F4xx_HAL_Driver/Inc/stm32f4xx_ll_rcc.h ****   *         @arg @ref LL_RCC_RTC_CLKSOURCE_LSE
3996:board/stm32f401rct6/Drivers/STM32F4xx_HAL_Driver/Inc/stm32f4xx_ll_rcc.h ****   *         @arg @ref LL_RCC_RTC_CLKSOURCE_LSI
3997:board/stm32f401rct6/Drivers/STM32F4xx_HAL_Driver/Inc/stm32f4xx_ll_rcc.h ****   *         @arg @ref LL_RCC_RTC_CLKSOURCE_HSE
3998:board/stm32f401rct6/Drivers/STM32F4xx_HAL_Driver/Inc/stm32f4xx_ll_rcc.h ****   */
3999:board/stm32f401rct6/Drivers/STM32F4xx_HAL_Driver/Inc/stm32f4xx_ll_rcc.h **** __STATIC_INLINE uint32_t LL_RCC_GetRTCClockSource(void)
4000:board/stm32f401rct6/Drivers/STM32F4xx_HAL_Driver/Inc/stm32f4xx_ll_rcc.h **** {
ARM GAS  C:\Users\Admin\AppData\Local\Temp\ccHMtLfr.s 			page 77


4001:board/stm32f401rct6/Drivers/STM32F4xx_HAL_Driver/Inc/stm32f4xx_ll_rcc.h ****   return (uint32_t)(READ_BIT(RCC->BDCR, RCC_BDCR_RTCSEL));
4002:board/stm32f401rct6/Drivers/STM32F4xx_HAL_Driver/Inc/stm32f4xx_ll_rcc.h **** }
4003:board/stm32f401rct6/Drivers/STM32F4xx_HAL_Driver/Inc/stm32f4xx_ll_rcc.h **** 
4004:board/stm32f401rct6/Drivers/STM32F4xx_HAL_Driver/Inc/stm32f4xx_ll_rcc.h **** /**
4005:board/stm32f401rct6/Drivers/STM32F4xx_HAL_Driver/Inc/stm32f4xx_ll_rcc.h ****   * @brief  Enable RTC
4006:board/stm32f401rct6/Drivers/STM32F4xx_HAL_Driver/Inc/stm32f4xx_ll_rcc.h ****   * @rmtoll BDCR         RTCEN         LL_RCC_EnableRTC
4007:board/stm32f401rct6/Drivers/STM32F4xx_HAL_Driver/Inc/stm32f4xx_ll_rcc.h ****   * @retval None
4008:board/stm32f401rct6/Drivers/STM32F4xx_HAL_Driver/Inc/stm32f4xx_ll_rcc.h ****   */
4009:board/stm32f401rct6/Drivers/STM32F4xx_HAL_Driver/Inc/stm32f4xx_ll_rcc.h **** __STATIC_INLINE void LL_RCC_EnableRTC(void)
4010:board/stm32f401rct6/Drivers/STM32F4xx_HAL_Driver/Inc/stm32f4xx_ll_rcc.h **** {
4011:board/stm32f401rct6/Drivers/STM32F4xx_HAL_Driver/Inc/stm32f4xx_ll_rcc.h ****   SET_BIT(RCC->BDCR, RCC_BDCR_RTCEN);
4012:board/stm32f401rct6/Drivers/STM32F4xx_HAL_Driver/Inc/stm32f4xx_ll_rcc.h **** }
4013:board/stm32f401rct6/Drivers/STM32F4xx_HAL_Driver/Inc/stm32f4xx_ll_rcc.h **** 
4014:board/stm32f401rct6/Drivers/STM32F4xx_HAL_Driver/Inc/stm32f4xx_ll_rcc.h **** /**
4015:board/stm32f401rct6/Drivers/STM32F4xx_HAL_Driver/Inc/stm32f4xx_ll_rcc.h ****   * @brief  Disable RTC
4016:board/stm32f401rct6/Drivers/STM32F4xx_HAL_Driver/Inc/stm32f4xx_ll_rcc.h ****   * @rmtoll BDCR         RTCEN         LL_RCC_DisableRTC
4017:board/stm32f401rct6/Drivers/STM32F4xx_HAL_Driver/Inc/stm32f4xx_ll_rcc.h ****   * @retval None
4018:board/stm32f401rct6/Drivers/STM32F4xx_HAL_Driver/Inc/stm32f4xx_ll_rcc.h ****   */
4019:board/stm32f401rct6/Drivers/STM32F4xx_HAL_Driver/Inc/stm32f4xx_ll_rcc.h **** __STATIC_INLINE void LL_RCC_DisableRTC(void)
4020:board/stm32f401rct6/Drivers/STM32F4xx_HAL_Driver/Inc/stm32f4xx_ll_rcc.h **** {
4021:board/stm32f401rct6/Drivers/STM32F4xx_HAL_Driver/Inc/stm32f4xx_ll_rcc.h ****   CLEAR_BIT(RCC->BDCR, RCC_BDCR_RTCEN);
4022:board/stm32f401rct6/Drivers/STM32F4xx_HAL_Driver/Inc/stm32f4xx_ll_rcc.h **** }
4023:board/stm32f401rct6/Drivers/STM32F4xx_HAL_Driver/Inc/stm32f4xx_ll_rcc.h **** 
4024:board/stm32f401rct6/Drivers/STM32F4xx_HAL_Driver/Inc/stm32f4xx_ll_rcc.h **** /**
4025:board/stm32f401rct6/Drivers/STM32F4xx_HAL_Driver/Inc/stm32f4xx_ll_rcc.h ****   * @brief  Check if RTC has been enabled or not
4026:board/stm32f401rct6/Drivers/STM32F4xx_HAL_Driver/Inc/stm32f4xx_ll_rcc.h ****   * @rmtoll BDCR         RTCEN         LL_RCC_IsEnabledRTC
4027:board/stm32f401rct6/Drivers/STM32F4xx_HAL_Driver/Inc/stm32f4xx_ll_rcc.h ****   * @retval State of bit (1 or 0).
4028:board/stm32f401rct6/Drivers/STM32F4xx_HAL_Driver/Inc/stm32f4xx_ll_rcc.h ****   */
4029:board/stm32f401rct6/Drivers/STM32F4xx_HAL_Driver/Inc/stm32f4xx_ll_rcc.h **** __STATIC_INLINE uint32_t LL_RCC_IsEnabledRTC(void)
4030:board/stm32f401rct6/Drivers/STM32F4xx_HAL_Driver/Inc/stm32f4xx_ll_rcc.h **** {
4031:board/stm32f401rct6/Drivers/STM32F4xx_HAL_Driver/Inc/stm32f4xx_ll_rcc.h ****   return (READ_BIT(RCC->BDCR, RCC_BDCR_RTCEN) == (RCC_BDCR_RTCEN));
4032:board/stm32f401rct6/Drivers/STM32F4xx_HAL_Driver/Inc/stm32f4xx_ll_rcc.h **** }
4033:board/stm32f401rct6/Drivers/STM32F4xx_HAL_Driver/Inc/stm32f4xx_ll_rcc.h **** 
4034:board/stm32f401rct6/Drivers/STM32F4xx_HAL_Driver/Inc/stm32f4xx_ll_rcc.h **** /**
4035:board/stm32f401rct6/Drivers/STM32F4xx_HAL_Driver/Inc/stm32f4xx_ll_rcc.h ****   * @brief  Force the Backup domain reset
4036:board/stm32f401rct6/Drivers/STM32F4xx_HAL_Driver/Inc/stm32f4xx_ll_rcc.h ****   * @rmtoll BDCR         BDRST         LL_RCC_ForceBackupDomainReset
4037:board/stm32f401rct6/Drivers/STM32F4xx_HAL_Driver/Inc/stm32f4xx_ll_rcc.h ****   * @retval None
4038:board/stm32f401rct6/Drivers/STM32F4xx_HAL_Driver/Inc/stm32f4xx_ll_rcc.h ****   */
4039:board/stm32f401rct6/Drivers/STM32F4xx_HAL_Driver/Inc/stm32f4xx_ll_rcc.h **** __STATIC_INLINE void LL_RCC_ForceBackupDomainReset(void)
4040:board/stm32f401rct6/Drivers/STM32F4xx_HAL_Driver/Inc/stm32f4xx_ll_rcc.h **** {
4041:board/stm32f401rct6/Drivers/STM32F4xx_HAL_Driver/Inc/stm32f4xx_ll_rcc.h ****   SET_BIT(RCC->BDCR, RCC_BDCR_BDRST);
4042:board/stm32f401rct6/Drivers/STM32F4xx_HAL_Driver/Inc/stm32f4xx_ll_rcc.h **** }
4043:board/stm32f401rct6/Drivers/STM32F4xx_HAL_Driver/Inc/stm32f4xx_ll_rcc.h **** 
4044:board/stm32f401rct6/Drivers/STM32F4xx_HAL_Driver/Inc/stm32f4xx_ll_rcc.h **** /**
4045:board/stm32f401rct6/Drivers/STM32F4xx_HAL_Driver/Inc/stm32f4xx_ll_rcc.h ****   * @brief  Release the Backup domain reset
4046:board/stm32f401rct6/Drivers/STM32F4xx_HAL_Driver/Inc/stm32f4xx_ll_rcc.h ****   * @rmtoll BDCR         BDRST         LL_RCC_ReleaseBackupDomainReset
4047:board/stm32f401rct6/Drivers/STM32F4xx_HAL_Driver/Inc/stm32f4xx_ll_rcc.h ****   * @retval None
4048:board/stm32f401rct6/Drivers/STM32F4xx_HAL_Driver/Inc/stm32f4xx_ll_rcc.h ****   */
4049:board/stm32f401rct6/Drivers/STM32F4xx_HAL_Driver/Inc/stm32f4xx_ll_rcc.h **** __STATIC_INLINE void LL_RCC_ReleaseBackupDomainReset(void)
4050:board/stm32f401rct6/Drivers/STM32F4xx_HAL_Driver/Inc/stm32f4xx_ll_rcc.h **** {
4051:board/stm32f401rct6/Drivers/STM32F4xx_HAL_Driver/Inc/stm32f4xx_ll_rcc.h ****   CLEAR_BIT(RCC->BDCR, RCC_BDCR_BDRST);
4052:board/stm32f401rct6/Drivers/STM32F4xx_HAL_Driver/Inc/stm32f4xx_ll_rcc.h **** }
4053:board/stm32f401rct6/Drivers/STM32F4xx_HAL_Driver/Inc/stm32f4xx_ll_rcc.h **** 
4054:board/stm32f401rct6/Drivers/STM32F4xx_HAL_Driver/Inc/stm32f4xx_ll_rcc.h **** /**
4055:board/stm32f401rct6/Drivers/STM32F4xx_HAL_Driver/Inc/stm32f4xx_ll_rcc.h ****   * @brief  Set HSE Prescalers for RTC Clock
4056:board/stm32f401rct6/Drivers/STM32F4xx_HAL_Driver/Inc/stm32f4xx_ll_rcc.h ****   * @rmtoll CFGR         RTCPRE        LL_RCC_SetRTC_HSEPrescaler
4057:board/stm32f401rct6/Drivers/STM32F4xx_HAL_Driver/Inc/stm32f4xx_ll_rcc.h ****   * @param  Prescaler This parameter can be one of the following values:
ARM GAS  C:\Users\Admin\AppData\Local\Temp\ccHMtLfr.s 			page 78


4058:board/stm32f401rct6/Drivers/STM32F4xx_HAL_Driver/Inc/stm32f4xx_ll_rcc.h ****   *         @arg @ref LL_RCC_RTC_NOCLOCK
4059:board/stm32f401rct6/Drivers/STM32F4xx_HAL_Driver/Inc/stm32f4xx_ll_rcc.h ****   *         @arg @ref LL_RCC_RTC_HSE_DIV_2
4060:board/stm32f401rct6/Drivers/STM32F4xx_HAL_Driver/Inc/stm32f4xx_ll_rcc.h ****   *         @arg @ref LL_RCC_RTC_HSE_DIV_3
4061:board/stm32f401rct6/Drivers/STM32F4xx_HAL_Driver/Inc/stm32f4xx_ll_rcc.h ****   *         @arg @ref LL_RCC_RTC_HSE_DIV_4
4062:board/stm32f401rct6/Drivers/STM32F4xx_HAL_Driver/Inc/stm32f4xx_ll_rcc.h ****   *         @arg @ref LL_RCC_RTC_HSE_DIV_5
4063:board/stm32f401rct6/Drivers/STM32F4xx_HAL_Driver/Inc/stm32f4xx_ll_rcc.h ****   *         @arg @ref LL_RCC_RTC_HSE_DIV_6
4064:board/stm32f401rct6/Drivers/STM32F4xx_HAL_Driver/Inc/stm32f4xx_ll_rcc.h ****   *         @arg @ref LL_RCC_RTC_HSE_DIV_7
4065:board/stm32f401rct6/Drivers/STM32F4xx_HAL_Driver/Inc/stm32f4xx_ll_rcc.h ****   *         @arg @ref LL_RCC_RTC_HSE_DIV_8
4066:board/stm32f401rct6/Drivers/STM32F4xx_HAL_Driver/Inc/stm32f4xx_ll_rcc.h ****   *         @arg @ref LL_RCC_RTC_HSE_DIV_9
4067:board/stm32f401rct6/Drivers/STM32F4xx_HAL_Driver/Inc/stm32f4xx_ll_rcc.h ****   *         @arg @ref LL_RCC_RTC_HSE_DIV_10
4068:board/stm32f401rct6/Drivers/STM32F4xx_HAL_Driver/Inc/stm32f4xx_ll_rcc.h ****   *         @arg @ref LL_RCC_RTC_HSE_DIV_11
4069:board/stm32f401rct6/Drivers/STM32F4xx_HAL_Driver/Inc/stm32f4xx_ll_rcc.h ****   *         @arg @ref LL_RCC_RTC_HSE_DIV_12
4070:board/stm32f401rct6/Drivers/STM32F4xx_HAL_Driver/Inc/stm32f4xx_ll_rcc.h ****   *         @arg @ref LL_RCC_RTC_HSE_DIV_13
4071:board/stm32f401rct6/Drivers/STM32F4xx_HAL_Driver/Inc/stm32f4xx_ll_rcc.h ****   *         @arg @ref LL_RCC_RTC_HSE_DIV_14
4072:board/stm32f401rct6/Drivers/STM32F4xx_HAL_Driver/Inc/stm32f4xx_ll_rcc.h ****   *         @arg @ref LL_RCC_RTC_HSE_DIV_15
4073:board/stm32f401rct6/Drivers/STM32F4xx_HAL_Driver/Inc/stm32f4xx_ll_rcc.h ****   *         @arg @ref LL_RCC_RTC_HSE_DIV_16
4074:board/stm32f401rct6/Drivers/STM32F4xx_HAL_Driver/Inc/stm32f4xx_ll_rcc.h ****   *         @arg @ref LL_RCC_RTC_HSE_DIV_17
4075:board/stm32f401rct6/Drivers/STM32F4xx_HAL_Driver/Inc/stm32f4xx_ll_rcc.h ****   *         @arg @ref LL_RCC_RTC_HSE_DIV_18
4076:board/stm32f401rct6/Drivers/STM32F4xx_HAL_Driver/Inc/stm32f4xx_ll_rcc.h ****   *         @arg @ref LL_RCC_RTC_HSE_DIV_19
4077:board/stm32f401rct6/Drivers/STM32F4xx_HAL_Driver/Inc/stm32f4xx_ll_rcc.h ****   *         @arg @ref LL_RCC_RTC_HSE_DIV_20
4078:board/stm32f401rct6/Drivers/STM32F4xx_HAL_Driver/Inc/stm32f4xx_ll_rcc.h ****   *         @arg @ref LL_RCC_RTC_HSE_DIV_21
4079:board/stm32f401rct6/Drivers/STM32F4xx_HAL_Driver/Inc/stm32f4xx_ll_rcc.h ****   *         @arg @ref LL_RCC_RTC_HSE_DIV_22
4080:board/stm32f401rct6/Drivers/STM32F4xx_HAL_Driver/Inc/stm32f4xx_ll_rcc.h ****   *         @arg @ref LL_RCC_RTC_HSE_DIV_23
4081:board/stm32f401rct6/Drivers/STM32F4xx_HAL_Driver/Inc/stm32f4xx_ll_rcc.h ****   *         @arg @ref LL_RCC_RTC_HSE_DIV_24
4082:board/stm32f401rct6/Drivers/STM32F4xx_HAL_Driver/Inc/stm32f4xx_ll_rcc.h ****   *         @arg @ref LL_RCC_RTC_HSE_DIV_25
4083:board/stm32f401rct6/Drivers/STM32F4xx_HAL_Driver/Inc/stm32f4xx_ll_rcc.h ****   *         @arg @ref LL_RCC_RTC_HSE_DIV_26
4084:board/stm32f401rct6/Drivers/STM32F4xx_HAL_Driver/Inc/stm32f4xx_ll_rcc.h ****   *         @arg @ref LL_RCC_RTC_HSE_DIV_27
4085:board/stm32f401rct6/Drivers/STM32F4xx_HAL_Driver/Inc/stm32f4xx_ll_rcc.h ****   *         @arg @ref LL_RCC_RTC_HSE_DIV_28
4086:board/stm32f401rct6/Drivers/STM32F4xx_HAL_Driver/Inc/stm32f4xx_ll_rcc.h ****   *         @arg @ref LL_RCC_RTC_HSE_DIV_29
4087:board/stm32f401rct6/Drivers/STM32F4xx_HAL_Driver/Inc/stm32f4xx_ll_rcc.h ****   *         @arg @ref LL_RCC_RTC_HSE_DIV_30
4088:board/stm32f401rct6/Drivers/STM32F4xx_HAL_Driver/Inc/stm32f4xx_ll_rcc.h ****   *         @arg @ref LL_RCC_RTC_HSE_DIV_31
4089:board/stm32f401rct6/Drivers/STM32F4xx_HAL_Driver/Inc/stm32f4xx_ll_rcc.h ****   * @retval None
4090:board/stm32f401rct6/Drivers/STM32F4xx_HAL_Driver/Inc/stm32f4xx_ll_rcc.h ****   */
4091:board/stm32f401rct6/Drivers/STM32F4xx_HAL_Driver/Inc/stm32f4xx_ll_rcc.h **** __STATIC_INLINE void LL_RCC_SetRTC_HSEPrescaler(uint32_t Prescaler)
4092:board/stm32f401rct6/Drivers/STM32F4xx_HAL_Driver/Inc/stm32f4xx_ll_rcc.h **** {
4093:board/stm32f401rct6/Drivers/STM32F4xx_HAL_Driver/Inc/stm32f4xx_ll_rcc.h ****   MODIFY_REG(RCC->CFGR, RCC_CFGR_RTCPRE, Prescaler);
4094:board/stm32f401rct6/Drivers/STM32F4xx_HAL_Driver/Inc/stm32f4xx_ll_rcc.h **** }
4095:board/stm32f401rct6/Drivers/STM32F4xx_HAL_Driver/Inc/stm32f4xx_ll_rcc.h **** 
4096:board/stm32f401rct6/Drivers/STM32F4xx_HAL_Driver/Inc/stm32f4xx_ll_rcc.h **** /**
4097:board/stm32f401rct6/Drivers/STM32F4xx_HAL_Driver/Inc/stm32f4xx_ll_rcc.h ****   * @brief  Get HSE Prescalers for RTC Clock
4098:board/stm32f401rct6/Drivers/STM32F4xx_HAL_Driver/Inc/stm32f4xx_ll_rcc.h ****   * @rmtoll CFGR         RTCPRE        LL_RCC_GetRTC_HSEPrescaler
4099:board/stm32f401rct6/Drivers/STM32F4xx_HAL_Driver/Inc/stm32f4xx_ll_rcc.h ****   * @retval Returned value can be one of the following values:
4100:board/stm32f401rct6/Drivers/STM32F4xx_HAL_Driver/Inc/stm32f4xx_ll_rcc.h ****   *         @arg @ref LL_RCC_RTC_NOCLOCK
4101:board/stm32f401rct6/Drivers/STM32F4xx_HAL_Driver/Inc/stm32f4xx_ll_rcc.h ****   *         @arg @ref LL_RCC_RTC_HSE_DIV_2
4102:board/stm32f401rct6/Drivers/STM32F4xx_HAL_Driver/Inc/stm32f4xx_ll_rcc.h ****   *         @arg @ref LL_RCC_RTC_HSE_DIV_3
4103:board/stm32f401rct6/Drivers/STM32F4xx_HAL_Driver/Inc/stm32f4xx_ll_rcc.h ****   *         @arg @ref LL_RCC_RTC_HSE_DIV_4
4104:board/stm32f401rct6/Drivers/STM32F4xx_HAL_Driver/Inc/stm32f4xx_ll_rcc.h ****   *         @arg @ref LL_RCC_RTC_HSE_DIV_5
4105:board/stm32f401rct6/Drivers/STM32F4xx_HAL_Driver/Inc/stm32f4xx_ll_rcc.h ****   *         @arg @ref LL_RCC_RTC_HSE_DIV_6
4106:board/stm32f401rct6/Drivers/STM32F4xx_HAL_Driver/Inc/stm32f4xx_ll_rcc.h ****   *         @arg @ref LL_RCC_RTC_HSE_DIV_7
4107:board/stm32f401rct6/Drivers/STM32F4xx_HAL_Driver/Inc/stm32f4xx_ll_rcc.h ****   *         @arg @ref LL_RCC_RTC_HSE_DIV_8
4108:board/stm32f401rct6/Drivers/STM32F4xx_HAL_Driver/Inc/stm32f4xx_ll_rcc.h ****   *         @arg @ref LL_RCC_RTC_HSE_DIV_9
4109:board/stm32f401rct6/Drivers/STM32F4xx_HAL_Driver/Inc/stm32f4xx_ll_rcc.h ****   *         @arg @ref LL_RCC_RTC_HSE_DIV_10
4110:board/stm32f401rct6/Drivers/STM32F4xx_HAL_Driver/Inc/stm32f4xx_ll_rcc.h ****   *         @arg @ref LL_RCC_RTC_HSE_DIV_11
4111:board/stm32f401rct6/Drivers/STM32F4xx_HAL_Driver/Inc/stm32f4xx_ll_rcc.h ****   *         @arg @ref LL_RCC_RTC_HSE_DIV_12
4112:board/stm32f401rct6/Drivers/STM32F4xx_HAL_Driver/Inc/stm32f4xx_ll_rcc.h ****   *         @arg @ref LL_RCC_RTC_HSE_DIV_13
4113:board/stm32f401rct6/Drivers/STM32F4xx_HAL_Driver/Inc/stm32f4xx_ll_rcc.h ****   *         @arg @ref LL_RCC_RTC_HSE_DIV_14
4114:board/stm32f401rct6/Drivers/STM32F4xx_HAL_Driver/Inc/stm32f4xx_ll_rcc.h ****   *         @arg @ref LL_RCC_RTC_HSE_DIV_15
ARM GAS  C:\Users\Admin\AppData\Local\Temp\ccHMtLfr.s 			page 79


4115:board/stm32f401rct6/Drivers/STM32F4xx_HAL_Driver/Inc/stm32f4xx_ll_rcc.h ****   *         @arg @ref LL_RCC_RTC_HSE_DIV_16
4116:board/stm32f401rct6/Drivers/STM32F4xx_HAL_Driver/Inc/stm32f4xx_ll_rcc.h ****   *         @arg @ref LL_RCC_RTC_HSE_DIV_17
4117:board/stm32f401rct6/Drivers/STM32F4xx_HAL_Driver/Inc/stm32f4xx_ll_rcc.h ****   *         @arg @ref LL_RCC_RTC_HSE_DIV_18
4118:board/stm32f401rct6/Drivers/STM32F4xx_HAL_Driver/Inc/stm32f4xx_ll_rcc.h ****   *         @arg @ref LL_RCC_RTC_HSE_DIV_19
4119:board/stm32f401rct6/Drivers/STM32F4xx_HAL_Driver/Inc/stm32f4xx_ll_rcc.h ****   *         @arg @ref LL_RCC_RTC_HSE_DIV_20
4120:board/stm32f401rct6/Drivers/STM32F4xx_HAL_Driver/Inc/stm32f4xx_ll_rcc.h ****   *         @arg @ref LL_RCC_RTC_HSE_DIV_21
4121:board/stm32f401rct6/Drivers/STM32F4xx_HAL_Driver/Inc/stm32f4xx_ll_rcc.h ****   *         @arg @ref LL_RCC_RTC_HSE_DIV_22
4122:board/stm32f401rct6/Drivers/STM32F4xx_HAL_Driver/Inc/stm32f4xx_ll_rcc.h ****   *         @arg @ref LL_RCC_RTC_HSE_DIV_23
4123:board/stm32f401rct6/Drivers/STM32F4xx_HAL_Driver/Inc/stm32f4xx_ll_rcc.h ****   *         @arg @ref LL_RCC_RTC_HSE_DIV_24
4124:board/stm32f401rct6/Drivers/STM32F4xx_HAL_Driver/Inc/stm32f4xx_ll_rcc.h ****   *         @arg @ref LL_RCC_RTC_HSE_DIV_25
4125:board/stm32f401rct6/Drivers/STM32F4xx_HAL_Driver/Inc/stm32f4xx_ll_rcc.h ****   *         @arg @ref LL_RCC_RTC_HSE_DIV_26
4126:board/stm32f401rct6/Drivers/STM32F4xx_HAL_Driver/Inc/stm32f4xx_ll_rcc.h ****   *         @arg @ref LL_RCC_RTC_HSE_DIV_27
4127:board/stm32f401rct6/Drivers/STM32F4xx_HAL_Driver/Inc/stm32f4xx_ll_rcc.h ****   *         @arg @ref LL_RCC_RTC_HSE_DIV_28
4128:board/stm32f401rct6/Drivers/STM32F4xx_HAL_Driver/Inc/stm32f4xx_ll_rcc.h ****   *         @arg @ref LL_RCC_RTC_HSE_DIV_29
4129:board/stm32f401rct6/Drivers/STM32F4xx_HAL_Driver/Inc/stm32f4xx_ll_rcc.h ****   *         @arg @ref LL_RCC_RTC_HSE_DIV_30
4130:board/stm32f401rct6/Drivers/STM32F4xx_HAL_Driver/Inc/stm32f4xx_ll_rcc.h ****   *         @arg @ref LL_RCC_RTC_HSE_DIV_31
4131:board/stm32f401rct6/Drivers/STM32F4xx_HAL_Driver/Inc/stm32f4xx_ll_rcc.h ****   */
4132:board/stm32f401rct6/Drivers/STM32F4xx_HAL_Driver/Inc/stm32f4xx_ll_rcc.h **** __STATIC_INLINE uint32_t LL_RCC_GetRTC_HSEPrescaler(void)
4133:board/stm32f401rct6/Drivers/STM32F4xx_HAL_Driver/Inc/stm32f4xx_ll_rcc.h **** {
4134:board/stm32f401rct6/Drivers/STM32F4xx_HAL_Driver/Inc/stm32f4xx_ll_rcc.h ****   return (uint32_t)(READ_BIT(RCC->CFGR, RCC_CFGR_RTCPRE));
4135:board/stm32f401rct6/Drivers/STM32F4xx_HAL_Driver/Inc/stm32f4xx_ll_rcc.h **** }
4136:board/stm32f401rct6/Drivers/STM32F4xx_HAL_Driver/Inc/stm32f4xx_ll_rcc.h **** 
4137:board/stm32f401rct6/Drivers/STM32F4xx_HAL_Driver/Inc/stm32f4xx_ll_rcc.h **** /**
4138:board/stm32f401rct6/Drivers/STM32F4xx_HAL_Driver/Inc/stm32f4xx_ll_rcc.h ****   * @}
4139:board/stm32f401rct6/Drivers/STM32F4xx_HAL_Driver/Inc/stm32f4xx_ll_rcc.h ****   */
4140:board/stm32f401rct6/Drivers/STM32F4xx_HAL_Driver/Inc/stm32f4xx_ll_rcc.h **** 
4141:board/stm32f401rct6/Drivers/STM32F4xx_HAL_Driver/Inc/stm32f4xx_ll_rcc.h **** #if defined(RCC_DCKCFGR_TIMPRE)
4142:board/stm32f401rct6/Drivers/STM32F4xx_HAL_Driver/Inc/stm32f4xx_ll_rcc.h **** /** @defgroup RCC_LL_EF_TIM_CLOCK_PRESCALER TIM
4143:board/stm32f401rct6/Drivers/STM32F4xx_HAL_Driver/Inc/stm32f4xx_ll_rcc.h ****   * @{
4144:board/stm32f401rct6/Drivers/STM32F4xx_HAL_Driver/Inc/stm32f4xx_ll_rcc.h ****   */
4145:board/stm32f401rct6/Drivers/STM32F4xx_HAL_Driver/Inc/stm32f4xx_ll_rcc.h **** 
4146:board/stm32f401rct6/Drivers/STM32F4xx_HAL_Driver/Inc/stm32f4xx_ll_rcc.h **** /**
4147:board/stm32f401rct6/Drivers/STM32F4xx_HAL_Driver/Inc/stm32f4xx_ll_rcc.h ****   * @brief  Set Timers Clock Prescalers
4148:board/stm32f401rct6/Drivers/STM32F4xx_HAL_Driver/Inc/stm32f4xx_ll_rcc.h ****   * @rmtoll DCKCFGR         TIMPRE        LL_RCC_SetTIMPrescaler
4149:board/stm32f401rct6/Drivers/STM32F4xx_HAL_Driver/Inc/stm32f4xx_ll_rcc.h ****   * @param  Prescaler This parameter can be one of the following values:
4150:board/stm32f401rct6/Drivers/STM32F4xx_HAL_Driver/Inc/stm32f4xx_ll_rcc.h ****   *         @arg @ref LL_RCC_TIM_PRESCALER_TWICE
4151:board/stm32f401rct6/Drivers/STM32F4xx_HAL_Driver/Inc/stm32f4xx_ll_rcc.h ****   *         @arg @ref LL_RCC_TIM_PRESCALER_FOUR_TIMES
4152:board/stm32f401rct6/Drivers/STM32F4xx_HAL_Driver/Inc/stm32f4xx_ll_rcc.h ****   * @retval None
4153:board/stm32f401rct6/Drivers/STM32F4xx_HAL_Driver/Inc/stm32f4xx_ll_rcc.h ****   */
4154:board/stm32f401rct6/Drivers/STM32F4xx_HAL_Driver/Inc/stm32f4xx_ll_rcc.h **** __STATIC_INLINE void LL_RCC_SetTIMPrescaler(uint32_t Prescaler)
4155:board/stm32f401rct6/Drivers/STM32F4xx_HAL_Driver/Inc/stm32f4xx_ll_rcc.h **** {
4156:board/stm32f401rct6/Drivers/STM32F4xx_HAL_Driver/Inc/stm32f4xx_ll_rcc.h ****   MODIFY_REG(RCC->DCKCFGR, RCC_DCKCFGR_TIMPRE, Prescaler);
4157:board/stm32f401rct6/Drivers/STM32F4xx_HAL_Driver/Inc/stm32f4xx_ll_rcc.h **** }
4158:board/stm32f401rct6/Drivers/STM32F4xx_HAL_Driver/Inc/stm32f4xx_ll_rcc.h **** 
4159:board/stm32f401rct6/Drivers/STM32F4xx_HAL_Driver/Inc/stm32f4xx_ll_rcc.h **** /**
4160:board/stm32f401rct6/Drivers/STM32F4xx_HAL_Driver/Inc/stm32f4xx_ll_rcc.h ****   * @brief  Get Timers Clock Prescalers
4161:board/stm32f401rct6/Drivers/STM32F4xx_HAL_Driver/Inc/stm32f4xx_ll_rcc.h ****   * @rmtoll DCKCFGR         TIMPRE        LL_RCC_GetTIMPrescaler
4162:board/stm32f401rct6/Drivers/STM32F4xx_HAL_Driver/Inc/stm32f4xx_ll_rcc.h ****   * @retval Returned value can be one of the following values:
4163:board/stm32f401rct6/Drivers/STM32F4xx_HAL_Driver/Inc/stm32f4xx_ll_rcc.h ****   *         @arg @ref LL_RCC_TIM_PRESCALER_TWICE
4164:board/stm32f401rct6/Drivers/STM32F4xx_HAL_Driver/Inc/stm32f4xx_ll_rcc.h ****   *         @arg @ref LL_RCC_TIM_PRESCALER_FOUR_TIMES
4165:board/stm32f401rct6/Drivers/STM32F4xx_HAL_Driver/Inc/stm32f4xx_ll_rcc.h ****   */
4166:board/stm32f401rct6/Drivers/STM32F4xx_HAL_Driver/Inc/stm32f4xx_ll_rcc.h **** __STATIC_INLINE uint32_t LL_RCC_GetTIMPrescaler(void)
4167:board/stm32f401rct6/Drivers/STM32F4xx_HAL_Driver/Inc/stm32f4xx_ll_rcc.h **** {
4168:board/stm32f401rct6/Drivers/STM32F4xx_HAL_Driver/Inc/stm32f4xx_ll_rcc.h ****   return (uint32_t)(READ_BIT(RCC->DCKCFGR, RCC_DCKCFGR_TIMPRE));
4169:board/stm32f401rct6/Drivers/STM32F4xx_HAL_Driver/Inc/stm32f4xx_ll_rcc.h **** }
4170:board/stm32f401rct6/Drivers/STM32F4xx_HAL_Driver/Inc/stm32f4xx_ll_rcc.h **** 
4171:board/stm32f401rct6/Drivers/STM32F4xx_HAL_Driver/Inc/stm32f4xx_ll_rcc.h **** /**
ARM GAS  C:\Users\Admin\AppData\Local\Temp\ccHMtLfr.s 			page 80


4172:board/stm32f401rct6/Drivers/STM32F4xx_HAL_Driver/Inc/stm32f4xx_ll_rcc.h ****   * @}
4173:board/stm32f401rct6/Drivers/STM32F4xx_HAL_Driver/Inc/stm32f4xx_ll_rcc.h ****   */
4174:board/stm32f401rct6/Drivers/STM32F4xx_HAL_Driver/Inc/stm32f4xx_ll_rcc.h **** #endif /* RCC_DCKCFGR_TIMPRE */
4175:board/stm32f401rct6/Drivers/STM32F4xx_HAL_Driver/Inc/stm32f4xx_ll_rcc.h **** 
4176:board/stm32f401rct6/Drivers/STM32F4xx_HAL_Driver/Inc/stm32f4xx_ll_rcc.h **** /** @defgroup RCC_LL_EF_PLL PLL
4177:board/stm32f401rct6/Drivers/STM32F4xx_HAL_Driver/Inc/stm32f4xx_ll_rcc.h ****   * @{
4178:board/stm32f401rct6/Drivers/STM32F4xx_HAL_Driver/Inc/stm32f4xx_ll_rcc.h ****   */
4179:board/stm32f401rct6/Drivers/STM32F4xx_HAL_Driver/Inc/stm32f4xx_ll_rcc.h **** 
4180:board/stm32f401rct6/Drivers/STM32F4xx_HAL_Driver/Inc/stm32f4xx_ll_rcc.h **** /**
4181:board/stm32f401rct6/Drivers/STM32F4xx_HAL_Driver/Inc/stm32f4xx_ll_rcc.h ****   * @brief  Enable PLL
4182:board/stm32f401rct6/Drivers/STM32F4xx_HAL_Driver/Inc/stm32f4xx_ll_rcc.h ****   * @rmtoll CR           PLLON         LL_RCC_PLL_Enable
4183:board/stm32f401rct6/Drivers/STM32F4xx_HAL_Driver/Inc/stm32f4xx_ll_rcc.h ****   * @retval None
4184:board/stm32f401rct6/Drivers/STM32F4xx_HAL_Driver/Inc/stm32f4xx_ll_rcc.h ****   */
4185:board/stm32f401rct6/Drivers/STM32F4xx_HAL_Driver/Inc/stm32f4xx_ll_rcc.h **** __STATIC_INLINE void LL_RCC_PLL_Enable(void)
4186:board/stm32f401rct6/Drivers/STM32F4xx_HAL_Driver/Inc/stm32f4xx_ll_rcc.h **** {
4187:board/stm32f401rct6/Drivers/STM32F4xx_HAL_Driver/Inc/stm32f4xx_ll_rcc.h ****   SET_BIT(RCC->CR, RCC_CR_PLLON);
4188:board/stm32f401rct6/Drivers/STM32F4xx_HAL_Driver/Inc/stm32f4xx_ll_rcc.h **** }
4189:board/stm32f401rct6/Drivers/STM32F4xx_HAL_Driver/Inc/stm32f4xx_ll_rcc.h **** 
4190:board/stm32f401rct6/Drivers/STM32F4xx_HAL_Driver/Inc/stm32f4xx_ll_rcc.h **** /**
4191:board/stm32f401rct6/Drivers/STM32F4xx_HAL_Driver/Inc/stm32f4xx_ll_rcc.h ****   * @brief  Disable PLL
4192:board/stm32f401rct6/Drivers/STM32F4xx_HAL_Driver/Inc/stm32f4xx_ll_rcc.h ****   * @note Cannot be disabled if the PLL clock is used as the system clock
4193:board/stm32f401rct6/Drivers/STM32F4xx_HAL_Driver/Inc/stm32f4xx_ll_rcc.h ****   * @rmtoll CR           PLLON         LL_RCC_PLL_Disable
4194:board/stm32f401rct6/Drivers/STM32F4xx_HAL_Driver/Inc/stm32f4xx_ll_rcc.h ****   * @retval None
4195:board/stm32f401rct6/Drivers/STM32F4xx_HAL_Driver/Inc/stm32f4xx_ll_rcc.h ****   */
4196:board/stm32f401rct6/Drivers/STM32F4xx_HAL_Driver/Inc/stm32f4xx_ll_rcc.h **** __STATIC_INLINE void LL_RCC_PLL_Disable(void)
4197:board/stm32f401rct6/Drivers/STM32F4xx_HAL_Driver/Inc/stm32f4xx_ll_rcc.h **** {
4198:board/stm32f401rct6/Drivers/STM32F4xx_HAL_Driver/Inc/stm32f4xx_ll_rcc.h ****   CLEAR_BIT(RCC->CR, RCC_CR_PLLON);
4199:board/stm32f401rct6/Drivers/STM32F4xx_HAL_Driver/Inc/stm32f4xx_ll_rcc.h **** }
4200:board/stm32f401rct6/Drivers/STM32F4xx_HAL_Driver/Inc/stm32f4xx_ll_rcc.h **** 
4201:board/stm32f401rct6/Drivers/STM32F4xx_HAL_Driver/Inc/stm32f4xx_ll_rcc.h **** /**
4202:board/stm32f401rct6/Drivers/STM32F4xx_HAL_Driver/Inc/stm32f4xx_ll_rcc.h ****   * @brief  Check if PLL Ready
4203:board/stm32f401rct6/Drivers/STM32F4xx_HAL_Driver/Inc/stm32f4xx_ll_rcc.h ****   * @rmtoll CR           PLLRDY        LL_RCC_PLL_IsReady
4204:board/stm32f401rct6/Drivers/STM32F4xx_HAL_Driver/Inc/stm32f4xx_ll_rcc.h ****   * @retval State of bit (1 or 0).
4205:board/stm32f401rct6/Drivers/STM32F4xx_HAL_Driver/Inc/stm32f4xx_ll_rcc.h ****   */
4206:board/stm32f401rct6/Drivers/STM32F4xx_HAL_Driver/Inc/stm32f4xx_ll_rcc.h **** __STATIC_INLINE uint32_t LL_RCC_PLL_IsReady(void)
 108              		.loc 2 4206 26 discriminator 1 view .LVU24
 109              	.LBB57:
4207:board/stm32f401rct6/Drivers/STM32F4xx_HAL_Driver/Inc/stm32f4xx_ll_rcc.h **** {
4208:board/stm32f401rct6/Drivers/STM32F4xx_HAL_Driver/Inc/stm32f4xx_ll_rcc.h ****   return (READ_BIT(RCC->CR, RCC_CR_PLLRDY) == (RCC_CR_PLLRDY));
 110              		.loc 2 4208 3 discriminator 1 view .LVU25
 111              		.loc 2 4208 11 is_stmt 0 discriminator 1 view .LVU26
 112 0044 124B     		ldr	r3, .L5
 113 0046 1B68     		ldr	r3, [r3]
 114              	.LBE57:
 115              	.LBE56:
 222:board/stm32f401rct6/Drivers/STM32F4xx_HAL_Driver/Src/stm32f4xx_ll_rcc.c ****   {}
 116              		.loc 1 222 9 discriminator 1 view .LVU27
 117 0048 13F0007F 		tst	r3, #33554432
 118 004c FAD1     		bne	.L3
 224:board/stm32f401rct6/Drivers/STM32F4xx_HAL_Driver/Src/stm32f4xx_ll_rcc.c **** 
 225:board/stm32f401rct6/Drivers/STM32F4xx_HAL_Driver/Src/stm32f4xx_ll_rcc.c ****   /* Reset PLLCFGR register */
 226:board/stm32f401rct6/Drivers/STM32F4xx_HAL_Driver/Src/stm32f4xx_ll_rcc.c ****   LL_RCC_WriteReg(PLLCFGR, RCC_PLLCFGR_RST_VALUE);
 119              		.loc 1 226 3 is_stmt 1 view .LVU28
 120 004e 104B     		ldr	r3, .L5
 121 0050 104A     		ldr	r2, .L5+4
 122 0052 5A60     		str	r2, [r3, #4]
 227:board/stm32f401rct6/Drivers/STM32F4xx_HAL_Driver/Src/stm32f4xx_ll_rcc.c **** 
ARM GAS  C:\Users\Admin\AppData\Local\Temp\ccHMtLfr.s 			page 81


 228:board/stm32f401rct6/Drivers/STM32F4xx_HAL_Driver/Src/stm32f4xx_ll_rcc.c **** #if defined(RCC_PLLI2S_SUPPORT)
 229:board/stm32f401rct6/Drivers/STM32F4xx_HAL_Driver/Src/stm32f4xx_ll_rcc.c ****   /* Reset PLLI2SCFGR register */
 230:board/stm32f401rct6/Drivers/STM32F4xx_HAL_Driver/Src/stm32f4xx_ll_rcc.c ****   LL_RCC_WriteReg(PLLI2SCFGR, RCC_PLLI2SCFGR_RST_VALUE);
 123              		.loc 1 230 3 view .LVU29
 124 0054 104A     		ldr	r2, .L5+8
 125 0056 C3F88420 		str	r2, [r3, #132]
 231:board/stm32f401rct6/Drivers/STM32F4xx_HAL_Driver/Src/stm32f4xx_ll_rcc.c **** #endif /* RCC_PLLI2S_SUPPORT */
 232:board/stm32f401rct6/Drivers/STM32F4xx_HAL_Driver/Src/stm32f4xx_ll_rcc.c **** 
 233:board/stm32f401rct6/Drivers/STM32F4xx_HAL_Driver/Src/stm32f4xx_ll_rcc.c **** #if defined(RCC_PLLSAI_SUPPORT)
 234:board/stm32f401rct6/Drivers/STM32F4xx_HAL_Driver/Src/stm32f4xx_ll_rcc.c ****   /* Reset PLLSAICFGR register */
 235:board/stm32f401rct6/Drivers/STM32F4xx_HAL_Driver/Src/stm32f4xx_ll_rcc.c ****   LL_RCC_WriteReg(PLLSAICFGR, RCC_PLLSAICFGR_RST_VALUE);
 236:board/stm32f401rct6/Drivers/STM32F4xx_HAL_Driver/Src/stm32f4xx_ll_rcc.c **** #endif /* RCC_PLLSAI_SUPPORT */
 237:board/stm32f401rct6/Drivers/STM32F4xx_HAL_Driver/Src/stm32f4xx_ll_rcc.c **** 
 238:board/stm32f401rct6/Drivers/STM32F4xx_HAL_Driver/Src/stm32f4xx_ll_rcc.c ****   /* Disable all interrupts */
 239:board/stm32f401rct6/Drivers/STM32F4xx_HAL_Driver/Src/stm32f4xx_ll_rcc.c ****   CLEAR_BIT(RCC->CIR, RCC_CIR_LSIRDYIE | RCC_CIR_LSERDYIE | RCC_CIR_HSIRDYIE | RCC_CIR_HSERDYIE | R
 126              		.loc 1 239 3 view .LVU30
 127 005a DA68     		ldr	r2, [r3, #12]
 128 005c 22F4F852 		bic	r2, r2, #7936
 129 0060 DA60     		str	r2, [r3, #12]
 240:board/stm32f401rct6/Drivers/STM32F4xx_HAL_Driver/Src/stm32f4xx_ll_rcc.c **** 
 241:board/stm32f401rct6/Drivers/STM32F4xx_HAL_Driver/Src/stm32f4xx_ll_rcc.c **** #if defined(RCC_CIR_PLLI2SRDYIE)
 242:board/stm32f401rct6/Drivers/STM32F4xx_HAL_Driver/Src/stm32f4xx_ll_rcc.c ****   CLEAR_BIT(RCC->CIR, RCC_CIR_PLLI2SRDYIE);
 130              		.loc 1 242 3 view .LVU31
 131 0062 DA68     		ldr	r2, [r3, #12]
 132 0064 22F40052 		bic	r2, r2, #8192
 133 0068 DA60     		str	r2, [r3, #12]
 243:board/stm32f401rct6/Drivers/STM32F4xx_HAL_Driver/Src/stm32f4xx_ll_rcc.c **** #endif /* RCC_CIR_PLLI2SRDYIE */
 244:board/stm32f401rct6/Drivers/STM32F4xx_HAL_Driver/Src/stm32f4xx_ll_rcc.c **** 
 245:board/stm32f401rct6/Drivers/STM32F4xx_HAL_Driver/Src/stm32f4xx_ll_rcc.c **** #if defined(RCC_CIR_PLLSAIRDYIE)
 246:board/stm32f401rct6/Drivers/STM32F4xx_HAL_Driver/Src/stm32f4xx_ll_rcc.c ****   CLEAR_BIT(RCC->CIR, RCC_CIR_PLLSAIRDYIE);
 247:board/stm32f401rct6/Drivers/STM32F4xx_HAL_Driver/Src/stm32f4xx_ll_rcc.c **** #endif /* RCC_CIR_PLLSAIRDYIE */
 248:board/stm32f401rct6/Drivers/STM32F4xx_HAL_Driver/Src/stm32f4xx_ll_rcc.c **** 
 249:board/stm32f401rct6/Drivers/STM32F4xx_HAL_Driver/Src/stm32f4xx_ll_rcc.c ****   /* Clear all interrupt flags */
 250:board/stm32f401rct6/Drivers/STM32F4xx_HAL_Driver/Src/stm32f4xx_ll_rcc.c ****   SET_BIT(RCC->CIR, RCC_CIR_LSIRDYC | RCC_CIR_LSERDYC | RCC_CIR_HSIRDYC | RCC_CIR_HSERDYC | RCC_CIR
 134              		.loc 1 250 3 view .LVU32
 135 006a DA68     		ldr	r2, [r3, #12]
 136 006c 42F41F02 		orr	r2, r2, #10420224
 137 0070 DA60     		str	r2, [r3, #12]
 251:board/stm32f401rct6/Drivers/STM32F4xx_HAL_Driver/Src/stm32f4xx_ll_rcc.c ****           RCC_CIR_CSSC);
 252:board/stm32f401rct6/Drivers/STM32F4xx_HAL_Driver/Src/stm32f4xx_ll_rcc.c **** 
 253:board/stm32f401rct6/Drivers/STM32F4xx_HAL_Driver/Src/stm32f4xx_ll_rcc.c **** #if defined(RCC_CIR_PLLI2SRDYC)
 254:board/stm32f401rct6/Drivers/STM32F4xx_HAL_Driver/Src/stm32f4xx_ll_rcc.c ****   SET_BIT(RCC->CIR, RCC_CIR_PLLI2SRDYC);
 138              		.loc 1 254 3 view .LVU33
 139 0072 DA68     		ldr	r2, [r3, #12]
 140 0074 42F40012 		orr	r2, r2, #2097152
 141 0078 DA60     		str	r2, [r3, #12]
 255:board/stm32f401rct6/Drivers/STM32F4xx_HAL_Driver/Src/stm32f4xx_ll_rcc.c **** #endif /* RCC_CIR_PLLI2SRDYC */
 256:board/stm32f401rct6/Drivers/STM32F4xx_HAL_Driver/Src/stm32f4xx_ll_rcc.c **** 
 257:board/stm32f401rct6/Drivers/STM32F4xx_HAL_Driver/Src/stm32f4xx_ll_rcc.c **** #if defined(RCC_CIR_PLLSAIRDYC)
 258:board/stm32f401rct6/Drivers/STM32F4xx_HAL_Driver/Src/stm32f4xx_ll_rcc.c ****   SET_BIT(RCC->CIR, RCC_CIR_PLLSAIRDYC);
 259:board/stm32f401rct6/Drivers/STM32F4xx_HAL_Driver/Src/stm32f4xx_ll_rcc.c **** #endif /* RCC_CIR_PLLSAIRDYC */
 260:board/stm32f401rct6/Drivers/STM32F4xx_HAL_Driver/Src/stm32f4xx_ll_rcc.c **** 
 261:board/stm32f401rct6/Drivers/STM32F4xx_HAL_Driver/Src/stm32f4xx_ll_rcc.c ****   /* Clear LSION bit */
 262:board/stm32f401rct6/Drivers/STM32F4xx_HAL_Driver/Src/stm32f4xx_ll_rcc.c ****   CLEAR_BIT(RCC->CSR, RCC_CSR_LSION);
 142              		.loc 1 262 3 view .LVU34
 143 007a 5A6F     		ldr	r2, [r3, #116]
 144 007c 22F00102 		bic	r2, r2, #1
ARM GAS  C:\Users\Admin\AppData\Local\Temp\ccHMtLfr.s 			page 82


 145 0080 5A67     		str	r2, [r3, #116]
 263:board/stm32f401rct6/Drivers/STM32F4xx_HAL_Driver/Src/stm32f4xx_ll_rcc.c **** 
 264:board/stm32f401rct6/Drivers/STM32F4xx_HAL_Driver/Src/stm32f4xx_ll_rcc.c ****   /* Reset all CSR flags */
 265:board/stm32f401rct6/Drivers/STM32F4xx_HAL_Driver/Src/stm32f4xx_ll_rcc.c ****   SET_BIT(RCC->CSR, RCC_CSR_RMVF);
 146              		.loc 1 265 3 view .LVU35
 147 0082 5A6F     		ldr	r2, [r3, #116]
 148 0084 42F08072 		orr	r2, r2, #16777216
 149 0088 5A67     		str	r2, [r3, #116]
 266:board/stm32f401rct6/Drivers/STM32F4xx_HAL_Driver/Src/stm32f4xx_ll_rcc.c **** 
 267:board/stm32f401rct6/Drivers/STM32F4xx_HAL_Driver/Src/stm32f4xx_ll_rcc.c ****   return SUCCESS;
 150              		.loc 1 267 3 view .LVU36
 268:board/stm32f401rct6/Drivers/STM32F4xx_HAL_Driver/Src/stm32f4xx_ll_rcc.c **** }
 151              		.loc 1 268 1 is_stmt 0 view .LVU37
 152 008a 0020     		movs	r0, #0
 153 008c 02B0     		add	sp, sp, #8
 154              	.LCFI1:
 155              		.cfi_def_cfa_offset 0
 156              		@ sp needed
 157 008e 7047     		bx	lr
 158              	.L6:
 159              		.align	2
 160              	.L5:
 161 0090 00380240 		.word	1073887232
 162 0094 10300024 		.word	603992080
 163 0098 00300020 		.word	536883200
 164              		.cfi_endproc
 165              	.LFE327:
 167              		.section	.text.RCC_GetHCLKClockFreq,"ax",%progbits
 168              		.align	1
 169              		.global	RCC_GetHCLKClockFreq
 170              		.syntax unified
 171              		.thumb
 172              		.thumb_func
 174              	RCC_GetHCLKClockFreq:
 175              	.LVL2:
 176              	.LFB333:
 269:board/stm32f401rct6/Drivers/STM32F4xx_HAL_Driver/Src/stm32f4xx_ll_rcc.c **** 
 270:board/stm32f401rct6/Drivers/STM32F4xx_HAL_Driver/Src/stm32f4xx_ll_rcc.c **** /**
 271:board/stm32f401rct6/Drivers/STM32F4xx_HAL_Driver/Src/stm32f4xx_ll_rcc.c ****   * @}
 272:board/stm32f401rct6/Drivers/STM32F4xx_HAL_Driver/Src/stm32f4xx_ll_rcc.c ****   */
 273:board/stm32f401rct6/Drivers/STM32F4xx_HAL_Driver/Src/stm32f4xx_ll_rcc.c **** 
 274:board/stm32f401rct6/Drivers/STM32F4xx_HAL_Driver/Src/stm32f4xx_ll_rcc.c **** /** @addtogroup RCC_LL_EF_Get_Freq
 275:board/stm32f401rct6/Drivers/STM32F4xx_HAL_Driver/Src/stm32f4xx_ll_rcc.c ****   * @brief  Return the frequencies of different on chip clocks;  System, AHB, APB1 and APB2 buses c
 276:board/stm32f401rct6/Drivers/STM32F4xx_HAL_Driver/Src/stm32f4xx_ll_rcc.c ****   *         and different peripheral clocks available on the device.
 277:board/stm32f401rct6/Drivers/STM32F4xx_HAL_Driver/Src/stm32f4xx_ll_rcc.c ****   * @note   If SYSCLK source is HSI, function returns values based on HSI_VALUE(**)
 278:board/stm32f401rct6/Drivers/STM32F4xx_HAL_Driver/Src/stm32f4xx_ll_rcc.c ****   * @note   If SYSCLK source is HSE, function returns values based on HSE_VALUE(***)
 279:board/stm32f401rct6/Drivers/STM32F4xx_HAL_Driver/Src/stm32f4xx_ll_rcc.c ****   * @note   If SYSCLK source is PLL, function returns values based on HSE_VALUE(***)
 280:board/stm32f401rct6/Drivers/STM32F4xx_HAL_Driver/Src/stm32f4xx_ll_rcc.c ****   *         or HSI_VALUE(**) multiplied/divided by the PLL factors.
 281:board/stm32f401rct6/Drivers/STM32F4xx_HAL_Driver/Src/stm32f4xx_ll_rcc.c ****   * @note   (**) HSI_VALUE is a constant defined in this file (default value
 282:board/stm32f401rct6/Drivers/STM32F4xx_HAL_Driver/Src/stm32f4xx_ll_rcc.c ****   *              16 MHz) but the real value may vary depending on the variations
 283:board/stm32f401rct6/Drivers/STM32F4xx_HAL_Driver/Src/stm32f4xx_ll_rcc.c ****   *              in voltage and temperature.
 284:board/stm32f401rct6/Drivers/STM32F4xx_HAL_Driver/Src/stm32f4xx_ll_rcc.c ****   * @note   (***) HSE_VALUE is a constant defined in this file (default value
 285:board/stm32f401rct6/Drivers/STM32F4xx_HAL_Driver/Src/stm32f4xx_ll_rcc.c ****   *               25 MHz), user has to ensure that HSE_VALUE is same as the real
 286:board/stm32f401rct6/Drivers/STM32F4xx_HAL_Driver/Src/stm32f4xx_ll_rcc.c ****   *               frequency of the crystal used. Otherwise, this function may
 287:board/stm32f401rct6/Drivers/STM32F4xx_HAL_Driver/Src/stm32f4xx_ll_rcc.c ****   *               have wrong result.
 288:board/stm32f401rct6/Drivers/STM32F4xx_HAL_Driver/Src/stm32f4xx_ll_rcc.c ****   * @note   The result of this function could be incorrect when using fractional
 289:board/stm32f401rct6/Drivers/STM32F4xx_HAL_Driver/Src/stm32f4xx_ll_rcc.c ****   *         value for HSE crystal.
ARM GAS  C:\Users\Admin\AppData\Local\Temp\ccHMtLfr.s 			page 83


 290:board/stm32f401rct6/Drivers/STM32F4xx_HAL_Driver/Src/stm32f4xx_ll_rcc.c ****   * @note   This function can be used by the user application to compute the
 291:board/stm32f401rct6/Drivers/STM32F4xx_HAL_Driver/Src/stm32f4xx_ll_rcc.c ****   *         baud-rate for the communication peripherals or configure other parameters.
 292:board/stm32f401rct6/Drivers/STM32F4xx_HAL_Driver/Src/stm32f4xx_ll_rcc.c ****   * @{
 293:board/stm32f401rct6/Drivers/STM32F4xx_HAL_Driver/Src/stm32f4xx_ll_rcc.c ****   */
 294:board/stm32f401rct6/Drivers/STM32F4xx_HAL_Driver/Src/stm32f4xx_ll_rcc.c **** 
 295:board/stm32f401rct6/Drivers/STM32F4xx_HAL_Driver/Src/stm32f4xx_ll_rcc.c **** /**
 296:board/stm32f401rct6/Drivers/STM32F4xx_HAL_Driver/Src/stm32f4xx_ll_rcc.c ****   * @brief  Return the frequencies of different on chip clocks;  System, AHB, APB1 and APB2 buses c
 297:board/stm32f401rct6/Drivers/STM32F4xx_HAL_Driver/Src/stm32f4xx_ll_rcc.c ****   * @note   Each time SYSCLK, HCLK, PCLK1 and/or PCLK2 clock changes, this function
 298:board/stm32f401rct6/Drivers/STM32F4xx_HAL_Driver/Src/stm32f4xx_ll_rcc.c ****   *         must be called to update structure fields. Otherwise, any
 299:board/stm32f401rct6/Drivers/STM32F4xx_HAL_Driver/Src/stm32f4xx_ll_rcc.c ****   *         configuration based on this function will be incorrect.
 300:board/stm32f401rct6/Drivers/STM32F4xx_HAL_Driver/Src/stm32f4xx_ll_rcc.c ****   * @param  RCC_Clocks pointer to a @ref LL_RCC_ClocksTypeDef structure which will hold the clocks 
 301:board/stm32f401rct6/Drivers/STM32F4xx_HAL_Driver/Src/stm32f4xx_ll_rcc.c ****   * @retval None
 302:board/stm32f401rct6/Drivers/STM32F4xx_HAL_Driver/Src/stm32f4xx_ll_rcc.c ****   */
 303:board/stm32f401rct6/Drivers/STM32F4xx_HAL_Driver/Src/stm32f4xx_ll_rcc.c **** void LL_RCC_GetSystemClocksFreq(LL_RCC_ClocksTypeDef *RCC_Clocks)
 304:board/stm32f401rct6/Drivers/STM32F4xx_HAL_Driver/Src/stm32f4xx_ll_rcc.c **** {
 305:board/stm32f401rct6/Drivers/STM32F4xx_HAL_Driver/Src/stm32f4xx_ll_rcc.c ****   /* Get SYSCLK frequency */
 306:board/stm32f401rct6/Drivers/STM32F4xx_HAL_Driver/Src/stm32f4xx_ll_rcc.c ****   RCC_Clocks->SYSCLK_Frequency = RCC_GetSystemClockFreq();
 307:board/stm32f401rct6/Drivers/STM32F4xx_HAL_Driver/Src/stm32f4xx_ll_rcc.c **** 
 308:board/stm32f401rct6/Drivers/STM32F4xx_HAL_Driver/Src/stm32f4xx_ll_rcc.c ****   /* HCLK clock frequency */
 309:board/stm32f401rct6/Drivers/STM32F4xx_HAL_Driver/Src/stm32f4xx_ll_rcc.c ****   RCC_Clocks->HCLK_Frequency   = RCC_GetHCLKClockFreq(RCC_Clocks->SYSCLK_Frequency);
 310:board/stm32f401rct6/Drivers/STM32F4xx_HAL_Driver/Src/stm32f4xx_ll_rcc.c **** 
 311:board/stm32f401rct6/Drivers/STM32F4xx_HAL_Driver/Src/stm32f4xx_ll_rcc.c ****   /* PCLK1 clock frequency */
 312:board/stm32f401rct6/Drivers/STM32F4xx_HAL_Driver/Src/stm32f4xx_ll_rcc.c ****   RCC_Clocks->PCLK1_Frequency  = RCC_GetPCLK1ClockFreq(RCC_Clocks->HCLK_Frequency);
 313:board/stm32f401rct6/Drivers/STM32F4xx_HAL_Driver/Src/stm32f4xx_ll_rcc.c **** 
 314:board/stm32f401rct6/Drivers/STM32F4xx_HAL_Driver/Src/stm32f4xx_ll_rcc.c ****   /* PCLK2 clock frequency */
 315:board/stm32f401rct6/Drivers/STM32F4xx_HAL_Driver/Src/stm32f4xx_ll_rcc.c ****   RCC_Clocks->PCLK2_Frequency  = RCC_GetPCLK2ClockFreq(RCC_Clocks->HCLK_Frequency);
 316:board/stm32f401rct6/Drivers/STM32F4xx_HAL_Driver/Src/stm32f4xx_ll_rcc.c **** }
 317:board/stm32f401rct6/Drivers/STM32F4xx_HAL_Driver/Src/stm32f4xx_ll_rcc.c **** 
 318:board/stm32f401rct6/Drivers/STM32F4xx_HAL_Driver/Src/stm32f4xx_ll_rcc.c **** #if defined(FMPI2C1)
 319:board/stm32f401rct6/Drivers/STM32F4xx_HAL_Driver/Src/stm32f4xx_ll_rcc.c **** /**
 320:board/stm32f401rct6/Drivers/STM32F4xx_HAL_Driver/Src/stm32f4xx_ll_rcc.c ****   * @brief  Return FMPI2Cx clock frequency
 321:board/stm32f401rct6/Drivers/STM32F4xx_HAL_Driver/Src/stm32f4xx_ll_rcc.c ****   * @param  FMPI2CxSource This parameter can be one of the following values:
 322:board/stm32f401rct6/Drivers/STM32F4xx_HAL_Driver/Src/stm32f4xx_ll_rcc.c ****   *         @arg @ref LL_RCC_FMPI2C1_CLKSOURCE
 323:board/stm32f401rct6/Drivers/STM32F4xx_HAL_Driver/Src/stm32f4xx_ll_rcc.c ****   * @retval FMPI2C clock frequency (in Hz)
 324:board/stm32f401rct6/Drivers/STM32F4xx_HAL_Driver/Src/stm32f4xx_ll_rcc.c ****   *         - @ref  LL_RCC_PERIPH_FREQUENCY_NO indicates that HSI oscillator is not ready
 325:board/stm32f401rct6/Drivers/STM32F4xx_HAL_Driver/Src/stm32f4xx_ll_rcc.c ****   */
 326:board/stm32f401rct6/Drivers/STM32F4xx_HAL_Driver/Src/stm32f4xx_ll_rcc.c **** uint32_t LL_RCC_GetFMPI2CClockFreq(uint32_t FMPI2CxSource)
 327:board/stm32f401rct6/Drivers/STM32F4xx_HAL_Driver/Src/stm32f4xx_ll_rcc.c **** {
 328:board/stm32f401rct6/Drivers/STM32F4xx_HAL_Driver/Src/stm32f4xx_ll_rcc.c ****   uint32_t FMPI2C_frequency = LL_RCC_PERIPH_FREQUENCY_NO;
 329:board/stm32f401rct6/Drivers/STM32F4xx_HAL_Driver/Src/stm32f4xx_ll_rcc.c **** 
 330:board/stm32f401rct6/Drivers/STM32F4xx_HAL_Driver/Src/stm32f4xx_ll_rcc.c ****   /* Check parameter */
 331:board/stm32f401rct6/Drivers/STM32F4xx_HAL_Driver/Src/stm32f4xx_ll_rcc.c ****   assert_param(IS_LL_RCC_FMPI2C_CLKSOURCE(FMPI2CxSource));
 332:board/stm32f401rct6/Drivers/STM32F4xx_HAL_Driver/Src/stm32f4xx_ll_rcc.c **** 
 333:board/stm32f401rct6/Drivers/STM32F4xx_HAL_Driver/Src/stm32f4xx_ll_rcc.c ****   if (FMPI2CxSource == LL_RCC_FMPI2C1_CLKSOURCE)
 334:board/stm32f401rct6/Drivers/STM32F4xx_HAL_Driver/Src/stm32f4xx_ll_rcc.c ****   {
 335:board/stm32f401rct6/Drivers/STM32F4xx_HAL_Driver/Src/stm32f4xx_ll_rcc.c ****     /* FMPI2C1 CLK clock frequency */
 336:board/stm32f401rct6/Drivers/STM32F4xx_HAL_Driver/Src/stm32f4xx_ll_rcc.c ****     switch (LL_RCC_GetFMPI2CClockSource(FMPI2CxSource))
 337:board/stm32f401rct6/Drivers/STM32F4xx_HAL_Driver/Src/stm32f4xx_ll_rcc.c ****     {
 338:board/stm32f401rct6/Drivers/STM32F4xx_HAL_Driver/Src/stm32f4xx_ll_rcc.c ****       case LL_RCC_FMPI2C1_CLKSOURCE_SYSCLK: /* FMPI2C1 Clock is System Clock */
 339:board/stm32f401rct6/Drivers/STM32F4xx_HAL_Driver/Src/stm32f4xx_ll_rcc.c ****         FMPI2C_frequency = RCC_GetSystemClockFreq();
 340:board/stm32f401rct6/Drivers/STM32F4xx_HAL_Driver/Src/stm32f4xx_ll_rcc.c ****         break;
 341:board/stm32f401rct6/Drivers/STM32F4xx_HAL_Driver/Src/stm32f4xx_ll_rcc.c **** 
 342:board/stm32f401rct6/Drivers/STM32F4xx_HAL_Driver/Src/stm32f4xx_ll_rcc.c ****       case LL_RCC_FMPI2C1_CLKSOURCE_HSI:    /* FMPI2C1 Clock is HSI Osc. */
 343:board/stm32f401rct6/Drivers/STM32F4xx_HAL_Driver/Src/stm32f4xx_ll_rcc.c ****         if (LL_RCC_HSI_IsReady())
 344:board/stm32f401rct6/Drivers/STM32F4xx_HAL_Driver/Src/stm32f4xx_ll_rcc.c ****         {
 345:board/stm32f401rct6/Drivers/STM32F4xx_HAL_Driver/Src/stm32f4xx_ll_rcc.c ****           FMPI2C_frequency = HSI_VALUE;
 346:board/stm32f401rct6/Drivers/STM32F4xx_HAL_Driver/Src/stm32f4xx_ll_rcc.c ****         }
ARM GAS  C:\Users\Admin\AppData\Local\Temp\ccHMtLfr.s 			page 84


 347:board/stm32f401rct6/Drivers/STM32F4xx_HAL_Driver/Src/stm32f4xx_ll_rcc.c ****         break;
 348:board/stm32f401rct6/Drivers/STM32F4xx_HAL_Driver/Src/stm32f4xx_ll_rcc.c **** 
 349:board/stm32f401rct6/Drivers/STM32F4xx_HAL_Driver/Src/stm32f4xx_ll_rcc.c ****       case LL_RCC_FMPI2C1_CLKSOURCE_PCLK1:  /* FMPI2C1 Clock is PCLK1 */
 350:board/stm32f401rct6/Drivers/STM32F4xx_HAL_Driver/Src/stm32f4xx_ll_rcc.c ****       default:
 351:board/stm32f401rct6/Drivers/STM32F4xx_HAL_Driver/Src/stm32f4xx_ll_rcc.c ****         FMPI2C_frequency = RCC_GetPCLK1ClockFreq(RCC_GetHCLKClockFreq(RCC_GetSystemClockFreq()));
 352:board/stm32f401rct6/Drivers/STM32F4xx_HAL_Driver/Src/stm32f4xx_ll_rcc.c ****         break;
 353:board/stm32f401rct6/Drivers/STM32F4xx_HAL_Driver/Src/stm32f4xx_ll_rcc.c ****     }
 354:board/stm32f401rct6/Drivers/STM32F4xx_HAL_Driver/Src/stm32f4xx_ll_rcc.c ****   }
 355:board/stm32f401rct6/Drivers/STM32F4xx_HAL_Driver/Src/stm32f4xx_ll_rcc.c **** 
 356:board/stm32f401rct6/Drivers/STM32F4xx_HAL_Driver/Src/stm32f4xx_ll_rcc.c ****   return FMPI2C_frequency;
 357:board/stm32f401rct6/Drivers/STM32F4xx_HAL_Driver/Src/stm32f4xx_ll_rcc.c **** }
 358:board/stm32f401rct6/Drivers/STM32F4xx_HAL_Driver/Src/stm32f4xx_ll_rcc.c **** #endif /* FMPI2C1 */
 359:board/stm32f401rct6/Drivers/STM32F4xx_HAL_Driver/Src/stm32f4xx_ll_rcc.c **** 
 360:board/stm32f401rct6/Drivers/STM32F4xx_HAL_Driver/Src/stm32f4xx_ll_rcc.c **** /**
 361:board/stm32f401rct6/Drivers/STM32F4xx_HAL_Driver/Src/stm32f4xx_ll_rcc.c ****   * @brief  Return I2Sx clock frequency
 362:board/stm32f401rct6/Drivers/STM32F4xx_HAL_Driver/Src/stm32f4xx_ll_rcc.c ****   * @param  I2SxSource This parameter can be one of the following values:
 363:board/stm32f401rct6/Drivers/STM32F4xx_HAL_Driver/Src/stm32f4xx_ll_rcc.c ****   *         @arg @ref LL_RCC_I2S1_CLKSOURCE
 364:board/stm32f401rct6/Drivers/STM32F4xx_HAL_Driver/Src/stm32f4xx_ll_rcc.c ****   *         @arg @ref LL_RCC_I2S2_CLKSOURCE (*)
 365:board/stm32f401rct6/Drivers/STM32F4xx_HAL_Driver/Src/stm32f4xx_ll_rcc.c ****   *
 366:board/stm32f401rct6/Drivers/STM32F4xx_HAL_Driver/Src/stm32f4xx_ll_rcc.c ****   *         (*) value not defined in all devices.
 367:board/stm32f401rct6/Drivers/STM32F4xx_HAL_Driver/Src/stm32f4xx_ll_rcc.c ****   * @retval I2S clock frequency (in Hz)
 368:board/stm32f401rct6/Drivers/STM32F4xx_HAL_Driver/Src/stm32f4xx_ll_rcc.c ****   *         - @ref  LL_RCC_PERIPH_FREQUENCY_NO indicates that oscillator is not ready
 369:board/stm32f401rct6/Drivers/STM32F4xx_HAL_Driver/Src/stm32f4xx_ll_rcc.c ****   */
 370:board/stm32f401rct6/Drivers/STM32F4xx_HAL_Driver/Src/stm32f4xx_ll_rcc.c **** uint32_t LL_RCC_GetI2SClockFreq(uint32_t I2SxSource)
 371:board/stm32f401rct6/Drivers/STM32F4xx_HAL_Driver/Src/stm32f4xx_ll_rcc.c **** {
 372:board/stm32f401rct6/Drivers/STM32F4xx_HAL_Driver/Src/stm32f4xx_ll_rcc.c ****   uint32_t i2s_frequency = LL_RCC_PERIPH_FREQUENCY_NO;
 373:board/stm32f401rct6/Drivers/STM32F4xx_HAL_Driver/Src/stm32f4xx_ll_rcc.c **** 
 374:board/stm32f401rct6/Drivers/STM32F4xx_HAL_Driver/Src/stm32f4xx_ll_rcc.c ****   /* Check parameter */
 375:board/stm32f401rct6/Drivers/STM32F4xx_HAL_Driver/Src/stm32f4xx_ll_rcc.c ****   assert_param(IS_LL_RCC_I2S_CLKSOURCE(I2SxSource));
 376:board/stm32f401rct6/Drivers/STM32F4xx_HAL_Driver/Src/stm32f4xx_ll_rcc.c **** 
 377:board/stm32f401rct6/Drivers/STM32F4xx_HAL_Driver/Src/stm32f4xx_ll_rcc.c ****   if (I2SxSource == LL_RCC_I2S1_CLKSOURCE)
 378:board/stm32f401rct6/Drivers/STM32F4xx_HAL_Driver/Src/stm32f4xx_ll_rcc.c ****   {
 379:board/stm32f401rct6/Drivers/STM32F4xx_HAL_Driver/Src/stm32f4xx_ll_rcc.c ****     /* I2S1 CLK clock frequency */
 380:board/stm32f401rct6/Drivers/STM32F4xx_HAL_Driver/Src/stm32f4xx_ll_rcc.c ****     switch (LL_RCC_GetI2SClockSource(I2SxSource))
 381:board/stm32f401rct6/Drivers/STM32F4xx_HAL_Driver/Src/stm32f4xx_ll_rcc.c ****     {
 382:board/stm32f401rct6/Drivers/STM32F4xx_HAL_Driver/Src/stm32f4xx_ll_rcc.c **** #if defined(RCC_PLLI2S_SUPPORT)
 383:board/stm32f401rct6/Drivers/STM32F4xx_HAL_Driver/Src/stm32f4xx_ll_rcc.c ****       case LL_RCC_I2S1_CLKSOURCE_PLLI2S:       /* I2S1 Clock is PLLI2S */
 384:board/stm32f401rct6/Drivers/STM32F4xx_HAL_Driver/Src/stm32f4xx_ll_rcc.c ****         if (LL_RCC_PLLI2S_IsReady())
 385:board/stm32f401rct6/Drivers/STM32F4xx_HAL_Driver/Src/stm32f4xx_ll_rcc.c ****         {
 386:board/stm32f401rct6/Drivers/STM32F4xx_HAL_Driver/Src/stm32f4xx_ll_rcc.c ****           i2s_frequency = RCC_PLLI2S_GetFreqDomain_I2S();
 387:board/stm32f401rct6/Drivers/STM32F4xx_HAL_Driver/Src/stm32f4xx_ll_rcc.c ****         }
 388:board/stm32f401rct6/Drivers/STM32F4xx_HAL_Driver/Src/stm32f4xx_ll_rcc.c ****         break;
 389:board/stm32f401rct6/Drivers/STM32F4xx_HAL_Driver/Src/stm32f4xx_ll_rcc.c **** #endif /* RCC_PLLI2S_SUPPORT */
 390:board/stm32f401rct6/Drivers/STM32F4xx_HAL_Driver/Src/stm32f4xx_ll_rcc.c **** 
 391:board/stm32f401rct6/Drivers/STM32F4xx_HAL_Driver/Src/stm32f4xx_ll_rcc.c **** #if defined(RCC_DCKCFGR_I2SSRC) || defined(RCC_DCKCFGR_I2S1SRC)
 392:board/stm32f401rct6/Drivers/STM32F4xx_HAL_Driver/Src/stm32f4xx_ll_rcc.c ****       case LL_RCC_I2S1_CLKSOURCE_PLL:          /* I2S1 Clock is PLL */
 393:board/stm32f401rct6/Drivers/STM32F4xx_HAL_Driver/Src/stm32f4xx_ll_rcc.c ****         if (LL_RCC_PLL_IsReady())
 394:board/stm32f401rct6/Drivers/STM32F4xx_HAL_Driver/Src/stm32f4xx_ll_rcc.c ****         {
 395:board/stm32f401rct6/Drivers/STM32F4xx_HAL_Driver/Src/stm32f4xx_ll_rcc.c ****           i2s_frequency = RCC_PLL_GetFreqDomain_I2S();
 396:board/stm32f401rct6/Drivers/STM32F4xx_HAL_Driver/Src/stm32f4xx_ll_rcc.c ****         }
 397:board/stm32f401rct6/Drivers/STM32F4xx_HAL_Driver/Src/stm32f4xx_ll_rcc.c ****         break;
 398:board/stm32f401rct6/Drivers/STM32F4xx_HAL_Driver/Src/stm32f4xx_ll_rcc.c **** 
 399:board/stm32f401rct6/Drivers/STM32F4xx_HAL_Driver/Src/stm32f4xx_ll_rcc.c ****       case LL_RCC_I2S1_CLKSOURCE_PLLSRC:       /* I2S1 Clock is PLL Main source */
 400:board/stm32f401rct6/Drivers/STM32F4xx_HAL_Driver/Src/stm32f4xx_ll_rcc.c ****         switch (LL_RCC_PLL_GetMainSource())
 401:board/stm32f401rct6/Drivers/STM32F4xx_HAL_Driver/Src/stm32f4xx_ll_rcc.c ****         {
 402:board/stm32f401rct6/Drivers/STM32F4xx_HAL_Driver/Src/stm32f4xx_ll_rcc.c ****           case LL_RCC_PLLSOURCE_HSE:          /* I2S1 Clock is HSE Osc. */
 403:board/stm32f401rct6/Drivers/STM32F4xx_HAL_Driver/Src/stm32f4xx_ll_rcc.c ****             if (LL_RCC_HSE_IsReady())
ARM GAS  C:\Users\Admin\AppData\Local\Temp\ccHMtLfr.s 			page 85


 404:board/stm32f401rct6/Drivers/STM32F4xx_HAL_Driver/Src/stm32f4xx_ll_rcc.c ****             {
 405:board/stm32f401rct6/Drivers/STM32F4xx_HAL_Driver/Src/stm32f4xx_ll_rcc.c ****               i2s_frequency = HSE_VALUE;
 406:board/stm32f401rct6/Drivers/STM32F4xx_HAL_Driver/Src/stm32f4xx_ll_rcc.c ****             }
 407:board/stm32f401rct6/Drivers/STM32F4xx_HAL_Driver/Src/stm32f4xx_ll_rcc.c ****             break;
 408:board/stm32f401rct6/Drivers/STM32F4xx_HAL_Driver/Src/stm32f4xx_ll_rcc.c **** 
 409:board/stm32f401rct6/Drivers/STM32F4xx_HAL_Driver/Src/stm32f4xx_ll_rcc.c ****           case LL_RCC_PLLSOURCE_HSI:          /* I2S1 Clock is HSI Osc. */
 410:board/stm32f401rct6/Drivers/STM32F4xx_HAL_Driver/Src/stm32f4xx_ll_rcc.c ****           default:
 411:board/stm32f401rct6/Drivers/STM32F4xx_HAL_Driver/Src/stm32f4xx_ll_rcc.c ****             if (LL_RCC_HSI_IsReady())
 412:board/stm32f401rct6/Drivers/STM32F4xx_HAL_Driver/Src/stm32f4xx_ll_rcc.c ****             {
 413:board/stm32f401rct6/Drivers/STM32F4xx_HAL_Driver/Src/stm32f4xx_ll_rcc.c ****               i2s_frequency = HSI_VALUE;
 414:board/stm32f401rct6/Drivers/STM32F4xx_HAL_Driver/Src/stm32f4xx_ll_rcc.c ****             }
 415:board/stm32f401rct6/Drivers/STM32F4xx_HAL_Driver/Src/stm32f4xx_ll_rcc.c ****             break;
 416:board/stm32f401rct6/Drivers/STM32F4xx_HAL_Driver/Src/stm32f4xx_ll_rcc.c ****         }
 417:board/stm32f401rct6/Drivers/STM32F4xx_HAL_Driver/Src/stm32f4xx_ll_rcc.c ****         break;
 418:board/stm32f401rct6/Drivers/STM32F4xx_HAL_Driver/Src/stm32f4xx_ll_rcc.c **** #endif /* RCC_DCKCFGR_I2SSRC || RCC_DCKCFGR_I2S1SRC */
 419:board/stm32f401rct6/Drivers/STM32F4xx_HAL_Driver/Src/stm32f4xx_ll_rcc.c **** 
 420:board/stm32f401rct6/Drivers/STM32F4xx_HAL_Driver/Src/stm32f4xx_ll_rcc.c ****       case LL_RCC_I2S1_CLKSOURCE_PIN:          /* I2S1 Clock is External clock */
 421:board/stm32f401rct6/Drivers/STM32F4xx_HAL_Driver/Src/stm32f4xx_ll_rcc.c ****       default:
 422:board/stm32f401rct6/Drivers/STM32F4xx_HAL_Driver/Src/stm32f4xx_ll_rcc.c ****         i2s_frequency = EXTERNAL_CLOCK_VALUE;
 423:board/stm32f401rct6/Drivers/STM32F4xx_HAL_Driver/Src/stm32f4xx_ll_rcc.c ****         break;
 424:board/stm32f401rct6/Drivers/STM32F4xx_HAL_Driver/Src/stm32f4xx_ll_rcc.c ****     }
 425:board/stm32f401rct6/Drivers/STM32F4xx_HAL_Driver/Src/stm32f4xx_ll_rcc.c ****   }
 426:board/stm32f401rct6/Drivers/STM32F4xx_HAL_Driver/Src/stm32f4xx_ll_rcc.c **** #if defined(RCC_DCKCFGR_I2S2SRC)
 427:board/stm32f401rct6/Drivers/STM32F4xx_HAL_Driver/Src/stm32f4xx_ll_rcc.c ****   else
 428:board/stm32f401rct6/Drivers/STM32F4xx_HAL_Driver/Src/stm32f4xx_ll_rcc.c ****   {
 429:board/stm32f401rct6/Drivers/STM32F4xx_HAL_Driver/Src/stm32f4xx_ll_rcc.c ****     /* I2S2 CLK clock frequency */
 430:board/stm32f401rct6/Drivers/STM32F4xx_HAL_Driver/Src/stm32f4xx_ll_rcc.c ****     switch (LL_RCC_GetI2SClockSource(I2SxSource))
 431:board/stm32f401rct6/Drivers/STM32F4xx_HAL_Driver/Src/stm32f4xx_ll_rcc.c ****     {
 432:board/stm32f401rct6/Drivers/STM32F4xx_HAL_Driver/Src/stm32f4xx_ll_rcc.c ****       case LL_RCC_I2S2_CLKSOURCE_PLLI2S:       /* I2S2 Clock is PLLI2S */
 433:board/stm32f401rct6/Drivers/STM32F4xx_HAL_Driver/Src/stm32f4xx_ll_rcc.c ****         if (LL_RCC_PLLI2S_IsReady())
 434:board/stm32f401rct6/Drivers/STM32F4xx_HAL_Driver/Src/stm32f4xx_ll_rcc.c ****         {
 435:board/stm32f401rct6/Drivers/STM32F4xx_HAL_Driver/Src/stm32f4xx_ll_rcc.c ****           i2s_frequency = RCC_PLLI2S_GetFreqDomain_I2S();
 436:board/stm32f401rct6/Drivers/STM32F4xx_HAL_Driver/Src/stm32f4xx_ll_rcc.c ****         }
 437:board/stm32f401rct6/Drivers/STM32F4xx_HAL_Driver/Src/stm32f4xx_ll_rcc.c ****         break;
 438:board/stm32f401rct6/Drivers/STM32F4xx_HAL_Driver/Src/stm32f4xx_ll_rcc.c **** 
 439:board/stm32f401rct6/Drivers/STM32F4xx_HAL_Driver/Src/stm32f4xx_ll_rcc.c ****       case LL_RCC_I2S2_CLKSOURCE_PLL:          /* I2S2 Clock is PLL */
 440:board/stm32f401rct6/Drivers/STM32F4xx_HAL_Driver/Src/stm32f4xx_ll_rcc.c ****         if (LL_RCC_PLL_IsReady())
 441:board/stm32f401rct6/Drivers/STM32F4xx_HAL_Driver/Src/stm32f4xx_ll_rcc.c ****         {
 442:board/stm32f401rct6/Drivers/STM32F4xx_HAL_Driver/Src/stm32f4xx_ll_rcc.c ****           i2s_frequency = RCC_PLL_GetFreqDomain_I2S();
 443:board/stm32f401rct6/Drivers/STM32F4xx_HAL_Driver/Src/stm32f4xx_ll_rcc.c ****         }
 444:board/stm32f401rct6/Drivers/STM32F4xx_HAL_Driver/Src/stm32f4xx_ll_rcc.c ****         break;
 445:board/stm32f401rct6/Drivers/STM32F4xx_HAL_Driver/Src/stm32f4xx_ll_rcc.c **** 
 446:board/stm32f401rct6/Drivers/STM32F4xx_HAL_Driver/Src/stm32f4xx_ll_rcc.c ****       case LL_RCC_I2S2_CLKSOURCE_PLLSRC:       /* I2S2 Clock is PLL Main source */
 447:board/stm32f401rct6/Drivers/STM32F4xx_HAL_Driver/Src/stm32f4xx_ll_rcc.c ****         switch (LL_RCC_PLL_GetMainSource())
 448:board/stm32f401rct6/Drivers/STM32F4xx_HAL_Driver/Src/stm32f4xx_ll_rcc.c ****         {
 449:board/stm32f401rct6/Drivers/STM32F4xx_HAL_Driver/Src/stm32f4xx_ll_rcc.c ****           case LL_RCC_PLLSOURCE_HSE:          /* I2S2 Clock is HSE Osc. */
 450:board/stm32f401rct6/Drivers/STM32F4xx_HAL_Driver/Src/stm32f4xx_ll_rcc.c ****             if (LL_RCC_HSE_IsReady())
 451:board/stm32f401rct6/Drivers/STM32F4xx_HAL_Driver/Src/stm32f4xx_ll_rcc.c ****             {
 452:board/stm32f401rct6/Drivers/STM32F4xx_HAL_Driver/Src/stm32f4xx_ll_rcc.c ****               i2s_frequency = HSE_VALUE;
 453:board/stm32f401rct6/Drivers/STM32F4xx_HAL_Driver/Src/stm32f4xx_ll_rcc.c ****             }
 454:board/stm32f401rct6/Drivers/STM32F4xx_HAL_Driver/Src/stm32f4xx_ll_rcc.c ****             break;
 455:board/stm32f401rct6/Drivers/STM32F4xx_HAL_Driver/Src/stm32f4xx_ll_rcc.c **** 
 456:board/stm32f401rct6/Drivers/STM32F4xx_HAL_Driver/Src/stm32f4xx_ll_rcc.c ****           case LL_RCC_PLLSOURCE_HSI:          /* I2S2 Clock is HSI Osc. */
 457:board/stm32f401rct6/Drivers/STM32F4xx_HAL_Driver/Src/stm32f4xx_ll_rcc.c ****           default:
 458:board/stm32f401rct6/Drivers/STM32F4xx_HAL_Driver/Src/stm32f4xx_ll_rcc.c ****             if (LL_RCC_HSI_IsReady())
 459:board/stm32f401rct6/Drivers/STM32F4xx_HAL_Driver/Src/stm32f4xx_ll_rcc.c ****             {
 460:board/stm32f401rct6/Drivers/STM32F4xx_HAL_Driver/Src/stm32f4xx_ll_rcc.c ****               i2s_frequency = HSI_VALUE;
ARM GAS  C:\Users\Admin\AppData\Local\Temp\ccHMtLfr.s 			page 86


 461:board/stm32f401rct6/Drivers/STM32F4xx_HAL_Driver/Src/stm32f4xx_ll_rcc.c ****             }
 462:board/stm32f401rct6/Drivers/STM32F4xx_HAL_Driver/Src/stm32f4xx_ll_rcc.c ****             break;
 463:board/stm32f401rct6/Drivers/STM32F4xx_HAL_Driver/Src/stm32f4xx_ll_rcc.c ****         }
 464:board/stm32f401rct6/Drivers/STM32F4xx_HAL_Driver/Src/stm32f4xx_ll_rcc.c ****         break;
 465:board/stm32f401rct6/Drivers/STM32F4xx_HAL_Driver/Src/stm32f4xx_ll_rcc.c **** 
 466:board/stm32f401rct6/Drivers/STM32F4xx_HAL_Driver/Src/stm32f4xx_ll_rcc.c ****       case LL_RCC_I2S2_CLKSOURCE_PIN:          /* I2S2 Clock is External clock */
 467:board/stm32f401rct6/Drivers/STM32F4xx_HAL_Driver/Src/stm32f4xx_ll_rcc.c ****       default:
 468:board/stm32f401rct6/Drivers/STM32F4xx_HAL_Driver/Src/stm32f4xx_ll_rcc.c ****         i2s_frequency = EXTERNAL_CLOCK_VALUE;
 469:board/stm32f401rct6/Drivers/STM32F4xx_HAL_Driver/Src/stm32f4xx_ll_rcc.c ****         break;
 470:board/stm32f401rct6/Drivers/STM32F4xx_HAL_Driver/Src/stm32f4xx_ll_rcc.c ****     }
 471:board/stm32f401rct6/Drivers/STM32F4xx_HAL_Driver/Src/stm32f4xx_ll_rcc.c ****   }
 472:board/stm32f401rct6/Drivers/STM32F4xx_HAL_Driver/Src/stm32f4xx_ll_rcc.c **** #endif /* RCC_DCKCFGR_I2S2SRC */
 473:board/stm32f401rct6/Drivers/STM32F4xx_HAL_Driver/Src/stm32f4xx_ll_rcc.c **** 
 474:board/stm32f401rct6/Drivers/STM32F4xx_HAL_Driver/Src/stm32f4xx_ll_rcc.c ****   return i2s_frequency;
 475:board/stm32f401rct6/Drivers/STM32F4xx_HAL_Driver/Src/stm32f4xx_ll_rcc.c **** }
 476:board/stm32f401rct6/Drivers/STM32F4xx_HAL_Driver/Src/stm32f4xx_ll_rcc.c **** 
 477:board/stm32f401rct6/Drivers/STM32F4xx_HAL_Driver/Src/stm32f4xx_ll_rcc.c **** #if defined(LPTIM1)
 478:board/stm32f401rct6/Drivers/STM32F4xx_HAL_Driver/Src/stm32f4xx_ll_rcc.c **** /**
 479:board/stm32f401rct6/Drivers/STM32F4xx_HAL_Driver/Src/stm32f4xx_ll_rcc.c ****   * @brief  Return LPTIMx clock frequency
 480:board/stm32f401rct6/Drivers/STM32F4xx_HAL_Driver/Src/stm32f4xx_ll_rcc.c ****   * @param  LPTIMxSource This parameter can be one of the following values:
 481:board/stm32f401rct6/Drivers/STM32F4xx_HAL_Driver/Src/stm32f4xx_ll_rcc.c ****   *         @arg @ref LL_RCC_LPTIM1_CLKSOURCE
 482:board/stm32f401rct6/Drivers/STM32F4xx_HAL_Driver/Src/stm32f4xx_ll_rcc.c ****   * @retval LPTIM clock frequency (in Hz)
 483:board/stm32f401rct6/Drivers/STM32F4xx_HAL_Driver/Src/stm32f4xx_ll_rcc.c ****   *         - @ref  LL_RCC_PERIPH_FREQUENCY_NO indicates that oscillator (HSI, LSI or LSE) is not r
 484:board/stm32f401rct6/Drivers/STM32F4xx_HAL_Driver/Src/stm32f4xx_ll_rcc.c ****   */
 485:board/stm32f401rct6/Drivers/STM32F4xx_HAL_Driver/Src/stm32f4xx_ll_rcc.c **** uint32_t LL_RCC_GetLPTIMClockFreq(uint32_t LPTIMxSource)
 486:board/stm32f401rct6/Drivers/STM32F4xx_HAL_Driver/Src/stm32f4xx_ll_rcc.c **** {
 487:board/stm32f401rct6/Drivers/STM32F4xx_HAL_Driver/Src/stm32f4xx_ll_rcc.c ****   uint32_t lptim_frequency = LL_RCC_PERIPH_FREQUENCY_NO;
 488:board/stm32f401rct6/Drivers/STM32F4xx_HAL_Driver/Src/stm32f4xx_ll_rcc.c **** 
 489:board/stm32f401rct6/Drivers/STM32F4xx_HAL_Driver/Src/stm32f4xx_ll_rcc.c ****   /* Check parameter */
 490:board/stm32f401rct6/Drivers/STM32F4xx_HAL_Driver/Src/stm32f4xx_ll_rcc.c ****   assert_param(IS_LL_RCC_LPTIM_CLKSOURCE(LPTIMxSource));
 491:board/stm32f401rct6/Drivers/STM32F4xx_HAL_Driver/Src/stm32f4xx_ll_rcc.c **** 
 492:board/stm32f401rct6/Drivers/STM32F4xx_HAL_Driver/Src/stm32f4xx_ll_rcc.c ****   if (LPTIMxSource == LL_RCC_LPTIM1_CLKSOURCE)
 493:board/stm32f401rct6/Drivers/STM32F4xx_HAL_Driver/Src/stm32f4xx_ll_rcc.c ****   {
 494:board/stm32f401rct6/Drivers/STM32F4xx_HAL_Driver/Src/stm32f4xx_ll_rcc.c ****     /* LPTIM1CLK clock frequency */
 495:board/stm32f401rct6/Drivers/STM32F4xx_HAL_Driver/Src/stm32f4xx_ll_rcc.c ****     switch (LL_RCC_GetLPTIMClockSource(LPTIMxSource))
 496:board/stm32f401rct6/Drivers/STM32F4xx_HAL_Driver/Src/stm32f4xx_ll_rcc.c ****     {
 497:board/stm32f401rct6/Drivers/STM32F4xx_HAL_Driver/Src/stm32f4xx_ll_rcc.c ****       case LL_RCC_LPTIM1_CLKSOURCE_LSI:    /* LPTIM1 Clock is LSI Osc. */
 498:board/stm32f401rct6/Drivers/STM32F4xx_HAL_Driver/Src/stm32f4xx_ll_rcc.c ****         if (LL_RCC_LSI_IsReady())
 499:board/stm32f401rct6/Drivers/STM32F4xx_HAL_Driver/Src/stm32f4xx_ll_rcc.c ****         {
 500:board/stm32f401rct6/Drivers/STM32F4xx_HAL_Driver/Src/stm32f4xx_ll_rcc.c ****           lptim_frequency = LSI_VALUE;
 501:board/stm32f401rct6/Drivers/STM32F4xx_HAL_Driver/Src/stm32f4xx_ll_rcc.c ****         }
 502:board/stm32f401rct6/Drivers/STM32F4xx_HAL_Driver/Src/stm32f4xx_ll_rcc.c ****         break;
 503:board/stm32f401rct6/Drivers/STM32F4xx_HAL_Driver/Src/stm32f4xx_ll_rcc.c **** 
 504:board/stm32f401rct6/Drivers/STM32F4xx_HAL_Driver/Src/stm32f4xx_ll_rcc.c ****       case LL_RCC_LPTIM1_CLKSOURCE_HSI:    /* LPTIM1 Clock is HSI Osc. */
 505:board/stm32f401rct6/Drivers/STM32F4xx_HAL_Driver/Src/stm32f4xx_ll_rcc.c ****         if (LL_RCC_HSI_IsReady())
 506:board/stm32f401rct6/Drivers/STM32F4xx_HAL_Driver/Src/stm32f4xx_ll_rcc.c ****         {
 507:board/stm32f401rct6/Drivers/STM32F4xx_HAL_Driver/Src/stm32f4xx_ll_rcc.c ****           lptim_frequency = HSI_VALUE;
 508:board/stm32f401rct6/Drivers/STM32F4xx_HAL_Driver/Src/stm32f4xx_ll_rcc.c ****         }
 509:board/stm32f401rct6/Drivers/STM32F4xx_HAL_Driver/Src/stm32f4xx_ll_rcc.c ****         break;
 510:board/stm32f401rct6/Drivers/STM32F4xx_HAL_Driver/Src/stm32f4xx_ll_rcc.c **** 
 511:board/stm32f401rct6/Drivers/STM32F4xx_HAL_Driver/Src/stm32f4xx_ll_rcc.c ****       case LL_RCC_LPTIM1_CLKSOURCE_LSE:    /* LPTIM1 Clock is LSE Osc. */
 512:board/stm32f401rct6/Drivers/STM32F4xx_HAL_Driver/Src/stm32f4xx_ll_rcc.c ****         if (LL_RCC_LSE_IsReady())
 513:board/stm32f401rct6/Drivers/STM32F4xx_HAL_Driver/Src/stm32f4xx_ll_rcc.c ****         {
 514:board/stm32f401rct6/Drivers/STM32F4xx_HAL_Driver/Src/stm32f4xx_ll_rcc.c ****           lptim_frequency = LSE_VALUE;
 515:board/stm32f401rct6/Drivers/STM32F4xx_HAL_Driver/Src/stm32f4xx_ll_rcc.c ****         }
 516:board/stm32f401rct6/Drivers/STM32F4xx_HAL_Driver/Src/stm32f4xx_ll_rcc.c ****         break;
 517:board/stm32f401rct6/Drivers/STM32F4xx_HAL_Driver/Src/stm32f4xx_ll_rcc.c **** 
ARM GAS  C:\Users\Admin\AppData\Local\Temp\ccHMtLfr.s 			page 87


 518:board/stm32f401rct6/Drivers/STM32F4xx_HAL_Driver/Src/stm32f4xx_ll_rcc.c ****       case LL_RCC_LPTIM1_CLKSOURCE_PCLK1:  /* LPTIM1 Clock is PCLK1 */
 519:board/stm32f401rct6/Drivers/STM32F4xx_HAL_Driver/Src/stm32f4xx_ll_rcc.c ****       default:
 520:board/stm32f401rct6/Drivers/STM32F4xx_HAL_Driver/Src/stm32f4xx_ll_rcc.c ****         lptim_frequency = RCC_GetPCLK1ClockFreq(RCC_GetHCLKClockFreq(RCC_GetSystemClockFreq()));
 521:board/stm32f401rct6/Drivers/STM32F4xx_HAL_Driver/Src/stm32f4xx_ll_rcc.c ****         break;
 522:board/stm32f401rct6/Drivers/STM32F4xx_HAL_Driver/Src/stm32f4xx_ll_rcc.c ****     }
 523:board/stm32f401rct6/Drivers/STM32F4xx_HAL_Driver/Src/stm32f4xx_ll_rcc.c ****   }
 524:board/stm32f401rct6/Drivers/STM32F4xx_HAL_Driver/Src/stm32f4xx_ll_rcc.c **** 
 525:board/stm32f401rct6/Drivers/STM32F4xx_HAL_Driver/Src/stm32f4xx_ll_rcc.c ****   return lptim_frequency;
 526:board/stm32f401rct6/Drivers/STM32F4xx_HAL_Driver/Src/stm32f4xx_ll_rcc.c **** }
 527:board/stm32f401rct6/Drivers/STM32F4xx_HAL_Driver/Src/stm32f4xx_ll_rcc.c **** #endif /* LPTIM1 */
 528:board/stm32f401rct6/Drivers/STM32F4xx_HAL_Driver/Src/stm32f4xx_ll_rcc.c **** 
 529:board/stm32f401rct6/Drivers/STM32F4xx_HAL_Driver/Src/stm32f4xx_ll_rcc.c **** #if defined(SAI1)
 530:board/stm32f401rct6/Drivers/STM32F4xx_HAL_Driver/Src/stm32f4xx_ll_rcc.c **** /**
 531:board/stm32f401rct6/Drivers/STM32F4xx_HAL_Driver/Src/stm32f4xx_ll_rcc.c ****   * @brief  Return SAIx clock frequency
 532:board/stm32f401rct6/Drivers/STM32F4xx_HAL_Driver/Src/stm32f4xx_ll_rcc.c ****   * @param  SAIxSource This parameter can be one of the following values:
 533:board/stm32f401rct6/Drivers/STM32F4xx_HAL_Driver/Src/stm32f4xx_ll_rcc.c ****   *         @arg @ref LL_RCC_SAI1_CLKSOURCE (*)
 534:board/stm32f401rct6/Drivers/STM32F4xx_HAL_Driver/Src/stm32f4xx_ll_rcc.c ****   *         @arg @ref LL_RCC_SAI2_CLKSOURCE (*)
 535:board/stm32f401rct6/Drivers/STM32F4xx_HAL_Driver/Src/stm32f4xx_ll_rcc.c ****   *         @arg @ref LL_RCC_SAI1_A_CLKSOURCE (*)
 536:board/stm32f401rct6/Drivers/STM32F4xx_HAL_Driver/Src/stm32f4xx_ll_rcc.c ****   *         @arg @ref LL_RCC_SAI1_B_CLKSOURCE (*)
 537:board/stm32f401rct6/Drivers/STM32F4xx_HAL_Driver/Src/stm32f4xx_ll_rcc.c ****   *
 538:board/stm32f401rct6/Drivers/STM32F4xx_HAL_Driver/Src/stm32f4xx_ll_rcc.c ****   *         (*) value not defined in all devices.
 539:board/stm32f401rct6/Drivers/STM32F4xx_HAL_Driver/Src/stm32f4xx_ll_rcc.c ****   * @retval SAI clock frequency (in Hz)
 540:board/stm32f401rct6/Drivers/STM32F4xx_HAL_Driver/Src/stm32f4xx_ll_rcc.c ****   *         - @ref  LL_RCC_PERIPH_FREQUENCY_NO indicates that oscillator is not ready
 541:board/stm32f401rct6/Drivers/STM32F4xx_HAL_Driver/Src/stm32f4xx_ll_rcc.c ****   */
 542:board/stm32f401rct6/Drivers/STM32F4xx_HAL_Driver/Src/stm32f4xx_ll_rcc.c **** uint32_t LL_RCC_GetSAIClockFreq(uint32_t SAIxSource)
 543:board/stm32f401rct6/Drivers/STM32F4xx_HAL_Driver/Src/stm32f4xx_ll_rcc.c **** {
 544:board/stm32f401rct6/Drivers/STM32F4xx_HAL_Driver/Src/stm32f4xx_ll_rcc.c ****   uint32_t sai_frequency = LL_RCC_PERIPH_FREQUENCY_NO;
 545:board/stm32f401rct6/Drivers/STM32F4xx_HAL_Driver/Src/stm32f4xx_ll_rcc.c **** 
 546:board/stm32f401rct6/Drivers/STM32F4xx_HAL_Driver/Src/stm32f4xx_ll_rcc.c ****   /* Check parameter */
 547:board/stm32f401rct6/Drivers/STM32F4xx_HAL_Driver/Src/stm32f4xx_ll_rcc.c ****   assert_param(IS_LL_RCC_SAI_CLKSOURCE(SAIxSource));
 548:board/stm32f401rct6/Drivers/STM32F4xx_HAL_Driver/Src/stm32f4xx_ll_rcc.c **** 
 549:board/stm32f401rct6/Drivers/STM32F4xx_HAL_Driver/Src/stm32f4xx_ll_rcc.c **** #if defined(RCC_DCKCFGR_SAI1SRC)
 550:board/stm32f401rct6/Drivers/STM32F4xx_HAL_Driver/Src/stm32f4xx_ll_rcc.c ****   if ((SAIxSource == LL_RCC_SAI1_CLKSOURCE) || (SAIxSource == LL_RCC_SAI2_CLKSOURCE))
 551:board/stm32f401rct6/Drivers/STM32F4xx_HAL_Driver/Src/stm32f4xx_ll_rcc.c ****   {
 552:board/stm32f401rct6/Drivers/STM32F4xx_HAL_Driver/Src/stm32f4xx_ll_rcc.c ****     /* SAI1CLK clock frequency */
 553:board/stm32f401rct6/Drivers/STM32F4xx_HAL_Driver/Src/stm32f4xx_ll_rcc.c ****     switch (LL_RCC_GetSAIClockSource(SAIxSource))
 554:board/stm32f401rct6/Drivers/STM32F4xx_HAL_Driver/Src/stm32f4xx_ll_rcc.c ****     {
 555:board/stm32f401rct6/Drivers/STM32F4xx_HAL_Driver/Src/stm32f4xx_ll_rcc.c ****       case LL_RCC_SAI1_CLKSOURCE_PLLSAI:     /* PLLSAI clock used as SAI1 clock source */
 556:board/stm32f401rct6/Drivers/STM32F4xx_HAL_Driver/Src/stm32f4xx_ll_rcc.c ****       case LL_RCC_SAI2_CLKSOURCE_PLLSAI:     /* PLLSAI clock used as SAI2 clock source */
 557:board/stm32f401rct6/Drivers/STM32F4xx_HAL_Driver/Src/stm32f4xx_ll_rcc.c ****         if (LL_RCC_PLLSAI_IsReady())
 558:board/stm32f401rct6/Drivers/STM32F4xx_HAL_Driver/Src/stm32f4xx_ll_rcc.c ****         {
 559:board/stm32f401rct6/Drivers/STM32F4xx_HAL_Driver/Src/stm32f4xx_ll_rcc.c ****           sai_frequency = RCC_PLLSAI_GetFreqDomain_SAI();
 560:board/stm32f401rct6/Drivers/STM32F4xx_HAL_Driver/Src/stm32f4xx_ll_rcc.c ****         }
 561:board/stm32f401rct6/Drivers/STM32F4xx_HAL_Driver/Src/stm32f4xx_ll_rcc.c ****         break;
 562:board/stm32f401rct6/Drivers/STM32F4xx_HAL_Driver/Src/stm32f4xx_ll_rcc.c **** 
 563:board/stm32f401rct6/Drivers/STM32F4xx_HAL_Driver/Src/stm32f4xx_ll_rcc.c ****       case LL_RCC_SAI1_CLKSOURCE_PLLI2S:     /* PLLI2S clock used as SAI1 clock source */
 564:board/stm32f401rct6/Drivers/STM32F4xx_HAL_Driver/Src/stm32f4xx_ll_rcc.c ****       case LL_RCC_SAI2_CLKSOURCE_PLLI2S:     /* PLLI2S clock used as SAI2 clock source */
 565:board/stm32f401rct6/Drivers/STM32F4xx_HAL_Driver/Src/stm32f4xx_ll_rcc.c ****         if (LL_RCC_PLLI2S_IsReady())
 566:board/stm32f401rct6/Drivers/STM32F4xx_HAL_Driver/Src/stm32f4xx_ll_rcc.c ****         {
 567:board/stm32f401rct6/Drivers/STM32F4xx_HAL_Driver/Src/stm32f4xx_ll_rcc.c ****           sai_frequency = RCC_PLLI2S_GetFreqDomain_SAI();
 568:board/stm32f401rct6/Drivers/STM32F4xx_HAL_Driver/Src/stm32f4xx_ll_rcc.c ****         }
 569:board/stm32f401rct6/Drivers/STM32F4xx_HAL_Driver/Src/stm32f4xx_ll_rcc.c ****         break;
 570:board/stm32f401rct6/Drivers/STM32F4xx_HAL_Driver/Src/stm32f4xx_ll_rcc.c **** 
 571:board/stm32f401rct6/Drivers/STM32F4xx_HAL_Driver/Src/stm32f4xx_ll_rcc.c ****       case LL_RCC_SAI1_CLKSOURCE_PLL:        /* PLL clock used as SAI1 clock source */
 572:board/stm32f401rct6/Drivers/STM32F4xx_HAL_Driver/Src/stm32f4xx_ll_rcc.c ****       case LL_RCC_SAI2_CLKSOURCE_PLL:        /* PLL clock used as SAI2 clock source */
 573:board/stm32f401rct6/Drivers/STM32F4xx_HAL_Driver/Src/stm32f4xx_ll_rcc.c ****         if (LL_RCC_PLL_IsReady())
 574:board/stm32f401rct6/Drivers/STM32F4xx_HAL_Driver/Src/stm32f4xx_ll_rcc.c ****         {
ARM GAS  C:\Users\Admin\AppData\Local\Temp\ccHMtLfr.s 			page 88


 575:board/stm32f401rct6/Drivers/STM32F4xx_HAL_Driver/Src/stm32f4xx_ll_rcc.c ****           sai_frequency = RCC_PLL_GetFreqDomain_SAI();
 576:board/stm32f401rct6/Drivers/STM32F4xx_HAL_Driver/Src/stm32f4xx_ll_rcc.c ****         }
 577:board/stm32f401rct6/Drivers/STM32F4xx_HAL_Driver/Src/stm32f4xx_ll_rcc.c ****         break;
 578:board/stm32f401rct6/Drivers/STM32F4xx_HAL_Driver/Src/stm32f4xx_ll_rcc.c **** 
 579:board/stm32f401rct6/Drivers/STM32F4xx_HAL_Driver/Src/stm32f4xx_ll_rcc.c ****       case LL_RCC_SAI2_CLKSOURCE_PLLSRC:
 580:board/stm32f401rct6/Drivers/STM32F4xx_HAL_Driver/Src/stm32f4xx_ll_rcc.c ****         switch (LL_RCC_PLL_GetMainSource())
 581:board/stm32f401rct6/Drivers/STM32F4xx_HAL_Driver/Src/stm32f4xx_ll_rcc.c ****         {
 582:board/stm32f401rct6/Drivers/STM32F4xx_HAL_Driver/Src/stm32f4xx_ll_rcc.c ****           case LL_RCC_PLLSOURCE_HSE:        /* HSE clock used as SAI2 clock source */
 583:board/stm32f401rct6/Drivers/STM32F4xx_HAL_Driver/Src/stm32f4xx_ll_rcc.c ****             if (LL_RCC_HSE_IsReady())
 584:board/stm32f401rct6/Drivers/STM32F4xx_HAL_Driver/Src/stm32f4xx_ll_rcc.c ****             {
 585:board/stm32f401rct6/Drivers/STM32F4xx_HAL_Driver/Src/stm32f4xx_ll_rcc.c ****               sai_frequency = HSE_VALUE;
 586:board/stm32f401rct6/Drivers/STM32F4xx_HAL_Driver/Src/stm32f4xx_ll_rcc.c ****             }
 587:board/stm32f401rct6/Drivers/STM32F4xx_HAL_Driver/Src/stm32f4xx_ll_rcc.c ****             break;
 588:board/stm32f401rct6/Drivers/STM32F4xx_HAL_Driver/Src/stm32f4xx_ll_rcc.c **** 
 589:board/stm32f401rct6/Drivers/STM32F4xx_HAL_Driver/Src/stm32f4xx_ll_rcc.c ****           case LL_RCC_PLLSOURCE_HSI:        /* HSI clock used as SAI2 clock source */
 590:board/stm32f401rct6/Drivers/STM32F4xx_HAL_Driver/Src/stm32f4xx_ll_rcc.c ****           default:
 591:board/stm32f401rct6/Drivers/STM32F4xx_HAL_Driver/Src/stm32f4xx_ll_rcc.c ****             if (LL_RCC_HSI_IsReady())
 592:board/stm32f401rct6/Drivers/STM32F4xx_HAL_Driver/Src/stm32f4xx_ll_rcc.c ****             {
 593:board/stm32f401rct6/Drivers/STM32F4xx_HAL_Driver/Src/stm32f4xx_ll_rcc.c ****               sai_frequency = HSI_VALUE;
 594:board/stm32f401rct6/Drivers/STM32F4xx_HAL_Driver/Src/stm32f4xx_ll_rcc.c ****             }
 595:board/stm32f401rct6/Drivers/STM32F4xx_HAL_Driver/Src/stm32f4xx_ll_rcc.c ****             break;
 596:board/stm32f401rct6/Drivers/STM32F4xx_HAL_Driver/Src/stm32f4xx_ll_rcc.c ****         }
 597:board/stm32f401rct6/Drivers/STM32F4xx_HAL_Driver/Src/stm32f4xx_ll_rcc.c ****         break;
 598:board/stm32f401rct6/Drivers/STM32F4xx_HAL_Driver/Src/stm32f4xx_ll_rcc.c **** 
 599:board/stm32f401rct6/Drivers/STM32F4xx_HAL_Driver/Src/stm32f4xx_ll_rcc.c ****       case LL_RCC_SAI1_CLKSOURCE_PIN:        /* External input clock used as SAI1 clock source */
 600:board/stm32f401rct6/Drivers/STM32F4xx_HAL_Driver/Src/stm32f4xx_ll_rcc.c ****       default:
 601:board/stm32f401rct6/Drivers/STM32F4xx_HAL_Driver/Src/stm32f4xx_ll_rcc.c ****         sai_frequency = EXTERNAL_CLOCK_VALUE;
 602:board/stm32f401rct6/Drivers/STM32F4xx_HAL_Driver/Src/stm32f4xx_ll_rcc.c ****         break;
 603:board/stm32f401rct6/Drivers/STM32F4xx_HAL_Driver/Src/stm32f4xx_ll_rcc.c ****     }
 604:board/stm32f401rct6/Drivers/STM32F4xx_HAL_Driver/Src/stm32f4xx_ll_rcc.c ****   }
 605:board/stm32f401rct6/Drivers/STM32F4xx_HAL_Driver/Src/stm32f4xx_ll_rcc.c **** #endif /* RCC_DCKCFGR_SAI1SRC */
 606:board/stm32f401rct6/Drivers/STM32F4xx_HAL_Driver/Src/stm32f4xx_ll_rcc.c **** #if defined(RCC_DCKCFGR_SAI1ASRC)
 607:board/stm32f401rct6/Drivers/STM32F4xx_HAL_Driver/Src/stm32f4xx_ll_rcc.c ****   if ((SAIxSource == LL_RCC_SAI1_A_CLKSOURCE) || (SAIxSource == LL_RCC_SAI1_B_CLKSOURCE))
 608:board/stm32f401rct6/Drivers/STM32F4xx_HAL_Driver/Src/stm32f4xx_ll_rcc.c ****   {
 609:board/stm32f401rct6/Drivers/STM32F4xx_HAL_Driver/Src/stm32f4xx_ll_rcc.c ****     /* SAI1CLK clock frequency */
 610:board/stm32f401rct6/Drivers/STM32F4xx_HAL_Driver/Src/stm32f4xx_ll_rcc.c ****     switch (LL_RCC_GetSAIClockSource(SAIxSource))
 611:board/stm32f401rct6/Drivers/STM32F4xx_HAL_Driver/Src/stm32f4xx_ll_rcc.c ****     {
 612:board/stm32f401rct6/Drivers/STM32F4xx_HAL_Driver/Src/stm32f4xx_ll_rcc.c **** #if defined(RCC_PLLSAI_SUPPORT)
 613:board/stm32f401rct6/Drivers/STM32F4xx_HAL_Driver/Src/stm32f4xx_ll_rcc.c ****       case LL_RCC_SAI1_A_CLKSOURCE_PLLSAI:     /* PLLSAI clock used as SAI1 Block A clock source */
 614:board/stm32f401rct6/Drivers/STM32F4xx_HAL_Driver/Src/stm32f4xx_ll_rcc.c ****       case LL_RCC_SAI1_B_CLKSOURCE_PLLSAI:     /* PLLSAI clock used as SAI1 Block B clock source */
 615:board/stm32f401rct6/Drivers/STM32F4xx_HAL_Driver/Src/stm32f4xx_ll_rcc.c ****         if (LL_RCC_PLLSAI_IsReady())
 616:board/stm32f401rct6/Drivers/STM32F4xx_HAL_Driver/Src/stm32f4xx_ll_rcc.c ****         {
 617:board/stm32f401rct6/Drivers/STM32F4xx_HAL_Driver/Src/stm32f4xx_ll_rcc.c ****           sai_frequency = RCC_PLLSAI_GetFreqDomain_SAI();
 618:board/stm32f401rct6/Drivers/STM32F4xx_HAL_Driver/Src/stm32f4xx_ll_rcc.c ****         }
 619:board/stm32f401rct6/Drivers/STM32F4xx_HAL_Driver/Src/stm32f4xx_ll_rcc.c ****         break;
 620:board/stm32f401rct6/Drivers/STM32F4xx_HAL_Driver/Src/stm32f4xx_ll_rcc.c **** #endif /* RCC_PLLSAI_SUPPORT */
 621:board/stm32f401rct6/Drivers/STM32F4xx_HAL_Driver/Src/stm32f4xx_ll_rcc.c **** 
 622:board/stm32f401rct6/Drivers/STM32F4xx_HAL_Driver/Src/stm32f4xx_ll_rcc.c ****       case LL_RCC_SAI1_A_CLKSOURCE_PLLI2S:     /* PLLI2S clock used as SAI1 Block A clock source */
 623:board/stm32f401rct6/Drivers/STM32F4xx_HAL_Driver/Src/stm32f4xx_ll_rcc.c ****       case LL_RCC_SAI1_B_CLKSOURCE_PLLI2S:     /* PLLI2S clock used as SAI1 Block B clock source */
 624:board/stm32f401rct6/Drivers/STM32F4xx_HAL_Driver/Src/stm32f4xx_ll_rcc.c ****         if (LL_RCC_PLLI2S_IsReady())
 625:board/stm32f401rct6/Drivers/STM32F4xx_HAL_Driver/Src/stm32f4xx_ll_rcc.c ****         {
 626:board/stm32f401rct6/Drivers/STM32F4xx_HAL_Driver/Src/stm32f4xx_ll_rcc.c ****           sai_frequency = RCC_PLLI2S_GetFreqDomain_SAI();
 627:board/stm32f401rct6/Drivers/STM32F4xx_HAL_Driver/Src/stm32f4xx_ll_rcc.c ****         }
 628:board/stm32f401rct6/Drivers/STM32F4xx_HAL_Driver/Src/stm32f4xx_ll_rcc.c ****         break;
 629:board/stm32f401rct6/Drivers/STM32F4xx_HAL_Driver/Src/stm32f4xx_ll_rcc.c **** 
 630:board/stm32f401rct6/Drivers/STM32F4xx_HAL_Driver/Src/stm32f4xx_ll_rcc.c **** #if defined(RCC_SAI1A_PLLSOURCE_SUPPORT)
 631:board/stm32f401rct6/Drivers/STM32F4xx_HAL_Driver/Src/stm32f4xx_ll_rcc.c ****       case LL_RCC_SAI1_A_CLKSOURCE_PLL:        /* PLL clock used as SAI1 Block A clock source */
ARM GAS  C:\Users\Admin\AppData\Local\Temp\ccHMtLfr.s 			page 89


 632:board/stm32f401rct6/Drivers/STM32F4xx_HAL_Driver/Src/stm32f4xx_ll_rcc.c ****       case LL_RCC_SAI1_B_CLKSOURCE_PLL:        /* PLL clock used as SAI1 Block B clock source */
 633:board/stm32f401rct6/Drivers/STM32F4xx_HAL_Driver/Src/stm32f4xx_ll_rcc.c ****         if (LL_RCC_PLL_IsReady())
 634:board/stm32f401rct6/Drivers/STM32F4xx_HAL_Driver/Src/stm32f4xx_ll_rcc.c ****         {
 635:board/stm32f401rct6/Drivers/STM32F4xx_HAL_Driver/Src/stm32f4xx_ll_rcc.c ****           sai_frequency = RCC_PLL_GetFreqDomain_SAI();
 636:board/stm32f401rct6/Drivers/STM32F4xx_HAL_Driver/Src/stm32f4xx_ll_rcc.c ****         }
 637:board/stm32f401rct6/Drivers/STM32F4xx_HAL_Driver/Src/stm32f4xx_ll_rcc.c ****         break;
 638:board/stm32f401rct6/Drivers/STM32F4xx_HAL_Driver/Src/stm32f4xx_ll_rcc.c **** 
 639:board/stm32f401rct6/Drivers/STM32F4xx_HAL_Driver/Src/stm32f4xx_ll_rcc.c ****       case LL_RCC_SAI1_A_CLKSOURCE_PLLSRC:
 640:board/stm32f401rct6/Drivers/STM32F4xx_HAL_Driver/Src/stm32f4xx_ll_rcc.c ****       case LL_RCC_SAI1_B_CLKSOURCE_PLLSRC:
 641:board/stm32f401rct6/Drivers/STM32F4xx_HAL_Driver/Src/stm32f4xx_ll_rcc.c ****         switch (LL_RCC_PLL_GetMainSource())
 642:board/stm32f401rct6/Drivers/STM32F4xx_HAL_Driver/Src/stm32f4xx_ll_rcc.c ****         {
 643:board/stm32f401rct6/Drivers/STM32F4xx_HAL_Driver/Src/stm32f4xx_ll_rcc.c ****           case LL_RCC_PLLSOURCE_HSE:          /* HSE clock used as SAI1 Block A or B clock source *
 644:board/stm32f401rct6/Drivers/STM32F4xx_HAL_Driver/Src/stm32f4xx_ll_rcc.c ****             if (LL_RCC_HSE_IsReady())
 645:board/stm32f401rct6/Drivers/STM32F4xx_HAL_Driver/Src/stm32f4xx_ll_rcc.c ****             {
 646:board/stm32f401rct6/Drivers/STM32F4xx_HAL_Driver/Src/stm32f4xx_ll_rcc.c ****               sai_frequency = HSE_VALUE;
 647:board/stm32f401rct6/Drivers/STM32F4xx_HAL_Driver/Src/stm32f4xx_ll_rcc.c ****             }
 648:board/stm32f401rct6/Drivers/STM32F4xx_HAL_Driver/Src/stm32f4xx_ll_rcc.c ****             break;
 649:board/stm32f401rct6/Drivers/STM32F4xx_HAL_Driver/Src/stm32f4xx_ll_rcc.c **** 
 650:board/stm32f401rct6/Drivers/STM32F4xx_HAL_Driver/Src/stm32f4xx_ll_rcc.c ****           case LL_RCC_PLLSOURCE_HSI:          /* HSI clock used as SAI1 Block A or B clock source *
 651:board/stm32f401rct6/Drivers/STM32F4xx_HAL_Driver/Src/stm32f4xx_ll_rcc.c ****           default:
 652:board/stm32f401rct6/Drivers/STM32F4xx_HAL_Driver/Src/stm32f4xx_ll_rcc.c ****             if (LL_RCC_HSI_IsReady())
 653:board/stm32f401rct6/Drivers/STM32F4xx_HAL_Driver/Src/stm32f4xx_ll_rcc.c ****             {
 654:board/stm32f401rct6/Drivers/STM32F4xx_HAL_Driver/Src/stm32f4xx_ll_rcc.c ****               sai_frequency = HSI_VALUE;
 655:board/stm32f401rct6/Drivers/STM32F4xx_HAL_Driver/Src/stm32f4xx_ll_rcc.c ****             }
 656:board/stm32f401rct6/Drivers/STM32F4xx_HAL_Driver/Src/stm32f4xx_ll_rcc.c ****             break;
 657:board/stm32f401rct6/Drivers/STM32F4xx_HAL_Driver/Src/stm32f4xx_ll_rcc.c ****         }
 658:board/stm32f401rct6/Drivers/STM32F4xx_HAL_Driver/Src/stm32f4xx_ll_rcc.c ****         break;
 659:board/stm32f401rct6/Drivers/STM32F4xx_HAL_Driver/Src/stm32f4xx_ll_rcc.c **** #endif /* RCC_SAI1A_PLLSOURCE_SUPPORT */
 660:board/stm32f401rct6/Drivers/STM32F4xx_HAL_Driver/Src/stm32f4xx_ll_rcc.c **** 
 661:board/stm32f401rct6/Drivers/STM32F4xx_HAL_Driver/Src/stm32f4xx_ll_rcc.c ****       case LL_RCC_SAI1_A_CLKSOURCE_PIN:        /* External input clock used as SAI1 Block A clock s
 662:board/stm32f401rct6/Drivers/STM32F4xx_HAL_Driver/Src/stm32f4xx_ll_rcc.c ****       case LL_RCC_SAI1_B_CLKSOURCE_PIN:        /* External input clock used as SAI1 Block B clock s
 663:board/stm32f401rct6/Drivers/STM32F4xx_HAL_Driver/Src/stm32f4xx_ll_rcc.c ****       default:
 664:board/stm32f401rct6/Drivers/STM32F4xx_HAL_Driver/Src/stm32f4xx_ll_rcc.c ****         sai_frequency = EXTERNAL_CLOCK_VALUE;
 665:board/stm32f401rct6/Drivers/STM32F4xx_HAL_Driver/Src/stm32f4xx_ll_rcc.c ****         break;
 666:board/stm32f401rct6/Drivers/STM32F4xx_HAL_Driver/Src/stm32f4xx_ll_rcc.c ****     }
 667:board/stm32f401rct6/Drivers/STM32F4xx_HAL_Driver/Src/stm32f4xx_ll_rcc.c ****   }
 668:board/stm32f401rct6/Drivers/STM32F4xx_HAL_Driver/Src/stm32f4xx_ll_rcc.c **** #endif /* RCC_DCKCFGR_SAI1ASRC */
 669:board/stm32f401rct6/Drivers/STM32F4xx_HAL_Driver/Src/stm32f4xx_ll_rcc.c **** 
 670:board/stm32f401rct6/Drivers/STM32F4xx_HAL_Driver/Src/stm32f4xx_ll_rcc.c ****   return sai_frequency;
 671:board/stm32f401rct6/Drivers/STM32F4xx_HAL_Driver/Src/stm32f4xx_ll_rcc.c **** }
 672:board/stm32f401rct6/Drivers/STM32F4xx_HAL_Driver/Src/stm32f4xx_ll_rcc.c **** #endif /* SAI1 */
 673:board/stm32f401rct6/Drivers/STM32F4xx_HAL_Driver/Src/stm32f4xx_ll_rcc.c **** 
 674:board/stm32f401rct6/Drivers/STM32F4xx_HAL_Driver/Src/stm32f4xx_ll_rcc.c **** #if defined(SDIO)
 675:board/stm32f401rct6/Drivers/STM32F4xx_HAL_Driver/Src/stm32f4xx_ll_rcc.c **** /**
 676:board/stm32f401rct6/Drivers/STM32F4xx_HAL_Driver/Src/stm32f4xx_ll_rcc.c ****   * @brief  Return SDIOx clock frequency
 677:board/stm32f401rct6/Drivers/STM32F4xx_HAL_Driver/Src/stm32f4xx_ll_rcc.c ****   * @param  SDIOxSource This parameter can be one of the following values:
 678:board/stm32f401rct6/Drivers/STM32F4xx_HAL_Driver/Src/stm32f4xx_ll_rcc.c ****   *         @arg @ref LL_RCC_SDIO_CLKSOURCE
 679:board/stm32f401rct6/Drivers/STM32F4xx_HAL_Driver/Src/stm32f4xx_ll_rcc.c ****   * @retval SDIO clock frequency (in Hz)
 680:board/stm32f401rct6/Drivers/STM32F4xx_HAL_Driver/Src/stm32f4xx_ll_rcc.c ****   *         - @ref  LL_RCC_PERIPH_FREQUENCY_NO indicates that oscillator is not ready
 681:board/stm32f401rct6/Drivers/STM32F4xx_HAL_Driver/Src/stm32f4xx_ll_rcc.c ****   */
 682:board/stm32f401rct6/Drivers/STM32F4xx_HAL_Driver/Src/stm32f4xx_ll_rcc.c **** uint32_t LL_RCC_GetSDIOClockFreq(uint32_t SDIOxSource)
 683:board/stm32f401rct6/Drivers/STM32F4xx_HAL_Driver/Src/stm32f4xx_ll_rcc.c **** {
 684:board/stm32f401rct6/Drivers/STM32F4xx_HAL_Driver/Src/stm32f4xx_ll_rcc.c ****   uint32_t SDIO_frequency = LL_RCC_PERIPH_FREQUENCY_NO;
 685:board/stm32f401rct6/Drivers/STM32F4xx_HAL_Driver/Src/stm32f4xx_ll_rcc.c **** 
 686:board/stm32f401rct6/Drivers/STM32F4xx_HAL_Driver/Src/stm32f4xx_ll_rcc.c ****   /* Check parameter */
 687:board/stm32f401rct6/Drivers/STM32F4xx_HAL_Driver/Src/stm32f4xx_ll_rcc.c ****   assert_param(IS_LL_RCC_SDIO_CLKSOURCE(SDIOxSource));
 688:board/stm32f401rct6/Drivers/STM32F4xx_HAL_Driver/Src/stm32f4xx_ll_rcc.c **** 
ARM GAS  C:\Users\Admin\AppData\Local\Temp\ccHMtLfr.s 			page 90


 689:board/stm32f401rct6/Drivers/STM32F4xx_HAL_Driver/Src/stm32f4xx_ll_rcc.c ****   if (SDIOxSource == LL_RCC_SDIO_CLKSOURCE)
 690:board/stm32f401rct6/Drivers/STM32F4xx_HAL_Driver/Src/stm32f4xx_ll_rcc.c ****   {
 691:board/stm32f401rct6/Drivers/STM32F4xx_HAL_Driver/Src/stm32f4xx_ll_rcc.c **** #if defined(RCC_DCKCFGR_SDIOSEL) || defined(RCC_DCKCFGR2_SDIOSEL)
 692:board/stm32f401rct6/Drivers/STM32F4xx_HAL_Driver/Src/stm32f4xx_ll_rcc.c ****     /* SDIOCLK clock frequency */
 693:board/stm32f401rct6/Drivers/STM32F4xx_HAL_Driver/Src/stm32f4xx_ll_rcc.c ****     switch (LL_RCC_GetSDIOClockSource(SDIOxSource))
 694:board/stm32f401rct6/Drivers/STM32F4xx_HAL_Driver/Src/stm32f4xx_ll_rcc.c ****     {
 695:board/stm32f401rct6/Drivers/STM32F4xx_HAL_Driver/Src/stm32f4xx_ll_rcc.c ****       case LL_RCC_SDIO_CLKSOURCE_PLL48CLK:         /* PLL48M clock used as SDIO clock source */
 696:board/stm32f401rct6/Drivers/STM32F4xx_HAL_Driver/Src/stm32f4xx_ll_rcc.c ****         switch (LL_RCC_GetCK48MClockSource(LL_RCC_CK48M_CLKSOURCE))
 697:board/stm32f401rct6/Drivers/STM32F4xx_HAL_Driver/Src/stm32f4xx_ll_rcc.c ****         {
 698:board/stm32f401rct6/Drivers/STM32F4xx_HAL_Driver/Src/stm32f4xx_ll_rcc.c ****           case LL_RCC_CK48M_CLKSOURCE_PLL:         /* PLL clock used as 48Mhz domain clock */
 699:board/stm32f401rct6/Drivers/STM32F4xx_HAL_Driver/Src/stm32f4xx_ll_rcc.c ****             if (LL_RCC_PLL_IsReady())
 700:board/stm32f401rct6/Drivers/STM32F4xx_HAL_Driver/Src/stm32f4xx_ll_rcc.c ****             {
 701:board/stm32f401rct6/Drivers/STM32F4xx_HAL_Driver/Src/stm32f4xx_ll_rcc.c ****               SDIO_frequency = RCC_PLL_GetFreqDomain_48M();
 702:board/stm32f401rct6/Drivers/STM32F4xx_HAL_Driver/Src/stm32f4xx_ll_rcc.c ****             }
 703:board/stm32f401rct6/Drivers/STM32F4xx_HAL_Driver/Src/stm32f4xx_ll_rcc.c ****             break;
 704:board/stm32f401rct6/Drivers/STM32F4xx_HAL_Driver/Src/stm32f4xx_ll_rcc.c **** 
 705:board/stm32f401rct6/Drivers/STM32F4xx_HAL_Driver/Src/stm32f4xx_ll_rcc.c **** #if defined(RCC_PLLSAI_SUPPORT)
 706:board/stm32f401rct6/Drivers/STM32F4xx_HAL_Driver/Src/stm32f4xx_ll_rcc.c ****           case LL_RCC_CK48M_CLKSOURCE_PLLSAI:      /* PLLSAI clock used as 48Mhz domain clock */
 707:board/stm32f401rct6/Drivers/STM32F4xx_HAL_Driver/Src/stm32f4xx_ll_rcc.c ****           default:
 708:board/stm32f401rct6/Drivers/STM32F4xx_HAL_Driver/Src/stm32f4xx_ll_rcc.c ****             if (LL_RCC_PLLSAI_IsReady())
 709:board/stm32f401rct6/Drivers/STM32F4xx_HAL_Driver/Src/stm32f4xx_ll_rcc.c ****             {
 710:board/stm32f401rct6/Drivers/STM32F4xx_HAL_Driver/Src/stm32f4xx_ll_rcc.c ****               SDIO_frequency = RCC_PLLSAI_GetFreqDomain_48M();
 711:board/stm32f401rct6/Drivers/STM32F4xx_HAL_Driver/Src/stm32f4xx_ll_rcc.c ****             }
 712:board/stm32f401rct6/Drivers/STM32F4xx_HAL_Driver/Src/stm32f4xx_ll_rcc.c ****             break;
 713:board/stm32f401rct6/Drivers/STM32F4xx_HAL_Driver/Src/stm32f4xx_ll_rcc.c **** #endif /* RCC_PLLSAI_SUPPORT */
 714:board/stm32f401rct6/Drivers/STM32F4xx_HAL_Driver/Src/stm32f4xx_ll_rcc.c **** 
 715:board/stm32f401rct6/Drivers/STM32F4xx_HAL_Driver/Src/stm32f4xx_ll_rcc.c **** #if defined(RCC_PLLI2SCFGR_PLLI2SQ) && !defined(RCC_DCKCFGR_PLLI2SDIVQ)
 716:board/stm32f401rct6/Drivers/STM32F4xx_HAL_Driver/Src/stm32f4xx_ll_rcc.c ****           case LL_RCC_CK48M_CLKSOURCE_PLLI2S:      /* PLLI2S clock used as 48Mhz domain clock */
 717:board/stm32f401rct6/Drivers/STM32F4xx_HAL_Driver/Src/stm32f4xx_ll_rcc.c ****           default:
 718:board/stm32f401rct6/Drivers/STM32F4xx_HAL_Driver/Src/stm32f4xx_ll_rcc.c ****             if (LL_RCC_PLLI2S_IsReady())
 719:board/stm32f401rct6/Drivers/STM32F4xx_HAL_Driver/Src/stm32f4xx_ll_rcc.c ****             {
 720:board/stm32f401rct6/Drivers/STM32F4xx_HAL_Driver/Src/stm32f4xx_ll_rcc.c ****               SDIO_frequency = RCC_PLLI2S_GetFreqDomain_48M();
 721:board/stm32f401rct6/Drivers/STM32F4xx_HAL_Driver/Src/stm32f4xx_ll_rcc.c ****             }
 722:board/stm32f401rct6/Drivers/STM32F4xx_HAL_Driver/Src/stm32f4xx_ll_rcc.c ****             break;
 723:board/stm32f401rct6/Drivers/STM32F4xx_HAL_Driver/Src/stm32f4xx_ll_rcc.c **** #endif /* RCC_PLLI2SCFGR_PLLI2SQ && !RCC_DCKCFGR_PLLI2SDIVQ */
 724:board/stm32f401rct6/Drivers/STM32F4xx_HAL_Driver/Src/stm32f4xx_ll_rcc.c ****         }
 725:board/stm32f401rct6/Drivers/STM32F4xx_HAL_Driver/Src/stm32f4xx_ll_rcc.c ****         break;
 726:board/stm32f401rct6/Drivers/STM32F4xx_HAL_Driver/Src/stm32f4xx_ll_rcc.c **** 
 727:board/stm32f401rct6/Drivers/STM32F4xx_HAL_Driver/Src/stm32f4xx_ll_rcc.c ****       case LL_RCC_SDIO_CLKSOURCE_SYSCLK:           /* PLL clock used as SDIO clock source */
 728:board/stm32f401rct6/Drivers/STM32F4xx_HAL_Driver/Src/stm32f4xx_ll_rcc.c ****       default:
 729:board/stm32f401rct6/Drivers/STM32F4xx_HAL_Driver/Src/stm32f4xx_ll_rcc.c ****         SDIO_frequency = RCC_GetSystemClockFreq();
 730:board/stm32f401rct6/Drivers/STM32F4xx_HAL_Driver/Src/stm32f4xx_ll_rcc.c ****         break;
 731:board/stm32f401rct6/Drivers/STM32F4xx_HAL_Driver/Src/stm32f4xx_ll_rcc.c ****     }
 732:board/stm32f401rct6/Drivers/STM32F4xx_HAL_Driver/Src/stm32f4xx_ll_rcc.c **** #else
 733:board/stm32f401rct6/Drivers/STM32F4xx_HAL_Driver/Src/stm32f4xx_ll_rcc.c ****     /* PLL clock used as 48Mhz domain clock */
 734:board/stm32f401rct6/Drivers/STM32F4xx_HAL_Driver/Src/stm32f4xx_ll_rcc.c ****     if (LL_RCC_PLL_IsReady())
 735:board/stm32f401rct6/Drivers/STM32F4xx_HAL_Driver/Src/stm32f4xx_ll_rcc.c ****     {
 736:board/stm32f401rct6/Drivers/STM32F4xx_HAL_Driver/Src/stm32f4xx_ll_rcc.c ****       SDIO_frequency = RCC_PLL_GetFreqDomain_48M();
 737:board/stm32f401rct6/Drivers/STM32F4xx_HAL_Driver/Src/stm32f4xx_ll_rcc.c ****     }
 738:board/stm32f401rct6/Drivers/STM32F4xx_HAL_Driver/Src/stm32f4xx_ll_rcc.c **** #endif /* RCC_DCKCFGR_SDIOSEL || RCC_DCKCFGR2_SDIOSEL */
 739:board/stm32f401rct6/Drivers/STM32F4xx_HAL_Driver/Src/stm32f4xx_ll_rcc.c ****   }
 740:board/stm32f401rct6/Drivers/STM32F4xx_HAL_Driver/Src/stm32f4xx_ll_rcc.c **** 
 741:board/stm32f401rct6/Drivers/STM32F4xx_HAL_Driver/Src/stm32f4xx_ll_rcc.c ****   return SDIO_frequency;
 742:board/stm32f401rct6/Drivers/STM32F4xx_HAL_Driver/Src/stm32f4xx_ll_rcc.c **** }
 743:board/stm32f401rct6/Drivers/STM32F4xx_HAL_Driver/Src/stm32f4xx_ll_rcc.c **** #endif /* SDIO */
 744:board/stm32f401rct6/Drivers/STM32F4xx_HAL_Driver/Src/stm32f4xx_ll_rcc.c **** 
 745:board/stm32f401rct6/Drivers/STM32F4xx_HAL_Driver/Src/stm32f4xx_ll_rcc.c **** #if defined(RNG)
ARM GAS  C:\Users\Admin\AppData\Local\Temp\ccHMtLfr.s 			page 91


 746:board/stm32f401rct6/Drivers/STM32F4xx_HAL_Driver/Src/stm32f4xx_ll_rcc.c **** /**
 747:board/stm32f401rct6/Drivers/STM32F4xx_HAL_Driver/Src/stm32f4xx_ll_rcc.c ****   * @brief  Return RNGx clock frequency
 748:board/stm32f401rct6/Drivers/STM32F4xx_HAL_Driver/Src/stm32f4xx_ll_rcc.c ****   * @param  RNGxSource This parameter can be one of the following values:
 749:board/stm32f401rct6/Drivers/STM32F4xx_HAL_Driver/Src/stm32f4xx_ll_rcc.c ****   *         @arg @ref LL_RCC_RNG_CLKSOURCE
 750:board/stm32f401rct6/Drivers/STM32F4xx_HAL_Driver/Src/stm32f4xx_ll_rcc.c ****   * @retval RNG clock frequency (in Hz)
 751:board/stm32f401rct6/Drivers/STM32F4xx_HAL_Driver/Src/stm32f4xx_ll_rcc.c ****   *         - @ref  LL_RCC_PERIPH_FREQUENCY_NO indicates that oscillator is not ready
 752:board/stm32f401rct6/Drivers/STM32F4xx_HAL_Driver/Src/stm32f4xx_ll_rcc.c ****   */
 753:board/stm32f401rct6/Drivers/STM32F4xx_HAL_Driver/Src/stm32f4xx_ll_rcc.c **** uint32_t LL_RCC_GetRNGClockFreq(uint32_t RNGxSource)
 754:board/stm32f401rct6/Drivers/STM32F4xx_HAL_Driver/Src/stm32f4xx_ll_rcc.c **** {
 755:board/stm32f401rct6/Drivers/STM32F4xx_HAL_Driver/Src/stm32f4xx_ll_rcc.c ****   uint32_t rng_frequency = LL_RCC_PERIPH_FREQUENCY_NO;
 756:board/stm32f401rct6/Drivers/STM32F4xx_HAL_Driver/Src/stm32f4xx_ll_rcc.c **** 
 757:board/stm32f401rct6/Drivers/STM32F4xx_HAL_Driver/Src/stm32f4xx_ll_rcc.c ****   /* Check parameter */
 758:board/stm32f401rct6/Drivers/STM32F4xx_HAL_Driver/Src/stm32f4xx_ll_rcc.c ****   assert_param(IS_LL_RCC_RNG_CLKSOURCE(RNGxSource));
 759:board/stm32f401rct6/Drivers/STM32F4xx_HAL_Driver/Src/stm32f4xx_ll_rcc.c **** 
 760:board/stm32f401rct6/Drivers/STM32F4xx_HAL_Driver/Src/stm32f4xx_ll_rcc.c **** #if defined(RCC_DCKCFGR_CK48MSEL) || defined(RCC_DCKCFGR2_CK48MSEL)
 761:board/stm32f401rct6/Drivers/STM32F4xx_HAL_Driver/Src/stm32f4xx_ll_rcc.c ****   /* RNGCLK clock frequency */
 762:board/stm32f401rct6/Drivers/STM32F4xx_HAL_Driver/Src/stm32f4xx_ll_rcc.c ****   switch (LL_RCC_GetRNGClockSource(RNGxSource))
 763:board/stm32f401rct6/Drivers/STM32F4xx_HAL_Driver/Src/stm32f4xx_ll_rcc.c ****   {
 764:board/stm32f401rct6/Drivers/STM32F4xx_HAL_Driver/Src/stm32f4xx_ll_rcc.c **** #if defined(RCC_PLLI2SCFGR_PLLI2SQ) && !defined(RCC_DCKCFGR_PLLI2SDIVQ)
 765:board/stm32f401rct6/Drivers/STM32F4xx_HAL_Driver/Src/stm32f4xx_ll_rcc.c ****     case LL_RCC_RNG_CLKSOURCE_PLLI2S:        /* PLLI2S clock used as RNG clock source */
 766:board/stm32f401rct6/Drivers/STM32F4xx_HAL_Driver/Src/stm32f4xx_ll_rcc.c ****       if (LL_RCC_PLLI2S_IsReady())
 767:board/stm32f401rct6/Drivers/STM32F4xx_HAL_Driver/Src/stm32f4xx_ll_rcc.c ****       {
 768:board/stm32f401rct6/Drivers/STM32F4xx_HAL_Driver/Src/stm32f4xx_ll_rcc.c ****         rng_frequency = RCC_PLLI2S_GetFreqDomain_48M();
 769:board/stm32f401rct6/Drivers/STM32F4xx_HAL_Driver/Src/stm32f4xx_ll_rcc.c ****       }
 770:board/stm32f401rct6/Drivers/STM32F4xx_HAL_Driver/Src/stm32f4xx_ll_rcc.c ****       break;
 771:board/stm32f401rct6/Drivers/STM32F4xx_HAL_Driver/Src/stm32f4xx_ll_rcc.c **** #endif /* RCC_PLLI2SCFGR_PLLI2SQ && !RCC_DCKCFGR_PLLI2SDIVQ */
 772:board/stm32f401rct6/Drivers/STM32F4xx_HAL_Driver/Src/stm32f4xx_ll_rcc.c **** 
 773:board/stm32f401rct6/Drivers/STM32F4xx_HAL_Driver/Src/stm32f4xx_ll_rcc.c **** #if defined(RCC_PLLSAI_SUPPORT)
 774:board/stm32f401rct6/Drivers/STM32F4xx_HAL_Driver/Src/stm32f4xx_ll_rcc.c ****     case LL_RCC_RNG_CLKSOURCE_PLLSAI:        /* PLLSAI clock used as RNG clock source */
 775:board/stm32f401rct6/Drivers/STM32F4xx_HAL_Driver/Src/stm32f4xx_ll_rcc.c ****       if (LL_RCC_PLLSAI_IsReady())
 776:board/stm32f401rct6/Drivers/STM32F4xx_HAL_Driver/Src/stm32f4xx_ll_rcc.c ****       {
 777:board/stm32f401rct6/Drivers/STM32F4xx_HAL_Driver/Src/stm32f4xx_ll_rcc.c ****         rng_frequency = RCC_PLLSAI_GetFreqDomain_48M();
 778:board/stm32f401rct6/Drivers/STM32F4xx_HAL_Driver/Src/stm32f4xx_ll_rcc.c ****       }
 779:board/stm32f401rct6/Drivers/STM32F4xx_HAL_Driver/Src/stm32f4xx_ll_rcc.c ****       break;
 780:board/stm32f401rct6/Drivers/STM32F4xx_HAL_Driver/Src/stm32f4xx_ll_rcc.c **** #endif /* RCC_PLLSAI_SUPPORT */
 781:board/stm32f401rct6/Drivers/STM32F4xx_HAL_Driver/Src/stm32f4xx_ll_rcc.c **** 
 782:board/stm32f401rct6/Drivers/STM32F4xx_HAL_Driver/Src/stm32f4xx_ll_rcc.c ****     case LL_RCC_RNG_CLKSOURCE_PLL:           /* PLL clock used as RNG clock source */
 783:board/stm32f401rct6/Drivers/STM32F4xx_HAL_Driver/Src/stm32f4xx_ll_rcc.c ****     default:
 784:board/stm32f401rct6/Drivers/STM32F4xx_HAL_Driver/Src/stm32f4xx_ll_rcc.c ****       if (LL_RCC_PLL_IsReady())
 785:board/stm32f401rct6/Drivers/STM32F4xx_HAL_Driver/Src/stm32f4xx_ll_rcc.c ****       {
 786:board/stm32f401rct6/Drivers/STM32F4xx_HAL_Driver/Src/stm32f4xx_ll_rcc.c ****         rng_frequency = RCC_PLL_GetFreqDomain_48M();
 787:board/stm32f401rct6/Drivers/STM32F4xx_HAL_Driver/Src/stm32f4xx_ll_rcc.c ****       }
 788:board/stm32f401rct6/Drivers/STM32F4xx_HAL_Driver/Src/stm32f4xx_ll_rcc.c ****       break;
 789:board/stm32f401rct6/Drivers/STM32F4xx_HAL_Driver/Src/stm32f4xx_ll_rcc.c ****   }
 790:board/stm32f401rct6/Drivers/STM32F4xx_HAL_Driver/Src/stm32f4xx_ll_rcc.c **** #else
 791:board/stm32f401rct6/Drivers/STM32F4xx_HAL_Driver/Src/stm32f4xx_ll_rcc.c ****   /* PLL clock used as RNG clock source */
 792:board/stm32f401rct6/Drivers/STM32F4xx_HAL_Driver/Src/stm32f4xx_ll_rcc.c ****   if (LL_RCC_PLL_IsReady())
 793:board/stm32f401rct6/Drivers/STM32F4xx_HAL_Driver/Src/stm32f4xx_ll_rcc.c ****   {
 794:board/stm32f401rct6/Drivers/STM32F4xx_HAL_Driver/Src/stm32f4xx_ll_rcc.c ****     rng_frequency = RCC_PLL_GetFreqDomain_48M();
 795:board/stm32f401rct6/Drivers/STM32F4xx_HAL_Driver/Src/stm32f4xx_ll_rcc.c ****   }
 796:board/stm32f401rct6/Drivers/STM32F4xx_HAL_Driver/Src/stm32f4xx_ll_rcc.c **** #endif /* RCC_DCKCFGR_CK48MSEL || RCC_DCKCFGR2_CK48MSEL */
 797:board/stm32f401rct6/Drivers/STM32F4xx_HAL_Driver/Src/stm32f4xx_ll_rcc.c **** 
 798:board/stm32f401rct6/Drivers/STM32F4xx_HAL_Driver/Src/stm32f4xx_ll_rcc.c ****   return rng_frequency;
 799:board/stm32f401rct6/Drivers/STM32F4xx_HAL_Driver/Src/stm32f4xx_ll_rcc.c **** }
 800:board/stm32f401rct6/Drivers/STM32F4xx_HAL_Driver/Src/stm32f4xx_ll_rcc.c **** #endif /* RNG */
 801:board/stm32f401rct6/Drivers/STM32F4xx_HAL_Driver/Src/stm32f4xx_ll_rcc.c **** 
 802:board/stm32f401rct6/Drivers/STM32F4xx_HAL_Driver/Src/stm32f4xx_ll_rcc.c **** #if defined(CEC)
ARM GAS  C:\Users\Admin\AppData\Local\Temp\ccHMtLfr.s 			page 92


 803:board/stm32f401rct6/Drivers/STM32F4xx_HAL_Driver/Src/stm32f4xx_ll_rcc.c **** /**
 804:board/stm32f401rct6/Drivers/STM32F4xx_HAL_Driver/Src/stm32f4xx_ll_rcc.c ****   * @brief  Return CEC clock frequency
 805:board/stm32f401rct6/Drivers/STM32F4xx_HAL_Driver/Src/stm32f4xx_ll_rcc.c ****   * @param  CECxSource This parameter can be one of the following values:
 806:board/stm32f401rct6/Drivers/STM32F4xx_HAL_Driver/Src/stm32f4xx_ll_rcc.c ****   *         @arg @ref LL_RCC_CEC_CLKSOURCE
 807:board/stm32f401rct6/Drivers/STM32F4xx_HAL_Driver/Src/stm32f4xx_ll_rcc.c ****   * @retval CEC clock frequency (in Hz)
 808:board/stm32f401rct6/Drivers/STM32F4xx_HAL_Driver/Src/stm32f4xx_ll_rcc.c ****   *         - @ref  LL_RCC_PERIPH_FREQUENCY_NO indicates that oscillator (HSI or LSE) is not ready
 809:board/stm32f401rct6/Drivers/STM32F4xx_HAL_Driver/Src/stm32f4xx_ll_rcc.c ****   */
 810:board/stm32f401rct6/Drivers/STM32F4xx_HAL_Driver/Src/stm32f4xx_ll_rcc.c **** uint32_t LL_RCC_GetCECClockFreq(uint32_t CECxSource)
 811:board/stm32f401rct6/Drivers/STM32F4xx_HAL_Driver/Src/stm32f4xx_ll_rcc.c **** {
 812:board/stm32f401rct6/Drivers/STM32F4xx_HAL_Driver/Src/stm32f4xx_ll_rcc.c ****   uint32_t cec_frequency = LL_RCC_PERIPH_FREQUENCY_NO;
 813:board/stm32f401rct6/Drivers/STM32F4xx_HAL_Driver/Src/stm32f4xx_ll_rcc.c **** 
 814:board/stm32f401rct6/Drivers/STM32F4xx_HAL_Driver/Src/stm32f4xx_ll_rcc.c ****   /* Check parameter */
 815:board/stm32f401rct6/Drivers/STM32F4xx_HAL_Driver/Src/stm32f4xx_ll_rcc.c ****   assert_param(IS_LL_RCC_CEC_CLKSOURCE(CECxSource));
 816:board/stm32f401rct6/Drivers/STM32F4xx_HAL_Driver/Src/stm32f4xx_ll_rcc.c **** 
 817:board/stm32f401rct6/Drivers/STM32F4xx_HAL_Driver/Src/stm32f4xx_ll_rcc.c ****   /* CECCLK clock frequency */
 818:board/stm32f401rct6/Drivers/STM32F4xx_HAL_Driver/Src/stm32f4xx_ll_rcc.c ****   switch (LL_RCC_GetCECClockSource(CECxSource))
 819:board/stm32f401rct6/Drivers/STM32F4xx_HAL_Driver/Src/stm32f4xx_ll_rcc.c ****   {
 820:board/stm32f401rct6/Drivers/STM32F4xx_HAL_Driver/Src/stm32f4xx_ll_rcc.c ****     case LL_RCC_CEC_CLKSOURCE_LSE:           /* CEC Clock is LSE Osc. */
 821:board/stm32f401rct6/Drivers/STM32F4xx_HAL_Driver/Src/stm32f4xx_ll_rcc.c ****       if (LL_RCC_LSE_IsReady())
 822:board/stm32f401rct6/Drivers/STM32F4xx_HAL_Driver/Src/stm32f4xx_ll_rcc.c ****       {
 823:board/stm32f401rct6/Drivers/STM32F4xx_HAL_Driver/Src/stm32f4xx_ll_rcc.c ****         cec_frequency = LSE_VALUE;
 824:board/stm32f401rct6/Drivers/STM32F4xx_HAL_Driver/Src/stm32f4xx_ll_rcc.c ****       }
 825:board/stm32f401rct6/Drivers/STM32F4xx_HAL_Driver/Src/stm32f4xx_ll_rcc.c ****       break;
 826:board/stm32f401rct6/Drivers/STM32F4xx_HAL_Driver/Src/stm32f4xx_ll_rcc.c **** 
 827:board/stm32f401rct6/Drivers/STM32F4xx_HAL_Driver/Src/stm32f4xx_ll_rcc.c ****     case LL_RCC_CEC_CLKSOURCE_HSI_DIV488:    /* CEC Clock is HSI Osc. */
 828:board/stm32f401rct6/Drivers/STM32F4xx_HAL_Driver/Src/stm32f4xx_ll_rcc.c ****     default:
 829:board/stm32f401rct6/Drivers/STM32F4xx_HAL_Driver/Src/stm32f4xx_ll_rcc.c ****       if (LL_RCC_HSI_IsReady())
 830:board/stm32f401rct6/Drivers/STM32F4xx_HAL_Driver/Src/stm32f4xx_ll_rcc.c ****       {
 831:board/stm32f401rct6/Drivers/STM32F4xx_HAL_Driver/Src/stm32f4xx_ll_rcc.c ****         cec_frequency = HSI_VALUE / 488U;
 832:board/stm32f401rct6/Drivers/STM32F4xx_HAL_Driver/Src/stm32f4xx_ll_rcc.c ****       }
 833:board/stm32f401rct6/Drivers/STM32F4xx_HAL_Driver/Src/stm32f4xx_ll_rcc.c ****       break;
 834:board/stm32f401rct6/Drivers/STM32F4xx_HAL_Driver/Src/stm32f4xx_ll_rcc.c ****   }
 835:board/stm32f401rct6/Drivers/STM32F4xx_HAL_Driver/Src/stm32f4xx_ll_rcc.c **** 
 836:board/stm32f401rct6/Drivers/STM32F4xx_HAL_Driver/Src/stm32f4xx_ll_rcc.c ****   return cec_frequency;
 837:board/stm32f401rct6/Drivers/STM32F4xx_HAL_Driver/Src/stm32f4xx_ll_rcc.c **** }
 838:board/stm32f401rct6/Drivers/STM32F4xx_HAL_Driver/Src/stm32f4xx_ll_rcc.c **** #endif /* CEC */
 839:board/stm32f401rct6/Drivers/STM32F4xx_HAL_Driver/Src/stm32f4xx_ll_rcc.c **** 
 840:board/stm32f401rct6/Drivers/STM32F4xx_HAL_Driver/Src/stm32f4xx_ll_rcc.c **** #if defined(USB_OTG_FS) || defined(USB_OTG_HS)
 841:board/stm32f401rct6/Drivers/STM32F4xx_HAL_Driver/Src/stm32f4xx_ll_rcc.c **** /**
 842:board/stm32f401rct6/Drivers/STM32F4xx_HAL_Driver/Src/stm32f4xx_ll_rcc.c ****   * @brief  Return USBx clock frequency
 843:board/stm32f401rct6/Drivers/STM32F4xx_HAL_Driver/Src/stm32f4xx_ll_rcc.c ****   * @param  USBxSource This parameter can be one of the following values:
 844:board/stm32f401rct6/Drivers/STM32F4xx_HAL_Driver/Src/stm32f4xx_ll_rcc.c ****   *         @arg @ref LL_RCC_USB_CLKSOURCE
 845:board/stm32f401rct6/Drivers/STM32F4xx_HAL_Driver/Src/stm32f4xx_ll_rcc.c ****   * @retval USB clock frequency (in Hz)
 846:board/stm32f401rct6/Drivers/STM32F4xx_HAL_Driver/Src/stm32f4xx_ll_rcc.c ****   *         - @ref  LL_RCC_PERIPH_FREQUENCY_NO indicates that oscillator is not ready
 847:board/stm32f401rct6/Drivers/STM32F4xx_HAL_Driver/Src/stm32f4xx_ll_rcc.c ****   */
 848:board/stm32f401rct6/Drivers/STM32F4xx_HAL_Driver/Src/stm32f4xx_ll_rcc.c **** uint32_t LL_RCC_GetUSBClockFreq(uint32_t USBxSource)
 849:board/stm32f401rct6/Drivers/STM32F4xx_HAL_Driver/Src/stm32f4xx_ll_rcc.c **** {
 850:board/stm32f401rct6/Drivers/STM32F4xx_HAL_Driver/Src/stm32f4xx_ll_rcc.c ****   uint32_t usb_frequency = LL_RCC_PERIPH_FREQUENCY_NO;
 851:board/stm32f401rct6/Drivers/STM32F4xx_HAL_Driver/Src/stm32f4xx_ll_rcc.c **** 
 852:board/stm32f401rct6/Drivers/STM32F4xx_HAL_Driver/Src/stm32f4xx_ll_rcc.c ****   /* Check parameter */
 853:board/stm32f401rct6/Drivers/STM32F4xx_HAL_Driver/Src/stm32f4xx_ll_rcc.c ****   assert_param(IS_LL_RCC_USB_CLKSOURCE(USBxSource));
 854:board/stm32f401rct6/Drivers/STM32F4xx_HAL_Driver/Src/stm32f4xx_ll_rcc.c **** 
 855:board/stm32f401rct6/Drivers/STM32F4xx_HAL_Driver/Src/stm32f4xx_ll_rcc.c **** #if defined(RCC_DCKCFGR_CK48MSEL) || defined(RCC_DCKCFGR2_CK48MSEL)
 856:board/stm32f401rct6/Drivers/STM32F4xx_HAL_Driver/Src/stm32f4xx_ll_rcc.c ****   /* USBCLK clock frequency */
 857:board/stm32f401rct6/Drivers/STM32F4xx_HAL_Driver/Src/stm32f4xx_ll_rcc.c ****   switch (LL_RCC_GetUSBClockSource(USBxSource))
 858:board/stm32f401rct6/Drivers/STM32F4xx_HAL_Driver/Src/stm32f4xx_ll_rcc.c ****   {
 859:board/stm32f401rct6/Drivers/STM32F4xx_HAL_Driver/Src/stm32f4xx_ll_rcc.c **** #if defined(RCC_PLLI2SCFGR_PLLI2SQ) && !defined(RCC_DCKCFGR_PLLI2SDIVQ)
ARM GAS  C:\Users\Admin\AppData\Local\Temp\ccHMtLfr.s 			page 93


 860:board/stm32f401rct6/Drivers/STM32F4xx_HAL_Driver/Src/stm32f4xx_ll_rcc.c ****     case LL_RCC_USB_CLKSOURCE_PLLI2S:       /* PLLI2S clock used as USB clock source */
 861:board/stm32f401rct6/Drivers/STM32F4xx_HAL_Driver/Src/stm32f4xx_ll_rcc.c ****       if (LL_RCC_PLLI2S_IsReady())
 862:board/stm32f401rct6/Drivers/STM32F4xx_HAL_Driver/Src/stm32f4xx_ll_rcc.c ****       {
 863:board/stm32f401rct6/Drivers/STM32F4xx_HAL_Driver/Src/stm32f4xx_ll_rcc.c ****         usb_frequency = RCC_PLLI2S_GetFreqDomain_48M();
 864:board/stm32f401rct6/Drivers/STM32F4xx_HAL_Driver/Src/stm32f4xx_ll_rcc.c ****       }
 865:board/stm32f401rct6/Drivers/STM32F4xx_HAL_Driver/Src/stm32f4xx_ll_rcc.c ****       break;
 866:board/stm32f401rct6/Drivers/STM32F4xx_HAL_Driver/Src/stm32f4xx_ll_rcc.c **** 
 867:board/stm32f401rct6/Drivers/STM32F4xx_HAL_Driver/Src/stm32f4xx_ll_rcc.c **** #endif /* RCC_PLLI2SCFGR_PLLI2SQ && !RCC_DCKCFGR_PLLI2SDIVQ */
 868:board/stm32f401rct6/Drivers/STM32F4xx_HAL_Driver/Src/stm32f4xx_ll_rcc.c **** 
 869:board/stm32f401rct6/Drivers/STM32F4xx_HAL_Driver/Src/stm32f4xx_ll_rcc.c **** #if defined(RCC_PLLSAI_SUPPORT)
 870:board/stm32f401rct6/Drivers/STM32F4xx_HAL_Driver/Src/stm32f4xx_ll_rcc.c ****     case LL_RCC_USB_CLKSOURCE_PLLSAI:       /* PLLSAI clock used as USB clock source */
 871:board/stm32f401rct6/Drivers/STM32F4xx_HAL_Driver/Src/stm32f4xx_ll_rcc.c ****       if (LL_RCC_PLLSAI_IsReady())
 872:board/stm32f401rct6/Drivers/STM32F4xx_HAL_Driver/Src/stm32f4xx_ll_rcc.c ****       {
 873:board/stm32f401rct6/Drivers/STM32F4xx_HAL_Driver/Src/stm32f4xx_ll_rcc.c ****         usb_frequency = RCC_PLLSAI_GetFreqDomain_48M();
 874:board/stm32f401rct6/Drivers/STM32F4xx_HAL_Driver/Src/stm32f4xx_ll_rcc.c ****       }
 875:board/stm32f401rct6/Drivers/STM32F4xx_HAL_Driver/Src/stm32f4xx_ll_rcc.c ****       break;
 876:board/stm32f401rct6/Drivers/STM32F4xx_HAL_Driver/Src/stm32f4xx_ll_rcc.c **** #endif /* RCC_PLLSAI_SUPPORT */
 877:board/stm32f401rct6/Drivers/STM32F4xx_HAL_Driver/Src/stm32f4xx_ll_rcc.c **** 
 878:board/stm32f401rct6/Drivers/STM32F4xx_HAL_Driver/Src/stm32f4xx_ll_rcc.c ****     case LL_RCC_USB_CLKSOURCE_PLL:          /* PLL clock used as USB clock source */
 879:board/stm32f401rct6/Drivers/STM32F4xx_HAL_Driver/Src/stm32f4xx_ll_rcc.c ****     default:
 880:board/stm32f401rct6/Drivers/STM32F4xx_HAL_Driver/Src/stm32f4xx_ll_rcc.c ****       if (LL_RCC_PLL_IsReady())
 881:board/stm32f401rct6/Drivers/STM32F4xx_HAL_Driver/Src/stm32f4xx_ll_rcc.c ****       {
 882:board/stm32f401rct6/Drivers/STM32F4xx_HAL_Driver/Src/stm32f4xx_ll_rcc.c ****         usb_frequency = RCC_PLL_GetFreqDomain_48M();
 883:board/stm32f401rct6/Drivers/STM32F4xx_HAL_Driver/Src/stm32f4xx_ll_rcc.c ****       }
 884:board/stm32f401rct6/Drivers/STM32F4xx_HAL_Driver/Src/stm32f4xx_ll_rcc.c ****       break;
 885:board/stm32f401rct6/Drivers/STM32F4xx_HAL_Driver/Src/stm32f4xx_ll_rcc.c ****   }
 886:board/stm32f401rct6/Drivers/STM32F4xx_HAL_Driver/Src/stm32f4xx_ll_rcc.c **** #else
 887:board/stm32f401rct6/Drivers/STM32F4xx_HAL_Driver/Src/stm32f4xx_ll_rcc.c ****   /* PLL clock used as USB clock source */
 888:board/stm32f401rct6/Drivers/STM32F4xx_HAL_Driver/Src/stm32f4xx_ll_rcc.c ****   if (LL_RCC_PLL_IsReady())
 889:board/stm32f401rct6/Drivers/STM32F4xx_HAL_Driver/Src/stm32f4xx_ll_rcc.c ****   {
 890:board/stm32f401rct6/Drivers/STM32F4xx_HAL_Driver/Src/stm32f4xx_ll_rcc.c ****     usb_frequency = RCC_PLL_GetFreqDomain_48M();
 891:board/stm32f401rct6/Drivers/STM32F4xx_HAL_Driver/Src/stm32f4xx_ll_rcc.c ****   }
 892:board/stm32f401rct6/Drivers/STM32F4xx_HAL_Driver/Src/stm32f4xx_ll_rcc.c **** #endif /* RCC_DCKCFGR_CK48MSEL || RCC_DCKCFGR2_CK48MSEL */
 893:board/stm32f401rct6/Drivers/STM32F4xx_HAL_Driver/Src/stm32f4xx_ll_rcc.c **** 
 894:board/stm32f401rct6/Drivers/STM32F4xx_HAL_Driver/Src/stm32f4xx_ll_rcc.c ****   return usb_frequency;
 895:board/stm32f401rct6/Drivers/STM32F4xx_HAL_Driver/Src/stm32f4xx_ll_rcc.c **** }
 896:board/stm32f401rct6/Drivers/STM32F4xx_HAL_Driver/Src/stm32f4xx_ll_rcc.c **** #endif /* USB_OTG_FS || USB_OTG_HS */
 897:board/stm32f401rct6/Drivers/STM32F4xx_HAL_Driver/Src/stm32f4xx_ll_rcc.c **** 
 898:board/stm32f401rct6/Drivers/STM32F4xx_HAL_Driver/Src/stm32f4xx_ll_rcc.c **** #if defined(DFSDM1_Channel0)
 899:board/stm32f401rct6/Drivers/STM32F4xx_HAL_Driver/Src/stm32f4xx_ll_rcc.c **** /**
 900:board/stm32f401rct6/Drivers/STM32F4xx_HAL_Driver/Src/stm32f4xx_ll_rcc.c ****   * @brief  Return DFSDMx clock frequency
 901:board/stm32f401rct6/Drivers/STM32F4xx_HAL_Driver/Src/stm32f4xx_ll_rcc.c ****   * @param  DFSDMxSource This parameter can be one of the following values:
 902:board/stm32f401rct6/Drivers/STM32F4xx_HAL_Driver/Src/stm32f4xx_ll_rcc.c ****   *         @arg @ref LL_RCC_DFSDM1_CLKSOURCE
 903:board/stm32f401rct6/Drivers/STM32F4xx_HAL_Driver/Src/stm32f4xx_ll_rcc.c ****   *         @arg @ref LL_RCC_DFSDM2_CLKSOURCE (*)
 904:board/stm32f401rct6/Drivers/STM32F4xx_HAL_Driver/Src/stm32f4xx_ll_rcc.c ****   *
 905:board/stm32f401rct6/Drivers/STM32F4xx_HAL_Driver/Src/stm32f4xx_ll_rcc.c ****   *         (*) value not defined in all devices.
 906:board/stm32f401rct6/Drivers/STM32F4xx_HAL_Driver/Src/stm32f4xx_ll_rcc.c ****   * @retval DFSDM clock frequency (in Hz)
 907:board/stm32f401rct6/Drivers/STM32F4xx_HAL_Driver/Src/stm32f4xx_ll_rcc.c ****   */
 908:board/stm32f401rct6/Drivers/STM32F4xx_HAL_Driver/Src/stm32f4xx_ll_rcc.c **** uint32_t LL_RCC_GetDFSDMClockFreq(uint32_t DFSDMxSource)
 909:board/stm32f401rct6/Drivers/STM32F4xx_HAL_Driver/Src/stm32f4xx_ll_rcc.c **** {
 910:board/stm32f401rct6/Drivers/STM32F4xx_HAL_Driver/Src/stm32f4xx_ll_rcc.c ****   uint32_t dfsdm_frequency = LL_RCC_PERIPH_FREQUENCY_NO;
 911:board/stm32f401rct6/Drivers/STM32F4xx_HAL_Driver/Src/stm32f4xx_ll_rcc.c **** 
 912:board/stm32f401rct6/Drivers/STM32F4xx_HAL_Driver/Src/stm32f4xx_ll_rcc.c ****   /* Check parameter */
 913:board/stm32f401rct6/Drivers/STM32F4xx_HAL_Driver/Src/stm32f4xx_ll_rcc.c ****   assert_param(IS_LL_RCC_DFSDM_CLKSOURCE(DFSDMxSource));
 914:board/stm32f401rct6/Drivers/STM32F4xx_HAL_Driver/Src/stm32f4xx_ll_rcc.c **** 
 915:board/stm32f401rct6/Drivers/STM32F4xx_HAL_Driver/Src/stm32f4xx_ll_rcc.c ****   if (DFSDMxSource == LL_RCC_DFSDM1_CLKSOURCE)
 916:board/stm32f401rct6/Drivers/STM32F4xx_HAL_Driver/Src/stm32f4xx_ll_rcc.c ****   {
ARM GAS  C:\Users\Admin\AppData\Local\Temp\ccHMtLfr.s 			page 94


 917:board/stm32f401rct6/Drivers/STM32F4xx_HAL_Driver/Src/stm32f4xx_ll_rcc.c ****     /* DFSDM1CLK clock frequency */
 918:board/stm32f401rct6/Drivers/STM32F4xx_HAL_Driver/Src/stm32f4xx_ll_rcc.c ****     switch (LL_RCC_GetDFSDMClockSource(DFSDMxSource))
 919:board/stm32f401rct6/Drivers/STM32F4xx_HAL_Driver/Src/stm32f4xx_ll_rcc.c ****     {
 920:board/stm32f401rct6/Drivers/STM32F4xx_HAL_Driver/Src/stm32f4xx_ll_rcc.c ****       case LL_RCC_DFSDM1_CLKSOURCE_SYSCLK:      /* DFSDM1 Clock is SYSCLK */
 921:board/stm32f401rct6/Drivers/STM32F4xx_HAL_Driver/Src/stm32f4xx_ll_rcc.c ****         dfsdm_frequency = RCC_GetSystemClockFreq();
 922:board/stm32f401rct6/Drivers/STM32F4xx_HAL_Driver/Src/stm32f4xx_ll_rcc.c ****         break;
 923:board/stm32f401rct6/Drivers/STM32F4xx_HAL_Driver/Src/stm32f4xx_ll_rcc.c **** 
 924:board/stm32f401rct6/Drivers/STM32F4xx_HAL_Driver/Src/stm32f4xx_ll_rcc.c ****       case LL_RCC_DFSDM1_CLKSOURCE_PCLK2:       /* DFSDM1 Clock is PCLK2 */
 925:board/stm32f401rct6/Drivers/STM32F4xx_HAL_Driver/Src/stm32f4xx_ll_rcc.c ****       default:
 926:board/stm32f401rct6/Drivers/STM32F4xx_HAL_Driver/Src/stm32f4xx_ll_rcc.c ****         dfsdm_frequency = RCC_GetPCLK2ClockFreq(RCC_GetHCLKClockFreq(RCC_GetSystemClockFreq()));
 927:board/stm32f401rct6/Drivers/STM32F4xx_HAL_Driver/Src/stm32f4xx_ll_rcc.c ****         break;
 928:board/stm32f401rct6/Drivers/STM32F4xx_HAL_Driver/Src/stm32f4xx_ll_rcc.c ****     }
 929:board/stm32f401rct6/Drivers/STM32F4xx_HAL_Driver/Src/stm32f4xx_ll_rcc.c ****   }
 930:board/stm32f401rct6/Drivers/STM32F4xx_HAL_Driver/Src/stm32f4xx_ll_rcc.c **** #if defined(DFSDM2_Channel0)
 931:board/stm32f401rct6/Drivers/STM32F4xx_HAL_Driver/Src/stm32f4xx_ll_rcc.c ****   else
 932:board/stm32f401rct6/Drivers/STM32F4xx_HAL_Driver/Src/stm32f4xx_ll_rcc.c ****   {
 933:board/stm32f401rct6/Drivers/STM32F4xx_HAL_Driver/Src/stm32f4xx_ll_rcc.c ****     /* DFSDM2CLK clock frequency */
 934:board/stm32f401rct6/Drivers/STM32F4xx_HAL_Driver/Src/stm32f4xx_ll_rcc.c ****     switch (LL_RCC_GetDFSDMClockSource(DFSDMxSource))
 935:board/stm32f401rct6/Drivers/STM32F4xx_HAL_Driver/Src/stm32f4xx_ll_rcc.c ****     {
 936:board/stm32f401rct6/Drivers/STM32F4xx_HAL_Driver/Src/stm32f4xx_ll_rcc.c ****       case LL_RCC_DFSDM2_CLKSOURCE_SYSCLK:      /* DFSDM2 Clock is SYSCLK */
 937:board/stm32f401rct6/Drivers/STM32F4xx_HAL_Driver/Src/stm32f4xx_ll_rcc.c ****         dfsdm_frequency = RCC_GetSystemClockFreq();
 938:board/stm32f401rct6/Drivers/STM32F4xx_HAL_Driver/Src/stm32f4xx_ll_rcc.c ****         break;
 939:board/stm32f401rct6/Drivers/STM32F4xx_HAL_Driver/Src/stm32f4xx_ll_rcc.c **** 
 940:board/stm32f401rct6/Drivers/STM32F4xx_HAL_Driver/Src/stm32f4xx_ll_rcc.c ****       case LL_RCC_DFSDM2_CLKSOURCE_PCLK2:       /* DFSDM2 Clock is PCLK2 */
 941:board/stm32f401rct6/Drivers/STM32F4xx_HAL_Driver/Src/stm32f4xx_ll_rcc.c ****       default:
 942:board/stm32f401rct6/Drivers/STM32F4xx_HAL_Driver/Src/stm32f4xx_ll_rcc.c ****         dfsdm_frequency = RCC_GetPCLK2ClockFreq(RCC_GetHCLKClockFreq(RCC_GetSystemClockFreq()));
 943:board/stm32f401rct6/Drivers/STM32F4xx_HAL_Driver/Src/stm32f4xx_ll_rcc.c ****         break;
 944:board/stm32f401rct6/Drivers/STM32F4xx_HAL_Driver/Src/stm32f4xx_ll_rcc.c ****     }
 945:board/stm32f401rct6/Drivers/STM32F4xx_HAL_Driver/Src/stm32f4xx_ll_rcc.c ****   }
 946:board/stm32f401rct6/Drivers/STM32F4xx_HAL_Driver/Src/stm32f4xx_ll_rcc.c **** #endif /* DFSDM2_Channel0 */
 947:board/stm32f401rct6/Drivers/STM32F4xx_HAL_Driver/Src/stm32f4xx_ll_rcc.c **** 
 948:board/stm32f401rct6/Drivers/STM32F4xx_HAL_Driver/Src/stm32f4xx_ll_rcc.c ****   return dfsdm_frequency;
 949:board/stm32f401rct6/Drivers/STM32F4xx_HAL_Driver/Src/stm32f4xx_ll_rcc.c **** }
 950:board/stm32f401rct6/Drivers/STM32F4xx_HAL_Driver/Src/stm32f4xx_ll_rcc.c **** 
 951:board/stm32f401rct6/Drivers/STM32F4xx_HAL_Driver/Src/stm32f4xx_ll_rcc.c **** /**
 952:board/stm32f401rct6/Drivers/STM32F4xx_HAL_Driver/Src/stm32f4xx_ll_rcc.c ****   * @brief  Return DFSDMx Audio clock frequency
 953:board/stm32f401rct6/Drivers/STM32F4xx_HAL_Driver/Src/stm32f4xx_ll_rcc.c ****   * @param  DFSDMxSource This parameter can be one of the following values:
 954:board/stm32f401rct6/Drivers/STM32F4xx_HAL_Driver/Src/stm32f4xx_ll_rcc.c ****   *         @arg @ref LL_RCC_DFSDM1_AUDIO_CLKSOURCE
 955:board/stm32f401rct6/Drivers/STM32F4xx_HAL_Driver/Src/stm32f4xx_ll_rcc.c ****   *         @arg @ref LL_RCC_DFSDM2_AUDIO_CLKSOURCE (*)
 956:board/stm32f401rct6/Drivers/STM32F4xx_HAL_Driver/Src/stm32f4xx_ll_rcc.c ****   *
 957:board/stm32f401rct6/Drivers/STM32F4xx_HAL_Driver/Src/stm32f4xx_ll_rcc.c ****   *         (*) value not defined in all devices.
 958:board/stm32f401rct6/Drivers/STM32F4xx_HAL_Driver/Src/stm32f4xx_ll_rcc.c ****   * @retval DFSDM clock frequency (in Hz)
 959:board/stm32f401rct6/Drivers/STM32F4xx_HAL_Driver/Src/stm32f4xx_ll_rcc.c ****   *         - @ref  LL_RCC_PERIPH_FREQUENCY_NO indicates that oscillator is not ready
 960:board/stm32f401rct6/Drivers/STM32F4xx_HAL_Driver/Src/stm32f4xx_ll_rcc.c ****   */
 961:board/stm32f401rct6/Drivers/STM32F4xx_HAL_Driver/Src/stm32f4xx_ll_rcc.c **** uint32_t LL_RCC_GetDFSDMAudioClockFreq(uint32_t DFSDMxSource)
 962:board/stm32f401rct6/Drivers/STM32F4xx_HAL_Driver/Src/stm32f4xx_ll_rcc.c **** {
 963:board/stm32f401rct6/Drivers/STM32F4xx_HAL_Driver/Src/stm32f4xx_ll_rcc.c ****   uint32_t dfsdm_frequency = LL_RCC_PERIPH_FREQUENCY_NO;
 964:board/stm32f401rct6/Drivers/STM32F4xx_HAL_Driver/Src/stm32f4xx_ll_rcc.c **** 
 965:board/stm32f401rct6/Drivers/STM32F4xx_HAL_Driver/Src/stm32f4xx_ll_rcc.c ****   /* Check parameter */
 966:board/stm32f401rct6/Drivers/STM32F4xx_HAL_Driver/Src/stm32f4xx_ll_rcc.c ****   assert_param(IS_LL_RCC_DFSDM_AUDIO_CLKSOURCE(DFSDMxSource));
 967:board/stm32f401rct6/Drivers/STM32F4xx_HAL_Driver/Src/stm32f4xx_ll_rcc.c **** 
 968:board/stm32f401rct6/Drivers/STM32F4xx_HAL_Driver/Src/stm32f4xx_ll_rcc.c ****   if (DFSDMxSource == LL_RCC_DFSDM1_AUDIO_CLKSOURCE)
 969:board/stm32f401rct6/Drivers/STM32F4xx_HAL_Driver/Src/stm32f4xx_ll_rcc.c ****   {
 970:board/stm32f401rct6/Drivers/STM32F4xx_HAL_Driver/Src/stm32f4xx_ll_rcc.c ****     /* DFSDM1CLK clock frequency */
 971:board/stm32f401rct6/Drivers/STM32F4xx_HAL_Driver/Src/stm32f4xx_ll_rcc.c ****     switch (LL_RCC_GetDFSDMAudioClockSource(DFSDMxSource))
 972:board/stm32f401rct6/Drivers/STM32F4xx_HAL_Driver/Src/stm32f4xx_ll_rcc.c ****     {
 973:board/stm32f401rct6/Drivers/STM32F4xx_HAL_Driver/Src/stm32f4xx_ll_rcc.c ****       case LL_RCC_DFSDM1_AUDIO_CLKSOURCE_I2S1:     /* I2S1 clock used as DFSDM1 clock */
ARM GAS  C:\Users\Admin\AppData\Local\Temp\ccHMtLfr.s 			page 95


 974:board/stm32f401rct6/Drivers/STM32F4xx_HAL_Driver/Src/stm32f4xx_ll_rcc.c ****         dfsdm_frequency = LL_RCC_GetI2SClockFreq(LL_RCC_I2S1_CLKSOURCE);
 975:board/stm32f401rct6/Drivers/STM32F4xx_HAL_Driver/Src/stm32f4xx_ll_rcc.c ****         break;
 976:board/stm32f401rct6/Drivers/STM32F4xx_HAL_Driver/Src/stm32f4xx_ll_rcc.c **** 
 977:board/stm32f401rct6/Drivers/STM32F4xx_HAL_Driver/Src/stm32f4xx_ll_rcc.c ****       case LL_RCC_DFSDM1_AUDIO_CLKSOURCE_I2S2:     /* I2S2 clock used as DFSDM1 clock */
 978:board/stm32f401rct6/Drivers/STM32F4xx_HAL_Driver/Src/stm32f4xx_ll_rcc.c ****       default:
 979:board/stm32f401rct6/Drivers/STM32F4xx_HAL_Driver/Src/stm32f4xx_ll_rcc.c ****         dfsdm_frequency = LL_RCC_GetI2SClockFreq(LL_RCC_I2S2_CLKSOURCE);
 980:board/stm32f401rct6/Drivers/STM32F4xx_HAL_Driver/Src/stm32f4xx_ll_rcc.c ****         break;
 981:board/stm32f401rct6/Drivers/STM32F4xx_HAL_Driver/Src/stm32f4xx_ll_rcc.c ****     }
 982:board/stm32f401rct6/Drivers/STM32F4xx_HAL_Driver/Src/stm32f4xx_ll_rcc.c ****   }
 983:board/stm32f401rct6/Drivers/STM32F4xx_HAL_Driver/Src/stm32f4xx_ll_rcc.c **** #if defined(DFSDM2_Channel0)
 984:board/stm32f401rct6/Drivers/STM32F4xx_HAL_Driver/Src/stm32f4xx_ll_rcc.c ****   else
 985:board/stm32f401rct6/Drivers/STM32F4xx_HAL_Driver/Src/stm32f4xx_ll_rcc.c ****   {
 986:board/stm32f401rct6/Drivers/STM32F4xx_HAL_Driver/Src/stm32f4xx_ll_rcc.c ****     /* DFSDM2CLK clock frequency */
 987:board/stm32f401rct6/Drivers/STM32F4xx_HAL_Driver/Src/stm32f4xx_ll_rcc.c ****     switch (LL_RCC_GetDFSDMAudioClockSource(DFSDMxSource))
 988:board/stm32f401rct6/Drivers/STM32F4xx_HAL_Driver/Src/stm32f4xx_ll_rcc.c ****     {
 989:board/stm32f401rct6/Drivers/STM32F4xx_HAL_Driver/Src/stm32f4xx_ll_rcc.c ****       case LL_RCC_DFSDM2_AUDIO_CLKSOURCE_I2S1:     /* I2S1 clock used as DFSDM2 clock */
 990:board/stm32f401rct6/Drivers/STM32F4xx_HAL_Driver/Src/stm32f4xx_ll_rcc.c ****         dfsdm_frequency = LL_RCC_GetI2SClockFreq(LL_RCC_I2S1_CLKSOURCE);
 991:board/stm32f401rct6/Drivers/STM32F4xx_HAL_Driver/Src/stm32f4xx_ll_rcc.c ****         break;
 992:board/stm32f401rct6/Drivers/STM32F4xx_HAL_Driver/Src/stm32f4xx_ll_rcc.c **** 
 993:board/stm32f401rct6/Drivers/STM32F4xx_HAL_Driver/Src/stm32f4xx_ll_rcc.c ****       case LL_RCC_DFSDM2_AUDIO_CLKSOURCE_I2S2:     /* I2S2 clock used as DFSDM2 clock */
 994:board/stm32f401rct6/Drivers/STM32F4xx_HAL_Driver/Src/stm32f4xx_ll_rcc.c ****       default:
 995:board/stm32f401rct6/Drivers/STM32F4xx_HAL_Driver/Src/stm32f4xx_ll_rcc.c ****         dfsdm_frequency = LL_RCC_GetI2SClockFreq(LL_RCC_I2S2_CLKSOURCE);
 996:board/stm32f401rct6/Drivers/STM32F4xx_HAL_Driver/Src/stm32f4xx_ll_rcc.c ****         break;
 997:board/stm32f401rct6/Drivers/STM32F4xx_HAL_Driver/Src/stm32f4xx_ll_rcc.c ****     }
 998:board/stm32f401rct6/Drivers/STM32F4xx_HAL_Driver/Src/stm32f4xx_ll_rcc.c ****   }
 999:board/stm32f401rct6/Drivers/STM32F4xx_HAL_Driver/Src/stm32f4xx_ll_rcc.c **** #endif /* DFSDM2_Channel0 */
1000:board/stm32f401rct6/Drivers/STM32F4xx_HAL_Driver/Src/stm32f4xx_ll_rcc.c **** 
1001:board/stm32f401rct6/Drivers/STM32F4xx_HAL_Driver/Src/stm32f4xx_ll_rcc.c ****   return dfsdm_frequency;
1002:board/stm32f401rct6/Drivers/STM32F4xx_HAL_Driver/Src/stm32f4xx_ll_rcc.c **** }
1003:board/stm32f401rct6/Drivers/STM32F4xx_HAL_Driver/Src/stm32f4xx_ll_rcc.c **** #endif /* DFSDM1_Channel0 */
1004:board/stm32f401rct6/Drivers/STM32F4xx_HAL_Driver/Src/stm32f4xx_ll_rcc.c **** 
1005:board/stm32f401rct6/Drivers/STM32F4xx_HAL_Driver/Src/stm32f4xx_ll_rcc.c **** #if defined(DSI)
1006:board/stm32f401rct6/Drivers/STM32F4xx_HAL_Driver/Src/stm32f4xx_ll_rcc.c **** /**
1007:board/stm32f401rct6/Drivers/STM32F4xx_HAL_Driver/Src/stm32f4xx_ll_rcc.c ****   * @brief  Return DSI clock frequency
1008:board/stm32f401rct6/Drivers/STM32F4xx_HAL_Driver/Src/stm32f4xx_ll_rcc.c ****   * @param  DSIxSource This parameter can be one of the following values:
1009:board/stm32f401rct6/Drivers/STM32F4xx_HAL_Driver/Src/stm32f4xx_ll_rcc.c ****   *         @arg @ref LL_RCC_DSI_CLKSOURCE
1010:board/stm32f401rct6/Drivers/STM32F4xx_HAL_Driver/Src/stm32f4xx_ll_rcc.c ****   * @retval DSI clock frequency (in Hz)
1011:board/stm32f401rct6/Drivers/STM32F4xx_HAL_Driver/Src/stm32f4xx_ll_rcc.c ****   *         - @ref  LL_RCC_PERIPH_FREQUENCY_NO indicates that oscillator is not ready
1012:board/stm32f401rct6/Drivers/STM32F4xx_HAL_Driver/Src/stm32f4xx_ll_rcc.c ****   *         - @ref  LL_RCC_PERIPH_FREQUENCY_NA indicates that external clock is used
1013:board/stm32f401rct6/Drivers/STM32F4xx_HAL_Driver/Src/stm32f4xx_ll_rcc.c ****   */
1014:board/stm32f401rct6/Drivers/STM32F4xx_HAL_Driver/Src/stm32f4xx_ll_rcc.c **** uint32_t LL_RCC_GetDSIClockFreq(uint32_t DSIxSource)
1015:board/stm32f401rct6/Drivers/STM32F4xx_HAL_Driver/Src/stm32f4xx_ll_rcc.c **** {
1016:board/stm32f401rct6/Drivers/STM32F4xx_HAL_Driver/Src/stm32f4xx_ll_rcc.c ****   uint32_t dsi_frequency = LL_RCC_PERIPH_FREQUENCY_NO;
1017:board/stm32f401rct6/Drivers/STM32F4xx_HAL_Driver/Src/stm32f4xx_ll_rcc.c **** 
1018:board/stm32f401rct6/Drivers/STM32F4xx_HAL_Driver/Src/stm32f4xx_ll_rcc.c ****   /* Check parameter */
1019:board/stm32f401rct6/Drivers/STM32F4xx_HAL_Driver/Src/stm32f4xx_ll_rcc.c ****   assert_param(IS_LL_RCC_DSI_CLKSOURCE(DSIxSource));
1020:board/stm32f401rct6/Drivers/STM32F4xx_HAL_Driver/Src/stm32f4xx_ll_rcc.c **** 
1021:board/stm32f401rct6/Drivers/STM32F4xx_HAL_Driver/Src/stm32f4xx_ll_rcc.c ****   /* DSICLK clock frequency */
1022:board/stm32f401rct6/Drivers/STM32F4xx_HAL_Driver/Src/stm32f4xx_ll_rcc.c ****   switch (LL_RCC_GetDSIClockSource(DSIxSource))
1023:board/stm32f401rct6/Drivers/STM32F4xx_HAL_Driver/Src/stm32f4xx_ll_rcc.c ****   {
1024:board/stm32f401rct6/Drivers/STM32F4xx_HAL_Driver/Src/stm32f4xx_ll_rcc.c ****     case LL_RCC_DSI_CLKSOURCE_PLL:     /* DSI Clock is PLL Osc. */
1025:board/stm32f401rct6/Drivers/STM32F4xx_HAL_Driver/Src/stm32f4xx_ll_rcc.c ****       if (LL_RCC_PLL_IsReady())
1026:board/stm32f401rct6/Drivers/STM32F4xx_HAL_Driver/Src/stm32f4xx_ll_rcc.c ****       {
1027:board/stm32f401rct6/Drivers/STM32F4xx_HAL_Driver/Src/stm32f4xx_ll_rcc.c ****         dsi_frequency = RCC_PLL_GetFreqDomain_DSI();
1028:board/stm32f401rct6/Drivers/STM32F4xx_HAL_Driver/Src/stm32f4xx_ll_rcc.c ****       }
1029:board/stm32f401rct6/Drivers/STM32F4xx_HAL_Driver/Src/stm32f4xx_ll_rcc.c ****       break;
1030:board/stm32f401rct6/Drivers/STM32F4xx_HAL_Driver/Src/stm32f4xx_ll_rcc.c **** 
ARM GAS  C:\Users\Admin\AppData\Local\Temp\ccHMtLfr.s 			page 96


1031:board/stm32f401rct6/Drivers/STM32F4xx_HAL_Driver/Src/stm32f4xx_ll_rcc.c ****     case LL_RCC_DSI_CLKSOURCE_PHY:    /* DSI Clock is DSI physical clock. */
1032:board/stm32f401rct6/Drivers/STM32F4xx_HAL_Driver/Src/stm32f4xx_ll_rcc.c ****     default:
1033:board/stm32f401rct6/Drivers/STM32F4xx_HAL_Driver/Src/stm32f4xx_ll_rcc.c ****       dsi_frequency = LL_RCC_PERIPH_FREQUENCY_NA;
1034:board/stm32f401rct6/Drivers/STM32F4xx_HAL_Driver/Src/stm32f4xx_ll_rcc.c ****       break;
1035:board/stm32f401rct6/Drivers/STM32F4xx_HAL_Driver/Src/stm32f4xx_ll_rcc.c ****   }
1036:board/stm32f401rct6/Drivers/STM32F4xx_HAL_Driver/Src/stm32f4xx_ll_rcc.c **** 
1037:board/stm32f401rct6/Drivers/STM32F4xx_HAL_Driver/Src/stm32f4xx_ll_rcc.c ****   return dsi_frequency;
1038:board/stm32f401rct6/Drivers/STM32F4xx_HAL_Driver/Src/stm32f4xx_ll_rcc.c **** }
1039:board/stm32f401rct6/Drivers/STM32F4xx_HAL_Driver/Src/stm32f4xx_ll_rcc.c **** #endif /* DSI */
1040:board/stm32f401rct6/Drivers/STM32F4xx_HAL_Driver/Src/stm32f4xx_ll_rcc.c **** 
1041:board/stm32f401rct6/Drivers/STM32F4xx_HAL_Driver/Src/stm32f4xx_ll_rcc.c **** #if defined(LTDC)
1042:board/stm32f401rct6/Drivers/STM32F4xx_HAL_Driver/Src/stm32f4xx_ll_rcc.c **** /**
1043:board/stm32f401rct6/Drivers/STM32F4xx_HAL_Driver/Src/stm32f4xx_ll_rcc.c ****   * @brief  Return LTDC clock frequency
1044:board/stm32f401rct6/Drivers/STM32F4xx_HAL_Driver/Src/stm32f4xx_ll_rcc.c ****   * @param  LTDCxSource This parameter can be one of the following values:
1045:board/stm32f401rct6/Drivers/STM32F4xx_HAL_Driver/Src/stm32f4xx_ll_rcc.c ****   *         @arg @ref LL_RCC_LTDC_CLKSOURCE
1046:board/stm32f401rct6/Drivers/STM32F4xx_HAL_Driver/Src/stm32f4xx_ll_rcc.c ****   * @retval LTDC clock frequency (in Hz)
1047:board/stm32f401rct6/Drivers/STM32F4xx_HAL_Driver/Src/stm32f4xx_ll_rcc.c ****   *         - @ref  LL_RCC_PERIPH_FREQUENCY_NO indicates that oscillator PLLSAI is not ready
1048:board/stm32f401rct6/Drivers/STM32F4xx_HAL_Driver/Src/stm32f4xx_ll_rcc.c ****   */
1049:board/stm32f401rct6/Drivers/STM32F4xx_HAL_Driver/Src/stm32f4xx_ll_rcc.c **** uint32_t LL_RCC_GetLTDCClockFreq(uint32_t LTDCxSource)
1050:board/stm32f401rct6/Drivers/STM32F4xx_HAL_Driver/Src/stm32f4xx_ll_rcc.c **** {
1051:board/stm32f401rct6/Drivers/STM32F4xx_HAL_Driver/Src/stm32f4xx_ll_rcc.c ****   uint32_t ltdc_frequency = LL_RCC_PERIPH_FREQUENCY_NO;
1052:board/stm32f401rct6/Drivers/STM32F4xx_HAL_Driver/Src/stm32f4xx_ll_rcc.c **** 
1053:board/stm32f401rct6/Drivers/STM32F4xx_HAL_Driver/Src/stm32f4xx_ll_rcc.c ****   /* Check parameter */
1054:board/stm32f401rct6/Drivers/STM32F4xx_HAL_Driver/Src/stm32f4xx_ll_rcc.c ****   assert_param(IS_LL_RCC_LTDC_CLKSOURCE(LTDCxSource));
1055:board/stm32f401rct6/Drivers/STM32F4xx_HAL_Driver/Src/stm32f4xx_ll_rcc.c **** 
1056:board/stm32f401rct6/Drivers/STM32F4xx_HAL_Driver/Src/stm32f4xx_ll_rcc.c ****   if (LL_RCC_PLLSAI_IsReady())
1057:board/stm32f401rct6/Drivers/STM32F4xx_HAL_Driver/Src/stm32f4xx_ll_rcc.c ****   {
1058:board/stm32f401rct6/Drivers/STM32F4xx_HAL_Driver/Src/stm32f4xx_ll_rcc.c ****     ltdc_frequency = RCC_PLLSAI_GetFreqDomain_LTDC();
1059:board/stm32f401rct6/Drivers/STM32F4xx_HAL_Driver/Src/stm32f4xx_ll_rcc.c ****   }
1060:board/stm32f401rct6/Drivers/STM32F4xx_HAL_Driver/Src/stm32f4xx_ll_rcc.c **** 
1061:board/stm32f401rct6/Drivers/STM32F4xx_HAL_Driver/Src/stm32f4xx_ll_rcc.c ****   return ltdc_frequency;
1062:board/stm32f401rct6/Drivers/STM32F4xx_HAL_Driver/Src/stm32f4xx_ll_rcc.c **** }
1063:board/stm32f401rct6/Drivers/STM32F4xx_HAL_Driver/Src/stm32f4xx_ll_rcc.c **** #endif /* LTDC */
1064:board/stm32f401rct6/Drivers/STM32F4xx_HAL_Driver/Src/stm32f4xx_ll_rcc.c **** 
1065:board/stm32f401rct6/Drivers/STM32F4xx_HAL_Driver/Src/stm32f4xx_ll_rcc.c **** #if defined(SPDIFRX)
1066:board/stm32f401rct6/Drivers/STM32F4xx_HAL_Driver/Src/stm32f4xx_ll_rcc.c **** /**
1067:board/stm32f401rct6/Drivers/STM32F4xx_HAL_Driver/Src/stm32f4xx_ll_rcc.c ****   * @brief  Return SPDIFRX clock frequency
1068:board/stm32f401rct6/Drivers/STM32F4xx_HAL_Driver/Src/stm32f4xx_ll_rcc.c ****   * @param  SPDIFRXxSource This parameter can be one of the following values:
1069:board/stm32f401rct6/Drivers/STM32F4xx_HAL_Driver/Src/stm32f4xx_ll_rcc.c ****   *         @arg @ref LL_RCC_SPDIFRX1_CLKSOURCE
1070:board/stm32f401rct6/Drivers/STM32F4xx_HAL_Driver/Src/stm32f4xx_ll_rcc.c ****   * @retval SPDIFRX clock frequency (in Hz)
1071:board/stm32f401rct6/Drivers/STM32F4xx_HAL_Driver/Src/stm32f4xx_ll_rcc.c ****   *         - @ref  LL_RCC_PERIPH_FREQUENCY_NO indicates that oscillator is not ready
1072:board/stm32f401rct6/Drivers/STM32F4xx_HAL_Driver/Src/stm32f4xx_ll_rcc.c ****   */
1073:board/stm32f401rct6/Drivers/STM32F4xx_HAL_Driver/Src/stm32f4xx_ll_rcc.c **** uint32_t LL_RCC_GetSPDIFRXClockFreq(uint32_t SPDIFRXxSource)
1074:board/stm32f401rct6/Drivers/STM32F4xx_HAL_Driver/Src/stm32f4xx_ll_rcc.c **** {
1075:board/stm32f401rct6/Drivers/STM32F4xx_HAL_Driver/Src/stm32f4xx_ll_rcc.c ****   uint32_t spdifrx_frequency = LL_RCC_PERIPH_FREQUENCY_NO;
1076:board/stm32f401rct6/Drivers/STM32F4xx_HAL_Driver/Src/stm32f4xx_ll_rcc.c **** 
1077:board/stm32f401rct6/Drivers/STM32F4xx_HAL_Driver/Src/stm32f4xx_ll_rcc.c ****   /* Check parameter */
1078:board/stm32f401rct6/Drivers/STM32F4xx_HAL_Driver/Src/stm32f4xx_ll_rcc.c ****   assert_param(IS_LL_RCC_SPDIFRX_CLKSOURCE(SPDIFRXxSource));
1079:board/stm32f401rct6/Drivers/STM32F4xx_HAL_Driver/Src/stm32f4xx_ll_rcc.c **** 
1080:board/stm32f401rct6/Drivers/STM32F4xx_HAL_Driver/Src/stm32f4xx_ll_rcc.c ****   /* SPDIFRX1CLK clock frequency */
1081:board/stm32f401rct6/Drivers/STM32F4xx_HAL_Driver/Src/stm32f4xx_ll_rcc.c ****   switch (LL_RCC_GetSPDIFRXClockSource(SPDIFRXxSource))
1082:board/stm32f401rct6/Drivers/STM32F4xx_HAL_Driver/Src/stm32f4xx_ll_rcc.c ****   {
1083:board/stm32f401rct6/Drivers/STM32F4xx_HAL_Driver/Src/stm32f4xx_ll_rcc.c ****     case LL_RCC_SPDIFRX1_CLKSOURCE_PLLI2S:  /* SPDIFRX Clock is PLLI2S Osc. */
1084:board/stm32f401rct6/Drivers/STM32F4xx_HAL_Driver/Src/stm32f4xx_ll_rcc.c ****       if (LL_RCC_PLLI2S_IsReady())
1085:board/stm32f401rct6/Drivers/STM32F4xx_HAL_Driver/Src/stm32f4xx_ll_rcc.c ****       {
1086:board/stm32f401rct6/Drivers/STM32F4xx_HAL_Driver/Src/stm32f4xx_ll_rcc.c ****         spdifrx_frequency = RCC_PLLI2S_GetFreqDomain_SPDIFRX();
1087:board/stm32f401rct6/Drivers/STM32F4xx_HAL_Driver/Src/stm32f4xx_ll_rcc.c ****       }
ARM GAS  C:\Users\Admin\AppData\Local\Temp\ccHMtLfr.s 			page 97


1088:board/stm32f401rct6/Drivers/STM32F4xx_HAL_Driver/Src/stm32f4xx_ll_rcc.c ****       break;
1089:board/stm32f401rct6/Drivers/STM32F4xx_HAL_Driver/Src/stm32f4xx_ll_rcc.c **** 
1090:board/stm32f401rct6/Drivers/STM32F4xx_HAL_Driver/Src/stm32f4xx_ll_rcc.c ****     case LL_RCC_SPDIFRX1_CLKSOURCE_PLL:     /* SPDIFRX Clock is PLL Osc. */
1091:board/stm32f401rct6/Drivers/STM32F4xx_HAL_Driver/Src/stm32f4xx_ll_rcc.c ****     default:
1092:board/stm32f401rct6/Drivers/STM32F4xx_HAL_Driver/Src/stm32f4xx_ll_rcc.c ****       if (LL_RCC_PLL_IsReady())
1093:board/stm32f401rct6/Drivers/STM32F4xx_HAL_Driver/Src/stm32f4xx_ll_rcc.c ****       {
1094:board/stm32f401rct6/Drivers/STM32F4xx_HAL_Driver/Src/stm32f4xx_ll_rcc.c ****         spdifrx_frequency = RCC_PLL_GetFreqDomain_SPDIFRX();
1095:board/stm32f401rct6/Drivers/STM32F4xx_HAL_Driver/Src/stm32f4xx_ll_rcc.c ****       }
1096:board/stm32f401rct6/Drivers/STM32F4xx_HAL_Driver/Src/stm32f4xx_ll_rcc.c ****       break;
1097:board/stm32f401rct6/Drivers/STM32F4xx_HAL_Driver/Src/stm32f4xx_ll_rcc.c ****   }
1098:board/stm32f401rct6/Drivers/STM32F4xx_HAL_Driver/Src/stm32f4xx_ll_rcc.c **** 
1099:board/stm32f401rct6/Drivers/STM32F4xx_HAL_Driver/Src/stm32f4xx_ll_rcc.c ****   return spdifrx_frequency;
1100:board/stm32f401rct6/Drivers/STM32F4xx_HAL_Driver/Src/stm32f4xx_ll_rcc.c **** }
1101:board/stm32f401rct6/Drivers/STM32F4xx_HAL_Driver/Src/stm32f4xx_ll_rcc.c **** #endif /* SPDIFRX */
1102:board/stm32f401rct6/Drivers/STM32F4xx_HAL_Driver/Src/stm32f4xx_ll_rcc.c **** 
1103:board/stm32f401rct6/Drivers/STM32F4xx_HAL_Driver/Src/stm32f4xx_ll_rcc.c **** /**
1104:board/stm32f401rct6/Drivers/STM32F4xx_HAL_Driver/Src/stm32f4xx_ll_rcc.c ****   * @}
1105:board/stm32f401rct6/Drivers/STM32F4xx_HAL_Driver/Src/stm32f4xx_ll_rcc.c ****   */
1106:board/stm32f401rct6/Drivers/STM32F4xx_HAL_Driver/Src/stm32f4xx_ll_rcc.c **** 
1107:board/stm32f401rct6/Drivers/STM32F4xx_HAL_Driver/Src/stm32f4xx_ll_rcc.c **** /**
1108:board/stm32f401rct6/Drivers/STM32F4xx_HAL_Driver/Src/stm32f4xx_ll_rcc.c ****   * @}
1109:board/stm32f401rct6/Drivers/STM32F4xx_HAL_Driver/Src/stm32f4xx_ll_rcc.c ****   */
1110:board/stm32f401rct6/Drivers/STM32F4xx_HAL_Driver/Src/stm32f4xx_ll_rcc.c **** 
1111:board/stm32f401rct6/Drivers/STM32F4xx_HAL_Driver/Src/stm32f4xx_ll_rcc.c **** /** @addtogroup RCC_LL_Private_Functions
1112:board/stm32f401rct6/Drivers/STM32F4xx_HAL_Driver/Src/stm32f4xx_ll_rcc.c ****   * @{
1113:board/stm32f401rct6/Drivers/STM32F4xx_HAL_Driver/Src/stm32f4xx_ll_rcc.c ****   */
1114:board/stm32f401rct6/Drivers/STM32F4xx_HAL_Driver/Src/stm32f4xx_ll_rcc.c **** 
1115:board/stm32f401rct6/Drivers/STM32F4xx_HAL_Driver/Src/stm32f4xx_ll_rcc.c **** /**
1116:board/stm32f401rct6/Drivers/STM32F4xx_HAL_Driver/Src/stm32f4xx_ll_rcc.c ****   * @brief  Return SYSTEM clock frequency
1117:board/stm32f401rct6/Drivers/STM32F4xx_HAL_Driver/Src/stm32f4xx_ll_rcc.c ****   * @retval SYSTEM clock frequency (in Hz)
1118:board/stm32f401rct6/Drivers/STM32F4xx_HAL_Driver/Src/stm32f4xx_ll_rcc.c ****   */
1119:board/stm32f401rct6/Drivers/STM32F4xx_HAL_Driver/Src/stm32f4xx_ll_rcc.c **** uint32_t RCC_GetSystemClockFreq(void)
1120:board/stm32f401rct6/Drivers/STM32F4xx_HAL_Driver/Src/stm32f4xx_ll_rcc.c **** {
1121:board/stm32f401rct6/Drivers/STM32F4xx_HAL_Driver/Src/stm32f4xx_ll_rcc.c ****   uint32_t frequency = 0U;
1122:board/stm32f401rct6/Drivers/STM32F4xx_HAL_Driver/Src/stm32f4xx_ll_rcc.c **** 
1123:board/stm32f401rct6/Drivers/STM32F4xx_HAL_Driver/Src/stm32f4xx_ll_rcc.c ****   /* Get SYSCLK source -------------------------------------------------------*/
1124:board/stm32f401rct6/Drivers/STM32F4xx_HAL_Driver/Src/stm32f4xx_ll_rcc.c ****   switch (LL_RCC_GetSysClkSource())
1125:board/stm32f401rct6/Drivers/STM32F4xx_HAL_Driver/Src/stm32f4xx_ll_rcc.c ****   {
1126:board/stm32f401rct6/Drivers/STM32F4xx_HAL_Driver/Src/stm32f4xx_ll_rcc.c ****     case LL_RCC_SYS_CLKSOURCE_STATUS_HSI:  /* HSI used as system clock  source */
1127:board/stm32f401rct6/Drivers/STM32F4xx_HAL_Driver/Src/stm32f4xx_ll_rcc.c ****       frequency = HSI_VALUE;
1128:board/stm32f401rct6/Drivers/STM32F4xx_HAL_Driver/Src/stm32f4xx_ll_rcc.c ****       break;
1129:board/stm32f401rct6/Drivers/STM32F4xx_HAL_Driver/Src/stm32f4xx_ll_rcc.c **** 
1130:board/stm32f401rct6/Drivers/STM32F4xx_HAL_Driver/Src/stm32f4xx_ll_rcc.c ****     case LL_RCC_SYS_CLKSOURCE_STATUS_HSE:  /* HSE used as system clock  source */
1131:board/stm32f401rct6/Drivers/STM32F4xx_HAL_Driver/Src/stm32f4xx_ll_rcc.c ****       frequency = HSE_VALUE;
1132:board/stm32f401rct6/Drivers/STM32F4xx_HAL_Driver/Src/stm32f4xx_ll_rcc.c ****       break;
1133:board/stm32f401rct6/Drivers/STM32F4xx_HAL_Driver/Src/stm32f4xx_ll_rcc.c **** 
1134:board/stm32f401rct6/Drivers/STM32F4xx_HAL_Driver/Src/stm32f4xx_ll_rcc.c ****     case LL_RCC_SYS_CLKSOURCE_STATUS_PLL:  /* PLL used as system clock  source */
1135:board/stm32f401rct6/Drivers/STM32F4xx_HAL_Driver/Src/stm32f4xx_ll_rcc.c ****       frequency = RCC_PLL_GetFreqDomain_SYS(LL_RCC_SYS_CLKSOURCE_STATUS_PLL);
1136:board/stm32f401rct6/Drivers/STM32F4xx_HAL_Driver/Src/stm32f4xx_ll_rcc.c ****       break;
1137:board/stm32f401rct6/Drivers/STM32F4xx_HAL_Driver/Src/stm32f4xx_ll_rcc.c **** 
1138:board/stm32f401rct6/Drivers/STM32F4xx_HAL_Driver/Src/stm32f4xx_ll_rcc.c **** #if defined(RCC_PLLR_SYSCLK_SUPPORT)
1139:board/stm32f401rct6/Drivers/STM32F4xx_HAL_Driver/Src/stm32f4xx_ll_rcc.c ****     case LL_RCC_SYS_CLKSOURCE_STATUS_PLLR: /* PLLR used as system clock  source */
1140:board/stm32f401rct6/Drivers/STM32F4xx_HAL_Driver/Src/stm32f4xx_ll_rcc.c ****       frequency = RCC_PLL_GetFreqDomain_SYS(LL_RCC_SYS_CLKSOURCE_STATUS_PLLR);
1141:board/stm32f401rct6/Drivers/STM32F4xx_HAL_Driver/Src/stm32f4xx_ll_rcc.c ****       break;
1142:board/stm32f401rct6/Drivers/STM32F4xx_HAL_Driver/Src/stm32f4xx_ll_rcc.c **** #endif /* RCC_PLLR_SYSCLK_SUPPORT */
1143:board/stm32f401rct6/Drivers/STM32F4xx_HAL_Driver/Src/stm32f4xx_ll_rcc.c **** 
1144:board/stm32f401rct6/Drivers/STM32F4xx_HAL_Driver/Src/stm32f4xx_ll_rcc.c ****     default:
ARM GAS  C:\Users\Admin\AppData\Local\Temp\ccHMtLfr.s 			page 98


1145:board/stm32f401rct6/Drivers/STM32F4xx_HAL_Driver/Src/stm32f4xx_ll_rcc.c ****       frequency = HSI_VALUE;
1146:board/stm32f401rct6/Drivers/STM32F4xx_HAL_Driver/Src/stm32f4xx_ll_rcc.c ****       break;
1147:board/stm32f401rct6/Drivers/STM32F4xx_HAL_Driver/Src/stm32f4xx_ll_rcc.c ****   }
1148:board/stm32f401rct6/Drivers/STM32F4xx_HAL_Driver/Src/stm32f4xx_ll_rcc.c **** 
1149:board/stm32f401rct6/Drivers/STM32F4xx_HAL_Driver/Src/stm32f4xx_ll_rcc.c ****   return frequency;
1150:board/stm32f401rct6/Drivers/STM32F4xx_HAL_Driver/Src/stm32f4xx_ll_rcc.c **** }
1151:board/stm32f401rct6/Drivers/STM32F4xx_HAL_Driver/Src/stm32f4xx_ll_rcc.c **** 
1152:board/stm32f401rct6/Drivers/STM32F4xx_HAL_Driver/Src/stm32f4xx_ll_rcc.c **** /**
1153:board/stm32f401rct6/Drivers/STM32F4xx_HAL_Driver/Src/stm32f4xx_ll_rcc.c ****   * @brief  Return HCLK clock frequency
1154:board/stm32f401rct6/Drivers/STM32F4xx_HAL_Driver/Src/stm32f4xx_ll_rcc.c ****   * @param  SYSCLK_Frequency SYSCLK clock frequency
1155:board/stm32f401rct6/Drivers/STM32F4xx_HAL_Driver/Src/stm32f4xx_ll_rcc.c ****   * @retval HCLK clock frequency (in Hz)
1156:board/stm32f401rct6/Drivers/STM32F4xx_HAL_Driver/Src/stm32f4xx_ll_rcc.c ****   */
1157:board/stm32f401rct6/Drivers/STM32F4xx_HAL_Driver/Src/stm32f4xx_ll_rcc.c **** uint32_t RCC_GetHCLKClockFreq(uint32_t SYSCLK_Frequency)
1158:board/stm32f401rct6/Drivers/STM32F4xx_HAL_Driver/Src/stm32f4xx_ll_rcc.c **** {
 177              		.loc 1 1158 1 is_stmt 1 view -0
 178              		.cfi_startproc
 179              		@ args = 0, pretend = 0, frame = 0
 180              		@ frame_needed = 0, uses_anonymous_args = 0
 181              		@ link register save eliminated.
1159:board/stm32f401rct6/Drivers/STM32F4xx_HAL_Driver/Src/stm32f4xx_ll_rcc.c ****   /* HCLK clock frequency */
1160:board/stm32f401rct6/Drivers/STM32F4xx_HAL_Driver/Src/stm32f4xx_ll_rcc.c ****   return __LL_RCC_CALC_HCLK_FREQ(SYSCLK_Frequency, LL_RCC_GetAHBPrescaler());
 182              		.loc 1 1160 3 view .LVU39
 183              	.LBB58:
 184              	.LBI58:
3276:board/stm32f401rct6/Drivers/STM32F4xx_HAL_Driver/Inc/stm32f4xx_ll_rcc.h **** {
 185              		.loc 2 3276 26 view .LVU40
 186              	.LBB59:
3278:board/stm32f401rct6/Drivers/STM32F4xx_HAL_Driver/Inc/stm32f4xx_ll_rcc.h **** }
 187              		.loc 2 3278 3 view .LVU41
3278:board/stm32f401rct6/Drivers/STM32F4xx_HAL_Driver/Inc/stm32f4xx_ll_rcc.h **** }
 188              		.loc 2 3278 21 is_stmt 0 view .LVU42
 189 0000 034B     		ldr	r3, .L8
 190 0002 9B68     		ldr	r3, [r3, #8]
 191              	.LBE59:
 192              	.LBE58:
 193              		.loc 1 1160 10 view .LVU43
 194 0004 C3F30313 		ubfx	r3, r3, #4, #4
 195 0008 024A     		ldr	r2, .L8+4
 196 000a D35C     		ldrb	r3, [r2, r3]	@ zero_extendqisi2
1161:board/stm32f401rct6/Drivers/STM32F4xx_HAL_Driver/Src/stm32f4xx_ll_rcc.c **** }
 197              		.loc 1 1161 1 view .LVU44
 198 000c D840     		lsrs	r0, r0, r3
 199              	.LVL3:
 200              		.loc 1 1161 1 view .LVU45
 201 000e 7047     		bx	lr
 202              	.L9:
 203              		.align	2
 204              	.L8:
 205 0010 00380240 		.word	1073887232
 206 0014 00000000 		.word	AHBPrescTable
 207              		.cfi_endproc
 208              	.LFE333:
 210              		.section	.text.RCC_GetPCLK1ClockFreq,"ax",%progbits
 211              		.align	1
 212              		.global	RCC_GetPCLK1ClockFreq
 213              		.syntax unified
 214              		.thumb
ARM GAS  C:\Users\Admin\AppData\Local\Temp\ccHMtLfr.s 			page 99


 215              		.thumb_func
 217              	RCC_GetPCLK1ClockFreq:
 218              	.LVL4:
 219              	.LFB334:
1162:board/stm32f401rct6/Drivers/STM32F4xx_HAL_Driver/Src/stm32f4xx_ll_rcc.c **** 
1163:board/stm32f401rct6/Drivers/STM32F4xx_HAL_Driver/Src/stm32f4xx_ll_rcc.c **** /**
1164:board/stm32f401rct6/Drivers/STM32F4xx_HAL_Driver/Src/stm32f4xx_ll_rcc.c ****   * @brief  Return PCLK1 clock frequency
1165:board/stm32f401rct6/Drivers/STM32F4xx_HAL_Driver/Src/stm32f4xx_ll_rcc.c ****   * @param  HCLK_Frequency HCLK clock frequency
1166:board/stm32f401rct6/Drivers/STM32F4xx_HAL_Driver/Src/stm32f4xx_ll_rcc.c ****   * @retval PCLK1 clock frequency (in Hz)
1167:board/stm32f401rct6/Drivers/STM32F4xx_HAL_Driver/Src/stm32f4xx_ll_rcc.c ****   */
1168:board/stm32f401rct6/Drivers/STM32F4xx_HAL_Driver/Src/stm32f4xx_ll_rcc.c **** uint32_t RCC_GetPCLK1ClockFreq(uint32_t HCLK_Frequency)
1169:board/stm32f401rct6/Drivers/STM32F4xx_HAL_Driver/Src/stm32f4xx_ll_rcc.c **** {
 220              		.loc 1 1169 1 is_stmt 1 view -0
 221              		.cfi_startproc
 222              		@ args = 0, pretend = 0, frame = 0
 223              		@ frame_needed = 0, uses_anonymous_args = 0
 224              		@ link register save eliminated.
1170:board/stm32f401rct6/Drivers/STM32F4xx_HAL_Driver/Src/stm32f4xx_ll_rcc.c ****   /* PCLK1 clock frequency */
1171:board/stm32f401rct6/Drivers/STM32F4xx_HAL_Driver/Src/stm32f4xx_ll_rcc.c ****   return __LL_RCC_CALC_PCLK1_FREQ(HCLK_Frequency, LL_RCC_GetAPB1Prescaler());
 225              		.loc 1 1171 3 view .LVU47
 226              	.LBB60:
 227              	.LBI60:
3291:board/stm32f401rct6/Drivers/STM32F4xx_HAL_Driver/Inc/stm32f4xx_ll_rcc.h **** {
 228              		.loc 2 3291 26 view .LVU48
 229              	.LBB61:
3293:board/stm32f401rct6/Drivers/STM32F4xx_HAL_Driver/Inc/stm32f4xx_ll_rcc.h **** }
 230              		.loc 2 3293 3 view .LVU49
3293:board/stm32f401rct6/Drivers/STM32F4xx_HAL_Driver/Inc/stm32f4xx_ll_rcc.h **** }
 231              		.loc 2 3293 21 is_stmt 0 view .LVU50
 232 0000 034B     		ldr	r3, .L11
 233 0002 9B68     		ldr	r3, [r3, #8]
 234              	.LBE61:
 235              	.LBE60:
 236              		.loc 1 1171 10 view .LVU51
 237 0004 C3F38223 		ubfx	r3, r3, #10, #3
 238 0008 024A     		ldr	r2, .L11+4
 239 000a D35C     		ldrb	r3, [r2, r3]	@ zero_extendqisi2
1172:board/stm32f401rct6/Drivers/STM32F4xx_HAL_Driver/Src/stm32f4xx_ll_rcc.c **** }
 240              		.loc 1 1172 1 view .LVU52
 241 000c D840     		lsrs	r0, r0, r3
 242              	.LVL5:
 243              		.loc 1 1172 1 view .LVU53
 244 000e 7047     		bx	lr
 245              	.L12:
 246              		.align	2
 247              	.L11:
 248 0010 00380240 		.word	1073887232
 249 0014 00000000 		.word	APBPrescTable
 250              		.cfi_endproc
 251              	.LFE334:
 253              		.section	.text.RCC_GetPCLK2ClockFreq,"ax",%progbits
 254              		.align	1
 255              		.global	RCC_GetPCLK2ClockFreq
 256              		.syntax unified
 257              		.thumb
 258              		.thumb_func
 260              	RCC_GetPCLK2ClockFreq:
ARM GAS  C:\Users\Admin\AppData\Local\Temp\ccHMtLfr.s 			page 100


 261              	.LVL6:
 262              	.LFB335:
1173:board/stm32f401rct6/Drivers/STM32F4xx_HAL_Driver/Src/stm32f4xx_ll_rcc.c **** 
1174:board/stm32f401rct6/Drivers/STM32F4xx_HAL_Driver/Src/stm32f4xx_ll_rcc.c **** /**
1175:board/stm32f401rct6/Drivers/STM32F4xx_HAL_Driver/Src/stm32f4xx_ll_rcc.c ****   * @brief  Return PCLK2 clock frequency
1176:board/stm32f401rct6/Drivers/STM32F4xx_HAL_Driver/Src/stm32f4xx_ll_rcc.c ****   * @param  HCLK_Frequency HCLK clock frequency
1177:board/stm32f401rct6/Drivers/STM32F4xx_HAL_Driver/Src/stm32f4xx_ll_rcc.c ****   * @retval PCLK2 clock frequency (in Hz)
1178:board/stm32f401rct6/Drivers/STM32F4xx_HAL_Driver/Src/stm32f4xx_ll_rcc.c ****   */
1179:board/stm32f401rct6/Drivers/STM32F4xx_HAL_Driver/Src/stm32f4xx_ll_rcc.c **** uint32_t RCC_GetPCLK2ClockFreq(uint32_t HCLK_Frequency)
1180:board/stm32f401rct6/Drivers/STM32F4xx_HAL_Driver/Src/stm32f4xx_ll_rcc.c **** {
 263              		.loc 1 1180 1 is_stmt 1 view -0
 264              		.cfi_startproc
 265              		@ args = 0, pretend = 0, frame = 0
 266              		@ frame_needed = 0, uses_anonymous_args = 0
 267              		@ link register save eliminated.
1181:board/stm32f401rct6/Drivers/STM32F4xx_HAL_Driver/Src/stm32f4xx_ll_rcc.c ****   /* PCLK2 clock frequency */
1182:board/stm32f401rct6/Drivers/STM32F4xx_HAL_Driver/Src/stm32f4xx_ll_rcc.c ****   return __LL_RCC_CALC_PCLK2_FREQ(HCLK_Frequency, LL_RCC_GetAPB2Prescaler());
 268              		.loc 1 1182 3 view .LVU55
 269              	.LBB62:
 270              	.LBI62:
3306:board/stm32f401rct6/Drivers/STM32F4xx_HAL_Driver/Inc/stm32f4xx_ll_rcc.h **** {
 271              		.loc 2 3306 26 view .LVU56
 272              	.LBB63:
3308:board/stm32f401rct6/Drivers/STM32F4xx_HAL_Driver/Inc/stm32f4xx_ll_rcc.h **** }
 273              		.loc 2 3308 3 view .LVU57
3308:board/stm32f401rct6/Drivers/STM32F4xx_HAL_Driver/Inc/stm32f4xx_ll_rcc.h **** }
 274              		.loc 2 3308 21 is_stmt 0 view .LVU58
 275 0000 034B     		ldr	r3, .L14
 276 0002 9B68     		ldr	r3, [r3, #8]
 277              	.LBE63:
 278              	.LBE62:
 279              		.loc 1 1182 10 view .LVU59
 280 0004 C3F34233 		ubfx	r3, r3, #13, #3
 281 0008 024A     		ldr	r2, .L14+4
 282 000a D35C     		ldrb	r3, [r2, r3]	@ zero_extendqisi2
1183:board/stm32f401rct6/Drivers/STM32F4xx_HAL_Driver/Src/stm32f4xx_ll_rcc.c **** }
 283              		.loc 1 1183 1 view .LVU60
 284 000c D840     		lsrs	r0, r0, r3
 285              	.LVL7:
 286              		.loc 1 1183 1 view .LVU61
 287 000e 7047     		bx	lr
 288              	.L15:
 289              		.align	2
 290              	.L14:
 291 0010 00380240 		.word	1073887232
 292 0014 00000000 		.word	APBPrescTable
 293              		.cfi_endproc
 294              	.LFE335:
 296              		.section	.text.RCC_PLL_GetFreqDomain_SYS,"ax",%progbits
 297              		.align	1
 298              		.global	RCC_PLL_GetFreqDomain_SYS
 299              		.syntax unified
 300              		.thumb
 301              		.thumb_func
 303              	RCC_PLL_GetFreqDomain_SYS:
 304              	.LVL8:
 305              	.LFB336:
ARM GAS  C:\Users\Admin\AppData\Local\Temp\ccHMtLfr.s 			page 101


1184:board/stm32f401rct6/Drivers/STM32F4xx_HAL_Driver/Src/stm32f4xx_ll_rcc.c **** 
1185:board/stm32f401rct6/Drivers/STM32F4xx_HAL_Driver/Src/stm32f4xx_ll_rcc.c **** /**
1186:board/stm32f401rct6/Drivers/STM32F4xx_HAL_Driver/Src/stm32f4xx_ll_rcc.c ****   * @brief  Return PLL clock frequency used for system domain
1187:board/stm32f401rct6/Drivers/STM32F4xx_HAL_Driver/Src/stm32f4xx_ll_rcc.c ****   * @param  SYSCLK_Source System clock source
1188:board/stm32f401rct6/Drivers/STM32F4xx_HAL_Driver/Src/stm32f4xx_ll_rcc.c ****   * @retval PLL clock frequency (in Hz)
1189:board/stm32f401rct6/Drivers/STM32F4xx_HAL_Driver/Src/stm32f4xx_ll_rcc.c ****   */
1190:board/stm32f401rct6/Drivers/STM32F4xx_HAL_Driver/Src/stm32f4xx_ll_rcc.c **** uint32_t RCC_PLL_GetFreqDomain_SYS(uint32_t SYSCLK_Source)
1191:board/stm32f401rct6/Drivers/STM32F4xx_HAL_Driver/Src/stm32f4xx_ll_rcc.c **** {
 306              		.loc 1 1191 1 is_stmt 1 view -0
 307              		.cfi_startproc
 308              		@ args = 0, pretend = 0, frame = 0
 309              		@ frame_needed = 0, uses_anonymous_args = 0
 310              		@ link register save eliminated.
1192:board/stm32f401rct6/Drivers/STM32F4xx_HAL_Driver/Src/stm32f4xx_ll_rcc.c ****   uint32_t pllinputfreq = 0U;
 311              		.loc 1 1192 3 view .LVU63
1193:board/stm32f401rct6/Drivers/STM32F4xx_HAL_Driver/Src/stm32f4xx_ll_rcc.c ****   uint32_t pllsource = 0U;
 312              		.loc 1 1193 3 view .LVU64
1194:board/stm32f401rct6/Drivers/STM32F4xx_HAL_Driver/Src/stm32f4xx_ll_rcc.c ****   uint32_t plloutputfreq = 0U;
 313              		.loc 1 1194 3 view .LVU65
1195:board/stm32f401rct6/Drivers/STM32F4xx_HAL_Driver/Src/stm32f4xx_ll_rcc.c **** 
1196:board/stm32f401rct6/Drivers/STM32F4xx_HAL_Driver/Src/stm32f4xx_ll_rcc.c ****   /* PLL_VCO = (HSE_VALUE or HSI_VALUE / PLLM) * PLLN
1197:board/stm32f401rct6/Drivers/STM32F4xx_HAL_Driver/Src/stm32f4xx_ll_rcc.c ****      SYSCLK = PLL_VCO / (PLLP or PLLR)
1198:board/stm32f401rct6/Drivers/STM32F4xx_HAL_Driver/Src/stm32f4xx_ll_rcc.c ****   */
1199:board/stm32f401rct6/Drivers/STM32F4xx_HAL_Driver/Src/stm32f4xx_ll_rcc.c ****   pllsource = LL_RCC_PLL_GetMainSource();
 314              		.loc 1 1199 3 view .LVU66
 315              	.LBB64:
 316              	.LBI64:
4209:board/stm32f401rct6/Drivers/STM32F4xx_HAL_Driver/Inc/stm32f4xx_ll_rcc.h **** }
4210:board/stm32f401rct6/Drivers/STM32F4xx_HAL_Driver/Inc/stm32f4xx_ll_rcc.h **** 
4211:board/stm32f401rct6/Drivers/STM32F4xx_HAL_Driver/Inc/stm32f4xx_ll_rcc.h **** /**
4212:board/stm32f401rct6/Drivers/STM32F4xx_HAL_Driver/Inc/stm32f4xx_ll_rcc.h ****   * @brief  Configure PLL used for SYSCLK Domain
4213:board/stm32f401rct6/Drivers/STM32F4xx_HAL_Driver/Inc/stm32f4xx_ll_rcc.h ****   * @note PLL Source and PLLM Divider can be written only when PLL,
4214:board/stm32f401rct6/Drivers/STM32F4xx_HAL_Driver/Inc/stm32f4xx_ll_rcc.h ****   *       PLLI2S and PLLSAI(*) are disabled
4215:board/stm32f401rct6/Drivers/STM32F4xx_HAL_Driver/Inc/stm32f4xx_ll_rcc.h ****   * @note PLLN/PLLP can be written only when PLL is disabled
4216:board/stm32f401rct6/Drivers/STM32F4xx_HAL_Driver/Inc/stm32f4xx_ll_rcc.h ****   * @rmtoll PLLCFGR      PLLSRC        LL_RCC_PLL_ConfigDomain_SYS\n
4217:board/stm32f401rct6/Drivers/STM32F4xx_HAL_Driver/Inc/stm32f4xx_ll_rcc.h ****   *         PLLCFGR      PLLM          LL_RCC_PLL_ConfigDomain_SYS\n
4218:board/stm32f401rct6/Drivers/STM32F4xx_HAL_Driver/Inc/stm32f4xx_ll_rcc.h ****   *         PLLCFGR      PLLN          LL_RCC_PLL_ConfigDomain_SYS\n
4219:board/stm32f401rct6/Drivers/STM32F4xx_HAL_Driver/Inc/stm32f4xx_ll_rcc.h ****   *         PLLCFGR      PLLR          LL_RCC_PLL_ConfigDomain_SYS\n
4220:board/stm32f401rct6/Drivers/STM32F4xx_HAL_Driver/Inc/stm32f4xx_ll_rcc.h ****   *         PLLCFGR      PLLP          LL_RCC_PLL_ConfigDomain_SYS
4221:board/stm32f401rct6/Drivers/STM32F4xx_HAL_Driver/Inc/stm32f4xx_ll_rcc.h ****   * @param  Source This parameter can be one of the following values:
4222:board/stm32f401rct6/Drivers/STM32F4xx_HAL_Driver/Inc/stm32f4xx_ll_rcc.h ****   *         @arg @ref LL_RCC_PLLSOURCE_HSI
4223:board/stm32f401rct6/Drivers/STM32F4xx_HAL_Driver/Inc/stm32f4xx_ll_rcc.h ****   *         @arg @ref LL_RCC_PLLSOURCE_HSE
4224:board/stm32f401rct6/Drivers/STM32F4xx_HAL_Driver/Inc/stm32f4xx_ll_rcc.h ****   * @param  PLLM This parameter can be one of the following values:
4225:board/stm32f401rct6/Drivers/STM32F4xx_HAL_Driver/Inc/stm32f4xx_ll_rcc.h ****   *         @arg @ref LL_RCC_PLLM_DIV_2
4226:board/stm32f401rct6/Drivers/STM32F4xx_HAL_Driver/Inc/stm32f4xx_ll_rcc.h ****   *         @arg @ref LL_RCC_PLLM_DIV_3
4227:board/stm32f401rct6/Drivers/STM32F4xx_HAL_Driver/Inc/stm32f4xx_ll_rcc.h ****   *         @arg @ref LL_RCC_PLLM_DIV_4
4228:board/stm32f401rct6/Drivers/STM32F4xx_HAL_Driver/Inc/stm32f4xx_ll_rcc.h ****   *         @arg @ref LL_RCC_PLLM_DIV_5
4229:board/stm32f401rct6/Drivers/STM32F4xx_HAL_Driver/Inc/stm32f4xx_ll_rcc.h ****   *         @arg @ref LL_RCC_PLLM_DIV_6
4230:board/stm32f401rct6/Drivers/STM32F4xx_HAL_Driver/Inc/stm32f4xx_ll_rcc.h ****   *         @arg @ref LL_RCC_PLLM_DIV_7
4231:board/stm32f401rct6/Drivers/STM32F4xx_HAL_Driver/Inc/stm32f4xx_ll_rcc.h ****   *         @arg @ref LL_RCC_PLLM_DIV_8
4232:board/stm32f401rct6/Drivers/STM32F4xx_HAL_Driver/Inc/stm32f4xx_ll_rcc.h ****   *         @arg @ref LL_RCC_PLLM_DIV_9
4233:board/stm32f401rct6/Drivers/STM32F4xx_HAL_Driver/Inc/stm32f4xx_ll_rcc.h ****   *         @arg @ref LL_RCC_PLLM_DIV_10
4234:board/stm32f401rct6/Drivers/STM32F4xx_HAL_Driver/Inc/stm32f4xx_ll_rcc.h ****   *         @arg @ref LL_RCC_PLLM_DIV_11
4235:board/stm32f401rct6/Drivers/STM32F4xx_HAL_Driver/Inc/stm32f4xx_ll_rcc.h ****   *         @arg @ref LL_RCC_PLLM_DIV_12
4236:board/stm32f401rct6/Drivers/STM32F4xx_HAL_Driver/Inc/stm32f4xx_ll_rcc.h ****   *         @arg @ref LL_RCC_PLLM_DIV_13
4237:board/stm32f401rct6/Drivers/STM32F4xx_HAL_Driver/Inc/stm32f4xx_ll_rcc.h ****   *         @arg @ref LL_RCC_PLLM_DIV_14
4238:board/stm32f401rct6/Drivers/STM32F4xx_HAL_Driver/Inc/stm32f4xx_ll_rcc.h ****   *         @arg @ref LL_RCC_PLLM_DIV_15
ARM GAS  C:\Users\Admin\AppData\Local\Temp\ccHMtLfr.s 			page 102


4239:board/stm32f401rct6/Drivers/STM32F4xx_HAL_Driver/Inc/stm32f4xx_ll_rcc.h ****   *         @arg @ref LL_RCC_PLLM_DIV_16
4240:board/stm32f401rct6/Drivers/STM32F4xx_HAL_Driver/Inc/stm32f4xx_ll_rcc.h ****   *         @arg @ref LL_RCC_PLLM_DIV_17
4241:board/stm32f401rct6/Drivers/STM32F4xx_HAL_Driver/Inc/stm32f4xx_ll_rcc.h ****   *         @arg @ref LL_RCC_PLLM_DIV_18
4242:board/stm32f401rct6/Drivers/STM32F4xx_HAL_Driver/Inc/stm32f4xx_ll_rcc.h ****   *         @arg @ref LL_RCC_PLLM_DIV_19
4243:board/stm32f401rct6/Drivers/STM32F4xx_HAL_Driver/Inc/stm32f4xx_ll_rcc.h ****   *         @arg @ref LL_RCC_PLLM_DIV_20
4244:board/stm32f401rct6/Drivers/STM32F4xx_HAL_Driver/Inc/stm32f4xx_ll_rcc.h ****   *         @arg @ref LL_RCC_PLLM_DIV_21
4245:board/stm32f401rct6/Drivers/STM32F4xx_HAL_Driver/Inc/stm32f4xx_ll_rcc.h ****   *         @arg @ref LL_RCC_PLLM_DIV_22
4246:board/stm32f401rct6/Drivers/STM32F4xx_HAL_Driver/Inc/stm32f4xx_ll_rcc.h ****   *         @arg @ref LL_RCC_PLLM_DIV_23
4247:board/stm32f401rct6/Drivers/STM32F4xx_HAL_Driver/Inc/stm32f4xx_ll_rcc.h ****   *         @arg @ref LL_RCC_PLLM_DIV_24
4248:board/stm32f401rct6/Drivers/STM32F4xx_HAL_Driver/Inc/stm32f4xx_ll_rcc.h ****   *         @arg @ref LL_RCC_PLLM_DIV_25
4249:board/stm32f401rct6/Drivers/STM32F4xx_HAL_Driver/Inc/stm32f4xx_ll_rcc.h ****   *         @arg @ref LL_RCC_PLLM_DIV_26
4250:board/stm32f401rct6/Drivers/STM32F4xx_HAL_Driver/Inc/stm32f4xx_ll_rcc.h ****   *         @arg @ref LL_RCC_PLLM_DIV_27
4251:board/stm32f401rct6/Drivers/STM32F4xx_HAL_Driver/Inc/stm32f4xx_ll_rcc.h ****   *         @arg @ref LL_RCC_PLLM_DIV_28
4252:board/stm32f401rct6/Drivers/STM32F4xx_HAL_Driver/Inc/stm32f4xx_ll_rcc.h ****   *         @arg @ref LL_RCC_PLLM_DIV_29
4253:board/stm32f401rct6/Drivers/STM32F4xx_HAL_Driver/Inc/stm32f4xx_ll_rcc.h ****   *         @arg @ref LL_RCC_PLLM_DIV_30
4254:board/stm32f401rct6/Drivers/STM32F4xx_HAL_Driver/Inc/stm32f4xx_ll_rcc.h ****   *         @arg @ref LL_RCC_PLLM_DIV_31
4255:board/stm32f401rct6/Drivers/STM32F4xx_HAL_Driver/Inc/stm32f4xx_ll_rcc.h ****   *         @arg @ref LL_RCC_PLLM_DIV_32
4256:board/stm32f401rct6/Drivers/STM32F4xx_HAL_Driver/Inc/stm32f4xx_ll_rcc.h ****   *         @arg @ref LL_RCC_PLLM_DIV_33
4257:board/stm32f401rct6/Drivers/STM32F4xx_HAL_Driver/Inc/stm32f4xx_ll_rcc.h ****   *         @arg @ref LL_RCC_PLLM_DIV_34
4258:board/stm32f401rct6/Drivers/STM32F4xx_HAL_Driver/Inc/stm32f4xx_ll_rcc.h ****   *         @arg @ref LL_RCC_PLLM_DIV_35
4259:board/stm32f401rct6/Drivers/STM32F4xx_HAL_Driver/Inc/stm32f4xx_ll_rcc.h ****   *         @arg @ref LL_RCC_PLLM_DIV_36
4260:board/stm32f401rct6/Drivers/STM32F4xx_HAL_Driver/Inc/stm32f4xx_ll_rcc.h ****   *         @arg @ref LL_RCC_PLLM_DIV_37
4261:board/stm32f401rct6/Drivers/STM32F4xx_HAL_Driver/Inc/stm32f4xx_ll_rcc.h ****   *         @arg @ref LL_RCC_PLLM_DIV_38
4262:board/stm32f401rct6/Drivers/STM32F4xx_HAL_Driver/Inc/stm32f4xx_ll_rcc.h ****   *         @arg @ref LL_RCC_PLLM_DIV_39
4263:board/stm32f401rct6/Drivers/STM32F4xx_HAL_Driver/Inc/stm32f4xx_ll_rcc.h ****   *         @arg @ref LL_RCC_PLLM_DIV_40
4264:board/stm32f401rct6/Drivers/STM32F4xx_HAL_Driver/Inc/stm32f4xx_ll_rcc.h ****   *         @arg @ref LL_RCC_PLLM_DIV_41
4265:board/stm32f401rct6/Drivers/STM32F4xx_HAL_Driver/Inc/stm32f4xx_ll_rcc.h ****   *         @arg @ref LL_RCC_PLLM_DIV_42
4266:board/stm32f401rct6/Drivers/STM32F4xx_HAL_Driver/Inc/stm32f4xx_ll_rcc.h ****   *         @arg @ref LL_RCC_PLLM_DIV_43
4267:board/stm32f401rct6/Drivers/STM32F4xx_HAL_Driver/Inc/stm32f4xx_ll_rcc.h ****   *         @arg @ref LL_RCC_PLLM_DIV_44
4268:board/stm32f401rct6/Drivers/STM32F4xx_HAL_Driver/Inc/stm32f4xx_ll_rcc.h ****   *         @arg @ref LL_RCC_PLLM_DIV_45
4269:board/stm32f401rct6/Drivers/STM32F4xx_HAL_Driver/Inc/stm32f4xx_ll_rcc.h ****   *         @arg @ref LL_RCC_PLLM_DIV_46
4270:board/stm32f401rct6/Drivers/STM32F4xx_HAL_Driver/Inc/stm32f4xx_ll_rcc.h ****   *         @arg @ref LL_RCC_PLLM_DIV_47
4271:board/stm32f401rct6/Drivers/STM32F4xx_HAL_Driver/Inc/stm32f4xx_ll_rcc.h ****   *         @arg @ref LL_RCC_PLLM_DIV_48
4272:board/stm32f401rct6/Drivers/STM32F4xx_HAL_Driver/Inc/stm32f4xx_ll_rcc.h ****   *         @arg @ref LL_RCC_PLLM_DIV_49
4273:board/stm32f401rct6/Drivers/STM32F4xx_HAL_Driver/Inc/stm32f4xx_ll_rcc.h ****   *         @arg @ref LL_RCC_PLLM_DIV_50
4274:board/stm32f401rct6/Drivers/STM32F4xx_HAL_Driver/Inc/stm32f4xx_ll_rcc.h ****   *         @arg @ref LL_RCC_PLLM_DIV_51
4275:board/stm32f401rct6/Drivers/STM32F4xx_HAL_Driver/Inc/stm32f4xx_ll_rcc.h ****   *         @arg @ref LL_RCC_PLLM_DIV_52
4276:board/stm32f401rct6/Drivers/STM32F4xx_HAL_Driver/Inc/stm32f4xx_ll_rcc.h ****   *         @arg @ref LL_RCC_PLLM_DIV_53
4277:board/stm32f401rct6/Drivers/STM32F4xx_HAL_Driver/Inc/stm32f4xx_ll_rcc.h ****   *         @arg @ref LL_RCC_PLLM_DIV_54
4278:board/stm32f401rct6/Drivers/STM32F4xx_HAL_Driver/Inc/stm32f4xx_ll_rcc.h ****   *         @arg @ref LL_RCC_PLLM_DIV_55
4279:board/stm32f401rct6/Drivers/STM32F4xx_HAL_Driver/Inc/stm32f4xx_ll_rcc.h ****   *         @arg @ref LL_RCC_PLLM_DIV_56
4280:board/stm32f401rct6/Drivers/STM32F4xx_HAL_Driver/Inc/stm32f4xx_ll_rcc.h ****   *         @arg @ref LL_RCC_PLLM_DIV_57
4281:board/stm32f401rct6/Drivers/STM32F4xx_HAL_Driver/Inc/stm32f4xx_ll_rcc.h ****   *         @arg @ref LL_RCC_PLLM_DIV_58
4282:board/stm32f401rct6/Drivers/STM32F4xx_HAL_Driver/Inc/stm32f4xx_ll_rcc.h ****   *         @arg @ref LL_RCC_PLLM_DIV_59
4283:board/stm32f401rct6/Drivers/STM32F4xx_HAL_Driver/Inc/stm32f4xx_ll_rcc.h ****   *         @arg @ref LL_RCC_PLLM_DIV_60
4284:board/stm32f401rct6/Drivers/STM32F4xx_HAL_Driver/Inc/stm32f4xx_ll_rcc.h ****   *         @arg @ref LL_RCC_PLLM_DIV_61
4285:board/stm32f401rct6/Drivers/STM32F4xx_HAL_Driver/Inc/stm32f4xx_ll_rcc.h ****   *         @arg @ref LL_RCC_PLLM_DIV_62
4286:board/stm32f401rct6/Drivers/STM32F4xx_HAL_Driver/Inc/stm32f4xx_ll_rcc.h ****   *         @arg @ref LL_RCC_PLLM_DIV_63
4287:board/stm32f401rct6/Drivers/STM32F4xx_HAL_Driver/Inc/stm32f4xx_ll_rcc.h ****   * @param  PLLN Between 50/192(*) and 432
4288:board/stm32f401rct6/Drivers/STM32F4xx_HAL_Driver/Inc/stm32f4xx_ll_rcc.h ****   *
4289:board/stm32f401rct6/Drivers/STM32F4xx_HAL_Driver/Inc/stm32f4xx_ll_rcc.h ****   *         (*) value not defined in all devices.
4290:board/stm32f401rct6/Drivers/STM32F4xx_HAL_Driver/Inc/stm32f4xx_ll_rcc.h ****   * @param  PLLP_R This parameter can be one of the following values:
4291:board/stm32f401rct6/Drivers/STM32F4xx_HAL_Driver/Inc/stm32f4xx_ll_rcc.h ****   *         @arg @ref LL_RCC_PLLP_DIV_2
4292:board/stm32f401rct6/Drivers/STM32F4xx_HAL_Driver/Inc/stm32f4xx_ll_rcc.h ****   *         @arg @ref LL_RCC_PLLP_DIV_4
4293:board/stm32f401rct6/Drivers/STM32F4xx_HAL_Driver/Inc/stm32f4xx_ll_rcc.h ****   *         @arg @ref LL_RCC_PLLP_DIV_6
4294:board/stm32f401rct6/Drivers/STM32F4xx_HAL_Driver/Inc/stm32f4xx_ll_rcc.h ****   *         @arg @ref LL_RCC_PLLP_DIV_8
4295:board/stm32f401rct6/Drivers/STM32F4xx_HAL_Driver/Inc/stm32f4xx_ll_rcc.h ****   *         @arg @ref LL_RCC_PLLR_DIV_2 (*)
ARM GAS  C:\Users\Admin\AppData\Local\Temp\ccHMtLfr.s 			page 103


4296:board/stm32f401rct6/Drivers/STM32F4xx_HAL_Driver/Inc/stm32f4xx_ll_rcc.h ****   *         @arg @ref LL_RCC_PLLR_DIV_3 (*)
4297:board/stm32f401rct6/Drivers/STM32F4xx_HAL_Driver/Inc/stm32f4xx_ll_rcc.h ****   *         @arg @ref LL_RCC_PLLR_DIV_4 (*)
4298:board/stm32f401rct6/Drivers/STM32F4xx_HAL_Driver/Inc/stm32f4xx_ll_rcc.h ****   *         @arg @ref LL_RCC_PLLR_DIV_5 (*)
4299:board/stm32f401rct6/Drivers/STM32F4xx_HAL_Driver/Inc/stm32f4xx_ll_rcc.h ****   *         @arg @ref LL_RCC_PLLR_DIV_6 (*)
4300:board/stm32f401rct6/Drivers/STM32F4xx_HAL_Driver/Inc/stm32f4xx_ll_rcc.h ****   *         @arg @ref LL_RCC_PLLR_DIV_7 (*)
4301:board/stm32f401rct6/Drivers/STM32F4xx_HAL_Driver/Inc/stm32f4xx_ll_rcc.h ****   *
4302:board/stm32f401rct6/Drivers/STM32F4xx_HAL_Driver/Inc/stm32f4xx_ll_rcc.h ****   *         (*) value not defined in all devices.
4303:board/stm32f401rct6/Drivers/STM32F4xx_HAL_Driver/Inc/stm32f4xx_ll_rcc.h ****   * @retval None
4304:board/stm32f401rct6/Drivers/STM32F4xx_HAL_Driver/Inc/stm32f4xx_ll_rcc.h ****   */
4305:board/stm32f401rct6/Drivers/STM32F4xx_HAL_Driver/Inc/stm32f4xx_ll_rcc.h **** __STATIC_INLINE void LL_RCC_PLL_ConfigDomain_SYS(uint32_t Source, uint32_t PLLM, uint32_t PLLN, uin
4306:board/stm32f401rct6/Drivers/STM32F4xx_HAL_Driver/Inc/stm32f4xx_ll_rcc.h **** {
4307:board/stm32f401rct6/Drivers/STM32F4xx_HAL_Driver/Inc/stm32f4xx_ll_rcc.h ****   MODIFY_REG(RCC->PLLCFGR, RCC_PLLCFGR_PLLSRC | RCC_PLLCFGR_PLLM | RCC_PLLCFGR_PLLN,
4308:board/stm32f401rct6/Drivers/STM32F4xx_HAL_Driver/Inc/stm32f4xx_ll_rcc.h ****              Source | PLLM | PLLN << RCC_PLLCFGR_PLLN_Pos);
4309:board/stm32f401rct6/Drivers/STM32F4xx_HAL_Driver/Inc/stm32f4xx_ll_rcc.h ****   MODIFY_REG(RCC->PLLCFGR, RCC_PLLCFGR_PLLP, PLLP_R);
4310:board/stm32f401rct6/Drivers/STM32F4xx_HAL_Driver/Inc/stm32f4xx_ll_rcc.h **** #if defined(RCC_PLLR_SYSCLK_SUPPORT)
4311:board/stm32f401rct6/Drivers/STM32F4xx_HAL_Driver/Inc/stm32f4xx_ll_rcc.h ****   MODIFY_REG(RCC->PLLCFGR, RCC_PLLCFGR_PLLR, PLLP_R);
4312:board/stm32f401rct6/Drivers/STM32F4xx_HAL_Driver/Inc/stm32f4xx_ll_rcc.h **** #endif /* RCC_PLLR_SYSCLK_SUPPORT */
4313:board/stm32f401rct6/Drivers/STM32F4xx_HAL_Driver/Inc/stm32f4xx_ll_rcc.h **** }
4314:board/stm32f401rct6/Drivers/STM32F4xx_HAL_Driver/Inc/stm32f4xx_ll_rcc.h **** 
4315:board/stm32f401rct6/Drivers/STM32F4xx_HAL_Driver/Inc/stm32f4xx_ll_rcc.h **** /**
4316:board/stm32f401rct6/Drivers/STM32F4xx_HAL_Driver/Inc/stm32f4xx_ll_rcc.h ****   * @brief  Configure PLL used for 48Mhz domain clock
4317:board/stm32f401rct6/Drivers/STM32F4xx_HAL_Driver/Inc/stm32f4xx_ll_rcc.h ****   * @note PLL Source and PLLM Divider can be written only when PLL,
4318:board/stm32f401rct6/Drivers/STM32F4xx_HAL_Driver/Inc/stm32f4xx_ll_rcc.h ****   *       PLLI2S and PLLSAI(*) are disabled
4319:board/stm32f401rct6/Drivers/STM32F4xx_HAL_Driver/Inc/stm32f4xx_ll_rcc.h ****   * @note PLLN/PLLQ can be written only when PLL is disabled
4320:board/stm32f401rct6/Drivers/STM32F4xx_HAL_Driver/Inc/stm32f4xx_ll_rcc.h ****   * @note This  can be selected for USB, RNG, SDIO
4321:board/stm32f401rct6/Drivers/STM32F4xx_HAL_Driver/Inc/stm32f4xx_ll_rcc.h ****   * @rmtoll PLLCFGR      PLLSRC        LL_RCC_PLL_ConfigDomain_48M\n
4322:board/stm32f401rct6/Drivers/STM32F4xx_HAL_Driver/Inc/stm32f4xx_ll_rcc.h ****   *         PLLCFGR      PLLM          LL_RCC_PLL_ConfigDomain_48M\n
4323:board/stm32f401rct6/Drivers/STM32F4xx_HAL_Driver/Inc/stm32f4xx_ll_rcc.h ****   *         PLLCFGR      PLLN          LL_RCC_PLL_ConfigDomain_48M\n
4324:board/stm32f401rct6/Drivers/STM32F4xx_HAL_Driver/Inc/stm32f4xx_ll_rcc.h ****   *         PLLCFGR      PLLQ          LL_RCC_PLL_ConfigDomain_48M
4325:board/stm32f401rct6/Drivers/STM32F4xx_HAL_Driver/Inc/stm32f4xx_ll_rcc.h ****   * @param  Source This parameter can be one of the following values:
4326:board/stm32f401rct6/Drivers/STM32F4xx_HAL_Driver/Inc/stm32f4xx_ll_rcc.h ****   *         @arg @ref LL_RCC_PLLSOURCE_HSI
4327:board/stm32f401rct6/Drivers/STM32F4xx_HAL_Driver/Inc/stm32f4xx_ll_rcc.h ****   *         @arg @ref LL_RCC_PLLSOURCE_HSE
4328:board/stm32f401rct6/Drivers/STM32F4xx_HAL_Driver/Inc/stm32f4xx_ll_rcc.h ****   * @param  PLLM This parameter can be one of the following values:
4329:board/stm32f401rct6/Drivers/STM32F4xx_HAL_Driver/Inc/stm32f4xx_ll_rcc.h ****   *         @arg @ref LL_RCC_PLLM_DIV_2
4330:board/stm32f401rct6/Drivers/STM32F4xx_HAL_Driver/Inc/stm32f4xx_ll_rcc.h ****   *         @arg @ref LL_RCC_PLLM_DIV_3
4331:board/stm32f401rct6/Drivers/STM32F4xx_HAL_Driver/Inc/stm32f4xx_ll_rcc.h ****   *         @arg @ref LL_RCC_PLLM_DIV_4
4332:board/stm32f401rct6/Drivers/STM32F4xx_HAL_Driver/Inc/stm32f4xx_ll_rcc.h ****   *         @arg @ref LL_RCC_PLLM_DIV_5
4333:board/stm32f401rct6/Drivers/STM32F4xx_HAL_Driver/Inc/stm32f4xx_ll_rcc.h ****   *         @arg @ref LL_RCC_PLLM_DIV_6
4334:board/stm32f401rct6/Drivers/STM32F4xx_HAL_Driver/Inc/stm32f4xx_ll_rcc.h ****   *         @arg @ref LL_RCC_PLLM_DIV_7
4335:board/stm32f401rct6/Drivers/STM32F4xx_HAL_Driver/Inc/stm32f4xx_ll_rcc.h ****   *         @arg @ref LL_RCC_PLLM_DIV_8
4336:board/stm32f401rct6/Drivers/STM32F4xx_HAL_Driver/Inc/stm32f4xx_ll_rcc.h ****   *         @arg @ref LL_RCC_PLLM_DIV_9
4337:board/stm32f401rct6/Drivers/STM32F4xx_HAL_Driver/Inc/stm32f4xx_ll_rcc.h ****   *         @arg @ref LL_RCC_PLLM_DIV_10
4338:board/stm32f401rct6/Drivers/STM32F4xx_HAL_Driver/Inc/stm32f4xx_ll_rcc.h ****   *         @arg @ref LL_RCC_PLLM_DIV_11
4339:board/stm32f401rct6/Drivers/STM32F4xx_HAL_Driver/Inc/stm32f4xx_ll_rcc.h ****   *         @arg @ref LL_RCC_PLLM_DIV_12
4340:board/stm32f401rct6/Drivers/STM32F4xx_HAL_Driver/Inc/stm32f4xx_ll_rcc.h ****   *         @arg @ref LL_RCC_PLLM_DIV_13
4341:board/stm32f401rct6/Drivers/STM32F4xx_HAL_Driver/Inc/stm32f4xx_ll_rcc.h ****   *         @arg @ref LL_RCC_PLLM_DIV_14
4342:board/stm32f401rct6/Drivers/STM32F4xx_HAL_Driver/Inc/stm32f4xx_ll_rcc.h ****   *         @arg @ref LL_RCC_PLLM_DIV_15
4343:board/stm32f401rct6/Drivers/STM32F4xx_HAL_Driver/Inc/stm32f4xx_ll_rcc.h ****   *         @arg @ref LL_RCC_PLLM_DIV_16
4344:board/stm32f401rct6/Drivers/STM32F4xx_HAL_Driver/Inc/stm32f4xx_ll_rcc.h ****   *         @arg @ref LL_RCC_PLLM_DIV_17
4345:board/stm32f401rct6/Drivers/STM32F4xx_HAL_Driver/Inc/stm32f4xx_ll_rcc.h ****   *         @arg @ref LL_RCC_PLLM_DIV_18
4346:board/stm32f401rct6/Drivers/STM32F4xx_HAL_Driver/Inc/stm32f4xx_ll_rcc.h ****   *         @arg @ref LL_RCC_PLLM_DIV_19
4347:board/stm32f401rct6/Drivers/STM32F4xx_HAL_Driver/Inc/stm32f4xx_ll_rcc.h ****   *         @arg @ref LL_RCC_PLLM_DIV_20
4348:board/stm32f401rct6/Drivers/STM32F4xx_HAL_Driver/Inc/stm32f4xx_ll_rcc.h ****   *         @arg @ref LL_RCC_PLLM_DIV_21
4349:board/stm32f401rct6/Drivers/STM32F4xx_HAL_Driver/Inc/stm32f4xx_ll_rcc.h ****   *         @arg @ref LL_RCC_PLLM_DIV_22
4350:board/stm32f401rct6/Drivers/STM32F4xx_HAL_Driver/Inc/stm32f4xx_ll_rcc.h ****   *         @arg @ref LL_RCC_PLLM_DIV_23
4351:board/stm32f401rct6/Drivers/STM32F4xx_HAL_Driver/Inc/stm32f4xx_ll_rcc.h ****   *         @arg @ref LL_RCC_PLLM_DIV_24
4352:board/stm32f401rct6/Drivers/STM32F4xx_HAL_Driver/Inc/stm32f4xx_ll_rcc.h ****   *         @arg @ref LL_RCC_PLLM_DIV_25
ARM GAS  C:\Users\Admin\AppData\Local\Temp\ccHMtLfr.s 			page 104


4353:board/stm32f401rct6/Drivers/STM32F4xx_HAL_Driver/Inc/stm32f4xx_ll_rcc.h ****   *         @arg @ref LL_RCC_PLLM_DIV_26
4354:board/stm32f401rct6/Drivers/STM32F4xx_HAL_Driver/Inc/stm32f4xx_ll_rcc.h ****   *         @arg @ref LL_RCC_PLLM_DIV_27
4355:board/stm32f401rct6/Drivers/STM32F4xx_HAL_Driver/Inc/stm32f4xx_ll_rcc.h ****   *         @arg @ref LL_RCC_PLLM_DIV_28
4356:board/stm32f401rct6/Drivers/STM32F4xx_HAL_Driver/Inc/stm32f4xx_ll_rcc.h ****   *         @arg @ref LL_RCC_PLLM_DIV_29
4357:board/stm32f401rct6/Drivers/STM32F4xx_HAL_Driver/Inc/stm32f4xx_ll_rcc.h ****   *         @arg @ref LL_RCC_PLLM_DIV_30
4358:board/stm32f401rct6/Drivers/STM32F4xx_HAL_Driver/Inc/stm32f4xx_ll_rcc.h ****   *         @arg @ref LL_RCC_PLLM_DIV_31
4359:board/stm32f401rct6/Drivers/STM32F4xx_HAL_Driver/Inc/stm32f4xx_ll_rcc.h ****   *         @arg @ref LL_RCC_PLLM_DIV_32
4360:board/stm32f401rct6/Drivers/STM32F4xx_HAL_Driver/Inc/stm32f4xx_ll_rcc.h ****   *         @arg @ref LL_RCC_PLLM_DIV_33
4361:board/stm32f401rct6/Drivers/STM32F4xx_HAL_Driver/Inc/stm32f4xx_ll_rcc.h ****   *         @arg @ref LL_RCC_PLLM_DIV_34
4362:board/stm32f401rct6/Drivers/STM32F4xx_HAL_Driver/Inc/stm32f4xx_ll_rcc.h ****   *         @arg @ref LL_RCC_PLLM_DIV_35
4363:board/stm32f401rct6/Drivers/STM32F4xx_HAL_Driver/Inc/stm32f4xx_ll_rcc.h ****   *         @arg @ref LL_RCC_PLLM_DIV_36
4364:board/stm32f401rct6/Drivers/STM32F4xx_HAL_Driver/Inc/stm32f4xx_ll_rcc.h ****   *         @arg @ref LL_RCC_PLLM_DIV_37
4365:board/stm32f401rct6/Drivers/STM32F4xx_HAL_Driver/Inc/stm32f4xx_ll_rcc.h ****   *         @arg @ref LL_RCC_PLLM_DIV_38
4366:board/stm32f401rct6/Drivers/STM32F4xx_HAL_Driver/Inc/stm32f4xx_ll_rcc.h ****   *         @arg @ref LL_RCC_PLLM_DIV_39
4367:board/stm32f401rct6/Drivers/STM32F4xx_HAL_Driver/Inc/stm32f4xx_ll_rcc.h ****   *         @arg @ref LL_RCC_PLLM_DIV_40
4368:board/stm32f401rct6/Drivers/STM32F4xx_HAL_Driver/Inc/stm32f4xx_ll_rcc.h ****   *         @arg @ref LL_RCC_PLLM_DIV_41
4369:board/stm32f401rct6/Drivers/STM32F4xx_HAL_Driver/Inc/stm32f4xx_ll_rcc.h ****   *         @arg @ref LL_RCC_PLLM_DIV_42
4370:board/stm32f401rct6/Drivers/STM32F4xx_HAL_Driver/Inc/stm32f4xx_ll_rcc.h ****   *         @arg @ref LL_RCC_PLLM_DIV_43
4371:board/stm32f401rct6/Drivers/STM32F4xx_HAL_Driver/Inc/stm32f4xx_ll_rcc.h ****   *         @arg @ref LL_RCC_PLLM_DIV_44
4372:board/stm32f401rct6/Drivers/STM32F4xx_HAL_Driver/Inc/stm32f4xx_ll_rcc.h ****   *         @arg @ref LL_RCC_PLLM_DIV_45
4373:board/stm32f401rct6/Drivers/STM32F4xx_HAL_Driver/Inc/stm32f4xx_ll_rcc.h ****   *         @arg @ref LL_RCC_PLLM_DIV_46
4374:board/stm32f401rct6/Drivers/STM32F4xx_HAL_Driver/Inc/stm32f4xx_ll_rcc.h ****   *         @arg @ref LL_RCC_PLLM_DIV_47
4375:board/stm32f401rct6/Drivers/STM32F4xx_HAL_Driver/Inc/stm32f4xx_ll_rcc.h ****   *         @arg @ref LL_RCC_PLLM_DIV_48
4376:board/stm32f401rct6/Drivers/STM32F4xx_HAL_Driver/Inc/stm32f4xx_ll_rcc.h ****   *         @arg @ref LL_RCC_PLLM_DIV_49
4377:board/stm32f401rct6/Drivers/STM32F4xx_HAL_Driver/Inc/stm32f4xx_ll_rcc.h ****   *         @arg @ref LL_RCC_PLLM_DIV_50
4378:board/stm32f401rct6/Drivers/STM32F4xx_HAL_Driver/Inc/stm32f4xx_ll_rcc.h ****   *         @arg @ref LL_RCC_PLLM_DIV_51
4379:board/stm32f401rct6/Drivers/STM32F4xx_HAL_Driver/Inc/stm32f4xx_ll_rcc.h ****   *         @arg @ref LL_RCC_PLLM_DIV_52
4380:board/stm32f401rct6/Drivers/STM32F4xx_HAL_Driver/Inc/stm32f4xx_ll_rcc.h ****   *         @arg @ref LL_RCC_PLLM_DIV_53
4381:board/stm32f401rct6/Drivers/STM32F4xx_HAL_Driver/Inc/stm32f4xx_ll_rcc.h ****   *         @arg @ref LL_RCC_PLLM_DIV_54
4382:board/stm32f401rct6/Drivers/STM32F4xx_HAL_Driver/Inc/stm32f4xx_ll_rcc.h ****   *         @arg @ref LL_RCC_PLLM_DIV_55
4383:board/stm32f401rct6/Drivers/STM32F4xx_HAL_Driver/Inc/stm32f4xx_ll_rcc.h ****   *         @arg @ref LL_RCC_PLLM_DIV_56
4384:board/stm32f401rct6/Drivers/STM32F4xx_HAL_Driver/Inc/stm32f4xx_ll_rcc.h ****   *         @arg @ref LL_RCC_PLLM_DIV_57
4385:board/stm32f401rct6/Drivers/STM32F4xx_HAL_Driver/Inc/stm32f4xx_ll_rcc.h ****   *         @arg @ref LL_RCC_PLLM_DIV_58
4386:board/stm32f401rct6/Drivers/STM32F4xx_HAL_Driver/Inc/stm32f4xx_ll_rcc.h ****   *         @arg @ref LL_RCC_PLLM_DIV_59
4387:board/stm32f401rct6/Drivers/STM32F4xx_HAL_Driver/Inc/stm32f4xx_ll_rcc.h ****   *         @arg @ref LL_RCC_PLLM_DIV_60
4388:board/stm32f401rct6/Drivers/STM32F4xx_HAL_Driver/Inc/stm32f4xx_ll_rcc.h ****   *         @arg @ref LL_RCC_PLLM_DIV_61
4389:board/stm32f401rct6/Drivers/STM32F4xx_HAL_Driver/Inc/stm32f4xx_ll_rcc.h ****   *         @arg @ref LL_RCC_PLLM_DIV_62
4390:board/stm32f401rct6/Drivers/STM32F4xx_HAL_Driver/Inc/stm32f4xx_ll_rcc.h ****   *         @arg @ref LL_RCC_PLLM_DIV_63
4391:board/stm32f401rct6/Drivers/STM32F4xx_HAL_Driver/Inc/stm32f4xx_ll_rcc.h ****   * @param  PLLN Between 50/192(*) and 432
4392:board/stm32f401rct6/Drivers/STM32F4xx_HAL_Driver/Inc/stm32f4xx_ll_rcc.h ****   *
4393:board/stm32f401rct6/Drivers/STM32F4xx_HAL_Driver/Inc/stm32f4xx_ll_rcc.h ****   *         (*) value not defined in all devices.
4394:board/stm32f401rct6/Drivers/STM32F4xx_HAL_Driver/Inc/stm32f4xx_ll_rcc.h ****   * @param  PLLQ This parameter can be one of the following values:
4395:board/stm32f401rct6/Drivers/STM32F4xx_HAL_Driver/Inc/stm32f4xx_ll_rcc.h ****   *         @arg @ref LL_RCC_PLLQ_DIV_2
4396:board/stm32f401rct6/Drivers/STM32F4xx_HAL_Driver/Inc/stm32f4xx_ll_rcc.h ****   *         @arg @ref LL_RCC_PLLQ_DIV_3
4397:board/stm32f401rct6/Drivers/STM32F4xx_HAL_Driver/Inc/stm32f4xx_ll_rcc.h ****   *         @arg @ref LL_RCC_PLLQ_DIV_4
4398:board/stm32f401rct6/Drivers/STM32F4xx_HAL_Driver/Inc/stm32f4xx_ll_rcc.h ****   *         @arg @ref LL_RCC_PLLQ_DIV_5
4399:board/stm32f401rct6/Drivers/STM32F4xx_HAL_Driver/Inc/stm32f4xx_ll_rcc.h ****   *         @arg @ref LL_RCC_PLLQ_DIV_6
4400:board/stm32f401rct6/Drivers/STM32F4xx_HAL_Driver/Inc/stm32f4xx_ll_rcc.h ****   *         @arg @ref LL_RCC_PLLQ_DIV_7
4401:board/stm32f401rct6/Drivers/STM32F4xx_HAL_Driver/Inc/stm32f4xx_ll_rcc.h ****   *         @arg @ref LL_RCC_PLLQ_DIV_8
4402:board/stm32f401rct6/Drivers/STM32F4xx_HAL_Driver/Inc/stm32f4xx_ll_rcc.h ****   *         @arg @ref LL_RCC_PLLQ_DIV_9
4403:board/stm32f401rct6/Drivers/STM32F4xx_HAL_Driver/Inc/stm32f4xx_ll_rcc.h ****   *         @arg @ref LL_RCC_PLLQ_DIV_10
4404:board/stm32f401rct6/Drivers/STM32F4xx_HAL_Driver/Inc/stm32f4xx_ll_rcc.h ****   *         @arg @ref LL_RCC_PLLQ_DIV_11
4405:board/stm32f401rct6/Drivers/STM32F4xx_HAL_Driver/Inc/stm32f4xx_ll_rcc.h ****   *         @arg @ref LL_RCC_PLLQ_DIV_12
4406:board/stm32f401rct6/Drivers/STM32F4xx_HAL_Driver/Inc/stm32f4xx_ll_rcc.h ****   *         @arg @ref LL_RCC_PLLQ_DIV_13
4407:board/stm32f401rct6/Drivers/STM32F4xx_HAL_Driver/Inc/stm32f4xx_ll_rcc.h ****   *         @arg @ref LL_RCC_PLLQ_DIV_14
4408:board/stm32f401rct6/Drivers/STM32F4xx_HAL_Driver/Inc/stm32f4xx_ll_rcc.h ****   *         @arg @ref LL_RCC_PLLQ_DIV_15
4409:board/stm32f401rct6/Drivers/STM32F4xx_HAL_Driver/Inc/stm32f4xx_ll_rcc.h ****   * @retval None
ARM GAS  C:\Users\Admin\AppData\Local\Temp\ccHMtLfr.s 			page 105


4410:board/stm32f401rct6/Drivers/STM32F4xx_HAL_Driver/Inc/stm32f4xx_ll_rcc.h ****   */
4411:board/stm32f401rct6/Drivers/STM32F4xx_HAL_Driver/Inc/stm32f4xx_ll_rcc.h **** __STATIC_INLINE void LL_RCC_PLL_ConfigDomain_48M(uint32_t Source, uint32_t PLLM, uint32_t PLLN, uin
4412:board/stm32f401rct6/Drivers/STM32F4xx_HAL_Driver/Inc/stm32f4xx_ll_rcc.h **** {
4413:board/stm32f401rct6/Drivers/STM32F4xx_HAL_Driver/Inc/stm32f4xx_ll_rcc.h ****   MODIFY_REG(RCC->PLLCFGR, RCC_PLLCFGR_PLLSRC | RCC_PLLCFGR_PLLM | RCC_PLLCFGR_PLLN | RCC_PLLCFGR_P
4414:board/stm32f401rct6/Drivers/STM32F4xx_HAL_Driver/Inc/stm32f4xx_ll_rcc.h ****              Source | PLLM | PLLN << RCC_PLLCFGR_PLLN_Pos | PLLQ);
4415:board/stm32f401rct6/Drivers/STM32F4xx_HAL_Driver/Inc/stm32f4xx_ll_rcc.h **** }
4416:board/stm32f401rct6/Drivers/STM32F4xx_HAL_Driver/Inc/stm32f4xx_ll_rcc.h **** 
4417:board/stm32f401rct6/Drivers/STM32F4xx_HAL_Driver/Inc/stm32f4xx_ll_rcc.h **** #if defined(DSI)
4418:board/stm32f401rct6/Drivers/STM32F4xx_HAL_Driver/Inc/stm32f4xx_ll_rcc.h **** /**
4419:board/stm32f401rct6/Drivers/STM32F4xx_HAL_Driver/Inc/stm32f4xx_ll_rcc.h ****   * @brief  Configure PLL used for DSI clock
4420:board/stm32f401rct6/Drivers/STM32F4xx_HAL_Driver/Inc/stm32f4xx_ll_rcc.h ****   * @note PLL Source and PLLM Divider can be written only when PLL,
4421:board/stm32f401rct6/Drivers/STM32F4xx_HAL_Driver/Inc/stm32f4xx_ll_rcc.h ****   *       PLLI2S and PLLSAI are disabled
4422:board/stm32f401rct6/Drivers/STM32F4xx_HAL_Driver/Inc/stm32f4xx_ll_rcc.h ****   * @note PLLN/PLLR can be written only when PLL is disabled
4423:board/stm32f401rct6/Drivers/STM32F4xx_HAL_Driver/Inc/stm32f4xx_ll_rcc.h ****   * @note This  can be selected for DSI
4424:board/stm32f401rct6/Drivers/STM32F4xx_HAL_Driver/Inc/stm32f4xx_ll_rcc.h ****   * @rmtoll PLLCFGR      PLLSRC        LL_RCC_PLL_ConfigDomain_DSI\n
4425:board/stm32f401rct6/Drivers/STM32F4xx_HAL_Driver/Inc/stm32f4xx_ll_rcc.h ****   *         PLLCFGR      PLLM          LL_RCC_PLL_ConfigDomain_DSI\n
4426:board/stm32f401rct6/Drivers/STM32F4xx_HAL_Driver/Inc/stm32f4xx_ll_rcc.h ****   *         PLLCFGR      PLLN          LL_RCC_PLL_ConfigDomain_DSI\n
4427:board/stm32f401rct6/Drivers/STM32F4xx_HAL_Driver/Inc/stm32f4xx_ll_rcc.h ****   *         PLLCFGR      PLLR          LL_RCC_PLL_ConfigDomain_DSI
4428:board/stm32f401rct6/Drivers/STM32F4xx_HAL_Driver/Inc/stm32f4xx_ll_rcc.h ****   * @param  Source This parameter can be one of the following values:
4429:board/stm32f401rct6/Drivers/STM32F4xx_HAL_Driver/Inc/stm32f4xx_ll_rcc.h ****   *         @arg @ref LL_RCC_PLLSOURCE_HSI
4430:board/stm32f401rct6/Drivers/STM32F4xx_HAL_Driver/Inc/stm32f4xx_ll_rcc.h ****   *         @arg @ref LL_RCC_PLLSOURCE_HSE
4431:board/stm32f401rct6/Drivers/STM32F4xx_HAL_Driver/Inc/stm32f4xx_ll_rcc.h ****   * @param  PLLM This parameter can be one of the following values:
4432:board/stm32f401rct6/Drivers/STM32F4xx_HAL_Driver/Inc/stm32f4xx_ll_rcc.h ****   *         @arg @ref LL_RCC_PLLM_DIV_2
4433:board/stm32f401rct6/Drivers/STM32F4xx_HAL_Driver/Inc/stm32f4xx_ll_rcc.h ****   *         @arg @ref LL_RCC_PLLM_DIV_3
4434:board/stm32f401rct6/Drivers/STM32F4xx_HAL_Driver/Inc/stm32f4xx_ll_rcc.h ****   *         @arg @ref LL_RCC_PLLM_DIV_4
4435:board/stm32f401rct6/Drivers/STM32F4xx_HAL_Driver/Inc/stm32f4xx_ll_rcc.h ****   *         @arg @ref LL_RCC_PLLM_DIV_5
4436:board/stm32f401rct6/Drivers/STM32F4xx_HAL_Driver/Inc/stm32f4xx_ll_rcc.h ****   *         @arg @ref LL_RCC_PLLM_DIV_6
4437:board/stm32f401rct6/Drivers/STM32F4xx_HAL_Driver/Inc/stm32f4xx_ll_rcc.h ****   *         @arg @ref LL_RCC_PLLM_DIV_7
4438:board/stm32f401rct6/Drivers/STM32F4xx_HAL_Driver/Inc/stm32f4xx_ll_rcc.h ****   *         @arg @ref LL_RCC_PLLM_DIV_8
4439:board/stm32f401rct6/Drivers/STM32F4xx_HAL_Driver/Inc/stm32f4xx_ll_rcc.h ****   *         @arg @ref LL_RCC_PLLM_DIV_9
4440:board/stm32f401rct6/Drivers/STM32F4xx_HAL_Driver/Inc/stm32f4xx_ll_rcc.h ****   *         @arg @ref LL_RCC_PLLM_DIV_10
4441:board/stm32f401rct6/Drivers/STM32F4xx_HAL_Driver/Inc/stm32f4xx_ll_rcc.h ****   *         @arg @ref LL_RCC_PLLM_DIV_11
4442:board/stm32f401rct6/Drivers/STM32F4xx_HAL_Driver/Inc/stm32f4xx_ll_rcc.h ****   *         @arg @ref LL_RCC_PLLM_DIV_12
4443:board/stm32f401rct6/Drivers/STM32F4xx_HAL_Driver/Inc/stm32f4xx_ll_rcc.h ****   *         @arg @ref LL_RCC_PLLM_DIV_13
4444:board/stm32f401rct6/Drivers/STM32F4xx_HAL_Driver/Inc/stm32f4xx_ll_rcc.h ****   *         @arg @ref LL_RCC_PLLM_DIV_14
4445:board/stm32f401rct6/Drivers/STM32F4xx_HAL_Driver/Inc/stm32f4xx_ll_rcc.h ****   *         @arg @ref LL_RCC_PLLM_DIV_15
4446:board/stm32f401rct6/Drivers/STM32F4xx_HAL_Driver/Inc/stm32f4xx_ll_rcc.h ****   *         @arg @ref LL_RCC_PLLM_DIV_16
4447:board/stm32f401rct6/Drivers/STM32F4xx_HAL_Driver/Inc/stm32f4xx_ll_rcc.h ****   *         @arg @ref LL_RCC_PLLM_DIV_17
4448:board/stm32f401rct6/Drivers/STM32F4xx_HAL_Driver/Inc/stm32f4xx_ll_rcc.h ****   *         @arg @ref LL_RCC_PLLM_DIV_18
4449:board/stm32f401rct6/Drivers/STM32F4xx_HAL_Driver/Inc/stm32f4xx_ll_rcc.h ****   *         @arg @ref LL_RCC_PLLM_DIV_19
4450:board/stm32f401rct6/Drivers/STM32F4xx_HAL_Driver/Inc/stm32f4xx_ll_rcc.h ****   *         @arg @ref LL_RCC_PLLM_DIV_20
4451:board/stm32f401rct6/Drivers/STM32F4xx_HAL_Driver/Inc/stm32f4xx_ll_rcc.h ****   *         @arg @ref LL_RCC_PLLM_DIV_21
4452:board/stm32f401rct6/Drivers/STM32F4xx_HAL_Driver/Inc/stm32f4xx_ll_rcc.h ****   *         @arg @ref LL_RCC_PLLM_DIV_22
4453:board/stm32f401rct6/Drivers/STM32F4xx_HAL_Driver/Inc/stm32f4xx_ll_rcc.h ****   *         @arg @ref LL_RCC_PLLM_DIV_23
4454:board/stm32f401rct6/Drivers/STM32F4xx_HAL_Driver/Inc/stm32f4xx_ll_rcc.h ****   *         @arg @ref LL_RCC_PLLM_DIV_24
4455:board/stm32f401rct6/Drivers/STM32F4xx_HAL_Driver/Inc/stm32f4xx_ll_rcc.h ****   *         @arg @ref LL_RCC_PLLM_DIV_25
4456:board/stm32f401rct6/Drivers/STM32F4xx_HAL_Driver/Inc/stm32f4xx_ll_rcc.h ****   *         @arg @ref LL_RCC_PLLM_DIV_26
4457:board/stm32f401rct6/Drivers/STM32F4xx_HAL_Driver/Inc/stm32f4xx_ll_rcc.h ****   *         @arg @ref LL_RCC_PLLM_DIV_27
4458:board/stm32f401rct6/Drivers/STM32F4xx_HAL_Driver/Inc/stm32f4xx_ll_rcc.h ****   *         @arg @ref LL_RCC_PLLM_DIV_28
4459:board/stm32f401rct6/Drivers/STM32F4xx_HAL_Driver/Inc/stm32f4xx_ll_rcc.h ****   *         @arg @ref LL_RCC_PLLM_DIV_29
4460:board/stm32f401rct6/Drivers/STM32F4xx_HAL_Driver/Inc/stm32f4xx_ll_rcc.h ****   *         @arg @ref LL_RCC_PLLM_DIV_30
4461:board/stm32f401rct6/Drivers/STM32F4xx_HAL_Driver/Inc/stm32f4xx_ll_rcc.h ****   *         @arg @ref LL_RCC_PLLM_DIV_31
4462:board/stm32f401rct6/Drivers/STM32F4xx_HAL_Driver/Inc/stm32f4xx_ll_rcc.h ****   *         @arg @ref LL_RCC_PLLM_DIV_32
4463:board/stm32f401rct6/Drivers/STM32F4xx_HAL_Driver/Inc/stm32f4xx_ll_rcc.h ****   *         @arg @ref LL_RCC_PLLM_DIV_33
4464:board/stm32f401rct6/Drivers/STM32F4xx_HAL_Driver/Inc/stm32f4xx_ll_rcc.h ****   *         @arg @ref LL_RCC_PLLM_DIV_34
4465:board/stm32f401rct6/Drivers/STM32F4xx_HAL_Driver/Inc/stm32f4xx_ll_rcc.h ****   *         @arg @ref LL_RCC_PLLM_DIV_35
4466:board/stm32f401rct6/Drivers/STM32F4xx_HAL_Driver/Inc/stm32f4xx_ll_rcc.h ****   *         @arg @ref LL_RCC_PLLM_DIV_36
ARM GAS  C:\Users\Admin\AppData\Local\Temp\ccHMtLfr.s 			page 106


4467:board/stm32f401rct6/Drivers/STM32F4xx_HAL_Driver/Inc/stm32f4xx_ll_rcc.h ****   *         @arg @ref LL_RCC_PLLM_DIV_37
4468:board/stm32f401rct6/Drivers/STM32F4xx_HAL_Driver/Inc/stm32f4xx_ll_rcc.h ****   *         @arg @ref LL_RCC_PLLM_DIV_38
4469:board/stm32f401rct6/Drivers/STM32F4xx_HAL_Driver/Inc/stm32f4xx_ll_rcc.h ****   *         @arg @ref LL_RCC_PLLM_DIV_39
4470:board/stm32f401rct6/Drivers/STM32F4xx_HAL_Driver/Inc/stm32f4xx_ll_rcc.h ****   *         @arg @ref LL_RCC_PLLM_DIV_40
4471:board/stm32f401rct6/Drivers/STM32F4xx_HAL_Driver/Inc/stm32f4xx_ll_rcc.h ****   *         @arg @ref LL_RCC_PLLM_DIV_41
4472:board/stm32f401rct6/Drivers/STM32F4xx_HAL_Driver/Inc/stm32f4xx_ll_rcc.h ****   *         @arg @ref LL_RCC_PLLM_DIV_42
4473:board/stm32f401rct6/Drivers/STM32F4xx_HAL_Driver/Inc/stm32f4xx_ll_rcc.h ****   *         @arg @ref LL_RCC_PLLM_DIV_43
4474:board/stm32f401rct6/Drivers/STM32F4xx_HAL_Driver/Inc/stm32f4xx_ll_rcc.h ****   *         @arg @ref LL_RCC_PLLM_DIV_44
4475:board/stm32f401rct6/Drivers/STM32F4xx_HAL_Driver/Inc/stm32f4xx_ll_rcc.h ****   *         @arg @ref LL_RCC_PLLM_DIV_45
4476:board/stm32f401rct6/Drivers/STM32F4xx_HAL_Driver/Inc/stm32f4xx_ll_rcc.h ****   *         @arg @ref LL_RCC_PLLM_DIV_46
4477:board/stm32f401rct6/Drivers/STM32F4xx_HAL_Driver/Inc/stm32f4xx_ll_rcc.h ****   *         @arg @ref LL_RCC_PLLM_DIV_47
4478:board/stm32f401rct6/Drivers/STM32F4xx_HAL_Driver/Inc/stm32f4xx_ll_rcc.h ****   *         @arg @ref LL_RCC_PLLM_DIV_48
4479:board/stm32f401rct6/Drivers/STM32F4xx_HAL_Driver/Inc/stm32f4xx_ll_rcc.h ****   *         @arg @ref LL_RCC_PLLM_DIV_49
4480:board/stm32f401rct6/Drivers/STM32F4xx_HAL_Driver/Inc/stm32f4xx_ll_rcc.h ****   *         @arg @ref LL_RCC_PLLM_DIV_50
4481:board/stm32f401rct6/Drivers/STM32F4xx_HAL_Driver/Inc/stm32f4xx_ll_rcc.h ****   *         @arg @ref LL_RCC_PLLM_DIV_51
4482:board/stm32f401rct6/Drivers/STM32F4xx_HAL_Driver/Inc/stm32f4xx_ll_rcc.h ****   *         @arg @ref LL_RCC_PLLM_DIV_52
4483:board/stm32f401rct6/Drivers/STM32F4xx_HAL_Driver/Inc/stm32f4xx_ll_rcc.h ****   *         @arg @ref LL_RCC_PLLM_DIV_53
4484:board/stm32f401rct6/Drivers/STM32F4xx_HAL_Driver/Inc/stm32f4xx_ll_rcc.h ****   *         @arg @ref LL_RCC_PLLM_DIV_54
4485:board/stm32f401rct6/Drivers/STM32F4xx_HAL_Driver/Inc/stm32f4xx_ll_rcc.h ****   *         @arg @ref LL_RCC_PLLM_DIV_55
4486:board/stm32f401rct6/Drivers/STM32F4xx_HAL_Driver/Inc/stm32f4xx_ll_rcc.h ****   *         @arg @ref LL_RCC_PLLM_DIV_56
4487:board/stm32f401rct6/Drivers/STM32F4xx_HAL_Driver/Inc/stm32f4xx_ll_rcc.h ****   *         @arg @ref LL_RCC_PLLM_DIV_57
4488:board/stm32f401rct6/Drivers/STM32F4xx_HAL_Driver/Inc/stm32f4xx_ll_rcc.h ****   *         @arg @ref LL_RCC_PLLM_DIV_58
4489:board/stm32f401rct6/Drivers/STM32F4xx_HAL_Driver/Inc/stm32f4xx_ll_rcc.h ****   *         @arg @ref LL_RCC_PLLM_DIV_59
4490:board/stm32f401rct6/Drivers/STM32F4xx_HAL_Driver/Inc/stm32f4xx_ll_rcc.h ****   *         @arg @ref LL_RCC_PLLM_DIV_60
4491:board/stm32f401rct6/Drivers/STM32F4xx_HAL_Driver/Inc/stm32f4xx_ll_rcc.h ****   *         @arg @ref LL_RCC_PLLM_DIV_61
4492:board/stm32f401rct6/Drivers/STM32F4xx_HAL_Driver/Inc/stm32f4xx_ll_rcc.h ****   *         @arg @ref LL_RCC_PLLM_DIV_62
4493:board/stm32f401rct6/Drivers/STM32F4xx_HAL_Driver/Inc/stm32f4xx_ll_rcc.h ****   *         @arg @ref LL_RCC_PLLM_DIV_63
4494:board/stm32f401rct6/Drivers/STM32F4xx_HAL_Driver/Inc/stm32f4xx_ll_rcc.h ****   * @param  PLLN Between 50 and 432
4495:board/stm32f401rct6/Drivers/STM32F4xx_HAL_Driver/Inc/stm32f4xx_ll_rcc.h ****   * @param  PLLR This parameter can be one of the following values:
4496:board/stm32f401rct6/Drivers/STM32F4xx_HAL_Driver/Inc/stm32f4xx_ll_rcc.h ****   *         @arg @ref LL_RCC_PLLR_DIV_2
4497:board/stm32f401rct6/Drivers/STM32F4xx_HAL_Driver/Inc/stm32f4xx_ll_rcc.h ****   *         @arg @ref LL_RCC_PLLR_DIV_3
4498:board/stm32f401rct6/Drivers/STM32F4xx_HAL_Driver/Inc/stm32f4xx_ll_rcc.h ****   *         @arg @ref LL_RCC_PLLR_DIV_4
4499:board/stm32f401rct6/Drivers/STM32F4xx_HAL_Driver/Inc/stm32f4xx_ll_rcc.h ****   *         @arg @ref LL_RCC_PLLR_DIV_5
4500:board/stm32f401rct6/Drivers/STM32F4xx_HAL_Driver/Inc/stm32f4xx_ll_rcc.h ****   *         @arg @ref LL_RCC_PLLR_DIV_6
4501:board/stm32f401rct6/Drivers/STM32F4xx_HAL_Driver/Inc/stm32f4xx_ll_rcc.h ****   *         @arg @ref LL_RCC_PLLR_DIV_7
4502:board/stm32f401rct6/Drivers/STM32F4xx_HAL_Driver/Inc/stm32f4xx_ll_rcc.h ****   * @retval None
4503:board/stm32f401rct6/Drivers/STM32F4xx_HAL_Driver/Inc/stm32f4xx_ll_rcc.h ****   */
4504:board/stm32f401rct6/Drivers/STM32F4xx_HAL_Driver/Inc/stm32f4xx_ll_rcc.h **** __STATIC_INLINE void LL_RCC_PLL_ConfigDomain_DSI(uint32_t Source, uint32_t PLLM, uint32_t PLLN, uin
4505:board/stm32f401rct6/Drivers/STM32F4xx_HAL_Driver/Inc/stm32f4xx_ll_rcc.h **** {
4506:board/stm32f401rct6/Drivers/STM32F4xx_HAL_Driver/Inc/stm32f4xx_ll_rcc.h ****   MODIFY_REG(RCC->PLLCFGR, RCC_PLLCFGR_PLLSRC | RCC_PLLCFGR_PLLM | RCC_PLLCFGR_PLLN | RCC_PLLCFGR_P
4507:board/stm32f401rct6/Drivers/STM32F4xx_HAL_Driver/Inc/stm32f4xx_ll_rcc.h ****              Source | PLLM | PLLN << RCC_PLLCFGR_PLLN_Pos | PLLR);
4508:board/stm32f401rct6/Drivers/STM32F4xx_HAL_Driver/Inc/stm32f4xx_ll_rcc.h **** }
4509:board/stm32f401rct6/Drivers/STM32F4xx_HAL_Driver/Inc/stm32f4xx_ll_rcc.h **** #endif /* DSI */
4510:board/stm32f401rct6/Drivers/STM32F4xx_HAL_Driver/Inc/stm32f4xx_ll_rcc.h **** 
4511:board/stm32f401rct6/Drivers/STM32F4xx_HAL_Driver/Inc/stm32f4xx_ll_rcc.h **** #if defined(RCC_PLLR_I2S_CLKSOURCE_SUPPORT)
4512:board/stm32f401rct6/Drivers/STM32F4xx_HAL_Driver/Inc/stm32f4xx_ll_rcc.h **** /**
4513:board/stm32f401rct6/Drivers/STM32F4xx_HAL_Driver/Inc/stm32f4xx_ll_rcc.h ****   * @brief  Configure PLL used for I2S clock
4514:board/stm32f401rct6/Drivers/STM32F4xx_HAL_Driver/Inc/stm32f4xx_ll_rcc.h ****   * @note PLL Source and PLLM Divider can be written only when PLL,
4515:board/stm32f401rct6/Drivers/STM32F4xx_HAL_Driver/Inc/stm32f4xx_ll_rcc.h ****   *       PLLI2S and PLLSAI are disabled
4516:board/stm32f401rct6/Drivers/STM32F4xx_HAL_Driver/Inc/stm32f4xx_ll_rcc.h ****   * @note PLLN/PLLR can be written only when PLL is disabled
4517:board/stm32f401rct6/Drivers/STM32F4xx_HAL_Driver/Inc/stm32f4xx_ll_rcc.h ****   * @note This  can be selected for I2S
4518:board/stm32f401rct6/Drivers/STM32F4xx_HAL_Driver/Inc/stm32f4xx_ll_rcc.h ****   * @rmtoll PLLCFGR      PLLSRC        LL_RCC_PLL_ConfigDomain_I2S\n
4519:board/stm32f401rct6/Drivers/STM32F4xx_HAL_Driver/Inc/stm32f4xx_ll_rcc.h ****   *         PLLCFGR      PLLM          LL_RCC_PLL_ConfigDomain_I2S\n
4520:board/stm32f401rct6/Drivers/STM32F4xx_HAL_Driver/Inc/stm32f4xx_ll_rcc.h ****   *         PLLCFGR      PLLN          LL_RCC_PLL_ConfigDomain_I2S\n
4521:board/stm32f401rct6/Drivers/STM32F4xx_HAL_Driver/Inc/stm32f4xx_ll_rcc.h ****   *         PLLCFGR      PLLR          LL_RCC_PLL_ConfigDomain_I2S
4522:board/stm32f401rct6/Drivers/STM32F4xx_HAL_Driver/Inc/stm32f4xx_ll_rcc.h ****   * @param  Source This parameter can be one of the following values:
4523:board/stm32f401rct6/Drivers/STM32F4xx_HAL_Driver/Inc/stm32f4xx_ll_rcc.h ****   *         @arg @ref LL_RCC_PLLSOURCE_HSI
ARM GAS  C:\Users\Admin\AppData\Local\Temp\ccHMtLfr.s 			page 107


4524:board/stm32f401rct6/Drivers/STM32F4xx_HAL_Driver/Inc/stm32f4xx_ll_rcc.h ****   *         @arg @ref LL_RCC_PLLSOURCE_HSE
4525:board/stm32f401rct6/Drivers/STM32F4xx_HAL_Driver/Inc/stm32f4xx_ll_rcc.h ****   * @param  PLLM This parameter can be one of the following values:
4526:board/stm32f401rct6/Drivers/STM32F4xx_HAL_Driver/Inc/stm32f4xx_ll_rcc.h ****   *         @arg @ref LL_RCC_PLLM_DIV_2
4527:board/stm32f401rct6/Drivers/STM32F4xx_HAL_Driver/Inc/stm32f4xx_ll_rcc.h ****   *         @arg @ref LL_RCC_PLLM_DIV_3
4528:board/stm32f401rct6/Drivers/STM32F4xx_HAL_Driver/Inc/stm32f4xx_ll_rcc.h ****   *         @arg @ref LL_RCC_PLLM_DIV_4
4529:board/stm32f401rct6/Drivers/STM32F4xx_HAL_Driver/Inc/stm32f4xx_ll_rcc.h ****   *         @arg @ref LL_RCC_PLLM_DIV_5
4530:board/stm32f401rct6/Drivers/STM32F4xx_HAL_Driver/Inc/stm32f4xx_ll_rcc.h ****   *         @arg @ref LL_RCC_PLLM_DIV_6
4531:board/stm32f401rct6/Drivers/STM32F4xx_HAL_Driver/Inc/stm32f4xx_ll_rcc.h ****   *         @arg @ref LL_RCC_PLLM_DIV_7
4532:board/stm32f401rct6/Drivers/STM32F4xx_HAL_Driver/Inc/stm32f4xx_ll_rcc.h ****   *         @arg @ref LL_RCC_PLLM_DIV_8
4533:board/stm32f401rct6/Drivers/STM32F4xx_HAL_Driver/Inc/stm32f4xx_ll_rcc.h ****   *         @arg @ref LL_RCC_PLLM_DIV_9
4534:board/stm32f401rct6/Drivers/STM32F4xx_HAL_Driver/Inc/stm32f4xx_ll_rcc.h ****   *         @arg @ref LL_RCC_PLLM_DIV_10
4535:board/stm32f401rct6/Drivers/STM32F4xx_HAL_Driver/Inc/stm32f4xx_ll_rcc.h ****   *         @arg @ref LL_RCC_PLLM_DIV_11
4536:board/stm32f401rct6/Drivers/STM32F4xx_HAL_Driver/Inc/stm32f4xx_ll_rcc.h ****   *         @arg @ref LL_RCC_PLLM_DIV_12
4537:board/stm32f401rct6/Drivers/STM32F4xx_HAL_Driver/Inc/stm32f4xx_ll_rcc.h ****   *         @arg @ref LL_RCC_PLLM_DIV_13
4538:board/stm32f401rct6/Drivers/STM32F4xx_HAL_Driver/Inc/stm32f4xx_ll_rcc.h ****   *         @arg @ref LL_RCC_PLLM_DIV_14
4539:board/stm32f401rct6/Drivers/STM32F4xx_HAL_Driver/Inc/stm32f4xx_ll_rcc.h ****   *         @arg @ref LL_RCC_PLLM_DIV_15
4540:board/stm32f401rct6/Drivers/STM32F4xx_HAL_Driver/Inc/stm32f4xx_ll_rcc.h ****   *         @arg @ref LL_RCC_PLLM_DIV_16
4541:board/stm32f401rct6/Drivers/STM32F4xx_HAL_Driver/Inc/stm32f4xx_ll_rcc.h ****   *         @arg @ref LL_RCC_PLLM_DIV_17
4542:board/stm32f401rct6/Drivers/STM32F4xx_HAL_Driver/Inc/stm32f4xx_ll_rcc.h ****   *         @arg @ref LL_RCC_PLLM_DIV_18
4543:board/stm32f401rct6/Drivers/STM32F4xx_HAL_Driver/Inc/stm32f4xx_ll_rcc.h ****   *         @arg @ref LL_RCC_PLLM_DIV_19
4544:board/stm32f401rct6/Drivers/STM32F4xx_HAL_Driver/Inc/stm32f4xx_ll_rcc.h ****   *         @arg @ref LL_RCC_PLLM_DIV_20
4545:board/stm32f401rct6/Drivers/STM32F4xx_HAL_Driver/Inc/stm32f4xx_ll_rcc.h ****   *         @arg @ref LL_RCC_PLLM_DIV_21
4546:board/stm32f401rct6/Drivers/STM32F4xx_HAL_Driver/Inc/stm32f4xx_ll_rcc.h ****   *         @arg @ref LL_RCC_PLLM_DIV_22
4547:board/stm32f401rct6/Drivers/STM32F4xx_HAL_Driver/Inc/stm32f4xx_ll_rcc.h ****   *         @arg @ref LL_RCC_PLLM_DIV_23
4548:board/stm32f401rct6/Drivers/STM32F4xx_HAL_Driver/Inc/stm32f4xx_ll_rcc.h ****   *         @arg @ref LL_RCC_PLLM_DIV_24
4549:board/stm32f401rct6/Drivers/STM32F4xx_HAL_Driver/Inc/stm32f4xx_ll_rcc.h ****   *         @arg @ref LL_RCC_PLLM_DIV_25
4550:board/stm32f401rct6/Drivers/STM32F4xx_HAL_Driver/Inc/stm32f4xx_ll_rcc.h ****   *         @arg @ref LL_RCC_PLLM_DIV_26
4551:board/stm32f401rct6/Drivers/STM32F4xx_HAL_Driver/Inc/stm32f4xx_ll_rcc.h ****   *         @arg @ref LL_RCC_PLLM_DIV_27
4552:board/stm32f401rct6/Drivers/STM32F4xx_HAL_Driver/Inc/stm32f4xx_ll_rcc.h ****   *         @arg @ref LL_RCC_PLLM_DIV_28
4553:board/stm32f401rct6/Drivers/STM32F4xx_HAL_Driver/Inc/stm32f4xx_ll_rcc.h ****   *         @arg @ref LL_RCC_PLLM_DIV_29
4554:board/stm32f401rct6/Drivers/STM32F4xx_HAL_Driver/Inc/stm32f4xx_ll_rcc.h ****   *         @arg @ref LL_RCC_PLLM_DIV_30
4555:board/stm32f401rct6/Drivers/STM32F4xx_HAL_Driver/Inc/stm32f4xx_ll_rcc.h ****   *         @arg @ref LL_RCC_PLLM_DIV_31
4556:board/stm32f401rct6/Drivers/STM32F4xx_HAL_Driver/Inc/stm32f4xx_ll_rcc.h ****   *         @arg @ref LL_RCC_PLLM_DIV_32
4557:board/stm32f401rct6/Drivers/STM32F4xx_HAL_Driver/Inc/stm32f4xx_ll_rcc.h ****   *         @arg @ref LL_RCC_PLLM_DIV_33
4558:board/stm32f401rct6/Drivers/STM32F4xx_HAL_Driver/Inc/stm32f4xx_ll_rcc.h ****   *         @arg @ref LL_RCC_PLLM_DIV_34
4559:board/stm32f401rct6/Drivers/STM32F4xx_HAL_Driver/Inc/stm32f4xx_ll_rcc.h ****   *         @arg @ref LL_RCC_PLLM_DIV_35
4560:board/stm32f401rct6/Drivers/STM32F4xx_HAL_Driver/Inc/stm32f4xx_ll_rcc.h ****   *         @arg @ref LL_RCC_PLLM_DIV_36
4561:board/stm32f401rct6/Drivers/STM32F4xx_HAL_Driver/Inc/stm32f4xx_ll_rcc.h ****   *         @arg @ref LL_RCC_PLLM_DIV_37
4562:board/stm32f401rct6/Drivers/STM32F4xx_HAL_Driver/Inc/stm32f4xx_ll_rcc.h ****   *         @arg @ref LL_RCC_PLLM_DIV_38
4563:board/stm32f401rct6/Drivers/STM32F4xx_HAL_Driver/Inc/stm32f4xx_ll_rcc.h ****   *         @arg @ref LL_RCC_PLLM_DIV_39
4564:board/stm32f401rct6/Drivers/STM32F4xx_HAL_Driver/Inc/stm32f4xx_ll_rcc.h ****   *         @arg @ref LL_RCC_PLLM_DIV_40
4565:board/stm32f401rct6/Drivers/STM32F4xx_HAL_Driver/Inc/stm32f4xx_ll_rcc.h ****   *         @arg @ref LL_RCC_PLLM_DIV_41
4566:board/stm32f401rct6/Drivers/STM32F4xx_HAL_Driver/Inc/stm32f4xx_ll_rcc.h ****   *         @arg @ref LL_RCC_PLLM_DIV_42
4567:board/stm32f401rct6/Drivers/STM32F4xx_HAL_Driver/Inc/stm32f4xx_ll_rcc.h ****   *         @arg @ref LL_RCC_PLLM_DIV_43
4568:board/stm32f401rct6/Drivers/STM32F4xx_HAL_Driver/Inc/stm32f4xx_ll_rcc.h ****   *         @arg @ref LL_RCC_PLLM_DIV_44
4569:board/stm32f401rct6/Drivers/STM32F4xx_HAL_Driver/Inc/stm32f4xx_ll_rcc.h ****   *         @arg @ref LL_RCC_PLLM_DIV_45
4570:board/stm32f401rct6/Drivers/STM32F4xx_HAL_Driver/Inc/stm32f4xx_ll_rcc.h ****   *         @arg @ref LL_RCC_PLLM_DIV_46
4571:board/stm32f401rct6/Drivers/STM32F4xx_HAL_Driver/Inc/stm32f4xx_ll_rcc.h ****   *         @arg @ref LL_RCC_PLLM_DIV_47
4572:board/stm32f401rct6/Drivers/STM32F4xx_HAL_Driver/Inc/stm32f4xx_ll_rcc.h ****   *         @arg @ref LL_RCC_PLLM_DIV_48
4573:board/stm32f401rct6/Drivers/STM32F4xx_HAL_Driver/Inc/stm32f4xx_ll_rcc.h ****   *         @arg @ref LL_RCC_PLLM_DIV_49
4574:board/stm32f401rct6/Drivers/STM32F4xx_HAL_Driver/Inc/stm32f4xx_ll_rcc.h ****   *         @arg @ref LL_RCC_PLLM_DIV_50
4575:board/stm32f401rct6/Drivers/STM32F4xx_HAL_Driver/Inc/stm32f4xx_ll_rcc.h ****   *         @arg @ref LL_RCC_PLLM_DIV_51
4576:board/stm32f401rct6/Drivers/STM32F4xx_HAL_Driver/Inc/stm32f4xx_ll_rcc.h ****   *         @arg @ref LL_RCC_PLLM_DIV_52
4577:board/stm32f401rct6/Drivers/STM32F4xx_HAL_Driver/Inc/stm32f4xx_ll_rcc.h ****   *         @arg @ref LL_RCC_PLLM_DIV_53
4578:board/stm32f401rct6/Drivers/STM32F4xx_HAL_Driver/Inc/stm32f4xx_ll_rcc.h ****   *         @arg @ref LL_RCC_PLLM_DIV_54
4579:board/stm32f401rct6/Drivers/STM32F4xx_HAL_Driver/Inc/stm32f4xx_ll_rcc.h ****   *         @arg @ref LL_RCC_PLLM_DIV_55
4580:board/stm32f401rct6/Drivers/STM32F4xx_HAL_Driver/Inc/stm32f4xx_ll_rcc.h ****   *         @arg @ref LL_RCC_PLLM_DIV_56
ARM GAS  C:\Users\Admin\AppData\Local\Temp\ccHMtLfr.s 			page 108


4581:board/stm32f401rct6/Drivers/STM32F4xx_HAL_Driver/Inc/stm32f4xx_ll_rcc.h ****   *         @arg @ref LL_RCC_PLLM_DIV_57
4582:board/stm32f401rct6/Drivers/STM32F4xx_HAL_Driver/Inc/stm32f4xx_ll_rcc.h ****   *         @arg @ref LL_RCC_PLLM_DIV_58
4583:board/stm32f401rct6/Drivers/STM32F4xx_HAL_Driver/Inc/stm32f4xx_ll_rcc.h ****   *         @arg @ref LL_RCC_PLLM_DIV_59
4584:board/stm32f401rct6/Drivers/STM32F4xx_HAL_Driver/Inc/stm32f4xx_ll_rcc.h ****   *         @arg @ref LL_RCC_PLLM_DIV_60
4585:board/stm32f401rct6/Drivers/STM32F4xx_HAL_Driver/Inc/stm32f4xx_ll_rcc.h ****   *         @arg @ref LL_RCC_PLLM_DIV_61
4586:board/stm32f401rct6/Drivers/STM32F4xx_HAL_Driver/Inc/stm32f4xx_ll_rcc.h ****   *         @arg @ref LL_RCC_PLLM_DIV_62
4587:board/stm32f401rct6/Drivers/STM32F4xx_HAL_Driver/Inc/stm32f4xx_ll_rcc.h ****   *         @arg @ref LL_RCC_PLLM_DIV_63
4588:board/stm32f401rct6/Drivers/STM32F4xx_HAL_Driver/Inc/stm32f4xx_ll_rcc.h ****   * @param  PLLN Between 50 and 432
4589:board/stm32f401rct6/Drivers/STM32F4xx_HAL_Driver/Inc/stm32f4xx_ll_rcc.h ****   * @param  PLLR This parameter can be one of the following values:
4590:board/stm32f401rct6/Drivers/STM32F4xx_HAL_Driver/Inc/stm32f4xx_ll_rcc.h ****   *         @arg @ref LL_RCC_PLLR_DIV_2
4591:board/stm32f401rct6/Drivers/STM32F4xx_HAL_Driver/Inc/stm32f4xx_ll_rcc.h ****   *         @arg @ref LL_RCC_PLLR_DIV_3
4592:board/stm32f401rct6/Drivers/STM32F4xx_HAL_Driver/Inc/stm32f4xx_ll_rcc.h ****   *         @arg @ref LL_RCC_PLLR_DIV_4
4593:board/stm32f401rct6/Drivers/STM32F4xx_HAL_Driver/Inc/stm32f4xx_ll_rcc.h ****   *         @arg @ref LL_RCC_PLLR_DIV_5
4594:board/stm32f401rct6/Drivers/STM32F4xx_HAL_Driver/Inc/stm32f4xx_ll_rcc.h ****   *         @arg @ref LL_RCC_PLLR_DIV_6
4595:board/stm32f401rct6/Drivers/STM32F4xx_HAL_Driver/Inc/stm32f4xx_ll_rcc.h ****   *         @arg @ref LL_RCC_PLLR_DIV_7
4596:board/stm32f401rct6/Drivers/STM32F4xx_HAL_Driver/Inc/stm32f4xx_ll_rcc.h ****   * @retval None
4597:board/stm32f401rct6/Drivers/STM32F4xx_HAL_Driver/Inc/stm32f4xx_ll_rcc.h ****   */
4598:board/stm32f401rct6/Drivers/STM32F4xx_HAL_Driver/Inc/stm32f4xx_ll_rcc.h **** __STATIC_INLINE void LL_RCC_PLL_ConfigDomain_I2S(uint32_t Source, uint32_t PLLM, uint32_t PLLN, uin
4599:board/stm32f401rct6/Drivers/STM32F4xx_HAL_Driver/Inc/stm32f4xx_ll_rcc.h **** {
4600:board/stm32f401rct6/Drivers/STM32F4xx_HAL_Driver/Inc/stm32f4xx_ll_rcc.h ****   MODIFY_REG(RCC->PLLCFGR, RCC_PLLCFGR_PLLSRC | RCC_PLLCFGR_PLLM | RCC_PLLCFGR_PLLN | RCC_PLLCFGR_P
4601:board/stm32f401rct6/Drivers/STM32F4xx_HAL_Driver/Inc/stm32f4xx_ll_rcc.h ****              Source | PLLM | PLLN << RCC_PLLCFGR_PLLN_Pos | PLLR);
4602:board/stm32f401rct6/Drivers/STM32F4xx_HAL_Driver/Inc/stm32f4xx_ll_rcc.h **** }
4603:board/stm32f401rct6/Drivers/STM32F4xx_HAL_Driver/Inc/stm32f4xx_ll_rcc.h **** #endif /* RCC_PLLR_I2S_CLKSOURCE_SUPPORT */
4604:board/stm32f401rct6/Drivers/STM32F4xx_HAL_Driver/Inc/stm32f4xx_ll_rcc.h **** 
4605:board/stm32f401rct6/Drivers/STM32F4xx_HAL_Driver/Inc/stm32f4xx_ll_rcc.h **** #if defined(SPDIFRX)
4606:board/stm32f401rct6/Drivers/STM32F4xx_HAL_Driver/Inc/stm32f4xx_ll_rcc.h **** /**
4607:board/stm32f401rct6/Drivers/STM32F4xx_HAL_Driver/Inc/stm32f4xx_ll_rcc.h ****   * @brief  Configure PLL used for SPDIFRX clock
4608:board/stm32f401rct6/Drivers/STM32F4xx_HAL_Driver/Inc/stm32f4xx_ll_rcc.h ****   * @note PLL Source and PLLM Divider can be written only when PLL,
4609:board/stm32f401rct6/Drivers/STM32F4xx_HAL_Driver/Inc/stm32f4xx_ll_rcc.h ****   *       PLLI2S and PLLSAI are disabled
4610:board/stm32f401rct6/Drivers/STM32F4xx_HAL_Driver/Inc/stm32f4xx_ll_rcc.h ****   * @note PLLN/PLLR can be written only when PLL is disabled
4611:board/stm32f401rct6/Drivers/STM32F4xx_HAL_Driver/Inc/stm32f4xx_ll_rcc.h ****   * @note This  can be selected for SPDIFRX
4612:board/stm32f401rct6/Drivers/STM32F4xx_HAL_Driver/Inc/stm32f4xx_ll_rcc.h ****   * @rmtoll PLLCFGR      PLLSRC        LL_RCC_PLL_ConfigDomain_SPDIFRX\n
4613:board/stm32f401rct6/Drivers/STM32F4xx_HAL_Driver/Inc/stm32f4xx_ll_rcc.h ****   *         PLLCFGR      PLLM          LL_RCC_PLL_ConfigDomain_SPDIFRX\n
4614:board/stm32f401rct6/Drivers/STM32F4xx_HAL_Driver/Inc/stm32f4xx_ll_rcc.h ****   *         PLLCFGR      PLLN          LL_RCC_PLL_ConfigDomain_SPDIFRX\n
4615:board/stm32f401rct6/Drivers/STM32F4xx_HAL_Driver/Inc/stm32f4xx_ll_rcc.h ****   *         PLLCFGR      PLLR          LL_RCC_PLL_ConfigDomain_SPDIFRX
4616:board/stm32f401rct6/Drivers/STM32F4xx_HAL_Driver/Inc/stm32f4xx_ll_rcc.h ****   * @param  Source This parameter can be one of the following values:
4617:board/stm32f401rct6/Drivers/STM32F4xx_HAL_Driver/Inc/stm32f4xx_ll_rcc.h ****   *         @arg @ref LL_RCC_PLLSOURCE_HSI
4618:board/stm32f401rct6/Drivers/STM32F4xx_HAL_Driver/Inc/stm32f4xx_ll_rcc.h ****   *         @arg @ref LL_RCC_PLLSOURCE_HSE
4619:board/stm32f401rct6/Drivers/STM32F4xx_HAL_Driver/Inc/stm32f4xx_ll_rcc.h ****   * @param  PLLM This parameter can be one of the following values:
4620:board/stm32f401rct6/Drivers/STM32F4xx_HAL_Driver/Inc/stm32f4xx_ll_rcc.h ****   *         @arg @ref LL_RCC_PLLM_DIV_2
4621:board/stm32f401rct6/Drivers/STM32F4xx_HAL_Driver/Inc/stm32f4xx_ll_rcc.h ****   *         @arg @ref LL_RCC_PLLM_DIV_3
4622:board/stm32f401rct6/Drivers/STM32F4xx_HAL_Driver/Inc/stm32f4xx_ll_rcc.h ****   *         @arg @ref LL_RCC_PLLM_DIV_4
4623:board/stm32f401rct6/Drivers/STM32F4xx_HAL_Driver/Inc/stm32f4xx_ll_rcc.h ****   *         @arg @ref LL_RCC_PLLM_DIV_5
4624:board/stm32f401rct6/Drivers/STM32F4xx_HAL_Driver/Inc/stm32f4xx_ll_rcc.h ****   *         @arg @ref LL_RCC_PLLM_DIV_6
4625:board/stm32f401rct6/Drivers/STM32F4xx_HAL_Driver/Inc/stm32f4xx_ll_rcc.h ****   *         @arg @ref LL_RCC_PLLM_DIV_7
4626:board/stm32f401rct6/Drivers/STM32F4xx_HAL_Driver/Inc/stm32f4xx_ll_rcc.h ****   *         @arg @ref LL_RCC_PLLM_DIV_8
4627:board/stm32f401rct6/Drivers/STM32F4xx_HAL_Driver/Inc/stm32f4xx_ll_rcc.h ****   *         @arg @ref LL_RCC_PLLM_DIV_9
4628:board/stm32f401rct6/Drivers/STM32F4xx_HAL_Driver/Inc/stm32f4xx_ll_rcc.h ****   *         @arg @ref LL_RCC_PLLM_DIV_10
4629:board/stm32f401rct6/Drivers/STM32F4xx_HAL_Driver/Inc/stm32f4xx_ll_rcc.h ****   *         @arg @ref LL_RCC_PLLM_DIV_11
4630:board/stm32f401rct6/Drivers/STM32F4xx_HAL_Driver/Inc/stm32f4xx_ll_rcc.h ****   *         @arg @ref LL_RCC_PLLM_DIV_12
4631:board/stm32f401rct6/Drivers/STM32F4xx_HAL_Driver/Inc/stm32f4xx_ll_rcc.h ****   *         @arg @ref LL_RCC_PLLM_DIV_13
4632:board/stm32f401rct6/Drivers/STM32F4xx_HAL_Driver/Inc/stm32f4xx_ll_rcc.h ****   *         @arg @ref LL_RCC_PLLM_DIV_14
4633:board/stm32f401rct6/Drivers/STM32F4xx_HAL_Driver/Inc/stm32f4xx_ll_rcc.h ****   *         @arg @ref LL_RCC_PLLM_DIV_15
4634:board/stm32f401rct6/Drivers/STM32F4xx_HAL_Driver/Inc/stm32f4xx_ll_rcc.h ****   *         @arg @ref LL_RCC_PLLM_DIV_16
4635:board/stm32f401rct6/Drivers/STM32F4xx_HAL_Driver/Inc/stm32f4xx_ll_rcc.h ****   *         @arg @ref LL_RCC_PLLM_DIV_17
4636:board/stm32f401rct6/Drivers/STM32F4xx_HAL_Driver/Inc/stm32f4xx_ll_rcc.h ****   *         @arg @ref LL_RCC_PLLM_DIV_18
4637:board/stm32f401rct6/Drivers/STM32F4xx_HAL_Driver/Inc/stm32f4xx_ll_rcc.h ****   *         @arg @ref LL_RCC_PLLM_DIV_19
ARM GAS  C:\Users\Admin\AppData\Local\Temp\ccHMtLfr.s 			page 109


4638:board/stm32f401rct6/Drivers/STM32F4xx_HAL_Driver/Inc/stm32f4xx_ll_rcc.h ****   *         @arg @ref LL_RCC_PLLM_DIV_20
4639:board/stm32f401rct6/Drivers/STM32F4xx_HAL_Driver/Inc/stm32f4xx_ll_rcc.h ****   *         @arg @ref LL_RCC_PLLM_DIV_21
4640:board/stm32f401rct6/Drivers/STM32F4xx_HAL_Driver/Inc/stm32f4xx_ll_rcc.h ****   *         @arg @ref LL_RCC_PLLM_DIV_22
4641:board/stm32f401rct6/Drivers/STM32F4xx_HAL_Driver/Inc/stm32f4xx_ll_rcc.h ****   *         @arg @ref LL_RCC_PLLM_DIV_23
4642:board/stm32f401rct6/Drivers/STM32F4xx_HAL_Driver/Inc/stm32f4xx_ll_rcc.h ****   *         @arg @ref LL_RCC_PLLM_DIV_24
4643:board/stm32f401rct6/Drivers/STM32F4xx_HAL_Driver/Inc/stm32f4xx_ll_rcc.h ****   *         @arg @ref LL_RCC_PLLM_DIV_25
4644:board/stm32f401rct6/Drivers/STM32F4xx_HAL_Driver/Inc/stm32f4xx_ll_rcc.h ****   *         @arg @ref LL_RCC_PLLM_DIV_26
4645:board/stm32f401rct6/Drivers/STM32F4xx_HAL_Driver/Inc/stm32f4xx_ll_rcc.h ****   *         @arg @ref LL_RCC_PLLM_DIV_27
4646:board/stm32f401rct6/Drivers/STM32F4xx_HAL_Driver/Inc/stm32f4xx_ll_rcc.h ****   *         @arg @ref LL_RCC_PLLM_DIV_28
4647:board/stm32f401rct6/Drivers/STM32F4xx_HAL_Driver/Inc/stm32f4xx_ll_rcc.h ****   *         @arg @ref LL_RCC_PLLM_DIV_29
4648:board/stm32f401rct6/Drivers/STM32F4xx_HAL_Driver/Inc/stm32f4xx_ll_rcc.h ****   *         @arg @ref LL_RCC_PLLM_DIV_30
4649:board/stm32f401rct6/Drivers/STM32F4xx_HAL_Driver/Inc/stm32f4xx_ll_rcc.h ****   *         @arg @ref LL_RCC_PLLM_DIV_31
4650:board/stm32f401rct6/Drivers/STM32F4xx_HAL_Driver/Inc/stm32f4xx_ll_rcc.h ****   *         @arg @ref LL_RCC_PLLM_DIV_32
4651:board/stm32f401rct6/Drivers/STM32F4xx_HAL_Driver/Inc/stm32f4xx_ll_rcc.h ****   *         @arg @ref LL_RCC_PLLM_DIV_33
4652:board/stm32f401rct6/Drivers/STM32F4xx_HAL_Driver/Inc/stm32f4xx_ll_rcc.h ****   *         @arg @ref LL_RCC_PLLM_DIV_34
4653:board/stm32f401rct6/Drivers/STM32F4xx_HAL_Driver/Inc/stm32f4xx_ll_rcc.h ****   *         @arg @ref LL_RCC_PLLM_DIV_35
4654:board/stm32f401rct6/Drivers/STM32F4xx_HAL_Driver/Inc/stm32f4xx_ll_rcc.h ****   *         @arg @ref LL_RCC_PLLM_DIV_36
4655:board/stm32f401rct6/Drivers/STM32F4xx_HAL_Driver/Inc/stm32f4xx_ll_rcc.h ****   *         @arg @ref LL_RCC_PLLM_DIV_37
4656:board/stm32f401rct6/Drivers/STM32F4xx_HAL_Driver/Inc/stm32f4xx_ll_rcc.h ****   *         @arg @ref LL_RCC_PLLM_DIV_38
4657:board/stm32f401rct6/Drivers/STM32F4xx_HAL_Driver/Inc/stm32f4xx_ll_rcc.h ****   *         @arg @ref LL_RCC_PLLM_DIV_39
4658:board/stm32f401rct6/Drivers/STM32F4xx_HAL_Driver/Inc/stm32f4xx_ll_rcc.h ****   *         @arg @ref LL_RCC_PLLM_DIV_40
4659:board/stm32f401rct6/Drivers/STM32F4xx_HAL_Driver/Inc/stm32f4xx_ll_rcc.h ****   *         @arg @ref LL_RCC_PLLM_DIV_41
4660:board/stm32f401rct6/Drivers/STM32F4xx_HAL_Driver/Inc/stm32f4xx_ll_rcc.h ****   *         @arg @ref LL_RCC_PLLM_DIV_42
4661:board/stm32f401rct6/Drivers/STM32F4xx_HAL_Driver/Inc/stm32f4xx_ll_rcc.h ****   *         @arg @ref LL_RCC_PLLM_DIV_43
4662:board/stm32f401rct6/Drivers/STM32F4xx_HAL_Driver/Inc/stm32f4xx_ll_rcc.h ****   *         @arg @ref LL_RCC_PLLM_DIV_44
4663:board/stm32f401rct6/Drivers/STM32F4xx_HAL_Driver/Inc/stm32f4xx_ll_rcc.h ****   *         @arg @ref LL_RCC_PLLM_DIV_45
4664:board/stm32f401rct6/Drivers/STM32F4xx_HAL_Driver/Inc/stm32f4xx_ll_rcc.h ****   *         @arg @ref LL_RCC_PLLM_DIV_46
4665:board/stm32f401rct6/Drivers/STM32F4xx_HAL_Driver/Inc/stm32f4xx_ll_rcc.h ****   *         @arg @ref LL_RCC_PLLM_DIV_47
4666:board/stm32f401rct6/Drivers/STM32F4xx_HAL_Driver/Inc/stm32f4xx_ll_rcc.h ****   *         @arg @ref LL_RCC_PLLM_DIV_48
4667:board/stm32f401rct6/Drivers/STM32F4xx_HAL_Driver/Inc/stm32f4xx_ll_rcc.h ****   *         @arg @ref LL_RCC_PLLM_DIV_49
4668:board/stm32f401rct6/Drivers/STM32F4xx_HAL_Driver/Inc/stm32f4xx_ll_rcc.h ****   *         @arg @ref LL_RCC_PLLM_DIV_50
4669:board/stm32f401rct6/Drivers/STM32F4xx_HAL_Driver/Inc/stm32f4xx_ll_rcc.h ****   *         @arg @ref LL_RCC_PLLM_DIV_51
4670:board/stm32f401rct6/Drivers/STM32F4xx_HAL_Driver/Inc/stm32f4xx_ll_rcc.h ****   *         @arg @ref LL_RCC_PLLM_DIV_52
4671:board/stm32f401rct6/Drivers/STM32F4xx_HAL_Driver/Inc/stm32f4xx_ll_rcc.h ****   *         @arg @ref LL_RCC_PLLM_DIV_53
4672:board/stm32f401rct6/Drivers/STM32F4xx_HAL_Driver/Inc/stm32f4xx_ll_rcc.h ****   *         @arg @ref LL_RCC_PLLM_DIV_54
4673:board/stm32f401rct6/Drivers/STM32F4xx_HAL_Driver/Inc/stm32f4xx_ll_rcc.h ****   *         @arg @ref LL_RCC_PLLM_DIV_55
4674:board/stm32f401rct6/Drivers/STM32F4xx_HAL_Driver/Inc/stm32f4xx_ll_rcc.h ****   *         @arg @ref LL_RCC_PLLM_DIV_56
4675:board/stm32f401rct6/Drivers/STM32F4xx_HAL_Driver/Inc/stm32f4xx_ll_rcc.h ****   *         @arg @ref LL_RCC_PLLM_DIV_57
4676:board/stm32f401rct6/Drivers/STM32F4xx_HAL_Driver/Inc/stm32f4xx_ll_rcc.h ****   *         @arg @ref LL_RCC_PLLM_DIV_58
4677:board/stm32f401rct6/Drivers/STM32F4xx_HAL_Driver/Inc/stm32f4xx_ll_rcc.h ****   *         @arg @ref LL_RCC_PLLM_DIV_59
4678:board/stm32f401rct6/Drivers/STM32F4xx_HAL_Driver/Inc/stm32f4xx_ll_rcc.h ****   *         @arg @ref LL_RCC_PLLM_DIV_60
4679:board/stm32f401rct6/Drivers/STM32F4xx_HAL_Driver/Inc/stm32f4xx_ll_rcc.h ****   *         @arg @ref LL_RCC_PLLM_DIV_61
4680:board/stm32f401rct6/Drivers/STM32F4xx_HAL_Driver/Inc/stm32f4xx_ll_rcc.h ****   *         @arg @ref LL_RCC_PLLM_DIV_62
4681:board/stm32f401rct6/Drivers/STM32F4xx_HAL_Driver/Inc/stm32f4xx_ll_rcc.h ****   *         @arg @ref LL_RCC_PLLM_DIV_63
4682:board/stm32f401rct6/Drivers/STM32F4xx_HAL_Driver/Inc/stm32f4xx_ll_rcc.h ****   * @param  PLLN Between 50 and 432
4683:board/stm32f401rct6/Drivers/STM32F4xx_HAL_Driver/Inc/stm32f4xx_ll_rcc.h ****   * @param  PLLR This parameter can be one of the following values:
4684:board/stm32f401rct6/Drivers/STM32F4xx_HAL_Driver/Inc/stm32f4xx_ll_rcc.h ****   *         @arg @ref LL_RCC_PLLR_DIV_2
4685:board/stm32f401rct6/Drivers/STM32F4xx_HAL_Driver/Inc/stm32f4xx_ll_rcc.h ****   *         @arg @ref LL_RCC_PLLR_DIV_3
4686:board/stm32f401rct6/Drivers/STM32F4xx_HAL_Driver/Inc/stm32f4xx_ll_rcc.h ****   *         @arg @ref LL_RCC_PLLR_DIV_4
4687:board/stm32f401rct6/Drivers/STM32F4xx_HAL_Driver/Inc/stm32f4xx_ll_rcc.h ****   *         @arg @ref LL_RCC_PLLR_DIV_5
4688:board/stm32f401rct6/Drivers/STM32F4xx_HAL_Driver/Inc/stm32f4xx_ll_rcc.h ****   *         @arg @ref LL_RCC_PLLR_DIV_6
4689:board/stm32f401rct6/Drivers/STM32F4xx_HAL_Driver/Inc/stm32f4xx_ll_rcc.h ****   *         @arg @ref LL_RCC_PLLR_DIV_7
4690:board/stm32f401rct6/Drivers/STM32F4xx_HAL_Driver/Inc/stm32f4xx_ll_rcc.h ****   * @retval None
4691:board/stm32f401rct6/Drivers/STM32F4xx_HAL_Driver/Inc/stm32f4xx_ll_rcc.h ****   */
4692:board/stm32f401rct6/Drivers/STM32F4xx_HAL_Driver/Inc/stm32f4xx_ll_rcc.h **** __STATIC_INLINE void LL_RCC_PLL_ConfigDomain_SPDIFRX(uint32_t Source, uint32_t PLLM, uint32_t PLLN,
4693:board/stm32f401rct6/Drivers/STM32F4xx_HAL_Driver/Inc/stm32f4xx_ll_rcc.h **** {
4694:board/stm32f401rct6/Drivers/STM32F4xx_HAL_Driver/Inc/stm32f4xx_ll_rcc.h ****   MODIFY_REG(RCC->PLLCFGR, RCC_PLLCFGR_PLLSRC | RCC_PLLCFGR_PLLM | RCC_PLLCFGR_PLLN | RCC_PLLCFGR_P
ARM GAS  C:\Users\Admin\AppData\Local\Temp\ccHMtLfr.s 			page 110


4695:board/stm32f401rct6/Drivers/STM32F4xx_HAL_Driver/Inc/stm32f4xx_ll_rcc.h ****              Source | PLLM | PLLN << RCC_PLLCFGR_PLLN_Pos | PLLR);
4696:board/stm32f401rct6/Drivers/STM32F4xx_HAL_Driver/Inc/stm32f4xx_ll_rcc.h **** }
4697:board/stm32f401rct6/Drivers/STM32F4xx_HAL_Driver/Inc/stm32f4xx_ll_rcc.h **** #endif /* SPDIFRX */
4698:board/stm32f401rct6/Drivers/STM32F4xx_HAL_Driver/Inc/stm32f4xx_ll_rcc.h **** 
4699:board/stm32f401rct6/Drivers/STM32F4xx_HAL_Driver/Inc/stm32f4xx_ll_rcc.h **** #if defined(RCC_PLLCFGR_PLLR)
4700:board/stm32f401rct6/Drivers/STM32F4xx_HAL_Driver/Inc/stm32f4xx_ll_rcc.h **** #if defined(SAI1)
4701:board/stm32f401rct6/Drivers/STM32F4xx_HAL_Driver/Inc/stm32f4xx_ll_rcc.h **** /**
4702:board/stm32f401rct6/Drivers/STM32F4xx_HAL_Driver/Inc/stm32f4xx_ll_rcc.h ****   * @brief  Configure PLL used for SAI clock
4703:board/stm32f401rct6/Drivers/STM32F4xx_HAL_Driver/Inc/stm32f4xx_ll_rcc.h ****   * @note PLL Source and PLLM Divider can be written only when PLL,
4704:board/stm32f401rct6/Drivers/STM32F4xx_HAL_Driver/Inc/stm32f4xx_ll_rcc.h ****   *       PLLI2S and PLLSAI are disabled
4705:board/stm32f401rct6/Drivers/STM32F4xx_HAL_Driver/Inc/stm32f4xx_ll_rcc.h ****   * @note PLLN/PLLR can be written only when PLL is disabled
4706:board/stm32f401rct6/Drivers/STM32F4xx_HAL_Driver/Inc/stm32f4xx_ll_rcc.h ****   * @note This  can be selected for SAI
4707:board/stm32f401rct6/Drivers/STM32F4xx_HAL_Driver/Inc/stm32f4xx_ll_rcc.h ****   * @rmtoll PLLCFGR      PLLSRC        LL_RCC_PLL_ConfigDomain_SAI\n
4708:board/stm32f401rct6/Drivers/STM32F4xx_HAL_Driver/Inc/stm32f4xx_ll_rcc.h ****   *         PLLCFGR      PLLM          LL_RCC_PLL_ConfigDomain_SAI\n
4709:board/stm32f401rct6/Drivers/STM32F4xx_HAL_Driver/Inc/stm32f4xx_ll_rcc.h ****   *         PLLCFGR      PLLN          LL_RCC_PLL_ConfigDomain_SAI\n
4710:board/stm32f401rct6/Drivers/STM32F4xx_HAL_Driver/Inc/stm32f4xx_ll_rcc.h ****   *         PLLCFGR      PLLR          LL_RCC_PLL_ConfigDomain_SAI\n
4711:board/stm32f401rct6/Drivers/STM32F4xx_HAL_Driver/Inc/stm32f4xx_ll_rcc.h ****   *         DCKCFGR      PLLDIVR       LL_RCC_PLL_ConfigDomain_SAI
4712:board/stm32f401rct6/Drivers/STM32F4xx_HAL_Driver/Inc/stm32f4xx_ll_rcc.h ****   * @param  Source This parameter can be one of the following values:
4713:board/stm32f401rct6/Drivers/STM32F4xx_HAL_Driver/Inc/stm32f4xx_ll_rcc.h ****   *         @arg @ref LL_RCC_PLLSOURCE_HSI
4714:board/stm32f401rct6/Drivers/STM32F4xx_HAL_Driver/Inc/stm32f4xx_ll_rcc.h ****   *         @arg @ref LL_RCC_PLLSOURCE_HSE
4715:board/stm32f401rct6/Drivers/STM32F4xx_HAL_Driver/Inc/stm32f4xx_ll_rcc.h ****   * @param  PLLM This parameter can be one of the following values:
4716:board/stm32f401rct6/Drivers/STM32F4xx_HAL_Driver/Inc/stm32f4xx_ll_rcc.h ****   *         @arg @ref LL_RCC_PLLM_DIV_2
4717:board/stm32f401rct6/Drivers/STM32F4xx_HAL_Driver/Inc/stm32f4xx_ll_rcc.h ****   *         @arg @ref LL_RCC_PLLM_DIV_3
4718:board/stm32f401rct6/Drivers/STM32F4xx_HAL_Driver/Inc/stm32f4xx_ll_rcc.h ****   *         @arg @ref LL_RCC_PLLM_DIV_4
4719:board/stm32f401rct6/Drivers/STM32F4xx_HAL_Driver/Inc/stm32f4xx_ll_rcc.h ****   *         @arg @ref LL_RCC_PLLM_DIV_5
4720:board/stm32f401rct6/Drivers/STM32F4xx_HAL_Driver/Inc/stm32f4xx_ll_rcc.h ****   *         @arg @ref LL_RCC_PLLM_DIV_6
4721:board/stm32f401rct6/Drivers/STM32F4xx_HAL_Driver/Inc/stm32f4xx_ll_rcc.h ****   *         @arg @ref LL_RCC_PLLM_DIV_7
4722:board/stm32f401rct6/Drivers/STM32F4xx_HAL_Driver/Inc/stm32f4xx_ll_rcc.h ****   *         @arg @ref LL_RCC_PLLM_DIV_8
4723:board/stm32f401rct6/Drivers/STM32F4xx_HAL_Driver/Inc/stm32f4xx_ll_rcc.h ****   *         @arg @ref LL_RCC_PLLM_DIV_9
4724:board/stm32f401rct6/Drivers/STM32F4xx_HAL_Driver/Inc/stm32f4xx_ll_rcc.h ****   *         @arg @ref LL_RCC_PLLM_DIV_10
4725:board/stm32f401rct6/Drivers/STM32F4xx_HAL_Driver/Inc/stm32f4xx_ll_rcc.h ****   *         @arg @ref LL_RCC_PLLM_DIV_11
4726:board/stm32f401rct6/Drivers/STM32F4xx_HAL_Driver/Inc/stm32f4xx_ll_rcc.h ****   *         @arg @ref LL_RCC_PLLM_DIV_12
4727:board/stm32f401rct6/Drivers/STM32F4xx_HAL_Driver/Inc/stm32f4xx_ll_rcc.h ****   *         @arg @ref LL_RCC_PLLM_DIV_13
4728:board/stm32f401rct6/Drivers/STM32F4xx_HAL_Driver/Inc/stm32f4xx_ll_rcc.h ****   *         @arg @ref LL_RCC_PLLM_DIV_14
4729:board/stm32f401rct6/Drivers/STM32F4xx_HAL_Driver/Inc/stm32f4xx_ll_rcc.h ****   *         @arg @ref LL_RCC_PLLM_DIV_15
4730:board/stm32f401rct6/Drivers/STM32F4xx_HAL_Driver/Inc/stm32f4xx_ll_rcc.h ****   *         @arg @ref LL_RCC_PLLM_DIV_16
4731:board/stm32f401rct6/Drivers/STM32F4xx_HAL_Driver/Inc/stm32f4xx_ll_rcc.h ****   *         @arg @ref LL_RCC_PLLM_DIV_17
4732:board/stm32f401rct6/Drivers/STM32F4xx_HAL_Driver/Inc/stm32f4xx_ll_rcc.h ****   *         @arg @ref LL_RCC_PLLM_DIV_18
4733:board/stm32f401rct6/Drivers/STM32F4xx_HAL_Driver/Inc/stm32f4xx_ll_rcc.h ****   *         @arg @ref LL_RCC_PLLM_DIV_19
4734:board/stm32f401rct6/Drivers/STM32F4xx_HAL_Driver/Inc/stm32f4xx_ll_rcc.h ****   *         @arg @ref LL_RCC_PLLM_DIV_20
4735:board/stm32f401rct6/Drivers/STM32F4xx_HAL_Driver/Inc/stm32f4xx_ll_rcc.h ****   *         @arg @ref LL_RCC_PLLM_DIV_21
4736:board/stm32f401rct6/Drivers/STM32F4xx_HAL_Driver/Inc/stm32f4xx_ll_rcc.h ****   *         @arg @ref LL_RCC_PLLM_DIV_22
4737:board/stm32f401rct6/Drivers/STM32F4xx_HAL_Driver/Inc/stm32f4xx_ll_rcc.h ****   *         @arg @ref LL_RCC_PLLM_DIV_23
4738:board/stm32f401rct6/Drivers/STM32F4xx_HAL_Driver/Inc/stm32f4xx_ll_rcc.h ****   *         @arg @ref LL_RCC_PLLM_DIV_24
4739:board/stm32f401rct6/Drivers/STM32F4xx_HAL_Driver/Inc/stm32f4xx_ll_rcc.h ****   *         @arg @ref LL_RCC_PLLM_DIV_25
4740:board/stm32f401rct6/Drivers/STM32F4xx_HAL_Driver/Inc/stm32f4xx_ll_rcc.h ****   *         @arg @ref LL_RCC_PLLM_DIV_26
4741:board/stm32f401rct6/Drivers/STM32F4xx_HAL_Driver/Inc/stm32f4xx_ll_rcc.h ****   *         @arg @ref LL_RCC_PLLM_DIV_27
4742:board/stm32f401rct6/Drivers/STM32F4xx_HAL_Driver/Inc/stm32f4xx_ll_rcc.h ****   *         @arg @ref LL_RCC_PLLM_DIV_28
4743:board/stm32f401rct6/Drivers/STM32F4xx_HAL_Driver/Inc/stm32f4xx_ll_rcc.h ****   *         @arg @ref LL_RCC_PLLM_DIV_29
4744:board/stm32f401rct6/Drivers/STM32F4xx_HAL_Driver/Inc/stm32f4xx_ll_rcc.h ****   *         @arg @ref LL_RCC_PLLM_DIV_30
4745:board/stm32f401rct6/Drivers/STM32F4xx_HAL_Driver/Inc/stm32f4xx_ll_rcc.h ****   *         @arg @ref LL_RCC_PLLM_DIV_31
4746:board/stm32f401rct6/Drivers/STM32F4xx_HAL_Driver/Inc/stm32f4xx_ll_rcc.h ****   *         @arg @ref LL_RCC_PLLM_DIV_32
4747:board/stm32f401rct6/Drivers/STM32F4xx_HAL_Driver/Inc/stm32f4xx_ll_rcc.h ****   *         @arg @ref LL_RCC_PLLM_DIV_33
4748:board/stm32f401rct6/Drivers/STM32F4xx_HAL_Driver/Inc/stm32f4xx_ll_rcc.h ****   *         @arg @ref LL_RCC_PLLM_DIV_34
4749:board/stm32f401rct6/Drivers/STM32F4xx_HAL_Driver/Inc/stm32f4xx_ll_rcc.h ****   *         @arg @ref LL_RCC_PLLM_DIV_35
4750:board/stm32f401rct6/Drivers/STM32F4xx_HAL_Driver/Inc/stm32f4xx_ll_rcc.h ****   *         @arg @ref LL_RCC_PLLM_DIV_36
4751:board/stm32f401rct6/Drivers/STM32F4xx_HAL_Driver/Inc/stm32f4xx_ll_rcc.h ****   *         @arg @ref LL_RCC_PLLM_DIV_37
ARM GAS  C:\Users\Admin\AppData\Local\Temp\ccHMtLfr.s 			page 111


4752:board/stm32f401rct6/Drivers/STM32F4xx_HAL_Driver/Inc/stm32f4xx_ll_rcc.h ****   *         @arg @ref LL_RCC_PLLM_DIV_38
4753:board/stm32f401rct6/Drivers/STM32F4xx_HAL_Driver/Inc/stm32f4xx_ll_rcc.h ****   *         @arg @ref LL_RCC_PLLM_DIV_39
4754:board/stm32f401rct6/Drivers/STM32F4xx_HAL_Driver/Inc/stm32f4xx_ll_rcc.h ****   *         @arg @ref LL_RCC_PLLM_DIV_40
4755:board/stm32f401rct6/Drivers/STM32F4xx_HAL_Driver/Inc/stm32f4xx_ll_rcc.h ****   *         @arg @ref LL_RCC_PLLM_DIV_41
4756:board/stm32f401rct6/Drivers/STM32F4xx_HAL_Driver/Inc/stm32f4xx_ll_rcc.h ****   *         @arg @ref LL_RCC_PLLM_DIV_42
4757:board/stm32f401rct6/Drivers/STM32F4xx_HAL_Driver/Inc/stm32f4xx_ll_rcc.h ****   *         @arg @ref LL_RCC_PLLM_DIV_43
4758:board/stm32f401rct6/Drivers/STM32F4xx_HAL_Driver/Inc/stm32f4xx_ll_rcc.h ****   *         @arg @ref LL_RCC_PLLM_DIV_44
4759:board/stm32f401rct6/Drivers/STM32F4xx_HAL_Driver/Inc/stm32f4xx_ll_rcc.h ****   *         @arg @ref LL_RCC_PLLM_DIV_45
4760:board/stm32f401rct6/Drivers/STM32F4xx_HAL_Driver/Inc/stm32f4xx_ll_rcc.h ****   *         @arg @ref LL_RCC_PLLM_DIV_46
4761:board/stm32f401rct6/Drivers/STM32F4xx_HAL_Driver/Inc/stm32f4xx_ll_rcc.h ****   *         @arg @ref LL_RCC_PLLM_DIV_47
4762:board/stm32f401rct6/Drivers/STM32F4xx_HAL_Driver/Inc/stm32f4xx_ll_rcc.h ****   *         @arg @ref LL_RCC_PLLM_DIV_48
4763:board/stm32f401rct6/Drivers/STM32F4xx_HAL_Driver/Inc/stm32f4xx_ll_rcc.h ****   *         @arg @ref LL_RCC_PLLM_DIV_49
4764:board/stm32f401rct6/Drivers/STM32F4xx_HAL_Driver/Inc/stm32f4xx_ll_rcc.h ****   *         @arg @ref LL_RCC_PLLM_DIV_50
4765:board/stm32f401rct6/Drivers/STM32F4xx_HAL_Driver/Inc/stm32f4xx_ll_rcc.h ****   *         @arg @ref LL_RCC_PLLM_DIV_51
4766:board/stm32f401rct6/Drivers/STM32F4xx_HAL_Driver/Inc/stm32f4xx_ll_rcc.h ****   *         @arg @ref LL_RCC_PLLM_DIV_52
4767:board/stm32f401rct6/Drivers/STM32F4xx_HAL_Driver/Inc/stm32f4xx_ll_rcc.h ****   *         @arg @ref LL_RCC_PLLM_DIV_53
4768:board/stm32f401rct6/Drivers/STM32F4xx_HAL_Driver/Inc/stm32f4xx_ll_rcc.h ****   *         @arg @ref LL_RCC_PLLM_DIV_54
4769:board/stm32f401rct6/Drivers/STM32F4xx_HAL_Driver/Inc/stm32f4xx_ll_rcc.h ****   *         @arg @ref LL_RCC_PLLM_DIV_55
4770:board/stm32f401rct6/Drivers/STM32F4xx_HAL_Driver/Inc/stm32f4xx_ll_rcc.h ****   *         @arg @ref LL_RCC_PLLM_DIV_56
4771:board/stm32f401rct6/Drivers/STM32F4xx_HAL_Driver/Inc/stm32f4xx_ll_rcc.h ****   *         @arg @ref LL_RCC_PLLM_DIV_57
4772:board/stm32f401rct6/Drivers/STM32F4xx_HAL_Driver/Inc/stm32f4xx_ll_rcc.h ****   *         @arg @ref LL_RCC_PLLM_DIV_58
4773:board/stm32f401rct6/Drivers/STM32F4xx_HAL_Driver/Inc/stm32f4xx_ll_rcc.h ****   *         @arg @ref LL_RCC_PLLM_DIV_59
4774:board/stm32f401rct6/Drivers/STM32F4xx_HAL_Driver/Inc/stm32f4xx_ll_rcc.h ****   *         @arg @ref LL_RCC_PLLM_DIV_60
4775:board/stm32f401rct6/Drivers/STM32F4xx_HAL_Driver/Inc/stm32f4xx_ll_rcc.h ****   *         @arg @ref LL_RCC_PLLM_DIV_61
4776:board/stm32f401rct6/Drivers/STM32F4xx_HAL_Driver/Inc/stm32f4xx_ll_rcc.h ****   *         @arg @ref LL_RCC_PLLM_DIV_62
4777:board/stm32f401rct6/Drivers/STM32F4xx_HAL_Driver/Inc/stm32f4xx_ll_rcc.h ****   *         @arg @ref LL_RCC_PLLM_DIV_63
4778:board/stm32f401rct6/Drivers/STM32F4xx_HAL_Driver/Inc/stm32f4xx_ll_rcc.h ****   * @param  PLLN Between 50 and 432
4779:board/stm32f401rct6/Drivers/STM32F4xx_HAL_Driver/Inc/stm32f4xx_ll_rcc.h ****   * @param  PLLR This parameter can be one of the following values:
4780:board/stm32f401rct6/Drivers/STM32F4xx_HAL_Driver/Inc/stm32f4xx_ll_rcc.h ****   *         @arg @ref LL_RCC_PLLR_DIV_2
4781:board/stm32f401rct6/Drivers/STM32F4xx_HAL_Driver/Inc/stm32f4xx_ll_rcc.h ****   *         @arg @ref LL_RCC_PLLR_DIV_3
4782:board/stm32f401rct6/Drivers/STM32F4xx_HAL_Driver/Inc/stm32f4xx_ll_rcc.h ****   *         @arg @ref LL_RCC_PLLR_DIV_4
4783:board/stm32f401rct6/Drivers/STM32F4xx_HAL_Driver/Inc/stm32f4xx_ll_rcc.h ****   *         @arg @ref LL_RCC_PLLR_DIV_5
4784:board/stm32f401rct6/Drivers/STM32F4xx_HAL_Driver/Inc/stm32f4xx_ll_rcc.h ****   *         @arg @ref LL_RCC_PLLR_DIV_6
4785:board/stm32f401rct6/Drivers/STM32F4xx_HAL_Driver/Inc/stm32f4xx_ll_rcc.h ****   *         @arg @ref LL_RCC_PLLR_DIV_7
4786:board/stm32f401rct6/Drivers/STM32F4xx_HAL_Driver/Inc/stm32f4xx_ll_rcc.h ****   * @param  PLLDIVR This parameter can be one of the following values:
4787:board/stm32f401rct6/Drivers/STM32F4xx_HAL_Driver/Inc/stm32f4xx_ll_rcc.h ****   *         @arg @ref LL_RCC_PLLDIVR_DIV_1 (*)
4788:board/stm32f401rct6/Drivers/STM32F4xx_HAL_Driver/Inc/stm32f4xx_ll_rcc.h ****   *         @arg @ref LL_RCC_PLLDIVR_DIV_2 (*)
4789:board/stm32f401rct6/Drivers/STM32F4xx_HAL_Driver/Inc/stm32f4xx_ll_rcc.h ****   *         @arg @ref LL_RCC_PLLDIVR_DIV_3 (*)
4790:board/stm32f401rct6/Drivers/STM32F4xx_HAL_Driver/Inc/stm32f4xx_ll_rcc.h ****   *         @arg @ref LL_RCC_PLLDIVR_DIV_4 (*)
4791:board/stm32f401rct6/Drivers/STM32F4xx_HAL_Driver/Inc/stm32f4xx_ll_rcc.h ****   *         @arg @ref LL_RCC_PLLDIVR_DIV_5 (*)
4792:board/stm32f401rct6/Drivers/STM32F4xx_HAL_Driver/Inc/stm32f4xx_ll_rcc.h ****   *         @arg @ref LL_RCC_PLLDIVR_DIV_6 (*)
4793:board/stm32f401rct6/Drivers/STM32F4xx_HAL_Driver/Inc/stm32f4xx_ll_rcc.h ****   *         @arg @ref LL_RCC_PLLDIVR_DIV_7 (*)
4794:board/stm32f401rct6/Drivers/STM32F4xx_HAL_Driver/Inc/stm32f4xx_ll_rcc.h ****   *         @arg @ref LL_RCC_PLLDIVR_DIV_8 (*)
4795:board/stm32f401rct6/Drivers/STM32F4xx_HAL_Driver/Inc/stm32f4xx_ll_rcc.h ****   *         @arg @ref LL_RCC_PLLDIVR_DIV_9 (*)
4796:board/stm32f401rct6/Drivers/STM32F4xx_HAL_Driver/Inc/stm32f4xx_ll_rcc.h ****   *         @arg @ref LL_RCC_PLLDIVR_DIV_10 (*)
4797:board/stm32f401rct6/Drivers/STM32F4xx_HAL_Driver/Inc/stm32f4xx_ll_rcc.h ****   *         @arg @ref LL_RCC_PLLDIVR_DIV_11 (*)
4798:board/stm32f401rct6/Drivers/STM32F4xx_HAL_Driver/Inc/stm32f4xx_ll_rcc.h ****   *         @arg @ref LL_RCC_PLLDIVR_DIV_12 (*)
4799:board/stm32f401rct6/Drivers/STM32F4xx_HAL_Driver/Inc/stm32f4xx_ll_rcc.h ****   *         @arg @ref LL_RCC_PLLDIVR_DIV_13 (*)
4800:board/stm32f401rct6/Drivers/STM32F4xx_HAL_Driver/Inc/stm32f4xx_ll_rcc.h ****   *         @arg @ref LL_RCC_PLLDIVR_DIV_14 (*)
4801:board/stm32f401rct6/Drivers/STM32F4xx_HAL_Driver/Inc/stm32f4xx_ll_rcc.h ****   *         @arg @ref LL_RCC_PLLDIVR_DIV_15 (*)
4802:board/stm32f401rct6/Drivers/STM32F4xx_HAL_Driver/Inc/stm32f4xx_ll_rcc.h ****   *         @arg @ref LL_RCC_PLLDIVR_DIV_16 (*)
4803:board/stm32f401rct6/Drivers/STM32F4xx_HAL_Driver/Inc/stm32f4xx_ll_rcc.h ****   *         @arg @ref LL_RCC_PLLDIVR_DIV_17 (*)
4804:board/stm32f401rct6/Drivers/STM32F4xx_HAL_Driver/Inc/stm32f4xx_ll_rcc.h ****   *         @arg @ref LL_RCC_PLLDIVR_DIV_18 (*)
4805:board/stm32f401rct6/Drivers/STM32F4xx_HAL_Driver/Inc/stm32f4xx_ll_rcc.h ****   *         @arg @ref LL_RCC_PLLDIVR_DIV_19 (*)
4806:board/stm32f401rct6/Drivers/STM32F4xx_HAL_Driver/Inc/stm32f4xx_ll_rcc.h ****   *         @arg @ref LL_RCC_PLLDIVR_DIV_20 (*)
4807:board/stm32f401rct6/Drivers/STM32F4xx_HAL_Driver/Inc/stm32f4xx_ll_rcc.h ****   *         @arg @ref LL_RCC_PLLDIVR_DIV_21 (*)
4808:board/stm32f401rct6/Drivers/STM32F4xx_HAL_Driver/Inc/stm32f4xx_ll_rcc.h ****   *         @arg @ref LL_RCC_PLLDIVR_DIV_22 (*)
ARM GAS  C:\Users\Admin\AppData\Local\Temp\ccHMtLfr.s 			page 112


4809:board/stm32f401rct6/Drivers/STM32F4xx_HAL_Driver/Inc/stm32f4xx_ll_rcc.h ****   *         @arg @ref LL_RCC_PLLDIVR_DIV_23 (*)
4810:board/stm32f401rct6/Drivers/STM32F4xx_HAL_Driver/Inc/stm32f4xx_ll_rcc.h ****   *         @arg @ref LL_RCC_PLLDIVR_DIV_24 (*)
4811:board/stm32f401rct6/Drivers/STM32F4xx_HAL_Driver/Inc/stm32f4xx_ll_rcc.h ****   *         @arg @ref LL_RCC_PLLDIVR_DIV_25 (*)
4812:board/stm32f401rct6/Drivers/STM32F4xx_HAL_Driver/Inc/stm32f4xx_ll_rcc.h ****   *         @arg @ref LL_RCC_PLLDIVR_DIV_26 (*)
4813:board/stm32f401rct6/Drivers/STM32F4xx_HAL_Driver/Inc/stm32f4xx_ll_rcc.h ****   *         @arg @ref LL_RCC_PLLDIVR_DIV_27 (*)
4814:board/stm32f401rct6/Drivers/STM32F4xx_HAL_Driver/Inc/stm32f4xx_ll_rcc.h ****   *         @arg @ref LL_RCC_PLLDIVR_DIV_28 (*)
4815:board/stm32f401rct6/Drivers/STM32F4xx_HAL_Driver/Inc/stm32f4xx_ll_rcc.h ****   *         @arg @ref LL_RCC_PLLDIVR_DIV_29 (*)
4816:board/stm32f401rct6/Drivers/STM32F4xx_HAL_Driver/Inc/stm32f4xx_ll_rcc.h ****   *         @arg @ref LL_RCC_PLLDIVR_DIV_30 (*)
4817:board/stm32f401rct6/Drivers/STM32F4xx_HAL_Driver/Inc/stm32f4xx_ll_rcc.h ****   *         @arg @ref LL_RCC_PLLDIVR_DIV_31 (*)
4818:board/stm32f401rct6/Drivers/STM32F4xx_HAL_Driver/Inc/stm32f4xx_ll_rcc.h ****   *
4819:board/stm32f401rct6/Drivers/STM32F4xx_HAL_Driver/Inc/stm32f4xx_ll_rcc.h ****   *         (*) value not defined in all devices.
4820:board/stm32f401rct6/Drivers/STM32F4xx_HAL_Driver/Inc/stm32f4xx_ll_rcc.h ****   * @retval None
4821:board/stm32f401rct6/Drivers/STM32F4xx_HAL_Driver/Inc/stm32f4xx_ll_rcc.h ****   */
4822:board/stm32f401rct6/Drivers/STM32F4xx_HAL_Driver/Inc/stm32f4xx_ll_rcc.h **** #if defined(RCC_DCKCFGR_PLLDIVR)
4823:board/stm32f401rct6/Drivers/STM32F4xx_HAL_Driver/Inc/stm32f4xx_ll_rcc.h **** __STATIC_INLINE void LL_RCC_PLL_ConfigDomain_SAI(uint32_t Source, uint32_t PLLM, uint32_t PLLN, uin
4824:board/stm32f401rct6/Drivers/STM32F4xx_HAL_Driver/Inc/stm32f4xx_ll_rcc.h ****                                                  uint32_t PLLDIVR)
4825:board/stm32f401rct6/Drivers/STM32F4xx_HAL_Driver/Inc/stm32f4xx_ll_rcc.h **** #else
4826:board/stm32f401rct6/Drivers/STM32F4xx_HAL_Driver/Inc/stm32f4xx_ll_rcc.h **** __STATIC_INLINE void LL_RCC_PLL_ConfigDomain_SAI(uint32_t Source, uint32_t PLLM, uint32_t PLLN, uin
4827:board/stm32f401rct6/Drivers/STM32F4xx_HAL_Driver/Inc/stm32f4xx_ll_rcc.h **** #endif /* RCC_DCKCFGR_PLLDIVR */
4828:board/stm32f401rct6/Drivers/STM32F4xx_HAL_Driver/Inc/stm32f4xx_ll_rcc.h **** {
4829:board/stm32f401rct6/Drivers/STM32F4xx_HAL_Driver/Inc/stm32f4xx_ll_rcc.h ****   MODIFY_REG(RCC->PLLCFGR, RCC_PLLCFGR_PLLSRC | RCC_PLLCFGR_PLLM | RCC_PLLCFGR_PLLN | RCC_PLLCFGR_P
4830:board/stm32f401rct6/Drivers/STM32F4xx_HAL_Driver/Inc/stm32f4xx_ll_rcc.h ****              Source | PLLM | PLLN << RCC_PLLCFGR_PLLN_Pos | PLLR);
4831:board/stm32f401rct6/Drivers/STM32F4xx_HAL_Driver/Inc/stm32f4xx_ll_rcc.h **** #if defined(RCC_DCKCFGR_PLLDIVR)
4832:board/stm32f401rct6/Drivers/STM32F4xx_HAL_Driver/Inc/stm32f4xx_ll_rcc.h ****   MODIFY_REG(RCC->DCKCFGR, RCC_DCKCFGR_PLLDIVR, PLLDIVR);
4833:board/stm32f401rct6/Drivers/STM32F4xx_HAL_Driver/Inc/stm32f4xx_ll_rcc.h **** #endif /* RCC_DCKCFGR_PLLDIVR */
4834:board/stm32f401rct6/Drivers/STM32F4xx_HAL_Driver/Inc/stm32f4xx_ll_rcc.h **** }
4835:board/stm32f401rct6/Drivers/STM32F4xx_HAL_Driver/Inc/stm32f4xx_ll_rcc.h **** #endif /* SAI1 */
4836:board/stm32f401rct6/Drivers/STM32F4xx_HAL_Driver/Inc/stm32f4xx_ll_rcc.h **** #endif /* RCC_PLLCFGR_PLLR */
4837:board/stm32f401rct6/Drivers/STM32F4xx_HAL_Driver/Inc/stm32f4xx_ll_rcc.h **** 
4838:board/stm32f401rct6/Drivers/STM32F4xx_HAL_Driver/Inc/stm32f4xx_ll_rcc.h **** /**
4839:board/stm32f401rct6/Drivers/STM32F4xx_HAL_Driver/Inc/stm32f4xx_ll_rcc.h ****   * @brief  Configure PLL clock source
4840:board/stm32f401rct6/Drivers/STM32F4xx_HAL_Driver/Inc/stm32f4xx_ll_rcc.h ****   * @rmtoll PLLCFGR      PLLSRC        LL_RCC_PLL_SetMainSource
4841:board/stm32f401rct6/Drivers/STM32F4xx_HAL_Driver/Inc/stm32f4xx_ll_rcc.h ****   * @param PLLSource This parameter can be one of the following values:
4842:board/stm32f401rct6/Drivers/STM32F4xx_HAL_Driver/Inc/stm32f4xx_ll_rcc.h ****   *         @arg @ref LL_RCC_PLLSOURCE_HSI
4843:board/stm32f401rct6/Drivers/STM32F4xx_HAL_Driver/Inc/stm32f4xx_ll_rcc.h ****   *         @arg @ref LL_RCC_PLLSOURCE_HSE
4844:board/stm32f401rct6/Drivers/STM32F4xx_HAL_Driver/Inc/stm32f4xx_ll_rcc.h ****   * @retval None
4845:board/stm32f401rct6/Drivers/STM32F4xx_HAL_Driver/Inc/stm32f4xx_ll_rcc.h ****   */
4846:board/stm32f401rct6/Drivers/STM32F4xx_HAL_Driver/Inc/stm32f4xx_ll_rcc.h **** __STATIC_INLINE void LL_RCC_PLL_SetMainSource(uint32_t PLLSource)
4847:board/stm32f401rct6/Drivers/STM32F4xx_HAL_Driver/Inc/stm32f4xx_ll_rcc.h **** {
4848:board/stm32f401rct6/Drivers/STM32F4xx_HAL_Driver/Inc/stm32f4xx_ll_rcc.h ****   MODIFY_REG(RCC->PLLCFGR, RCC_PLLCFGR_PLLSRC, PLLSource);
4849:board/stm32f401rct6/Drivers/STM32F4xx_HAL_Driver/Inc/stm32f4xx_ll_rcc.h **** }
4850:board/stm32f401rct6/Drivers/STM32F4xx_HAL_Driver/Inc/stm32f4xx_ll_rcc.h **** 
4851:board/stm32f401rct6/Drivers/STM32F4xx_HAL_Driver/Inc/stm32f4xx_ll_rcc.h **** /**
4852:board/stm32f401rct6/Drivers/STM32F4xx_HAL_Driver/Inc/stm32f4xx_ll_rcc.h ****   * @brief  Get the oscillator used as PLL clock source.
4853:board/stm32f401rct6/Drivers/STM32F4xx_HAL_Driver/Inc/stm32f4xx_ll_rcc.h ****   * @rmtoll PLLCFGR      PLLSRC        LL_RCC_PLL_GetMainSource
4854:board/stm32f401rct6/Drivers/STM32F4xx_HAL_Driver/Inc/stm32f4xx_ll_rcc.h ****   * @retval Returned value can be one of the following values:
4855:board/stm32f401rct6/Drivers/STM32F4xx_HAL_Driver/Inc/stm32f4xx_ll_rcc.h ****   *         @arg @ref LL_RCC_PLLSOURCE_HSI
4856:board/stm32f401rct6/Drivers/STM32F4xx_HAL_Driver/Inc/stm32f4xx_ll_rcc.h ****   *         @arg @ref LL_RCC_PLLSOURCE_HSE
4857:board/stm32f401rct6/Drivers/STM32F4xx_HAL_Driver/Inc/stm32f4xx_ll_rcc.h ****   */
4858:board/stm32f401rct6/Drivers/STM32F4xx_HAL_Driver/Inc/stm32f4xx_ll_rcc.h **** __STATIC_INLINE uint32_t LL_RCC_PLL_GetMainSource(void)
 317              		.loc 2 4858 26 view .LVU67
 318              	.LBB65:
4859:board/stm32f401rct6/Drivers/STM32F4xx_HAL_Driver/Inc/stm32f4xx_ll_rcc.h **** {
4860:board/stm32f401rct6/Drivers/STM32F4xx_HAL_Driver/Inc/stm32f4xx_ll_rcc.h ****   return (uint32_t)(READ_BIT(RCC->PLLCFGR, RCC_PLLCFGR_PLLSRC));
 319              		.loc 2 4860 3 view .LVU68
 320              		.loc 2 4860 21 is_stmt 0 view .LVU69
 321 0000 0F4B     		ldr	r3, .L22
ARM GAS  C:\Users\Admin\AppData\Local\Temp\ccHMtLfr.s 			page 113


 322 0002 5B68     		ldr	r3, [r3, #4]
 323              		.loc 2 4860 10 view .LVU70
 324 0004 03F48003 		and	r3, r3, #4194304
 325              	.LVL9:
 326              		.loc 2 4860 10 view .LVU71
 327              	.LBE65:
 328              	.LBE64:
1200:board/stm32f401rct6/Drivers/STM32F4xx_HAL_Driver/Src/stm32f4xx_ll_rcc.c **** 
1201:board/stm32f401rct6/Drivers/STM32F4xx_HAL_Driver/Src/stm32f4xx_ll_rcc.c ****   switch (pllsource)
 329              		.loc 1 1201 3 is_stmt 1 view .LVU72
 330 0008 23B9     		cbnz	r3, .L19
1202:board/stm32f401rct6/Drivers/STM32F4xx_HAL_Driver/Src/stm32f4xx_ll_rcc.c ****   {
1203:board/stm32f401rct6/Drivers/STM32F4xx_HAL_Driver/Src/stm32f4xx_ll_rcc.c ****     case LL_RCC_PLLSOURCE_HSI:  /* HSI used as PLL clock source */
1204:board/stm32f401rct6/Drivers/STM32F4xx_HAL_Driver/Src/stm32f4xx_ll_rcc.c ****       pllinputfreq = HSI_VALUE;
 331              		.loc 1 1204 20 is_stmt 0 view .LVU73
 332 000a 0E4B     		ldr	r3, .L22+4
 333              	.LVL10:
 334              	.L17:
1205:board/stm32f401rct6/Drivers/STM32F4xx_HAL_Driver/Src/stm32f4xx_ll_rcc.c ****       break;
1206:board/stm32f401rct6/Drivers/STM32F4xx_HAL_Driver/Src/stm32f4xx_ll_rcc.c **** 
1207:board/stm32f401rct6/Drivers/STM32F4xx_HAL_Driver/Src/stm32f4xx_ll_rcc.c ****     case LL_RCC_PLLSOURCE_HSE:  /* HSE used as PLL clock source */
1208:board/stm32f401rct6/Drivers/STM32F4xx_HAL_Driver/Src/stm32f4xx_ll_rcc.c ****       pllinputfreq = HSE_VALUE;
1209:board/stm32f401rct6/Drivers/STM32F4xx_HAL_Driver/Src/stm32f4xx_ll_rcc.c ****       break;
1210:board/stm32f401rct6/Drivers/STM32F4xx_HAL_Driver/Src/stm32f4xx_ll_rcc.c **** 
1211:board/stm32f401rct6/Drivers/STM32F4xx_HAL_Driver/Src/stm32f4xx_ll_rcc.c ****     default:
1212:board/stm32f401rct6/Drivers/STM32F4xx_HAL_Driver/Src/stm32f4xx_ll_rcc.c ****       pllinputfreq = HSI_VALUE;
1213:board/stm32f401rct6/Drivers/STM32F4xx_HAL_Driver/Src/stm32f4xx_ll_rcc.c ****       break;
1214:board/stm32f401rct6/Drivers/STM32F4xx_HAL_Driver/Src/stm32f4xx_ll_rcc.c ****   }
1215:board/stm32f401rct6/Drivers/STM32F4xx_HAL_Driver/Src/stm32f4xx_ll_rcc.c **** 
1216:board/stm32f401rct6/Drivers/STM32F4xx_HAL_Driver/Src/stm32f4xx_ll_rcc.c ****   if (SYSCLK_Source == LL_RCC_SYS_CLKSOURCE_STATUS_PLL)
 335              		.loc 1 1216 3 is_stmt 1 view .LVU74
 336              		.loc 1 1216 6 is_stmt 0 view .LVU75
 337 000c 0828     		cmp	r0, #8
 338 000e 03D0     		beq	.L21
1194:board/stm32f401rct6/Drivers/STM32F4xx_HAL_Driver/Src/stm32f4xx_ll_rcc.c **** 
 339              		.loc 1 1194 12 view .LVU76
 340 0010 0020     		movs	r0, #0
 341              	.LVL11:
1217:board/stm32f401rct6/Drivers/STM32F4xx_HAL_Driver/Src/stm32f4xx_ll_rcc.c ****   {
1218:board/stm32f401rct6/Drivers/STM32F4xx_HAL_Driver/Src/stm32f4xx_ll_rcc.c ****     plloutputfreq = __LL_RCC_CALC_PLLCLK_FREQ(pllinputfreq, LL_RCC_PLL_GetDivider(),
1219:board/stm32f401rct6/Drivers/STM32F4xx_HAL_Driver/Src/stm32f4xx_ll_rcc.c ****                                               LL_RCC_PLL_GetN(), LL_RCC_PLL_GetP());
1220:board/stm32f401rct6/Drivers/STM32F4xx_HAL_Driver/Src/stm32f4xx_ll_rcc.c ****   }
1221:board/stm32f401rct6/Drivers/STM32F4xx_HAL_Driver/Src/stm32f4xx_ll_rcc.c **** #if defined(RCC_PLLR_SYSCLK_SUPPORT)
1222:board/stm32f401rct6/Drivers/STM32F4xx_HAL_Driver/Src/stm32f4xx_ll_rcc.c ****   else
1223:board/stm32f401rct6/Drivers/STM32F4xx_HAL_Driver/Src/stm32f4xx_ll_rcc.c ****   {
1224:board/stm32f401rct6/Drivers/STM32F4xx_HAL_Driver/Src/stm32f4xx_ll_rcc.c ****     plloutputfreq = __LL_RCC_CALC_PLLRCLK_FREQ(pllinputfreq, LL_RCC_PLL_GetDivider(),
1225:board/stm32f401rct6/Drivers/STM32F4xx_HAL_Driver/Src/stm32f4xx_ll_rcc.c ****                                                LL_RCC_PLL_GetN(), LL_RCC_PLL_GetR());
1226:board/stm32f401rct6/Drivers/STM32F4xx_HAL_Driver/Src/stm32f4xx_ll_rcc.c ****   }
1227:board/stm32f401rct6/Drivers/STM32F4xx_HAL_Driver/Src/stm32f4xx_ll_rcc.c **** #endif /* RCC_PLLR_SYSCLK_SUPPORT */
1228:board/stm32f401rct6/Drivers/STM32F4xx_HAL_Driver/Src/stm32f4xx_ll_rcc.c **** 
1229:board/stm32f401rct6/Drivers/STM32F4xx_HAL_Driver/Src/stm32f4xx_ll_rcc.c ****   return plloutputfreq;
 342              		.loc 1 1229 3 is_stmt 1 view .LVU77
1230:board/stm32f401rct6/Drivers/STM32F4xx_HAL_Driver/Src/stm32f4xx_ll_rcc.c **** }
 343              		.loc 1 1230 1 is_stmt 0 view .LVU78
 344 0012 7047     		bx	lr
 345              	.LVL12:
 346              	.L19:
ARM GAS  C:\Users\Admin\AppData\Local\Temp\ccHMtLfr.s 			page 114


1208:board/stm32f401rct6/Drivers/STM32F4xx_HAL_Driver/Src/stm32f4xx_ll_rcc.c ****       break;
 347              		.loc 1 1208 20 view .LVU79
 348 0014 0C4B     		ldr	r3, .L22+8
 349              	.LVL13:
1208:board/stm32f401rct6/Drivers/STM32F4xx_HAL_Driver/Src/stm32f4xx_ll_rcc.c ****       break;
 350              		.loc 1 1208 20 view .LVU80
 351 0016 F9E7     		b	.L17
 352              	.LVL14:
 353              	.L21:
1218:board/stm32f401rct6/Drivers/STM32F4xx_HAL_Driver/Src/stm32f4xx_ll_rcc.c ****                                               LL_RCC_PLL_GetN(), LL_RCC_PLL_GetP());
 354              		.loc 1 1218 5 is_stmt 1 view .LVU81
 355              	.LBB66:
 356              	.LBI66:
4861:board/stm32f401rct6/Drivers/STM32F4xx_HAL_Driver/Inc/stm32f4xx_ll_rcc.h **** }
4862:board/stm32f401rct6/Drivers/STM32F4xx_HAL_Driver/Inc/stm32f4xx_ll_rcc.h **** 
4863:board/stm32f401rct6/Drivers/STM32F4xx_HAL_Driver/Inc/stm32f4xx_ll_rcc.h **** /**
4864:board/stm32f401rct6/Drivers/STM32F4xx_HAL_Driver/Inc/stm32f4xx_ll_rcc.h ****   * @brief  Get Main PLL multiplication factor for VCO
4865:board/stm32f401rct6/Drivers/STM32F4xx_HAL_Driver/Inc/stm32f4xx_ll_rcc.h ****   * @rmtoll PLLCFGR      PLLN          LL_RCC_PLL_GetN
4866:board/stm32f401rct6/Drivers/STM32F4xx_HAL_Driver/Inc/stm32f4xx_ll_rcc.h ****   * @retval Between 50/192(*) and 432
4867:board/stm32f401rct6/Drivers/STM32F4xx_HAL_Driver/Inc/stm32f4xx_ll_rcc.h ****   *
4868:board/stm32f401rct6/Drivers/STM32F4xx_HAL_Driver/Inc/stm32f4xx_ll_rcc.h ****   *         (*) value not defined in all devices.
4869:board/stm32f401rct6/Drivers/STM32F4xx_HAL_Driver/Inc/stm32f4xx_ll_rcc.h ****   */
4870:board/stm32f401rct6/Drivers/STM32F4xx_HAL_Driver/Inc/stm32f4xx_ll_rcc.h **** __STATIC_INLINE uint32_t LL_RCC_PLL_GetN(void)
4871:board/stm32f401rct6/Drivers/STM32F4xx_HAL_Driver/Inc/stm32f4xx_ll_rcc.h **** {
4872:board/stm32f401rct6/Drivers/STM32F4xx_HAL_Driver/Inc/stm32f4xx_ll_rcc.h ****   return (uint32_t)(READ_BIT(RCC->PLLCFGR, RCC_PLLCFGR_PLLN) >>  RCC_PLLCFGR_PLLN_Pos);
4873:board/stm32f401rct6/Drivers/STM32F4xx_HAL_Driver/Inc/stm32f4xx_ll_rcc.h **** }
4874:board/stm32f401rct6/Drivers/STM32F4xx_HAL_Driver/Inc/stm32f4xx_ll_rcc.h **** 
4875:board/stm32f401rct6/Drivers/STM32F4xx_HAL_Driver/Inc/stm32f4xx_ll_rcc.h **** /**
4876:board/stm32f401rct6/Drivers/STM32F4xx_HAL_Driver/Inc/stm32f4xx_ll_rcc.h ****   * @brief  Get Main PLL division factor for PLLP
4877:board/stm32f401rct6/Drivers/STM32F4xx_HAL_Driver/Inc/stm32f4xx_ll_rcc.h ****   * @rmtoll PLLCFGR      PLLP       LL_RCC_PLL_GetP
4878:board/stm32f401rct6/Drivers/STM32F4xx_HAL_Driver/Inc/stm32f4xx_ll_rcc.h ****   * @retval Returned value can be one of the following values:
4879:board/stm32f401rct6/Drivers/STM32F4xx_HAL_Driver/Inc/stm32f4xx_ll_rcc.h ****   *         @arg @ref LL_RCC_PLLP_DIV_2
4880:board/stm32f401rct6/Drivers/STM32F4xx_HAL_Driver/Inc/stm32f4xx_ll_rcc.h ****   *         @arg @ref LL_RCC_PLLP_DIV_4
4881:board/stm32f401rct6/Drivers/STM32F4xx_HAL_Driver/Inc/stm32f4xx_ll_rcc.h ****   *         @arg @ref LL_RCC_PLLP_DIV_6
4882:board/stm32f401rct6/Drivers/STM32F4xx_HAL_Driver/Inc/stm32f4xx_ll_rcc.h ****   *         @arg @ref LL_RCC_PLLP_DIV_8
4883:board/stm32f401rct6/Drivers/STM32F4xx_HAL_Driver/Inc/stm32f4xx_ll_rcc.h ****   */
4884:board/stm32f401rct6/Drivers/STM32F4xx_HAL_Driver/Inc/stm32f4xx_ll_rcc.h **** __STATIC_INLINE uint32_t LL_RCC_PLL_GetP(void)
4885:board/stm32f401rct6/Drivers/STM32F4xx_HAL_Driver/Inc/stm32f4xx_ll_rcc.h **** {
4886:board/stm32f401rct6/Drivers/STM32F4xx_HAL_Driver/Inc/stm32f4xx_ll_rcc.h ****   return (uint32_t)(READ_BIT(RCC->PLLCFGR, RCC_PLLCFGR_PLLP));
4887:board/stm32f401rct6/Drivers/STM32F4xx_HAL_Driver/Inc/stm32f4xx_ll_rcc.h **** }
4888:board/stm32f401rct6/Drivers/STM32F4xx_HAL_Driver/Inc/stm32f4xx_ll_rcc.h **** 
4889:board/stm32f401rct6/Drivers/STM32F4xx_HAL_Driver/Inc/stm32f4xx_ll_rcc.h **** /**
4890:board/stm32f401rct6/Drivers/STM32F4xx_HAL_Driver/Inc/stm32f4xx_ll_rcc.h ****   * @brief  Get Main PLL division factor for PLLQ
4891:board/stm32f401rct6/Drivers/STM32F4xx_HAL_Driver/Inc/stm32f4xx_ll_rcc.h ****   * @note used for PLL48MCLK selected for USB, RNG, SDIO (48 MHz clock)
4892:board/stm32f401rct6/Drivers/STM32F4xx_HAL_Driver/Inc/stm32f4xx_ll_rcc.h ****   * @rmtoll PLLCFGR      PLLQ          LL_RCC_PLL_GetQ
4893:board/stm32f401rct6/Drivers/STM32F4xx_HAL_Driver/Inc/stm32f4xx_ll_rcc.h ****   * @retval Returned value can be one of the following values:
4894:board/stm32f401rct6/Drivers/STM32F4xx_HAL_Driver/Inc/stm32f4xx_ll_rcc.h ****   *         @arg @ref LL_RCC_PLLQ_DIV_2
4895:board/stm32f401rct6/Drivers/STM32F4xx_HAL_Driver/Inc/stm32f4xx_ll_rcc.h ****   *         @arg @ref LL_RCC_PLLQ_DIV_3
4896:board/stm32f401rct6/Drivers/STM32F4xx_HAL_Driver/Inc/stm32f4xx_ll_rcc.h ****   *         @arg @ref LL_RCC_PLLQ_DIV_4
4897:board/stm32f401rct6/Drivers/STM32F4xx_HAL_Driver/Inc/stm32f4xx_ll_rcc.h ****   *         @arg @ref LL_RCC_PLLQ_DIV_5
4898:board/stm32f401rct6/Drivers/STM32F4xx_HAL_Driver/Inc/stm32f4xx_ll_rcc.h ****   *         @arg @ref LL_RCC_PLLQ_DIV_6
4899:board/stm32f401rct6/Drivers/STM32F4xx_HAL_Driver/Inc/stm32f4xx_ll_rcc.h ****   *         @arg @ref LL_RCC_PLLQ_DIV_7
4900:board/stm32f401rct6/Drivers/STM32F4xx_HAL_Driver/Inc/stm32f4xx_ll_rcc.h ****   *         @arg @ref LL_RCC_PLLQ_DIV_8
4901:board/stm32f401rct6/Drivers/STM32F4xx_HAL_Driver/Inc/stm32f4xx_ll_rcc.h ****   *         @arg @ref LL_RCC_PLLQ_DIV_9
4902:board/stm32f401rct6/Drivers/STM32F4xx_HAL_Driver/Inc/stm32f4xx_ll_rcc.h ****   *         @arg @ref LL_RCC_PLLQ_DIV_10
4903:board/stm32f401rct6/Drivers/STM32F4xx_HAL_Driver/Inc/stm32f4xx_ll_rcc.h ****   *         @arg @ref LL_RCC_PLLQ_DIV_11
4904:board/stm32f401rct6/Drivers/STM32F4xx_HAL_Driver/Inc/stm32f4xx_ll_rcc.h ****   *         @arg @ref LL_RCC_PLLQ_DIV_12
ARM GAS  C:\Users\Admin\AppData\Local\Temp\ccHMtLfr.s 			page 115


4905:board/stm32f401rct6/Drivers/STM32F4xx_HAL_Driver/Inc/stm32f4xx_ll_rcc.h ****   *         @arg @ref LL_RCC_PLLQ_DIV_13
4906:board/stm32f401rct6/Drivers/STM32F4xx_HAL_Driver/Inc/stm32f4xx_ll_rcc.h ****   *         @arg @ref LL_RCC_PLLQ_DIV_14
4907:board/stm32f401rct6/Drivers/STM32F4xx_HAL_Driver/Inc/stm32f4xx_ll_rcc.h ****   *         @arg @ref LL_RCC_PLLQ_DIV_15
4908:board/stm32f401rct6/Drivers/STM32F4xx_HAL_Driver/Inc/stm32f4xx_ll_rcc.h ****   */
4909:board/stm32f401rct6/Drivers/STM32F4xx_HAL_Driver/Inc/stm32f4xx_ll_rcc.h **** __STATIC_INLINE uint32_t LL_RCC_PLL_GetQ(void)
4910:board/stm32f401rct6/Drivers/STM32F4xx_HAL_Driver/Inc/stm32f4xx_ll_rcc.h **** {
4911:board/stm32f401rct6/Drivers/STM32F4xx_HAL_Driver/Inc/stm32f4xx_ll_rcc.h ****   return (uint32_t)(READ_BIT(RCC->PLLCFGR, RCC_PLLCFGR_PLLQ));
4912:board/stm32f401rct6/Drivers/STM32F4xx_HAL_Driver/Inc/stm32f4xx_ll_rcc.h **** }
4913:board/stm32f401rct6/Drivers/STM32F4xx_HAL_Driver/Inc/stm32f4xx_ll_rcc.h **** 
4914:board/stm32f401rct6/Drivers/STM32F4xx_HAL_Driver/Inc/stm32f4xx_ll_rcc.h **** #if defined(RCC_PLLCFGR_PLLR)
4915:board/stm32f401rct6/Drivers/STM32F4xx_HAL_Driver/Inc/stm32f4xx_ll_rcc.h **** /**
4916:board/stm32f401rct6/Drivers/STM32F4xx_HAL_Driver/Inc/stm32f4xx_ll_rcc.h ****   * @brief  Get Main PLL division factor for PLLR
4917:board/stm32f401rct6/Drivers/STM32F4xx_HAL_Driver/Inc/stm32f4xx_ll_rcc.h ****   * @note used for PLLCLK (system clock)
4918:board/stm32f401rct6/Drivers/STM32F4xx_HAL_Driver/Inc/stm32f4xx_ll_rcc.h ****   * @rmtoll PLLCFGR      PLLR          LL_RCC_PLL_GetR
4919:board/stm32f401rct6/Drivers/STM32F4xx_HAL_Driver/Inc/stm32f4xx_ll_rcc.h ****   * @retval Returned value can be one of the following values:
4920:board/stm32f401rct6/Drivers/STM32F4xx_HAL_Driver/Inc/stm32f4xx_ll_rcc.h ****   *         @arg @ref LL_RCC_PLLR_DIV_2
4921:board/stm32f401rct6/Drivers/STM32F4xx_HAL_Driver/Inc/stm32f4xx_ll_rcc.h ****   *         @arg @ref LL_RCC_PLLR_DIV_3
4922:board/stm32f401rct6/Drivers/STM32F4xx_HAL_Driver/Inc/stm32f4xx_ll_rcc.h ****   *         @arg @ref LL_RCC_PLLR_DIV_4
4923:board/stm32f401rct6/Drivers/STM32F4xx_HAL_Driver/Inc/stm32f4xx_ll_rcc.h ****   *         @arg @ref LL_RCC_PLLR_DIV_5
4924:board/stm32f401rct6/Drivers/STM32F4xx_HAL_Driver/Inc/stm32f4xx_ll_rcc.h ****   *         @arg @ref LL_RCC_PLLR_DIV_6
4925:board/stm32f401rct6/Drivers/STM32F4xx_HAL_Driver/Inc/stm32f4xx_ll_rcc.h ****   *         @arg @ref LL_RCC_PLLR_DIV_7
4926:board/stm32f401rct6/Drivers/STM32F4xx_HAL_Driver/Inc/stm32f4xx_ll_rcc.h ****   */
4927:board/stm32f401rct6/Drivers/STM32F4xx_HAL_Driver/Inc/stm32f4xx_ll_rcc.h **** __STATIC_INLINE uint32_t LL_RCC_PLL_GetR(void)
4928:board/stm32f401rct6/Drivers/STM32F4xx_HAL_Driver/Inc/stm32f4xx_ll_rcc.h **** {
4929:board/stm32f401rct6/Drivers/STM32F4xx_HAL_Driver/Inc/stm32f4xx_ll_rcc.h ****   return (uint32_t)(READ_BIT(RCC->PLLCFGR, RCC_PLLCFGR_PLLR));
4930:board/stm32f401rct6/Drivers/STM32F4xx_HAL_Driver/Inc/stm32f4xx_ll_rcc.h **** }
4931:board/stm32f401rct6/Drivers/STM32F4xx_HAL_Driver/Inc/stm32f4xx_ll_rcc.h **** #endif /* RCC_PLLCFGR_PLLR */
4932:board/stm32f401rct6/Drivers/STM32F4xx_HAL_Driver/Inc/stm32f4xx_ll_rcc.h **** 
4933:board/stm32f401rct6/Drivers/STM32F4xx_HAL_Driver/Inc/stm32f4xx_ll_rcc.h **** #if defined(RCC_DCKCFGR_PLLDIVR)
4934:board/stm32f401rct6/Drivers/STM32F4xx_HAL_Driver/Inc/stm32f4xx_ll_rcc.h **** /**
4935:board/stm32f401rct6/Drivers/STM32F4xx_HAL_Driver/Inc/stm32f4xx_ll_rcc.h ****   * @brief  Get Main PLL division factor for PLLDIVR
4936:board/stm32f401rct6/Drivers/STM32F4xx_HAL_Driver/Inc/stm32f4xx_ll_rcc.h ****   * @note used for PLLSAICLK (SAI1 and SAI2 clock)
4937:board/stm32f401rct6/Drivers/STM32F4xx_HAL_Driver/Inc/stm32f4xx_ll_rcc.h ****   * @rmtoll DCKCFGR      PLLDIVR          LL_RCC_PLL_GetDIVR
4938:board/stm32f401rct6/Drivers/STM32F4xx_HAL_Driver/Inc/stm32f4xx_ll_rcc.h ****   * @retval Returned value can be one of the following values:
4939:board/stm32f401rct6/Drivers/STM32F4xx_HAL_Driver/Inc/stm32f4xx_ll_rcc.h ****   *         @arg @ref LL_RCC_PLLDIVR_DIV_1
4940:board/stm32f401rct6/Drivers/STM32F4xx_HAL_Driver/Inc/stm32f4xx_ll_rcc.h ****   *         @arg @ref LL_RCC_PLLDIVR_DIV_2
4941:board/stm32f401rct6/Drivers/STM32F4xx_HAL_Driver/Inc/stm32f4xx_ll_rcc.h ****   *         @arg @ref LL_RCC_PLLDIVR_DIV_3
4942:board/stm32f401rct6/Drivers/STM32F4xx_HAL_Driver/Inc/stm32f4xx_ll_rcc.h ****   *         @arg @ref LL_RCC_PLLDIVR_DIV_4
4943:board/stm32f401rct6/Drivers/STM32F4xx_HAL_Driver/Inc/stm32f4xx_ll_rcc.h ****   *         @arg @ref LL_RCC_PLLDIVR_DIV_5
4944:board/stm32f401rct6/Drivers/STM32F4xx_HAL_Driver/Inc/stm32f4xx_ll_rcc.h ****   *         @arg @ref LL_RCC_PLLDIVR_DIV_6
4945:board/stm32f401rct6/Drivers/STM32F4xx_HAL_Driver/Inc/stm32f4xx_ll_rcc.h ****   *         @arg @ref LL_RCC_PLLDIVR_DIV_7
4946:board/stm32f401rct6/Drivers/STM32F4xx_HAL_Driver/Inc/stm32f4xx_ll_rcc.h ****   *         @arg @ref LL_RCC_PLLDIVR_DIV_8
4947:board/stm32f401rct6/Drivers/STM32F4xx_HAL_Driver/Inc/stm32f4xx_ll_rcc.h ****   *         @arg @ref LL_RCC_PLLDIVR_DIV_9
4948:board/stm32f401rct6/Drivers/STM32F4xx_HAL_Driver/Inc/stm32f4xx_ll_rcc.h ****   *         @arg @ref LL_RCC_PLLDIVR_DIV_10
4949:board/stm32f401rct6/Drivers/STM32F4xx_HAL_Driver/Inc/stm32f4xx_ll_rcc.h ****   *         @arg @ref LL_RCC_PLLDIVR_DIV_11
4950:board/stm32f401rct6/Drivers/STM32F4xx_HAL_Driver/Inc/stm32f4xx_ll_rcc.h ****   *         @arg @ref LL_RCC_PLLDIVR_DIV_12
4951:board/stm32f401rct6/Drivers/STM32F4xx_HAL_Driver/Inc/stm32f4xx_ll_rcc.h ****   *         @arg @ref LL_RCC_PLLDIVR_DIV_13
4952:board/stm32f401rct6/Drivers/STM32F4xx_HAL_Driver/Inc/stm32f4xx_ll_rcc.h ****   *         @arg @ref LL_RCC_PLLDIVR_DIV_14
4953:board/stm32f401rct6/Drivers/STM32F4xx_HAL_Driver/Inc/stm32f4xx_ll_rcc.h ****   *         @arg @ref LL_RCC_PLLDIVR_DIV_15
4954:board/stm32f401rct6/Drivers/STM32F4xx_HAL_Driver/Inc/stm32f4xx_ll_rcc.h ****   *         @arg @ref LL_RCC_PLLDIVR_DIV_16
4955:board/stm32f401rct6/Drivers/STM32F4xx_HAL_Driver/Inc/stm32f4xx_ll_rcc.h ****   *         @arg @ref LL_RCC_PLLDIVR_DIV_17
4956:board/stm32f401rct6/Drivers/STM32F4xx_HAL_Driver/Inc/stm32f4xx_ll_rcc.h ****   *         @arg @ref LL_RCC_PLLDIVR_DIV_18
4957:board/stm32f401rct6/Drivers/STM32F4xx_HAL_Driver/Inc/stm32f4xx_ll_rcc.h ****   *         @arg @ref LL_RCC_PLLDIVR_DIV_19
4958:board/stm32f401rct6/Drivers/STM32F4xx_HAL_Driver/Inc/stm32f4xx_ll_rcc.h ****   *         @arg @ref LL_RCC_PLLDIVR_DIV_20
4959:board/stm32f401rct6/Drivers/STM32F4xx_HAL_Driver/Inc/stm32f4xx_ll_rcc.h ****   *         @arg @ref LL_RCC_PLLDIVR_DIV_21
4960:board/stm32f401rct6/Drivers/STM32F4xx_HAL_Driver/Inc/stm32f4xx_ll_rcc.h ****   *         @arg @ref LL_RCC_PLLDIVR_DIV_22
4961:board/stm32f401rct6/Drivers/STM32F4xx_HAL_Driver/Inc/stm32f4xx_ll_rcc.h ****   *         @arg @ref LL_RCC_PLLDIVR_DIV_23
ARM GAS  C:\Users\Admin\AppData\Local\Temp\ccHMtLfr.s 			page 116


4962:board/stm32f401rct6/Drivers/STM32F4xx_HAL_Driver/Inc/stm32f4xx_ll_rcc.h ****   *         @arg @ref LL_RCC_PLLDIVR_DIV_24
4963:board/stm32f401rct6/Drivers/STM32F4xx_HAL_Driver/Inc/stm32f4xx_ll_rcc.h ****   *         @arg @ref LL_RCC_PLLDIVR_DIV_25
4964:board/stm32f401rct6/Drivers/STM32F4xx_HAL_Driver/Inc/stm32f4xx_ll_rcc.h ****   *         @arg @ref LL_RCC_PLLDIVR_DIV_26
4965:board/stm32f401rct6/Drivers/STM32F4xx_HAL_Driver/Inc/stm32f4xx_ll_rcc.h ****   *         @arg @ref LL_RCC_PLLDIVR_DIV_27
4966:board/stm32f401rct6/Drivers/STM32F4xx_HAL_Driver/Inc/stm32f4xx_ll_rcc.h ****   *         @arg @ref LL_RCC_PLLDIVR_DIV_28
4967:board/stm32f401rct6/Drivers/STM32F4xx_HAL_Driver/Inc/stm32f4xx_ll_rcc.h ****   *         @arg @ref LL_RCC_PLLDIVR_DIV_29
4968:board/stm32f401rct6/Drivers/STM32F4xx_HAL_Driver/Inc/stm32f4xx_ll_rcc.h ****   *         @arg @ref LL_RCC_PLLDIVR_DIV_30
4969:board/stm32f401rct6/Drivers/STM32F4xx_HAL_Driver/Inc/stm32f4xx_ll_rcc.h ****   *         @arg @ref LL_RCC_PLLDIVR_DIV_31
4970:board/stm32f401rct6/Drivers/STM32F4xx_HAL_Driver/Inc/stm32f4xx_ll_rcc.h ****   */
4971:board/stm32f401rct6/Drivers/STM32F4xx_HAL_Driver/Inc/stm32f4xx_ll_rcc.h **** __STATIC_INLINE uint32_t LL_RCC_PLL_GetDIVR(void)
4972:board/stm32f401rct6/Drivers/STM32F4xx_HAL_Driver/Inc/stm32f4xx_ll_rcc.h **** {
4973:board/stm32f401rct6/Drivers/STM32F4xx_HAL_Driver/Inc/stm32f4xx_ll_rcc.h ****   return (uint32_t)(READ_BIT(RCC->DCKCFGR, RCC_DCKCFGR_PLLDIVR));
4974:board/stm32f401rct6/Drivers/STM32F4xx_HAL_Driver/Inc/stm32f4xx_ll_rcc.h **** }
4975:board/stm32f401rct6/Drivers/STM32F4xx_HAL_Driver/Inc/stm32f4xx_ll_rcc.h **** #endif /* RCC_DCKCFGR_PLLDIVR */
4976:board/stm32f401rct6/Drivers/STM32F4xx_HAL_Driver/Inc/stm32f4xx_ll_rcc.h **** 
4977:board/stm32f401rct6/Drivers/STM32F4xx_HAL_Driver/Inc/stm32f4xx_ll_rcc.h **** /**
4978:board/stm32f401rct6/Drivers/STM32F4xx_HAL_Driver/Inc/stm32f4xx_ll_rcc.h ****   * @brief  Get Division factor for the main PLL and other PLL
4979:board/stm32f401rct6/Drivers/STM32F4xx_HAL_Driver/Inc/stm32f4xx_ll_rcc.h ****   * @rmtoll PLLCFGR      PLLM          LL_RCC_PLL_GetDivider
4980:board/stm32f401rct6/Drivers/STM32F4xx_HAL_Driver/Inc/stm32f4xx_ll_rcc.h ****   * @retval Returned value can be one of the following values:
4981:board/stm32f401rct6/Drivers/STM32F4xx_HAL_Driver/Inc/stm32f4xx_ll_rcc.h ****   *         @arg @ref LL_RCC_PLLM_DIV_2
4982:board/stm32f401rct6/Drivers/STM32F4xx_HAL_Driver/Inc/stm32f4xx_ll_rcc.h ****   *         @arg @ref LL_RCC_PLLM_DIV_3
4983:board/stm32f401rct6/Drivers/STM32F4xx_HAL_Driver/Inc/stm32f4xx_ll_rcc.h ****   *         @arg @ref LL_RCC_PLLM_DIV_4
4984:board/stm32f401rct6/Drivers/STM32F4xx_HAL_Driver/Inc/stm32f4xx_ll_rcc.h ****   *         @arg @ref LL_RCC_PLLM_DIV_5
4985:board/stm32f401rct6/Drivers/STM32F4xx_HAL_Driver/Inc/stm32f4xx_ll_rcc.h ****   *         @arg @ref LL_RCC_PLLM_DIV_6
4986:board/stm32f401rct6/Drivers/STM32F4xx_HAL_Driver/Inc/stm32f4xx_ll_rcc.h ****   *         @arg @ref LL_RCC_PLLM_DIV_7
4987:board/stm32f401rct6/Drivers/STM32F4xx_HAL_Driver/Inc/stm32f4xx_ll_rcc.h ****   *         @arg @ref LL_RCC_PLLM_DIV_8
4988:board/stm32f401rct6/Drivers/STM32F4xx_HAL_Driver/Inc/stm32f4xx_ll_rcc.h ****   *         @arg @ref LL_RCC_PLLM_DIV_9
4989:board/stm32f401rct6/Drivers/STM32F4xx_HAL_Driver/Inc/stm32f4xx_ll_rcc.h ****   *         @arg @ref LL_RCC_PLLM_DIV_10
4990:board/stm32f401rct6/Drivers/STM32F4xx_HAL_Driver/Inc/stm32f4xx_ll_rcc.h ****   *         @arg @ref LL_RCC_PLLM_DIV_11
4991:board/stm32f401rct6/Drivers/STM32F4xx_HAL_Driver/Inc/stm32f4xx_ll_rcc.h ****   *         @arg @ref LL_RCC_PLLM_DIV_12
4992:board/stm32f401rct6/Drivers/STM32F4xx_HAL_Driver/Inc/stm32f4xx_ll_rcc.h ****   *         @arg @ref LL_RCC_PLLM_DIV_13
4993:board/stm32f401rct6/Drivers/STM32F4xx_HAL_Driver/Inc/stm32f4xx_ll_rcc.h ****   *         @arg @ref LL_RCC_PLLM_DIV_14
4994:board/stm32f401rct6/Drivers/STM32F4xx_HAL_Driver/Inc/stm32f4xx_ll_rcc.h ****   *         @arg @ref LL_RCC_PLLM_DIV_15
4995:board/stm32f401rct6/Drivers/STM32F4xx_HAL_Driver/Inc/stm32f4xx_ll_rcc.h ****   *         @arg @ref LL_RCC_PLLM_DIV_16
4996:board/stm32f401rct6/Drivers/STM32F4xx_HAL_Driver/Inc/stm32f4xx_ll_rcc.h ****   *         @arg @ref LL_RCC_PLLM_DIV_17
4997:board/stm32f401rct6/Drivers/STM32F4xx_HAL_Driver/Inc/stm32f4xx_ll_rcc.h ****   *         @arg @ref LL_RCC_PLLM_DIV_18
4998:board/stm32f401rct6/Drivers/STM32F4xx_HAL_Driver/Inc/stm32f4xx_ll_rcc.h ****   *         @arg @ref LL_RCC_PLLM_DIV_19
4999:board/stm32f401rct6/Drivers/STM32F4xx_HAL_Driver/Inc/stm32f4xx_ll_rcc.h ****   *         @arg @ref LL_RCC_PLLM_DIV_20
5000:board/stm32f401rct6/Drivers/STM32F4xx_HAL_Driver/Inc/stm32f4xx_ll_rcc.h ****   *         @arg @ref LL_RCC_PLLM_DIV_21
5001:board/stm32f401rct6/Drivers/STM32F4xx_HAL_Driver/Inc/stm32f4xx_ll_rcc.h ****   *         @arg @ref LL_RCC_PLLM_DIV_22
5002:board/stm32f401rct6/Drivers/STM32F4xx_HAL_Driver/Inc/stm32f4xx_ll_rcc.h ****   *         @arg @ref LL_RCC_PLLM_DIV_23
5003:board/stm32f401rct6/Drivers/STM32F4xx_HAL_Driver/Inc/stm32f4xx_ll_rcc.h ****   *         @arg @ref LL_RCC_PLLM_DIV_24
5004:board/stm32f401rct6/Drivers/STM32F4xx_HAL_Driver/Inc/stm32f4xx_ll_rcc.h ****   *         @arg @ref LL_RCC_PLLM_DIV_25
5005:board/stm32f401rct6/Drivers/STM32F4xx_HAL_Driver/Inc/stm32f4xx_ll_rcc.h ****   *         @arg @ref LL_RCC_PLLM_DIV_26
5006:board/stm32f401rct6/Drivers/STM32F4xx_HAL_Driver/Inc/stm32f4xx_ll_rcc.h ****   *         @arg @ref LL_RCC_PLLM_DIV_27
5007:board/stm32f401rct6/Drivers/STM32F4xx_HAL_Driver/Inc/stm32f4xx_ll_rcc.h ****   *         @arg @ref LL_RCC_PLLM_DIV_28
5008:board/stm32f401rct6/Drivers/STM32F4xx_HAL_Driver/Inc/stm32f4xx_ll_rcc.h ****   *         @arg @ref LL_RCC_PLLM_DIV_29
5009:board/stm32f401rct6/Drivers/STM32F4xx_HAL_Driver/Inc/stm32f4xx_ll_rcc.h ****   *         @arg @ref LL_RCC_PLLM_DIV_30
5010:board/stm32f401rct6/Drivers/STM32F4xx_HAL_Driver/Inc/stm32f4xx_ll_rcc.h ****   *         @arg @ref LL_RCC_PLLM_DIV_31
5011:board/stm32f401rct6/Drivers/STM32F4xx_HAL_Driver/Inc/stm32f4xx_ll_rcc.h ****   *         @arg @ref LL_RCC_PLLM_DIV_32
5012:board/stm32f401rct6/Drivers/STM32F4xx_HAL_Driver/Inc/stm32f4xx_ll_rcc.h ****   *         @arg @ref LL_RCC_PLLM_DIV_33
5013:board/stm32f401rct6/Drivers/STM32F4xx_HAL_Driver/Inc/stm32f4xx_ll_rcc.h ****   *         @arg @ref LL_RCC_PLLM_DIV_34
5014:board/stm32f401rct6/Drivers/STM32F4xx_HAL_Driver/Inc/stm32f4xx_ll_rcc.h ****   *         @arg @ref LL_RCC_PLLM_DIV_35
5015:board/stm32f401rct6/Drivers/STM32F4xx_HAL_Driver/Inc/stm32f4xx_ll_rcc.h ****   *         @arg @ref LL_RCC_PLLM_DIV_36
5016:board/stm32f401rct6/Drivers/STM32F4xx_HAL_Driver/Inc/stm32f4xx_ll_rcc.h ****   *         @arg @ref LL_RCC_PLLM_DIV_37
5017:board/stm32f401rct6/Drivers/STM32F4xx_HAL_Driver/Inc/stm32f4xx_ll_rcc.h ****   *         @arg @ref LL_RCC_PLLM_DIV_38
5018:board/stm32f401rct6/Drivers/STM32F4xx_HAL_Driver/Inc/stm32f4xx_ll_rcc.h ****   *         @arg @ref LL_RCC_PLLM_DIV_39
ARM GAS  C:\Users\Admin\AppData\Local\Temp\ccHMtLfr.s 			page 117


5019:board/stm32f401rct6/Drivers/STM32F4xx_HAL_Driver/Inc/stm32f4xx_ll_rcc.h ****   *         @arg @ref LL_RCC_PLLM_DIV_40
5020:board/stm32f401rct6/Drivers/STM32F4xx_HAL_Driver/Inc/stm32f4xx_ll_rcc.h ****   *         @arg @ref LL_RCC_PLLM_DIV_41
5021:board/stm32f401rct6/Drivers/STM32F4xx_HAL_Driver/Inc/stm32f4xx_ll_rcc.h ****   *         @arg @ref LL_RCC_PLLM_DIV_42
5022:board/stm32f401rct6/Drivers/STM32F4xx_HAL_Driver/Inc/stm32f4xx_ll_rcc.h ****   *         @arg @ref LL_RCC_PLLM_DIV_43
5023:board/stm32f401rct6/Drivers/STM32F4xx_HAL_Driver/Inc/stm32f4xx_ll_rcc.h ****   *         @arg @ref LL_RCC_PLLM_DIV_44
5024:board/stm32f401rct6/Drivers/STM32F4xx_HAL_Driver/Inc/stm32f4xx_ll_rcc.h ****   *         @arg @ref LL_RCC_PLLM_DIV_45
5025:board/stm32f401rct6/Drivers/STM32F4xx_HAL_Driver/Inc/stm32f4xx_ll_rcc.h ****   *         @arg @ref LL_RCC_PLLM_DIV_46
5026:board/stm32f401rct6/Drivers/STM32F4xx_HAL_Driver/Inc/stm32f4xx_ll_rcc.h ****   *         @arg @ref LL_RCC_PLLM_DIV_47
5027:board/stm32f401rct6/Drivers/STM32F4xx_HAL_Driver/Inc/stm32f4xx_ll_rcc.h ****   *         @arg @ref LL_RCC_PLLM_DIV_48
5028:board/stm32f401rct6/Drivers/STM32F4xx_HAL_Driver/Inc/stm32f4xx_ll_rcc.h ****   *         @arg @ref LL_RCC_PLLM_DIV_49
5029:board/stm32f401rct6/Drivers/STM32F4xx_HAL_Driver/Inc/stm32f4xx_ll_rcc.h ****   *         @arg @ref LL_RCC_PLLM_DIV_50
5030:board/stm32f401rct6/Drivers/STM32F4xx_HAL_Driver/Inc/stm32f4xx_ll_rcc.h ****   *         @arg @ref LL_RCC_PLLM_DIV_51
5031:board/stm32f401rct6/Drivers/STM32F4xx_HAL_Driver/Inc/stm32f4xx_ll_rcc.h ****   *         @arg @ref LL_RCC_PLLM_DIV_52
5032:board/stm32f401rct6/Drivers/STM32F4xx_HAL_Driver/Inc/stm32f4xx_ll_rcc.h ****   *         @arg @ref LL_RCC_PLLM_DIV_53
5033:board/stm32f401rct6/Drivers/STM32F4xx_HAL_Driver/Inc/stm32f4xx_ll_rcc.h ****   *         @arg @ref LL_RCC_PLLM_DIV_54
5034:board/stm32f401rct6/Drivers/STM32F4xx_HAL_Driver/Inc/stm32f4xx_ll_rcc.h ****   *         @arg @ref LL_RCC_PLLM_DIV_55
5035:board/stm32f401rct6/Drivers/STM32F4xx_HAL_Driver/Inc/stm32f4xx_ll_rcc.h ****   *         @arg @ref LL_RCC_PLLM_DIV_56
5036:board/stm32f401rct6/Drivers/STM32F4xx_HAL_Driver/Inc/stm32f4xx_ll_rcc.h ****   *         @arg @ref LL_RCC_PLLM_DIV_57
5037:board/stm32f401rct6/Drivers/STM32F4xx_HAL_Driver/Inc/stm32f4xx_ll_rcc.h ****   *         @arg @ref LL_RCC_PLLM_DIV_58
5038:board/stm32f401rct6/Drivers/STM32F4xx_HAL_Driver/Inc/stm32f4xx_ll_rcc.h ****   *         @arg @ref LL_RCC_PLLM_DIV_59
5039:board/stm32f401rct6/Drivers/STM32F4xx_HAL_Driver/Inc/stm32f4xx_ll_rcc.h ****   *         @arg @ref LL_RCC_PLLM_DIV_60
5040:board/stm32f401rct6/Drivers/STM32F4xx_HAL_Driver/Inc/stm32f4xx_ll_rcc.h ****   *         @arg @ref LL_RCC_PLLM_DIV_61
5041:board/stm32f401rct6/Drivers/STM32F4xx_HAL_Driver/Inc/stm32f4xx_ll_rcc.h ****   *         @arg @ref LL_RCC_PLLM_DIV_62
5042:board/stm32f401rct6/Drivers/STM32F4xx_HAL_Driver/Inc/stm32f4xx_ll_rcc.h ****   *         @arg @ref LL_RCC_PLLM_DIV_63
5043:board/stm32f401rct6/Drivers/STM32F4xx_HAL_Driver/Inc/stm32f4xx_ll_rcc.h ****   */
5044:board/stm32f401rct6/Drivers/STM32F4xx_HAL_Driver/Inc/stm32f4xx_ll_rcc.h **** __STATIC_INLINE uint32_t LL_RCC_PLL_GetDivider(void)
 357              		.loc 2 5044 26 view .LVU82
 358              	.LBB67:
5045:board/stm32f401rct6/Drivers/STM32F4xx_HAL_Driver/Inc/stm32f4xx_ll_rcc.h **** {
5046:board/stm32f401rct6/Drivers/STM32F4xx_HAL_Driver/Inc/stm32f4xx_ll_rcc.h ****   return (uint32_t)(READ_BIT(RCC->PLLCFGR, RCC_PLLCFGR_PLLM));
 359              		.loc 2 5046 3 view .LVU83
 360              		.loc 2 5046 21 is_stmt 0 view .LVU84
 361 0018 094A     		ldr	r2, .L22
 362 001a 5068     		ldr	r0, [r2, #4]
 363              	.LVL15:
 364              		.loc 2 5046 10 view .LVU85
 365 001c 00F03F00 		and	r0, r0, #63
 366              	.LBE67:
 367              	.LBE66:
1218:board/stm32f401rct6/Drivers/STM32F4xx_HAL_Driver/Src/stm32f4xx_ll_rcc.c ****                                               LL_RCC_PLL_GetN(), LL_RCC_PLL_GetP());
 368              		.loc 1 1218 21 view .LVU86
 369 0020 B3FBF0F0 		udiv	r0, r3, r0
 370              	.LBB68:
 371              	.LBI68:
4870:board/stm32f401rct6/Drivers/STM32F4xx_HAL_Driver/Inc/stm32f4xx_ll_rcc.h **** {
 372              		.loc 2 4870 26 is_stmt 1 view .LVU87
 373              	.LBB69:
4872:board/stm32f401rct6/Drivers/STM32F4xx_HAL_Driver/Inc/stm32f4xx_ll_rcc.h **** }
 374              		.loc 2 4872 3 view .LVU88
4872:board/stm32f401rct6/Drivers/STM32F4xx_HAL_Driver/Inc/stm32f4xx_ll_rcc.h **** }
 375              		.loc 2 4872 21 is_stmt 0 view .LVU89
 376 0024 5368     		ldr	r3, [r2, #4]
 377              	.LVL16:
4872:board/stm32f401rct6/Drivers/STM32F4xx_HAL_Driver/Inc/stm32f4xx_ll_rcc.h **** }
 378              		.loc 2 4872 10 view .LVU90
 379 0026 C3F38813 		ubfx	r3, r3, #6, #9
 380              	.LBE69:
ARM GAS  C:\Users\Admin\AppData\Local\Temp\ccHMtLfr.s 			page 118


 381              	.LBE68:
1218:board/stm32f401rct6/Drivers/STM32F4xx_HAL_Driver/Src/stm32f4xx_ll_rcc.c ****                                               LL_RCC_PLL_GetN(), LL_RCC_PLL_GetP());
 382              		.loc 1 1218 21 view .LVU91
 383 002a 03FB00F0 		mul	r0, r3, r0
 384              	.LBB70:
 385              	.LBI70:
4884:board/stm32f401rct6/Drivers/STM32F4xx_HAL_Driver/Inc/stm32f4xx_ll_rcc.h **** {
 386              		.loc 2 4884 26 is_stmt 1 view .LVU92
 387              	.LBB71:
4886:board/stm32f401rct6/Drivers/STM32F4xx_HAL_Driver/Inc/stm32f4xx_ll_rcc.h **** }
 388              		.loc 2 4886 3 view .LVU93
4886:board/stm32f401rct6/Drivers/STM32F4xx_HAL_Driver/Inc/stm32f4xx_ll_rcc.h **** }
 389              		.loc 2 4886 21 is_stmt 0 view .LVU94
 390 002e 5368     		ldr	r3, [r2, #4]
 391              	.LBE71:
 392              	.LBE70:
1218:board/stm32f401rct6/Drivers/STM32F4xx_HAL_Driver/Src/stm32f4xx_ll_rcc.c ****                                               LL_RCC_PLL_GetN(), LL_RCC_PLL_GetP());
 393              		.loc 1 1218 21 view .LVU95
 394 0030 C3F30143 		ubfx	r3, r3, #16, #2
 395 0034 0133     		adds	r3, r3, #1
 396 0036 5B00     		lsls	r3, r3, #1
1218:board/stm32f401rct6/Drivers/STM32F4xx_HAL_Driver/Src/stm32f4xx_ll_rcc.c ****                                               LL_RCC_PLL_GetN(), LL_RCC_PLL_GetP());
 397              		.loc 1 1218 19 view .LVU96
 398 0038 B0FBF3F0 		udiv	r0, r0, r3
 399              	.LVL17:
1218:board/stm32f401rct6/Drivers/STM32F4xx_HAL_Driver/Src/stm32f4xx_ll_rcc.c ****                                               LL_RCC_PLL_GetN(), LL_RCC_PLL_GetP());
 400              		.loc 1 1218 19 view .LVU97
 401 003c 7047     		bx	lr
 402              	.L23:
 403 003e 00BF     		.align	2
 404              	.L22:
 405 0040 00380240 		.word	1073887232
 406 0044 0024F400 		.word	16000000
 407 0048 40787D01 		.word	25000000
 408              		.cfi_endproc
 409              	.LFE336:
 411              		.section	.text.RCC_GetSystemClockFreq,"ax",%progbits
 412              		.align	1
 413              		.global	RCC_GetSystemClockFreq
 414              		.syntax unified
 415              		.thumb
 416              		.thumb_func
 418              	RCC_GetSystemClockFreq:
 419              	.LFB332:
1120:board/stm32f401rct6/Drivers/STM32F4xx_HAL_Driver/Src/stm32f4xx_ll_rcc.c ****   uint32_t frequency = 0U;
 420              		.loc 1 1120 1 is_stmt 1 view -0
 421              		.cfi_startproc
 422              		@ args = 0, pretend = 0, frame = 0
 423              		@ frame_needed = 0, uses_anonymous_args = 0
 424 0000 08B5     		push	{r3, lr}
 425              	.LCFI2:
 426              		.cfi_def_cfa_offset 8
 427              		.cfi_offset 3, -8
 428              		.cfi_offset 14, -4
1121:board/stm32f401rct6/Drivers/STM32F4xx_HAL_Driver/Src/stm32f4xx_ll_rcc.c **** 
 429              		.loc 1 1121 3 view .LVU99
 430              	.LVL18:
ARM GAS  C:\Users\Admin\AppData\Local\Temp\ccHMtLfr.s 			page 119


1124:board/stm32f401rct6/Drivers/STM32F4xx_HAL_Driver/Src/stm32f4xx_ll_rcc.c ****   {
 431              		.loc 1 1124 3 view .LVU100
 432              	.LBB72:
 433              	.LBI72:
3205:board/stm32f401rct6/Drivers/STM32F4xx_HAL_Driver/Inc/stm32f4xx_ll_rcc.h **** {
 434              		.loc 2 3205 26 view .LVU101
 435              	.LBB73:
3207:board/stm32f401rct6/Drivers/STM32F4xx_HAL_Driver/Inc/stm32f4xx_ll_rcc.h **** }
 436              		.loc 2 3207 3 view .LVU102
3207:board/stm32f401rct6/Drivers/STM32F4xx_HAL_Driver/Inc/stm32f4xx_ll_rcc.h **** }
 437              		.loc 2 3207 21 is_stmt 0 view .LVU103
 438 0002 084B     		ldr	r3, .L29
 439 0004 9B68     		ldr	r3, [r3, #8]
3207:board/stm32f401rct6/Drivers/STM32F4xx_HAL_Driver/Inc/stm32f4xx_ll_rcc.h **** }
 440              		.loc 2 3207 10 view .LVU104
 441 0006 03F00C03 		and	r3, r3, #12
 442              	.LBE73:
 443              	.LBE72:
1124:board/stm32f401rct6/Drivers/STM32F4xx_HAL_Driver/Src/stm32f4xx_ll_rcc.c ****   {
 444              		.loc 1 1124 3 view .LVU105
 445 000a 042B     		cmp	r3, #4
 446 000c 05D0     		beq	.L26
 447 000e 082B     		cmp	r3, #8
 448 0010 05D1     		bne	.L27
1135:board/stm32f401rct6/Drivers/STM32F4xx_HAL_Driver/Src/stm32f4xx_ll_rcc.c ****       break;
 449              		.loc 1 1135 7 is_stmt 1 view .LVU106
1135:board/stm32f401rct6/Drivers/STM32F4xx_HAL_Driver/Src/stm32f4xx_ll_rcc.c ****       break;
 450              		.loc 1 1135 19 is_stmt 0 view .LVU107
 451 0012 0820     		movs	r0, #8
 452 0014 FFF7FEFF 		bl	RCC_PLL_GetFreqDomain_SYS
 453              	.LVL19:
1136:board/stm32f401rct6/Drivers/STM32F4xx_HAL_Driver/Src/stm32f4xx_ll_rcc.c **** 
 454              		.loc 1 1136 7 is_stmt 1 view .LVU108
 455 0018 02E0     		b	.L24
 456              	.LVL20:
 457              	.L26:
1131:board/stm32f401rct6/Drivers/STM32F4xx_HAL_Driver/Src/stm32f4xx_ll_rcc.c ****       break;
 458              		.loc 1 1131 17 is_stmt 0 view .LVU109
 459 001a 0348     		ldr	r0, .L29+4
 460 001c 00E0     		b	.L24
 461              	.L27:
1124:board/stm32f401rct6/Drivers/STM32F4xx_HAL_Driver/Src/stm32f4xx_ll_rcc.c ****   {
 462              		.loc 1 1124 3 view .LVU110
 463 001e 0348     		ldr	r0, .L29+8
 464              	.LVL21:
1149:board/stm32f401rct6/Drivers/STM32F4xx_HAL_Driver/Src/stm32f4xx_ll_rcc.c **** }
 465              		.loc 1 1149 3 is_stmt 1 view .LVU111
 466              	.L24:
1150:board/stm32f401rct6/Drivers/STM32F4xx_HAL_Driver/Src/stm32f4xx_ll_rcc.c **** 
 467              		.loc 1 1150 1 is_stmt 0 view .LVU112
 468 0020 08BD     		pop	{r3, pc}
 469              	.L30:
 470 0022 00BF     		.align	2
 471              	.L29:
 472 0024 00380240 		.word	1073887232
 473 0028 40787D01 		.word	25000000
 474 002c 0024F400 		.word	16000000
ARM GAS  C:\Users\Admin\AppData\Local\Temp\ccHMtLfr.s 			page 120


 475              		.cfi_endproc
 476              	.LFE332:
 478              		.section	.text.LL_RCC_GetSystemClocksFreq,"ax",%progbits
 479              		.align	1
 480              		.global	LL_RCC_GetSystemClocksFreq
 481              		.syntax unified
 482              		.thumb
 483              		.thumb_func
 485              	LL_RCC_GetSystemClocksFreq:
 486              	.LVL22:
 487              	.LFB328:
 304:board/stm32f401rct6/Drivers/STM32F4xx_HAL_Driver/Src/stm32f4xx_ll_rcc.c ****   /* Get SYSCLK frequency */
 488              		.loc 1 304 1 is_stmt 1 view -0
 489              		.cfi_startproc
 490              		@ args = 0, pretend = 0, frame = 0
 491              		@ frame_needed = 0, uses_anonymous_args = 0
 304:board/stm32f401rct6/Drivers/STM32F4xx_HAL_Driver/Src/stm32f4xx_ll_rcc.c ****   /* Get SYSCLK frequency */
 492              		.loc 1 304 1 is_stmt 0 view .LVU114
 493 0000 10B5     		push	{r4, lr}
 494              	.LCFI3:
 495              		.cfi_def_cfa_offset 8
 496              		.cfi_offset 4, -8
 497              		.cfi_offset 14, -4
 498 0002 0446     		mov	r4, r0
 306:board/stm32f401rct6/Drivers/STM32F4xx_HAL_Driver/Src/stm32f4xx_ll_rcc.c **** 
 499              		.loc 1 306 3 is_stmt 1 view .LVU115
 306:board/stm32f401rct6/Drivers/STM32F4xx_HAL_Driver/Src/stm32f4xx_ll_rcc.c **** 
 500              		.loc 1 306 34 is_stmt 0 view .LVU116
 501 0004 FFF7FEFF 		bl	RCC_GetSystemClockFreq
 502              	.LVL23:
 306:board/stm32f401rct6/Drivers/STM32F4xx_HAL_Driver/Src/stm32f4xx_ll_rcc.c **** 
 503              		.loc 1 306 32 view .LVU117
 504 0008 2060     		str	r0, [r4]
 309:board/stm32f401rct6/Drivers/STM32F4xx_HAL_Driver/Src/stm32f4xx_ll_rcc.c **** 
 505              		.loc 1 309 3 is_stmt 1 view .LVU118
 309:board/stm32f401rct6/Drivers/STM32F4xx_HAL_Driver/Src/stm32f4xx_ll_rcc.c **** 
 506              		.loc 1 309 34 is_stmt 0 view .LVU119
 507 000a FFF7FEFF 		bl	RCC_GetHCLKClockFreq
 508              	.LVL24:
 309:board/stm32f401rct6/Drivers/STM32F4xx_HAL_Driver/Src/stm32f4xx_ll_rcc.c **** 
 509              		.loc 1 309 32 view .LVU120
 510 000e 6060     		str	r0, [r4, #4]
 312:board/stm32f401rct6/Drivers/STM32F4xx_HAL_Driver/Src/stm32f4xx_ll_rcc.c **** 
 511              		.loc 1 312 3 is_stmt 1 view .LVU121
 312:board/stm32f401rct6/Drivers/STM32F4xx_HAL_Driver/Src/stm32f4xx_ll_rcc.c **** 
 512              		.loc 1 312 34 is_stmt 0 view .LVU122
 513 0010 FFF7FEFF 		bl	RCC_GetPCLK1ClockFreq
 514              	.LVL25:
 312:board/stm32f401rct6/Drivers/STM32F4xx_HAL_Driver/Src/stm32f4xx_ll_rcc.c **** 
 515              		.loc 1 312 32 view .LVU123
 516 0014 A060     		str	r0, [r4, #8]
 315:board/stm32f401rct6/Drivers/STM32F4xx_HAL_Driver/Src/stm32f4xx_ll_rcc.c **** }
 517              		.loc 1 315 3 is_stmt 1 view .LVU124
 315:board/stm32f401rct6/Drivers/STM32F4xx_HAL_Driver/Src/stm32f4xx_ll_rcc.c **** }
 518              		.loc 1 315 34 is_stmt 0 view .LVU125
 519 0016 6068     		ldr	r0, [r4, #4]
 520 0018 FFF7FEFF 		bl	RCC_GetPCLK2ClockFreq
ARM GAS  C:\Users\Admin\AppData\Local\Temp\ccHMtLfr.s 			page 121


 521              	.LVL26:
 315:board/stm32f401rct6/Drivers/STM32F4xx_HAL_Driver/Src/stm32f4xx_ll_rcc.c **** }
 522              		.loc 1 315 32 view .LVU126
 523 001c E060     		str	r0, [r4, #12]
 316:board/stm32f401rct6/Drivers/STM32F4xx_HAL_Driver/Src/stm32f4xx_ll_rcc.c **** 
 524              		.loc 1 316 1 view .LVU127
 525 001e 10BD     		pop	{r4, pc}
 316:board/stm32f401rct6/Drivers/STM32F4xx_HAL_Driver/Src/stm32f4xx_ll_rcc.c **** 
 526              		.loc 1 316 1 view .LVU128
 527              		.cfi_endproc
 528              	.LFE328:
 530              		.section	.text.RCC_PLL_GetFreqDomain_48M,"ax",%progbits
 531              		.align	1
 532              		.global	RCC_PLL_GetFreqDomain_48M
 533              		.syntax unified
 534              		.thumb
 535              		.thumb_func
 537              	RCC_PLL_GetFreqDomain_48M:
 538              	.LFB337:
1231:board/stm32f401rct6/Drivers/STM32F4xx_HAL_Driver/Src/stm32f4xx_ll_rcc.c **** 
1232:board/stm32f401rct6/Drivers/STM32F4xx_HAL_Driver/Src/stm32f4xx_ll_rcc.c **** /**
1233:board/stm32f401rct6/Drivers/STM32F4xx_HAL_Driver/Src/stm32f4xx_ll_rcc.c ****   * @brief  Return PLL clock frequency used for 48 MHz domain
1234:board/stm32f401rct6/Drivers/STM32F4xx_HAL_Driver/Src/stm32f4xx_ll_rcc.c ****   * @retval PLL clock frequency (in Hz)
1235:board/stm32f401rct6/Drivers/STM32F4xx_HAL_Driver/Src/stm32f4xx_ll_rcc.c ****   */
1236:board/stm32f401rct6/Drivers/STM32F4xx_HAL_Driver/Src/stm32f4xx_ll_rcc.c **** uint32_t RCC_PLL_GetFreqDomain_48M(void)
1237:board/stm32f401rct6/Drivers/STM32F4xx_HAL_Driver/Src/stm32f4xx_ll_rcc.c **** {
 539              		.loc 1 1237 1 is_stmt 1 view -0
 540              		.cfi_startproc
 541              		@ args = 0, pretend = 0, frame = 0
 542              		@ frame_needed = 0, uses_anonymous_args = 0
 543              		@ link register save eliminated.
1238:board/stm32f401rct6/Drivers/STM32F4xx_HAL_Driver/Src/stm32f4xx_ll_rcc.c ****   uint32_t pllinputfreq = 0U;
 544              		.loc 1 1238 3 view .LVU130
 545              	.LVL27:
1239:board/stm32f401rct6/Drivers/STM32F4xx_HAL_Driver/Src/stm32f4xx_ll_rcc.c ****   uint32_t pllsource = 0U;
 546              		.loc 1 1239 3 view .LVU131
1240:board/stm32f401rct6/Drivers/STM32F4xx_HAL_Driver/Src/stm32f4xx_ll_rcc.c **** 
1241:board/stm32f401rct6/Drivers/STM32F4xx_HAL_Driver/Src/stm32f4xx_ll_rcc.c ****   /* PLL_VCO = (HSE_VALUE or HSI_VALUE / PLLM ) * PLLN
1242:board/stm32f401rct6/Drivers/STM32F4xx_HAL_Driver/Src/stm32f4xx_ll_rcc.c ****      48M Domain clock = PLL_VCO / PLLQ
1243:board/stm32f401rct6/Drivers/STM32F4xx_HAL_Driver/Src/stm32f4xx_ll_rcc.c ****   */
1244:board/stm32f401rct6/Drivers/STM32F4xx_HAL_Driver/Src/stm32f4xx_ll_rcc.c ****   pllsource = LL_RCC_PLL_GetMainSource();
 547              		.loc 1 1244 3 view .LVU132
 548              	.LBB74:
 549              	.LBI74:
4858:board/stm32f401rct6/Drivers/STM32F4xx_HAL_Driver/Inc/stm32f4xx_ll_rcc.h **** {
 550              		.loc 2 4858 26 view .LVU133
 551              	.LBB75:
4860:board/stm32f401rct6/Drivers/STM32F4xx_HAL_Driver/Inc/stm32f4xx_ll_rcc.h **** }
 552              		.loc 2 4860 3 view .LVU134
4860:board/stm32f401rct6/Drivers/STM32F4xx_HAL_Driver/Inc/stm32f4xx_ll_rcc.h **** }
 553              		.loc 2 4860 21 is_stmt 0 view .LVU135
 554 0000 0C4B     		ldr	r3, .L36
 555 0002 5B68     		ldr	r3, [r3, #4]
4860:board/stm32f401rct6/Drivers/STM32F4xx_HAL_Driver/Inc/stm32f4xx_ll_rcc.h **** }
 556              		.loc 2 4860 10 view .LVU136
 557 0004 03F48003 		and	r3, r3, #4194304
 558              	.LVL28:
ARM GAS  C:\Users\Admin\AppData\Local\Temp\ccHMtLfr.s 			page 122


4860:board/stm32f401rct6/Drivers/STM32F4xx_HAL_Driver/Inc/stm32f4xx_ll_rcc.h **** }
 559              		.loc 2 4860 10 view .LVU137
 560              	.LBE75:
 561              	.LBE74:
1245:board/stm32f401rct6/Drivers/STM32F4xx_HAL_Driver/Src/stm32f4xx_ll_rcc.c **** 
1246:board/stm32f401rct6/Drivers/STM32F4xx_HAL_Driver/Src/stm32f4xx_ll_rcc.c ****   switch (pllsource)
 562              		.loc 1 1246 3 is_stmt 1 view .LVU138
 563 0008 8BB9     		cbnz	r3, .L35
1247:board/stm32f401rct6/Drivers/STM32F4xx_HAL_Driver/Src/stm32f4xx_ll_rcc.c ****   {
1248:board/stm32f401rct6/Drivers/STM32F4xx_HAL_Driver/Src/stm32f4xx_ll_rcc.c ****     case LL_RCC_PLLSOURCE_HSI:  /* HSI used as PLL clock source */
1249:board/stm32f401rct6/Drivers/STM32F4xx_HAL_Driver/Src/stm32f4xx_ll_rcc.c ****       pllinputfreq = HSI_VALUE;
 564              		.loc 1 1249 20 is_stmt 0 view .LVU139
 565 000a 0B4B     		ldr	r3, .L36+4
 566              	.LVL29:
 567              	.L34:
1250:board/stm32f401rct6/Drivers/STM32F4xx_HAL_Driver/Src/stm32f4xx_ll_rcc.c ****       break;
1251:board/stm32f401rct6/Drivers/STM32F4xx_HAL_Driver/Src/stm32f4xx_ll_rcc.c **** 
1252:board/stm32f401rct6/Drivers/STM32F4xx_HAL_Driver/Src/stm32f4xx_ll_rcc.c ****     case LL_RCC_PLLSOURCE_HSE:  /* HSE used as PLL clock source */
1253:board/stm32f401rct6/Drivers/STM32F4xx_HAL_Driver/Src/stm32f4xx_ll_rcc.c ****       pllinputfreq = HSE_VALUE;
1254:board/stm32f401rct6/Drivers/STM32F4xx_HAL_Driver/Src/stm32f4xx_ll_rcc.c ****       break;
1255:board/stm32f401rct6/Drivers/STM32F4xx_HAL_Driver/Src/stm32f4xx_ll_rcc.c **** 
1256:board/stm32f401rct6/Drivers/STM32F4xx_HAL_Driver/Src/stm32f4xx_ll_rcc.c ****     default:
1257:board/stm32f401rct6/Drivers/STM32F4xx_HAL_Driver/Src/stm32f4xx_ll_rcc.c ****       pllinputfreq = HSI_VALUE;
1258:board/stm32f401rct6/Drivers/STM32F4xx_HAL_Driver/Src/stm32f4xx_ll_rcc.c ****       break;
1259:board/stm32f401rct6/Drivers/STM32F4xx_HAL_Driver/Src/stm32f4xx_ll_rcc.c ****   }
1260:board/stm32f401rct6/Drivers/STM32F4xx_HAL_Driver/Src/stm32f4xx_ll_rcc.c ****   return __LL_RCC_CALC_PLLCLK_48M_FREQ(pllinputfreq, LL_RCC_PLL_GetDivider(),
 568              		.loc 1 1260 3 is_stmt 1 view .LVU140
 569              	.LBB76:
 570              	.LBI76:
5044:board/stm32f401rct6/Drivers/STM32F4xx_HAL_Driver/Inc/stm32f4xx_ll_rcc.h **** {
 571              		.loc 2 5044 26 view .LVU141
 572              	.LBB77:
 573              		.loc 2 5046 3 view .LVU142
 574              		.loc 2 5046 21 is_stmt 0 view .LVU143
 575 000c 094A     		ldr	r2, .L36
 576 000e 5068     		ldr	r0, [r2, #4]
 577              		.loc 2 5046 10 view .LVU144
 578 0010 00F03F00 		and	r0, r0, #63
 579              	.LBE77:
 580              	.LBE76:
 581              		.loc 1 1260 10 view .LVU145
 582 0014 B3FBF0F3 		udiv	r3, r3, r0
 583              	.LVL30:
 584              	.LBB78:
 585              	.LBI78:
4870:board/stm32f401rct6/Drivers/STM32F4xx_HAL_Driver/Inc/stm32f4xx_ll_rcc.h **** {
 586              		.loc 2 4870 26 is_stmt 1 view .LVU146
 587              	.LBB79:
4872:board/stm32f401rct6/Drivers/STM32F4xx_HAL_Driver/Inc/stm32f4xx_ll_rcc.h **** }
 588              		.loc 2 4872 3 view .LVU147
4872:board/stm32f401rct6/Drivers/STM32F4xx_HAL_Driver/Inc/stm32f4xx_ll_rcc.h **** }
 589              		.loc 2 4872 21 is_stmt 0 view .LVU148
 590 0018 5068     		ldr	r0, [r2, #4]
4872:board/stm32f401rct6/Drivers/STM32F4xx_HAL_Driver/Inc/stm32f4xx_ll_rcc.h **** }
 591              		.loc 2 4872 10 view .LVU149
 592 001a C0F38810 		ubfx	r0, r0, #6, #9
 593              	.LBE79:
ARM GAS  C:\Users\Admin\AppData\Local\Temp\ccHMtLfr.s 			page 123


 594              	.LBE78:
 595              		.loc 1 1260 10 view .LVU150
 596 001e 00FB03F3 		mul	r3, r0, r3
 597              	.LBB80:
 598              	.LBI80:
4909:board/stm32f401rct6/Drivers/STM32F4xx_HAL_Driver/Inc/stm32f4xx_ll_rcc.h **** {
 599              		.loc 2 4909 26 is_stmt 1 view .LVU151
 600              	.LBB81:
4911:board/stm32f401rct6/Drivers/STM32F4xx_HAL_Driver/Inc/stm32f4xx_ll_rcc.h **** }
 601              		.loc 2 4911 3 view .LVU152
4911:board/stm32f401rct6/Drivers/STM32F4xx_HAL_Driver/Inc/stm32f4xx_ll_rcc.h **** }
 602              		.loc 2 4911 21 is_stmt 0 view .LVU153
 603 0022 5068     		ldr	r0, [r2, #4]
 604              	.LBE81:
 605              	.LBE80:
 606              		.loc 1 1260 10 view .LVU154
 607 0024 C0F30360 		ubfx	r0, r0, #24, #4
1261:board/stm32f401rct6/Drivers/STM32F4xx_HAL_Driver/Src/stm32f4xx_ll_rcc.c ****                                        LL_RCC_PLL_GetN(), LL_RCC_PLL_GetQ());
1262:board/stm32f401rct6/Drivers/STM32F4xx_HAL_Driver/Src/stm32f4xx_ll_rcc.c **** }
 608              		.loc 1 1262 1 view .LVU155
 609 0028 B3FBF0F0 		udiv	r0, r3, r0
 610 002c 7047     		bx	lr
 611              	.LVL31:
 612              	.L35:
1253:board/stm32f401rct6/Drivers/STM32F4xx_HAL_Driver/Src/stm32f4xx_ll_rcc.c ****       break;
 613              		.loc 1 1253 20 view .LVU156
 614 002e 034B     		ldr	r3, .L36+8
 615              	.LVL32:
1253:board/stm32f401rct6/Drivers/STM32F4xx_HAL_Driver/Src/stm32f4xx_ll_rcc.c ****       break;
 616              		.loc 1 1253 20 view .LVU157
 617 0030 ECE7     		b	.L34
 618              	.L37:
 619 0032 00BF     		.align	2
 620              	.L36:
 621 0034 00380240 		.word	1073887232
 622 0038 0024F400 		.word	16000000
 623 003c 40787D01 		.word	25000000
 624              		.cfi_endproc
 625              	.LFE337:
 627              		.section	.text.LL_RCC_GetSDIOClockFreq,"ax",%progbits
 628              		.align	1
 629              		.global	LL_RCC_GetSDIOClockFreq
 630              		.syntax unified
 631              		.thumb
 632              		.thumb_func
 634              	LL_RCC_GetSDIOClockFreq:
 635              	.LVL33:
 636              	.LFB330:
 683:board/stm32f401rct6/Drivers/STM32F4xx_HAL_Driver/Src/stm32f4xx_ll_rcc.c ****   uint32_t SDIO_frequency = LL_RCC_PERIPH_FREQUENCY_NO;
 637              		.loc 1 683 1 is_stmt 1 view -0
 638              		.cfi_startproc
 639              		@ args = 0, pretend = 0, frame = 0
 640              		@ frame_needed = 0, uses_anonymous_args = 0
 684:board/stm32f401rct6/Drivers/STM32F4xx_HAL_Driver/Src/stm32f4xx_ll_rcc.c **** 
 641              		.loc 1 684 3 view .LVU159
 687:board/stm32f401rct6/Drivers/STM32F4xx_HAL_Driver/Src/stm32f4xx_ll_rcc.c **** 
 642              		.loc 1 687 3 view .LVU160
ARM GAS  C:\Users\Admin\AppData\Local\Temp\ccHMtLfr.s 			page 124


 689:board/stm32f401rct6/Drivers/STM32F4xx_HAL_Driver/Src/stm32f4xx_ll_rcc.c ****   {
 643              		.loc 1 689 3 view .LVU161
 689:board/stm32f401rct6/Drivers/STM32F4xx_HAL_Driver/Src/stm32f4xx_ll_rcc.c ****   {
 644              		.loc 1 689 6 is_stmt 0 view .LVU162
 645 0000 B0F1706F 		cmp	r0, #251658240
 646 0004 01D0     		beq	.L45
 684:board/stm32f401rct6/Drivers/STM32F4xx_HAL_Driver/Src/stm32f4xx_ll_rcc.c **** 
 647              		.loc 1 684 12 view .LVU163
 648 0006 0020     		movs	r0, #0
 649              	.LVL34:
 741:board/stm32f401rct6/Drivers/STM32F4xx_HAL_Driver/Src/stm32f4xx_ll_rcc.c **** }
 650              		.loc 1 741 3 is_stmt 1 view .LVU164
 742:board/stm32f401rct6/Drivers/STM32F4xx_HAL_Driver/Src/stm32f4xx_ll_rcc.c **** #endif /* SDIO */
 651              		.loc 1 742 1 is_stmt 0 view .LVU165
 652 0008 7047     		bx	lr
 653              	.LVL35:
 654              	.L45:
 683:board/stm32f401rct6/Drivers/STM32F4xx_HAL_Driver/Src/stm32f4xx_ll_rcc.c ****   uint32_t SDIO_frequency = LL_RCC_PERIPH_FREQUENCY_NO;
 655              		.loc 1 683 1 view .LVU166
 656 000a 08B5     		push	{r3, lr}
 657              	.LCFI4:
 658              		.cfi_def_cfa_offset 8
 659              		.cfi_offset 3, -8
 660              		.cfi_offset 14, -4
 734:board/stm32f401rct6/Drivers/STM32F4xx_HAL_Driver/Src/stm32f4xx_ll_rcc.c ****     {
 661              		.loc 1 734 5 is_stmt 1 view .LVU167
 662              	.LBB82:
 663              	.LBI82:
4206:board/stm32f401rct6/Drivers/STM32F4xx_HAL_Driver/Inc/stm32f4xx_ll_rcc.h **** {
 664              		.loc 2 4206 26 view .LVU168
 665              	.LBB83:
4208:board/stm32f401rct6/Drivers/STM32F4xx_HAL_Driver/Inc/stm32f4xx_ll_rcc.h **** }
 666              		.loc 2 4208 3 view .LVU169
4208:board/stm32f401rct6/Drivers/STM32F4xx_HAL_Driver/Inc/stm32f4xx_ll_rcc.h **** }
 667              		.loc 2 4208 11 is_stmt 0 view .LVU170
 668 000c 044B     		ldr	r3, .L47
 669 000e 1868     		ldr	r0, [r3]
 670              	.LVL36:
4208:board/stm32f401rct6/Drivers/STM32F4xx_HAL_Driver/Inc/stm32f4xx_ll_rcc.h **** }
 671              		.loc 2 4208 11 view .LVU171
 672              	.LBE83:
 673              	.LBE82:
 734:board/stm32f401rct6/Drivers/STM32F4xx_HAL_Driver/Src/stm32f4xx_ll_rcc.c ****     {
 674              		.loc 1 734 8 view .LVU172
 675 0010 10F00070 		ands	r0, r0, #33554432
 676 0014 00D1     		bne	.L46
 677              	.LVL37:
 678              	.L38:
 742:board/stm32f401rct6/Drivers/STM32F4xx_HAL_Driver/Src/stm32f4xx_ll_rcc.c **** #endif /* SDIO */
 679              		.loc 1 742 1 view .LVU173
 680 0016 08BD     		pop	{r3, pc}
 681              	.LVL38:
 682              	.L46:
 736:board/stm32f401rct6/Drivers/STM32F4xx_HAL_Driver/Src/stm32f4xx_ll_rcc.c ****     }
 683              		.loc 1 736 7 is_stmt 1 view .LVU174
 736:board/stm32f401rct6/Drivers/STM32F4xx_HAL_Driver/Src/stm32f4xx_ll_rcc.c ****     }
 684              		.loc 1 736 24 is_stmt 0 view .LVU175
ARM GAS  C:\Users\Admin\AppData\Local\Temp\ccHMtLfr.s 			page 125


 685 0018 FFF7FEFF 		bl	RCC_PLL_GetFreqDomain_48M
 686              	.LVL39:
 736:board/stm32f401rct6/Drivers/STM32F4xx_HAL_Driver/Src/stm32f4xx_ll_rcc.c ****     }
 687              		.loc 1 736 24 view .LVU176
 688 001c FBE7     		b	.L38
 689              	.L48:
 690 001e 00BF     		.align	2
 691              	.L47:
 692 0020 00380240 		.word	1073887232
 693              		.cfi_endproc
 694              	.LFE330:
 696              		.section	.text.LL_RCC_GetUSBClockFreq,"ax",%progbits
 697              		.align	1
 698              		.global	LL_RCC_GetUSBClockFreq
 699              		.syntax unified
 700              		.thumb
 701              		.thumb_func
 703              	LL_RCC_GetUSBClockFreq:
 704              	.LVL40:
 705              	.LFB331:
 849:board/stm32f401rct6/Drivers/STM32F4xx_HAL_Driver/Src/stm32f4xx_ll_rcc.c ****   uint32_t usb_frequency = LL_RCC_PERIPH_FREQUENCY_NO;
 706              		.loc 1 849 1 is_stmt 1 view -0
 707              		.cfi_startproc
 708              		@ args = 0, pretend = 0, frame = 0
 709              		@ frame_needed = 0, uses_anonymous_args = 0
 849:board/stm32f401rct6/Drivers/STM32F4xx_HAL_Driver/Src/stm32f4xx_ll_rcc.c ****   uint32_t usb_frequency = LL_RCC_PERIPH_FREQUENCY_NO;
 710              		.loc 1 849 1 is_stmt 0 view .LVU178
 711 0000 08B5     		push	{r3, lr}
 712              	.LCFI5:
 713              		.cfi_def_cfa_offset 8
 714              		.cfi_offset 3, -8
 715              		.cfi_offset 14, -4
 850:board/stm32f401rct6/Drivers/STM32F4xx_HAL_Driver/Src/stm32f4xx_ll_rcc.c **** 
 716              		.loc 1 850 3 is_stmt 1 view .LVU179
 717              	.LVL41:
 853:board/stm32f401rct6/Drivers/STM32F4xx_HAL_Driver/Src/stm32f4xx_ll_rcc.c **** 
 718              		.loc 1 853 3 view .LVU180
 888:board/stm32f401rct6/Drivers/STM32F4xx_HAL_Driver/Src/stm32f4xx_ll_rcc.c ****   {
 719              		.loc 1 888 3 view .LVU181
 720              	.LBB84:
 721              	.LBI84:
4206:board/stm32f401rct6/Drivers/STM32F4xx_HAL_Driver/Inc/stm32f4xx_ll_rcc.h **** {
 722              		.loc 2 4206 26 view .LVU182
 723              	.LBB85:
4208:board/stm32f401rct6/Drivers/STM32F4xx_HAL_Driver/Inc/stm32f4xx_ll_rcc.h **** }
 724              		.loc 2 4208 3 view .LVU183
4208:board/stm32f401rct6/Drivers/STM32F4xx_HAL_Driver/Inc/stm32f4xx_ll_rcc.h **** }
 725              		.loc 2 4208 11 is_stmt 0 view .LVU184
 726 0002 044B     		ldr	r3, .L53
 727 0004 1868     		ldr	r0, [r3]
 728              	.LVL42:
4208:board/stm32f401rct6/Drivers/STM32F4xx_HAL_Driver/Inc/stm32f4xx_ll_rcc.h **** }
 729              		.loc 2 4208 11 view .LVU185
 730              	.LBE85:
 731              	.LBE84:
 888:board/stm32f401rct6/Drivers/STM32F4xx_HAL_Driver/Src/stm32f4xx_ll_rcc.c ****   {
 732              		.loc 1 888 6 view .LVU186
ARM GAS  C:\Users\Admin\AppData\Local\Temp\ccHMtLfr.s 			page 126


 733 0006 10F00070 		ands	r0, r0, #33554432
 734 000a 00D1     		bne	.L52
 735              	.LVL43:
 736              	.L49:
 895:board/stm32f401rct6/Drivers/STM32F4xx_HAL_Driver/Src/stm32f4xx_ll_rcc.c **** #endif /* USB_OTG_FS || USB_OTG_HS */
 737              		.loc 1 895 1 view .LVU187
 738 000c 08BD     		pop	{r3, pc}
 739              	.LVL44:
 740              	.L52:
 890:board/stm32f401rct6/Drivers/STM32F4xx_HAL_Driver/Src/stm32f4xx_ll_rcc.c ****   }
 741              		.loc 1 890 5 is_stmt 1 view .LVU188
 890:board/stm32f401rct6/Drivers/STM32F4xx_HAL_Driver/Src/stm32f4xx_ll_rcc.c ****   }
 742              		.loc 1 890 21 is_stmt 0 view .LVU189
 743 000e FFF7FEFF 		bl	RCC_PLL_GetFreqDomain_48M
 744              	.LVL45:
 894:board/stm32f401rct6/Drivers/STM32F4xx_HAL_Driver/Src/stm32f4xx_ll_rcc.c **** }
 745              		.loc 1 894 3 is_stmt 1 view .LVU190
 894:board/stm32f401rct6/Drivers/STM32F4xx_HAL_Driver/Src/stm32f4xx_ll_rcc.c **** }
 746              		.loc 1 894 10 is_stmt 0 view .LVU191
 747 0012 FBE7     		b	.L49
 748              	.L54:
 749              		.align	2
 750              	.L53:
 751 0014 00380240 		.word	1073887232
 752              		.cfi_endproc
 753              	.LFE331:
 755              		.section	.text.RCC_PLLI2S_GetFreqDomain_I2S,"ax",%progbits
 756              		.align	1
 757              		.global	RCC_PLLI2S_GetFreqDomain_I2S
 758              		.syntax unified
 759              		.thumb
 760              		.thumb_func
 762              	RCC_PLLI2S_GetFreqDomain_I2S:
 763              	.LFB338:
1263:board/stm32f401rct6/Drivers/STM32F4xx_HAL_Driver/Src/stm32f4xx_ll_rcc.c **** 
1264:board/stm32f401rct6/Drivers/STM32F4xx_HAL_Driver/Src/stm32f4xx_ll_rcc.c **** #if defined(DSI)
1265:board/stm32f401rct6/Drivers/STM32F4xx_HAL_Driver/Src/stm32f4xx_ll_rcc.c **** /**
1266:board/stm32f401rct6/Drivers/STM32F4xx_HAL_Driver/Src/stm32f4xx_ll_rcc.c ****   * @brief  Return PLL clock frequency used for DSI clock
1267:board/stm32f401rct6/Drivers/STM32F4xx_HAL_Driver/Src/stm32f4xx_ll_rcc.c ****   * @retval PLL clock frequency (in Hz)
1268:board/stm32f401rct6/Drivers/STM32F4xx_HAL_Driver/Src/stm32f4xx_ll_rcc.c ****   */
1269:board/stm32f401rct6/Drivers/STM32F4xx_HAL_Driver/Src/stm32f4xx_ll_rcc.c **** uint32_t RCC_PLL_GetFreqDomain_DSI(void)
1270:board/stm32f401rct6/Drivers/STM32F4xx_HAL_Driver/Src/stm32f4xx_ll_rcc.c **** {
1271:board/stm32f401rct6/Drivers/STM32F4xx_HAL_Driver/Src/stm32f4xx_ll_rcc.c ****   uint32_t pllinputfreq = 0U;
1272:board/stm32f401rct6/Drivers/STM32F4xx_HAL_Driver/Src/stm32f4xx_ll_rcc.c ****   uint32_t pllsource = 0U;
1273:board/stm32f401rct6/Drivers/STM32F4xx_HAL_Driver/Src/stm32f4xx_ll_rcc.c **** 
1274:board/stm32f401rct6/Drivers/STM32F4xx_HAL_Driver/Src/stm32f4xx_ll_rcc.c ****   /* PLL_VCO = (HSE_VALUE or HSI_VALUE / PLLM) * PLLN
1275:board/stm32f401rct6/Drivers/STM32F4xx_HAL_Driver/Src/stm32f4xx_ll_rcc.c ****      DSICLK = PLL_VCO / PLLR
1276:board/stm32f401rct6/Drivers/STM32F4xx_HAL_Driver/Src/stm32f4xx_ll_rcc.c ****   */
1277:board/stm32f401rct6/Drivers/STM32F4xx_HAL_Driver/Src/stm32f4xx_ll_rcc.c ****   pllsource = LL_RCC_PLL_GetMainSource();
1278:board/stm32f401rct6/Drivers/STM32F4xx_HAL_Driver/Src/stm32f4xx_ll_rcc.c **** 
1279:board/stm32f401rct6/Drivers/STM32F4xx_HAL_Driver/Src/stm32f4xx_ll_rcc.c ****   switch (pllsource)
1280:board/stm32f401rct6/Drivers/STM32F4xx_HAL_Driver/Src/stm32f4xx_ll_rcc.c ****   {
1281:board/stm32f401rct6/Drivers/STM32F4xx_HAL_Driver/Src/stm32f4xx_ll_rcc.c ****     case LL_RCC_PLLSOURCE_HSE:  /* HSE used as PLL clock source */
1282:board/stm32f401rct6/Drivers/STM32F4xx_HAL_Driver/Src/stm32f4xx_ll_rcc.c ****       pllinputfreq = HSE_VALUE;
1283:board/stm32f401rct6/Drivers/STM32F4xx_HAL_Driver/Src/stm32f4xx_ll_rcc.c ****       break;
1284:board/stm32f401rct6/Drivers/STM32F4xx_HAL_Driver/Src/stm32f4xx_ll_rcc.c **** 
1285:board/stm32f401rct6/Drivers/STM32F4xx_HAL_Driver/Src/stm32f4xx_ll_rcc.c ****     case LL_RCC_PLLSOURCE_HSI:  /* HSI used as PLL clock source */
ARM GAS  C:\Users\Admin\AppData\Local\Temp\ccHMtLfr.s 			page 127


1286:board/stm32f401rct6/Drivers/STM32F4xx_HAL_Driver/Src/stm32f4xx_ll_rcc.c ****     default:
1287:board/stm32f401rct6/Drivers/STM32F4xx_HAL_Driver/Src/stm32f4xx_ll_rcc.c ****       pllinputfreq = HSI_VALUE;
1288:board/stm32f401rct6/Drivers/STM32F4xx_HAL_Driver/Src/stm32f4xx_ll_rcc.c ****       break;
1289:board/stm32f401rct6/Drivers/STM32F4xx_HAL_Driver/Src/stm32f4xx_ll_rcc.c ****   }
1290:board/stm32f401rct6/Drivers/STM32F4xx_HAL_Driver/Src/stm32f4xx_ll_rcc.c ****   return __LL_RCC_CALC_PLLCLK_DSI_FREQ(pllinputfreq, LL_RCC_PLL_GetDivider(),
1291:board/stm32f401rct6/Drivers/STM32F4xx_HAL_Driver/Src/stm32f4xx_ll_rcc.c ****                                        LL_RCC_PLL_GetN(), LL_RCC_PLL_GetR());
1292:board/stm32f401rct6/Drivers/STM32F4xx_HAL_Driver/Src/stm32f4xx_ll_rcc.c **** }
1293:board/stm32f401rct6/Drivers/STM32F4xx_HAL_Driver/Src/stm32f4xx_ll_rcc.c **** #endif /* DSI */
1294:board/stm32f401rct6/Drivers/STM32F4xx_HAL_Driver/Src/stm32f4xx_ll_rcc.c **** 
1295:board/stm32f401rct6/Drivers/STM32F4xx_HAL_Driver/Src/stm32f4xx_ll_rcc.c **** #if defined(RCC_DCKCFGR_I2SSRC) || defined(RCC_DCKCFGR_I2S1SRC)
1296:board/stm32f401rct6/Drivers/STM32F4xx_HAL_Driver/Src/stm32f4xx_ll_rcc.c **** /**
1297:board/stm32f401rct6/Drivers/STM32F4xx_HAL_Driver/Src/stm32f4xx_ll_rcc.c ****   * @brief  Return PLL clock frequency used for I2S clock
1298:board/stm32f401rct6/Drivers/STM32F4xx_HAL_Driver/Src/stm32f4xx_ll_rcc.c ****   * @retval PLL clock frequency (in Hz)
1299:board/stm32f401rct6/Drivers/STM32F4xx_HAL_Driver/Src/stm32f4xx_ll_rcc.c ****   */
1300:board/stm32f401rct6/Drivers/STM32F4xx_HAL_Driver/Src/stm32f4xx_ll_rcc.c **** uint32_t RCC_PLL_GetFreqDomain_I2S(void)
1301:board/stm32f401rct6/Drivers/STM32F4xx_HAL_Driver/Src/stm32f4xx_ll_rcc.c **** {
1302:board/stm32f401rct6/Drivers/STM32F4xx_HAL_Driver/Src/stm32f4xx_ll_rcc.c ****   uint32_t pllinputfreq = 0U;
1303:board/stm32f401rct6/Drivers/STM32F4xx_HAL_Driver/Src/stm32f4xx_ll_rcc.c ****   uint32_t pllsource = 0U;
1304:board/stm32f401rct6/Drivers/STM32F4xx_HAL_Driver/Src/stm32f4xx_ll_rcc.c **** 
1305:board/stm32f401rct6/Drivers/STM32F4xx_HAL_Driver/Src/stm32f4xx_ll_rcc.c ****   /* PLL_VCO = (HSE_VALUE or HSI_VALUE / PLLM) * PLLN
1306:board/stm32f401rct6/Drivers/STM32F4xx_HAL_Driver/Src/stm32f4xx_ll_rcc.c ****      I2SCLK = PLL_VCO / PLLR
1307:board/stm32f401rct6/Drivers/STM32F4xx_HAL_Driver/Src/stm32f4xx_ll_rcc.c ****   */
1308:board/stm32f401rct6/Drivers/STM32F4xx_HAL_Driver/Src/stm32f4xx_ll_rcc.c ****   pllsource = LL_RCC_PLL_GetMainSource();
1309:board/stm32f401rct6/Drivers/STM32F4xx_HAL_Driver/Src/stm32f4xx_ll_rcc.c **** 
1310:board/stm32f401rct6/Drivers/STM32F4xx_HAL_Driver/Src/stm32f4xx_ll_rcc.c ****   switch (pllsource)
1311:board/stm32f401rct6/Drivers/STM32F4xx_HAL_Driver/Src/stm32f4xx_ll_rcc.c ****   {
1312:board/stm32f401rct6/Drivers/STM32F4xx_HAL_Driver/Src/stm32f4xx_ll_rcc.c ****     case LL_RCC_PLLSOURCE_HSE:  /* HSE used as PLL clock source */
1313:board/stm32f401rct6/Drivers/STM32F4xx_HAL_Driver/Src/stm32f4xx_ll_rcc.c ****       pllinputfreq = HSE_VALUE;
1314:board/stm32f401rct6/Drivers/STM32F4xx_HAL_Driver/Src/stm32f4xx_ll_rcc.c ****       break;
1315:board/stm32f401rct6/Drivers/STM32F4xx_HAL_Driver/Src/stm32f4xx_ll_rcc.c **** 
1316:board/stm32f401rct6/Drivers/STM32F4xx_HAL_Driver/Src/stm32f4xx_ll_rcc.c ****     case LL_RCC_PLLSOURCE_HSI:  /* HSI used as PLL clock source */
1317:board/stm32f401rct6/Drivers/STM32F4xx_HAL_Driver/Src/stm32f4xx_ll_rcc.c ****     default:
1318:board/stm32f401rct6/Drivers/STM32F4xx_HAL_Driver/Src/stm32f4xx_ll_rcc.c ****       pllinputfreq = HSI_VALUE;
1319:board/stm32f401rct6/Drivers/STM32F4xx_HAL_Driver/Src/stm32f4xx_ll_rcc.c ****       break;
1320:board/stm32f401rct6/Drivers/STM32F4xx_HAL_Driver/Src/stm32f4xx_ll_rcc.c ****   }
1321:board/stm32f401rct6/Drivers/STM32F4xx_HAL_Driver/Src/stm32f4xx_ll_rcc.c ****   return __LL_RCC_CALC_PLLCLK_I2S_FREQ(pllinputfreq, LL_RCC_PLL_GetDivider(),
1322:board/stm32f401rct6/Drivers/STM32F4xx_HAL_Driver/Src/stm32f4xx_ll_rcc.c ****                                        LL_RCC_PLL_GetN(), LL_RCC_PLL_GetR());
1323:board/stm32f401rct6/Drivers/STM32F4xx_HAL_Driver/Src/stm32f4xx_ll_rcc.c **** }
1324:board/stm32f401rct6/Drivers/STM32F4xx_HAL_Driver/Src/stm32f4xx_ll_rcc.c **** #endif /* RCC_DCKCFGR_I2SSRC || RCC_DCKCFGR_I2S1SRC */
1325:board/stm32f401rct6/Drivers/STM32F4xx_HAL_Driver/Src/stm32f4xx_ll_rcc.c **** 
1326:board/stm32f401rct6/Drivers/STM32F4xx_HAL_Driver/Src/stm32f4xx_ll_rcc.c **** #if defined(SPDIFRX)
1327:board/stm32f401rct6/Drivers/STM32F4xx_HAL_Driver/Src/stm32f4xx_ll_rcc.c **** /**
1328:board/stm32f401rct6/Drivers/STM32F4xx_HAL_Driver/Src/stm32f4xx_ll_rcc.c ****   * @brief  Return PLL clock frequency used for SPDIFRX clock
1329:board/stm32f401rct6/Drivers/STM32F4xx_HAL_Driver/Src/stm32f4xx_ll_rcc.c ****   * @retval PLL clock frequency (in Hz)
1330:board/stm32f401rct6/Drivers/STM32F4xx_HAL_Driver/Src/stm32f4xx_ll_rcc.c ****   */
1331:board/stm32f401rct6/Drivers/STM32F4xx_HAL_Driver/Src/stm32f4xx_ll_rcc.c **** uint32_t RCC_PLL_GetFreqDomain_SPDIFRX(void)
1332:board/stm32f401rct6/Drivers/STM32F4xx_HAL_Driver/Src/stm32f4xx_ll_rcc.c **** {
1333:board/stm32f401rct6/Drivers/STM32F4xx_HAL_Driver/Src/stm32f4xx_ll_rcc.c ****   uint32_t pllinputfreq = 0U;
1334:board/stm32f401rct6/Drivers/STM32F4xx_HAL_Driver/Src/stm32f4xx_ll_rcc.c ****   uint32_t pllsource = 0U;
1335:board/stm32f401rct6/Drivers/STM32F4xx_HAL_Driver/Src/stm32f4xx_ll_rcc.c **** 
1336:board/stm32f401rct6/Drivers/STM32F4xx_HAL_Driver/Src/stm32f4xx_ll_rcc.c ****   /* PLL_VCO = (HSE_VALUE or HSI_VALUE / PLLM) * PLLN
1337:board/stm32f401rct6/Drivers/STM32F4xx_HAL_Driver/Src/stm32f4xx_ll_rcc.c ****      SPDIFRXCLK = PLL_VCO / PLLR
1338:board/stm32f401rct6/Drivers/STM32F4xx_HAL_Driver/Src/stm32f4xx_ll_rcc.c ****   */
1339:board/stm32f401rct6/Drivers/STM32F4xx_HAL_Driver/Src/stm32f4xx_ll_rcc.c ****   pllsource = LL_RCC_PLL_GetMainSource();
1340:board/stm32f401rct6/Drivers/STM32F4xx_HAL_Driver/Src/stm32f4xx_ll_rcc.c **** 
1341:board/stm32f401rct6/Drivers/STM32F4xx_HAL_Driver/Src/stm32f4xx_ll_rcc.c ****   switch (pllsource)
1342:board/stm32f401rct6/Drivers/STM32F4xx_HAL_Driver/Src/stm32f4xx_ll_rcc.c ****   {
ARM GAS  C:\Users\Admin\AppData\Local\Temp\ccHMtLfr.s 			page 128


1343:board/stm32f401rct6/Drivers/STM32F4xx_HAL_Driver/Src/stm32f4xx_ll_rcc.c ****     case LL_RCC_PLLSOURCE_HSE:  /* HSE used as PLL clock source */
1344:board/stm32f401rct6/Drivers/STM32F4xx_HAL_Driver/Src/stm32f4xx_ll_rcc.c ****       pllinputfreq = HSE_VALUE;
1345:board/stm32f401rct6/Drivers/STM32F4xx_HAL_Driver/Src/stm32f4xx_ll_rcc.c ****       break;
1346:board/stm32f401rct6/Drivers/STM32F4xx_HAL_Driver/Src/stm32f4xx_ll_rcc.c **** 
1347:board/stm32f401rct6/Drivers/STM32F4xx_HAL_Driver/Src/stm32f4xx_ll_rcc.c ****     case LL_RCC_PLLSOURCE_HSI:  /* HSI used as PLL clock source */
1348:board/stm32f401rct6/Drivers/STM32F4xx_HAL_Driver/Src/stm32f4xx_ll_rcc.c ****     default:
1349:board/stm32f401rct6/Drivers/STM32F4xx_HAL_Driver/Src/stm32f4xx_ll_rcc.c ****       pllinputfreq = HSI_VALUE;
1350:board/stm32f401rct6/Drivers/STM32F4xx_HAL_Driver/Src/stm32f4xx_ll_rcc.c ****       break;
1351:board/stm32f401rct6/Drivers/STM32F4xx_HAL_Driver/Src/stm32f4xx_ll_rcc.c ****   }
1352:board/stm32f401rct6/Drivers/STM32F4xx_HAL_Driver/Src/stm32f4xx_ll_rcc.c ****   return __LL_RCC_CALC_PLLCLK_SPDIFRX_FREQ(pllinputfreq, LL_RCC_PLL_GetDivider(),
1353:board/stm32f401rct6/Drivers/STM32F4xx_HAL_Driver/Src/stm32f4xx_ll_rcc.c ****                                            LL_RCC_PLL_GetN(), LL_RCC_PLL_GetR());
1354:board/stm32f401rct6/Drivers/STM32F4xx_HAL_Driver/Src/stm32f4xx_ll_rcc.c **** }
1355:board/stm32f401rct6/Drivers/STM32F4xx_HAL_Driver/Src/stm32f4xx_ll_rcc.c **** #endif /* SPDIFRX */
1356:board/stm32f401rct6/Drivers/STM32F4xx_HAL_Driver/Src/stm32f4xx_ll_rcc.c **** 
1357:board/stm32f401rct6/Drivers/STM32F4xx_HAL_Driver/Src/stm32f4xx_ll_rcc.c **** #if defined(RCC_PLLCFGR_PLLR)
1358:board/stm32f401rct6/Drivers/STM32F4xx_HAL_Driver/Src/stm32f4xx_ll_rcc.c **** #if defined(SAI1)
1359:board/stm32f401rct6/Drivers/STM32F4xx_HAL_Driver/Src/stm32f4xx_ll_rcc.c **** /**
1360:board/stm32f401rct6/Drivers/STM32F4xx_HAL_Driver/Src/stm32f4xx_ll_rcc.c ****   * @brief  Return PLL clock frequency used for SAI clock
1361:board/stm32f401rct6/Drivers/STM32F4xx_HAL_Driver/Src/stm32f4xx_ll_rcc.c ****   * @retval PLL clock frequency (in Hz)
1362:board/stm32f401rct6/Drivers/STM32F4xx_HAL_Driver/Src/stm32f4xx_ll_rcc.c ****   */
1363:board/stm32f401rct6/Drivers/STM32F4xx_HAL_Driver/Src/stm32f4xx_ll_rcc.c **** uint32_t RCC_PLL_GetFreqDomain_SAI(void)
1364:board/stm32f401rct6/Drivers/STM32F4xx_HAL_Driver/Src/stm32f4xx_ll_rcc.c **** {
1365:board/stm32f401rct6/Drivers/STM32F4xx_HAL_Driver/Src/stm32f4xx_ll_rcc.c ****   uint32_t pllinputfreq = 0U;
1366:board/stm32f401rct6/Drivers/STM32F4xx_HAL_Driver/Src/stm32f4xx_ll_rcc.c ****   uint32_t pllsource = 0U;
1367:board/stm32f401rct6/Drivers/STM32F4xx_HAL_Driver/Src/stm32f4xx_ll_rcc.c ****   uint32_t plloutputfreq = 0U;
1368:board/stm32f401rct6/Drivers/STM32F4xx_HAL_Driver/Src/stm32f4xx_ll_rcc.c **** 
1369:board/stm32f401rct6/Drivers/STM32F4xx_HAL_Driver/Src/stm32f4xx_ll_rcc.c ****   /* PLL_VCO = (HSE_VALUE or HSI_VALUE / PLLM) * PLLN
1370:board/stm32f401rct6/Drivers/STM32F4xx_HAL_Driver/Src/stm32f4xx_ll_rcc.c ****      SAICLK = (PLL_VCO / PLLR) / PLLDIVR
1371:board/stm32f401rct6/Drivers/STM32F4xx_HAL_Driver/Src/stm32f4xx_ll_rcc.c ****      or
1372:board/stm32f401rct6/Drivers/STM32F4xx_HAL_Driver/Src/stm32f4xx_ll_rcc.c ****      SAICLK = PLL_VCO / PLLR
1373:board/stm32f401rct6/Drivers/STM32F4xx_HAL_Driver/Src/stm32f4xx_ll_rcc.c ****   */
1374:board/stm32f401rct6/Drivers/STM32F4xx_HAL_Driver/Src/stm32f4xx_ll_rcc.c ****   pllsource = LL_RCC_PLL_GetMainSource();
1375:board/stm32f401rct6/Drivers/STM32F4xx_HAL_Driver/Src/stm32f4xx_ll_rcc.c **** 
1376:board/stm32f401rct6/Drivers/STM32F4xx_HAL_Driver/Src/stm32f4xx_ll_rcc.c ****   switch (pllsource)
1377:board/stm32f401rct6/Drivers/STM32F4xx_HAL_Driver/Src/stm32f4xx_ll_rcc.c ****   {
1378:board/stm32f401rct6/Drivers/STM32F4xx_HAL_Driver/Src/stm32f4xx_ll_rcc.c ****     case LL_RCC_PLLSOURCE_HSE:  /* HSE used as PLL clock source */
1379:board/stm32f401rct6/Drivers/STM32F4xx_HAL_Driver/Src/stm32f4xx_ll_rcc.c ****       pllinputfreq = HSE_VALUE;
1380:board/stm32f401rct6/Drivers/STM32F4xx_HAL_Driver/Src/stm32f4xx_ll_rcc.c ****       break;
1381:board/stm32f401rct6/Drivers/STM32F4xx_HAL_Driver/Src/stm32f4xx_ll_rcc.c **** 
1382:board/stm32f401rct6/Drivers/STM32F4xx_HAL_Driver/Src/stm32f4xx_ll_rcc.c ****     case LL_RCC_PLLSOURCE_HSI:  /* HSI used as PLL clock source */
1383:board/stm32f401rct6/Drivers/STM32F4xx_HAL_Driver/Src/stm32f4xx_ll_rcc.c ****     default:
1384:board/stm32f401rct6/Drivers/STM32F4xx_HAL_Driver/Src/stm32f4xx_ll_rcc.c ****       pllinputfreq = HSI_VALUE;
1385:board/stm32f401rct6/Drivers/STM32F4xx_HAL_Driver/Src/stm32f4xx_ll_rcc.c ****       break;
1386:board/stm32f401rct6/Drivers/STM32F4xx_HAL_Driver/Src/stm32f4xx_ll_rcc.c ****   }
1387:board/stm32f401rct6/Drivers/STM32F4xx_HAL_Driver/Src/stm32f4xx_ll_rcc.c **** 
1388:board/stm32f401rct6/Drivers/STM32F4xx_HAL_Driver/Src/stm32f4xx_ll_rcc.c **** #if defined(RCC_DCKCFGR_PLLDIVR)
1389:board/stm32f401rct6/Drivers/STM32F4xx_HAL_Driver/Src/stm32f4xx_ll_rcc.c ****   plloutputfreq = __LL_RCC_CALC_PLLCLK_SAI_FREQ(pllinputfreq, LL_RCC_PLL_GetDivider(),
1390:board/stm32f401rct6/Drivers/STM32F4xx_HAL_Driver/Src/stm32f4xx_ll_rcc.c ****                                                 LL_RCC_PLL_GetN(), LL_RCC_PLL_GetR(), LL_RCC_PLL_Ge
1391:board/stm32f401rct6/Drivers/STM32F4xx_HAL_Driver/Src/stm32f4xx_ll_rcc.c **** #else
1392:board/stm32f401rct6/Drivers/STM32F4xx_HAL_Driver/Src/stm32f4xx_ll_rcc.c ****   plloutputfreq = __LL_RCC_CALC_PLLCLK_SAI_FREQ(pllinputfreq, LL_RCC_PLL_GetDivider(),
1393:board/stm32f401rct6/Drivers/STM32F4xx_HAL_Driver/Src/stm32f4xx_ll_rcc.c ****                                                 LL_RCC_PLL_GetN(), LL_RCC_PLL_GetR());
1394:board/stm32f401rct6/Drivers/STM32F4xx_HAL_Driver/Src/stm32f4xx_ll_rcc.c **** #endif /* RCC_DCKCFGR_PLLDIVR */
1395:board/stm32f401rct6/Drivers/STM32F4xx_HAL_Driver/Src/stm32f4xx_ll_rcc.c **** 
1396:board/stm32f401rct6/Drivers/STM32F4xx_HAL_Driver/Src/stm32f4xx_ll_rcc.c ****   return plloutputfreq;
1397:board/stm32f401rct6/Drivers/STM32F4xx_HAL_Driver/Src/stm32f4xx_ll_rcc.c **** }
1398:board/stm32f401rct6/Drivers/STM32F4xx_HAL_Driver/Src/stm32f4xx_ll_rcc.c **** #endif /* SAI1 */
1399:board/stm32f401rct6/Drivers/STM32F4xx_HAL_Driver/Src/stm32f4xx_ll_rcc.c **** #endif /* RCC_PLLCFGR_PLLR */
ARM GAS  C:\Users\Admin\AppData\Local\Temp\ccHMtLfr.s 			page 129


1400:board/stm32f401rct6/Drivers/STM32F4xx_HAL_Driver/Src/stm32f4xx_ll_rcc.c **** 
1401:board/stm32f401rct6/Drivers/STM32F4xx_HAL_Driver/Src/stm32f4xx_ll_rcc.c **** #if defined(RCC_PLLSAI_SUPPORT)
1402:board/stm32f401rct6/Drivers/STM32F4xx_HAL_Driver/Src/stm32f4xx_ll_rcc.c **** /**
1403:board/stm32f401rct6/Drivers/STM32F4xx_HAL_Driver/Src/stm32f4xx_ll_rcc.c ****   * @brief  Return PLLSAI clock frequency used for SAI domain
1404:board/stm32f401rct6/Drivers/STM32F4xx_HAL_Driver/Src/stm32f4xx_ll_rcc.c ****   * @retval PLLSAI clock frequency (in Hz)
1405:board/stm32f401rct6/Drivers/STM32F4xx_HAL_Driver/Src/stm32f4xx_ll_rcc.c ****   */
1406:board/stm32f401rct6/Drivers/STM32F4xx_HAL_Driver/Src/stm32f4xx_ll_rcc.c **** uint32_t RCC_PLLSAI_GetFreqDomain_SAI(void)
1407:board/stm32f401rct6/Drivers/STM32F4xx_HAL_Driver/Src/stm32f4xx_ll_rcc.c **** {
1408:board/stm32f401rct6/Drivers/STM32F4xx_HAL_Driver/Src/stm32f4xx_ll_rcc.c ****   uint32_t pllinputfreq = 0U;
1409:board/stm32f401rct6/Drivers/STM32F4xx_HAL_Driver/Src/stm32f4xx_ll_rcc.c ****   uint32_t pllsource = 0U;
1410:board/stm32f401rct6/Drivers/STM32F4xx_HAL_Driver/Src/stm32f4xx_ll_rcc.c **** 
1411:board/stm32f401rct6/Drivers/STM32F4xx_HAL_Driver/Src/stm32f4xx_ll_rcc.c ****   /* PLLSAI_VCO = (HSE_VALUE or HSI_VALUE / PLLSAIM) * PLLSAIN
1412:board/stm32f401rct6/Drivers/STM32F4xx_HAL_Driver/Src/stm32f4xx_ll_rcc.c ****      SAI domain clock  = (PLLSAI_VCO / PLLSAIQ) / PLLSAIDIVQ
1413:board/stm32f401rct6/Drivers/STM32F4xx_HAL_Driver/Src/stm32f4xx_ll_rcc.c ****   */
1414:board/stm32f401rct6/Drivers/STM32F4xx_HAL_Driver/Src/stm32f4xx_ll_rcc.c ****   pllsource = LL_RCC_PLL_GetMainSource();
1415:board/stm32f401rct6/Drivers/STM32F4xx_HAL_Driver/Src/stm32f4xx_ll_rcc.c **** 
1416:board/stm32f401rct6/Drivers/STM32F4xx_HAL_Driver/Src/stm32f4xx_ll_rcc.c ****   switch (pllsource)
1417:board/stm32f401rct6/Drivers/STM32F4xx_HAL_Driver/Src/stm32f4xx_ll_rcc.c ****   {
1418:board/stm32f401rct6/Drivers/STM32F4xx_HAL_Driver/Src/stm32f4xx_ll_rcc.c ****     case LL_RCC_PLLSOURCE_HSI:  /* HSI used as PLLSAI clock source */
1419:board/stm32f401rct6/Drivers/STM32F4xx_HAL_Driver/Src/stm32f4xx_ll_rcc.c ****       pllinputfreq = HSI_VALUE;
1420:board/stm32f401rct6/Drivers/STM32F4xx_HAL_Driver/Src/stm32f4xx_ll_rcc.c ****       break;
1421:board/stm32f401rct6/Drivers/STM32F4xx_HAL_Driver/Src/stm32f4xx_ll_rcc.c **** 
1422:board/stm32f401rct6/Drivers/STM32F4xx_HAL_Driver/Src/stm32f4xx_ll_rcc.c ****     case LL_RCC_PLLSOURCE_HSE:  /* HSE used as PLLSAI clock source */
1423:board/stm32f401rct6/Drivers/STM32F4xx_HAL_Driver/Src/stm32f4xx_ll_rcc.c ****       pllinputfreq = HSE_VALUE;
1424:board/stm32f401rct6/Drivers/STM32F4xx_HAL_Driver/Src/stm32f4xx_ll_rcc.c ****       break;
1425:board/stm32f401rct6/Drivers/STM32F4xx_HAL_Driver/Src/stm32f4xx_ll_rcc.c **** 
1426:board/stm32f401rct6/Drivers/STM32F4xx_HAL_Driver/Src/stm32f4xx_ll_rcc.c ****     default:
1427:board/stm32f401rct6/Drivers/STM32F4xx_HAL_Driver/Src/stm32f4xx_ll_rcc.c ****       pllinputfreq = HSI_VALUE;
1428:board/stm32f401rct6/Drivers/STM32F4xx_HAL_Driver/Src/stm32f4xx_ll_rcc.c ****       break;
1429:board/stm32f401rct6/Drivers/STM32F4xx_HAL_Driver/Src/stm32f4xx_ll_rcc.c ****   }
1430:board/stm32f401rct6/Drivers/STM32F4xx_HAL_Driver/Src/stm32f4xx_ll_rcc.c ****   return __LL_RCC_CALC_PLLSAI_SAI_FREQ(pllinputfreq, LL_RCC_PLLSAI_GetDivider(),
1431:board/stm32f401rct6/Drivers/STM32F4xx_HAL_Driver/Src/stm32f4xx_ll_rcc.c ****                                        LL_RCC_PLLSAI_GetN(), LL_RCC_PLLSAI_GetQ(), LL_RCC_PLLSAI_Ge
1432:board/stm32f401rct6/Drivers/STM32F4xx_HAL_Driver/Src/stm32f4xx_ll_rcc.c **** }
1433:board/stm32f401rct6/Drivers/STM32F4xx_HAL_Driver/Src/stm32f4xx_ll_rcc.c **** 
1434:board/stm32f401rct6/Drivers/STM32F4xx_HAL_Driver/Src/stm32f4xx_ll_rcc.c **** #if defined(RCC_PLLSAICFGR_PLLSAIP)
1435:board/stm32f401rct6/Drivers/STM32F4xx_HAL_Driver/Src/stm32f4xx_ll_rcc.c **** /**
1436:board/stm32f401rct6/Drivers/STM32F4xx_HAL_Driver/Src/stm32f4xx_ll_rcc.c ****   * @brief  Return PLLSAI clock frequency used for 48Mhz domain
1437:board/stm32f401rct6/Drivers/STM32F4xx_HAL_Driver/Src/stm32f4xx_ll_rcc.c ****   * @retval PLLSAI clock frequency (in Hz)
1438:board/stm32f401rct6/Drivers/STM32F4xx_HAL_Driver/Src/stm32f4xx_ll_rcc.c ****   */
1439:board/stm32f401rct6/Drivers/STM32F4xx_HAL_Driver/Src/stm32f4xx_ll_rcc.c **** uint32_t RCC_PLLSAI_GetFreqDomain_48M(void)
1440:board/stm32f401rct6/Drivers/STM32F4xx_HAL_Driver/Src/stm32f4xx_ll_rcc.c **** {
1441:board/stm32f401rct6/Drivers/STM32F4xx_HAL_Driver/Src/stm32f4xx_ll_rcc.c ****   uint32_t pllinputfreq = 0U;
1442:board/stm32f401rct6/Drivers/STM32F4xx_HAL_Driver/Src/stm32f4xx_ll_rcc.c ****   uint32_t pllsource = 0U;
1443:board/stm32f401rct6/Drivers/STM32F4xx_HAL_Driver/Src/stm32f4xx_ll_rcc.c **** 
1444:board/stm32f401rct6/Drivers/STM32F4xx_HAL_Driver/Src/stm32f4xx_ll_rcc.c ****   /* PLLSAI_VCO = (HSE_VALUE or HSI_VALUE / PLLSAIM) * PLLSAIN
1445:board/stm32f401rct6/Drivers/STM32F4xx_HAL_Driver/Src/stm32f4xx_ll_rcc.c ****      48M Domain clock  = PLLSAI_VCO / PLLSAIP
1446:board/stm32f401rct6/Drivers/STM32F4xx_HAL_Driver/Src/stm32f4xx_ll_rcc.c ****   */
1447:board/stm32f401rct6/Drivers/STM32F4xx_HAL_Driver/Src/stm32f4xx_ll_rcc.c ****   pllsource = LL_RCC_PLL_GetMainSource();
1448:board/stm32f401rct6/Drivers/STM32F4xx_HAL_Driver/Src/stm32f4xx_ll_rcc.c **** 
1449:board/stm32f401rct6/Drivers/STM32F4xx_HAL_Driver/Src/stm32f4xx_ll_rcc.c ****   switch (pllsource)
1450:board/stm32f401rct6/Drivers/STM32F4xx_HAL_Driver/Src/stm32f4xx_ll_rcc.c ****   {
1451:board/stm32f401rct6/Drivers/STM32F4xx_HAL_Driver/Src/stm32f4xx_ll_rcc.c ****     case LL_RCC_PLLSOURCE_HSI:  /* HSI used as PLLSAI clock source */
1452:board/stm32f401rct6/Drivers/STM32F4xx_HAL_Driver/Src/stm32f4xx_ll_rcc.c ****       pllinputfreq = HSI_VALUE;
1453:board/stm32f401rct6/Drivers/STM32F4xx_HAL_Driver/Src/stm32f4xx_ll_rcc.c ****       break;
1454:board/stm32f401rct6/Drivers/STM32F4xx_HAL_Driver/Src/stm32f4xx_ll_rcc.c **** 
1455:board/stm32f401rct6/Drivers/STM32F4xx_HAL_Driver/Src/stm32f4xx_ll_rcc.c ****     case LL_RCC_PLLSOURCE_HSE:  /* HSE used as PLLSAI clock source */
1456:board/stm32f401rct6/Drivers/STM32F4xx_HAL_Driver/Src/stm32f4xx_ll_rcc.c ****       pllinputfreq = HSE_VALUE;
ARM GAS  C:\Users\Admin\AppData\Local\Temp\ccHMtLfr.s 			page 130


1457:board/stm32f401rct6/Drivers/STM32F4xx_HAL_Driver/Src/stm32f4xx_ll_rcc.c ****       break;
1458:board/stm32f401rct6/Drivers/STM32F4xx_HAL_Driver/Src/stm32f4xx_ll_rcc.c **** 
1459:board/stm32f401rct6/Drivers/STM32F4xx_HAL_Driver/Src/stm32f4xx_ll_rcc.c ****     default:
1460:board/stm32f401rct6/Drivers/STM32F4xx_HAL_Driver/Src/stm32f4xx_ll_rcc.c ****       pllinputfreq = HSI_VALUE;
1461:board/stm32f401rct6/Drivers/STM32F4xx_HAL_Driver/Src/stm32f4xx_ll_rcc.c ****       break;
1462:board/stm32f401rct6/Drivers/STM32F4xx_HAL_Driver/Src/stm32f4xx_ll_rcc.c ****   }
1463:board/stm32f401rct6/Drivers/STM32F4xx_HAL_Driver/Src/stm32f4xx_ll_rcc.c ****   return __LL_RCC_CALC_PLLSAI_48M_FREQ(pllinputfreq, LL_RCC_PLLSAI_GetDivider(),
1464:board/stm32f401rct6/Drivers/STM32F4xx_HAL_Driver/Src/stm32f4xx_ll_rcc.c ****                                        LL_RCC_PLLSAI_GetN(), LL_RCC_PLLSAI_GetP());
1465:board/stm32f401rct6/Drivers/STM32F4xx_HAL_Driver/Src/stm32f4xx_ll_rcc.c **** }
1466:board/stm32f401rct6/Drivers/STM32F4xx_HAL_Driver/Src/stm32f4xx_ll_rcc.c **** #endif /* RCC_PLLSAICFGR_PLLSAIP */
1467:board/stm32f401rct6/Drivers/STM32F4xx_HAL_Driver/Src/stm32f4xx_ll_rcc.c **** 
1468:board/stm32f401rct6/Drivers/STM32F4xx_HAL_Driver/Src/stm32f4xx_ll_rcc.c **** #if defined(LTDC)
1469:board/stm32f401rct6/Drivers/STM32F4xx_HAL_Driver/Src/stm32f4xx_ll_rcc.c **** /**
1470:board/stm32f401rct6/Drivers/STM32F4xx_HAL_Driver/Src/stm32f4xx_ll_rcc.c ****   * @brief  Return PLLSAI clock frequency used for LTDC domain
1471:board/stm32f401rct6/Drivers/STM32F4xx_HAL_Driver/Src/stm32f4xx_ll_rcc.c ****   * @retval PLLSAI clock frequency (in Hz)
1472:board/stm32f401rct6/Drivers/STM32F4xx_HAL_Driver/Src/stm32f4xx_ll_rcc.c ****   */
1473:board/stm32f401rct6/Drivers/STM32F4xx_HAL_Driver/Src/stm32f4xx_ll_rcc.c **** uint32_t RCC_PLLSAI_GetFreqDomain_LTDC(void)
1474:board/stm32f401rct6/Drivers/STM32F4xx_HAL_Driver/Src/stm32f4xx_ll_rcc.c **** {
1475:board/stm32f401rct6/Drivers/STM32F4xx_HAL_Driver/Src/stm32f4xx_ll_rcc.c ****   uint32_t pllinputfreq = 0U;
1476:board/stm32f401rct6/Drivers/STM32F4xx_HAL_Driver/Src/stm32f4xx_ll_rcc.c ****   uint32_t pllsource = 0U;
1477:board/stm32f401rct6/Drivers/STM32F4xx_HAL_Driver/Src/stm32f4xx_ll_rcc.c **** 
1478:board/stm32f401rct6/Drivers/STM32F4xx_HAL_Driver/Src/stm32f4xx_ll_rcc.c ****   /* PLLSAI_VCO = (HSE_VALUE or HSI_VALUE / PLLSAIM) * PLLSAIN
1479:board/stm32f401rct6/Drivers/STM32F4xx_HAL_Driver/Src/stm32f4xx_ll_rcc.c ****      LTDC Domain clock  = (PLLSAI_VCO / PLLSAIR) / PLLSAIDIVR
1480:board/stm32f401rct6/Drivers/STM32F4xx_HAL_Driver/Src/stm32f4xx_ll_rcc.c ****   */
1481:board/stm32f401rct6/Drivers/STM32F4xx_HAL_Driver/Src/stm32f4xx_ll_rcc.c ****   pllsource = LL_RCC_PLL_GetMainSource();
1482:board/stm32f401rct6/Drivers/STM32F4xx_HAL_Driver/Src/stm32f4xx_ll_rcc.c **** 
1483:board/stm32f401rct6/Drivers/STM32F4xx_HAL_Driver/Src/stm32f4xx_ll_rcc.c ****   switch (pllsource)
1484:board/stm32f401rct6/Drivers/STM32F4xx_HAL_Driver/Src/stm32f4xx_ll_rcc.c ****   {
1485:board/stm32f401rct6/Drivers/STM32F4xx_HAL_Driver/Src/stm32f4xx_ll_rcc.c ****     case LL_RCC_PLLSOURCE_HSI:  /* HSI used as PLLSAI clock source */
1486:board/stm32f401rct6/Drivers/STM32F4xx_HAL_Driver/Src/stm32f4xx_ll_rcc.c ****       pllinputfreq = HSI_VALUE;
1487:board/stm32f401rct6/Drivers/STM32F4xx_HAL_Driver/Src/stm32f4xx_ll_rcc.c ****       break;
1488:board/stm32f401rct6/Drivers/STM32F4xx_HAL_Driver/Src/stm32f4xx_ll_rcc.c **** 
1489:board/stm32f401rct6/Drivers/STM32F4xx_HAL_Driver/Src/stm32f4xx_ll_rcc.c ****     case LL_RCC_PLLSOURCE_HSE:  /* HSE used as PLLSAI clock source */
1490:board/stm32f401rct6/Drivers/STM32F4xx_HAL_Driver/Src/stm32f4xx_ll_rcc.c ****       pllinputfreq = HSE_VALUE;
1491:board/stm32f401rct6/Drivers/STM32F4xx_HAL_Driver/Src/stm32f4xx_ll_rcc.c ****       break;
1492:board/stm32f401rct6/Drivers/STM32F4xx_HAL_Driver/Src/stm32f4xx_ll_rcc.c **** 
1493:board/stm32f401rct6/Drivers/STM32F4xx_HAL_Driver/Src/stm32f4xx_ll_rcc.c ****     default:
1494:board/stm32f401rct6/Drivers/STM32F4xx_HAL_Driver/Src/stm32f4xx_ll_rcc.c ****       pllinputfreq = HSI_VALUE;
1495:board/stm32f401rct6/Drivers/STM32F4xx_HAL_Driver/Src/stm32f4xx_ll_rcc.c ****       break;
1496:board/stm32f401rct6/Drivers/STM32F4xx_HAL_Driver/Src/stm32f4xx_ll_rcc.c ****   }
1497:board/stm32f401rct6/Drivers/STM32F4xx_HAL_Driver/Src/stm32f4xx_ll_rcc.c ****   return __LL_RCC_CALC_PLLSAI_LTDC_FREQ(pllinputfreq, LL_RCC_PLLSAI_GetDivider(),
1498:board/stm32f401rct6/Drivers/STM32F4xx_HAL_Driver/Src/stm32f4xx_ll_rcc.c ****                                         LL_RCC_PLLSAI_GetN(), LL_RCC_PLLSAI_GetR(), LL_RCC_PLLSAI_G
1499:board/stm32f401rct6/Drivers/STM32F4xx_HAL_Driver/Src/stm32f4xx_ll_rcc.c **** }
1500:board/stm32f401rct6/Drivers/STM32F4xx_HAL_Driver/Src/stm32f4xx_ll_rcc.c **** #endif /* LTDC */
1501:board/stm32f401rct6/Drivers/STM32F4xx_HAL_Driver/Src/stm32f4xx_ll_rcc.c **** #endif /* RCC_PLLSAI_SUPPORT */
1502:board/stm32f401rct6/Drivers/STM32F4xx_HAL_Driver/Src/stm32f4xx_ll_rcc.c **** 
1503:board/stm32f401rct6/Drivers/STM32F4xx_HAL_Driver/Src/stm32f4xx_ll_rcc.c **** #if defined(RCC_PLLI2S_SUPPORT)
1504:board/stm32f401rct6/Drivers/STM32F4xx_HAL_Driver/Src/stm32f4xx_ll_rcc.c **** #if defined(SAI1)
1505:board/stm32f401rct6/Drivers/STM32F4xx_HAL_Driver/Src/stm32f4xx_ll_rcc.c **** /**
1506:board/stm32f401rct6/Drivers/STM32F4xx_HAL_Driver/Src/stm32f4xx_ll_rcc.c ****   * @brief  Return PLLI2S clock frequency used for SAI domains
1507:board/stm32f401rct6/Drivers/STM32F4xx_HAL_Driver/Src/stm32f4xx_ll_rcc.c ****   * @retval PLLI2S clock frequency (in Hz)
1508:board/stm32f401rct6/Drivers/STM32F4xx_HAL_Driver/Src/stm32f4xx_ll_rcc.c ****   */
1509:board/stm32f401rct6/Drivers/STM32F4xx_HAL_Driver/Src/stm32f4xx_ll_rcc.c **** uint32_t RCC_PLLI2S_GetFreqDomain_SAI(void)
1510:board/stm32f401rct6/Drivers/STM32F4xx_HAL_Driver/Src/stm32f4xx_ll_rcc.c **** {
1511:board/stm32f401rct6/Drivers/STM32F4xx_HAL_Driver/Src/stm32f4xx_ll_rcc.c ****   uint32_t plli2sinputfreq = 0;
1512:board/stm32f401rct6/Drivers/STM32F4xx_HAL_Driver/Src/stm32f4xx_ll_rcc.c ****   uint32_t plli2ssource = 0U;
1513:board/stm32f401rct6/Drivers/STM32F4xx_HAL_Driver/Src/stm32f4xx_ll_rcc.c ****   uint32_t plli2soutputfreq = 0U;
ARM GAS  C:\Users\Admin\AppData\Local\Temp\ccHMtLfr.s 			page 131


1514:board/stm32f401rct6/Drivers/STM32F4xx_HAL_Driver/Src/stm32f4xx_ll_rcc.c **** 
1515:board/stm32f401rct6/Drivers/STM32F4xx_HAL_Driver/Src/stm32f4xx_ll_rcc.c ****   /* PLLI2S_VCO = (HSE_VALUE or HSI_VALUE / PLLI2SM) * PLLI2SN
1516:board/stm32f401rct6/Drivers/STM32F4xx_HAL_Driver/Src/stm32f4xx_ll_rcc.c ****      SAI domain clock  = (PLLI2S_VCO / PLLI2SQ) / PLLI2SDIVQ
1517:board/stm32f401rct6/Drivers/STM32F4xx_HAL_Driver/Src/stm32f4xx_ll_rcc.c ****      or
1518:board/stm32f401rct6/Drivers/STM32F4xx_HAL_Driver/Src/stm32f4xx_ll_rcc.c ****      SAI domain clock  = (PLLI2S_VCO / PLLI2SR) / PLLI2SDIVR
1519:board/stm32f401rct6/Drivers/STM32F4xx_HAL_Driver/Src/stm32f4xx_ll_rcc.c ****   */
1520:board/stm32f401rct6/Drivers/STM32F4xx_HAL_Driver/Src/stm32f4xx_ll_rcc.c ****   plli2ssource = LL_RCC_PLLI2S_GetMainSource();
1521:board/stm32f401rct6/Drivers/STM32F4xx_HAL_Driver/Src/stm32f4xx_ll_rcc.c **** 
1522:board/stm32f401rct6/Drivers/STM32F4xx_HAL_Driver/Src/stm32f4xx_ll_rcc.c ****   switch (plli2ssource)
1523:board/stm32f401rct6/Drivers/STM32F4xx_HAL_Driver/Src/stm32f4xx_ll_rcc.c ****   {
1524:board/stm32f401rct6/Drivers/STM32F4xx_HAL_Driver/Src/stm32f4xx_ll_rcc.c ****     case LL_RCC_PLLSOURCE_HSE:     /* HSE used as PLLI2S clock source */
1525:board/stm32f401rct6/Drivers/STM32F4xx_HAL_Driver/Src/stm32f4xx_ll_rcc.c ****       plli2sinputfreq = HSE_VALUE;
1526:board/stm32f401rct6/Drivers/STM32F4xx_HAL_Driver/Src/stm32f4xx_ll_rcc.c ****       break;
1527:board/stm32f401rct6/Drivers/STM32F4xx_HAL_Driver/Src/stm32f4xx_ll_rcc.c **** 
1528:board/stm32f401rct6/Drivers/STM32F4xx_HAL_Driver/Src/stm32f4xx_ll_rcc.c **** #if defined(RCC_PLLI2SCFGR_PLLI2SSRC)
1529:board/stm32f401rct6/Drivers/STM32F4xx_HAL_Driver/Src/stm32f4xx_ll_rcc.c ****     case LL_RCC_PLLI2SSOURCE_PIN:  /* External pin input clock used as PLLI2S clock source */
1530:board/stm32f401rct6/Drivers/STM32F4xx_HAL_Driver/Src/stm32f4xx_ll_rcc.c ****       plli2sinputfreq = EXTERNAL_CLOCK_VALUE;
1531:board/stm32f401rct6/Drivers/STM32F4xx_HAL_Driver/Src/stm32f4xx_ll_rcc.c ****       break;
1532:board/stm32f401rct6/Drivers/STM32F4xx_HAL_Driver/Src/stm32f4xx_ll_rcc.c **** #endif /* RCC_PLLI2SCFGR_PLLI2SSRC */
1533:board/stm32f401rct6/Drivers/STM32F4xx_HAL_Driver/Src/stm32f4xx_ll_rcc.c **** 
1534:board/stm32f401rct6/Drivers/STM32F4xx_HAL_Driver/Src/stm32f4xx_ll_rcc.c ****     case LL_RCC_PLLSOURCE_HSI:     /* HSI used as PLLI2S clock source */
1535:board/stm32f401rct6/Drivers/STM32F4xx_HAL_Driver/Src/stm32f4xx_ll_rcc.c ****     default:
1536:board/stm32f401rct6/Drivers/STM32F4xx_HAL_Driver/Src/stm32f4xx_ll_rcc.c ****       plli2sinputfreq = HSI_VALUE;
1537:board/stm32f401rct6/Drivers/STM32F4xx_HAL_Driver/Src/stm32f4xx_ll_rcc.c ****       break;
1538:board/stm32f401rct6/Drivers/STM32F4xx_HAL_Driver/Src/stm32f4xx_ll_rcc.c ****   }
1539:board/stm32f401rct6/Drivers/STM32F4xx_HAL_Driver/Src/stm32f4xx_ll_rcc.c **** 
1540:board/stm32f401rct6/Drivers/STM32F4xx_HAL_Driver/Src/stm32f4xx_ll_rcc.c **** #if defined(RCC_DCKCFGR_PLLI2SDIVQ)
1541:board/stm32f401rct6/Drivers/STM32F4xx_HAL_Driver/Src/stm32f4xx_ll_rcc.c ****   plli2soutputfreq = __LL_RCC_CALC_PLLI2S_SAI_FREQ(plli2sinputfreq, LL_RCC_PLLI2S_GetDivider(),
1542:board/stm32f401rct6/Drivers/STM32F4xx_HAL_Driver/Src/stm32f4xx_ll_rcc.c ****                                                    LL_RCC_PLLI2S_GetN(), LL_RCC_PLLI2S_GetQ(), LL_R
1543:board/stm32f401rct6/Drivers/STM32F4xx_HAL_Driver/Src/stm32f4xx_ll_rcc.c **** #else
1544:board/stm32f401rct6/Drivers/STM32F4xx_HAL_Driver/Src/stm32f4xx_ll_rcc.c ****   plli2soutputfreq = __LL_RCC_CALC_PLLI2S_SAI_FREQ(plli2sinputfreq, LL_RCC_PLLI2S_GetDivider(),
1545:board/stm32f401rct6/Drivers/STM32F4xx_HAL_Driver/Src/stm32f4xx_ll_rcc.c ****                                                    LL_RCC_PLLI2S_GetN(), LL_RCC_PLLI2S_GetR(), LL_R
1546:board/stm32f401rct6/Drivers/STM32F4xx_HAL_Driver/Src/stm32f4xx_ll_rcc.c **** #endif /* RCC_DCKCFGR_PLLI2SDIVQ */
1547:board/stm32f401rct6/Drivers/STM32F4xx_HAL_Driver/Src/stm32f4xx_ll_rcc.c **** 
1548:board/stm32f401rct6/Drivers/STM32F4xx_HAL_Driver/Src/stm32f4xx_ll_rcc.c ****   return plli2soutputfreq;
1549:board/stm32f401rct6/Drivers/STM32F4xx_HAL_Driver/Src/stm32f4xx_ll_rcc.c **** }
1550:board/stm32f401rct6/Drivers/STM32F4xx_HAL_Driver/Src/stm32f4xx_ll_rcc.c **** #endif /* SAI1 */
1551:board/stm32f401rct6/Drivers/STM32F4xx_HAL_Driver/Src/stm32f4xx_ll_rcc.c **** 
1552:board/stm32f401rct6/Drivers/STM32F4xx_HAL_Driver/Src/stm32f4xx_ll_rcc.c **** #if defined(SPDIFRX)
1553:board/stm32f401rct6/Drivers/STM32F4xx_HAL_Driver/Src/stm32f4xx_ll_rcc.c **** /**
1554:board/stm32f401rct6/Drivers/STM32F4xx_HAL_Driver/Src/stm32f4xx_ll_rcc.c ****   * @brief  Return PLLI2S clock frequency used for SPDIFRX domain
1555:board/stm32f401rct6/Drivers/STM32F4xx_HAL_Driver/Src/stm32f4xx_ll_rcc.c ****   * @retval PLLI2S clock frequency (in Hz)
1556:board/stm32f401rct6/Drivers/STM32F4xx_HAL_Driver/Src/stm32f4xx_ll_rcc.c ****   */
1557:board/stm32f401rct6/Drivers/STM32F4xx_HAL_Driver/Src/stm32f4xx_ll_rcc.c **** uint32_t RCC_PLLI2S_GetFreqDomain_SPDIFRX(void)
1558:board/stm32f401rct6/Drivers/STM32F4xx_HAL_Driver/Src/stm32f4xx_ll_rcc.c **** {
1559:board/stm32f401rct6/Drivers/STM32F4xx_HAL_Driver/Src/stm32f4xx_ll_rcc.c ****   uint32_t pllinputfreq = 0U;
1560:board/stm32f401rct6/Drivers/STM32F4xx_HAL_Driver/Src/stm32f4xx_ll_rcc.c ****   uint32_t pllsource = 0U;
1561:board/stm32f401rct6/Drivers/STM32F4xx_HAL_Driver/Src/stm32f4xx_ll_rcc.c **** 
1562:board/stm32f401rct6/Drivers/STM32F4xx_HAL_Driver/Src/stm32f4xx_ll_rcc.c ****   /* PLLI2S_VCO = (HSE_VALUE or HSI_VALUE / PLLI2SM) * PLLI2SN
1563:board/stm32f401rct6/Drivers/STM32F4xx_HAL_Driver/Src/stm32f4xx_ll_rcc.c ****      SPDIFRX Domain clock  = PLLI2S_VCO / PLLI2SP
1564:board/stm32f401rct6/Drivers/STM32F4xx_HAL_Driver/Src/stm32f4xx_ll_rcc.c ****   */
1565:board/stm32f401rct6/Drivers/STM32F4xx_HAL_Driver/Src/stm32f4xx_ll_rcc.c ****   pllsource = LL_RCC_PLLI2S_GetMainSource();
1566:board/stm32f401rct6/Drivers/STM32F4xx_HAL_Driver/Src/stm32f4xx_ll_rcc.c **** 
1567:board/stm32f401rct6/Drivers/STM32F4xx_HAL_Driver/Src/stm32f4xx_ll_rcc.c ****   switch (pllsource)
1568:board/stm32f401rct6/Drivers/STM32F4xx_HAL_Driver/Src/stm32f4xx_ll_rcc.c ****   {
1569:board/stm32f401rct6/Drivers/STM32F4xx_HAL_Driver/Src/stm32f4xx_ll_rcc.c ****     case LL_RCC_PLLSOURCE_HSE:  /* HSE used as PLLI2S clock source */
1570:board/stm32f401rct6/Drivers/STM32F4xx_HAL_Driver/Src/stm32f4xx_ll_rcc.c ****       pllinputfreq = HSE_VALUE;
ARM GAS  C:\Users\Admin\AppData\Local\Temp\ccHMtLfr.s 			page 132


1571:board/stm32f401rct6/Drivers/STM32F4xx_HAL_Driver/Src/stm32f4xx_ll_rcc.c ****       break;
1572:board/stm32f401rct6/Drivers/STM32F4xx_HAL_Driver/Src/stm32f4xx_ll_rcc.c **** 
1573:board/stm32f401rct6/Drivers/STM32F4xx_HAL_Driver/Src/stm32f4xx_ll_rcc.c ****     case LL_RCC_PLLSOURCE_HSI:  /* HSI used as PLLI2S clock source */
1574:board/stm32f401rct6/Drivers/STM32F4xx_HAL_Driver/Src/stm32f4xx_ll_rcc.c ****     default:
1575:board/stm32f401rct6/Drivers/STM32F4xx_HAL_Driver/Src/stm32f4xx_ll_rcc.c ****       pllinputfreq = HSI_VALUE;
1576:board/stm32f401rct6/Drivers/STM32F4xx_HAL_Driver/Src/stm32f4xx_ll_rcc.c ****       break;
1577:board/stm32f401rct6/Drivers/STM32F4xx_HAL_Driver/Src/stm32f4xx_ll_rcc.c ****   }
1578:board/stm32f401rct6/Drivers/STM32F4xx_HAL_Driver/Src/stm32f4xx_ll_rcc.c **** 
1579:board/stm32f401rct6/Drivers/STM32F4xx_HAL_Driver/Src/stm32f4xx_ll_rcc.c ****   return __LL_RCC_CALC_PLLI2S_SPDIFRX_FREQ(pllinputfreq, LL_RCC_PLLI2S_GetDivider(),
1580:board/stm32f401rct6/Drivers/STM32F4xx_HAL_Driver/Src/stm32f4xx_ll_rcc.c ****                                            LL_RCC_PLLI2S_GetN(), LL_RCC_PLLI2S_GetP());
1581:board/stm32f401rct6/Drivers/STM32F4xx_HAL_Driver/Src/stm32f4xx_ll_rcc.c **** }
1582:board/stm32f401rct6/Drivers/STM32F4xx_HAL_Driver/Src/stm32f4xx_ll_rcc.c **** #endif /* SPDIFRX */
1583:board/stm32f401rct6/Drivers/STM32F4xx_HAL_Driver/Src/stm32f4xx_ll_rcc.c **** 
1584:board/stm32f401rct6/Drivers/STM32F4xx_HAL_Driver/Src/stm32f4xx_ll_rcc.c **** /**
1585:board/stm32f401rct6/Drivers/STM32F4xx_HAL_Driver/Src/stm32f4xx_ll_rcc.c ****   * @brief  Return PLLI2S clock frequency used for I2S domain
1586:board/stm32f401rct6/Drivers/STM32F4xx_HAL_Driver/Src/stm32f4xx_ll_rcc.c ****   * @retval PLLI2S clock frequency (in Hz)
1587:board/stm32f401rct6/Drivers/STM32F4xx_HAL_Driver/Src/stm32f4xx_ll_rcc.c ****   */
1588:board/stm32f401rct6/Drivers/STM32F4xx_HAL_Driver/Src/stm32f4xx_ll_rcc.c **** uint32_t RCC_PLLI2S_GetFreqDomain_I2S(void)
1589:board/stm32f401rct6/Drivers/STM32F4xx_HAL_Driver/Src/stm32f4xx_ll_rcc.c **** {
 764              		.loc 1 1589 1 is_stmt 1 view -0
 765              		.cfi_startproc
 766              		@ args = 0, pretend = 0, frame = 0
 767              		@ frame_needed = 0, uses_anonymous_args = 0
 768              		@ link register save eliminated.
1590:board/stm32f401rct6/Drivers/STM32F4xx_HAL_Driver/Src/stm32f4xx_ll_rcc.c ****   uint32_t plli2sinputfreq = 0U;
 769              		.loc 1 1590 3 view .LVU193
 770              	.LVL46:
1591:board/stm32f401rct6/Drivers/STM32F4xx_HAL_Driver/Src/stm32f4xx_ll_rcc.c ****   uint32_t plli2ssource = 0U;
 771              		.loc 1 1591 3 view .LVU194
1592:board/stm32f401rct6/Drivers/STM32F4xx_HAL_Driver/Src/stm32f4xx_ll_rcc.c ****   uint32_t plli2soutputfreq = 0U;
 772              		.loc 1 1592 3 view .LVU195
1593:board/stm32f401rct6/Drivers/STM32F4xx_HAL_Driver/Src/stm32f4xx_ll_rcc.c **** 
1594:board/stm32f401rct6/Drivers/STM32F4xx_HAL_Driver/Src/stm32f4xx_ll_rcc.c ****   /* PLLI2S_VCO = (HSE_VALUE or HSI_VALUE / PLLI2SM) * PLLI2SN
1595:board/stm32f401rct6/Drivers/STM32F4xx_HAL_Driver/Src/stm32f4xx_ll_rcc.c ****      I2S Domain clock  = PLLI2S_VCO / PLLI2SR
1596:board/stm32f401rct6/Drivers/STM32F4xx_HAL_Driver/Src/stm32f4xx_ll_rcc.c ****   */
1597:board/stm32f401rct6/Drivers/STM32F4xx_HAL_Driver/Src/stm32f4xx_ll_rcc.c ****   plli2ssource = LL_RCC_PLLI2S_GetMainSource();
 773              		.loc 1 1597 3 view .LVU196
 774              	.LBB86:
 775              	.LBI86:
5047:board/stm32f401rct6/Drivers/STM32F4xx_HAL_Driver/Inc/stm32f4xx_ll_rcc.h **** }
5048:board/stm32f401rct6/Drivers/STM32F4xx_HAL_Driver/Inc/stm32f4xx_ll_rcc.h **** 
5049:board/stm32f401rct6/Drivers/STM32F4xx_HAL_Driver/Inc/stm32f4xx_ll_rcc.h **** /**
5050:board/stm32f401rct6/Drivers/STM32F4xx_HAL_Driver/Inc/stm32f4xx_ll_rcc.h ****   * @brief  Configure Spread Spectrum used for PLL
5051:board/stm32f401rct6/Drivers/STM32F4xx_HAL_Driver/Inc/stm32f4xx_ll_rcc.h ****   * @note These bits must be written before enabling PLL
5052:board/stm32f401rct6/Drivers/STM32F4xx_HAL_Driver/Inc/stm32f4xx_ll_rcc.h ****   * @rmtoll SSCGR        MODPER        LL_RCC_PLL_ConfigSpreadSpectrum\n
5053:board/stm32f401rct6/Drivers/STM32F4xx_HAL_Driver/Inc/stm32f4xx_ll_rcc.h ****   *         SSCGR        INCSTEP       LL_RCC_PLL_ConfigSpreadSpectrum\n
5054:board/stm32f401rct6/Drivers/STM32F4xx_HAL_Driver/Inc/stm32f4xx_ll_rcc.h ****   *         SSCGR        SPREADSEL     LL_RCC_PLL_ConfigSpreadSpectrum
5055:board/stm32f401rct6/Drivers/STM32F4xx_HAL_Driver/Inc/stm32f4xx_ll_rcc.h ****   * @param  Mod Between Min_Data=0 and Max_Data=8191
5056:board/stm32f401rct6/Drivers/STM32F4xx_HAL_Driver/Inc/stm32f4xx_ll_rcc.h ****   * @param  Inc Between Min_Data=0 and Max_Data=32767
5057:board/stm32f401rct6/Drivers/STM32F4xx_HAL_Driver/Inc/stm32f4xx_ll_rcc.h ****   * @param  Sel This parameter can be one of the following values:
5058:board/stm32f401rct6/Drivers/STM32F4xx_HAL_Driver/Inc/stm32f4xx_ll_rcc.h ****   *         @arg @ref LL_RCC_SPREAD_SELECT_CENTER
5059:board/stm32f401rct6/Drivers/STM32F4xx_HAL_Driver/Inc/stm32f4xx_ll_rcc.h ****   *         @arg @ref LL_RCC_SPREAD_SELECT_DOWN
5060:board/stm32f401rct6/Drivers/STM32F4xx_HAL_Driver/Inc/stm32f4xx_ll_rcc.h ****   * @retval None
5061:board/stm32f401rct6/Drivers/STM32F4xx_HAL_Driver/Inc/stm32f4xx_ll_rcc.h ****   */
5062:board/stm32f401rct6/Drivers/STM32F4xx_HAL_Driver/Inc/stm32f4xx_ll_rcc.h **** __STATIC_INLINE void LL_RCC_PLL_ConfigSpreadSpectrum(uint32_t Mod, uint32_t Inc, uint32_t Sel)
5063:board/stm32f401rct6/Drivers/STM32F4xx_HAL_Driver/Inc/stm32f4xx_ll_rcc.h **** {
5064:board/stm32f401rct6/Drivers/STM32F4xx_HAL_Driver/Inc/stm32f4xx_ll_rcc.h ****   MODIFY_REG(RCC->SSCGR, RCC_SSCGR_MODPER | RCC_SSCGR_INCSTEP | RCC_SSCGR_SPREADSEL, Mod | (Inc << 
ARM GAS  C:\Users\Admin\AppData\Local\Temp\ccHMtLfr.s 			page 133


5065:board/stm32f401rct6/Drivers/STM32F4xx_HAL_Driver/Inc/stm32f4xx_ll_rcc.h **** }
5066:board/stm32f401rct6/Drivers/STM32F4xx_HAL_Driver/Inc/stm32f4xx_ll_rcc.h **** 
5067:board/stm32f401rct6/Drivers/STM32F4xx_HAL_Driver/Inc/stm32f4xx_ll_rcc.h **** /**
5068:board/stm32f401rct6/Drivers/STM32F4xx_HAL_Driver/Inc/stm32f4xx_ll_rcc.h ****   * @brief  Get Spread Spectrum Modulation Period for PLL
5069:board/stm32f401rct6/Drivers/STM32F4xx_HAL_Driver/Inc/stm32f4xx_ll_rcc.h ****   * @rmtoll SSCGR         MODPER        LL_RCC_PLL_GetPeriodModulation
5070:board/stm32f401rct6/Drivers/STM32F4xx_HAL_Driver/Inc/stm32f4xx_ll_rcc.h ****   * @retval Between Min_Data=0 and Max_Data=8191
5071:board/stm32f401rct6/Drivers/STM32F4xx_HAL_Driver/Inc/stm32f4xx_ll_rcc.h ****   */
5072:board/stm32f401rct6/Drivers/STM32F4xx_HAL_Driver/Inc/stm32f4xx_ll_rcc.h **** __STATIC_INLINE uint32_t LL_RCC_PLL_GetPeriodModulation(void)
5073:board/stm32f401rct6/Drivers/STM32F4xx_HAL_Driver/Inc/stm32f4xx_ll_rcc.h **** {
5074:board/stm32f401rct6/Drivers/STM32F4xx_HAL_Driver/Inc/stm32f4xx_ll_rcc.h ****   return (uint32_t)(READ_BIT(RCC->SSCGR, RCC_SSCGR_MODPER));
5075:board/stm32f401rct6/Drivers/STM32F4xx_HAL_Driver/Inc/stm32f4xx_ll_rcc.h **** }
5076:board/stm32f401rct6/Drivers/STM32F4xx_HAL_Driver/Inc/stm32f4xx_ll_rcc.h **** 
5077:board/stm32f401rct6/Drivers/STM32F4xx_HAL_Driver/Inc/stm32f4xx_ll_rcc.h **** /**
5078:board/stm32f401rct6/Drivers/STM32F4xx_HAL_Driver/Inc/stm32f4xx_ll_rcc.h ****   * @brief  Get Spread Spectrum Incrementation Step for PLL
5079:board/stm32f401rct6/Drivers/STM32F4xx_HAL_Driver/Inc/stm32f4xx_ll_rcc.h ****   * @note Must be written before enabling PLL
5080:board/stm32f401rct6/Drivers/STM32F4xx_HAL_Driver/Inc/stm32f4xx_ll_rcc.h ****   * @rmtoll SSCGR         INCSTEP        LL_RCC_PLL_GetStepIncrementation
5081:board/stm32f401rct6/Drivers/STM32F4xx_HAL_Driver/Inc/stm32f4xx_ll_rcc.h ****   * @retval Between Min_Data=0 and Max_Data=32767
5082:board/stm32f401rct6/Drivers/STM32F4xx_HAL_Driver/Inc/stm32f4xx_ll_rcc.h ****   */
5083:board/stm32f401rct6/Drivers/STM32F4xx_HAL_Driver/Inc/stm32f4xx_ll_rcc.h **** __STATIC_INLINE uint32_t LL_RCC_PLL_GetStepIncrementation(void)
5084:board/stm32f401rct6/Drivers/STM32F4xx_HAL_Driver/Inc/stm32f4xx_ll_rcc.h **** {
5085:board/stm32f401rct6/Drivers/STM32F4xx_HAL_Driver/Inc/stm32f4xx_ll_rcc.h ****   return (uint32_t)(READ_BIT(RCC->SSCGR, RCC_SSCGR_INCSTEP) >> RCC_SSCGR_INCSTEP_Pos);
5086:board/stm32f401rct6/Drivers/STM32F4xx_HAL_Driver/Inc/stm32f4xx_ll_rcc.h **** }
5087:board/stm32f401rct6/Drivers/STM32F4xx_HAL_Driver/Inc/stm32f4xx_ll_rcc.h **** 
5088:board/stm32f401rct6/Drivers/STM32F4xx_HAL_Driver/Inc/stm32f4xx_ll_rcc.h **** /**
5089:board/stm32f401rct6/Drivers/STM32F4xx_HAL_Driver/Inc/stm32f4xx_ll_rcc.h ****   * @brief  Get Spread Spectrum Selection for PLL
5090:board/stm32f401rct6/Drivers/STM32F4xx_HAL_Driver/Inc/stm32f4xx_ll_rcc.h ****   * @note Must be written before enabling PLL
5091:board/stm32f401rct6/Drivers/STM32F4xx_HAL_Driver/Inc/stm32f4xx_ll_rcc.h ****   * @rmtoll SSCGR         SPREADSEL        LL_RCC_PLL_GetSpreadSelection
5092:board/stm32f401rct6/Drivers/STM32F4xx_HAL_Driver/Inc/stm32f4xx_ll_rcc.h ****   * @retval Returned value can be one of the following values:
5093:board/stm32f401rct6/Drivers/STM32F4xx_HAL_Driver/Inc/stm32f4xx_ll_rcc.h ****   *         @arg @ref LL_RCC_SPREAD_SELECT_CENTER
5094:board/stm32f401rct6/Drivers/STM32F4xx_HAL_Driver/Inc/stm32f4xx_ll_rcc.h ****   *         @arg @ref LL_RCC_SPREAD_SELECT_DOWN
5095:board/stm32f401rct6/Drivers/STM32F4xx_HAL_Driver/Inc/stm32f4xx_ll_rcc.h ****   */
5096:board/stm32f401rct6/Drivers/STM32F4xx_HAL_Driver/Inc/stm32f4xx_ll_rcc.h **** __STATIC_INLINE uint32_t LL_RCC_PLL_GetSpreadSelection(void)
5097:board/stm32f401rct6/Drivers/STM32F4xx_HAL_Driver/Inc/stm32f4xx_ll_rcc.h **** {
5098:board/stm32f401rct6/Drivers/STM32F4xx_HAL_Driver/Inc/stm32f4xx_ll_rcc.h ****   return (uint32_t)(READ_BIT(RCC->SSCGR, RCC_SSCGR_SPREADSEL));
5099:board/stm32f401rct6/Drivers/STM32F4xx_HAL_Driver/Inc/stm32f4xx_ll_rcc.h **** }
5100:board/stm32f401rct6/Drivers/STM32F4xx_HAL_Driver/Inc/stm32f4xx_ll_rcc.h **** 
5101:board/stm32f401rct6/Drivers/STM32F4xx_HAL_Driver/Inc/stm32f4xx_ll_rcc.h **** /**
5102:board/stm32f401rct6/Drivers/STM32F4xx_HAL_Driver/Inc/stm32f4xx_ll_rcc.h ****   * @brief  Enable Spread Spectrum for PLL.
5103:board/stm32f401rct6/Drivers/STM32F4xx_HAL_Driver/Inc/stm32f4xx_ll_rcc.h ****   * @rmtoll SSCGR         SSCGEN         LL_RCC_PLL_SpreadSpectrum_Enable
5104:board/stm32f401rct6/Drivers/STM32F4xx_HAL_Driver/Inc/stm32f4xx_ll_rcc.h ****   * @retval None
5105:board/stm32f401rct6/Drivers/STM32F4xx_HAL_Driver/Inc/stm32f4xx_ll_rcc.h ****   */
5106:board/stm32f401rct6/Drivers/STM32F4xx_HAL_Driver/Inc/stm32f4xx_ll_rcc.h **** __STATIC_INLINE void LL_RCC_PLL_SpreadSpectrum_Enable(void)
5107:board/stm32f401rct6/Drivers/STM32F4xx_HAL_Driver/Inc/stm32f4xx_ll_rcc.h **** {
5108:board/stm32f401rct6/Drivers/STM32F4xx_HAL_Driver/Inc/stm32f4xx_ll_rcc.h ****   SET_BIT(RCC->SSCGR, RCC_SSCGR_SSCGEN);
5109:board/stm32f401rct6/Drivers/STM32F4xx_HAL_Driver/Inc/stm32f4xx_ll_rcc.h **** }
5110:board/stm32f401rct6/Drivers/STM32F4xx_HAL_Driver/Inc/stm32f4xx_ll_rcc.h **** 
5111:board/stm32f401rct6/Drivers/STM32F4xx_HAL_Driver/Inc/stm32f4xx_ll_rcc.h **** /**
5112:board/stm32f401rct6/Drivers/STM32F4xx_HAL_Driver/Inc/stm32f4xx_ll_rcc.h ****   * @brief  Disable Spread Spectrum for PLL.
5113:board/stm32f401rct6/Drivers/STM32F4xx_HAL_Driver/Inc/stm32f4xx_ll_rcc.h ****   * @rmtoll SSCGR         SSCGEN         LL_RCC_PLL_SpreadSpectrum_Disable
5114:board/stm32f401rct6/Drivers/STM32F4xx_HAL_Driver/Inc/stm32f4xx_ll_rcc.h ****   * @retval None
5115:board/stm32f401rct6/Drivers/STM32F4xx_HAL_Driver/Inc/stm32f4xx_ll_rcc.h ****   */
5116:board/stm32f401rct6/Drivers/STM32F4xx_HAL_Driver/Inc/stm32f4xx_ll_rcc.h **** __STATIC_INLINE void LL_RCC_PLL_SpreadSpectrum_Disable(void)
5117:board/stm32f401rct6/Drivers/STM32F4xx_HAL_Driver/Inc/stm32f4xx_ll_rcc.h **** {
5118:board/stm32f401rct6/Drivers/STM32F4xx_HAL_Driver/Inc/stm32f4xx_ll_rcc.h ****   CLEAR_BIT(RCC->SSCGR, RCC_SSCGR_SSCGEN);
5119:board/stm32f401rct6/Drivers/STM32F4xx_HAL_Driver/Inc/stm32f4xx_ll_rcc.h **** }
5120:board/stm32f401rct6/Drivers/STM32F4xx_HAL_Driver/Inc/stm32f4xx_ll_rcc.h **** 
5121:board/stm32f401rct6/Drivers/STM32F4xx_HAL_Driver/Inc/stm32f4xx_ll_rcc.h **** /**
ARM GAS  C:\Users\Admin\AppData\Local\Temp\ccHMtLfr.s 			page 134


5122:board/stm32f401rct6/Drivers/STM32F4xx_HAL_Driver/Inc/stm32f4xx_ll_rcc.h ****   * @}
5123:board/stm32f401rct6/Drivers/STM32F4xx_HAL_Driver/Inc/stm32f4xx_ll_rcc.h ****   */
5124:board/stm32f401rct6/Drivers/STM32F4xx_HAL_Driver/Inc/stm32f4xx_ll_rcc.h **** 
5125:board/stm32f401rct6/Drivers/STM32F4xx_HAL_Driver/Inc/stm32f4xx_ll_rcc.h **** #if defined(RCC_PLLI2S_SUPPORT)
5126:board/stm32f401rct6/Drivers/STM32F4xx_HAL_Driver/Inc/stm32f4xx_ll_rcc.h **** /** @defgroup RCC_LL_EF_PLLI2S PLLI2S
5127:board/stm32f401rct6/Drivers/STM32F4xx_HAL_Driver/Inc/stm32f4xx_ll_rcc.h ****   * @{
5128:board/stm32f401rct6/Drivers/STM32F4xx_HAL_Driver/Inc/stm32f4xx_ll_rcc.h ****   */
5129:board/stm32f401rct6/Drivers/STM32F4xx_HAL_Driver/Inc/stm32f4xx_ll_rcc.h **** 
5130:board/stm32f401rct6/Drivers/STM32F4xx_HAL_Driver/Inc/stm32f4xx_ll_rcc.h **** /**
5131:board/stm32f401rct6/Drivers/STM32F4xx_HAL_Driver/Inc/stm32f4xx_ll_rcc.h ****   * @brief  Enable PLLI2S
5132:board/stm32f401rct6/Drivers/STM32F4xx_HAL_Driver/Inc/stm32f4xx_ll_rcc.h ****   * @rmtoll CR           PLLI2SON     LL_RCC_PLLI2S_Enable
5133:board/stm32f401rct6/Drivers/STM32F4xx_HAL_Driver/Inc/stm32f4xx_ll_rcc.h ****   * @retval None
5134:board/stm32f401rct6/Drivers/STM32F4xx_HAL_Driver/Inc/stm32f4xx_ll_rcc.h ****   */
5135:board/stm32f401rct6/Drivers/STM32F4xx_HAL_Driver/Inc/stm32f4xx_ll_rcc.h **** __STATIC_INLINE void LL_RCC_PLLI2S_Enable(void)
5136:board/stm32f401rct6/Drivers/STM32F4xx_HAL_Driver/Inc/stm32f4xx_ll_rcc.h **** {
5137:board/stm32f401rct6/Drivers/STM32F4xx_HAL_Driver/Inc/stm32f4xx_ll_rcc.h ****   SET_BIT(RCC->CR, RCC_CR_PLLI2SON);
5138:board/stm32f401rct6/Drivers/STM32F4xx_HAL_Driver/Inc/stm32f4xx_ll_rcc.h **** }
5139:board/stm32f401rct6/Drivers/STM32F4xx_HAL_Driver/Inc/stm32f4xx_ll_rcc.h **** 
5140:board/stm32f401rct6/Drivers/STM32F4xx_HAL_Driver/Inc/stm32f4xx_ll_rcc.h **** /**
5141:board/stm32f401rct6/Drivers/STM32F4xx_HAL_Driver/Inc/stm32f4xx_ll_rcc.h ****   * @brief  Disable PLLI2S
5142:board/stm32f401rct6/Drivers/STM32F4xx_HAL_Driver/Inc/stm32f4xx_ll_rcc.h ****   * @rmtoll CR           PLLI2SON     LL_RCC_PLLI2S_Disable
5143:board/stm32f401rct6/Drivers/STM32F4xx_HAL_Driver/Inc/stm32f4xx_ll_rcc.h ****   * @retval None
5144:board/stm32f401rct6/Drivers/STM32F4xx_HAL_Driver/Inc/stm32f4xx_ll_rcc.h ****   */
5145:board/stm32f401rct6/Drivers/STM32F4xx_HAL_Driver/Inc/stm32f4xx_ll_rcc.h **** __STATIC_INLINE void LL_RCC_PLLI2S_Disable(void)
5146:board/stm32f401rct6/Drivers/STM32F4xx_HAL_Driver/Inc/stm32f4xx_ll_rcc.h **** {
5147:board/stm32f401rct6/Drivers/STM32F4xx_HAL_Driver/Inc/stm32f4xx_ll_rcc.h ****   CLEAR_BIT(RCC->CR, RCC_CR_PLLI2SON);
5148:board/stm32f401rct6/Drivers/STM32F4xx_HAL_Driver/Inc/stm32f4xx_ll_rcc.h **** }
5149:board/stm32f401rct6/Drivers/STM32F4xx_HAL_Driver/Inc/stm32f4xx_ll_rcc.h **** 
5150:board/stm32f401rct6/Drivers/STM32F4xx_HAL_Driver/Inc/stm32f4xx_ll_rcc.h **** /**
5151:board/stm32f401rct6/Drivers/STM32F4xx_HAL_Driver/Inc/stm32f4xx_ll_rcc.h ****   * @brief  Check if PLLI2S Ready
5152:board/stm32f401rct6/Drivers/STM32F4xx_HAL_Driver/Inc/stm32f4xx_ll_rcc.h ****   * @rmtoll CR           PLLI2SRDY    LL_RCC_PLLI2S_IsReady
5153:board/stm32f401rct6/Drivers/STM32F4xx_HAL_Driver/Inc/stm32f4xx_ll_rcc.h ****   * @retval State of bit (1 or 0).
5154:board/stm32f401rct6/Drivers/STM32F4xx_HAL_Driver/Inc/stm32f4xx_ll_rcc.h ****   */
5155:board/stm32f401rct6/Drivers/STM32F4xx_HAL_Driver/Inc/stm32f4xx_ll_rcc.h **** __STATIC_INLINE uint32_t LL_RCC_PLLI2S_IsReady(void)
5156:board/stm32f401rct6/Drivers/STM32F4xx_HAL_Driver/Inc/stm32f4xx_ll_rcc.h **** {
5157:board/stm32f401rct6/Drivers/STM32F4xx_HAL_Driver/Inc/stm32f4xx_ll_rcc.h ****   return (READ_BIT(RCC->CR, RCC_CR_PLLI2SRDY) == (RCC_CR_PLLI2SRDY));
5158:board/stm32f401rct6/Drivers/STM32F4xx_HAL_Driver/Inc/stm32f4xx_ll_rcc.h **** }
5159:board/stm32f401rct6/Drivers/STM32F4xx_HAL_Driver/Inc/stm32f4xx_ll_rcc.h **** 
5160:board/stm32f401rct6/Drivers/STM32F4xx_HAL_Driver/Inc/stm32f4xx_ll_rcc.h **** #if (defined(RCC_DCKCFGR_PLLI2SDIVQ) || defined(RCC_DCKCFGR_PLLI2SDIVR))
5161:board/stm32f401rct6/Drivers/STM32F4xx_HAL_Driver/Inc/stm32f4xx_ll_rcc.h **** /**
5162:board/stm32f401rct6/Drivers/STM32F4xx_HAL_Driver/Inc/stm32f4xx_ll_rcc.h ****   * @brief  Configure PLLI2S used for SAI domain clock
5163:board/stm32f401rct6/Drivers/STM32F4xx_HAL_Driver/Inc/stm32f4xx_ll_rcc.h ****   * @note PLL Source and PLLM Divider can be written only when PLL,
5164:board/stm32f401rct6/Drivers/STM32F4xx_HAL_Driver/Inc/stm32f4xx_ll_rcc.h ****   *       PLLI2S and PLLSAI(*) are disabled
5165:board/stm32f401rct6/Drivers/STM32F4xx_HAL_Driver/Inc/stm32f4xx_ll_rcc.h ****   * @note PLLN/PLLQ/PLLR can be written only when PLLI2S is disabled
5166:board/stm32f401rct6/Drivers/STM32F4xx_HAL_Driver/Inc/stm32f4xx_ll_rcc.h ****   * @note This can be selected for SAI
5167:board/stm32f401rct6/Drivers/STM32F4xx_HAL_Driver/Inc/stm32f4xx_ll_rcc.h ****   * @rmtoll PLLCFGR      PLLSRC        LL_RCC_PLLI2S_ConfigDomain_SAI\n
5168:board/stm32f401rct6/Drivers/STM32F4xx_HAL_Driver/Inc/stm32f4xx_ll_rcc.h ****   *         PLLI2SCFGR   PLLI2SSRC     LL_RCC_PLLI2S_ConfigDomain_SAI\n
5169:board/stm32f401rct6/Drivers/STM32F4xx_HAL_Driver/Inc/stm32f4xx_ll_rcc.h ****   *         PLLCFGR      PLLM          LL_RCC_PLLI2S_ConfigDomain_SAI\n
5170:board/stm32f401rct6/Drivers/STM32F4xx_HAL_Driver/Inc/stm32f4xx_ll_rcc.h ****   *         PLLI2SCFGR   PLLI2SM       LL_RCC_PLLI2S_ConfigDomain_SAI\n
5171:board/stm32f401rct6/Drivers/STM32F4xx_HAL_Driver/Inc/stm32f4xx_ll_rcc.h ****   *         PLLI2SCFGR   PLLI2SN       LL_RCC_PLLI2S_ConfigDomain_SAI\n
5172:board/stm32f401rct6/Drivers/STM32F4xx_HAL_Driver/Inc/stm32f4xx_ll_rcc.h ****   *         PLLI2SCFGR   PLLI2SQ       LL_RCC_PLLI2S_ConfigDomain_SAI\n
5173:board/stm32f401rct6/Drivers/STM32F4xx_HAL_Driver/Inc/stm32f4xx_ll_rcc.h ****   *         PLLI2SCFGR   PLLI2SR       LL_RCC_PLLI2S_ConfigDomain_SAI\n
5174:board/stm32f401rct6/Drivers/STM32F4xx_HAL_Driver/Inc/stm32f4xx_ll_rcc.h ****   *         DCKCFGR      PLLI2SDIVQ    LL_RCC_PLLI2S_ConfigDomain_SAI\n
5175:board/stm32f401rct6/Drivers/STM32F4xx_HAL_Driver/Inc/stm32f4xx_ll_rcc.h ****   *         DCKCFGR      PLLI2SDIVR    LL_RCC_PLLI2S_ConfigDomain_SAI
5176:board/stm32f401rct6/Drivers/STM32F4xx_HAL_Driver/Inc/stm32f4xx_ll_rcc.h ****   * @param  Source This parameter can be one of the following values:
5177:board/stm32f401rct6/Drivers/STM32F4xx_HAL_Driver/Inc/stm32f4xx_ll_rcc.h ****   *         @arg @ref LL_RCC_PLLSOURCE_HSI
5178:board/stm32f401rct6/Drivers/STM32F4xx_HAL_Driver/Inc/stm32f4xx_ll_rcc.h ****   *         @arg @ref LL_RCC_PLLSOURCE_HSE
ARM GAS  C:\Users\Admin\AppData\Local\Temp\ccHMtLfr.s 			page 135


5179:board/stm32f401rct6/Drivers/STM32F4xx_HAL_Driver/Inc/stm32f4xx_ll_rcc.h ****   *         @arg @ref LL_RCC_PLLI2SSOURCE_PIN (*)
5180:board/stm32f401rct6/Drivers/STM32F4xx_HAL_Driver/Inc/stm32f4xx_ll_rcc.h ****   *
5181:board/stm32f401rct6/Drivers/STM32F4xx_HAL_Driver/Inc/stm32f4xx_ll_rcc.h ****   *         (*) value not defined in all devices.
5182:board/stm32f401rct6/Drivers/STM32F4xx_HAL_Driver/Inc/stm32f4xx_ll_rcc.h ****   * @param  PLLM This parameter can be one of the following values:
5183:board/stm32f401rct6/Drivers/STM32F4xx_HAL_Driver/Inc/stm32f4xx_ll_rcc.h ****   *         @arg @ref LL_RCC_PLLI2SM_DIV_2
5184:board/stm32f401rct6/Drivers/STM32F4xx_HAL_Driver/Inc/stm32f4xx_ll_rcc.h ****   *         @arg @ref LL_RCC_PLLI2SM_DIV_3
5185:board/stm32f401rct6/Drivers/STM32F4xx_HAL_Driver/Inc/stm32f4xx_ll_rcc.h ****   *         @arg @ref LL_RCC_PLLI2SM_DIV_4
5186:board/stm32f401rct6/Drivers/STM32F4xx_HAL_Driver/Inc/stm32f4xx_ll_rcc.h ****   *         @arg @ref LL_RCC_PLLI2SM_DIV_5
5187:board/stm32f401rct6/Drivers/STM32F4xx_HAL_Driver/Inc/stm32f4xx_ll_rcc.h ****   *         @arg @ref LL_RCC_PLLI2SM_DIV_6
5188:board/stm32f401rct6/Drivers/STM32F4xx_HAL_Driver/Inc/stm32f4xx_ll_rcc.h ****   *         @arg @ref LL_RCC_PLLI2SM_DIV_7
5189:board/stm32f401rct6/Drivers/STM32F4xx_HAL_Driver/Inc/stm32f4xx_ll_rcc.h ****   *         @arg @ref LL_RCC_PLLI2SM_DIV_8
5190:board/stm32f401rct6/Drivers/STM32F4xx_HAL_Driver/Inc/stm32f4xx_ll_rcc.h ****   *         @arg @ref LL_RCC_PLLI2SM_DIV_9
5191:board/stm32f401rct6/Drivers/STM32F4xx_HAL_Driver/Inc/stm32f4xx_ll_rcc.h ****   *         @arg @ref LL_RCC_PLLI2SM_DIV_10
5192:board/stm32f401rct6/Drivers/STM32F4xx_HAL_Driver/Inc/stm32f4xx_ll_rcc.h ****   *         @arg @ref LL_RCC_PLLI2SM_DIV_11
5193:board/stm32f401rct6/Drivers/STM32F4xx_HAL_Driver/Inc/stm32f4xx_ll_rcc.h ****   *         @arg @ref LL_RCC_PLLI2SM_DIV_12
5194:board/stm32f401rct6/Drivers/STM32F4xx_HAL_Driver/Inc/stm32f4xx_ll_rcc.h ****   *         @arg @ref LL_RCC_PLLI2SM_DIV_13
5195:board/stm32f401rct6/Drivers/STM32F4xx_HAL_Driver/Inc/stm32f4xx_ll_rcc.h ****   *         @arg @ref LL_RCC_PLLI2SM_DIV_14
5196:board/stm32f401rct6/Drivers/STM32F4xx_HAL_Driver/Inc/stm32f4xx_ll_rcc.h ****   *         @arg @ref LL_RCC_PLLI2SM_DIV_15
5197:board/stm32f401rct6/Drivers/STM32F4xx_HAL_Driver/Inc/stm32f4xx_ll_rcc.h ****   *         @arg @ref LL_RCC_PLLI2SM_DIV_16
5198:board/stm32f401rct6/Drivers/STM32F4xx_HAL_Driver/Inc/stm32f4xx_ll_rcc.h ****   *         @arg @ref LL_RCC_PLLI2SM_DIV_17
5199:board/stm32f401rct6/Drivers/STM32F4xx_HAL_Driver/Inc/stm32f4xx_ll_rcc.h ****   *         @arg @ref LL_RCC_PLLI2SM_DIV_18
5200:board/stm32f401rct6/Drivers/STM32F4xx_HAL_Driver/Inc/stm32f4xx_ll_rcc.h ****   *         @arg @ref LL_RCC_PLLI2SM_DIV_19
5201:board/stm32f401rct6/Drivers/STM32F4xx_HAL_Driver/Inc/stm32f4xx_ll_rcc.h ****   *         @arg @ref LL_RCC_PLLI2SM_DIV_20
5202:board/stm32f401rct6/Drivers/STM32F4xx_HAL_Driver/Inc/stm32f4xx_ll_rcc.h ****   *         @arg @ref LL_RCC_PLLI2SM_DIV_21
5203:board/stm32f401rct6/Drivers/STM32F4xx_HAL_Driver/Inc/stm32f4xx_ll_rcc.h ****   *         @arg @ref LL_RCC_PLLI2SM_DIV_22
5204:board/stm32f401rct6/Drivers/STM32F4xx_HAL_Driver/Inc/stm32f4xx_ll_rcc.h ****   *         @arg @ref LL_RCC_PLLI2SM_DIV_23
5205:board/stm32f401rct6/Drivers/STM32F4xx_HAL_Driver/Inc/stm32f4xx_ll_rcc.h ****   *         @arg @ref LL_RCC_PLLI2SM_DIV_24
5206:board/stm32f401rct6/Drivers/STM32F4xx_HAL_Driver/Inc/stm32f4xx_ll_rcc.h ****   *         @arg @ref LL_RCC_PLLI2SM_DIV_25
5207:board/stm32f401rct6/Drivers/STM32F4xx_HAL_Driver/Inc/stm32f4xx_ll_rcc.h ****   *         @arg @ref LL_RCC_PLLI2SM_DIV_26
5208:board/stm32f401rct6/Drivers/STM32F4xx_HAL_Driver/Inc/stm32f4xx_ll_rcc.h ****   *         @arg @ref LL_RCC_PLLI2SM_DIV_27
5209:board/stm32f401rct6/Drivers/STM32F4xx_HAL_Driver/Inc/stm32f4xx_ll_rcc.h ****   *         @arg @ref LL_RCC_PLLI2SM_DIV_28
5210:board/stm32f401rct6/Drivers/STM32F4xx_HAL_Driver/Inc/stm32f4xx_ll_rcc.h ****   *         @arg @ref LL_RCC_PLLI2SM_DIV_29
5211:board/stm32f401rct6/Drivers/STM32F4xx_HAL_Driver/Inc/stm32f4xx_ll_rcc.h ****   *         @arg @ref LL_RCC_PLLI2SM_DIV_30
5212:board/stm32f401rct6/Drivers/STM32F4xx_HAL_Driver/Inc/stm32f4xx_ll_rcc.h ****   *         @arg @ref LL_RCC_PLLI2SM_DIV_31
5213:board/stm32f401rct6/Drivers/STM32F4xx_HAL_Driver/Inc/stm32f4xx_ll_rcc.h ****   *         @arg @ref LL_RCC_PLLI2SM_DIV_32
5214:board/stm32f401rct6/Drivers/STM32F4xx_HAL_Driver/Inc/stm32f4xx_ll_rcc.h ****   *         @arg @ref LL_RCC_PLLI2SM_DIV_33
5215:board/stm32f401rct6/Drivers/STM32F4xx_HAL_Driver/Inc/stm32f4xx_ll_rcc.h ****   *         @arg @ref LL_RCC_PLLI2SM_DIV_34
5216:board/stm32f401rct6/Drivers/STM32F4xx_HAL_Driver/Inc/stm32f4xx_ll_rcc.h ****   *         @arg @ref LL_RCC_PLLI2SM_DIV_35
5217:board/stm32f401rct6/Drivers/STM32F4xx_HAL_Driver/Inc/stm32f4xx_ll_rcc.h ****   *         @arg @ref LL_RCC_PLLI2SM_DIV_36
5218:board/stm32f401rct6/Drivers/STM32F4xx_HAL_Driver/Inc/stm32f4xx_ll_rcc.h ****   *         @arg @ref LL_RCC_PLLI2SM_DIV_37
5219:board/stm32f401rct6/Drivers/STM32F4xx_HAL_Driver/Inc/stm32f4xx_ll_rcc.h ****   *         @arg @ref LL_RCC_PLLI2SM_DIV_38
5220:board/stm32f401rct6/Drivers/STM32F4xx_HAL_Driver/Inc/stm32f4xx_ll_rcc.h ****   *         @arg @ref LL_RCC_PLLI2SM_DIV_39
5221:board/stm32f401rct6/Drivers/STM32F4xx_HAL_Driver/Inc/stm32f4xx_ll_rcc.h ****   *         @arg @ref LL_RCC_PLLI2SM_DIV_40
5222:board/stm32f401rct6/Drivers/STM32F4xx_HAL_Driver/Inc/stm32f4xx_ll_rcc.h ****   *         @arg @ref LL_RCC_PLLI2SM_DIV_41
5223:board/stm32f401rct6/Drivers/STM32F4xx_HAL_Driver/Inc/stm32f4xx_ll_rcc.h ****   *         @arg @ref LL_RCC_PLLI2SM_DIV_42
5224:board/stm32f401rct6/Drivers/STM32F4xx_HAL_Driver/Inc/stm32f4xx_ll_rcc.h ****   *         @arg @ref LL_RCC_PLLI2SM_DIV_43
5225:board/stm32f401rct6/Drivers/STM32F4xx_HAL_Driver/Inc/stm32f4xx_ll_rcc.h ****   *         @arg @ref LL_RCC_PLLI2SM_DIV_44
5226:board/stm32f401rct6/Drivers/STM32F4xx_HAL_Driver/Inc/stm32f4xx_ll_rcc.h ****   *         @arg @ref LL_RCC_PLLI2SM_DIV_45
5227:board/stm32f401rct6/Drivers/STM32F4xx_HAL_Driver/Inc/stm32f4xx_ll_rcc.h ****   *         @arg @ref LL_RCC_PLLI2SM_DIV_46
5228:board/stm32f401rct6/Drivers/STM32F4xx_HAL_Driver/Inc/stm32f4xx_ll_rcc.h ****   *         @arg @ref LL_RCC_PLLI2SM_DIV_47
5229:board/stm32f401rct6/Drivers/STM32F4xx_HAL_Driver/Inc/stm32f4xx_ll_rcc.h ****   *         @arg @ref LL_RCC_PLLI2SM_DIV_48
5230:board/stm32f401rct6/Drivers/STM32F4xx_HAL_Driver/Inc/stm32f4xx_ll_rcc.h ****   *         @arg @ref LL_RCC_PLLI2SM_DIV_49
5231:board/stm32f401rct6/Drivers/STM32F4xx_HAL_Driver/Inc/stm32f4xx_ll_rcc.h ****   *         @arg @ref LL_RCC_PLLI2SM_DIV_50
5232:board/stm32f401rct6/Drivers/STM32F4xx_HAL_Driver/Inc/stm32f4xx_ll_rcc.h ****   *         @arg @ref LL_RCC_PLLI2SM_DIV_51
5233:board/stm32f401rct6/Drivers/STM32F4xx_HAL_Driver/Inc/stm32f4xx_ll_rcc.h ****   *         @arg @ref LL_RCC_PLLI2SM_DIV_52
5234:board/stm32f401rct6/Drivers/STM32F4xx_HAL_Driver/Inc/stm32f4xx_ll_rcc.h ****   *         @arg @ref LL_RCC_PLLI2SM_DIV_53
5235:board/stm32f401rct6/Drivers/STM32F4xx_HAL_Driver/Inc/stm32f4xx_ll_rcc.h ****   *         @arg @ref LL_RCC_PLLI2SM_DIV_54
ARM GAS  C:\Users\Admin\AppData\Local\Temp\ccHMtLfr.s 			page 136


5236:board/stm32f401rct6/Drivers/STM32F4xx_HAL_Driver/Inc/stm32f4xx_ll_rcc.h ****   *         @arg @ref LL_RCC_PLLI2SM_DIV_55
5237:board/stm32f401rct6/Drivers/STM32F4xx_HAL_Driver/Inc/stm32f4xx_ll_rcc.h ****   *         @arg @ref LL_RCC_PLLI2SM_DIV_56
5238:board/stm32f401rct6/Drivers/STM32F4xx_HAL_Driver/Inc/stm32f4xx_ll_rcc.h ****   *         @arg @ref LL_RCC_PLLI2SM_DIV_57
5239:board/stm32f401rct6/Drivers/STM32F4xx_HAL_Driver/Inc/stm32f4xx_ll_rcc.h ****   *         @arg @ref LL_RCC_PLLI2SM_DIV_58
5240:board/stm32f401rct6/Drivers/STM32F4xx_HAL_Driver/Inc/stm32f4xx_ll_rcc.h ****   *         @arg @ref LL_RCC_PLLI2SM_DIV_59
5241:board/stm32f401rct6/Drivers/STM32F4xx_HAL_Driver/Inc/stm32f4xx_ll_rcc.h ****   *         @arg @ref LL_RCC_PLLI2SM_DIV_60
5242:board/stm32f401rct6/Drivers/STM32F4xx_HAL_Driver/Inc/stm32f4xx_ll_rcc.h ****   *         @arg @ref LL_RCC_PLLI2SM_DIV_61
5243:board/stm32f401rct6/Drivers/STM32F4xx_HAL_Driver/Inc/stm32f4xx_ll_rcc.h ****   *         @arg @ref LL_RCC_PLLI2SM_DIV_62
5244:board/stm32f401rct6/Drivers/STM32F4xx_HAL_Driver/Inc/stm32f4xx_ll_rcc.h ****   *         @arg @ref LL_RCC_PLLI2SM_DIV_63
5245:board/stm32f401rct6/Drivers/STM32F4xx_HAL_Driver/Inc/stm32f4xx_ll_rcc.h ****   * @param  PLLN Between 50/192(*) and 432
5246:board/stm32f401rct6/Drivers/STM32F4xx_HAL_Driver/Inc/stm32f4xx_ll_rcc.h ****   *
5247:board/stm32f401rct6/Drivers/STM32F4xx_HAL_Driver/Inc/stm32f4xx_ll_rcc.h ****   *         (*) value not defined in all devices.
5248:board/stm32f401rct6/Drivers/STM32F4xx_HAL_Driver/Inc/stm32f4xx_ll_rcc.h ****   * @param  PLLQ_R This parameter can be one of the following values:
5249:board/stm32f401rct6/Drivers/STM32F4xx_HAL_Driver/Inc/stm32f4xx_ll_rcc.h ****   *         @arg @ref LL_RCC_PLLI2SQ_DIV_2 (*)
5250:board/stm32f401rct6/Drivers/STM32F4xx_HAL_Driver/Inc/stm32f4xx_ll_rcc.h ****   *         @arg @ref LL_RCC_PLLI2SQ_DIV_3 (*)
5251:board/stm32f401rct6/Drivers/STM32F4xx_HAL_Driver/Inc/stm32f4xx_ll_rcc.h ****   *         @arg @ref LL_RCC_PLLI2SQ_DIV_4 (*)
5252:board/stm32f401rct6/Drivers/STM32F4xx_HAL_Driver/Inc/stm32f4xx_ll_rcc.h ****   *         @arg @ref LL_RCC_PLLI2SQ_DIV_5 (*)
5253:board/stm32f401rct6/Drivers/STM32F4xx_HAL_Driver/Inc/stm32f4xx_ll_rcc.h ****   *         @arg @ref LL_RCC_PLLI2SQ_DIV_6 (*)
5254:board/stm32f401rct6/Drivers/STM32F4xx_HAL_Driver/Inc/stm32f4xx_ll_rcc.h ****   *         @arg @ref LL_RCC_PLLI2SQ_DIV_7 (*)
5255:board/stm32f401rct6/Drivers/STM32F4xx_HAL_Driver/Inc/stm32f4xx_ll_rcc.h ****   *         @arg @ref LL_RCC_PLLI2SQ_DIV_8 (*)
5256:board/stm32f401rct6/Drivers/STM32F4xx_HAL_Driver/Inc/stm32f4xx_ll_rcc.h ****   *         @arg @ref LL_RCC_PLLI2SQ_DIV_9 (*)
5257:board/stm32f401rct6/Drivers/STM32F4xx_HAL_Driver/Inc/stm32f4xx_ll_rcc.h ****   *         @arg @ref LL_RCC_PLLI2SQ_DIV_10 (*)
5258:board/stm32f401rct6/Drivers/STM32F4xx_HAL_Driver/Inc/stm32f4xx_ll_rcc.h ****   *         @arg @ref LL_RCC_PLLI2SQ_DIV_11 (*)
5259:board/stm32f401rct6/Drivers/STM32F4xx_HAL_Driver/Inc/stm32f4xx_ll_rcc.h ****   *         @arg @ref LL_RCC_PLLI2SQ_DIV_12 (*)
5260:board/stm32f401rct6/Drivers/STM32F4xx_HAL_Driver/Inc/stm32f4xx_ll_rcc.h ****   *         @arg @ref LL_RCC_PLLI2SQ_DIV_13 (*)
5261:board/stm32f401rct6/Drivers/STM32F4xx_HAL_Driver/Inc/stm32f4xx_ll_rcc.h ****   *         @arg @ref LL_RCC_PLLI2SQ_DIV_14 (*)
5262:board/stm32f401rct6/Drivers/STM32F4xx_HAL_Driver/Inc/stm32f4xx_ll_rcc.h ****   *         @arg @ref LL_RCC_PLLI2SQ_DIV_15 (*)
5263:board/stm32f401rct6/Drivers/STM32F4xx_HAL_Driver/Inc/stm32f4xx_ll_rcc.h ****   *         @arg @ref LL_RCC_PLLI2SR_DIV_2 (*)
5264:board/stm32f401rct6/Drivers/STM32F4xx_HAL_Driver/Inc/stm32f4xx_ll_rcc.h ****   *         @arg @ref LL_RCC_PLLI2SR_DIV_3 (*)
5265:board/stm32f401rct6/Drivers/STM32F4xx_HAL_Driver/Inc/stm32f4xx_ll_rcc.h ****   *         @arg @ref LL_RCC_PLLI2SR_DIV_4 (*)
5266:board/stm32f401rct6/Drivers/STM32F4xx_HAL_Driver/Inc/stm32f4xx_ll_rcc.h ****   *         @arg @ref LL_RCC_PLLI2SR_DIV_5 (*)
5267:board/stm32f401rct6/Drivers/STM32F4xx_HAL_Driver/Inc/stm32f4xx_ll_rcc.h ****   *         @arg @ref LL_RCC_PLLI2SR_DIV_6 (*)
5268:board/stm32f401rct6/Drivers/STM32F4xx_HAL_Driver/Inc/stm32f4xx_ll_rcc.h ****   *         @arg @ref LL_RCC_PLLI2SR_DIV_7 (*)
5269:board/stm32f401rct6/Drivers/STM32F4xx_HAL_Driver/Inc/stm32f4xx_ll_rcc.h ****   *
5270:board/stm32f401rct6/Drivers/STM32F4xx_HAL_Driver/Inc/stm32f4xx_ll_rcc.h ****   *         (*) value not defined in all devices.
5271:board/stm32f401rct6/Drivers/STM32F4xx_HAL_Driver/Inc/stm32f4xx_ll_rcc.h ****   * @param  PLLDIVQ_R This parameter can be one of the following values:
5272:board/stm32f401rct6/Drivers/STM32F4xx_HAL_Driver/Inc/stm32f4xx_ll_rcc.h ****   *         @arg @ref LL_RCC_PLLI2SDIVQ_DIV_1 (*)
5273:board/stm32f401rct6/Drivers/STM32F4xx_HAL_Driver/Inc/stm32f4xx_ll_rcc.h ****   *         @arg @ref LL_RCC_PLLI2SDIVQ_DIV_2 (*)
5274:board/stm32f401rct6/Drivers/STM32F4xx_HAL_Driver/Inc/stm32f4xx_ll_rcc.h ****   *         @arg @ref LL_RCC_PLLI2SDIVQ_DIV_3 (*)
5275:board/stm32f401rct6/Drivers/STM32F4xx_HAL_Driver/Inc/stm32f4xx_ll_rcc.h ****   *         @arg @ref LL_RCC_PLLI2SDIVQ_DIV_4 (*)
5276:board/stm32f401rct6/Drivers/STM32F4xx_HAL_Driver/Inc/stm32f4xx_ll_rcc.h ****   *         @arg @ref LL_RCC_PLLI2SDIVQ_DIV_5 (*)
5277:board/stm32f401rct6/Drivers/STM32F4xx_HAL_Driver/Inc/stm32f4xx_ll_rcc.h ****   *         @arg @ref LL_RCC_PLLI2SDIVQ_DIV_6 (*)
5278:board/stm32f401rct6/Drivers/STM32F4xx_HAL_Driver/Inc/stm32f4xx_ll_rcc.h ****   *         @arg @ref LL_RCC_PLLI2SDIVQ_DIV_7 (*)
5279:board/stm32f401rct6/Drivers/STM32F4xx_HAL_Driver/Inc/stm32f4xx_ll_rcc.h ****   *         @arg @ref LL_RCC_PLLI2SDIVQ_DIV_8 (*)
5280:board/stm32f401rct6/Drivers/STM32F4xx_HAL_Driver/Inc/stm32f4xx_ll_rcc.h ****   *         @arg @ref LL_RCC_PLLI2SDIVQ_DIV_9 (*)
5281:board/stm32f401rct6/Drivers/STM32F4xx_HAL_Driver/Inc/stm32f4xx_ll_rcc.h ****   *         @arg @ref LL_RCC_PLLI2SDIVQ_DIV_10 (*)
5282:board/stm32f401rct6/Drivers/STM32F4xx_HAL_Driver/Inc/stm32f4xx_ll_rcc.h ****   *         @arg @ref LL_RCC_PLLI2SDIVQ_DIV_11 (*)
5283:board/stm32f401rct6/Drivers/STM32F4xx_HAL_Driver/Inc/stm32f4xx_ll_rcc.h ****   *         @arg @ref LL_RCC_PLLI2SDIVQ_DIV_12 (*)
5284:board/stm32f401rct6/Drivers/STM32F4xx_HAL_Driver/Inc/stm32f4xx_ll_rcc.h ****   *         @arg @ref LL_RCC_PLLI2SDIVQ_DIV_13 (*)
5285:board/stm32f401rct6/Drivers/STM32F4xx_HAL_Driver/Inc/stm32f4xx_ll_rcc.h ****   *         @arg @ref LL_RCC_PLLI2SDIVQ_DIV_14 (*)
5286:board/stm32f401rct6/Drivers/STM32F4xx_HAL_Driver/Inc/stm32f4xx_ll_rcc.h ****   *         @arg @ref LL_RCC_PLLI2SDIVQ_DIV_15 (*)
5287:board/stm32f401rct6/Drivers/STM32F4xx_HAL_Driver/Inc/stm32f4xx_ll_rcc.h ****   *         @arg @ref LL_RCC_PLLI2SDIVQ_DIV_16 (*)
5288:board/stm32f401rct6/Drivers/STM32F4xx_HAL_Driver/Inc/stm32f4xx_ll_rcc.h ****   *         @arg @ref LL_RCC_PLLI2SDIVQ_DIV_17 (*)
5289:board/stm32f401rct6/Drivers/STM32F4xx_HAL_Driver/Inc/stm32f4xx_ll_rcc.h ****   *         @arg @ref LL_RCC_PLLI2SDIVQ_DIV_18 (*)
5290:board/stm32f401rct6/Drivers/STM32F4xx_HAL_Driver/Inc/stm32f4xx_ll_rcc.h ****   *         @arg @ref LL_RCC_PLLI2SDIVQ_DIV_19 (*)
5291:board/stm32f401rct6/Drivers/STM32F4xx_HAL_Driver/Inc/stm32f4xx_ll_rcc.h ****   *         @arg @ref LL_RCC_PLLI2SDIVQ_DIV_20 (*)
5292:board/stm32f401rct6/Drivers/STM32F4xx_HAL_Driver/Inc/stm32f4xx_ll_rcc.h ****   *         @arg @ref LL_RCC_PLLI2SDIVQ_DIV_21 (*)
ARM GAS  C:\Users\Admin\AppData\Local\Temp\ccHMtLfr.s 			page 137


5293:board/stm32f401rct6/Drivers/STM32F4xx_HAL_Driver/Inc/stm32f4xx_ll_rcc.h ****   *         @arg @ref LL_RCC_PLLI2SDIVQ_DIV_22 (*)
5294:board/stm32f401rct6/Drivers/STM32F4xx_HAL_Driver/Inc/stm32f4xx_ll_rcc.h ****   *         @arg @ref LL_RCC_PLLI2SDIVQ_DIV_23 (*)
5295:board/stm32f401rct6/Drivers/STM32F4xx_HAL_Driver/Inc/stm32f4xx_ll_rcc.h ****   *         @arg @ref LL_RCC_PLLI2SDIVQ_DIV_24 (*)
5296:board/stm32f401rct6/Drivers/STM32F4xx_HAL_Driver/Inc/stm32f4xx_ll_rcc.h ****   *         @arg @ref LL_RCC_PLLI2SDIVQ_DIV_25 (*)
5297:board/stm32f401rct6/Drivers/STM32F4xx_HAL_Driver/Inc/stm32f4xx_ll_rcc.h ****   *         @arg @ref LL_RCC_PLLI2SDIVQ_DIV_26 (*)
5298:board/stm32f401rct6/Drivers/STM32F4xx_HAL_Driver/Inc/stm32f4xx_ll_rcc.h ****   *         @arg @ref LL_RCC_PLLI2SDIVQ_DIV_27 (*)
5299:board/stm32f401rct6/Drivers/STM32F4xx_HAL_Driver/Inc/stm32f4xx_ll_rcc.h ****   *         @arg @ref LL_RCC_PLLI2SDIVQ_DIV_28 (*)
5300:board/stm32f401rct6/Drivers/STM32F4xx_HAL_Driver/Inc/stm32f4xx_ll_rcc.h ****   *         @arg @ref LL_RCC_PLLI2SDIVQ_DIV_29 (*)
5301:board/stm32f401rct6/Drivers/STM32F4xx_HAL_Driver/Inc/stm32f4xx_ll_rcc.h ****   *         @arg @ref LL_RCC_PLLI2SDIVQ_DIV_30 (*)
5302:board/stm32f401rct6/Drivers/STM32F4xx_HAL_Driver/Inc/stm32f4xx_ll_rcc.h ****   *         @arg @ref LL_RCC_PLLI2SDIVQ_DIV_31 (*)
5303:board/stm32f401rct6/Drivers/STM32F4xx_HAL_Driver/Inc/stm32f4xx_ll_rcc.h ****   *         @arg @ref LL_RCC_PLLI2SDIVQ_DIV_32 (*)
5304:board/stm32f401rct6/Drivers/STM32F4xx_HAL_Driver/Inc/stm32f4xx_ll_rcc.h ****   *         @arg @ref LL_RCC_PLLI2SDIVR_DIV_1 (*)
5305:board/stm32f401rct6/Drivers/STM32F4xx_HAL_Driver/Inc/stm32f4xx_ll_rcc.h ****   *         @arg @ref LL_RCC_PLLI2SDIVR_DIV_2 (*)
5306:board/stm32f401rct6/Drivers/STM32F4xx_HAL_Driver/Inc/stm32f4xx_ll_rcc.h ****   *         @arg @ref LL_RCC_PLLI2SDIVR_DIV_3 (*)
5307:board/stm32f401rct6/Drivers/STM32F4xx_HAL_Driver/Inc/stm32f4xx_ll_rcc.h ****   *         @arg @ref LL_RCC_PLLI2SDIVR_DIV_4 (*)
5308:board/stm32f401rct6/Drivers/STM32F4xx_HAL_Driver/Inc/stm32f4xx_ll_rcc.h ****   *         @arg @ref LL_RCC_PLLI2SDIVR_DIV_5 (*)
5309:board/stm32f401rct6/Drivers/STM32F4xx_HAL_Driver/Inc/stm32f4xx_ll_rcc.h ****   *         @arg @ref LL_RCC_PLLI2SDIVR_DIV_6 (*)
5310:board/stm32f401rct6/Drivers/STM32F4xx_HAL_Driver/Inc/stm32f4xx_ll_rcc.h ****   *         @arg @ref LL_RCC_PLLI2SDIVR_DIV_7 (*)
5311:board/stm32f401rct6/Drivers/STM32F4xx_HAL_Driver/Inc/stm32f4xx_ll_rcc.h ****   *         @arg @ref LL_RCC_PLLI2SDIVR_DIV_8 (*)
5312:board/stm32f401rct6/Drivers/STM32F4xx_HAL_Driver/Inc/stm32f4xx_ll_rcc.h ****   *         @arg @ref LL_RCC_PLLI2SDIVR_DIV_9 (*)
5313:board/stm32f401rct6/Drivers/STM32F4xx_HAL_Driver/Inc/stm32f4xx_ll_rcc.h ****   *         @arg @ref LL_RCC_PLLI2SDIVR_DIV_10 (*)
5314:board/stm32f401rct6/Drivers/STM32F4xx_HAL_Driver/Inc/stm32f4xx_ll_rcc.h ****   *         @arg @ref LL_RCC_PLLI2SDIVR_DIV_11 (*)
5315:board/stm32f401rct6/Drivers/STM32F4xx_HAL_Driver/Inc/stm32f4xx_ll_rcc.h ****   *         @arg @ref LL_RCC_PLLI2SDIVR_DIV_12 (*)
5316:board/stm32f401rct6/Drivers/STM32F4xx_HAL_Driver/Inc/stm32f4xx_ll_rcc.h ****   *         @arg @ref LL_RCC_PLLI2SDIVR_DIV_13 (*)
5317:board/stm32f401rct6/Drivers/STM32F4xx_HAL_Driver/Inc/stm32f4xx_ll_rcc.h ****   *         @arg @ref LL_RCC_PLLI2SDIVR_DIV_14 (*)
5318:board/stm32f401rct6/Drivers/STM32F4xx_HAL_Driver/Inc/stm32f4xx_ll_rcc.h ****   *         @arg @ref LL_RCC_PLLI2SDIVR_DIV_15 (*)
5319:board/stm32f401rct6/Drivers/STM32F4xx_HAL_Driver/Inc/stm32f4xx_ll_rcc.h ****   *         @arg @ref LL_RCC_PLLI2SDIVR_DIV_16 (*)
5320:board/stm32f401rct6/Drivers/STM32F4xx_HAL_Driver/Inc/stm32f4xx_ll_rcc.h ****   *         @arg @ref LL_RCC_PLLI2SDIVR_DIV_17 (*)
5321:board/stm32f401rct6/Drivers/STM32F4xx_HAL_Driver/Inc/stm32f4xx_ll_rcc.h ****   *         @arg @ref LL_RCC_PLLI2SDIVR_DIV_18 (*)
5322:board/stm32f401rct6/Drivers/STM32F4xx_HAL_Driver/Inc/stm32f4xx_ll_rcc.h ****   *         @arg @ref LL_RCC_PLLI2SDIVR_DIV_19 (*)
5323:board/stm32f401rct6/Drivers/STM32F4xx_HAL_Driver/Inc/stm32f4xx_ll_rcc.h ****   *         @arg @ref LL_RCC_PLLI2SDIVR_DIV_20 (*)
5324:board/stm32f401rct6/Drivers/STM32F4xx_HAL_Driver/Inc/stm32f4xx_ll_rcc.h ****   *         @arg @ref LL_RCC_PLLI2SDIVR_DIV_21 (*)
5325:board/stm32f401rct6/Drivers/STM32F4xx_HAL_Driver/Inc/stm32f4xx_ll_rcc.h ****   *         @arg @ref LL_RCC_PLLI2SDIVR_DIV_22 (*)
5326:board/stm32f401rct6/Drivers/STM32F4xx_HAL_Driver/Inc/stm32f4xx_ll_rcc.h ****   *         @arg @ref LL_RCC_PLLI2SDIVR_DIV_23 (*)
5327:board/stm32f401rct6/Drivers/STM32F4xx_HAL_Driver/Inc/stm32f4xx_ll_rcc.h ****   *         @arg @ref LL_RCC_PLLI2SDIVR_DIV_24 (*)
5328:board/stm32f401rct6/Drivers/STM32F4xx_HAL_Driver/Inc/stm32f4xx_ll_rcc.h ****   *         @arg @ref LL_RCC_PLLI2SDIVR_DIV_25 (*)
5329:board/stm32f401rct6/Drivers/STM32F4xx_HAL_Driver/Inc/stm32f4xx_ll_rcc.h ****   *         @arg @ref LL_RCC_PLLI2SDIVR_DIV_26 (*)
5330:board/stm32f401rct6/Drivers/STM32F4xx_HAL_Driver/Inc/stm32f4xx_ll_rcc.h ****   *         @arg @ref LL_RCC_PLLI2SDIVR_DIV_27 (*)
5331:board/stm32f401rct6/Drivers/STM32F4xx_HAL_Driver/Inc/stm32f4xx_ll_rcc.h ****   *         @arg @ref LL_RCC_PLLI2SDIVR_DIV_28 (*)
5332:board/stm32f401rct6/Drivers/STM32F4xx_HAL_Driver/Inc/stm32f4xx_ll_rcc.h ****   *         @arg @ref LL_RCC_PLLI2SDIVR_DIV_29 (*)
5333:board/stm32f401rct6/Drivers/STM32F4xx_HAL_Driver/Inc/stm32f4xx_ll_rcc.h ****   *         @arg @ref LL_RCC_PLLI2SDIVR_DIV_30 (*)
5334:board/stm32f401rct6/Drivers/STM32F4xx_HAL_Driver/Inc/stm32f4xx_ll_rcc.h ****   *         @arg @ref LL_RCC_PLLI2SDIVR_DIV_31 (*)
5335:board/stm32f401rct6/Drivers/STM32F4xx_HAL_Driver/Inc/stm32f4xx_ll_rcc.h ****   *
5336:board/stm32f401rct6/Drivers/STM32F4xx_HAL_Driver/Inc/stm32f4xx_ll_rcc.h ****   *         (*) value not defined in all devices.
5337:board/stm32f401rct6/Drivers/STM32F4xx_HAL_Driver/Inc/stm32f4xx_ll_rcc.h ****   * @retval None
5338:board/stm32f401rct6/Drivers/STM32F4xx_HAL_Driver/Inc/stm32f4xx_ll_rcc.h ****   */
5339:board/stm32f401rct6/Drivers/STM32F4xx_HAL_Driver/Inc/stm32f4xx_ll_rcc.h **** __STATIC_INLINE void LL_RCC_PLLI2S_ConfigDomain_SAI(uint32_t Source, uint32_t PLLM, uint32_t PLLN, 
5340:board/stm32f401rct6/Drivers/STM32F4xx_HAL_Driver/Inc/stm32f4xx_ll_rcc.h ****                                                     uint32_t PLLDIVQ_R)
5341:board/stm32f401rct6/Drivers/STM32F4xx_HAL_Driver/Inc/stm32f4xx_ll_rcc.h **** {
5342:board/stm32f401rct6/Drivers/STM32F4xx_HAL_Driver/Inc/stm32f4xx_ll_rcc.h ****   __IO uint32_t *pReg = (__IO uint32_t *)((uint32_t)((uint32_t)(&RCC->PLLCFGR) + (Source & 0x80U)))
5343:board/stm32f401rct6/Drivers/STM32F4xx_HAL_Driver/Inc/stm32f4xx_ll_rcc.h ****   MODIFY_REG(*pReg, RCC_PLLCFGR_PLLSRC, (Source & (~0x80U)));
5344:board/stm32f401rct6/Drivers/STM32F4xx_HAL_Driver/Inc/stm32f4xx_ll_rcc.h **** #if defined(RCC_PLLI2SCFGR_PLLI2SM)
5345:board/stm32f401rct6/Drivers/STM32F4xx_HAL_Driver/Inc/stm32f4xx_ll_rcc.h ****   MODIFY_REG(RCC->PLLI2SCFGR, RCC_PLLI2SCFGR_PLLI2SM, PLLM);
5346:board/stm32f401rct6/Drivers/STM32F4xx_HAL_Driver/Inc/stm32f4xx_ll_rcc.h **** #else
5347:board/stm32f401rct6/Drivers/STM32F4xx_HAL_Driver/Inc/stm32f4xx_ll_rcc.h ****   MODIFY_REG(RCC->PLLCFGR, RCC_PLLCFGR_PLLM, PLLM);
5348:board/stm32f401rct6/Drivers/STM32F4xx_HAL_Driver/Inc/stm32f4xx_ll_rcc.h **** #endif /* RCC_PLLI2SCFGR_PLLI2SM */
5349:board/stm32f401rct6/Drivers/STM32F4xx_HAL_Driver/Inc/stm32f4xx_ll_rcc.h ****   MODIFY_REG(RCC->PLLI2SCFGR, RCC_PLLI2SCFGR_PLLI2SN, PLLN << RCC_PLLI2SCFGR_PLLI2SN_Pos);
ARM GAS  C:\Users\Admin\AppData\Local\Temp\ccHMtLfr.s 			page 138


5350:board/stm32f401rct6/Drivers/STM32F4xx_HAL_Driver/Inc/stm32f4xx_ll_rcc.h **** #if defined(RCC_DCKCFGR_PLLI2SDIVQ)
5351:board/stm32f401rct6/Drivers/STM32F4xx_HAL_Driver/Inc/stm32f4xx_ll_rcc.h ****   MODIFY_REG(RCC->PLLI2SCFGR, RCC_PLLI2SCFGR_PLLI2SQ, PLLQ_R);
5352:board/stm32f401rct6/Drivers/STM32F4xx_HAL_Driver/Inc/stm32f4xx_ll_rcc.h ****   MODIFY_REG(RCC->DCKCFGR, RCC_DCKCFGR_PLLI2SDIVQ, PLLDIVQ_R);
5353:board/stm32f401rct6/Drivers/STM32F4xx_HAL_Driver/Inc/stm32f4xx_ll_rcc.h **** #else
5354:board/stm32f401rct6/Drivers/STM32F4xx_HAL_Driver/Inc/stm32f4xx_ll_rcc.h ****   MODIFY_REG(RCC->PLLI2SCFGR, RCC_PLLI2SCFGR_PLLI2SR, PLLQ_R);
5355:board/stm32f401rct6/Drivers/STM32F4xx_HAL_Driver/Inc/stm32f4xx_ll_rcc.h ****   MODIFY_REG(RCC->DCKCFGR, RCC_DCKCFGR_PLLI2SDIVR, PLLDIVQ_R);
5356:board/stm32f401rct6/Drivers/STM32F4xx_HAL_Driver/Inc/stm32f4xx_ll_rcc.h **** #endif /* RCC_DCKCFGR_PLLI2SDIVQ */
5357:board/stm32f401rct6/Drivers/STM32F4xx_HAL_Driver/Inc/stm32f4xx_ll_rcc.h **** }
5358:board/stm32f401rct6/Drivers/STM32F4xx_HAL_Driver/Inc/stm32f4xx_ll_rcc.h **** #endif /* RCC_DCKCFGR_PLLI2SDIVQ && RCC_DCKCFGR_PLLI2SDIVR */
5359:board/stm32f401rct6/Drivers/STM32F4xx_HAL_Driver/Inc/stm32f4xx_ll_rcc.h **** 
5360:board/stm32f401rct6/Drivers/STM32F4xx_HAL_Driver/Inc/stm32f4xx_ll_rcc.h **** #if defined(RCC_PLLI2SCFGR_PLLI2SQ) && !defined(RCC_DCKCFGR_PLLI2SDIVQ)
5361:board/stm32f401rct6/Drivers/STM32F4xx_HAL_Driver/Inc/stm32f4xx_ll_rcc.h **** /**
5362:board/stm32f401rct6/Drivers/STM32F4xx_HAL_Driver/Inc/stm32f4xx_ll_rcc.h ****   * @brief  Configure PLLI2S used for 48Mhz domain clock
5363:board/stm32f401rct6/Drivers/STM32F4xx_HAL_Driver/Inc/stm32f4xx_ll_rcc.h ****   * @note PLL Source and PLLM Divider can be written only when PLL,
5364:board/stm32f401rct6/Drivers/STM32F4xx_HAL_Driver/Inc/stm32f4xx_ll_rcc.h ****   *       PLLI2S and PLLSAI(*) are disabled
5365:board/stm32f401rct6/Drivers/STM32F4xx_HAL_Driver/Inc/stm32f4xx_ll_rcc.h ****   * @note PLLN/PLLQ can be written only when PLLI2S is disabled
5366:board/stm32f401rct6/Drivers/STM32F4xx_HAL_Driver/Inc/stm32f4xx_ll_rcc.h ****   * @note This can be selected for RNG, USB, SDIO
5367:board/stm32f401rct6/Drivers/STM32F4xx_HAL_Driver/Inc/stm32f4xx_ll_rcc.h ****   * @rmtoll PLLCFGR      PLLSRC        LL_RCC_PLLI2S_ConfigDomain_48M\n
5368:board/stm32f401rct6/Drivers/STM32F4xx_HAL_Driver/Inc/stm32f4xx_ll_rcc.h ****   *         PLLI2SCFGR   PLLI2SSRC     LL_RCC_PLLI2S_ConfigDomain_48M\n
5369:board/stm32f401rct6/Drivers/STM32F4xx_HAL_Driver/Inc/stm32f4xx_ll_rcc.h ****   *         PLLCFGR      PLLM          LL_RCC_PLLI2S_ConfigDomain_48M\n
5370:board/stm32f401rct6/Drivers/STM32F4xx_HAL_Driver/Inc/stm32f4xx_ll_rcc.h ****   *         PLLI2SCFGR   PLLI2SM       LL_RCC_PLLI2S_ConfigDomain_48M\n
5371:board/stm32f401rct6/Drivers/STM32F4xx_HAL_Driver/Inc/stm32f4xx_ll_rcc.h ****   *         PLLI2SCFGR   PLLI2SN       LL_RCC_PLLI2S_ConfigDomain_48M\n
5372:board/stm32f401rct6/Drivers/STM32F4xx_HAL_Driver/Inc/stm32f4xx_ll_rcc.h ****   *         PLLI2SCFGR   PLLI2SQ       LL_RCC_PLLI2S_ConfigDomain_48M
5373:board/stm32f401rct6/Drivers/STM32F4xx_HAL_Driver/Inc/stm32f4xx_ll_rcc.h ****   * @param  Source This parameter can be one of the following values:
5374:board/stm32f401rct6/Drivers/STM32F4xx_HAL_Driver/Inc/stm32f4xx_ll_rcc.h ****   *         @arg @ref LL_RCC_PLLSOURCE_HSI
5375:board/stm32f401rct6/Drivers/STM32F4xx_HAL_Driver/Inc/stm32f4xx_ll_rcc.h ****   *         @arg @ref LL_RCC_PLLSOURCE_HSE
5376:board/stm32f401rct6/Drivers/STM32F4xx_HAL_Driver/Inc/stm32f4xx_ll_rcc.h ****   *         @arg @ref LL_RCC_PLLI2SSOURCE_PIN (*)
5377:board/stm32f401rct6/Drivers/STM32F4xx_HAL_Driver/Inc/stm32f4xx_ll_rcc.h ****   *
5378:board/stm32f401rct6/Drivers/STM32F4xx_HAL_Driver/Inc/stm32f4xx_ll_rcc.h ****   *         (*) value not defined in all devices.
5379:board/stm32f401rct6/Drivers/STM32F4xx_HAL_Driver/Inc/stm32f4xx_ll_rcc.h ****   * @param  PLLM This parameter can be one of the following values:
5380:board/stm32f401rct6/Drivers/STM32F4xx_HAL_Driver/Inc/stm32f4xx_ll_rcc.h ****   *         @arg @ref LL_RCC_PLLI2SM_DIV_2
5381:board/stm32f401rct6/Drivers/STM32F4xx_HAL_Driver/Inc/stm32f4xx_ll_rcc.h ****   *         @arg @ref LL_RCC_PLLI2SM_DIV_3
5382:board/stm32f401rct6/Drivers/STM32F4xx_HAL_Driver/Inc/stm32f4xx_ll_rcc.h ****   *         @arg @ref LL_RCC_PLLI2SM_DIV_4
5383:board/stm32f401rct6/Drivers/STM32F4xx_HAL_Driver/Inc/stm32f4xx_ll_rcc.h ****   *         @arg @ref LL_RCC_PLLI2SM_DIV_5
5384:board/stm32f401rct6/Drivers/STM32F4xx_HAL_Driver/Inc/stm32f4xx_ll_rcc.h ****   *         @arg @ref LL_RCC_PLLI2SM_DIV_6
5385:board/stm32f401rct6/Drivers/STM32F4xx_HAL_Driver/Inc/stm32f4xx_ll_rcc.h ****   *         @arg @ref LL_RCC_PLLI2SM_DIV_7
5386:board/stm32f401rct6/Drivers/STM32F4xx_HAL_Driver/Inc/stm32f4xx_ll_rcc.h ****   *         @arg @ref LL_RCC_PLLI2SM_DIV_8
5387:board/stm32f401rct6/Drivers/STM32F4xx_HAL_Driver/Inc/stm32f4xx_ll_rcc.h ****   *         @arg @ref LL_RCC_PLLI2SM_DIV_9
5388:board/stm32f401rct6/Drivers/STM32F4xx_HAL_Driver/Inc/stm32f4xx_ll_rcc.h ****   *         @arg @ref LL_RCC_PLLI2SM_DIV_10
5389:board/stm32f401rct6/Drivers/STM32F4xx_HAL_Driver/Inc/stm32f4xx_ll_rcc.h ****   *         @arg @ref LL_RCC_PLLI2SM_DIV_11
5390:board/stm32f401rct6/Drivers/STM32F4xx_HAL_Driver/Inc/stm32f4xx_ll_rcc.h ****   *         @arg @ref LL_RCC_PLLI2SM_DIV_12
5391:board/stm32f401rct6/Drivers/STM32F4xx_HAL_Driver/Inc/stm32f4xx_ll_rcc.h ****   *         @arg @ref LL_RCC_PLLI2SM_DIV_13
5392:board/stm32f401rct6/Drivers/STM32F4xx_HAL_Driver/Inc/stm32f4xx_ll_rcc.h ****   *         @arg @ref LL_RCC_PLLI2SM_DIV_14
5393:board/stm32f401rct6/Drivers/STM32F4xx_HAL_Driver/Inc/stm32f4xx_ll_rcc.h ****   *         @arg @ref LL_RCC_PLLI2SM_DIV_15
5394:board/stm32f401rct6/Drivers/STM32F4xx_HAL_Driver/Inc/stm32f4xx_ll_rcc.h ****   *         @arg @ref LL_RCC_PLLI2SM_DIV_16
5395:board/stm32f401rct6/Drivers/STM32F4xx_HAL_Driver/Inc/stm32f4xx_ll_rcc.h ****   *         @arg @ref LL_RCC_PLLI2SM_DIV_17
5396:board/stm32f401rct6/Drivers/STM32F4xx_HAL_Driver/Inc/stm32f4xx_ll_rcc.h ****   *         @arg @ref LL_RCC_PLLI2SM_DIV_18
5397:board/stm32f401rct6/Drivers/STM32F4xx_HAL_Driver/Inc/stm32f4xx_ll_rcc.h ****   *         @arg @ref LL_RCC_PLLI2SM_DIV_19
5398:board/stm32f401rct6/Drivers/STM32F4xx_HAL_Driver/Inc/stm32f4xx_ll_rcc.h ****   *         @arg @ref LL_RCC_PLLI2SM_DIV_20
5399:board/stm32f401rct6/Drivers/STM32F4xx_HAL_Driver/Inc/stm32f4xx_ll_rcc.h ****   *         @arg @ref LL_RCC_PLLI2SM_DIV_21
5400:board/stm32f401rct6/Drivers/STM32F4xx_HAL_Driver/Inc/stm32f4xx_ll_rcc.h ****   *         @arg @ref LL_RCC_PLLI2SM_DIV_22
5401:board/stm32f401rct6/Drivers/STM32F4xx_HAL_Driver/Inc/stm32f4xx_ll_rcc.h ****   *         @arg @ref LL_RCC_PLLI2SM_DIV_23
5402:board/stm32f401rct6/Drivers/STM32F4xx_HAL_Driver/Inc/stm32f4xx_ll_rcc.h ****   *         @arg @ref LL_RCC_PLLI2SM_DIV_24
5403:board/stm32f401rct6/Drivers/STM32F4xx_HAL_Driver/Inc/stm32f4xx_ll_rcc.h ****   *         @arg @ref LL_RCC_PLLI2SM_DIV_25
5404:board/stm32f401rct6/Drivers/STM32F4xx_HAL_Driver/Inc/stm32f4xx_ll_rcc.h ****   *         @arg @ref LL_RCC_PLLI2SM_DIV_26
5405:board/stm32f401rct6/Drivers/STM32F4xx_HAL_Driver/Inc/stm32f4xx_ll_rcc.h ****   *         @arg @ref LL_RCC_PLLI2SM_DIV_27
5406:board/stm32f401rct6/Drivers/STM32F4xx_HAL_Driver/Inc/stm32f4xx_ll_rcc.h ****   *         @arg @ref LL_RCC_PLLI2SM_DIV_28
ARM GAS  C:\Users\Admin\AppData\Local\Temp\ccHMtLfr.s 			page 139


5407:board/stm32f401rct6/Drivers/STM32F4xx_HAL_Driver/Inc/stm32f4xx_ll_rcc.h ****   *         @arg @ref LL_RCC_PLLI2SM_DIV_29
5408:board/stm32f401rct6/Drivers/STM32F4xx_HAL_Driver/Inc/stm32f4xx_ll_rcc.h ****   *         @arg @ref LL_RCC_PLLI2SM_DIV_30
5409:board/stm32f401rct6/Drivers/STM32F4xx_HAL_Driver/Inc/stm32f4xx_ll_rcc.h ****   *         @arg @ref LL_RCC_PLLI2SM_DIV_31
5410:board/stm32f401rct6/Drivers/STM32F4xx_HAL_Driver/Inc/stm32f4xx_ll_rcc.h ****   *         @arg @ref LL_RCC_PLLI2SM_DIV_32
5411:board/stm32f401rct6/Drivers/STM32F4xx_HAL_Driver/Inc/stm32f4xx_ll_rcc.h ****   *         @arg @ref LL_RCC_PLLI2SM_DIV_33
5412:board/stm32f401rct6/Drivers/STM32F4xx_HAL_Driver/Inc/stm32f4xx_ll_rcc.h ****   *         @arg @ref LL_RCC_PLLI2SM_DIV_34
5413:board/stm32f401rct6/Drivers/STM32F4xx_HAL_Driver/Inc/stm32f4xx_ll_rcc.h ****   *         @arg @ref LL_RCC_PLLI2SM_DIV_35
5414:board/stm32f401rct6/Drivers/STM32F4xx_HAL_Driver/Inc/stm32f4xx_ll_rcc.h ****   *         @arg @ref LL_RCC_PLLI2SM_DIV_36
5415:board/stm32f401rct6/Drivers/STM32F4xx_HAL_Driver/Inc/stm32f4xx_ll_rcc.h ****   *         @arg @ref LL_RCC_PLLI2SM_DIV_37
5416:board/stm32f401rct6/Drivers/STM32F4xx_HAL_Driver/Inc/stm32f4xx_ll_rcc.h ****   *         @arg @ref LL_RCC_PLLI2SM_DIV_38
5417:board/stm32f401rct6/Drivers/STM32F4xx_HAL_Driver/Inc/stm32f4xx_ll_rcc.h ****   *         @arg @ref LL_RCC_PLLI2SM_DIV_39
5418:board/stm32f401rct6/Drivers/STM32F4xx_HAL_Driver/Inc/stm32f4xx_ll_rcc.h ****   *         @arg @ref LL_RCC_PLLI2SM_DIV_40
5419:board/stm32f401rct6/Drivers/STM32F4xx_HAL_Driver/Inc/stm32f4xx_ll_rcc.h ****   *         @arg @ref LL_RCC_PLLI2SM_DIV_41
5420:board/stm32f401rct6/Drivers/STM32F4xx_HAL_Driver/Inc/stm32f4xx_ll_rcc.h ****   *         @arg @ref LL_RCC_PLLI2SM_DIV_42
5421:board/stm32f401rct6/Drivers/STM32F4xx_HAL_Driver/Inc/stm32f4xx_ll_rcc.h ****   *         @arg @ref LL_RCC_PLLI2SM_DIV_43
5422:board/stm32f401rct6/Drivers/STM32F4xx_HAL_Driver/Inc/stm32f4xx_ll_rcc.h ****   *         @arg @ref LL_RCC_PLLI2SM_DIV_44
5423:board/stm32f401rct6/Drivers/STM32F4xx_HAL_Driver/Inc/stm32f4xx_ll_rcc.h ****   *         @arg @ref LL_RCC_PLLI2SM_DIV_45
5424:board/stm32f401rct6/Drivers/STM32F4xx_HAL_Driver/Inc/stm32f4xx_ll_rcc.h ****   *         @arg @ref LL_RCC_PLLI2SM_DIV_46
5425:board/stm32f401rct6/Drivers/STM32F4xx_HAL_Driver/Inc/stm32f4xx_ll_rcc.h ****   *         @arg @ref LL_RCC_PLLI2SM_DIV_47
5426:board/stm32f401rct6/Drivers/STM32F4xx_HAL_Driver/Inc/stm32f4xx_ll_rcc.h ****   *         @arg @ref LL_RCC_PLLI2SM_DIV_48
5427:board/stm32f401rct6/Drivers/STM32F4xx_HAL_Driver/Inc/stm32f4xx_ll_rcc.h ****   *         @arg @ref LL_RCC_PLLI2SM_DIV_49
5428:board/stm32f401rct6/Drivers/STM32F4xx_HAL_Driver/Inc/stm32f4xx_ll_rcc.h ****   *         @arg @ref LL_RCC_PLLI2SM_DIV_50
5429:board/stm32f401rct6/Drivers/STM32F4xx_HAL_Driver/Inc/stm32f4xx_ll_rcc.h ****   *         @arg @ref LL_RCC_PLLI2SM_DIV_51
5430:board/stm32f401rct6/Drivers/STM32F4xx_HAL_Driver/Inc/stm32f4xx_ll_rcc.h ****   *         @arg @ref LL_RCC_PLLI2SM_DIV_52
5431:board/stm32f401rct6/Drivers/STM32F4xx_HAL_Driver/Inc/stm32f4xx_ll_rcc.h ****   *         @arg @ref LL_RCC_PLLI2SM_DIV_53
5432:board/stm32f401rct6/Drivers/STM32F4xx_HAL_Driver/Inc/stm32f4xx_ll_rcc.h ****   *         @arg @ref LL_RCC_PLLI2SM_DIV_54
5433:board/stm32f401rct6/Drivers/STM32F4xx_HAL_Driver/Inc/stm32f4xx_ll_rcc.h ****   *         @arg @ref LL_RCC_PLLI2SM_DIV_55
5434:board/stm32f401rct6/Drivers/STM32F4xx_HAL_Driver/Inc/stm32f4xx_ll_rcc.h ****   *         @arg @ref LL_RCC_PLLI2SM_DIV_56
5435:board/stm32f401rct6/Drivers/STM32F4xx_HAL_Driver/Inc/stm32f4xx_ll_rcc.h ****   *         @arg @ref LL_RCC_PLLI2SM_DIV_57
5436:board/stm32f401rct6/Drivers/STM32F4xx_HAL_Driver/Inc/stm32f4xx_ll_rcc.h ****   *         @arg @ref LL_RCC_PLLI2SM_DIV_58
5437:board/stm32f401rct6/Drivers/STM32F4xx_HAL_Driver/Inc/stm32f4xx_ll_rcc.h ****   *         @arg @ref LL_RCC_PLLI2SM_DIV_59
5438:board/stm32f401rct6/Drivers/STM32F4xx_HAL_Driver/Inc/stm32f4xx_ll_rcc.h ****   *         @arg @ref LL_RCC_PLLI2SM_DIV_60
5439:board/stm32f401rct6/Drivers/STM32F4xx_HAL_Driver/Inc/stm32f4xx_ll_rcc.h ****   *         @arg @ref LL_RCC_PLLI2SM_DIV_61
5440:board/stm32f401rct6/Drivers/STM32F4xx_HAL_Driver/Inc/stm32f4xx_ll_rcc.h ****   *         @arg @ref LL_RCC_PLLI2SM_DIV_62
5441:board/stm32f401rct6/Drivers/STM32F4xx_HAL_Driver/Inc/stm32f4xx_ll_rcc.h ****   *         @arg @ref LL_RCC_PLLI2SM_DIV_63
5442:board/stm32f401rct6/Drivers/STM32F4xx_HAL_Driver/Inc/stm32f4xx_ll_rcc.h ****   * @param  PLLN Between 50 and 432
5443:board/stm32f401rct6/Drivers/STM32F4xx_HAL_Driver/Inc/stm32f4xx_ll_rcc.h ****   * @param  PLLQ This parameter can be one of the following values:
5444:board/stm32f401rct6/Drivers/STM32F4xx_HAL_Driver/Inc/stm32f4xx_ll_rcc.h ****   *         @arg @ref LL_RCC_PLLI2SQ_DIV_2
5445:board/stm32f401rct6/Drivers/STM32F4xx_HAL_Driver/Inc/stm32f4xx_ll_rcc.h ****   *         @arg @ref LL_RCC_PLLI2SQ_DIV_3
5446:board/stm32f401rct6/Drivers/STM32F4xx_HAL_Driver/Inc/stm32f4xx_ll_rcc.h ****   *         @arg @ref LL_RCC_PLLI2SQ_DIV_4
5447:board/stm32f401rct6/Drivers/STM32F4xx_HAL_Driver/Inc/stm32f4xx_ll_rcc.h ****   *         @arg @ref LL_RCC_PLLI2SQ_DIV_5
5448:board/stm32f401rct6/Drivers/STM32F4xx_HAL_Driver/Inc/stm32f4xx_ll_rcc.h ****   *         @arg @ref LL_RCC_PLLI2SQ_DIV_6
5449:board/stm32f401rct6/Drivers/STM32F4xx_HAL_Driver/Inc/stm32f4xx_ll_rcc.h ****   *         @arg @ref LL_RCC_PLLI2SQ_DIV_7
5450:board/stm32f401rct6/Drivers/STM32F4xx_HAL_Driver/Inc/stm32f4xx_ll_rcc.h ****   *         @arg @ref LL_RCC_PLLI2SQ_DIV_8
5451:board/stm32f401rct6/Drivers/STM32F4xx_HAL_Driver/Inc/stm32f4xx_ll_rcc.h ****   *         @arg @ref LL_RCC_PLLI2SQ_DIV_9
5452:board/stm32f401rct6/Drivers/STM32F4xx_HAL_Driver/Inc/stm32f4xx_ll_rcc.h ****   *         @arg @ref LL_RCC_PLLI2SQ_DIV_10
5453:board/stm32f401rct6/Drivers/STM32F4xx_HAL_Driver/Inc/stm32f4xx_ll_rcc.h ****   *         @arg @ref LL_RCC_PLLI2SQ_DIV_11
5454:board/stm32f401rct6/Drivers/STM32F4xx_HAL_Driver/Inc/stm32f4xx_ll_rcc.h ****   *         @arg @ref LL_RCC_PLLI2SQ_DIV_12
5455:board/stm32f401rct6/Drivers/STM32F4xx_HAL_Driver/Inc/stm32f4xx_ll_rcc.h ****   *         @arg @ref LL_RCC_PLLI2SQ_DIV_13
5456:board/stm32f401rct6/Drivers/STM32F4xx_HAL_Driver/Inc/stm32f4xx_ll_rcc.h ****   *         @arg @ref LL_RCC_PLLI2SQ_DIV_14
5457:board/stm32f401rct6/Drivers/STM32F4xx_HAL_Driver/Inc/stm32f4xx_ll_rcc.h ****   *         @arg @ref LL_RCC_PLLI2SQ_DIV_15
5458:board/stm32f401rct6/Drivers/STM32F4xx_HAL_Driver/Inc/stm32f4xx_ll_rcc.h ****   * @retval None
5459:board/stm32f401rct6/Drivers/STM32F4xx_HAL_Driver/Inc/stm32f4xx_ll_rcc.h ****   */
5460:board/stm32f401rct6/Drivers/STM32F4xx_HAL_Driver/Inc/stm32f4xx_ll_rcc.h **** __STATIC_INLINE void LL_RCC_PLLI2S_ConfigDomain_48M(uint32_t Source, uint32_t PLLM, uint32_t PLLN, 
5461:board/stm32f401rct6/Drivers/STM32F4xx_HAL_Driver/Inc/stm32f4xx_ll_rcc.h **** {
5462:board/stm32f401rct6/Drivers/STM32F4xx_HAL_Driver/Inc/stm32f4xx_ll_rcc.h ****   __IO uint32_t *pReg = (__IO uint32_t *)((uint32_t)((uint32_t)(&RCC->PLLCFGR) + (Source & 0x80U)))
5463:board/stm32f401rct6/Drivers/STM32F4xx_HAL_Driver/Inc/stm32f4xx_ll_rcc.h ****   MODIFY_REG(*pReg, RCC_PLLCFGR_PLLSRC, (Source & (~0x80U)));
ARM GAS  C:\Users\Admin\AppData\Local\Temp\ccHMtLfr.s 			page 140


5464:board/stm32f401rct6/Drivers/STM32F4xx_HAL_Driver/Inc/stm32f4xx_ll_rcc.h **** #if defined(RCC_PLLI2SCFGR_PLLI2SM)
5465:board/stm32f401rct6/Drivers/STM32F4xx_HAL_Driver/Inc/stm32f4xx_ll_rcc.h ****   MODIFY_REG(RCC->PLLI2SCFGR, RCC_PLLI2SCFGR_PLLI2SM, PLLM);
5466:board/stm32f401rct6/Drivers/STM32F4xx_HAL_Driver/Inc/stm32f4xx_ll_rcc.h **** #else
5467:board/stm32f401rct6/Drivers/STM32F4xx_HAL_Driver/Inc/stm32f4xx_ll_rcc.h ****   MODIFY_REG(RCC->PLLCFGR, RCC_PLLCFGR_PLLM, PLLM);
5468:board/stm32f401rct6/Drivers/STM32F4xx_HAL_Driver/Inc/stm32f4xx_ll_rcc.h **** #endif /* RCC_PLLI2SCFGR_PLLI2SM */
5469:board/stm32f401rct6/Drivers/STM32F4xx_HAL_Driver/Inc/stm32f4xx_ll_rcc.h ****   MODIFY_REG(RCC->PLLI2SCFGR, RCC_PLLI2SCFGR_PLLI2SN | RCC_PLLI2SCFGR_PLLI2SQ, PLLN << RCC_PLLI2SCF
5470:board/stm32f401rct6/Drivers/STM32F4xx_HAL_Driver/Inc/stm32f4xx_ll_rcc.h **** }
5471:board/stm32f401rct6/Drivers/STM32F4xx_HAL_Driver/Inc/stm32f4xx_ll_rcc.h **** #endif /* RCC_PLLI2SCFGR_PLLI2SQ && !RCC_DCKCFGR_PLLI2SDIVQ */
5472:board/stm32f401rct6/Drivers/STM32F4xx_HAL_Driver/Inc/stm32f4xx_ll_rcc.h **** 
5473:board/stm32f401rct6/Drivers/STM32F4xx_HAL_Driver/Inc/stm32f4xx_ll_rcc.h **** #if defined(SPDIFRX)
5474:board/stm32f401rct6/Drivers/STM32F4xx_HAL_Driver/Inc/stm32f4xx_ll_rcc.h **** /**
5475:board/stm32f401rct6/Drivers/STM32F4xx_HAL_Driver/Inc/stm32f4xx_ll_rcc.h ****   * @brief Configure PLLI2S used for SPDIFRX domain clock
5476:board/stm32f401rct6/Drivers/STM32F4xx_HAL_Driver/Inc/stm32f4xx_ll_rcc.h ****   * @note PLL Source and PLLM Divider can be written only when PLL,
5477:board/stm32f401rct6/Drivers/STM32F4xx_HAL_Driver/Inc/stm32f4xx_ll_rcc.h ****   *       PLLI2S and PLLSAI(*) are disabled
5478:board/stm32f401rct6/Drivers/STM32F4xx_HAL_Driver/Inc/stm32f4xx_ll_rcc.h ****   * @note PLLN/PLLP can be written only when PLLI2S is disabled
5479:board/stm32f401rct6/Drivers/STM32F4xx_HAL_Driver/Inc/stm32f4xx_ll_rcc.h ****   * @note This  can be selected for SPDIFRX
5480:board/stm32f401rct6/Drivers/STM32F4xx_HAL_Driver/Inc/stm32f4xx_ll_rcc.h ****   * @rmtoll PLLCFGR      PLLSRC        LL_RCC_PLLI2S_ConfigDomain_SPDIFRX\n
5481:board/stm32f401rct6/Drivers/STM32F4xx_HAL_Driver/Inc/stm32f4xx_ll_rcc.h ****   *         PLLCFGR      PLLM          LL_RCC_PLLI2S_ConfigDomain_SPDIFRX\n
5482:board/stm32f401rct6/Drivers/STM32F4xx_HAL_Driver/Inc/stm32f4xx_ll_rcc.h ****   *         PLLI2SCFGR   PLLI2SM       LL_RCC_PLLI2S_ConfigDomain_SPDIFRX\n
5483:board/stm32f401rct6/Drivers/STM32F4xx_HAL_Driver/Inc/stm32f4xx_ll_rcc.h ****   *         PLLI2SCFGR   PLLI2SN       LL_RCC_PLLI2S_ConfigDomain_SPDIFRX\n
5484:board/stm32f401rct6/Drivers/STM32F4xx_HAL_Driver/Inc/stm32f4xx_ll_rcc.h ****   *         PLLI2SCFGR   PLLI2SP       LL_RCC_PLLI2S_ConfigDomain_SPDIFRX
5485:board/stm32f401rct6/Drivers/STM32F4xx_HAL_Driver/Inc/stm32f4xx_ll_rcc.h ****   * @param  Source This parameter can be one of the following values:
5486:board/stm32f401rct6/Drivers/STM32F4xx_HAL_Driver/Inc/stm32f4xx_ll_rcc.h ****   *         @arg @ref LL_RCC_PLLSOURCE_HSI
5487:board/stm32f401rct6/Drivers/STM32F4xx_HAL_Driver/Inc/stm32f4xx_ll_rcc.h ****   *         @arg @ref LL_RCC_PLLSOURCE_HSE
5488:board/stm32f401rct6/Drivers/STM32F4xx_HAL_Driver/Inc/stm32f4xx_ll_rcc.h ****   * @param  PLLM This parameter can be one of the following values:
5489:board/stm32f401rct6/Drivers/STM32F4xx_HAL_Driver/Inc/stm32f4xx_ll_rcc.h ****   *         @arg @ref LL_RCC_PLLI2SM_DIV_2
5490:board/stm32f401rct6/Drivers/STM32F4xx_HAL_Driver/Inc/stm32f4xx_ll_rcc.h ****   *         @arg @ref LL_RCC_PLLI2SM_DIV_3
5491:board/stm32f401rct6/Drivers/STM32F4xx_HAL_Driver/Inc/stm32f4xx_ll_rcc.h ****   *         @arg @ref LL_RCC_PLLI2SM_DIV_4
5492:board/stm32f401rct6/Drivers/STM32F4xx_HAL_Driver/Inc/stm32f4xx_ll_rcc.h ****   *         @arg @ref LL_RCC_PLLI2SM_DIV_5
5493:board/stm32f401rct6/Drivers/STM32F4xx_HAL_Driver/Inc/stm32f4xx_ll_rcc.h ****   *         @arg @ref LL_RCC_PLLI2SM_DIV_6
5494:board/stm32f401rct6/Drivers/STM32F4xx_HAL_Driver/Inc/stm32f4xx_ll_rcc.h ****   *         @arg @ref LL_RCC_PLLI2SM_DIV_7
5495:board/stm32f401rct6/Drivers/STM32F4xx_HAL_Driver/Inc/stm32f4xx_ll_rcc.h ****   *         @arg @ref LL_RCC_PLLI2SM_DIV_8
5496:board/stm32f401rct6/Drivers/STM32F4xx_HAL_Driver/Inc/stm32f4xx_ll_rcc.h ****   *         @arg @ref LL_RCC_PLLI2SM_DIV_9
5497:board/stm32f401rct6/Drivers/STM32F4xx_HAL_Driver/Inc/stm32f4xx_ll_rcc.h ****   *         @arg @ref LL_RCC_PLLI2SM_DIV_10
5498:board/stm32f401rct6/Drivers/STM32F4xx_HAL_Driver/Inc/stm32f4xx_ll_rcc.h ****   *         @arg @ref LL_RCC_PLLI2SM_DIV_11
5499:board/stm32f401rct6/Drivers/STM32F4xx_HAL_Driver/Inc/stm32f4xx_ll_rcc.h ****   *         @arg @ref LL_RCC_PLLI2SM_DIV_12
5500:board/stm32f401rct6/Drivers/STM32F4xx_HAL_Driver/Inc/stm32f4xx_ll_rcc.h ****   *         @arg @ref LL_RCC_PLLI2SM_DIV_13
5501:board/stm32f401rct6/Drivers/STM32F4xx_HAL_Driver/Inc/stm32f4xx_ll_rcc.h ****   *         @arg @ref LL_RCC_PLLI2SM_DIV_14
5502:board/stm32f401rct6/Drivers/STM32F4xx_HAL_Driver/Inc/stm32f4xx_ll_rcc.h ****   *         @arg @ref LL_RCC_PLLI2SM_DIV_15
5503:board/stm32f401rct6/Drivers/STM32F4xx_HAL_Driver/Inc/stm32f4xx_ll_rcc.h ****   *         @arg @ref LL_RCC_PLLI2SM_DIV_16
5504:board/stm32f401rct6/Drivers/STM32F4xx_HAL_Driver/Inc/stm32f4xx_ll_rcc.h ****   *         @arg @ref LL_RCC_PLLI2SM_DIV_17
5505:board/stm32f401rct6/Drivers/STM32F4xx_HAL_Driver/Inc/stm32f4xx_ll_rcc.h ****   *         @arg @ref LL_RCC_PLLI2SM_DIV_18
5506:board/stm32f401rct6/Drivers/STM32F4xx_HAL_Driver/Inc/stm32f4xx_ll_rcc.h ****   *         @arg @ref LL_RCC_PLLI2SM_DIV_19
5507:board/stm32f401rct6/Drivers/STM32F4xx_HAL_Driver/Inc/stm32f4xx_ll_rcc.h ****   *         @arg @ref LL_RCC_PLLI2SM_DIV_20
5508:board/stm32f401rct6/Drivers/STM32F4xx_HAL_Driver/Inc/stm32f4xx_ll_rcc.h ****   *         @arg @ref LL_RCC_PLLI2SM_DIV_21
5509:board/stm32f401rct6/Drivers/STM32F4xx_HAL_Driver/Inc/stm32f4xx_ll_rcc.h ****   *         @arg @ref LL_RCC_PLLI2SM_DIV_22
5510:board/stm32f401rct6/Drivers/STM32F4xx_HAL_Driver/Inc/stm32f4xx_ll_rcc.h ****   *         @arg @ref LL_RCC_PLLI2SM_DIV_23
5511:board/stm32f401rct6/Drivers/STM32F4xx_HAL_Driver/Inc/stm32f4xx_ll_rcc.h ****   *         @arg @ref LL_RCC_PLLI2SM_DIV_24
5512:board/stm32f401rct6/Drivers/STM32F4xx_HAL_Driver/Inc/stm32f4xx_ll_rcc.h ****   *         @arg @ref LL_RCC_PLLI2SM_DIV_25
5513:board/stm32f401rct6/Drivers/STM32F4xx_HAL_Driver/Inc/stm32f4xx_ll_rcc.h ****   *         @arg @ref LL_RCC_PLLI2SM_DIV_26
5514:board/stm32f401rct6/Drivers/STM32F4xx_HAL_Driver/Inc/stm32f4xx_ll_rcc.h ****   *         @arg @ref LL_RCC_PLLI2SM_DIV_27
5515:board/stm32f401rct6/Drivers/STM32F4xx_HAL_Driver/Inc/stm32f4xx_ll_rcc.h ****   *         @arg @ref LL_RCC_PLLI2SM_DIV_28
5516:board/stm32f401rct6/Drivers/STM32F4xx_HAL_Driver/Inc/stm32f4xx_ll_rcc.h ****   *         @arg @ref LL_RCC_PLLI2SM_DIV_29
5517:board/stm32f401rct6/Drivers/STM32F4xx_HAL_Driver/Inc/stm32f4xx_ll_rcc.h ****   *         @arg @ref LL_RCC_PLLI2SM_DIV_30
5518:board/stm32f401rct6/Drivers/STM32F4xx_HAL_Driver/Inc/stm32f4xx_ll_rcc.h ****   *         @arg @ref LL_RCC_PLLI2SM_DIV_31
5519:board/stm32f401rct6/Drivers/STM32F4xx_HAL_Driver/Inc/stm32f4xx_ll_rcc.h ****   *         @arg @ref LL_RCC_PLLI2SM_DIV_32
5520:board/stm32f401rct6/Drivers/STM32F4xx_HAL_Driver/Inc/stm32f4xx_ll_rcc.h ****   *         @arg @ref LL_RCC_PLLI2SM_DIV_33
ARM GAS  C:\Users\Admin\AppData\Local\Temp\ccHMtLfr.s 			page 141


5521:board/stm32f401rct6/Drivers/STM32F4xx_HAL_Driver/Inc/stm32f4xx_ll_rcc.h ****   *         @arg @ref LL_RCC_PLLI2SM_DIV_34
5522:board/stm32f401rct6/Drivers/STM32F4xx_HAL_Driver/Inc/stm32f4xx_ll_rcc.h ****   *         @arg @ref LL_RCC_PLLI2SM_DIV_35
5523:board/stm32f401rct6/Drivers/STM32F4xx_HAL_Driver/Inc/stm32f4xx_ll_rcc.h ****   *         @arg @ref LL_RCC_PLLI2SM_DIV_36
5524:board/stm32f401rct6/Drivers/STM32F4xx_HAL_Driver/Inc/stm32f4xx_ll_rcc.h ****   *         @arg @ref LL_RCC_PLLI2SM_DIV_37
5525:board/stm32f401rct6/Drivers/STM32F4xx_HAL_Driver/Inc/stm32f4xx_ll_rcc.h ****   *         @arg @ref LL_RCC_PLLI2SM_DIV_38
5526:board/stm32f401rct6/Drivers/STM32F4xx_HAL_Driver/Inc/stm32f4xx_ll_rcc.h ****   *         @arg @ref LL_RCC_PLLI2SM_DIV_39
5527:board/stm32f401rct6/Drivers/STM32F4xx_HAL_Driver/Inc/stm32f4xx_ll_rcc.h ****   *         @arg @ref LL_RCC_PLLI2SM_DIV_40
5528:board/stm32f401rct6/Drivers/STM32F4xx_HAL_Driver/Inc/stm32f4xx_ll_rcc.h ****   *         @arg @ref LL_RCC_PLLI2SM_DIV_41
5529:board/stm32f401rct6/Drivers/STM32F4xx_HAL_Driver/Inc/stm32f4xx_ll_rcc.h ****   *         @arg @ref LL_RCC_PLLI2SM_DIV_42
5530:board/stm32f401rct6/Drivers/STM32F4xx_HAL_Driver/Inc/stm32f4xx_ll_rcc.h ****   *         @arg @ref LL_RCC_PLLI2SM_DIV_43
5531:board/stm32f401rct6/Drivers/STM32F4xx_HAL_Driver/Inc/stm32f4xx_ll_rcc.h ****   *         @arg @ref LL_RCC_PLLI2SM_DIV_44
5532:board/stm32f401rct6/Drivers/STM32F4xx_HAL_Driver/Inc/stm32f4xx_ll_rcc.h ****   *         @arg @ref LL_RCC_PLLI2SM_DIV_45
5533:board/stm32f401rct6/Drivers/STM32F4xx_HAL_Driver/Inc/stm32f4xx_ll_rcc.h ****   *         @arg @ref LL_RCC_PLLI2SM_DIV_46
5534:board/stm32f401rct6/Drivers/STM32F4xx_HAL_Driver/Inc/stm32f4xx_ll_rcc.h ****   *         @arg @ref LL_RCC_PLLI2SM_DIV_47
5535:board/stm32f401rct6/Drivers/STM32F4xx_HAL_Driver/Inc/stm32f4xx_ll_rcc.h ****   *         @arg @ref LL_RCC_PLLI2SM_DIV_48
5536:board/stm32f401rct6/Drivers/STM32F4xx_HAL_Driver/Inc/stm32f4xx_ll_rcc.h ****   *         @arg @ref LL_RCC_PLLI2SM_DIV_49
5537:board/stm32f401rct6/Drivers/STM32F4xx_HAL_Driver/Inc/stm32f4xx_ll_rcc.h ****   *         @arg @ref LL_RCC_PLLI2SM_DIV_50
5538:board/stm32f401rct6/Drivers/STM32F4xx_HAL_Driver/Inc/stm32f4xx_ll_rcc.h ****   *         @arg @ref LL_RCC_PLLI2SM_DIV_51
5539:board/stm32f401rct6/Drivers/STM32F4xx_HAL_Driver/Inc/stm32f4xx_ll_rcc.h ****   *         @arg @ref LL_RCC_PLLI2SM_DIV_52
5540:board/stm32f401rct6/Drivers/STM32F4xx_HAL_Driver/Inc/stm32f4xx_ll_rcc.h ****   *         @arg @ref LL_RCC_PLLI2SM_DIV_53
5541:board/stm32f401rct6/Drivers/STM32F4xx_HAL_Driver/Inc/stm32f4xx_ll_rcc.h ****   *         @arg @ref LL_RCC_PLLI2SM_DIV_54
5542:board/stm32f401rct6/Drivers/STM32F4xx_HAL_Driver/Inc/stm32f4xx_ll_rcc.h ****   *         @arg @ref LL_RCC_PLLI2SM_DIV_55
5543:board/stm32f401rct6/Drivers/STM32F4xx_HAL_Driver/Inc/stm32f4xx_ll_rcc.h ****   *         @arg @ref LL_RCC_PLLI2SM_DIV_56
5544:board/stm32f401rct6/Drivers/STM32F4xx_HAL_Driver/Inc/stm32f4xx_ll_rcc.h ****   *         @arg @ref LL_RCC_PLLI2SM_DIV_57
5545:board/stm32f401rct6/Drivers/STM32F4xx_HAL_Driver/Inc/stm32f4xx_ll_rcc.h ****   *         @arg @ref LL_RCC_PLLI2SM_DIV_58
5546:board/stm32f401rct6/Drivers/STM32F4xx_HAL_Driver/Inc/stm32f4xx_ll_rcc.h ****   *         @arg @ref LL_RCC_PLLI2SM_DIV_59
5547:board/stm32f401rct6/Drivers/STM32F4xx_HAL_Driver/Inc/stm32f4xx_ll_rcc.h ****   *         @arg @ref LL_RCC_PLLI2SM_DIV_60
5548:board/stm32f401rct6/Drivers/STM32F4xx_HAL_Driver/Inc/stm32f4xx_ll_rcc.h ****   *         @arg @ref LL_RCC_PLLI2SM_DIV_61
5549:board/stm32f401rct6/Drivers/STM32F4xx_HAL_Driver/Inc/stm32f4xx_ll_rcc.h ****   *         @arg @ref LL_RCC_PLLI2SM_DIV_62
5550:board/stm32f401rct6/Drivers/STM32F4xx_HAL_Driver/Inc/stm32f4xx_ll_rcc.h ****   *         @arg @ref LL_RCC_PLLI2SM_DIV_63
5551:board/stm32f401rct6/Drivers/STM32F4xx_HAL_Driver/Inc/stm32f4xx_ll_rcc.h ****   * @param  PLLN Between 50 and 432
5552:board/stm32f401rct6/Drivers/STM32F4xx_HAL_Driver/Inc/stm32f4xx_ll_rcc.h ****   * @param  PLLP This parameter can be one of the following values:
5553:board/stm32f401rct6/Drivers/STM32F4xx_HAL_Driver/Inc/stm32f4xx_ll_rcc.h ****   *         @arg @ref LL_RCC_PLLI2SP_DIV_2
5554:board/stm32f401rct6/Drivers/STM32F4xx_HAL_Driver/Inc/stm32f4xx_ll_rcc.h ****   *         @arg @ref LL_RCC_PLLI2SP_DIV_4
5555:board/stm32f401rct6/Drivers/STM32F4xx_HAL_Driver/Inc/stm32f4xx_ll_rcc.h ****   *         @arg @ref LL_RCC_PLLI2SP_DIV_6
5556:board/stm32f401rct6/Drivers/STM32F4xx_HAL_Driver/Inc/stm32f4xx_ll_rcc.h ****   *         @arg @ref LL_RCC_PLLI2SP_DIV_8
5557:board/stm32f401rct6/Drivers/STM32F4xx_HAL_Driver/Inc/stm32f4xx_ll_rcc.h ****   * @retval None
5558:board/stm32f401rct6/Drivers/STM32F4xx_HAL_Driver/Inc/stm32f4xx_ll_rcc.h ****   */
5559:board/stm32f401rct6/Drivers/STM32F4xx_HAL_Driver/Inc/stm32f4xx_ll_rcc.h **** __STATIC_INLINE void LL_RCC_PLLI2S_ConfigDomain_SPDIFRX(uint32_t Source, uint32_t PLLM, uint32_t PL
5560:board/stm32f401rct6/Drivers/STM32F4xx_HAL_Driver/Inc/stm32f4xx_ll_rcc.h **** {
5561:board/stm32f401rct6/Drivers/STM32F4xx_HAL_Driver/Inc/stm32f4xx_ll_rcc.h ****   MODIFY_REG(RCC->PLLCFGR, RCC_PLLCFGR_PLLSRC, Source);
5562:board/stm32f401rct6/Drivers/STM32F4xx_HAL_Driver/Inc/stm32f4xx_ll_rcc.h **** #if defined(RCC_PLLI2SCFGR_PLLI2SM)
5563:board/stm32f401rct6/Drivers/STM32F4xx_HAL_Driver/Inc/stm32f4xx_ll_rcc.h ****   MODIFY_REG(RCC->PLLI2SCFGR, RCC_PLLI2SCFGR_PLLI2SM, PLLM);
5564:board/stm32f401rct6/Drivers/STM32F4xx_HAL_Driver/Inc/stm32f4xx_ll_rcc.h **** #else
5565:board/stm32f401rct6/Drivers/STM32F4xx_HAL_Driver/Inc/stm32f4xx_ll_rcc.h ****   MODIFY_REG(RCC->PLLCFGR, RCC_PLLCFGR_PLLM, PLLM);
5566:board/stm32f401rct6/Drivers/STM32F4xx_HAL_Driver/Inc/stm32f4xx_ll_rcc.h **** #endif /* RCC_PLLI2SCFGR_PLLI2SM */
5567:board/stm32f401rct6/Drivers/STM32F4xx_HAL_Driver/Inc/stm32f4xx_ll_rcc.h ****   MODIFY_REG(RCC->PLLI2SCFGR, RCC_PLLI2SCFGR_PLLI2SN | RCC_PLLI2SCFGR_PLLI2SP, PLLN << RCC_PLLI2SCF
5568:board/stm32f401rct6/Drivers/STM32F4xx_HAL_Driver/Inc/stm32f4xx_ll_rcc.h **** }
5569:board/stm32f401rct6/Drivers/STM32F4xx_HAL_Driver/Inc/stm32f4xx_ll_rcc.h **** #endif /* SPDIFRX */
5570:board/stm32f401rct6/Drivers/STM32F4xx_HAL_Driver/Inc/stm32f4xx_ll_rcc.h **** 
5571:board/stm32f401rct6/Drivers/STM32F4xx_HAL_Driver/Inc/stm32f4xx_ll_rcc.h **** /**
5572:board/stm32f401rct6/Drivers/STM32F4xx_HAL_Driver/Inc/stm32f4xx_ll_rcc.h ****   * @brief  Configure PLLI2S used for I2S1 domain clock
5573:board/stm32f401rct6/Drivers/STM32F4xx_HAL_Driver/Inc/stm32f4xx_ll_rcc.h ****   * @note PLL Source and PLLM Divider can be written only when PLL,
5574:board/stm32f401rct6/Drivers/STM32F4xx_HAL_Driver/Inc/stm32f4xx_ll_rcc.h ****   *       PLLI2S and PLLSAI(*) are disabled
5575:board/stm32f401rct6/Drivers/STM32F4xx_HAL_Driver/Inc/stm32f4xx_ll_rcc.h ****   * @note PLLN/PLLR can be written only when PLLI2S is disabled
5576:board/stm32f401rct6/Drivers/STM32F4xx_HAL_Driver/Inc/stm32f4xx_ll_rcc.h ****   * @note This  can be selected for I2S
5577:board/stm32f401rct6/Drivers/STM32F4xx_HAL_Driver/Inc/stm32f4xx_ll_rcc.h ****   * @rmtoll PLLCFGR      PLLSRC        LL_RCC_PLLI2S_ConfigDomain_I2S\n
ARM GAS  C:\Users\Admin\AppData\Local\Temp\ccHMtLfr.s 			page 142


5578:board/stm32f401rct6/Drivers/STM32F4xx_HAL_Driver/Inc/stm32f4xx_ll_rcc.h ****   *         PLLCFGR      PLLM          LL_RCC_PLLI2S_ConfigDomain_I2S\n
5579:board/stm32f401rct6/Drivers/STM32F4xx_HAL_Driver/Inc/stm32f4xx_ll_rcc.h ****   *         PLLI2SCFGR   PLLI2SSRC     LL_RCC_PLLI2S_ConfigDomain_I2S\n
5580:board/stm32f401rct6/Drivers/STM32F4xx_HAL_Driver/Inc/stm32f4xx_ll_rcc.h ****   *         PLLI2SCFGR   PLLI2SM       LL_RCC_PLLI2S_ConfigDomain_I2S\n
5581:board/stm32f401rct6/Drivers/STM32F4xx_HAL_Driver/Inc/stm32f4xx_ll_rcc.h ****   *         PLLI2SCFGR   PLLI2SN       LL_RCC_PLLI2S_ConfigDomain_I2S\n
5582:board/stm32f401rct6/Drivers/STM32F4xx_HAL_Driver/Inc/stm32f4xx_ll_rcc.h ****   *         PLLI2SCFGR   PLLI2SR       LL_RCC_PLLI2S_ConfigDomain_I2S
5583:board/stm32f401rct6/Drivers/STM32F4xx_HAL_Driver/Inc/stm32f4xx_ll_rcc.h ****   * @param  Source This parameter can be one of the following values:
5584:board/stm32f401rct6/Drivers/STM32F4xx_HAL_Driver/Inc/stm32f4xx_ll_rcc.h ****   *         @arg @ref LL_RCC_PLLSOURCE_HSI
5585:board/stm32f401rct6/Drivers/STM32F4xx_HAL_Driver/Inc/stm32f4xx_ll_rcc.h ****   *         @arg @ref LL_RCC_PLLSOURCE_HSE
5586:board/stm32f401rct6/Drivers/STM32F4xx_HAL_Driver/Inc/stm32f4xx_ll_rcc.h ****   *         @arg @ref LL_RCC_PLLI2SSOURCE_PIN (*)
5587:board/stm32f401rct6/Drivers/STM32F4xx_HAL_Driver/Inc/stm32f4xx_ll_rcc.h ****   *
5588:board/stm32f401rct6/Drivers/STM32F4xx_HAL_Driver/Inc/stm32f4xx_ll_rcc.h ****   *         (*) value not defined in all devices.
5589:board/stm32f401rct6/Drivers/STM32F4xx_HAL_Driver/Inc/stm32f4xx_ll_rcc.h ****   * @param  PLLM This parameter can be one of the following values:
5590:board/stm32f401rct6/Drivers/STM32F4xx_HAL_Driver/Inc/stm32f4xx_ll_rcc.h ****   *         @arg @ref LL_RCC_PLLI2SM_DIV_2
5591:board/stm32f401rct6/Drivers/STM32F4xx_HAL_Driver/Inc/stm32f4xx_ll_rcc.h ****   *         @arg @ref LL_RCC_PLLI2SM_DIV_3
5592:board/stm32f401rct6/Drivers/STM32F4xx_HAL_Driver/Inc/stm32f4xx_ll_rcc.h ****   *         @arg @ref LL_RCC_PLLI2SM_DIV_4
5593:board/stm32f401rct6/Drivers/STM32F4xx_HAL_Driver/Inc/stm32f4xx_ll_rcc.h ****   *         @arg @ref LL_RCC_PLLI2SM_DIV_5
5594:board/stm32f401rct6/Drivers/STM32F4xx_HAL_Driver/Inc/stm32f4xx_ll_rcc.h ****   *         @arg @ref LL_RCC_PLLI2SM_DIV_6
5595:board/stm32f401rct6/Drivers/STM32F4xx_HAL_Driver/Inc/stm32f4xx_ll_rcc.h ****   *         @arg @ref LL_RCC_PLLI2SM_DIV_7
5596:board/stm32f401rct6/Drivers/STM32F4xx_HAL_Driver/Inc/stm32f4xx_ll_rcc.h ****   *         @arg @ref LL_RCC_PLLI2SM_DIV_8
5597:board/stm32f401rct6/Drivers/STM32F4xx_HAL_Driver/Inc/stm32f4xx_ll_rcc.h ****   *         @arg @ref LL_RCC_PLLI2SM_DIV_9
5598:board/stm32f401rct6/Drivers/STM32F4xx_HAL_Driver/Inc/stm32f4xx_ll_rcc.h ****   *         @arg @ref LL_RCC_PLLI2SM_DIV_10
5599:board/stm32f401rct6/Drivers/STM32F4xx_HAL_Driver/Inc/stm32f4xx_ll_rcc.h ****   *         @arg @ref LL_RCC_PLLI2SM_DIV_11
5600:board/stm32f401rct6/Drivers/STM32F4xx_HAL_Driver/Inc/stm32f4xx_ll_rcc.h ****   *         @arg @ref LL_RCC_PLLI2SM_DIV_12
5601:board/stm32f401rct6/Drivers/STM32F4xx_HAL_Driver/Inc/stm32f4xx_ll_rcc.h ****   *         @arg @ref LL_RCC_PLLI2SM_DIV_13
5602:board/stm32f401rct6/Drivers/STM32F4xx_HAL_Driver/Inc/stm32f4xx_ll_rcc.h ****   *         @arg @ref LL_RCC_PLLI2SM_DIV_14
5603:board/stm32f401rct6/Drivers/STM32F4xx_HAL_Driver/Inc/stm32f4xx_ll_rcc.h ****   *         @arg @ref LL_RCC_PLLI2SM_DIV_15
5604:board/stm32f401rct6/Drivers/STM32F4xx_HAL_Driver/Inc/stm32f4xx_ll_rcc.h ****   *         @arg @ref LL_RCC_PLLI2SM_DIV_16
5605:board/stm32f401rct6/Drivers/STM32F4xx_HAL_Driver/Inc/stm32f4xx_ll_rcc.h ****   *         @arg @ref LL_RCC_PLLI2SM_DIV_17
5606:board/stm32f401rct6/Drivers/STM32F4xx_HAL_Driver/Inc/stm32f4xx_ll_rcc.h ****   *         @arg @ref LL_RCC_PLLI2SM_DIV_18
5607:board/stm32f401rct6/Drivers/STM32F4xx_HAL_Driver/Inc/stm32f4xx_ll_rcc.h ****   *         @arg @ref LL_RCC_PLLI2SM_DIV_19
5608:board/stm32f401rct6/Drivers/STM32F4xx_HAL_Driver/Inc/stm32f4xx_ll_rcc.h ****   *         @arg @ref LL_RCC_PLLI2SM_DIV_20
5609:board/stm32f401rct6/Drivers/STM32F4xx_HAL_Driver/Inc/stm32f4xx_ll_rcc.h ****   *         @arg @ref LL_RCC_PLLI2SM_DIV_21
5610:board/stm32f401rct6/Drivers/STM32F4xx_HAL_Driver/Inc/stm32f4xx_ll_rcc.h ****   *         @arg @ref LL_RCC_PLLI2SM_DIV_22
5611:board/stm32f401rct6/Drivers/STM32F4xx_HAL_Driver/Inc/stm32f4xx_ll_rcc.h ****   *         @arg @ref LL_RCC_PLLI2SM_DIV_23
5612:board/stm32f401rct6/Drivers/STM32F4xx_HAL_Driver/Inc/stm32f4xx_ll_rcc.h ****   *         @arg @ref LL_RCC_PLLI2SM_DIV_24
5613:board/stm32f401rct6/Drivers/STM32F4xx_HAL_Driver/Inc/stm32f4xx_ll_rcc.h ****   *         @arg @ref LL_RCC_PLLI2SM_DIV_25
5614:board/stm32f401rct6/Drivers/STM32F4xx_HAL_Driver/Inc/stm32f4xx_ll_rcc.h ****   *         @arg @ref LL_RCC_PLLI2SM_DIV_26
5615:board/stm32f401rct6/Drivers/STM32F4xx_HAL_Driver/Inc/stm32f4xx_ll_rcc.h ****   *         @arg @ref LL_RCC_PLLI2SM_DIV_27
5616:board/stm32f401rct6/Drivers/STM32F4xx_HAL_Driver/Inc/stm32f4xx_ll_rcc.h ****   *         @arg @ref LL_RCC_PLLI2SM_DIV_28
5617:board/stm32f401rct6/Drivers/STM32F4xx_HAL_Driver/Inc/stm32f4xx_ll_rcc.h ****   *         @arg @ref LL_RCC_PLLI2SM_DIV_29
5618:board/stm32f401rct6/Drivers/STM32F4xx_HAL_Driver/Inc/stm32f4xx_ll_rcc.h ****   *         @arg @ref LL_RCC_PLLI2SM_DIV_30
5619:board/stm32f401rct6/Drivers/STM32F4xx_HAL_Driver/Inc/stm32f4xx_ll_rcc.h ****   *         @arg @ref LL_RCC_PLLI2SM_DIV_31
5620:board/stm32f401rct6/Drivers/STM32F4xx_HAL_Driver/Inc/stm32f4xx_ll_rcc.h ****   *         @arg @ref LL_RCC_PLLI2SM_DIV_32
5621:board/stm32f401rct6/Drivers/STM32F4xx_HAL_Driver/Inc/stm32f4xx_ll_rcc.h ****   *         @arg @ref LL_RCC_PLLI2SM_DIV_33
5622:board/stm32f401rct6/Drivers/STM32F4xx_HAL_Driver/Inc/stm32f4xx_ll_rcc.h ****   *         @arg @ref LL_RCC_PLLI2SM_DIV_34
5623:board/stm32f401rct6/Drivers/STM32F4xx_HAL_Driver/Inc/stm32f4xx_ll_rcc.h ****   *         @arg @ref LL_RCC_PLLI2SM_DIV_35
5624:board/stm32f401rct6/Drivers/STM32F4xx_HAL_Driver/Inc/stm32f4xx_ll_rcc.h ****   *         @arg @ref LL_RCC_PLLI2SM_DIV_36
5625:board/stm32f401rct6/Drivers/STM32F4xx_HAL_Driver/Inc/stm32f4xx_ll_rcc.h ****   *         @arg @ref LL_RCC_PLLI2SM_DIV_37
5626:board/stm32f401rct6/Drivers/STM32F4xx_HAL_Driver/Inc/stm32f4xx_ll_rcc.h ****   *         @arg @ref LL_RCC_PLLI2SM_DIV_38
5627:board/stm32f401rct6/Drivers/STM32F4xx_HAL_Driver/Inc/stm32f4xx_ll_rcc.h ****   *         @arg @ref LL_RCC_PLLI2SM_DIV_39
5628:board/stm32f401rct6/Drivers/STM32F4xx_HAL_Driver/Inc/stm32f4xx_ll_rcc.h ****   *         @arg @ref LL_RCC_PLLI2SM_DIV_40
5629:board/stm32f401rct6/Drivers/STM32F4xx_HAL_Driver/Inc/stm32f4xx_ll_rcc.h ****   *         @arg @ref LL_RCC_PLLI2SM_DIV_41
5630:board/stm32f401rct6/Drivers/STM32F4xx_HAL_Driver/Inc/stm32f4xx_ll_rcc.h ****   *         @arg @ref LL_RCC_PLLI2SM_DIV_42
5631:board/stm32f401rct6/Drivers/STM32F4xx_HAL_Driver/Inc/stm32f4xx_ll_rcc.h ****   *         @arg @ref LL_RCC_PLLI2SM_DIV_43
5632:board/stm32f401rct6/Drivers/STM32F4xx_HAL_Driver/Inc/stm32f4xx_ll_rcc.h ****   *         @arg @ref LL_RCC_PLLI2SM_DIV_44
5633:board/stm32f401rct6/Drivers/STM32F4xx_HAL_Driver/Inc/stm32f4xx_ll_rcc.h ****   *         @arg @ref LL_RCC_PLLI2SM_DIV_45
5634:board/stm32f401rct6/Drivers/STM32F4xx_HAL_Driver/Inc/stm32f4xx_ll_rcc.h ****   *         @arg @ref LL_RCC_PLLI2SM_DIV_46
ARM GAS  C:\Users\Admin\AppData\Local\Temp\ccHMtLfr.s 			page 143


5635:board/stm32f401rct6/Drivers/STM32F4xx_HAL_Driver/Inc/stm32f4xx_ll_rcc.h ****   *         @arg @ref LL_RCC_PLLI2SM_DIV_47
5636:board/stm32f401rct6/Drivers/STM32F4xx_HAL_Driver/Inc/stm32f4xx_ll_rcc.h ****   *         @arg @ref LL_RCC_PLLI2SM_DIV_48
5637:board/stm32f401rct6/Drivers/STM32F4xx_HAL_Driver/Inc/stm32f4xx_ll_rcc.h ****   *         @arg @ref LL_RCC_PLLI2SM_DIV_49
5638:board/stm32f401rct6/Drivers/STM32F4xx_HAL_Driver/Inc/stm32f4xx_ll_rcc.h ****   *         @arg @ref LL_RCC_PLLI2SM_DIV_50
5639:board/stm32f401rct6/Drivers/STM32F4xx_HAL_Driver/Inc/stm32f4xx_ll_rcc.h ****   *         @arg @ref LL_RCC_PLLI2SM_DIV_51
5640:board/stm32f401rct6/Drivers/STM32F4xx_HAL_Driver/Inc/stm32f4xx_ll_rcc.h ****   *         @arg @ref LL_RCC_PLLI2SM_DIV_52
5641:board/stm32f401rct6/Drivers/STM32F4xx_HAL_Driver/Inc/stm32f4xx_ll_rcc.h ****   *         @arg @ref LL_RCC_PLLI2SM_DIV_53
5642:board/stm32f401rct6/Drivers/STM32F4xx_HAL_Driver/Inc/stm32f4xx_ll_rcc.h ****   *         @arg @ref LL_RCC_PLLI2SM_DIV_54
5643:board/stm32f401rct6/Drivers/STM32F4xx_HAL_Driver/Inc/stm32f4xx_ll_rcc.h ****   *         @arg @ref LL_RCC_PLLI2SM_DIV_55
5644:board/stm32f401rct6/Drivers/STM32F4xx_HAL_Driver/Inc/stm32f4xx_ll_rcc.h ****   *         @arg @ref LL_RCC_PLLI2SM_DIV_56
5645:board/stm32f401rct6/Drivers/STM32F4xx_HAL_Driver/Inc/stm32f4xx_ll_rcc.h ****   *         @arg @ref LL_RCC_PLLI2SM_DIV_57
5646:board/stm32f401rct6/Drivers/STM32F4xx_HAL_Driver/Inc/stm32f4xx_ll_rcc.h ****   *         @arg @ref LL_RCC_PLLI2SM_DIV_58
5647:board/stm32f401rct6/Drivers/STM32F4xx_HAL_Driver/Inc/stm32f4xx_ll_rcc.h ****   *         @arg @ref LL_RCC_PLLI2SM_DIV_59
5648:board/stm32f401rct6/Drivers/STM32F4xx_HAL_Driver/Inc/stm32f4xx_ll_rcc.h ****   *         @arg @ref LL_RCC_PLLI2SM_DIV_60
5649:board/stm32f401rct6/Drivers/STM32F4xx_HAL_Driver/Inc/stm32f4xx_ll_rcc.h ****   *         @arg @ref LL_RCC_PLLI2SM_DIV_61
5650:board/stm32f401rct6/Drivers/STM32F4xx_HAL_Driver/Inc/stm32f4xx_ll_rcc.h ****   *         @arg @ref LL_RCC_PLLI2SM_DIV_62
5651:board/stm32f401rct6/Drivers/STM32F4xx_HAL_Driver/Inc/stm32f4xx_ll_rcc.h ****   *         @arg @ref LL_RCC_PLLI2SM_DIV_63
5652:board/stm32f401rct6/Drivers/STM32F4xx_HAL_Driver/Inc/stm32f4xx_ll_rcc.h ****   * @param  PLLN Between 50/192(*) and 432
5653:board/stm32f401rct6/Drivers/STM32F4xx_HAL_Driver/Inc/stm32f4xx_ll_rcc.h ****   *
5654:board/stm32f401rct6/Drivers/STM32F4xx_HAL_Driver/Inc/stm32f4xx_ll_rcc.h ****   *         (*) value not defined in all devices.
5655:board/stm32f401rct6/Drivers/STM32F4xx_HAL_Driver/Inc/stm32f4xx_ll_rcc.h ****   * @param  PLLR This parameter can be one of the following values:
5656:board/stm32f401rct6/Drivers/STM32F4xx_HAL_Driver/Inc/stm32f4xx_ll_rcc.h ****   *         @arg @ref LL_RCC_PLLI2SR_DIV_2
5657:board/stm32f401rct6/Drivers/STM32F4xx_HAL_Driver/Inc/stm32f4xx_ll_rcc.h ****   *         @arg @ref LL_RCC_PLLI2SR_DIV_3
5658:board/stm32f401rct6/Drivers/STM32F4xx_HAL_Driver/Inc/stm32f4xx_ll_rcc.h ****   *         @arg @ref LL_RCC_PLLI2SR_DIV_4
5659:board/stm32f401rct6/Drivers/STM32F4xx_HAL_Driver/Inc/stm32f4xx_ll_rcc.h ****   *         @arg @ref LL_RCC_PLLI2SR_DIV_5
5660:board/stm32f401rct6/Drivers/STM32F4xx_HAL_Driver/Inc/stm32f4xx_ll_rcc.h ****   *         @arg @ref LL_RCC_PLLI2SR_DIV_6
5661:board/stm32f401rct6/Drivers/STM32F4xx_HAL_Driver/Inc/stm32f4xx_ll_rcc.h ****   *         @arg @ref LL_RCC_PLLI2SR_DIV_7
5662:board/stm32f401rct6/Drivers/STM32F4xx_HAL_Driver/Inc/stm32f4xx_ll_rcc.h ****   * @retval None
5663:board/stm32f401rct6/Drivers/STM32F4xx_HAL_Driver/Inc/stm32f4xx_ll_rcc.h ****   */
5664:board/stm32f401rct6/Drivers/STM32F4xx_HAL_Driver/Inc/stm32f4xx_ll_rcc.h **** __STATIC_INLINE void LL_RCC_PLLI2S_ConfigDomain_I2S(uint32_t Source, uint32_t PLLM, uint32_t PLLN, 
5665:board/stm32f401rct6/Drivers/STM32F4xx_HAL_Driver/Inc/stm32f4xx_ll_rcc.h **** {
5666:board/stm32f401rct6/Drivers/STM32F4xx_HAL_Driver/Inc/stm32f4xx_ll_rcc.h ****   __IO uint32_t *pReg = (__IO uint32_t *)((uint32_t)((uint32_t)(&RCC->PLLCFGR) + (Source & 0x80U)))
5667:board/stm32f401rct6/Drivers/STM32F4xx_HAL_Driver/Inc/stm32f4xx_ll_rcc.h ****   MODIFY_REG(*pReg, RCC_PLLCFGR_PLLSRC, (Source & (~0x80U)));
5668:board/stm32f401rct6/Drivers/STM32F4xx_HAL_Driver/Inc/stm32f4xx_ll_rcc.h **** #if defined(RCC_PLLI2SCFGR_PLLI2SM)
5669:board/stm32f401rct6/Drivers/STM32F4xx_HAL_Driver/Inc/stm32f4xx_ll_rcc.h ****   MODIFY_REG(RCC->PLLI2SCFGR, RCC_PLLI2SCFGR_PLLI2SM, PLLM);
5670:board/stm32f401rct6/Drivers/STM32F4xx_HAL_Driver/Inc/stm32f4xx_ll_rcc.h **** #else
5671:board/stm32f401rct6/Drivers/STM32F4xx_HAL_Driver/Inc/stm32f4xx_ll_rcc.h ****   MODIFY_REG(RCC->PLLCFGR, RCC_PLLCFGR_PLLM, PLLM);
5672:board/stm32f401rct6/Drivers/STM32F4xx_HAL_Driver/Inc/stm32f4xx_ll_rcc.h **** #endif /* RCC_PLLI2SCFGR_PLLI2SM */
5673:board/stm32f401rct6/Drivers/STM32F4xx_HAL_Driver/Inc/stm32f4xx_ll_rcc.h ****   MODIFY_REG(RCC->PLLI2SCFGR, RCC_PLLI2SCFGR_PLLI2SN | RCC_PLLI2SCFGR_PLLI2SR, PLLN << RCC_PLLI2SCF
5674:board/stm32f401rct6/Drivers/STM32F4xx_HAL_Driver/Inc/stm32f4xx_ll_rcc.h **** }
5675:board/stm32f401rct6/Drivers/STM32F4xx_HAL_Driver/Inc/stm32f4xx_ll_rcc.h **** 
5676:board/stm32f401rct6/Drivers/STM32F4xx_HAL_Driver/Inc/stm32f4xx_ll_rcc.h **** /**
5677:board/stm32f401rct6/Drivers/STM32F4xx_HAL_Driver/Inc/stm32f4xx_ll_rcc.h ****   * @brief  Get I2SPLL multiplication factor for VCO
5678:board/stm32f401rct6/Drivers/STM32F4xx_HAL_Driver/Inc/stm32f4xx_ll_rcc.h ****   * @rmtoll PLLI2SCFGR  PLLI2SN      LL_RCC_PLLI2S_GetN
5679:board/stm32f401rct6/Drivers/STM32F4xx_HAL_Driver/Inc/stm32f4xx_ll_rcc.h ****   * @retval Between 50/192(*) and 432
5680:board/stm32f401rct6/Drivers/STM32F4xx_HAL_Driver/Inc/stm32f4xx_ll_rcc.h ****   *
5681:board/stm32f401rct6/Drivers/STM32F4xx_HAL_Driver/Inc/stm32f4xx_ll_rcc.h ****   *         (*) value not defined in all devices.
5682:board/stm32f401rct6/Drivers/STM32F4xx_HAL_Driver/Inc/stm32f4xx_ll_rcc.h ****   */
5683:board/stm32f401rct6/Drivers/STM32F4xx_HAL_Driver/Inc/stm32f4xx_ll_rcc.h **** __STATIC_INLINE uint32_t LL_RCC_PLLI2S_GetN(void)
5684:board/stm32f401rct6/Drivers/STM32F4xx_HAL_Driver/Inc/stm32f4xx_ll_rcc.h **** {
5685:board/stm32f401rct6/Drivers/STM32F4xx_HAL_Driver/Inc/stm32f4xx_ll_rcc.h ****   return (uint32_t)(READ_BIT(RCC->PLLI2SCFGR, RCC_PLLI2SCFGR_PLLI2SN) >> RCC_PLLI2SCFGR_PLLI2SN_Pos
5686:board/stm32f401rct6/Drivers/STM32F4xx_HAL_Driver/Inc/stm32f4xx_ll_rcc.h **** }
5687:board/stm32f401rct6/Drivers/STM32F4xx_HAL_Driver/Inc/stm32f4xx_ll_rcc.h **** 
5688:board/stm32f401rct6/Drivers/STM32F4xx_HAL_Driver/Inc/stm32f4xx_ll_rcc.h **** #if defined(RCC_PLLI2SCFGR_PLLI2SQ)
5689:board/stm32f401rct6/Drivers/STM32F4xx_HAL_Driver/Inc/stm32f4xx_ll_rcc.h **** /**
5690:board/stm32f401rct6/Drivers/STM32F4xx_HAL_Driver/Inc/stm32f4xx_ll_rcc.h ****   * @brief  Get I2SPLL division factor for PLLI2SQ
5691:board/stm32f401rct6/Drivers/STM32F4xx_HAL_Driver/Inc/stm32f4xx_ll_rcc.h ****   * @rmtoll PLLI2SCFGR  PLLI2SQ      LL_RCC_PLLI2S_GetQ
ARM GAS  C:\Users\Admin\AppData\Local\Temp\ccHMtLfr.s 			page 144


5692:board/stm32f401rct6/Drivers/STM32F4xx_HAL_Driver/Inc/stm32f4xx_ll_rcc.h ****   * @retval Returned value can be one of the following values:
5693:board/stm32f401rct6/Drivers/STM32F4xx_HAL_Driver/Inc/stm32f4xx_ll_rcc.h ****   *         @arg @ref LL_RCC_PLLI2SQ_DIV_2
5694:board/stm32f401rct6/Drivers/STM32F4xx_HAL_Driver/Inc/stm32f4xx_ll_rcc.h ****   *         @arg @ref LL_RCC_PLLI2SQ_DIV_3
5695:board/stm32f401rct6/Drivers/STM32F4xx_HAL_Driver/Inc/stm32f4xx_ll_rcc.h ****   *         @arg @ref LL_RCC_PLLI2SQ_DIV_4
5696:board/stm32f401rct6/Drivers/STM32F4xx_HAL_Driver/Inc/stm32f4xx_ll_rcc.h ****   *         @arg @ref LL_RCC_PLLI2SQ_DIV_5
5697:board/stm32f401rct6/Drivers/STM32F4xx_HAL_Driver/Inc/stm32f4xx_ll_rcc.h ****   *         @arg @ref LL_RCC_PLLI2SQ_DIV_6
5698:board/stm32f401rct6/Drivers/STM32F4xx_HAL_Driver/Inc/stm32f4xx_ll_rcc.h ****   *         @arg @ref LL_RCC_PLLI2SQ_DIV_7
5699:board/stm32f401rct6/Drivers/STM32F4xx_HAL_Driver/Inc/stm32f4xx_ll_rcc.h ****   *         @arg @ref LL_RCC_PLLI2SQ_DIV_8
5700:board/stm32f401rct6/Drivers/STM32F4xx_HAL_Driver/Inc/stm32f4xx_ll_rcc.h ****   *         @arg @ref LL_RCC_PLLI2SQ_DIV_9
5701:board/stm32f401rct6/Drivers/STM32F4xx_HAL_Driver/Inc/stm32f4xx_ll_rcc.h ****   *         @arg @ref LL_RCC_PLLI2SQ_DIV_10
5702:board/stm32f401rct6/Drivers/STM32F4xx_HAL_Driver/Inc/stm32f4xx_ll_rcc.h ****   *         @arg @ref LL_RCC_PLLI2SQ_DIV_11
5703:board/stm32f401rct6/Drivers/STM32F4xx_HAL_Driver/Inc/stm32f4xx_ll_rcc.h ****   *         @arg @ref LL_RCC_PLLI2SQ_DIV_12
5704:board/stm32f401rct6/Drivers/STM32F4xx_HAL_Driver/Inc/stm32f4xx_ll_rcc.h ****   *         @arg @ref LL_RCC_PLLI2SQ_DIV_13
5705:board/stm32f401rct6/Drivers/STM32F4xx_HAL_Driver/Inc/stm32f4xx_ll_rcc.h ****   *         @arg @ref LL_RCC_PLLI2SQ_DIV_14
5706:board/stm32f401rct6/Drivers/STM32F4xx_HAL_Driver/Inc/stm32f4xx_ll_rcc.h ****   *         @arg @ref LL_RCC_PLLI2SQ_DIV_15
5707:board/stm32f401rct6/Drivers/STM32F4xx_HAL_Driver/Inc/stm32f4xx_ll_rcc.h ****   */
5708:board/stm32f401rct6/Drivers/STM32F4xx_HAL_Driver/Inc/stm32f4xx_ll_rcc.h **** __STATIC_INLINE uint32_t LL_RCC_PLLI2S_GetQ(void)
5709:board/stm32f401rct6/Drivers/STM32F4xx_HAL_Driver/Inc/stm32f4xx_ll_rcc.h **** {
5710:board/stm32f401rct6/Drivers/STM32F4xx_HAL_Driver/Inc/stm32f4xx_ll_rcc.h ****   return (uint32_t)(READ_BIT(RCC->PLLI2SCFGR, RCC_PLLI2SCFGR_PLLI2SQ));
5711:board/stm32f401rct6/Drivers/STM32F4xx_HAL_Driver/Inc/stm32f4xx_ll_rcc.h **** }
5712:board/stm32f401rct6/Drivers/STM32F4xx_HAL_Driver/Inc/stm32f4xx_ll_rcc.h **** #endif /* RCC_PLLI2SCFGR_PLLI2SQ */
5713:board/stm32f401rct6/Drivers/STM32F4xx_HAL_Driver/Inc/stm32f4xx_ll_rcc.h **** 
5714:board/stm32f401rct6/Drivers/STM32F4xx_HAL_Driver/Inc/stm32f4xx_ll_rcc.h **** /**
5715:board/stm32f401rct6/Drivers/STM32F4xx_HAL_Driver/Inc/stm32f4xx_ll_rcc.h ****   * @brief  Get I2SPLL division factor for PLLI2SR
5716:board/stm32f401rct6/Drivers/STM32F4xx_HAL_Driver/Inc/stm32f4xx_ll_rcc.h ****   * @note used for PLLI2SCLK (I2S clock)
5717:board/stm32f401rct6/Drivers/STM32F4xx_HAL_Driver/Inc/stm32f4xx_ll_rcc.h ****   * @rmtoll PLLI2SCFGR  PLLI2SR      LL_RCC_PLLI2S_GetR
5718:board/stm32f401rct6/Drivers/STM32F4xx_HAL_Driver/Inc/stm32f4xx_ll_rcc.h ****   * @retval Returned value can be one of the following values:
5719:board/stm32f401rct6/Drivers/STM32F4xx_HAL_Driver/Inc/stm32f4xx_ll_rcc.h ****   *         @arg @ref LL_RCC_PLLI2SR_DIV_2
5720:board/stm32f401rct6/Drivers/STM32F4xx_HAL_Driver/Inc/stm32f4xx_ll_rcc.h ****   *         @arg @ref LL_RCC_PLLI2SR_DIV_3
5721:board/stm32f401rct6/Drivers/STM32F4xx_HAL_Driver/Inc/stm32f4xx_ll_rcc.h ****   *         @arg @ref LL_RCC_PLLI2SR_DIV_4
5722:board/stm32f401rct6/Drivers/STM32F4xx_HAL_Driver/Inc/stm32f4xx_ll_rcc.h ****   *         @arg @ref LL_RCC_PLLI2SR_DIV_5
5723:board/stm32f401rct6/Drivers/STM32F4xx_HAL_Driver/Inc/stm32f4xx_ll_rcc.h ****   *         @arg @ref LL_RCC_PLLI2SR_DIV_6
5724:board/stm32f401rct6/Drivers/STM32F4xx_HAL_Driver/Inc/stm32f4xx_ll_rcc.h ****   *         @arg @ref LL_RCC_PLLI2SR_DIV_7
5725:board/stm32f401rct6/Drivers/STM32F4xx_HAL_Driver/Inc/stm32f4xx_ll_rcc.h ****   */
5726:board/stm32f401rct6/Drivers/STM32F4xx_HAL_Driver/Inc/stm32f4xx_ll_rcc.h **** __STATIC_INLINE uint32_t LL_RCC_PLLI2S_GetR(void)
5727:board/stm32f401rct6/Drivers/STM32F4xx_HAL_Driver/Inc/stm32f4xx_ll_rcc.h **** {
5728:board/stm32f401rct6/Drivers/STM32F4xx_HAL_Driver/Inc/stm32f4xx_ll_rcc.h ****   return (uint32_t)(READ_BIT(RCC->PLLI2SCFGR, RCC_PLLI2SCFGR_PLLI2SR));
5729:board/stm32f401rct6/Drivers/STM32F4xx_HAL_Driver/Inc/stm32f4xx_ll_rcc.h **** }
5730:board/stm32f401rct6/Drivers/STM32F4xx_HAL_Driver/Inc/stm32f4xx_ll_rcc.h **** 
5731:board/stm32f401rct6/Drivers/STM32F4xx_HAL_Driver/Inc/stm32f4xx_ll_rcc.h **** #if defined(RCC_PLLI2SCFGR_PLLI2SP)
5732:board/stm32f401rct6/Drivers/STM32F4xx_HAL_Driver/Inc/stm32f4xx_ll_rcc.h **** /**
5733:board/stm32f401rct6/Drivers/STM32F4xx_HAL_Driver/Inc/stm32f4xx_ll_rcc.h ****   * @brief  Get I2SPLL division factor for PLLI2SP
5734:board/stm32f401rct6/Drivers/STM32F4xx_HAL_Driver/Inc/stm32f4xx_ll_rcc.h ****   * @note used for PLLSPDIFRXCLK (SPDIFRX clock)
5735:board/stm32f401rct6/Drivers/STM32F4xx_HAL_Driver/Inc/stm32f4xx_ll_rcc.h ****   * @rmtoll PLLI2SCFGR  PLLI2SP      LL_RCC_PLLI2S_GetP
5736:board/stm32f401rct6/Drivers/STM32F4xx_HAL_Driver/Inc/stm32f4xx_ll_rcc.h ****   * @retval Returned value can be one of the following values:
5737:board/stm32f401rct6/Drivers/STM32F4xx_HAL_Driver/Inc/stm32f4xx_ll_rcc.h ****   *         @arg @ref LL_RCC_PLLI2SP_DIV_2
5738:board/stm32f401rct6/Drivers/STM32F4xx_HAL_Driver/Inc/stm32f4xx_ll_rcc.h ****   *         @arg @ref LL_RCC_PLLI2SP_DIV_4
5739:board/stm32f401rct6/Drivers/STM32F4xx_HAL_Driver/Inc/stm32f4xx_ll_rcc.h ****   *         @arg @ref LL_RCC_PLLI2SP_DIV_6
5740:board/stm32f401rct6/Drivers/STM32F4xx_HAL_Driver/Inc/stm32f4xx_ll_rcc.h ****   *         @arg @ref LL_RCC_PLLI2SP_DIV_8
5741:board/stm32f401rct6/Drivers/STM32F4xx_HAL_Driver/Inc/stm32f4xx_ll_rcc.h ****   */
5742:board/stm32f401rct6/Drivers/STM32F4xx_HAL_Driver/Inc/stm32f4xx_ll_rcc.h **** __STATIC_INLINE uint32_t LL_RCC_PLLI2S_GetP(void)
5743:board/stm32f401rct6/Drivers/STM32F4xx_HAL_Driver/Inc/stm32f4xx_ll_rcc.h **** {
5744:board/stm32f401rct6/Drivers/STM32F4xx_HAL_Driver/Inc/stm32f4xx_ll_rcc.h ****   return (uint32_t)(READ_BIT(RCC->PLLI2SCFGR, RCC_PLLI2SCFGR_PLLI2SP));
5745:board/stm32f401rct6/Drivers/STM32F4xx_HAL_Driver/Inc/stm32f4xx_ll_rcc.h **** }
5746:board/stm32f401rct6/Drivers/STM32F4xx_HAL_Driver/Inc/stm32f4xx_ll_rcc.h **** #endif /* RCC_PLLI2SCFGR_PLLI2SP */
5747:board/stm32f401rct6/Drivers/STM32F4xx_HAL_Driver/Inc/stm32f4xx_ll_rcc.h **** 
5748:board/stm32f401rct6/Drivers/STM32F4xx_HAL_Driver/Inc/stm32f4xx_ll_rcc.h **** #if defined(RCC_DCKCFGR_PLLI2SDIVQ)
ARM GAS  C:\Users\Admin\AppData\Local\Temp\ccHMtLfr.s 			page 145


5749:board/stm32f401rct6/Drivers/STM32F4xx_HAL_Driver/Inc/stm32f4xx_ll_rcc.h **** /**
5750:board/stm32f401rct6/Drivers/STM32F4xx_HAL_Driver/Inc/stm32f4xx_ll_rcc.h ****   * @brief  Get I2SPLL division factor for PLLI2SDIVQ
5751:board/stm32f401rct6/Drivers/STM32F4xx_HAL_Driver/Inc/stm32f4xx_ll_rcc.h ****   * @note used PLLSAICLK selected (SAI clock)
5752:board/stm32f401rct6/Drivers/STM32F4xx_HAL_Driver/Inc/stm32f4xx_ll_rcc.h ****   * @rmtoll DCKCFGR   PLLI2SDIVQ      LL_RCC_PLLI2S_GetDIVQ
5753:board/stm32f401rct6/Drivers/STM32F4xx_HAL_Driver/Inc/stm32f4xx_ll_rcc.h ****   * @retval Returned value can be one of the following values:
5754:board/stm32f401rct6/Drivers/STM32F4xx_HAL_Driver/Inc/stm32f4xx_ll_rcc.h ****   *         @arg @ref LL_RCC_PLLI2SDIVQ_DIV_1
5755:board/stm32f401rct6/Drivers/STM32F4xx_HAL_Driver/Inc/stm32f4xx_ll_rcc.h ****   *         @arg @ref LL_RCC_PLLI2SDIVQ_DIV_2
5756:board/stm32f401rct6/Drivers/STM32F4xx_HAL_Driver/Inc/stm32f4xx_ll_rcc.h ****   *         @arg @ref LL_RCC_PLLI2SDIVQ_DIV_3
5757:board/stm32f401rct6/Drivers/STM32F4xx_HAL_Driver/Inc/stm32f4xx_ll_rcc.h ****   *         @arg @ref LL_RCC_PLLI2SDIVQ_DIV_4
5758:board/stm32f401rct6/Drivers/STM32F4xx_HAL_Driver/Inc/stm32f4xx_ll_rcc.h ****   *         @arg @ref LL_RCC_PLLI2SDIVQ_DIV_5
5759:board/stm32f401rct6/Drivers/STM32F4xx_HAL_Driver/Inc/stm32f4xx_ll_rcc.h ****   *         @arg @ref LL_RCC_PLLI2SDIVQ_DIV_6
5760:board/stm32f401rct6/Drivers/STM32F4xx_HAL_Driver/Inc/stm32f4xx_ll_rcc.h ****   *         @arg @ref LL_RCC_PLLI2SDIVQ_DIV_7
5761:board/stm32f401rct6/Drivers/STM32F4xx_HAL_Driver/Inc/stm32f4xx_ll_rcc.h ****   *         @arg @ref LL_RCC_PLLI2SDIVQ_DIV_8
5762:board/stm32f401rct6/Drivers/STM32F4xx_HAL_Driver/Inc/stm32f4xx_ll_rcc.h ****   *         @arg @ref LL_RCC_PLLI2SDIVQ_DIV_9
5763:board/stm32f401rct6/Drivers/STM32F4xx_HAL_Driver/Inc/stm32f4xx_ll_rcc.h ****   *         @arg @ref LL_RCC_PLLI2SDIVQ_DIV_10
5764:board/stm32f401rct6/Drivers/STM32F4xx_HAL_Driver/Inc/stm32f4xx_ll_rcc.h ****   *         @arg @ref LL_RCC_PLLI2SDIVQ_DIV_11
5765:board/stm32f401rct6/Drivers/STM32F4xx_HAL_Driver/Inc/stm32f4xx_ll_rcc.h ****   *         @arg @ref LL_RCC_PLLI2SDIVQ_DIV_12
5766:board/stm32f401rct6/Drivers/STM32F4xx_HAL_Driver/Inc/stm32f4xx_ll_rcc.h ****   *         @arg @ref LL_RCC_PLLI2SDIVQ_DIV_13
5767:board/stm32f401rct6/Drivers/STM32F4xx_HAL_Driver/Inc/stm32f4xx_ll_rcc.h ****   *         @arg @ref LL_RCC_PLLI2SDIVQ_DIV_14
5768:board/stm32f401rct6/Drivers/STM32F4xx_HAL_Driver/Inc/stm32f4xx_ll_rcc.h ****   *         @arg @ref LL_RCC_PLLI2SDIVQ_DIV_15
5769:board/stm32f401rct6/Drivers/STM32F4xx_HAL_Driver/Inc/stm32f4xx_ll_rcc.h ****   *         @arg @ref LL_RCC_PLLI2SDIVQ_DIV_16
5770:board/stm32f401rct6/Drivers/STM32F4xx_HAL_Driver/Inc/stm32f4xx_ll_rcc.h ****   *         @arg @ref LL_RCC_PLLI2SDIVQ_DIV_17
5771:board/stm32f401rct6/Drivers/STM32F4xx_HAL_Driver/Inc/stm32f4xx_ll_rcc.h ****   *         @arg @ref LL_RCC_PLLI2SDIVQ_DIV_18
5772:board/stm32f401rct6/Drivers/STM32F4xx_HAL_Driver/Inc/stm32f4xx_ll_rcc.h ****   *         @arg @ref LL_RCC_PLLI2SDIVQ_DIV_19
5773:board/stm32f401rct6/Drivers/STM32F4xx_HAL_Driver/Inc/stm32f4xx_ll_rcc.h ****   *         @arg @ref LL_RCC_PLLI2SDIVQ_DIV_20
5774:board/stm32f401rct6/Drivers/STM32F4xx_HAL_Driver/Inc/stm32f4xx_ll_rcc.h ****   *         @arg @ref LL_RCC_PLLI2SDIVQ_DIV_21
5775:board/stm32f401rct6/Drivers/STM32F4xx_HAL_Driver/Inc/stm32f4xx_ll_rcc.h ****   *         @arg @ref LL_RCC_PLLI2SDIVQ_DIV_22
5776:board/stm32f401rct6/Drivers/STM32F4xx_HAL_Driver/Inc/stm32f4xx_ll_rcc.h ****   *         @arg @ref LL_RCC_PLLI2SDIVQ_DIV_23
5777:board/stm32f401rct6/Drivers/STM32F4xx_HAL_Driver/Inc/stm32f4xx_ll_rcc.h ****   *         @arg @ref LL_RCC_PLLI2SDIVQ_DIV_24
5778:board/stm32f401rct6/Drivers/STM32F4xx_HAL_Driver/Inc/stm32f4xx_ll_rcc.h ****   *         @arg @ref LL_RCC_PLLI2SDIVQ_DIV_25
5779:board/stm32f401rct6/Drivers/STM32F4xx_HAL_Driver/Inc/stm32f4xx_ll_rcc.h ****   *         @arg @ref LL_RCC_PLLI2SDIVQ_DIV_26
5780:board/stm32f401rct6/Drivers/STM32F4xx_HAL_Driver/Inc/stm32f4xx_ll_rcc.h ****   *         @arg @ref LL_RCC_PLLI2SDIVQ_DIV_27
5781:board/stm32f401rct6/Drivers/STM32F4xx_HAL_Driver/Inc/stm32f4xx_ll_rcc.h ****   *         @arg @ref LL_RCC_PLLI2SDIVQ_DIV_28
5782:board/stm32f401rct6/Drivers/STM32F4xx_HAL_Driver/Inc/stm32f4xx_ll_rcc.h ****   *         @arg @ref LL_RCC_PLLI2SDIVQ_DIV_29
5783:board/stm32f401rct6/Drivers/STM32F4xx_HAL_Driver/Inc/stm32f4xx_ll_rcc.h ****   *         @arg @ref LL_RCC_PLLI2SDIVQ_DIV_30
5784:board/stm32f401rct6/Drivers/STM32F4xx_HAL_Driver/Inc/stm32f4xx_ll_rcc.h ****   *         @arg @ref LL_RCC_PLLI2SDIVQ_DIV_31
5785:board/stm32f401rct6/Drivers/STM32F4xx_HAL_Driver/Inc/stm32f4xx_ll_rcc.h ****   *         @arg @ref LL_RCC_PLLI2SDIVQ_DIV_32
5786:board/stm32f401rct6/Drivers/STM32F4xx_HAL_Driver/Inc/stm32f4xx_ll_rcc.h ****   */
5787:board/stm32f401rct6/Drivers/STM32F4xx_HAL_Driver/Inc/stm32f4xx_ll_rcc.h **** __STATIC_INLINE uint32_t LL_RCC_PLLI2S_GetDIVQ(void)
5788:board/stm32f401rct6/Drivers/STM32F4xx_HAL_Driver/Inc/stm32f4xx_ll_rcc.h **** {
5789:board/stm32f401rct6/Drivers/STM32F4xx_HAL_Driver/Inc/stm32f4xx_ll_rcc.h ****   return (uint32_t)(READ_BIT(RCC->DCKCFGR, RCC_DCKCFGR_PLLI2SDIVQ));
5790:board/stm32f401rct6/Drivers/STM32F4xx_HAL_Driver/Inc/stm32f4xx_ll_rcc.h **** }
5791:board/stm32f401rct6/Drivers/STM32F4xx_HAL_Driver/Inc/stm32f4xx_ll_rcc.h **** #endif /* RCC_DCKCFGR_PLLI2SDIVQ */
5792:board/stm32f401rct6/Drivers/STM32F4xx_HAL_Driver/Inc/stm32f4xx_ll_rcc.h **** 
5793:board/stm32f401rct6/Drivers/STM32F4xx_HAL_Driver/Inc/stm32f4xx_ll_rcc.h **** #if defined(RCC_DCKCFGR_PLLI2SDIVR)
5794:board/stm32f401rct6/Drivers/STM32F4xx_HAL_Driver/Inc/stm32f4xx_ll_rcc.h **** /**
5795:board/stm32f401rct6/Drivers/STM32F4xx_HAL_Driver/Inc/stm32f4xx_ll_rcc.h ****   * @brief  Get I2SPLL division factor for PLLI2SDIVR
5796:board/stm32f401rct6/Drivers/STM32F4xx_HAL_Driver/Inc/stm32f4xx_ll_rcc.h ****   * @note used PLLSAICLK selected (SAI clock)
5797:board/stm32f401rct6/Drivers/STM32F4xx_HAL_Driver/Inc/stm32f4xx_ll_rcc.h ****   * @rmtoll DCKCFGR   PLLI2SDIVR      LL_RCC_PLLI2S_GetDIVR
5798:board/stm32f401rct6/Drivers/STM32F4xx_HAL_Driver/Inc/stm32f4xx_ll_rcc.h ****   * @retval Returned value can be one of the following values:
5799:board/stm32f401rct6/Drivers/STM32F4xx_HAL_Driver/Inc/stm32f4xx_ll_rcc.h ****   *         @arg @ref LL_RCC_PLLI2SDIVR_DIV_1
5800:board/stm32f401rct6/Drivers/STM32F4xx_HAL_Driver/Inc/stm32f4xx_ll_rcc.h ****   *         @arg @ref LL_RCC_PLLI2SDIVR_DIV_2
5801:board/stm32f401rct6/Drivers/STM32F4xx_HAL_Driver/Inc/stm32f4xx_ll_rcc.h ****   *         @arg @ref LL_RCC_PLLI2SDIVR_DIV_3
5802:board/stm32f401rct6/Drivers/STM32F4xx_HAL_Driver/Inc/stm32f4xx_ll_rcc.h ****   *         @arg @ref LL_RCC_PLLI2SDIVR_DIV_4
5803:board/stm32f401rct6/Drivers/STM32F4xx_HAL_Driver/Inc/stm32f4xx_ll_rcc.h ****   *         @arg @ref LL_RCC_PLLI2SDIVR_DIV_5
5804:board/stm32f401rct6/Drivers/STM32F4xx_HAL_Driver/Inc/stm32f4xx_ll_rcc.h ****   *         @arg @ref LL_RCC_PLLI2SDIVR_DIV_6
5805:board/stm32f401rct6/Drivers/STM32F4xx_HAL_Driver/Inc/stm32f4xx_ll_rcc.h ****   *         @arg @ref LL_RCC_PLLI2SDIVR_DIV_7
ARM GAS  C:\Users\Admin\AppData\Local\Temp\ccHMtLfr.s 			page 146


5806:board/stm32f401rct6/Drivers/STM32F4xx_HAL_Driver/Inc/stm32f4xx_ll_rcc.h ****   *         @arg @ref LL_RCC_PLLI2SDIVR_DIV_8
5807:board/stm32f401rct6/Drivers/STM32F4xx_HAL_Driver/Inc/stm32f4xx_ll_rcc.h ****   *         @arg @ref LL_RCC_PLLI2SDIVR_DIV_9
5808:board/stm32f401rct6/Drivers/STM32F4xx_HAL_Driver/Inc/stm32f4xx_ll_rcc.h ****   *         @arg @ref LL_RCC_PLLI2SDIVR_DIV_10
5809:board/stm32f401rct6/Drivers/STM32F4xx_HAL_Driver/Inc/stm32f4xx_ll_rcc.h ****   *         @arg @ref LL_RCC_PLLI2SDIVR_DIV_11
5810:board/stm32f401rct6/Drivers/STM32F4xx_HAL_Driver/Inc/stm32f4xx_ll_rcc.h ****   *         @arg @ref LL_RCC_PLLI2SDIVR_DIV_12
5811:board/stm32f401rct6/Drivers/STM32F4xx_HAL_Driver/Inc/stm32f4xx_ll_rcc.h ****   *         @arg @ref LL_RCC_PLLI2SDIVR_DIV_13
5812:board/stm32f401rct6/Drivers/STM32F4xx_HAL_Driver/Inc/stm32f4xx_ll_rcc.h ****   *         @arg @ref LL_RCC_PLLI2SDIVR_DIV_14
5813:board/stm32f401rct6/Drivers/STM32F4xx_HAL_Driver/Inc/stm32f4xx_ll_rcc.h ****   *         @arg @ref LL_RCC_PLLI2SDIVR_DIV_15
5814:board/stm32f401rct6/Drivers/STM32F4xx_HAL_Driver/Inc/stm32f4xx_ll_rcc.h ****   *         @arg @ref LL_RCC_PLLI2SDIVR_DIV_16
5815:board/stm32f401rct6/Drivers/STM32F4xx_HAL_Driver/Inc/stm32f4xx_ll_rcc.h ****   *         @arg @ref LL_RCC_PLLI2SDIVR_DIV_17
5816:board/stm32f401rct6/Drivers/STM32F4xx_HAL_Driver/Inc/stm32f4xx_ll_rcc.h ****   *         @arg @ref LL_RCC_PLLI2SDIVR_DIV_18
5817:board/stm32f401rct6/Drivers/STM32F4xx_HAL_Driver/Inc/stm32f4xx_ll_rcc.h ****   *         @arg @ref LL_RCC_PLLI2SDIVR_DIV_19
5818:board/stm32f401rct6/Drivers/STM32F4xx_HAL_Driver/Inc/stm32f4xx_ll_rcc.h ****   *         @arg @ref LL_RCC_PLLI2SDIVR_DIV_20
5819:board/stm32f401rct6/Drivers/STM32F4xx_HAL_Driver/Inc/stm32f4xx_ll_rcc.h ****   *         @arg @ref LL_RCC_PLLI2SDIVR_DIV_21
5820:board/stm32f401rct6/Drivers/STM32F4xx_HAL_Driver/Inc/stm32f4xx_ll_rcc.h ****   *         @arg @ref LL_RCC_PLLI2SDIVR_DIV_22
5821:board/stm32f401rct6/Drivers/STM32F4xx_HAL_Driver/Inc/stm32f4xx_ll_rcc.h ****   *         @arg @ref LL_RCC_PLLI2SDIVR_DIV_23
5822:board/stm32f401rct6/Drivers/STM32F4xx_HAL_Driver/Inc/stm32f4xx_ll_rcc.h ****   *         @arg @ref LL_RCC_PLLI2SDIVR_DIV_24
5823:board/stm32f401rct6/Drivers/STM32F4xx_HAL_Driver/Inc/stm32f4xx_ll_rcc.h ****   *         @arg @ref LL_RCC_PLLI2SDIVR_DIV_25
5824:board/stm32f401rct6/Drivers/STM32F4xx_HAL_Driver/Inc/stm32f4xx_ll_rcc.h ****   *         @arg @ref LL_RCC_PLLI2SDIVR_DIV_26
5825:board/stm32f401rct6/Drivers/STM32F4xx_HAL_Driver/Inc/stm32f4xx_ll_rcc.h ****   *         @arg @ref LL_RCC_PLLI2SDIVR_DIV_27
5826:board/stm32f401rct6/Drivers/STM32F4xx_HAL_Driver/Inc/stm32f4xx_ll_rcc.h ****   *         @arg @ref LL_RCC_PLLI2SDIVR_DIV_28
5827:board/stm32f401rct6/Drivers/STM32F4xx_HAL_Driver/Inc/stm32f4xx_ll_rcc.h ****   *         @arg @ref LL_RCC_PLLI2SDIVR_DIV_29
5828:board/stm32f401rct6/Drivers/STM32F4xx_HAL_Driver/Inc/stm32f4xx_ll_rcc.h ****   *         @arg @ref LL_RCC_PLLI2SDIVR_DIV_30
5829:board/stm32f401rct6/Drivers/STM32F4xx_HAL_Driver/Inc/stm32f4xx_ll_rcc.h ****   *         @arg @ref LL_RCC_PLLI2SDIVR_DIV_31
5830:board/stm32f401rct6/Drivers/STM32F4xx_HAL_Driver/Inc/stm32f4xx_ll_rcc.h ****   */
5831:board/stm32f401rct6/Drivers/STM32F4xx_HAL_Driver/Inc/stm32f4xx_ll_rcc.h **** __STATIC_INLINE uint32_t LL_RCC_PLLI2S_GetDIVR(void)
5832:board/stm32f401rct6/Drivers/STM32F4xx_HAL_Driver/Inc/stm32f4xx_ll_rcc.h **** {
5833:board/stm32f401rct6/Drivers/STM32F4xx_HAL_Driver/Inc/stm32f4xx_ll_rcc.h ****   return (uint32_t)(READ_BIT(RCC->DCKCFGR, RCC_DCKCFGR_PLLI2SDIVR));
5834:board/stm32f401rct6/Drivers/STM32F4xx_HAL_Driver/Inc/stm32f4xx_ll_rcc.h **** }
5835:board/stm32f401rct6/Drivers/STM32F4xx_HAL_Driver/Inc/stm32f4xx_ll_rcc.h **** #endif /* RCC_DCKCFGR_PLLI2SDIVR */
5836:board/stm32f401rct6/Drivers/STM32F4xx_HAL_Driver/Inc/stm32f4xx_ll_rcc.h **** 
5837:board/stm32f401rct6/Drivers/STM32F4xx_HAL_Driver/Inc/stm32f4xx_ll_rcc.h **** /**
5838:board/stm32f401rct6/Drivers/STM32F4xx_HAL_Driver/Inc/stm32f4xx_ll_rcc.h ****   * @brief  Get division factor for PLLI2S input clock
5839:board/stm32f401rct6/Drivers/STM32F4xx_HAL_Driver/Inc/stm32f4xx_ll_rcc.h ****   * @rmtoll PLLCFGR      PLLM          LL_RCC_PLLI2S_GetDivider\n
5840:board/stm32f401rct6/Drivers/STM32F4xx_HAL_Driver/Inc/stm32f4xx_ll_rcc.h ****   *         PLLI2SCFGR   PLLI2SM       LL_RCC_PLLI2S_GetDivider
5841:board/stm32f401rct6/Drivers/STM32F4xx_HAL_Driver/Inc/stm32f4xx_ll_rcc.h ****   * @retval Returned value can be one of the following values:
5842:board/stm32f401rct6/Drivers/STM32F4xx_HAL_Driver/Inc/stm32f4xx_ll_rcc.h ****   *         @arg @ref LL_RCC_PLLI2SM_DIV_2
5843:board/stm32f401rct6/Drivers/STM32F4xx_HAL_Driver/Inc/stm32f4xx_ll_rcc.h ****   *         @arg @ref LL_RCC_PLLI2SM_DIV_3
5844:board/stm32f401rct6/Drivers/STM32F4xx_HAL_Driver/Inc/stm32f4xx_ll_rcc.h ****   *         @arg @ref LL_RCC_PLLI2SM_DIV_4
5845:board/stm32f401rct6/Drivers/STM32F4xx_HAL_Driver/Inc/stm32f4xx_ll_rcc.h ****   *         @arg @ref LL_RCC_PLLI2SM_DIV_5
5846:board/stm32f401rct6/Drivers/STM32F4xx_HAL_Driver/Inc/stm32f4xx_ll_rcc.h ****   *         @arg @ref LL_RCC_PLLI2SM_DIV_6
5847:board/stm32f401rct6/Drivers/STM32F4xx_HAL_Driver/Inc/stm32f4xx_ll_rcc.h ****   *         @arg @ref LL_RCC_PLLI2SM_DIV_7
5848:board/stm32f401rct6/Drivers/STM32F4xx_HAL_Driver/Inc/stm32f4xx_ll_rcc.h ****   *         @arg @ref LL_RCC_PLLI2SM_DIV_8
5849:board/stm32f401rct6/Drivers/STM32F4xx_HAL_Driver/Inc/stm32f4xx_ll_rcc.h ****   *         @arg @ref LL_RCC_PLLI2SM_DIV_9
5850:board/stm32f401rct6/Drivers/STM32F4xx_HAL_Driver/Inc/stm32f4xx_ll_rcc.h ****   *         @arg @ref LL_RCC_PLLI2SM_DIV_10
5851:board/stm32f401rct6/Drivers/STM32F4xx_HAL_Driver/Inc/stm32f4xx_ll_rcc.h ****   *         @arg @ref LL_RCC_PLLI2SM_DIV_11
5852:board/stm32f401rct6/Drivers/STM32F4xx_HAL_Driver/Inc/stm32f4xx_ll_rcc.h ****   *         @arg @ref LL_RCC_PLLI2SM_DIV_12
5853:board/stm32f401rct6/Drivers/STM32F4xx_HAL_Driver/Inc/stm32f4xx_ll_rcc.h ****   *         @arg @ref LL_RCC_PLLI2SM_DIV_13
5854:board/stm32f401rct6/Drivers/STM32F4xx_HAL_Driver/Inc/stm32f4xx_ll_rcc.h ****   *         @arg @ref LL_RCC_PLLI2SM_DIV_14
5855:board/stm32f401rct6/Drivers/STM32F4xx_HAL_Driver/Inc/stm32f4xx_ll_rcc.h ****   *         @arg @ref LL_RCC_PLLI2SM_DIV_15
5856:board/stm32f401rct6/Drivers/STM32F4xx_HAL_Driver/Inc/stm32f4xx_ll_rcc.h ****   *         @arg @ref LL_RCC_PLLI2SM_DIV_16
5857:board/stm32f401rct6/Drivers/STM32F4xx_HAL_Driver/Inc/stm32f4xx_ll_rcc.h ****   *         @arg @ref LL_RCC_PLLI2SM_DIV_17
5858:board/stm32f401rct6/Drivers/STM32F4xx_HAL_Driver/Inc/stm32f4xx_ll_rcc.h ****   *         @arg @ref LL_RCC_PLLI2SM_DIV_18
5859:board/stm32f401rct6/Drivers/STM32F4xx_HAL_Driver/Inc/stm32f4xx_ll_rcc.h ****   *         @arg @ref LL_RCC_PLLI2SM_DIV_19
5860:board/stm32f401rct6/Drivers/STM32F4xx_HAL_Driver/Inc/stm32f4xx_ll_rcc.h ****   *         @arg @ref LL_RCC_PLLI2SM_DIV_20
5861:board/stm32f401rct6/Drivers/STM32F4xx_HAL_Driver/Inc/stm32f4xx_ll_rcc.h ****   *         @arg @ref LL_RCC_PLLI2SM_DIV_21
5862:board/stm32f401rct6/Drivers/STM32F4xx_HAL_Driver/Inc/stm32f4xx_ll_rcc.h ****   *         @arg @ref LL_RCC_PLLI2SM_DIV_22
ARM GAS  C:\Users\Admin\AppData\Local\Temp\ccHMtLfr.s 			page 147


5863:board/stm32f401rct6/Drivers/STM32F4xx_HAL_Driver/Inc/stm32f4xx_ll_rcc.h ****   *         @arg @ref LL_RCC_PLLI2SM_DIV_23
5864:board/stm32f401rct6/Drivers/STM32F4xx_HAL_Driver/Inc/stm32f4xx_ll_rcc.h ****   *         @arg @ref LL_RCC_PLLI2SM_DIV_24
5865:board/stm32f401rct6/Drivers/STM32F4xx_HAL_Driver/Inc/stm32f4xx_ll_rcc.h ****   *         @arg @ref LL_RCC_PLLI2SM_DIV_25
5866:board/stm32f401rct6/Drivers/STM32F4xx_HAL_Driver/Inc/stm32f4xx_ll_rcc.h ****   *         @arg @ref LL_RCC_PLLI2SM_DIV_26
5867:board/stm32f401rct6/Drivers/STM32F4xx_HAL_Driver/Inc/stm32f4xx_ll_rcc.h ****   *         @arg @ref LL_RCC_PLLI2SM_DIV_27
5868:board/stm32f401rct6/Drivers/STM32F4xx_HAL_Driver/Inc/stm32f4xx_ll_rcc.h ****   *         @arg @ref LL_RCC_PLLI2SM_DIV_28
5869:board/stm32f401rct6/Drivers/STM32F4xx_HAL_Driver/Inc/stm32f4xx_ll_rcc.h ****   *         @arg @ref LL_RCC_PLLI2SM_DIV_29
5870:board/stm32f401rct6/Drivers/STM32F4xx_HAL_Driver/Inc/stm32f4xx_ll_rcc.h ****   *         @arg @ref LL_RCC_PLLI2SM_DIV_30
5871:board/stm32f401rct6/Drivers/STM32F4xx_HAL_Driver/Inc/stm32f4xx_ll_rcc.h ****   *         @arg @ref LL_RCC_PLLI2SM_DIV_31
5872:board/stm32f401rct6/Drivers/STM32F4xx_HAL_Driver/Inc/stm32f4xx_ll_rcc.h ****   *         @arg @ref LL_RCC_PLLI2SM_DIV_32
5873:board/stm32f401rct6/Drivers/STM32F4xx_HAL_Driver/Inc/stm32f4xx_ll_rcc.h ****   *         @arg @ref LL_RCC_PLLI2SM_DIV_33
5874:board/stm32f401rct6/Drivers/STM32F4xx_HAL_Driver/Inc/stm32f4xx_ll_rcc.h ****   *         @arg @ref LL_RCC_PLLI2SM_DIV_34
5875:board/stm32f401rct6/Drivers/STM32F4xx_HAL_Driver/Inc/stm32f4xx_ll_rcc.h ****   *         @arg @ref LL_RCC_PLLI2SM_DIV_35
5876:board/stm32f401rct6/Drivers/STM32F4xx_HAL_Driver/Inc/stm32f4xx_ll_rcc.h ****   *         @arg @ref LL_RCC_PLLI2SM_DIV_36
5877:board/stm32f401rct6/Drivers/STM32F4xx_HAL_Driver/Inc/stm32f4xx_ll_rcc.h ****   *         @arg @ref LL_RCC_PLLI2SM_DIV_37
5878:board/stm32f401rct6/Drivers/STM32F4xx_HAL_Driver/Inc/stm32f4xx_ll_rcc.h ****   *         @arg @ref LL_RCC_PLLI2SM_DIV_38
5879:board/stm32f401rct6/Drivers/STM32F4xx_HAL_Driver/Inc/stm32f4xx_ll_rcc.h ****   *         @arg @ref LL_RCC_PLLI2SM_DIV_39
5880:board/stm32f401rct6/Drivers/STM32F4xx_HAL_Driver/Inc/stm32f4xx_ll_rcc.h ****   *         @arg @ref LL_RCC_PLLI2SM_DIV_40
5881:board/stm32f401rct6/Drivers/STM32F4xx_HAL_Driver/Inc/stm32f4xx_ll_rcc.h ****   *         @arg @ref LL_RCC_PLLI2SM_DIV_41
5882:board/stm32f401rct6/Drivers/STM32F4xx_HAL_Driver/Inc/stm32f4xx_ll_rcc.h ****   *         @arg @ref LL_RCC_PLLI2SM_DIV_42
5883:board/stm32f401rct6/Drivers/STM32F4xx_HAL_Driver/Inc/stm32f4xx_ll_rcc.h ****   *         @arg @ref LL_RCC_PLLI2SM_DIV_43
5884:board/stm32f401rct6/Drivers/STM32F4xx_HAL_Driver/Inc/stm32f4xx_ll_rcc.h ****   *         @arg @ref LL_RCC_PLLI2SM_DIV_44
5885:board/stm32f401rct6/Drivers/STM32F4xx_HAL_Driver/Inc/stm32f4xx_ll_rcc.h ****   *         @arg @ref LL_RCC_PLLI2SM_DIV_45
5886:board/stm32f401rct6/Drivers/STM32F4xx_HAL_Driver/Inc/stm32f4xx_ll_rcc.h ****   *         @arg @ref LL_RCC_PLLI2SM_DIV_46
5887:board/stm32f401rct6/Drivers/STM32F4xx_HAL_Driver/Inc/stm32f4xx_ll_rcc.h ****   *         @arg @ref LL_RCC_PLLI2SM_DIV_47
5888:board/stm32f401rct6/Drivers/STM32F4xx_HAL_Driver/Inc/stm32f4xx_ll_rcc.h ****   *         @arg @ref LL_RCC_PLLI2SM_DIV_48
5889:board/stm32f401rct6/Drivers/STM32F4xx_HAL_Driver/Inc/stm32f4xx_ll_rcc.h ****   *         @arg @ref LL_RCC_PLLI2SM_DIV_49
5890:board/stm32f401rct6/Drivers/STM32F4xx_HAL_Driver/Inc/stm32f4xx_ll_rcc.h ****   *         @arg @ref LL_RCC_PLLI2SM_DIV_50
5891:board/stm32f401rct6/Drivers/STM32F4xx_HAL_Driver/Inc/stm32f4xx_ll_rcc.h ****   *         @arg @ref LL_RCC_PLLI2SM_DIV_51
5892:board/stm32f401rct6/Drivers/STM32F4xx_HAL_Driver/Inc/stm32f4xx_ll_rcc.h ****   *         @arg @ref LL_RCC_PLLI2SM_DIV_52
5893:board/stm32f401rct6/Drivers/STM32F4xx_HAL_Driver/Inc/stm32f4xx_ll_rcc.h ****   *         @arg @ref LL_RCC_PLLI2SM_DIV_53
5894:board/stm32f401rct6/Drivers/STM32F4xx_HAL_Driver/Inc/stm32f4xx_ll_rcc.h ****   *         @arg @ref LL_RCC_PLLI2SM_DIV_54
5895:board/stm32f401rct6/Drivers/STM32F4xx_HAL_Driver/Inc/stm32f4xx_ll_rcc.h ****   *         @arg @ref LL_RCC_PLLI2SM_DIV_55
5896:board/stm32f401rct6/Drivers/STM32F4xx_HAL_Driver/Inc/stm32f4xx_ll_rcc.h ****   *         @arg @ref LL_RCC_PLLI2SM_DIV_56
5897:board/stm32f401rct6/Drivers/STM32F4xx_HAL_Driver/Inc/stm32f4xx_ll_rcc.h ****   *         @arg @ref LL_RCC_PLLI2SM_DIV_57
5898:board/stm32f401rct6/Drivers/STM32F4xx_HAL_Driver/Inc/stm32f4xx_ll_rcc.h ****   *         @arg @ref LL_RCC_PLLI2SM_DIV_58
5899:board/stm32f401rct6/Drivers/STM32F4xx_HAL_Driver/Inc/stm32f4xx_ll_rcc.h ****   *         @arg @ref LL_RCC_PLLI2SM_DIV_59
5900:board/stm32f401rct6/Drivers/STM32F4xx_HAL_Driver/Inc/stm32f4xx_ll_rcc.h ****   *         @arg @ref LL_RCC_PLLI2SM_DIV_60
5901:board/stm32f401rct6/Drivers/STM32F4xx_HAL_Driver/Inc/stm32f4xx_ll_rcc.h ****   *         @arg @ref LL_RCC_PLLI2SM_DIV_61
5902:board/stm32f401rct6/Drivers/STM32F4xx_HAL_Driver/Inc/stm32f4xx_ll_rcc.h ****   *         @arg @ref LL_RCC_PLLI2SM_DIV_62
5903:board/stm32f401rct6/Drivers/STM32F4xx_HAL_Driver/Inc/stm32f4xx_ll_rcc.h ****   *         @arg @ref LL_RCC_PLLI2SM_DIV_63
5904:board/stm32f401rct6/Drivers/STM32F4xx_HAL_Driver/Inc/stm32f4xx_ll_rcc.h ****   */
5905:board/stm32f401rct6/Drivers/STM32F4xx_HAL_Driver/Inc/stm32f4xx_ll_rcc.h **** __STATIC_INLINE uint32_t LL_RCC_PLLI2S_GetDivider(void)
5906:board/stm32f401rct6/Drivers/STM32F4xx_HAL_Driver/Inc/stm32f4xx_ll_rcc.h **** {
5907:board/stm32f401rct6/Drivers/STM32F4xx_HAL_Driver/Inc/stm32f4xx_ll_rcc.h **** #if defined(RCC_PLLI2SCFGR_PLLI2SM)
5908:board/stm32f401rct6/Drivers/STM32F4xx_HAL_Driver/Inc/stm32f4xx_ll_rcc.h ****   return (uint32_t)(READ_BIT(RCC->PLLI2SCFGR, RCC_PLLI2SCFGR_PLLI2SM));
5909:board/stm32f401rct6/Drivers/STM32F4xx_HAL_Driver/Inc/stm32f4xx_ll_rcc.h **** #else
5910:board/stm32f401rct6/Drivers/STM32F4xx_HAL_Driver/Inc/stm32f4xx_ll_rcc.h ****   return (uint32_t)(READ_BIT(RCC->PLLCFGR, RCC_PLLCFGR_PLLM));
5911:board/stm32f401rct6/Drivers/STM32F4xx_HAL_Driver/Inc/stm32f4xx_ll_rcc.h **** #endif /* RCC_PLLI2SCFGR_PLLI2SM */
5912:board/stm32f401rct6/Drivers/STM32F4xx_HAL_Driver/Inc/stm32f4xx_ll_rcc.h **** }
5913:board/stm32f401rct6/Drivers/STM32F4xx_HAL_Driver/Inc/stm32f4xx_ll_rcc.h **** 
5914:board/stm32f401rct6/Drivers/STM32F4xx_HAL_Driver/Inc/stm32f4xx_ll_rcc.h **** /**
5915:board/stm32f401rct6/Drivers/STM32F4xx_HAL_Driver/Inc/stm32f4xx_ll_rcc.h ****   * @brief  Get the oscillator used as PLL clock source.
5916:board/stm32f401rct6/Drivers/STM32F4xx_HAL_Driver/Inc/stm32f4xx_ll_rcc.h ****   * @rmtoll PLLCFGR      PLLSRC        LL_RCC_PLLI2S_GetMainSource\n
5917:board/stm32f401rct6/Drivers/STM32F4xx_HAL_Driver/Inc/stm32f4xx_ll_rcc.h ****   *         PLLI2SCFGR   PLLI2SSRC     LL_RCC_PLLI2S_GetMainSource
5918:board/stm32f401rct6/Drivers/STM32F4xx_HAL_Driver/Inc/stm32f4xx_ll_rcc.h ****   * @retval Returned value can be one of the following values:
5919:board/stm32f401rct6/Drivers/STM32F4xx_HAL_Driver/Inc/stm32f4xx_ll_rcc.h ****   *         @arg @ref LL_RCC_PLLSOURCE_HSI
ARM GAS  C:\Users\Admin\AppData\Local\Temp\ccHMtLfr.s 			page 148


5920:board/stm32f401rct6/Drivers/STM32F4xx_HAL_Driver/Inc/stm32f4xx_ll_rcc.h ****   *         @arg @ref LL_RCC_PLLSOURCE_HSE
5921:board/stm32f401rct6/Drivers/STM32F4xx_HAL_Driver/Inc/stm32f4xx_ll_rcc.h ****   *         @arg @ref LL_RCC_PLLI2SSOURCE_PIN (*)
5922:board/stm32f401rct6/Drivers/STM32F4xx_HAL_Driver/Inc/stm32f4xx_ll_rcc.h ****   *
5923:board/stm32f401rct6/Drivers/STM32F4xx_HAL_Driver/Inc/stm32f4xx_ll_rcc.h ****   *         (*) value not defined in all devices.
5924:board/stm32f401rct6/Drivers/STM32F4xx_HAL_Driver/Inc/stm32f4xx_ll_rcc.h ****   */
5925:board/stm32f401rct6/Drivers/STM32F4xx_HAL_Driver/Inc/stm32f4xx_ll_rcc.h **** __STATIC_INLINE uint32_t LL_RCC_PLLI2S_GetMainSource(void)
 776              		.loc 2 5925 26 view .LVU197
 777              	.LBB87:
5926:board/stm32f401rct6/Drivers/STM32F4xx_HAL_Driver/Inc/stm32f4xx_ll_rcc.h **** {
5927:board/stm32f401rct6/Drivers/STM32F4xx_HAL_Driver/Inc/stm32f4xx_ll_rcc.h **** #if defined(RCC_PLLI2SCFGR_PLLI2SSRC)
5928:board/stm32f401rct6/Drivers/STM32F4xx_HAL_Driver/Inc/stm32f4xx_ll_rcc.h ****   uint32_t pllsrc = READ_BIT(RCC->PLLCFGR, RCC_PLLCFGR_PLLSRC);
5929:board/stm32f401rct6/Drivers/STM32F4xx_HAL_Driver/Inc/stm32f4xx_ll_rcc.h ****   uint32_t plli2sssrc0 = READ_BIT(RCC->PLLI2SCFGR, RCC_PLLI2SCFGR_PLLI2SSRC);
5930:board/stm32f401rct6/Drivers/STM32F4xx_HAL_Driver/Inc/stm32f4xx_ll_rcc.h ****   uint32_t plli2sssrc1 = READ_BIT(RCC->PLLI2SCFGR, RCC_PLLI2SCFGR_PLLI2SSRC) >> 15U;
5931:board/stm32f401rct6/Drivers/STM32F4xx_HAL_Driver/Inc/stm32f4xx_ll_rcc.h ****   return (uint32_t)(pllsrc | plli2sssrc0 | plli2sssrc1);
5932:board/stm32f401rct6/Drivers/STM32F4xx_HAL_Driver/Inc/stm32f4xx_ll_rcc.h **** #else
5933:board/stm32f401rct6/Drivers/STM32F4xx_HAL_Driver/Inc/stm32f4xx_ll_rcc.h ****   return (uint32_t)(READ_BIT(RCC->PLLCFGR, RCC_PLLCFGR_PLLSRC));
 778              		.loc 2 5933 3 view .LVU198
 779              		.loc 2 5933 21 is_stmt 0 view .LVU199
 780 0000 0D4B     		ldr	r3, .L58
 781 0002 5B68     		ldr	r3, [r3, #4]
 782              	.LVL47:
 783              		.loc 2 5933 21 view .LVU200
 784              	.LBE87:
 785              	.LBE86:
1598:board/stm32f401rct6/Drivers/STM32F4xx_HAL_Driver/Src/stm32f4xx_ll_rcc.c **** 
1599:board/stm32f401rct6/Drivers/STM32F4xx_HAL_Driver/Src/stm32f4xx_ll_rcc.c ****   switch (plli2ssource)
 786              		.loc 1 1599 3 is_stmt 1 view .LVU201
 787 0004 13F4800F 		tst	r3, #4194304
 788 0008 13D0     		beq	.L57
1600:board/stm32f401rct6/Drivers/STM32F4xx_HAL_Driver/Src/stm32f4xx_ll_rcc.c ****   {
1601:board/stm32f401rct6/Drivers/STM32F4xx_HAL_Driver/Src/stm32f4xx_ll_rcc.c ****     case LL_RCC_PLLSOURCE_HSE:     /* HSE used as PLLI2S clock source */
1602:board/stm32f401rct6/Drivers/STM32F4xx_HAL_Driver/Src/stm32f4xx_ll_rcc.c ****       plli2sinputfreq = HSE_VALUE;
 789              		.loc 1 1602 23 is_stmt 0 view .LVU202
 790 000a 0C4B     		ldr	r3, .L58+4
 791              	.LVL48:
 792              	.L56:
1603:board/stm32f401rct6/Drivers/STM32F4xx_HAL_Driver/Src/stm32f4xx_ll_rcc.c ****       break;
1604:board/stm32f401rct6/Drivers/STM32F4xx_HAL_Driver/Src/stm32f4xx_ll_rcc.c **** 
1605:board/stm32f401rct6/Drivers/STM32F4xx_HAL_Driver/Src/stm32f4xx_ll_rcc.c **** #if defined(RCC_PLLI2SCFGR_PLLI2SSRC)
1606:board/stm32f401rct6/Drivers/STM32F4xx_HAL_Driver/Src/stm32f4xx_ll_rcc.c ****     case LL_RCC_PLLI2SSOURCE_PIN:  /* External pin input clock used as PLLI2S clock source */
1607:board/stm32f401rct6/Drivers/STM32F4xx_HAL_Driver/Src/stm32f4xx_ll_rcc.c ****       plli2sinputfreq = EXTERNAL_CLOCK_VALUE;
1608:board/stm32f401rct6/Drivers/STM32F4xx_HAL_Driver/Src/stm32f4xx_ll_rcc.c ****       break;
1609:board/stm32f401rct6/Drivers/STM32F4xx_HAL_Driver/Src/stm32f4xx_ll_rcc.c **** #endif /* RCC_PLLI2SCFGR_PLLI2SSRC */
1610:board/stm32f401rct6/Drivers/STM32F4xx_HAL_Driver/Src/stm32f4xx_ll_rcc.c **** 
1611:board/stm32f401rct6/Drivers/STM32F4xx_HAL_Driver/Src/stm32f4xx_ll_rcc.c ****     case LL_RCC_PLLSOURCE_HSI:     /* HSI used as PLLI2S clock source */
1612:board/stm32f401rct6/Drivers/STM32F4xx_HAL_Driver/Src/stm32f4xx_ll_rcc.c ****     default:
1613:board/stm32f401rct6/Drivers/STM32F4xx_HAL_Driver/Src/stm32f4xx_ll_rcc.c ****       plli2sinputfreq = HSI_VALUE;
1614:board/stm32f401rct6/Drivers/STM32F4xx_HAL_Driver/Src/stm32f4xx_ll_rcc.c ****       break;
1615:board/stm32f401rct6/Drivers/STM32F4xx_HAL_Driver/Src/stm32f4xx_ll_rcc.c ****   }
1616:board/stm32f401rct6/Drivers/STM32F4xx_HAL_Driver/Src/stm32f4xx_ll_rcc.c **** 
1617:board/stm32f401rct6/Drivers/STM32F4xx_HAL_Driver/Src/stm32f4xx_ll_rcc.c ****   plli2soutputfreq = __LL_RCC_CALC_PLLI2S_I2S_FREQ(plli2sinputfreq, LL_RCC_PLLI2S_GetDivider(),
 793              		.loc 1 1617 3 is_stmt 1 view .LVU203
 794              	.LBB88:
 795              	.LBI88:
5905:board/stm32f401rct6/Drivers/STM32F4xx_HAL_Driver/Inc/stm32f4xx_ll_rcc.h **** {
 796              		.loc 2 5905 26 view .LVU204
 797              	.LBB89:
ARM GAS  C:\Users\Admin\AppData\Local\Temp\ccHMtLfr.s 			page 149


5910:board/stm32f401rct6/Drivers/STM32F4xx_HAL_Driver/Inc/stm32f4xx_ll_rcc.h **** #endif /* RCC_PLLI2SCFGR_PLLI2SM */
 798              		.loc 2 5910 3 view .LVU205
5910:board/stm32f401rct6/Drivers/STM32F4xx_HAL_Driver/Inc/stm32f4xx_ll_rcc.h **** #endif /* RCC_PLLI2SCFGR_PLLI2SM */
 799              		.loc 2 5910 21 is_stmt 0 view .LVU206
 800 000c 0A4A     		ldr	r2, .L58
 801 000e 5068     		ldr	r0, [r2, #4]
5910:board/stm32f401rct6/Drivers/STM32F4xx_HAL_Driver/Inc/stm32f4xx_ll_rcc.h **** #endif /* RCC_PLLI2SCFGR_PLLI2SM */
 802              		.loc 2 5910 10 view .LVU207
 803 0010 00F03F00 		and	r0, r0, #63
 804              	.LBE89:
 805              	.LBE88:
 806              		.loc 1 1617 22 view .LVU208
 807 0014 B3FBF0F3 		udiv	r3, r3, r0
 808              	.LVL49:
 809              	.LBB90:
 810              	.LBI90:
5683:board/stm32f401rct6/Drivers/STM32F4xx_HAL_Driver/Inc/stm32f4xx_ll_rcc.h **** {
 811              		.loc 2 5683 26 is_stmt 1 view .LVU209
 812              	.LBB91:
5685:board/stm32f401rct6/Drivers/STM32F4xx_HAL_Driver/Inc/stm32f4xx_ll_rcc.h **** }
 813              		.loc 2 5685 3 view .LVU210
5685:board/stm32f401rct6/Drivers/STM32F4xx_HAL_Driver/Inc/stm32f4xx_ll_rcc.h **** }
 814              		.loc 2 5685 21 is_stmt 0 view .LVU211
 815 0018 D2F88400 		ldr	r0, [r2, #132]
5685:board/stm32f401rct6/Drivers/STM32F4xx_HAL_Driver/Inc/stm32f4xx_ll_rcc.h **** }
 816              		.loc 2 5685 10 view .LVU212
 817 001c C0F38810 		ubfx	r0, r0, #6, #9
 818              	.LBE91:
 819              	.LBE90:
 820              		.loc 1 1617 22 view .LVU213
 821 0020 00FB03F3 		mul	r3, r0, r3
 822              	.LBB92:
 823              	.LBI92:
5726:board/stm32f401rct6/Drivers/STM32F4xx_HAL_Driver/Inc/stm32f4xx_ll_rcc.h **** {
 824              		.loc 2 5726 26 is_stmt 1 view .LVU214
 825              	.LBB93:
5728:board/stm32f401rct6/Drivers/STM32F4xx_HAL_Driver/Inc/stm32f4xx_ll_rcc.h **** }
 826              		.loc 2 5728 3 view .LVU215
5728:board/stm32f401rct6/Drivers/STM32F4xx_HAL_Driver/Inc/stm32f4xx_ll_rcc.h **** }
 827              		.loc 2 5728 21 is_stmt 0 view .LVU216
 828 0024 D2F88400 		ldr	r0, [r2, #132]
 829              	.LBE93:
 830              	.LBE92:
 831              		.loc 1 1617 22 view .LVU217
 832 0028 C0F30270 		ubfx	r0, r0, #28, #3
 833              	.LVL50:
1618:board/stm32f401rct6/Drivers/STM32F4xx_HAL_Driver/Src/stm32f4xx_ll_rcc.c ****                                                    LL_RCC_PLLI2S_GetN(), LL_RCC_PLLI2S_GetR());
1619:board/stm32f401rct6/Drivers/STM32F4xx_HAL_Driver/Src/stm32f4xx_ll_rcc.c **** 
1620:board/stm32f401rct6/Drivers/STM32F4xx_HAL_Driver/Src/stm32f4xx_ll_rcc.c ****   return plli2soutputfreq;
 834              		.loc 1 1620 3 is_stmt 1 view .LVU218
1621:board/stm32f401rct6/Drivers/STM32F4xx_HAL_Driver/Src/stm32f4xx_ll_rcc.c **** }
 835              		.loc 1 1621 1 is_stmt 0 view .LVU219
 836 002c B3FBF0F0 		udiv	r0, r3, r0
 837              	.LVL51:
 838              		.loc 1 1621 1 view .LVU220
 839 0030 7047     		bx	lr
 840              	.LVL52:
ARM GAS  C:\Users\Admin\AppData\Local\Temp\ccHMtLfr.s 			page 150


 841              	.L57:
1613:board/stm32f401rct6/Drivers/STM32F4xx_HAL_Driver/Src/stm32f4xx_ll_rcc.c ****       break;
 842              		.loc 1 1613 23 view .LVU221
 843 0032 034B     		ldr	r3, .L58+8
 844              	.LVL53:
1613:board/stm32f401rct6/Drivers/STM32F4xx_HAL_Driver/Src/stm32f4xx_ll_rcc.c ****       break;
 845              		.loc 1 1613 23 view .LVU222
 846 0034 EAE7     		b	.L56
 847              	.L59:
 848 0036 00BF     		.align	2
 849              	.L58:
 850 0038 00380240 		.word	1073887232
 851 003c 40787D01 		.word	25000000
 852 0040 0024F400 		.word	16000000
 853              		.cfi_endproc
 854              	.LFE338:
 856              		.section	.text.LL_RCC_GetI2SClockFreq,"ax",%progbits
 857              		.align	1
 858              		.global	LL_RCC_GetI2SClockFreq
 859              		.syntax unified
 860              		.thumb
 861              		.thumb_func
 863              	LL_RCC_GetI2SClockFreq:
 864              	.LVL54:
 865              	.LFB329:
 371:board/stm32f401rct6/Drivers/STM32F4xx_HAL_Driver/Src/stm32f4xx_ll_rcc.c ****   uint32_t i2s_frequency = LL_RCC_PERIPH_FREQUENCY_NO;
 866              		.loc 1 371 1 is_stmt 1 view -0
 867              		.cfi_startproc
 868              		@ args = 0, pretend = 0, frame = 0
 869              		@ frame_needed = 0, uses_anonymous_args = 0
 372:board/stm32f401rct6/Drivers/STM32F4xx_HAL_Driver/Src/stm32f4xx_ll_rcc.c **** 
 870              		.loc 1 372 3 view .LVU224
 375:board/stm32f401rct6/Drivers/STM32F4xx_HAL_Driver/Src/stm32f4xx_ll_rcc.c **** 
 871              		.loc 1 375 3 view .LVU225
 377:board/stm32f401rct6/Drivers/STM32F4xx_HAL_Driver/Src/stm32f4xx_ll_rcc.c ****   {
 872              		.loc 1 377 3 view .LVU226
 377:board/stm32f401rct6/Drivers/STM32F4xx_HAL_Driver/Src/stm32f4xx_ll_rcc.c ****   {
 873              		.loc 1 377 6 is_stmt 0 view .LVU227
 874 0000 B0F5000F 		cmp	r0, #8388608
 875 0004 01D0     		beq	.L68
 372:board/stm32f401rct6/Drivers/STM32F4xx_HAL_Driver/Src/stm32f4xx_ll_rcc.c **** 
 876              		.loc 1 372 12 view .LVU228
 877 0006 0020     		movs	r0, #0
 878              	.LVL55:
 475:board/stm32f401rct6/Drivers/STM32F4xx_HAL_Driver/Src/stm32f4xx_ll_rcc.c **** 
 879              		.loc 1 475 1 view .LVU229
 880 0008 7047     		bx	lr
 881              	.LVL56:
 882              	.L68:
 371:board/stm32f401rct6/Drivers/STM32F4xx_HAL_Driver/Src/stm32f4xx_ll_rcc.c ****   uint32_t i2s_frequency = LL_RCC_PERIPH_FREQUENCY_NO;
 883              		.loc 1 371 1 view .LVU230
 884 000a 08B5     		push	{r3, lr}
 885              	.LCFI6:
 886              		.cfi_def_cfa_offset 8
 887              		.cfi_offset 3, -8
 888              		.cfi_offset 14, -4
 380:board/stm32f401rct6/Drivers/STM32F4xx_HAL_Driver/Src/stm32f4xx_ll_rcc.c ****     {
ARM GAS  C:\Users\Admin\AppData\Local\Temp\ccHMtLfr.s 			page 151


 889              		.loc 1 380 5 is_stmt 1 view .LVU231
 890              	.LVL57:
 891              	.LBB94:
 892              	.LBI94:
3880:board/stm32f401rct6/Drivers/STM32F4xx_HAL_Driver/Inc/stm32f4xx_ll_rcc.h **** {
 893              		.loc 2 3880 26 view .LVU232
 894              	.LBB95:
3883:board/stm32f401rct6/Drivers/STM32F4xx_HAL_Driver/Inc/stm32f4xx_ll_rcc.h **** #else
 895              		.loc 2 3883 3 view .LVU233
3883:board/stm32f401rct6/Drivers/STM32F4xx_HAL_Driver/Inc/stm32f4xx_ll_rcc.h **** #else
 896              		.loc 2 3883 21 is_stmt 0 view .LVU234
 897 000c 074B     		ldr	r3, .L70
 898 000e 9B68     		ldr	r3, [r3, #8]
 899              	.LVL58:
3883:board/stm32f401rct6/Drivers/STM32F4xx_HAL_Driver/Inc/stm32f4xx_ll_rcc.h **** #else
 900              		.loc 2 3883 21 view .LVU235
 901              	.LBE95:
 902              	.LBE94:
 380:board/stm32f401rct6/Drivers/STM32F4xx_HAL_Driver/Src/stm32f4xx_ll_rcc.c ****     {
 903              		.loc 1 380 5 view .LVU236
 904 0010 1842     		tst	r0, r3
 905 0012 08D1     		bne	.L63
 384:board/stm32f401rct6/Drivers/STM32F4xx_HAL_Driver/Src/stm32f4xx_ll_rcc.c ****         {
 906              		.loc 1 384 9 is_stmt 1 view .LVU237
 907              	.LBB96:
 908              	.LBI96:
5155:board/stm32f401rct6/Drivers/STM32F4xx_HAL_Driver/Inc/stm32f4xx_ll_rcc.h **** {
 909              		.loc 2 5155 26 view .LVU238
 910              	.LBB97:
5157:board/stm32f401rct6/Drivers/STM32F4xx_HAL_Driver/Inc/stm32f4xx_ll_rcc.h **** }
 911              		.loc 2 5157 3 view .LVU239
5157:board/stm32f401rct6/Drivers/STM32F4xx_HAL_Driver/Inc/stm32f4xx_ll_rcc.h **** }
 912              		.loc 2 5157 11 is_stmt 0 view .LVU240
 913 0014 054B     		ldr	r3, .L70
 914 0016 1868     		ldr	r0, [r3]
 915              	.LVL59:
5157:board/stm32f401rct6/Drivers/STM32F4xx_HAL_Driver/Inc/stm32f4xx_ll_rcc.h **** }
 916              		.loc 2 5157 11 view .LVU241
 917              	.LBE97:
 918              	.LBE96:
 384:board/stm32f401rct6/Drivers/STM32F4xx_HAL_Driver/Src/stm32f4xx_ll_rcc.c ****         {
 919              		.loc 1 384 12 view .LVU242
 920 0018 10F00060 		ands	r0, r0, #134217728
 921 001c 00D1     		bne	.L69
 922              	.LVL60:
 923              	.L60:
 475:board/stm32f401rct6/Drivers/STM32F4xx_HAL_Driver/Src/stm32f4xx_ll_rcc.c **** 
 924              		.loc 1 475 1 view .LVU243
 925 001e 08BD     		pop	{r3, pc}
 926              	.LVL61:
 927              	.L69:
 386:board/stm32f401rct6/Drivers/STM32F4xx_HAL_Driver/Src/stm32f4xx_ll_rcc.c ****         }
 928              		.loc 1 386 11 is_stmt 1 view .LVU244
 386:board/stm32f401rct6/Drivers/STM32F4xx_HAL_Driver/Src/stm32f4xx_ll_rcc.c ****         }
 929              		.loc 1 386 27 is_stmt 0 view .LVU245
 930 0020 FFF7FEFF 		bl	RCC_PLLI2S_GetFreqDomain_I2S
 931              	.LVL62:
ARM GAS  C:\Users\Admin\AppData\Local\Temp\ccHMtLfr.s 			page 152


 386:board/stm32f401rct6/Drivers/STM32F4xx_HAL_Driver/Src/stm32f4xx_ll_rcc.c ****         }
 932              		.loc 1 386 27 view .LVU246
 933 0024 FBE7     		b	.L60
 934              	.LVL63:
 935              	.L63:
 422:board/stm32f401rct6/Drivers/STM32F4xx_HAL_Driver/Src/stm32f4xx_ll_rcc.c ****         break;
 936              		.loc 1 422 23 view .LVU247
 937 0026 0248     		ldr	r0, .L70+4
 938              	.LVL64:
 474:board/stm32f401rct6/Drivers/STM32F4xx_HAL_Driver/Src/stm32f4xx_ll_rcc.c **** }
 939              		.loc 1 474 3 is_stmt 1 view .LVU248
 474:board/stm32f401rct6/Drivers/STM32F4xx_HAL_Driver/Src/stm32f4xx_ll_rcc.c **** }
 940              		.loc 1 474 10 is_stmt 0 view .LVU249
 941 0028 F9E7     		b	.L60
 942              	.L71:
 943 002a 00BF     		.align	2
 944              	.L70:
 945 002c 00380240 		.word	1073887232
 946 0030 0080BB00 		.word	12288000
 947              		.cfi_endproc
 948              	.LFE329:
 950              		.text
 951              	.Letext0:
 952              		.file 3 "c:\\st\\stm32cubeide_1.12.1\\stm32cubeide\\plugins\\com.st.stm32cube.ide.mcu.externaltool
 953              		.file 4 "c:\\st\\stm32cubeide_1.12.1\\stm32cubeide\\plugins\\com.st.stm32cube.ide.mcu.externaltool
 954              		.file 5 "board/stm32f401rct6/Drivers/CMSIS/Device/ST/STM32F4xx/Include/system_stm32f4xx.h"
 955              		.file 6 "board/stm32f401rct6/Drivers/CMSIS/Device/ST/STM32F4xx/Include/stm32f401xc.h"
 956              		.file 7 "board/stm32f401rct6/Drivers/CMSIS/Device/ST/STM32F4xx/Include/stm32f4xx.h"
ARM GAS  C:\Users\Admin\AppData\Local\Temp\ccHMtLfr.s 			page 153


DEFINED SYMBOLS
                            *ABS*:0000000000000000 stm32f4xx_ll_rcc.c
C:\Users\Admin\AppData\Local\Temp\ccHMtLfr.s:20     .text.LL_RCC_DeInit:0000000000000000 $t
C:\Users\Admin\AppData\Local\Temp\ccHMtLfr.s:26     .text.LL_RCC_DeInit:0000000000000000 LL_RCC_DeInit
C:\Users\Admin\AppData\Local\Temp\ccHMtLfr.s:161    .text.LL_RCC_DeInit:0000000000000090 $d
C:\Users\Admin\AppData\Local\Temp\ccHMtLfr.s:168    .text.RCC_GetHCLKClockFreq:0000000000000000 $t
C:\Users\Admin\AppData\Local\Temp\ccHMtLfr.s:174    .text.RCC_GetHCLKClockFreq:0000000000000000 RCC_GetHCLKClockFreq
C:\Users\Admin\AppData\Local\Temp\ccHMtLfr.s:205    .text.RCC_GetHCLKClockFreq:0000000000000010 $d
C:\Users\Admin\AppData\Local\Temp\ccHMtLfr.s:211    .text.RCC_GetPCLK1ClockFreq:0000000000000000 $t
C:\Users\Admin\AppData\Local\Temp\ccHMtLfr.s:217    .text.RCC_GetPCLK1ClockFreq:0000000000000000 RCC_GetPCLK1ClockFreq
C:\Users\Admin\AppData\Local\Temp\ccHMtLfr.s:248    .text.RCC_GetPCLK1ClockFreq:0000000000000010 $d
C:\Users\Admin\AppData\Local\Temp\ccHMtLfr.s:254    .text.RCC_GetPCLK2ClockFreq:0000000000000000 $t
C:\Users\Admin\AppData\Local\Temp\ccHMtLfr.s:260    .text.RCC_GetPCLK2ClockFreq:0000000000000000 RCC_GetPCLK2ClockFreq
C:\Users\Admin\AppData\Local\Temp\ccHMtLfr.s:291    .text.RCC_GetPCLK2ClockFreq:0000000000000010 $d
C:\Users\Admin\AppData\Local\Temp\ccHMtLfr.s:297    .text.RCC_PLL_GetFreqDomain_SYS:0000000000000000 $t
C:\Users\Admin\AppData\Local\Temp\ccHMtLfr.s:303    .text.RCC_PLL_GetFreqDomain_SYS:0000000000000000 RCC_PLL_GetFreqDomain_SYS
C:\Users\Admin\AppData\Local\Temp\ccHMtLfr.s:405    .text.RCC_PLL_GetFreqDomain_SYS:0000000000000040 $d
C:\Users\Admin\AppData\Local\Temp\ccHMtLfr.s:412    .text.RCC_GetSystemClockFreq:0000000000000000 $t
C:\Users\Admin\AppData\Local\Temp\ccHMtLfr.s:418    .text.RCC_GetSystemClockFreq:0000000000000000 RCC_GetSystemClockFreq
C:\Users\Admin\AppData\Local\Temp\ccHMtLfr.s:472    .text.RCC_GetSystemClockFreq:0000000000000024 $d
C:\Users\Admin\AppData\Local\Temp\ccHMtLfr.s:479    .text.LL_RCC_GetSystemClocksFreq:0000000000000000 $t
C:\Users\Admin\AppData\Local\Temp\ccHMtLfr.s:485    .text.LL_RCC_GetSystemClocksFreq:0000000000000000 LL_RCC_GetSystemClocksFreq
C:\Users\Admin\AppData\Local\Temp\ccHMtLfr.s:531    .text.RCC_PLL_GetFreqDomain_48M:0000000000000000 $t
C:\Users\Admin\AppData\Local\Temp\ccHMtLfr.s:537    .text.RCC_PLL_GetFreqDomain_48M:0000000000000000 RCC_PLL_GetFreqDomain_48M
C:\Users\Admin\AppData\Local\Temp\ccHMtLfr.s:621    .text.RCC_PLL_GetFreqDomain_48M:0000000000000034 $d
C:\Users\Admin\AppData\Local\Temp\ccHMtLfr.s:628    .text.LL_RCC_GetSDIOClockFreq:0000000000000000 $t
C:\Users\Admin\AppData\Local\Temp\ccHMtLfr.s:634    .text.LL_RCC_GetSDIOClockFreq:0000000000000000 LL_RCC_GetSDIOClockFreq
C:\Users\Admin\AppData\Local\Temp\ccHMtLfr.s:692    .text.LL_RCC_GetSDIOClockFreq:0000000000000020 $d
C:\Users\Admin\AppData\Local\Temp\ccHMtLfr.s:697    .text.LL_RCC_GetUSBClockFreq:0000000000000000 $t
C:\Users\Admin\AppData\Local\Temp\ccHMtLfr.s:703    .text.LL_RCC_GetUSBClockFreq:0000000000000000 LL_RCC_GetUSBClockFreq
C:\Users\Admin\AppData\Local\Temp\ccHMtLfr.s:751    .text.LL_RCC_GetUSBClockFreq:0000000000000014 $d
C:\Users\Admin\AppData\Local\Temp\ccHMtLfr.s:756    .text.RCC_PLLI2S_GetFreqDomain_I2S:0000000000000000 $t
C:\Users\Admin\AppData\Local\Temp\ccHMtLfr.s:762    .text.RCC_PLLI2S_GetFreqDomain_I2S:0000000000000000 RCC_PLLI2S_GetFreqDomain_I2S
C:\Users\Admin\AppData\Local\Temp\ccHMtLfr.s:850    .text.RCC_PLLI2S_GetFreqDomain_I2S:0000000000000038 $d
C:\Users\Admin\AppData\Local\Temp\ccHMtLfr.s:857    .text.LL_RCC_GetI2SClockFreq:0000000000000000 $t
C:\Users\Admin\AppData\Local\Temp\ccHMtLfr.s:863    .text.LL_RCC_GetI2SClockFreq:0000000000000000 LL_RCC_GetI2SClockFreq
C:\Users\Admin\AppData\Local\Temp\ccHMtLfr.s:945    .text.LL_RCC_GetI2SClockFreq:000000000000002c $d

UNDEFINED SYMBOLS
AHBPrescTable
APBPrescTable
