ARM GAS  C:\Users\Admin\AppData\Local\Temp\ccHarYQc.s 			page 1


   1              		.cpu cortex-m4
   2              		.arch armv7e-m
   3              		.fpu fpv4-sp-d16
   4              		.eabi_attribute 27, 1
   5              		.eabi_attribute 28, 1
   6              		.eabi_attribute 20, 1
   7              		.eabi_attribute 21, 1
   8              		.eabi_attribute 23, 3
   9              		.eabi_attribute 24, 1
  10              		.eabi_attribute 25, 1
  11              		.eabi_attribute 26, 1
  12              		.eabi_attribute 30, 1
  13              		.eabi_attribute 34, 1
  14              		.eabi_attribute 18, 4
  15              		.file	"stm32f4xx_ll_adc.c"
  16              		.text
  17              	.Ltext0:
  18              		.cfi_sections	.debug_frame
  19              		.section	.text.LL_ADC_CommonDeInit,"ax",%progbits
  20              		.align	1
  21              		.global	LL_ADC_CommonDeInit
  22              		.syntax unified
  23              		.thumb
  24              		.thumb_func
  26              	LL_ADC_CommonDeInit:
  27              	.LVL0:
  28              	.LFB248:
  29              		.file 1 "board/stm32f401rct6/Drivers/STM32F4xx_HAL_Driver/Src/stm32f4xx_ll_adc.c"
   1:board/stm32f401rct6/Drivers/STM32F4xx_HAL_Driver/Src/stm32f4xx_ll_adc.c **** /**
   2:board/stm32f401rct6/Drivers/STM32F4xx_HAL_Driver/Src/stm32f4xx_ll_adc.c ****   ******************************************************************************
   3:board/stm32f401rct6/Drivers/STM32F4xx_HAL_Driver/Src/stm32f4xx_ll_adc.c ****   * @file    stm32f4xx_ll_adc.c
   4:board/stm32f401rct6/Drivers/STM32F4xx_HAL_Driver/Src/stm32f4xx_ll_adc.c ****   * @author  MCD Application Team
   5:board/stm32f401rct6/Drivers/STM32F4xx_HAL_Driver/Src/stm32f4xx_ll_adc.c ****   * @brief   ADC LL module driver
   6:board/stm32f401rct6/Drivers/STM32F4xx_HAL_Driver/Src/stm32f4xx_ll_adc.c ****   ******************************************************************************
   7:board/stm32f401rct6/Drivers/STM32F4xx_HAL_Driver/Src/stm32f4xx_ll_adc.c ****   * @attention
   8:board/stm32f401rct6/Drivers/STM32F4xx_HAL_Driver/Src/stm32f4xx_ll_adc.c ****   *
   9:board/stm32f401rct6/Drivers/STM32F4xx_HAL_Driver/Src/stm32f4xx_ll_adc.c ****   * Copyright (c) 2017 STMicroelectronics.
  10:board/stm32f401rct6/Drivers/STM32F4xx_HAL_Driver/Src/stm32f4xx_ll_adc.c ****   * All rights reserved.
  11:board/stm32f401rct6/Drivers/STM32F4xx_HAL_Driver/Src/stm32f4xx_ll_adc.c ****   *
  12:board/stm32f401rct6/Drivers/STM32F4xx_HAL_Driver/Src/stm32f4xx_ll_adc.c ****   * This software is licensed under terms that can be found in the LICENSE file
  13:board/stm32f401rct6/Drivers/STM32F4xx_HAL_Driver/Src/stm32f4xx_ll_adc.c ****   * in the root directory of this software component.
  14:board/stm32f401rct6/Drivers/STM32F4xx_HAL_Driver/Src/stm32f4xx_ll_adc.c ****   * If no LICENSE file comes with this software, it is provided AS-IS.
  15:board/stm32f401rct6/Drivers/STM32F4xx_HAL_Driver/Src/stm32f4xx_ll_adc.c ****   *
  16:board/stm32f401rct6/Drivers/STM32F4xx_HAL_Driver/Src/stm32f4xx_ll_adc.c ****   ******************************************************************************
  17:board/stm32f401rct6/Drivers/STM32F4xx_HAL_Driver/Src/stm32f4xx_ll_adc.c ****   */
  18:board/stm32f401rct6/Drivers/STM32F4xx_HAL_Driver/Src/stm32f4xx_ll_adc.c **** #if defined(USE_FULL_LL_DRIVER)
  19:board/stm32f401rct6/Drivers/STM32F4xx_HAL_Driver/Src/stm32f4xx_ll_adc.c **** 
  20:board/stm32f401rct6/Drivers/STM32F4xx_HAL_Driver/Src/stm32f4xx_ll_adc.c **** /* Includes ------------------------------------------------------------------*/
  21:board/stm32f401rct6/Drivers/STM32F4xx_HAL_Driver/Src/stm32f4xx_ll_adc.c **** #include "stm32f4xx_ll_adc.h"
  22:board/stm32f401rct6/Drivers/STM32F4xx_HAL_Driver/Src/stm32f4xx_ll_adc.c **** #include "stm32f4xx_ll_bus.h"
  23:board/stm32f401rct6/Drivers/STM32F4xx_HAL_Driver/Src/stm32f4xx_ll_adc.c **** 
  24:board/stm32f401rct6/Drivers/STM32F4xx_HAL_Driver/Src/stm32f4xx_ll_adc.c **** #ifdef  USE_FULL_ASSERT
  25:board/stm32f401rct6/Drivers/STM32F4xx_HAL_Driver/Src/stm32f4xx_ll_adc.c **** #include "stm32_assert.h"
  26:board/stm32f401rct6/Drivers/STM32F4xx_HAL_Driver/Src/stm32f4xx_ll_adc.c **** #else
  27:board/stm32f401rct6/Drivers/STM32F4xx_HAL_Driver/Src/stm32f4xx_ll_adc.c **** #define assert_param(expr) ((void)0U)
  28:board/stm32f401rct6/Drivers/STM32F4xx_HAL_Driver/Src/stm32f4xx_ll_adc.c **** #endif
  29:board/stm32f401rct6/Drivers/STM32F4xx_HAL_Driver/Src/stm32f4xx_ll_adc.c **** 
ARM GAS  C:\Users\Admin\AppData\Local\Temp\ccHarYQc.s 			page 2


  30:board/stm32f401rct6/Drivers/STM32F4xx_HAL_Driver/Src/stm32f4xx_ll_adc.c **** /** @addtogroup STM32F4xx_LL_Driver
  31:board/stm32f401rct6/Drivers/STM32F4xx_HAL_Driver/Src/stm32f4xx_ll_adc.c ****   * @{
  32:board/stm32f401rct6/Drivers/STM32F4xx_HAL_Driver/Src/stm32f4xx_ll_adc.c ****   */
  33:board/stm32f401rct6/Drivers/STM32F4xx_HAL_Driver/Src/stm32f4xx_ll_adc.c **** 
  34:board/stm32f401rct6/Drivers/STM32F4xx_HAL_Driver/Src/stm32f4xx_ll_adc.c **** #if defined (ADC1) || defined (ADC2) || defined (ADC3)
  35:board/stm32f401rct6/Drivers/STM32F4xx_HAL_Driver/Src/stm32f4xx_ll_adc.c **** 
  36:board/stm32f401rct6/Drivers/STM32F4xx_HAL_Driver/Src/stm32f4xx_ll_adc.c **** /** @addtogroup ADC_LL ADC
  37:board/stm32f401rct6/Drivers/STM32F4xx_HAL_Driver/Src/stm32f4xx_ll_adc.c ****   * @{
  38:board/stm32f401rct6/Drivers/STM32F4xx_HAL_Driver/Src/stm32f4xx_ll_adc.c ****   */
  39:board/stm32f401rct6/Drivers/STM32F4xx_HAL_Driver/Src/stm32f4xx_ll_adc.c **** 
  40:board/stm32f401rct6/Drivers/STM32F4xx_HAL_Driver/Src/stm32f4xx_ll_adc.c **** /* Private types -------------------------------------------------------------*/
  41:board/stm32f401rct6/Drivers/STM32F4xx_HAL_Driver/Src/stm32f4xx_ll_adc.c **** /* Private variables ---------------------------------------------------------*/
  42:board/stm32f401rct6/Drivers/STM32F4xx_HAL_Driver/Src/stm32f4xx_ll_adc.c **** /* Private constants ---------------------------------------------------------*/
  43:board/stm32f401rct6/Drivers/STM32F4xx_HAL_Driver/Src/stm32f4xx_ll_adc.c **** /* Private macros ------------------------------------------------------------*/
  44:board/stm32f401rct6/Drivers/STM32F4xx_HAL_Driver/Src/stm32f4xx_ll_adc.c **** 
  45:board/stm32f401rct6/Drivers/STM32F4xx_HAL_Driver/Src/stm32f4xx_ll_adc.c **** /** @addtogroup ADC_LL_Private_Macros
  46:board/stm32f401rct6/Drivers/STM32F4xx_HAL_Driver/Src/stm32f4xx_ll_adc.c ****   * @{
  47:board/stm32f401rct6/Drivers/STM32F4xx_HAL_Driver/Src/stm32f4xx_ll_adc.c ****   */
  48:board/stm32f401rct6/Drivers/STM32F4xx_HAL_Driver/Src/stm32f4xx_ll_adc.c **** 
  49:board/stm32f401rct6/Drivers/STM32F4xx_HAL_Driver/Src/stm32f4xx_ll_adc.c **** /* Check of parameters for configuration of ADC hierarchical scope:           */
  50:board/stm32f401rct6/Drivers/STM32F4xx_HAL_Driver/Src/stm32f4xx_ll_adc.c **** /* common to several ADC instances.                                           */
  51:board/stm32f401rct6/Drivers/STM32F4xx_HAL_Driver/Src/stm32f4xx_ll_adc.c **** #define IS_LL_ADC_COMMON_CLOCK(__CLOCK__)                                      \
  52:board/stm32f401rct6/Drivers/STM32F4xx_HAL_Driver/Src/stm32f4xx_ll_adc.c ****   (   ((__CLOCK__) == LL_ADC_CLOCK_SYNC_PCLK_DIV2)                             \
  53:board/stm32f401rct6/Drivers/STM32F4xx_HAL_Driver/Src/stm32f4xx_ll_adc.c ****    || ((__CLOCK__) == LL_ADC_CLOCK_SYNC_PCLK_DIV4)                             \
  54:board/stm32f401rct6/Drivers/STM32F4xx_HAL_Driver/Src/stm32f4xx_ll_adc.c ****    || ((__CLOCK__) == LL_ADC_CLOCK_SYNC_PCLK_DIV6)                             \
  55:board/stm32f401rct6/Drivers/STM32F4xx_HAL_Driver/Src/stm32f4xx_ll_adc.c ****    || ((__CLOCK__) == LL_ADC_CLOCK_SYNC_PCLK_DIV8)                             \
  56:board/stm32f401rct6/Drivers/STM32F4xx_HAL_Driver/Src/stm32f4xx_ll_adc.c ****   )
  57:board/stm32f401rct6/Drivers/STM32F4xx_HAL_Driver/Src/stm32f4xx_ll_adc.c **** 
  58:board/stm32f401rct6/Drivers/STM32F4xx_HAL_Driver/Src/stm32f4xx_ll_adc.c **** /* Check of parameters for configuration of ADC hierarchical scope:           */
  59:board/stm32f401rct6/Drivers/STM32F4xx_HAL_Driver/Src/stm32f4xx_ll_adc.c **** /* ADC instance.                                                              */
  60:board/stm32f401rct6/Drivers/STM32F4xx_HAL_Driver/Src/stm32f4xx_ll_adc.c **** #define IS_LL_ADC_RESOLUTION(__RESOLUTION__)                                   \
  61:board/stm32f401rct6/Drivers/STM32F4xx_HAL_Driver/Src/stm32f4xx_ll_adc.c ****   (   ((__RESOLUTION__) == LL_ADC_RESOLUTION_12B)                              \
  62:board/stm32f401rct6/Drivers/STM32F4xx_HAL_Driver/Src/stm32f4xx_ll_adc.c ****    || ((__RESOLUTION__) == LL_ADC_RESOLUTION_10B)                              \
  63:board/stm32f401rct6/Drivers/STM32F4xx_HAL_Driver/Src/stm32f4xx_ll_adc.c ****    || ((__RESOLUTION__) == LL_ADC_RESOLUTION_8B)                               \
  64:board/stm32f401rct6/Drivers/STM32F4xx_HAL_Driver/Src/stm32f4xx_ll_adc.c ****    || ((__RESOLUTION__) == LL_ADC_RESOLUTION_6B)                               \
  65:board/stm32f401rct6/Drivers/STM32F4xx_HAL_Driver/Src/stm32f4xx_ll_adc.c ****   )
  66:board/stm32f401rct6/Drivers/STM32F4xx_HAL_Driver/Src/stm32f4xx_ll_adc.c **** 
  67:board/stm32f401rct6/Drivers/STM32F4xx_HAL_Driver/Src/stm32f4xx_ll_adc.c **** #define IS_LL_ADC_DATA_ALIGN(__DATA_ALIGN__)                                   \
  68:board/stm32f401rct6/Drivers/STM32F4xx_HAL_Driver/Src/stm32f4xx_ll_adc.c ****   (   ((__DATA_ALIGN__) == LL_ADC_DATA_ALIGN_RIGHT)                            \
  69:board/stm32f401rct6/Drivers/STM32F4xx_HAL_Driver/Src/stm32f4xx_ll_adc.c ****    || ((__DATA_ALIGN__) == LL_ADC_DATA_ALIGN_LEFT)                             \
  70:board/stm32f401rct6/Drivers/STM32F4xx_HAL_Driver/Src/stm32f4xx_ll_adc.c ****   )
  71:board/stm32f401rct6/Drivers/STM32F4xx_HAL_Driver/Src/stm32f4xx_ll_adc.c **** 
  72:board/stm32f401rct6/Drivers/STM32F4xx_HAL_Driver/Src/stm32f4xx_ll_adc.c **** #define IS_LL_ADC_SCAN_SELECTION(__SCAN_SELECTION__)                           \
  73:board/stm32f401rct6/Drivers/STM32F4xx_HAL_Driver/Src/stm32f4xx_ll_adc.c ****   (   ((__SCAN_SELECTION__) == LL_ADC_SEQ_SCAN_DISABLE)                        \
  74:board/stm32f401rct6/Drivers/STM32F4xx_HAL_Driver/Src/stm32f4xx_ll_adc.c ****    || ((__SCAN_SELECTION__) == LL_ADC_SEQ_SCAN_ENABLE)                         \
  75:board/stm32f401rct6/Drivers/STM32F4xx_HAL_Driver/Src/stm32f4xx_ll_adc.c ****   )
  76:board/stm32f401rct6/Drivers/STM32F4xx_HAL_Driver/Src/stm32f4xx_ll_adc.c **** 
  77:board/stm32f401rct6/Drivers/STM32F4xx_HAL_Driver/Src/stm32f4xx_ll_adc.c **** #define IS_LL_ADC_SEQ_SCAN_MODE(__SEQ_SCAN_MODE__)                             \
  78:board/stm32f401rct6/Drivers/STM32F4xx_HAL_Driver/Src/stm32f4xx_ll_adc.c ****   (   ((__SCAN_MODE__) == LL_ADC_SEQ_SCAN_DISABLE)                             \
  79:board/stm32f401rct6/Drivers/STM32F4xx_HAL_Driver/Src/stm32f4xx_ll_adc.c ****    || ((__SCAN_MODE__) == LL_ADC_SEQ_SCAN_ENABLE)                              \
  80:board/stm32f401rct6/Drivers/STM32F4xx_HAL_Driver/Src/stm32f4xx_ll_adc.c ****   )
  81:board/stm32f401rct6/Drivers/STM32F4xx_HAL_Driver/Src/stm32f4xx_ll_adc.c **** 
  82:board/stm32f401rct6/Drivers/STM32F4xx_HAL_Driver/Src/stm32f4xx_ll_adc.c **** /* Check of parameters for configuration of ADC hierarchical scope:           */
  83:board/stm32f401rct6/Drivers/STM32F4xx_HAL_Driver/Src/stm32f4xx_ll_adc.c **** /* ADC group regular                                                          */
  84:board/stm32f401rct6/Drivers/STM32F4xx_HAL_Driver/Src/stm32f4xx_ll_adc.c **** #define IS_LL_ADC_REG_TRIG_SOURCE(__REG_TRIG_SOURCE__)                         \
  85:board/stm32f401rct6/Drivers/STM32F4xx_HAL_Driver/Src/stm32f4xx_ll_adc.c ****   (   ((__REG_TRIG_SOURCE__) == LL_ADC_REG_TRIG_SOFTWARE)                      \
  86:board/stm32f401rct6/Drivers/STM32F4xx_HAL_Driver/Src/stm32f4xx_ll_adc.c ****    || ((__REG_TRIG_SOURCE__) == LL_ADC_REG_TRIG_EXT_TIM1_CH1)                  \
ARM GAS  C:\Users\Admin\AppData\Local\Temp\ccHarYQc.s 			page 3


  87:board/stm32f401rct6/Drivers/STM32F4xx_HAL_Driver/Src/stm32f4xx_ll_adc.c ****    || ((__REG_TRIG_SOURCE__) == LL_ADC_REG_TRIG_EXT_TIM1_CH2)                  \
  88:board/stm32f401rct6/Drivers/STM32F4xx_HAL_Driver/Src/stm32f4xx_ll_adc.c ****    || ((__REG_TRIG_SOURCE__) == LL_ADC_REG_TRIG_EXT_TIM1_CH3)                  \
  89:board/stm32f401rct6/Drivers/STM32F4xx_HAL_Driver/Src/stm32f4xx_ll_adc.c ****    || ((__REG_TRIG_SOURCE__) == LL_ADC_REG_TRIG_EXT_TIM2_CH2)                  \
  90:board/stm32f401rct6/Drivers/STM32F4xx_HAL_Driver/Src/stm32f4xx_ll_adc.c ****    || ((__REG_TRIG_SOURCE__) == LL_ADC_REG_TRIG_EXT_TIM2_CH3)                  \
  91:board/stm32f401rct6/Drivers/STM32F4xx_HAL_Driver/Src/stm32f4xx_ll_adc.c ****    || ((__REG_TRIG_SOURCE__) == LL_ADC_REG_TRIG_EXT_TIM2_CH4)                  \
  92:board/stm32f401rct6/Drivers/STM32F4xx_HAL_Driver/Src/stm32f4xx_ll_adc.c ****    || ((__REG_TRIG_SOURCE__) == LL_ADC_REG_TRIG_EXT_TIM2_TRGO)                 \
  93:board/stm32f401rct6/Drivers/STM32F4xx_HAL_Driver/Src/stm32f4xx_ll_adc.c ****    || ((__REG_TRIG_SOURCE__) == LL_ADC_REG_TRIG_EXT_TIM3_CH1)                  \
  94:board/stm32f401rct6/Drivers/STM32F4xx_HAL_Driver/Src/stm32f4xx_ll_adc.c ****    || ((__REG_TRIG_SOURCE__) == LL_ADC_REG_TRIG_EXT_TIM3_TRGO)                 \
  95:board/stm32f401rct6/Drivers/STM32F4xx_HAL_Driver/Src/stm32f4xx_ll_adc.c ****    || ((__REG_TRIG_SOURCE__) == LL_ADC_REG_TRIG_EXT_TIM4_CH4)                  \
  96:board/stm32f401rct6/Drivers/STM32F4xx_HAL_Driver/Src/stm32f4xx_ll_adc.c ****    || ((__REG_TRIG_SOURCE__) == LL_ADC_REG_TRIG_EXT_TIM5_CH1)                  \
  97:board/stm32f401rct6/Drivers/STM32F4xx_HAL_Driver/Src/stm32f4xx_ll_adc.c ****    || ((__REG_TRIG_SOURCE__) == LL_ADC_REG_TRIG_EXT_TIM5_CH2)                  \
  98:board/stm32f401rct6/Drivers/STM32F4xx_HAL_Driver/Src/stm32f4xx_ll_adc.c ****    || ((__REG_TRIG_SOURCE__) == LL_ADC_REG_TRIG_EXT_TIM5_CH3)                  \
  99:board/stm32f401rct6/Drivers/STM32F4xx_HAL_Driver/Src/stm32f4xx_ll_adc.c ****    || ((__REG_TRIG_SOURCE__) == LL_ADC_REG_TRIG_EXT_TIM8_CH1)                  \
 100:board/stm32f401rct6/Drivers/STM32F4xx_HAL_Driver/Src/stm32f4xx_ll_adc.c ****    || ((__REG_TRIG_SOURCE__) == LL_ADC_REG_TRIG_EXT_TIM8_TRGO)                 \
 101:board/stm32f401rct6/Drivers/STM32F4xx_HAL_Driver/Src/stm32f4xx_ll_adc.c ****    || ((__REG_TRIG_SOURCE__) == LL_ADC_REG_TRIG_EXT_EXTI_LINE11)               \
 102:board/stm32f401rct6/Drivers/STM32F4xx_HAL_Driver/Src/stm32f4xx_ll_adc.c ****   )
 103:board/stm32f401rct6/Drivers/STM32F4xx_HAL_Driver/Src/stm32f4xx_ll_adc.c **** #define IS_LL_ADC_REG_CONTINUOUS_MODE(__REG_CONTINUOUS_MODE__)                 \
 104:board/stm32f401rct6/Drivers/STM32F4xx_HAL_Driver/Src/stm32f4xx_ll_adc.c ****   (   ((__REG_CONTINUOUS_MODE__) == LL_ADC_REG_CONV_SINGLE)                    \
 105:board/stm32f401rct6/Drivers/STM32F4xx_HAL_Driver/Src/stm32f4xx_ll_adc.c ****    || ((__REG_CONTINUOUS_MODE__) == LL_ADC_REG_CONV_CONTINUOUS)                \
 106:board/stm32f401rct6/Drivers/STM32F4xx_HAL_Driver/Src/stm32f4xx_ll_adc.c ****   )
 107:board/stm32f401rct6/Drivers/STM32F4xx_HAL_Driver/Src/stm32f4xx_ll_adc.c **** 
 108:board/stm32f401rct6/Drivers/STM32F4xx_HAL_Driver/Src/stm32f4xx_ll_adc.c **** #define IS_LL_ADC_REG_DMA_TRANSFER(__REG_DMA_TRANSFER__)                       \
 109:board/stm32f401rct6/Drivers/STM32F4xx_HAL_Driver/Src/stm32f4xx_ll_adc.c ****   (   ((__REG_DMA_TRANSFER__) == LL_ADC_REG_DMA_TRANSFER_NONE)                 \
 110:board/stm32f401rct6/Drivers/STM32F4xx_HAL_Driver/Src/stm32f4xx_ll_adc.c ****    || ((__REG_DMA_TRANSFER__) == LL_ADC_REG_DMA_TRANSFER_LIMITED)              \
 111:board/stm32f401rct6/Drivers/STM32F4xx_HAL_Driver/Src/stm32f4xx_ll_adc.c ****    || ((__REG_DMA_TRANSFER__) == LL_ADC_REG_DMA_TRANSFER_UNLIMITED)            \
 112:board/stm32f401rct6/Drivers/STM32F4xx_HAL_Driver/Src/stm32f4xx_ll_adc.c ****   )
 113:board/stm32f401rct6/Drivers/STM32F4xx_HAL_Driver/Src/stm32f4xx_ll_adc.c **** 
 114:board/stm32f401rct6/Drivers/STM32F4xx_HAL_Driver/Src/stm32f4xx_ll_adc.c **** #define IS_LL_ADC_REG_FLAG_EOC_SELECTION(__REG_FLAG_EOC_SELECTION__)           \
 115:board/stm32f401rct6/Drivers/STM32F4xx_HAL_Driver/Src/stm32f4xx_ll_adc.c ****   (   ((__REG_FLAG_EOC_SELECTION__) == LL_ADC_REG_FLAG_EOC_SEQUENCE_CONV)      \
 116:board/stm32f401rct6/Drivers/STM32F4xx_HAL_Driver/Src/stm32f4xx_ll_adc.c ****    || ((__REG_FLAG_EOC_SELECTION__) == LL_ADC_REG_FLAG_EOC_UNITARY_CONV)       \
 117:board/stm32f401rct6/Drivers/STM32F4xx_HAL_Driver/Src/stm32f4xx_ll_adc.c ****   )
 118:board/stm32f401rct6/Drivers/STM32F4xx_HAL_Driver/Src/stm32f4xx_ll_adc.c **** 
 119:board/stm32f401rct6/Drivers/STM32F4xx_HAL_Driver/Src/stm32f4xx_ll_adc.c **** #define IS_LL_ADC_REG_SEQ_SCAN_LENGTH(__REG_SEQ_SCAN_LENGTH__)                 \
 120:board/stm32f401rct6/Drivers/STM32F4xx_HAL_Driver/Src/stm32f4xx_ll_adc.c ****   (   ((__REG_SEQ_SCAN_LENGTH__) == LL_ADC_REG_SEQ_SCAN_DISABLE)               \
 121:board/stm32f401rct6/Drivers/STM32F4xx_HAL_Driver/Src/stm32f4xx_ll_adc.c ****    || ((__REG_SEQ_SCAN_LENGTH__) == LL_ADC_REG_SEQ_SCAN_ENABLE_2RANKS)         \
 122:board/stm32f401rct6/Drivers/STM32F4xx_HAL_Driver/Src/stm32f4xx_ll_adc.c ****    || ((__REG_SEQ_SCAN_LENGTH__) == LL_ADC_REG_SEQ_SCAN_ENABLE_3RANKS)         \
 123:board/stm32f401rct6/Drivers/STM32F4xx_HAL_Driver/Src/stm32f4xx_ll_adc.c ****    || ((__REG_SEQ_SCAN_LENGTH__) == LL_ADC_REG_SEQ_SCAN_ENABLE_4RANKS)         \
 124:board/stm32f401rct6/Drivers/STM32F4xx_HAL_Driver/Src/stm32f4xx_ll_adc.c ****    || ((__REG_SEQ_SCAN_LENGTH__) == LL_ADC_REG_SEQ_SCAN_ENABLE_5RANKS)         \
 125:board/stm32f401rct6/Drivers/STM32F4xx_HAL_Driver/Src/stm32f4xx_ll_adc.c ****    || ((__REG_SEQ_SCAN_LENGTH__) == LL_ADC_REG_SEQ_SCAN_ENABLE_6RANKS)         \
 126:board/stm32f401rct6/Drivers/STM32F4xx_HAL_Driver/Src/stm32f4xx_ll_adc.c ****    || ((__REG_SEQ_SCAN_LENGTH__) == LL_ADC_REG_SEQ_SCAN_ENABLE_7RANKS)         \
 127:board/stm32f401rct6/Drivers/STM32F4xx_HAL_Driver/Src/stm32f4xx_ll_adc.c ****    || ((__REG_SEQ_SCAN_LENGTH__) == LL_ADC_REG_SEQ_SCAN_ENABLE_8RANKS)         \
 128:board/stm32f401rct6/Drivers/STM32F4xx_HAL_Driver/Src/stm32f4xx_ll_adc.c ****    || ((__REG_SEQ_SCAN_LENGTH__) == LL_ADC_REG_SEQ_SCAN_ENABLE_9RANKS)         \
 129:board/stm32f401rct6/Drivers/STM32F4xx_HAL_Driver/Src/stm32f4xx_ll_adc.c ****    || ((__REG_SEQ_SCAN_LENGTH__) == LL_ADC_REG_SEQ_SCAN_ENABLE_10RANKS)        \
 130:board/stm32f401rct6/Drivers/STM32F4xx_HAL_Driver/Src/stm32f4xx_ll_adc.c ****    || ((__REG_SEQ_SCAN_LENGTH__) == LL_ADC_REG_SEQ_SCAN_ENABLE_11RANKS)        \
 131:board/stm32f401rct6/Drivers/STM32F4xx_HAL_Driver/Src/stm32f4xx_ll_adc.c ****    || ((__REG_SEQ_SCAN_LENGTH__) == LL_ADC_REG_SEQ_SCAN_ENABLE_12RANKS)        \
 132:board/stm32f401rct6/Drivers/STM32F4xx_HAL_Driver/Src/stm32f4xx_ll_adc.c ****    || ((__REG_SEQ_SCAN_LENGTH__) == LL_ADC_REG_SEQ_SCAN_ENABLE_13RANKS)        \
 133:board/stm32f401rct6/Drivers/STM32F4xx_HAL_Driver/Src/stm32f4xx_ll_adc.c ****    || ((__REG_SEQ_SCAN_LENGTH__) == LL_ADC_REG_SEQ_SCAN_ENABLE_14RANKS)        \
 134:board/stm32f401rct6/Drivers/STM32F4xx_HAL_Driver/Src/stm32f4xx_ll_adc.c ****    || ((__REG_SEQ_SCAN_LENGTH__) == LL_ADC_REG_SEQ_SCAN_ENABLE_15RANKS)        \
 135:board/stm32f401rct6/Drivers/STM32F4xx_HAL_Driver/Src/stm32f4xx_ll_adc.c ****    || ((__REG_SEQ_SCAN_LENGTH__) == LL_ADC_REG_SEQ_SCAN_ENABLE_16RANKS)        \
 136:board/stm32f401rct6/Drivers/STM32F4xx_HAL_Driver/Src/stm32f4xx_ll_adc.c ****   )
 137:board/stm32f401rct6/Drivers/STM32F4xx_HAL_Driver/Src/stm32f4xx_ll_adc.c **** 
 138:board/stm32f401rct6/Drivers/STM32F4xx_HAL_Driver/Src/stm32f4xx_ll_adc.c **** #define IS_LL_ADC_REG_SEQ_SCAN_DISCONT_MODE(__REG_SEQ_DISCONT_MODE__)          \
 139:board/stm32f401rct6/Drivers/STM32F4xx_HAL_Driver/Src/stm32f4xx_ll_adc.c ****   (   ((__REG_SEQ_DISCONT_MODE__) == LL_ADC_REG_SEQ_DISCONT_DISABLE)           \
 140:board/stm32f401rct6/Drivers/STM32F4xx_HAL_Driver/Src/stm32f4xx_ll_adc.c ****    || ((__REG_SEQ_DISCONT_MODE__) == LL_ADC_REG_SEQ_DISCONT_1RANK)             \
 141:board/stm32f401rct6/Drivers/STM32F4xx_HAL_Driver/Src/stm32f4xx_ll_adc.c ****    || ((__REG_SEQ_DISCONT_MODE__) == LL_ADC_REG_SEQ_DISCONT_2RANKS)            \
 142:board/stm32f401rct6/Drivers/STM32F4xx_HAL_Driver/Src/stm32f4xx_ll_adc.c ****    || ((__REG_SEQ_DISCONT_MODE__) == LL_ADC_REG_SEQ_DISCONT_3RANKS)            \
 143:board/stm32f401rct6/Drivers/STM32F4xx_HAL_Driver/Src/stm32f4xx_ll_adc.c ****    || ((__REG_SEQ_DISCONT_MODE__) == LL_ADC_REG_SEQ_DISCONT_4RANKS)            \
ARM GAS  C:\Users\Admin\AppData\Local\Temp\ccHarYQc.s 			page 4


 144:board/stm32f401rct6/Drivers/STM32F4xx_HAL_Driver/Src/stm32f4xx_ll_adc.c ****    || ((__REG_SEQ_DISCONT_MODE__) == LL_ADC_REG_SEQ_DISCONT_5RANKS)            \
 145:board/stm32f401rct6/Drivers/STM32F4xx_HAL_Driver/Src/stm32f4xx_ll_adc.c ****    || ((__REG_SEQ_DISCONT_MODE__) == LL_ADC_REG_SEQ_DISCONT_6RANKS)            \
 146:board/stm32f401rct6/Drivers/STM32F4xx_HAL_Driver/Src/stm32f4xx_ll_adc.c ****    || ((__REG_SEQ_DISCONT_MODE__) == LL_ADC_REG_SEQ_DISCONT_7RANKS)            \
 147:board/stm32f401rct6/Drivers/STM32F4xx_HAL_Driver/Src/stm32f4xx_ll_adc.c ****    || ((__REG_SEQ_DISCONT_MODE__) == LL_ADC_REG_SEQ_DISCONT_8RANKS)            \
 148:board/stm32f401rct6/Drivers/STM32F4xx_HAL_Driver/Src/stm32f4xx_ll_adc.c ****   )
 149:board/stm32f401rct6/Drivers/STM32F4xx_HAL_Driver/Src/stm32f4xx_ll_adc.c **** 
 150:board/stm32f401rct6/Drivers/STM32F4xx_HAL_Driver/Src/stm32f4xx_ll_adc.c **** /* Check of parameters for configuration of ADC hierarchical scope:           */
 151:board/stm32f401rct6/Drivers/STM32F4xx_HAL_Driver/Src/stm32f4xx_ll_adc.c **** /* ADC group injected                                                         */
 152:board/stm32f401rct6/Drivers/STM32F4xx_HAL_Driver/Src/stm32f4xx_ll_adc.c **** #define IS_LL_ADC_INJ_TRIG_SOURCE(__INJ_TRIG_SOURCE__)                         \
 153:board/stm32f401rct6/Drivers/STM32F4xx_HAL_Driver/Src/stm32f4xx_ll_adc.c ****   (   ((__INJ_TRIG_SOURCE__) == LL_ADC_INJ_TRIG_SOFTWARE)                      \
 154:board/stm32f401rct6/Drivers/STM32F4xx_HAL_Driver/Src/stm32f4xx_ll_adc.c ****    || ((__INJ_TRIG_SOURCE__) == LL_ADC_INJ_TRIG_EXT_TIM1_CH4)                  \
 155:board/stm32f401rct6/Drivers/STM32F4xx_HAL_Driver/Src/stm32f4xx_ll_adc.c ****    || ((__INJ_TRIG_SOURCE__) == LL_ADC_INJ_TRIG_EXT_TIM1_TRGO)                 \
 156:board/stm32f401rct6/Drivers/STM32F4xx_HAL_Driver/Src/stm32f4xx_ll_adc.c ****    || ((__INJ_TRIG_SOURCE__) == LL_ADC_INJ_TRIG_EXT_TIM2_CH1)                  \
 157:board/stm32f401rct6/Drivers/STM32F4xx_HAL_Driver/Src/stm32f4xx_ll_adc.c ****    || ((__INJ_TRIG_SOURCE__) == LL_ADC_INJ_TRIG_EXT_TIM2_TRGO)                 \
 158:board/stm32f401rct6/Drivers/STM32F4xx_HAL_Driver/Src/stm32f4xx_ll_adc.c ****    || ((__INJ_TRIG_SOURCE__) == LL_ADC_INJ_TRIG_EXT_TIM3_CH2)                  \
 159:board/stm32f401rct6/Drivers/STM32F4xx_HAL_Driver/Src/stm32f4xx_ll_adc.c ****    || ((__INJ_TRIG_SOURCE__) == LL_ADC_INJ_TRIG_EXT_TIM3_CH4)                  \
 160:board/stm32f401rct6/Drivers/STM32F4xx_HAL_Driver/Src/stm32f4xx_ll_adc.c ****    || ((__INJ_TRIG_SOURCE__) == LL_ADC_INJ_TRIG_EXT_TIM4_CH1)                  \
 161:board/stm32f401rct6/Drivers/STM32F4xx_HAL_Driver/Src/stm32f4xx_ll_adc.c ****    || ((__INJ_TRIG_SOURCE__) == LL_ADC_INJ_TRIG_EXT_TIM4_CH2)                  \
 162:board/stm32f401rct6/Drivers/STM32F4xx_HAL_Driver/Src/stm32f4xx_ll_adc.c ****    || ((__INJ_TRIG_SOURCE__) == LL_ADC_INJ_TRIG_EXT_TIM4_CH3)                  \
 163:board/stm32f401rct6/Drivers/STM32F4xx_HAL_Driver/Src/stm32f4xx_ll_adc.c ****    || ((__INJ_TRIG_SOURCE__) == LL_ADC_INJ_TRIG_EXT_TIM4_TRGO)                 \
 164:board/stm32f401rct6/Drivers/STM32F4xx_HAL_Driver/Src/stm32f4xx_ll_adc.c ****    || ((__INJ_TRIG_SOURCE__) == LL_ADC_INJ_TRIG_EXT_TIM5_CH4)                  \
 165:board/stm32f401rct6/Drivers/STM32F4xx_HAL_Driver/Src/stm32f4xx_ll_adc.c ****    || ((__INJ_TRIG_SOURCE__) == LL_ADC_INJ_TRIG_EXT_TIM5_TRGO)                 \
 166:board/stm32f401rct6/Drivers/STM32F4xx_HAL_Driver/Src/stm32f4xx_ll_adc.c ****    || ((__INJ_TRIG_SOURCE__) == LL_ADC_INJ_TRIG_EXT_TIM8_CH2)                  \
 167:board/stm32f401rct6/Drivers/STM32F4xx_HAL_Driver/Src/stm32f4xx_ll_adc.c ****    || ((__INJ_TRIG_SOURCE__) == LL_ADC_INJ_TRIG_EXT_TIM8_CH3)                  \
 168:board/stm32f401rct6/Drivers/STM32F4xx_HAL_Driver/Src/stm32f4xx_ll_adc.c ****    || ((__INJ_TRIG_SOURCE__) == LL_ADC_INJ_TRIG_EXT_TIM8_CH4)                  \
 169:board/stm32f401rct6/Drivers/STM32F4xx_HAL_Driver/Src/stm32f4xx_ll_adc.c ****    || ((__INJ_TRIG_SOURCE__) == LL_ADC_INJ_TRIG_EXT_EXTI_LINE15)               \
 170:board/stm32f401rct6/Drivers/STM32F4xx_HAL_Driver/Src/stm32f4xx_ll_adc.c ****   )
 171:board/stm32f401rct6/Drivers/STM32F4xx_HAL_Driver/Src/stm32f4xx_ll_adc.c **** 
 172:board/stm32f401rct6/Drivers/STM32F4xx_HAL_Driver/Src/stm32f4xx_ll_adc.c **** #define IS_LL_ADC_INJ_TRIG_EXT_EDGE(__INJ_TRIG_EXT_EDGE__)                     \
 173:board/stm32f401rct6/Drivers/STM32F4xx_HAL_Driver/Src/stm32f4xx_ll_adc.c ****   (   ((__INJ_TRIG_EXT_EDGE__) == LL_ADC_INJ_TRIG_EXT_RISING)                  \
 174:board/stm32f401rct6/Drivers/STM32F4xx_HAL_Driver/Src/stm32f4xx_ll_adc.c ****    || ((__INJ_TRIG_EXT_EDGE__) == LL_ADC_INJ_TRIG_EXT_FALLING)                 \
 175:board/stm32f401rct6/Drivers/STM32F4xx_HAL_Driver/Src/stm32f4xx_ll_adc.c ****    || ((__INJ_TRIG_EXT_EDGE__) == LL_ADC_INJ_TRIG_EXT_RISINGFALLING)           \
 176:board/stm32f401rct6/Drivers/STM32F4xx_HAL_Driver/Src/stm32f4xx_ll_adc.c ****   )
 177:board/stm32f401rct6/Drivers/STM32F4xx_HAL_Driver/Src/stm32f4xx_ll_adc.c **** 
 178:board/stm32f401rct6/Drivers/STM32F4xx_HAL_Driver/Src/stm32f4xx_ll_adc.c **** #define IS_LL_ADC_INJ_TRIG_AUTO(__INJ_TRIG_AUTO__)                             \
 179:board/stm32f401rct6/Drivers/STM32F4xx_HAL_Driver/Src/stm32f4xx_ll_adc.c ****   (   ((__INJ_TRIG_AUTO__) == LL_ADC_INJ_TRIG_INDEPENDENT)                     \
 180:board/stm32f401rct6/Drivers/STM32F4xx_HAL_Driver/Src/stm32f4xx_ll_adc.c ****    || ((__INJ_TRIG_AUTO__) == LL_ADC_INJ_TRIG_FROM_GRP_REGULAR)                \
 181:board/stm32f401rct6/Drivers/STM32F4xx_HAL_Driver/Src/stm32f4xx_ll_adc.c ****   )
 182:board/stm32f401rct6/Drivers/STM32F4xx_HAL_Driver/Src/stm32f4xx_ll_adc.c **** 
 183:board/stm32f401rct6/Drivers/STM32F4xx_HAL_Driver/Src/stm32f4xx_ll_adc.c **** #define IS_LL_ADC_INJ_SEQ_SCAN_LENGTH(__INJ_SEQ_SCAN_LENGTH__)                 \
 184:board/stm32f401rct6/Drivers/STM32F4xx_HAL_Driver/Src/stm32f4xx_ll_adc.c ****   (   ((__INJ_SEQ_SCAN_LENGTH__) == LL_ADC_INJ_SEQ_SCAN_DISABLE)               \
 185:board/stm32f401rct6/Drivers/STM32F4xx_HAL_Driver/Src/stm32f4xx_ll_adc.c ****    || ((__INJ_SEQ_SCAN_LENGTH__) == LL_ADC_INJ_SEQ_SCAN_ENABLE_2RANKS)         \
 186:board/stm32f401rct6/Drivers/STM32F4xx_HAL_Driver/Src/stm32f4xx_ll_adc.c ****    || ((__INJ_SEQ_SCAN_LENGTH__) == LL_ADC_INJ_SEQ_SCAN_ENABLE_3RANKS)         \
 187:board/stm32f401rct6/Drivers/STM32F4xx_HAL_Driver/Src/stm32f4xx_ll_adc.c ****    || ((__INJ_SEQ_SCAN_LENGTH__) == LL_ADC_INJ_SEQ_SCAN_ENABLE_4RANKS)         \
 188:board/stm32f401rct6/Drivers/STM32F4xx_HAL_Driver/Src/stm32f4xx_ll_adc.c ****   )
 189:board/stm32f401rct6/Drivers/STM32F4xx_HAL_Driver/Src/stm32f4xx_ll_adc.c **** 
 190:board/stm32f401rct6/Drivers/STM32F4xx_HAL_Driver/Src/stm32f4xx_ll_adc.c **** #define IS_LL_ADC_INJ_SEQ_SCAN_DISCONT_MODE(__INJ_SEQ_DISCONT_MODE__)          \
 191:board/stm32f401rct6/Drivers/STM32F4xx_HAL_Driver/Src/stm32f4xx_ll_adc.c ****   (   ((__INJ_SEQ_DISCONT_MODE__) == LL_ADC_INJ_SEQ_DISCONT_DISABLE)           \
 192:board/stm32f401rct6/Drivers/STM32F4xx_HAL_Driver/Src/stm32f4xx_ll_adc.c ****    || ((__INJ_SEQ_DISCONT_MODE__) == LL_ADC_INJ_SEQ_DISCONT_1RANK)             \
 193:board/stm32f401rct6/Drivers/STM32F4xx_HAL_Driver/Src/stm32f4xx_ll_adc.c ****   )
 194:board/stm32f401rct6/Drivers/STM32F4xx_HAL_Driver/Src/stm32f4xx_ll_adc.c **** 
 195:board/stm32f401rct6/Drivers/STM32F4xx_HAL_Driver/Src/stm32f4xx_ll_adc.c **** #if defined(ADC_MULTIMODE_SUPPORT)
 196:board/stm32f401rct6/Drivers/STM32F4xx_HAL_Driver/Src/stm32f4xx_ll_adc.c **** /* Check of parameters for configuration of ADC hierarchical scope:           */
 197:board/stm32f401rct6/Drivers/STM32F4xx_HAL_Driver/Src/stm32f4xx_ll_adc.c **** /* multimode.                                                                 */
 198:board/stm32f401rct6/Drivers/STM32F4xx_HAL_Driver/Src/stm32f4xx_ll_adc.c **** #if defined(ADC3)
 199:board/stm32f401rct6/Drivers/STM32F4xx_HAL_Driver/Src/stm32f4xx_ll_adc.c **** #define IS_LL_ADC_MULTI_MODE(__MULTI_MODE__)                                   \
 200:board/stm32f401rct6/Drivers/STM32F4xx_HAL_Driver/Src/stm32f4xx_ll_adc.c ****   (   ((__MULTI_MODE__) == LL_ADC_MULTI_INDEPENDENT)                           \
ARM GAS  C:\Users\Admin\AppData\Local\Temp\ccHarYQc.s 			page 5


 201:board/stm32f401rct6/Drivers/STM32F4xx_HAL_Driver/Src/stm32f4xx_ll_adc.c ****    || ((__MULTI_MODE__) == LL_ADC_MULTI_DUAL_REG_SIMULT)                       \
 202:board/stm32f401rct6/Drivers/STM32F4xx_HAL_Driver/Src/stm32f4xx_ll_adc.c ****    || ((__MULTI_MODE__) == LL_ADC_MULTI_DUAL_REG_INTERL)                       \
 203:board/stm32f401rct6/Drivers/STM32F4xx_HAL_Driver/Src/stm32f4xx_ll_adc.c ****    || ((__MULTI_MODE__) == LL_ADC_MULTI_DUAL_INJ_SIMULT)                       \
 204:board/stm32f401rct6/Drivers/STM32F4xx_HAL_Driver/Src/stm32f4xx_ll_adc.c ****    || ((__MULTI_MODE__) == LL_ADC_MULTI_DUAL_INJ_ALTERN)                       \
 205:board/stm32f401rct6/Drivers/STM32F4xx_HAL_Driver/Src/stm32f4xx_ll_adc.c ****    || ((__MULTI_MODE__) == LL_ADC_MULTI_DUAL_REG_SIM_INJ_SIM)                  \
 206:board/stm32f401rct6/Drivers/STM32F4xx_HAL_Driver/Src/stm32f4xx_ll_adc.c ****    || ((__MULTI_MODE__) == LL_ADC_MULTI_DUAL_REG_SIM_INJ_ALT)                  \
 207:board/stm32f401rct6/Drivers/STM32F4xx_HAL_Driver/Src/stm32f4xx_ll_adc.c ****    || ((__MULTI_MODE__) == LL_ADC_MULTI_DUAL_REG_INT_INJ_SIM)                  \
 208:board/stm32f401rct6/Drivers/STM32F4xx_HAL_Driver/Src/stm32f4xx_ll_adc.c ****    || ((__MULTI_MODE__) == LL_ADC_MULTI_TRIPLE_REG_SIM_INJ_SIM)                \
 209:board/stm32f401rct6/Drivers/STM32F4xx_HAL_Driver/Src/stm32f4xx_ll_adc.c ****    || ((__MULTI_MODE__) == LL_ADC_MULTI_TRIPLE_REG_SIM_INJ_ALT)                \
 210:board/stm32f401rct6/Drivers/STM32F4xx_HAL_Driver/Src/stm32f4xx_ll_adc.c ****    || ((__MULTI_MODE__) == LL_ADC_MULTI_TRIPLE_INJ_SIMULT)                     \
 211:board/stm32f401rct6/Drivers/STM32F4xx_HAL_Driver/Src/stm32f4xx_ll_adc.c ****    || ((__MULTI_MODE__) == LL_ADC_MULTI_TRIPLE_REG_SIMULT)                     \
 212:board/stm32f401rct6/Drivers/STM32F4xx_HAL_Driver/Src/stm32f4xx_ll_adc.c ****    || ((__MULTI_MODE__) == LL_ADC_MULTI_TRIPLE_REG_INTERL)                     \
 213:board/stm32f401rct6/Drivers/STM32F4xx_HAL_Driver/Src/stm32f4xx_ll_adc.c ****    || ((__MULTI_MODE__) == LL_ADC_MULTI_TRIPLE_INJ_ALTERN)                     \
 214:board/stm32f401rct6/Drivers/STM32F4xx_HAL_Driver/Src/stm32f4xx_ll_adc.c ****   )
 215:board/stm32f401rct6/Drivers/STM32F4xx_HAL_Driver/Src/stm32f4xx_ll_adc.c **** #else
 216:board/stm32f401rct6/Drivers/STM32F4xx_HAL_Driver/Src/stm32f4xx_ll_adc.c **** #define IS_LL_ADC_MULTI_MODE(__MULTI_MODE__)                                   \
 217:board/stm32f401rct6/Drivers/STM32F4xx_HAL_Driver/Src/stm32f4xx_ll_adc.c ****   (   ((__MULTI_MODE__) == LL_ADC_MULTI_INDEPENDENT)                           \
 218:board/stm32f401rct6/Drivers/STM32F4xx_HAL_Driver/Src/stm32f4xx_ll_adc.c ****    || ((__MULTI_MODE__) == LL_ADC_MULTI_DUAL_REG_SIMULT)                       \
 219:board/stm32f401rct6/Drivers/STM32F4xx_HAL_Driver/Src/stm32f4xx_ll_adc.c ****    || ((__MULTI_MODE__) == LL_ADC_MULTI_DUAL_REG_INTERL)                       \
 220:board/stm32f401rct6/Drivers/STM32F4xx_HAL_Driver/Src/stm32f4xx_ll_adc.c ****    || ((__MULTI_MODE__) == LL_ADC_MULTI_DUAL_INJ_SIMULT)                       \
 221:board/stm32f401rct6/Drivers/STM32F4xx_HAL_Driver/Src/stm32f4xx_ll_adc.c ****    || ((__MULTI_MODE__) == LL_ADC_MULTI_DUAL_INJ_ALTERN)                       \
 222:board/stm32f401rct6/Drivers/STM32F4xx_HAL_Driver/Src/stm32f4xx_ll_adc.c ****    || ((__MULTI_MODE__) == LL_ADC_MULTI_DUAL_REG_SIM_INJ_SIM)                  \
 223:board/stm32f401rct6/Drivers/STM32F4xx_HAL_Driver/Src/stm32f4xx_ll_adc.c ****    || ((__MULTI_MODE__) == LL_ADC_MULTI_DUAL_REG_SIM_INJ_ALT)                  \
 224:board/stm32f401rct6/Drivers/STM32F4xx_HAL_Driver/Src/stm32f4xx_ll_adc.c ****    || ((__MULTI_MODE__) == LL_ADC_MULTI_DUAL_REG_INT_INJ_SIM)                  \
 225:board/stm32f401rct6/Drivers/STM32F4xx_HAL_Driver/Src/stm32f4xx_ll_adc.c ****   )
 226:board/stm32f401rct6/Drivers/STM32F4xx_HAL_Driver/Src/stm32f4xx_ll_adc.c **** #endif
 227:board/stm32f401rct6/Drivers/STM32F4xx_HAL_Driver/Src/stm32f4xx_ll_adc.c **** 
 228:board/stm32f401rct6/Drivers/STM32F4xx_HAL_Driver/Src/stm32f4xx_ll_adc.c **** #define IS_LL_ADC_MULTI_DMA_TRANSFER(__MULTI_DMA_TRANSFER__)                   \
 229:board/stm32f401rct6/Drivers/STM32F4xx_HAL_Driver/Src/stm32f4xx_ll_adc.c ****   (   ((__MULTI_DMA_TRANSFER__) == LL_ADC_MULTI_REG_DMA_EACH_ADC)              \
 230:board/stm32f401rct6/Drivers/STM32F4xx_HAL_Driver/Src/stm32f4xx_ll_adc.c ****    || ((__MULTI_DMA_TRANSFER__) == LL_ADC_MULTI_REG_DMA_LIMIT_1)               \
 231:board/stm32f401rct6/Drivers/STM32F4xx_HAL_Driver/Src/stm32f4xx_ll_adc.c ****    || ((__MULTI_DMA_TRANSFER__) == LL_ADC_MULTI_REG_DMA_LIMIT_2)               \
 232:board/stm32f401rct6/Drivers/STM32F4xx_HAL_Driver/Src/stm32f4xx_ll_adc.c ****    || ((__MULTI_DMA_TRANSFER__) == LL_ADC_MULTI_REG_DMA_LIMIT_3)               \
 233:board/stm32f401rct6/Drivers/STM32F4xx_HAL_Driver/Src/stm32f4xx_ll_adc.c ****    || ((__MULTI_DMA_TRANSFER__) == LL_ADC_MULTI_REG_DMA_UNLMT_1)               \
 234:board/stm32f401rct6/Drivers/STM32F4xx_HAL_Driver/Src/stm32f4xx_ll_adc.c ****    || ((__MULTI_DMA_TRANSFER__) == LL_ADC_MULTI_REG_DMA_UNLMT_2)               \
 235:board/stm32f401rct6/Drivers/STM32F4xx_HAL_Driver/Src/stm32f4xx_ll_adc.c ****    || ((__MULTI_DMA_TRANSFER__) == LL_ADC_MULTI_REG_DMA_UNLMT_3)               \
 236:board/stm32f401rct6/Drivers/STM32F4xx_HAL_Driver/Src/stm32f4xx_ll_adc.c ****   )
 237:board/stm32f401rct6/Drivers/STM32F4xx_HAL_Driver/Src/stm32f4xx_ll_adc.c **** 
 238:board/stm32f401rct6/Drivers/STM32F4xx_HAL_Driver/Src/stm32f4xx_ll_adc.c **** #define IS_LL_ADC_MULTI_TWOSMP_DELAY(__MULTI_TWOSMP_DELAY__)                   \
 239:board/stm32f401rct6/Drivers/STM32F4xx_HAL_Driver/Src/stm32f4xx_ll_adc.c ****   (   ((__MULTI_TWOSMP_DELAY__) == LL_ADC_MULTI_TWOSMP_DELAY_5CYCLES)          \
 240:board/stm32f401rct6/Drivers/STM32F4xx_HAL_Driver/Src/stm32f4xx_ll_adc.c ****    || ((__MULTI_TWOSMP_DELAY__) == LL_ADC_MULTI_TWOSMP_DELAY_6CYCLES)          \
 241:board/stm32f401rct6/Drivers/STM32F4xx_HAL_Driver/Src/stm32f4xx_ll_adc.c ****    || ((__MULTI_TWOSMP_DELAY__) == LL_ADC_MULTI_TWOSMP_DELAY_7CYCLES)          \
 242:board/stm32f401rct6/Drivers/STM32F4xx_HAL_Driver/Src/stm32f4xx_ll_adc.c ****    || ((__MULTI_TWOSMP_DELAY__) == LL_ADC_MULTI_TWOSMP_DELAY_8CYCLES)          \
 243:board/stm32f401rct6/Drivers/STM32F4xx_HAL_Driver/Src/stm32f4xx_ll_adc.c ****    || ((__MULTI_TWOSMP_DELAY__) == LL_ADC_MULTI_TWOSMP_DELAY_9CYCLES)          \
 244:board/stm32f401rct6/Drivers/STM32F4xx_HAL_Driver/Src/stm32f4xx_ll_adc.c ****    || ((__MULTI_TWOSMP_DELAY__) == LL_ADC_MULTI_TWOSMP_DELAY_10CYCLES)         \
 245:board/stm32f401rct6/Drivers/STM32F4xx_HAL_Driver/Src/stm32f4xx_ll_adc.c ****    || ((__MULTI_TWOSMP_DELAY__) == LL_ADC_MULTI_TWOSMP_DELAY_11CYCLES)         \
 246:board/stm32f401rct6/Drivers/STM32F4xx_HAL_Driver/Src/stm32f4xx_ll_adc.c ****    || ((__MULTI_TWOSMP_DELAY__) == LL_ADC_MULTI_TWOSMP_DELAY_12CYCLES)         \
 247:board/stm32f401rct6/Drivers/STM32F4xx_HAL_Driver/Src/stm32f4xx_ll_adc.c ****    || ((__MULTI_TWOSMP_DELAY__) == LL_ADC_MULTI_TWOSMP_DELAY_13CYCLES)         \
 248:board/stm32f401rct6/Drivers/STM32F4xx_HAL_Driver/Src/stm32f4xx_ll_adc.c ****    || ((__MULTI_TWOSMP_DELAY__) == LL_ADC_MULTI_TWOSMP_DELAY_14CYCLES)         \
 249:board/stm32f401rct6/Drivers/STM32F4xx_HAL_Driver/Src/stm32f4xx_ll_adc.c ****    || ((__MULTI_TWOSMP_DELAY__) == LL_ADC_MULTI_TWOSMP_DELAY_15CYCLES)         \
 250:board/stm32f401rct6/Drivers/STM32F4xx_HAL_Driver/Src/stm32f4xx_ll_adc.c ****    || ((__MULTI_TWOSMP_DELAY__) == LL_ADC_MULTI_TWOSMP_DELAY_16CYCLES)         \
 251:board/stm32f401rct6/Drivers/STM32F4xx_HAL_Driver/Src/stm32f4xx_ll_adc.c ****    || ((__MULTI_TWOSMP_DELAY__) == LL_ADC_MULTI_TWOSMP_DELAY_17CYCLES)         \
 252:board/stm32f401rct6/Drivers/STM32F4xx_HAL_Driver/Src/stm32f4xx_ll_adc.c ****    || ((__MULTI_TWOSMP_DELAY__) == LL_ADC_MULTI_TWOSMP_DELAY_18CYCLES)         \
 253:board/stm32f401rct6/Drivers/STM32F4xx_HAL_Driver/Src/stm32f4xx_ll_adc.c ****    || ((__MULTI_TWOSMP_DELAY__) == LL_ADC_MULTI_TWOSMP_DELAY_19CYCLES)         \
 254:board/stm32f401rct6/Drivers/STM32F4xx_HAL_Driver/Src/stm32f4xx_ll_adc.c ****    || ((__MULTI_TWOSMP_DELAY__) == LL_ADC_MULTI_TWOSMP_DELAY_20CYCLES)         \
 255:board/stm32f401rct6/Drivers/STM32F4xx_HAL_Driver/Src/stm32f4xx_ll_adc.c ****   )
 256:board/stm32f401rct6/Drivers/STM32F4xx_HAL_Driver/Src/stm32f4xx_ll_adc.c **** 
 257:board/stm32f401rct6/Drivers/STM32F4xx_HAL_Driver/Src/stm32f4xx_ll_adc.c **** #define IS_LL_ADC_MULTI_MASTER_SLAVE(__MULTI_MASTER_SLAVE__)                   \
ARM GAS  C:\Users\Admin\AppData\Local\Temp\ccHarYQc.s 			page 6


 258:board/stm32f401rct6/Drivers/STM32F4xx_HAL_Driver/Src/stm32f4xx_ll_adc.c ****   (   ((__MULTI_MASTER_SLAVE__) == LL_ADC_MULTI_MASTER)                        \
 259:board/stm32f401rct6/Drivers/STM32F4xx_HAL_Driver/Src/stm32f4xx_ll_adc.c ****    || ((__MULTI_MASTER_SLAVE__) == LL_ADC_MULTI_SLAVE)                         \
 260:board/stm32f401rct6/Drivers/STM32F4xx_HAL_Driver/Src/stm32f4xx_ll_adc.c ****    || ((__MULTI_MASTER_SLAVE__) == LL_ADC_MULTI_MASTER_SLAVE)                  \
 261:board/stm32f401rct6/Drivers/STM32F4xx_HAL_Driver/Src/stm32f4xx_ll_adc.c ****   )
 262:board/stm32f401rct6/Drivers/STM32F4xx_HAL_Driver/Src/stm32f4xx_ll_adc.c **** 
 263:board/stm32f401rct6/Drivers/STM32F4xx_HAL_Driver/Src/stm32f4xx_ll_adc.c **** #endif /* ADC_MULTIMODE_SUPPORT */
 264:board/stm32f401rct6/Drivers/STM32F4xx_HAL_Driver/Src/stm32f4xx_ll_adc.c **** /**
 265:board/stm32f401rct6/Drivers/STM32F4xx_HAL_Driver/Src/stm32f4xx_ll_adc.c ****   * @}
 266:board/stm32f401rct6/Drivers/STM32F4xx_HAL_Driver/Src/stm32f4xx_ll_adc.c ****   */
 267:board/stm32f401rct6/Drivers/STM32F4xx_HAL_Driver/Src/stm32f4xx_ll_adc.c **** 
 268:board/stm32f401rct6/Drivers/STM32F4xx_HAL_Driver/Src/stm32f4xx_ll_adc.c **** 
 269:board/stm32f401rct6/Drivers/STM32F4xx_HAL_Driver/Src/stm32f4xx_ll_adc.c **** /* Private function prototypes -----------------------------------------------*/
 270:board/stm32f401rct6/Drivers/STM32F4xx_HAL_Driver/Src/stm32f4xx_ll_adc.c **** 
 271:board/stm32f401rct6/Drivers/STM32F4xx_HAL_Driver/Src/stm32f4xx_ll_adc.c **** /* Exported functions --------------------------------------------------------*/
 272:board/stm32f401rct6/Drivers/STM32F4xx_HAL_Driver/Src/stm32f4xx_ll_adc.c **** /** @addtogroup ADC_LL_Exported_Functions
 273:board/stm32f401rct6/Drivers/STM32F4xx_HAL_Driver/Src/stm32f4xx_ll_adc.c ****   * @{
 274:board/stm32f401rct6/Drivers/STM32F4xx_HAL_Driver/Src/stm32f4xx_ll_adc.c ****   */
 275:board/stm32f401rct6/Drivers/STM32F4xx_HAL_Driver/Src/stm32f4xx_ll_adc.c **** 
 276:board/stm32f401rct6/Drivers/STM32F4xx_HAL_Driver/Src/stm32f4xx_ll_adc.c **** /** @addtogroup ADC_LL_EF_Init
 277:board/stm32f401rct6/Drivers/STM32F4xx_HAL_Driver/Src/stm32f4xx_ll_adc.c ****   * @{
 278:board/stm32f401rct6/Drivers/STM32F4xx_HAL_Driver/Src/stm32f4xx_ll_adc.c ****   */
 279:board/stm32f401rct6/Drivers/STM32F4xx_HAL_Driver/Src/stm32f4xx_ll_adc.c **** 
 280:board/stm32f401rct6/Drivers/STM32F4xx_HAL_Driver/Src/stm32f4xx_ll_adc.c **** /**
 281:board/stm32f401rct6/Drivers/STM32F4xx_HAL_Driver/Src/stm32f4xx_ll_adc.c ****   * @brief  De-initialize registers of all ADC instances belonging to
 282:board/stm32f401rct6/Drivers/STM32F4xx_HAL_Driver/Src/stm32f4xx_ll_adc.c ****   *         the same ADC common instance to their default reset values.
 283:board/stm32f401rct6/Drivers/STM32F4xx_HAL_Driver/Src/stm32f4xx_ll_adc.c ****   * @param  ADCxy_COMMON ADC common instance
 284:board/stm32f401rct6/Drivers/STM32F4xx_HAL_Driver/Src/stm32f4xx_ll_adc.c ****   *         (can be set directly from CMSIS definition or by using helper macro @ref __LL_ADC_COMMO
 285:board/stm32f401rct6/Drivers/STM32F4xx_HAL_Driver/Src/stm32f4xx_ll_adc.c ****   * @retval An ErrorStatus enumeration value:
 286:board/stm32f401rct6/Drivers/STM32F4xx_HAL_Driver/Src/stm32f4xx_ll_adc.c ****   *          - SUCCESS: ADC common registers are de-initialized
 287:board/stm32f401rct6/Drivers/STM32F4xx_HAL_Driver/Src/stm32f4xx_ll_adc.c ****   *          - ERROR: not applicable
 288:board/stm32f401rct6/Drivers/STM32F4xx_HAL_Driver/Src/stm32f4xx_ll_adc.c ****   */
 289:board/stm32f401rct6/Drivers/STM32F4xx_HAL_Driver/Src/stm32f4xx_ll_adc.c **** ErrorStatus LL_ADC_CommonDeInit(ADC_Common_TypeDef *ADCxy_COMMON)
 290:board/stm32f401rct6/Drivers/STM32F4xx_HAL_Driver/Src/stm32f4xx_ll_adc.c **** {
  30              		.loc 1 290 1 view -0
  31              		.cfi_startproc
  32              		@ args = 0, pretend = 0, frame = 0
  33              		@ frame_needed = 0, uses_anonymous_args = 0
  34              		@ link register save eliminated.
 291:board/stm32f401rct6/Drivers/STM32F4xx_HAL_Driver/Src/stm32f4xx_ll_adc.c ****   /* Check the parameters */
 292:board/stm32f401rct6/Drivers/STM32F4xx_HAL_Driver/Src/stm32f4xx_ll_adc.c ****   assert_param(IS_ADC_COMMON_INSTANCE(ADCxy_COMMON));
  35              		.loc 1 292 3 view .LVU1
 293:board/stm32f401rct6/Drivers/STM32F4xx_HAL_Driver/Src/stm32f4xx_ll_adc.c **** 
 294:board/stm32f401rct6/Drivers/STM32F4xx_HAL_Driver/Src/stm32f4xx_ll_adc.c **** 
 295:board/stm32f401rct6/Drivers/STM32F4xx_HAL_Driver/Src/stm32f4xx_ll_adc.c ****   /* Force reset of ADC clock (core clock) */
 296:board/stm32f401rct6/Drivers/STM32F4xx_HAL_Driver/Src/stm32f4xx_ll_adc.c ****   LL_APB2_GRP1_ForceReset(LL_APB2_GRP1_PERIPH_ADC);
  36              		.loc 1 296 3 view .LVU2
  37              	.LBB28:
  38              	.LBI28:
  39              		.file 2 "board/stm32f401rct6/Drivers/STM32F4xx_HAL_Driver/Inc/stm32f4xx_ll_bus.h"
   1:board/stm32f401rct6/Drivers/STM32F4xx_HAL_Driver/Inc/stm32f4xx_ll_bus.h **** /**
   2:board/stm32f401rct6/Drivers/STM32F4xx_HAL_Driver/Inc/stm32f4xx_ll_bus.h ****   ******************************************************************************
   3:board/stm32f401rct6/Drivers/STM32F4xx_HAL_Driver/Inc/stm32f4xx_ll_bus.h ****   * @file    stm32f4xx_ll_bus.h
   4:board/stm32f401rct6/Drivers/STM32F4xx_HAL_Driver/Inc/stm32f4xx_ll_bus.h ****   * @author  MCD Application Team
   5:board/stm32f401rct6/Drivers/STM32F4xx_HAL_Driver/Inc/stm32f4xx_ll_bus.h ****   * @brief   Header file of BUS LL module.
   6:board/stm32f401rct6/Drivers/STM32F4xx_HAL_Driver/Inc/stm32f4xx_ll_bus.h **** 
   7:board/stm32f401rct6/Drivers/STM32F4xx_HAL_Driver/Inc/stm32f4xx_ll_bus.h ****   @verbatim
   8:board/stm32f401rct6/Drivers/STM32F4xx_HAL_Driver/Inc/stm32f4xx_ll_bus.h ****                       ##### RCC Limitations #####
ARM GAS  C:\Users\Admin\AppData\Local\Temp\ccHarYQc.s 			page 7


   9:board/stm32f401rct6/Drivers/STM32F4xx_HAL_Driver/Inc/stm32f4xx_ll_bus.h ****   ==============================================================================
  10:board/stm32f401rct6/Drivers/STM32F4xx_HAL_Driver/Inc/stm32f4xx_ll_bus.h ****     [..]
  11:board/stm32f401rct6/Drivers/STM32F4xx_HAL_Driver/Inc/stm32f4xx_ll_bus.h ****       A delay between an RCC peripheral clock enable and the effective peripheral
  12:board/stm32f401rct6/Drivers/STM32F4xx_HAL_Driver/Inc/stm32f4xx_ll_bus.h ****       enabling should be taken into account in order to manage the peripheral read/write
  13:board/stm32f401rct6/Drivers/STM32F4xx_HAL_Driver/Inc/stm32f4xx_ll_bus.h ****       from/to registers.
  14:board/stm32f401rct6/Drivers/STM32F4xx_HAL_Driver/Inc/stm32f4xx_ll_bus.h ****       (+) This delay depends on the peripheral mapping.
  15:board/stm32f401rct6/Drivers/STM32F4xx_HAL_Driver/Inc/stm32f4xx_ll_bus.h ****         (++) AHB & APB peripherals, 1 dummy read is necessary
  16:board/stm32f401rct6/Drivers/STM32F4xx_HAL_Driver/Inc/stm32f4xx_ll_bus.h **** 
  17:board/stm32f401rct6/Drivers/STM32F4xx_HAL_Driver/Inc/stm32f4xx_ll_bus.h ****     [..]
  18:board/stm32f401rct6/Drivers/STM32F4xx_HAL_Driver/Inc/stm32f4xx_ll_bus.h ****       Workarounds:
  19:board/stm32f401rct6/Drivers/STM32F4xx_HAL_Driver/Inc/stm32f4xx_ll_bus.h ****       (#) For AHB & APB peripherals, a dummy read to the peripheral register has been
  20:board/stm32f401rct6/Drivers/STM32F4xx_HAL_Driver/Inc/stm32f4xx_ll_bus.h ****           inserted in each LL_{BUS}_GRP{x}_EnableClock() function.
  21:board/stm32f401rct6/Drivers/STM32F4xx_HAL_Driver/Inc/stm32f4xx_ll_bus.h **** 
  22:board/stm32f401rct6/Drivers/STM32F4xx_HAL_Driver/Inc/stm32f4xx_ll_bus.h ****   @endverbatim
  23:board/stm32f401rct6/Drivers/STM32F4xx_HAL_Driver/Inc/stm32f4xx_ll_bus.h ****   ******************************************************************************
  24:board/stm32f401rct6/Drivers/STM32F4xx_HAL_Driver/Inc/stm32f4xx_ll_bus.h ****   * @attention
  25:board/stm32f401rct6/Drivers/STM32F4xx_HAL_Driver/Inc/stm32f4xx_ll_bus.h ****   *
  26:board/stm32f401rct6/Drivers/STM32F4xx_HAL_Driver/Inc/stm32f4xx_ll_bus.h ****   * Copyright (c) 2017 STMicroelectronics.
  27:board/stm32f401rct6/Drivers/STM32F4xx_HAL_Driver/Inc/stm32f4xx_ll_bus.h ****   * All rights reserved.
  28:board/stm32f401rct6/Drivers/STM32F4xx_HAL_Driver/Inc/stm32f4xx_ll_bus.h ****   *
  29:board/stm32f401rct6/Drivers/STM32F4xx_HAL_Driver/Inc/stm32f4xx_ll_bus.h ****   * This software is licensed under terms that can be found in the LICENSE file in
  30:board/stm32f401rct6/Drivers/STM32F4xx_HAL_Driver/Inc/stm32f4xx_ll_bus.h ****   * the root directory of this software component.
  31:board/stm32f401rct6/Drivers/STM32F4xx_HAL_Driver/Inc/stm32f4xx_ll_bus.h ****   * If no LICENSE file comes with this software, it is provided AS-IS.
  32:board/stm32f401rct6/Drivers/STM32F4xx_HAL_Driver/Inc/stm32f4xx_ll_bus.h ****   ******************************************************************************
  33:board/stm32f401rct6/Drivers/STM32F4xx_HAL_Driver/Inc/stm32f4xx_ll_bus.h ****   */
  34:board/stm32f401rct6/Drivers/STM32F4xx_HAL_Driver/Inc/stm32f4xx_ll_bus.h **** 
  35:board/stm32f401rct6/Drivers/STM32F4xx_HAL_Driver/Inc/stm32f4xx_ll_bus.h **** /* Define to prevent recursive inclusion -------------------------------------*/
  36:board/stm32f401rct6/Drivers/STM32F4xx_HAL_Driver/Inc/stm32f4xx_ll_bus.h **** #ifndef __STM32F4xx_LL_BUS_H
  37:board/stm32f401rct6/Drivers/STM32F4xx_HAL_Driver/Inc/stm32f4xx_ll_bus.h **** #define __STM32F4xx_LL_BUS_H
  38:board/stm32f401rct6/Drivers/STM32F4xx_HAL_Driver/Inc/stm32f4xx_ll_bus.h **** 
  39:board/stm32f401rct6/Drivers/STM32F4xx_HAL_Driver/Inc/stm32f4xx_ll_bus.h **** #ifdef __cplusplus
  40:board/stm32f401rct6/Drivers/STM32F4xx_HAL_Driver/Inc/stm32f4xx_ll_bus.h **** extern "C" {
  41:board/stm32f401rct6/Drivers/STM32F4xx_HAL_Driver/Inc/stm32f4xx_ll_bus.h **** #endif
  42:board/stm32f401rct6/Drivers/STM32F4xx_HAL_Driver/Inc/stm32f4xx_ll_bus.h **** 
  43:board/stm32f401rct6/Drivers/STM32F4xx_HAL_Driver/Inc/stm32f4xx_ll_bus.h **** /* Includes ------------------------------------------------------------------*/
  44:board/stm32f401rct6/Drivers/STM32F4xx_HAL_Driver/Inc/stm32f4xx_ll_bus.h **** #include "stm32f4xx.h"
  45:board/stm32f401rct6/Drivers/STM32F4xx_HAL_Driver/Inc/stm32f4xx_ll_bus.h **** 
  46:board/stm32f401rct6/Drivers/STM32F4xx_HAL_Driver/Inc/stm32f4xx_ll_bus.h **** /** @addtogroup STM32F4xx_LL_Driver
  47:board/stm32f401rct6/Drivers/STM32F4xx_HAL_Driver/Inc/stm32f4xx_ll_bus.h ****   * @{
  48:board/stm32f401rct6/Drivers/STM32F4xx_HAL_Driver/Inc/stm32f4xx_ll_bus.h ****   */
  49:board/stm32f401rct6/Drivers/STM32F4xx_HAL_Driver/Inc/stm32f4xx_ll_bus.h **** 
  50:board/stm32f401rct6/Drivers/STM32F4xx_HAL_Driver/Inc/stm32f4xx_ll_bus.h **** #if defined(RCC)
  51:board/stm32f401rct6/Drivers/STM32F4xx_HAL_Driver/Inc/stm32f4xx_ll_bus.h **** 
  52:board/stm32f401rct6/Drivers/STM32F4xx_HAL_Driver/Inc/stm32f4xx_ll_bus.h **** /** @defgroup BUS_LL BUS
  53:board/stm32f401rct6/Drivers/STM32F4xx_HAL_Driver/Inc/stm32f4xx_ll_bus.h ****   * @{
  54:board/stm32f401rct6/Drivers/STM32F4xx_HAL_Driver/Inc/stm32f4xx_ll_bus.h ****   */
  55:board/stm32f401rct6/Drivers/STM32F4xx_HAL_Driver/Inc/stm32f4xx_ll_bus.h **** 
  56:board/stm32f401rct6/Drivers/STM32F4xx_HAL_Driver/Inc/stm32f4xx_ll_bus.h **** /* Private types -------------------------------------------------------------*/
  57:board/stm32f401rct6/Drivers/STM32F4xx_HAL_Driver/Inc/stm32f4xx_ll_bus.h **** /* Private variables ---------------------------------------------------------*/
  58:board/stm32f401rct6/Drivers/STM32F4xx_HAL_Driver/Inc/stm32f4xx_ll_bus.h **** /* Private constants ---------------------------------------------------------*/
  59:board/stm32f401rct6/Drivers/STM32F4xx_HAL_Driver/Inc/stm32f4xx_ll_bus.h **** /* Private macros ------------------------------------------------------------*/
  60:board/stm32f401rct6/Drivers/STM32F4xx_HAL_Driver/Inc/stm32f4xx_ll_bus.h **** /* Exported types ------------------------------------------------------------*/
  61:board/stm32f401rct6/Drivers/STM32F4xx_HAL_Driver/Inc/stm32f4xx_ll_bus.h **** /* Exported constants --------------------------------------------------------*/
  62:board/stm32f401rct6/Drivers/STM32F4xx_HAL_Driver/Inc/stm32f4xx_ll_bus.h **** /** @defgroup BUS_LL_Exported_Constants BUS Exported Constants
  63:board/stm32f401rct6/Drivers/STM32F4xx_HAL_Driver/Inc/stm32f4xx_ll_bus.h ****   * @{
  64:board/stm32f401rct6/Drivers/STM32F4xx_HAL_Driver/Inc/stm32f4xx_ll_bus.h ****   */
  65:board/stm32f401rct6/Drivers/STM32F4xx_HAL_Driver/Inc/stm32f4xx_ll_bus.h **** 
ARM GAS  C:\Users\Admin\AppData\Local\Temp\ccHarYQc.s 			page 8


  66:board/stm32f401rct6/Drivers/STM32F4xx_HAL_Driver/Inc/stm32f4xx_ll_bus.h **** /** @defgroup BUS_LL_EC_AHB1_GRP1_PERIPH  AHB1 GRP1 PERIPH
  67:board/stm32f401rct6/Drivers/STM32F4xx_HAL_Driver/Inc/stm32f4xx_ll_bus.h ****   * @{
  68:board/stm32f401rct6/Drivers/STM32F4xx_HAL_Driver/Inc/stm32f4xx_ll_bus.h ****   */
  69:board/stm32f401rct6/Drivers/STM32F4xx_HAL_Driver/Inc/stm32f4xx_ll_bus.h **** #define LL_AHB1_GRP1_PERIPH_ALL             0xFFFFFFFFU
  70:board/stm32f401rct6/Drivers/STM32F4xx_HAL_Driver/Inc/stm32f4xx_ll_bus.h **** #define LL_AHB1_GRP1_PERIPH_GPIOA           RCC_AHB1ENR_GPIOAEN
  71:board/stm32f401rct6/Drivers/STM32F4xx_HAL_Driver/Inc/stm32f4xx_ll_bus.h **** #define LL_AHB1_GRP1_PERIPH_GPIOB           RCC_AHB1ENR_GPIOBEN
  72:board/stm32f401rct6/Drivers/STM32F4xx_HAL_Driver/Inc/stm32f4xx_ll_bus.h **** #define LL_AHB1_GRP1_PERIPH_GPIOC           RCC_AHB1ENR_GPIOCEN
  73:board/stm32f401rct6/Drivers/STM32F4xx_HAL_Driver/Inc/stm32f4xx_ll_bus.h **** #if defined(GPIOD)
  74:board/stm32f401rct6/Drivers/STM32F4xx_HAL_Driver/Inc/stm32f4xx_ll_bus.h **** #define LL_AHB1_GRP1_PERIPH_GPIOD           RCC_AHB1ENR_GPIODEN
  75:board/stm32f401rct6/Drivers/STM32F4xx_HAL_Driver/Inc/stm32f4xx_ll_bus.h **** #endif /* GPIOD */
  76:board/stm32f401rct6/Drivers/STM32F4xx_HAL_Driver/Inc/stm32f4xx_ll_bus.h **** #if defined(GPIOE)
  77:board/stm32f401rct6/Drivers/STM32F4xx_HAL_Driver/Inc/stm32f4xx_ll_bus.h **** #define LL_AHB1_GRP1_PERIPH_GPIOE           RCC_AHB1ENR_GPIOEEN
  78:board/stm32f401rct6/Drivers/STM32F4xx_HAL_Driver/Inc/stm32f4xx_ll_bus.h **** #endif /* GPIOE */
  79:board/stm32f401rct6/Drivers/STM32F4xx_HAL_Driver/Inc/stm32f4xx_ll_bus.h **** #if defined(GPIOF)
  80:board/stm32f401rct6/Drivers/STM32F4xx_HAL_Driver/Inc/stm32f4xx_ll_bus.h **** #define LL_AHB1_GRP1_PERIPH_GPIOF           RCC_AHB1ENR_GPIOFEN
  81:board/stm32f401rct6/Drivers/STM32F4xx_HAL_Driver/Inc/stm32f4xx_ll_bus.h **** #endif /* GPIOF */
  82:board/stm32f401rct6/Drivers/STM32F4xx_HAL_Driver/Inc/stm32f4xx_ll_bus.h **** #if defined(GPIOG)
  83:board/stm32f401rct6/Drivers/STM32F4xx_HAL_Driver/Inc/stm32f4xx_ll_bus.h **** #define LL_AHB1_GRP1_PERIPH_GPIOG           RCC_AHB1ENR_GPIOGEN
  84:board/stm32f401rct6/Drivers/STM32F4xx_HAL_Driver/Inc/stm32f4xx_ll_bus.h **** #endif /* GPIOG */
  85:board/stm32f401rct6/Drivers/STM32F4xx_HAL_Driver/Inc/stm32f4xx_ll_bus.h **** #if defined(GPIOH)
  86:board/stm32f401rct6/Drivers/STM32F4xx_HAL_Driver/Inc/stm32f4xx_ll_bus.h **** #define LL_AHB1_GRP1_PERIPH_GPIOH           RCC_AHB1ENR_GPIOHEN
  87:board/stm32f401rct6/Drivers/STM32F4xx_HAL_Driver/Inc/stm32f4xx_ll_bus.h **** #endif /* GPIOH */
  88:board/stm32f401rct6/Drivers/STM32F4xx_HAL_Driver/Inc/stm32f4xx_ll_bus.h **** #if defined(GPIOI)
  89:board/stm32f401rct6/Drivers/STM32F4xx_HAL_Driver/Inc/stm32f4xx_ll_bus.h **** #define LL_AHB1_GRP1_PERIPH_GPIOI           RCC_AHB1ENR_GPIOIEN
  90:board/stm32f401rct6/Drivers/STM32F4xx_HAL_Driver/Inc/stm32f4xx_ll_bus.h **** #endif /* GPIOI */
  91:board/stm32f401rct6/Drivers/STM32F4xx_HAL_Driver/Inc/stm32f4xx_ll_bus.h **** #if defined(GPIOJ)
  92:board/stm32f401rct6/Drivers/STM32F4xx_HAL_Driver/Inc/stm32f4xx_ll_bus.h **** #define LL_AHB1_GRP1_PERIPH_GPIOJ           RCC_AHB1ENR_GPIOJEN
  93:board/stm32f401rct6/Drivers/STM32F4xx_HAL_Driver/Inc/stm32f4xx_ll_bus.h **** #endif /* GPIOJ */
  94:board/stm32f401rct6/Drivers/STM32F4xx_HAL_Driver/Inc/stm32f4xx_ll_bus.h **** #if defined(GPIOK)
  95:board/stm32f401rct6/Drivers/STM32F4xx_HAL_Driver/Inc/stm32f4xx_ll_bus.h **** #define LL_AHB1_GRP1_PERIPH_GPIOK           RCC_AHB1ENR_GPIOKEN
  96:board/stm32f401rct6/Drivers/STM32F4xx_HAL_Driver/Inc/stm32f4xx_ll_bus.h **** #endif /* GPIOK */
  97:board/stm32f401rct6/Drivers/STM32F4xx_HAL_Driver/Inc/stm32f4xx_ll_bus.h **** #define LL_AHB1_GRP1_PERIPH_CRC             RCC_AHB1ENR_CRCEN
  98:board/stm32f401rct6/Drivers/STM32F4xx_HAL_Driver/Inc/stm32f4xx_ll_bus.h **** #if defined(RCC_AHB1ENR_BKPSRAMEN)
  99:board/stm32f401rct6/Drivers/STM32F4xx_HAL_Driver/Inc/stm32f4xx_ll_bus.h **** #define LL_AHB1_GRP1_PERIPH_BKPSRAM         RCC_AHB1ENR_BKPSRAMEN
 100:board/stm32f401rct6/Drivers/STM32F4xx_HAL_Driver/Inc/stm32f4xx_ll_bus.h **** #endif /* RCC_AHB1ENR_BKPSRAMEN */
 101:board/stm32f401rct6/Drivers/STM32F4xx_HAL_Driver/Inc/stm32f4xx_ll_bus.h **** #if defined(RCC_AHB1ENR_CCMDATARAMEN)
 102:board/stm32f401rct6/Drivers/STM32F4xx_HAL_Driver/Inc/stm32f4xx_ll_bus.h **** #define LL_AHB1_GRP1_PERIPH_CCMDATARAM      RCC_AHB1ENR_CCMDATARAMEN
 103:board/stm32f401rct6/Drivers/STM32F4xx_HAL_Driver/Inc/stm32f4xx_ll_bus.h **** #endif /* RCC_AHB1ENR_CCMDATARAMEN */
 104:board/stm32f401rct6/Drivers/STM32F4xx_HAL_Driver/Inc/stm32f4xx_ll_bus.h **** #define LL_AHB1_GRP1_PERIPH_DMA1            RCC_AHB1ENR_DMA1EN
 105:board/stm32f401rct6/Drivers/STM32F4xx_HAL_Driver/Inc/stm32f4xx_ll_bus.h **** #define LL_AHB1_GRP1_PERIPH_DMA2            RCC_AHB1ENR_DMA2EN
 106:board/stm32f401rct6/Drivers/STM32F4xx_HAL_Driver/Inc/stm32f4xx_ll_bus.h **** #if defined(RCC_AHB1ENR_RNGEN)
 107:board/stm32f401rct6/Drivers/STM32F4xx_HAL_Driver/Inc/stm32f4xx_ll_bus.h **** #define LL_AHB1_GRP1_PERIPH_RNG             RCC_AHB1ENR_RNGEN
 108:board/stm32f401rct6/Drivers/STM32F4xx_HAL_Driver/Inc/stm32f4xx_ll_bus.h **** #endif /* RCC_AHB1ENR_RNGEN */
 109:board/stm32f401rct6/Drivers/STM32F4xx_HAL_Driver/Inc/stm32f4xx_ll_bus.h **** #if defined(DMA2D)
 110:board/stm32f401rct6/Drivers/STM32F4xx_HAL_Driver/Inc/stm32f4xx_ll_bus.h **** #define LL_AHB1_GRP1_PERIPH_DMA2D           RCC_AHB1ENR_DMA2DEN
 111:board/stm32f401rct6/Drivers/STM32F4xx_HAL_Driver/Inc/stm32f4xx_ll_bus.h **** #endif /* DMA2D */
 112:board/stm32f401rct6/Drivers/STM32F4xx_HAL_Driver/Inc/stm32f4xx_ll_bus.h **** #if defined(ETH)
 113:board/stm32f401rct6/Drivers/STM32F4xx_HAL_Driver/Inc/stm32f4xx_ll_bus.h **** #define LL_AHB1_GRP1_PERIPH_ETHMAC          RCC_AHB1ENR_ETHMACEN
 114:board/stm32f401rct6/Drivers/STM32F4xx_HAL_Driver/Inc/stm32f4xx_ll_bus.h **** #define LL_AHB1_GRP1_PERIPH_ETHMACTX        RCC_AHB1ENR_ETHMACTXEN
 115:board/stm32f401rct6/Drivers/STM32F4xx_HAL_Driver/Inc/stm32f4xx_ll_bus.h **** #define LL_AHB1_GRP1_PERIPH_ETHMACRX        RCC_AHB1ENR_ETHMACRXEN
 116:board/stm32f401rct6/Drivers/STM32F4xx_HAL_Driver/Inc/stm32f4xx_ll_bus.h **** #define LL_AHB1_GRP1_PERIPH_ETHMACPTP       RCC_AHB1ENR_ETHMACPTPEN
 117:board/stm32f401rct6/Drivers/STM32F4xx_HAL_Driver/Inc/stm32f4xx_ll_bus.h **** #endif /* ETH */
 118:board/stm32f401rct6/Drivers/STM32F4xx_HAL_Driver/Inc/stm32f4xx_ll_bus.h **** #if defined(USB_OTG_HS)
 119:board/stm32f401rct6/Drivers/STM32F4xx_HAL_Driver/Inc/stm32f4xx_ll_bus.h **** #define LL_AHB1_GRP1_PERIPH_OTGHS           RCC_AHB1ENR_OTGHSEN
 120:board/stm32f401rct6/Drivers/STM32F4xx_HAL_Driver/Inc/stm32f4xx_ll_bus.h **** #define LL_AHB1_GRP1_PERIPH_OTGHSULPI       RCC_AHB1ENR_OTGHSULPIEN
 121:board/stm32f401rct6/Drivers/STM32F4xx_HAL_Driver/Inc/stm32f4xx_ll_bus.h **** #endif /* USB_OTG_HS */
 122:board/stm32f401rct6/Drivers/STM32F4xx_HAL_Driver/Inc/stm32f4xx_ll_bus.h **** #define LL_AHB1_GRP1_PERIPH_FLITF           RCC_AHB1LPENR_FLITFLPEN
ARM GAS  C:\Users\Admin\AppData\Local\Temp\ccHarYQc.s 			page 9


 123:board/stm32f401rct6/Drivers/STM32F4xx_HAL_Driver/Inc/stm32f4xx_ll_bus.h **** #define LL_AHB1_GRP1_PERIPH_SRAM1           RCC_AHB1LPENR_SRAM1LPEN
 124:board/stm32f401rct6/Drivers/STM32F4xx_HAL_Driver/Inc/stm32f4xx_ll_bus.h **** #if defined(RCC_AHB1LPENR_SRAM2LPEN)
 125:board/stm32f401rct6/Drivers/STM32F4xx_HAL_Driver/Inc/stm32f4xx_ll_bus.h **** #define LL_AHB1_GRP1_PERIPH_SRAM2           RCC_AHB1LPENR_SRAM2LPEN
 126:board/stm32f401rct6/Drivers/STM32F4xx_HAL_Driver/Inc/stm32f4xx_ll_bus.h **** #endif /* RCC_AHB1LPENR_SRAM2LPEN */
 127:board/stm32f401rct6/Drivers/STM32F4xx_HAL_Driver/Inc/stm32f4xx_ll_bus.h **** #if defined(RCC_AHB1LPENR_SRAM3LPEN)
 128:board/stm32f401rct6/Drivers/STM32F4xx_HAL_Driver/Inc/stm32f4xx_ll_bus.h **** #define LL_AHB1_GRP1_PERIPH_SRAM3           RCC_AHB1LPENR_SRAM3LPEN
 129:board/stm32f401rct6/Drivers/STM32F4xx_HAL_Driver/Inc/stm32f4xx_ll_bus.h **** #endif /* RCC_AHB1LPENR_SRAM3LPEN */
 130:board/stm32f401rct6/Drivers/STM32F4xx_HAL_Driver/Inc/stm32f4xx_ll_bus.h **** /**
 131:board/stm32f401rct6/Drivers/STM32F4xx_HAL_Driver/Inc/stm32f4xx_ll_bus.h ****   * @}
 132:board/stm32f401rct6/Drivers/STM32F4xx_HAL_Driver/Inc/stm32f4xx_ll_bus.h ****   */
 133:board/stm32f401rct6/Drivers/STM32F4xx_HAL_Driver/Inc/stm32f4xx_ll_bus.h **** 
 134:board/stm32f401rct6/Drivers/STM32F4xx_HAL_Driver/Inc/stm32f4xx_ll_bus.h **** #if defined(RCC_AHB2_SUPPORT)
 135:board/stm32f401rct6/Drivers/STM32F4xx_HAL_Driver/Inc/stm32f4xx_ll_bus.h **** /** @defgroup BUS_LL_EC_AHB2_GRP1_PERIPH  AHB2 GRP1 PERIPH
 136:board/stm32f401rct6/Drivers/STM32F4xx_HAL_Driver/Inc/stm32f4xx_ll_bus.h ****   * @{
 137:board/stm32f401rct6/Drivers/STM32F4xx_HAL_Driver/Inc/stm32f4xx_ll_bus.h ****   */
 138:board/stm32f401rct6/Drivers/STM32F4xx_HAL_Driver/Inc/stm32f4xx_ll_bus.h **** #define LL_AHB2_GRP1_PERIPH_ALL            0xFFFFFFFFU
 139:board/stm32f401rct6/Drivers/STM32F4xx_HAL_Driver/Inc/stm32f4xx_ll_bus.h **** #if defined(DCMI)
 140:board/stm32f401rct6/Drivers/STM32F4xx_HAL_Driver/Inc/stm32f4xx_ll_bus.h **** #define LL_AHB2_GRP1_PERIPH_DCMI           RCC_AHB2ENR_DCMIEN
 141:board/stm32f401rct6/Drivers/STM32F4xx_HAL_Driver/Inc/stm32f4xx_ll_bus.h **** #endif /* DCMI */
 142:board/stm32f401rct6/Drivers/STM32F4xx_HAL_Driver/Inc/stm32f4xx_ll_bus.h **** #if defined(CRYP)
 143:board/stm32f401rct6/Drivers/STM32F4xx_HAL_Driver/Inc/stm32f4xx_ll_bus.h **** #define LL_AHB2_GRP1_PERIPH_CRYP           RCC_AHB2ENR_CRYPEN
 144:board/stm32f401rct6/Drivers/STM32F4xx_HAL_Driver/Inc/stm32f4xx_ll_bus.h **** #endif /* CRYP */
 145:board/stm32f401rct6/Drivers/STM32F4xx_HAL_Driver/Inc/stm32f4xx_ll_bus.h **** #if defined(AES)
 146:board/stm32f401rct6/Drivers/STM32F4xx_HAL_Driver/Inc/stm32f4xx_ll_bus.h **** #define LL_AHB2_GRP1_PERIPH_AES            RCC_AHB2ENR_AESEN
 147:board/stm32f401rct6/Drivers/STM32F4xx_HAL_Driver/Inc/stm32f4xx_ll_bus.h **** #endif /* AES */
 148:board/stm32f401rct6/Drivers/STM32F4xx_HAL_Driver/Inc/stm32f4xx_ll_bus.h **** #if defined(HASH)
 149:board/stm32f401rct6/Drivers/STM32F4xx_HAL_Driver/Inc/stm32f4xx_ll_bus.h **** #define LL_AHB2_GRP1_PERIPH_HASH           RCC_AHB2ENR_HASHEN
 150:board/stm32f401rct6/Drivers/STM32F4xx_HAL_Driver/Inc/stm32f4xx_ll_bus.h **** #endif /* HASH */
 151:board/stm32f401rct6/Drivers/STM32F4xx_HAL_Driver/Inc/stm32f4xx_ll_bus.h **** #if defined(RCC_AHB2ENR_RNGEN)
 152:board/stm32f401rct6/Drivers/STM32F4xx_HAL_Driver/Inc/stm32f4xx_ll_bus.h **** #define LL_AHB2_GRP1_PERIPH_RNG            RCC_AHB2ENR_RNGEN
 153:board/stm32f401rct6/Drivers/STM32F4xx_HAL_Driver/Inc/stm32f4xx_ll_bus.h **** #endif /* RCC_AHB2ENR_RNGEN */
 154:board/stm32f401rct6/Drivers/STM32F4xx_HAL_Driver/Inc/stm32f4xx_ll_bus.h **** #if defined(USB_OTG_FS)
 155:board/stm32f401rct6/Drivers/STM32F4xx_HAL_Driver/Inc/stm32f4xx_ll_bus.h **** #define LL_AHB2_GRP1_PERIPH_OTGFS          RCC_AHB2ENR_OTGFSEN
 156:board/stm32f401rct6/Drivers/STM32F4xx_HAL_Driver/Inc/stm32f4xx_ll_bus.h **** #endif /* USB_OTG_FS */
 157:board/stm32f401rct6/Drivers/STM32F4xx_HAL_Driver/Inc/stm32f4xx_ll_bus.h **** /**
 158:board/stm32f401rct6/Drivers/STM32F4xx_HAL_Driver/Inc/stm32f4xx_ll_bus.h ****   * @}
 159:board/stm32f401rct6/Drivers/STM32F4xx_HAL_Driver/Inc/stm32f4xx_ll_bus.h ****   */
 160:board/stm32f401rct6/Drivers/STM32F4xx_HAL_Driver/Inc/stm32f4xx_ll_bus.h **** #endif /* RCC_AHB2_SUPPORT */
 161:board/stm32f401rct6/Drivers/STM32F4xx_HAL_Driver/Inc/stm32f4xx_ll_bus.h **** 
 162:board/stm32f401rct6/Drivers/STM32F4xx_HAL_Driver/Inc/stm32f4xx_ll_bus.h **** #if defined(RCC_AHB3_SUPPORT)
 163:board/stm32f401rct6/Drivers/STM32F4xx_HAL_Driver/Inc/stm32f4xx_ll_bus.h **** /** @defgroup BUS_LL_EC_AHB3_GRP1_PERIPH  AHB3 GRP1 PERIPH
 164:board/stm32f401rct6/Drivers/STM32F4xx_HAL_Driver/Inc/stm32f4xx_ll_bus.h ****   * @{
 165:board/stm32f401rct6/Drivers/STM32F4xx_HAL_Driver/Inc/stm32f4xx_ll_bus.h ****   */
 166:board/stm32f401rct6/Drivers/STM32F4xx_HAL_Driver/Inc/stm32f4xx_ll_bus.h **** #define LL_AHB3_GRP1_PERIPH_ALL            0xFFFFFFFFU
 167:board/stm32f401rct6/Drivers/STM32F4xx_HAL_Driver/Inc/stm32f4xx_ll_bus.h **** #if defined(FSMC_Bank1)
 168:board/stm32f401rct6/Drivers/STM32F4xx_HAL_Driver/Inc/stm32f4xx_ll_bus.h **** #define LL_AHB3_GRP1_PERIPH_FSMC           RCC_AHB3ENR_FSMCEN
 169:board/stm32f401rct6/Drivers/STM32F4xx_HAL_Driver/Inc/stm32f4xx_ll_bus.h **** #endif /* FSMC_Bank1 */
 170:board/stm32f401rct6/Drivers/STM32F4xx_HAL_Driver/Inc/stm32f4xx_ll_bus.h **** #if defined(FMC_Bank1)
 171:board/stm32f401rct6/Drivers/STM32F4xx_HAL_Driver/Inc/stm32f4xx_ll_bus.h **** #define LL_AHB3_GRP1_PERIPH_FMC            RCC_AHB3ENR_FMCEN
 172:board/stm32f401rct6/Drivers/STM32F4xx_HAL_Driver/Inc/stm32f4xx_ll_bus.h **** #endif /* FMC_Bank1 */
 173:board/stm32f401rct6/Drivers/STM32F4xx_HAL_Driver/Inc/stm32f4xx_ll_bus.h **** #if defined(QUADSPI)
 174:board/stm32f401rct6/Drivers/STM32F4xx_HAL_Driver/Inc/stm32f4xx_ll_bus.h **** #define LL_AHB3_GRP1_PERIPH_QSPI           RCC_AHB3ENR_QSPIEN
 175:board/stm32f401rct6/Drivers/STM32F4xx_HAL_Driver/Inc/stm32f4xx_ll_bus.h **** #endif /* QUADSPI */
 176:board/stm32f401rct6/Drivers/STM32F4xx_HAL_Driver/Inc/stm32f4xx_ll_bus.h **** /**
 177:board/stm32f401rct6/Drivers/STM32F4xx_HAL_Driver/Inc/stm32f4xx_ll_bus.h ****   * @}
 178:board/stm32f401rct6/Drivers/STM32F4xx_HAL_Driver/Inc/stm32f4xx_ll_bus.h ****   */
 179:board/stm32f401rct6/Drivers/STM32F4xx_HAL_Driver/Inc/stm32f4xx_ll_bus.h **** #endif /* RCC_AHB3_SUPPORT */
ARM GAS  C:\Users\Admin\AppData\Local\Temp\ccHarYQc.s 			page 10


 180:board/stm32f401rct6/Drivers/STM32F4xx_HAL_Driver/Inc/stm32f4xx_ll_bus.h **** 
 181:board/stm32f401rct6/Drivers/STM32F4xx_HAL_Driver/Inc/stm32f4xx_ll_bus.h **** /** @defgroup BUS_LL_EC_APB1_GRP1_PERIPH  APB1 GRP1 PERIPH
 182:board/stm32f401rct6/Drivers/STM32F4xx_HAL_Driver/Inc/stm32f4xx_ll_bus.h ****   * @{
 183:board/stm32f401rct6/Drivers/STM32F4xx_HAL_Driver/Inc/stm32f4xx_ll_bus.h ****   */
 184:board/stm32f401rct6/Drivers/STM32F4xx_HAL_Driver/Inc/stm32f4xx_ll_bus.h **** #define LL_APB1_GRP1_PERIPH_ALL            0xFFFFFFFFU
 185:board/stm32f401rct6/Drivers/STM32F4xx_HAL_Driver/Inc/stm32f4xx_ll_bus.h **** #if defined(TIM2)
 186:board/stm32f401rct6/Drivers/STM32F4xx_HAL_Driver/Inc/stm32f4xx_ll_bus.h **** #define LL_APB1_GRP1_PERIPH_TIM2           RCC_APB1ENR_TIM2EN
 187:board/stm32f401rct6/Drivers/STM32F4xx_HAL_Driver/Inc/stm32f4xx_ll_bus.h **** #endif /* TIM2 */
 188:board/stm32f401rct6/Drivers/STM32F4xx_HAL_Driver/Inc/stm32f4xx_ll_bus.h **** #if defined(TIM3)
 189:board/stm32f401rct6/Drivers/STM32F4xx_HAL_Driver/Inc/stm32f4xx_ll_bus.h **** #define LL_APB1_GRP1_PERIPH_TIM3           RCC_APB1ENR_TIM3EN
 190:board/stm32f401rct6/Drivers/STM32F4xx_HAL_Driver/Inc/stm32f4xx_ll_bus.h **** #endif /* TIM3 */
 191:board/stm32f401rct6/Drivers/STM32F4xx_HAL_Driver/Inc/stm32f4xx_ll_bus.h **** #if defined(TIM4)
 192:board/stm32f401rct6/Drivers/STM32F4xx_HAL_Driver/Inc/stm32f4xx_ll_bus.h **** #define LL_APB1_GRP1_PERIPH_TIM4           RCC_APB1ENR_TIM4EN
 193:board/stm32f401rct6/Drivers/STM32F4xx_HAL_Driver/Inc/stm32f4xx_ll_bus.h **** #endif /* TIM4 */
 194:board/stm32f401rct6/Drivers/STM32F4xx_HAL_Driver/Inc/stm32f4xx_ll_bus.h **** #define LL_APB1_GRP1_PERIPH_TIM5           RCC_APB1ENR_TIM5EN
 195:board/stm32f401rct6/Drivers/STM32F4xx_HAL_Driver/Inc/stm32f4xx_ll_bus.h **** #if defined(TIM6)
 196:board/stm32f401rct6/Drivers/STM32F4xx_HAL_Driver/Inc/stm32f4xx_ll_bus.h **** #define LL_APB1_GRP1_PERIPH_TIM6           RCC_APB1ENR_TIM6EN
 197:board/stm32f401rct6/Drivers/STM32F4xx_HAL_Driver/Inc/stm32f4xx_ll_bus.h **** #endif /* TIM6 */
 198:board/stm32f401rct6/Drivers/STM32F4xx_HAL_Driver/Inc/stm32f4xx_ll_bus.h **** #if defined(TIM7)
 199:board/stm32f401rct6/Drivers/STM32F4xx_HAL_Driver/Inc/stm32f4xx_ll_bus.h **** #define LL_APB1_GRP1_PERIPH_TIM7           RCC_APB1ENR_TIM7EN
 200:board/stm32f401rct6/Drivers/STM32F4xx_HAL_Driver/Inc/stm32f4xx_ll_bus.h **** #endif /* TIM7 */
 201:board/stm32f401rct6/Drivers/STM32F4xx_HAL_Driver/Inc/stm32f4xx_ll_bus.h **** #if defined(TIM12)
 202:board/stm32f401rct6/Drivers/STM32F4xx_HAL_Driver/Inc/stm32f4xx_ll_bus.h **** #define LL_APB1_GRP1_PERIPH_TIM12          RCC_APB1ENR_TIM12EN
 203:board/stm32f401rct6/Drivers/STM32F4xx_HAL_Driver/Inc/stm32f4xx_ll_bus.h **** #endif /* TIM12 */
 204:board/stm32f401rct6/Drivers/STM32F4xx_HAL_Driver/Inc/stm32f4xx_ll_bus.h **** #if defined(TIM13)
 205:board/stm32f401rct6/Drivers/STM32F4xx_HAL_Driver/Inc/stm32f4xx_ll_bus.h **** #define LL_APB1_GRP1_PERIPH_TIM13          RCC_APB1ENR_TIM13EN
 206:board/stm32f401rct6/Drivers/STM32F4xx_HAL_Driver/Inc/stm32f4xx_ll_bus.h **** #endif /* TIM13 */
 207:board/stm32f401rct6/Drivers/STM32F4xx_HAL_Driver/Inc/stm32f4xx_ll_bus.h **** #if defined(TIM14)
 208:board/stm32f401rct6/Drivers/STM32F4xx_HAL_Driver/Inc/stm32f4xx_ll_bus.h **** #define LL_APB1_GRP1_PERIPH_TIM14          RCC_APB1ENR_TIM14EN
 209:board/stm32f401rct6/Drivers/STM32F4xx_HAL_Driver/Inc/stm32f4xx_ll_bus.h **** #endif /* TIM14 */
 210:board/stm32f401rct6/Drivers/STM32F4xx_HAL_Driver/Inc/stm32f4xx_ll_bus.h **** #if defined(LPTIM1)
 211:board/stm32f401rct6/Drivers/STM32F4xx_HAL_Driver/Inc/stm32f4xx_ll_bus.h **** #define LL_APB1_GRP1_PERIPH_LPTIM1         RCC_APB1ENR_LPTIM1EN
 212:board/stm32f401rct6/Drivers/STM32F4xx_HAL_Driver/Inc/stm32f4xx_ll_bus.h **** #endif /* LPTIM1 */
 213:board/stm32f401rct6/Drivers/STM32F4xx_HAL_Driver/Inc/stm32f4xx_ll_bus.h **** #if defined(RCC_APB1ENR_RTCAPBEN)
 214:board/stm32f401rct6/Drivers/STM32F4xx_HAL_Driver/Inc/stm32f4xx_ll_bus.h **** #define LL_APB1_GRP1_PERIPH_RTCAPB         RCC_APB1ENR_RTCAPBEN
 215:board/stm32f401rct6/Drivers/STM32F4xx_HAL_Driver/Inc/stm32f4xx_ll_bus.h **** #endif /* RCC_APB1ENR_RTCAPBEN */
 216:board/stm32f401rct6/Drivers/STM32F4xx_HAL_Driver/Inc/stm32f4xx_ll_bus.h **** #define LL_APB1_GRP1_PERIPH_WWDG           RCC_APB1ENR_WWDGEN
 217:board/stm32f401rct6/Drivers/STM32F4xx_HAL_Driver/Inc/stm32f4xx_ll_bus.h **** #if defined(SPI2)
 218:board/stm32f401rct6/Drivers/STM32F4xx_HAL_Driver/Inc/stm32f4xx_ll_bus.h **** #define LL_APB1_GRP1_PERIPH_SPI2           RCC_APB1ENR_SPI2EN
 219:board/stm32f401rct6/Drivers/STM32F4xx_HAL_Driver/Inc/stm32f4xx_ll_bus.h **** #endif /* SPI2 */
 220:board/stm32f401rct6/Drivers/STM32F4xx_HAL_Driver/Inc/stm32f4xx_ll_bus.h **** #if defined(SPI3)
 221:board/stm32f401rct6/Drivers/STM32F4xx_HAL_Driver/Inc/stm32f4xx_ll_bus.h **** #define LL_APB1_GRP1_PERIPH_SPI3           RCC_APB1ENR_SPI3EN
 222:board/stm32f401rct6/Drivers/STM32F4xx_HAL_Driver/Inc/stm32f4xx_ll_bus.h **** #endif /* SPI3 */
 223:board/stm32f401rct6/Drivers/STM32F4xx_HAL_Driver/Inc/stm32f4xx_ll_bus.h **** #if defined(SPDIFRX)
 224:board/stm32f401rct6/Drivers/STM32F4xx_HAL_Driver/Inc/stm32f4xx_ll_bus.h **** #define LL_APB1_GRP1_PERIPH_SPDIFRX        RCC_APB1ENR_SPDIFRXEN
 225:board/stm32f401rct6/Drivers/STM32F4xx_HAL_Driver/Inc/stm32f4xx_ll_bus.h **** #endif /* SPDIFRX */
 226:board/stm32f401rct6/Drivers/STM32F4xx_HAL_Driver/Inc/stm32f4xx_ll_bus.h **** #define LL_APB1_GRP1_PERIPH_USART2         RCC_APB1ENR_USART2EN
 227:board/stm32f401rct6/Drivers/STM32F4xx_HAL_Driver/Inc/stm32f4xx_ll_bus.h **** #if defined(USART3)
 228:board/stm32f401rct6/Drivers/STM32F4xx_HAL_Driver/Inc/stm32f4xx_ll_bus.h **** #define LL_APB1_GRP1_PERIPH_USART3         RCC_APB1ENR_USART3EN
 229:board/stm32f401rct6/Drivers/STM32F4xx_HAL_Driver/Inc/stm32f4xx_ll_bus.h **** #endif /* USART3 */
 230:board/stm32f401rct6/Drivers/STM32F4xx_HAL_Driver/Inc/stm32f4xx_ll_bus.h **** #if defined(UART4)
 231:board/stm32f401rct6/Drivers/STM32F4xx_HAL_Driver/Inc/stm32f4xx_ll_bus.h **** #define LL_APB1_GRP1_PERIPH_UART4          RCC_APB1ENR_UART4EN
 232:board/stm32f401rct6/Drivers/STM32F4xx_HAL_Driver/Inc/stm32f4xx_ll_bus.h **** #endif /* UART4 */
 233:board/stm32f401rct6/Drivers/STM32F4xx_HAL_Driver/Inc/stm32f4xx_ll_bus.h **** #if defined(UART5)
 234:board/stm32f401rct6/Drivers/STM32F4xx_HAL_Driver/Inc/stm32f4xx_ll_bus.h **** #define LL_APB1_GRP1_PERIPH_UART5          RCC_APB1ENR_UART5EN
 235:board/stm32f401rct6/Drivers/STM32F4xx_HAL_Driver/Inc/stm32f4xx_ll_bus.h **** #endif /* UART5 */
 236:board/stm32f401rct6/Drivers/STM32F4xx_HAL_Driver/Inc/stm32f4xx_ll_bus.h **** #define LL_APB1_GRP1_PERIPH_I2C1           RCC_APB1ENR_I2C1EN
ARM GAS  C:\Users\Admin\AppData\Local\Temp\ccHarYQc.s 			page 11


 237:board/stm32f401rct6/Drivers/STM32F4xx_HAL_Driver/Inc/stm32f4xx_ll_bus.h **** #define LL_APB1_GRP1_PERIPH_I2C2           RCC_APB1ENR_I2C2EN
 238:board/stm32f401rct6/Drivers/STM32F4xx_HAL_Driver/Inc/stm32f4xx_ll_bus.h **** #if defined(I2C3)
 239:board/stm32f401rct6/Drivers/STM32F4xx_HAL_Driver/Inc/stm32f4xx_ll_bus.h **** #define LL_APB1_GRP1_PERIPH_I2C3           RCC_APB1ENR_I2C3EN
 240:board/stm32f401rct6/Drivers/STM32F4xx_HAL_Driver/Inc/stm32f4xx_ll_bus.h **** #endif /* I2C3 */
 241:board/stm32f401rct6/Drivers/STM32F4xx_HAL_Driver/Inc/stm32f4xx_ll_bus.h **** #if defined(FMPI2C1)
 242:board/stm32f401rct6/Drivers/STM32F4xx_HAL_Driver/Inc/stm32f4xx_ll_bus.h **** #define LL_APB1_GRP1_PERIPH_FMPI2C1        RCC_APB1ENR_FMPI2C1EN
 243:board/stm32f401rct6/Drivers/STM32F4xx_HAL_Driver/Inc/stm32f4xx_ll_bus.h **** #endif /* FMPI2C1 */
 244:board/stm32f401rct6/Drivers/STM32F4xx_HAL_Driver/Inc/stm32f4xx_ll_bus.h **** #if defined(CAN1)
 245:board/stm32f401rct6/Drivers/STM32F4xx_HAL_Driver/Inc/stm32f4xx_ll_bus.h **** #define LL_APB1_GRP1_PERIPH_CAN1           RCC_APB1ENR_CAN1EN
 246:board/stm32f401rct6/Drivers/STM32F4xx_HAL_Driver/Inc/stm32f4xx_ll_bus.h **** #endif /* CAN1 */
 247:board/stm32f401rct6/Drivers/STM32F4xx_HAL_Driver/Inc/stm32f4xx_ll_bus.h **** #if defined(CAN2)
 248:board/stm32f401rct6/Drivers/STM32F4xx_HAL_Driver/Inc/stm32f4xx_ll_bus.h **** #define LL_APB1_GRP1_PERIPH_CAN2           RCC_APB1ENR_CAN2EN
 249:board/stm32f401rct6/Drivers/STM32F4xx_HAL_Driver/Inc/stm32f4xx_ll_bus.h **** #endif /* CAN2 */
 250:board/stm32f401rct6/Drivers/STM32F4xx_HAL_Driver/Inc/stm32f4xx_ll_bus.h **** #if defined(CAN3)
 251:board/stm32f401rct6/Drivers/STM32F4xx_HAL_Driver/Inc/stm32f4xx_ll_bus.h **** #define LL_APB1_GRP1_PERIPH_CAN3           RCC_APB1ENR_CAN3EN
 252:board/stm32f401rct6/Drivers/STM32F4xx_HAL_Driver/Inc/stm32f4xx_ll_bus.h **** #endif /* CAN3 */
 253:board/stm32f401rct6/Drivers/STM32F4xx_HAL_Driver/Inc/stm32f4xx_ll_bus.h **** #if defined(CEC)
 254:board/stm32f401rct6/Drivers/STM32F4xx_HAL_Driver/Inc/stm32f4xx_ll_bus.h **** #define LL_APB1_GRP1_PERIPH_CEC            RCC_APB1ENR_CECEN
 255:board/stm32f401rct6/Drivers/STM32F4xx_HAL_Driver/Inc/stm32f4xx_ll_bus.h **** #endif /* CEC */
 256:board/stm32f401rct6/Drivers/STM32F4xx_HAL_Driver/Inc/stm32f4xx_ll_bus.h **** #define LL_APB1_GRP1_PERIPH_PWR            RCC_APB1ENR_PWREN
 257:board/stm32f401rct6/Drivers/STM32F4xx_HAL_Driver/Inc/stm32f4xx_ll_bus.h **** #if defined(DAC1)
 258:board/stm32f401rct6/Drivers/STM32F4xx_HAL_Driver/Inc/stm32f4xx_ll_bus.h **** #define LL_APB1_GRP1_PERIPH_DAC1           RCC_APB1ENR_DACEN
 259:board/stm32f401rct6/Drivers/STM32F4xx_HAL_Driver/Inc/stm32f4xx_ll_bus.h **** #endif /* DAC1 */
 260:board/stm32f401rct6/Drivers/STM32F4xx_HAL_Driver/Inc/stm32f4xx_ll_bus.h **** #if defined(UART7)
 261:board/stm32f401rct6/Drivers/STM32F4xx_HAL_Driver/Inc/stm32f4xx_ll_bus.h **** #define LL_APB1_GRP1_PERIPH_UART7          RCC_APB1ENR_UART7EN
 262:board/stm32f401rct6/Drivers/STM32F4xx_HAL_Driver/Inc/stm32f4xx_ll_bus.h **** #endif /* UART7 */
 263:board/stm32f401rct6/Drivers/STM32F4xx_HAL_Driver/Inc/stm32f4xx_ll_bus.h **** #if defined(UART8)
 264:board/stm32f401rct6/Drivers/STM32F4xx_HAL_Driver/Inc/stm32f4xx_ll_bus.h **** #define LL_APB1_GRP1_PERIPH_UART8          RCC_APB1ENR_UART8EN
 265:board/stm32f401rct6/Drivers/STM32F4xx_HAL_Driver/Inc/stm32f4xx_ll_bus.h **** #endif /* UART8 */
 266:board/stm32f401rct6/Drivers/STM32F4xx_HAL_Driver/Inc/stm32f4xx_ll_bus.h **** /**
 267:board/stm32f401rct6/Drivers/STM32F4xx_HAL_Driver/Inc/stm32f4xx_ll_bus.h ****   * @}
 268:board/stm32f401rct6/Drivers/STM32F4xx_HAL_Driver/Inc/stm32f4xx_ll_bus.h ****   */
 269:board/stm32f401rct6/Drivers/STM32F4xx_HAL_Driver/Inc/stm32f4xx_ll_bus.h **** 
 270:board/stm32f401rct6/Drivers/STM32F4xx_HAL_Driver/Inc/stm32f4xx_ll_bus.h **** /** @defgroup BUS_LL_EC_APB2_GRP1_PERIPH  APB2 GRP1 PERIPH
 271:board/stm32f401rct6/Drivers/STM32F4xx_HAL_Driver/Inc/stm32f4xx_ll_bus.h ****   * @{
 272:board/stm32f401rct6/Drivers/STM32F4xx_HAL_Driver/Inc/stm32f4xx_ll_bus.h ****   */
 273:board/stm32f401rct6/Drivers/STM32F4xx_HAL_Driver/Inc/stm32f4xx_ll_bus.h **** #define LL_APB2_GRP1_PERIPH_ALL          0xFFFFFFFFU
 274:board/stm32f401rct6/Drivers/STM32F4xx_HAL_Driver/Inc/stm32f4xx_ll_bus.h **** #define LL_APB2_GRP1_PERIPH_TIM1         RCC_APB2ENR_TIM1EN
 275:board/stm32f401rct6/Drivers/STM32F4xx_HAL_Driver/Inc/stm32f4xx_ll_bus.h **** #if defined(TIM8)
 276:board/stm32f401rct6/Drivers/STM32F4xx_HAL_Driver/Inc/stm32f4xx_ll_bus.h **** #define LL_APB2_GRP1_PERIPH_TIM8         RCC_APB2ENR_TIM8EN
 277:board/stm32f401rct6/Drivers/STM32F4xx_HAL_Driver/Inc/stm32f4xx_ll_bus.h **** #endif /* TIM8 */
 278:board/stm32f401rct6/Drivers/STM32F4xx_HAL_Driver/Inc/stm32f4xx_ll_bus.h **** #define LL_APB2_GRP1_PERIPH_USART1       RCC_APB2ENR_USART1EN
 279:board/stm32f401rct6/Drivers/STM32F4xx_HAL_Driver/Inc/stm32f4xx_ll_bus.h **** #if defined(USART6)
 280:board/stm32f401rct6/Drivers/STM32F4xx_HAL_Driver/Inc/stm32f4xx_ll_bus.h **** #define LL_APB2_GRP1_PERIPH_USART6       RCC_APB2ENR_USART6EN
 281:board/stm32f401rct6/Drivers/STM32F4xx_HAL_Driver/Inc/stm32f4xx_ll_bus.h **** #endif /* USART6 */
 282:board/stm32f401rct6/Drivers/STM32F4xx_HAL_Driver/Inc/stm32f4xx_ll_bus.h **** #if defined(UART9)
 283:board/stm32f401rct6/Drivers/STM32F4xx_HAL_Driver/Inc/stm32f4xx_ll_bus.h **** #define LL_APB2_GRP1_PERIPH_UART9        RCC_APB2ENR_UART9EN
 284:board/stm32f401rct6/Drivers/STM32F4xx_HAL_Driver/Inc/stm32f4xx_ll_bus.h **** #endif /* UART9 */
 285:board/stm32f401rct6/Drivers/STM32F4xx_HAL_Driver/Inc/stm32f4xx_ll_bus.h **** #if defined(UART10)
 286:board/stm32f401rct6/Drivers/STM32F4xx_HAL_Driver/Inc/stm32f4xx_ll_bus.h **** #define LL_APB2_GRP1_PERIPH_UART10       RCC_APB2ENR_UART10EN
 287:board/stm32f401rct6/Drivers/STM32F4xx_HAL_Driver/Inc/stm32f4xx_ll_bus.h **** #endif /* UART10 */
 288:board/stm32f401rct6/Drivers/STM32F4xx_HAL_Driver/Inc/stm32f4xx_ll_bus.h **** #define LL_APB2_GRP1_PERIPH_ADC1         RCC_APB2ENR_ADC1EN
 289:board/stm32f401rct6/Drivers/STM32F4xx_HAL_Driver/Inc/stm32f4xx_ll_bus.h **** #if defined(ADC2)
 290:board/stm32f401rct6/Drivers/STM32F4xx_HAL_Driver/Inc/stm32f4xx_ll_bus.h **** #define LL_APB2_GRP1_PERIPH_ADC2         RCC_APB2ENR_ADC2EN
 291:board/stm32f401rct6/Drivers/STM32F4xx_HAL_Driver/Inc/stm32f4xx_ll_bus.h **** #endif /* ADC2 */
 292:board/stm32f401rct6/Drivers/STM32F4xx_HAL_Driver/Inc/stm32f4xx_ll_bus.h **** #if defined(ADC3)
 293:board/stm32f401rct6/Drivers/STM32F4xx_HAL_Driver/Inc/stm32f4xx_ll_bus.h **** #define LL_APB2_GRP1_PERIPH_ADC3         RCC_APB2ENR_ADC3EN
ARM GAS  C:\Users\Admin\AppData\Local\Temp\ccHarYQc.s 			page 12


 294:board/stm32f401rct6/Drivers/STM32F4xx_HAL_Driver/Inc/stm32f4xx_ll_bus.h **** #endif /* ADC3 */
 295:board/stm32f401rct6/Drivers/STM32F4xx_HAL_Driver/Inc/stm32f4xx_ll_bus.h **** #if defined(SDIO)
 296:board/stm32f401rct6/Drivers/STM32F4xx_HAL_Driver/Inc/stm32f4xx_ll_bus.h **** #define LL_APB2_GRP1_PERIPH_SDIO         RCC_APB2ENR_SDIOEN
 297:board/stm32f401rct6/Drivers/STM32F4xx_HAL_Driver/Inc/stm32f4xx_ll_bus.h **** #endif /* SDIO */
 298:board/stm32f401rct6/Drivers/STM32F4xx_HAL_Driver/Inc/stm32f4xx_ll_bus.h **** #define LL_APB2_GRP1_PERIPH_SPI1         RCC_APB2ENR_SPI1EN
 299:board/stm32f401rct6/Drivers/STM32F4xx_HAL_Driver/Inc/stm32f4xx_ll_bus.h **** #if defined(SPI4)
 300:board/stm32f401rct6/Drivers/STM32F4xx_HAL_Driver/Inc/stm32f4xx_ll_bus.h **** #define LL_APB2_GRP1_PERIPH_SPI4         RCC_APB2ENR_SPI4EN
 301:board/stm32f401rct6/Drivers/STM32F4xx_HAL_Driver/Inc/stm32f4xx_ll_bus.h **** #endif /* SPI4 */
 302:board/stm32f401rct6/Drivers/STM32F4xx_HAL_Driver/Inc/stm32f4xx_ll_bus.h **** #define LL_APB2_GRP1_PERIPH_SYSCFG       RCC_APB2ENR_SYSCFGEN
 303:board/stm32f401rct6/Drivers/STM32F4xx_HAL_Driver/Inc/stm32f4xx_ll_bus.h **** #if defined(RCC_APB2ENR_EXTITEN)
 304:board/stm32f401rct6/Drivers/STM32F4xx_HAL_Driver/Inc/stm32f4xx_ll_bus.h **** #define LL_APB2_GRP1_PERIPH_EXTI         RCC_APB2ENR_EXTITEN
 305:board/stm32f401rct6/Drivers/STM32F4xx_HAL_Driver/Inc/stm32f4xx_ll_bus.h **** #endif /* RCC_APB2ENR_EXTITEN */
 306:board/stm32f401rct6/Drivers/STM32F4xx_HAL_Driver/Inc/stm32f4xx_ll_bus.h **** #define LL_APB2_GRP1_PERIPH_TIM9         RCC_APB2ENR_TIM9EN
 307:board/stm32f401rct6/Drivers/STM32F4xx_HAL_Driver/Inc/stm32f4xx_ll_bus.h **** #if defined(TIM10)
 308:board/stm32f401rct6/Drivers/STM32F4xx_HAL_Driver/Inc/stm32f4xx_ll_bus.h **** #define LL_APB2_GRP1_PERIPH_TIM10        RCC_APB2ENR_TIM10EN
 309:board/stm32f401rct6/Drivers/STM32F4xx_HAL_Driver/Inc/stm32f4xx_ll_bus.h **** #endif /* TIM10 */
 310:board/stm32f401rct6/Drivers/STM32F4xx_HAL_Driver/Inc/stm32f4xx_ll_bus.h **** #define LL_APB2_GRP1_PERIPH_TIM11        RCC_APB2ENR_TIM11EN
 311:board/stm32f401rct6/Drivers/STM32F4xx_HAL_Driver/Inc/stm32f4xx_ll_bus.h **** #if defined(SPI5)
 312:board/stm32f401rct6/Drivers/STM32F4xx_HAL_Driver/Inc/stm32f4xx_ll_bus.h **** #define LL_APB2_GRP1_PERIPH_SPI5         RCC_APB2ENR_SPI5EN
 313:board/stm32f401rct6/Drivers/STM32F4xx_HAL_Driver/Inc/stm32f4xx_ll_bus.h **** #endif /* SPI5 */
 314:board/stm32f401rct6/Drivers/STM32F4xx_HAL_Driver/Inc/stm32f4xx_ll_bus.h **** #if defined(SPI6)
 315:board/stm32f401rct6/Drivers/STM32F4xx_HAL_Driver/Inc/stm32f4xx_ll_bus.h **** #define LL_APB2_GRP1_PERIPH_SPI6         RCC_APB2ENR_SPI6EN
 316:board/stm32f401rct6/Drivers/STM32F4xx_HAL_Driver/Inc/stm32f4xx_ll_bus.h **** #endif /* SPI6 */
 317:board/stm32f401rct6/Drivers/STM32F4xx_HAL_Driver/Inc/stm32f4xx_ll_bus.h **** #if defined(SAI1)
 318:board/stm32f401rct6/Drivers/STM32F4xx_HAL_Driver/Inc/stm32f4xx_ll_bus.h **** #define LL_APB2_GRP1_PERIPH_SAI1         RCC_APB2ENR_SAI1EN
 319:board/stm32f401rct6/Drivers/STM32F4xx_HAL_Driver/Inc/stm32f4xx_ll_bus.h **** #endif /* SAI1 */
 320:board/stm32f401rct6/Drivers/STM32F4xx_HAL_Driver/Inc/stm32f4xx_ll_bus.h **** #if defined(SAI2)
 321:board/stm32f401rct6/Drivers/STM32F4xx_HAL_Driver/Inc/stm32f4xx_ll_bus.h **** #define LL_APB2_GRP1_PERIPH_SAI2         RCC_APB2ENR_SAI2EN
 322:board/stm32f401rct6/Drivers/STM32F4xx_HAL_Driver/Inc/stm32f4xx_ll_bus.h **** #endif /* SAI2 */
 323:board/stm32f401rct6/Drivers/STM32F4xx_HAL_Driver/Inc/stm32f4xx_ll_bus.h **** #if defined(LTDC)
 324:board/stm32f401rct6/Drivers/STM32F4xx_HAL_Driver/Inc/stm32f4xx_ll_bus.h **** #define LL_APB2_GRP1_PERIPH_LTDC         RCC_APB2ENR_LTDCEN
 325:board/stm32f401rct6/Drivers/STM32F4xx_HAL_Driver/Inc/stm32f4xx_ll_bus.h **** #endif /* LTDC */
 326:board/stm32f401rct6/Drivers/STM32F4xx_HAL_Driver/Inc/stm32f4xx_ll_bus.h **** #if defined(DSI)
 327:board/stm32f401rct6/Drivers/STM32F4xx_HAL_Driver/Inc/stm32f4xx_ll_bus.h **** #define LL_APB2_GRP1_PERIPH_DSI          RCC_APB2ENR_DSIEN
 328:board/stm32f401rct6/Drivers/STM32F4xx_HAL_Driver/Inc/stm32f4xx_ll_bus.h **** #endif /* DSI */
 329:board/stm32f401rct6/Drivers/STM32F4xx_HAL_Driver/Inc/stm32f4xx_ll_bus.h **** #if defined(DFSDM1_Channel0)
 330:board/stm32f401rct6/Drivers/STM32F4xx_HAL_Driver/Inc/stm32f4xx_ll_bus.h **** #define LL_APB2_GRP1_PERIPH_DFSDM1       RCC_APB2ENR_DFSDM1EN
 331:board/stm32f401rct6/Drivers/STM32F4xx_HAL_Driver/Inc/stm32f4xx_ll_bus.h **** #endif /* DFSDM1_Channel0 */
 332:board/stm32f401rct6/Drivers/STM32F4xx_HAL_Driver/Inc/stm32f4xx_ll_bus.h **** #if defined(DFSDM2_Channel0)
 333:board/stm32f401rct6/Drivers/STM32F4xx_HAL_Driver/Inc/stm32f4xx_ll_bus.h **** #define LL_APB2_GRP1_PERIPH_DFSDM2       RCC_APB2ENR_DFSDM2EN
 334:board/stm32f401rct6/Drivers/STM32F4xx_HAL_Driver/Inc/stm32f4xx_ll_bus.h **** #endif /* DFSDM2_Channel0 */
 335:board/stm32f401rct6/Drivers/STM32F4xx_HAL_Driver/Inc/stm32f4xx_ll_bus.h **** #define LL_APB2_GRP1_PERIPH_ADC          RCC_APB2RSTR_ADCRST
 336:board/stm32f401rct6/Drivers/STM32F4xx_HAL_Driver/Inc/stm32f4xx_ll_bus.h **** /**
 337:board/stm32f401rct6/Drivers/STM32F4xx_HAL_Driver/Inc/stm32f4xx_ll_bus.h ****   * @}
 338:board/stm32f401rct6/Drivers/STM32F4xx_HAL_Driver/Inc/stm32f4xx_ll_bus.h ****   */
 339:board/stm32f401rct6/Drivers/STM32F4xx_HAL_Driver/Inc/stm32f4xx_ll_bus.h **** 
 340:board/stm32f401rct6/Drivers/STM32F4xx_HAL_Driver/Inc/stm32f4xx_ll_bus.h **** /**
 341:board/stm32f401rct6/Drivers/STM32F4xx_HAL_Driver/Inc/stm32f4xx_ll_bus.h ****   * @}
 342:board/stm32f401rct6/Drivers/STM32F4xx_HAL_Driver/Inc/stm32f4xx_ll_bus.h ****   */
 343:board/stm32f401rct6/Drivers/STM32F4xx_HAL_Driver/Inc/stm32f4xx_ll_bus.h **** 
 344:board/stm32f401rct6/Drivers/STM32F4xx_HAL_Driver/Inc/stm32f4xx_ll_bus.h **** /* Exported macro ------------------------------------------------------------*/
 345:board/stm32f401rct6/Drivers/STM32F4xx_HAL_Driver/Inc/stm32f4xx_ll_bus.h **** /* Exported functions --------------------------------------------------------*/
 346:board/stm32f401rct6/Drivers/STM32F4xx_HAL_Driver/Inc/stm32f4xx_ll_bus.h **** /** @defgroup BUS_LL_Exported_Functions BUS Exported Functions
 347:board/stm32f401rct6/Drivers/STM32F4xx_HAL_Driver/Inc/stm32f4xx_ll_bus.h ****   * @{
 348:board/stm32f401rct6/Drivers/STM32F4xx_HAL_Driver/Inc/stm32f4xx_ll_bus.h ****   */
 349:board/stm32f401rct6/Drivers/STM32F4xx_HAL_Driver/Inc/stm32f4xx_ll_bus.h **** 
 350:board/stm32f401rct6/Drivers/STM32F4xx_HAL_Driver/Inc/stm32f4xx_ll_bus.h **** /** @defgroup BUS_LL_EF_AHB1 AHB1
ARM GAS  C:\Users\Admin\AppData\Local\Temp\ccHarYQc.s 			page 13


 351:board/stm32f401rct6/Drivers/STM32F4xx_HAL_Driver/Inc/stm32f4xx_ll_bus.h ****   * @{
 352:board/stm32f401rct6/Drivers/STM32F4xx_HAL_Driver/Inc/stm32f4xx_ll_bus.h ****   */
 353:board/stm32f401rct6/Drivers/STM32F4xx_HAL_Driver/Inc/stm32f4xx_ll_bus.h **** 
 354:board/stm32f401rct6/Drivers/STM32F4xx_HAL_Driver/Inc/stm32f4xx_ll_bus.h **** /**
 355:board/stm32f401rct6/Drivers/STM32F4xx_HAL_Driver/Inc/stm32f4xx_ll_bus.h ****   * @brief  Enable AHB1 peripherals clock.
 356:board/stm32f401rct6/Drivers/STM32F4xx_HAL_Driver/Inc/stm32f4xx_ll_bus.h ****   * @rmtoll AHB1ENR      GPIOAEN            LL_AHB1_GRP1_EnableClock\n
 357:board/stm32f401rct6/Drivers/STM32F4xx_HAL_Driver/Inc/stm32f4xx_ll_bus.h ****   *         AHB1ENR      GPIOBEN            LL_AHB1_GRP1_EnableClock\n
 358:board/stm32f401rct6/Drivers/STM32F4xx_HAL_Driver/Inc/stm32f4xx_ll_bus.h ****   *         AHB1ENR      GPIOCEN            LL_AHB1_GRP1_EnableClock\n
 359:board/stm32f401rct6/Drivers/STM32F4xx_HAL_Driver/Inc/stm32f4xx_ll_bus.h ****   *         AHB1ENR      GPIODEN            LL_AHB1_GRP1_EnableClock\n
 360:board/stm32f401rct6/Drivers/STM32F4xx_HAL_Driver/Inc/stm32f4xx_ll_bus.h ****   *         AHB1ENR      GPIOEEN            LL_AHB1_GRP1_EnableClock\n
 361:board/stm32f401rct6/Drivers/STM32F4xx_HAL_Driver/Inc/stm32f4xx_ll_bus.h ****   *         AHB1ENR      GPIOFEN            LL_AHB1_GRP1_EnableClock\n
 362:board/stm32f401rct6/Drivers/STM32F4xx_HAL_Driver/Inc/stm32f4xx_ll_bus.h ****   *         AHB1ENR      GPIOGEN            LL_AHB1_GRP1_EnableClock\n
 363:board/stm32f401rct6/Drivers/STM32F4xx_HAL_Driver/Inc/stm32f4xx_ll_bus.h ****   *         AHB1ENR      GPIOHEN            LL_AHB1_GRP1_EnableClock\n
 364:board/stm32f401rct6/Drivers/STM32F4xx_HAL_Driver/Inc/stm32f4xx_ll_bus.h ****   *         AHB1ENR      GPIOIEN            LL_AHB1_GRP1_EnableClock\n
 365:board/stm32f401rct6/Drivers/STM32F4xx_HAL_Driver/Inc/stm32f4xx_ll_bus.h ****   *         AHB1ENR      GPIOJEN            LL_AHB1_GRP1_EnableClock\n
 366:board/stm32f401rct6/Drivers/STM32F4xx_HAL_Driver/Inc/stm32f4xx_ll_bus.h ****   *         AHB1ENR      GPIOKEN            LL_AHB1_GRP1_EnableClock\n
 367:board/stm32f401rct6/Drivers/STM32F4xx_HAL_Driver/Inc/stm32f4xx_ll_bus.h ****   *         AHB1ENR      CRCEN              LL_AHB1_GRP1_EnableClock\n
 368:board/stm32f401rct6/Drivers/STM32F4xx_HAL_Driver/Inc/stm32f4xx_ll_bus.h ****   *         AHB1ENR      BKPSRAMEN          LL_AHB1_GRP1_EnableClock\n
 369:board/stm32f401rct6/Drivers/STM32F4xx_HAL_Driver/Inc/stm32f4xx_ll_bus.h ****   *         AHB1ENR      CCMDATARAMEN       LL_AHB1_GRP1_EnableClock\n
 370:board/stm32f401rct6/Drivers/STM32F4xx_HAL_Driver/Inc/stm32f4xx_ll_bus.h ****   *         AHB1ENR      DMA1EN             LL_AHB1_GRP1_EnableClock\n
 371:board/stm32f401rct6/Drivers/STM32F4xx_HAL_Driver/Inc/stm32f4xx_ll_bus.h ****   *         AHB1ENR      DMA2EN             LL_AHB1_GRP1_EnableClock\n
 372:board/stm32f401rct6/Drivers/STM32F4xx_HAL_Driver/Inc/stm32f4xx_ll_bus.h ****   *         AHB1ENR      RNGEN              LL_AHB1_GRP1_EnableClock\n
 373:board/stm32f401rct6/Drivers/STM32F4xx_HAL_Driver/Inc/stm32f4xx_ll_bus.h ****   *         AHB1ENR      DMA2DEN            LL_AHB1_GRP1_EnableClock\n
 374:board/stm32f401rct6/Drivers/STM32F4xx_HAL_Driver/Inc/stm32f4xx_ll_bus.h ****   *         AHB1ENR      ETHMACEN           LL_AHB1_GRP1_EnableClock\n
 375:board/stm32f401rct6/Drivers/STM32F4xx_HAL_Driver/Inc/stm32f4xx_ll_bus.h ****   *         AHB1ENR      ETHMACTXEN         LL_AHB1_GRP1_EnableClock\n
 376:board/stm32f401rct6/Drivers/STM32F4xx_HAL_Driver/Inc/stm32f4xx_ll_bus.h ****   *         AHB1ENR      ETHMACRXEN         LL_AHB1_GRP1_EnableClock\n
 377:board/stm32f401rct6/Drivers/STM32F4xx_HAL_Driver/Inc/stm32f4xx_ll_bus.h ****   *         AHB1ENR      ETHMACPTPEN        LL_AHB1_GRP1_EnableClock\n
 378:board/stm32f401rct6/Drivers/STM32F4xx_HAL_Driver/Inc/stm32f4xx_ll_bus.h ****   *         AHB1ENR      OTGHSEN            LL_AHB1_GRP1_EnableClock\n
 379:board/stm32f401rct6/Drivers/STM32F4xx_HAL_Driver/Inc/stm32f4xx_ll_bus.h ****   *         AHB1ENR      OTGHSULPIEN        LL_AHB1_GRP1_EnableClock
 380:board/stm32f401rct6/Drivers/STM32F4xx_HAL_Driver/Inc/stm32f4xx_ll_bus.h ****   * @param  Periphs This parameter can be a combination of the following values:
 381:board/stm32f401rct6/Drivers/STM32F4xx_HAL_Driver/Inc/stm32f4xx_ll_bus.h ****   *         @arg @ref LL_AHB1_GRP1_PERIPH_GPIOA
 382:board/stm32f401rct6/Drivers/STM32F4xx_HAL_Driver/Inc/stm32f4xx_ll_bus.h ****   *         @arg @ref LL_AHB1_GRP1_PERIPH_GPIOB
 383:board/stm32f401rct6/Drivers/STM32F4xx_HAL_Driver/Inc/stm32f4xx_ll_bus.h ****   *         @arg @ref LL_AHB1_GRP1_PERIPH_GPIOC
 384:board/stm32f401rct6/Drivers/STM32F4xx_HAL_Driver/Inc/stm32f4xx_ll_bus.h ****   *         @arg @ref LL_AHB1_GRP1_PERIPH_GPIOD (*)
 385:board/stm32f401rct6/Drivers/STM32F4xx_HAL_Driver/Inc/stm32f4xx_ll_bus.h ****   *         @arg @ref LL_AHB1_GRP1_PERIPH_GPIOE (*)
 386:board/stm32f401rct6/Drivers/STM32F4xx_HAL_Driver/Inc/stm32f4xx_ll_bus.h ****   *         @arg @ref LL_AHB1_GRP1_PERIPH_GPIOF (*)
 387:board/stm32f401rct6/Drivers/STM32F4xx_HAL_Driver/Inc/stm32f4xx_ll_bus.h ****   *         @arg @ref LL_AHB1_GRP1_PERIPH_GPIOG (*)
 388:board/stm32f401rct6/Drivers/STM32F4xx_HAL_Driver/Inc/stm32f4xx_ll_bus.h ****   *         @arg @ref LL_AHB1_GRP1_PERIPH_GPIOH (*)
 389:board/stm32f401rct6/Drivers/STM32F4xx_HAL_Driver/Inc/stm32f4xx_ll_bus.h ****   *         @arg @ref LL_AHB1_GRP1_PERIPH_GPIOI (*)
 390:board/stm32f401rct6/Drivers/STM32F4xx_HAL_Driver/Inc/stm32f4xx_ll_bus.h ****   *         @arg @ref LL_AHB1_GRP1_PERIPH_GPIOJ (*)
 391:board/stm32f401rct6/Drivers/STM32F4xx_HAL_Driver/Inc/stm32f4xx_ll_bus.h ****   *         @arg @ref LL_AHB1_GRP1_PERIPH_GPIOK (*)
 392:board/stm32f401rct6/Drivers/STM32F4xx_HAL_Driver/Inc/stm32f4xx_ll_bus.h ****   *         @arg @ref LL_AHB1_GRP1_PERIPH_CRC
 393:board/stm32f401rct6/Drivers/STM32F4xx_HAL_Driver/Inc/stm32f4xx_ll_bus.h ****   *         @arg @ref LL_AHB1_GRP1_PERIPH_BKPSRAM (*)
 394:board/stm32f401rct6/Drivers/STM32F4xx_HAL_Driver/Inc/stm32f4xx_ll_bus.h ****   *         @arg @ref LL_AHB1_GRP1_PERIPH_CCMDATARAM (*)
 395:board/stm32f401rct6/Drivers/STM32F4xx_HAL_Driver/Inc/stm32f4xx_ll_bus.h ****   *         @arg @ref LL_AHB1_GRP1_PERIPH_DMA1
 396:board/stm32f401rct6/Drivers/STM32F4xx_HAL_Driver/Inc/stm32f4xx_ll_bus.h ****   *         @arg @ref LL_AHB1_GRP1_PERIPH_DMA2
 397:board/stm32f401rct6/Drivers/STM32F4xx_HAL_Driver/Inc/stm32f4xx_ll_bus.h ****   *         @arg @ref LL_AHB1_GRP1_PERIPH_RNG (*)
 398:board/stm32f401rct6/Drivers/STM32F4xx_HAL_Driver/Inc/stm32f4xx_ll_bus.h ****   *         @arg @ref LL_AHB1_GRP1_PERIPH_DMA2D (*)
 399:board/stm32f401rct6/Drivers/STM32F4xx_HAL_Driver/Inc/stm32f4xx_ll_bus.h ****   *         @arg @ref LL_AHB1_GRP1_PERIPH_ETHMAC (*)
 400:board/stm32f401rct6/Drivers/STM32F4xx_HAL_Driver/Inc/stm32f4xx_ll_bus.h ****   *         @arg @ref LL_AHB1_GRP1_PERIPH_ETHMACTX (*)
 401:board/stm32f401rct6/Drivers/STM32F4xx_HAL_Driver/Inc/stm32f4xx_ll_bus.h ****   *         @arg @ref LL_AHB1_GRP1_PERIPH_ETHMACRX (*)
 402:board/stm32f401rct6/Drivers/STM32F4xx_HAL_Driver/Inc/stm32f4xx_ll_bus.h ****   *         @arg @ref LL_AHB1_GRP1_PERIPH_ETHMACPTP (*)
 403:board/stm32f401rct6/Drivers/STM32F4xx_HAL_Driver/Inc/stm32f4xx_ll_bus.h ****   *         @arg @ref LL_AHB1_GRP1_PERIPH_OTGHS (*)
 404:board/stm32f401rct6/Drivers/STM32F4xx_HAL_Driver/Inc/stm32f4xx_ll_bus.h ****   *         @arg @ref LL_AHB1_GRP1_PERIPH_OTGHSULPI (*)
 405:board/stm32f401rct6/Drivers/STM32F4xx_HAL_Driver/Inc/stm32f4xx_ll_bus.h ****   *
 406:board/stm32f401rct6/Drivers/STM32F4xx_HAL_Driver/Inc/stm32f4xx_ll_bus.h ****   *         (*) value not defined in all devices.
 407:board/stm32f401rct6/Drivers/STM32F4xx_HAL_Driver/Inc/stm32f4xx_ll_bus.h ****   * @retval None
ARM GAS  C:\Users\Admin\AppData\Local\Temp\ccHarYQc.s 			page 14


 408:board/stm32f401rct6/Drivers/STM32F4xx_HAL_Driver/Inc/stm32f4xx_ll_bus.h ****   */
 409:board/stm32f401rct6/Drivers/STM32F4xx_HAL_Driver/Inc/stm32f4xx_ll_bus.h **** __STATIC_INLINE void LL_AHB1_GRP1_EnableClock(uint32_t Periphs)
 410:board/stm32f401rct6/Drivers/STM32F4xx_HAL_Driver/Inc/stm32f4xx_ll_bus.h **** {
 411:board/stm32f401rct6/Drivers/STM32F4xx_HAL_Driver/Inc/stm32f4xx_ll_bus.h ****   __IO uint32_t tmpreg;
 412:board/stm32f401rct6/Drivers/STM32F4xx_HAL_Driver/Inc/stm32f4xx_ll_bus.h ****   SET_BIT(RCC->AHB1ENR, Periphs);
 413:board/stm32f401rct6/Drivers/STM32F4xx_HAL_Driver/Inc/stm32f4xx_ll_bus.h ****   /* Delay after an RCC peripheral clock enabling */
 414:board/stm32f401rct6/Drivers/STM32F4xx_HAL_Driver/Inc/stm32f4xx_ll_bus.h ****   tmpreg = READ_BIT(RCC->AHB1ENR, Periphs);
 415:board/stm32f401rct6/Drivers/STM32F4xx_HAL_Driver/Inc/stm32f4xx_ll_bus.h ****   (void)tmpreg;
 416:board/stm32f401rct6/Drivers/STM32F4xx_HAL_Driver/Inc/stm32f4xx_ll_bus.h **** }
 417:board/stm32f401rct6/Drivers/STM32F4xx_HAL_Driver/Inc/stm32f4xx_ll_bus.h **** 
 418:board/stm32f401rct6/Drivers/STM32F4xx_HAL_Driver/Inc/stm32f4xx_ll_bus.h **** /**
 419:board/stm32f401rct6/Drivers/STM32F4xx_HAL_Driver/Inc/stm32f4xx_ll_bus.h ****   * @brief  Check if AHB1 peripheral clock is enabled or not
 420:board/stm32f401rct6/Drivers/STM32F4xx_HAL_Driver/Inc/stm32f4xx_ll_bus.h ****   * @rmtoll AHB1ENR      GPIOAEN            LL_AHB1_GRP1_IsEnabledClock\n
 421:board/stm32f401rct6/Drivers/STM32F4xx_HAL_Driver/Inc/stm32f4xx_ll_bus.h ****   *         AHB1ENR      GPIOBEN            LL_AHB1_GRP1_IsEnabledClock\n
 422:board/stm32f401rct6/Drivers/STM32F4xx_HAL_Driver/Inc/stm32f4xx_ll_bus.h ****   *         AHB1ENR      GPIOCEN            LL_AHB1_GRP1_IsEnabledClock\n
 423:board/stm32f401rct6/Drivers/STM32F4xx_HAL_Driver/Inc/stm32f4xx_ll_bus.h ****   *         AHB1ENR      GPIODEN            LL_AHB1_GRP1_IsEnabledClock\n
 424:board/stm32f401rct6/Drivers/STM32F4xx_HAL_Driver/Inc/stm32f4xx_ll_bus.h ****   *         AHB1ENR      GPIOEEN            LL_AHB1_GRP1_IsEnabledClock\n
 425:board/stm32f401rct6/Drivers/STM32F4xx_HAL_Driver/Inc/stm32f4xx_ll_bus.h ****   *         AHB1ENR      GPIOFEN            LL_AHB1_GRP1_IsEnabledClock\n
 426:board/stm32f401rct6/Drivers/STM32F4xx_HAL_Driver/Inc/stm32f4xx_ll_bus.h ****   *         AHB1ENR      GPIOGEN            LL_AHB1_GRP1_IsEnabledClock\n
 427:board/stm32f401rct6/Drivers/STM32F4xx_HAL_Driver/Inc/stm32f4xx_ll_bus.h ****   *         AHB1ENR      GPIOHEN            LL_AHB1_GRP1_IsEnabledClock\n
 428:board/stm32f401rct6/Drivers/STM32F4xx_HAL_Driver/Inc/stm32f4xx_ll_bus.h ****   *         AHB1ENR      GPIOIEN            LL_AHB1_GRP1_IsEnabledClock\n
 429:board/stm32f401rct6/Drivers/STM32F4xx_HAL_Driver/Inc/stm32f4xx_ll_bus.h ****   *         AHB1ENR      GPIOJEN            LL_AHB1_GRP1_IsEnabledClock\n
 430:board/stm32f401rct6/Drivers/STM32F4xx_HAL_Driver/Inc/stm32f4xx_ll_bus.h ****   *         AHB1ENR      GPIOKEN            LL_AHB1_GRP1_IsEnabledClock\n
 431:board/stm32f401rct6/Drivers/STM32F4xx_HAL_Driver/Inc/stm32f4xx_ll_bus.h ****   *         AHB1ENR      CRCEN              LL_AHB1_GRP1_IsEnabledClock\n
 432:board/stm32f401rct6/Drivers/STM32F4xx_HAL_Driver/Inc/stm32f4xx_ll_bus.h ****   *         AHB1ENR      BKPSRAMEN          LL_AHB1_GRP1_IsEnabledClock\n
 433:board/stm32f401rct6/Drivers/STM32F4xx_HAL_Driver/Inc/stm32f4xx_ll_bus.h ****   *         AHB1ENR      CCMDATARAMEN       LL_AHB1_GRP1_IsEnabledClock\n
 434:board/stm32f401rct6/Drivers/STM32F4xx_HAL_Driver/Inc/stm32f4xx_ll_bus.h ****   *         AHB1ENR      DMA1EN             LL_AHB1_GRP1_IsEnabledClock\n
 435:board/stm32f401rct6/Drivers/STM32F4xx_HAL_Driver/Inc/stm32f4xx_ll_bus.h ****   *         AHB1ENR      DMA2EN             LL_AHB1_GRP1_IsEnabledClock\n
 436:board/stm32f401rct6/Drivers/STM32F4xx_HAL_Driver/Inc/stm32f4xx_ll_bus.h ****   *         AHB1ENR      RNGEN              LL_AHB1_GRP1_IsEnabledClock\n
 437:board/stm32f401rct6/Drivers/STM32F4xx_HAL_Driver/Inc/stm32f4xx_ll_bus.h ****   *         AHB1ENR      DMA2DEN            LL_AHB1_GRP1_IsEnabledClock\n
 438:board/stm32f401rct6/Drivers/STM32F4xx_HAL_Driver/Inc/stm32f4xx_ll_bus.h ****   *         AHB1ENR      ETHMACEN           LL_AHB1_GRP1_IsEnabledClock\n
 439:board/stm32f401rct6/Drivers/STM32F4xx_HAL_Driver/Inc/stm32f4xx_ll_bus.h ****   *         AHB1ENR      ETHMACTXEN         LL_AHB1_GRP1_IsEnabledClock\n
 440:board/stm32f401rct6/Drivers/STM32F4xx_HAL_Driver/Inc/stm32f4xx_ll_bus.h ****   *         AHB1ENR      ETHMACRXEN         LL_AHB1_GRP1_IsEnabledClock\n
 441:board/stm32f401rct6/Drivers/STM32F4xx_HAL_Driver/Inc/stm32f4xx_ll_bus.h ****   *         AHB1ENR      ETHMACPTPEN        LL_AHB1_GRP1_IsEnabledClock\n
 442:board/stm32f401rct6/Drivers/STM32F4xx_HAL_Driver/Inc/stm32f4xx_ll_bus.h ****   *         AHB1ENR      OTGHSEN            LL_AHB1_GRP1_IsEnabledClock\n
 443:board/stm32f401rct6/Drivers/STM32F4xx_HAL_Driver/Inc/stm32f4xx_ll_bus.h ****   *         AHB1ENR      OTGHSULPIEN        LL_AHB1_GRP1_IsEnabledClock
 444:board/stm32f401rct6/Drivers/STM32F4xx_HAL_Driver/Inc/stm32f4xx_ll_bus.h ****   * @param  Periphs This parameter can be a combination of the following values:
 445:board/stm32f401rct6/Drivers/STM32F4xx_HAL_Driver/Inc/stm32f4xx_ll_bus.h ****   *         @arg @ref LL_AHB1_GRP1_PERIPH_GPIOA
 446:board/stm32f401rct6/Drivers/STM32F4xx_HAL_Driver/Inc/stm32f4xx_ll_bus.h ****   *         @arg @ref LL_AHB1_GRP1_PERIPH_GPIOB
 447:board/stm32f401rct6/Drivers/STM32F4xx_HAL_Driver/Inc/stm32f4xx_ll_bus.h ****   *         @arg @ref LL_AHB1_GRP1_PERIPH_GPIOC
 448:board/stm32f401rct6/Drivers/STM32F4xx_HAL_Driver/Inc/stm32f4xx_ll_bus.h ****   *         @arg @ref LL_AHB1_GRP1_PERIPH_GPIOD (*)
 449:board/stm32f401rct6/Drivers/STM32F4xx_HAL_Driver/Inc/stm32f4xx_ll_bus.h ****   *         @arg @ref LL_AHB1_GRP1_PERIPH_GPIOE (*)
 450:board/stm32f401rct6/Drivers/STM32F4xx_HAL_Driver/Inc/stm32f4xx_ll_bus.h ****   *         @arg @ref LL_AHB1_GRP1_PERIPH_GPIOF (*)
 451:board/stm32f401rct6/Drivers/STM32F4xx_HAL_Driver/Inc/stm32f4xx_ll_bus.h ****   *         @arg @ref LL_AHB1_GRP1_PERIPH_GPIOG (*)
 452:board/stm32f401rct6/Drivers/STM32F4xx_HAL_Driver/Inc/stm32f4xx_ll_bus.h ****   *         @arg @ref LL_AHB1_GRP1_PERIPH_GPIOH (*)
 453:board/stm32f401rct6/Drivers/STM32F4xx_HAL_Driver/Inc/stm32f4xx_ll_bus.h ****   *         @arg @ref LL_AHB1_GRP1_PERIPH_GPIOI (*)
 454:board/stm32f401rct6/Drivers/STM32F4xx_HAL_Driver/Inc/stm32f4xx_ll_bus.h ****   *         @arg @ref LL_AHB1_GRP1_PERIPH_GPIOJ (*)
 455:board/stm32f401rct6/Drivers/STM32F4xx_HAL_Driver/Inc/stm32f4xx_ll_bus.h ****   *         @arg @ref LL_AHB1_GRP1_PERIPH_GPIOK (*)
 456:board/stm32f401rct6/Drivers/STM32F4xx_HAL_Driver/Inc/stm32f4xx_ll_bus.h ****   *         @arg @ref LL_AHB1_GRP1_PERIPH_CRC
 457:board/stm32f401rct6/Drivers/STM32F4xx_HAL_Driver/Inc/stm32f4xx_ll_bus.h ****   *         @arg @ref LL_AHB1_GRP1_PERIPH_BKPSRAM (*)
 458:board/stm32f401rct6/Drivers/STM32F4xx_HAL_Driver/Inc/stm32f4xx_ll_bus.h ****   *         @arg @ref LL_AHB1_GRP1_PERIPH_CCMDATARAM (*)
 459:board/stm32f401rct6/Drivers/STM32F4xx_HAL_Driver/Inc/stm32f4xx_ll_bus.h ****   *         @arg @ref LL_AHB1_GRP1_PERIPH_DMA1
 460:board/stm32f401rct6/Drivers/STM32F4xx_HAL_Driver/Inc/stm32f4xx_ll_bus.h ****   *         @arg @ref LL_AHB1_GRP1_PERIPH_DMA2
 461:board/stm32f401rct6/Drivers/STM32F4xx_HAL_Driver/Inc/stm32f4xx_ll_bus.h ****   *         @arg @ref LL_AHB1_GRP1_PERIPH_RNG (*)
 462:board/stm32f401rct6/Drivers/STM32F4xx_HAL_Driver/Inc/stm32f4xx_ll_bus.h ****   *         @arg @ref LL_AHB1_GRP1_PERIPH_DMA2D (*)
 463:board/stm32f401rct6/Drivers/STM32F4xx_HAL_Driver/Inc/stm32f4xx_ll_bus.h ****   *         @arg @ref LL_AHB1_GRP1_PERIPH_ETHMAC (*)
 464:board/stm32f401rct6/Drivers/STM32F4xx_HAL_Driver/Inc/stm32f4xx_ll_bus.h ****   *         @arg @ref LL_AHB1_GRP1_PERIPH_ETHMACTX (*)
ARM GAS  C:\Users\Admin\AppData\Local\Temp\ccHarYQc.s 			page 15


 465:board/stm32f401rct6/Drivers/STM32F4xx_HAL_Driver/Inc/stm32f4xx_ll_bus.h ****   *         @arg @ref LL_AHB1_GRP1_PERIPH_ETHMACRX (*)
 466:board/stm32f401rct6/Drivers/STM32F4xx_HAL_Driver/Inc/stm32f4xx_ll_bus.h ****   *         @arg @ref LL_AHB1_GRP1_PERIPH_ETHMACPTP (*)
 467:board/stm32f401rct6/Drivers/STM32F4xx_HAL_Driver/Inc/stm32f4xx_ll_bus.h ****   *         @arg @ref LL_AHB1_GRP1_PERIPH_OTGHS (*)
 468:board/stm32f401rct6/Drivers/STM32F4xx_HAL_Driver/Inc/stm32f4xx_ll_bus.h ****   *         @arg @ref LL_AHB1_GRP1_PERIPH_OTGHSULPI (*)
 469:board/stm32f401rct6/Drivers/STM32F4xx_HAL_Driver/Inc/stm32f4xx_ll_bus.h ****   *
 470:board/stm32f401rct6/Drivers/STM32F4xx_HAL_Driver/Inc/stm32f4xx_ll_bus.h ****   *         (*) value not defined in all devices.
 471:board/stm32f401rct6/Drivers/STM32F4xx_HAL_Driver/Inc/stm32f4xx_ll_bus.h ****   * @retval State of Periphs (1 or 0).
 472:board/stm32f401rct6/Drivers/STM32F4xx_HAL_Driver/Inc/stm32f4xx_ll_bus.h ****   */
 473:board/stm32f401rct6/Drivers/STM32F4xx_HAL_Driver/Inc/stm32f4xx_ll_bus.h **** __STATIC_INLINE uint32_t LL_AHB1_GRP1_IsEnabledClock(uint32_t Periphs)
 474:board/stm32f401rct6/Drivers/STM32F4xx_HAL_Driver/Inc/stm32f4xx_ll_bus.h **** {
 475:board/stm32f401rct6/Drivers/STM32F4xx_HAL_Driver/Inc/stm32f4xx_ll_bus.h ****   return (READ_BIT(RCC->AHB1ENR, Periphs) == Periphs);
 476:board/stm32f401rct6/Drivers/STM32F4xx_HAL_Driver/Inc/stm32f4xx_ll_bus.h **** }
 477:board/stm32f401rct6/Drivers/STM32F4xx_HAL_Driver/Inc/stm32f4xx_ll_bus.h **** 
 478:board/stm32f401rct6/Drivers/STM32F4xx_HAL_Driver/Inc/stm32f4xx_ll_bus.h **** /**
 479:board/stm32f401rct6/Drivers/STM32F4xx_HAL_Driver/Inc/stm32f4xx_ll_bus.h ****   * @brief  Disable AHB1 peripherals clock.
 480:board/stm32f401rct6/Drivers/STM32F4xx_HAL_Driver/Inc/stm32f4xx_ll_bus.h ****   * @rmtoll AHB1ENR      GPIOAEN            LL_AHB1_GRP1_DisableClock\n
 481:board/stm32f401rct6/Drivers/STM32F4xx_HAL_Driver/Inc/stm32f4xx_ll_bus.h ****   *         AHB1ENR      GPIOBEN            LL_AHB1_GRP1_DisableClock\n
 482:board/stm32f401rct6/Drivers/STM32F4xx_HAL_Driver/Inc/stm32f4xx_ll_bus.h ****   *         AHB1ENR      GPIOCEN            LL_AHB1_GRP1_DisableClock\n
 483:board/stm32f401rct6/Drivers/STM32F4xx_HAL_Driver/Inc/stm32f4xx_ll_bus.h ****   *         AHB1ENR      GPIODEN            LL_AHB1_GRP1_DisableClock\n
 484:board/stm32f401rct6/Drivers/STM32F4xx_HAL_Driver/Inc/stm32f4xx_ll_bus.h ****   *         AHB1ENR      GPIOEEN            LL_AHB1_GRP1_DisableClock\n
 485:board/stm32f401rct6/Drivers/STM32F4xx_HAL_Driver/Inc/stm32f4xx_ll_bus.h ****   *         AHB1ENR      GPIOFEN            LL_AHB1_GRP1_DisableClock\n
 486:board/stm32f401rct6/Drivers/STM32F4xx_HAL_Driver/Inc/stm32f4xx_ll_bus.h ****   *         AHB1ENR      GPIOGEN            LL_AHB1_GRP1_DisableClock\n
 487:board/stm32f401rct6/Drivers/STM32F4xx_HAL_Driver/Inc/stm32f4xx_ll_bus.h ****   *         AHB1ENR      GPIOHEN            LL_AHB1_GRP1_DisableClock\n
 488:board/stm32f401rct6/Drivers/STM32F4xx_HAL_Driver/Inc/stm32f4xx_ll_bus.h ****   *         AHB1ENR      GPIOIEN            LL_AHB1_GRP1_DisableClock\n
 489:board/stm32f401rct6/Drivers/STM32F4xx_HAL_Driver/Inc/stm32f4xx_ll_bus.h ****   *         AHB1ENR      GPIOJEN            LL_AHB1_GRP1_DisableClock\n
 490:board/stm32f401rct6/Drivers/STM32F4xx_HAL_Driver/Inc/stm32f4xx_ll_bus.h ****   *         AHB1ENR      GPIOKEN            LL_AHB1_GRP1_DisableClock\n
 491:board/stm32f401rct6/Drivers/STM32F4xx_HAL_Driver/Inc/stm32f4xx_ll_bus.h ****   *         AHB1ENR      CRCEN              LL_AHB1_GRP1_DisableClock\n
 492:board/stm32f401rct6/Drivers/STM32F4xx_HAL_Driver/Inc/stm32f4xx_ll_bus.h ****   *         AHB1ENR      BKPSRAMEN          LL_AHB1_GRP1_DisableClock\n
 493:board/stm32f401rct6/Drivers/STM32F4xx_HAL_Driver/Inc/stm32f4xx_ll_bus.h ****   *         AHB1ENR      CCMDATARAMEN       LL_AHB1_GRP1_DisableClock\n
 494:board/stm32f401rct6/Drivers/STM32F4xx_HAL_Driver/Inc/stm32f4xx_ll_bus.h ****   *         AHB1ENR      DMA1EN             LL_AHB1_GRP1_DisableClock\n
 495:board/stm32f401rct6/Drivers/STM32F4xx_HAL_Driver/Inc/stm32f4xx_ll_bus.h ****   *         AHB1ENR      DMA2EN             LL_AHB1_GRP1_DisableClock\n
 496:board/stm32f401rct6/Drivers/STM32F4xx_HAL_Driver/Inc/stm32f4xx_ll_bus.h ****   *         AHB1ENR      RNGEN              LL_AHB1_GRP1_DisableClock\n
 497:board/stm32f401rct6/Drivers/STM32F4xx_HAL_Driver/Inc/stm32f4xx_ll_bus.h ****   *         AHB1ENR      DMA2DEN            LL_AHB1_GRP1_DisableClock\n
 498:board/stm32f401rct6/Drivers/STM32F4xx_HAL_Driver/Inc/stm32f4xx_ll_bus.h ****   *         AHB1ENR      ETHMACEN           LL_AHB1_GRP1_DisableClock\n
 499:board/stm32f401rct6/Drivers/STM32F4xx_HAL_Driver/Inc/stm32f4xx_ll_bus.h ****   *         AHB1ENR      ETHMACTXEN         LL_AHB1_GRP1_DisableClock\n
 500:board/stm32f401rct6/Drivers/STM32F4xx_HAL_Driver/Inc/stm32f4xx_ll_bus.h ****   *         AHB1ENR      ETHMACRXEN         LL_AHB1_GRP1_DisableClock\n
 501:board/stm32f401rct6/Drivers/STM32F4xx_HAL_Driver/Inc/stm32f4xx_ll_bus.h ****   *         AHB1ENR      ETHMACPTPEN        LL_AHB1_GRP1_DisableClock\n
 502:board/stm32f401rct6/Drivers/STM32F4xx_HAL_Driver/Inc/stm32f4xx_ll_bus.h ****   *         AHB1ENR      OTGHSEN            LL_AHB1_GRP1_DisableClock\n
 503:board/stm32f401rct6/Drivers/STM32F4xx_HAL_Driver/Inc/stm32f4xx_ll_bus.h ****   *         AHB1ENR      OTGHSULPIEN        LL_AHB1_GRP1_DisableClock
 504:board/stm32f401rct6/Drivers/STM32F4xx_HAL_Driver/Inc/stm32f4xx_ll_bus.h ****   * @param  Periphs This parameter can be a combination of the following values:
 505:board/stm32f401rct6/Drivers/STM32F4xx_HAL_Driver/Inc/stm32f4xx_ll_bus.h ****   *         @arg @ref LL_AHB1_GRP1_PERIPH_GPIOA
 506:board/stm32f401rct6/Drivers/STM32F4xx_HAL_Driver/Inc/stm32f4xx_ll_bus.h ****   *         @arg @ref LL_AHB1_GRP1_PERIPH_GPIOB
 507:board/stm32f401rct6/Drivers/STM32F4xx_HAL_Driver/Inc/stm32f4xx_ll_bus.h ****   *         @arg @ref LL_AHB1_GRP1_PERIPH_GPIOC
 508:board/stm32f401rct6/Drivers/STM32F4xx_HAL_Driver/Inc/stm32f4xx_ll_bus.h ****   *         @arg @ref LL_AHB1_GRP1_PERIPH_GPIOD (*)
 509:board/stm32f401rct6/Drivers/STM32F4xx_HAL_Driver/Inc/stm32f4xx_ll_bus.h ****   *         @arg @ref LL_AHB1_GRP1_PERIPH_GPIOE (*)
 510:board/stm32f401rct6/Drivers/STM32F4xx_HAL_Driver/Inc/stm32f4xx_ll_bus.h ****   *         @arg @ref LL_AHB1_GRP1_PERIPH_GPIOF (*)
 511:board/stm32f401rct6/Drivers/STM32F4xx_HAL_Driver/Inc/stm32f4xx_ll_bus.h ****   *         @arg @ref LL_AHB1_GRP1_PERIPH_GPIOG (*)
 512:board/stm32f401rct6/Drivers/STM32F4xx_HAL_Driver/Inc/stm32f4xx_ll_bus.h ****   *         @arg @ref LL_AHB1_GRP1_PERIPH_GPIOH (*)
 513:board/stm32f401rct6/Drivers/STM32F4xx_HAL_Driver/Inc/stm32f4xx_ll_bus.h ****   *         @arg @ref LL_AHB1_GRP1_PERIPH_GPIOI (*)
 514:board/stm32f401rct6/Drivers/STM32F4xx_HAL_Driver/Inc/stm32f4xx_ll_bus.h ****   *         @arg @ref LL_AHB1_GRP1_PERIPH_GPIOJ (*)
 515:board/stm32f401rct6/Drivers/STM32F4xx_HAL_Driver/Inc/stm32f4xx_ll_bus.h ****   *         @arg @ref LL_AHB1_GRP1_PERIPH_GPIOK (*)
 516:board/stm32f401rct6/Drivers/STM32F4xx_HAL_Driver/Inc/stm32f4xx_ll_bus.h ****   *         @arg @ref LL_AHB1_GRP1_PERIPH_CRC
 517:board/stm32f401rct6/Drivers/STM32F4xx_HAL_Driver/Inc/stm32f4xx_ll_bus.h ****   *         @arg @ref LL_AHB1_GRP1_PERIPH_BKPSRAM (*)
 518:board/stm32f401rct6/Drivers/STM32F4xx_HAL_Driver/Inc/stm32f4xx_ll_bus.h ****   *         @arg @ref LL_AHB1_GRP1_PERIPH_CCMDATARAM (*)
 519:board/stm32f401rct6/Drivers/STM32F4xx_HAL_Driver/Inc/stm32f4xx_ll_bus.h ****   *         @arg @ref LL_AHB1_GRP1_PERIPH_DMA1
 520:board/stm32f401rct6/Drivers/STM32F4xx_HAL_Driver/Inc/stm32f4xx_ll_bus.h ****   *         @arg @ref LL_AHB1_GRP1_PERIPH_DMA2
 521:board/stm32f401rct6/Drivers/STM32F4xx_HAL_Driver/Inc/stm32f4xx_ll_bus.h ****   *         @arg @ref LL_AHB1_GRP1_PERIPH_RNG (*)
ARM GAS  C:\Users\Admin\AppData\Local\Temp\ccHarYQc.s 			page 16


 522:board/stm32f401rct6/Drivers/STM32F4xx_HAL_Driver/Inc/stm32f4xx_ll_bus.h ****   *         @arg @ref LL_AHB1_GRP1_PERIPH_DMA2D (*)
 523:board/stm32f401rct6/Drivers/STM32F4xx_HAL_Driver/Inc/stm32f4xx_ll_bus.h ****   *         @arg @ref LL_AHB1_GRP1_PERIPH_ETHMAC (*)
 524:board/stm32f401rct6/Drivers/STM32F4xx_HAL_Driver/Inc/stm32f4xx_ll_bus.h ****   *         @arg @ref LL_AHB1_GRP1_PERIPH_ETHMACTX (*)
 525:board/stm32f401rct6/Drivers/STM32F4xx_HAL_Driver/Inc/stm32f4xx_ll_bus.h ****   *         @arg @ref LL_AHB1_GRP1_PERIPH_ETHMACRX (*)
 526:board/stm32f401rct6/Drivers/STM32F4xx_HAL_Driver/Inc/stm32f4xx_ll_bus.h ****   *         @arg @ref LL_AHB1_GRP1_PERIPH_ETHMACPTP (*)
 527:board/stm32f401rct6/Drivers/STM32F4xx_HAL_Driver/Inc/stm32f4xx_ll_bus.h ****   *         @arg @ref LL_AHB1_GRP1_PERIPH_OTGHS (*)
 528:board/stm32f401rct6/Drivers/STM32F4xx_HAL_Driver/Inc/stm32f4xx_ll_bus.h ****   *         @arg @ref LL_AHB1_GRP1_PERIPH_OTGHSULPI (*)
 529:board/stm32f401rct6/Drivers/STM32F4xx_HAL_Driver/Inc/stm32f4xx_ll_bus.h ****   *
 530:board/stm32f401rct6/Drivers/STM32F4xx_HAL_Driver/Inc/stm32f4xx_ll_bus.h ****   *         (*) value not defined in all devices.
 531:board/stm32f401rct6/Drivers/STM32F4xx_HAL_Driver/Inc/stm32f4xx_ll_bus.h ****   * @retval None
 532:board/stm32f401rct6/Drivers/STM32F4xx_HAL_Driver/Inc/stm32f4xx_ll_bus.h ****   */
 533:board/stm32f401rct6/Drivers/STM32F4xx_HAL_Driver/Inc/stm32f4xx_ll_bus.h **** __STATIC_INLINE void LL_AHB1_GRP1_DisableClock(uint32_t Periphs)
 534:board/stm32f401rct6/Drivers/STM32F4xx_HAL_Driver/Inc/stm32f4xx_ll_bus.h **** {
 535:board/stm32f401rct6/Drivers/STM32F4xx_HAL_Driver/Inc/stm32f4xx_ll_bus.h ****   CLEAR_BIT(RCC->AHB1ENR, Periphs);
 536:board/stm32f401rct6/Drivers/STM32F4xx_HAL_Driver/Inc/stm32f4xx_ll_bus.h **** }
 537:board/stm32f401rct6/Drivers/STM32F4xx_HAL_Driver/Inc/stm32f4xx_ll_bus.h **** 
 538:board/stm32f401rct6/Drivers/STM32F4xx_HAL_Driver/Inc/stm32f4xx_ll_bus.h **** /**
 539:board/stm32f401rct6/Drivers/STM32F4xx_HAL_Driver/Inc/stm32f4xx_ll_bus.h ****   * @brief  Force AHB1 peripherals reset.
 540:board/stm32f401rct6/Drivers/STM32F4xx_HAL_Driver/Inc/stm32f4xx_ll_bus.h ****   * @rmtoll AHB1RSTR     GPIOARST      LL_AHB1_GRP1_ForceReset\n
 541:board/stm32f401rct6/Drivers/STM32F4xx_HAL_Driver/Inc/stm32f4xx_ll_bus.h ****   *         AHB1RSTR     GPIOBRST      LL_AHB1_GRP1_ForceReset\n
 542:board/stm32f401rct6/Drivers/STM32F4xx_HAL_Driver/Inc/stm32f4xx_ll_bus.h ****   *         AHB1RSTR     GPIOCRST      LL_AHB1_GRP1_ForceReset\n
 543:board/stm32f401rct6/Drivers/STM32F4xx_HAL_Driver/Inc/stm32f4xx_ll_bus.h ****   *         AHB1RSTR     GPIODRST      LL_AHB1_GRP1_ForceReset\n
 544:board/stm32f401rct6/Drivers/STM32F4xx_HAL_Driver/Inc/stm32f4xx_ll_bus.h ****   *         AHB1RSTR     GPIOERST      LL_AHB1_GRP1_ForceReset\n
 545:board/stm32f401rct6/Drivers/STM32F4xx_HAL_Driver/Inc/stm32f4xx_ll_bus.h ****   *         AHB1RSTR     GPIOFRST      LL_AHB1_GRP1_ForceReset\n
 546:board/stm32f401rct6/Drivers/STM32F4xx_HAL_Driver/Inc/stm32f4xx_ll_bus.h ****   *         AHB1RSTR     GPIOGRST      LL_AHB1_GRP1_ForceReset\n
 547:board/stm32f401rct6/Drivers/STM32F4xx_HAL_Driver/Inc/stm32f4xx_ll_bus.h ****   *         AHB1RSTR     GPIOHRST      LL_AHB1_GRP1_ForceReset\n
 548:board/stm32f401rct6/Drivers/STM32F4xx_HAL_Driver/Inc/stm32f4xx_ll_bus.h ****   *         AHB1RSTR     GPIOIRST      LL_AHB1_GRP1_ForceReset\n
 549:board/stm32f401rct6/Drivers/STM32F4xx_HAL_Driver/Inc/stm32f4xx_ll_bus.h ****   *         AHB1RSTR     GPIOJRST      LL_AHB1_GRP1_ForceReset\n
 550:board/stm32f401rct6/Drivers/STM32F4xx_HAL_Driver/Inc/stm32f4xx_ll_bus.h ****   *         AHB1RSTR     GPIOKRST      LL_AHB1_GRP1_ForceReset\n
 551:board/stm32f401rct6/Drivers/STM32F4xx_HAL_Driver/Inc/stm32f4xx_ll_bus.h ****   *         AHB1RSTR     CRCRST        LL_AHB1_GRP1_ForceReset\n
 552:board/stm32f401rct6/Drivers/STM32F4xx_HAL_Driver/Inc/stm32f4xx_ll_bus.h ****   *         AHB1RSTR     DMA1RST       LL_AHB1_GRP1_ForceReset\n
 553:board/stm32f401rct6/Drivers/STM32F4xx_HAL_Driver/Inc/stm32f4xx_ll_bus.h ****   *         AHB1RSTR     DMA2RST       LL_AHB1_GRP1_ForceReset\n
 554:board/stm32f401rct6/Drivers/STM32F4xx_HAL_Driver/Inc/stm32f4xx_ll_bus.h ****   *         AHB1RSTR     RNGRST        LL_AHB1_GRP1_ForceReset\n
 555:board/stm32f401rct6/Drivers/STM32F4xx_HAL_Driver/Inc/stm32f4xx_ll_bus.h ****   *         AHB1RSTR     DMA2DRST      LL_AHB1_GRP1_ForceReset\n
 556:board/stm32f401rct6/Drivers/STM32F4xx_HAL_Driver/Inc/stm32f4xx_ll_bus.h ****   *         AHB1RSTR     ETHMACRST     LL_AHB1_GRP1_ForceReset\n
 557:board/stm32f401rct6/Drivers/STM32F4xx_HAL_Driver/Inc/stm32f4xx_ll_bus.h ****   *         AHB1RSTR     OTGHSRST      LL_AHB1_GRP1_ForceReset
 558:board/stm32f401rct6/Drivers/STM32F4xx_HAL_Driver/Inc/stm32f4xx_ll_bus.h ****   * @param  Periphs This parameter can be a combination of the following values:
 559:board/stm32f401rct6/Drivers/STM32F4xx_HAL_Driver/Inc/stm32f4xx_ll_bus.h ****   *         @arg @ref LL_AHB1_GRP1_PERIPH_ALL
 560:board/stm32f401rct6/Drivers/STM32F4xx_HAL_Driver/Inc/stm32f4xx_ll_bus.h ****   *         @arg @ref LL_AHB1_GRP1_PERIPH_GPIOA
 561:board/stm32f401rct6/Drivers/STM32F4xx_HAL_Driver/Inc/stm32f4xx_ll_bus.h ****   *         @arg @ref LL_AHB1_GRP1_PERIPH_GPIOB
 562:board/stm32f401rct6/Drivers/STM32F4xx_HAL_Driver/Inc/stm32f4xx_ll_bus.h ****   *         @arg @ref LL_AHB1_GRP1_PERIPH_GPIOC
 563:board/stm32f401rct6/Drivers/STM32F4xx_HAL_Driver/Inc/stm32f4xx_ll_bus.h ****   *         @arg @ref LL_AHB1_GRP1_PERIPH_GPIOD (*)
 564:board/stm32f401rct6/Drivers/STM32F4xx_HAL_Driver/Inc/stm32f4xx_ll_bus.h ****   *         @arg @ref LL_AHB1_GRP1_PERIPH_GPIOE (*)
 565:board/stm32f401rct6/Drivers/STM32F4xx_HAL_Driver/Inc/stm32f4xx_ll_bus.h ****   *         @arg @ref LL_AHB1_GRP1_PERIPH_GPIOF (*)
 566:board/stm32f401rct6/Drivers/STM32F4xx_HAL_Driver/Inc/stm32f4xx_ll_bus.h ****   *         @arg @ref LL_AHB1_GRP1_PERIPH_GPIOG (*)
 567:board/stm32f401rct6/Drivers/STM32F4xx_HAL_Driver/Inc/stm32f4xx_ll_bus.h ****   *         @arg @ref LL_AHB1_GRP1_PERIPH_GPIOH (*)
 568:board/stm32f401rct6/Drivers/STM32F4xx_HAL_Driver/Inc/stm32f4xx_ll_bus.h ****   *         @arg @ref LL_AHB1_GRP1_PERIPH_GPIOI (*)
 569:board/stm32f401rct6/Drivers/STM32F4xx_HAL_Driver/Inc/stm32f4xx_ll_bus.h ****   *         @arg @ref LL_AHB1_GRP1_PERIPH_GPIOJ (*)
 570:board/stm32f401rct6/Drivers/STM32F4xx_HAL_Driver/Inc/stm32f4xx_ll_bus.h ****   *         @arg @ref LL_AHB1_GRP1_PERIPH_GPIOK (*)
 571:board/stm32f401rct6/Drivers/STM32F4xx_HAL_Driver/Inc/stm32f4xx_ll_bus.h ****   *         @arg @ref LL_AHB1_GRP1_PERIPH_CRC
 572:board/stm32f401rct6/Drivers/STM32F4xx_HAL_Driver/Inc/stm32f4xx_ll_bus.h ****   *         @arg @ref LL_AHB1_GRP1_PERIPH_DMA1
 573:board/stm32f401rct6/Drivers/STM32F4xx_HAL_Driver/Inc/stm32f4xx_ll_bus.h ****   *         @arg @ref LL_AHB1_GRP1_PERIPH_DMA2
 574:board/stm32f401rct6/Drivers/STM32F4xx_HAL_Driver/Inc/stm32f4xx_ll_bus.h ****   *         @arg @ref LL_AHB1_GRP1_PERIPH_RNG (*)
 575:board/stm32f401rct6/Drivers/STM32F4xx_HAL_Driver/Inc/stm32f4xx_ll_bus.h ****   *         @arg @ref LL_AHB1_GRP1_PERIPH_DMA2D (*)
 576:board/stm32f401rct6/Drivers/STM32F4xx_HAL_Driver/Inc/stm32f4xx_ll_bus.h ****   *         @arg @ref LL_AHB1_GRP1_PERIPH_ETHMAC (*)
 577:board/stm32f401rct6/Drivers/STM32F4xx_HAL_Driver/Inc/stm32f4xx_ll_bus.h ****   *         @arg @ref LL_AHB1_GRP1_PERIPH_OTGHS (*)
 578:board/stm32f401rct6/Drivers/STM32F4xx_HAL_Driver/Inc/stm32f4xx_ll_bus.h ****   *
ARM GAS  C:\Users\Admin\AppData\Local\Temp\ccHarYQc.s 			page 17


 579:board/stm32f401rct6/Drivers/STM32F4xx_HAL_Driver/Inc/stm32f4xx_ll_bus.h ****   *         (*) value not defined in all devices.
 580:board/stm32f401rct6/Drivers/STM32F4xx_HAL_Driver/Inc/stm32f4xx_ll_bus.h ****   * @retval None
 581:board/stm32f401rct6/Drivers/STM32F4xx_HAL_Driver/Inc/stm32f4xx_ll_bus.h ****   */
 582:board/stm32f401rct6/Drivers/STM32F4xx_HAL_Driver/Inc/stm32f4xx_ll_bus.h **** __STATIC_INLINE void LL_AHB1_GRP1_ForceReset(uint32_t Periphs)
 583:board/stm32f401rct6/Drivers/STM32F4xx_HAL_Driver/Inc/stm32f4xx_ll_bus.h **** {
 584:board/stm32f401rct6/Drivers/STM32F4xx_HAL_Driver/Inc/stm32f4xx_ll_bus.h ****   SET_BIT(RCC->AHB1RSTR, Periphs);
 585:board/stm32f401rct6/Drivers/STM32F4xx_HAL_Driver/Inc/stm32f4xx_ll_bus.h **** }
 586:board/stm32f401rct6/Drivers/STM32F4xx_HAL_Driver/Inc/stm32f4xx_ll_bus.h **** 
 587:board/stm32f401rct6/Drivers/STM32F4xx_HAL_Driver/Inc/stm32f4xx_ll_bus.h **** /**
 588:board/stm32f401rct6/Drivers/STM32F4xx_HAL_Driver/Inc/stm32f4xx_ll_bus.h ****   * @brief  Release AHB1 peripherals reset.
 589:board/stm32f401rct6/Drivers/STM32F4xx_HAL_Driver/Inc/stm32f4xx_ll_bus.h ****   * @rmtoll AHB1RSTR     GPIOARST      LL_AHB1_GRP1_ReleaseReset\n
 590:board/stm32f401rct6/Drivers/STM32F4xx_HAL_Driver/Inc/stm32f4xx_ll_bus.h ****   *         AHB1RSTR     GPIOBRST      LL_AHB1_GRP1_ReleaseReset\n
 591:board/stm32f401rct6/Drivers/STM32F4xx_HAL_Driver/Inc/stm32f4xx_ll_bus.h ****   *         AHB1RSTR     GPIOCRST      LL_AHB1_GRP1_ReleaseReset\n
 592:board/stm32f401rct6/Drivers/STM32F4xx_HAL_Driver/Inc/stm32f4xx_ll_bus.h ****   *         AHB1RSTR     GPIODRST      LL_AHB1_GRP1_ReleaseReset\n
 593:board/stm32f401rct6/Drivers/STM32F4xx_HAL_Driver/Inc/stm32f4xx_ll_bus.h ****   *         AHB1RSTR     GPIOERST      LL_AHB1_GRP1_ReleaseReset\n
 594:board/stm32f401rct6/Drivers/STM32F4xx_HAL_Driver/Inc/stm32f4xx_ll_bus.h ****   *         AHB1RSTR     GPIOFRST      LL_AHB1_GRP1_ReleaseReset\n
 595:board/stm32f401rct6/Drivers/STM32F4xx_HAL_Driver/Inc/stm32f4xx_ll_bus.h ****   *         AHB1RSTR     GPIOGRST      LL_AHB1_GRP1_ReleaseReset\n
 596:board/stm32f401rct6/Drivers/STM32F4xx_HAL_Driver/Inc/stm32f4xx_ll_bus.h ****   *         AHB1RSTR     GPIOHRST      LL_AHB1_GRP1_ReleaseReset\n
 597:board/stm32f401rct6/Drivers/STM32F4xx_HAL_Driver/Inc/stm32f4xx_ll_bus.h ****   *         AHB1RSTR     GPIOIRST      LL_AHB1_GRP1_ReleaseReset\n
 598:board/stm32f401rct6/Drivers/STM32F4xx_HAL_Driver/Inc/stm32f4xx_ll_bus.h ****   *         AHB1RSTR     GPIOJRST      LL_AHB1_GRP1_ReleaseReset\n
 599:board/stm32f401rct6/Drivers/STM32F4xx_HAL_Driver/Inc/stm32f4xx_ll_bus.h ****   *         AHB1RSTR     GPIOKRST      LL_AHB1_GRP1_ReleaseReset\n
 600:board/stm32f401rct6/Drivers/STM32F4xx_HAL_Driver/Inc/stm32f4xx_ll_bus.h ****   *         AHB1RSTR     CRCRST        LL_AHB1_GRP1_ReleaseReset\n
 601:board/stm32f401rct6/Drivers/STM32F4xx_HAL_Driver/Inc/stm32f4xx_ll_bus.h ****   *         AHB1RSTR     DMA1RST       LL_AHB1_GRP1_ReleaseReset\n
 602:board/stm32f401rct6/Drivers/STM32F4xx_HAL_Driver/Inc/stm32f4xx_ll_bus.h ****   *         AHB1RSTR     DMA2RST       LL_AHB1_GRP1_ReleaseReset\n
 603:board/stm32f401rct6/Drivers/STM32F4xx_HAL_Driver/Inc/stm32f4xx_ll_bus.h ****   *         AHB1RSTR     RNGRST        LL_AHB1_GRP1_ReleaseReset\n
 604:board/stm32f401rct6/Drivers/STM32F4xx_HAL_Driver/Inc/stm32f4xx_ll_bus.h ****   *         AHB1RSTR     DMA2DRST      LL_AHB1_GRP1_ReleaseReset\n
 605:board/stm32f401rct6/Drivers/STM32F4xx_HAL_Driver/Inc/stm32f4xx_ll_bus.h ****   *         AHB1RSTR     ETHMACRST     LL_AHB1_GRP1_ReleaseReset\n
 606:board/stm32f401rct6/Drivers/STM32F4xx_HAL_Driver/Inc/stm32f4xx_ll_bus.h ****   *         AHB1RSTR     OTGHSRST      LL_AHB1_GRP1_ReleaseReset
 607:board/stm32f401rct6/Drivers/STM32F4xx_HAL_Driver/Inc/stm32f4xx_ll_bus.h ****   * @param  Periphs This parameter can be a combination of the following values:
 608:board/stm32f401rct6/Drivers/STM32F4xx_HAL_Driver/Inc/stm32f4xx_ll_bus.h ****   *         @arg @ref LL_AHB1_GRP1_PERIPH_ALL
 609:board/stm32f401rct6/Drivers/STM32F4xx_HAL_Driver/Inc/stm32f4xx_ll_bus.h ****   *         @arg @ref LL_AHB1_GRP1_PERIPH_GPIOA
 610:board/stm32f401rct6/Drivers/STM32F4xx_HAL_Driver/Inc/stm32f4xx_ll_bus.h ****   *         @arg @ref LL_AHB1_GRP1_PERIPH_GPIOB
 611:board/stm32f401rct6/Drivers/STM32F4xx_HAL_Driver/Inc/stm32f4xx_ll_bus.h ****   *         @arg @ref LL_AHB1_GRP1_PERIPH_GPIOC
 612:board/stm32f401rct6/Drivers/STM32F4xx_HAL_Driver/Inc/stm32f4xx_ll_bus.h ****   *         @arg @ref LL_AHB1_GRP1_PERIPH_GPIOD (*)
 613:board/stm32f401rct6/Drivers/STM32F4xx_HAL_Driver/Inc/stm32f4xx_ll_bus.h ****   *         @arg @ref LL_AHB1_GRP1_PERIPH_GPIOE (*)
 614:board/stm32f401rct6/Drivers/STM32F4xx_HAL_Driver/Inc/stm32f4xx_ll_bus.h ****   *         @arg @ref LL_AHB1_GRP1_PERIPH_GPIOF (*)
 615:board/stm32f401rct6/Drivers/STM32F4xx_HAL_Driver/Inc/stm32f4xx_ll_bus.h ****   *         @arg @ref LL_AHB1_GRP1_PERIPH_GPIOG (*)
 616:board/stm32f401rct6/Drivers/STM32F4xx_HAL_Driver/Inc/stm32f4xx_ll_bus.h ****   *         @arg @ref LL_AHB1_GRP1_PERIPH_GPIOH (*)
 617:board/stm32f401rct6/Drivers/STM32F4xx_HAL_Driver/Inc/stm32f4xx_ll_bus.h ****   *         @arg @ref LL_AHB1_GRP1_PERIPH_GPIOI (*)
 618:board/stm32f401rct6/Drivers/STM32F4xx_HAL_Driver/Inc/stm32f4xx_ll_bus.h ****   *         @arg @ref LL_AHB1_GRP1_PERIPH_GPIOJ (*)
 619:board/stm32f401rct6/Drivers/STM32F4xx_HAL_Driver/Inc/stm32f4xx_ll_bus.h ****   *         @arg @ref LL_AHB1_GRP1_PERIPH_GPIOK (*)
 620:board/stm32f401rct6/Drivers/STM32F4xx_HAL_Driver/Inc/stm32f4xx_ll_bus.h ****   *         @arg @ref LL_AHB1_GRP1_PERIPH_CRC
 621:board/stm32f401rct6/Drivers/STM32F4xx_HAL_Driver/Inc/stm32f4xx_ll_bus.h ****   *         @arg @ref LL_AHB1_GRP1_PERIPH_DMA1
 622:board/stm32f401rct6/Drivers/STM32F4xx_HAL_Driver/Inc/stm32f4xx_ll_bus.h ****   *         @arg @ref LL_AHB1_GRP1_PERIPH_DMA2
 623:board/stm32f401rct6/Drivers/STM32F4xx_HAL_Driver/Inc/stm32f4xx_ll_bus.h ****   *         @arg @ref LL_AHB1_GRP1_PERIPH_RNG (*)
 624:board/stm32f401rct6/Drivers/STM32F4xx_HAL_Driver/Inc/stm32f4xx_ll_bus.h ****   *         @arg @ref LL_AHB1_GRP1_PERIPH_DMA2D (*)
 625:board/stm32f401rct6/Drivers/STM32F4xx_HAL_Driver/Inc/stm32f4xx_ll_bus.h ****   *         @arg @ref LL_AHB1_GRP1_PERIPH_ETHMAC (*)
 626:board/stm32f401rct6/Drivers/STM32F4xx_HAL_Driver/Inc/stm32f4xx_ll_bus.h ****   *         @arg @ref LL_AHB1_GRP1_PERIPH_OTGHS (*)
 627:board/stm32f401rct6/Drivers/STM32F4xx_HAL_Driver/Inc/stm32f4xx_ll_bus.h ****   *
 628:board/stm32f401rct6/Drivers/STM32F4xx_HAL_Driver/Inc/stm32f4xx_ll_bus.h ****   *         (*) value not defined in all devices.
 629:board/stm32f401rct6/Drivers/STM32F4xx_HAL_Driver/Inc/stm32f4xx_ll_bus.h ****   * @retval None
 630:board/stm32f401rct6/Drivers/STM32F4xx_HAL_Driver/Inc/stm32f4xx_ll_bus.h ****   */
 631:board/stm32f401rct6/Drivers/STM32F4xx_HAL_Driver/Inc/stm32f4xx_ll_bus.h **** __STATIC_INLINE void LL_AHB1_GRP1_ReleaseReset(uint32_t Periphs)
 632:board/stm32f401rct6/Drivers/STM32F4xx_HAL_Driver/Inc/stm32f4xx_ll_bus.h **** {
 633:board/stm32f401rct6/Drivers/STM32F4xx_HAL_Driver/Inc/stm32f4xx_ll_bus.h ****   CLEAR_BIT(RCC->AHB1RSTR, Periphs);
 634:board/stm32f401rct6/Drivers/STM32F4xx_HAL_Driver/Inc/stm32f4xx_ll_bus.h **** }
 635:board/stm32f401rct6/Drivers/STM32F4xx_HAL_Driver/Inc/stm32f4xx_ll_bus.h **** 
ARM GAS  C:\Users\Admin\AppData\Local\Temp\ccHarYQc.s 			page 18


 636:board/stm32f401rct6/Drivers/STM32F4xx_HAL_Driver/Inc/stm32f4xx_ll_bus.h **** /**
 637:board/stm32f401rct6/Drivers/STM32F4xx_HAL_Driver/Inc/stm32f4xx_ll_bus.h ****   * @brief  Enable AHB1 peripheral clocks in low-power mode
 638:board/stm32f401rct6/Drivers/STM32F4xx_HAL_Driver/Inc/stm32f4xx_ll_bus.h ****   * @rmtoll AHB1LPENR    GPIOALPEN      LL_AHB1_GRP1_EnableClockLowPower\n
 639:board/stm32f401rct6/Drivers/STM32F4xx_HAL_Driver/Inc/stm32f4xx_ll_bus.h ****   *         AHB1LPENR    GPIOBLPEN      LL_AHB1_GRP1_EnableClockLowPower\n
 640:board/stm32f401rct6/Drivers/STM32F4xx_HAL_Driver/Inc/stm32f4xx_ll_bus.h ****   *         AHB1LPENR    GPIOCLPEN      LL_AHB1_GRP1_EnableClockLowPower\n
 641:board/stm32f401rct6/Drivers/STM32F4xx_HAL_Driver/Inc/stm32f4xx_ll_bus.h ****   *         AHB1LPENR    GPIODLPEN      LL_AHB1_GRP1_EnableClockLowPower\n
 642:board/stm32f401rct6/Drivers/STM32F4xx_HAL_Driver/Inc/stm32f4xx_ll_bus.h ****   *         AHB1LPENR    GPIOELPEN      LL_AHB1_GRP1_EnableClockLowPower\n
 643:board/stm32f401rct6/Drivers/STM32F4xx_HAL_Driver/Inc/stm32f4xx_ll_bus.h ****   *         AHB1LPENR    GPIOFLPEN      LL_AHB1_GRP1_EnableClockLowPower\n
 644:board/stm32f401rct6/Drivers/STM32F4xx_HAL_Driver/Inc/stm32f4xx_ll_bus.h ****   *         AHB1LPENR    GPIOGLPEN      LL_AHB1_GRP1_EnableClockLowPower\n
 645:board/stm32f401rct6/Drivers/STM32F4xx_HAL_Driver/Inc/stm32f4xx_ll_bus.h ****   *         AHB1LPENR    GPIOHLPEN      LL_AHB1_GRP1_EnableClockLowPower\n
 646:board/stm32f401rct6/Drivers/STM32F4xx_HAL_Driver/Inc/stm32f4xx_ll_bus.h ****   *         AHB1LPENR    GPIOILPEN      LL_AHB1_GRP1_EnableClockLowPower\n
 647:board/stm32f401rct6/Drivers/STM32F4xx_HAL_Driver/Inc/stm32f4xx_ll_bus.h ****   *         AHB1LPENR    GPIOJLPEN      LL_AHB1_GRP1_EnableClockLowPower\n
 648:board/stm32f401rct6/Drivers/STM32F4xx_HAL_Driver/Inc/stm32f4xx_ll_bus.h ****   *         AHB1LPENR    GPIOKLPEN      LL_AHB1_GRP1_EnableClockLowPower\n
 649:board/stm32f401rct6/Drivers/STM32F4xx_HAL_Driver/Inc/stm32f4xx_ll_bus.h ****   *         AHB1LPENR    CRCLPEN        LL_AHB1_GRP1_EnableClockLowPower\n
 650:board/stm32f401rct6/Drivers/STM32F4xx_HAL_Driver/Inc/stm32f4xx_ll_bus.h ****   *         AHB1LPENR    BKPSRAMLPEN    LL_AHB1_GRP1_EnableClockLowPower\n
 651:board/stm32f401rct6/Drivers/STM32F4xx_HAL_Driver/Inc/stm32f4xx_ll_bus.h ****   *         AHB1LPENR    FLITFLPEN      LL_AHB1_GRP1_EnableClockLowPower\n
 652:board/stm32f401rct6/Drivers/STM32F4xx_HAL_Driver/Inc/stm32f4xx_ll_bus.h ****   *         AHB1LPENR    SRAM1LPEN      LL_AHB1_GRP1_EnableClockLowPower\n
 653:board/stm32f401rct6/Drivers/STM32F4xx_HAL_Driver/Inc/stm32f4xx_ll_bus.h ****   *         AHB1LPENR    SRAM2LPEN      LL_AHB1_GRP1_EnableClockLowPower\n
 654:board/stm32f401rct6/Drivers/STM32F4xx_HAL_Driver/Inc/stm32f4xx_ll_bus.h ****   *         AHB1LPENR    SRAM3LPEN      LL_AHB1_GRP1_EnableClockLowPower\n
 655:board/stm32f401rct6/Drivers/STM32F4xx_HAL_Driver/Inc/stm32f4xx_ll_bus.h ****   *         AHB1LPENR    BKPSRAMLPEN    LL_AHB1_GRP1_EnableClockLowPower\n
 656:board/stm32f401rct6/Drivers/STM32F4xx_HAL_Driver/Inc/stm32f4xx_ll_bus.h ****   *         AHB1LPENR    DMA1LPEN       LL_AHB1_GRP1_EnableClockLowPower\n
 657:board/stm32f401rct6/Drivers/STM32F4xx_HAL_Driver/Inc/stm32f4xx_ll_bus.h ****   *         AHB1LPENR    DMA2LPEN       LL_AHB1_GRP1_EnableClockLowPower\n
 658:board/stm32f401rct6/Drivers/STM32F4xx_HAL_Driver/Inc/stm32f4xx_ll_bus.h ****   *         AHB1LPENR    DMA2DLPEN      LL_AHB1_GRP1_EnableClockLowPower\n
 659:board/stm32f401rct6/Drivers/STM32F4xx_HAL_Driver/Inc/stm32f4xx_ll_bus.h ****   *         AHB1LPENR    RNGLPEN        LL_AHB1_GRP1_EnableClockLowPower\n
 660:board/stm32f401rct6/Drivers/STM32F4xx_HAL_Driver/Inc/stm32f4xx_ll_bus.h ****   *         AHB1LPENR    ETHMACLPEN     LL_AHB1_GRP1_EnableClockLowPower\n
 661:board/stm32f401rct6/Drivers/STM32F4xx_HAL_Driver/Inc/stm32f4xx_ll_bus.h ****   *         AHB1LPENR    ETHMACTXLPEN   LL_AHB1_GRP1_EnableClockLowPower\n
 662:board/stm32f401rct6/Drivers/STM32F4xx_HAL_Driver/Inc/stm32f4xx_ll_bus.h ****   *         AHB1LPENR    ETHMACRXLPEN   LL_AHB1_GRP1_EnableClockLowPower\n
 663:board/stm32f401rct6/Drivers/STM32F4xx_HAL_Driver/Inc/stm32f4xx_ll_bus.h ****   *         AHB1LPENR    ETHMACPTPLPEN  LL_AHB1_GRP1_EnableClockLowPower\n
 664:board/stm32f401rct6/Drivers/STM32F4xx_HAL_Driver/Inc/stm32f4xx_ll_bus.h ****   *         AHB1LPENR    OTGHSLPEN      LL_AHB1_GRP1_EnableClockLowPower\n
 665:board/stm32f401rct6/Drivers/STM32F4xx_HAL_Driver/Inc/stm32f4xx_ll_bus.h ****   *         AHB1LPENR    OTGHSULPILPEN  LL_AHB1_GRP1_EnableClockLowPower
 666:board/stm32f401rct6/Drivers/STM32F4xx_HAL_Driver/Inc/stm32f4xx_ll_bus.h ****   * @param  Periphs This parameter can be a combination of the following values:
 667:board/stm32f401rct6/Drivers/STM32F4xx_HAL_Driver/Inc/stm32f4xx_ll_bus.h ****   *         @arg @ref LL_AHB1_GRP1_PERIPH_GPIOA
 668:board/stm32f401rct6/Drivers/STM32F4xx_HAL_Driver/Inc/stm32f4xx_ll_bus.h ****   *         @arg @ref LL_AHB1_GRP1_PERIPH_GPIOB
 669:board/stm32f401rct6/Drivers/STM32F4xx_HAL_Driver/Inc/stm32f4xx_ll_bus.h ****   *         @arg @ref LL_AHB1_GRP1_PERIPH_GPIOC
 670:board/stm32f401rct6/Drivers/STM32F4xx_HAL_Driver/Inc/stm32f4xx_ll_bus.h ****   *         @arg @ref LL_AHB1_GRP1_PERIPH_GPIOD (*)
 671:board/stm32f401rct6/Drivers/STM32F4xx_HAL_Driver/Inc/stm32f4xx_ll_bus.h ****   *         @arg @ref LL_AHB1_GRP1_PERIPH_GPIOE (*)
 672:board/stm32f401rct6/Drivers/STM32F4xx_HAL_Driver/Inc/stm32f4xx_ll_bus.h ****   *         @arg @ref LL_AHB1_GRP1_PERIPH_GPIOF (*)
 673:board/stm32f401rct6/Drivers/STM32F4xx_HAL_Driver/Inc/stm32f4xx_ll_bus.h ****   *         @arg @ref LL_AHB1_GRP1_PERIPH_GPIOG (*)
 674:board/stm32f401rct6/Drivers/STM32F4xx_HAL_Driver/Inc/stm32f4xx_ll_bus.h ****   *         @arg @ref LL_AHB1_GRP1_PERIPH_GPIOH (*)
 675:board/stm32f401rct6/Drivers/STM32F4xx_HAL_Driver/Inc/stm32f4xx_ll_bus.h ****   *         @arg @ref LL_AHB1_GRP1_PERIPH_GPIOI (*)
 676:board/stm32f401rct6/Drivers/STM32F4xx_HAL_Driver/Inc/stm32f4xx_ll_bus.h ****   *         @arg @ref LL_AHB1_GRP1_PERIPH_GPIOJ (*)
 677:board/stm32f401rct6/Drivers/STM32F4xx_HAL_Driver/Inc/stm32f4xx_ll_bus.h ****   *         @arg @ref LL_AHB1_GRP1_PERIPH_GPIOK (*)
 678:board/stm32f401rct6/Drivers/STM32F4xx_HAL_Driver/Inc/stm32f4xx_ll_bus.h ****   *         @arg @ref LL_AHB1_GRP1_PERIPH_CRC
 679:board/stm32f401rct6/Drivers/STM32F4xx_HAL_Driver/Inc/stm32f4xx_ll_bus.h ****   *         @arg @ref LL_AHB1_GRP1_PERIPH_BKPSRAM (*)
 680:board/stm32f401rct6/Drivers/STM32F4xx_HAL_Driver/Inc/stm32f4xx_ll_bus.h ****   *         @arg @ref LL_AHB1_GRP1_PERIPH_FLITF
 681:board/stm32f401rct6/Drivers/STM32F4xx_HAL_Driver/Inc/stm32f4xx_ll_bus.h ****   *         @arg @ref LL_AHB1_GRP1_PERIPH_SRAM1
 682:board/stm32f401rct6/Drivers/STM32F4xx_HAL_Driver/Inc/stm32f4xx_ll_bus.h ****   *         @arg @ref LL_AHB1_GRP1_PERIPH_SRAM2 (*)
 683:board/stm32f401rct6/Drivers/STM32F4xx_HAL_Driver/Inc/stm32f4xx_ll_bus.h ****   *         @arg @ref LL_AHB1_GRP1_PERIPH_SRAM3 (*)
 684:board/stm32f401rct6/Drivers/STM32F4xx_HAL_Driver/Inc/stm32f4xx_ll_bus.h ****   *         @arg @ref LL_AHB1_GRP1_PERIPH_DMA1
 685:board/stm32f401rct6/Drivers/STM32F4xx_HAL_Driver/Inc/stm32f4xx_ll_bus.h ****   *         @arg @ref LL_AHB1_GRP1_PERIPH_DMA2
 686:board/stm32f401rct6/Drivers/STM32F4xx_HAL_Driver/Inc/stm32f4xx_ll_bus.h ****   *         @arg @ref LL_AHB1_GRP1_PERIPH_RNG (*)
 687:board/stm32f401rct6/Drivers/STM32F4xx_HAL_Driver/Inc/stm32f4xx_ll_bus.h ****   *         @arg @ref LL_AHB1_GRP1_PERIPH_DMA2D (*)
 688:board/stm32f401rct6/Drivers/STM32F4xx_HAL_Driver/Inc/stm32f4xx_ll_bus.h ****   *         @arg @ref LL_AHB1_GRP1_PERIPH_ETHMAC (*)
 689:board/stm32f401rct6/Drivers/STM32F4xx_HAL_Driver/Inc/stm32f4xx_ll_bus.h ****   *         @arg @ref LL_AHB1_GRP1_PERIPH_ETHMACTX (*)
 690:board/stm32f401rct6/Drivers/STM32F4xx_HAL_Driver/Inc/stm32f4xx_ll_bus.h ****   *         @arg @ref LL_AHB1_GRP1_PERIPH_ETHMACRX (*)
 691:board/stm32f401rct6/Drivers/STM32F4xx_HAL_Driver/Inc/stm32f4xx_ll_bus.h ****   *         @arg @ref LL_AHB1_GRP1_PERIPH_ETHMACPTP (*)
 692:board/stm32f401rct6/Drivers/STM32F4xx_HAL_Driver/Inc/stm32f4xx_ll_bus.h ****   *         @arg @ref LL_AHB1_GRP1_PERIPH_OTGHS (*)
ARM GAS  C:\Users\Admin\AppData\Local\Temp\ccHarYQc.s 			page 19


 693:board/stm32f401rct6/Drivers/STM32F4xx_HAL_Driver/Inc/stm32f4xx_ll_bus.h ****   *         @arg @ref LL_AHB1_GRP1_PERIPH_OTGHSULPI (*)
 694:board/stm32f401rct6/Drivers/STM32F4xx_HAL_Driver/Inc/stm32f4xx_ll_bus.h ****   *
 695:board/stm32f401rct6/Drivers/STM32F4xx_HAL_Driver/Inc/stm32f4xx_ll_bus.h ****   *         (*) value not defined in all devices.
 696:board/stm32f401rct6/Drivers/STM32F4xx_HAL_Driver/Inc/stm32f4xx_ll_bus.h ****   * @retval None
 697:board/stm32f401rct6/Drivers/STM32F4xx_HAL_Driver/Inc/stm32f4xx_ll_bus.h ****   */
 698:board/stm32f401rct6/Drivers/STM32F4xx_HAL_Driver/Inc/stm32f4xx_ll_bus.h **** __STATIC_INLINE void LL_AHB1_GRP1_EnableClockLowPower(uint32_t Periphs)
 699:board/stm32f401rct6/Drivers/STM32F4xx_HAL_Driver/Inc/stm32f4xx_ll_bus.h **** {
 700:board/stm32f401rct6/Drivers/STM32F4xx_HAL_Driver/Inc/stm32f4xx_ll_bus.h ****   __IO uint32_t tmpreg;
 701:board/stm32f401rct6/Drivers/STM32F4xx_HAL_Driver/Inc/stm32f4xx_ll_bus.h ****   SET_BIT(RCC->AHB1LPENR, Periphs);
 702:board/stm32f401rct6/Drivers/STM32F4xx_HAL_Driver/Inc/stm32f4xx_ll_bus.h ****   /* Delay after an RCC peripheral clock enabling */
 703:board/stm32f401rct6/Drivers/STM32F4xx_HAL_Driver/Inc/stm32f4xx_ll_bus.h ****   tmpreg = READ_BIT(RCC->AHB1LPENR, Periphs);
 704:board/stm32f401rct6/Drivers/STM32F4xx_HAL_Driver/Inc/stm32f4xx_ll_bus.h ****   (void)tmpreg;
 705:board/stm32f401rct6/Drivers/STM32F4xx_HAL_Driver/Inc/stm32f4xx_ll_bus.h **** }
 706:board/stm32f401rct6/Drivers/STM32F4xx_HAL_Driver/Inc/stm32f4xx_ll_bus.h **** 
 707:board/stm32f401rct6/Drivers/STM32F4xx_HAL_Driver/Inc/stm32f4xx_ll_bus.h **** /**
 708:board/stm32f401rct6/Drivers/STM32F4xx_HAL_Driver/Inc/stm32f4xx_ll_bus.h ****   * @brief  Disable AHB1 peripheral clocks in low-power mode
 709:board/stm32f401rct6/Drivers/STM32F4xx_HAL_Driver/Inc/stm32f4xx_ll_bus.h ****   * @rmtoll AHB1LPENR    GPIOALPEN      LL_AHB1_GRP1_DisableClockLowPower\n
 710:board/stm32f401rct6/Drivers/STM32F4xx_HAL_Driver/Inc/stm32f4xx_ll_bus.h ****   *         AHB1LPENR    GPIOBLPEN      LL_AHB1_GRP1_DisableClockLowPower\n
 711:board/stm32f401rct6/Drivers/STM32F4xx_HAL_Driver/Inc/stm32f4xx_ll_bus.h ****   *         AHB1LPENR    GPIOCLPEN      LL_AHB1_GRP1_DisableClockLowPower\n
 712:board/stm32f401rct6/Drivers/STM32F4xx_HAL_Driver/Inc/stm32f4xx_ll_bus.h ****   *         AHB1LPENR    GPIODLPEN      LL_AHB1_GRP1_DisableClockLowPower\n
 713:board/stm32f401rct6/Drivers/STM32F4xx_HAL_Driver/Inc/stm32f4xx_ll_bus.h ****   *         AHB1LPENR    GPIOELPEN      LL_AHB1_GRP1_DisableClockLowPower\n
 714:board/stm32f401rct6/Drivers/STM32F4xx_HAL_Driver/Inc/stm32f4xx_ll_bus.h ****   *         AHB1LPENR    GPIOFLPEN      LL_AHB1_GRP1_DisableClockLowPower\n
 715:board/stm32f401rct6/Drivers/STM32F4xx_HAL_Driver/Inc/stm32f4xx_ll_bus.h ****   *         AHB1LPENR    GPIOGLPEN      LL_AHB1_GRP1_DisableClockLowPower\n
 716:board/stm32f401rct6/Drivers/STM32F4xx_HAL_Driver/Inc/stm32f4xx_ll_bus.h ****   *         AHB1LPENR    GPIOHLPEN      LL_AHB1_GRP1_DisableClockLowPower\n
 717:board/stm32f401rct6/Drivers/STM32F4xx_HAL_Driver/Inc/stm32f4xx_ll_bus.h ****   *         AHB1LPENR    GPIOILPEN      LL_AHB1_GRP1_DisableClockLowPower\n
 718:board/stm32f401rct6/Drivers/STM32F4xx_HAL_Driver/Inc/stm32f4xx_ll_bus.h ****   *         AHB1LPENR    GPIOJLPEN      LL_AHB1_GRP1_DisableClockLowPower\n
 719:board/stm32f401rct6/Drivers/STM32F4xx_HAL_Driver/Inc/stm32f4xx_ll_bus.h ****   *         AHB1LPENR    GPIOKLPEN      LL_AHB1_GRP1_DisableClockLowPower\n
 720:board/stm32f401rct6/Drivers/STM32F4xx_HAL_Driver/Inc/stm32f4xx_ll_bus.h ****   *         AHB1LPENR    CRCLPEN        LL_AHB1_GRP1_DisableClockLowPower\n
 721:board/stm32f401rct6/Drivers/STM32F4xx_HAL_Driver/Inc/stm32f4xx_ll_bus.h ****   *         AHB1LPENR    BKPSRAMLPEN    LL_AHB1_GRP1_DisableClockLowPower\n
 722:board/stm32f401rct6/Drivers/STM32F4xx_HAL_Driver/Inc/stm32f4xx_ll_bus.h ****   *         AHB1LPENR    FLITFLPEN      LL_AHB1_GRP1_DisableClockLowPower\n
 723:board/stm32f401rct6/Drivers/STM32F4xx_HAL_Driver/Inc/stm32f4xx_ll_bus.h ****   *         AHB1LPENR    SRAM1LPEN      LL_AHB1_GRP1_DisableClockLowPower\n
 724:board/stm32f401rct6/Drivers/STM32F4xx_HAL_Driver/Inc/stm32f4xx_ll_bus.h ****   *         AHB1LPENR    SRAM2LPEN      LL_AHB1_GRP1_DisableClockLowPower\n
 725:board/stm32f401rct6/Drivers/STM32F4xx_HAL_Driver/Inc/stm32f4xx_ll_bus.h ****   *         AHB1LPENR    SRAM3LPEN      LL_AHB1_GRP1_DisableClockLowPower\n
 726:board/stm32f401rct6/Drivers/STM32F4xx_HAL_Driver/Inc/stm32f4xx_ll_bus.h ****   *         AHB1LPENR    BKPSRAMLPEN    LL_AHB1_GRP1_DisableClockLowPower\n
 727:board/stm32f401rct6/Drivers/STM32F4xx_HAL_Driver/Inc/stm32f4xx_ll_bus.h ****   *         AHB1LPENR    DMA1LPEN       LL_AHB1_GRP1_DisableClockLowPower\n
 728:board/stm32f401rct6/Drivers/STM32F4xx_HAL_Driver/Inc/stm32f4xx_ll_bus.h ****   *         AHB1LPENR    DMA2LPEN       LL_AHB1_GRP1_DisableClockLowPower\n
 729:board/stm32f401rct6/Drivers/STM32F4xx_HAL_Driver/Inc/stm32f4xx_ll_bus.h ****   *         AHB1LPENR    DMA2DLPEN      LL_AHB1_GRP1_DisableClockLowPower\n
 730:board/stm32f401rct6/Drivers/STM32F4xx_HAL_Driver/Inc/stm32f4xx_ll_bus.h ****   *         AHB1LPENR    RNGLPEN        LL_AHB1_GRP1_DisableClockLowPower\n
 731:board/stm32f401rct6/Drivers/STM32F4xx_HAL_Driver/Inc/stm32f4xx_ll_bus.h ****   *         AHB1LPENR    ETHMACLPEN     LL_AHB1_GRP1_DisableClockLowPower\n
 732:board/stm32f401rct6/Drivers/STM32F4xx_HAL_Driver/Inc/stm32f4xx_ll_bus.h ****   *         AHB1LPENR    ETHMACTXLPEN   LL_AHB1_GRP1_DisableClockLowPower\n
 733:board/stm32f401rct6/Drivers/STM32F4xx_HAL_Driver/Inc/stm32f4xx_ll_bus.h ****   *         AHB1LPENR    ETHMACRXLPEN   LL_AHB1_GRP1_DisableClockLowPower\n
 734:board/stm32f401rct6/Drivers/STM32F4xx_HAL_Driver/Inc/stm32f4xx_ll_bus.h ****   *         AHB1LPENR    ETHMACPTPLPEN  LL_AHB1_GRP1_DisableClockLowPower\n
 735:board/stm32f401rct6/Drivers/STM32F4xx_HAL_Driver/Inc/stm32f4xx_ll_bus.h ****   *         AHB1LPENR    OTGHSLPEN      LL_AHB1_GRP1_DisableClockLowPower\n
 736:board/stm32f401rct6/Drivers/STM32F4xx_HAL_Driver/Inc/stm32f4xx_ll_bus.h ****   *         AHB1LPENR    OTGHSULPILPEN  LL_AHB1_GRP1_DisableClockLowPower
 737:board/stm32f401rct6/Drivers/STM32F4xx_HAL_Driver/Inc/stm32f4xx_ll_bus.h ****   * @param  Periphs This parameter can be a combination of the following values:
 738:board/stm32f401rct6/Drivers/STM32F4xx_HAL_Driver/Inc/stm32f4xx_ll_bus.h ****   *         @arg @ref LL_AHB1_GRP1_PERIPH_GPIOA
 739:board/stm32f401rct6/Drivers/STM32F4xx_HAL_Driver/Inc/stm32f4xx_ll_bus.h ****   *         @arg @ref LL_AHB1_GRP1_PERIPH_GPIOB
 740:board/stm32f401rct6/Drivers/STM32F4xx_HAL_Driver/Inc/stm32f4xx_ll_bus.h ****   *         @arg @ref LL_AHB1_GRP1_PERIPH_GPIOC
 741:board/stm32f401rct6/Drivers/STM32F4xx_HAL_Driver/Inc/stm32f4xx_ll_bus.h ****   *         @arg @ref LL_AHB1_GRP1_PERIPH_GPIOD (*)
 742:board/stm32f401rct6/Drivers/STM32F4xx_HAL_Driver/Inc/stm32f4xx_ll_bus.h ****   *         @arg @ref LL_AHB1_GRP1_PERIPH_GPIOE (*)
 743:board/stm32f401rct6/Drivers/STM32F4xx_HAL_Driver/Inc/stm32f4xx_ll_bus.h ****   *         @arg @ref LL_AHB1_GRP1_PERIPH_GPIOF (*)
 744:board/stm32f401rct6/Drivers/STM32F4xx_HAL_Driver/Inc/stm32f4xx_ll_bus.h ****   *         @arg @ref LL_AHB1_GRP1_PERIPH_GPIOG (*)
 745:board/stm32f401rct6/Drivers/STM32F4xx_HAL_Driver/Inc/stm32f4xx_ll_bus.h ****   *         @arg @ref LL_AHB1_GRP1_PERIPH_GPIOH (*)
 746:board/stm32f401rct6/Drivers/STM32F4xx_HAL_Driver/Inc/stm32f4xx_ll_bus.h ****   *         @arg @ref LL_AHB1_GRP1_PERIPH_GPIOI (*)
 747:board/stm32f401rct6/Drivers/STM32F4xx_HAL_Driver/Inc/stm32f4xx_ll_bus.h ****   *         @arg @ref LL_AHB1_GRP1_PERIPH_GPIOJ (*)
 748:board/stm32f401rct6/Drivers/STM32F4xx_HAL_Driver/Inc/stm32f4xx_ll_bus.h ****   *         @arg @ref LL_AHB1_GRP1_PERIPH_GPIOK (*)
 749:board/stm32f401rct6/Drivers/STM32F4xx_HAL_Driver/Inc/stm32f4xx_ll_bus.h ****   *         @arg @ref LL_AHB1_GRP1_PERIPH_CRC
ARM GAS  C:\Users\Admin\AppData\Local\Temp\ccHarYQc.s 			page 20


 750:board/stm32f401rct6/Drivers/STM32F4xx_HAL_Driver/Inc/stm32f4xx_ll_bus.h ****   *         @arg @ref LL_AHB1_GRP1_PERIPH_BKPSRAM (*)
 751:board/stm32f401rct6/Drivers/STM32F4xx_HAL_Driver/Inc/stm32f4xx_ll_bus.h ****   *         @arg @ref LL_AHB1_GRP1_PERIPH_FLITF
 752:board/stm32f401rct6/Drivers/STM32F4xx_HAL_Driver/Inc/stm32f4xx_ll_bus.h ****   *         @arg @ref LL_AHB1_GRP1_PERIPH_SRAM1
 753:board/stm32f401rct6/Drivers/STM32F4xx_HAL_Driver/Inc/stm32f4xx_ll_bus.h ****   *         @arg @ref LL_AHB1_GRP1_PERIPH_SRAM2 (*)
 754:board/stm32f401rct6/Drivers/STM32F4xx_HAL_Driver/Inc/stm32f4xx_ll_bus.h ****   *         @arg @ref LL_AHB1_GRP1_PERIPH_SRAM3 (*)
 755:board/stm32f401rct6/Drivers/STM32F4xx_HAL_Driver/Inc/stm32f4xx_ll_bus.h ****   *         @arg @ref LL_AHB1_GRP1_PERIPH_DMA1
 756:board/stm32f401rct6/Drivers/STM32F4xx_HAL_Driver/Inc/stm32f4xx_ll_bus.h ****   *         @arg @ref LL_AHB1_GRP1_PERIPH_DMA2
 757:board/stm32f401rct6/Drivers/STM32F4xx_HAL_Driver/Inc/stm32f4xx_ll_bus.h ****   *         @arg @ref LL_AHB1_GRP1_PERIPH_RNG (*)
 758:board/stm32f401rct6/Drivers/STM32F4xx_HAL_Driver/Inc/stm32f4xx_ll_bus.h ****   *         @arg @ref LL_AHB1_GRP1_PERIPH_DMA2D (*)
 759:board/stm32f401rct6/Drivers/STM32F4xx_HAL_Driver/Inc/stm32f4xx_ll_bus.h ****   *         @arg @ref LL_AHB1_GRP1_PERIPH_ETHMAC (*)
 760:board/stm32f401rct6/Drivers/STM32F4xx_HAL_Driver/Inc/stm32f4xx_ll_bus.h ****   *         @arg @ref LL_AHB1_GRP1_PERIPH_ETHMACTX (*)
 761:board/stm32f401rct6/Drivers/STM32F4xx_HAL_Driver/Inc/stm32f4xx_ll_bus.h ****   *         @arg @ref LL_AHB1_GRP1_PERIPH_ETHMACRX (*)
 762:board/stm32f401rct6/Drivers/STM32F4xx_HAL_Driver/Inc/stm32f4xx_ll_bus.h ****   *         @arg @ref LL_AHB1_GRP1_PERIPH_ETHMACPTP (*)
 763:board/stm32f401rct6/Drivers/STM32F4xx_HAL_Driver/Inc/stm32f4xx_ll_bus.h ****   *         @arg @ref LL_AHB1_GRP1_PERIPH_OTGHS (*)
 764:board/stm32f401rct6/Drivers/STM32F4xx_HAL_Driver/Inc/stm32f4xx_ll_bus.h ****   *         @arg @ref LL_AHB1_GRP1_PERIPH_OTGHSULPI (*)
 765:board/stm32f401rct6/Drivers/STM32F4xx_HAL_Driver/Inc/stm32f4xx_ll_bus.h ****   *
 766:board/stm32f401rct6/Drivers/STM32F4xx_HAL_Driver/Inc/stm32f4xx_ll_bus.h ****   *         (*) value not defined in all devices.
 767:board/stm32f401rct6/Drivers/STM32F4xx_HAL_Driver/Inc/stm32f4xx_ll_bus.h ****   * @retval None
 768:board/stm32f401rct6/Drivers/STM32F4xx_HAL_Driver/Inc/stm32f4xx_ll_bus.h ****   */
 769:board/stm32f401rct6/Drivers/STM32F4xx_HAL_Driver/Inc/stm32f4xx_ll_bus.h **** __STATIC_INLINE void LL_AHB1_GRP1_DisableClockLowPower(uint32_t Periphs)
 770:board/stm32f401rct6/Drivers/STM32F4xx_HAL_Driver/Inc/stm32f4xx_ll_bus.h **** {
 771:board/stm32f401rct6/Drivers/STM32F4xx_HAL_Driver/Inc/stm32f4xx_ll_bus.h ****   CLEAR_BIT(RCC->AHB1LPENR, Periphs);
 772:board/stm32f401rct6/Drivers/STM32F4xx_HAL_Driver/Inc/stm32f4xx_ll_bus.h **** }
 773:board/stm32f401rct6/Drivers/STM32F4xx_HAL_Driver/Inc/stm32f4xx_ll_bus.h **** 
 774:board/stm32f401rct6/Drivers/STM32F4xx_HAL_Driver/Inc/stm32f4xx_ll_bus.h **** /**
 775:board/stm32f401rct6/Drivers/STM32F4xx_HAL_Driver/Inc/stm32f4xx_ll_bus.h ****   * @}
 776:board/stm32f401rct6/Drivers/STM32F4xx_HAL_Driver/Inc/stm32f4xx_ll_bus.h ****   */
 777:board/stm32f401rct6/Drivers/STM32F4xx_HAL_Driver/Inc/stm32f4xx_ll_bus.h **** 
 778:board/stm32f401rct6/Drivers/STM32F4xx_HAL_Driver/Inc/stm32f4xx_ll_bus.h **** #if defined(RCC_AHB2_SUPPORT)
 779:board/stm32f401rct6/Drivers/STM32F4xx_HAL_Driver/Inc/stm32f4xx_ll_bus.h **** /** @defgroup BUS_LL_EF_AHB2 AHB2
 780:board/stm32f401rct6/Drivers/STM32F4xx_HAL_Driver/Inc/stm32f4xx_ll_bus.h ****   * @{
 781:board/stm32f401rct6/Drivers/STM32F4xx_HAL_Driver/Inc/stm32f4xx_ll_bus.h ****   */
 782:board/stm32f401rct6/Drivers/STM32F4xx_HAL_Driver/Inc/stm32f4xx_ll_bus.h **** 
 783:board/stm32f401rct6/Drivers/STM32F4xx_HAL_Driver/Inc/stm32f4xx_ll_bus.h **** /**
 784:board/stm32f401rct6/Drivers/STM32F4xx_HAL_Driver/Inc/stm32f4xx_ll_bus.h ****   * @brief  Enable AHB2 peripherals clock.
 785:board/stm32f401rct6/Drivers/STM32F4xx_HAL_Driver/Inc/stm32f4xx_ll_bus.h ****   * @rmtoll AHB2ENR      DCMIEN       LL_AHB2_GRP1_EnableClock\n
 786:board/stm32f401rct6/Drivers/STM32F4xx_HAL_Driver/Inc/stm32f4xx_ll_bus.h ****   *         AHB2ENR      CRYPEN       LL_AHB2_GRP1_EnableClock\n
 787:board/stm32f401rct6/Drivers/STM32F4xx_HAL_Driver/Inc/stm32f4xx_ll_bus.h ****   *         AHB2ENR      AESEN        LL_AHB2_GRP1_EnableClock\n
 788:board/stm32f401rct6/Drivers/STM32F4xx_HAL_Driver/Inc/stm32f4xx_ll_bus.h ****   *         AHB2ENR      HASHEN       LL_AHB2_GRP1_EnableClock\n
 789:board/stm32f401rct6/Drivers/STM32F4xx_HAL_Driver/Inc/stm32f4xx_ll_bus.h ****   *         AHB2ENR      RNGEN        LL_AHB2_GRP1_EnableClock\n
 790:board/stm32f401rct6/Drivers/STM32F4xx_HAL_Driver/Inc/stm32f4xx_ll_bus.h ****   *         AHB2ENR      OTGFSEN      LL_AHB2_GRP1_EnableClock
 791:board/stm32f401rct6/Drivers/STM32F4xx_HAL_Driver/Inc/stm32f4xx_ll_bus.h ****   * @param  Periphs This parameter can be a combination of the following values:
 792:board/stm32f401rct6/Drivers/STM32F4xx_HAL_Driver/Inc/stm32f4xx_ll_bus.h ****   *         @arg @ref LL_AHB2_GRP1_PERIPH_DCMI (*)
 793:board/stm32f401rct6/Drivers/STM32F4xx_HAL_Driver/Inc/stm32f4xx_ll_bus.h ****   *         @arg @ref LL_AHB2_GRP1_PERIPH_CRYP (*)
 794:board/stm32f401rct6/Drivers/STM32F4xx_HAL_Driver/Inc/stm32f4xx_ll_bus.h ****   *         @arg @ref LL_AHB2_GRP1_PERIPH_AES  (*)
 795:board/stm32f401rct6/Drivers/STM32F4xx_HAL_Driver/Inc/stm32f4xx_ll_bus.h ****   *         @arg @ref LL_AHB2_GRP1_PERIPH_HASH (*)
 796:board/stm32f401rct6/Drivers/STM32F4xx_HAL_Driver/Inc/stm32f4xx_ll_bus.h ****   *         @arg @ref LL_AHB2_GRP1_PERIPH_RNG (*)
 797:board/stm32f401rct6/Drivers/STM32F4xx_HAL_Driver/Inc/stm32f4xx_ll_bus.h ****   *         @arg @ref LL_AHB2_GRP1_PERIPH_OTGFS (*)
 798:board/stm32f401rct6/Drivers/STM32F4xx_HAL_Driver/Inc/stm32f4xx_ll_bus.h ****   *
 799:board/stm32f401rct6/Drivers/STM32F4xx_HAL_Driver/Inc/stm32f4xx_ll_bus.h ****   *         (*) value not defined in all devices.
 800:board/stm32f401rct6/Drivers/STM32F4xx_HAL_Driver/Inc/stm32f4xx_ll_bus.h ****   * @retval None
 801:board/stm32f401rct6/Drivers/STM32F4xx_HAL_Driver/Inc/stm32f4xx_ll_bus.h ****   */
 802:board/stm32f401rct6/Drivers/STM32F4xx_HAL_Driver/Inc/stm32f4xx_ll_bus.h **** __STATIC_INLINE void LL_AHB2_GRP1_EnableClock(uint32_t Periphs)
 803:board/stm32f401rct6/Drivers/STM32F4xx_HAL_Driver/Inc/stm32f4xx_ll_bus.h **** {
 804:board/stm32f401rct6/Drivers/STM32F4xx_HAL_Driver/Inc/stm32f4xx_ll_bus.h ****   __IO uint32_t tmpreg;
 805:board/stm32f401rct6/Drivers/STM32F4xx_HAL_Driver/Inc/stm32f4xx_ll_bus.h ****   SET_BIT(RCC->AHB2ENR, Periphs);
 806:board/stm32f401rct6/Drivers/STM32F4xx_HAL_Driver/Inc/stm32f4xx_ll_bus.h ****   /* Delay after an RCC peripheral clock enabling */
ARM GAS  C:\Users\Admin\AppData\Local\Temp\ccHarYQc.s 			page 21


 807:board/stm32f401rct6/Drivers/STM32F4xx_HAL_Driver/Inc/stm32f4xx_ll_bus.h ****   tmpreg = READ_BIT(RCC->AHB2ENR, Periphs);
 808:board/stm32f401rct6/Drivers/STM32F4xx_HAL_Driver/Inc/stm32f4xx_ll_bus.h ****   (void)tmpreg;
 809:board/stm32f401rct6/Drivers/STM32F4xx_HAL_Driver/Inc/stm32f4xx_ll_bus.h **** }
 810:board/stm32f401rct6/Drivers/STM32F4xx_HAL_Driver/Inc/stm32f4xx_ll_bus.h **** 
 811:board/stm32f401rct6/Drivers/STM32F4xx_HAL_Driver/Inc/stm32f4xx_ll_bus.h **** /**
 812:board/stm32f401rct6/Drivers/STM32F4xx_HAL_Driver/Inc/stm32f4xx_ll_bus.h ****   * @brief  Check if AHB2 peripheral clock is enabled or not
 813:board/stm32f401rct6/Drivers/STM32F4xx_HAL_Driver/Inc/stm32f4xx_ll_bus.h ****   * @rmtoll AHB2ENR      DCMIEN       LL_AHB2_GRP1_IsEnabledClock\n
 814:board/stm32f401rct6/Drivers/STM32F4xx_HAL_Driver/Inc/stm32f4xx_ll_bus.h ****   *         AHB2ENR      CRYPEN       LL_AHB2_GRP1_IsEnabledClock\n
 815:board/stm32f401rct6/Drivers/STM32F4xx_HAL_Driver/Inc/stm32f4xx_ll_bus.h ****   *         AHB2ENR      AESEN        LL_AHB2_GRP1_IsEnabledClock\n
 816:board/stm32f401rct6/Drivers/STM32F4xx_HAL_Driver/Inc/stm32f4xx_ll_bus.h ****   *         AHB2ENR      HASHEN       LL_AHB2_GRP1_IsEnabledClock\n
 817:board/stm32f401rct6/Drivers/STM32F4xx_HAL_Driver/Inc/stm32f4xx_ll_bus.h ****   *         AHB2ENR      RNGEN        LL_AHB2_GRP1_IsEnabledClock\n
 818:board/stm32f401rct6/Drivers/STM32F4xx_HAL_Driver/Inc/stm32f4xx_ll_bus.h ****   *         AHB2ENR      OTGFSEN      LL_AHB2_GRP1_IsEnabledClock
 819:board/stm32f401rct6/Drivers/STM32F4xx_HAL_Driver/Inc/stm32f4xx_ll_bus.h ****   * @param  Periphs This parameter can be a combination of the following values:
 820:board/stm32f401rct6/Drivers/STM32F4xx_HAL_Driver/Inc/stm32f4xx_ll_bus.h ****   *         @arg @ref LL_AHB2_GRP1_PERIPH_DCMI (*)
 821:board/stm32f401rct6/Drivers/STM32F4xx_HAL_Driver/Inc/stm32f4xx_ll_bus.h ****   *         @arg @ref LL_AHB2_GRP1_PERIPH_CRYP (*)
 822:board/stm32f401rct6/Drivers/STM32F4xx_HAL_Driver/Inc/stm32f4xx_ll_bus.h ****   *         @arg @ref LL_AHB2_GRP1_PERIPH_AES  (*)
 823:board/stm32f401rct6/Drivers/STM32F4xx_HAL_Driver/Inc/stm32f4xx_ll_bus.h ****   *         @arg @ref LL_AHB2_GRP1_PERIPH_HASH (*)
 824:board/stm32f401rct6/Drivers/STM32F4xx_HAL_Driver/Inc/stm32f4xx_ll_bus.h ****   *         @arg @ref LL_AHB2_GRP1_PERIPH_RNG (*)
 825:board/stm32f401rct6/Drivers/STM32F4xx_HAL_Driver/Inc/stm32f4xx_ll_bus.h ****   *         @arg @ref LL_AHB2_GRP1_PERIPH_OTGFS (*)
 826:board/stm32f401rct6/Drivers/STM32F4xx_HAL_Driver/Inc/stm32f4xx_ll_bus.h ****   *
 827:board/stm32f401rct6/Drivers/STM32F4xx_HAL_Driver/Inc/stm32f4xx_ll_bus.h ****   *         (*) value not defined in all devices.
 828:board/stm32f401rct6/Drivers/STM32F4xx_HAL_Driver/Inc/stm32f4xx_ll_bus.h ****   * @retval State of Periphs (1 or 0).
 829:board/stm32f401rct6/Drivers/STM32F4xx_HAL_Driver/Inc/stm32f4xx_ll_bus.h ****   */
 830:board/stm32f401rct6/Drivers/STM32F4xx_HAL_Driver/Inc/stm32f4xx_ll_bus.h **** __STATIC_INLINE uint32_t LL_AHB2_GRP1_IsEnabledClock(uint32_t Periphs)
 831:board/stm32f401rct6/Drivers/STM32F4xx_HAL_Driver/Inc/stm32f4xx_ll_bus.h **** {
 832:board/stm32f401rct6/Drivers/STM32F4xx_HAL_Driver/Inc/stm32f4xx_ll_bus.h ****   return (READ_BIT(RCC->AHB2ENR, Periphs) == Periphs);
 833:board/stm32f401rct6/Drivers/STM32F4xx_HAL_Driver/Inc/stm32f4xx_ll_bus.h **** }
 834:board/stm32f401rct6/Drivers/STM32F4xx_HAL_Driver/Inc/stm32f4xx_ll_bus.h **** 
 835:board/stm32f401rct6/Drivers/STM32F4xx_HAL_Driver/Inc/stm32f4xx_ll_bus.h **** /**
 836:board/stm32f401rct6/Drivers/STM32F4xx_HAL_Driver/Inc/stm32f4xx_ll_bus.h ****   * @brief  Disable AHB2 peripherals clock.
 837:board/stm32f401rct6/Drivers/STM32F4xx_HAL_Driver/Inc/stm32f4xx_ll_bus.h ****   * @rmtoll AHB2ENR      DCMIEN       LL_AHB2_GRP1_DisableClock\n
 838:board/stm32f401rct6/Drivers/STM32F4xx_HAL_Driver/Inc/stm32f4xx_ll_bus.h ****   *         AHB2ENR      CRYPEN       LL_AHB2_GRP1_DisableClock\n
 839:board/stm32f401rct6/Drivers/STM32F4xx_HAL_Driver/Inc/stm32f4xx_ll_bus.h ****   *         AHB2ENR      AESEN        LL_AHB2_GRP1_DisableClock\n
 840:board/stm32f401rct6/Drivers/STM32F4xx_HAL_Driver/Inc/stm32f4xx_ll_bus.h ****   *         AHB2ENR      HASHEN       LL_AHB2_GRP1_DisableClock\n
 841:board/stm32f401rct6/Drivers/STM32F4xx_HAL_Driver/Inc/stm32f4xx_ll_bus.h ****   *         AHB2ENR      RNGEN        LL_AHB2_GRP1_DisableClock\n
 842:board/stm32f401rct6/Drivers/STM32F4xx_HAL_Driver/Inc/stm32f4xx_ll_bus.h ****   *         AHB2ENR      OTGFSEN      LL_AHB2_GRP1_DisableClock
 843:board/stm32f401rct6/Drivers/STM32F4xx_HAL_Driver/Inc/stm32f4xx_ll_bus.h ****   * @param  Periphs This parameter can be a combination of the following values:
 844:board/stm32f401rct6/Drivers/STM32F4xx_HAL_Driver/Inc/stm32f4xx_ll_bus.h ****   *         @arg @ref LL_AHB2_GRP1_PERIPH_DCMI (*)
 845:board/stm32f401rct6/Drivers/STM32F4xx_HAL_Driver/Inc/stm32f4xx_ll_bus.h ****   *         @arg @ref LL_AHB2_GRP1_PERIPH_CRYP (*)
 846:board/stm32f401rct6/Drivers/STM32F4xx_HAL_Driver/Inc/stm32f4xx_ll_bus.h ****   *         @arg @ref LL_AHB2_GRP1_PERIPH_AES  (*)
 847:board/stm32f401rct6/Drivers/STM32F4xx_HAL_Driver/Inc/stm32f4xx_ll_bus.h ****   *         @arg @ref LL_AHB2_GRP1_PERIPH_HASH (*)
 848:board/stm32f401rct6/Drivers/STM32F4xx_HAL_Driver/Inc/stm32f4xx_ll_bus.h ****   *         @arg @ref LL_AHB2_GRP1_PERIPH_RNG (*)
 849:board/stm32f401rct6/Drivers/STM32F4xx_HAL_Driver/Inc/stm32f4xx_ll_bus.h ****   *         @arg @ref LL_AHB2_GRP1_PERIPH_OTGFS (*)
 850:board/stm32f401rct6/Drivers/STM32F4xx_HAL_Driver/Inc/stm32f4xx_ll_bus.h ****   *
 851:board/stm32f401rct6/Drivers/STM32F4xx_HAL_Driver/Inc/stm32f4xx_ll_bus.h ****   *         (*) value not defined in all devices.
 852:board/stm32f401rct6/Drivers/STM32F4xx_HAL_Driver/Inc/stm32f4xx_ll_bus.h ****   * @retval None
 853:board/stm32f401rct6/Drivers/STM32F4xx_HAL_Driver/Inc/stm32f4xx_ll_bus.h ****   */
 854:board/stm32f401rct6/Drivers/STM32F4xx_HAL_Driver/Inc/stm32f4xx_ll_bus.h **** __STATIC_INLINE void LL_AHB2_GRP1_DisableClock(uint32_t Periphs)
 855:board/stm32f401rct6/Drivers/STM32F4xx_HAL_Driver/Inc/stm32f4xx_ll_bus.h **** {
 856:board/stm32f401rct6/Drivers/STM32F4xx_HAL_Driver/Inc/stm32f4xx_ll_bus.h ****   CLEAR_BIT(RCC->AHB2ENR, Periphs);
 857:board/stm32f401rct6/Drivers/STM32F4xx_HAL_Driver/Inc/stm32f4xx_ll_bus.h **** }
 858:board/stm32f401rct6/Drivers/STM32F4xx_HAL_Driver/Inc/stm32f4xx_ll_bus.h **** 
 859:board/stm32f401rct6/Drivers/STM32F4xx_HAL_Driver/Inc/stm32f4xx_ll_bus.h **** /**
 860:board/stm32f401rct6/Drivers/STM32F4xx_HAL_Driver/Inc/stm32f4xx_ll_bus.h ****   * @brief  Force AHB2 peripherals reset.
 861:board/stm32f401rct6/Drivers/STM32F4xx_HAL_Driver/Inc/stm32f4xx_ll_bus.h ****   * @rmtoll AHB2RSTR     DCMIRST      LL_AHB2_GRP1_ForceReset\n
 862:board/stm32f401rct6/Drivers/STM32F4xx_HAL_Driver/Inc/stm32f4xx_ll_bus.h ****   *         AHB2RSTR     CRYPRST      LL_AHB2_GRP1_ForceReset\n
 863:board/stm32f401rct6/Drivers/STM32F4xx_HAL_Driver/Inc/stm32f4xx_ll_bus.h ****   *         AHB2RSTR     AESRST       LL_AHB2_GRP1_ForceReset\n
ARM GAS  C:\Users\Admin\AppData\Local\Temp\ccHarYQc.s 			page 22


 864:board/stm32f401rct6/Drivers/STM32F4xx_HAL_Driver/Inc/stm32f4xx_ll_bus.h ****   *         AHB2RSTR     HASHRST      LL_AHB2_GRP1_ForceReset\n
 865:board/stm32f401rct6/Drivers/STM32F4xx_HAL_Driver/Inc/stm32f4xx_ll_bus.h ****   *         AHB2RSTR     RNGRST       LL_AHB2_GRP1_ForceReset\n
 866:board/stm32f401rct6/Drivers/STM32F4xx_HAL_Driver/Inc/stm32f4xx_ll_bus.h ****   *         AHB2RSTR     OTGFSRST     LL_AHB2_GRP1_ForceReset
 867:board/stm32f401rct6/Drivers/STM32F4xx_HAL_Driver/Inc/stm32f4xx_ll_bus.h ****   * @param  Periphs This parameter can be a combination of the following values:
 868:board/stm32f401rct6/Drivers/STM32F4xx_HAL_Driver/Inc/stm32f4xx_ll_bus.h ****   *         @arg @ref LL_AHB2_GRP1_PERIPH_ALL
 869:board/stm32f401rct6/Drivers/STM32F4xx_HAL_Driver/Inc/stm32f4xx_ll_bus.h ****   *         @arg @ref LL_AHB2_GRP1_PERIPH_DCMI (*)
 870:board/stm32f401rct6/Drivers/STM32F4xx_HAL_Driver/Inc/stm32f4xx_ll_bus.h ****   *         @arg @ref LL_AHB2_GRP1_PERIPH_CRYP (*)
 871:board/stm32f401rct6/Drivers/STM32F4xx_HAL_Driver/Inc/stm32f4xx_ll_bus.h ****   *         @arg @ref LL_AHB2_GRP1_PERIPH_AES  (*)
 872:board/stm32f401rct6/Drivers/STM32F4xx_HAL_Driver/Inc/stm32f4xx_ll_bus.h ****   *         @arg @ref LL_AHB2_GRP1_PERIPH_HASH (*)
 873:board/stm32f401rct6/Drivers/STM32F4xx_HAL_Driver/Inc/stm32f4xx_ll_bus.h ****   *         @arg @ref LL_AHB2_GRP1_PERIPH_RNG (*)
 874:board/stm32f401rct6/Drivers/STM32F4xx_HAL_Driver/Inc/stm32f4xx_ll_bus.h ****   *         @arg @ref LL_AHB2_GRP1_PERIPH_OTGFS (*)
 875:board/stm32f401rct6/Drivers/STM32F4xx_HAL_Driver/Inc/stm32f4xx_ll_bus.h ****   *
 876:board/stm32f401rct6/Drivers/STM32F4xx_HAL_Driver/Inc/stm32f4xx_ll_bus.h ****   *         (*) value not defined in all devices.
 877:board/stm32f401rct6/Drivers/STM32F4xx_HAL_Driver/Inc/stm32f4xx_ll_bus.h ****   * @retval None
 878:board/stm32f401rct6/Drivers/STM32F4xx_HAL_Driver/Inc/stm32f4xx_ll_bus.h ****   */
 879:board/stm32f401rct6/Drivers/STM32F4xx_HAL_Driver/Inc/stm32f4xx_ll_bus.h **** __STATIC_INLINE void LL_AHB2_GRP1_ForceReset(uint32_t Periphs)
 880:board/stm32f401rct6/Drivers/STM32F4xx_HAL_Driver/Inc/stm32f4xx_ll_bus.h **** {
 881:board/stm32f401rct6/Drivers/STM32F4xx_HAL_Driver/Inc/stm32f4xx_ll_bus.h ****   SET_BIT(RCC->AHB2RSTR, Periphs);
 882:board/stm32f401rct6/Drivers/STM32F4xx_HAL_Driver/Inc/stm32f4xx_ll_bus.h **** }
 883:board/stm32f401rct6/Drivers/STM32F4xx_HAL_Driver/Inc/stm32f4xx_ll_bus.h **** 
 884:board/stm32f401rct6/Drivers/STM32F4xx_HAL_Driver/Inc/stm32f4xx_ll_bus.h **** /**
 885:board/stm32f401rct6/Drivers/STM32F4xx_HAL_Driver/Inc/stm32f4xx_ll_bus.h ****   * @brief  Release AHB2 peripherals reset.
 886:board/stm32f401rct6/Drivers/STM32F4xx_HAL_Driver/Inc/stm32f4xx_ll_bus.h ****   * @rmtoll AHB2RSTR     DCMIRST      LL_AHB2_GRP1_ReleaseReset\n
 887:board/stm32f401rct6/Drivers/STM32F4xx_HAL_Driver/Inc/stm32f4xx_ll_bus.h ****   *         AHB2RSTR     CRYPRST      LL_AHB2_GRP1_ReleaseReset\n
 888:board/stm32f401rct6/Drivers/STM32F4xx_HAL_Driver/Inc/stm32f4xx_ll_bus.h ****   *         AHB2RSTR     AESRST       LL_AHB2_GRP1_ReleaseReset\n
 889:board/stm32f401rct6/Drivers/STM32F4xx_HAL_Driver/Inc/stm32f4xx_ll_bus.h ****   *         AHB2RSTR     HASHRST      LL_AHB2_GRP1_ReleaseReset\n
 890:board/stm32f401rct6/Drivers/STM32F4xx_HAL_Driver/Inc/stm32f4xx_ll_bus.h ****   *         AHB2RSTR     RNGRST       LL_AHB2_GRP1_ReleaseReset\n
 891:board/stm32f401rct6/Drivers/STM32F4xx_HAL_Driver/Inc/stm32f4xx_ll_bus.h ****   *         AHB2RSTR     OTGFSRST     LL_AHB2_GRP1_ReleaseReset
 892:board/stm32f401rct6/Drivers/STM32F4xx_HAL_Driver/Inc/stm32f4xx_ll_bus.h ****   * @param  Periphs This parameter can be a combination of the following values:
 893:board/stm32f401rct6/Drivers/STM32F4xx_HAL_Driver/Inc/stm32f4xx_ll_bus.h ****   *         @arg @ref LL_AHB2_GRP1_PERIPH_ALL
 894:board/stm32f401rct6/Drivers/STM32F4xx_HAL_Driver/Inc/stm32f4xx_ll_bus.h ****   *         @arg @ref LL_AHB2_GRP1_PERIPH_DCMI (*)
 895:board/stm32f401rct6/Drivers/STM32F4xx_HAL_Driver/Inc/stm32f4xx_ll_bus.h ****   *         @arg @ref LL_AHB2_GRP1_PERIPH_CRYP (*)
 896:board/stm32f401rct6/Drivers/STM32F4xx_HAL_Driver/Inc/stm32f4xx_ll_bus.h ****   *         @arg @ref LL_AHB2_GRP1_PERIPH_AES  (*)
 897:board/stm32f401rct6/Drivers/STM32F4xx_HAL_Driver/Inc/stm32f4xx_ll_bus.h ****   *         @arg @ref LL_AHB2_GRP1_PERIPH_HASH (*)
 898:board/stm32f401rct6/Drivers/STM32F4xx_HAL_Driver/Inc/stm32f4xx_ll_bus.h ****   *         @arg @ref LL_AHB2_GRP1_PERIPH_RNG (*)
 899:board/stm32f401rct6/Drivers/STM32F4xx_HAL_Driver/Inc/stm32f4xx_ll_bus.h ****   *         @arg @ref LL_AHB2_GRP1_PERIPH_OTGFS (*)
 900:board/stm32f401rct6/Drivers/STM32F4xx_HAL_Driver/Inc/stm32f4xx_ll_bus.h ****   *
 901:board/stm32f401rct6/Drivers/STM32F4xx_HAL_Driver/Inc/stm32f4xx_ll_bus.h ****   *         (*) value not defined in all devices.
 902:board/stm32f401rct6/Drivers/STM32F4xx_HAL_Driver/Inc/stm32f4xx_ll_bus.h ****   * @retval None
 903:board/stm32f401rct6/Drivers/STM32F4xx_HAL_Driver/Inc/stm32f4xx_ll_bus.h ****   */
 904:board/stm32f401rct6/Drivers/STM32F4xx_HAL_Driver/Inc/stm32f4xx_ll_bus.h **** __STATIC_INLINE void LL_AHB2_GRP1_ReleaseReset(uint32_t Periphs)
 905:board/stm32f401rct6/Drivers/STM32F4xx_HAL_Driver/Inc/stm32f4xx_ll_bus.h **** {
 906:board/stm32f401rct6/Drivers/STM32F4xx_HAL_Driver/Inc/stm32f4xx_ll_bus.h ****   CLEAR_BIT(RCC->AHB2RSTR, Periphs);
 907:board/stm32f401rct6/Drivers/STM32F4xx_HAL_Driver/Inc/stm32f4xx_ll_bus.h **** }
 908:board/stm32f401rct6/Drivers/STM32F4xx_HAL_Driver/Inc/stm32f4xx_ll_bus.h **** 
 909:board/stm32f401rct6/Drivers/STM32F4xx_HAL_Driver/Inc/stm32f4xx_ll_bus.h **** /**
 910:board/stm32f401rct6/Drivers/STM32F4xx_HAL_Driver/Inc/stm32f4xx_ll_bus.h ****   * @brief  Enable AHB2 peripheral clocks in low-power mode
 911:board/stm32f401rct6/Drivers/STM32F4xx_HAL_Driver/Inc/stm32f4xx_ll_bus.h ****   * @rmtoll AHB2LPENR    DCMILPEN     LL_AHB2_GRP1_EnableClockLowPower\n
 912:board/stm32f401rct6/Drivers/STM32F4xx_HAL_Driver/Inc/stm32f4xx_ll_bus.h ****   *         AHB2LPENR    CRYPLPEN     LL_AHB2_GRP1_EnableClockLowPower\n
 913:board/stm32f401rct6/Drivers/STM32F4xx_HAL_Driver/Inc/stm32f4xx_ll_bus.h ****   *         AHB2LPENR    AESLPEN      LL_AHB2_GRP1_EnableClockLowPower\n
 914:board/stm32f401rct6/Drivers/STM32F4xx_HAL_Driver/Inc/stm32f4xx_ll_bus.h ****   *         AHB2LPENR    HASHLPEN     LL_AHB2_GRP1_EnableClockLowPower\n
 915:board/stm32f401rct6/Drivers/STM32F4xx_HAL_Driver/Inc/stm32f4xx_ll_bus.h ****   *         AHB2LPENR    RNGLPEN      LL_AHB2_GRP1_EnableClockLowPower\n
 916:board/stm32f401rct6/Drivers/STM32F4xx_HAL_Driver/Inc/stm32f4xx_ll_bus.h ****   *         AHB2LPENR    OTGFSLPEN    LL_AHB2_GRP1_EnableClockLowPower
 917:board/stm32f401rct6/Drivers/STM32F4xx_HAL_Driver/Inc/stm32f4xx_ll_bus.h ****   * @param  Periphs This parameter can be a combination of the following values:
 918:board/stm32f401rct6/Drivers/STM32F4xx_HAL_Driver/Inc/stm32f4xx_ll_bus.h ****   *         @arg @ref LL_AHB2_GRP1_PERIPH_DCMI (*)
 919:board/stm32f401rct6/Drivers/STM32F4xx_HAL_Driver/Inc/stm32f4xx_ll_bus.h ****   *         @arg @ref LL_AHB2_GRP1_PERIPH_CRYP (*)
 920:board/stm32f401rct6/Drivers/STM32F4xx_HAL_Driver/Inc/stm32f4xx_ll_bus.h ****   *         @arg @ref LL_AHB2_GRP1_PERIPH_AES  (*)
ARM GAS  C:\Users\Admin\AppData\Local\Temp\ccHarYQc.s 			page 23


 921:board/stm32f401rct6/Drivers/STM32F4xx_HAL_Driver/Inc/stm32f4xx_ll_bus.h ****   *         @arg @ref LL_AHB2_GRP1_PERIPH_HASH (*)
 922:board/stm32f401rct6/Drivers/STM32F4xx_HAL_Driver/Inc/stm32f4xx_ll_bus.h ****   *         @arg @ref LL_AHB2_GRP1_PERIPH_RNG (*)
 923:board/stm32f401rct6/Drivers/STM32F4xx_HAL_Driver/Inc/stm32f4xx_ll_bus.h ****   *         @arg @ref LL_AHB2_GRP1_PERIPH_OTGFS (*)
 924:board/stm32f401rct6/Drivers/STM32F4xx_HAL_Driver/Inc/stm32f4xx_ll_bus.h ****   *
 925:board/stm32f401rct6/Drivers/STM32F4xx_HAL_Driver/Inc/stm32f4xx_ll_bus.h ****   *         (*) value not defined in all devices.
 926:board/stm32f401rct6/Drivers/STM32F4xx_HAL_Driver/Inc/stm32f4xx_ll_bus.h ****   * @retval None
 927:board/stm32f401rct6/Drivers/STM32F4xx_HAL_Driver/Inc/stm32f4xx_ll_bus.h ****   */
 928:board/stm32f401rct6/Drivers/STM32F4xx_HAL_Driver/Inc/stm32f4xx_ll_bus.h **** __STATIC_INLINE void LL_AHB2_GRP1_EnableClockLowPower(uint32_t Periphs)
 929:board/stm32f401rct6/Drivers/STM32F4xx_HAL_Driver/Inc/stm32f4xx_ll_bus.h **** {
 930:board/stm32f401rct6/Drivers/STM32F4xx_HAL_Driver/Inc/stm32f4xx_ll_bus.h ****   __IO uint32_t tmpreg;
 931:board/stm32f401rct6/Drivers/STM32F4xx_HAL_Driver/Inc/stm32f4xx_ll_bus.h ****   SET_BIT(RCC->AHB2LPENR, Periphs);
 932:board/stm32f401rct6/Drivers/STM32F4xx_HAL_Driver/Inc/stm32f4xx_ll_bus.h ****   /* Delay after an RCC peripheral clock enabling */
 933:board/stm32f401rct6/Drivers/STM32F4xx_HAL_Driver/Inc/stm32f4xx_ll_bus.h ****   tmpreg = READ_BIT(RCC->AHB2LPENR, Periphs);
 934:board/stm32f401rct6/Drivers/STM32F4xx_HAL_Driver/Inc/stm32f4xx_ll_bus.h ****   (void)tmpreg;
 935:board/stm32f401rct6/Drivers/STM32F4xx_HAL_Driver/Inc/stm32f4xx_ll_bus.h **** }
 936:board/stm32f401rct6/Drivers/STM32F4xx_HAL_Driver/Inc/stm32f4xx_ll_bus.h **** 
 937:board/stm32f401rct6/Drivers/STM32F4xx_HAL_Driver/Inc/stm32f4xx_ll_bus.h **** /**
 938:board/stm32f401rct6/Drivers/STM32F4xx_HAL_Driver/Inc/stm32f4xx_ll_bus.h ****   * @brief  Disable AHB2 peripheral clocks in low-power mode
 939:board/stm32f401rct6/Drivers/STM32F4xx_HAL_Driver/Inc/stm32f4xx_ll_bus.h ****   * @rmtoll AHB2LPENR    DCMILPEN     LL_AHB2_GRP1_DisableClockLowPower\n
 940:board/stm32f401rct6/Drivers/STM32F4xx_HAL_Driver/Inc/stm32f4xx_ll_bus.h ****   *         AHB2LPENR    CRYPLPEN     LL_AHB2_GRP1_DisableClockLowPower\n
 941:board/stm32f401rct6/Drivers/STM32F4xx_HAL_Driver/Inc/stm32f4xx_ll_bus.h ****   *         AHB2LPENR    AESLPEN      LL_AHB2_GRP1_DisableClockLowPower\n
 942:board/stm32f401rct6/Drivers/STM32F4xx_HAL_Driver/Inc/stm32f4xx_ll_bus.h ****   *         AHB2LPENR    HASHLPEN     LL_AHB2_GRP1_DisableClockLowPower\n
 943:board/stm32f401rct6/Drivers/STM32F4xx_HAL_Driver/Inc/stm32f4xx_ll_bus.h ****   *         AHB2LPENR    RNGLPEN      LL_AHB2_GRP1_DisableClockLowPower\n
 944:board/stm32f401rct6/Drivers/STM32F4xx_HAL_Driver/Inc/stm32f4xx_ll_bus.h ****   *         AHB2LPENR    OTGFSLPEN    LL_AHB2_GRP1_DisableClockLowPower
 945:board/stm32f401rct6/Drivers/STM32F4xx_HAL_Driver/Inc/stm32f4xx_ll_bus.h ****   * @param  Periphs This parameter can be a combination of the following values:
 946:board/stm32f401rct6/Drivers/STM32F4xx_HAL_Driver/Inc/stm32f4xx_ll_bus.h ****   *         @arg @ref LL_AHB2_GRP1_PERIPH_DCMI (*)
 947:board/stm32f401rct6/Drivers/STM32F4xx_HAL_Driver/Inc/stm32f4xx_ll_bus.h ****   *         @arg @ref LL_AHB2_GRP1_PERIPH_CRYP (*)
 948:board/stm32f401rct6/Drivers/STM32F4xx_HAL_Driver/Inc/stm32f4xx_ll_bus.h ****   *         @arg @ref LL_AHB2_GRP1_PERIPH_AES  (*)
 949:board/stm32f401rct6/Drivers/STM32F4xx_HAL_Driver/Inc/stm32f4xx_ll_bus.h ****   *         @arg @ref LL_AHB2_GRP1_PERIPH_HASH (*)
 950:board/stm32f401rct6/Drivers/STM32F4xx_HAL_Driver/Inc/stm32f4xx_ll_bus.h ****   *         @arg @ref LL_AHB2_GRP1_PERIPH_RNG (*)
 951:board/stm32f401rct6/Drivers/STM32F4xx_HAL_Driver/Inc/stm32f4xx_ll_bus.h ****   *         @arg @ref LL_AHB2_GRP1_PERIPH_OTGFS (*)
 952:board/stm32f401rct6/Drivers/STM32F4xx_HAL_Driver/Inc/stm32f4xx_ll_bus.h ****   *
 953:board/stm32f401rct6/Drivers/STM32F4xx_HAL_Driver/Inc/stm32f4xx_ll_bus.h ****   *         (*) value not defined in all devices.
 954:board/stm32f401rct6/Drivers/STM32F4xx_HAL_Driver/Inc/stm32f4xx_ll_bus.h ****   * @retval None
 955:board/stm32f401rct6/Drivers/STM32F4xx_HAL_Driver/Inc/stm32f4xx_ll_bus.h ****   */
 956:board/stm32f401rct6/Drivers/STM32F4xx_HAL_Driver/Inc/stm32f4xx_ll_bus.h **** __STATIC_INLINE void LL_AHB2_GRP1_DisableClockLowPower(uint32_t Periphs)
 957:board/stm32f401rct6/Drivers/STM32F4xx_HAL_Driver/Inc/stm32f4xx_ll_bus.h **** {
 958:board/stm32f401rct6/Drivers/STM32F4xx_HAL_Driver/Inc/stm32f4xx_ll_bus.h ****   CLEAR_BIT(RCC->AHB2LPENR, Periphs);
 959:board/stm32f401rct6/Drivers/STM32F4xx_HAL_Driver/Inc/stm32f4xx_ll_bus.h **** }
 960:board/stm32f401rct6/Drivers/STM32F4xx_HAL_Driver/Inc/stm32f4xx_ll_bus.h **** 
 961:board/stm32f401rct6/Drivers/STM32F4xx_HAL_Driver/Inc/stm32f4xx_ll_bus.h **** /**
 962:board/stm32f401rct6/Drivers/STM32F4xx_HAL_Driver/Inc/stm32f4xx_ll_bus.h ****   * @}
 963:board/stm32f401rct6/Drivers/STM32F4xx_HAL_Driver/Inc/stm32f4xx_ll_bus.h ****   */
 964:board/stm32f401rct6/Drivers/STM32F4xx_HAL_Driver/Inc/stm32f4xx_ll_bus.h **** #endif /* RCC_AHB2_SUPPORT */
 965:board/stm32f401rct6/Drivers/STM32F4xx_HAL_Driver/Inc/stm32f4xx_ll_bus.h **** 
 966:board/stm32f401rct6/Drivers/STM32F4xx_HAL_Driver/Inc/stm32f4xx_ll_bus.h **** #if defined(RCC_AHB3_SUPPORT)
 967:board/stm32f401rct6/Drivers/STM32F4xx_HAL_Driver/Inc/stm32f4xx_ll_bus.h **** /** @defgroup BUS_LL_EF_AHB3 AHB3
 968:board/stm32f401rct6/Drivers/STM32F4xx_HAL_Driver/Inc/stm32f4xx_ll_bus.h ****   * @{
 969:board/stm32f401rct6/Drivers/STM32F4xx_HAL_Driver/Inc/stm32f4xx_ll_bus.h ****   */
 970:board/stm32f401rct6/Drivers/STM32F4xx_HAL_Driver/Inc/stm32f4xx_ll_bus.h **** 
 971:board/stm32f401rct6/Drivers/STM32F4xx_HAL_Driver/Inc/stm32f4xx_ll_bus.h **** /**
 972:board/stm32f401rct6/Drivers/STM32F4xx_HAL_Driver/Inc/stm32f4xx_ll_bus.h ****   * @brief  Enable AHB3 peripherals clock.
 973:board/stm32f401rct6/Drivers/STM32F4xx_HAL_Driver/Inc/stm32f4xx_ll_bus.h ****   * @rmtoll AHB3ENR      FMCEN         LL_AHB3_GRP1_EnableClock\n
 974:board/stm32f401rct6/Drivers/STM32F4xx_HAL_Driver/Inc/stm32f4xx_ll_bus.h ****   *         AHB3ENR      FSMCEN        LL_AHB3_GRP1_EnableClock\n
 975:board/stm32f401rct6/Drivers/STM32F4xx_HAL_Driver/Inc/stm32f4xx_ll_bus.h ****   *         AHB3ENR      QSPIEN        LL_AHB3_GRP1_EnableClock
 976:board/stm32f401rct6/Drivers/STM32F4xx_HAL_Driver/Inc/stm32f4xx_ll_bus.h ****   * @param  Periphs This parameter can be a combination of the following values:
 977:board/stm32f401rct6/Drivers/STM32F4xx_HAL_Driver/Inc/stm32f4xx_ll_bus.h ****   *         @arg @ref LL_AHB3_GRP1_PERIPH_FMC (*)
ARM GAS  C:\Users\Admin\AppData\Local\Temp\ccHarYQc.s 			page 24


 978:board/stm32f401rct6/Drivers/STM32F4xx_HAL_Driver/Inc/stm32f4xx_ll_bus.h ****   *         @arg @ref LL_AHB3_GRP1_PERIPH_FSMC (*)
 979:board/stm32f401rct6/Drivers/STM32F4xx_HAL_Driver/Inc/stm32f4xx_ll_bus.h ****   *         @arg @ref LL_AHB3_GRP1_PERIPH_QSPI (*)
 980:board/stm32f401rct6/Drivers/STM32F4xx_HAL_Driver/Inc/stm32f4xx_ll_bus.h ****   *
 981:board/stm32f401rct6/Drivers/STM32F4xx_HAL_Driver/Inc/stm32f4xx_ll_bus.h ****   *         (*) value not defined in all devices.
 982:board/stm32f401rct6/Drivers/STM32F4xx_HAL_Driver/Inc/stm32f4xx_ll_bus.h ****   * @retval None
 983:board/stm32f401rct6/Drivers/STM32F4xx_HAL_Driver/Inc/stm32f4xx_ll_bus.h ****   */
 984:board/stm32f401rct6/Drivers/STM32F4xx_HAL_Driver/Inc/stm32f4xx_ll_bus.h **** __STATIC_INLINE void LL_AHB3_GRP1_EnableClock(uint32_t Periphs)
 985:board/stm32f401rct6/Drivers/STM32F4xx_HAL_Driver/Inc/stm32f4xx_ll_bus.h **** {
 986:board/stm32f401rct6/Drivers/STM32F4xx_HAL_Driver/Inc/stm32f4xx_ll_bus.h ****   __IO uint32_t tmpreg;
 987:board/stm32f401rct6/Drivers/STM32F4xx_HAL_Driver/Inc/stm32f4xx_ll_bus.h ****   SET_BIT(RCC->AHB3ENR, Periphs);
 988:board/stm32f401rct6/Drivers/STM32F4xx_HAL_Driver/Inc/stm32f4xx_ll_bus.h ****   /* Delay after an RCC peripheral clock enabling */
 989:board/stm32f401rct6/Drivers/STM32F4xx_HAL_Driver/Inc/stm32f4xx_ll_bus.h ****   tmpreg = READ_BIT(RCC->AHB3ENR, Periphs);
 990:board/stm32f401rct6/Drivers/STM32F4xx_HAL_Driver/Inc/stm32f4xx_ll_bus.h ****   (void)tmpreg;
 991:board/stm32f401rct6/Drivers/STM32F4xx_HAL_Driver/Inc/stm32f4xx_ll_bus.h **** }
 992:board/stm32f401rct6/Drivers/STM32F4xx_HAL_Driver/Inc/stm32f4xx_ll_bus.h **** 
 993:board/stm32f401rct6/Drivers/STM32F4xx_HAL_Driver/Inc/stm32f4xx_ll_bus.h **** /**
 994:board/stm32f401rct6/Drivers/STM32F4xx_HAL_Driver/Inc/stm32f4xx_ll_bus.h ****   * @brief  Check if AHB3 peripheral clock is enabled or not
 995:board/stm32f401rct6/Drivers/STM32F4xx_HAL_Driver/Inc/stm32f4xx_ll_bus.h ****   * @rmtoll AHB3ENR      FMCEN         LL_AHB3_GRP1_IsEnabledClock\n
 996:board/stm32f401rct6/Drivers/STM32F4xx_HAL_Driver/Inc/stm32f4xx_ll_bus.h ****   *         AHB3ENR      FSMCEN        LL_AHB3_GRP1_IsEnabledClock\n
 997:board/stm32f401rct6/Drivers/STM32F4xx_HAL_Driver/Inc/stm32f4xx_ll_bus.h ****   *         AHB3ENR      QSPIEN        LL_AHB3_GRP1_IsEnabledClock
 998:board/stm32f401rct6/Drivers/STM32F4xx_HAL_Driver/Inc/stm32f4xx_ll_bus.h ****   * @param  Periphs This parameter can be a combination of the following values:
 999:board/stm32f401rct6/Drivers/STM32F4xx_HAL_Driver/Inc/stm32f4xx_ll_bus.h ****   *         @arg @ref LL_AHB3_GRP1_PERIPH_FMC (*)
1000:board/stm32f401rct6/Drivers/STM32F4xx_HAL_Driver/Inc/stm32f4xx_ll_bus.h ****   *         @arg @ref LL_AHB3_GRP1_PERIPH_FSMC (*)
1001:board/stm32f401rct6/Drivers/STM32F4xx_HAL_Driver/Inc/stm32f4xx_ll_bus.h ****   *         @arg @ref LL_AHB3_GRP1_PERIPH_QSPI (*)
1002:board/stm32f401rct6/Drivers/STM32F4xx_HAL_Driver/Inc/stm32f4xx_ll_bus.h ****   *
1003:board/stm32f401rct6/Drivers/STM32F4xx_HAL_Driver/Inc/stm32f4xx_ll_bus.h ****   *         (*) value not defined in all devices.
1004:board/stm32f401rct6/Drivers/STM32F4xx_HAL_Driver/Inc/stm32f4xx_ll_bus.h ****   * @retval State of Periphs (1 or 0).
1005:board/stm32f401rct6/Drivers/STM32F4xx_HAL_Driver/Inc/stm32f4xx_ll_bus.h ****   */
1006:board/stm32f401rct6/Drivers/STM32F4xx_HAL_Driver/Inc/stm32f4xx_ll_bus.h **** __STATIC_INLINE uint32_t LL_AHB3_GRP1_IsEnabledClock(uint32_t Periphs)
1007:board/stm32f401rct6/Drivers/STM32F4xx_HAL_Driver/Inc/stm32f4xx_ll_bus.h **** {
1008:board/stm32f401rct6/Drivers/STM32F4xx_HAL_Driver/Inc/stm32f4xx_ll_bus.h ****   return (READ_BIT(RCC->AHB3ENR, Periphs) == Periphs);
1009:board/stm32f401rct6/Drivers/STM32F4xx_HAL_Driver/Inc/stm32f4xx_ll_bus.h **** }
1010:board/stm32f401rct6/Drivers/STM32F4xx_HAL_Driver/Inc/stm32f4xx_ll_bus.h **** 
1011:board/stm32f401rct6/Drivers/STM32F4xx_HAL_Driver/Inc/stm32f4xx_ll_bus.h **** /**
1012:board/stm32f401rct6/Drivers/STM32F4xx_HAL_Driver/Inc/stm32f4xx_ll_bus.h ****   * @brief  Disable AHB3 peripherals clock.
1013:board/stm32f401rct6/Drivers/STM32F4xx_HAL_Driver/Inc/stm32f4xx_ll_bus.h ****   * @rmtoll AHB3ENR      FMCEN         LL_AHB3_GRP1_DisableClock\n
1014:board/stm32f401rct6/Drivers/STM32F4xx_HAL_Driver/Inc/stm32f4xx_ll_bus.h ****   *         AHB3ENR      FSMCEN        LL_AHB3_GRP1_DisableClock\n
1015:board/stm32f401rct6/Drivers/STM32F4xx_HAL_Driver/Inc/stm32f4xx_ll_bus.h ****   *         AHB3ENR      QSPIEN        LL_AHB3_GRP1_DisableClock
1016:board/stm32f401rct6/Drivers/STM32F4xx_HAL_Driver/Inc/stm32f4xx_ll_bus.h ****   * @param  Periphs This parameter can be a combination of the following values:
1017:board/stm32f401rct6/Drivers/STM32F4xx_HAL_Driver/Inc/stm32f4xx_ll_bus.h ****   *         @arg @ref LL_AHB3_GRP1_PERIPH_FMC (*)
1018:board/stm32f401rct6/Drivers/STM32F4xx_HAL_Driver/Inc/stm32f4xx_ll_bus.h ****   *         @arg @ref LL_AHB3_GRP1_PERIPH_FSMC (*)
1019:board/stm32f401rct6/Drivers/STM32F4xx_HAL_Driver/Inc/stm32f4xx_ll_bus.h ****   *         @arg @ref LL_AHB3_GRP1_PERIPH_QSPI (*)
1020:board/stm32f401rct6/Drivers/STM32F4xx_HAL_Driver/Inc/stm32f4xx_ll_bus.h ****   *
1021:board/stm32f401rct6/Drivers/STM32F4xx_HAL_Driver/Inc/stm32f4xx_ll_bus.h ****   *         (*) value not defined in all devices.
1022:board/stm32f401rct6/Drivers/STM32F4xx_HAL_Driver/Inc/stm32f4xx_ll_bus.h ****   * @retval None
1023:board/stm32f401rct6/Drivers/STM32F4xx_HAL_Driver/Inc/stm32f4xx_ll_bus.h ****   */
1024:board/stm32f401rct6/Drivers/STM32F4xx_HAL_Driver/Inc/stm32f4xx_ll_bus.h **** __STATIC_INLINE void LL_AHB3_GRP1_DisableClock(uint32_t Periphs)
1025:board/stm32f401rct6/Drivers/STM32F4xx_HAL_Driver/Inc/stm32f4xx_ll_bus.h **** {
1026:board/stm32f401rct6/Drivers/STM32F4xx_HAL_Driver/Inc/stm32f4xx_ll_bus.h ****   CLEAR_BIT(RCC->AHB3ENR, Periphs);
1027:board/stm32f401rct6/Drivers/STM32F4xx_HAL_Driver/Inc/stm32f4xx_ll_bus.h **** }
1028:board/stm32f401rct6/Drivers/STM32F4xx_HAL_Driver/Inc/stm32f4xx_ll_bus.h **** 
1029:board/stm32f401rct6/Drivers/STM32F4xx_HAL_Driver/Inc/stm32f4xx_ll_bus.h **** /**
1030:board/stm32f401rct6/Drivers/STM32F4xx_HAL_Driver/Inc/stm32f4xx_ll_bus.h ****   * @brief  Force AHB3 peripherals reset.
1031:board/stm32f401rct6/Drivers/STM32F4xx_HAL_Driver/Inc/stm32f4xx_ll_bus.h ****   * @rmtoll AHB3RSTR     FMCRST        LL_AHB3_GRP1_ForceReset\n
1032:board/stm32f401rct6/Drivers/STM32F4xx_HAL_Driver/Inc/stm32f4xx_ll_bus.h ****   *         AHB3RSTR     FSMCRST       LL_AHB3_GRP1_ForceReset\n
1033:board/stm32f401rct6/Drivers/STM32F4xx_HAL_Driver/Inc/stm32f4xx_ll_bus.h ****   *         AHB3RSTR     QSPIRST       LL_AHB3_GRP1_ForceReset
1034:board/stm32f401rct6/Drivers/STM32F4xx_HAL_Driver/Inc/stm32f4xx_ll_bus.h ****   * @param  Periphs This parameter can be a combination of the following values:
ARM GAS  C:\Users\Admin\AppData\Local\Temp\ccHarYQc.s 			page 25


1035:board/stm32f401rct6/Drivers/STM32F4xx_HAL_Driver/Inc/stm32f4xx_ll_bus.h ****   *         @arg @ref LL_AHB3_GRP1_PERIPH_ALL
1036:board/stm32f401rct6/Drivers/STM32F4xx_HAL_Driver/Inc/stm32f4xx_ll_bus.h ****   *         @arg @ref LL_AHB3_GRP1_PERIPH_FMC (*)
1037:board/stm32f401rct6/Drivers/STM32F4xx_HAL_Driver/Inc/stm32f4xx_ll_bus.h ****   *         @arg @ref LL_AHB3_GRP1_PERIPH_FSMC (*)
1038:board/stm32f401rct6/Drivers/STM32F4xx_HAL_Driver/Inc/stm32f4xx_ll_bus.h ****   *         @arg @ref LL_AHB3_GRP1_PERIPH_QSPI (*)
1039:board/stm32f401rct6/Drivers/STM32F4xx_HAL_Driver/Inc/stm32f4xx_ll_bus.h ****   *
1040:board/stm32f401rct6/Drivers/STM32F4xx_HAL_Driver/Inc/stm32f4xx_ll_bus.h ****   *         (*) value not defined in all devices.
1041:board/stm32f401rct6/Drivers/STM32F4xx_HAL_Driver/Inc/stm32f4xx_ll_bus.h ****   * @retval None
1042:board/stm32f401rct6/Drivers/STM32F4xx_HAL_Driver/Inc/stm32f4xx_ll_bus.h ****   */
1043:board/stm32f401rct6/Drivers/STM32F4xx_HAL_Driver/Inc/stm32f4xx_ll_bus.h **** __STATIC_INLINE void LL_AHB3_GRP1_ForceReset(uint32_t Periphs)
1044:board/stm32f401rct6/Drivers/STM32F4xx_HAL_Driver/Inc/stm32f4xx_ll_bus.h **** {
1045:board/stm32f401rct6/Drivers/STM32F4xx_HAL_Driver/Inc/stm32f4xx_ll_bus.h ****   SET_BIT(RCC->AHB3RSTR, Periphs);
1046:board/stm32f401rct6/Drivers/STM32F4xx_HAL_Driver/Inc/stm32f4xx_ll_bus.h **** }
1047:board/stm32f401rct6/Drivers/STM32F4xx_HAL_Driver/Inc/stm32f4xx_ll_bus.h **** 
1048:board/stm32f401rct6/Drivers/STM32F4xx_HAL_Driver/Inc/stm32f4xx_ll_bus.h **** /**
1049:board/stm32f401rct6/Drivers/STM32F4xx_HAL_Driver/Inc/stm32f4xx_ll_bus.h ****   * @brief  Release AHB3 peripherals reset.
1050:board/stm32f401rct6/Drivers/STM32F4xx_HAL_Driver/Inc/stm32f4xx_ll_bus.h ****   * @rmtoll AHB3RSTR     FMCRST        LL_AHB3_GRP1_ReleaseReset\n
1051:board/stm32f401rct6/Drivers/STM32F4xx_HAL_Driver/Inc/stm32f4xx_ll_bus.h ****   *         AHB3RSTR     FSMCRST       LL_AHB3_GRP1_ReleaseReset\n
1052:board/stm32f401rct6/Drivers/STM32F4xx_HAL_Driver/Inc/stm32f4xx_ll_bus.h ****   *         AHB3RSTR     QSPIRST       LL_AHB3_GRP1_ReleaseReset
1053:board/stm32f401rct6/Drivers/STM32F4xx_HAL_Driver/Inc/stm32f4xx_ll_bus.h ****   * @param  Periphs This parameter can be a combination of the following values:
1054:board/stm32f401rct6/Drivers/STM32F4xx_HAL_Driver/Inc/stm32f4xx_ll_bus.h ****   *         @arg @ref LL_AHB2_GRP1_PERIPH_ALL
1055:board/stm32f401rct6/Drivers/STM32F4xx_HAL_Driver/Inc/stm32f4xx_ll_bus.h ****   *         @arg @ref LL_AHB3_GRP1_PERIPH_FMC (*)
1056:board/stm32f401rct6/Drivers/STM32F4xx_HAL_Driver/Inc/stm32f4xx_ll_bus.h ****   *         @arg @ref LL_AHB3_GRP1_PERIPH_FSMC (*)
1057:board/stm32f401rct6/Drivers/STM32F4xx_HAL_Driver/Inc/stm32f4xx_ll_bus.h ****   *         @arg @ref LL_AHB3_GRP1_PERIPH_QSPI (*)
1058:board/stm32f401rct6/Drivers/STM32F4xx_HAL_Driver/Inc/stm32f4xx_ll_bus.h ****   *
1059:board/stm32f401rct6/Drivers/STM32F4xx_HAL_Driver/Inc/stm32f4xx_ll_bus.h ****   *         (*) value not defined in all devices.
1060:board/stm32f401rct6/Drivers/STM32F4xx_HAL_Driver/Inc/stm32f4xx_ll_bus.h ****   * @retval None
1061:board/stm32f401rct6/Drivers/STM32F4xx_HAL_Driver/Inc/stm32f4xx_ll_bus.h ****   */
1062:board/stm32f401rct6/Drivers/STM32F4xx_HAL_Driver/Inc/stm32f4xx_ll_bus.h **** __STATIC_INLINE void LL_AHB3_GRP1_ReleaseReset(uint32_t Periphs)
1063:board/stm32f401rct6/Drivers/STM32F4xx_HAL_Driver/Inc/stm32f4xx_ll_bus.h **** {
1064:board/stm32f401rct6/Drivers/STM32F4xx_HAL_Driver/Inc/stm32f4xx_ll_bus.h ****   CLEAR_BIT(RCC->AHB3RSTR, Periphs);
1065:board/stm32f401rct6/Drivers/STM32F4xx_HAL_Driver/Inc/stm32f4xx_ll_bus.h **** }
1066:board/stm32f401rct6/Drivers/STM32F4xx_HAL_Driver/Inc/stm32f4xx_ll_bus.h **** 
1067:board/stm32f401rct6/Drivers/STM32F4xx_HAL_Driver/Inc/stm32f4xx_ll_bus.h **** /**
1068:board/stm32f401rct6/Drivers/STM32F4xx_HAL_Driver/Inc/stm32f4xx_ll_bus.h ****   * @brief  Enable AHB3 peripheral clocks in low-power mode
1069:board/stm32f401rct6/Drivers/STM32F4xx_HAL_Driver/Inc/stm32f4xx_ll_bus.h ****   * @rmtoll AHB3LPENR    FMCLPEN       LL_AHB3_GRP1_EnableClockLowPower\n
1070:board/stm32f401rct6/Drivers/STM32F4xx_HAL_Driver/Inc/stm32f4xx_ll_bus.h ****   *         AHB3LPENR    FSMCLPEN      LL_AHB3_GRP1_EnableClockLowPower\n
1071:board/stm32f401rct6/Drivers/STM32F4xx_HAL_Driver/Inc/stm32f4xx_ll_bus.h ****   *         AHB3LPENR    QSPILPEN      LL_AHB3_GRP1_EnableClockLowPower
1072:board/stm32f401rct6/Drivers/STM32F4xx_HAL_Driver/Inc/stm32f4xx_ll_bus.h ****   * @param  Periphs This parameter can be a combination of the following values:
1073:board/stm32f401rct6/Drivers/STM32F4xx_HAL_Driver/Inc/stm32f4xx_ll_bus.h ****   *         @arg @ref LL_AHB3_GRP1_PERIPH_FMC (*)
1074:board/stm32f401rct6/Drivers/STM32F4xx_HAL_Driver/Inc/stm32f4xx_ll_bus.h ****   *         @arg @ref LL_AHB3_GRP1_PERIPH_FSMC (*)
1075:board/stm32f401rct6/Drivers/STM32F4xx_HAL_Driver/Inc/stm32f4xx_ll_bus.h ****   *         @arg @ref LL_AHB3_GRP1_PERIPH_QSPI (*)
1076:board/stm32f401rct6/Drivers/STM32F4xx_HAL_Driver/Inc/stm32f4xx_ll_bus.h ****   *
1077:board/stm32f401rct6/Drivers/STM32F4xx_HAL_Driver/Inc/stm32f4xx_ll_bus.h ****   *         (*) value not defined in all devices.
1078:board/stm32f401rct6/Drivers/STM32F4xx_HAL_Driver/Inc/stm32f4xx_ll_bus.h ****   * @retval None
1079:board/stm32f401rct6/Drivers/STM32F4xx_HAL_Driver/Inc/stm32f4xx_ll_bus.h ****   */
1080:board/stm32f401rct6/Drivers/STM32F4xx_HAL_Driver/Inc/stm32f4xx_ll_bus.h **** __STATIC_INLINE void LL_AHB3_GRP1_EnableClockLowPower(uint32_t Periphs)
1081:board/stm32f401rct6/Drivers/STM32F4xx_HAL_Driver/Inc/stm32f4xx_ll_bus.h **** {
1082:board/stm32f401rct6/Drivers/STM32F4xx_HAL_Driver/Inc/stm32f4xx_ll_bus.h ****   __IO uint32_t tmpreg;
1083:board/stm32f401rct6/Drivers/STM32F4xx_HAL_Driver/Inc/stm32f4xx_ll_bus.h ****   SET_BIT(RCC->AHB3LPENR, Periphs);
1084:board/stm32f401rct6/Drivers/STM32F4xx_HAL_Driver/Inc/stm32f4xx_ll_bus.h ****   /* Delay after an RCC peripheral clock enabling */
1085:board/stm32f401rct6/Drivers/STM32F4xx_HAL_Driver/Inc/stm32f4xx_ll_bus.h ****   tmpreg = READ_BIT(RCC->AHB3LPENR, Periphs);
1086:board/stm32f401rct6/Drivers/STM32F4xx_HAL_Driver/Inc/stm32f4xx_ll_bus.h ****   (void)tmpreg;
1087:board/stm32f401rct6/Drivers/STM32F4xx_HAL_Driver/Inc/stm32f4xx_ll_bus.h **** }
1088:board/stm32f401rct6/Drivers/STM32F4xx_HAL_Driver/Inc/stm32f4xx_ll_bus.h **** 
1089:board/stm32f401rct6/Drivers/STM32F4xx_HAL_Driver/Inc/stm32f4xx_ll_bus.h **** /**
1090:board/stm32f401rct6/Drivers/STM32F4xx_HAL_Driver/Inc/stm32f4xx_ll_bus.h ****   * @brief  Disable AHB3 peripheral clocks in low-power mode
1091:board/stm32f401rct6/Drivers/STM32F4xx_HAL_Driver/Inc/stm32f4xx_ll_bus.h ****   * @rmtoll AHB3LPENR    FMCLPEN       LL_AHB3_GRP1_DisableClockLowPower\n
ARM GAS  C:\Users\Admin\AppData\Local\Temp\ccHarYQc.s 			page 26


1092:board/stm32f401rct6/Drivers/STM32F4xx_HAL_Driver/Inc/stm32f4xx_ll_bus.h ****   *         AHB3LPENR    FSMCLPEN      LL_AHB3_GRP1_DisableClockLowPower\n
1093:board/stm32f401rct6/Drivers/STM32F4xx_HAL_Driver/Inc/stm32f4xx_ll_bus.h ****   *         AHB3LPENR    QSPILPEN      LL_AHB3_GRP1_DisableClockLowPower
1094:board/stm32f401rct6/Drivers/STM32F4xx_HAL_Driver/Inc/stm32f4xx_ll_bus.h ****   * @param  Periphs This parameter can be a combination of the following values:
1095:board/stm32f401rct6/Drivers/STM32F4xx_HAL_Driver/Inc/stm32f4xx_ll_bus.h ****   *         @arg @ref LL_AHB3_GRP1_PERIPH_FMC (*)
1096:board/stm32f401rct6/Drivers/STM32F4xx_HAL_Driver/Inc/stm32f4xx_ll_bus.h ****   *         @arg @ref LL_AHB3_GRP1_PERIPH_FSMC (*)
1097:board/stm32f401rct6/Drivers/STM32F4xx_HAL_Driver/Inc/stm32f4xx_ll_bus.h ****   *         @arg @ref LL_AHB3_GRP1_PERIPH_QSPI (*)
1098:board/stm32f401rct6/Drivers/STM32F4xx_HAL_Driver/Inc/stm32f4xx_ll_bus.h ****   *
1099:board/stm32f401rct6/Drivers/STM32F4xx_HAL_Driver/Inc/stm32f4xx_ll_bus.h ****   *         (*) value not defined in all devices.
1100:board/stm32f401rct6/Drivers/STM32F4xx_HAL_Driver/Inc/stm32f4xx_ll_bus.h ****   * @retval None
1101:board/stm32f401rct6/Drivers/STM32F4xx_HAL_Driver/Inc/stm32f4xx_ll_bus.h ****   */
1102:board/stm32f401rct6/Drivers/STM32F4xx_HAL_Driver/Inc/stm32f4xx_ll_bus.h **** __STATIC_INLINE void LL_AHB3_GRP1_DisableClockLowPower(uint32_t Periphs)
1103:board/stm32f401rct6/Drivers/STM32F4xx_HAL_Driver/Inc/stm32f4xx_ll_bus.h **** {
1104:board/stm32f401rct6/Drivers/STM32F4xx_HAL_Driver/Inc/stm32f4xx_ll_bus.h ****   CLEAR_BIT(RCC->AHB3LPENR, Periphs);
1105:board/stm32f401rct6/Drivers/STM32F4xx_HAL_Driver/Inc/stm32f4xx_ll_bus.h **** }
1106:board/stm32f401rct6/Drivers/STM32F4xx_HAL_Driver/Inc/stm32f4xx_ll_bus.h **** 
1107:board/stm32f401rct6/Drivers/STM32F4xx_HAL_Driver/Inc/stm32f4xx_ll_bus.h **** /**
1108:board/stm32f401rct6/Drivers/STM32F4xx_HAL_Driver/Inc/stm32f4xx_ll_bus.h ****   * @}
1109:board/stm32f401rct6/Drivers/STM32F4xx_HAL_Driver/Inc/stm32f4xx_ll_bus.h ****   */
1110:board/stm32f401rct6/Drivers/STM32F4xx_HAL_Driver/Inc/stm32f4xx_ll_bus.h **** #endif /* RCC_AHB3_SUPPORT */
1111:board/stm32f401rct6/Drivers/STM32F4xx_HAL_Driver/Inc/stm32f4xx_ll_bus.h **** 
1112:board/stm32f401rct6/Drivers/STM32F4xx_HAL_Driver/Inc/stm32f4xx_ll_bus.h **** /** @defgroup BUS_LL_EF_APB1 APB1
1113:board/stm32f401rct6/Drivers/STM32F4xx_HAL_Driver/Inc/stm32f4xx_ll_bus.h ****   * @{
1114:board/stm32f401rct6/Drivers/STM32F4xx_HAL_Driver/Inc/stm32f4xx_ll_bus.h ****   */
1115:board/stm32f401rct6/Drivers/STM32F4xx_HAL_Driver/Inc/stm32f4xx_ll_bus.h **** 
1116:board/stm32f401rct6/Drivers/STM32F4xx_HAL_Driver/Inc/stm32f4xx_ll_bus.h **** /**
1117:board/stm32f401rct6/Drivers/STM32F4xx_HAL_Driver/Inc/stm32f4xx_ll_bus.h ****   * @brief  Enable APB1 peripherals clock.
1118:board/stm32f401rct6/Drivers/STM32F4xx_HAL_Driver/Inc/stm32f4xx_ll_bus.h ****   * @rmtoll APB1ENR     TIM2EN        LL_APB1_GRP1_EnableClock\n
1119:board/stm32f401rct6/Drivers/STM32F4xx_HAL_Driver/Inc/stm32f4xx_ll_bus.h ****   *         APB1ENR     TIM3EN        LL_APB1_GRP1_EnableClock\n
1120:board/stm32f401rct6/Drivers/STM32F4xx_HAL_Driver/Inc/stm32f4xx_ll_bus.h ****   *         APB1ENR     TIM4EN        LL_APB1_GRP1_EnableClock\n
1121:board/stm32f401rct6/Drivers/STM32F4xx_HAL_Driver/Inc/stm32f4xx_ll_bus.h ****   *         APB1ENR     TIM5EN        LL_APB1_GRP1_EnableClock\n
1122:board/stm32f401rct6/Drivers/STM32F4xx_HAL_Driver/Inc/stm32f4xx_ll_bus.h ****   *         APB1ENR     TIM6EN        LL_APB1_GRP1_EnableClock\n
1123:board/stm32f401rct6/Drivers/STM32F4xx_HAL_Driver/Inc/stm32f4xx_ll_bus.h ****   *         APB1ENR     TIM7EN        LL_APB1_GRP1_EnableClock\n
1124:board/stm32f401rct6/Drivers/STM32F4xx_HAL_Driver/Inc/stm32f4xx_ll_bus.h ****   *         APB1ENR     TIM12EN       LL_APB1_GRP1_EnableClock\n
1125:board/stm32f401rct6/Drivers/STM32F4xx_HAL_Driver/Inc/stm32f4xx_ll_bus.h ****   *         APB1ENR     TIM13EN       LL_APB1_GRP1_EnableClock\n
1126:board/stm32f401rct6/Drivers/STM32F4xx_HAL_Driver/Inc/stm32f4xx_ll_bus.h ****   *         APB1ENR     TIM14EN       LL_APB1_GRP1_EnableClock\n
1127:board/stm32f401rct6/Drivers/STM32F4xx_HAL_Driver/Inc/stm32f4xx_ll_bus.h ****   *         APB1ENR     LPTIM1EN      LL_APB1_GRP1_EnableClock\n
1128:board/stm32f401rct6/Drivers/STM32F4xx_HAL_Driver/Inc/stm32f4xx_ll_bus.h ****   *         APB1ENR     WWDGEN        LL_APB1_GRP1_EnableClock\n
1129:board/stm32f401rct6/Drivers/STM32F4xx_HAL_Driver/Inc/stm32f4xx_ll_bus.h ****   *         APB1ENR     SPI2EN        LL_APB1_GRP1_EnableClock\n
1130:board/stm32f401rct6/Drivers/STM32F4xx_HAL_Driver/Inc/stm32f4xx_ll_bus.h ****   *         APB1ENR     SPI3EN        LL_APB1_GRP1_EnableClock\n
1131:board/stm32f401rct6/Drivers/STM32F4xx_HAL_Driver/Inc/stm32f4xx_ll_bus.h ****   *         APB1ENR     SPDIFRXEN     LL_APB1_GRP1_EnableClock\n
1132:board/stm32f401rct6/Drivers/STM32F4xx_HAL_Driver/Inc/stm32f4xx_ll_bus.h ****   *         APB1ENR     USART2EN      LL_APB1_GRP1_EnableClock\n
1133:board/stm32f401rct6/Drivers/STM32F4xx_HAL_Driver/Inc/stm32f4xx_ll_bus.h ****   *         APB1ENR     USART3EN      LL_APB1_GRP1_EnableClock\n
1134:board/stm32f401rct6/Drivers/STM32F4xx_HAL_Driver/Inc/stm32f4xx_ll_bus.h ****   *         APB1ENR     UART4EN       LL_APB1_GRP1_EnableClock\n
1135:board/stm32f401rct6/Drivers/STM32F4xx_HAL_Driver/Inc/stm32f4xx_ll_bus.h ****   *         APB1ENR     UART5EN       LL_APB1_GRP1_EnableClock\n
1136:board/stm32f401rct6/Drivers/STM32F4xx_HAL_Driver/Inc/stm32f4xx_ll_bus.h ****   *         APB1ENR     I2C1EN        LL_APB1_GRP1_EnableClock\n
1137:board/stm32f401rct6/Drivers/STM32F4xx_HAL_Driver/Inc/stm32f4xx_ll_bus.h ****   *         APB1ENR     I2C2EN        LL_APB1_GRP1_EnableClock\n
1138:board/stm32f401rct6/Drivers/STM32F4xx_HAL_Driver/Inc/stm32f4xx_ll_bus.h ****   *         APB1ENR     I2C3EN        LL_APB1_GRP1_EnableClock\n
1139:board/stm32f401rct6/Drivers/STM32F4xx_HAL_Driver/Inc/stm32f4xx_ll_bus.h ****   *         APB1ENR     FMPI2C1EN     LL_APB1_GRP1_EnableClock\n
1140:board/stm32f401rct6/Drivers/STM32F4xx_HAL_Driver/Inc/stm32f4xx_ll_bus.h ****   *         APB1ENR     CAN1EN        LL_APB1_GRP1_EnableClock\n
1141:board/stm32f401rct6/Drivers/STM32F4xx_HAL_Driver/Inc/stm32f4xx_ll_bus.h ****   *         APB1ENR     CAN2EN        LL_APB1_GRP1_EnableClock\n
1142:board/stm32f401rct6/Drivers/STM32F4xx_HAL_Driver/Inc/stm32f4xx_ll_bus.h ****   *         APB1ENR     CAN3EN        LL_APB1_GRP1_EnableClock\n
1143:board/stm32f401rct6/Drivers/STM32F4xx_HAL_Driver/Inc/stm32f4xx_ll_bus.h ****   *         APB1ENR     CECEN         LL_APB1_GRP1_EnableClock\n
1144:board/stm32f401rct6/Drivers/STM32F4xx_HAL_Driver/Inc/stm32f4xx_ll_bus.h ****   *         APB1ENR     PWREN         LL_APB1_GRP1_EnableClock\n
1145:board/stm32f401rct6/Drivers/STM32F4xx_HAL_Driver/Inc/stm32f4xx_ll_bus.h ****   *         APB1ENR     DACEN         LL_APB1_GRP1_EnableClock\n
1146:board/stm32f401rct6/Drivers/STM32F4xx_HAL_Driver/Inc/stm32f4xx_ll_bus.h ****   *         APB1ENR     UART7EN       LL_APB1_GRP1_EnableClock\n
1147:board/stm32f401rct6/Drivers/STM32F4xx_HAL_Driver/Inc/stm32f4xx_ll_bus.h ****   *         APB1ENR     UART8EN       LL_APB1_GRP1_EnableClock\n
1148:board/stm32f401rct6/Drivers/STM32F4xx_HAL_Driver/Inc/stm32f4xx_ll_bus.h ****   *         APB1ENR     RTCAPBEN      LL_APB1_GRP1_EnableClock
ARM GAS  C:\Users\Admin\AppData\Local\Temp\ccHarYQc.s 			page 27


1149:board/stm32f401rct6/Drivers/STM32F4xx_HAL_Driver/Inc/stm32f4xx_ll_bus.h ****   * @param  Periphs This parameter can be a combination of the following values:
1150:board/stm32f401rct6/Drivers/STM32F4xx_HAL_Driver/Inc/stm32f4xx_ll_bus.h ****   *         @arg @ref LL_APB1_GRP1_PERIPH_TIM2 (*)
1151:board/stm32f401rct6/Drivers/STM32F4xx_HAL_Driver/Inc/stm32f4xx_ll_bus.h ****   *         @arg @ref LL_APB1_GRP1_PERIPH_TIM3 (*)
1152:board/stm32f401rct6/Drivers/STM32F4xx_HAL_Driver/Inc/stm32f4xx_ll_bus.h ****   *         @arg @ref LL_APB1_GRP1_PERIPH_TIM4 (*)
1153:board/stm32f401rct6/Drivers/STM32F4xx_HAL_Driver/Inc/stm32f4xx_ll_bus.h ****   *         @arg @ref LL_APB1_GRP1_PERIPH_TIM5
1154:board/stm32f401rct6/Drivers/STM32F4xx_HAL_Driver/Inc/stm32f4xx_ll_bus.h ****   *         @arg @ref LL_APB1_GRP1_PERIPH_TIM6 (*)
1155:board/stm32f401rct6/Drivers/STM32F4xx_HAL_Driver/Inc/stm32f4xx_ll_bus.h ****   *         @arg @ref LL_APB1_GRP1_PERIPH_TIM7 (*)
1156:board/stm32f401rct6/Drivers/STM32F4xx_HAL_Driver/Inc/stm32f4xx_ll_bus.h ****   *         @arg @ref LL_APB1_GRP1_PERIPH_TIM12 (*)
1157:board/stm32f401rct6/Drivers/STM32F4xx_HAL_Driver/Inc/stm32f4xx_ll_bus.h ****   *         @arg @ref LL_APB1_GRP1_PERIPH_TIM13 (*)
1158:board/stm32f401rct6/Drivers/STM32F4xx_HAL_Driver/Inc/stm32f4xx_ll_bus.h ****   *         @arg @ref LL_APB1_GRP1_PERIPH_TIM14 (*)
1159:board/stm32f401rct6/Drivers/STM32F4xx_HAL_Driver/Inc/stm32f4xx_ll_bus.h ****   *         @arg @ref LL_APB1_GRP1_PERIPH_LPTIM1 (*)
1160:board/stm32f401rct6/Drivers/STM32F4xx_HAL_Driver/Inc/stm32f4xx_ll_bus.h ****   *         @arg @ref LL_APB1_GRP1_PERIPH_WWDG
1161:board/stm32f401rct6/Drivers/STM32F4xx_HAL_Driver/Inc/stm32f4xx_ll_bus.h ****   *         @arg @ref LL_APB1_GRP1_PERIPH_SPI2 (*)
1162:board/stm32f401rct6/Drivers/STM32F4xx_HAL_Driver/Inc/stm32f4xx_ll_bus.h ****   *         @arg @ref LL_APB1_GRP1_PERIPH_SPI3 (*)
1163:board/stm32f401rct6/Drivers/STM32F4xx_HAL_Driver/Inc/stm32f4xx_ll_bus.h ****   *         @arg @ref LL_APB1_GRP1_PERIPH_SPDIFRX (*)
1164:board/stm32f401rct6/Drivers/STM32F4xx_HAL_Driver/Inc/stm32f4xx_ll_bus.h ****   *         @arg @ref LL_APB1_GRP1_PERIPH_USART2
1165:board/stm32f401rct6/Drivers/STM32F4xx_HAL_Driver/Inc/stm32f4xx_ll_bus.h ****   *         @arg @ref LL_APB1_GRP1_PERIPH_USART3 (*)
1166:board/stm32f401rct6/Drivers/STM32F4xx_HAL_Driver/Inc/stm32f4xx_ll_bus.h ****   *         @arg @ref LL_APB1_GRP1_PERIPH_UART4 (*)
1167:board/stm32f401rct6/Drivers/STM32F4xx_HAL_Driver/Inc/stm32f4xx_ll_bus.h ****   *         @arg @ref LL_APB1_GRP1_PERIPH_UART5 (*)
1168:board/stm32f401rct6/Drivers/STM32F4xx_HAL_Driver/Inc/stm32f4xx_ll_bus.h ****   *         @arg @ref LL_APB1_GRP1_PERIPH_I2C1
1169:board/stm32f401rct6/Drivers/STM32F4xx_HAL_Driver/Inc/stm32f4xx_ll_bus.h ****   *         @arg @ref LL_APB1_GRP1_PERIPH_I2C2
1170:board/stm32f401rct6/Drivers/STM32F4xx_HAL_Driver/Inc/stm32f4xx_ll_bus.h ****   *         @arg @ref LL_APB1_GRP1_PERIPH_I2C3 (*)
1171:board/stm32f401rct6/Drivers/STM32F4xx_HAL_Driver/Inc/stm32f4xx_ll_bus.h ****   *         @arg @ref LL_APB1_GRP1_PERIPH_FMPI2C1 (*)
1172:board/stm32f401rct6/Drivers/STM32F4xx_HAL_Driver/Inc/stm32f4xx_ll_bus.h ****   *         @arg @ref LL_APB1_GRP1_PERIPH_CAN1 (*)
1173:board/stm32f401rct6/Drivers/STM32F4xx_HAL_Driver/Inc/stm32f4xx_ll_bus.h ****   *         @arg @ref LL_APB1_GRP1_PERIPH_CAN2 (*)
1174:board/stm32f401rct6/Drivers/STM32F4xx_HAL_Driver/Inc/stm32f4xx_ll_bus.h ****   *         @arg @ref LL_APB1_GRP1_PERIPH_CAN3 (*)
1175:board/stm32f401rct6/Drivers/STM32F4xx_HAL_Driver/Inc/stm32f4xx_ll_bus.h ****   *         @arg @ref LL_APB1_GRP1_PERIPH_CEC  (*)
1176:board/stm32f401rct6/Drivers/STM32F4xx_HAL_Driver/Inc/stm32f4xx_ll_bus.h ****   *         @arg @ref LL_APB1_GRP1_PERIPH_PWR
1177:board/stm32f401rct6/Drivers/STM32F4xx_HAL_Driver/Inc/stm32f4xx_ll_bus.h ****   *         @arg @ref LL_APB1_GRP1_PERIPH_DAC1 (*)
1178:board/stm32f401rct6/Drivers/STM32F4xx_HAL_Driver/Inc/stm32f4xx_ll_bus.h ****   *         @arg @ref LL_APB1_GRP1_PERIPH_UART7 (*)
1179:board/stm32f401rct6/Drivers/STM32F4xx_HAL_Driver/Inc/stm32f4xx_ll_bus.h ****   *         @arg @ref LL_APB1_GRP1_PERIPH_UART8 (*)
1180:board/stm32f401rct6/Drivers/STM32F4xx_HAL_Driver/Inc/stm32f4xx_ll_bus.h ****   *         @arg @ref LL_APB1_GRP1_PERIPH_RTCAPB (*)
1181:board/stm32f401rct6/Drivers/STM32F4xx_HAL_Driver/Inc/stm32f4xx_ll_bus.h ****   *
1182:board/stm32f401rct6/Drivers/STM32F4xx_HAL_Driver/Inc/stm32f4xx_ll_bus.h ****   *         (*) value not defined in all devices.
1183:board/stm32f401rct6/Drivers/STM32F4xx_HAL_Driver/Inc/stm32f4xx_ll_bus.h ****   * @retval None
1184:board/stm32f401rct6/Drivers/STM32F4xx_HAL_Driver/Inc/stm32f4xx_ll_bus.h ****   */
1185:board/stm32f401rct6/Drivers/STM32F4xx_HAL_Driver/Inc/stm32f4xx_ll_bus.h **** __STATIC_INLINE void LL_APB1_GRP1_EnableClock(uint32_t Periphs)
1186:board/stm32f401rct6/Drivers/STM32F4xx_HAL_Driver/Inc/stm32f4xx_ll_bus.h **** {
1187:board/stm32f401rct6/Drivers/STM32F4xx_HAL_Driver/Inc/stm32f4xx_ll_bus.h ****   __IO uint32_t tmpreg;
1188:board/stm32f401rct6/Drivers/STM32F4xx_HAL_Driver/Inc/stm32f4xx_ll_bus.h ****   SET_BIT(RCC->APB1ENR, Periphs);
1189:board/stm32f401rct6/Drivers/STM32F4xx_HAL_Driver/Inc/stm32f4xx_ll_bus.h ****   /* Delay after an RCC peripheral clock enabling */
1190:board/stm32f401rct6/Drivers/STM32F4xx_HAL_Driver/Inc/stm32f4xx_ll_bus.h ****   tmpreg = READ_BIT(RCC->APB1ENR, Periphs);
1191:board/stm32f401rct6/Drivers/STM32F4xx_HAL_Driver/Inc/stm32f4xx_ll_bus.h ****   (void)tmpreg;
1192:board/stm32f401rct6/Drivers/STM32F4xx_HAL_Driver/Inc/stm32f4xx_ll_bus.h **** }
1193:board/stm32f401rct6/Drivers/STM32F4xx_HAL_Driver/Inc/stm32f4xx_ll_bus.h **** 
1194:board/stm32f401rct6/Drivers/STM32F4xx_HAL_Driver/Inc/stm32f4xx_ll_bus.h **** /**
1195:board/stm32f401rct6/Drivers/STM32F4xx_HAL_Driver/Inc/stm32f4xx_ll_bus.h ****   * @brief  Check if APB1 peripheral clock is enabled or not
1196:board/stm32f401rct6/Drivers/STM32F4xx_HAL_Driver/Inc/stm32f4xx_ll_bus.h ****   * @rmtoll APB1ENR     TIM2EN        LL_APB1_GRP1_IsEnabledClock\n
1197:board/stm32f401rct6/Drivers/STM32F4xx_HAL_Driver/Inc/stm32f4xx_ll_bus.h ****   *         APB1ENR     TIM3EN        LL_APB1_GRP1_IsEnabledClock\n
1198:board/stm32f401rct6/Drivers/STM32F4xx_HAL_Driver/Inc/stm32f4xx_ll_bus.h ****   *         APB1ENR     TIM4EN        LL_APB1_GRP1_IsEnabledClock\n
1199:board/stm32f401rct6/Drivers/STM32F4xx_HAL_Driver/Inc/stm32f4xx_ll_bus.h ****   *         APB1ENR     TIM5EN        LL_APB1_GRP1_IsEnabledClock\n
1200:board/stm32f401rct6/Drivers/STM32F4xx_HAL_Driver/Inc/stm32f4xx_ll_bus.h ****   *         APB1ENR     TIM6EN        LL_APB1_GRP1_IsEnabledClock\n
1201:board/stm32f401rct6/Drivers/STM32F4xx_HAL_Driver/Inc/stm32f4xx_ll_bus.h ****   *         APB1ENR     TIM7EN        LL_APB1_GRP1_IsEnabledClock\n
1202:board/stm32f401rct6/Drivers/STM32F4xx_HAL_Driver/Inc/stm32f4xx_ll_bus.h ****   *         APB1ENR     TIM12EN       LL_APB1_GRP1_IsEnabledClock\n
1203:board/stm32f401rct6/Drivers/STM32F4xx_HAL_Driver/Inc/stm32f4xx_ll_bus.h ****   *         APB1ENR     TIM13EN       LL_APB1_GRP1_IsEnabledClock\n
1204:board/stm32f401rct6/Drivers/STM32F4xx_HAL_Driver/Inc/stm32f4xx_ll_bus.h ****   *         APB1ENR     TIM14EN       LL_APB1_GRP1_IsEnabledClock\n
1205:board/stm32f401rct6/Drivers/STM32F4xx_HAL_Driver/Inc/stm32f4xx_ll_bus.h ****   *         APB1ENR     LPTIM1EN      LL_APB1_GRP1_IsEnabledClock\n
ARM GAS  C:\Users\Admin\AppData\Local\Temp\ccHarYQc.s 			page 28


1206:board/stm32f401rct6/Drivers/STM32F4xx_HAL_Driver/Inc/stm32f4xx_ll_bus.h ****   *         APB1ENR     WWDGEN        LL_APB1_GRP1_IsEnabledClock\n
1207:board/stm32f401rct6/Drivers/STM32F4xx_HAL_Driver/Inc/stm32f4xx_ll_bus.h ****   *         APB1ENR     SPI2EN        LL_APB1_GRP1_IsEnabledClock\n
1208:board/stm32f401rct6/Drivers/STM32F4xx_HAL_Driver/Inc/stm32f4xx_ll_bus.h ****   *         APB1ENR     SPI3EN        LL_APB1_GRP1_IsEnabledClock\n
1209:board/stm32f401rct6/Drivers/STM32F4xx_HAL_Driver/Inc/stm32f4xx_ll_bus.h ****   *         APB1ENR     SPDIFRXEN     LL_APB1_GRP1_IsEnabledClock\n
1210:board/stm32f401rct6/Drivers/STM32F4xx_HAL_Driver/Inc/stm32f4xx_ll_bus.h ****   *         APB1ENR     USART2EN      LL_APB1_GRP1_IsEnabledClock\n
1211:board/stm32f401rct6/Drivers/STM32F4xx_HAL_Driver/Inc/stm32f4xx_ll_bus.h ****   *         APB1ENR     USART3EN      LL_APB1_GRP1_IsEnabledClock\n
1212:board/stm32f401rct6/Drivers/STM32F4xx_HAL_Driver/Inc/stm32f4xx_ll_bus.h ****   *         APB1ENR     UART4EN       LL_APB1_GRP1_IsEnabledClock\n
1213:board/stm32f401rct6/Drivers/STM32F4xx_HAL_Driver/Inc/stm32f4xx_ll_bus.h ****   *         APB1ENR     UART5EN       LL_APB1_GRP1_IsEnabledClock\n
1214:board/stm32f401rct6/Drivers/STM32F4xx_HAL_Driver/Inc/stm32f4xx_ll_bus.h ****   *         APB1ENR     I2C1EN        LL_APB1_GRP1_IsEnabledClock\n
1215:board/stm32f401rct6/Drivers/STM32F4xx_HAL_Driver/Inc/stm32f4xx_ll_bus.h ****   *         APB1ENR     I2C2EN        LL_APB1_GRP1_IsEnabledClock\n
1216:board/stm32f401rct6/Drivers/STM32F4xx_HAL_Driver/Inc/stm32f4xx_ll_bus.h ****   *         APB1ENR     I2C3EN        LL_APB1_GRP1_IsEnabledClock\n
1217:board/stm32f401rct6/Drivers/STM32F4xx_HAL_Driver/Inc/stm32f4xx_ll_bus.h ****   *         APB1ENR     FMPI2C1EN     LL_APB1_GRP1_IsEnabledClock\n
1218:board/stm32f401rct6/Drivers/STM32F4xx_HAL_Driver/Inc/stm32f4xx_ll_bus.h ****   *         APB1ENR     CAN1EN        LL_APB1_GRP1_IsEnabledClock\n
1219:board/stm32f401rct6/Drivers/STM32F4xx_HAL_Driver/Inc/stm32f4xx_ll_bus.h ****   *         APB1ENR     CAN2EN        LL_APB1_GRP1_IsEnabledClock\n
1220:board/stm32f401rct6/Drivers/STM32F4xx_HAL_Driver/Inc/stm32f4xx_ll_bus.h ****   *         APB1ENR     CAN3EN        LL_APB1_GRP1_IsEnabledClock\n
1221:board/stm32f401rct6/Drivers/STM32F4xx_HAL_Driver/Inc/stm32f4xx_ll_bus.h ****   *         APB1ENR     CECEN         LL_APB1_GRP1_IsEnabledClock\n
1222:board/stm32f401rct6/Drivers/STM32F4xx_HAL_Driver/Inc/stm32f4xx_ll_bus.h ****   *         APB1ENR     PWREN         LL_APB1_GRP1_IsEnabledClock\n
1223:board/stm32f401rct6/Drivers/STM32F4xx_HAL_Driver/Inc/stm32f4xx_ll_bus.h ****   *         APB1ENR     DACEN         LL_APB1_GRP1_IsEnabledClock\n
1224:board/stm32f401rct6/Drivers/STM32F4xx_HAL_Driver/Inc/stm32f4xx_ll_bus.h ****   *         APB1ENR     UART7EN       LL_APB1_GRP1_IsEnabledClock\n
1225:board/stm32f401rct6/Drivers/STM32F4xx_HAL_Driver/Inc/stm32f4xx_ll_bus.h ****   *         APB1ENR     UART8EN       LL_APB1_GRP1_IsEnabledClock\n
1226:board/stm32f401rct6/Drivers/STM32F4xx_HAL_Driver/Inc/stm32f4xx_ll_bus.h ****   *         APB1ENR     RTCAPBEN      LL_APB1_GRP1_IsEnabledClock
1227:board/stm32f401rct6/Drivers/STM32F4xx_HAL_Driver/Inc/stm32f4xx_ll_bus.h ****   * @param  Periphs This parameter can be a combination of the following values:
1228:board/stm32f401rct6/Drivers/STM32F4xx_HAL_Driver/Inc/stm32f4xx_ll_bus.h ****   *         @arg @ref LL_APB1_GRP1_PERIPH_TIM2 (*)
1229:board/stm32f401rct6/Drivers/STM32F4xx_HAL_Driver/Inc/stm32f4xx_ll_bus.h ****   *         @arg @ref LL_APB1_GRP1_PERIPH_TIM3 (*)
1230:board/stm32f401rct6/Drivers/STM32F4xx_HAL_Driver/Inc/stm32f4xx_ll_bus.h ****   *         @arg @ref LL_APB1_GRP1_PERIPH_TIM4 (*)
1231:board/stm32f401rct6/Drivers/STM32F4xx_HAL_Driver/Inc/stm32f4xx_ll_bus.h ****   *         @arg @ref LL_APB1_GRP1_PERIPH_TIM5
1232:board/stm32f401rct6/Drivers/STM32F4xx_HAL_Driver/Inc/stm32f4xx_ll_bus.h ****   *         @arg @ref LL_APB1_GRP1_PERIPH_TIM6 (*)
1233:board/stm32f401rct6/Drivers/STM32F4xx_HAL_Driver/Inc/stm32f4xx_ll_bus.h ****   *         @arg @ref LL_APB1_GRP1_PERIPH_TIM7 (*)
1234:board/stm32f401rct6/Drivers/STM32F4xx_HAL_Driver/Inc/stm32f4xx_ll_bus.h ****   *         @arg @ref LL_APB1_GRP1_PERIPH_TIM12 (*)
1235:board/stm32f401rct6/Drivers/STM32F4xx_HAL_Driver/Inc/stm32f4xx_ll_bus.h ****   *         @arg @ref LL_APB1_GRP1_PERIPH_TIM13 (*)
1236:board/stm32f401rct6/Drivers/STM32F4xx_HAL_Driver/Inc/stm32f4xx_ll_bus.h ****   *         @arg @ref LL_APB1_GRP1_PERIPH_TIM14 (*)
1237:board/stm32f401rct6/Drivers/STM32F4xx_HAL_Driver/Inc/stm32f4xx_ll_bus.h ****   *         @arg @ref LL_APB1_GRP1_PERIPH_LPTIM1 (*)
1238:board/stm32f401rct6/Drivers/STM32F4xx_HAL_Driver/Inc/stm32f4xx_ll_bus.h ****   *         @arg @ref LL_APB1_GRP1_PERIPH_WWDG
1239:board/stm32f401rct6/Drivers/STM32F4xx_HAL_Driver/Inc/stm32f4xx_ll_bus.h ****   *         @arg @ref LL_APB1_GRP1_PERIPH_SPI2 (*)
1240:board/stm32f401rct6/Drivers/STM32F4xx_HAL_Driver/Inc/stm32f4xx_ll_bus.h ****   *         @arg @ref LL_APB1_GRP1_PERIPH_SPI3 (*)
1241:board/stm32f401rct6/Drivers/STM32F4xx_HAL_Driver/Inc/stm32f4xx_ll_bus.h ****   *         @arg @ref LL_APB1_GRP1_PERIPH_SPDIFRX (*)
1242:board/stm32f401rct6/Drivers/STM32F4xx_HAL_Driver/Inc/stm32f4xx_ll_bus.h ****   *         @arg @ref LL_APB1_GRP1_PERIPH_USART2
1243:board/stm32f401rct6/Drivers/STM32F4xx_HAL_Driver/Inc/stm32f4xx_ll_bus.h ****   *         @arg @ref LL_APB1_GRP1_PERIPH_USART3 (*)
1244:board/stm32f401rct6/Drivers/STM32F4xx_HAL_Driver/Inc/stm32f4xx_ll_bus.h ****   *         @arg @ref LL_APB1_GRP1_PERIPH_UART4 (*)
1245:board/stm32f401rct6/Drivers/STM32F4xx_HAL_Driver/Inc/stm32f4xx_ll_bus.h ****   *         @arg @ref LL_APB1_GRP1_PERIPH_UART5 (*)
1246:board/stm32f401rct6/Drivers/STM32F4xx_HAL_Driver/Inc/stm32f4xx_ll_bus.h ****   *         @arg @ref LL_APB1_GRP1_PERIPH_I2C1
1247:board/stm32f401rct6/Drivers/STM32F4xx_HAL_Driver/Inc/stm32f4xx_ll_bus.h ****   *         @arg @ref LL_APB1_GRP1_PERIPH_I2C2
1248:board/stm32f401rct6/Drivers/STM32F4xx_HAL_Driver/Inc/stm32f4xx_ll_bus.h ****   *         @arg @ref LL_APB1_GRP1_PERIPH_I2C3 (*)
1249:board/stm32f401rct6/Drivers/STM32F4xx_HAL_Driver/Inc/stm32f4xx_ll_bus.h ****   *         @arg @ref LL_APB1_GRP1_PERIPH_FMPI2C1 (*)
1250:board/stm32f401rct6/Drivers/STM32F4xx_HAL_Driver/Inc/stm32f4xx_ll_bus.h ****   *         @arg @ref LL_APB1_GRP1_PERIPH_CAN1 (*)
1251:board/stm32f401rct6/Drivers/STM32F4xx_HAL_Driver/Inc/stm32f4xx_ll_bus.h ****   *         @arg @ref LL_APB1_GRP1_PERIPH_CAN2 (*)
1252:board/stm32f401rct6/Drivers/STM32F4xx_HAL_Driver/Inc/stm32f4xx_ll_bus.h ****   *         @arg @ref LL_APB1_GRP1_PERIPH_CAN3 (*)
1253:board/stm32f401rct6/Drivers/STM32F4xx_HAL_Driver/Inc/stm32f4xx_ll_bus.h ****   *         @arg @ref LL_APB1_GRP1_PERIPH_CEC (*)
1254:board/stm32f401rct6/Drivers/STM32F4xx_HAL_Driver/Inc/stm32f4xx_ll_bus.h ****   *         @arg @ref LL_APB1_GRP1_PERIPH_PWR
1255:board/stm32f401rct6/Drivers/STM32F4xx_HAL_Driver/Inc/stm32f4xx_ll_bus.h ****   *         @arg @ref LL_APB1_GRP1_PERIPH_DAC1 (*)
1256:board/stm32f401rct6/Drivers/STM32F4xx_HAL_Driver/Inc/stm32f4xx_ll_bus.h ****   *         @arg @ref LL_APB1_GRP1_PERIPH_UART7 (*)
1257:board/stm32f401rct6/Drivers/STM32F4xx_HAL_Driver/Inc/stm32f4xx_ll_bus.h ****   *         @arg @ref LL_APB1_GRP1_PERIPH_UART8 (*)
1258:board/stm32f401rct6/Drivers/STM32F4xx_HAL_Driver/Inc/stm32f4xx_ll_bus.h ****   *         @arg @ref LL_APB1_GRP1_PERIPH_RTCAPB (*)
1259:board/stm32f401rct6/Drivers/STM32F4xx_HAL_Driver/Inc/stm32f4xx_ll_bus.h ****   *
1260:board/stm32f401rct6/Drivers/STM32F4xx_HAL_Driver/Inc/stm32f4xx_ll_bus.h ****   *         (*) value not defined in all devices.
1261:board/stm32f401rct6/Drivers/STM32F4xx_HAL_Driver/Inc/stm32f4xx_ll_bus.h ****   * @retval State of Periphs (1 or 0).
1262:board/stm32f401rct6/Drivers/STM32F4xx_HAL_Driver/Inc/stm32f4xx_ll_bus.h ****   */
ARM GAS  C:\Users\Admin\AppData\Local\Temp\ccHarYQc.s 			page 29


1263:board/stm32f401rct6/Drivers/STM32F4xx_HAL_Driver/Inc/stm32f4xx_ll_bus.h **** __STATIC_INLINE uint32_t LL_APB1_GRP1_IsEnabledClock(uint32_t Periphs)
1264:board/stm32f401rct6/Drivers/STM32F4xx_HAL_Driver/Inc/stm32f4xx_ll_bus.h **** {
1265:board/stm32f401rct6/Drivers/STM32F4xx_HAL_Driver/Inc/stm32f4xx_ll_bus.h ****   return (READ_BIT(RCC->APB1ENR, Periphs) == Periphs);
1266:board/stm32f401rct6/Drivers/STM32F4xx_HAL_Driver/Inc/stm32f4xx_ll_bus.h **** }
1267:board/stm32f401rct6/Drivers/STM32F4xx_HAL_Driver/Inc/stm32f4xx_ll_bus.h **** 
1268:board/stm32f401rct6/Drivers/STM32F4xx_HAL_Driver/Inc/stm32f4xx_ll_bus.h **** /**
1269:board/stm32f401rct6/Drivers/STM32F4xx_HAL_Driver/Inc/stm32f4xx_ll_bus.h ****   * @brief  Disable APB1 peripherals clock.
1270:board/stm32f401rct6/Drivers/STM32F4xx_HAL_Driver/Inc/stm32f4xx_ll_bus.h ****   * @rmtoll APB1ENR     TIM2EN        LL_APB1_GRP1_DisableClock\n
1271:board/stm32f401rct6/Drivers/STM32F4xx_HAL_Driver/Inc/stm32f4xx_ll_bus.h ****   *         APB1ENR     TIM3EN        LL_APB1_GRP1_DisableClock\n
1272:board/stm32f401rct6/Drivers/STM32F4xx_HAL_Driver/Inc/stm32f4xx_ll_bus.h ****   *         APB1ENR     TIM4EN        LL_APB1_GRP1_DisableClock\n
1273:board/stm32f401rct6/Drivers/STM32F4xx_HAL_Driver/Inc/stm32f4xx_ll_bus.h ****   *         APB1ENR     TIM5EN        LL_APB1_GRP1_DisableClock\n
1274:board/stm32f401rct6/Drivers/STM32F4xx_HAL_Driver/Inc/stm32f4xx_ll_bus.h ****   *         APB1ENR     TIM6EN        LL_APB1_GRP1_DisableClock\n
1275:board/stm32f401rct6/Drivers/STM32F4xx_HAL_Driver/Inc/stm32f4xx_ll_bus.h ****   *         APB1ENR     TIM7EN        LL_APB1_GRP1_DisableClock\n
1276:board/stm32f401rct6/Drivers/STM32F4xx_HAL_Driver/Inc/stm32f4xx_ll_bus.h ****   *         APB1ENR     TIM12EN       LL_APB1_GRP1_DisableClock\n
1277:board/stm32f401rct6/Drivers/STM32F4xx_HAL_Driver/Inc/stm32f4xx_ll_bus.h ****   *         APB1ENR     TIM13EN       LL_APB1_GRP1_DisableClock\n
1278:board/stm32f401rct6/Drivers/STM32F4xx_HAL_Driver/Inc/stm32f4xx_ll_bus.h ****   *         APB1ENR     TIM14EN       LL_APB1_GRP1_DisableClock\n
1279:board/stm32f401rct6/Drivers/STM32F4xx_HAL_Driver/Inc/stm32f4xx_ll_bus.h ****   *         APB1ENR     LPTIM1EN      LL_APB1_GRP1_DisableClock\n
1280:board/stm32f401rct6/Drivers/STM32F4xx_HAL_Driver/Inc/stm32f4xx_ll_bus.h ****   *         APB1ENR     WWDGEN        LL_APB1_GRP1_DisableClock\n
1281:board/stm32f401rct6/Drivers/STM32F4xx_HAL_Driver/Inc/stm32f4xx_ll_bus.h ****   *         APB1ENR     SPI2EN        LL_APB1_GRP1_DisableClock\n
1282:board/stm32f401rct6/Drivers/STM32F4xx_HAL_Driver/Inc/stm32f4xx_ll_bus.h ****   *         APB1ENR     SPI3EN        LL_APB1_GRP1_DisableClock\n
1283:board/stm32f401rct6/Drivers/STM32F4xx_HAL_Driver/Inc/stm32f4xx_ll_bus.h ****   *         APB1ENR     SPDIFRXEN     LL_APB1_GRP1_DisableClock\n
1284:board/stm32f401rct6/Drivers/STM32F4xx_HAL_Driver/Inc/stm32f4xx_ll_bus.h ****   *         APB1ENR     USART2EN      LL_APB1_GRP1_DisableClock\n
1285:board/stm32f401rct6/Drivers/STM32F4xx_HAL_Driver/Inc/stm32f4xx_ll_bus.h ****   *         APB1ENR     USART3EN      LL_APB1_GRP1_DisableClock\n
1286:board/stm32f401rct6/Drivers/STM32F4xx_HAL_Driver/Inc/stm32f4xx_ll_bus.h ****   *         APB1ENR     UART4EN       LL_APB1_GRP1_DisableClock\n
1287:board/stm32f401rct6/Drivers/STM32F4xx_HAL_Driver/Inc/stm32f4xx_ll_bus.h ****   *         APB1ENR     UART5EN       LL_APB1_GRP1_DisableClock\n
1288:board/stm32f401rct6/Drivers/STM32F4xx_HAL_Driver/Inc/stm32f4xx_ll_bus.h ****   *         APB1ENR     I2C1EN        LL_APB1_GRP1_DisableClock\n
1289:board/stm32f401rct6/Drivers/STM32F4xx_HAL_Driver/Inc/stm32f4xx_ll_bus.h ****   *         APB1ENR     I2C2EN        LL_APB1_GRP1_DisableClock\n
1290:board/stm32f401rct6/Drivers/STM32F4xx_HAL_Driver/Inc/stm32f4xx_ll_bus.h ****   *         APB1ENR     I2C3EN        LL_APB1_GRP1_DisableClock\n
1291:board/stm32f401rct6/Drivers/STM32F4xx_HAL_Driver/Inc/stm32f4xx_ll_bus.h ****   *         APB1ENR     FMPI2C1EN     LL_APB1_GRP1_DisableClock\n
1292:board/stm32f401rct6/Drivers/STM32F4xx_HAL_Driver/Inc/stm32f4xx_ll_bus.h ****   *         APB1ENR     CAN1EN        LL_APB1_GRP1_DisableClock\n
1293:board/stm32f401rct6/Drivers/STM32F4xx_HAL_Driver/Inc/stm32f4xx_ll_bus.h ****   *         APB1ENR     CAN2EN        LL_APB1_GRP1_DisableClock\n
1294:board/stm32f401rct6/Drivers/STM32F4xx_HAL_Driver/Inc/stm32f4xx_ll_bus.h ****   *         APB1ENR     CAN3EN        LL_APB1_GRP1_DisableClock\n
1295:board/stm32f401rct6/Drivers/STM32F4xx_HAL_Driver/Inc/stm32f4xx_ll_bus.h ****   *         APB1ENR     CECEN         LL_APB1_GRP1_DisableClock\n
1296:board/stm32f401rct6/Drivers/STM32F4xx_HAL_Driver/Inc/stm32f4xx_ll_bus.h ****   *         APB1ENR     PWREN         LL_APB1_GRP1_DisableClock\n
1297:board/stm32f401rct6/Drivers/STM32F4xx_HAL_Driver/Inc/stm32f4xx_ll_bus.h ****   *         APB1ENR     DACEN         LL_APB1_GRP1_DisableClock\n
1298:board/stm32f401rct6/Drivers/STM32F4xx_HAL_Driver/Inc/stm32f4xx_ll_bus.h ****   *         APB1ENR     UART7EN       LL_APB1_GRP1_DisableClock\n
1299:board/stm32f401rct6/Drivers/STM32F4xx_HAL_Driver/Inc/stm32f4xx_ll_bus.h ****   *         APB1ENR     UART8EN       LL_APB1_GRP1_DisableClock\n
1300:board/stm32f401rct6/Drivers/STM32F4xx_HAL_Driver/Inc/stm32f4xx_ll_bus.h ****   *         APB1ENR     RTCAPBEN      LL_APB1_GRP1_DisableClock
1301:board/stm32f401rct6/Drivers/STM32F4xx_HAL_Driver/Inc/stm32f4xx_ll_bus.h ****   * @param  Periphs This parameter can be a combination of the following values:
1302:board/stm32f401rct6/Drivers/STM32F4xx_HAL_Driver/Inc/stm32f4xx_ll_bus.h ****   *         @arg @ref LL_APB1_GRP1_PERIPH_TIM2 (*)
1303:board/stm32f401rct6/Drivers/STM32F4xx_HAL_Driver/Inc/stm32f4xx_ll_bus.h ****   *         @arg @ref LL_APB1_GRP1_PERIPH_TIM3 (*)
1304:board/stm32f401rct6/Drivers/STM32F4xx_HAL_Driver/Inc/stm32f4xx_ll_bus.h ****   *         @arg @ref LL_APB1_GRP1_PERIPH_TIM4 (*)
1305:board/stm32f401rct6/Drivers/STM32F4xx_HAL_Driver/Inc/stm32f4xx_ll_bus.h ****   *         @arg @ref LL_APB1_GRP1_PERIPH_TIM5
1306:board/stm32f401rct6/Drivers/STM32F4xx_HAL_Driver/Inc/stm32f4xx_ll_bus.h ****   *         @arg @ref LL_APB1_GRP1_PERIPH_TIM6 (*)
1307:board/stm32f401rct6/Drivers/STM32F4xx_HAL_Driver/Inc/stm32f4xx_ll_bus.h ****   *         @arg @ref LL_APB1_GRP1_PERIPH_TIM7 (*)
1308:board/stm32f401rct6/Drivers/STM32F4xx_HAL_Driver/Inc/stm32f4xx_ll_bus.h ****   *         @arg @ref LL_APB1_GRP1_PERIPH_TIM12 (*)
1309:board/stm32f401rct6/Drivers/STM32F4xx_HAL_Driver/Inc/stm32f4xx_ll_bus.h ****   *         @arg @ref LL_APB1_GRP1_PERIPH_TIM13 (*)
1310:board/stm32f401rct6/Drivers/STM32F4xx_HAL_Driver/Inc/stm32f4xx_ll_bus.h ****   *         @arg @ref LL_APB1_GRP1_PERIPH_TIM14 (*)
1311:board/stm32f401rct6/Drivers/STM32F4xx_HAL_Driver/Inc/stm32f4xx_ll_bus.h ****   *         @arg @ref LL_APB1_GRP1_PERIPH_LPTIM1 (*)
1312:board/stm32f401rct6/Drivers/STM32F4xx_HAL_Driver/Inc/stm32f4xx_ll_bus.h ****   *         @arg @ref LL_APB1_GRP1_PERIPH_WWDG
1313:board/stm32f401rct6/Drivers/STM32F4xx_HAL_Driver/Inc/stm32f4xx_ll_bus.h ****   *         @arg @ref LL_APB1_GRP1_PERIPH_SPI2 (*)
1314:board/stm32f401rct6/Drivers/STM32F4xx_HAL_Driver/Inc/stm32f4xx_ll_bus.h ****   *         @arg @ref LL_APB1_GRP1_PERIPH_SPI3 (*)
1315:board/stm32f401rct6/Drivers/STM32F4xx_HAL_Driver/Inc/stm32f4xx_ll_bus.h ****   *         @arg @ref LL_APB1_GRP1_PERIPH_SPDIFRX (*)
1316:board/stm32f401rct6/Drivers/STM32F4xx_HAL_Driver/Inc/stm32f4xx_ll_bus.h ****   *         @arg @ref LL_APB1_GRP1_PERIPH_USART2
1317:board/stm32f401rct6/Drivers/STM32F4xx_HAL_Driver/Inc/stm32f4xx_ll_bus.h ****   *         @arg @ref LL_APB1_GRP1_PERIPH_USART3 (*)
1318:board/stm32f401rct6/Drivers/STM32F4xx_HAL_Driver/Inc/stm32f4xx_ll_bus.h ****   *         @arg @ref LL_APB1_GRP1_PERIPH_UART4 (*)
1319:board/stm32f401rct6/Drivers/STM32F4xx_HAL_Driver/Inc/stm32f4xx_ll_bus.h ****   *         @arg @ref LL_APB1_GRP1_PERIPH_UART5 (*)
ARM GAS  C:\Users\Admin\AppData\Local\Temp\ccHarYQc.s 			page 30


1320:board/stm32f401rct6/Drivers/STM32F4xx_HAL_Driver/Inc/stm32f4xx_ll_bus.h ****   *         @arg @ref LL_APB1_GRP1_PERIPH_I2C1
1321:board/stm32f401rct6/Drivers/STM32F4xx_HAL_Driver/Inc/stm32f4xx_ll_bus.h ****   *         @arg @ref LL_APB1_GRP1_PERIPH_I2C2
1322:board/stm32f401rct6/Drivers/STM32F4xx_HAL_Driver/Inc/stm32f4xx_ll_bus.h ****   *         @arg @ref LL_APB1_GRP1_PERIPH_I2C3 (*)
1323:board/stm32f401rct6/Drivers/STM32F4xx_HAL_Driver/Inc/stm32f4xx_ll_bus.h ****   *         @arg @ref LL_APB1_GRP1_PERIPH_FMPI2C1 (*)
1324:board/stm32f401rct6/Drivers/STM32F4xx_HAL_Driver/Inc/stm32f4xx_ll_bus.h ****   *         @arg @ref LL_APB1_GRP1_PERIPH_CAN1 (*)
1325:board/stm32f401rct6/Drivers/STM32F4xx_HAL_Driver/Inc/stm32f4xx_ll_bus.h ****   *         @arg @ref LL_APB1_GRP1_PERIPH_CAN2 (*)
1326:board/stm32f401rct6/Drivers/STM32F4xx_HAL_Driver/Inc/stm32f4xx_ll_bus.h ****   *         @arg @ref LL_APB1_GRP1_PERIPH_CAN3 (*)
1327:board/stm32f401rct6/Drivers/STM32F4xx_HAL_Driver/Inc/stm32f4xx_ll_bus.h ****   *         @arg @ref LL_APB1_GRP1_PERIPH_CEC (*)
1328:board/stm32f401rct6/Drivers/STM32F4xx_HAL_Driver/Inc/stm32f4xx_ll_bus.h ****   *         @arg @ref LL_APB1_GRP1_PERIPH_PWR
1329:board/stm32f401rct6/Drivers/STM32F4xx_HAL_Driver/Inc/stm32f4xx_ll_bus.h ****   *         @arg @ref LL_APB1_GRP1_PERIPH_DAC1 (*)
1330:board/stm32f401rct6/Drivers/STM32F4xx_HAL_Driver/Inc/stm32f4xx_ll_bus.h ****   *         @arg @ref LL_APB1_GRP1_PERIPH_UART7 (*)
1331:board/stm32f401rct6/Drivers/STM32F4xx_HAL_Driver/Inc/stm32f4xx_ll_bus.h ****   *         @arg @ref LL_APB1_GRP1_PERIPH_UART8 (*)
1332:board/stm32f401rct6/Drivers/STM32F4xx_HAL_Driver/Inc/stm32f4xx_ll_bus.h ****   *         @arg @ref LL_APB1_GRP1_PERIPH_RTCAPB (*)
1333:board/stm32f401rct6/Drivers/STM32F4xx_HAL_Driver/Inc/stm32f4xx_ll_bus.h ****   *
1334:board/stm32f401rct6/Drivers/STM32F4xx_HAL_Driver/Inc/stm32f4xx_ll_bus.h ****   *         (*) value not defined in all devices.
1335:board/stm32f401rct6/Drivers/STM32F4xx_HAL_Driver/Inc/stm32f4xx_ll_bus.h ****   * @retval None
1336:board/stm32f401rct6/Drivers/STM32F4xx_HAL_Driver/Inc/stm32f4xx_ll_bus.h ****   */
1337:board/stm32f401rct6/Drivers/STM32F4xx_HAL_Driver/Inc/stm32f4xx_ll_bus.h **** __STATIC_INLINE void LL_APB1_GRP1_DisableClock(uint32_t Periphs)
1338:board/stm32f401rct6/Drivers/STM32F4xx_HAL_Driver/Inc/stm32f4xx_ll_bus.h **** {
1339:board/stm32f401rct6/Drivers/STM32F4xx_HAL_Driver/Inc/stm32f4xx_ll_bus.h ****   CLEAR_BIT(RCC->APB1ENR, Periphs);
1340:board/stm32f401rct6/Drivers/STM32F4xx_HAL_Driver/Inc/stm32f4xx_ll_bus.h **** }
1341:board/stm32f401rct6/Drivers/STM32F4xx_HAL_Driver/Inc/stm32f4xx_ll_bus.h **** 
1342:board/stm32f401rct6/Drivers/STM32F4xx_HAL_Driver/Inc/stm32f4xx_ll_bus.h **** /**
1343:board/stm32f401rct6/Drivers/STM32F4xx_HAL_Driver/Inc/stm32f4xx_ll_bus.h ****   * @brief  Force APB1 peripherals reset.
1344:board/stm32f401rct6/Drivers/STM32F4xx_HAL_Driver/Inc/stm32f4xx_ll_bus.h ****   * @rmtoll APB1RSTR     TIM2RST        LL_APB1_GRP1_ForceReset\n
1345:board/stm32f401rct6/Drivers/STM32F4xx_HAL_Driver/Inc/stm32f4xx_ll_bus.h ****   *         APB1RSTR     TIM3RST        LL_APB1_GRP1_ForceReset\n
1346:board/stm32f401rct6/Drivers/STM32F4xx_HAL_Driver/Inc/stm32f4xx_ll_bus.h ****   *         APB1RSTR     TIM4RST        LL_APB1_GRP1_ForceReset\n
1347:board/stm32f401rct6/Drivers/STM32F4xx_HAL_Driver/Inc/stm32f4xx_ll_bus.h ****   *         APB1RSTR     TIM5RST        LL_APB1_GRP1_ForceReset\n
1348:board/stm32f401rct6/Drivers/STM32F4xx_HAL_Driver/Inc/stm32f4xx_ll_bus.h ****   *         APB1RSTR     TIM6RST        LL_APB1_GRP1_ForceReset\n
1349:board/stm32f401rct6/Drivers/STM32F4xx_HAL_Driver/Inc/stm32f4xx_ll_bus.h ****   *         APB1RSTR     TIM7RST        LL_APB1_GRP1_ForceReset\n
1350:board/stm32f401rct6/Drivers/STM32F4xx_HAL_Driver/Inc/stm32f4xx_ll_bus.h ****   *         APB1RSTR     TIM12RST       LL_APB1_GRP1_ForceReset\n
1351:board/stm32f401rct6/Drivers/STM32F4xx_HAL_Driver/Inc/stm32f4xx_ll_bus.h ****   *         APB1RSTR     TIM13RST       LL_APB1_GRP1_ForceReset\n
1352:board/stm32f401rct6/Drivers/STM32F4xx_HAL_Driver/Inc/stm32f4xx_ll_bus.h ****   *         APB1RSTR     TIM14RST       LL_APB1_GRP1_ForceReset\n
1353:board/stm32f401rct6/Drivers/STM32F4xx_HAL_Driver/Inc/stm32f4xx_ll_bus.h ****   *         APB1RSTR     LPTIM1RST      LL_APB1_GRP1_ForceReset\n
1354:board/stm32f401rct6/Drivers/STM32F4xx_HAL_Driver/Inc/stm32f4xx_ll_bus.h ****   *         APB1RSTR     WWDGRST        LL_APB1_GRP1_ForceReset\n
1355:board/stm32f401rct6/Drivers/STM32F4xx_HAL_Driver/Inc/stm32f4xx_ll_bus.h ****   *         APB1RSTR     SPI2RST        LL_APB1_GRP1_ForceReset\n
1356:board/stm32f401rct6/Drivers/STM32F4xx_HAL_Driver/Inc/stm32f4xx_ll_bus.h ****   *         APB1RSTR     SPI3RST        LL_APB1_GRP1_ForceReset\n
1357:board/stm32f401rct6/Drivers/STM32F4xx_HAL_Driver/Inc/stm32f4xx_ll_bus.h ****   *         APB1RSTR     SPDIFRXRST     LL_APB1_GRP1_ForceReset\n
1358:board/stm32f401rct6/Drivers/STM32F4xx_HAL_Driver/Inc/stm32f4xx_ll_bus.h ****   *         APB1RSTR     USART2RST      LL_APB1_GRP1_ForceReset\n
1359:board/stm32f401rct6/Drivers/STM32F4xx_HAL_Driver/Inc/stm32f4xx_ll_bus.h ****   *         APB1RSTR     USART3RST      LL_APB1_GRP1_ForceReset\n
1360:board/stm32f401rct6/Drivers/STM32F4xx_HAL_Driver/Inc/stm32f4xx_ll_bus.h ****   *         APB1RSTR     UART4RST       LL_APB1_GRP1_ForceReset\n
1361:board/stm32f401rct6/Drivers/STM32F4xx_HAL_Driver/Inc/stm32f4xx_ll_bus.h ****   *         APB1RSTR     UART5RST       LL_APB1_GRP1_ForceReset\n
1362:board/stm32f401rct6/Drivers/STM32F4xx_HAL_Driver/Inc/stm32f4xx_ll_bus.h ****   *         APB1RSTR     I2C1RST        LL_APB1_GRP1_ForceReset\n
1363:board/stm32f401rct6/Drivers/STM32F4xx_HAL_Driver/Inc/stm32f4xx_ll_bus.h ****   *         APB1RSTR     I2C2RST        LL_APB1_GRP1_ForceReset\n
1364:board/stm32f401rct6/Drivers/STM32F4xx_HAL_Driver/Inc/stm32f4xx_ll_bus.h ****   *         APB1RSTR     I2C3RST        LL_APB1_GRP1_ForceReset\n
1365:board/stm32f401rct6/Drivers/STM32F4xx_HAL_Driver/Inc/stm32f4xx_ll_bus.h ****   *         APB1RSTR     FMPI2C1RST     LL_APB1_GRP1_ForceReset\n
1366:board/stm32f401rct6/Drivers/STM32F4xx_HAL_Driver/Inc/stm32f4xx_ll_bus.h ****   *         APB1RSTR     CAN1RST        LL_APB1_GRP1_ForceReset\n
1367:board/stm32f401rct6/Drivers/STM32F4xx_HAL_Driver/Inc/stm32f4xx_ll_bus.h ****   *         APB1RSTR     CAN2RST        LL_APB1_GRP1_ForceReset\n
1368:board/stm32f401rct6/Drivers/STM32F4xx_HAL_Driver/Inc/stm32f4xx_ll_bus.h ****   *         APB1RSTR     CAN3RST        LL_APB1_GRP1_ForceReset\n
1369:board/stm32f401rct6/Drivers/STM32F4xx_HAL_Driver/Inc/stm32f4xx_ll_bus.h ****   *         APB1RSTR     CECRST         LL_APB1_GRP1_ForceReset\n
1370:board/stm32f401rct6/Drivers/STM32F4xx_HAL_Driver/Inc/stm32f4xx_ll_bus.h ****   *         APB1RSTR     PWRRST         LL_APB1_GRP1_ForceReset\n
1371:board/stm32f401rct6/Drivers/STM32F4xx_HAL_Driver/Inc/stm32f4xx_ll_bus.h ****   *         APB1RSTR     DACRST         LL_APB1_GRP1_ForceReset\n
1372:board/stm32f401rct6/Drivers/STM32F4xx_HAL_Driver/Inc/stm32f4xx_ll_bus.h ****   *         APB1RSTR     UART7RST       LL_APB1_GRP1_ForceReset\n
1373:board/stm32f401rct6/Drivers/STM32F4xx_HAL_Driver/Inc/stm32f4xx_ll_bus.h ****   *         APB1RSTR     UART8RST       LL_APB1_GRP1_ForceReset
1374:board/stm32f401rct6/Drivers/STM32F4xx_HAL_Driver/Inc/stm32f4xx_ll_bus.h ****   * @param  Periphs This parameter can be a combination of the following values:
1375:board/stm32f401rct6/Drivers/STM32F4xx_HAL_Driver/Inc/stm32f4xx_ll_bus.h ****   *         @arg @ref LL_APB1_GRP1_PERIPH_TIM2 (*)
1376:board/stm32f401rct6/Drivers/STM32F4xx_HAL_Driver/Inc/stm32f4xx_ll_bus.h ****   *         @arg @ref LL_APB1_GRP1_PERIPH_TIM3 (*)
ARM GAS  C:\Users\Admin\AppData\Local\Temp\ccHarYQc.s 			page 31


1377:board/stm32f401rct6/Drivers/STM32F4xx_HAL_Driver/Inc/stm32f4xx_ll_bus.h ****   *         @arg @ref LL_APB1_GRP1_PERIPH_TIM4 (*)
1378:board/stm32f401rct6/Drivers/STM32F4xx_HAL_Driver/Inc/stm32f4xx_ll_bus.h ****   *         @arg @ref LL_APB1_GRP1_PERIPH_TIM5
1379:board/stm32f401rct6/Drivers/STM32F4xx_HAL_Driver/Inc/stm32f4xx_ll_bus.h ****   *         @arg @ref LL_APB1_GRP1_PERIPH_TIM6 (*)
1380:board/stm32f401rct6/Drivers/STM32F4xx_HAL_Driver/Inc/stm32f4xx_ll_bus.h ****   *         @arg @ref LL_APB1_GRP1_PERIPH_TIM7 (*)
1381:board/stm32f401rct6/Drivers/STM32F4xx_HAL_Driver/Inc/stm32f4xx_ll_bus.h ****   *         @arg @ref LL_APB1_GRP1_PERIPH_TIM12 (*)
1382:board/stm32f401rct6/Drivers/STM32F4xx_HAL_Driver/Inc/stm32f4xx_ll_bus.h ****   *         @arg @ref LL_APB1_GRP1_PERIPH_TIM13 (*)
1383:board/stm32f401rct6/Drivers/STM32F4xx_HAL_Driver/Inc/stm32f4xx_ll_bus.h ****   *         @arg @ref LL_APB1_GRP1_PERIPH_TIM14 (*)
1384:board/stm32f401rct6/Drivers/STM32F4xx_HAL_Driver/Inc/stm32f4xx_ll_bus.h ****   *         @arg @ref LL_APB1_GRP1_PERIPH_LPTIM1 (*)
1385:board/stm32f401rct6/Drivers/STM32F4xx_HAL_Driver/Inc/stm32f4xx_ll_bus.h ****   *         @arg @ref LL_APB1_GRP1_PERIPH_WWDG
1386:board/stm32f401rct6/Drivers/STM32F4xx_HAL_Driver/Inc/stm32f4xx_ll_bus.h ****   *         @arg @ref LL_APB1_GRP1_PERIPH_SPI2 (*)
1387:board/stm32f401rct6/Drivers/STM32F4xx_HAL_Driver/Inc/stm32f4xx_ll_bus.h ****   *         @arg @ref LL_APB1_GRP1_PERIPH_SPI3 (*)
1388:board/stm32f401rct6/Drivers/STM32F4xx_HAL_Driver/Inc/stm32f4xx_ll_bus.h ****   *         @arg @ref LL_APB1_GRP1_PERIPH_SPDIFRX (*)
1389:board/stm32f401rct6/Drivers/STM32F4xx_HAL_Driver/Inc/stm32f4xx_ll_bus.h ****   *         @arg @ref LL_APB1_GRP1_PERIPH_USART2
1390:board/stm32f401rct6/Drivers/STM32F4xx_HAL_Driver/Inc/stm32f4xx_ll_bus.h ****   *         @arg @ref LL_APB1_GRP1_PERIPH_USART3 (*)
1391:board/stm32f401rct6/Drivers/STM32F4xx_HAL_Driver/Inc/stm32f4xx_ll_bus.h ****   *         @arg @ref LL_APB1_GRP1_PERIPH_UART4 (*)
1392:board/stm32f401rct6/Drivers/STM32F4xx_HAL_Driver/Inc/stm32f4xx_ll_bus.h ****   *         @arg @ref LL_APB1_GRP1_PERIPH_UART5 (*)
1393:board/stm32f401rct6/Drivers/STM32F4xx_HAL_Driver/Inc/stm32f4xx_ll_bus.h ****   *         @arg @ref LL_APB1_GRP1_PERIPH_I2C1
1394:board/stm32f401rct6/Drivers/STM32F4xx_HAL_Driver/Inc/stm32f4xx_ll_bus.h ****   *         @arg @ref LL_APB1_GRP1_PERIPH_I2C2
1395:board/stm32f401rct6/Drivers/STM32F4xx_HAL_Driver/Inc/stm32f4xx_ll_bus.h ****   *         @arg @ref LL_APB1_GRP1_PERIPH_I2C3 (*)
1396:board/stm32f401rct6/Drivers/STM32F4xx_HAL_Driver/Inc/stm32f4xx_ll_bus.h ****   *         @arg @ref LL_APB1_GRP1_PERIPH_FMPI2C1 (*)
1397:board/stm32f401rct6/Drivers/STM32F4xx_HAL_Driver/Inc/stm32f4xx_ll_bus.h ****   *         @arg @ref LL_APB1_GRP1_PERIPH_CAN1 (*)
1398:board/stm32f401rct6/Drivers/STM32F4xx_HAL_Driver/Inc/stm32f4xx_ll_bus.h ****   *         @arg @ref LL_APB1_GRP1_PERIPH_CAN2 (*)
1399:board/stm32f401rct6/Drivers/STM32F4xx_HAL_Driver/Inc/stm32f4xx_ll_bus.h ****   *         @arg @ref LL_APB1_GRP1_PERIPH_CAN3 (*)
1400:board/stm32f401rct6/Drivers/STM32F4xx_HAL_Driver/Inc/stm32f4xx_ll_bus.h ****   *         @arg @ref LL_APB1_GRP1_PERIPH_CEC (*)
1401:board/stm32f401rct6/Drivers/STM32F4xx_HAL_Driver/Inc/stm32f4xx_ll_bus.h ****   *         @arg @ref LL_APB1_GRP1_PERIPH_PWR
1402:board/stm32f401rct6/Drivers/STM32F4xx_HAL_Driver/Inc/stm32f4xx_ll_bus.h ****   *         @arg @ref LL_APB1_GRP1_PERIPH_DAC1 (*)
1403:board/stm32f401rct6/Drivers/STM32F4xx_HAL_Driver/Inc/stm32f4xx_ll_bus.h ****   *         @arg @ref LL_APB1_GRP1_PERIPH_UART7 (*)
1404:board/stm32f401rct6/Drivers/STM32F4xx_HAL_Driver/Inc/stm32f4xx_ll_bus.h ****   *         @arg @ref LL_APB1_GRP1_PERIPH_UART8 (*)
1405:board/stm32f401rct6/Drivers/STM32F4xx_HAL_Driver/Inc/stm32f4xx_ll_bus.h ****   *
1406:board/stm32f401rct6/Drivers/STM32F4xx_HAL_Driver/Inc/stm32f4xx_ll_bus.h ****   *         (*) value not defined in all devices.
1407:board/stm32f401rct6/Drivers/STM32F4xx_HAL_Driver/Inc/stm32f4xx_ll_bus.h ****   * @retval None
1408:board/stm32f401rct6/Drivers/STM32F4xx_HAL_Driver/Inc/stm32f4xx_ll_bus.h ****   */
1409:board/stm32f401rct6/Drivers/STM32F4xx_HAL_Driver/Inc/stm32f4xx_ll_bus.h **** __STATIC_INLINE void LL_APB1_GRP1_ForceReset(uint32_t Periphs)
1410:board/stm32f401rct6/Drivers/STM32F4xx_HAL_Driver/Inc/stm32f4xx_ll_bus.h **** {
1411:board/stm32f401rct6/Drivers/STM32F4xx_HAL_Driver/Inc/stm32f4xx_ll_bus.h ****   SET_BIT(RCC->APB1RSTR, Periphs);
1412:board/stm32f401rct6/Drivers/STM32F4xx_HAL_Driver/Inc/stm32f4xx_ll_bus.h **** }
1413:board/stm32f401rct6/Drivers/STM32F4xx_HAL_Driver/Inc/stm32f4xx_ll_bus.h **** 
1414:board/stm32f401rct6/Drivers/STM32F4xx_HAL_Driver/Inc/stm32f4xx_ll_bus.h **** /**
1415:board/stm32f401rct6/Drivers/STM32F4xx_HAL_Driver/Inc/stm32f4xx_ll_bus.h ****   * @brief  Release APB1 peripherals reset.
1416:board/stm32f401rct6/Drivers/STM32F4xx_HAL_Driver/Inc/stm32f4xx_ll_bus.h ****   * @rmtoll APB1RSTR     TIM2RST        LL_APB1_GRP1_ReleaseReset\n
1417:board/stm32f401rct6/Drivers/STM32F4xx_HAL_Driver/Inc/stm32f4xx_ll_bus.h ****   *         APB1RSTR     TIM3RST        LL_APB1_GRP1_ReleaseReset\n
1418:board/stm32f401rct6/Drivers/STM32F4xx_HAL_Driver/Inc/stm32f4xx_ll_bus.h ****   *         APB1RSTR     TIM4RST        LL_APB1_GRP1_ReleaseReset\n
1419:board/stm32f401rct6/Drivers/STM32F4xx_HAL_Driver/Inc/stm32f4xx_ll_bus.h ****   *         APB1RSTR     TIM5RST        LL_APB1_GRP1_ReleaseReset\n
1420:board/stm32f401rct6/Drivers/STM32F4xx_HAL_Driver/Inc/stm32f4xx_ll_bus.h ****   *         APB1RSTR     TIM6RST        LL_APB1_GRP1_ReleaseReset\n
1421:board/stm32f401rct6/Drivers/STM32F4xx_HAL_Driver/Inc/stm32f4xx_ll_bus.h ****   *         APB1RSTR     TIM7RST        LL_APB1_GRP1_ReleaseReset\n
1422:board/stm32f401rct6/Drivers/STM32F4xx_HAL_Driver/Inc/stm32f4xx_ll_bus.h ****   *         APB1RSTR     TIM12RST       LL_APB1_GRP1_ReleaseReset\n
1423:board/stm32f401rct6/Drivers/STM32F4xx_HAL_Driver/Inc/stm32f4xx_ll_bus.h ****   *         APB1RSTR     TIM13RST       LL_APB1_GRP1_ReleaseReset\n
1424:board/stm32f401rct6/Drivers/STM32F4xx_HAL_Driver/Inc/stm32f4xx_ll_bus.h ****   *         APB1RSTR     TIM14RST       LL_APB1_GRP1_ReleaseReset\n
1425:board/stm32f401rct6/Drivers/STM32F4xx_HAL_Driver/Inc/stm32f4xx_ll_bus.h ****   *         APB1RSTR     LPTIM1RST      LL_APB1_GRP1_ReleaseReset\n
1426:board/stm32f401rct6/Drivers/STM32F4xx_HAL_Driver/Inc/stm32f4xx_ll_bus.h ****   *         APB1RSTR     WWDGRST        LL_APB1_GRP1_ReleaseReset\n
1427:board/stm32f401rct6/Drivers/STM32F4xx_HAL_Driver/Inc/stm32f4xx_ll_bus.h ****   *         APB1RSTR     SPI2RST        LL_APB1_GRP1_ReleaseReset\n
1428:board/stm32f401rct6/Drivers/STM32F4xx_HAL_Driver/Inc/stm32f4xx_ll_bus.h ****   *         APB1RSTR     SPI3RST        LL_APB1_GRP1_ReleaseReset\n
1429:board/stm32f401rct6/Drivers/STM32F4xx_HAL_Driver/Inc/stm32f4xx_ll_bus.h ****   *         APB1RSTR     SPDIFRXRST     LL_APB1_GRP1_ReleaseReset\n
1430:board/stm32f401rct6/Drivers/STM32F4xx_HAL_Driver/Inc/stm32f4xx_ll_bus.h ****   *         APB1RSTR     USART2RST      LL_APB1_GRP1_ReleaseReset\n
1431:board/stm32f401rct6/Drivers/STM32F4xx_HAL_Driver/Inc/stm32f4xx_ll_bus.h ****   *         APB1RSTR     USART3RST      LL_APB1_GRP1_ReleaseReset\n
1432:board/stm32f401rct6/Drivers/STM32F4xx_HAL_Driver/Inc/stm32f4xx_ll_bus.h ****   *         APB1RSTR     UART4RST       LL_APB1_GRP1_ReleaseReset\n
1433:board/stm32f401rct6/Drivers/STM32F4xx_HAL_Driver/Inc/stm32f4xx_ll_bus.h ****   *         APB1RSTR     UART5RST       LL_APB1_GRP1_ReleaseReset\n
ARM GAS  C:\Users\Admin\AppData\Local\Temp\ccHarYQc.s 			page 32


1434:board/stm32f401rct6/Drivers/STM32F4xx_HAL_Driver/Inc/stm32f4xx_ll_bus.h ****   *         APB1RSTR     I2C1RST        LL_APB1_GRP1_ReleaseReset\n
1435:board/stm32f401rct6/Drivers/STM32F4xx_HAL_Driver/Inc/stm32f4xx_ll_bus.h ****   *         APB1RSTR     I2C2RST        LL_APB1_GRP1_ReleaseReset\n
1436:board/stm32f401rct6/Drivers/STM32F4xx_HAL_Driver/Inc/stm32f4xx_ll_bus.h ****   *         APB1RSTR     I2C3RST        LL_APB1_GRP1_ReleaseReset\n
1437:board/stm32f401rct6/Drivers/STM32F4xx_HAL_Driver/Inc/stm32f4xx_ll_bus.h ****   *         APB1RSTR     FMPI2C1RST     LL_APB1_GRP1_ReleaseReset\n
1438:board/stm32f401rct6/Drivers/STM32F4xx_HAL_Driver/Inc/stm32f4xx_ll_bus.h ****   *         APB1RSTR     CAN1RST        LL_APB1_GRP1_ReleaseReset\n
1439:board/stm32f401rct6/Drivers/STM32F4xx_HAL_Driver/Inc/stm32f4xx_ll_bus.h ****   *         APB1RSTR     CAN2RST        LL_APB1_GRP1_ReleaseReset\n
1440:board/stm32f401rct6/Drivers/STM32F4xx_HAL_Driver/Inc/stm32f4xx_ll_bus.h ****   *         APB1RSTR     CAN3RST        LL_APB1_GRP1_ReleaseReset\n
1441:board/stm32f401rct6/Drivers/STM32F4xx_HAL_Driver/Inc/stm32f4xx_ll_bus.h ****   *         APB1RSTR     CECRST         LL_APB1_GRP1_ReleaseReset\n
1442:board/stm32f401rct6/Drivers/STM32F4xx_HAL_Driver/Inc/stm32f4xx_ll_bus.h ****   *         APB1RSTR     PWRRST         LL_APB1_GRP1_ReleaseReset\n
1443:board/stm32f401rct6/Drivers/STM32F4xx_HAL_Driver/Inc/stm32f4xx_ll_bus.h ****   *         APB1RSTR     DACRST         LL_APB1_GRP1_ReleaseReset\n
1444:board/stm32f401rct6/Drivers/STM32F4xx_HAL_Driver/Inc/stm32f4xx_ll_bus.h ****   *         APB1RSTR     UART7RST       LL_APB1_GRP1_ReleaseReset\n
1445:board/stm32f401rct6/Drivers/STM32F4xx_HAL_Driver/Inc/stm32f4xx_ll_bus.h ****   *         APB1RSTR     UART8RST       LL_APB1_GRP1_ReleaseReset
1446:board/stm32f401rct6/Drivers/STM32F4xx_HAL_Driver/Inc/stm32f4xx_ll_bus.h ****   * @param  Periphs This parameter can be a combination of the following values:
1447:board/stm32f401rct6/Drivers/STM32F4xx_HAL_Driver/Inc/stm32f4xx_ll_bus.h ****   *         @arg @ref LL_APB1_GRP1_PERIPH_TIM2 (*)
1448:board/stm32f401rct6/Drivers/STM32F4xx_HAL_Driver/Inc/stm32f4xx_ll_bus.h ****   *         @arg @ref LL_APB1_GRP1_PERIPH_TIM3 (*)
1449:board/stm32f401rct6/Drivers/STM32F4xx_HAL_Driver/Inc/stm32f4xx_ll_bus.h ****   *         @arg @ref LL_APB1_GRP1_PERIPH_TIM4 (*)
1450:board/stm32f401rct6/Drivers/STM32F4xx_HAL_Driver/Inc/stm32f4xx_ll_bus.h ****   *         @arg @ref LL_APB1_GRP1_PERIPH_TIM5
1451:board/stm32f401rct6/Drivers/STM32F4xx_HAL_Driver/Inc/stm32f4xx_ll_bus.h ****   *         @arg @ref LL_APB1_GRP1_PERIPH_TIM6 (*)
1452:board/stm32f401rct6/Drivers/STM32F4xx_HAL_Driver/Inc/stm32f4xx_ll_bus.h ****   *         @arg @ref LL_APB1_GRP1_PERIPH_TIM7 (*)
1453:board/stm32f401rct6/Drivers/STM32F4xx_HAL_Driver/Inc/stm32f4xx_ll_bus.h ****   *         @arg @ref LL_APB1_GRP1_PERIPH_TIM12 (*)
1454:board/stm32f401rct6/Drivers/STM32F4xx_HAL_Driver/Inc/stm32f4xx_ll_bus.h ****   *         @arg @ref LL_APB1_GRP1_PERIPH_TIM13 (*)
1455:board/stm32f401rct6/Drivers/STM32F4xx_HAL_Driver/Inc/stm32f4xx_ll_bus.h ****   *         @arg @ref LL_APB1_GRP1_PERIPH_TIM14 (*)
1456:board/stm32f401rct6/Drivers/STM32F4xx_HAL_Driver/Inc/stm32f4xx_ll_bus.h ****   *         @arg @ref LL_APB1_GRP1_PERIPH_LPTIM1 (*)
1457:board/stm32f401rct6/Drivers/STM32F4xx_HAL_Driver/Inc/stm32f4xx_ll_bus.h ****   *         @arg @ref LL_APB1_GRP1_PERIPH_WWDG
1458:board/stm32f401rct6/Drivers/STM32F4xx_HAL_Driver/Inc/stm32f4xx_ll_bus.h ****   *         @arg @ref LL_APB1_GRP1_PERIPH_SPI2 (*)
1459:board/stm32f401rct6/Drivers/STM32F4xx_HAL_Driver/Inc/stm32f4xx_ll_bus.h ****   *         @arg @ref LL_APB1_GRP1_PERIPH_SPI3 (*)
1460:board/stm32f401rct6/Drivers/STM32F4xx_HAL_Driver/Inc/stm32f4xx_ll_bus.h ****   *         @arg @ref LL_APB1_GRP1_PERIPH_SPDIFRX (*)
1461:board/stm32f401rct6/Drivers/STM32F4xx_HAL_Driver/Inc/stm32f4xx_ll_bus.h ****   *         @arg @ref LL_APB1_GRP1_PERIPH_USART2
1462:board/stm32f401rct6/Drivers/STM32F4xx_HAL_Driver/Inc/stm32f4xx_ll_bus.h ****   *         @arg @ref LL_APB1_GRP1_PERIPH_USART3 (*)
1463:board/stm32f401rct6/Drivers/STM32F4xx_HAL_Driver/Inc/stm32f4xx_ll_bus.h ****   *         @arg @ref LL_APB1_GRP1_PERIPH_UART4 (*)
1464:board/stm32f401rct6/Drivers/STM32F4xx_HAL_Driver/Inc/stm32f4xx_ll_bus.h ****   *         @arg @ref LL_APB1_GRP1_PERIPH_UART5 (*)
1465:board/stm32f401rct6/Drivers/STM32F4xx_HAL_Driver/Inc/stm32f4xx_ll_bus.h ****   *         @arg @ref LL_APB1_GRP1_PERIPH_I2C1
1466:board/stm32f401rct6/Drivers/STM32F4xx_HAL_Driver/Inc/stm32f4xx_ll_bus.h ****   *         @arg @ref LL_APB1_GRP1_PERIPH_I2C2
1467:board/stm32f401rct6/Drivers/STM32F4xx_HAL_Driver/Inc/stm32f4xx_ll_bus.h ****   *         @arg @ref LL_APB1_GRP1_PERIPH_I2C3 (*)
1468:board/stm32f401rct6/Drivers/STM32F4xx_HAL_Driver/Inc/stm32f4xx_ll_bus.h ****   *         @arg @ref LL_APB1_GRP1_PERIPH_FMPI2C1 (*)
1469:board/stm32f401rct6/Drivers/STM32F4xx_HAL_Driver/Inc/stm32f4xx_ll_bus.h ****   *         @arg @ref LL_APB1_GRP1_PERIPH_CAN1 (*)
1470:board/stm32f401rct6/Drivers/STM32F4xx_HAL_Driver/Inc/stm32f4xx_ll_bus.h ****   *         @arg @ref LL_APB1_GRP1_PERIPH_CAN2 (*)
1471:board/stm32f401rct6/Drivers/STM32F4xx_HAL_Driver/Inc/stm32f4xx_ll_bus.h ****   *         @arg @ref LL_APB1_GRP1_PERIPH_CAN3 (*)
1472:board/stm32f401rct6/Drivers/STM32F4xx_HAL_Driver/Inc/stm32f4xx_ll_bus.h ****   *         @arg @ref LL_APB1_GRP1_PERIPH_CEC (*)
1473:board/stm32f401rct6/Drivers/STM32F4xx_HAL_Driver/Inc/stm32f4xx_ll_bus.h ****   *         @arg @ref LL_APB1_GRP1_PERIPH_PWR
1474:board/stm32f401rct6/Drivers/STM32F4xx_HAL_Driver/Inc/stm32f4xx_ll_bus.h ****   *         @arg @ref LL_APB1_GRP1_PERIPH_DAC1 (*)
1475:board/stm32f401rct6/Drivers/STM32F4xx_HAL_Driver/Inc/stm32f4xx_ll_bus.h ****   *         @arg @ref LL_APB1_GRP1_PERIPH_UART7 (*)
1476:board/stm32f401rct6/Drivers/STM32F4xx_HAL_Driver/Inc/stm32f4xx_ll_bus.h ****   *         @arg @ref LL_APB1_GRP1_PERIPH_UART8 (*)
1477:board/stm32f401rct6/Drivers/STM32F4xx_HAL_Driver/Inc/stm32f4xx_ll_bus.h ****   *
1478:board/stm32f401rct6/Drivers/STM32F4xx_HAL_Driver/Inc/stm32f4xx_ll_bus.h ****   *         (*) value not defined in all devices.
1479:board/stm32f401rct6/Drivers/STM32F4xx_HAL_Driver/Inc/stm32f4xx_ll_bus.h ****   * @retval None
1480:board/stm32f401rct6/Drivers/STM32F4xx_HAL_Driver/Inc/stm32f4xx_ll_bus.h ****   */
1481:board/stm32f401rct6/Drivers/STM32F4xx_HAL_Driver/Inc/stm32f4xx_ll_bus.h **** __STATIC_INLINE void LL_APB1_GRP1_ReleaseReset(uint32_t Periphs)
1482:board/stm32f401rct6/Drivers/STM32F4xx_HAL_Driver/Inc/stm32f4xx_ll_bus.h **** {
1483:board/stm32f401rct6/Drivers/STM32F4xx_HAL_Driver/Inc/stm32f4xx_ll_bus.h ****   CLEAR_BIT(RCC->APB1RSTR, Periphs);
1484:board/stm32f401rct6/Drivers/STM32F4xx_HAL_Driver/Inc/stm32f4xx_ll_bus.h **** }
1485:board/stm32f401rct6/Drivers/STM32F4xx_HAL_Driver/Inc/stm32f4xx_ll_bus.h **** 
1486:board/stm32f401rct6/Drivers/STM32F4xx_HAL_Driver/Inc/stm32f4xx_ll_bus.h **** /**
1487:board/stm32f401rct6/Drivers/STM32F4xx_HAL_Driver/Inc/stm32f4xx_ll_bus.h ****   * @brief  Enable APB1 peripheral clocks in low-power mode
1488:board/stm32f401rct6/Drivers/STM32F4xx_HAL_Driver/Inc/stm32f4xx_ll_bus.h ****   * @rmtoll APB1LPENR     TIM2LPEN        LL_APB1_GRP1_EnableClockLowPower\n
1489:board/stm32f401rct6/Drivers/STM32F4xx_HAL_Driver/Inc/stm32f4xx_ll_bus.h ****   *         APB1LPENR     TIM3LPEN        LL_APB1_GRP1_EnableClockLowPower\n
1490:board/stm32f401rct6/Drivers/STM32F4xx_HAL_Driver/Inc/stm32f4xx_ll_bus.h ****   *         APB1LPENR     TIM4LPEN        LL_APB1_GRP1_EnableClockLowPower\n
ARM GAS  C:\Users\Admin\AppData\Local\Temp\ccHarYQc.s 			page 33


1491:board/stm32f401rct6/Drivers/STM32F4xx_HAL_Driver/Inc/stm32f4xx_ll_bus.h ****   *         APB1LPENR     TIM5LPEN        LL_APB1_GRP1_EnableClockLowPower\n
1492:board/stm32f401rct6/Drivers/STM32F4xx_HAL_Driver/Inc/stm32f4xx_ll_bus.h ****   *         APB1LPENR     TIM6LPEN        LL_APB1_GRP1_EnableClockLowPower\n
1493:board/stm32f401rct6/Drivers/STM32F4xx_HAL_Driver/Inc/stm32f4xx_ll_bus.h ****   *         APB1LPENR     TIM7LPEN        LL_APB1_GRP1_EnableClockLowPower\n
1494:board/stm32f401rct6/Drivers/STM32F4xx_HAL_Driver/Inc/stm32f4xx_ll_bus.h ****   *         APB1LPENR     TIM12LPEN       LL_APB1_GRP1_EnableClockLowPower\n
1495:board/stm32f401rct6/Drivers/STM32F4xx_HAL_Driver/Inc/stm32f4xx_ll_bus.h ****   *         APB1LPENR     TIM13LPEN       LL_APB1_GRP1_EnableClockLowPower\n
1496:board/stm32f401rct6/Drivers/STM32F4xx_HAL_Driver/Inc/stm32f4xx_ll_bus.h ****   *         APB1LPENR     TIM14LPEN       LL_APB1_GRP1_EnableClockLowPower\n
1497:board/stm32f401rct6/Drivers/STM32F4xx_HAL_Driver/Inc/stm32f4xx_ll_bus.h ****   *         APB1LPENR     LPTIM1LPEN      LL_APB1_GRP1_EnableClockLowPower\n
1498:board/stm32f401rct6/Drivers/STM32F4xx_HAL_Driver/Inc/stm32f4xx_ll_bus.h ****   *         APB1LPENR     WWDGLPEN        LL_APB1_GRP1_EnableClockLowPower\n
1499:board/stm32f401rct6/Drivers/STM32F4xx_HAL_Driver/Inc/stm32f4xx_ll_bus.h ****   *         APB1LPENR     SPI2LPEN        LL_APB1_GRP1_EnableClockLowPower\n
1500:board/stm32f401rct6/Drivers/STM32F4xx_HAL_Driver/Inc/stm32f4xx_ll_bus.h ****   *         APB1LPENR     SPI3LPEN        LL_APB1_GRP1_EnableClockLowPower\n
1501:board/stm32f401rct6/Drivers/STM32F4xx_HAL_Driver/Inc/stm32f4xx_ll_bus.h ****   *         APB1LPENR     SPDIFRXLPEN     LL_APB1_GRP1_EnableClockLowPower\n
1502:board/stm32f401rct6/Drivers/STM32F4xx_HAL_Driver/Inc/stm32f4xx_ll_bus.h ****   *         APB1LPENR     USART2LPEN      LL_APB1_GRP1_EnableClockLowPower\n
1503:board/stm32f401rct6/Drivers/STM32F4xx_HAL_Driver/Inc/stm32f4xx_ll_bus.h ****   *         APB1LPENR     USART3LPEN      LL_APB1_GRP1_EnableClockLowPower\n
1504:board/stm32f401rct6/Drivers/STM32F4xx_HAL_Driver/Inc/stm32f4xx_ll_bus.h ****   *         APB1LPENR     UART4LPEN       LL_APB1_GRP1_EnableClockLowPower\n
1505:board/stm32f401rct6/Drivers/STM32F4xx_HAL_Driver/Inc/stm32f4xx_ll_bus.h ****   *         APB1LPENR     UART5LPEN       LL_APB1_GRP1_EnableClockLowPower\n
1506:board/stm32f401rct6/Drivers/STM32F4xx_HAL_Driver/Inc/stm32f4xx_ll_bus.h ****   *         APB1LPENR     I2C1LPEN        LL_APB1_GRP1_EnableClockLowPower\n
1507:board/stm32f401rct6/Drivers/STM32F4xx_HAL_Driver/Inc/stm32f4xx_ll_bus.h ****   *         APB1LPENR     I2C2LPEN        LL_APB1_GRP1_EnableClockLowPower\n
1508:board/stm32f401rct6/Drivers/STM32F4xx_HAL_Driver/Inc/stm32f4xx_ll_bus.h ****   *         APB1LPENR     I2C3LPEN        LL_APB1_GRP1_EnableClockLowPower\n
1509:board/stm32f401rct6/Drivers/STM32F4xx_HAL_Driver/Inc/stm32f4xx_ll_bus.h ****   *         APB1LPENR     FMPI2C1LPEN     LL_APB1_GRP1_EnableClockLowPower\n
1510:board/stm32f401rct6/Drivers/STM32F4xx_HAL_Driver/Inc/stm32f4xx_ll_bus.h ****   *         APB1LPENR     CAN1LPEN        LL_APB1_GRP1_EnableClockLowPower\n
1511:board/stm32f401rct6/Drivers/STM32F4xx_HAL_Driver/Inc/stm32f4xx_ll_bus.h ****   *         APB1LPENR     CAN2LPEN        LL_APB1_GRP1_EnableClockLowPower\n
1512:board/stm32f401rct6/Drivers/STM32F4xx_HAL_Driver/Inc/stm32f4xx_ll_bus.h ****   *         APB1LPENR     CAN3LPEN        LL_APB1_GRP1_EnableClockLowPower\n
1513:board/stm32f401rct6/Drivers/STM32F4xx_HAL_Driver/Inc/stm32f4xx_ll_bus.h ****   *         APB1LPENR     CECLPEN         LL_APB1_GRP1_EnableClockLowPower\n
1514:board/stm32f401rct6/Drivers/STM32F4xx_HAL_Driver/Inc/stm32f4xx_ll_bus.h ****   *         APB1LPENR     PWRLPEN         LL_APB1_GRP1_EnableClockLowPower\n
1515:board/stm32f401rct6/Drivers/STM32F4xx_HAL_Driver/Inc/stm32f4xx_ll_bus.h ****   *         APB1LPENR     DACLPEN         LL_APB1_GRP1_EnableClockLowPower\n
1516:board/stm32f401rct6/Drivers/STM32F4xx_HAL_Driver/Inc/stm32f4xx_ll_bus.h ****   *         APB1LPENR     UART7LPEN       LL_APB1_GRP1_EnableClockLowPower\n
1517:board/stm32f401rct6/Drivers/STM32F4xx_HAL_Driver/Inc/stm32f4xx_ll_bus.h ****   *         APB1LPENR     UART8LPEN       LL_APB1_GRP1_EnableClockLowPower\n
1518:board/stm32f401rct6/Drivers/STM32F4xx_HAL_Driver/Inc/stm32f4xx_ll_bus.h ****   *         APB1LPENR     RTCAPBLPEN      LL_APB1_GRP1_EnableClockLowPower
1519:board/stm32f401rct6/Drivers/STM32F4xx_HAL_Driver/Inc/stm32f4xx_ll_bus.h ****   * @param  Periphs This parameter can be a combination of the following values:
1520:board/stm32f401rct6/Drivers/STM32F4xx_HAL_Driver/Inc/stm32f4xx_ll_bus.h ****   *         @arg @ref LL_APB1_GRP1_PERIPH_TIM2 (*)
1521:board/stm32f401rct6/Drivers/STM32F4xx_HAL_Driver/Inc/stm32f4xx_ll_bus.h ****   *         @arg @ref LL_APB1_GRP1_PERIPH_TIM3 (*)
1522:board/stm32f401rct6/Drivers/STM32F4xx_HAL_Driver/Inc/stm32f4xx_ll_bus.h ****   *         @arg @ref LL_APB1_GRP1_PERIPH_TIM4 (*)
1523:board/stm32f401rct6/Drivers/STM32F4xx_HAL_Driver/Inc/stm32f4xx_ll_bus.h ****   *         @arg @ref LL_APB1_GRP1_PERIPH_TIM5
1524:board/stm32f401rct6/Drivers/STM32F4xx_HAL_Driver/Inc/stm32f4xx_ll_bus.h ****   *         @arg @ref LL_APB1_GRP1_PERIPH_TIM6 (*)
1525:board/stm32f401rct6/Drivers/STM32F4xx_HAL_Driver/Inc/stm32f4xx_ll_bus.h ****   *         @arg @ref LL_APB1_GRP1_PERIPH_TIM7 (*)
1526:board/stm32f401rct6/Drivers/STM32F4xx_HAL_Driver/Inc/stm32f4xx_ll_bus.h ****   *         @arg @ref LL_APB1_GRP1_PERIPH_TIM12 (*)
1527:board/stm32f401rct6/Drivers/STM32F4xx_HAL_Driver/Inc/stm32f4xx_ll_bus.h ****   *         @arg @ref LL_APB1_GRP1_PERIPH_TIM13 (*)
1528:board/stm32f401rct6/Drivers/STM32F4xx_HAL_Driver/Inc/stm32f4xx_ll_bus.h ****   *         @arg @ref LL_APB1_GRP1_PERIPH_TIM14 (*)
1529:board/stm32f401rct6/Drivers/STM32F4xx_HAL_Driver/Inc/stm32f4xx_ll_bus.h ****   *         @arg @ref LL_APB1_GRP1_PERIPH_LPTIM1 (*)
1530:board/stm32f401rct6/Drivers/STM32F4xx_HAL_Driver/Inc/stm32f4xx_ll_bus.h ****   *         @arg @ref LL_APB1_GRP1_PERIPH_WWDG
1531:board/stm32f401rct6/Drivers/STM32F4xx_HAL_Driver/Inc/stm32f4xx_ll_bus.h ****   *         @arg @ref LL_APB1_GRP1_PERIPH_SPI2 (*)
1532:board/stm32f401rct6/Drivers/STM32F4xx_HAL_Driver/Inc/stm32f4xx_ll_bus.h ****   *         @arg @ref LL_APB1_GRP1_PERIPH_SPI3 (*)
1533:board/stm32f401rct6/Drivers/STM32F4xx_HAL_Driver/Inc/stm32f4xx_ll_bus.h ****   *         @arg @ref LL_APB1_GRP1_PERIPH_SPDIFRX (*)
1534:board/stm32f401rct6/Drivers/STM32F4xx_HAL_Driver/Inc/stm32f4xx_ll_bus.h ****   *         @arg @ref LL_APB1_GRP1_PERIPH_USART2
1535:board/stm32f401rct6/Drivers/STM32F4xx_HAL_Driver/Inc/stm32f4xx_ll_bus.h ****   *         @arg @ref LL_APB1_GRP1_PERIPH_USART3 (*)
1536:board/stm32f401rct6/Drivers/STM32F4xx_HAL_Driver/Inc/stm32f4xx_ll_bus.h ****   *         @arg @ref LL_APB1_GRP1_PERIPH_UART4 (*)
1537:board/stm32f401rct6/Drivers/STM32F4xx_HAL_Driver/Inc/stm32f4xx_ll_bus.h ****   *         @arg @ref LL_APB1_GRP1_PERIPH_UART5 (*)
1538:board/stm32f401rct6/Drivers/STM32F4xx_HAL_Driver/Inc/stm32f4xx_ll_bus.h ****   *         @arg @ref LL_APB1_GRP1_PERIPH_I2C1
1539:board/stm32f401rct6/Drivers/STM32F4xx_HAL_Driver/Inc/stm32f4xx_ll_bus.h ****   *         @arg @ref LL_APB1_GRP1_PERIPH_I2C2
1540:board/stm32f401rct6/Drivers/STM32F4xx_HAL_Driver/Inc/stm32f4xx_ll_bus.h ****   *         @arg @ref LL_APB1_GRP1_PERIPH_I2C3 (*)
1541:board/stm32f401rct6/Drivers/STM32F4xx_HAL_Driver/Inc/stm32f4xx_ll_bus.h ****   *         @arg @ref LL_APB1_GRP1_PERIPH_FMPI2C1 (*)
1542:board/stm32f401rct6/Drivers/STM32F4xx_HAL_Driver/Inc/stm32f4xx_ll_bus.h ****   *         @arg @ref LL_APB1_GRP1_PERIPH_CAN1 (*)
1543:board/stm32f401rct6/Drivers/STM32F4xx_HAL_Driver/Inc/stm32f4xx_ll_bus.h ****   *         @arg @ref LL_APB1_GRP1_PERIPH_CAN2 (*)
1544:board/stm32f401rct6/Drivers/STM32F4xx_HAL_Driver/Inc/stm32f4xx_ll_bus.h ****   *         @arg @ref LL_APB1_GRP1_PERIPH_CAN3 (*)
1545:board/stm32f401rct6/Drivers/STM32F4xx_HAL_Driver/Inc/stm32f4xx_ll_bus.h ****   *         @arg @ref LL_APB1_GRP1_PERIPH_CEC (*)
1546:board/stm32f401rct6/Drivers/STM32F4xx_HAL_Driver/Inc/stm32f4xx_ll_bus.h ****   *         @arg @ref LL_APB1_GRP1_PERIPH_PWR
1547:board/stm32f401rct6/Drivers/STM32F4xx_HAL_Driver/Inc/stm32f4xx_ll_bus.h ****   *         @arg @ref LL_APB1_GRP1_PERIPH_DAC1 (*)
ARM GAS  C:\Users\Admin\AppData\Local\Temp\ccHarYQc.s 			page 34


1548:board/stm32f401rct6/Drivers/STM32F4xx_HAL_Driver/Inc/stm32f4xx_ll_bus.h ****   *         @arg @ref LL_APB1_GRP1_PERIPH_UART7 (*)
1549:board/stm32f401rct6/Drivers/STM32F4xx_HAL_Driver/Inc/stm32f4xx_ll_bus.h ****   *         @arg @ref LL_APB1_GRP1_PERIPH_UART8 (*)
1550:board/stm32f401rct6/Drivers/STM32F4xx_HAL_Driver/Inc/stm32f4xx_ll_bus.h ****   *         @arg @ref LL_APB1_GRP1_PERIPH_RTCAPB (*)
1551:board/stm32f401rct6/Drivers/STM32F4xx_HAL_Driver/Inc/stm32f4xx_ll_bus.h ****   *
1552:board/stm32f401rct6/Drivers/STM32F4xx_HAL_Driver/Inc/stm32f4xx_ll_bus.h ****   *         (*) value not defined in all devices.
1553:board/stm32f401rct6/Drivers/STM32F4xx_HAL_Driver/Inc/stm32f4xx_ll_bus.h ****   * @retval None
1554:board/stm32f401rct6/Drivers/STM32F4xx_HAL_Driver/Inc/stm32f4xx_ll_bus.h ****   */
1555:board/stm32f401rct6/Drivers/STM32F4xx_HAL_Driver/Inc/stm32f4xx_ll_bus.h **** __STATIC_INLINE void LL_APB1_GRP1_EnableClockLowPower(uint32_t Periphs)
1556:board/stm32f401rct6/Drivers/STM32F4xx_HAL_Driver/Inc/stm32f4xx_ll_bus.h **** {
1557:board/stm32f401rct6/Drivers/STM32F4xx_HAL_Driver/Inc/stm32f4xx_ll_bus.h ****   __IO uint32_t tmpreg;
1558:board/stm32f401rct6/Drivers/STM32F4xx_HAL_Driver/Inc/stm32f4xx_ll_bus.h ****   SET_BIT(RCC->APB1LPENR, Periphs);
1559:board/stm32f401rct6/Drivers/STM32F4xx_HAL_Driver/Inc/stm32f4xx_ll_bus.h ****   /* Delay after an RCC peripheral clock enabling */
1560:board/stm32f401rct6/Drivers/STM32F4xx_HAL_Driver/Inc/stm32f4xx_ll_bus.h ****   tmpreg = READ_BIT(RCC->APB1LPENR, Periphs);
1561:board/stm32f401rct6/Drivers/STM32F4xx_HAL_Driver/Inc/stm32f4xx_ll_bus.h ****   (void)tmpreg;
1562:board/stm32f401rct6/Drivers/STM32F4xx_HAL_Driver/Inc/stm32f4xx_ll_bus.h **** }
1563:board/stm32f401rct6/Drivers/STM32F4xx_HAL_Driver/Inc/stm32f4xx_ll_bus.h **** 
1564:board/stm32f401rct6/Drivers/STM32F4xx_HAL_Driver/Inc/stm32f4xx_ll_bus.h **** /**
1565:board/stm32f401rct6/Drivers/STM32F4xx_HAL_Driver/Inc/stm32f4xx_ll_bus.h ****   * @brief  Disable APB1 peripheral clocks in low-power mode
1566:board/stm32f401rct6/Drivers/STM32F4xx_HAL_Driver/Inc/stm32f4xx_ll_bus.h ****   * @rmtoll APB1LPENR     TIM2LPEN        LL_APB1_GRP1_DisableClockLowPower\n
1567:board/stm32f401rct6/Drivers/STM32F4xx_HAL_Driver/Inc/stm32f4xx_ll_bus.h ****   *         APB1LPENR     TIM3LPEN        LL_APB1_GRP1_DisableClockLowPower\n
1568:board/stm32f401rct6/Drivers/STM32F4xx_HAL_Driver/Inc/stm32f4xx_ll_bus.h ****   *         APB1LPENR     TIM4LPEN        LL_APB1_GRP1_DisableClockLowPower\n
1569:board/stm32f401rct6/Drivers/STM32F4xx_HAL_Driver/Inc/stm32f4xx_ll_bus.h ****   *         APB1LPENR     TIM5LPEN        LL_APB1_GRP1_DisableClockLowPower\n
1570:board/stm32f401rct6/Drivers/STM32F4xx_HAL_Driver/Inc/stm32f4xx_ll_bus.h ****   *         APB1LPENR     TIM6LPEN        LL_APB1_GRP1_DisableClockLowPower\n
1571:board/stm32f401rct6/Drivers/STM32F4xx_HAL_Driver/Inc/stm32f4xx_ll_bus.h ****   *         APB1LPENR     TIM7LPEN        LL_APB1_GRP1_DisableClockLowPower\n
1572:board/stm32f401rct6/Drivers/STM32F4xx_HAL_Driver/Inc/stm32f4xx_ll_bus.h ****   *         APB1LPENR     TIM12LPEN       LL_APB1_GRP1_DisableClockLowPower\n
1573:board/stm32f401rct6/Drivers/STM32F4xx_HAL_Driver/Inc/stm32f4xx_ll_bus.h ****   *         APB1LPENR     TIM13LPEN       LL_APB1_GRP1_DisableClockLowPower\n
1574:board/stm32f401rct6/Drivers/STM32F4xx_HAL_Driver/Inc/stm32f4xx_ll_bus.h ****   *         APB1LPENR     TIM14LPEN       LL_APB1_GRP1_DisableClockLowPower\n
1575:board/stm32f401rct6/Drivers/STM32F4xx_HAL_Driver/Inc/stm32f4xx_ll_bus.h ****   *         APB1LPENR     LPTIM1LPEN      LL_APB1_GRP1_DisableClockLowPower\n
1576:board/stm32f401rct6/Drivers/STM32F4xx_HAL_Driver/Inc/stm32f4xx_ll_bus.h ****   *         APB1LPENR     WWDGLPEN        LL_APB1_GRP1_DisableClockLowPower\n
1577:board/stm32f401rct6/Drivers/STM32F4xx_HAL_Driver/Inc/stm32f4xx_ll_bus.h ****   *         APB1LPENR     SPI2LPEN        LL_APB1_GRP1_DisableClockLowPower\n
1578:board/stm32f401rct6/Drivers/STM32F4xx_HAL_Driver/Inc/stm32f4xx_ll_bus.h ****   *         APB1LPENR     SPI3LPEN        LL_APB1_GRP1_DisableClockLowPower\n
1579:board/stm32f401rct6/Drivers/STM32F4xx_HAL_Driver/Inc/stm32f4xx_ll_bus.h ****   *         APB1LPENR     SPDIFRXLPEN     LL_APB1_GRP1_DisableClockLowPower\n
1580:board/stm32f401rct6/Drivers/STM32F4xx_HAL_Driver/Inc/stm32f4xx_ll_bus.h ****   *         APB1LPENR     USART2LPEN      LL_APB1_GRP1_DisableClockLowPower\n
1581:board/stm32f401rct6/Drivers/STM32F4xx_HAL_Driver/Inc/stm32f4xx_ll_bus.h ****   *         APB1LPENR     USART3LPEN      LL_APB1_GRP1_DisableClockLowPower\n
1582:board/stm32f401rct6/Drivers/STM32F4xx_HAL_Driver/Inc/stm32f4xx_ll_bus.h ****   *         APB1LPENR     UART4LPEN       LL_APB1_GRP1_DisableClockLowPower\n
1583:board/stm32f401rct6/Drivers/STM32F4xx_HAL_Driver/Inc/stm32f4xx_ll_bus.h ****   *         APB1LPENR     UART5LPEN       LL_APB1_GRP1_DisableClockLowPower\n
1584:board/stm32f401rct6/Drivers/STM32F4xx_HAL_Driver/Inc/stm32f4xx_ll_bus.h ****   *         APB1LPENR     I2C1LPEN        LL_APB1_GRP1_DisableClockLowPower\n
1585:board/stm32f401rct6/Drivers/STM32F4xx_HAL_Driver/Inc/stm32f4xx_ll_bus.h ****   *         APB1LPENR     I2C2LPEN        LL_APB1_GRP1_DisableClockLowPower\n
1586:board/stm32f401rct6/Drivers/STM32F4xx_HAL_Driver/Inc/stm32f4xx_ll_bus.h ****   *         APB1LPENR     I2C3LPEN        LL_APB1_GRP1_DisableClockLowPower\n
1587:board/stm32f401rct6/Drivers/STM32F4xx_HAL_Driver/Inc/stm32f4xx_ll_bus.h ****   *         APB1LPENR     FMPI2C1LPEN     LL_APB1_GRP1_DisableClockLowPower\n
1588:board/stm32f401rct6/Drivers/STM32F4xx_HAL_Driver/Inc/stm32f4xx_ll_bus.h ****   *         APB1LPENR     CAN1LPEN        LL_APB1_GRP1_DisableClockLowPower\n
1589:board/stm32f401rct6/Drivers/STM32F4xx_HAL_Driver/Inc/stm32f4xx_ll_bus.h ****   *         APB1LPENR     CAN2LPEN        LL_APB1_GRP1_DisableClockLowPower\n
1590:board/stm32f401rct6/Drivers/STM32F4xx_HAL_Driver/Inc/stm32f4xx_ll_bus.h ****   *         APB1LPENR     CAN3LPEN        LL_APB1_GRP1_DisableClockLowPower\n
1591:board/stm32f401rct6/Drivers/STM32F4xx_HAL_Driver/Inc/stm32f4xx_ll_bus.h ****   *         APB1LPENR     CECLPEN         LL_APB1_GRP1_DisableClockLowPower\n
1592:board/stm32f401rct6/Drivers/STM32F4xx_HAL_Driver/Inc/stm32f4xx_ll_bus.h ****   *         APB1LPENR     PWRLPEN         LL_APB1_GRP1_DisableClockLowPower\n
1593:board/stm32f401rct6/Drivers/STM32F4xx_HAL_Driver/Inc/stm32f4xx_ll_bus.h ****   *         APB1LPENR     DACLPEN         LL_APB1_GRP1_DisableClockLowPower\n
1594:board/stm32f401rct6/Drivers/STM32F4xx_HAL_Driver/Inc/stm32f4xx_ll_bus.h ****   *         APB1LPENR     UART7LPEN       LL_APB1_GRP1_DisableClockLowPower\n
1595:board/stm32f401rct6/Drivers/STM32F4xx_HAL_Driver/Inc/stm32f4xx_ll_bus.h ****   *         APB1LPENR     UART8LPEN       LL_APB1_GRP1_DisableClockLowPower\n
1596:board/stm32f401rct6/Drivers/STM32F4xx_HAL_Driver/Inc/stm32f4xx_ll_bus.h ****   *         APB1LPENR     RTCAPBLPEN      LL_APB1_GRP1_DisableClockLowPower
1597:board/stm32f401rct6/Drivers/STM32F4xx_HAL_Driver/Inc/stm32f4xx_ll_bus.h ****   * @param  Periphs This parameter can be a combination of the following values:
1598:board/stm32f401rct6/Drivers/STM32F4xx_HAL_Driver/Inc/stm32f4xx_ll_bus.h ****   *         @arg @ref LL_APB1_GRP1_PERIPH_TIM2 (*)
1599:board/stm32f401rct6/Drivers/STM32F4xx_HAL_Driver/Inc/stm32f4xx_ll_bus.h ****   *         @arg @ref LL_APB1_GRP1_PERIPH_TIM3 (*)
1600:board/stm32f401rct6/Drivers/STM32F4xx_HAL_Driver/Inc/stm32f4xx_ll_bus.h ****   *         @arg @ref LL_APB1_GRP1_PERIPH_TIM4 (*)
1601:board/stm32f401rct6/Drivers/STM32F4xx_HAL_Driver/Inc/stm32f4xx_ll_bus.h ****   *         @arg @ref LL_APB1_GRP1_PERIPH_TIM5
1602:board/stm32f401rct6/Drivers/STM32F4xx_HAL_Driver/Inc/stm32f4xx_ll_bus.h ****   *         @arg @ref LL_APB1_GRP1_PERIPH_TIM6 (*)
1603:board/stm32f401rct6/Drivers/STM32F4xx_HAL_Driver/Inc/stm32f4xx_ll_bus.h ****   *         @arg @ref LL_APB1_GRP1_PERIPH_TIM7 (*)
1604:board/stm32f401rct6/Drivers/STM32F4xx_HAL_Driver/Inc/stm32f4xx_ll_bus.h ****   *         @arg @ref LL_APB1_GRP1_PERIPH_TIM12 (*)
ARM GAS  C:\Users\Admin\AppData\Local\Temp\ccHarYQc.s 			page 35


1605:board/stm32f401rct6/Drivers/STM32F4xx_HAL_Driver/Inc/stm32f4xx_ll_bus.h ****   *         @arg @ref LL_APB1_GRP1_PERIPH_TIM13 (*)
1606:board/stm32f401rct6/Drivers/STM32F4xx_HAL_Driver/Inc/stm32f4xx_ll_bus.h ****   *         @arg @ref LL_APB1_GRP1_PERIPH_TIM14 (*)
1607:board/stm32f401rct6/Drivers/STM32F4xx_HAL_Driver/Inc/stm32f4xx_ll_bus.h ****   *         @arg @ref LL_APB1_GRP1_PERIPH_LPTIM1 (*)
1608:board/stm32f401rct6/Drivers/STM32F4xx_HAL_Driver/Inc/stm32f4xx_ll_bus.h ****   *         @arg @ref LL_APB1_GRP1_PERIPH_WWDG
1609:board/stm32f401rct6/Drivers/STM32F4xx_HAL_Driver/Inc/stm32f4xx_ll_bus.h ****   *         @arg @ref LL_APB1_GRP1_PERIPH_SPI2 (*)
1610:board/stm32f401rct6/Drivers/STM32F4xx_HAL_Driver/Inc/stm32f4xx_ll_bus.h ****   *         @arg @ref LL_APB1_GRP1_PERIPH_SPI3 (*)
1611:board/stm32f401rct6/Drivers/STM32F4xx_HAL_Driver/Inc/stm32f4xx_ll_bus.h ****   *         @arg @ref LL_APB1_GRP1_PERIPH_SPDIFRX (*)
1612:board/stm32f401rct6/Drivers/STM32F4xx_HAL_Driver/Inc/stm32f4xx_ll_bus.h ****   *         @arg @ref LL_APB1_GRP1_PERIPH_USART2
1613:board/stm32f401rct6/Drivers/STM32F4xx_HAL_Driver/Inc/stm32f4xx_ll_bus.h ****   *         @arg @ref LL_APB1_GRP1_PERIPH_USART3 (*)
1614:board/stm32f401rct6/Drivers/STM32F4xx_HAL_Driver/Inc/stm32f4xx_ll_bus.h ****   *         @arg @ref LL_APB1_GRP1_PERIPH_UART4 (*)
1615:board/stm32f401rct6/Drivers/STM32F4xx_HAL_Driver/Inc/stm32f4xx_ll_bus.h ****   *         @arg @ref LL_APB1_GRP1_PERIPH_UART5 (*)
1616:board/stm32f401rct6/Drivers/STM32F4xx_HAL_Driver/Inc/stm32f4xx_ll_bus.h ****   *         @arg @ref LL_APB1_GRP1_PERIPH_I2C1
1617:board/stm32f401rct6/Drivers/STM32F4xx_HAL_Driver/Inc/stm32f4xx_ll_bus.h ****   *         @arg @ref LL_APB1_GRP1_PERIPH_I2C2
1618:board/stm32f401rct6/Drivers/STM32F4xx_HAL_Driver/Inc/stm32f4xx_ll_bus.h ****   *         @arg @ref LL_APB1_GRP1_PERIPH_I2C3 (*)
1619:board/stm32f401rct6/Drivers/STM32F4xx_HAL_Driver/Inc/stm32f4xx_ll_bus.h ****   *         @arg @ref LL_APB1_GRP1_PERIPH_FMPI2C1 (*)
1620:board/stm32f401rct6/Drivers/STM32F4xx_HAL_Driver/Inc/stm32f4xx_ll_bus.h ****   *         @arg @ref LL_APB1_GRP1_PERIPH_CAN1 (*)
1621:board/stm32f401rct6/Drivers/STM32F4xx_HAL_Driver/Inc/stm32f4xx_ll_bus.h ****   *         @arg @ref LL_APB1_GRP1_PERIPH_CAN2 (*)
1622:board/stm32f401rct6/Drivers/STM32F4xx_HAL_Driver/Inc/stm32f4xx_ll_bus.h ****   *         @arg @ref LL_APB1_GRP1_PERIPH_CAN3 (*)
1623:board/stm32f401rct6/Drivers/STM32F4xx_HAL_Driver/Inc/stm32f4xx_ll_bus.h ****   *         @arg @ref LL_APB1_GRP1_PERIPH_CEC (*)
1624:board/stm32f401rct6/Drivers/STM32F4xx_HAL_Driver/Inc/stm32f4xx_ll_bus.h ****   *         @arg @ref LL_APB1_GRP1_PERIPH_PWR
1625:board/stm32f401rct6/Drivers/STM32F4xx_HAL_Driver/Inc/stm32f4xx_ll_bus.h ****   *         @arg @ref LL_APB1_GRP1_PERIPH_DAC1 (*)
1626:board/stm32f401rct6/Drivers/STM32F4xx_HAL_Driver/Inc/stm32f4xx_ll_bus.h ****   *         @arg @ref LL_APB1_GRP1_PERIPH_UART7 (*)
1627:board/stm32f401rct6/Drivers/STM32F4xx_HAL_Driver/Inc/stm32f4xx_ll_bus.h ****   *         @arg @ref LL_APB1_GRP1_PERIPH_UART8 (*)
1628:board/stm32f401rct6/Drivers/STM32F4xx_HAL_Driver/Inc/stm32f4xx_ll_bus.h ****   *         @arg @ref LL_APB1_GRP1_PERIPH_RTCAPB (*)
1629:board/stm32f401rct6/Drivers/STM32F4xx_HAL_Driver/Inc/stm32f4xx_ll_bus.h ****   *
1630:board/stm32f401rct6/Drivers/STM32F4xx_HAL_Driver/Inc/stm32f4xx_ll_bus.h ****   *         (*) value not defined in all devices.
1631:board/stm32f401rct6/Drivers/STM32F4xx_HAL_Driver/Inc/stm32f4xx_ll_bus.h ****   * @retval None
1632:board/stm32f401rct6/Drivers/STM32F4xx_HAL_Driver/Inc/stm32f4xx_ll_bus.h ****   */
1633:board/stm32f401rct6/Drivers/STM32F4xx_HAL_Driver/Inc/stm32f4xx_ll_bus.h **** __STATIC_INLINE void LL_APB1_GRP1_DisableClockLowPower(uint32_t Periphs)
1634:board/stm32f401rct6/Drivers/STM32F4xx_HAL_Driver/Inc/stm32f4xx_ll_bus.h **** {
1635:board/stm32f401rct6/Drivers/STM32F4xx_HAL_Driver/Inc/stm32f4xx_ll_bus.h ****   CLEAR_BIT(RCC->APB1LPENR, Periphs);
1636:board/stm32f401rct6/Drivers/STM32F4xx_HAL_Driver/Inc/stm32f4xx_ll_bus.h **** }
1637:board/stm32f401rct6/Drivers/STM32F4xx_HAL_Driver/Inc/stm32f4xx_ll_bus.h **** 
1638:board/stm32f401rct6/Drivers/STM32F4xx_HAL_Driver/Inc/stm32f4xx_ll_bus.h **** /**
1639:board/stm32f401rct6/Drivers/STM32F4xx_HAL_Driver/Inc/stm32f4xx_ll_bus.h ****   * @}
1640:board/stm32f401rct6/Drivers/STM32F4xx_HAL_Driver/Inc/stm32f4xx_ll_bus.h ****   */
1641:board/stm32f401rct6/Drivers/STM32F4xx_HAL_Driver/Inc/stm32f4xx_ll_bus.h **** 
1642:board/stm32f401rct6/Drivers/STM32F4xx_HAL_Driver/Inc/stm32f4xx_ll_bus.h **** /** @defgroup BUS_LL_EF_APB2 APB2
1643:board/stm32f401rct6/Drivers/STM32F4xx_HAL_Driver/Inc/stm32f4xx_ll_bus.h ****   * @{
1644:board/stm32f401rct6/Drivers/STM32F4xx_HAL_Driver/Inc/stm32f4xx_ll_bus.h ****   */
1645:board/stm32f401rct6/Drivers/STM32F4xx_HAL_Driver/Inc/stm32f4xx_ll_bus.h **** 
1646:board/stm32f401rct6/Drivers/STM32F4xx_HAL_Driver/Inc/stm32f4xx_ll_bus.h **** /**
1647:board/stm32f401rct6/Drivers/STM32F4xx_HAL_Driver/Inc/stm32f4xx_ll_bus.h ****   * @brief  Enable APB2 peripherals clock.
1648:board/stm32f401rct6/Drivers/STM32F4xx_HAL_Driver/Inc/stm32f4xx_ll_bus.h ****   * @rmtoll APB2ENR     TIM1EN        LL_APB2_GRP1_EnableClock\n
1649:board/stm32f401rct6/Drivers/STM32F4xx_HAL_Driver/Inc/stm32f4xx_ll_bus.h ****   *         APB2ENR     TIM8EN        LL_APB2_GRP1_EnableClock\n
1650:board/stm32f401rct6/Drivers/STM32F4xx_HAL_Driver/Inc/stm32f4xx_ll_bus.h ****   *         APB2ENR     USART1EN      LL_APB2_GRP1_EnableClock\n
1651:board/stm32f401rct6/Drivers/STM32F4xx_HAL_Driver/Inc/stm32f4xx_ll_bus.h ****   *         APB2ENR     USART6EN      LL_APB2_GRP1_EnableClock\n
1652:board/stm32f401rct6/Drivers/STM32F4xx_HAL_Driver/Inc/stm32f4xx_ll_bus.h ****   *         APB2ENR     UART9EN       LL_APB2_GRP1_EnableClock\n
1653:board/stm32f401rct6/Drivers/STM32F4xx_HAL_Driver/Inc/stm32f4xx_ll_bus.h ****   *         APB2ENR     UART10EN      LL_APB2_GRP1_EnableClock\n
1654:board/stm32f401rct6/Drivers/STM32F4xx_HAL_Driver/Inc/stm32f4xx_ll_bus.h ****   *         APB2ENR     ADC1EN        LL_APB2_GRP1_EnableClock\n
1655:board/stm32f401rct6/Drivers/STM32F4xx_HAL_Driver/Inc/stm32f4xx_ll_bus.h ****   *         APB2ENR     ADC2EN        LL_APB2_GRP1_EnableClock\n
1656:board/stm32f401rct6/Drivers/STM32F4xx_HAL_Driver/Inc/stm32f4xx_ll_bus.h ****   *         APB2ENR     ADC3EN        LL_APB2_GRP1_EnableClock\n
1657:board/stm32f401rct6/Drivers/STM32F4xx_HAL_Driver/Inc/stm32f4xx_ll_bus.h ****   *         APB2ENR     SDIOEN        LL_APB2_GRP1_EnableClock\n
1658:board/stm32f401rct6/Drivers/STM32F4xx_HAL_Driver/Inc/stm32f4xx_ll_bus.h ****   *         APB2ENR     SPI1EN        LL_APB2_GRP1_EnableClock\n
1659:board/stm32f401rct6/Drivers/STM32F4xx_HAL_Driver/Inc/stm32f4xx_ll_bus.h ****   *         APB2ENR     SPI4EN        LL_APB2_GRP1_EnableClock\n
1660:board/stm32f401rct6/Drivers/STM32F4xx_HAL_Driver/Inc/stm32f4xx_ll_bus.h ****   *         APB2ENR     SYSCFGEN      LL_APB2_GRP1_EnableClock\n
1661:board/stm32f401rct6/Drivers/STM32F4xx_HAL_Driver/Inc/stm32f4xx_ll_bus.h ****   *         APB2ENR     EXTITEN       LL_APB2_GRP1_EnableClock\n
ARM GAS  C:\Users\Admin\AppData\Local\Temp\ccHarYQc.s 			page 36


1662:board/stm32f401rct6/Drivers/STM32F4xx_HAL_Driver/Inc/stm32f4xx_ll_bus.h ****   *         APB2ENR     TIM9EN        LL_APB2_GRP1_EnableClock\n
1663:board/stm32f401rct6/Drivers/STM32F4xx_HAL_Driver/Inc/stm32f4xx_ll_bus.h ****   *         APB2ENR     TIM10EN       LL_APB2_GRP1_EnableClock\n
1664:board/stm32f401rct6/Drivers/STM32F4xx_HAL_Driver/Inc/stm32f4xx_ll_bus.h ****   *         APB2ENR     TIM11EN       LL_APB2_GRP1_EnableClock\n
1665:board/stm32f401rct6/Drivers/STM32F4xx_HAL_Driver/Inc/stm32f4xx_ll_bus.h ****   *         APB2ENR     SPI5EN        LL_APB2_GRP1_EnableClock\n
1666:board/stm32f401rct6/Drivers/STM32F4xx_HAL_Driver/Inc/stm32f4xx_ll_bus.h ****   *         APB2ENR     SPI6EN        LL_APB2_GRP1_EnableClock\n
1667:board/stm32f401rct6/Drivers/STM32F4xx_HAL_Driver/Inc/stm32f4xx_ll_bus.h ****   *         APB2ENR     SAI1EN        LL_APB2_GRP1_EnableClock\n
1668:board/stm32f401rct6/Drivers/STM32F4xx_HAL_Driver/Inc/stm32f4xx_ll_bus.h ****   *         APB2ENR     SAI2EN        LL_APB2_GRP1_EnableClock\n
1669:board/stm32f401rct6/Drivers/STM32F4xx_HAL_Driver/Inc/stm32f4xx_ll_bus.h ****   *         APB2ENR     LTDCEN        LL_APB2_GRP1_EnableClock\n
1670:board/stm32f401rct6/Drivers/STM32F4xx_HAL_Driver/Inc/stm32f4xx_ll_bus.h ****   *         APB2ENR     DSIEN         LL_APB2_GRP1_EnableClock\n
1671:board/stm32f401rct6/Drivers/STM32F4xx_HAL_Driver/Inc/stm32f4xx_ll_bus.h ****   *         APB2ENR     DFSDM1EN      LL_APB2_GRP1_EnableClock\n
1672:board/stm32f401rct6/Drivers/STM32F4xx_HAL_Driver/Inc/stm32f4xx_ll_bus.h ****   *         APB2ENR     DFSDM2EN      LL_APB2_GRP1_EnableClock
1673:board/stm32f401rct6/Drivers/STM32F4xx_HAL_Driver/Inc/stm32f4xx_ll_bus.h ****   * @param  Periphs This parameter can be a combination of the following values:
1674:board/stm32f401rct6/Drivers/STM32F4xx_HAL_Driver/Inc/stm32f4xx_ll_bus.h ****   *         @arg @ref LL_APB2_GRP1_PERIPH_TIM1
1675:board/stm32f401rct6/Drivers/STM32F4xx_HAL_Driver/Inc/stm32f4xx_ll_bus.h ****   *         @arg @ref LL_APB2_GRP1_PERIPH_TIM8 (*)
1676:board/stm32f401rct6/Drivers/STM32F4xx_HAL_Driver/Inc/stm32f4xx_ll_bus.h ****   *         @arg @ref LL_APB2_GRP1_PERIPH_USART1
1677:board/stm32f401rct6/Drivers/STM32F4xx_HAL_Driver/Inc/stm32f4xx_ll_bus.h ****   *         @arg @ref LL_APB2_GRP1_PERIPH_USART6 (*)
1678:board/stm32f401rct6/Drivers/STM32F4xx_HAL_Driver/Inc/stm32f4xx_ll_bus.h ****   *         @arg @ref LL_APB2_GRP1_PERIPH_UART9 (*)
1679:board/stm32f401rct6/Drivers/STM32F4xx_HAL_Driver/Inc/stm32f4xx_ll_bus.h ****   *         @arg @ref LL_APB2_GRP1_PERIPH_UART10 (*)
1680:board/stm32f401rct6/Drivers/STM32F4xx_HAL_Driver/Inc/stm32f4xx_ll_bus.h ****   *         @arg @ref LL_APB2_GRP1_PERIPH_ADC1
1681:board/stm32f401rct6/Drivers/STM32F4xx_HAL_Driver/Inc/stm32f4xx_ll_bus.h ****   *         @arg @ref LL_APB2_GRP1_PERIPH_ADC2 (*)
1682:board/stm32f401rct6/Drivers/STM32F4xx_HAL_Driver/Inc/stm32f4xx_ll_bus.h ****   *         @arg @ref LL_APB2_GRP1_PERIPH_ADC3 (*)
1683:board/stm32f401rct6/Drivers/STM32F4xx_HAL_Driver/Inc/stm32f4xx_ll_bus.h ****   *         @arg @ref LL_APB2_GRP1_PERIPH_SDIO (*)
1684:board/stm32f401rct6/Drivers/STM32F4xx_HAL_Driver/Inc/stm32f4xx_ll_bus.h ****   *         @arg @ref LL_APB2_GRP1_PERIPH_SPI1
1685:board/stm32f401rct6/Drivers/STM32F4xx_HAL_Driver/Inc/stm32f4xx_ll_bus.h ****   *         @arg @ref LL_APB2_GRP1_PERIPH_SPI4 (*)
1686:board/stm32f401rct6/Drivers/STM32F4xx_HAL_Driver/Inc/stm32f4xx_ll_bus.h ****   *         @arg @ref LL_APB2_GRP1_PERIPH_SYSCFG
1687:board/stm32f401rct6/Drivers/STM32F4xx_HAL_Driver/Inc/stm32f4xx_ll_bus.h ****   *         @arg @ref LL_APB2_GRP1_PERIPH_EXTI (*)
1688:board/stm32f401rct6/Drivers/STM32F4xx_HAL_Driver/Inc/stm32f4xx_ll_bus.h ****   *         @arg @ref LL_APB2_GRP1_PERIPH_TIM9
1689:board/stm32f401rct6/Drivers/STM32F4xx_HAL_Driver/Inc/stm32f4xx_ll_bus.h ****   *         @arg @ref LL_APB2_GRP1_PERIPH_TIM10 (*)
1690:board/stm32f401rct6/Drivers/STM32F4xx_HAL_Driver/Inc/stm32f4xx_ll_bus.h ****   *         @arg @ref LL_APB2_GRP1_PERIPH_TIM11
1691:board/stm32f401rct6/Drivers/STM32F4xx_HAL_Driver/Inc/stm32f4xx_ll_bus.h ****   *         @arg @ref LL_APB2_GRP1_PERIPH_SPI5 (*)
1692:board/stm32f401rct6/Drivers/STM32F4xx_HAL_Driver/Inc/stm32f4xx_ll_bus.h ****   *         @arg @ref LL_APB2_GRP1_PERIPH_SPI6 (*)
1693:board/stm32f401rct6/Drivers/STM32F4xx_HAL_Driver/Inc/stm32f4xx_ll_bus.h ****   *         @arg @ref LL_APB2_GRP1_PERIPH_SAI1 (*)
1694:board/stm32f401rct6/Drivers/STM32F4xx_HAL_Driver/Inc/stm32f4xx_ll_bus.h ****   *         @arg @ref LL_APB2_GRP1_PERIPH_SAI2 (*)
1695:board/stm32f401rct6/Drivers/STM32F4xx_HAL_Driver/Inc/stm32f4xx_ll_bus.h ****   *         @arg @ref LL_APB2_GRP1_PERIPH_LTDC (*)
1696:board/stm32f401rct6/Drivers/STM32F4xx_HAL_Driver/Inc/stm32f4xx_ll_bus.h ****   *         @arg @ref LL_APB2_GRP1_PERIPH_DSI  (*)
1697:board/stm32f401rct6/Drivers/STM32F4xx_HAL_Driver/Inc/stm32f4xx_ll_bus.h ****   *         @arg @ref LL_APB2_GRP1_PERIPH_DFSDM1 (*)
1698:board/stm32f401rct6/Drivers/STM32F4xx_HAL_Driver/Inc/stm32f4xx_ll_bus.h ****   *         @arg @ref LL_APB2_GRP1_PERIPH_DFSDM2 (*)
1699:board/stm32f401rct6/Drivers/STM32F4xx_HAL_Driver/Inc/stm32f4xx_ll_bus.h **** 
1700:board/stm32f401rct6/Drivers/STM32F4xx_HAL_Driver/Inc/stm32f4xx_ll_bus.h ****   *
1701:board/stm32f401rct6/Drivers/STM32F4xx_HAL_Driver/Inc/stm32f4xx_ll_bus.h ****   *         (*) value not defined in all devices.
1702:board/stm32f401rct6/Drivers/STM32F4xx_HAL_Driver/Inc/stm32f4xx_ll_bus.h ****   * @retval None
1703:board/stm32f401rct6/Drivers/STM32F4xx_HAL_Driver/Inc/stm32f4xx_ll_bus.h ****   */
1704:board/stm32f401rct6/Drivers/STM32F4xx_HAL_Driver/Inc/stm32f4xx_ll_bus.h **** __STATIC_INLINE void LL_APB2_GRP1_EnableClock(uint32_t Periphs)
1705:board/stm32f401rct6/Drivers/STM32F4xx_HAL_Driver/Inc/stm32f4xx_ll_bus.h **** {
1706:board/stm32f401rct6/Drivers/STM32F4xx_HAL_Driver/Inc/stm32f4xx_ll_bus.h ****   __IO uint32_t tmpreg;
1707:board/stm32f401rct6/Drivers/STM32F4xx_HAL_Driver/Inc/stm32f4xx_ll_bus.h ****   SET_BIT(RCC->APB2ENR, Periphs);
1708:board/stm32f401rct6/Drivers/STM32F4xx_HAL_Driver/Inc/stm32f4xx_ll_bus.h ****   /* Delay after an RCC peripheral clock enabling */
1709:board/stm32f401rct6/Drivers/STM32F4xx_HAL_Driver/Inc/stm32f4xx_ll_bus.h ****   tmpreg = READ_BIT(RCC->APB2ENR, Periphs);
1710:board/stm32f401rct6/Drivers/STM32F4xx_HAL_Driver/Inc/stm32f4xx_ll_bus.h ****   (void)tmpreg;
1711:board/stm32f401rct6/Drivers/STM32F4xx_HAL_Driver/Inc/stm32f4xx_ll_bus.h **** }
1712:board/stm32f401rct6/Drivers/STM32F4xx_HAL_Driver/Inc/stm32f4xx_ll_bus.h **** 
1713:board/stm32f401rct6/Drivers/STM32F4xx_HAL_Driver/Inc/stm32f4xx_ll_bus.h **** /**
1714:board/stm32f401rct6/Drivers/STM32F4xx_HAL_Driver/Inc/stm32f4xx_ll_bus.h ****   * @brief  Check if APB2 peripheral clock is enabled or not
1715:board/stm32f401rct6/Drivers/STM32F4xx_HAL_Driver/Inc/stm32f4xx_ll_bus.h ****   * @rmtoll APB2ENR     TIM1EN        LL_APB2_GRP1_IsEnabledClock\n
1716:board/stm32f401rct6/Drivers/STM32F4xx_HAL_Driver/Inc/stm32f4xx_ll_bus.h ****   *         APB2ENR     TIM8EN        LL_APB2_GRP1_IsEnabledClock\n
1717:board/stm32f401rct6/Drivers/STM32F4xx_HAL_Driver/Inc/stm32f4xx_ll_bus.h ****   *         APB2ENR     USART1EN      LL_APB2_GRP1_IsEnabledClock\n
1718:board/stm32f401rct6/Drivers/STM32F4xx_HAL_Driver/Inc/stm32f4xx_ll_bus.h ****   *         APB2ENR     USART6EN      LL_APB2_GRP1_IsEnabledClock\n
ARM GAS  C:\Users\Admin\AppData\Local\Temp\ccHarYQc.s 			page 37


1719:board/stm32f401rct6/Drivers/STM32F4xx_HAL_Driver/Inc/stm32f4xx_ll_bus.h ****   *         APB2ENR     UART9EN       LL_APB2_GRP1_IsEnabledClock\n
1720:board/stm32f401rct6/Drivers/STM32F4xx_HAL_Driver/Inc/stm32f4xx_ll_bus.h ****   *         APB2ENR     UART10EN      LL_APB2_GRP1_IsEnabledClock\n
1721:board/stm32f401rct6/Drivers/STM32F4xx_HAL_Driver/Inc/stm32f4xx_ll_bus.h ****   *         APB2ENR     ADC1EN        LL_APB2_GRP1_IsEnabledClock\n
1722:board/stm32f401rct6/Drivers/STM32F4xx_HAL_Driver/Inc/stm32f4xx_ll_bus.h ****   *         APB2ENR     ADC2EN        LL_APB2_GRP1_IsEnabledClock\n
1723:board/stm32f401rct6/Drivers/STM32F4xx_HAL_Driver/Inc/stm32f4xx_ll_bus.h ****   *         APB2ENR     ADC3EN        LL_APB2_GRP1_IsEnabledClock\n
1724:board/stm32f401rct6/Drivers/STM32F4xx_HAL_Driver/Inc/stm32f4xx_ll_bus.h ****   *         APB2ENR     SDIOEN        LL_APB2_GRP1_IsEnabledClock\n
1725:board/stm32f401rct6/Drivers/STM32F4xx_HAL_Driver/Inc/stm32f4xx_ll_bus.h ****   *         APB2ENR     SPI1EN        LL_APB2_GRP1_IsEnabledClock\n
1726:board/stm32f401rct6/Drivers/STM32F4xx_HAL_Driver/Inc/stm32f4xx_ll_bus.h ****   *         APB2ENR     SPI4EN        LL_APB2_GRP1_IsEnabledClock\n
1727:board/stm32f401rct6/Drivers/STM32F4xx_HAL_Driver/Inc/stm32f4xx_ll_bus.h ****   *         APB2ENR     SYSCFGEN      LL_APB2_GRP1_IsEnabledClock\n
1728:board/stm32f401rct6/Drivers/STM32F4xx_HAL_Driver/Inc/stm32f4xx_ll_bus.h ****   *         APB2ENR     EXTITEN       LL_APB2_GRP1_IsEnabledClock\n
1729:board/stm32f401rct6/Drivers/STM32F4xx_HAL_Driver/Inc/stm32f4xx_ll_bus.h ****   *         APB2ENR     TIM9EN        LL_APB2_GRP1_IsEnabledClock\n
1730:board/stm32f401rct6/Drivers/STM32F4xx_HAL_Driver/Inc/stm32f4xx_ll_bus.h ****   *         APB2ENR     TIM10EN       LL_APB2_GRP1_IsEnabledClock\n
1731:board/stm32f401rct6/Drivers/STM32F4xx_HAL_Driver/Inc/stm32f4xx_ll_bus.h ****   *         APB2ENR     TIM11EN       LL_APB2_GRP1_IsEnabledClock\n
1732:board/stm32f401rct6/Drivers/STM32F4xx_HAL_Driver/Inc/stm32f4xx_ll_bus.h ****   *         APB2ENR     SPI5EN        LL_APB2_GRP1_IsEnabledClock\n
1733:board/stm32f401rct6/Drivers/STM32F4xx_HAL_Driver/Inc/stm32f4xx_ll_bus.h ****   *         APB2ENR     SPI6EN        LL_APB2_GRP1_IsEnabledClock\n
1734:board/stm32f401rct6/Drivers/STM32F4xx_HAL_Driver/Inc/stm32f4xx_ll_bus.h ****   *         APB2ENR     SAI1EN        LL_APB2_GRP1_IsEnabledClock\n
1735:board/stm32f401rct6/Drivers/STM32F4xx_HAL_Driver/Inc/stm32f4xx_ll_bus.h ****   *         APB2ENR     SAI2EN        LL_APB2_GRP1_IsEnabledClock\n
1736:board/stm32f401rct6/Drivers/STM32F4xx_HAL_Driver/Inc/stm32f4xx_ll_bus.h ****   *         APB2ENR     LTDCEN        LL_APB2_GRP1_IsEnabledClock\n
1737:board/stm32f401rct6/Drivers/STM32F4xx_HAL_Driver/Inc/stm32f4xx_ll_bus.h ****   *         APB2ENR     DSIEN         LL_APB2_GRP1_IsEnabledClock\n
1738:board/stm32f401rct6/Drivers/STM32F4xx_HAL_Driver/Inc/stm32f4xx_ll_bus.h ****   *         APB2ENR     DFSDM1EN      LL_APB2_GRP1_IsEnabledClock\n
1739:board/stm32f401rct6/Drivers/STM32F4xx_HAL_Driver/Inc/stm32f4xx_ll_bus.h ****   *         APB2ENR     DFSDM2EN      LL_APB2_GRP1_IsEnabledClock
1740:board/stm32f401rct6/Drivers/STM32F4xx_HAL_Driver/Inc/stm32f4xx_ll_bus.h ****   * @param  Periphs This parameter can be a combination of the following values:
1741:board/stm32f401rct6/Drivers/STM32F4xx_HAL_Driver/Inc/stm32f4xx_ll_bus.h ****   *         @arg @ref LL_APB2_GRP1_PERIPH_TIM1
1742:board/stm32f401rct6/Drivers/STM32F4xx_HAL_Driver/Inc/stm32f4xx_ll_bus.h ****   *         @arg @ref LL_APB2_GRP1_PERIPH_TIM8 (*)
1743:board/stm32f401rct6/Drivers/STM32F4xx_HAL_Driver/Inc/stm32f4xx_ll_bus.h ****   *         @arg @ref LL_APB2_GRP1_PERIPH_USART1
1744:board/stm32f401rct6/Drivers/STM32F4xx_HAL_Driver/Inc/stm32f4xx_ll_bus.h ****   *         @arg @ref LL_APB2_GRP1_PERIPH_USART6 (*)
1745:board/stm32f401rct6/Drivers/STM32F4xx_HAL_Driver/Inc/stm32f4xx_ll_bus.h ****   *         @arg @ref LL_APB2_GRP1_PERIPH_UART9 (*)
1746:board/stm32f401rct6/Drivers/STM32F4xx_HAL_Driver/Inc/stm32f4xx_ll_bus.h ****   *         @arg @ref LL_APB2_GRP1_PERIPH_UART10 (*)
1747:board/stm32f401rct6/Drivers/STM32F4xx_HAL_Driver/Inc/stm32f4xx_ll_bus.h ****   *         @arg @ref LL_APB2_GRP1_PERIPH_ADC1
1748:board/stm32f401rct6/Drivers/STM32F4xx_HAL_Driver/Inc/stm32f4xx_ll_bus.h ****   *         @arg @ref LL_APB2_GRP1_PERIPH_ADC2 (*)
1749:board/stm32f401rct6/Drivers/STM32F4xx_HAL_Driver/Inc/stm32f4xx_ll_bus.h ****   *         @arg @ref LL_APB2_GRP1_PERIPH_ADC3 (*)
1750:board/stm32f401rct6/Drivers/STM32F4xx_HAL_Driver/Inc/stm32f4xx_ll_bus.h ****   *         @arg @ref LL_APB2_GRP1_PERIPH_SDIO (*)
1751:board/stm32f401rct6/Drivers/STM32F4xx_HAL_Driver/Inc/stm32f4xx_ll_bus.h ****   *         @arg @ref LL_APB2_GRP1_PERIPH_SPI1
1752:board/stm32f401rct6/Drivers/STM32F4xx_HAL_Driver/Inc/stm32f4xx_ll_bus.h ****   *         @arg @ref LL_APB2_GRP1_PERIPH_SPI4 (*)
1753:board/stm32f401rct6/Drivers/STM32F4xx_HAL_Driver/Inc/stm32f4xx_ll_bus.h ****   *         @arg @ref LL_APB2_GRP1_PERIPH_SYSCFG
1754:board/stm32f401rct6/Drivers/STM32F4xx_HAL_Driver/Inc/stm32f4xx_ll_bus.h ****   *         @arg @ref LL_APB2_GRP1_PERIPH_EXTI (*)
1755:board/stm32f401rct6/Drivers/STM32F4xx_HAL_Driver/Inc/stm32f4xx_ll_bus.h ****   *         @arg @ref LL_APB2_GRP1_PERIPH_TIM9
1756:board/stm32f401rct6/Drivers/STM32F4xx_HAL_Driver/Inc/stm32f4xx_ll_bus.h ****   *         @arg @ref LL_APB2_GRP1_PERIPH_TIM10 (*)
1757:board/stm32f401rct6/Drivers/STM32F4xx_HAL_Driver/Inc/stm32f4xx_ll_bus.h ****   *         @arg @ref LL_APB2_GRP1_PERIPH_TIM11
1758:board/stm32f401rct6/Drivers/STM32F4xx_HAL_Driver/Inc/stm32f4xx_ll_bus.h ****   *         @arg @ref LL_APB2_GRP1_PERIPH_SPI5 (*)
1759:board/stm32f401rct6/Drivers/STM32F4xx_HAL_Driver/Inc/stm32f4xx_ll_bus.h ****   *         @arg @ref LL_APB2_GRP1_PERIPH_SPI6 (*)
1760:board/stm32f401rct6/Drivers/STM32F4xx_HAL_Driver/Inc/stm32f4xx_ll_bus.h ****   *         @arg @ref LL_APB2_GRP1_PERIPH_SAI1 (*)
1761:board/stm32f401rct6/Drivers/STM32F4xx_HAL_Driver/Inc/stm32f4xx_ll_bus.h ****   *         @arg @ref LL_APB2_GRP1_PERIPH_SAI2 (*)
1762:board/stm32f401rct6/Drivers/STM32F4xx_HAL_Driver/Inc/stm32f4xx_ll_bus.h ****   *         @arg @ref LL_APB2_GRP1_PERIPH_LTDC (*)
1763:board/stm32f401rct6/Drivers/STM32F4xx_HAL_Driver/Inc/stm32f4xx_ll_bus.h ****   *         @arg @ref LL_APB2_GRP1_PERIPH_DSI  (*)
1764:board/stm32f401rct6/Drivers/STM32F4xx_HAL_Driver/Inc/stm32f4xx_ll_bus.h ****   *         @arg @ref LL_APB2_GRP1_PERIPH_DFSDM1 (*)
1765:board/stm32f401rct6/Drivers/STM32F4xx_HAL_Driver/Inc/stm32f4xx_ll_bus.h ****   *         @arg @ref LL_APB2_GRP1_PERIPH_DFSDM2 (*)
1766:board/stm32f401rct6/Drivers/STM32F4xx_HAL_Driver/Inc/stm32f4xx_ll_bus.h ****   *
1767:board/stm32f401rct6/Drivers/STM32F4xx_HAL_Driver/Inc/stm32f4xx_ll_bus.h ****   *         (*) value not defined in all devices.
1768:board/stm32f401rct6/Drivers/STM32F4xx_HAL_Driver/Inc/stm32f4xx_ll_bus.h ****   * @retval State of Periphs (1 or 0).
1769:board/stm32f401rct6/Drivers/STM32F4xx_HAL_Driver/Inc/stm32f4xx_ll_bus.h ****   */
1770:board/stm32f401rct6/Drivers/STM32F4xx_HAL_Driver/Inc/stm32f4xx_ll_bus.h **** __STATIC_INLINE uint32_t LL_APB2_GRP1_IsEnabledClock(uint32_t Periphs)
1771:board/stm32f401rct6/Drivers/STM32F4xx_HAL_Driver/Inc/stm32f4xx_ll_bus.h **** {
1772:board/stm32f401rct6/Drivers/STM32F4xx_HAL_Driver/Inc/stm32f4xx_ll_bus.h ****   return (READ_BIT(RCC->APB2ENR, Periphs) == Periphs);
1773:board/stm32f401rct6/Drivers/STM32F4xx_HAL_Driver/Inc/stm32f4xx_ll_bus.h **** }
1774:board/stm32f401rct6/Drivers/STM32F4xx_HAL_Driver/Inc/stm32f4xx_ll_bus.h **** 
1775:board/stm32f401rct6/Drivers/STM32F4xx_HAL_Driver/Inc/stm32f4xx_ll_bus.h **** /**
ARM GAS  C:\Users\Admin\AppData\Local\Temp\ccHarYQc.s 			page 38


1776:board/stm32f401rct6/Drivers/STM32F4xx_HAL_Driver/Inc/stm32f4xx_ll_bus.h ****   * @brief  Disable APB2 peripherals clock.
1777:board/stm32f401rct6/Drivers/STM32F4xx_HAL_Driver/Inc/stm32f4xx_ll_bus.h ****   * @rmtoll APB2ENR     TIM1EN        LL_APB2_GRP1_DisableClock\n
1778:board/stm32f401rct6/Drivers/STM32F4xx_HAL_Driver/Inc/stm32f4xx_ll_bus.h ****   *         APB2ENR     TIM8EN        LL_APB2_GRP1_DisableClock\n
1779:board/stm32f401rct6/Drivers/STM32F4xx_HAL_Driver/Inc/stm32f4xx_ll_bus.h ****   *         APB2ENR     USART1EN      LL_APB2_GRP1_DisableClock\n
1780:board/stm32f401rct6/Drivers/STM32F4xx_HAL_Driver/Inc/stm32f4xx_ll_bus.h ****   *         APB2ENR     USART6EN      LL_APB2_GRP1_DisableClock\n
1781:board/stm32f401rct6/Drivers/STM32F4xx_HAL_Driver/Inc/stm32f4xx_ll_bus.h ****   *         APB2ENR     UART9EN       LL_APB2_GRP1_DisableClock\n
1782:board/stm32f401rct6/Drivers/STM32F4xx_HAL_Driver/Inc/stm32f4xx_ll_bus.h ****   *         APB2ENR     UART10EN      LL_APB2_GRP1_DisableClock\n
1783:board/stm32f401rct6/Drivers/STM32F4xx_HAL_Driver/Inc/stm32f4xx_ll_bus.h ****   *         APB2ENR     ADC1EN        LL_APB2_GRP1_DisableClock\n
1784:board/stm32f401rct6/Drivers/STM32F4xx_HAL_Driver/Inc/stm32f4xx_ll_bus.h ****   *         APB2ENR     ADC2EN        LL_APB2_GRP1_DisableClock\n
1785:board/stm32f401rct6/Drivers/STM32F4xx_HAL_Driver/Inc/stm32f4xx_ll_bus.h ****   *         APB2ENR     ADC3EN        LL_APB2_GRP1_DisableClock\n
1786:board/stm32f401rct6/Drivers/STM32F4xx_HAL_Driver/Inc/stm32f4xx_ll_bus.h ****   *         APB2ENR     SDIOEN        LL_APB2_GRP1_DisableClock\n
1787:board/stm32f401rct6/Drivers/STM32F4xx_HAL_Driver/Inc/stm32f4xx_ll_bus.h ****   *         APB2ENR     SPI1EN        LL_APB2_GRP1_DisableClock\n
1788:board/stm32f401rct6/Drivers/STM32F4xx_HAL_Driver/Inc/stm32f4xx_ll_bus.h ****   *         APB2ENR     SPI4EN        LL_APB2_GRP1_DisableClock\n
1789:board/stm32f401rct6/Drivers/STM32F4xx_HAL_Driver/Inc/stm32f4xx_ll_bus.h ****   *         APB2ENR     SYSCFGEN      LL_APB2_GRP1_DisableClock\n
1790:board/stm32f401rct6/Drivers/STM32F4xx_HAL_Driver/Inc/stm32f4xx_ll_bus.h ****   *         APB2ENR     EXTITEN       LL_APB2_GRP1_DisableClock\n
1791:board/stm32f401rct6/Drivers/STM32F4xx_HAL_Driver/Inc/stm32f4xx_ll_bus.h ****   *         APB2ENR     TIM9EN        LL_APB2_GRP1_DisableClock\n
1792:board/stm32f401rct6/Drivers/STM32F4xx_HAL_Driver/Inc/stm32f4xx_ll_bus.h ****   *         APB2ENR     TIM10EN       LL_APB2_GRP1_DisableClock\n
1793:board/stm32f401rct6/Drivers/STM32F4xx_HAL_Driver/Inc/stm32f4xx_ll_bus.h ****   *         APB2ENR     TIM11EN       LL_APB2_GRP1_DisableClock\n
1794:board/stm32f401rct6/Drivers/STM32F4xx_HAL_Driver/Inc/stm32f4xx_ll_bus.h ****   *         APB2ENR     SPI5EN        LL_APB2_GRP1_DisableClock\n
1795:board/stm32f401rct6/Drivers/STM32F4xx_HAL_Driver/Inc/stm32f4xx_ll_bus.h ****   *         APB2ENR     SPI6EN        LL_APB2_GRP1_DisableClock\n
1796:board/stm32f401rct6/Drivers/STM32F4xx_HAL_Driver/Inc/stm32f4xx_ll_bus.h ****   *         APB2ENR     SAI1EN        LL_APB2_GRP1_DisableClock\n
1797:board/stm32f401rct6/Drivers/STM32F4xx_HAL_Driver/Inc/stm32f4xx_ll_bus.h ****   *         APB2ENR     SAI2EN        LL_APB2_GRP1_DisableClock\n
1798:board/stm32f401rct6/Drivers/STM32F4xx_HAL_Driver/Inc/stm32f4xx_ll_bus.h ****   *         APB2ENR     LTDCEN        LL_APB2_GRP1_DisableClock\n
1799:board/stm32f401rct6/Drivers/STM32F4xx_HAL_Driver/Inc/stm32f4xx_ll_bus.h ****   *         APB2ENR     DSIEN         LL_APB2_GRP1_DisableClock\n
1800:board/stm32f401rct6/Drivers/STM32F4xx_HAL_Driver/Inc/stm32f4xx_ll_bus.h ****   *         APB2ENR     DFSDM1EN      LL_APB2_GRP1_DisableClock\n
1801:board/stm32f401rct6/Drivers/STM32F4xx_HAL_Driver/Inc/stm32f4xx_ll_bus.h ****   *         APB2ENR     DFSDM2EN      LL_APB2_GRP1_DisableClock
1802:board/stm32f401rct6/Drivers/STM32F4xx_HAL_Driver/Inc/stm32f4xx_ll_bus.h ****   * @param  Periphs This parameter can be a combination of the following values:
1803:board/stm32f401rct6/Drivers/STM32F4xx_HAL_Driver/Inc/stm32f4xx_ll_bus.h ****   *         @arg @ref LL_APB2_GRP1_PERIPH_TIM1
1804:board/stm32f401rct6/Drivers/STM32F4xx_HAL_Driver/Inc/stm32f4xx_ll_bus.h ****   *         @arg @ref LL_APB2_GRP1_PERIPH_TIM8 (*)
1805:board/stm32f401rct6/Drivers/STM32F4xx_HAL_Driver/Inc/stm32f4xx_ll_bus.h ****   *         @arg @ref LL_APB2_GRP1_PERIPH_USART1
1806:board/stm32f401rct6/Drivers/STM32F4xx_HAL_Driver/Inc/stm32f4xx_ll_bus.h ****   *         @arg @ref LL_APB2_GRP1_PERIPH_USART6 (*)
1807:board/stm32f401rct6/Drivers/STM32F4xx_HAL_Driver/Inc/stm32f4xx_ll_bus.h ****   *         @arg @ref LL_APB2_GRP1_PERIPH_UART9 (*)
1808:board/stm32f401rct6/Drivers/STM32F4xx_HAL_Driver/Inc/stm32f4xx_ll_bus.h ****   *         @arg @ref LL_APB2_GRP1_PERIPH_UART10 (*)
1809:board/stm32f401rct6/Drivers/STM32F4xx_HAL_Driver/Inc/stm32f4xx_ll_bus.h ****   *         @arg @ref LL_APB2_GRP1_PERIPH_ADC1
1810:board/stm32f401rct6/Drivers/STM32F4xx_HAL_Driver/Inc/stm32f4xx_ll_bus.h ****   *         @arg @ref LL_APB2_GRP1_PERIPH_ADC2 (*)
1811:board/stm32f401rct6/Drivers/STM32F4xx_HAL_Driver/Inc/stm32f4xx_ll_bus.h ****   *         @arg @ref LL_APB2_GRP1_PERIPH_ADC3 (*)
1812:board/stm32f401rct6/Drivers/STM32F4xx_HAL_Driver/Inc/stm32f4xx_ll_bus.h ****   *         @arg @ref LL_APB2_GRP1_PERIPH_SDIO (*)
1813:board/stm32f401rct6/Drivers/STM32F4xx_HAL_Driver/Inc/stm32f4xx_ll_bus.h ****   *         @arg @ref LL_APB2_GRP1_PERIPH_SPI1
1814:board/stm32f401rct6/Drivers/STM32F4xx_HAL_Driver/Inc/stm32f4xx_ll_bus.h ****   *         @arg @ref LL_APB2_GRP1_PERIPH_SPI4 (*)
1815:board/stm32f401rct6/Drivers/STM32F4xx_HAL_Driver/Inc/stm32f4xx_ll_bus.h ****   *         @arg @ref LL_APB2_GRP1_PERIPH_SYSCFG
1816:board/stm32f401rct6/Drivers/STM32F4xx_HAL_Driver/Inc/stm32f4xx_ll_bus.h ****   *         @arg @ref LL_APB2_GRP1_PERIPH_EXTI (*)
1817:board/stm32f401rct6/Drivers/STM32F4xx_HAL_Driver/Inc/stm32f4xx_ll_bus.h ****   *         @arg @ref LL_APB2_GRP1_PERIPH_TIM9
1818:board/stm32f401rct6/Drivers/STM32F4xx_HAL_Driver/Inc/stm32f4xx_ll_bus.h ****   *         @arg @ref LL_APB2_GRP1_PERIPH_TIM10 (*)
1819:board/stm32f401rct6/Drivers/STM32F4xx_HAL_Driver/Inc/stm32f4xx_ll_bus.h ****   *         @arg @ref LL_APB2_GRP1_PERIPH_TIM11
1820:board/stm32f401rct6/Drivers/STM32F4xx_HAL_Driver/Inc/stm32f4xx_ll_bus.h ****   *         @arg @ref LL_APB2_GRP1_PERIPH_SPI5 (*)
1821:board/stm32f401rct6/Drivers/STM32F4xx_HAL_Driver/Inc/stm32f4xx_ll_bus.h ****   *         @arg @ref LL_APB2_GRP1_PERIPH_SPI6 (*)
1822:board/stm32f401rct6/Drivers/STM32F4xx_HAL_Driver/Inc/stm32f4xx_ll_bus.h ****   *         @arg @ref LL_APB2_GRP1_PERIPH_SAI1 (*)
1823:board/stm32f401rct6/Drivers/STM32F4xx_HAL_Driver/Inc/stm32f4xx_ll_bus.h ****   *         @arg @ref LL_APB2_GRP1_PERIPH_SAI2 (*)
1824:board/stm32f401rct6/Drivers/STM32F4xx_HAL_Driver/Inc/stm32f4xx_ll_bus.h ****   *         @arg @ref LL_APB2_GRP1_PERIPH_LTDC (*)
1825:board/stm32f401rct6/Drivers/STM32F4xx_HAL_Driver/Inc/stm32f4xx_ll_bus.h ****   *         @arg @ref LL_APB2_GRP1_PERIPH_DSI  (*)
1826:board/stm32f401rct6/Drivers/STM32F4xx_HAL_Driver/Inc/stm32f4xx_ll_bus.h ****   *         @arg @ref LL_APB2_GRP1_PERIPH_DFSDM1 (*)
1827:board/stm32f401rct6/Drivers/STM32F4xx_HAL_Driver/Inc/stm32f4xx_ll_bus.h ****   *         @arg @ref LL_APB2_GRP1_PERIPH_DFSDM2 (*)
1828:board/stm32f401rct6/Drivers/STM32F4xx_HAL_Driver/Inc/stm32f4xx_ll_bus.h ****   *
1829:board/stm32f401rct6/Drivers/STM32F4xx_HAL_Driver/Inc/stm32f4xx_ll_bus.h ****   *         (*) value not defined in all devices.
1830:board/stm32f401rct6/Drivers/STM32F4xx_HAL_Driver/Inc/stm32f4xx_ll_bus.h ****   * @retval None
1831:board/stm32f401rct6/Drivers/STM32F4xx_HAL_Driver/Inc/stm32f4xx_ll_bus.h ****   */
1832:board/stm32f401rct6/Drivers/STM32F4xx_HAL_Driver/Inc/stm32f4xx_ll_bus.h **** __STATIC_INLINE void LL_APB2_GRP1_DisableClock(uint32_t Periphs)
ARM GAS  C:\Users\Admin\AppData\Local\Temp\ccHarYQc.s 			page 39


1833:board/stm32f401rct6/Drivers/STM32F4xx_HAL_Driver/Inc/stm32f4xx_ll_bus.h **** {
1834:board/stm32f401rct6/Drivers/STM32F4xx_HAL_Driver/Inc/stm32f4xx_ll_bus.h ****   CLEAR_BIT(RCC->APB2ENR, Periphs);
1835:board/stm32f401rct6/Drivers/STM32F4xx_HAL_Driver/Inc/stm32f4xx_ll_bus.h **** }
1836:board/stm32f401rct6/Drivers/STM32F4xx_HAL_Driver/Inc/stm32f4xx_ll_bus.h **** 
1837:board/stm32f401rct6/Drivers/STM32F4xx_HAL_Driver/Inc/stm32f4xx_ll_bus.h **** /**
1838:board/stm32f401rct6/Drivers/STM32F4xx_HAL_Driver/Inc/stm32f4xx_ll_bus.h ****   * @brief  Force APB2 peripherals reset.
1839:board/stm32f401rct6/Drivers/STM32F4xx_HAL_Driver/Inc/stm32f4xx_ll_bus.h ****   * @rmtoll APB2RSTR     TIM1RST        LL_APB2_GRP1_ForceReset\n
1840:board/stm32f401rct6/Drivers/STM32F4xx_HAL_Driver/Inc/stm32f4xx_ll_bus.h ****   *         APB2RSTR     TIM8RST        LL_APB2_GRP1_ForceReset\n
1841:board/stm32f401rct6/Drivers/STM32F4xx_HAL_Driver/Inc/stm32f4xx_ll_bus.h ****   *         APB2RSTR     USART1RST      LL_APB2_GRP1_ForceReset\n
1842:board/stm32f401rct6/Drivers/STM32F4xx_HAL_Driver/Inc/stm32f4xx_ll_bus.h ****   *         APB2RSTR     USART6RST      LL_APB2_GRP1_ForceReset\n
1843:board/stm32f401rct6/Drivers/STM32F4xx_HAL_Driver/Inc/stm32f4xx_ll_bus.h ****   *         APB2RSTR     UART9RST       LL_APB2_GRP1_ForceReset\n
1844:board/stm32f401rct6/Drivers/STM32F4xx_HAL_Driver/Inc/stm32f4xx_ll_bus.h ****   *         APB2RSTR     UART10RST      LL_APB2_GRP1_ForceReset\n
1845:board/stm32f401rct6/Drivers/STM32F4xx_HAL_Driver/Inc/stm32f4xx_ll_bus.h ****   *         APB2RSTR     ADCRST         LL_APB2_GRP1_ForceReset\n
1846:board/stm32f401rct6/Drivers/STM32F4xx_HAL_Driver/Inc/stm32f4xx_ll_bus.h ****   *         APB2RSTR     SDIORST        LL_APB2_GRP1_ForceReset\n
1847:board/stm32f401rct6/Drivers/STM32F4xx_HAL_Driver/Inc/stm32f4xx_ll_bus.h ****   *         APB2RSTR     SPI1RST        LL_APB2_GRP1_ForceReset\n
1848:board/stm32f401rct6/Drivers/STM32F4xx_HAL_Driver/Inc/stm32f4xx_ll_bus.h ****   *         APB2RSTR     SPI4RST        LL_APB2_GRP1_ForceReset\n
1849:board/stm32f401rct6/Drivers/STM32F4xx_HAL_Driver/Inc/stm32f4xx_ll_bus.h ****   *         APB2RSTR     SYSCFGRST      LL_APB2_GRP1_ForceReset\n
1850:board/stm32f401rct6/Drivers/STM32F4xx_HAL_Driver/Inc/stm32f4xx_ll_bus.h ****   *         APB2RSTR     TIM9RST        LL_APB2_GRP1_ForceReset\n
1851:board/stm32f401rct6/Drivers/STM32F4xx_HAL_Driver/Inc/stm32f4xx_ll_bus.h ****   *         APB2RSTR     TIM10RST       LL_APB2_GRP1_ForceReset\n
1852:board/stm32f401rct6/Drivers/STM32F4xx_HAL_Driver/Inc/stm32f4xx_ll_bus.h ****   *         APB2RSTR     TIM11RST       LL_APB2_GRP1_ForceReset\n
1853:board/stm32f401rct6/Drivers/STM32F4xx_HAL_Driver/Inc/stm32f4xx_ll_bus.h ****   *         APB2RSTR     SPI5RST        LL_APB2_GRP1_ForceReset\n
1854:board/stm32f401rct6/Drivers/STM32F4xx_HAL_Driver/Inc/stm32f4xx_ll_bus.h ****   *         APB2RSTR     SPI6RST        LL_APB2_GRP1_ForceReset\n
1855:board/stm32f401rct6/Drivers/STM32F4xx_HAL_Driver/Inc/stm32f4xx_ll_bus.h ****   *         APB2RSTR     SAI1RST        LL_APB2_GRP1_ForceReset\n
1856:board/stm32f401rct6/Drivers/STM32F4xx_HAL_Driver/Inc/stm32f4xx_ll_bus.h ****   *         APB2RSTR     SAI2RST        LL_APB2_GRP1_ForceReset\n
1857:board/stm32f401rct6/Drivers/STM32F4xx_HAL_Driver/Inc/stm32f4xx_ll_bus.h ****   *         APB2RSTR     LTDCRST        LL_APB2_GRP1_ForceReset\n
1858:board/stm32f401rct6/Drivers/STM32F4xx_HAL_Driver/Inc/stm32f4xx_ll_bus.h ****   *         APB2RSTR     DSIRST         LL_APB2_GRP1_ForceReset\n
1859:board/stm32f401rct6/Drivers/STM32F4xx_HAL_Driver/Inc/stm32f4xx_ll_bus.h ****   *         APB2RSTR     DFSDM1RST      LL_APB2_GRP1_ForceReset\n
1860:board/stm32f401rct6/Drivers/STM32F4xx_HAL_Driver/Inc/stm32f4xx_ll_bus.h ****   *         APB2RSTR     DFSDM2RST      LL_APB2_GRP1_ForceReset
1861:board/stm32f401rct6/Drivers/STM32F4xx_HAL_Driver/Inc/stm32f4xx_ll_bus.h ****   * @param  Periphs This parameter can be a combination of the following values:
1862:board/stm32f401rct6/Drivers/STM32F4xx_HAL_Driver/Inc/stm32f4xx_ll_bus.h ****   *         @arg @ref LL_APB2_GRP1_PERIPH_ALL
1863:board/stm32f401rct6/Drivers/STM32F4xx_HAL_Driver/Inc/stm32f4xx_ll_bus.h ****   *         @arg @ref LL_APB2_GRP1_PERIPH_TIM1
1864:board/stm32f401rct6/Drivers/STM32F4xx_HAL_Driver/Inc/stm32f4xx_ll_bus.h ****   *         @arg @ref LL_APB2_GRP1_PERIPH_TIM8 (*)
1865:board/stm32f401rct6/Drivers/STM32F4xx_HAL_Driver/Inc/stm32f4xx_ll_bus.h ****   *         @arg @ref LL_APB2_GRP1_PERIPH_USART1
1866:board/stm32f401rct6/Drivers/STM32F4xx_HAL_Driver/Inc/stm32f4xx_ll_bus.h ****   *         @arg @ref LL_APB2_GRP1_PERIPH_USART6 (*)
1867:board/stm32f401rct6/Drivers/STM32F4xx_HAL_Driver/Inc/stm32f4xx_ll_bus.h ****   *         @arg @ref LL_APB2_GRP1_PERIPH_UART9 (*)
1868:board/stm32f401rct6/Drivers/STM32F4xx_HAL_Driver/Inc/stm32f4xx_ll_bus.h ****   *         @arg @ref LL_APB2_GRP1_PERIPH_UART10 (*)
1869:board/stm32f401rct6/Drivers/STM32F4xx_HAL_Driver/Inc/stm32f4xx_ll_bus.h ****   *         @arg @ref LL_APB2_GRP1_PERIPH_ADC
1870:board/stm32f401rct6/Drivers/STM32F4xx_HAL_Driver/Inc/stm32f4xx_ll_bus.h ****   *         @arg @ref LL_APB2_GRP1_PERIPH_SDIO (*)
1871:board/stm32f401rct6/Drivers/STM32F4xx_HAL_Driver/Inc/stm32f4xx_ll_bus.h ****   *         @arg @ref LL_APB2_GRP1_PERIPH_SPI1
1872:board/stm32f401rct6/Drivers/STM32F4xx_HAL_Driver/Inc/stm32f4xx_ll_bus.h ****   *         @arg @ref LL_APB2_GRP1_PERIPH_SPI4 (*)
1873:board/stm32f401rct6/Drivers/STM32F4xx_HAL_Driver/Inc/stm32f4xx_ll_bus.h ****   *         @arg @ref LL_APB2_GRP1_PERIPH_SYSCFG
1874:board/stm32f401rct6/Drivers/STM32F4xx_HAL_Driver/Inc/stm32f4xx_ll_bus.h ****   *         @arg @ref LL_APB2_GRP1_PERIPH_TIM9
1875:board/stm32f401rct6/Drivers/STM32F4xx_HAL_Driver/Inc/stm32f4xx_ll_bus.h ****   *         @arg @ref LL_APB2_GRP1_PERIPH_TIM10 (*)
1876:board/stm32f401rct6/Drivers/STM32F4xx_HAL_Driver/Inc/stm32f4xx_ll_bus.h ****   *         @arg @ref LL_APB2_GRP1_PERIPH_TIM11
1877:board/stm32f401rct6/Drivers/STM32F4xx_HAL_Driver/Inc/stm32f4xx_ll_bus.h ****   *         @arg @ref LL_APB2_GRP1_PERIPH_SPI5 (*)
1878:board/stm32f401rct6/Drivers/STM32F4xx_HAL_Driver/Inc/stm32f4xx_ll_bus.h ****   *         @arg @ref LL_APB2_GRP1_PERIPH_SPI6 (*)
1879:board/stm32f401rct6/Drivers/STM32F4xx_HAL_Driver/Inc/stm32f4xx_ll_bus.h ****   *         @arg @ref LL_APB2_GRP1_PERIPH_SAI1 (*)
1880:board/stm32f401rct6/Drivers/STM32F4xx_HAL_Driver/Inc/stm32f4xx_ll_bus.h ****   *         @arg @ref LL_APB2_GRP1_PERIPH_SAI2 (*)
1881:board/stm32f401rct6/Drivers/STM32F4xx_HAL_Driver/Inc/stm32f4xx_ll_bus.h ****   *         @arg @ref LL_APB2_GRP1_PERIPH_LTDC (*)
1882:board/stm32f401rct6/Drivers/STM32F4xx_HAL_Driver/Inc/stm32f4xx_ll_bus.h ****   *         @arg @ref LL_APB2_GRP1_PERIPH_DSI  (*)
1883:board/stm32f401rct6/Drivers/STM32F4xx_HAL_Driver/Inc/stm32f4xx_ll_bus.h ****   *         @arg @ref LL_APB2_GRP1_PERIPH_DFSDM1 (*)
1884:board/stm32f401rct6/Drivers/STM32F4xx_HAL_Driver/Inc/stm32f4xx_ll_bus.h ****   *         @arg @ref LL_APB2_GRP1_PERIPH_DFSDM2 (*)
1885:board/stm32f401rct6/Drivers/STM32F4xx_HAL_Driver/Inc/stm32f4xx_ll_bus.h ****   *
1886:board/stm32f401rct6/Drivers/STM32F4xx_HAL_Driver/Inc/stm32f4xx_ll_bus.h ****   *         (*) value not defined in all devices.
1887:board/stm32f401rct6/Drivers/STM32F4xx_HAL_Driver/Inc/stm32f4xx_ll_bus.h ****   * @retval None
1888:board/stm32f401rct6/Drivers/STM32F4xx_HAL_Driver/Inc/stm32f4xx_ll_bus.h ****   */
1889:board/stm32f401rct6/Drivers/STM32F4xx_HAL_Driver/Inc/stm32f4xx_ll_bus.h **** __STATIC_INLINE void LL_APB2_GRP1_ForceReset(uint32_t Periphs)
ARM GAS  C:\Users\Admin\AppData\Local\Temp\ccHarYQc.s 			page 40


  40              		.loc 2 1889 22 view .LVU3
  41              	.LBB29:
1890:board/stm32f401rct6/Drivers/STM32F4xx_HAL_Driver/Inc/stm32f4xx_ll_bus.h **** {
1891:board/stm32f401rct6/Drivers/STM32F4xx_HAL_Driver/Inc/stm32f4xx_ll_bus.h ****   SET_BIT(RCC->APB2RSTR, Periphs);
  42              		.loc 2 1891 3 view .LVU4
  43 0000 054B     		ldr	r3, .L2
  44 0002 5A6A     		ldr	r2, [r3, #36]
  45 0004 42F48072 		orr	r2, r2, #256
  46 0008 5A62     		str	r2, [r3, #36]
  47              	.LVL1:
  48              		.loc 2 1891 3 is_stmt 0 view .LVU5
  49              	.LBE29:
  50              	.LBE28:
 297:board/stm32f401rct6/Drivers/STM32F4xx_HAL_Driver/Src/stm32f4xx_ll_adc.c **** 
 298:board/stm32f401rct6/Drivers/STM32F4xx_HAL_Driver/Src/stm32f4xx_ll_adc.c ****   /* Release reset of ADC clock (core clock) */
 299:board/stm32f401rct6/Drivers/STM32F4xx_HAL_Driver/Src/stm32f4xx_ll_adc.c ****   LL_APB2_GRP1_ReleaseReset(LL_APB2_GRP1_PERIPH_ADC);
  51              		.loc 1 299 3 is_stmt 1 view .LVU6
  52              	.LBB30:
  53              	.LBI30:
1892:board/stm32f401rct6/Drivers/STM32F4xx_HAL_Driver/Inc/stm32f4xx_ll_bus.h **** }
1893:board/stm32f401rct6/Drivers/STM32F4xx_HAL_Driver/Inc/stm32f4xx_ll_bus.h **** 
1894:board/stm32f401rct6/Drivers/STM32F4xx_HAL_Driver/Inc/stm32f4xx_ll_bus.h **** /**
1895:board/stm32f401rct6/Drivers/STM32F4xx_HAL_Driver/Inc/stm32f4xx_ll_bus.h ****   * @brief  Release APB2 peripherals reset.
1896:board/stm32f401rct6/Drivers/STM32F4xx_HAL_Driver/Inc/stm32f4xx_ll_bus.h ****   * @rmtoll APB2RSTR     TIM1RST        LL_APB2_GRP1_ReleaseReset\n
1897:board/stm32f401rct6/Drivers/STM32F4xx_HAL_Driver/Inc/stm32f4xx_ll_bus.h ****   *         APB2RSTR     TIM8RST        LL_APB2_GRP1_ReleaseReset\n
1898:board/stm32f401rct6/Drivers/STM32F4xx_HAL_Driver/Inc/stm32f4xx_ll_bus.h ****   *         APB2RSTR     USART1RST      LL_APB2_GRP1_ReleaseReset\n
1899:board/stm32f401rct6/Drivers/STM32F4xx_HAL_Driver/Inc/stm32f4xx_ll_bus.h ****   *         APB2RSTR     USART6RST      LL_APB2_GRP1_ReleaseReset\n
1900:board/stm32f401rct6/Drivers/STM32F4xx_HAL_Driver/Inc/stm32f4xx_ll_bus.h ****   *         APB2RSTR     UART9RST       LL_APB2_GRP1_ReleaseReset\n
1901:board/stm32f401rct6/Drivers/STM32F4xx_HAL_Driver/Inc/stm32f4xx_ll_bus.h ****   *         APB2RSTR     UART10RST      LL_APB2_GRP1_ReleaseReset\n
1902:board/stm32f401rct6/Drivers/STM32F4xx_HAL_Driver/Inc/stm32f4xx_ll_bus.h ****   *         APB2RSTR     ADCRST         LL_APB2_GRP1_ReleaseReset\n
1903:board/stm32f401rct6/Drivers/STM32F4xx_HAL_Driver/Inc/stm32f4xx_ll_bus.h ****   *         APB2RSTR     SDIORST        LL_APB2_GRP1_ReleaseReset\n
1904:board/stm32f401rct6/Drivers/STM32F4xx_HAL_Driver/Inc/stm32f4xx_ll_bus.h ****   *         APB2RSTR     SPI1RST        LL_APB2_GRP1_ReleaseReset\n
1905:board/stm32f401rct6/Drivers/STM32F4xx_HAL_Driver/Inc/stm32f4xx_ll_bus.h ****   *         APB2RSTR     SPI4RST        LL_APB2_GRP1_ReleaseReset\n
1906:board/stm32f401rct6/Drivers/STM32F4xx_HAL_Driver/Inc/stm32f4xx_ll_bus.h ****   *         APB2RSTR     SYSCFGRST      LL_APB2_GRP1_ReleaseReset\n
1907:board/stm32f401rct6/Drivers/STM32F4xx_HAL_Driver/Inc/stm32f4xx_ll_bus.h ****   *         APB2RSTR     TIM9RST        LL_APB2_GRP1_ReleaseReset\n
1908:board/stm32f401rct6/Drivers/STM32F4xx_HAL_Driver/Inc/stm32f4xx_ll_bus.h ****   *         APB2RSTR     TIM10RST       LL_APB2_GRP1_ReleaseReset\n
1909:board/stm32f401rct6/Drivers/STM32F4xx_HAL_Driver/Inc/stm32f4xx_ll_bus.h ****   *         APB2RSTR     TIM11RST       LL_APB2_GRP1_ReleaseReset\n
1910:board/stm32f401rct6/Drivers/STM32F4xx_HAL_Driver/Inc/stm32f4xx_ll_bus.h ****   *         APB2RSTR     SPI5RST        LL_APB2_GRP1_ReleaseReset\n
1911:board/stm32f401rct6/Drivers/STM32F4xx_HAL_Driver/Inc/stm32f4xx_ll_bus.h ****   *         APB2RSTR     SPI6RST        LL_APB2_GRP1_ReleaseReset\n
1912:board/stm32f401rct6/Drivers/STM32F4xx_HAL_Driver/Inc/stm32f4xx_ll_bus.h ****   *         APB2RSTR     SAI1RST        LL_APB2_GRP1_ReleaseReset\n
1913:board/stm32f401rct6/Drivers/STM32F4xx_HAL_Driver/Inc/stm32f4xx_ll_bus.h ****   *         APB2RSTR     SAI2RST        LL_APB2_GRP1_ReleaseReset\n
1914:board/stm32f401rct6/Drivers/STM32F4xx_HAL_Driver/Inc/stm32f4xx_ll_bus.h ****   *         APB2RSTR     LTDCRST        LL_APB2_GRP1_ReleaseReset\n
1915:board/stm32f401rct6/Drivers/STM32F4xx_HAL_Driver/Inc/stm32f4xx_ll_bus.h ****   *         APB2RSTR     DSIRST         LL_APB2_GRP1_ReleaseReset\n
1916:board/stm32f401rct6/Drivers/STM32F4xx_HAL_Driver/Inc/stm32f4xx_ll_bus.h ****   *         APB2RSTR     DFSDM1RST      LL_APB2_GRP1_ReleaseReset\n
1917:board/stm32f401rct6/Drivers/STM32F4xx_HAL_Driver/Inc/stm32f4xx_ll_bus.h ****   *         APB2RSTR     DFSDM2RST      LL_APB2_GRP1_ReleaseReset
1918:board/stm32f401rct6/Drivers/STM32F4xx_HAL_Driver/Inc/stm32f4xx_ll_bus.h ****   * @param  Periphs This parameter can be a combination of the following values:
1919:board/stm32f401rct6/Drivers/STM32F4xx_HAL_Driver/Inc/stm32f4xx_ll_bus.h ****   *         @arg @ref LL_APB2_GRP1_PERIPH_ALL
1920:board/stm32f401rct6/Drivers/STM32F4xx_HAL_Driver/Inc/stm32f4xx_ll_bus.h ****   *         @arg @ref LL_APB2_GRP1_PERIPH_TIM1
1921:board/stm32f401rct6/Drivers/STM32F4xx_HAL_Driver/Inc/stm32f4xx_ll_bus.h ****   *         @arg @ref LL_APB2_GRP1_PERIPH_TIM8 (*)
1922:board/stm32f401rct6/Drivers/STM32F4xx_HAL_Driver/Inc/stm32f4xx_ll_bus.h ****   *         @arg @ref LL_APB2_GRP1_PERIPH_USART1
1923:board/stm32f401rct6/Drivers/STM32F4xx_HAL_Driver/Inc/stm32f4xx_ll_bus.h ****   *         @arg @ref LL_APB2_GRP1_PERIPH_USART6 (*)
1924:board/stm32f401rct6/Drivers/STM32F4xx_HAL_Driver/Inc/stm32f4xx_ll_bus.h ****   *         @arg @ref LL_APB2_GRP1_PERIPH_UART9 (*)
1925:board/stm32f401rct6/Drivers/STM32F4xx_HAL_Driver/Inc/stm32f4xx_ll_bus.h ****   *         @arg @ref LL_APB2_GRP1_PERIPH_UART10 (*)
1926:board/stm32f401rct6/Drivers/STM32F4xx_HAL_Driver/Inc/stm32f4xx_ll_bus.h ****   *         @arg @ref LL_APB2_GRP1_PERIPH_ADC
1927:board/stm32f401rct6/Drivers/STM32F4xx_HAL_Driver/Inc/stm32f4xx_ll_bus.h ****   *         @arg @ref LL_APB2_GRP1_PERIPH_SDIO (*)
1928:board/stm32f401rct6/Drivers/STM32F4xx_HAL_Driver/Inc/stm32f4xx_ll_bus.h ****   *         @arg @ref LL_APB2_GRP1_PERIPH_SPI1
1929:board/stm32f401rct6/Drivers/STM32F4xx_HAL_Driver/Inc/stm32f4xx_ll_bus.h ****   *         @arg @ref LL_APB2_GRP1_PERIPH_SPI4 (*)
ARM GAS  C:\Users\Admin\AppData\Local\Temp\ccHarYQc.s 			page 41


1930:board/stm32f401rct6/Drivers/STM32F4xx_HAL_Driver/Inc/stm32f4xx_ll_bus.h ****   *         @arg @ref LL_APB2_GRP1_PERIPH_SYSCFG
1931:board/stm32f401rct6/Drivers/STM32F4xx_HAL_Driver/Inc/stm32f4xx_ll_bus.h ****   *         @arg @ref LL_APB2_GRP1_PERIPH_EXTI (*)
1932:board/stm32f401rct6/Drivers/STM32F4xx_HAL_Driver/Inc/stm32f4xx_ll_bus.h ****   *         @arg @ref LL_APB2_GRP1_PERIPH_TIM9
1933:board/stm32f401rct6/Drivers/STM32F4xx_HAL_Driver/Inc/stm32f4xx_ll_bus.h ****   *         @arg @ref LL_APB2_GRP1_PERIPH_TIM10 (*)
1934:board/stm32f401rct6/Drivers/STM32F4xx_HAL_Driver/Inc/stm32f4xx_ll_bus.h ****   *         @arg @ref LL_APB2_GRP1_PERIPH_TIM11
1935:board/stm32f401rct6/Drivers/STM32F4xx_HAL_Driver/Inc/stm32f4xx_ll_bus.h ****   *         @arg @ref LL_APB2_GRP1_PERIPH_SPI5 (*)
1936:board/stm32f401rct6/Drivers/STM32F4xx_HAL_Driver/Inc/stm32f4xx_ll_bus.h ****   *         @arg @ref LL_APB2_GRP1_PERIPH_SPI6 (*)
1937:board/stm32f401rct6/Drivers/STM32F4xx_HAL_Driver/Inc/stm32f4xx_ll_bus.h ****   *         @arg @ref LL_APB2_GRP1_PERIPH_SAI1 (*)
1938:board/stm32f401rct6/Drivers/STM32F4xx_HAL_Driver/Inc/stm32f4xx_ll_bus.h ****   *         @arg @ref LL_APB2_GRP1_PERIPH_SAI2 (*)
1939:board/stm32f401rct6/Drivers/STM32F4xx_HAL_Driver/Inc/stm32f4xx_ll_bus.h ****   *         @arg @ref LL_APB2_GRP1_PERIPH_LTDC (*)
1940:board/stm32f401rct6/Drivers/STM32F4xx_HAL_Driver/Inc/stm32f4xx_ll_bus.h ****   *         @arg @ref LL_APB2_GRP1_PERIPH_DSI  (*)
1941:board/stm32f401rct6/Drivers/STM32F4xx_HAL_Driver/Inc/stm32f4xx_ll_bus.h ****   *         @arg @ref LL_APB2_GRP1_PERIPH_DFSDM1 (*)
1942:board/stm32f401rct6/Drivers/STM32F4xx_HAL_Driver/Inc/stm32f4xx_ll_bus.h ****   *         @arg @ref LL_APB2_GRP1_PERIPH_DFSDM2 (*)
1943:board/stm32f401rct6/Drivers/STM32F4xx_HAL_Driver/Inc/stm32f4xx_ll_bus.h ****   *
1944:board/stm32f401rct6/Drivers/STM32F4xx_HAL_Driver/Inc/stm32f4xx_ll_bus.h ****   *         (*) value not defined in all devices.
1945:board/stm32f401rct6/Drivers/STM32F4xx_HAL_Driver/Inc/stm32f4xx_ll_bus.h ****   * @retval None
1946:board/stm32f401rct6/Drivers/STM32F4xx_HAL_Driver/Inc/stm32f4xx_ll_bus.h ****   */
1947:board/stm32f401rct6/Drivers/STM32F4xx_HAL_Driver/Inc/stm32f4xx_ll_bus.h **** __STATIC_INLINE void LL_APB2_GRP1_ReleaseReset(uint32_t Periphs)
  54              		.loc 2 1947 22 view .LVU7
  55              	.LBB31:
1948:board/stm32f401rct6/Drivers/STM32F4xx_HAL_Driver/Inc/stm32f4xx_ll_bus.h **** {
1949:board/stm32f401rct6/Drivers/STM32F4xx_HAL_Driver/Inc/stm32f4xx_ll_bus.h ****   CLEAR_BIT(RCC->APB2RSTR, Periphs);
  56              		.loc 2 1949 3 view .LVU8
  57 000a 5A6A     		ldr	r2, [r3, #36]
  58 000c 22F48072 		bic	r2, r2, #256
  59 0010 5A62     		str	r2, [r3, #36]
  60              	.LVL2:
  61              		.loc 2 1949 3 is_stmt 0 view .LVU9
  62              	.LBE31:
  63              	.LBE30:
 300:board/stm32f401rct6/Drivers/STM32F4xx_HAL_Driver/Src/stm32f4xx_ll_adc.c **** 
 301:board/stm32f401rct6/Drivers/STM32F4xx_HAL_Driver/Src/stm32f4xx_ll_adc.c ****   return SUCCESS;
  64              		.loc 1 301 3 is_stmt 1 view .LVU10
 302:board/stm32f401rct6/Drivers/STM32F4xx_HAL_Driver/Src/stm32f4xx_ll_adc.c **** }
  65              		.loc 1 302 1 is_stmt 0 view .LVU11
  66 0012 0020     		movs	r0, #0
  67              	.LVL3:
  68              		.loc 1 302 1 view .LVU12
  69 0014 7047     		bx	lr
  70              	.L3:
  71 0016 00BF     		.align	2
  72              	.L2:
  73 0018 00380240 		.word	1073887232
  74              		.cfi_endproc
  75              	.LFE248:
  77              		.section	.text.LL_ADC_CommonInit,"ax",%progbits
  78              		.align	1
  79              		.global	LL_ADC_CommonInit
  80              		.syntax unified
  81              		.thumb
  82              		.thumb_func
  84              	LL_ADC_CommonInit:
  85              	.LVL4:
  86              	.LFB249:
 303:board/stm32f401rct6/Drivers/STM32F4xx_HAL_Driver/Src/stm32f4xx_ll_adc.c **** 
 304:board/stm32f401rct6/Drivers/STM32F4xx_HAL_Driver/Src/stm32f4xx_ll_adc.c **** /**
 305:board/stm32f401rct6/Drivers/STM32F4xx_HAL_Driver/Src/stm32f4xx_ll_adc.c ****   * @brief  Initialize some features of ADC common parameters
ARM GAS  C:\Users\Admin\AppData\Local\Temp\ccHarYQc.s 			page 42


 306:board/stm32f401rct6/Drivers/STM32F4xx_HAL_Driver/Src/stm32f4xx_ll_adc.c ****   *         (all ADC instances belonging to the same ADC common instance)
 307:board/stm32f401rct6/Drivers/STM32F4xx_HAL_Driver/Src/stm32f4xx_ll_adc.c ****   *         and multimode (for devices with several ADC instances available).
 308:board/stm32f401rct6/Drivers/STM32F4xx_HAL_Driver/Src/stm32f4xx_ll_adc.c ****   * @note   The setting of ADC common parameters is conditioned to
 309:board/stm32f401rct6/Drivers/STM32F4xx_HAL_Driver/Src/stm32f4xx_ll_adc.c ****   *         ADC instances state:
 310:board/stm32f401rct6/Drivers/STM32F4xx_HAL_Driver/Src/stm32f4xx_ll_adc.c ****   *         All ADC instances belonging to the same ADC common instance
 311:board/stm32f401rct6/Drivers/STM32F4xx_HAL_Driver/Src/stm32f4xx_ll_adc.c ****   *         must be disabled.
 312:board/stm32f401rct6/Drivers/STM32F4xx_HAL_Driver/Src/stm32f4xx_ll_adc.c ****   * @param  ADCxy_COMMON ADC common instance
 313:board/stm32f401rct6/Drivers/STM32F4xx_HAL_Driver/Src/stm32f4xx_ll_adc.c ****   *         (can be set directly from CMSIS definition or by using helper macro @ref __LL_ADC_COMMO
 314:board/stm32f401rct6/Drivers/STM32F4xx_HAL_Driver/Src/stm32f4xx_ll_adc.c ****   * @param  ADC_CommonInitStruct Pointer to a @ref LL_ADC_CommonInitTypeDef structure
 315:board/stm32f401rct6/Drivers/STM32F4xx_HAL_Driver/Src/stm32f4xx_ll_adc.c ****   * @retval An ErrorStatus enumeration value:
 316:board/stm32f401rct6/Drivers/STM32F4xx_HAL_Driver/Src/stm32f4xx_ll_adc.c ****   *          - SUCCESS: ADC common registers are initialized
 317:board/stm32f401rct6/Drivers/STM32F4xx_HAL_Driver/Src/stm32f4xx_ll_adc.c ****   *          - ERROR: ADC common registers are not initialized
 318:board/stm32f401rct6/Drivers/STM32F4xx_HAL_Driver/Src/stm32f4xx_ll_adc.c ****   */
 319:board/stm32f401rct6/Drivers/STM32F4xx_HAL_Driver/Src/stm32f4xx_ll_adc.c **** ErrorStatus LL_ADC_CommonInit(ADC_Common_TypeDef *ADCxy_COMMON, LL_ADC_CommonInitTypeDef *ADC_Commo
 320:board/stm32f401rct6/Drivers/STM32F4xx_HAL_Driver/Src/stm32f4xx_ll_adc.c **** {
  87              		.loc 1 320 1 is_stmt 1 view -0
  88              		.cfi_startproc
  89              		@ args = 0, pretend = 0, frame = 0
  90              		@ frame_needed = 0, uses_anonymous_args = 0
  91              		@ link register save eliminated.
 321:board/stm32f401rct6/Drivers/STM32F4xx_HAL_Driver/Src/stm32f4xx_ll_adc.c ****   ErrorStatus status = SUCCESS;
  92              		.loc 1 321 3 view .LVU14
 322:board/stm32f401rct6/Drivers/STM32F4xx_HAL_Driver/Src/stm32f4xx_ll_adc.c **** 
 323:board/stm32f401rct6/Drivers/STM32F4xx_HAL_Driver/Src/stm32f4xx_ll_adc.c ****   /* Check the parameters */
 324:board/stm32f401rct6/Drivers/STM32F4xx_HAL_Driver/Src/stm32f4xx_ll_adc.c ****   assert_param(IS_ADC_COMMON_INSTANCE(ADCxy_COMMON));
  93              		.loc 1 324 3 view .LVU15
 325:board/stm32f401rct6/Drivers/STM32F4xx_HAL_Driver/Src/stm32f4xx_ll_adc.c ****   assert_param(IS_LL_ADC_COMMON_CLOCK(ADC_CommonInitStruct->CommonClock));
  94              		.loc 1 325 3 view .LVU16
 326:board/stm32f401rct6/Drivers/STM32F4xx_HAL_Driver/Src/stm32f4xx_ll_adc.c **** 
 327:board/stm32f401rct6/Drivers/STM32F4xx_HAL_Driver/Src/stm32f4xx_ll_adc.c **** #if defined(ADC_MULTIMODE_SUPPORT)
 328:board/stm32f401rct6/Drivers/STM32F4xx_HAL_Driver/Src/stm32f4xx_ll_adc.c ****   assert_param(IS_LL_ADC_MULTI_MODE(ADC_CommonInitStruct->Multimode));
 329:board/stm32f401rct6/Drivers/STM32F4xx_HAL_Driver/Src/stm32f4xx_ll_adc.c ****   if (ADC_CommonInitStruct->Multimode != LL_ADC_MULTI_INDEPENDENT)
 330:board/stm32f401rct6/Drivers/STM32F4xx_HAL_Driver/Src/stm32f4xx_ll_adc.c ****   {
 331:board/stm32f401rct6/Drivers/STM32F4xx_HAL_Driver/Src/stm32f4xx_ll_adc.c ****     assert_param(IS_LL_ADC_MULTI_DMA_TRANSFER(ADC_CommonInitStruct->MultiDMATransfer));
 332:board/stm32f401rct6/Drivers/STM32F4xx_HAL_Driver/Src/stm32f4xx_ll_adc.c ****     assert_param(IS_LL_ADC_MULTI_TWOSMP_DELAY(ADC_CommonInitStruct->MultiTwoSamplingDelay));
 333:board/stm32f401rct6/Drivers/STM32F4xx_HAL_Driver/Src/stm32f4xx_ll_adc.c ****   }
 334:board/stm32f401rct6/Drivers/STM32F4xx_HAL_Driver/Src/stm32f4xx_ll_adc.c **** #endif /* ADC_MULTIMODE_SUPPORT */
 335:board/stm32f401rct6/Drivers/STM32F4xx_HAL_Driver/Src/stm32f4xx_ll_adc.c **** 
 336:board/stm32f401rct6/Drivers/STM32F4xx_HAL_Driver/Src/stm32f4xx_ll_adc.c ****   /* Note: Hardware constraint (refer to description of functions             */
 337:board/stm32f401rct6/Drivers/STM32F4xx_HAL_Driver/Src/stm32f4xx_ll_adc.c ****   /*       "LL_ADC_SetCommonXXX()" and "LL_ADC_SetMultiXXX()"):               */
 338:board/stm32f401rct6/Drivers/STM32F4xx_HAL_Driver/Src/stm32f4xx_ll_adc.c ****   /*       On this STM32 series, setting of these features is conditioned to  */
 339:board/stm32f401rct6/Drivers/STM32F4xx_HAL_Driver/Src/stm32f4xx_ll_adc.c ****   /*       ADC state:                                                         */
 340:board/stm32f401rct6/Drivers/STM32F4xx_HAL_Driver/Src/stm32f4xx_ll_adc.c ****   /*       All ADC instances of the ADC common group must be disabled.        */
 341:board/stm32f401rct6/Drivers/STM32F4xx_HAL_Driver/Src/stm32f4xx_ll_adc.c ****   if (__LL_ADC_IS_ENABLED_ALL_COMMON_INSTANCE(ADCxy_COMMON) == 0UL)
  95              		.loc 1 341 3 view .LVU17
  96              	.LBB32:
  97              	.LBI32:
  98              		.file 3 "board/stm32f401rct6/Drivers/STM32F4xx_HAL_Driver/Inc/stm32f4xx_ll_adc.h"
   1:board/stm32f401rct6/Drivers/STM32F4xx_HAL_Driver/Inc/stm32f4xx_ll_adc.h **** /**
   2:board/stm32f401rct6/Drivers/STM32F4xx_HAL_Driver/Inc/stm32f4xx_ll_adc.h ****   ******************************************************************************
   3:board/stm32f401rct6/Drivers/STM32F4xx_HAL_Driver/Inc/stm32f4xx_ll_adc.h ****   * @file    stm32f4xx_ll_adc.h
   4:board/stm32f401rct6/Drivers/STM32F4xx_HAL_Driver/Inc/stm32f4xx_ll_adc.h ****   * @author  MCD Application Team
   5:board/stm32f401rct6/Drivers/STM32F4xx_HAL_Driver/Inc/stm32f4xx_ll_adc.h ****   * @brief   Header file of ADC LL module.
   6:board/stm32f401rct6/Drivers/STM32F4xx_HAL_Driver/Inc/stm32f4xx_ll_adc.h ****   ******************************************************************************
   7:board/stm32f401rct6/Drivers/STM32F4xx_HAL_Driver/Inc/stm32f4xx_ll_adc.h ****   * @attention
   8:board/stm32f401rct6/Drivers/STM32F4xx_HAL_Driver/Inc/stm32f4xx_ll_adc.h ****   *
   9:board/stm32f401rct6/Drivers/STM32F4xx_HAL_Driver/Inc/stm32f4xx_ll_adc.h ****   * Copyright (c) 2017 STMicroelectronics.
ARM GAS  C:\Users\Admin\AppData\Local\Temp\ccHarYQc.s 			page 43


  10:board/stm32f401rct6/Drivers/STM32F4xx_HAL_Driver/Inc/stm32f4xx_ll_adc.h ****   * All rights reserved.
  11:board/stm32f401rct6/Drivers/STM32F4xx_HAL_Driver/Inc/stm32f4xx_ll_adc.h ****   *
  12:board/stm32f401rct6/Drivers/STM32F4xx_HAL_Driver/Inc/stm32f4xx_ll_adc.h ****   * This software is licensed under terms that can be found in the LICENSE file
  13:board/stm32f401rct6/Drivers/STM32F4xx_HAL_Driver/Inc/stm32f4xx_ll_adc.h ****   * in the root directory of this software component.
  14:board/stm32f401rct6/Drivers/STM32F4xx_HAL_Driver/Inc/stm32f4xx_ll_adc.h ****   * If no LICENSE file comes with this software, it is provided AS-IS.
  15:board/stm32f401rct6/Drivers/STM32F4xx_HAL_Driver/Inc/stm32f4xx_ll_adc.h ****   *
  16:board/stm32f401rct6/Drivers/STM32F4xx_HAL_Driver/Inc/stm32f4xx_ll_adc.h ****   ******************************************************************************
  17:board/stm32f401rct6/Drivers/STM32F4xx_HAL_Driver/Inc/stm32f4xx_ll_adc.h ****   */
  18:board/stm32f401rct6/Drivers/STM32F4xx_HAL_Driver/Inc/stm32f4xx_ll_adc.h **** 
  19:board/stm32f401rct6/Drivers/STM32F4xx_HAL_Driver/Inc/stm32f4xx_ll_adc.h **** /* Define to prevent recursive inclusion -------------------------------------*/
  20:board/stm32f401rct6/Drivers/STM32F4xx_HAL_Driver/Inc/stm32f4xx_ll_adc.h **** #ifndef __STM32F4xx_LL_ADC_H
  21:board/stm32f401rct6/Drivers/STM32F4xx_HAL_Driver/Inc/stm32f4xx_ll_adc.h **** #define __STM32F4xx_LL_ADC_H
  22:board/stm32f401rct6/Drivers/STM32F4xx_HAL_Driver/Inc/stm32f4xx_ll_adc.h **** 
  23:board/stm32f401rct6/Drivers/STM32F4xx_HAL_Driver/Inc/stm32f4xx_ll_adc.h **** #ifdef __cplusplus
  24:board/stm32f401rct6/Drivers/STM32F4xx_HAL_Driver/Inc/stm32f4xx_ll_adc.h **** extern "C" {
  25:board/stm32f401rct6/Drivers/STM32F4xx_HAL_Driver/Inc/stm32f4xx_ll_adc.h **** #endif
  26:board/stm32f401rct6/Drivers/STM32F4xx_HAL_Driver/Inc/stm32f4xx_ll_adc.h **** 
  27:board/stm32f401rct6/Drivers/STM32F4xx_HAL_Driver/Inc/stm32f4xx_ll_adc.h **** /* Includes ------------------------------------------------------------------*/
  28:board/stm32f401rct6/Drivers/STM32F4xx_HAL_Driver/Inc/stm32f4xx_ll_adc.h **** #include "stm32f4xx.h"
  29:board/stm32f401rct6/Drivers/STM32F4xx_HAL_Driver/Inc/stm32f4xx_ll_adc.h **** 
  30:board/stm32f401rct6/Drivers/STM32F4xx_HAL_Driver/Inc/stm32f4xx_ll_adc.h **** /** @addtogroup STM32F4xx_LL_Driver
  31:board/stm32f401rct6/Drivers/STM32F4xx_HAL_Driver/Inc/stm32f4xx_ll_adc.h ****   * @{
  32:board/stm32f401rct6/Drivers/STM32F4xx_HAL_Driver/Inc/stm32f4xx_ll_adc.h ****   */
  33:board/stm32f401rct6/Drivers/STM32F4xx_HAL_Driver/Inc/stm32f4xx_ll_adc.h **** 
  34:board/stm32f401rct6/Drivers/STM32F4xx_HAL_Driver/Inc/stm32f4xx_ll_adc.h **** #if defined (ADC1) || defined (ADC2) || defined (ADC3)
  35:board/stm32f401rct6/Drivers/STM32F4xx_HAL_Driver/Inc/stm32f4xx_ll_adc.h **** 
  36:board/stm32f401rct6/Drivers/STM32F4xx_HAL_Driver/Inc/stm32f4xx_ll_adc.h **** /** @defgroup ADC_LL ADC
  37:board/stm32f401rct6/Drivers/STM32F4xx_HAL_Driver/Inc/stm32f4xx_ll_adc.h ****   * @{
  38:board/stm32f401rct6/Drivers/STM32F4xx_HAL_Driver/Inc/stm32f4xx_ll_adc.h ****   */
  39:board/stm32f401rct6/Drivers/STM32F4xx_HAL_Driver/Inc/stm32f4xx_ll_adc.h **** 
  40:board/stm32f401rct6/Drivers/STM32F4xx_HAL_Driver/Inc/stm32f4xx_ll_adc.h **** /* Private types -------------------------------------------------------------*/
  41:board/stm32f401rct6/Drivers/STM32F4xx_HAL_Driver/Inc/stm32f4xx_ll_adc.h **** /* Private variables ---------------------------------------------------------*/
  42:board/stm32f401rct6/Drivers/STM32F4xx_HAL_Driver/Inc/stm32f4xx_ll_adc.h **** 
  43:board/stm32f401rct6/Drivers/STM32F4xx_HAL_Driver/Inc/stm32f4xx_ll_adc.h **** /* Private constants ---------------------------------------------------------*/
  44:board/stm32f401rct6/Drivers/STM32F4xx_HAL_Driver/Inc/stm32f4xx_ll_adc.h **** /** @defgroup ADC_LL_Private_Constants ADC Private Constants
  45:board/stm32f401rct6/Drivers/STM32F4xx_HAL_Driver/Inc/stm32f4xx_ll_adc.h ****   * @{
  46:board/stm32f401rct6/Drivers/STM32F4xx_HAL_Driver/Inc/stm32f4xx_ll_adc.h ****   */
  47:board/stm32f401rct6/Drivers/STM32F4xx_HAL_Driver/Inc/stm32f4xx_ll_adc.h **** 
  48:board/stm32f401rct6/Drivers/STM32F4xx_HAL_Driver/Inc/stm32f4xx_ll_adc.h **** /* Internal mask for ADC group regular sequencer:                             */
  49:board/stm32f401rct6/Drivers/STM32F4xx_HAL_Driver/Inc/stm32f4xx_ll_adc.h **** /* To select into literal LL_ADC_REG_RANK_x the relevant bits for:            */
  50:board/stm32f401rct6/Drivers/STM32F4xx_HAL_Driver/Inc/stm32f4xx_ll_adc.h **** /* - sequencer register offset                                                */
  51:board/stm32f401rct6/Drivers/STM32F4xx_HAL_Driver/Inc/stm32f4xx_ll_adc.h **** /* - sequencer rank bits position into the selected register                  */
  52:board/stm32f401rct6/Drivers/STM32F4xx_HAL_Driver/Inc/stm32f4xx_ll_adc.h **** 
  53:board/stm32f401rct6/Drivers/STM32F4xx_HAL_Driver/Inc/stm32f4xx_ll_adc.h **** /* Internal register offset for ADC group regular sequencer configuration */
  54:board/stm32f401rct6/Drivers/STM32F4xx_HAL_Driver/Inc/stm32f4xx_ll_adc.h **** /* (offset placed into a spare area of literal definition) */
  55:board/stm32f401rct6/Drivers/STM32F4xx_HAL_Driver/Inc/stm32f4xx_ll_adc.h **** #define ADC_SQR1_REGOFFSET                 0x00000000UL
  56:board/stm32f401rct6/Drivers/STM32F4xx_HAL_Driver/Inc/stm32f4xx_ll_adc.h **** #define ADC_SQR2_REGOFFSET                 0x00000100UL
  57:board/stm32f401rct6/Drivers/STM32F4xx_HAL_Driver/Inc/stm32f4xx_ll_adc.h **** #define ADC_SQR3_REGOFFSET                 0x00000200UL
  58:board/stm32f401rct6/Drivers/STM32F4xx_HAL_Driver/Inc/stm32f4xx_ll_adc.h **** #define ADC_SQR4_REGOFFSET                 0x00000300UL
  59:board/stm32f401rct6/Drivers/STM32F4xx_HAL_Driver/Inc/stm32f4xx_ll_adc.h **** 
  60:board/stm32f401rct6/Drivers/STM32F4xx_HAL_Driver/Inc/stm32f4xx_ll_adc.h **** #define ADC_REG_SQRX_REGOFFSET_MASK        (ADC_SQR1_REGOFFSET | ADC_SQR2_REGOFFSET | ADC_SQR3_REGO
  61:board/stm32f401rct6/Drivers/STM32F4xx_HAL_Driver/Inc/stm32f4xx_ll_adc.h **** #define ADC_REG_RANK_ID_SQRX_MASK          (ADC_CHANNEL_ID_NUMBER_MASK_POSBIT0)
  62:board/stm32f401rct6/Drivers/STM32F4xx_HAL_Driver/Inc/stm32f4xx_ll_adc.h **** 
  63:board/stm32f401rct6/Drivers/STM32F4xx_HAL_Driver/Inc/stm32f4xx_ll_adc.h **** /* Definition of ADC group regular sequencer bits information to be inserted  */
  64:board/stm32f401rct6/Drivers/STM32F4xx_HAL_Driver/Inc/stm32f4xx_ll_adc.h **** /* into ADC group regular sequencer ranks literals definition.                */
  65:board/stm32f401rct6/Drivers/STM32F4xx_HAL_Driver/Inc/stm32f4xx_ll_adc.h **** #define ADC_REG_RANK_1_SQRX_BITOFFSET_POS  ( 0UL) /* Value equivalent to POSITION_VAL(ADC_SQR3_SQ1)
  66:board/stm32f401rct6/Drivers/STM32F4xx_HAL_Driver/Inc/stm32f4xx_ll_adc.h **** #define ADC_REG_RANK_2_SQRX_BITOFFSET_POS  ( 5UL) /* Value equivalent to POSITION_VAL(ADC_SQR3_SQ2)
ARM GAS  C:\Users\Admin\AppData\Local\Temp\ccHarYQc.s 			page 44


  67:board/stm32f401rct6/Drivers/STM32F4xx_HAL_Driver/Inc/stm32f4xx_ll_adc.h **** #define ADC_REG_RANK_3_SQRX_BITOFFSET_POS  (10UL) /* Value equivalent to POSITION_VAL(ADC_SQR3_SQ3)
  68:board/stm32f401rct6/Drivers/STM32F4xx_HAL_Driver/Inc/stm32f4xx_ll_adc.h **** #define ADC_REG_RANK_4_SQRX_BITOFFSET_POS  (15UL) /* Value equivalent to POSITION_VAL(ADC_SQR3_SQ4)
  69:board/stm32f401rct6/Drivers/STM32F4xx_HAL_Driver/Inc/stm32f4xx_ll_adc.h **** #define ADC_REG_RANK_5_SQRX_BITOFFSET_POS  (20UL) /* Value equivalent to POSITION_VAL(ADC_SQR3_SQ5)
  70:board/stm32f401rct6/Drivers/STM32F4xx_HAL_Driver/Inc/stm32f4xx_ll_adc.h **** #define ADC_REG_RANK_6_SQRX_BITOFFSET_POS  (25UL) /* Value equivalent to POSITION_VAL(ADC_SQR3_SQ6)
  71:board/stm32f401rct6/Drivers/STM32F4xx_HAL_Driver/Inc/stm32f4xx_ll_adc.h **** #define ADC_REG_RANK_7_SQRX_BITOFFSET_POS  ( 0UL) /* Value equivalent to POSITION_VAL(ADC_SQR2_SQ7)
  72:board/stm32f401rct6/Drivers/STM32F4xx_HAL_Driver/Inc/stm32f4xx_ll_adc.h **** #define ADC_REG_RANK_8_SQRX_BITOFFSET_POS  ( 5UL) /* Value equivalent to POSITION_VAL(ADC_SQR2_SQ8)
  73:board/stm32f401rct6/Drivers/STM32F4xx_HAL_Driver/Inc/stm32f4xx_ll_adc.h **** #define ADC_REG_RANK_9_SQRX_BITOFFSET_POS  (10UL) /* Value equivalent to POSITION_VAL(ADC_SQR2_SQ9)
  74:board/stm32f401rct6/Drivers/STM32F4xx_HAL_Driver/Inc/stm32f4xx_ll_adc.h **** #define ADC_REG_RANK_10_SQRX_BITOFFSET_POS (15UL) /* Value equivalent to POSITION_VAL(ADC_SQR2_SQ10
  75:board/stm32f401rct6/Drivers/STM32F4xx_HAL_Driver/Inc/stm32f4xx_ll_adc.h **** #define ADC_REG_RANK_11_SQRX_BITOFFSET_POS (20UL) /* Value equivalent to POSITION_VAL(ADC_SQR2_SQ11
  76:board/stm32f401rct6/Drivers/STM32F4xx_HAL_Driver/Inc/stm32f4xx_ll_adc.h **** #define ADC_REG_RANK_12_SQRX_BITOFFSET_POS (25UL) /* Value equivalent to POSITION_VAL(ADC_SQR2_SQ12
  77:board/stm32f401rct6/Drivers/STM32F4xx_HAL_Driver/Inc/stm32f4xx_ll_adc.h **** #define ADC_REG_RANK_13_SQRX_BITOFFSET_POS ( 0UL) /* Value equivalent to POSITION_VAL(ADC_SQR1_SQ13
  78:board/stm32f401rct6/Drivers/STM32F4xx_HAL_Driver/Inc/stm32f4xx_ll_adc.h **** #define ADC_REG_RANK_14_SQRX_BITOFFSET_POS ( 5UL) /* Value equivalent to POSITION_VAL(ADC_SQR1_SQ14
  79:board/stm32f401rct6/Drivers/STM32F4xx_HAL_Driver/Inc/stm32f4xx_ll_adc.h **** #define ADC_REG_RANK_15_SQRX_BITOFFSET_POS (10UL) /* Value equivalent to POSITION_VAL(ADC_SQR1_SQ15
  80:board/stm32f401rct6/Drivers/STM32F4xx_HAL_Driver/Inc/stm32f4xx_ll_adc.h **** #define ADC_REG_RANK_16_SQRX_BITOFFSET_POS (15UL) /* Value equivalent to POSITION_VAL(ADC_SQR1_SQ16
  81:board/stm32f401rct6/Drivers/STM32F4xx_HAL_Driver/Inc/stm32f4xx_ll_adc.h **** 
  82:board/stm32f401rct6/Drivers/STM32F4xx_HAL_Driver/Inc/stm32f4xx_ll_adc.h **** /* Internal mask for ADC group injected sequencer:                            */
  83:board/stm32f401rct6/Drivers/STM32F4xx_HAL_Driver/Inc/stm32f4xx_ll_adc.h **** /* To select into literal LL_ADC_INJ_RANK_x the relevant bits for:            */
  84:board/stm32f401rct6/Drivers/STM32F4xx_HAL_Driver/Inc/stm32f4xx_ll_adc.h **** /* - data register offset                                                     */
  85:board/stm32f401rct6/Drivers/STM32F4xx_HAL_Driver/Inc/stm32f4xx_ll_adc.h **** /* - offset register offset                                                   */
  86:board/stm32f401rct6/Drivers/STM32F4xx_HAL_Driver/Inc/stm32f4xx_ll_adc.h **** /* - sequencer rank bits position into the selected register                  */
  87:board/stm32f401rct6/Drivers/STM32F4xx_HAL_Driver/Inc/stm32f4xx_ll_adc.h **** 
  88:board/stm32f401rct6/Drivers/STM32F4xx_HAL_Driver/Inc/stm32f4xx_ll_adc.h **** /* Internal register offset for ADC group injected data register */
  89:board/stm32f401rct6/Drivers/STM32F4xx_HAL_Driver/Inc/stm32f4xx_ll_adc.h **** /* (offset placed into a spare area of literal definition) */
  90:board/stm32f401rct6/Drivers/STM32F4xx_HAL_Driver/Inc/stm32f4xx_ll_adc.h **** #define ADC_JDR1_REGOFFSET                 0x00000000UL
  91:board/stm32f401rct6/Drivers/STM32F4xx_HAL_Driver/Inc/stm32f4xx_ll_adc.h **** #define ADC_JDR2_REGOFFSET                 0x00000100UL
  92:board/stm32f401rct6/Drivers/STM32F4xx_HAL_Driver/Inc/stm32f4xx_ll_adc.h **** #define ADC_JDR3_REGOFFSET                 0x00000200UL
  93:board/stm32f401rct6/Drivers/STM32F4xx_HAL_Driver/Inc/stm32f4xx_ll_adc.h **** #define ADC_JDR4_REGOFFSET                 0x00000300UL
  94:board/stm32f401rct6/Drivers/STM32F4xx_HAL_Driver/Inc/stm32f4xx_ll_adc.h **** 
  95:board/stm32f401rct6/Drivers/STM32F4xx_HAL_Driver/Inc/stm32f4xx_ll_adc.h **** /* Internal register offset for ADC group injected offset configuration */
  96:board/stm32f401rct6/Drivers/STM32F4xx_HAL_Driver/Inc/stm32f4xx_ll_adc.h **** /* (offset placed into a spare area of literal definition) */
  97:board/stm32f401rct6/Drivers/STM32F4xx_HAL_Driver/Inc/stm32f4xx_ll_adc.h **** #define ADC_JOFR1_REGOFFSET                0x00000000UL
  98:board/stm32f401rct6/Drivers/STM32F4xx_HAL_Driver/Inc/stm32f4xx_ll_adc.h **** #define ADC_JOFR2_REGOFFSET                0x00001000UL
  99:board/stm32f401rct6/Drivers/STM32F4xx_HAL_Driver/Inc/stm32f4xx_ll_adc.h **** #define ADC_JOFR3_REGOFFSET                0x00002000UL
 100:board/stm32f401rct6/Drivers/STM32F4xx_HAL_Driver/Inc/stm32f4xx_ll_adc.h **** #define ADC_JOFR4_REGOFFSET                0x00003000UL
 101:board/stm32f401rct6/Drivers/STM32F4xx_HAL_Driver/Inc/stm32f4xx_ll_adc.h **** 
 102:board/stm32f401rct6/Drivers/STM32F4xx_HAL_Driver/Inc/stm32f4xx_ll_adc.h **** #define ADC_INJ_JDRX_REGOFFSET_MASK        (ADC_JDR1_REGOFFSET | ADC_JDR2_REGOFFSET | ADC_JDR3_REGO
 103:board/stm32f401rct6/Drivers/STM32F4xx_HAL_Driver/Inc/stm32f4xx_ll_adc.h **** #define ADC_INJ_JOFRX_REGOFFSET_MASK       (ADC_JOFR1_REGOFFSET | ADC_JOFR2_REGOFFSET | ADC_JOFR3_R
 104:board/stm32f401rct6/Drivers/STM32F4xx_HAL_Driver/Inc/stm32f4xx_ll_adc.h **** #define ADC_INJ_RANK_ID_JSQR_MASK          (ADC_CHANNEL_ID_NUMBER_MASK_POSBIT0)
 105:board/stm32f401rct6/Drivers/STM32F4xx_HAL_Driver/Inc/stm32f4xx_ll_adc.h **** 
 106:board/stm32f401rct6/Drivers/STM32F4xx_HAL_Driver/Inc/stm32f4xx_ll_adc.h **** /* Internal mask for ADC group regular trigger:                               */
 107:board/stm32f401rct6/Drivers/STM32F4xx_HAL_Driver/Inc/stm32f4xx_ll_adc.h **** /* To select into literal LL_ADC_REG_TRIG_x the relevant bits for:            */
 108:board/stm32f401rct6/Drivers/STM32F4xx_HAL_Driver/Inc/stm32f4xx_ll_adc.h **** /* - regular trigger source                                                   */
 109:board/stm32f401rct6/Drivers/STM32F4xx_HAL_Driver/Inc/stm32f4xx_ll_adc.h **** /* - regular trigger edge                                                     */
 110:board/stm32f401rct6/Drivers/STM32F4xx_HAL_Driver/Inc/stm32f4xx_ll_adc.h **** #define ADC_REG_TRIG_EXT_EDGE_DEFAULT       (ADC_CR2_EXTEN_0) /* Trigger edge set to rising edge (d
 111:board/stm32f401rct6/Drivers/STM32F4xx_HAL_Driver/Inc/stm32f4xx_ll_adc.h **** 
 112:board/stm32f401rct6/Drivers/STM32F4xx_HAL_Driver/Inc/stm32f4xx_ll_adc.h **** /* Mask containing trigger source masks for each of possible                  */
 113:board/stm32f401rct6/Drivers/STM32F4xx_HAL_Driver/Inc/stm32f4xx_ll_adc.h **** /* trigger edge selection duplicated with shifts [0; 4; 8; 12]                */
 114:board/stm32f401rct6/Drivers/STM32F4xx_HAL_Driver/Inc/stm32f4xx_ll_adc.h **** /* corresponding to {SW start; ext trigger; ext trigger; ext trigger}.        */
 115:board/stm32f401rct6/Drivers/STM32F4xx_HAL_Driver/Inc/stm32f4xx_ll_adc.h **** #define ADC_REG_TRIG_SOURCE_MASK            (((LL_ADC_REG_TRIG_SOFTWARE & ADC_CR2_EXTSEL) >> (4UL *
 116:board/stm32f401rct6/Drivers/STM32F4xx_HAL_Driver/Inc/stm32f4xx_ll_adc.h ****                                              ((ADC_CR2_EXTSEL)                            >> (4UL *
 117:board/stm32f401rct6/Drivers/STM32F4xx_HAL_Driver/Inc/stm32f4xx_ll_adc.h ****                                              ((ADC_CR2_EXTSEL)                            >> (4UL *
 118:board/stm32f401rct6/Drivers/STM32F4xx_HAL_Driver/Inc/stm32f4xx_ll_adc.h ****                                              ((ADC_CR2_EXTSEL)                            >> (4UL *
 119:board/stm32f401rct6/Drivers/STM32F4xx_HAL_Driver/Inc/stm32f4xx_ll_adc.h **** 
 120:board/stm32f401rct6/Drivers/STM32F4xx_HAL_Driver/Inc/stm32f4xx_ll_adc.h **** /* Mask containing trigger edge masks for each of possible                    */
 121:board/stm32f401rct6/Drivers/STM32F4xx_HAL_Driver/Inc/stm32f4xx_ll_adc.h **** /* trigger edge selection duplicated with shifts [0; 4; 8; 12]                */
 122:board/stm32f401rct6/Drivers/STM32F4xx_HAL_Driver/Inc/stm32f4xx_ll_adc.h **** /* corresponding to {SW start; ext trigger; ext trigger; ext trigger}.        */
 123:board/stm32f401rct6/Drivers/STM32F4xx_HAL_Driver/Inc/stm32f4xx_ll_adc.h **** #define ADC_REG_TRIG_EDGE_MASK              (((LL_ADC_REG_TRIG_SOFTWARE & ADC_CR2_EXTEN) >> (4UL * 
ARM GAS  C:\Users\Admin\AppData\Local\Temp\ccHarYQc.s 			page 45


 124:board/stm32f401rct6/Drivers/STM32F4xx_HAL_Driver/Inc/stm32f4xx_ll_adc.h ****                                              ((ADC_REG_TRIG_EXT_EDGE_DEFAULT)            >> (4UL * 
 125:board/stm32f401rct6/Drivers/STM32F4xx_HAL_Driver/Inc/stm32f4xx_ll_adc.h ****                                              ((ADC_REG_TRIG_EXT_EDGE_DEFAULT)            >> (4UL * 
 126:board/stm32f401rct6/Drivers/STM32F4xx_HAL_Driver/Inc/stm32f4xx_ll_adc.h ****                                              ((ADC_REG_TRIG_EXT_EDGE_DEFAULT)            >> (4UL * 
 127:board/stm32f401rct6/Drivers/STM32F4xx_HAL_Driver/Inc/stm32f4xx_ll_adc.h **** 
 128:board/stm32f401rct6/Drivers/STM32F4xx_HAL_Driver/Inc/stm32f4xx_ll_adc.h **** /* Definition of ADC group regular trigger bits information.                  */
 129:board/stm32f401rct6/Drivers/STM32F4xx_HAL_Driver/Inc/stm32f4xx_ll_adc.h **** #define ADC_REG_TRIG_EXTSEL_BITOFFSET_POS  (24UL) /* Value equivalent to POSITION_VAL(ADC_CR2_EXTSE
 130:board/stm32f401rct6/Drivers/STM32F4xx_HAL_Driver/Inc/stm32f4xx_ll_adc.h **** #define ADC_REG_TRIG_EXTEN_BITOFFSET_POS   (28UL) /* Value equivalent to POSITION_VAL(ADC_CR2_EXTEN
 131:board/stm32f401rct6/Drivers/STM32F4xx_HAL_Driver/Inc/stm32f4xx_ll_adc.h **** 
 132:board/stm32f401rct6/Drivers/STM32F4xx_HAL_Driver/Inc/stm32f4xx_ll_adc.h **** 
 133:board/stm32f401rct6/Drivers/STM32F4xx_HAL_Driver/Inc/stm32f4xx_ll_adc.h **** 
 134:board/stm32f401rct6/Drivers/STM32F4xx_HAL_Driver/Inc/stm32f4xx_ll_adc.h **** /* Internal mask for ADC group injected trigger:                              */
 135:board/stm32f401rct6/Drivers/STM32F4xx_HAL_Driver/Inc/stm32f4xx_ll_adc.h **** /* To select into literal LL_ADC_INJ_TRIG_x the relevant bits for:            */
 136:board/stm32f401rct6/Drivers/STM32F4xx_HAL_Driver/Inc/stm32f4xx_ll_adc.h **** /* - injected trigger source                                                  */
 137:board/stm32f401rct6/Drivers/STM32F4xx_HAL_Driver/Inc/stm32f4xx_ll_adc.h **** /* - injected trigger edge                                                    */
 138:board/stm32f401rct6/Drivers/STM32F4xx_HAL_Driver/Inc/stm32f4xx_ll_adc.h **** #define ADC_INJ_TRIG_EXT_EDGE_DEFAULT      (ADC_CR2_JEXTEN_0) /* Trigger edge set to rising edge (d
 139:board/stm32f401rct6/Drivers/STM32F4xx_HAL_Driver/Inc/stm32f4xx_ll_adc.h **** 
 140:board/stm32f401rct6/Drivers/STM32F4xx_HAL_Driver/Inc/stm32f4xx_ll_adc.h **** /* Mask containing trigger source masks for each of possible                  */
 141:board/stm32f401rct6/Drivers/STM32F4xx_HAL_Driver/Inc/stm32f4xx_ll_adc.h **** /* trigger edge selection duplicated with shifts [0; 4; 8; 12]                */
 142:board/stm32f401rct6/Drivers/STM32F4xx_HAL_Driver/Inc/stm32f4xx_ll_adc.h **** /* corresponding to {SW start; ext trigger; ext trigger; ext trigger}.        */
 143:board/stm32f401rct6/Drivers/STM32F4xx_HAL_Driver/Inc/stm32f4xx_ll_adc.h **** #define ADC_INJ_TRIG_SOURCE_MASK            (((LL_ADC_REG_TRIG_SOFTWARE & ADC_CR2_JEXTSEL) >> (4UL 
 144:board/stm32f401rct6/Drivers/STM32F4xx_HAL_Driver/Inc/stm32f4xx_ll_adc.h ****                                              ((ADC_CR2_JEXTSEL)                            >> (4UL 
 145:board/stm32f401rct6/Drivers/STM32F4xx_HAL_Driver/Inc/stm32f4xx_ll_adc.h ****                                              ((ADC_CR2_JEXTSEL)                            >> (4UL 
 146:board/stm32f401rct6/Drivers/STM32F4xx_HAL_Driver/Inc/stm32f4xx_ll_adc.h ****                                              ((ADC_CR2_JEXTSEL)                            >> (4UL 
 147:board/stm32f401rct6/Drivers/STM32F4xx_HAL_Driver/Inc/stm32f4xx_ll_adc.h **** 
 148:board/stm32f401rct6/Drivers/STM32F4xx_HAL_Driver/Inc/stm32f4xx_ll_adc.h **** /* Mask containing trigger edge masks for each of possible                    */
 149:board/stm32f401rct6/Drivers/STM32F4xx_HAL_Driver/Inc/stm32f4xx_ll_adc.h **** /* trigger edge selection duplicated with shifts [0; 4; 8; 12]                */
 150:board/stm32f401rct6/Drivers/STM32F4xx_HAL_Driver/Inc/stm32f4xx_ll_adc.h **** /* corresponding to {SW start; ext trigger; ext trigger; ext trigger}.        */
 151:board/stm32f401rct6/Drivers/STM32F4xx_HAL_Driver/Inc/stm32f4xx_ll_adc.h **** #define ADC_INJ_TRIG_EDGE_MASK              (((LL_ADC_INJ_TRIG_SOFTWARE & ADC_CR2_JEXTEN) >> (4UL *
 152:board/stm32f401rct6/Drivers/STM32F4xx_HAL_Driver/Inc/stm32f4xx_ll_adc.h ****                                              ((ADC_INJ_TRIG_EXT_EDGE_DEFAULT)             >> (4UL *
 153:board/stm32f401rct6/Drivers/STM32F4xx_HAL_Driver/Inc/stm32f4xx_ll_adc.h ****                                              ((ADC_INJ_TRIG_EXT_EDGE_DEFAULT)             >> (4UL *
 154:board/stm32f401rct6/Drivers/STM32F4xx_HAL_Driver/Inc/stm32f4xx_ll_adc.h ****                                              ((ADC_INJ_TRIG_EXT_EDGE_DEFAULT)             >> (4UL *
 155:board/stm32f401rct6/Drivers/STM32F4xx_HAL_Driver/Inc/stm32f4xx_ll_adc.h **** 
 156:board/stm32f401rct6/Drivers/STM32F4xx_HAL_Driver/Inc/stm32f4xx_ll_adc.h **** /* Definition of ADC group injected trigger bits information.                 */
 157:board/stm32f401rct6/Drivers/STM32F4xx_HAL_Driver/Inc/stm32f4xx_ll_adc.h **** #define ADC_INJ_TRIG_EXTSEL_BITOFFSET_POS  (16UL) /* Value equivalent to POSITION_VAL(ADC_CR2_JEXTS
 158:board/stm32f401rct6/Drivers/STM32F4xx_HAL_Driver/Inc/stm32f4xx_ll_adc.h **** #define ADC_INJ_TRIG_EXTEN_BITOFFSET_POS   (20UL) /* Value equivalent to POSITION_VAL(ADC_CR2_JEXTE
 159:board/stm32f401rct6/Drivers/STM32F4xx_HAL_Driver/Inc/stm32f4xx_ll_adc.h **** 
 160:board/stm32f401rct6/Drivers/STM32F4xx_HAL_Driver/Inc/stm32f4xx_ll_adc.h **** /* Internal mask for ADC channel:                                             */
 161:board/stm32f401rct6/Drivers/STM32F4xx_HAL_Driver/Inc/stm32f4xx_ll_adc.h **** /* To select into literal LL_ADC_CHANNEL_x the relevant bits for:             */
 162:board/stm32f401rct6/Drivers/STM32F4xx_HAL_Driver/Inc/stm32f4xx_ll_adc.h **** /* - channel identifier defined by number                                     */
 163:board/stm32f401rct6/Drivers/STM32F4xx_HAL_Driver/Inc/stm32f4xx_ll_adc.h **** /* - channel differentiation between external channels (connected to          */
 164:board/stm32f401rct6/Drivers/STM32F4xx_HAL_Driver/Inc/stm32f4xx_ll_adc.h **** /*   GPIO pins) and internal channels (connected to internal paths)           */
 165:board/stm32f401rct6/Drivers/STM32F4xx_HAL_Driver/Inc/stm32f4xx_ll_adc.h **** /* - channel sampling time defined by SMPRx register offset                   */
 166:board/stm32f401rct6/Drivers/STM32F4xx_HAL_Driver/Inc/stm32f4xx_ll_adc.h **** /*   and SMPx bits positions into SMPRx register                              */
 167:board/stm32f401rct6/Drivers/STM32F4xx_HAL_Driver/Inc/stm32f4xx_ll_adc.h **** #define ADC_CHANNEL_ID_NUMBER_MASK         (ADC_CR1_AWDCH)
 168:board/stm32f401rct6/Drivers/STM32F4xx_HAL_Driver/Inc/stm32f4xx_ll_adc.h **** #define ADC_CHANNEL_ID_NUMBER_BITOFFSET_POS ( 0UL)/* Value equivalent to POSITION_VAL(ADC_CHANNEL_I
 169:board/stm32f401rct6/Drivers/STM32F4xx_HAL_Driver/Inc/stm32f4xx_ll_adc.h **** #define ADC_CHANNEL_ID_MASK                (ADC_CHANNEL_ID_NUMBER_MASK | ADC_CHANNEL_ID_INTERNAL_CH
 170:board/stm32f401rct6/Drivers/STM32F4xx_HAL_Driver/Inc/stm32f4xx_ll_adc.h **** /* Equivalent mask of ADC_CHANNEL_NUMBER_MASK aligned on register LSB (bit 0) */
 171:board/stm32f401rct6/Drivers/STM32F4xx_HAL_Driver/Inc/stm32f4xx_ll_adc.h **** #define ADC_CHANNEL_ID_NUMBER_MASK_POSBIT0 0x0000001FU /* Equivalent to shift: (ADC_CHANNEL_NUMBER_
 172:board/stm32f401rct6/Drivers/STM32F4xx_HAL_Driver/Inc/stm32f4xx_ll_adc.h **** 
 173:board/stm32f401rct6/Drivers/STM32F4xx_HAL_Driver/Inc/stm32f4xx_ll_adc.h **** /* Channel differentiation between external and internal channels */
 174:board/stm32f401rct6/Drivers/STM32F4xx_HAL_Driver/Inc/stm32f4xx_ll_adc.h **** #define ADC_CHANNEL_ID_INTERNAL_CH         0x80000000UL   /* Marker of internal channel */
 175:board/stm32f401rct6/Drivers/STM32F4xx_HAL_Driver/Inc/stm32f4xx_ll_adc.h **** #define ADC_CHANNEL_ID_INTERNAL_CH_2       0x40000000UL   /* Marker of internal channel for other A
 176:board/stm32f401rct6/Drivers/STM32F4xx_HAL_Driver/Inc/stm32f4xx_ll_adc.h **** #define ADC_CHANNEL_DIFFERENCIATION_TEMPSENSOR_VBAT 0x10000000U  /* Dummy bit for driver internal u
 177:board/stm32f401rct6/Drivers/STM32F4xx_HAL_Driver/Inc/stm32f4xx_ll_adc.h **** #define ADC_CHANNEL_ID_INTERNAL_CH_MASK    (ADC_CHANNEL_ID_INTERNAL_CH | ADC_CHANNEL_ID_INTERNAL_CH
 178:board/stm32f401rct6/Drivers/STM32F4xx_HAL_Driver/Inc/stm32f4xx_ll_adc.h **** 
 179:board/stm32f401rct6/Drivers/STM32F4xx_HAL_Driver/Inc/stm32f4xx_ll_adc.h **** /* Internal register offset for ADC channel sampling time configuration */
 180:board/stm32f401rct6/Drivers/STM32F4xx_HAL_Driver/Inc/stm32f4xx_ll_adc.h **** /* (offset placed into a spare area of literal definition) */
ARM GAS  C:\Users\Admin\AppData\Local\Temp\ccHarYQc.s 			page 46


 181:board/stm32f401rct6/Drivers/STM32F4xx_HAL_Driver/Inc/stm32f4xx_ll_adc.h **** #define ADC_SMPR1_REGOFFSET                0x00000000UL
 182:board/stm32f401rct6/Drivers/STM32F4xx_HAL_Driver/Inc/stm32f4xx_ll_adc.h **** #define ADC_SMPR2_REGOFFSET                0x02000000UL
 183:board/stm32f401rct6/Drivers/STM32F4xx_HAL_Driver/Inc/stm32f4xx_ll_adc.h **** #define ADC_CHANNEL_SMPRX_REGOFFSET_MASK   (ADC_SMPR1_REGOFFSET | ADC_SMPR2_REGOFFSET)
 184:board/stm32f401rct6/Drivers/STM32F4xx_HAL_Driver/Inc/stm32f4xx_ll_adc.h **** 
 185:board/stm32f401rct6/Drivers/STM32F4xx_HAL_Driver/Inc/stm32f4xx_ll_adc.h **** #define ADC_CHANNEL_SMPx_BITOFFSET_MASK    0x01F00000UL
 186:board/stm32f401rct6/Drivers/STM32F4xx_HAL_Driver/Inc/stm32f4xx_ll_adc.h **** #define ADC_CHANNEL_SMPx_BITOFFSET_POS     (20UL)           /* Value equivalent to POSITION_VAL(ADC
 187:board/stm32f401rct6/Drivers/STM32F4xx_HAL_Driver/Inc/stm32f4xx_ll_adc.h **** 
 188:board/stm32f401rct6/Drivers/STM32F4xx_HAL_Driver/Inc/stm32f4xx_ll_adc.h **** /* Definition of channels ID number information to be inserted into           */
 189:board/stm32f401rct6/Drivers/STM32F4xx_HAL_Driver/Inc/stm32f4xx_ll_adc.h **** /* channels literals definition.                                              */
 190:board/stm32f401rct6/Drivers/STM32F4xx_HAL_Driver/Inc/stm32f4xx_ll_adc.h **** #define ADC_CHANNEL_0_NUMBER               0x00000000UL
 191:board/stm32f401rct6/Drivers/STM32F4xx_HAL_Driver/Inc/stm32f4xx_ll_adc.h **** #define ADC_CHANNEL_1_NUMBER               (                                                       
 192:board/stm32f401rct6/Drivers/STM32F4xx_HAL_Driver/Inc/stm32f4xx_ll_adc.h **** #define ADC_CHANNEL_2_NUMBER               (                                                      A
 193:board/stm32f401rct6/Drivers/STM32F4xx_HAL_Driver/Inc/stm32f4xx_ll_adc.h **** #define ADC_CHANNEL_3_NUMBER               (                                                      A
 194:board/stm32f401rct6/Drivers/STM32F4xx_HAL_Driver/Inc/stm32f4xx_ll_adc.h **** #define ADC_CHANNEL_4_NUMBER               (                                    ADC_CR1_AWDCH_2    
 195:board/stm32f401rct6/Drivers/STM32F4xx_HAL_Driver/Inc/stm32f4xx_ll_adc.h **** #define ADC_CHANNEL_5_NUMBER               (                                    ADC_CR1_AWDCH_2    
 196:board/stm32f401rct6/Drivers/STM32F4xx_HAL_Driver/Inc/stm32f4xx_ll_adc.h **** #define ADC_CHANNEL_6_NUMBER               (                                    ADC_CR1_AWDCH_2 | A
 197:board/stm32f401rct6/Drivers/STM32F4xx_HAL_Driver/Inc/stm32f4xx_ll_adc.h **** #define ADC_CHANNEL_7_NUMBER               (                                    ADC_CR1_AWDCH_2 | A
 198:board/stm32f401rct6/Drivers/STM32F4xx_HAL_Driver/Inc/stm32f4xx_ll_adc.h **** #define ADC_CHANNEL_8_NUMBER               (                  ADC_CR1_AWDCH_3                      
 199:board/stm32f401rct6/Drivers/STM32F4xx_HAL_Driver/Inc/stm32f4xx_ll_adc.h **** #define ADC_CHANNEL_9_NUMBER               (                  ADC_CR1_AWDCH_3                      
 200:board/stm32f401rct6/Drivers/STM32F4xx_HAL_Driver/Inc/stm32f4xx_ll_adc.h **** #define ADC_CHANNEL_10_NUMBER              (                  ADC_CR1_AWDCH_3                   | A
 201:board/stm32f401rct6/Drivers/STM32F4xx_HAL_Driver/Inc/stm32f4xx_ll_adc.h **** #define ADC_CHANNEL_11_NUMBER              (                  ADC_CR1_AWDCH_3                   | A
 202:board/stm32f401rct6/Drivers/STM32F4xx_HAL_Driver/Inc/stm32f4xx_ll_adc.h **** #define ADC_CHANNEL_12_NUMBER              (                  ADC_CR1_AWDCH_3 | ADC_CR1_AWDCH_2    
 203:board/stm32f401rct6/Drivers/STM32F4xx_HAL_Driver/Inc/stm32f4xx_ll_adc.h **** #define ADC_CHANNEL_13_NUMBER              (                  ADC_CR1_AWDCH_3 | ADC_CR1_AWDCH_2    
 204:board/stm32f401rct6/Drivers/STM32F4xx_HAL_Driver/Inc/stm32f4xx_ll_adc.h **** #define ADC_CHANNEL_14_NUMBER              (                  ADC_CR1_AWDCH_3 | ADC_CR1_AWDCH_2 | A
 205:board/stm32f401rct6/Drivers/STM32F4xx_HAL_Driver/Inc/stm32f4xx_ll_adc.h **** #define ADC_CHANNEL_15_NUMBER              (                  ADC_CR1_AWDCH_3 | ADC_CR1_AWDCH_2 | A
 206:board/stm32f401rct6/Drivers/STM32F4xx_HAL_Driver/Inc/stm32f4xx_ll_adc.h **** #define ADC_CHANNEL_16_NUMBER              (ADC_CR1_AWDCH_4                                        
 207:board/stm32f401rct6/Drivers/STM32F4xx_HAL_Driver/Inc/stm32f4xx_ll_adc.h **** #define ADC_CHANNEL_17_NUMBER              (ADC_CR1_AWDCH_4                                        
 208:board/stm32f401rct6/Drivers/STM32F4xx_HAL_Driver/Inc/stm32f4xx_ll_adc.h **** #define ADC_CHANNEL_18_NUMBER              (ADC_CR1_AWDCH_4                                     | A
 209:board/stm32f401rct6/Drivers/STM32F4xx_HAL_Driver/Inc/stm32f4xx_ll_adc.h **** 
 210:board/stm32f401rct6/Drivers/STM32F4xx_HAL_Driver/Inc/stm32f4xx_ll_adc.h **** /* Definition of channels sampling time information to be inserted into       */
 211:board/stm32f401rct6/Drivers/STM32F4xx_HAL_Driver/Inc/stm32f4xx_ll_adc.h **** /* channels literals definition.                                              */
 212:board/stm32f401rct6/Drivers/STM32F4xx_HAL_Driver/Inc/stm32f4xx_ll_adc.h **** #define ADC_CHANNEL_0_SMP                  (ADC_SMPR2_REGOFFSET | (( 0UL) << ADC_CHANNEL_SMPx_BITOF
 213:board/stm32f401rct6/Drivers/STM32F4xx_HAL_Driver/Inc/stm32f4xx_ll_adc.h **** #define ADC_CHANNEL_1_SMP                  (ADC_SMPR2_REGOFFSET | (( 3UL) << ADC_CHANNEL_SMPx_BITOF
 214:board/stm32f401rct6/Drivers/STM32F4xx_HAL_Driver/Inc/stm32f4xx_ll_adc.h **** #define ADC_CHANNEL_2_SMP                  (ADC_SMPR2_REGOFFSET | (( 6UL) << ADC_CHANNEL_SMPx_BITOF
 215:board/stm32f401rct6/Drivers/STM32F4xx_HAL_Driver/Inc/stm32f4xx_ll_adc.h **** #define ADC_CHANNEL_3_SMP                  (ADC_SMPR2_REGOFFSET | (( 9UL) << ADC_CHANNEL_SMPx_BITOF
 216:board/stm32f401rct6/Drivers/STM32F4xx_HAL_Driver/Inc/stm32f4xx_ll_adc.h **** #define ADC_CHANNEL_4_SMP                  (ADC_SMPR2_REGOFFSET | ((12UL) << ADC_CHANNEL_SMPx_BITOF
 217:board/stm32f401rct6/Drivers/STM32F4xx_HAL_Driver/Inc/stm32f4xx_ll_adc.h **** #define ADC_CHANNEL_5_SMP                  (ADC_SMPR2_REGOFFSET | ((15UL) << ADC_CHANNEL_SMPx_BITOF
 218:board/stm32f401rct6/Drivers/STM32F4xx_HAL_Driver/Inc/stm32f4xx_ll_adc.h **** #define ADC_CHANNEL_6_SMP                  (ADC_SMPR2_REGOFFSET | ((18UL) << ADC_CHANNEL_SMPx_BITOF
 219:board/stm32f401rct6/Drivers/STM32F4xx_HAL_Driver/Inc/stm32f4xx_ll_adc.h **** #define ADC_CHANNEL_7_SMP                  (ADC_SMPR2_REGOFFSET | ((21UL) << ADC_CHANNEL_SMPx_BITOF
 220:board/stm32f401rct6/Drivers/STM32F4xx_HAL_Driver/Inc/stm32f4xx_ll_adc.h **** #define ADC_CHANNEL_8_SMP                  (ADC_SMPR2_REGOFFSET | ((24UL) << ADC_CHANNEL_SMPx_BITOF
 221:board/stm32f401rct6/Drivers/STM32F4xx_HAL_Driver/Inc/stm32f4xx_ll_adc.h **** #define ADC_CHANNEL_9_SMP                  (ADC_SMPR2_REGOFFSET | ((27UL) << ADC_CHANNEL_SMPx_BITOF
 222:board/stm32f401rct6/Drivers/STM32F4xx_HAL_Driver/Inc/stm32f4xx_ll_adc.h **** #define ADC_CHANNEL_10_SMP                 (ADC_SMPR1_REGOFFSET | (( 0UL) << ADC_CHANNEL_SMPx_BITOF
 223:board/stm32f401rct6/Drivers/STM32F4xx_HAL_Driver/Inc/stm32f4xx_ll_adc.h **** #define ADC_CHANNEL_11_SMP                 (ADC_SMPR1_REGOFFSET | (( 3UL) << ADC_CHANNEL_SMPx_BITOF
 224:board/stm32f401rct6/Drivers/STM32F4xx_HAL_Driver/Inc/stm32f4xx_ll_adc.h **** #define ADC_CHANNEL_12_SMP                 (ADC_SMPR1_REGOFFSET | (( 6UL) << ADC_CHANNEL_SMPx_BITOF
 225:board/stm32f401rct6/Drivers/STM32F4xx_HAL_Driver/Inc/stm32f4xx_ll_adc.h **** #define ADC_CHANNEL_13_SMP                 (ADC_SMPR1_REGOFFSET | (( 9UL) << ADC_CHANNEL_SMPx_BITOF
 226:board/stm32f401rct6/Drivers/STM32F4xx_HAL_Driver/Inc/stm32f4xx_ll_adc.h **** #define ADC_CHANNEL_14_SMP                 (ADC_SMPR1_REGOFFSET | ((12UL) << ADC_CHANNEL_SMPx_BITOF
 227:board/stm32f401rct6/Drivers/STM32F4xx_HAL_Driver/Inc/stm32f4xx_ll_adc.h **** #define ADC_CHANNEL_15_SMP                 (ADC_SMPR1_REGOFFSET | ((15UL) << ADC_CHANNEL_SMPx_BITOF
 228:board/stm32f401rct6/Drivers/STM32F4xx_HAL_Driver/Inc/stm32f4xx_ll_adc.h **** #define ADC_CHANNEL_16_SMP                 (ADC_SMPR1_REGOFFSET | ((18UL) << ADC_CHANNEL_SMPx_BITOF
 229:board/stm32f401rct6/Drivers/STM32F4xx_HAL_Driver/Inc/stm32f4xx_ll_adc.h **** #define ADC_CHANNEL_17_SMP                 (ADC_SMPR1_REGOFFSET | ((21UL) << ADC_CHANNEL_SMPx_BITOF
 230:board/stm32f401rct6/Drivers/STM32F4xx_HAL_Driver/Inc/stm32f4xx_ll_adc.h **** #define ADC_CHANNEL_18_SMP                 (ADC_SMPR1_REGOFFSET | ((24UL) << ADC_CHANNEL_SMPx_BITOF
 231:board/stm32f401rct6/Drivers/STM32F4xx_HAL_Driver/Inc/stm32f4xx_ll_adc.h **** 
 232:board/stm32f401rct6/Drivers/STM32F4xx_HAL_Driver/Inc/stm32f4xx_ll_adc.h **** /* Internal mask for ADC analog watchdog:                                     */
 233:board/stm32f401rct6/Drivers/STM32F4xx_HAL_Driver/Inc/stm32f4xx_ll_adc.h **** /* To select into literals LL_ADC_AWD_CHANNELx_xxx the relevant bits for:     */
 234:board/stm32f401rct6/Drivers/STM32F4xx_HAL_Driver/Inc/stm32f4xx_ll_adc.h **** /* (concatenation of multiple bits used in different analog watchdogs,        */
 235:board/stm32f401rct6/Drivers/STM32F4xx_HAL_Driver/Inc/stm32f4xx_ll_adc.h **** /* (feature of several watchdogs not available on all STM32 families)).       */
 236:board/stm32f401rct6/Drivers/STM32F4xx_HAL_Driver/Inc/stm32f4xx_ll_adc.h **** /* - analog watchdog 1: monitored channel defined by number,                  */
 237:board/stm32f401rct6/Drivers/STM32F4xx_HAL_Driver/Inc/stm32f4xx_ll_adc.h **** /*   selection of ADC group (ADC groups regular and-or injected).             */
ARM GAS  C:\Users\Admin\AppData\Local\Temp\ccHarYQc.s 			page 47


 238:board/stm32f401rct6/Drivers/STM32F4xx_HAL_Driver/Inc/stm32f4xx_ll_adc.h **** 
 239:board/stm32f401rct6/Drivers/STM32F4xx_HAL_Driver/Inc/stm32f4xx_ll_adc.h **** /* Internal register offset for ADC analog watchdog channel configuration */
 240:board/stm32f401rct6/Drivers/STM32F4xx_HAL_Driver/Inc/stm32f4xx_ll_adc.h **** #define ADC_AWD_CR1_REGOFFSET              0x00000000UL
 241:board/stm32f401rct6/Drivers/STM32F4xx_HAL_Driver/Inc/stm32f4xx_ll_adc.h **** 
 242:board/stm32f401rct6/Drivers/STM32F4xx_HAL_Driver/Inc/stm32f4xx_ll_adc.h **** #define ADC_AWD_CRX_REGOFFSET_MASK         (ADC_AWD_CR1_REGOFFSET)
 243:board/stm32f401rct6/Drivers/STM32F4xx_HAL_Driver/Inc/stm32f4xx_ll_adc.h **** 
 244:board/stm32f401rct6/Drivers/STM32F4xx_HAL_Driver/Inc/stm32f4xx_ll_adc.h **** #define ADC_AWD_CR1_CHANNEL_MASK           (ADC_CR1_AWDCH | ADC_CR1_JAWDEN | ADC_CR1_AWDEN | ADC_CR
 245:board/stm32f401rct6/Drivers/STM32F4xx_HAL_Driver/Inc/stm32f4xx_ll_adc.h **** #define ADC_AWD_CR_ALL_CHANNEL_MASK        (ADC_AWD_CR1_CHANNEL_MASK)
 246:board/stm32f401rct6/Drivers/STM32F4xx_HAL_Driver/Inc/stm32f4xx_ll_adc.h **** 
 247:board/stm32f401rct6/Drivers/STM32F4xx_HAL_Driver/Inc/stm32f4xx_ll_adc.h **** /* Internal register offset for ADC analog watchdog threshold configuration */
 248:board/stm32f401rct6/Drivers/STM32F4xx_HAL_Driver/Inc/stm32f4xx_ll_adc.h **** #define ADC_AWD_TR1_HIGH_REGOFFSET         0x00000000UL
 249:board/stm32f401rct6/Drivers/STM32F4xx_HAL_Driver/Inc/stm32f4xx_ll_adc.h **** #define ADC_AWD_TR1_LOW_REGOFFSET          0x00000001UL
 250:board/stm32f401rct6/Drivers/STM32F4xx_HAL_Driver/Inc/stm32f4xx_ll_adc.h **** #define ADC_AWD_TRX_REGOFFSET_MASK         (ADC_AWD_TR1_HIGH_REGOFFSET | ADC_AWD_TR1_LOW_REGOFFSET)
 251:board/stm32f401rct6/Drivers/STM32F4xx_HAL_Driver/Inc/stm32f4xx_ll_adc.h **** 
 252:board/stm32f401rct6/Drivers/STM32F4xx_HAL_Driver/Inc/stm32f4xx_ll_adc.h **** /* ADC registers bits positions */
 253:board/stm32f401rct6/Drivers/STM32F4xx_HAL_Driver/Inc/stm32f4xx_ll_adc.h **** #define ADC_CR1_RES_BITOFFSET_POS          (24UL) /* Value equivalent to POSITION_VAL(ADC_CR1_RES) 
 254:board/stm32f401rct6/Drivers/STM32F4xx_HAL_Driver/Inc/stm32f4xx_ll_adc.h **** #define ADC_TR_HT_BITOFFSET_POS            (16UL) /* Value equivalent to POSITION_VAL(ADC_TR_HT) */
 255:board/stm32f401rct6/Drivers/STM32F4xx_HAL_Driver/Inc/stm32f4xx_ll_adc.h **** 
 256:board/stm32f401rct6/Drivers/STM32F4xx_HAL_Driver/Inc/stm32f4xx_ll_adc.h **** /* ADC internal channels related definitions */
 257:board/stm32f401rct6/Drivers/STM32F4xx_HAL_Driver/Inc/stm32f4xx_ll_adc.h **** /* Internal voltage reference VrefInt */
 258:board/stm32f401rct6/Drivers/STM32F4xx_HAL_Driver/Inc/stm32f4xx_ll_adc.h **** #define VREFINT_CAL_ADDR                   ((uint16_t*) (0x1FFF7A2AU)) /* Internal voltage referenc
 259:board/stm32f401rct6/Drivers/STM32F4xx_HAL_Driver/Inc/stm32f4xx_ll_adc.h **** #define VREFINT_CAL_VREF                   ( 3300UL)                    /* Analog voltage reference
 260:board/stm32f401rct6/Drivers/STM32F4xx_HAL_Driver/Inc/stm32f4xx_ll_adc.h **** /* Temperature sensor */
 261:board/stm32f401rct6/Drivers/STM32F4xx_HAL_Driver/Inc/stm32f4xx_ll_adc.h **** #define TEMPSENSOR_CAL1_ADDR               ((uint16_t*) (0x1FFF7A2CU)) /* Internal temperature sens
 262:board/stm32f401rct6/Drivers/STM32F4xx_HAL_Driver/Inc/stm32f4xx_ll_adc.h **** #define TEMPSENSOR_CAL2_ADDR               ((uint16_t*) (0x1FFF7A2EU)) /* Internal temperature sens
 263:board/stm32f401rct6/Drivers/STM32F4xx_HAL_Driver/Inc/stm32f4xx_ll_adc.h **** #define TEMPSENSOR_CAL1_TEMP               (( int32_t)   30)           /* Internal temperature sens
 264:board/stm32f401rct6/Drivers/STM32F4xx_HAL_Driver/Inc/stm32f4xx_ll_adc.h **** #define TEMPSENSOR_CAL2_TEMP               (( int32_t)  110)           /* Internal temperature sens
 265:board/stm32f401rct6/Drivers/STM32F4xx_HAL_Driver/Inc/stm32f4xx_ll_adc.h **** #define TEMPSENSOR_CAL_VREFANALOG          ( 3300UL)                    /* Analog voltage reference
 266:board/stm32f401rct6/Drivers/STM32F4xx_HAL_Driver/Inc/stm32f4xx_ll_adc.h **** 
 267:board/stm32f401rct6/Drivers/STM32F4xx_HAL_Driver/Inc/stm32f4xx_ll_adc.h **** /**
 268:board/stm32f401rct6/Drivers/STM32F4xx_HAL_Driver/Inc/stm32f4xx_ll_adc.h ****   * @}
 269:board/stm32f401rct6/Drivers/STM32F4xx_HAL_Driver/Inc/stm32f4xx_ll_adc.h ****   */
 270:board/stm32f401rct6/Drivers/STM32F4xx_HAL_Driver/Inc/stm32f4xx_ll_adc.h **** 
 271:board/stm32f401rct6/Drivers/STM32F4xx_HAL_Driver/Inc/stm32f4xx_ll_adc.h **** 
 272:board/stm32f401rct6/Drivers/STM32F4xx_HAL_Driver/Inc/stm32f4xx_ll_adc.h **** /* Private macros ------------------------------------------------------------*/
 273:board/stm32f401rct6/Drivers/STM32F4xx_HAL_Driver/Inc/stm32f4xx_ll_adc.h **** /** @defgroup ADC_LL_Private_Macros ADC Private Macros
 274:board/stm32f401rct6/Drivers/STM32F4xx_HAL_Driver/Inc/stm32f4xx_ll_adc.h ****   * @{
 275:board/stm32f401rct6/Drivers/STM32F4xx_HAL_Driver/Inc/stm32f4xx_ll_adc.h ****   */
 276:board/stm32f401rct6/Drivers/STM32F4xx_HAL_Driver/Inc/stm32f4xx_ll_adc.h **** 
 277:board/stm32f401rct6/Drivers/STM32F4xx_HAL_Driver/Inc/stm32f4xx_ll_adc.h **** /**
 278:board/stm32f401rct6/Drivers/STM32F4xx_HAL_Driver/Inc/stm32f4xx_ll_adc.h ****   * @brief  Driver macro reserved for internal use: isolate bits with the
 279:board/stm32f401rct6/Drivers/STM32F4xx_HAL_Driver/Inc/stm32f4xx_ll_adc.h ****   *         selected mask and shift them to the register LSB
 280:board/stm32f401rct6/Drivers/STM32F4xx_HAL_Driver/Inc/stm32f4xx_ll_adc.h ****   *         (shift mask on register position bit 0).
 281:board/stm32f401rct6/Drivers/STM32F4xx_HAL_Driver/Inc/stm32f4xx_ll_adc.h ****   * @param  __BITS__ Bits in register 32 bits
 282:board/stm32f401rct6/Drivers/STM32F4xx_HAL_Driver/Inc/stm32f4xx_ll_adc.h ****   * @param  __MASK__ Mask in register 32 bits
 283:board/stm32f401rct6/Drivers/STM32F4xx_HAL_Driver/Inc/stm32f4xx_ll_adc.h ****   * @retval Bits in register 32 bits
 284:board/stm32f401rct6/Drivers/STM32F4xx_HAL_Driver/Inc/stm32f4xx_ll_adc.h ****   */
 285:board/stm32f401rct6/Drivers/STM32F4xx_HAL_Driver/Inc/stm32f4xx_ll_adc.h **** #define __ADC_MASK_SHIFT(__BITS__, __MASK__)                                   \
 286:board/stm32f401rct6/Drivers/STM32F4xx_HAL_Driver/Inc/stm32f4xx_ll_adc.h ****   (((__BITS__) & (__MASK__)) >> POSITION_VAL((__MASK__)))
 287:board/stm32f401rct6/Drivers/STM32F4xx_HAL_Driver/Inc/stm32f4xx_ll_adc.h **** 
 288:board/stm32f401rct6/Drivers/STM32F4xx_HAL_Driver/Inc/stm32f4xx_ll_adc.h **** /**
 289:board/stm32f401rct6/Drivers/STM32F4xx_HAL_Driver/Inc/stm32f4xx_ll_adc.h ****   * @brief  Driver macro reserved for internal use: set a pointer to
 290:board/stm32f401rct6/Drivers/STM32F4xx_HAL_Driver/Inc/stm32f4xx_ll_adc.h ****   *         a register from a register basis from which an offset
 291:board/stm32f401rct6/Drivers/STM32F4xx_HAL_Driver/Inc/stm32f4xx_ll_adc.h ****   *         is applied.
 292:board/stm32f401rct6/Drivers/STM32F4xx_HAL_Driver/Inc/stm32f4xx_ll_adc.h ****   * @param  __REG__ Register basis from which the offset is applied.
 293:board/stm32f401rct6/Drivers/STM32F4xx_HAL_Driver/Inc/stm32f4xx_ll_adc.h ****   * @param  __REG_OFFFSET__ Offset to be applied (unit number of registers).
 294:board/stm32f401rct6/Drivers/STM32F4xx_HAL_Driver/Inc/stm32f4xx_ll_adc.h ****   * @retval Pointer to register address
ARM GAS  C:\Users\Admin\AppData\Local\Temp\ccHarYQc.s 			page 48


 295:board/stm32f401rct6/Drivers/STM32F4xx_HAL_Driver/Inc/stm32f4xx_ll_adc.h ****   */
 296:board/stm32f401rct6/Drivers/STM32F4xx_HAL_Driver/Inc/stm32f4xx_ll_adc.h **** #define __ADC_PTR_REG_OFFSET(__REG__, __REG_OFFFSET__)                         \
 297:board/stm32f401rct6/Drivers/STM32F4xx_HAL_Driver/Inc/stm32f4xx_ll_adc.h ****  ((__IO uint32_t *)((uint32_t) ((uint32_t)(&(__REG__)) + ((__REG_OFFFSET__) << 2UL))))
 298:board/stm32f401rct6/Drivers/STM32F4xx_HAL_Driver/Inc/stm32f4xx_ll_adc.h **** 
 299:board/stm32f401rct6/Drivers/STM32F4xx_HAL_Driver/Inc/stm32f4xx_ll_adc.h **** /**
 300:board/stm32f401rct6/Drivers/STM32F4xx_HAL_Driver/Inc/stm32f4xx_ll_adc.h ****   * @}
 301:board/stm32f401rct6/Drivers/STM32F4xx_HAL_Driver/Inc/stm32f4xx_ll_adc.h ****   */
 302:board/stm32f401rct6/Drivers/STM32F4xx_HAL_Driver/Inc/stm32f4xx_ll_adc.h **** 
 303:board/stm32f401rct6/Drivers/STM32F4xx_HAL_Driver/Inc/stm32f4xx_ll_adc.h **** 
 304:board/stm32f401rct6/Drivers/STM32F4xx_HAL_Driver/Inc/stm32f4xx_ll_adc.h **** /* Exported types ------------------------------------------------------------*/
 305:board/stm32f401rct6/Drivers/STM32F4xx_HAL_Driver/Inc/stm32f4xx_ll_adc.h **** #if defined(USE_FULL_LL_DRIVER)
 306:board/stm32f401rct6/Drivers/STM32F4xx_HAL_Driver/Inc/stm32f4xx_ll_adc.h **** /** @defgroup ADC_LL_ES_INIT ADC Exported Init structure
 307:board/stm32f401rct6/Drivers/STM32F4xx_HAL_Driver/Inc/stm32f4xx_ll_adc.h ****   * @{
 308:board/stm32f401rct6/Drivers/STM32F4xx_HAL_Driver/Inc/stm32f4xx_ll_adc.h ****   */
 309:board/stm32f401rct6/Drivers/STM32F4xx_HAL_Driver/Inc/stm32f4xx_ll_adc.h **** 
 310:board/stm32f401rct6/Drivers/STM32F4xx_HAL_Driver/Inc/stm32f4xx_ll_adc.h **** /**
 311:board/stm32f401rct6/Drivers/STM32F4xx_HAL_Driver/Inc/stm32f4xx_ll_adc.h ****   * @brief  Structure definition of some features of ADC common parameters
 312:board/stm32f401rct6/Drivers/STM32F4xx_HAL_Driver/Inc/stm32f4xx_ll_adc.h ****   *         and multimode
 313:board/stm32f401rct6/Drivers/STM32F4xx_HAL_Driver/Inc/stm32f4xx_ll_adc.h ****   *         (all ADC instances belonging to the same ADC common instance).
 314:board/stm32f401rct6/Drivers/STM32F4xx_HAL_Driver/Inc/stm32f4xx_ll_adc.h ****   * @note   The setting of these parameters by function @ref LL_ADC_CommonInit()
 315:board/stm32f401rct6/Drivers/STM32F4xx_HAL_Driver/Inc/stm32f4xx_ll_adc.h ****   *         is conditioned to ADC instances state (all ADC instances
 316:board/stm32f401rct6/Drivers/STM32F4xx_HAL_Driver/Inc/stm32f4xx_ll_adc.h ****   *         sharing the same ADC common instance):
 317:board/stm32f401rct6/Drivers/STM32F4xx_HAL_Driver/Inc/stm32f4xx_ll_adc.h ****   *         All ADC instances sharing the same ADC common instance must be
 318:board/stm32f401rct6/Drivers/STM32F4xx_HAL_Driver/Inc/stm32f4xx_ll_adc.h ****   *         disabled.
 319:board/stm32f401rct6/Drivers/STM32F4xx_HAL_Driver/Inc/stm32f4xx_ll_adc.h ****   */
 320:board/stm32f401rct6/Drivers/STM32F4xx_HAL_Driver/Inc/stm32f4xx_ll_adc.h **** typedef struct
 321:board/stm32f401rct6/Drivers/STM32F4xx_HAL_Driver/Inc/stm32f4xx_ll_adc.h **** {
 322:board/stm32f401rct6/Drivers/STM32F4xx_HAL_Driver/Inc/stm32f4xx_ll_adc.h ****   uint32_t CommonClock;                 /*!< Set parameter common to several ADC: Clock source and 
 323:board/stm32f401rct6/Drivers/STM32F4xx_HAL_Driver/Inc/stm32f4xx_ll_adc.h ****                                              This parameter can be a value of @ref ADC_LL_EC_COMMON
 324:board/stm32f401rct6/Drivers/STM32F4xx_HAL_Driver/Inc/stm32f4xx_ll_adc.h **** 
 325:board/stm32f401rct6/Drivers/STM32F4xx_HAL_Driver/Inc/stm32f4xx_ll_adc.h ****                                              This feature can be modified afterwards using unitary 
 326:board/stm32f401rct6/Drivers/STM32F4xx_HAL_Driver/Inc/stm32f4xx_ll_adc.h **** 
 327:board/stm32f401rct6/Drivers/STM32F4xx_HAL_Driver/Inc/stm32f4xx_ll_adc.h **** #if defined(ADC_MULTIMODE_SUPPORT)
 328:board/stm32f401rct6/Drivers/STM32F4xx_HAL_Driver/Inc/stm32f4xx_ll_adc.h ****   uint32_t Multimode;                   /*!< Set ADC multimode configuration to operate in independ
 329:board/stm32f401rct6/Drivers/STM32F4xx_HAL_Driver/Inc/stm32f4xx_ll_adc.h ****                                              This parameter can be a value of @ref ADC_LL_EC_MULTI_
 330:board/stm32f401rct6/Drivers/STM32F4xx_HAL_Driver/Inc/stm32f4xx_ll_adc.h **** 
 331:board/stm32f401rct6/Drivers/STM32F4xx_HAL_Driver/Inc/stm32f4xx_ll_adc.h ****                                              This feature can be modified afterwards using unitary 
 332:board/stm32f401rct6/Drivers/STM32F4xx_HAL_Driver/Inc/stm32f4xx_ll_adc.h **** 
 333:board/stm32f401rct6/Drivers/STM32F4xx_HAL_Driver/Inc/stm32f4xx_ll_adc.h ****   uint32_t MultiDMATransfer;            /*!< Set ADC multimode conversion data transfer: no transfe
 334:board/stm32f401rct6/Drivers/STM32F4xx_HAL_Driver/Inc/stm32f4xx_ll_adc.h ****                                              This parameter can be a value of @ref ADC_LL_EC_MULTI_
 335:board/stm32f401rct6/Drivers/STM32F4xx_HAL_Driver/Inc/stm32f4xx_ll_adc.h **** 
 336:board/stm32f401rct6/Drivers/STM32F4xx_HAL_Driver/Inc/stm32f4xx_ll_adc.h ****                                              This feature can be modified afterwards using unitary 
 337:board/stm32f401rct6/Drivers/STM32F4xx_HAL_Driver/Inc/stm32f4xx_ll_adc.h **** 
 338:board/stm32f401rct6/Drivers/STM32F4xx_HAL_Driver/Inc/stm32f4xx_ll_adc.h ****   uint32_t MultiTwoSamplingDelay;       /*!< Set ADC multimode delay between 2 sampling phases.
 339:board/stm32f401rct6/Drivers/STM32F4xx_HAL_Driver/Inc/stm32f4xx_ll_adc.h ****                                              This parameter can be a value of @ref ADC_LL_EC_MULTI_
 340:board/stm32f401rct6/Drivers/STM32F4xx_HAL_Driver/Inc/stm32f4xx_ll_adc.h **** 
 341:board/stm32f401rct6/Drivers/STM32F4xx_HAL_Driver/Inc/stm32f4xx_ll_adc.h ****                                              This feature can be modified afterwards using unitary 
 342:board/stm32f401rct6/Drivers/STM32F4xx_HAL_Driver/Inc/stm32f4xx_ll_adc.h **** #endif /* ADC_MULTIMODE_SUPPORT */
 343:board/stm32f401rct6/Drivers/STM32F4xx_HAL_Driver/Inc/stm32f4xx_ll_adc.h **** 
 344:board/stm32f401rct6/Drivers/STM32F4xx_HAL_Driver/Inc/stm32f4xx_ll_adc.h **** } LL_ADC_CommonInitTypeDef;
 345:board/stm32f401rct6/Drivers/STM32F4xx_HAL_Driver/Inc/stm32f4xx_ll_adc.h **** 
 346:board/stm32f401rct6/Drivers/STM32F4xx_HAL_Driver/Inc/stm32f4xx_ll_adc.h **** /**
 347:board/stm32f401rct6/Drivers/STM32F4xx_HAL_Driver/Inc/stm32f4xx_ll_adc.h ****   * @brief  Structure definition of some features of ADC instance.
 348:board/stm32f401rct6/Drivers/STM32F4xx_HAL_Driver/Inc/stm32f4xx_ll_adc.h ****   * @note   These parameters have an impact on ADC scope: ADC instance.
 349:board/stm32f401rct6/Drivers/STM32F4xx_HAL_Driver/Inc/stm32f4xx_ll_adc.h ****   *         Affects both group regular and group injected (availability
 350:board/stm32f401rct6/Drivers/STM32F4xx_HAL_Driver/Inc/stm32f4xx_ll_adc.h ****   *         of ADC group injected depends on STM32 families).
 351:board/stm32f401rct6/Drivers/STM32F4xx_HAL_Driver/Inc/stm32f4xx_ll_adc.h ****   *         Refer to corresponding unitary functions into
ARM GAS  C:\Users\Admin\AppData\Local\Temp\ccHarYQc.s 			page 49


 352:board/stm32f401rct6/Drivers/STM32F4xx_HAL_Driver/Inc/stm32f4xx_ll_adc.h ****   *         @ref ADC_LL_EF_Configuration_ADC_Instance .
 353:board/stm32f401rct6/Drivers/STM32F4xx_HAL_Driver/Inc/stm32f4xx_ll_adc.h ****   * @note   The setting of these parameters by function @ref LL_ADC_Init()
 354:board/stm32f401rct6/Drivers/STM32F4xx_HAL_Driver/Inc/stm32f4xx_ll_adc.h ****   *         is conditioned to ADC state:
 355:board/stm32f401rct6/Drivers/STM32F4xx_HAL_Driver/Inc/stm32f4xx_ll_adc.h ****   *         ADC instance must be disabled.
 356:board/stm32f401rct6/Drivers/STM32F4xx_HAL_Driver/Inc/stm32f4xx_ll_adc.h ****   *         This condition is applied to all ADC features, for efficiency
 357:board/stm32f401rct6/Drivers/STM32F4xx_HAL_Driver/Inc/stm32f4xx_ll_adc.h ****   *         and compatibility over all STM32 families. However, the different
 358:board/stm32f401rct6/Drivers/STM32F4xx_HAL_Driver/Inc/stm32f4xx_ll_adc.h ****   *         features can be set under different ADC state conditions
 359:board/stm32f401rct6/Drivers/STM32F4xx_HAL_Driver/Inc/stm32f4xx_ll_adc.h ****   *         (setting possible with ADC enabled without conversion on going,
 360:board/stm32f401rct6/Drivers/STM32F4xx_HAL_Driver/Inc/stm32f4xx_ll_adc.h ****   *         ADC enabled with conversion on going, ...)
 361:board/stm32f401rct6/Drivers/STM32F4xx_HAL_Driver/Inc/stm32f4xx_ll_adc.h ****   *         Each feature can be updated afterwards with a unitary function
 362:board/stm32f401rct6/Drivers/STM32F4xx_HAL_Driver/Inc/stm32f4xx_ll_adc.h ****   *         and potentially with ADC in a different state than disabled,
 363:board/stm32f401rct6/Drivers/STM32F4xx_HAL_Driver/Inc/stm32f4xx_ll_adc.h ****   *         refer to description of each function for setting
 364:board/stm32f401rct6/Drivers/STM32F4xx_HAL_Driver/Inc/stm32f4xx_ll_adc.h ****   *         conditioned to ADC state.
 365:board/stm32f401rct6/Drivers/STM32F4xx_HAL_Driver/Inc/stm32f4xx_ll_adc.h ****   */
 366:board/stm32f401rct6/Drivers/STM32F4xx_HAL_Driver/Inc/stm32f4xx_ll_adc.h **** typedef struct
 367:board/stm32f401rct6/Drivers/STM32F4xx_HAL_Driver/Inc/stm32f4xx_ll_adc.h **** {
 368:board/stm32f401rct6/Drivers/STM32F4xx_HAL_Driver/Inc/stm32f4xx_ll_adc.h ****   uint32_t Resolution;                  /*!< Set ADC resolution.
 369:board/stm32f401rct6/Drivers/STM32F4xx_HAL_Driver/Inc/stm32f4xx_ll_adc.h ****                                              This parameter can be a value of @ref ADC_LL_EC_RESOLU
 370:board/stm32f401rct6/Drivers/STM32F4xx_HAL_Driver/Inc/stm32f4xx_ll_adc.h **** 
 371:board/stm32f401rct6/Drivers/STM32F4xx_HAL_Driver/Inc/stm32f4xx_ll_adc.h ****                                              This feature can be modified afterwards using unitary 
 372:board/stm32f401rct6/Drivers/STM32F4xx_HAL_Driver/Inc/stm32f4xx_ll_adc.h **** 
 373:board/stm32f401rct6/Drivers/STM32F4xx_HAL_Driver/Inc/stm32f4xx_ll_adc.h ****   uint32_t DataAlignment;               /*!< Set ADC conversion data alignment.
 374:board/stm32f401rct6/Drivers/STM32F4xx_HAL_Driver/Inc/stm32f4xx_ll_adc.h ****                                              This parameter can be a value of @ref ADC_LL_EC_DATA_A
 375:board/stm32f401rct6/Drivers/STM32F4xx_HAL_Driver/Inc/stm32f4xx_ll_adc.h **** 
 376:board/stm32f401rct6/Drivers/STM32F4xx_HAL_Driver/Inc/stm32f4xx_ll_adc.h ****                                              This feature can be modified afterwards using unitary 
 377:board/stm32f401rct6/Drivers/STM32F4xx_HAL_Driver/Inc/stm32f4xx_ll_adc.h **** 
 378:board/stm32f401rct6/Drivers/STM32F4xx_HAL_Driver/Inc/stm32f4xx_ll_adc.h ****   uint32_t SequencersScanMode;          /*!< Set ADC scan selection.
 379:board/stm32f401rct6/Drivers/STM32F4xx_HAL_Driver/Inc/stm32f4xx_ll_adc.h ****                                              This parameter can be a value of @ref ADC_LL_EC_SCAN_S
 380:board/stm32f401rct6/Drivers/STM32F4xx_HAL_Driver/Inc/stm32f4xx_ll_adc.h **** 
 381:board/stm32f401rct6/Drivers/STM32F4xx_HAL_Driver/Inc/stm32f4xx_ll_adc.h ****                                              This feature can be modified afterwards using unitary 
 382:board/stm32f401rct6/Drivers/STM32F4xx_HAL_Driver/Inc/stm32f4xx_ll_adc.h **** 
 383:board/stm32f401rct6/Drivers/STM32F4xx_HAL_Driver/Inc/stm32f4xx_ll_adc.h **** } LL_ADC_InitTypeDef;
 384:board/stm32f401rct6/Drivers/STM32F4xx_HAL_Driver/Inc/stm32f4xx_ll_adc.h **** 
 385:board/stm32f401rct6/Drivers/STM32F4xx_HAL_Driver/Inc/stm32f4xx_ll_adc.h **** /**
 386:board/stm32f401rct6/Drivers/STM32F4xx_HAL_Driver/Inc/stm32f4xx_ll_adc.h ****   * @brief  Structure definition of some features of ADC group regular.
 387:board/stm32f401rct6/Drivers/STM32F4xx_HAL_Driver/Inc/stm32f4xx_ll_adc.h ****   * @note   These parameters have an impact on ADC scope: ADC group regular.
 388:board/stm32f401rct6/Drivers/STM32F4xx_HAL_Driver/Inc/stm32f4xx_ll_adc.h ****   *         Refer to corresponding unitary functions into
 389:board/stm32f401rct6/Drivers/STM32F4xx_HAL_Driver/Inc/stm32f4xx_ll_adc.h ****   *         @ref ADC_LL_EF_Configuration_ADC_Group_Regular
 390:board/stm32f401rct6/Drivers/STM32F4xx_HAL_Driver/Inc/stm32f4xx_ll_adc.h ****   *         (functions with prefix "REG").
 391:board/stm32f401rct6/Drivers/STM32F4xx_HAL_Driver/Inc/stm32f4xx_ll_adc.h ****   * @note   The setting of these parameters by function @ref LL_ADC_REG_Init()
 392:board/stm32f401rct6/Drivers/STM32F4xx_HAL_Driver/Inc/stm32f4xx_ll_adc.h ****   *         is conditioned to ADC state:
 393:board/stm32f401rct6/Drivers/STM32F4xx_HAL_Driver/Inc/stm32f4xx_ll_adc.h ****   *         ADC instance must be disabled.
 394:board/stm32f401rct6/Drivers/STM32F4xx_HAL_Driver/Inc/stm32f4xx_ll_adc.h ****   *         This condition is applied to all ADC features, for efficiency
 395:board/stm32f401rct6/Drivers/STM32F4xx_HAL_Driver/Inc/stm32f4xx_ll_adc.h ****   *         and compatibility over all STM32 families. However, the different
 396:board/stm32f401rct6/Drivers/STM32F4xx_HAL_Driver/Inc/stm32f4xx_ll_adc.h ****   *         features can be set under different ADC state conditions
 397:board/stm32f401rct6/Drivers/STM32F4xx_HAL_Driver/Inc/stm32f4xx_ll_adc.h ****   *         (setting possible with ADC enabled without conversion on going,
 398:board/stm32f401rct6/Drivers/STM32F4xx_HAL_Driver/Inc/stm32f4xx_ll_adc.h ****   *         ADC enabled with conversion on going, ...)
 399:board/stm32f401rct6/Drivers/STM32F4xx_HAL_Driver/Inc/stm32f4xx_ll_adc.h ****   *         Each feature can be updated afterwards with a unitary function
 400:board/stm32f401rct6/Drivers/STM32F4xx_HAL_Driver/Inc/stm32f4xx_ll_adc.h ****   *         and potentially with ADC in a different state than disabled,
 401:board/stm32f401rct6/Drivers/STM32F4xx_HAL_Driver/Inc/stm32f4xx_ll_adc.h ****   *         refer to description of each function for setting
 402:board/stm32f401rct6/Drivers/STM32F4xx_HAL_Driver/Inc/stm32f4xx_ll_adc.h ****   *         conditioned to ADC state.
 403:board/stm32f401rct6/Drivers/STM32F4xx_HAL_Driver/Inc/stm32f4xx_ll_adc.h ****   */
 404:board/stm32f401rct6/Drivers/STM32F4xx_HAL_Driver/Inc/stm32f4xx_ll_adc.h **** typedef struct
 405:board/stm32f401rct6/Drivers/STM32F4xx_HAL_Driver/Inc/stm32f4xx_ll_adc.h **** {
 406:board/stm32f401rct6/Drivers/STM32F4xx_HAL_Driver/Inc/stm32f4xx_ll_adc.h ****   uint32_t TriggerSource;               /*!< Set ADC group regular conversion trigger source: inter
 407:board/stm32f401rct6/Drivers/STM32F4xx_HAL_Driver/Inc/stm32f4xx_ll_adc.h ****                                              This parameter can be a value of @ref ADC_LL_EC_REG_TR
 408:board/stm32f401rct6/Drivers/STM32F4xx_HAL_Driver/Inc/stm32f4xx_ll_adc.h ****                                              @note On this STM32 series, setting of external trigge
ARM GAS  C:\Users\Admin\AppData\Local\Temp\ccHarYQc.s 			page 50


 409:board/stm32f401rct6/Drivers/STM32F4xx_HAL_Driver/Inc/stm32f4xx_ll_adc.h ****                                                    using function @ref LL_ADC_REG_StartConversionEx
 410:board/stm32f401rct6/Drivers/STM32F4xx_HAL_Driver/Inc/stm32f4xx_ll_adc.h **** 
 411:board/stm32f401rct6/Drivers/STM32F4xx_HAL_Driver/Inc/stm32f4xx_ll_adc.h ****                                              This feature can be modified afterwards using unitary 
 412:board/stm32f401rct6/Drivers/STM32F4xx_HAL_Driver/Inc/stm32f4xx_ll_adc.h **** 
 413:board/stm32f401rct6/Drivers/STM32F4xx_HAL_Driver/Inc/stm32f4xx_ll_adc.h ****   uint32_t SequencerLength;             /*!< Set ADC group regular sequencer length.
 414:board/stm32f401rct6/Drivers/STM32F4xx_HAL_Driver/Inc/stm32f4xx_ll_adc.h ****                                              This parameter can be a value of @ref ADC_LL_EC_REG_SE
 415:board/stm32f401rct6/Drivers/STM32F4xx_HAL_Driver/Inc/stm32f4xx_ll_adc.h ****                                              @note This parameter is discarded if scan mode is disa
 416:board/stm32f401rct6/Drivers/STM32F4xx_HAL_Driver/Inc/stm32f4xx_ll_adc.h **** 
 417:board/stm32f401rct6/Drivers/STM32F4xx_HAL_Driver/Inc/stm32f4xx_ll_adc.h ****                                              This feature can be modified afterwards using unitary 
 418:board/stm32f401rct6/Drivers/STM32F4xx_HAL_Driver/Inc/stm32f4xx_ll_adc.h **** 
 419:board/stm32f401rct6/Drivers/STM32F4xx_HAL_Driver/Inc/stm32f4xx_ll_adc.h ****   uint32_t SequencerDiscont;            /*!< Set ADC group regular sequencer discontinuous mode: se
 420:board/stm32f401rct6/Drivers/STM32F4xx_HAL_Driver/Inc/stm32f4xx_ll_adc.h ****                                              This parameter can be a value of @ref ADC_LL_EC_REG_SE
 421:board/stm32f401rct6/Drivers/STM32F4xx_HAL_Driver/Inc/stm32f4xx_ll_adc.h ****                                              @note This parameter has an effect only if group regul
 422:board/stm32f401rct6/Drivers/STM32F4xx_HAL_Driver/Inc/stm32f4xx_ll_adc.h ****                                                    (scan length of 2 ranks or more).
 423:board/stm32f401rct6/Drivers/STM32F4xx_HAL_Driver/Inc/stm32f4xx_ll_adc.h **** 
 424:board/stm32f401rct6/Drivers/STM32F4xx_HAL_Driver/Inc/stm32f4xx_ll_adc.h ****                                              This feature can be modified afterwards using unitary 
 425:board/stm32f401rct6/Drivers/STM32F4xx_HAL_Driver/Inc/stm32f4xx_ll_adc.h **** 
 426:board/stm32f401rct6/Drivers/STM32F4xx_HAL_Driver/Inc/stm32f4xx_ll_adc.h ****   uint32_t ContinuousMode;              /*!< Set ADC continuous conversion mode on ADC group regula
 427:board/stm32f401rct6/Drivers/STM32F4xx_HAL_Driver/Inc/stm32f4xx_ll_adc.h ****                                              This parameter can be a value of @ref ADC_LL_EC_REG_CO
 428:board/stm32f401rct6/Drivers/STM32F4xx_HAL_Driver/Inc/stm32f4xx_ll_adc.h ****                                              Note: It is not possible to enable both ADC group regu
 429:board/stm32f401rct6/Drivers/STM32F4xx_HAL_Driver/Inc/stm32f4xx_ll_adc.h **** 
 430:board/stm32f401rct6/Drivers/STM32F4xx_HAL_Driver/Inc/stm32f4xx_ll_adc.h ****                                              This feature can be modified afterwards using unitary 
 431:board/stm32f401rct6/Drivers/STM32F4xx_HAL_Driver/Inc/stm32f4xx_ll_adc.h **** 
 432:board/stm32f401rct6/Drivers/STM32F4xx_HAL_Driver/Inc/stm32f4xx_ll_adc.h ****   uint32_t DMATransfer;                 /*!< Set ADC group regular conversion data transfer: no tra
 433:board/stm32f401rct6/Drivers/STM32F4xx_HAL_Driver/Inc/stm32f4xx_ll_adc.h ****                                              This parameter can be a value of @ref ADC_LL_EC_REG_DM
 434:board/stm32f401rct6/Drivers/STM32F4xx_HAL_Driver/Inc/stm32f4xx_ll_adc.h **** 
 435:board/stm32f401rct6/Drivers/STM32F4xx_HAL_Driver/Inc/stm32f4xx_ll_adc.h ****                                              This feature can be modified afterwards using unitary 
 436:board/stm32f401rct6/Drivers/STM32F4xx_HAL_Driver/Inc/stm32f4xx_ll_adc.h **** 
 437:board/stm32f401rct6/Drivers/STM32F4xx_HAL_Driver/Inc/stm32f4xx_ll_adc.h **** } LL_ADC_REG_InitTypeDef;
 438:board/stm32f401rct6/Drivers/STM32F4xx_HAL_Driver/Inc/stm32f4xx_ll_adc.h **** 
 439:board/stm32f401rct6/Drivers/STM32F4xx_HAL_Driver/Inc/stm32f4xx_ll_adc.h **** /**
 440:board/stm32f401rct6/Drivers/STM32F4xx_HAL_Driver/Inc/stm32f4xx_ll_adc.h ****   * @brief  Structure definition of some features of ADC group injected.
 441:board/stm32f401rct6/Drivers/STM32F4xx_HAL_Driver/Inc/stm32f4xx_ll_adc.h ****   * @note   These parameters have an impact on ADC scope: ADC group injected.
 442:board/stm32f401rct6/Drivers/STM32F4xx_HAL_Driver/Inc/stm32f4xx_ll_adc.h ****   *         Refer to corresponding unitary functions into
 443:board/stm32f401rct6/Drivers/STM32F4xx_HAL_Driver/Inc/stm32f4xx_ll_adc.h ****   *         @ref ADC_LL_EF_Configuration_ADC_Group_Regular
 444:board/stm32f401rct6/Drivers/STM32F4xx_HAL_Driver/Inc/stm32f4xx_ll_adc.h ****   *         (functions with prefix "INJ").
 445:board/stm32f401rct6/Drivers/STM32F4xx_HAL_Driver/Inc/stm32f4xx_ll_adc.h ****   * @note   The setting of these parameters by function @ref LL_ADC_INJ_Init()
 446:board/stm32f401rct6/Drivers/STM32F4xx_HAL_Driver/Inc/stm32f4xx_ll_adc.h ****   *         is conditioned to ADC state:
 447:board/stm32f401rct6/Drivers/STM32F4xx_HAL_Driver/Inc/stm32f4xx_ll_adc.h ****   *         ADC instance must be disabled.
 448:board/stm32f401rct6/Drivers/STM32F4xx_HAL_Driver/Inc/stm32f4xx_ll_adc.h ****   *         This condition is applied to all ADC features, for efficiency
 449:board/stm32f401rct6/Drivers/STM32F4xx_HAL_Driver/Inc/stm32f4xx_ll_adc.h ****   *         and compatibility over all STM32 families. However, the different
 450:board/stm32f401rct6/Drivers/STM32F4xx_HAL_Driver/Inc/stm32f4xx_ll_adc.h ****   *         features can be set under different ADC state conditions
 451:board/stm32f401rct6/Drivers/STM32F4xx_HAL_Driver/Inc/stm32f4xx_ll_adc.h ****   *         (setting possible with ADC enabled without conversion on going,
 452:board/stm32f401rct6/Drivers/STM32F4xx_HAL_Driver/Inc/stm32f4xx_ll_adc.h ****   *         ADC enabled with conversion on going, ...)
 453:board/stm32f401rct6/Drivers/STM32F4xx_HAL_Driver/Inc/stm32f4xx_ll_adc.h ****   *         Each feature can be updated afterwards with a unitary function
 454:board/stm32f401rct6/Drivers/STM32F4xx_HAL_Driver/Inc/stm32f4xx_ll_adc.h ****   *         and potentially with ADC in a different state than disabled,
 455:board/stm32f401rct6/Drivers/STM32F4xx_HAL_Driver/Inc/stm32f4xx_ll_adc.h ****   *         refer to description of each function for setting
 456:board/stm32f401rct6/Drivers/STM32F4xx_HAL_Driver/Inc/stm32f4xx_ll_adc.h ****   *         conditioned to ADC state.
 457:board/stm32f401rct6/Drivers/STM32F4xx_HAL_Driver/Inc/stm32f4xx_ll_adc.h ****   */
 458:board/stm32f401rct6/Drivers/STM32F4xx_HAL_Driver/Inc/stm32f4xx_ll_adc.h **** typedef struct
 459:board/stm32f401rct6/Drivers/STM32F4xx_HAL_Driver/Inc/stm32f4xx_ll_adc.h **** {
 460:board/stm32f401rct6/Drivers/STM32F4xx_HAL_Driver/Inc/stm32f4xx_ll_adc.h ****   uint32_t TriggerSource;               /*!< Set ADC group injected conversion trigger source: inte
 461:board/stm32f401rct6/Drivers/STM32F4xx_HAL_Driver/Inc/stm32f4xx_ll_adc.h ****                                              This parameter can be a value of @ref ADC_LL_EC_INJ_TR
 462:board/stm32f401rct6/Drivers/STM32F4xx_HAL_Driver/Inc/stm32f4xx_ll_adc.h ****                                              @note On this STM32 series, setting of external trigge
 463:board/stm32f401rct6/Drivers/STM32F4xx_HAL_Driver/Inc/stm32f4xx_ll_adc.h ****                                                    using function @ref LL_ADC_INJ_StartConversionEx
 464:board/stm32f401rct6/Drivers/STM32F4xx_HAL_Driver/Inc/stm32f4xx_ll_adc.h **** 
 465:board/stm32f401rct6/Drivers/STM32F4xx_HAL_Driver/Inc/stm32f4xx_ll_adc.h ****                                              This feature can be modified afterwards using unitary 
ARM GAS  C:\Users\Admin\AppData\Local\Temp\ccHarYQc.s 			page 51


 466:board/stm32f401rct6/Drivers/STM32F4xx_HAL_Driver/Inc/stm32f4xx_ll_adc.h **** 
 467:board/stm32f401rct6/Drivers/STM32F4xx_HAL_Driver/Inc/stm32f4xx_ll_adc.h ****   uint32_t SequencerLength;             /*!< Set ADC group injected sequencer length.
 468:board/stm32f401rct6/Drivers/STM32F4xx_HAL_Driver/Inc/stm32f4xx_ll_adc.h ****                                              This parameter can be a value of @ref ADC_LL_EC_INJ_SE
 469:board/stm32f401rct6/Drivers/STM32F4xx_HAL_Driver/Inc/stm32f4xx_ll_adc.h ****                                              @note This parameter is discarded if scan mode is disa
 470:board/stm32f401rct6/Drivers/STM32F4xx_HAL_Driver/Inc/stm32f4xx_ll_adc.h **** 
 471:board/stm32f401rct6/Drivers/STM32F4xx_HAL_Driver/Inc/stm32f4xx_ll_adc.h ****                                              This feature can be modified afterwards using unitary 
 472:board/stm32f401rct6/Drivers/STM32F4xx_HAL_Driver/Inc/stm32f4xx_ll_adc.h **** 
 473:board/stm32f401rct6/Drivers/STM32F4xx_HAL_Driver/Inc/stm32f4xx_ll_adc.h ****   uint32_t SequencerDiscont;            /*!< Set ADC group injected sequencer discontinuous mode: s
 474:board/stm32f401rct6/Drivers/STM32F4xx_HAL_Driver/Inc/stm32f4xx_ll_adc.h ****                                              This parameter can be a value of @ref ADC_LL_EC_INJ_SE
 475:board/stm32f401rct6/Drivers/STM32F4xx_HAL_Driver/Inc/stm32f4xx_ll_adc.h ****                                              @note This parameter has an effect only if group injec
 476:board/stm32f401rct6/Drivers/STM32F4xx_HAL_Driver/Inc/stm32f4xx_ll_adc.h ****                                                    (scan length of 2 ranks or more).
 477:board/stm32f401rct6/Drivers/STM32F4xx_HAL_Driver/Inc/stm32f4xx_ll_adc.h **** 
 478:board/stm32f401rct6/Drivers/STM32F4xx_HAL_Driver/Inc/stm32f4xx_ll_adc.h ****                                              This feature can be modified afterwards using unitary 
 479:board/stm32f401rct6/Drivers/STM32F4xx_HAL_Driver/Inc/stm32f4xx_ll_adc.h **** 
 480:board/stm32f401rct6/Drivers/STM32F4xx_HAL_Driver/Inc/stm32f4xx_ll_adc.h ****   uint32_t TrigAuto;                    /*!< Set ADC group injected conversion trigger: independent
 481:board/stm32f401rct6/Drivers/STM32F4xx_HAL_Driver/Inc/stm32f4xx_ll_adc.h ****                                              This parameter can be a value of @ref ADC_LL_EC_INJ_TR
 482:board/stm32f401rct6/Drivers/STM32F4xx_HAL_Driver/Inc/stm32f4xx_ll_adc.h ****                                              Note: This parameter must be set to set to independent
 483:board/stm32f401rct6/Drivers/STM32F4xx_HAL_Driver/Inc/stm32f4xx_ll_adc.h **** 
 484:board/stm32f401rct6/Drivers/STM32F4xx_HAL_Driver/Inc/stm32f4xx_ll_adc.h ****                                              This feature can be modified afterwards using unitary 
 485:board/stm32f401rct6/Drivers/STM32F4xx_HAL_Driver/Inc/stm32f4xx_ll_adc.h **** 
 486:board/stm32f401rct6/Drivers/STM32F4xx_HAL_Driver/Inc/stm32f4xx_ll_adc.h **** } LL_ADC_INJ_InitTypeDef;
 487:board/stm32f401rct6/Drivers/STM32F4xx_HAL_Driver/Inc/stm32f4xx_ll_adc.h **** 
 488:board/stm32f401rct6/Drivers/STM32F4xx_HAL_Driver/Inc/stm32f4xx_ll_adc.h **** /**
 489:board/stm32f401rct6/Drivers/STM32F4xx_HAL_Driver/Inc/stm32f4xx_ll_adc.h ****   * @}
 490:board/stm32f401rct6/Drivers/STM32F4xx_HAL_Driver/Inc/stm32f4xx_ll_adc.h ****   */
 491:board/stm32f401rct6/Drivers/STM32F4xx_HAL_Driver/Inc/stm32f4xx_ll_adc.h **** #endif /* USE_FULL_LL_DRIVER */
 492:board/stm32f401rct6/Drivers/STM32F4xx_HAL_Driver/Inc/stm32f4xx_ll_adc.h **** 
 493:board/stm32f401rct6/Drivers/STM32F4xx_HAL_Driver/Inc/stm32f4xx_ll_adc.h **** /* Exported constants --------------------------------------------------------*/
 494:board/stm32f401rct6/Drivers/STM32F4xx_HAL_Driver/Inc/stm32f4xx_ll_adc.h **** /** @defgroup ADC_LL_Exported_Constants ADC Exported Constants
 495:board/stm32f401rct6/Drivers/STM32F4xx_HAL_Driver/Inc/stm32f4xx_ll_adc.h ****   * @{
 496:board/stm32f401rct6/Drivers/STM32F4xx_HAL_Driver/Inc/stm32f4xx_ll_adc.h ****   */
 497:board/stm32f401rct6/Drivers/STM32F4xx_HAL_Driver/Inc/stm32f4xx_ll_adc.h **** 
 498:board/stm32f401rct6/Drivers/STM32F4xx_HAL_Driver/Inc/stm32f4xx_ll_adc.h **** /** @defgroup ADC_LL_EC_FLAG ADC flags
 499:board/stm32f401rct6/Drivers/STM32F4xx_HAL_Driver/Inc/stm32f4xx_ll_adc.h ****   * @brief    Flags defines which can be used with LL_ADC_ReadReg function
 500:board/stm32f401rct6/Drivers/STM32F4xx_HAL_Driver/Inc/stm32f4xx_ll_adc.h ****   * @{
 501:board/stm32f401rct6/Drivers/STM32F4xx_HAL_Driver/Inc/stm32f4xx_ll_adc.h ****   */
 502:board/stm32f401rct6/Drivers/STM32F4xx_HAL_Driver/Inc/stm32f4xx_ll_adc.h **** #define LL_ADC_FLAG_STRT                   ADC_SR_STRT        /*!< ADC flag ADC group regular conve
 503:board/stm32f401rct6/Drivers/STM32F4xx_HAL_Driver/Inc/stm32f4xx_ll_adc.h **** #define LL_ADC_FLAG_EOCS                   ADC_SR_EOC         /*!< ADC flag ADC group regular end o
 504:board/stm32f401rct6/Drivers/STM32F4xx_HAL_Driver/Inc/stm32f4xx_ll_adc.h **** #define LL_ADC_FLAG_OVR                    ADC_SR_OVR         /*!< ADC flag ADC group regular overr
 505:board/stm32f401rct6/Drivers/STM32F4xx_HAL_Driver/Inc/stm32f4xx_ll_adc.h **** #define LL_ADC_FLAG_JSTRT                  ADC_SR_JSTRT       /*!< ADC flag ADC group injected conv
 506:board/stm32f401rct6/Drivers/STM32F4xx_HAL_Driver/Inc/stm32f4xx_ll_adc.h **** #define LL_ADC_FLAG_JEOS                   ADC_SR_JEOC        /*!< ADC flag ADC group injected end 
 507:board/stm32f401rct6/Drivers/STM32F4xx_HAL_Driver/Inc/stm32f4xx_ll_adc.h **** #define LL_ADC_FLAG_AWD1                   ADC_SR_AWD         /*!< ADC flag ADC analog watchdog 1 *
 508:board/stm32f401rct6/Drivers/STM32F4xx_HAL_Driver/Inc/stm32f4xx_ll_adc.h **** #if defined(ADC_MULTIMODE_SUPPORT)
 509:board/stm32f401rct6/Drivers/STM32F4xx_HAL_Driver/Inc/stm32f4xx_ll_adc.h **** #define LL_ADC_FLAG_EOCS_MST               ADC_CSR_EOC1       /*!< ADC flag ADC multimode master gr
 510:board/stm32f401rct6/Drivers/STM32F4xx_HAL_Driver/Inc/stm32f4xx_ll_adc.h **** #define LL_ADC_FLAG_EOCS_SLV1              ADC_CSR_EOC2       /*!< ADC flag ADC multimode slave 1 g
 511:board/stm32f401rct6/Drivers/STM32F4xx_HAL_Driver/Inc/stm32f4xx_ll_adc.h **** #define LL_ADC_FLAG_EOCS_SLV2              ADC_CSR_EOC3       /*!< ADC flag ADC multimode slave 2 g
 512:board/stm32f401rct6/Drivers/STM32F4xx_HAL_Driver/Inc/stm32f4xx_ll_adc.h **** #define LL_ADC_FLAG_OVR_MST                ADC_CSR_OVR1    /*!< ADC flag ADC multimode master group
 513:board/stm32f401rct6/Drivers/STM32F4xx_HAL_Driver/Inc/stm32f4xx_ll_adc.h **** #define LL_ADC_FLAG_OVR_SLV1               ADC_CSR_OVR2   /*!< ADC flag ADC multimode slave 1 group
 514:board/stm32f401rct6/Drivers/STM32F4xx_HAL_Driver/Inc/stm32f4xx_ll_adc.h **** #define LL_ADC_FLAG_OVR_SLV2               ADC_CSR_OVR3   /*!< ADC flag ADC multimode slave 2 group
 515:board/stm32f401rct6/Drivers/STM32F4xx_HAL_Driver/Inc/stm32f4xx_ll_adc.h **** #define LL_ADC_FLAG_JEOS_MST               ADC_CSR_JEOC1     /*!< ADC flag ADC multimode master gro
 516:board/stm32f401rct6/Drivers/STM32F4xx_HAL_Driver/Inc/stm32f4xx_ll_adc.h **** #define LL_ADC_FLAG_JEOS_SLV1              ADC_CSR_JEOC2  /*!< ADC flag ADC multimode slave 1 group
 517:board/stm32f401rct6/Drivers/STM32F4xx_HAL_Driver/Inc/stm32f4xx_ll_adc.h **** #define LL_ADC_FLAG_JEOS_SLV2              ADC_CSR_JEOC3  /*!< ADC flag ADC multimode slave 2 group
 518:board/stm32f401rct6/Drivers/STM32F4xx_HAL_Driver/Inc/stm32f4xx_ll_adc.h **** #define LL_ADC_FLAG_AWD1_MST               ADC_CSR_AWD1       /*!< ADC flag ADC multimode master an
 519:board/stm32f401rct6/Drivers/STM32F4xx_HAL_Driver/Inc/stm32f4xx_ll_adc.h **** #define LL_ADC_FLAG_AWD1_SLV1              ADC_CSR_AWD2       /*!< ADC flag ADC multimode slave 1 a
 520:board/stm32f401rct6/Drivers/STM32F4xx_HAL_Driver/Inc/stm32f4xx_ll_adc.h **** #define LL_ADC_FLAG_AWD1_SLV2              ADC_CSR_AWD3       /*!< ADC flag ADC multimode slave 2 a
 521:board/stm32f401rct6/Drivers/STM32F4xx_HAL_Driver/Inc/stm32f4xx_ll_adc.h **** #endif
 522:board/stm32f401rct6/Drivers/STM32F4xx_HAL_Driver/Inc/stm32f4xx_ll_adc.h **** /**
ARM GAS  C:\Users\Admin\AppData\Local\Temp\ccHarYQc.s 			page 52


 523:board/stm32f401rct6/Drivers/STM32F4xx_HAL_Driver/Inc/stm32f4xx_ll_adc.h ****   * @}
 524:board/stm32f401rct6/Drivers/STM32F4xx_HAL_Driver/Inc/stm32f4xx_ll_adc.h ****   */
 525:board/stm32f401rct6/Drivers/STM32F4xx_HAL_Driver/Inc/stm32f4xx_ll_adc.h **** 
 526:board/stm32f401rct6/Drivers/STM32F4xx_HAL_Driver/Inc/stm32f4xx_ll_adc.h **** /** @defgroup ADC_LL_EC_IT ADC interruptions for configuration (interruption enable or disable)
 527:board/stm32f401rct6/Drivers/STM32F4xx_HAL_Driver/Inc/stm32f4xx_ll_adc.h ****   * @brief    IT defines which can be used with LL_ADC_ReadReg and  LL_ADC_WriteReg functions
 528:board/stm32f401rct6/Drivers/STM32F4xx_HAL_Driver/Inc/stm32f4xx_ll_adc.h ****   * @{
 529:board/stm32f401rct6/Drivers/STM32F4xx_HAL_Driver/Inc/stm32f4xx_ll_adc.h ****   */
 530:board/stm32f401rct6/Drivers/STM32F4xx_HAL_Driver/Inc/stm32f4xx_ll_adc.h **** #define LL_ADC_IT_EOCS                     ADC_CR1_EOCIE      /*!< ADC interruption ADC group regul
 531:board/stm32f401rct6/Drivers/STM32F4xx_HAL_Driver/Inc/stm32f4xx_ll_adc.h **** #define LL_ADC_IT_OVR                      ADC_CR1_OVRIE      /*!< ADC interruption ADC group regul
 532:board/stm32f401rct6/Drivers/STM32F4xx_HAL_Driver/Inc/stm32f4xx_ll_adc.h **** #define LL_ADC_IT_JEOS                     ADC_CR1_JEOCIE     /*!< ADC interruption ADC group injec
 533:board/stm32f401rct6/Drivers/STM32F4xx_HAL_Driver/Inc/stm32f4xx_ll_adc.h **** #define LL_ADC_IT_AWD1                     ADC_CR1_AWDIE      /*!< ADC interruption ADC analog watc
 534:board/stm32f401rct6/Drivers/STM32F4xx_HAL_Driver/Inc/stm32f4xx_ll_adc.h **** /**
 535:board/stm32f401rct6/Drivers/STM32F4xx_HAL_Driver/Inc/stm32f4xx_ll_adc.h ****   * @}
 536:board/stm32f401rct6/Drivers/STM32F4xx_HAL_Driver/Inc/stm32f4xx_ll_adc.h ****   */
 537:board/stm32f401rct6/Drivers/STM32F4xx_HAL_Driver/Inc/stm32f4xx_ll_adc.h **** 
 538:board/stm32f401rct6/Drivers/STM32F4xx_HAL_Driver/Inc/stm32f4xx_ll_adc.h **** /** @defgroup ADC_LL_EC_REGISTERS  ADC registers compliant with specific purpose
 539:board/stm32f401rct6/Drivers/STM32F4xx_HAL_Driver/Inc/stm32f4xx_ll_adc.h ****   * @{
 540:board/stm32f401rct6/Drivers/STM32F4xx_HAL_Driver/Inc/stm32f4xx_ll_adc.h ****   */
 541:board/stm32f401rct6/Drivers/STM32F4xx_HAL_Driver/Inc/stm32f4xx_ll_adc.h **** /* List of ADC registers intended to be used (most commonly) with             */
 542:board/stm32f401rct6/Drivers/STM32F4xx_HAL_Driver/Inc/stm32f4xx_ll_adc.h **** /* DMA transfer.                                                              */
 543:board/stm32f401rct6/Drivers/STM32F4xx_HAL_Driver/Inc/stm32f4xx_ll_adc.h **** /* Refer to function @ref LL_ADC_DMA_GetRegAddr().                            */
 544:board/stm32f401rct6/Drivers/STM32F4xx_HAL_Driver/Inc/stm32f4xx_ll_adc.h **** #define LL_ADC_DMA_REG_REGULAR_DATA          0x00000000UL   /* ADC group regular conversion data re
 545:board/stm32f401rct6/Drivers/STM32F4xx_HAL_Driver/Inc/stm32f4xx_ll_adc.h **** #if defined(ADC_MULTIMODE_SUPPORT)
 546:board/stm32f401rct6/Drivers/STM32F4xx_HAL_Driver/Inc/stm32f4xx_ll_adc.h **** #define LL_ADC_DMA_REG_REGULAR_DATA_MULTI    0x00000001UL   /* ADC group regular conversion data re
 547:board/stm32f401rct6/Drivers/STM32F4xx_HAL_Driver/Inc/stm32f4xx_ll_adc.h **** #endif
 548:board/stm32f401rct6/Drivers/STM32F4xx_HAL_Driver/Inc/stm32f4xx_ll_adc.h **** /**
 549:board/stm32f401rct6/Drivers/STM32F4xx_HAL_Driver/Inc/stm32f4xx_ll_adc.h ****   * @}
 550:board/stm32f401rct6/Drivers/STM32F4xx_HAL_Driver/Inc/stm32f4xx_ll_adc.h ****   */
 551:board/stm32f401rct6/Drivers/STM32F4xx_HAL_Driver/Inc/stm32f4xx_ll_adc.h **** 
 552:board/stm32f401rct6/Drivers/STM32F4xx_HAL_Driver/Inc/stm32f4xx_ll_adc.h **** /** @defgroup ADC_LL_EC_COMMON_CLOCK_SOURCE  ADC common - Clock source
 553:board/stm32f401rct6/Drivers/STM32F4xx_HAL_Driver/Inc/stm32f4xx_ll_adc.h ****   * @{
 554:board/stm32f401rct6/Drivers/STM32F4xx_HAL_Driver/Inc/stm32f4xx_ll_adc.h ****   */
 555:board/stm32f401rct6/Drivers/STM32F4xx_HAL_Driver/Inc/stm32f4xx_ll_adc.h **** #define LL_ADC_CLOCK_SYNC_PCLK_DIV2        0x00000000UL                                           /
 556:board/stm32f401rct6/Drivers/STM32F4xx_HAL_Driver/Inc/stm32f4xx_ll_adc.h **** #define LL_ADC_CLOCK_SYNC_PCLK_DIV4        (                   ADC_CCR_ADCPRE_0)                 /*
 557:board/stm32f401rct6/Drivers/STM32F4xx_HAL_Driver/Inc/stm32f4xx_ll_adc.h **** #define LL_ADC_CLOCK_SYNC_PCLK_DIV6        (ADC_CCR_ADCPRE_1                   )                 /*
 558:board/stm32f401rct6/Drivers/STM32F4xx_HAL_Driver/Inc/stm32f4xx_ll_adc.h **** #define LL_ADC_CLOCK_SYNC_PCLK_DIV8        (ADC_CCR_ADCPRE_1 | ADC_CCR_ADCPRE_0)                 /*
 559:board/stm32f401rct6/Drivers/STM32F4xx_HAL_Driver/Inc/stm32f4xx_ll_adc.h **** /**
 560:board/stm32f401rct6/Drivers/STM32F4xx_HAL_Driver/Inc/stm32f4xx_ll_adc.h ****   * @}
 561:board/stm32f401rct6/Drivers/STM32F4xx_HAL_Driver/Inc/stm32f4xx_ll_adc.h ****   */
 562:board/stm32f401rct6/Drivers/STM32F4xx_HAL_Driver/Inc/stm32f4xx_ll_adc.h **** 
 563:board/stm32f401rct6/Drivers/STM32F4xx_HAL_Driver/Inc/stm32f4xx_ll_adc.h **** /** @defgroup ADC_LL_EC_COMMON_PATH_INTERNAL  ADC common - Measurement path to internal channels
 564:board/stm32f401rct6/Drivers/STM32F4xx_HAL_Driver/Inc/stm32f4xx_ll_adc.h ****   * @{
 565:board/stm32f401rct6/Drivers/STM32F4xx_HAL_Driver/Inc/stm32f4xx_ll_adc.h ****   */
 566:board/stm32f401rct6/Drivers/STM32F4xx_HAL_Driver/Inc/stm32f4xx_ll_adc.h **** /* Note: Other measurement paths to internal channels may be available        */
 567:board/stm32f401rct6/Drivers/STM32F4xx_HAL_Driver/Inc/stm32f4xx_ll_adc.h **** /*       (connections to other peripherals).                                  */
 568:board/stm32f401rct6/Drivers/STM32F4xx_HAL_Driver/Inc/stm32f4xx_ll_adc.h **** /*       If they are not listed below, they do not require any specific       */
 569:board/stm32f401rct6/Drivers/STM32F4xx_HAL_Driver/Inc/stm32f4xx_ll_adc.h **** /*       path enable. In this case, Access to measurement path is done        */
 570:board/stm32f401rct6/Drivers/STM32F4xx_HAL_Driver/Inc/stm32f4xx_ll_adc.h **** /*       only by selecting the corresponding ADC internal channel.            */
 571:board/stm32f401rct6/Drivers/STM32F4xx_HAL_Driver/Inc/stm32f4xx_ll_adc.h **** #define LL_ADC_PATH_INTERNAL_NONE          0x00000000UL            /*!< ADC measurement paths all d
 572:board/stm32f401rct6/Drivers/STM32F4xx_HAL_Driver/Inc/stm32f4xx_ll_adc.h **** #define LL_ADC_PATH_INTERNAL_VREFINT       (ADC_CCR_TSVREFE)      /*!< ADC measurement path to inte
 573:board/stm32f401rct6/Drivers/STM32F4xx_HAL_Driver/Inc/stm32f4xx_ll_adc.h **** #define LL_ADC_PATH_INTERNAL_TEMPSENSOR    (ADC_CCR_TSVREFE)      /*!< ADC measurement path to inte
 574:board/stm32f401rct6/Drivers/STM32F4xx_HAL_Driver/Inc/stm32f4xx_ll_adc.h **** #define LL_ADC_PATH_INTERNAL_VBAT          (ADC_CCR_VBATE)        /*!< ADC measurement path to inte
 575:board/stm32f401rct6/Drivers/STM32F4xx_HAL_Driver/Inc/stm32f4xx_ll_adc.h **** /**
 576:board/stm32f401rct6/Drivers/STM32F4xx_HAL_Driver/Inc/stm32f4xx_ll_adc.h ****   * @}
 577:board/stm32f401rct6/Drivers/STM32F4xx_HAL_Driver/Inc/stm32f4xx_ll_adc.h ****   */
 578:board/stm32f401rct6/Drivers/STM32F4xx_HAL_Driver/Inc/stm32f4xx_ll_adc.h **** 
 579:board/stm32f401rct6/Drivers/STM32F4xx_HAL_Driver/Inc/stm32f4xx_ll_adc.h **** /** @defgroup ADC_LL_EC_RESOLUTION  ADC instance - Resolution
ARM GAS  C:\Users\Admin\AppData\Local\Temp\ccHarYQc.s 			page 53


 580:board/stm32f401rct6/Drivers/STM32F4xx_HAL_Driver/Inc/stm32f4xx_ll_adc.h ****   * @{
 581:board/stm32f401rct6/Drivers/STM32F4xx_HAL_Driver/Inc/stm32f4xx_ll_adc.h ****   */
 582:board/stm32f401rct6/Drivers/STM32F4xx_HAL_Driver/Inc/stm32f4xx_ll_adc.h **** #define LL_ADC_RESOLUTION_12B              0x00000000UL                         /*!< ADC resolution
 583:board/stm32f401rct6/Drivers/STM32F4xx_HAL_Driver/Inc/stm32f4xx_ll_adc.h **** #define LL_ADC_RESOLUTION_10B              (                ADC_CR1_RES_0)     /*!< ADC resolution 
 584:board/stm32f401rct6/Drivers/STM32F4xx_HAL_Driver/Inc/stm32f4xx_ll_adc.h **** #define LL_ADC_RESOLUTION_8B               (ADC_CR1_RES_1                )     /*!< ADC resolution 
 585:board/stm32f401rct6/Drivers/STM32F4xx_HAL_Driver/Inc/stm32f4xx_ll_adc.h **** #define LL_ADC_RESOLUTION_6B               (ADC_CR1_RES_1 | ADC_CR1_RES_0)     /*!< ADC resolution 
 586:board/stm32f401rct6/Drivers/STM32F4xx_HAL_Driver/Inc/stm32f4xx_ll_adc.h **** /**
 587:board/stm32f401rct6/Drivers/STM32F4xx_HAL_Driver/Inc/stm32f4xx_ll_adc.h ****   * @}
 588:board/stm32f401rct6/Drivers/STM32F4xx_HAL_Driver/Inc/stm32f4xx_ll_adc.h ****   */
 589:board/stm32f401rct6/Drivers/STM32F4xx_HAL_Driver/Inc/stm32f4xx_ll_adc.h **** 
 590:board/stm32f401rct6/Drivers/STM32F4xx_HAL_Driver/Inc/stm32f4xx_ll_adc.h **** /** @defgroup ADC_LL_EC_DATA_ALIGN  ADC instance - Data alignment
 591:board/stm32f401rct6/Drivers/STM32F4xx_HAL_Driver/Inc/stm32f4xx_ll_adc.h ****   * @{
 592:board/stm32f401rct6/Drivers/STM32F4xx_HAL_Driver/Inc/stm32f4xx_ll_adc.h ****   */
 593:board/stm32f401rct6/Drivers/STM32F4xx_HAL_Driver/Inc/stm32f4xx_ll_adc.h **** #define LL_ADC_DATA_ALIGN_RIGHT            0x00000000UL            /*!< ADC conversion data alignme
 594:board/stm32f401rct6/Drivers/STM32F4xx_HAL_Driver/Inc/stm32f4xx_ll_adc.h **** #define LL_ADC_DATA_ALIGN_LEFT             (ADC_CR2_ALIGN)        /*!< ADC conversion data alignmen
 595:board/stm32f401rct6/Drivers/STM32F4xx_HAL_Driver/Inc/stm32f4xx_ll_adc.h **** /**
 596:board/stm32f401rct6/Drivers/STM32F4xx_HAL_Driver/Inc/stm32f4xx_ll_adc.h ****   * @}
 597:board/stm32f401rct6/Drivers/STM32F4xx_HAL_Driver/Inc/stm32f4xx_ll_adc.h ****   */
 598:board/stm32f401rct6/Drivers/STM32F4xx_HAL_Driver/Inc/stm32f4xx_ll_adc.h **** 
 599:board/stm32f401rct6/Drivers/STM32F4xx_HAL_Driver/Inc/stm32f4xx_ll_adc.h **** /** @defgroup ADC_LL_EC_SCAN_SELECTION ADC instance - Scan selection
 600:board/stm32f401rct6/Drivers/STM32F4xx_HAL_Driver/Inc/stm32f4xx_ll_adc.h ****   * @{
 601:board/stm32f401rct6/Drivers/STM32F4xx_HAL_Driver/Inc/stm32f4xx_ll_adc.h ****   */
 602:board/stm32f401rct6/Drivers/STM32F4xx_HAL_Driver/Inc/stm32f4xx_ll_adc.h **** #define LL_ADC_SEQ_SCAN_DISABLE            0x00000000UL    /*!< ADC conversion is performed in unit
 603:board/stm32f401rct6/Drivers/STM32F4xx_HAL_Driver/Inc/stm32f4xx_ll_adc.h **** #define LL_ADC_SEQ_SCAN_ENABLE             (ADC_CR1_SCAN) /*!< ADC conversions are performed in seq
 604:board/stm32f401rct6/Drivers/STM32F4xx_HAL_Driver/Inc/stm32f4xx_ll_adc.h **** /**
 605:board/stm32f401rct6/Drivers/STM32F4xx_HAL_Driver/Inc/stm32f4xx_ll_adc.h ****   * @}
 606:board/stm32f401rct6/Drivers/STM32F4xx_HAL_Driver/Inc/stm32f4xx_ll_adc.h ****   */
 607:board/stm32f401rct6/Drivers/STM32F4xx_HAL_Driver/Inc/stm32f4xx_ll_adc.h **** 
 608:board/stm32f401rct6/Drivers/STM32F4xx_HAL_Driver/Inc/stm32f4xx_ll_adc.h **** /** @defgroup ADC_LL_EC_GROUPS  ADC instance - Groups
 609:board/stm32f401rct6/Drivers/STM32F4xx_HAL_Driver/Inc/stm32f4xx_ll_adc.h ****   * @{
 610:board/stm32f401rct6/Drivers/STM32F4xx_HAL_Driver/Inc/stm32f4xx_ll_adc.h ****   */
 611:board/stm32f401rct6/Drivers/STM32F4xx_HAL_Driver/Inc/stm32f4xx_ll_adc.h **** #define LL_ADC_GROUP_REGULAR               0x00000001UL   /*!< ADC group regular (available on all 
 612:board/stm32f401rct6/Drivers/STM32F4xx_HAL_Driver/Inc/stm32f4xx_ll_adc.h **** #define LL_ADC_GROUP_INJECTED              0x00000002UL   /*!< ADC group injected (not available on
 613:board/stm32f401rct6/Drivers/STM32F4xx_HAL_Driver/Inc/stm32f4xx_ll_adc.h **** #define LL_ADC_GROUP_REGULAR_INJECTED      0x00000003UL   /*!< ADC both groups regular and injected
 614:board/stm32f401rct6/Drivers/STM32F4xx_HAL_Driver/Inc/stm32f4xx_ll_adc.h **** /**
 615:board/stm32f401rct6/Drivers/STM32F4xx_HAL_Driver/Inc/stm32f4xx_ll_adc.h ****   * @}
 616:board/stm32f401rct6/Drivers/STM32F4xx_HAL_Driver/Inc/stm32f4xx_ll_adc.h ****   */
 617:board/stm32f401rct6/Drivers/STM32F4xx_HAL_Driver/Inc/stm32f4xx_ll_adc.h **** 
 618:board/stm32f401rct6/Drivers/STM32F4xx_HAL_Driver/Inc/stm32f4xx_ll_adc.h **** /** @defgroup ADC_LL_EC_CHANNEL  ADC instance - Channel number
 619:board/stm32f401rct6/Drivers/STM32F4xx_HAL_Driver/Inc/stm32f4xx_ll_adc.h ****   * @{
 620:board/stm32f401rct6/Drivers/STM32F4xx_HAL_Driver/Inc/stm32f4xx_ll_adc.h ****   */
 621:board/stm32f401rct6/Drivers/STM32F4xx_HAL_Driver/Inc/stm32f4xx_ll_adc.h **** #define LL_ADC_CHANNEL_0                   (ADC_CHANNEL_0_NUMBER  | ADC_CHANNEL_0_SMP)  /*!< ADC ex
 622:board/stm32f401rct6/Drivers/STM32F4xx_HAL_Driver/Inc/stm32f4xx_ll_adc.h **** #define LL_ADC_CHANNEL_1                   (ADC_CHANNEL_1_NUMBER  | ADC_CHANNEL_1_SMP)  /*!< ADC ex
 623:board/stm32f401rct6/Drivers/STM32F4xx_HAL_Driver/Inc/stm32f4xx_ll_adc.h **** #define LL_ADC_CHANNEL_2                   (ADC_CHANNEL_2_NUMBER  | ADC_CHANNEL_2_SMP)  /*!< ADC ex
 624:board/stm32f401rct6/Drivers/STM32F4xx_HAL_Driver/Inc/stm32f4xx_ll_adc.h **** #define LL_ADC_CHANNEL_3                   (ADC_CHANNEL_3_NUMBER  | ADC_CHANNEL_3_SMP)  /*!< ADC ex
 625:board/stm32f401rct6/Drivers/STM32F4xx_HAL_Driver/Inc/stm32f4xx_ll_adc.h **** #define LL_ADC_CHANNEL_4                   (ADC_CHANNEL_4_NUMBER  | ADC_CHANNEL_4_SMP)  /*!< ADC ex
 626:board/stm32f401rct6/Drivers/STM32F4xx_HAL_Driver/Inc/stm32f4xx_ll_adc.h **** #define LL_ADC_CHANNEL_5                   (ADC_CHANNEL_5_NUMBER  | ADC_CHANNEL_5_SMP)  /*!< ADC ex
 627:board/stm32f401rct6/Drivers/STM32F4xx_HAL_Driver/Inc/stm32f4xx_ll_adc.h **** #define LL_ADC_CHANNEL_6                   (ADC_CHANNEL_6_NUMBER  | ADC_CHANNEL_6_SMP)  /*!< ADC ex
 628:board/stm32f401rct6/Drivers/STM32F4xx_HAL_Driver/Inc/stm32f4xx_ll_adc.h **** #define LL_ADC_CHANNEL_7                   (ADC_CHANNEL_7_NUMBER  | ADC_CHANNEL_7_SMP)  /*!< ADC ex
 629:board/stm32f401rct6/Drivers/STM32F4xx_HAL_Driver/Inc/stm32f4xx_ll_adc.h **** #define LL_ADC_CHANNEL_8                   (ADC_CHANNEL_8_NUMBER  | ADC_CHANNEL_8_SMP)  /*!< ADC ex
 630:board/stm32f401rct6/Drivers/STM32F4xx_HAL_Driver/Inc/stm32f4xx_ll_adc.h **** #define LL_ADC_CHANNEL_9                   (ADC_CHANNEL_9_NUMBER  | ADC_CHANNEL_9_SMP)  /*!< ADC ex
 631:board/stm32f401rct6/Drivers/STM32F4xx_HAL_Driver/Inc/stm32f4xx_ll_adc.h **** #define LL_ADC_CHANNEL_10                  (ADC_CHANNEL_10_NUMBER | ADC_CHANNEL_10_SMP) /*!< ADC ex
 632:board/stm32f401rct6/Drivers/STM32F4xx_HAL_Driver/Inc/stm32f4xx_ll_adc.h **** #define LL_ADC_CHANNEL_11                  (ADC_CHANNEL_11_NUMBER | ADC_CHANNEL_11_SMP) /*!< ADC ex
 633:board/stm32f401rct6/Drivers/STM32F4xx_HAL_Driver/Inc/stm32f4xx_ll_adc.h **** #define LL_ADC_CHANNEL_12                  (ADC_CHANNEL_12_NUMBER | ADC_CHANNEL_12_SMP) /*!< ADC ex
 634:board/stm32f401rct6/Drivers/STM32F4xx_HAL_Driver/Inc/stm32f4xx_ll_adc.h **** #define LL_ADC_CHANNEL_13                  (ADC_CHANNEL_13_NUMBER | ADC_CHANNEL_13_SMP) /*!< ADC ex
 635:board/stm32f401rct6/Drivers/STM32F4xx_HAL_Driver/Inc/stm32f4xx_ll_adc.h **** #define LL_ADC_CHANNEL_14                  (ADC_CHANNEL_14_NUMBER | ADC_CHANNEL_14_SMP) /*!< ADC ex
 636:board/stm32f401rct6/Drivers/STM32F4xx_HAL_Driver/Inc/stm32f4xx_ll_adc.h **** #define LL_ADC_CHANNEL_15                  (ADC_CHANNEL_15_NUMBER | ADC_CHANNEL_15_SMP) /*!< ADC ex
ARM GAS  C:\Users\Admin\AppData\Local\Temp\ccHarYQc.s 			page 54


 637:board/stm32f401rct6/Drivers/STM32F4xx_HAL_Driver/Inc/stm32f4xx_ll_adc.h **** #define LL_ADC_CHANNEL_16                  (ADC_CHANNEL_16_NUMBER | ADC_CHANNEL_16_SMP) /*!< ADC ex
 638:board/stm32f401rct6/Drivers/STM32F4xx_HAL_Driver/Inc/stm32f4xx_ll_adc.h **** #define LL_ADC_CHANNEL_17                  (ADC_CHANNEL_17_NUMBER | ADC_CHANNEL_17_SMP) /*!< ADC ex
 639:board/stm32f401rct6/Drivers/STM32F4xx_HAL_Driver/Inc/stm32f4xx_ll_adc.h **** #define LL_ADC_CHANNEL_18                  (ADC_CHANNEL_18_NUMBER | ADC_CHANNEL_18_SMP) /*!< ADC ex
 640:board/stm32f401rct6/Drivers/STM32F4xx_HAL_Driver/Inc/stm32f4xx_ll_adc.h **** #define LL_ADC_CHANNEL_VREFINT             (LL_ADC_CHANNEL_17 | ADC_CHANNEL_ID_INTERNAL_CH) /*!< AD
 641:board/stm32f401rct6/Drivers/STM32F4xx_HAL_Driver/Inc/stm32f4xx_ll_adc.h **** #define LL_ADC_CHANNEL_VBAT                (LL_ADC_CHANNEL_18 | ADC_CHANNEL_ID_INTERNAL_CH) /*!< AD
 642:board/stm32f401rct6/Drivers/STM32F4xx_HAL_Driver/Inc/stm32f4xx_ll_adc.h **** #if defined(STM32F401xC) || defined(STM32F401xE) || defined(STM32F405xx) || defined(STM32F407xx) ||
 643:board/stm32f401rct6/Drivers/STM32F4xx_HAL_Driver/Inc/stm32f4xx_ll_adc.h **** #define LL_ADC_CHANNEL_TEMPSENSOR          (LL_ADC_CHANNEL_16 | ADC_CHANNEL_ID_INTERNAL_CH) /*!< AD
 644:board/stm32f401rct6/Drivers/STM32F4xx_HAL_Driver/Inc/stm32f4xx_ll_adc.h **** #endif /* STM32F405xx || STM32F415xx || STM32F407xx || STM32F417xx || STM32F401xC || STM32F401xE ||
 645:board/stm32f401rct6/Drivers/STM32F4xx_HAL_Driver/Inc/stm32f4xx_ll_adc.h **** #if defined(STM32F411xE) || defined(STM32F412Cx) || defined(STM32F412Rx) || defined(STM32F412Vx) ||
 646:board/stm32f401rct6/Drivers/STM32F4xx_HAL_Driver/Inc/stm32f4xx_ll_adc.h **** #define LL_ADC_CHANNEL_TEMPSENSOR          (LL_ADC_CHANNEL_18 | ADC_CHANNEL_ID_INTERNAL_CH | ADC_CH
 647:board/stm32f401rct6/Drivers/STM32F4xx_HAL_Driver/Inc/stm32f4xx_ll_adc.h **** #endif /* STM32F411xE || STM32F412Cx || STM32F412Rx || STM32F412Vx || STM32F412Zx || STM32F413xx ||
 648:board/stm32f401rct6/Drivers/STM32F4xx_HAL_Driver/Inc/stm32f4xx_ll_adc.h **** /**
 649:board/stm32f401rct6/Drivers/STM32F4xx_HAL_Driver/Inc/stm32f4xx_ll_adc.h ****   * @}
 650:board/stm32f401rct6/Drivers/STM32F4xx_HAL_Driver/Inc/stm32f4xx_ll_adc.h ****   */
 651:board/stm32f401rct6/Drivers/STM32F4xx_HAL_Driver/Inc/stm32f4xx_ll_adc.h **** 
 652:board/stm32f401rct6/Drivers/STM32F4xx_HAL_Driver/Inc/stm32f4xx_ll_adc.h **** /** @defgroup ADC_LL_EC_REG_TRIGGER_SOURCE  ADC group regular - Trigger source
 653:board/stm32f401rct6/Drivers/STM32F4xx_HAL_Driver/Inc/stm32f4xx_ll_adc.h ****   * @{
 654:board/stm32f401rct6/Drivers/STM32F4xx_HAL_Driver/Inc/stm32f4xx_ll_adc.h ****   */
 655:board/stm32f401rct6/Drivers/STM32F4xx_HAL_Driver/Inc/stm32f4xx_ll_adc.h **** #define LL_ADC_REG_TRIG_SOFTWARE           0x00000000UL                                            
 656:board/stm32f401rct6/Drivers/STM32F4xx_HAL_Driver/Inc/stm32f4xx_ll_adc.h **** #define LL_ADC_REG_TRIG_EXT_TIM1_CH1       (ADC_REG_TRIG_EXT_EDGE_DEFAULT)                         
 657:board/stm32f401rct6/Drivers/STM32F4xx_HAL_Driver/Inc/stm32f4xx_ll_adc.h **** #define LL_ADC_REG_TRIG_EXT_TIM1_CH2       (ADC_CR2_EXTSEL_0 | ADC_REG_TRIG_EXT_EDGE_DEFAULT)      
 658:board/stm32f401rct6/Drivers/STM32F4xx_HAL_Driver/Inc/stm32f4xx_ll_adc.h **** #define LL_ADC_REG_TRIG_EXT_TIM1_CH3       (ADC_CR2_EXTSEL_1 | ADC_REG_TRIG_EXT_EDGE_DEFAULT)      
 659:board/stm32f401rct6/Drivers/STM32F4xx_HAL_Driver/Inc/stm32f4xx_ll_adc.h **** #define LL_ADC_REG_TRIG_EXT_TIM2_CH2       (ADC_CR2_EXTSEL_1 | ADC_CR2_EXTSEL_0 | ADC_REG_TRIG_EXT_
 660:board/stm32f401rct6/Drivers/STM32F4xx_HAL_Driver/Inc/stm32f4xx_ll_adc.h **** #define LL_ADC_REG_TRIG_EXT_TIM2_CH3       (ADC_CR2_EXTSEL_2 | ADC_REG_TRIG_EXT_EDGE_DEFAULT)      
 661:board/stm32f401rct6/Drivers/STM32F4xx_HAL_Driver/Inc/stm32f4xx_ll_adc.h **** #define LL_ADC_REG_TRIG_EXT_TIM2_CH4       (ADC_CR2_EXTSEL_2 | ADC_CR2_EXTSEL_0 | ADC_REG_TRIG_EXT_
 662:board/stm32f401rct6/Drivers/STM32F4xx_HAL_Driver/Inc/stm32f4xx_ll_adc.h **** #define LL_ADC_REG_TRIG_EXT_TIM2_TRGO      (ADC_CR2_EXTSEL_2 | ADC_CR2_EXTSEL_1 | ADC_REG_TRIG_EXT_
 663:board/stm32f401rct6/Drivers/STM32F4xx_HAL_Driver/Inc/stm32f4xx_ll_adc.h **** #define LL_ADC_REG_TRIG_EXT_TIM3_CH1       (ADC_CR2_EXTSEL_2 | ADC_CR2_EXTSEL_1 | ADC_CR2_EXTSEL_0 
 664:board/stm32f401rct6/Drivers/STM32F4xx_HAL_Driver/Inc/stm32f4xx_ll_adc.h **** #define LL_ADC_REG_TRIG_EXT_TIM3_TRGO      (ADC_CR2_EXTSEL_3 | ADC_REG_TRIG_EXT_EDGE_DEFAULT)      
 665:board/stm32f401rct6/Drivers/STM32F4xx_HAL_Driver/Inc/stm32f4xx_ll_adc.h **** #define LL_ADC_REG_TRIG_EXT_TIM4_CH4       (ADC_CR2_EXTSEL_3 | ADC_CR2_EXTSEL_0 | ADC_REG_TRIG_EXT_
 666:board/stm32f401rct6/Drivers/STM32F4xx_HAL_Driver/Inc/stm32f4xx_ll_adc.h **** #define LL_ADC_REG_TRIG_EXT_TIM5_CH1       (ADC_CR2_EXTSEL_3 | ADC_CR2_EXTSEL_1 | ADC_REG_TRIG_EXT_
 667:board/stm32f401rct6/Drivers/STM32F4xx_HAL_Driver/Inc/stm32f4xx_ll_adc.h **** #define LL_ADC_REG_TRIG_EXT_TIM5_CH2       (ADC_CR2_EXTSEL_3 | ADC_CR2_EXTSEL_1 | ADC_CR2_EXTSEL_0 
 668:board/stm32f401rct6/Drivers/STM32F4xx_HAL_Driver/Inc/stm32f4xx_ll_adc.h **** #define LL_ADC_REG_TRIG_EXT_TIM5_CH3       (ADC_CR2_EXTSEL_3 | ADC_CR2_EXTSEL_2 | ADC_REG_TRIG_EXT_
 669:board/stm32f401rct6/Drivers/STM32F4xx_HAL_Driver/Inc/stm32f4xx_ll_adc.h **** #define LL_ADC_REG_TRIG_EXT_TIM8_CH1       (ADC_CR2_EXTSEL_3 | ADC_CR2_EXTSEL_2 | ADC_CR2_EXTSEL_0 
 670:board/stm32f401rct6/Drivers/STM32F4xx_HAL_Driver/Inc/stm32f4xx_ll_adc.h **** #define LL_ADC_REG_TRIG_EXT_TIM8_TRGO      (ADC_CR2_EXTSEL_3 | ADC_CR2_EXTSEL_2 | ADC_CR2_EXTSEL_1 
 671:board/stm32f401rct6/Drivers/STM32F4xx_HAL_Driver/Inc/stm32f4xx_ll_adc.h **** #define LL_ADC_REG_TRIG_EXT_EXTI_LINE11    (ADC_CR2_EXTSEL_3 | ADC_CR2_EXTSEL_2 | ADC_CR2_EXTSEL_1 
 672:board/stm32f401rct6/Drivers/STM32F4xx_HAL_Driver/Inc/stm32f4xx_ll_adc.h **** /**
 673:board/stm32f401rct6/Drivers/STM32F4xx_HAL_Driver/Inc/stm32f4xx_ll_adc.h ****   * @}
 674:board/stm32f401rct6/Drivers/STM32F4xx_HAL_Driver/Inc/stm32f4xx_ll_adc.h ****   */
 675:board/stm32f401rct6/Drivers/STM32F4xx_HAL_Driver/Inc/stm32f4xx_ll_adc.h **** 
 676:board/stm32f401rct6/Drivers/STM32F4xx_HAL_Driver/Inc/stm32f4xx_ll_adc.h **** /** @defgroup ADC_LL_EC_REG_TRIGGER_EDGE  ADC group regular - Trigger edge
 677:board/stm32f401rct6/Drivers/STM32F4xx_HAL_Driver/Inc/stm32f4xx_ll_adc.h ****   * @{
 678:board/stm32f401rct6/Drivers/STM32F4xx_HAL_Driver/Inc/stm32f4xx_ll_adc.h ****   */
 679:board/stm32f401rct6/Drivers/STM32F4xx_HAL_Driver/Inc/stm32f4xx_ll_adc.h **** #define LL_ADC_REG_TRIG_EXT_RISING         (                  ADC_CR2_EXTEN_0)     /*!< ADC group r
 680:board/stm32f401rct6/Drivers/STM32F4xx_HAL_Driver/Inc/stm32f4xx_ll_adc.h **** #define LL_ADC_REG_TRIG_EXT_FALLING        (ADC_CR2_EXTEN_1                  )     /*!< ADC group r
 681:board/stm32f401rct6/Drivers/STM32F4xx_HAL_Driver/Inc/stm32f4xx_ll_adc.h **** #define LL_ADC_REG_TRIG_EXT_RISINGFALLING  (ADC_CR2_EXTEN_1 | ADC_CR2_EXTEN_0)     /*!< ADC group r
 682:board/stm32f401rct6/Drivers/STM32F4xx_HAL_Driver/Inc/stm32f4xx_ll_adc.h **** /**
 683:board/stm32f401rct6/Drivers/STM32F4xx_HAL_Driver/Inc/stm32f4xx_ll_adc.h ****   * @}
 684:board/stm32f401rct6/Drivers/STM32F4xx_HAL_Driver/Inc/stm32f4xx_ll_adc.h ****   */
 685:board/stm32f401rct6/Drivers/STM32F4xx_HAL_Driver/Inc/stm32f4xx_ll_adc.h **** 
 686:board/stm32f401rct6/Drivers/STM32F4xx_HAL_Driver/Inc/stm32f4xx_ll_adc.h **** /** @defgroup ADC_LL_EC_REG_CONTINUOUS_MODE  ADC group regular - Continuous mode
 687:board/stm32f401rct6/Drivers/STM32F4xx_HAL_Driver/Inc/stm32f4xx_ll_adc.h ****   * @{
 688:board/stm32f401rct6/Drivers/STM32F4xx_HAL_Driver/Inc/stm32f4xx_ll_adc.h ****   */
 689:board/stm32f401rct6/Drivers/STM32F4xx_HAL_Driver/Inc/stm32f4xx_ll_adc.h **** #define LL_ADC_REG_CONV_SINGLE             0x00000000UL             /*!< ADC conversions are perfor
 690:board/stm32f401rct6/Drivers/STM32F4xx_HAL_Driver/Inc/stm32f4xx_ll_adc.h **** #define LL_ADC_REG_CONV_CONTINUOUS         (ADC_CR2_CONT)          /*!< ADC conversions are perform
 691:board/stm32f401rct6/Drivers/STM32F4xx_HAL_Driver/Inc/stm32f4xx_ll_adc.h **** /**
 692:board/stm32f401rct6/Drivers/STM32F4xx_HAL_Driver/Inc/stm32f4xx_ll_adc.h ****   * @}
 693:board/stm32f401rct6/Drivers/STM32F4xx_HAL_Driver/Inc/stm32f4xx_ll_adc.h ****   */
ARM GAS  C:\Users\Admin\AppData\Local\Temp\ccHarYQc.s 			page 55


 694:board/stm32f401rct6/Drivers/STM32F4xx_HAL_Driver/Inc/stm32f4xx_ll_adc.h **** 
 695:board/stm32f401rct6/Drivers/STM32F4xx_HAL_Driver/Inc/stm32f4xx_ll_adc.h **** /** @defgroup ADC_LL_EC_REG_DMA_TRANSFER  ADC group regular - DMA transfer of ADC conversion data
 696:board/stm32f401rct6/Drivers/STM32F4xx_HAL_Driver/Inc/stm32f4xx_ll_adc.h ****   * @{
 697:board/stm32f401rct6/Drivers/STM32F4xx_HAL_Driver/Inc/stm32f4xx_ll_adc.h ****   */
 698:board/stm32f401rct6/Drivers/STM32F4xx_HAL_Driver/Inc/stm32f4xx_ll_adc.h **** #define LL_ADC_REG_DMA_TRANSFER_NONE       0x00000000UL              /*!< ADC conversions are not t
 699:board/stm32f401rct6/Drivers/STM32F4xx_HAL_Driver/Inc/stm32f4xx_ll_adc.h **** #define LL_ADC_REG_DMA_TRANSFER_LIMITED    (              ADC_CR2_DMA)          /*!< ADC conversion
 700:board/stm32f401rct6/Drivers/STM32F4xx_HAL_Driver/Inc/stm32f4xx_ll_adc.h **** #define LL_ADC_REG_DMA_TRANSFER_UNLIMITED  (ADC_CR2_DDS | ADC_CR2_DMA)          /*!< ADC conversion
 701:board/stm32f401rct6/Drivers/STM32F4xx_HAL_Driver/Inc/stm32f4xx_ll_adc.h **** /**
 702:board/stm32f401rct6/Drivers/STM32F4xx_HAL_Driver/Inc/stm32f4xx_ll_adc.h ****   * @}
 703:board/stm32f401rct6/Drivers/STM32F4xx_HAL_Driver/Inc/stm32f4xx_ll_adc.h ****   */
 704:board/stm32f401rct6/Drivers/STM32F4xx_HAL_Driver/Inc/stm32f4xx_ll_adc.h **** 
 705:board/stm32f401rct6/Drivers/STM32F4xx_HAL_Driver/Inc/stm32f4xx_ll_adc.h **** /** @defgroup ADC_LL_EC_REG_FLAG_EOC_SELECTION ADC group regular - Flag EOC selection (unitary or s
 706:board/stm32f401rct6/Drivers/STM32F4xx_HAL_Driver/Inc/stm32f4xx_ll_adc.h ****   * @{
 707:board/stm32f401rct6/Drivers/STM32F4xx_HAL_Driver/Inc/stm32f4xx_ll_adc.h ****   */
 708:board/stm32f401rct6/Drivers/STM32F4xx_HAL_Driver/Inc/stm32f4xx_ll_adc.h **** #define LL_ADC_REG_FLAG_EOC_SEQUENCE_CONV       0x00000000UL    /*!< ADC flag EOC (end of unitary c
 709:board/stm32f401rct6/Drivers/STM32F4xx_HAL_Driver/Inc/stm32f4xx_ll_adc.h **** #define LL_ADC_REG_FLAG_EOC_UNITARY_CONV        (ADC_CR2_EOCS) /*!< ADC flag EOS (end of sequence c
 710:board/stm32f401rct6/Drivers/STM32F4xx_HAL_Driver/Inc/stm32f4xx_ll_adc.h **** /**
 711:board/stm32f401rct6/Drivers/STM32F4xx_HAL_Driver/Inc/stm32f4xx_ll_adc.h ****   * @}
 712:board/stm32f401rct6/Drivers/STM32F4xx_HAL_Driver/Inc/stm32f4xx_ll_adc.h ****   */
 713:board/stm32f401rct6/Drivers/STM32F4xx_HAL_Driver/Inc/stm32f4xx_ll_adc.h **** 
 714:board/stm32f401rct6/Drivers/STM32F4xx_HAL_Driver/Inc/stm32f4xx_ll_adc.h **** /** @defgroup ADC_LL_EC_REG_SEQ_SCAN_LENGTH  ADC group regular - Sequencer scan length
 715:board/stm32f401rct6/Drivers/STM32F4xx_HAL_Driver/Inc/stm32f4xx_ll_adc.h ****   * @{
 716:board/stm32f401rct6/Drivers/STM32F4xx_HAL_Driver/Inc/stm32f4xx_ll_adc.h ****   */
 717:board/stm32f401rct6/Drivers/STM32F4xx_HAL_Driver/Inc/stm32f4xx_ll_adc.h **** #define LL_ADC_REG_SEQ_SCAN_DISABLE        0x00000000UL                                            
 718:board/stm32f401rct6/Drivers/STM32F4xx_HAL_Driver/Inc/stm32f4xx_ll_adc.h **** #define LL_ADC_REG_SEQ_SCAN_ENABLE_2RANKS  (                                             ADC_SQR1_L
 719:board/stm32f401rct6/Drivers/STM32F4xx_HAL_Driver/Inc/stm32f4xx_ll_adc.h **** #define LL_ADC_REG_SEQ_SCAN_ENABLE_3RANKS  (                              ADC_SQR1_L_1             
 720:board/stm32f401rct6/Drivers/STM32F4xx_HAL_Driver/Inc/stm32f4xx_ll_adc.h **** #define LL_ADC_REG_SEQ_SCAN_ENABLE_4RANKS  (                              ADC_SQR1_L_1 | ADC_SQR1_L
 721:board/stm32f401rct6/Drivers/STM32F4xx_HAL_Driver/Inc/stm32f4xx_ll_adc.h **** #define LL_ADC_REG_SEQ_SCAN_ENABLE_5RANKS  (               ADC_SQR1_L_2                            
 722:board/stm32f401rct6/Drivers/STM32F4xx_HAL_Driver/Inc/stm32f4xx_ll_adc.h **** #define LL_ADC_REG_SEQ_SCAN_ENABLE_6RANKS  (               ADC_SQR1_L_2                | ADC_SQR1_L
 723:board/stm32f401rct6/Drivers/STM32F4xx_HAL_Driver/Inc/stm32f4xx_ll_adc.h **** #define LL_ADC_REG_SEQ_SCAN_ENABLE_7RANKS  (               ADC_SQR1_L_2 | ADC_SQR1_L_1             
 724:board/stm32f401rct6/Drivers/STM32F4xx_HAL_Driver/Inc/stm32f4xx_ll_adc.h **** #define LL_ADC_REG_SEQ_SCAN_ENABLE_8RANKS  (               ADC_SQR1_L_2 | ADC_SQR1_L_1 | ADC_SQR1_L
 725:board/stm32f401rct6/Drivers/STM32F4xx_HAL_Driver/Inc/stm32f4xx_ll_adc.h **** #define LL_ADC_REG_SEQ_SCAN_ENABLE_9RANKS  (ADC_SQR1_L_3                                           
 726:board/stm32f401rct6/Drivers/STM32F4xx_HAL_Driver/Inc/stm32f4xx_ll_adc.h **** #define LL_ADC_REG_SEQ_SCAN_ENABLE_10RANKS (ADC_SQR1_L_3                               | ADC_SQR1_L
 727:board/stm32f401rct6/Drivers/STM32F4xx_HAL_Driver/Inc/stm32f4xx_ll_adc.h **** #define LL_ADC_REG_SEQ_SCAN_ENABLE_11RANKS (ADC_SQR1_L_3                | ADC_SQR1_L_1             
 728:board/stm32f401rct6/Drivers/STM32F4xx_HAL_Driver/Inc/stm32f4xx_ll_adc.h **** #define LL_ADC_REG_SEQ_SCAN_ENABLE_12RANKS (ADC_SQR1_L_3                | ADC_SQR1_L_1 | ADC_SQR1_L
 729:board/stm32f401rct6/Drivers/STM32F4xx_HAL_Driver/Inc/stm32f4xx_ll_adc.h **** #define LL_ADC_REG_SEQ_SCAN_ENABLE_13RANKS (ADC_SQR1_L_3 | ADC_SQR1_L_2                            
 730:board/stm32f401rct6/Drivers/STM32F4xx_HAL_Driver/Inc/stm32f4xx_ll_adc.h **** #define LL_ADC_REG_SEQ_SCAN_ENABLE_14RANKS (ADC_SQR1_L_3 | ADC_SQR1_L_2                | ADC_SQR1_L
 731:board/stm32f401rct6/Drivers/STM32F4xx_HAL_Driver/Inc/stm32f4xx_ll_adc.h **** #define LL_ADC_REG_SEQ_SCAN_ENABLE_15RANKS (ADC_SQR1_L_3 | ADC_SQR1_L_2 | ADC_SQR1_L_1             
 732:board/stm32f401rct6/Drivers/STM32F4xx_HAL_Driver/Inc/stm32f4xx_ll_adc.h **** #define LL_ADC_REG_SEQ_SCAN_ENABLE_16RANKS (ADC_SQR1_L_3 | ADC_SQR1_L_2 | ADC_SQR1_L_1 | ADC_SQR1_L
 733:board/stm32f401rct6/Drivers/STM32F4xx_HAL_Driver/Inc/stm32f4xx_ll_adc.h **** /**
 734:board/stm32f401rct6/Drivers/STM32F4xx_HAL_Driver/Inc/stm32f4xx_ll_adc.h ****   * @}
 735:board/stm32f401rct6/Drivers/STM32F4xx_HAL_Driver/Inc/stm32f4xx_ll_adc.h ****   */
 736:board/stm32f401rct6/Drivers/STM32F4xx_HAL_Driver/Inc/stm32f4xx_ll_adc.h **** 
 737:board/stm32f401rct6/Drivers/STM32F4xx_HAL_Driver/Inc/stm32f4xx_ll_adc.h **** /** @defgroup ADC_LL_EC_REG_SEQ_DISCONT_MODE  ADC group regular - Sequencer discontinuous mode
 738:board/stm32f401rct6/Drivers/STM32F4xx_HAL_Driver/Inc/stm32f4xx_ll_adc.h ****   * @{
 739:board/stm32f401rct6/Drivers/STM32F4xx_HAL_Driver/Inc/stm32f4xx_ll_adc.h ****   */
 740:board/stm32f401rct6/Drivers/STM32F4xx_HAL_Driver/Inc/stm32f4xx_ll_adc.h **** #define LL_ADC_REG_SEQ_DISCONT_DISABLE     0x00000000UL                                            
 741:board/stm32f401rct6/Drivers/STM32F4xx_HAL_Driver/Inc/stm32f4xx_ll_adc.h **** #define LL_ADC_REG_SEQ_DISCONT_1RANK       (                                                       
 742:board/stm32f401rct6/Drivers/STM32F4xx_HAL_Driver/Inc/stm32f4xx_ll_adc.h **** #define LL_ADC_REG_SEQ_DISCONT_2RANKS      (                                        ADC_CR1_DISCNUM
 743:board/stm32f401rct6/Drivers/STM32F4xx_HAL_Driver/Inc/stm32f4xx_ll_adc.h **** #define LL_ADC_REG_SEQ_DISCONT_3RANKS      (                    ADC_CR1_DISCNUM_1                  
 744:board/stm32f401rct6/Drivers/STM32F4xx_HAL_Driver/Inc/stm32f4xx_ll_adc.h **** #define LL_ADC_REG_SEQ_DISCONT_4RANKS      (                    ADC_CR1_DISCNUM_1 | ADC_CR1_DISCNUM
 745:board/stm32f401rct6/Drivers/STM32F4xx_HAL_Driver/Inc/stm32f4xx_ll_adc.h **** #define LL_ADC_REG_SEQ_DISCONT_5RANKS      (ADC_CR1_DISCNUM_2                                      
 746:board/stm32f401rct6/Drivers/STM32F4xx_HAL_Driver/Inc/stm32f4xx_ll_adc.h **** #define LL_ADC_REG_SEQ_DISCONT_6RANKS      (ADC_CR1_DISCNUM_2                     | ADC_CR1_DISCNUM
 747:board/stm32f401rct6/Drivers/STM32F4xx_HAL_Driver/Inc/stm32f4xx_ll_adc.h **** #define LL_ADC_REG_SEQ_DISCONT_7RANKS      (ADC_CR1_DISCNUM_2 | ADC_CR1_DISCNUM_1                  
 748:board/stm32f401rct6/Drivers/STM32F4xx_HAL_Driver/Inc/stm32f4xx_ll_adc.h **** #define LL_ADC_REG_SEQ_DISCONT_8RANKS      (ADC_CR1_DISCNUM_2 | ADC_CR1_DISCNUM_1 | ADC_CR1_DISCNUM
 749:board/stm32f401rct6/Drivers/STM32F4xx_HAL_Driver/Inc/stm32f4xx_ll_adc.h **** /**
 750:board/stm32f401rct6/Drivers/STM32F4xx_HAL_Driver/Inc/stm32f4xx_ll_adc.h ****   * @}
ARM GAS  C:\Users\Admin\AppData\Local\Temp\ccHarYQc.s 			page 56


 751:board/stm32f401rct6/Drivers/STM32F4xx_HAL_Driver/Inc/stm32f4xx_ll_adc.h ****   */
 752:board/stm32f401rct6/Drivers/STM32F4xx_HAL_Driver/Inc/stm32f4xx_ll_adc.h **** 
 753:board/stm32f401rct6/Drivers/STM32F4xx_HAL_Driver/Inc/stm32f4xx_ll_adc.h **** /** @defgroup ADC_LL_EC_REG_SEQ_RANKS  ADC group regular - Sequencer ranks
 754:board/stm32f401rct6/Drivers/STM32F4xx_HAL_Driver/Inc/stm32f4xx_ll_adc.h ****   * @{
 755:board/stm32f401rct6/Drivers/STM32F4xx_HAL_Driver/Inc/stm32f4xx_ll_adc.h ****   */
 756:board/stm32f401rct6/Drivers/STM32F4xx_HAL_Driver/Inc/stm32f4xx_ll_adc.h **** #define LL_ADC_REG_RANK_1                  (ADC_SQR3_REGOFFSET | ADC_REG_RANK_1_SQRX_BITOFFSET_POS)
 757:board/stm32f401rct6/Drivers/STM32F4xx_HAL_Driver/Inc/stm32f4xx_ll_adc.h **** #define LL_ADC_REG_RANK_2                  (ADC_SQR3_REGOFFSET | ADC_REG_RANK_2_SQRX_BITOFFSET_POS)
 758:board/stm32f401rct6/Drivers/STM32F4xx_HAL_Driver/Inc/stm32f4xx_ll_adc.h **** #define LL_ADC_REG_RANK_3                  (ADC_SQR3_REGOFFSET | ADC_REG_RANK_3_SQRX_BITOFFSET_POS)
 759:board/stm32f401rct6/Drivers/STM32F4xx_HAL_Driver/Inc/stm32f4xx_ll_adc.h **** #define LL_ADC_REG_RANK_4                  (ADC_SQR3_REGOFFSET | ADC_REG_RANK_4_SQRX_BITOFFSET_POS)
 760:board/stm32f401rct6/Drivers/STM32F4xx_HAL_Driver/Inc/stm32f4xx_ll_adc.h **** #define LL_ADC_REG_RANK_5                  (ADC_SQR3_REGOFFSET | ADC_REG_RANK_5_SQRX_BITOFFSET_POS)
 761:board/stm32f401rct6/Drivers/STM32F4xx_HAL_Driver/Inc/stm32f4xx_ll_adc.h **** #define LL_ADC_REG_RANK_6                  (ADC_SQR3_REGOFFSET | ADC_REG_RANK_6_SQRX_BITOFFSET_POS)
 762:board/stm32f401rct6/Drivers/STM32F4xx_HAL_Driver/Inc/stm32f4xx_ll_adc.h **** #define LL_ADC_REG_RANK_7                  (ADC_SQR2_REGOFFSET | ADC_REG_RANK_7_SQRX_BITOFFSET_POS)
 763:board/stm32f401rct6/Drivers/STM32F4xx_HAL_Driver/Inc/stm32f4xx_ll_adc.h **** #define LL_ADC_REG_RANK_8                  (ADC_SQR2_REGOFFSET | ADC_REG_RANK_8_SQRX_BITOFFSET_POS)
 764:board/stm32f401rct6/Drivers/STM32F4xx_HAL_Driver/Inc/stm32f4xx_ll_adc.h **** #define LL_ADC_REG_RANK_9                  (ADC_SQR2_REGOFFSET | ADC_REG_RANK_9_SQRX_BITOFFSET_POS)
 765:board/stm32f401rct6/Drivers/STM32F4xx_HAL_Driver/Inc/stm32f4xx_ll_adc.h **** #define LL_ADC_REG_RANK_10                 (ADC_SQR2_REGOFFSET | ADC_REG_RANK_10_SQRX_BITOFFSET_POS
 766:board/stm32f401rct6/Drivers/STM32F4xx_HAL_Driver/Inc/stm32f4xx_ll_adc.h **** #define LL_ADC_REG_RANK_11                 (ADC_SQR2_REGOFFSET | ADC_REG_RANK_11_SQRX_BITOFFSET_POS
 767:board/stm32f401rct6/Drivers/STM32F4xx_HAL_Driver/Inc/stm32f4xx_ll_adc.h **** #define LL_ADC_REG_RANK_12                 (ADC_SQR2_REGOFFSET | ADC_REG_RANK_12_SQRX_BITOFFSET_POS
 768:board/stm32f401rct6/Drivers/STM32F4xx_HAL_Driver/Inc/stm32f4xx_ll_adc.h **** #define LL_ADC_REG_RANK_13                 (ADC_SQR1_REGOFFSET | ADC_REG_RANK_13_SQRX_BITOFFSET_POS
 769:board/stm32f401rct6/Drivers/STM32F4xx_HAL_Driver/Inc/stm32f4xx_ll_adc.h **** #define LL_ADC_REG_RANK_14                 (ADC_SQR1_REGOFFSET | ADC_REG_RANK_14_SQRX_BITOFFSET_POS
 770:board/stm32f401rct6/Drivers/STM32F4xx_HAL_Driver/Inc/stm32f4xx_ll_adc.h **** #define LL_ADC_REG_RANK_15                 (ADC_SQR1_REGOFFSET | ADC_REG_RANK_15_SQRX_BITOFFSET_POS
 771:board/stm32f401rct6/Drivers/STM32F4xx_HAL_Driver/Inc/stm32f4xx_ll_adc.h **** #define LL_ADC_REG_RANK_16                 (ADC_SQR1_REGOFFSET | ADC_REG_RANK_16_SQRX_BITOFFSET_POS
 772:board/stm32f401rct6/Drivers/STM32F4xx_HAL_Driver/Inc/stm32f4xx_ll_adc.h **** /**
 773:board/stm32f401rct6/Drivers/STM32F4xx_HAL_Driver/Inc/stm32f4xx_ll_adc.h ****   * @}
 774:board/stm32f401rct6/Drivers/STM32F4xx_HAL_Driver/Inc/stm32f4xx_ll_adc.h ****   */
 775:board/stm32f401rct6/Drivers/STM32F4xx_HAL_Driver/Inc/stm32f4xx_ll_adc.h **** 
 776:board/stm32f401rct6/Drivers/STM32F4xx_HAL_Driver/Inc/stm32f4xx_ll_adc.h **** /** @defgroup ADC_LL_EC_INJ_TRIGGER_SOURCE  ADC group injected - Trigger source
 777:board/stm32f401rct6/Drivers/STM32F4xx_HAL_Driver/Inc/stm32f4xx_ll_adc.h ****   * @{
 778:board/stm32f401rct6/Drivers/STM32F4xx_HAL_Driver/Inc/stm32f4xx_ll_adc.h ****   */
 779:board/stm32f401rct6/Drivers/STM32F4xx_HAL_Driver/Inc/stm32f4xx_ll_adc.h **** #define LL_ADC_INJ_TRIG_SOFTWARE           0x00000000UL                                            
 780:board/stm32f401rct6/Drivers/STM32F4xx_HAL_Driver/Inc/stm32f4xx_ll_adc.h **** #define LL_ADC_INJ_TRIG_EXT_TIM1_CH4       (ADC_INJ_TRIG_EXT_EDGE_DEFAULT)                         
 781:board/stm32f401rct6/Drivers/STM32F4xx_HAL_Driver/Inc/stm32f4xx_ll_adc.h **** #define LL_ADC_INJ_TRIG_EXT_TIM1_TRGO      (ADC_CR2_JEXTSEL_0 | ADC_INJ_TRIG_EXT_EDGE_DEFAULT)     
 782:board/stm32f401rct6/Drivers/STM32F4xx_HAL_Driver/Inc/stm32f4xx_ll_adc.h **** #define LL_ADC_INJ_TRIG_EXT_TIM2_CH1       (ADC_CR2_JEXTSEL_1 | ADC_INJ_TRIG_EXT_EDGE_DEFAULT)     
 783:board/stm32f401rct6/Drivers/STM32F4xx_HAL_Driver/Inc/stm32f4xx_ll_adc.h **** #define LL_ADC_INJ_TRIG_EXT_TIM2_TRGO      (ADC_CR2_JEXTSEL_1 | ADC_CR2_JEXTSEL_0 | ADC_INJ_TRIG_EX
 784:board/stm32f401rct6/Drivers/STM32F4xx_HAL_Driver/Inc/stm32f4xx_ll_adc.h **** #define LL_ADC_INJ_TRIG_EXT_TIM3_CH2       (ADC_CR2_JEXTSEL_2 | ADC_INJ_TRIG_EXT_EDGE_DEFAULT)     
 785:board/stm32f401rct6/Drivers/STM32F4xx_HAL_Driver/Inc/stm32f4xx_ll_adc.h **** #define LL_ADC_INJ_TRIG_EXT_TIM3_CH4       (ADC_CR2_JEXTSEL_2 | ADC_CR2_JEXTSEL_0 | ADC_INJ_TRIG_EX
 786:board/stm32f401rct6/Drivers/STM32F4xx_HAL_Driver/Inc/stm32f4xx_ll_adc.h **** #define LL_ADC_INJ_TRIG_EXT_TIM4_CH1       (ADC_CR2_JEXTSEL_2 | ADC_CR2_JEXTSEL_1 | ADC_INJ_TRIG_EX
 787:board/stm32f401rct6/Drivers/STM32F4xx_HAL_Driver/Inc/stm32f4xx_ll_adc.h **** #define LL_ADC_INJ_TRIG_EXT_TIM4_CH2       (ADC_CR2_JEXTSEL_2 | ADC_CR2_JEXTSEL_1 | ADC_CR2_JEXTSEL
 788:board/stm32f401rct6/Drivers/STM32F4xx_HAL_Driver/Inc/stm32f4xx_ll_adc.h **** #define LL_ADC_INJ_TRIG_EXT_TIM4_CH3       (ADC_CR2_JEXTSEL_3 | ADC_INJ_TRIG_EXT_EDGE_DEFAULT)     
 789:board/stm32f401rct6/Drivers/STM32F4xx_HAL_Driver/Inc/stm32f4xx_ll_adc.h **** #define LL_ADC_INJ_TRIG_EXT_TIM4_TRGO      (ADC_CR2_JEXTSEL_3 | ADC_CR2_JEXTSEL_0 | ADC_INJ_TRIG_EX
 790:board/stm32f401rct6/Drivers/STM32F4xx_HAL_Driver/Inc/stm32f4xx_ll_adc.h **** #define LL_ADC_INJ_TRIG_EXT_TIM5_CH4       (ADC_CR2_JEXTSEL_3 | ADC_CR2_JEXTSEL_1 | ADC_INJ_TRIG_EX
 791:board/stm32f401rct6/Drivers/STM32F4xx_HAL_Driver/Inc/stm32f4xx_ll_adc.h **** #define LL_ADC_INJ_TRIG_EXT_TIM5_TRGO      (ADC_CR2_JEXTSEL_3 | ADC_CR2_JEXTSEL_1 | ADC_CR2_JEXTSEL
 792:board/stm32f401rct6/Drivers/STM32F4xx_HAL_Driver/Inc/stm32f4xx_ll_adc.h **** #define LL_ADC_INJ_TRIG_EXT_TIM8_CH2       (ADC_CR2_JEXTSEL_3 | ADC_CR2_JEXTSEL_2 | ADC_INJ_TRIG_EX
 793:board/stm32f401rct6/Drivers/STM32F4xx_HAL_Driver/Inc/stm32f4xx_ll_adc.h **** #define LL_ADC_INJ_TRIG_EXT_TIM8_CH3       (ADC_CR2_JEXTSEL_3 | ADC_CR2_JEXTSEL_2 | ADC_CR2_JEXTSEL
 794:board/stm32f401rct6/Drivers/STM32F4xx_HAL_Driver/Inc/stm32f4xx_ll_adc.h **** #define LL_ADC_INJ_TRIG_EXT_TIM8_CH4       (ADC_CR2_JEXTSEL_3 | ADC_CR2_JEXTSEL_2 | ADC_CR2_JEXTSEL
 795:board/stm32f401rct6/Drivers/STM32F4xx_HAL_Driver/Inc/stm32f4xx_ll_adc.h **** #define LL_ADC_INJ_TRIG_EXT_EXTI_LINE15    (ADC_CR2_JEXTSEL_3 | ADC_CR2_JEXTSEL_2 | ADC_CR2_JEXTSEL
 796:board/stm32f401rct6/Drivers/STM32F4xx_HAL_Driver/Inc/stm32f4xx_ll_adc.h **** /**
 797:board/stm32f401rct6/Drivers/STM32F4xx_HAL_Driver/Inc/stm32f4xx_ll_adc.h ****   * @}
 798:board/stm32f401rct6/Drivers/STM32F4xx_HAL_Driver/Inc/stm32f4xx_ll_adc.h ****   */
 799:board/stm32f401rct6/Drivers/STM32F4xx_HAL_Driver/Inc/stm32f4xx_ll_adc.h **** 
 800:board/stm32f401rct6/Drivers/STM32F4xx_HAL_Driver/Inc/stm32f4xx_ll_adc.h **** /** @defgroup ADC_LL_EC_INJ_TRIGGER_EDGE  ADC group injected - Trigger edge
 801:board/stm32f401rct6/Drivers/STM32F4xx_HAL_Driver/Inc/stm32f4xx_ll_adc.h ****   * @{
 802:board/stm32f401rct6/Drivers/STM32F4xx_HAL_Driver/Inc/stm32f4xx_ll_adc.h ****   */
 803:board/stm32f401rct6/Drivers/STM32F4xx_HAL_Driver/Inc/stm32f4xx_ll_adc.h **** #define LL_ADC_INJ_TRIG_EXT_RISING         (                   ADC_CR2_JEXTEN_0)   /*!< ADC group i
 804:board/stm32f401rct6/Drivers/STM32F4xx_HAL_Driver/Inc/stm32f4xx_ll_adc.h **** #define LL_ADC_INJ_TRIG_EXT_FALLING        (ADC_CR2_JEXTEN_1                   )   /*!< ADC group i
 805:board/stm32f401rct6/Drivers/STM32F4xx_HAL_Driver/Inc/stm32f4xx_ll_adc.h **** #define LL_ADC_INJ_TRIG_EXT_RISINGFALLING  (ADC_CR2_JEXTEN_1 | ADC_CR2_JEXTEN_0)   /*!< ADC group i
 806:board/stm32f401rct6/Drivers/STM32F4xx_HAL_Driver/Inc/stm32f4xx_ll_adc.h **** /**
 807:board/stm32f401rct6/Drivers/STM32F4xx_HAL_Driver/Inc/stm32f4xx_ll_adc.h ****   * @}
ARM GAS  C:\Users\Admin\AppData\Local\Temp\ccHarYQc.s 			page 57


 808:board/stm32f401rct6/Drivers/STM32F4xx_HAL_Driver/Inc/stm32f4xx_ll_adc.h ****   */
 809:board/stm32f401rct6/Drivers/STM32F4xx_HAL_Driver/Inc/stm32f4xx_ll_adc.h **** 
 810:board/stm32f401rct6/Drivers/STM32F4xx_HAL_Driver/Inc/stm32f4xx_ll_adc.h **** /** @defgroup ADC_LL_EC_INJ_TRIG_AUTO  ADC group injected - Automatic trigger mode
 811:board/stm32f401rct6/Drivers/STM32F4xx_HAL_Driver/Inc/stm32f4xx_ll_adc.h ****   * @{
 812:board/stm32f401rct6/Drivers/STM32F4xx_HAL_Driver/Inc/stm32f4xx_ll_adc.h ****   */
 813:board/stm32f401rct6/Drivers/STM32F4xx_HAL_Driver/Inc/stm32f4xx_ll_adc.h **** #define LL_ADC_INJ_TRIG_INDEPENDENT        0x00000000UL            /*!< ADC group injected conversi
 814:board/stm32f401rct6/Drivers/STM32F4xx_HAL_Driver/Inc/stm32f4xx_ll_adc.h **** #define LL_ADC_INJ_TRIG_FROM_GRP_REGULAR   (ADC_CR1_JAUTO)        /*!< ADC group injected conversio
 815:board/stm32f401rct6/Drivers/STM32F4xx_HAL_Driver/Inc/stm32f4xx_ll_adc.h **** /**
 816:board/stm32f401rct6/Drivers/STM32F4xx_HAL_Driver/Inc/stm32f4xx_ll_adc.h ****   * @}
 817:board/stm32f401rct6/Drivers/STM32F4xx_HAL_Driver/Inc/stm32f4xx_ll_adc.h ****   */
 818:board/stm32f401rct6/Drivers/STM32F4xx_HAL_Driver/Inc/stm32f4xx_ll_adc.h **** 
 819:board/stm32f401rct6/Drivers/STM32F4xx_HAL_Driver/Inc/stm32f4xx_ll_adc.h **** 
 820:board/stm32f401rct6/Drivers/STM32F4xx_HAL_Driver/Inc/stm32f4xx_ll_adc.h **** /** @defgroup ADC_LL_EC_INJ_SEQ_SCAN_LENGTH  ADC group injected - Sequencer scan length
 821:board/stm32f401rct6/Drivers/STM32F4xx_HAL_Driver/Inc/stm32f4xx_ll_adc.h ****   * @{
 822:board/stm32f401rct6/Drivers/STM32F4xx_HAL_Driver/Inc/stm32f4xx_ll_adc.h ****   */
 823:board/stm32f401rct6/Drivers/STM32F4xx_HAL_Driver/Inc/stm32f4xx_ll_adc.h **** #define LL_ADC_INJ_SEQ_SCAN_DISABLE        0x00000000UL                     /*!< ADC group injected
 824:board/stm32f401rct6/Drivers/STM32F4xx_HAL_Driver/Inc/stm32f4xx_ll_adc.h **** #define LL_ADC_INJ_SEQ_SCAN_ENABLE_2RANKS  (                ADC_JSQR_JL_0) /*!< ADC group injected 
 825:board/stm32f401rct6/Drivers/STM32F4xx_HAL_Driver/Inc/stm32f4xx_ll_adc.h **** #define LL_ADC_INJ_SEQ_SCAN_ENABLE_3RANKS  (ADC_JSQR_JL_1                ) /*!< ADC group injected 
 826:board/stm32f401rct6/Drivers/STM32F4xx_HAL_Driver/Inc/stm32f4xx_ll_adc.h **** #define LL_ADC_INJ_SEQ_SCAN_ENABLE_4RANKS  (ADC_JSQR_JL_1 | ADC_JSQR_JL_0) /*!< ADC group injected 
 827:board/stm32f401rct6/Drivers/STM32F4xx_HAL_Driver/Inc/stm32f4xx_ll_adc.h **** /**
 828:board/stm32f401rct6/Drivers/STM32F4xx_HAL_Driver/Inc/stm32f4xx_ll_adc.h ****   * @}
 829:board/stm32f401rct6/Drivers/STM32F4xx_HAL_Driver/Inc/stm32f4xx_ll_adc.h ****   */
 830:board/stm32f401rct6/Drivers/STM32F4xx_HAL_Driver/Inc/stm32f4xx_ll_adc.h **** 
 831:board/stm32f401rct6/Drivers/STM32F4xx_HAL_Driver/Inc/stm32f4xx_ll_adc.h **** /** @defgroup ADC_LL_EC_INJ_SEQ_DISCONT_MODE  ADC group injected - Sequencer discontinuous mode
 832:board/stm32f401rct6/Drivers/STM32F4xx_HAL_Driver/Inc/stm32f4xx_ll_adc.h ****   * @{
 833:board/stm32f401rct6/Drivers/STM32F4xx_HAL_Driver/Inc/stm32f4xx_ll_adc.h ****   */
 834:board/stm32f401rct6/Drivers/STM32F4xx_HAL_Driver/Inc/stm32f4xx_ll_adc.h **** #define LL_ADC_INJ_SEQ_DISCONT_DISABLE     0x00000000UL            /*!< ADC group injected sequence
 835:board/stm32f401rct6/Drivers/STM32F4xx_HAL_Driver/Inc/stm32f4xx_ll_adc.h **** #define LL_ADC_INJ_SEQ_DISCONT_1RANK       (ADC_CR1_JDISCEN)      /*!< ADC group injected sequencer
 836:board/stm32f401rct6/Drivers/STM32F4xx_HAL_Driver/Inc/stm32f4xx_ll_adc.h **** /**
 837:board/stm32f401rct6/Drivers/STM32F4xx_HAL_Driver/Inc/stm32f4xx_ll_adc.h ****   * @}
 838:board/stm32f401rct6/Drivers/STM32F4xx_HAL_Driver/Inc/stm32f4xx_ll_adc.h ****   */
 839:board/stm32f401rct6/Drivers/STM32F4xx_HAL_Driver/Inc/stm32f4xx_ll_adc.h **** 
 840:board/stm32f401rct6/Drivers/STM32F4xx_HAL_Driver/Inc/stm32f4xx_ll_adc.h **** /** @defgroup ADC_LL_EC_INJ_SEQ_RANKS  ADC group injected - Sequencer ranks
 841:board/stm32f401rct6/Drivers/STM32F4xx_HAL_Driver/Inc/stm32f4xx_ll_adc.h ****   * @{
 842:board/stm32f401rct6/Drivers/STM32F4xx_HAL_Driver/Inc/stm32f4xx_ll_adc.h ****   */
 843:board/stm32f401rct6/Drivers/STM32F4xx_HAL_Driver/Inc/stm32f4xx_ll_adc.h **** #define LL_ADC_INJ_RANK_1                  (ADC_JDR1_REGOFFSET | ADC_JOFR1_REGOFFSET | 0x00000001UL
 844:board/stm32f401rct6/Drivers/STM32F4xx_HAL_Driver/Inc/stm32f4xx_ll_adc.h **** #define LL_ADC_INJ_RANK_2                  (ADC_JDR2_REGOFFSET | ADC_JOFR2_REGOFFSET | 0x00000002UL
 845:board/stm32f401rct6/Drivers/STM32F4xx_HAL_Driver/Inc/stm32f4xx_ll_adc.h **** #define LL_ADC_INJ_RANK_3                  (ADC_JDR3_REGOFFSET | ADC_JOFR3_REGOFFSET | 0x00000003UL
 846:board/stm32f401rct6/Drivers/STM32F4xx_HAL_Driver/Inc/stm32f4xx_ll_adc.h **** #define LL_ADC_INJ_RANK_4                  (ADC_JDR4_REGOFFSET | ADC_JOFR4_REGOFFSET | 0x00000004UL
 847:board/stm32f401rct6/Drivers/STM32F4xx_HAL_Driver/Inc/stm32f4xx_ll_adc.h **** /**
 848:board/stm32f401rct6/Drivers/STM32F4xx_HAL_Driver/Inc/stm32f4xx_ll_adc.h ****   * @}
 849:board/stm32f401rct6/Drivers/STM32F4xx_HAL_Driver/Inc/stm32f4xx_ll_adc.h ****   */
 850:board/stm32f401rct6/Drivers/STM32F4xx_HAL_Driver/Inc/stm32f4xx_ll_adc.h **** 
 851:board/stm32f401rct6/Drivers/STM32F4xx_HAL_Driver/Inc/stm32f4xx_ll_adc.h **** /** @defgroup ADC_LL_EC_CHANNEL_SAMPLINGTIME  Channel - Sampling time
 852:board/stm32f401rct6/Drivers/STM32F4xx_HAL_Driver/Inc/stm32f4xx_ll_adc.h ****   * @{
 853:board/stm32f401rct6/Drivers/STM32F4xx_HAL_Driver/Inc/stm32f4xx_ll_adc.h ****   */
 854:board/stm32f401rct6/Drivers/STM32F4xx_HAL_Driver/Inc/stm32f4xx_ll_adc.h **** #define LL_ADC_SAMPLINGTIME_3CYCLES        0x00000000UL                                            
 855:board/stm32f401rct6/Drivers/STM32F4xx_HAL_Driver/Inc/stm32f4xx_ll_adc.h **** #define LL_ADC_SAMPLINGTIME_15CYCLES       (ADC_SMPR1_SMP10_0)                                     
 856:board/stm32f401rct6/Drivers/STM32F4xx_HAL_Driver/Inc/stm32f4xx_ll_adc.h **** #define LL_ADC_SAMPLINGTIME_28CYCLES       (ADC_SMPR1_SMP10_1)                                     
 857:board/stm32f401rct6/Drivers/STM32F4xx_HAL_Driver/Inc/stm32f4xx_ll_adc.h **** #define LL_ADC_SAMPLINGTIME_56CYCLES       (ADC_SMPR1_SMP10_1 | ADC_SMPR1_SMP10_0)                 
 858:board/stm32f401rct6/Drivers/STM32F4xx_HAL_Driver/Inc/stm32f4xx_ll_adc.h **** #define LL_ADC_SAMPLINGTIME_84CYCLES       (ADC_SMPR1_SMP10_2)                                     
 859:board/stm32f401rct6/Drivers/STM32F4xx_HAL_Driver/Inc/stm32f4xx_ll_adc.h **** #define LL_ADC_SAMPLINGTIME_112CYCLES      (ADC_SMPR1_SMP10_2 | ADC_SMPR1_SMP10_0)                 
 860:board/stm32f401rct6/Drivers/STM32F4xx_HAL_Driver/Inc/stm32f4xx_ll_adc.h **** #define LL_ADC_SAMPLINGTIME_144CYCLES      (ADC_SMPR1_SMP10_2 | ADC_SMPR1_SMP10_1)                 
 861:board/stm32f401rct6/Drivers/STM32F4xx_HAL_Driver/Inc/stm32f4xx_ll_adc.h **** #define LL_ADC_SAMPLINGTIME_480CYCLES      (ADC_SMPR1_SMP10)                                       
 862:board/stm32f401rct6/Drivers/STM32F4xx_HAL_Driver/Inc/stm32f4xx_ll_adc.h **** /**
 863:board/stm32f401rct6/Drivers/STM32F4xx_HAL_Driver/Inc/stm32f4xx_ll_adc.h ****   * @}
 864:board/stm32f401rct6/Drivers/STM32F4xx_HAL_Driver/Inc/stm32f4xx_ll_adc.h ****   */
ARM GAS  C:\Users\Admin\AppData\Local\Temp\ccHarYQc.s 			page 58


 865:board/stm32f401rct6/Drivers/STM32F4xx_HAL_Driver/Inc/stm32f4xx_ll_adc.h **** 
 866:board/stm32f401rct6/Drivers/STM32F4xx_HAL_Driver/Inc/stm32f4xx_ll_adc.h **** /** @defgroup ADC_LL_EC_AWD_NUMBER Analog watchdog - Analog watchdog number
 867:board/stm32f401rct6/Drivers/STM32F4xx_HAL_Driver/Inc/stm32f4xx_ll_adc.h ****   * @{
 868:board/stm32f401rct6/Drivers/STM32F4xx_HAL_Driver/Inc/stm32f4xx_ll_adc.h ****   */
 869:board/stm32f401rct6/Drivers/STM32F4xx_HAL_Driver/Inc/stm32f4xx_ll_adc.h **** #define LL_ADC_AWD1                        (ADC_AWD_CR1_CHANNEL_MASK  | ADC_AWD_CR1_REGOFFSET) /*!<
 870:board/stm32f401rct6/Drivers/STM32F4xx_HAL_Driver/Inc/stm32f4xx_ll_adc.h **** /**
 871:board/stm32f401rct6/Drivers/STM32F4xx_HAL_Driver/Inc/stm32f4xx_ll_adc.h ****   * @}
 872:board/stm32f401rct6/Drivers/STM32F4xx_HAL_Driver/Inc/stm32f4xx_ll_adc.h ****   */
 873:board/stm32f401rct6/Drivers/STM32F4xx_HAL_Driver/Inc/stm32f4xx_ll_adc.h **** 
 874:board/stm32f401rct6/Drivers/STM32F4xx_HAL_Driver/Inc/stm32f4xx_ll_adc.h **** /** @defgroup ADC_LL_EC_AWD_CHANNELS  Analog watchdog - Monitored channels
 875:board/stm32f401rct6/Drivers/STM32F4xx_HAL_Driver/Inc/stm32f4xx_ll_adc.h ****   * @{
 876:board/stm32f401rct6/Drivers/STM32F4xx_HAL_Driver/Inc/stm32f4xx_ll_adc.h ****   */
 877:board/stm32f401rct6/Drivers/STM32F4xx_HAL_Driver/Inc/stm32f4xx_ll_adc.h **** #define LL_ADC_AWD_DISABLE                 0x00000000UL                                            
 878:board/stm32f401rct6/Drivers/STM32F4xx_HAL_Driver/Inc/stm32f4xx_ll_adc.h **** #define LL_ADC_AWD_ALL_CHANNELS_REG        (                                                       
 879:board/stm32f401rct6/Drivers/STM32F4xx_HAL_Driver/Inc/stm32f4xx_ll_adc.h **** #define LL_ADC_AWD_ALL_CHANNELS_INJ        (                                            ADC_CR1_JAW
 880:board/stm32f401rct6/Drivers/STM32F4xx_HAL_Driver/Inc/stm32f4xx_ll_adc.h **** #define LL_ADC_AWD_ALL_CHANNELS_REG_INJ    (                                            ADC_CR1_JAW
 881:board/stm32f401rct6/Drivers/STM32F4xx_HAL_Driver/Inc/stm32f4xx_ll_adc.h **** #define LL_ADC_AWD_CHANNEL_0_REG           ((LL_ADC_CHANNEL_0  & ADC_CHANNEL_ID_MASK)              
 882:board/stm32f401rct6/Drivers/STM32F4xx_HAL_Driver/Inc/stm32f4xx_ll_adc.h **** #define LL_ADC_AWD_CHANNEL_0_INJ           ((LL_ADC_CHANNEL_0  & ADC_CHANNEL_ID_MASK) | ADC_CR1_JAW
 883:board/stm32f401rct6/Drivers/STM32F4xx_HAL_Driver/Inc/stm32f4xx_ll_adc.h **** #define LL_ADC_AWD_CHANNEL_0_REG_INJ       ((LL_ADC_CHANNEL_0  & ADC_CHANNEL_ID_MASK) | ADC_CR1_JAW
 884:board/stm32f401rct6/Drivers/STM32F4xx_HAL_Driver/Inc/stm32f4xx_ll_adc.h **** #define LL_ADC_AWD_CHANNEL_1_REG           ((LL_ADC_CHANNEL_1  & ADC_CHANNEL_ID_MASK)              
 885:board/stm32f401rct6/Drivers/STM32F4xx_HAL_Driver/Inc/stm32f4xx_ll_adc.h **** #define LL_ADC_AWD_CHANNEL_1_INJ           ((LL_ADC_CHANNEL_1  & ADC_CHANNEL_ID_MASK) | ADC_CR1_JAW
 886:board/stm32f401rct6/Drivers/STM32F4xx_HAL_Driver/Inc/stm32f4xx_ll_adc.h **** #define LL_ADC_AWD_CHANNEL_1_REG_INJ       ((LL_ADC_CHANNEL_1  & ADC_CHANNEL_ID_MASK) | ADC_CR1_JAW
 887:board/stm32f401rct6/Drivers/STM32F4xx_HAL_Driver/Inc/stm32f4xx_ll_adc.h **** #define LL_ADC_AWD_CHANNEL_2_REG           ((LL_ADC_CHANNEL_2  & ADC_CHANNEL_ID_MASK)              
 888:board/stm32f401rct6/Drivers/STM32F4xx_HAL_Driver/Inc/stm32f4xx_ll_adc.h **** #define LL_ADC_AWD_CHANNEL_2_INJ           ((LL_ADC_CHANNEL_2  & ADC_CHANNEL_ID_MASK) | ADC_CR1_JAW
 889:board/stm32f401rct6/Drivers/STM32F4xx_HAL_Driver/Inc/stm32f4xx_ll_adc.h **** #define LL_ADC_AWD_CHANNEL_2_REG_INJ       ((LL_ADC_CHANNEL_2  & ADC_CHANNEL_ID_MASK) | ADC_CR1_JAW
 890:board/stm32f401rct6/Drivers/STM32F4xx_HAL_Driver/Inc/stm32f4xx_ll_adc.h **** #define LL_ADC_AWD_CHANNEL_3_REG           ((LL_ADC_CHANNEL_3  & ADC_CHANNEL_ID_MASK)              
 891:board/stm32f401rct6/Drivers/STM32F4xx_HAL_Driver/Inc/stm32f4xx_ll_adc.h **** #define LL_ADC_AWD_CHANNEL_3_INJ           ((LL_ADC_CHANNEL_3  & ADC_CHANNEL_ID_MASK) | ADC_CR1_JAW
 892:board/stm32f401rct6/Drivers/STM32F4xx_HAL_Driver/Inc/stm32f4xx_ll_adc.h **** #define LL_ADC_AWD_CHANNEL_3_REG_INJ       ((LL_ADC_CHANNEL_3  & ADC_CHANNEL_ID_MASK) | ADC_CR1_JAW
 893:board/stm32f401rct6/Drivers/STM32F4xx_HAL_Driver/Inc/stm32f4xx_ll_adc.h **** #define LL_ADC_AWD_CHANNEL_4_REG           ((LL_ADC_CHANNEL_4  & ADC_CHANNEL_ID_MASK)              
 894:board/stm32f401rct6/Drivers/STM32F4xx_HAL_Driver/Inc/stm32f4xx_ll_adc.h **** #define LL_ADC_AWD_CHANNEL_4_INJ           ((LL_ADC_CHANNEL_4  & ADC_CHANNEL_ID_MASK) | ADC_CR1_JAW
 895:board/stm32f401rct6/Drivers/STM32F4xx_HAL_Driver/Inc/stm32f4xx_ll_adc.h **** #define LL_ADC_AWD_CHANNEL_4_REG_INJ       ((LL_ADC_CHANNEL_4  & ADC_CHANNEL_ID_MASK) | ADC_CR1_JAW
 896:board/stm32f401rct6/Drivers/STM32F4xx_HAL_Driver/Inc/stm32f4xx_ll_adc.h **** #define LL_ADC_AWD_CHANNEL_5_REG           ((LL_ADC_CHANNEL_5  & ADC_CHANNEL_ID_MASK)              
 897:board/stm32f401rct6/Drivers/STM32F4xx_HAL_Driver/Inc/stm32f4xx_ll_adc.h **** #define LL_ADC_AWD_CHANNEL_5_INJ           ((LL_ADC_CHANNEL_5  & ADC_CHANNEL_ID_MASK) | ADC_CR1_JAW
 898:board/stm32f401rct6/Drivers/STM32F4xx_HAL_Driver/Inc/stm32f4xx_ll_adc.h **** #define LL_ADC_AWD_CHANNEL_5_REG_INJ       ((LL_ADC_CHANNEL_5  & ADC_CHANNEL_ID_MASK) | ADC_CR1_JAW
 899:board/stm32f401rct6/Drivers/STM32F4xx_HAL_Driver/Inc/stm32f4xx_ll_adc.h **** #define LL_ADC_AWD_CHANNEL_6_REG           ((LL_ADC_CHANNEL_6  & ADC_CHANNEL_ID_MASK)              
 900:board/stm32f401rct6/Drivers/STM32F4xx_HAL_Driver/Inc/stm32f4xx_ll_adc.h **** #define LL_ADC_AWD_CHANNEL_6_INJ           ((LL_ADC_CHANNEL_6  & ADC_CHANNEL_ID_MASK) | ADC_CR1_JAW
 901:board/stm32f401rct6/Drivers/STM32F4xx_HAL_Driver/Inc/stm32f4xx_ll_adc.h **** #define LL_ADC_AWD_CHANNEL_6_REG_INJ       ((LL_ADC_CHANNEL_6  & ADC_CHANNEL_ID_MASK) | ADC_CR1_JAW
 902:board/stm32f401rct6/Drivers/STM32F4xx_HAL_Driver/Inc/stm32f4xx_ll_adc.h **** #define LL_ADC_AWD_CHANNEL_7_REG           ((LL_ADC_CHANNEL_7  & ADC_CHANNEL_ID_MASK)              
 903:board/stm32f401rct6/Drivers/STM32F4xx_HAL_Driver/Inc/stm32f4xx_ll_adc.h **** #define LL_ADC_AWD_CHANNEL_7_INJ           ((LL_ADC_CHANNEL_7  & ADC_CHANNEL_ID_MASK) | ADC_CR1_JAW
 904:board/stm32f401rct6/Drivers/STM32F4xx_HAL_Driver/Inc/stm32f4xx_ll_adc.h **** #define LL_ADC_AWD_CHANNEL_7_REG_INJ       ((LL_ADC_CHANNEL_7  & ADC_CHANNEL_ID_MASK) | ADC_CR1_JAW
 905:board/stm32f401rct6/Drivers/STM32F4xx_HAL_Driver/Inc/stm32f4xx_ll_adc.h **** #define LL_ADC_AWD_CHANNEL_8_REG           ((LL_ADC_CHANNEL_8  & ADC_CHANNEL_ID_MASK)              
 906:board/stm32f401rct6/Drivers/STM32F4xx_HAL_Driver/Inc/stm32f4xx_ll_adc.h **** #define LL_ADC_AWD_CHANNEL_8_INJ           ((LL_ADC_CHANNEL_8  & ADC_CHANNEL_ID_MASK) | ADC_CR1_JAW
 907:board/stm32f401rct6/Drivers/STM32F4xx_HAL_Driver/Inc/stm32f4xx_ll_adc.h **** #define LL_ADC_AWD_CHANNEL_8_REG_INJ       ((LL_ADC_CHANNEL_8  & ADC_CHANNEL_ID_MASK) | ADC_CR1_JAW
 908:board/stm32f401rct6/Drivers/STM32F4xx_HAL_Driver/Inc/stm32f4xx_ll_adc.h **** #define LL_ADC_AWD_CHANNEL_9_REG           ((LL_ADC_CHANNEL_9  & ADC_CHANNEL_ID_MASK)              
 909:board/stm32f401rct6/Drivers/STM32F4xx_HAL_Driver/Inc/stm32f4xx_ll_adc.h **** #define LL_ADC_AWD_CHANNEL_9_INJ           ((LL_ADC_CHANNEL_9  & ADC_CHANNEL_ID_MASK) | ADC_CR1_JAW
 910:board/stm32f401rct6/Drivers/STM32F4xx_HAL_Driver/Inc/stm32f4xx_ll_adc.h **** #define LL_ADC_AWD_CHANNEL_9_REG_INJ       ((LL_ADC_CHANNEL_9  & ADC_CHANNEL_ID_MASK) | ADC_CR1_JAW
 911:board/stm32f401rct6/Drivers/STM32F4xx_HAL_Driver/Inc/stm32f4xx_ll_adc.h **** #define LL_ADC_AWD_CHANNEL_10_REG          ((LL_ADC_CHANNEL_10 & ADC_CHANNEL_ID_MASK)              
 912:board/stm32f401rct6/Drivers/STM32F4xx_HAL_Driver/Inc/stm32f4xx_ll_adc.h **** #define LL_ADC_AWD_CHANNEL_10_INJ          ((LL_ADC_CHANNEL_10 & ADC_CHANNEL_ID_MASK) | ADC_CR1_JAW
 913:board/stm32f401rct6/Drivers/STM32F4xx_HAL_Driver/Inc/stm32f4xx_ll_adc.h **** #define LL_ADC_AWD_CHANNEL_10_REG_INJ      ((LL_ADC_CHANNEL_10 & ADC_CHANNEL_ID_MASK) | ADC_CR1_JAW
 914:board/stm32f401rct6/Drivers/STM32F4xx_HAL_Driver/Inc/stm32f4xx_ll_adc.h **** #define LL_ADC_AWD_CHANNEL_11_REG          ((LL_ADC_CHANNEL_11 & ADC_CHANNEL_ID_MASK)              
 915:board/stm32f401rct6/Drivers/STM32F4xx_HAL_Driver/Inc/stm32f4xx_ll_adc.h **** #define LL_ADC_AWD_CHANNEL_11_INJ          ((LL_ADC_CHANNEL_11 & ADC_CHANNEL_ID_MASK) | ADC_CR1_JAW
 916:board/stm32f401rct6/Drivers/STM32F4xx_HAL_Driver/Inc/stm32f4xx_ll_adc.h **** #define LL_ADC_AWD_CHANNEL_11_REG_INJ      ((LL_ADC_CHANNEL_11 & ADC_CHANNEL_ID_MASK) | ADC_CR1_JAW
 917:board/stm32f401rct6/Drivers/STM32F4xx_HAL_Driver/Inc/stm32f4xx_ll_adc.h **** #define LL_ADC_AWD_CHANNEL_12_REG          ((LL_ADC_CHANNEL_12 & ADC_CHANNEL_ID_MASK)              
 918:board/stm32f401rct6/Drivers/STM32F4xx_HAL_Driver/Inc/stm32f4xx_ll_adc.h **** #define LL_ADC_AWD_CHANNEL_12_INJ          ((LL_ADC_CHANNEL_12 & ADC_CHANNEL_ID_MASK) | ADC_CR1_JAW
 919:board/stm32f401rct6/Drivers/STM32F4xx_HAL_Driver/Inc/stm32f4xx_ll_adc.h **** #define LL_ADC_AWD_CHANNEL_12_REG_INJ      ((LL_ADC_CHANNEL_12 & ADC_CHANNEL_ID_MASK) | ADC_CR1_JAW
 920:board/stm32f401rct6/Drivers/STM32F4xx_HAL_Driver/Inc/stm32f4xx_ll_adc.h **** #define LL_ADC_AWD_CHANNEL_13_REG          ((LL_ADC_CHANNEL_13 & ADC_CHANNEL_ID_MASK)              
 921:board/stm32f401rct6/Drivers/STM32F4xx_HAL_Driver/Inc/stm32f4xx_ll_adc.h **** #define LL_ADC_AWD_CHANNEL_13_INJ          ((LL_ADC_CHANNEL_13 & ADC_CHANNEL_ID_MASK) | ADC_CR1_JAW
ARM GAS  C:\Users\Admin\AppData\Local\Temp\ccHarYQc.s 			page 59


 922:board/stm32f401rct6/Drivers/STM32F4xx_HAL_Driver/Inc/stm32f4xx_ll_adc.h **** #define LL_ADC_AWD_CHANNEL_13_REG_INJ      ((LL_ADC_CHANNEL_13 & ADC_CHANNEL_ID_MASK) | ADC_CR1_JAW
 923:board/stm32f401rct6/Drivers/STM32F4xx_HAL_Driver/Inc/stm32f4xx_ll_adc.h **** #define LL_ADC_AWD_CHANNEL_14_REG          ((LL_ADC_CHANNEL_14 & ADC_CHANNEL_ID_MASK)              
 924:board/stm32f401rct6/Drivers/STM32F4xx_HAL_Driver/Inc/stm32f4xx_ll_adc.h **** #define LL_ADC_AWD_CHANNEL_14_INJ          ((LL_ADC_CHANNEL_14 & ADC_CHANNEL_ID_MASK) | ADC_CR1_JAW
 925:board/stm32f401rct6/Drivers/STM32F4xx_HAL_Driver/Inc/stm32f4xx_ll_adc.h **** #define LL_ADC_AWD_CHANNEL_14_REG_INJ      ((LL_ADC_CHANNEL_14 & ADC_CHANNEL_ID_MASK) | ADC_CR1_JAW
 926:board/stm32f401rct6/Drivers/STM32F4xx_HAL_Driver/Inc/stm32f4xx_ll_adc.h **** #define LL_ADC_AWD_CHANNEL_15_REG          ((LL_ADC_CHANNEL_15 & ADC_CHANNEL_ID_MASK)              
 927:board/stm32f401rct6/Drivers/STM32F4xx_HAL_Driver/Inc/stm32f4xx_ll_adc.h **** #define LL_ADC_AWD_CHANNEL_15_INJ          ((LL_ADC_CHANNEL_15 & ADC_CHANNEL_ID_MASK) | ADC_CR1_JAW
 928:board/stm32f401rct6/Drivers/STM32F4xx_HAL_Driver/Inc/stm32f4xx_ll_adc.h **** #define LL_ADC_AWD_CHANNEL_15_REG_INJ      ((LL_ADC_CHANNEL_15 & ADC_CHANNEL_ID_MASK) | ADC_CR1_JAW
 929:board/stm32f401rct6/Drivers/STM32F4xx_HAL_Driver/Inc/stm32f4xx_ll_adc.h **** #define LL_ADC_AWD_CHANNEL_16_REG          ((LL_ADC_CHANNEL_16 & ADC_CHANNEL_ID_MASK)              
 930:board/stm32f401rct6/Drivers/STM32F4xx_HAL_Driver/Inc/stm32f4xx_ll_adc.h **** #define LL_ADC_AWD_CHANNEL_16_INJ          ((LL_ADC_CHANNEL_16 & ADC_CHANNEL_ID_MASK) | ADC_CR1_JAW
 931:board/stm32f401rct6/Drivers/STM32F4xx_HAL_Driver/Inc/stm32f4xx_ll_adc.h **** #define LL_ADC_AWD_CHANNEL_16_REG_INJ      ((LL_ADC_CHANNEL_16 & ADC_CHANNEL_ID_MASK) | ADC_CR1_JAW
 932:board/stm32f401rct6/Drivers/STM32F4xx_HAL_Driver/Inc/stm32f4xx_ll_adc.h **** #define LL_ADC_AWD_CHANNEL_17_REG          ((LL_ADC_CHANNEL_17 & ADC_CHANNEL_ID_MASK)              
 933:board/stm32f401rct6/Drivers/STM32F4xx_HAL_Driver/Inc/stm32f4xx_ll_adc.h **** #define LL_ADC_AWD_CHANNEL_17_INJ          ((LL_ADC_CHANNEL_17 & ADC_CHANNEL_ID_MASK) | ADC_CR1_JAW
 934:board/stm32f401rct6/Drivers/STM32F4xx_HAL_Driver/Inc/stm32f4xx_ll_adc.h **** #define LL_ADC_AWD_CHANNEL_17_REG_INJ      ((LL_ADC_CHANNEL_17 & ADC_CHANNEL_ID_MASK) | ADC_CR1_JAW
 935:board/stm32f401rct6/Drivers/STM32F4xx_HAL_Driver/Inc/stm32f4xx_ll_adc.h **** #define LL_ADC_AWD_CHANNEL_18_REG          ((LL_ADC_CHANNEL_18 & ADC_CHANNEL_ID_MASK)              
 936:board/stm32f401rct6/Drivers/STM32F4xx_HAL_Driver/Inc/stm32f4xx_ll_adc.h **** #define LL_ADC_AWD_CHANNEL_18_INJ          ((LL_ADC_CHANNEL_18 & ADC_CHANNEL_ID_MASK) | ADC_CR1_JAW
 937:board/stm32f401rct6/Drivers/STM32F4xx_HAL_Driver/Inc/stm32f4xx_ll_adc.h **** #define LL_ADC_AWD_CHANNEL_18_REG_INJ      ((LL_ADC_CHANNEL_18 & ADC_CHANNEL_ID_MASK) | ADC_CR1_JAW
 938:board/stm32f401rct6/Drivers/STM32F4xx_HAL_Driver/Inc/stm32f4xx_ll_adc.h **** #define LL_ADC_AWD_CH_VREFINT_REG          ((LL_ADC_CHANNEL_VREFINT    & ADC_CHANNEL_ID_MASK)      
 939:board/stm32f401rct6/Drivers/STM32F4xx_HAL_Driver/Inc/stm32f4xx_ll_adc.h **** #define LL_ADC_AWD_CH_VREFINT_INJ          ((LL_ADC_CHANNEL_VREFINT    & ADC_CHANNEL_ID_MASK) | ADC
 940:board/stm32f401rct6/Drivers/STM32F4xx_HAL_Driver/Inc/stm32f4xx_ll_adc.h **** #define LL_ADC_AWD_CH_VREFINT_REG_INJ      ((LL_ADC_CHANNEL_VREFINT    & ADC_CHANNEL_ID_MASK) | ADC
 941:board/stm32f401rct6/Drivers/STM32F4xx_HAL_Driver/Inc/stm32f4xx_ll_adc.h **** #define LL_ADC_AWD_CH_VBAT_REG             ((LL_ADC_CHANNEL_VBAT       & ADC_CHANNEL_ID_MASK)      
 942:board/stm32f401rct6/Drivers/STM32F4xx_HAL_Driver/Inc/stm32f4xx_ll_adc.h **** #define LL_ADC_AWD_CH_VBAT_INJ             ((LL_ADC_CHANNEL_VBAT       & ADC_CHANNEL_ID_MASK) | ADC
 943:board/stm32f401rct6/Drivers/STM32F4xx_HAL_Driver/Inc/stm32f4xx_ll_adc.h **** #define LL_ADC_AWD_CH_VBAT_REG_INJ         ((LL_ADC_CHANNEL_VBAT       & ADC_CHANNEL_ID_MASK) | ADC
 944:board/stm32f401rct6/Drivers/STM32F4xx_HAL_Driver/Inc/stm32f4xx_ll_adc.h **** #if defined(STM32F401xC) || defined(STM32F401xE) || defined(STM32F405xx) || defined(STM32F407xx) ||
 945:board/stm32f401rct6/Drivers/STM32F4xx_HAL_Driver/Inc/stm32f4xx_ll_adc.h **** #define LL_ADC_AWD_CH_TEMPSENSOR_REG       ((LL_ADC_CHANNEL_TEMPSENSOR & ADC_CHANNEL_ID_MASK)      
 946:board/stm32f401rct6/Drivers/STM32F4xx_HAL_Driver/Inc/stm32f4xx_ll_adc.h **** #define LL_ADC_AWD_CH_TEMPSENSOR_INJ       ((LL_ADC_CHANNEL_TEMPSENSOR & ADC_CHANNEL_ID_MASK) | ADC
 947:board/stm32f401rct6/Drivers/STM32F4xx_HAL_Driver/Inc/stm32f4xx_ll_adc.h **** #define LL_ADC_AWD_CH_TEMPSENSOR_REG_INJ   ((LL_ADC_CHANNEL_TEMPSENSOR & ADC_CHANNEL_ID_MASK) | ADC
 948:board/stm32f401rct6/Drivers/STM32F4xx_HAL_Driver/Inc/stm32f4xx_ll_adc.h **** #endif /* STM32F405xx || STM32F415xx || STM32F407xx || STM32F417xx || STM32F401xC || STM32F401xE ||
 949:board/stm32f401rct6/Drivers/STM32F4xx_HAL_Driver/Inc/stm32f4xx_ll_adc.h **** #if defined(STM32F411xE) || defined(STM32F412Cx) || defined(STM32F412Rx) || defined(STM32F412Vx) ||
 950:board/stm32f401rct6/Drivers/STM32F4xx_HAL_Driver/Inc/stm32f4xx_ll_adc.h **** #define LL_ADC_AWD_CH_TEMPSENSOR_REG       ((LL_ADC_CHANNEL_TEMPSENSOR & ADC_CHANNEL_ID_MASK)      
 951:board/stm32f401rct6/Drivers/STM32F4xx_HAL_Driver/Inc/stm32f4xx_ll_adc.h **** #define LL_ADC_AWD_CH_TEMPSENSOR_INJ       ((LL_ADC_CHANNEL_TEMPSENSOR & ADC_CHANNEL_ID_MASK) | ADC
 952:board/stm32f401rct6/Drivers/STM32F4xx_HAL_Driver/Inc/stm32f4xx_ll_adc.h **** #define LL_ADC_AWD_CH_TEMPSENSOR_REG_INJ   ((LL_ADC_CHANNEL_TEMPSENSOR & ADC_CHANNEL_ID_MASK) | ADC
 953:board/stm32f401rct6/Drivers/STM32F4xx_HAL_Driver/Inc/stm32f4xx_ll_adc.h **** #endif /* STM32F411xE || STM32F412Cx || STM32F412Rx || STM32F412Vx || STM32F412Zx || STM32F413xx ||
 954:board/stm32f401rct6/Drivers/STM32F4xx_HAL_Driver/Inc/stm32f4xx_ll_adc.h **** /**
 955:board/stm32f401rct6/Drivers/STM32F4xx_HAL_Driver/Inc/stm32f4xx_ll_adc.h ****   * @}
 956:board/stm32f401rct6/Drivers/STM32F4xx_HAL_Driver/Inc/stm32f4xx_ll_adc.h ****   */
 957:board/stm32f401rct6/Drivers/STM32F4xx_HAL_Driver/Inc/stm32f4xx_ll_adc.h **** 
 958:board/stm32f401rct6/Drivers/STM32F4xx_HAL_Driver/Inc/stm32f4xx_ll_adc.h **** /** @defgroup ADC_LL_EC_AWD_THRESHOLDS  Analog watchdog - Thresholds
 959:board/stm32f401rct6/Drivers/STM32F4xx_HAL_Driver/Inc/stm32f4xx_ll_adc.h ****   * @{
 960:board/stm32f401rct6/Drivers/STM32F4xx_HAL_Driver/Inc/stm32f4xx_ll_adc.h ****   */
 961:board/stm32f401rct6/Drivers/STM32F4xx_HAL_Driver/Inc/stm32f4xx_ll_adc.h **** #define LL_ADC_AWD_THRESHOLD_HIGH          (ADC_AWD_TR1_HIGH_REGOFFSET) /*!< ADC analog watchdog th
 962:board/stm32f401rct6/Drivers/STM32F4xx_HAL_Driver/Inc/stm32f4xx_ll_adc.h **** #define LL_ADC_AWD_THRESHOLD_LOW           (ADC_AWD_TR1_LOW_REGOFFSET)  /*!< ADC analog watchdog th
 963:board/stm32f401rct6/Drivers/STM32F4xx_HAL_Driver/Inc/stm32f4xx_ll_adc.h **** /**
 964:board/stm32f401rct6/Drivers/STM32F4xx_HAL_Driver/Inc/stm32f4xx_ll_adc.h ****   * @}
 965:board/stm32f401rct6/Drivers/STM32F4xx_HAL_Driver/Inc/stm32f4xx_ll_adc.h ****   */
 966:board/stm32f401rct6/Drivers/STM32F4xx_HAL_Driver/Inc/stm32f4xx_ll_adc.h **** 
 967:board/stm32f401rct6/Drivers/STM32F4xx_HAL_Driver/Inc/stm32f4xx_ll_adc.h **** #if defined(ADC_MULTIMODE_SUPPORT)
 968:board/stm32f401rct6/Drivers/STM32F4xx_HAL_Driver/Inc/stm32f4xx_ll_adc.h **** /** @defgroup ADC_LL_EC_MULTI_MODE  Multimode - Mode
 969:board/stm32f401rct6/Drivers/STM32F4xx_HAL_Driver/Inc/stm32f4xx_ll_adc.h ****   * @{
 970:board/stm32f401rct6/Drivers/STM32F4xx_HAL_Driver/Inc/stm32f4xx_ll_adc.h ****   */
 971:board/stm32f401rct6/Drivers/STM32F4xx_HAL_Driver/Inc/stm32f4xx_ll_adc.h **** #define LL_ADC_MULTI_INDEPENDENT           0x00000000UL                                            
 972:board/stm32f401rct6/Drivers/STM32F4xx_HAL_Driver/Inc/stm32f4xx_ll_adc.h **** #define LL_ADC_MULTI_DUAL_REG_SIMULT       (                  ADC_CCR_MULTI_2 | ADC_CCR_MULTI_1    
 973:board/stm32f401rct6/Drivers/STM32F4xx_HAL_Driver/Inc/stm32f4xx_ll_adc.h **** #define LL_ADC_MULTI_DUAL_REG_INTERL       (                  ADC_CCR_MULTI_2 | ADC_CCR_MULTI_1 | A
 974:board/stm32f401rct6/Drivers/STM32F4xx_HAL_Driver/Inc/stm32f4xx_ll_adc.h **** #define LL_ADC_MULTI_DUAL_INJ_SIMULT       (                  ADC_CCR_MULTI_2                   | A
 975:board/stm32f401rct6/Drivers/STM32F4xx_HAL_Driver/Inc/stm32f4xx_ll_adc.h **** #define LL_ADC_MULTI_DUAL_INJ_ALTERN       (ADC_CCR_MULTI_3                                     | A
 976:board/stm32f401rct6/Drivers/STM32F4xx_HAL_Driver/Inc/stm32f4xx_ll_adc.h **** #define LL_ADC_MULTI_DUAL_REG_SIM_INJ_SIM  (                                                      A
 977:board/stm32f401rct6/Drivers/STM32F4xx_HAL_Driver/Inc/stm32f4xx_ll_adc.h **** #define LL_ADC_MULTI_DUAL_REG_SIM_INJ_ALT  (                                    ADC_CCR_MULTI_1    
 978:board/stm32f401rct6/Drivers/STM32F4xx_HAL_Driver/Inc/stm32f4xx_ll_adc.h **** #define LL_ADC_MULTI_DUAL_REG_INT_INJ_SIM  (                                    ADC_CCR_MULTI_1 | A
ARM GAS  C:\Users\Admin\AppData\Local\Temp\ccHarYQc.s 			page 60


 979:board/stm32f401rct6/Drivers/STM32F4xx_HAL_Driver/Inc/stm32f4xx_ll_adc.h **** #if defined(ADC3)
 980:board/stm32f401rct6/Drivers/STM32F4xx_HAL_Driver/Inc/stm32f4xx_ll_adc.h **** #define LL_ADC_MULTI_TRIPLE_REG_SIM_INJ_SIM  (ADC_CCR_MULTI_4                                      
 981:board/stm32f401rct6/Drivers/STM32F4xx_HAL_Driver/Inc/stm32f4xx_ll_adc.h **** #define LL_ADC_MULTI_TRIPLE_REG_SIM_INJ_ALT  (ADC_CCR_MULTI_4                                     |
 982:board/stm32f401rct6/Drivers/STM32F4xx_HAL_Driver/Inc/stm32f4xx_ll_adc.h **** #define LL_ADC_MULTI_TRIPLE_INJ_SIMULT       (ADC_CCR_MULTI_4                   | ADC_CCR_MULTI_2  
 983:board/stm32f401rct6/Drivers/STM32F4xx_HAL_Driver/Inc/stm32f4xx_ll_adc.h **** #define LL_ADC_MULTI_TRIPLE_REG_SIMULT       (ADC_CCR_MULTI_4                   | ADC_CCR_MULTI_2 |
 984:board/stm32f401rct6/Drivers/STM32F4xx_HAL_Driver/Inc/stm32f4xx_ll_adc.h **** #define LL_ADC_MULTI_TRIPLE_REG_INTERL       (ADC_CCR_MULTI_4                   | ADC_CCR_MULTI_2 |
 985:board/stm32f401rct6/Drivers/STM32F4xx_HAL_Driver/Inc/stm32f4xx_ll_adc.h **** #define LL_ADC_MULTI_TRIPLE_INJ_ALTERN       (ADC_CCR_MULTI_4                                      
 986:board/stm32f401rct6/Drivers/STM32F4xx_HAL_Driver/Inc/stm32f4xx_ll_adc.h **** #endif
 987:board/stm32f401rct6/Drivers/STM32F4xx_HAL_Driver/Inc/stm32f4xx_ll_adc.h **** /**
 988:board/stm32f401rct6/Drivers/STM32F4xx_HAL_Driver/Inc/stm32f4xx_ll_adc.h ****   * @}
 989:board/stm32f401rct6/Drivers/STM32F4xx_HAL_Driver/Inc/stm32f4xx_ll_adc.h ****   */
 990:board/stm32f401rct6/Drivers/STM32F4xx_HAL_Driver/Inc/stm32f4xx_ll_adc.h **** 
 991:board/stm32f401rct6/Drivers/STM32F4xx_HAL_Driver/Inc/stm32f4xx_ll_adc.h **** /** @defgroup ADC_LL_EC_MULTI_DMA_TRANSFER  Multimode - DMA transfer
 992:board/stm32f401rct6/Drivers/STM32F4xx_HAL_Driver/Inc/stm32f4xx_ll_adc.h ****   * @{
 993:board/stm32f401rct6/Drivers/STM32F4xx_HAL_Driver/Inc/stm32f4xx_ll_adc.h ****   */
 994:board/stm32f401rct6/Drivers/STM32F4xx_HAL_Driver/Inc/stm32f4xx_ll_adc.h **** #define LL_ADC_MULTI_REG_DMA_EACH_ADC        0x00000000UL                                   /*!< AD
 995:board/stm32f401rct6/Drivers/STM32F4xx_HAL_Driver/Inc/stm32f4xx_ll_adc.h **** #define LL_ADC_MULTI_REG_DMA_LIMIT_1         (                              ADC_CCR_DMA_0) /*!< ADC
 996:board/stm32f401rct6/Drivers/STM32F4xx_HAL_Driver/Inc/stm32f4xx_ll_adc.h **** #define LL_ADC_MULTI_REG_DMA_LIMIT_2         (              ADC_CCR_DMA_1                ) /*!< ADC
 997:board/stm32f401rct6/Drivers/STM32F4xx_HAL_Driver/Inc/stm32f4xx_ll_adc.h **** #define LL_ADC_MULTI_REG_DMA_LIMIT_3         (              ADC_CCR_DMA_1 | ADC_CCR_DMA_0) /*!< ADC
 998:board/stm32f401rct6/Drivers/STM32F4xx_HAL_Driver/Inc/stm32f4xx_ll_adc.h **** #define LL_ADC_MULTI_REG_DMA_UNLMT_1         (ADC_CCR_DDS |                 ADC_CCR_DMA_0) /*!< ADC
 999:board/stm32f401rct6/Drivers/STM32F4xx_HAL_Driver/Inc/stm32f4xx_ll_adc.h **** #define LL_ADC_MULTI_REG_DMA_UNLMT_2         (ADC_CCR_DDS | ADC_CCR_DMA_1                ) /*!< ADC
1000:board/stm32f401rct6/Drivers/STM32F4xx_HAL_Driver/Inc/stm32f4xx_ll_adc.h **** #define LL_ADC_MULTI_REG_DMA_UNLMT_3         (ADC_CCR_DDS | ADC_CCR_DMA_1 | ADC_CCR_DMA_0) /*!< ADC
1001:board/stm32f401rct6/Drivers/STM32F4xx_HAL_Driver/Inc/stm32f4xx_ll_adc.h **** /**
1002:board/stm32f401rct6/Drivers/STM32F4xx_HAL_Driver/Inc/stm32f4xx_ll_adc.h ****   * @}
1003:board/stm32f401rct6/Drivers/STM32F4xx_HAL_Driver/Inc/stm32f4xx_ll_adc.h ****   */
1004:board/stm32f401rct6/Drivers/STM32F4xx_HAL_Driver/Inc/stm32f4xx_ll_adc.h **** 
1005:board/stm32f401rct6/Drivers/STM32F4xx_HAL_Driver/Inc/stm32f4xx_ll_adc.h **** /** @defgroup ADC_LL_EC_MULTI_TWOSMP_DELAY  Multimode - Delay between two sampling phases
1006:board/stm32f401rct6/Drivers/STM32F4xx_HAL_Driver/Inc/stm32f4xx_ll_adc.h ****   * @{
1007:board/stm32f401rct6/Drivers/STM32F4xx_HAL_Driver/Inc/stm32f4xx_ll_adc.h ****   */
1008:board/stm32f401rct6/Drivers/STM32F4xx_HAL_Driver/Inc/stm32f4xx_ll_adc.h **** #define LL_ADC_MULTI_TWOSMP_DELAY_5CYCLES  0x00000000UL                                            
1009:board/stm32f401rct6/Drivers/STM32F4xx_HAL_Driver/Inc/stm32f4xx_ll_adc.h **** #define LL_ADC_MULTI_TWOSMP_DELAY_6CYCLES  (                                                      A
1010:board/stm32f401rct6/Drivers/STM32F4xx_HAL_Driver/Inc/stm32f4xx_ll_adc.h **** #define LL_ADC_MULTI_TWOSMP_DELAY_7CYCLES  (                                    ADC_CCR_DELAY_1    
1011:board/stm32f401rct6/Drivers/STM32F4xx_HAL_Driver/Inc/stm32f4xx_ll_adc.h **** #define LL_ADC_MULTI_TWOSMP_DELAY_8CYCLES  (                                    ADC_CCR_DELAY_1 | A
1012:board/stm32f401rct6/Drivers/STM32F4xx_HAL_Driver/Inc/stm32f4xx_ll_adc.h **** #define LL_ADC_MULTI_TWOSMP_DELAY_9CYCLES  (                  ADC_CCR_DELAY_2                      
1013:board/stm32f401rct6/Drivers/STM32F4xx_HAL_Driver/Inc/stm32f4xx_ll_adc.h **** #define LL_ADC_MULTI_TWOSMP_DELAY_10CYCLES (                  ADC_CCR_DELAY_2                   | A
1014:board/stm32f401rct6/Drivers/STM32F4xx_HAL_Driver/Inc/stm32f4xx_ll_adc.h **** #define LL_ADC_MULTI_TWOSMP_DELAY_11CYCLES (                  ADC_CCR_DELAY_2 | ADC_CCR_DELAY_1    
1015:board/stm32f401rct6/Drivers/STM32F4xx_HAL_Driver/Inc/stm32f4xx_ll_adc.h **** #define LL_ADC_MULTI_TWOSMP_DELAY_12CYCLES (                  ADC_CCR_DELAY_2 | ADC_CCR_DELAY_1 | A
1016:board/stm32f401rct6/Drivers/STM32F4xx_HAL_Driver/Inc/stm32f4xx_ll_adc.h **** #define LL_ADC_MULTI_TWOSMP_DELAY_13CYCLES (ADC_CCR_DELAY_3                                        
1017:board/stm32f401rct6/Drivers/STM32F4xx_HAL_Driver/Inc/stm32f4xx_ll_adc.h **** #define LL_ADC_MULTI_TWOSMP_DELAY_14CYCLES (ADC_CCR_DELAY_3                                     | A
1018:board/stm32f401rct6/Drivers/STM32F4xx_HAL_Driver/Inc/stm32f4xx_ll_adc.h **** #define LL_ADC_MULTI_TWOSMP_DELAY_15CYCLES (ADC_CCR_DELAY_3                   | ADC_CCR_DELAY_1    
1019:board/stm32f401rct6/Drivers/STM32F4xx_HAL_Driver/Inc/stm32f4xx_ll_adc.h **** #define LL_ADC_MULTI_TWOSMP_DELAY_16CYCLES (ADC_CCR_DELAY_3                   | ADC_CCR_DELAY_1 | A
1020:board/stm32f401rct6/Drivers/STM32F4xx_HAL_Driver/Inc/stm32f4xx_ll_adc.h **** #define LL_ADC_MULTI_TWOSMP_DELAY_17CYCLES (ADC_CCR_DELAY_3 | ADC_CCR_DELAY_2                      
1021:board/stm32f401rct6/Drivers/STM32F4xx_HAL_Driver/Inc/stm32f4xx_ll_adc.h **** #define LL_ADC_MULTI_TWOSMP_DELAY_18CYCLES (ADC_CCR_DELAY_3 | ADC_CCR_DELAY_2                   | A
1022:board/stm32f401rct6/Drivers/STM32F4xx_HAL_Driver/Inc/stm32f4xx_ll_adc.h **** #define LL_ADC_MULTI_TWOSMP_DELAY_19CYCLES (ADC_CCR_DELAY_3 | ADC_CCR_DELAY_2 | ADC_CCR_DELAY_1    
1023:board/stm32f401rct6/Drivers/STM32F4xx_HAL_Driver/Inc/stm32f4xx_ll_adc.h **** #define LL_ADC_MULTI_TWOSMP_DELAY_20CYCLES (ADC_CCR_DELAY_3 | ADC_CCR_DELAY_2 | ADC_CCR_DELAY_1 | A
1024:board/stm32f401rct6/Drivers/STM32F4xx_HAL_Driver/Inc/stm32f4xx_ll_adc.h **** /**
1025:board/stm32f401rct6/Drivers/STM32F4xx_HAL_Driver/Inc/stm32f4xx_ll_adc.h ****   * @}
1026:board/stm32f401rct6/Drivers/STM32F4xx_HAL_Driver/Inc/stm32f4xx_ll_adc.h ****   */
1027:board/stm32f401rct6/Drivers/STM32F4xx_HAL_Driver/Inc/stm32f4xx_ll_adc.h **** 
1028:board/stm32f401rct6/Drivers/STM32F4xx_HAL_Driver/Inc/stm32f4xx_ll_adc.h **** /** @defgroup ADC_LL_EC_MULTI_MASTER_SLAVE  Multimode - ADC master or slave
1029:board/stm32f401rct6/Drivers/STM32F4xx_HAL_Driver/Inc/stm32f4xx_ll_adc.h ****   * @{
1030:board/stm32f401rct6/Drivers/STM32F4xx_HAL_Driver/Inc/stm32f4xx_ll_adc.h ****   */
1031:board/stm32f401rct6/Drivers/STM32F4xx_HAL_Driver/Inc/stm32f4xx_ll_adc.h **** #define LL_ADC_MULTI_MASTER                (                    ADC_CDR_RDATA_MST) /*!< In multimod
1032:board/stm32f401rct6/Drivers/STM32F4xx_HAL_Driver/Inc/stm32f4xx_ll_adc.h **** #define LL_ADC_MULTI_SLAVE                 (ADC_CDR_RDATA_SLV                    ) /*!< In multimod
1033:board/stm32f401rct6/Drivers/STM32F4xx_HAL_Driver/Inc/stm32f4xx_ll_adc.h **** #define LL_ADC_MULTI_MASTER_SLAVE          (ADC_CDR_RDATA_SLV | ADC_CDR_RDATA_MST) /*!< In multimod
1034:board/stm32f401rct6/Drivers/STM32F4xx_HAL_Driver/Inc/stm32f4xx_ll_adc.h **** /**
1035:board/stm32f401rct6/Drivers/STM32F4xx_HAL_Driver/Inc/stm32f4xx_ll_adc.h ****   * @}
ARM GAS  C:\Users\Admin\AppData\Local\Temp\ccHarYQc.s 			page 61


1036:board/stm32f401rct6/Drivers/STM32F4xx_HAL_Driver/Inc/stm32f4xx_ll_adc.h ****   */
1037:board/stm32f401rct6/Drivers/STM32F4xx_HAL_Driver/Inc/stm32f4xx_ll_adc.h **** 
1038:board/stm32f401rct6/Drivers/STM32F4xx_HAL_Driver/Inc/stm32f4xx_ll_adc.h **** #endif /* ADC_MULTIMODE_SUPPORT */
1039:board/stm32f401rct6/Drivers/STM32F4xx_HAL_Driver/Inc/stm32f4xx_ll_adc.h **** 
1040:board/stm32f401rct6/Drivers/STM32F4xx_HAL_Driver/Inc/stm32f4xx_ll_adc.h **** 
1041:board/stm32f401rct6/Drivers/STM32F4xx_HAL_Driver/Inc/stm32f4xx_ll_adc.h **** /** @defgroup ADC_LL_EC_HW_DELAYS  Definitions of ADC hardware constraints delays
1042:board/stm32f401rct6/Drivers/STM32F4xx_HAL_Driver/Inc/stm32f4xx_ll_adc.h ****   * @note   Only ADC IP HW delays are defined in ADC LL driver driver,
1043:board/stm32f401rct6/Drivers/STM32F4xx_HAL_Driver/Inc/stm32f4xx_ll_adc.h ****   *         not timeout values.
1044:board/stm32f401rct6/Drivers/STM32F4xx_HAL_Driver/Inc/stm32f4xx_ll_adc.h ****   *         For details on delays values, refer to descriptions in source code
1045:board/stm32f401rct6/Drivers/STM32F4xx_HAL_Driver/Inc/stm32f4xx_ll_adc.h ****   *         above each literal definition.
1046:board/stm32f401rct6/Drivers/STM32F4xx_HAL_Driver/Inc/stm32f4xx_ll_adc.h ****   * @{
1047:board/stm32f401rct6/Drivers/STM32F4xx_HAL_Driver/Inc/stm32f4xx_ll_adc.h ****   */
1048:board/stm32f401rct6/Drivers/STM32F4xx_HAL_Driver/Inc/stm32f4xx_ll_adc.h **** 
1049:board/stm32f401rct6/Drivers/STM32F4xx_HAL_Driver/Inc/stm32f4xx_ll_adc.h **** /* Note: Only ADC IP HW delays are defined in ADC LL driver driver,           */
1050:board/stm32f401rct6/Drivers/STM32F4xx_HAL_Driver/Inc/stm32f4xx_ll_adc.h **** /*       not timeout values.                                                  */
1051:board/stm32f401rct6/Drivers/STM32F4xx_HAL_Driver/Inc/stm32f4xx_ll_adc.h **** /*       Timeout values for ADC operations are dependent to device clock      */
1052:board/stm32f401rct6/Drivers/STM32F4xx_HAL_Driver/Inc/stm32f4xx_ll_adc.h **** /*       configuration (system clock versus ADC clock),                       */
1053:board/stm32f401rct6/Drivers/STM32F4xx_HAL_Driver/Inc/stm32f4xx_ll_adc.h **** /*       and therefore must be defined in user application.                   */
1054:board/stm32f401rct6/Drivers/STM32F4xx_HAL_Driver/Inc/stm32f4xx_ll_adc.h **** /*       Indications for estimation of ADC timeout delays, for this           */
1055:board/stm32f401rct6/Drivers/STM32F4xx_HAL_Driver/Inc/stm32f4xx_ll_adc.h **** /*       STM32 series:                                                        */
1056:board/stm32f401rct6/Drivers/STM32F4xx_HAL_Driver/Inc/stm32f4xx_ll_adc.h **** /*       - ADC enable time: maximum delay is 2us                              */
1057:board/stm32f401rct6/Drivers/STM32F4xx_HAL_Driver/Inc/stm32f4xx_ll_adc.h **** /*         (refer to device datasheet, parameter "tSTAB")                     */
1058:board/stm32f401rct6/Drivers/STM32F4xx_HAL_Driver/Inc/stm32f4xx_ll_adc.h **** /*       - ADC conversion time: duration depending on ADC clock and ADC       */
1059:board/stm32f401rct6/Drivers/STM32F4xx_HAL_Driver/Inc/stm32f4xx_ll_adc.h **** /*         configuration.                                                     */
1060:board/stm32f401rct6/Drivers/STM32F4xx_HAL_Driver/Inc/stm32f4xx_ll_adc.h **** /*         (refer to device reference manual, section "Timing")               */
1061:board/stm32f401rct6/Drivers/STM32F4xx_HAL_Driver/Inc/stm32f4xx_ll_adc.h **** 
1062:board/stm32f401rct6/Drivers/STM32F4xx_HAL_Driver/Inc/stm32f4xx_ll_adc.h **** /* Delay for internal voltage reference stabilization time.                   */
1063:board/stm32f401rct6/Drivers/STM32F4xx_HAL_Driver/Inc/stm32f4xx_ll_adc.h **** /* Delay set to maximum value (refer to device datasheet,                     */
1064:board/stm32f401rct6/Drivers/STM32F4xx_HAL_Driver/Inc/stm32f4xx_ll_adc.h **** /* parameter "tSTART").                                                       */
1065:board/stm32f401rct6/Drivers/STM32F4xx_HAL_Driver/Inc/stm32f4xx_ll_adc.h **** /* Unit: us                                                                   */
1066:board/stm32f401rct6/Drivers/STM32F4xx_HAL_Driver/Inc/stm32f4xx_ll_adc.h **** #define LL_ADC_DELAY_VREFINT_STAB_US       (  10UL)  /*!< Delay for internal voltage reference stab
1067:board/stm32f401rct6/Drivers/STM32F4xx_HAL_Driver/Inc/stm32f4xx_ll_adc.h **** 
1068:board/stm32f401rct6/Drivers/STM32F4xx_HAL_Driver/Inc/stm32f4xx_ll_adc.h **** /* Delay for temperature sensor stabilization time.                           */
1069:board/stm32f401rct6/Drivers/STM32F4xx_HAL_Driver/Inc/stm32f4xx_ll_adc.h **** /* Literal set to maximum value (refer to device datasheet,                   */
1070:board/stm32f401rct6/Drivers/STM32F4xx_HAL_Driver/Inc/stm32f4xx_ll_adc.h **** /* parameter "tSTART").                                                       */
1071:board/stm32f401rct6/Drivers/STM32F4xx_HAL_Driver/Inc/stm32f4xx_ll_adc.h **** /* Unit: us                                                                   */
1072:board/stm32f401rct6/Drivers/STM32F4xx_HAL_Driver/Inc/stm32f4xx_ll_adc.h **** #define LL_ADC_DELAY_TEMPSENSOR_STAB_US    (  10UL)  /*!< Delay for internal voltage reference stab
1073:board/stm32f401rct6/Drivers/STM32F4xx_HAL_Driver/Inc/stm32f4xx_ll_adc.h **** 
1074:board/stm32f401rct6/Drivers/STM32F4xx_HAL_Driver/Inc/stm32f4xx_ll_adc.h **** /**
1075:board/stm32f401rct6/Drivers/STM32F4xx_HAL_Driver/Inc/stm32f4xx_ll_adc.h ****   * @}
1076:board/stm32f401rct6/Drivers/STM32F4xx_HAL_Driver/Inc/stm32f4xx_ll_adc.h ****   */
1077:board/stm32f401rct6/Drivers/STM32F4xx_HAL_Driver/Inc/stm32f4xx_ll_adc.h **** 
1078:board/stm32f401rct6/Drivers/STM32F4xx_HAL_Driver/Inc/stm32f4xx_ll_adc.h **** /**
1079:board/stm32f401rct6/Drivers/STM32F4xx_HAL_Driver/Inc/stm32f4xx_ll_adc.h ****   * @}
1080:board/stm32f401rct6/Drivers/STM32F4xx_HAL_Driver/Inc/stm32f4xx_ll_adc.h ****   */
1081:board/stm32f401rct6/Drivers/STM32F4xx_HAL_Driver/Inc/stm32f4xx_ll_adc.h **** 
1082:board/stm32f401rct6/Drivers/STM32F4xx_HAL_Driver/Inc/stm32f4xx_ll_adc.h **** 
1083:board/stm32f401rct6/Drivers/STM32F4xx_HAL_Driver/Inc/stm32f4xx_ll_adc.h **** /* Exported macro ------------------------------------------------------------*/
1084:board/stm32f401rct6/Drivers/STM32F4xx_HAL_Driver/Inc/stm32f4xx_ll_adc.h **** /** @defgroup ADC_LL_Exported_Macros ADC Exported Macros
1085:board/stm32f401rct6/Drivers/STM32F4xx_HAL_Driver/Inc/stm32f4xx_ll_adc.h ****   * @{
1086:board/stm32f401rct6/Drivers/STM32F4xx_HAL_Driver/Inc/stm32f4xx_ll_adc.h ****   */
1087:board/stm32f401rct6/Drivers/STM32F4xx_HAL_Driver/Inc/stm32f4xx_ll_adc.h **** 
1088:board/stm32f401rct6/Drivers/STM32F4xx_HAL_Driver/Inc/stm32f4xx_ll_adc.h **** /** @defgroup ADC_LL_EM_WRITE_READ Common write and read registers Macros
1089:board/stm32f401rct6/Drivers/STM32F4xx_HAL_Driver/Inc/stm32f4xx_ll_adc.h ****   * @{
1090:board/stm32f401rct6/Drivers/STM32F4xx_HAL_Driver/Inc/stm32f4xx_ll_adc.h ****   */
1091:board/stm32f401rct6/Drivers/STM32F4xx_HAL_Driver/Inc/stm32f4xx_ll_adc.h **** 
1092:board/stm32f401rct6/Drivers/STM32F4xx_HAL_Driver/Inc/stm32f4xx_ll_adc.h **** /**
ARM GAS  C:\Users\Admin\AppData\Local\Temp\ccHarYQc.s 			page 62


1093:board/stm32f401rct6/Drivers/STM32F4xx_HAL_Driver/Inc/stm32f4xx_ll_adc.h ****   * @brief  Write a value in ADC register
1094:board/stm32f401rct6/Drivers/STM32F4xx_HAL_Driver/Inc/stm32f4xx_ll_adc.h ****   * @param  __INSTANCE__ ADC Instance
1095:board/stm32f401rct6/Drivers/STM32F4xx_HAL_Driver/Inc/stm32f4xx_ll_adc.h ****   * @param  __REG__ Register to be written
1096:board/stm32f401rct6/Drivers/STM32F4xx_HAL_Driver/Inc/stm32f4xx_ll_adc.h ****   * @param  __VALUE__ Value to be written in the register
1097:board/stm32f401rct6/Drivers/STM32F4xx_HAL_Driver/Inc/stm32f4xx_ll_adc.h ****   * @retval None
1098:board/stm32f401rct6/Drivers/STM32F4xx_HAL_Driver/Inc/stm32f4xx_ll_adc.h ****   */
1099:board/stm32f401rct6/Drivers/STM32F4xx_HAL_Driver/Inc/stm32f4xx_ll_adc.h **** #define LL_ADC_WriteReg(__INSTANCE__, __REG__, __VALUE__) WRITE_REG(__INSTANCE__->__REG__, (__VALUE
1100:board/stm32f401rct6/Drivers/STM32F4xx_HAL_Driver/Inc/stm32f4xx_ll_adc.h **** 
1101:board/stm32f401rct6/Drivers/STM32F4xx_HAL_Driver/Inc/stm32f4xx_ll_adc.h **** /**
1102:board/stm32f401rct6/Drivers/STM32F4xx_HAL_Driver/Inc/stm32f4xx_ll_adc.h ****   * @brief  Read a value in ADC register
1103:board/stm32f401rct6/Drivers/STM32F4xx_HAL_Driver/Inc/stm32f4xx_ll_adc.h ****   * @param  __INSTANCE__ ADC Instance
1104:board/stm32f401rct6/Drivers/STM32F4xx_HAL_Driver/Inc/stm32f4xx_ll_adc.h ****   * @param  __REG__ Register to be read
1105:board/stm32f401rct6/Drivers/STM32F4xx_HAL_Driver/Inc/stm32f4xx_ll_adc.h ****   * @retval Register value
1106:board/stm32f401rct6/Drivers/STM32F4xx_HAL_Driver/Inc/stm32f4xx_ll_adc.h ****   */
1107:board/stm32f401rct6/Drivers/STM32F4xx_HAL_Driver/Inc/stm32f4xx_ll_adc.h **** #define LL_ADC_ReadReg(__INSTANCE__, __REG__) READ_REG(__INSTANCE__->__REG__)
1108:board/stm32f401rct6/Drivers/STM32F4xx_HAL_Driver/Inc/stm32f4xx_ll_adc.h **** /**
1109:board/stm32f401rct6/Drivers/STM32F4xx_HAL_Driver/Inc/stm32f4xx_ll_adc.h ****   * @}
1110:board/stm32f401rct6/Drivers/STM32F4xx_HAL_Driver/Inc/stm32f4xx_ll_adc.h ****   */
1111:board/stm32f401rct6/Drivers/STM32F4xx_HAL_Driver/Inc/stm32f4xx_ll_adc.h **** 
1112:board/stm32f401rct6/Drivers/STM32F4xx_HAL_Driver/Inc/stm32f4xx_ll_adc.h **** /** @defgroup ADC_LL_EM_HELPER_MACRO ADC helper macro
1113:board/stm32f401rct6/Drivers/STM32F4xx_HAL_Driver/Inc/stm32f4xx_ll_adc.h ****   * @{
1114:board/stm32f401rct6/Drivers/STM32F4xx_HAL_Driver/Inc/stm32f4xx_ll_adc.h ****   */
1115:board/stm32f401rct6/Drivers/STM32F4xx_HAL_Driver/Inc/stm32f4xx_ll_adc.h **** 
1116:board/stm32f401rct6/Drivers/STM32F4xx_HAL_Driver/Inc/stm32f4xx_ll_adc.h **** /**
1117:board/stm32f401rct6/Drivers/STM32F4xx_HAL_Driver/Inc/stm32f4xx_ll_adc.h ****   * @brief  Helper macro to get ADC channel number in decimal format
1118:board/stm32f401rct6/Drivers/STM32F4xx_HAL_Driver/Inc/stm32f4xx_ll_adc.h ****   *         from literals LL_ADC_CHANNEL_x.
1119:board/stm32f401rct6/Drivers/STM32F4xx_HAL_Driver/Inc/stm32f4xx_ll_adc.h ****   * @note   Example:
1120:board/stm32f401rct6/Drivers/STM32F4xx_HAL_Driver/Inc/stm32f4xx_ll_adc.h ****   *           __LL_ADC_CHANNEL_TO_DECIMAL_NB(LL_ADC_CHANNEL_4)
1121:board/stm32f401rct6/Drivers/STM32F4xx_HAL_Driver/Inc/stm32f4xx_ll_adc.h ****   *           will return decimal number "4".
1122:board/stm32f401rct6/Drivers/STM32F4xx_HAL_Driver/Inc/stm32f4xx_ll_adc.h ****   * @note   The input can be a value from functions where a channel
1123:board/stm32f401rct6/Drivers/STM32F4xx_HAL_Driver/Inc/stm32f4xx_ll_adc.h ****   *         number is returned, either defined with number
1124:board/stm32f401rct6/Drivers/STM32F4xx_HAL_Driver/Inc/stm32f4xx_ll_adc.h ****   *         or with bitfield (only one bit must be set).
1125:board/stm32f401rct6/Drivers/STM32F4xx_HAL_Driver/Inc/stm32f4xx_ll_adc.h ****   * @param  __CHANNEL__ This parameter can be one of the following values:
1126:board/stm32f401rct6/Drivers/STM32F4xx_HAL_Driver/Inc/stm32f4xx_ll_adc.h ****   *         @arg @ref LL_ADC_CHANNEL_0
1127:board/stm32f401rct6/Drivers/STM32F4xx_HAL_Driver/Inc/stm32f4xx_ll_adc.h ****   *         @arg @ref LL_ADC_CHANNEL_1
1128:board/stm32f401rct6/Drivers/STM32F4xx_HAL_Driver/Inc/stm32f4xx_ll_adc.h ****   *         @arg @ref LL_ADC_CHANNEL_2
1129:board/stm32f401rct6/Drivers/STM32F4xx_HAL_Driver/Inc/stm32f4xx_ll_adc.h ****   *         @arg @ref LL_ADC_CHANNEL_3
1130:board/stm32f401rct6/Drivers/STM32F4xx_HAL_Driver/Inc/stm32f4xx_ll_adc.h ****   *         @arg @ref LL_ADC_CHANNEL_4
1131:board/stm32f401rct6/Drivers/STM32F4xx_HAL_Driver/Inc/stm32f4xx_ll_adc.h ****   *         @arg @ref LL_ADC_CHANNEL_5
1132:board/stm32f401rct6/Drivers/STM32F4xx_HAL_Driver/Inc/stm32f4xx_ll_adc.h ****   *         @arg @ref LL_ADC_CHANNEL_6
1133:board/stm32f401rct6/Drivers/STM32F4xx_HAL_Driver/Inc/stm32f4xx_ll_adc.h ****   *         @arg @ref LL_ADC_CHANNEL_7
1134:board/stm32f401rct6/Drivers/STM32F4xx_HAL_Driver/Inc/stm32f4xx_ll_adc.h ****   *         @arg @ref LL_ADC_CHANNEL_8
1135:board/stm32f401rct6/Drivers/STM32F4xx_HAL_Driver/Inc/stm32f4xx_ll_adc.h ****   *         @arg @ref LL_ADC_CHANNEL_9
1136:board/stm32f401rct6/Drivers/STM32F4xx_HAL_Driver/Inc/stm32f4xx_ll_adc.h ****   *         @arg @ref LL_ADC_CHANNEL_10
1137:board/stm32f401rct6/Drivers/STM32F4xx_HAL_Driver/Inc/stm32f4xx_ll_adc.h ****   *         @arg @ref LL_ADC_CHANNEL_11
1138:board/stm32f401rct6/Drivers/STM32F4xx_HAL_Driver/Inc/stm32f4xx_ll_adc.h ****   *         @arg @ref LL_ADC_CHANNEL_12
1139:board/stm32f401rct6/Drivers/STM32F4xx_HAL_Driver/Inc/stm32f4xx_ll_adc.h ****   *         @arg @ref LL_ADC_CHANNEL_13
1140:board/stm32f401rct6/Drivers/STM32F4xx_HAL_Driver/Inc/stm32f4xx_ll_adc.h ****   *         @arg @ref LL_ADC_CHANNEL_14
1141:board/stm32f401rct6/Drivers/STM32F4xx_HAL_Driver/Inc/stm32f4xx_ll_adc.h ****   *         @arg @ref LL_ADC_CHANNEL_15
1142:board/stm32f401rct6/Drivers/STM32F4xx_HAL_Driver/Inc/stm32f4xx_ll_adc.h ****   *         @arg @ref LL_ADC_CHANNEL_16
1143:board/stm32f401rct6/Drivers/STM32F4xx_HAL_Driver/Inc/stm32f4xx_ll_adc.h ****   *         @arg @ref LL_ADC_CHANNEL_17
1144:board/stm32f401rct6/Drivers/STM32F4xx_HAL_Driver/Inc/stm32f4xx_ll_adc.h ****   *         @arg @ref LL_ADC_CHANNEL_18
1145:board/stm32f401rct6/Drivers/STM32F4xx_HAL_Driver/Inc/stm32f4xx_ll_adc.h ****   *         @arg @ref LL_ADC_CHANNEL_VREFINT      (1)
1146:board/stm32f401rct6/Drivers/STM32F4xx_HAL_Driver/Inc/stm32f4xx_ll_adc.h ****   *         @arg @ref LL_ADC_CHANNEL_TEMPSENSOR   (1)(2)
1147:board/stm32f401rct6/Drivers/STM32F4xx_HAL_Driver/Inc/stm32f4xx_ll_adc.h ****   *         @arg @ref LL_ADC_CHANNEL_VBAT         (1)
1148:board/stm32f401rct6/Drivers/STM32F4xx_HAL_Driver/Inc/stm32f4xx_ll_adc.h ****   *
1149:board/stm32f401rct6/Drivers/STM32F4xx_HAL_Driver/Inc/stm32f4xx_ll_adc.h ****   *         (1) On STM32F4, parameter available only on ADC instance: ADC1.\n
ARM GAS  C:\Users\Admin\AppData\Local\Temp\ccHarYQc.s 			page 63


1150:board/stm32f401rct6/Drivers/STM32F4xx_HAL_Driver/Inc/stm32f4xx_ll_adc.h ****   *         (2) On devices STM32F42x and STM32F43x, limitation: this internal channel is shared bet
1151:board/stm32f401rct6/Drivers/STM32F4xx_HAL_Driver/Inc/stm32f4xx_ll_adc.h ****   * @retval Value between Min_Data=0 and Max_Data=18
1152:board/stm32f401rct6/Drivers/STM32F4xx_HAL_Driver/Inc/stm32f4xx_ll_adc.h ****   */
1153:board/stm32f401rct6/Drivers/STM32F4xx_HAL_Driver/Inc/stm32f4xx_ll_adc.h **** #define __LL_ADC_CHANNEL_TO_DECIMAL_NB(__CHANNEL__)                                        \
1154:board/stm32f401rct6/Drivers/STM32F4xx_HAL_Driver/Inc/stm32f4xx_ll_adc.h ****   (((__CHANNEL__) & ADC_CHANNEL_ID_NUMBER_MASK) >> ADC_CHANNEL_ID_NUMBER_BITOFFSET_POS)
1155:board/stm32f401rct6/Drivers/STM32F4xx_HAL_Driver/Inc/stm32f4xx_ll_adc.h **** 
1156:board/stm32f401rct6/Drivers/STM32F4xx_HAL_Driver/Inc/stm32f4xx_ll_adc.h **** /**
1157:board/stm32f401rct6/Drivers/STM32F4xx_HAL_Driver/Inc/stm32f4xx_ll_adc.h ****   * @brief  Helper macro to get ADC channel in literal format LL_ADC_CHANNEL_x
1158:board/stm32f401rct6/Drivers/STM32F4xx_HAL_Driver/Inc/stm32f4xx_ll_adc.h ****   *         from number in decimal format.
1159:board/stm32f401rct6/Drivers/STM32F4xx_HAL_Driver/Inc/stm32f4xx_ll_adc.h ****   * @note   Example:
1160:board/stm32f401rct6/Drivers/STM32F4xx_HAL_Driver/Inc/stm32f4xx_ll_adc.h ****   *           __LL_ADC_DECIMAL_NB_TO_CHANNEL(4)
1161:board/stm32f401rct6/Drivers/STM32F4xx_HAL_Driver/Inc/stm32f4xx_ll_adc.h ****   *           will return a data equivalent to "LL_ADC_CHANNEL_4".
1162:board/stm32f401rct6/Drivers/STM32F4xx_HAL_Driver/Inc/stm32f4xx_ll_adc.h ****   * @param  __DECIMAL_NB__ Value between Min_Data=0 and Max_Data=18
1163:board/stm32f401rct6/Drivers/STM32F4xx_HAL_Driver/Inc/stm32f4xx_ll_adc.h ****   * @retval Returned value can be one of the following values:
1164:board/stm32f401rct6/Drivers/STM32F4xx_HAL_Driver/Inc/stm32f4xx_ll_adc.h ****   *         @arg @ref LL_ADC_CHANNEL_0
1165:board/stm32f401rct6/Drivers/STM32F4xx_HAL_Driver/Inc/stm32f4xx_ll_adc.h ****   *         @arg @ref LL_ADC_CHANNEL_1
1166:board/stm32f401rct6/Drivers/STM32F4xx_HAL_Driver/Inc/stm32f4xx_ll_adc.h ****   *         @arg @ref LL_ADC_CHANNEL_2
1167:board/stm32f401rct6/Drivers/STM32F4xx_HAL_Driver/Inc/stm32f4xx_ll_adc.h ****   *         @arg @ref LL_ADC_CHANNEL_3
1168:board/stm32f401rct6/Drivers/STM32F4xx_HAL_Driver/Inc/stm32f4xx_ll_adc.h ****   *         @arg @ref LL_ADC_CHANNEL_4
1169:board/stm32f401rct6/Drivers/STM32F4xx_HAL_Driver/Inc/stm32f4xx_ll_adc.h ****   *         @arg @ref LL_ADC_CHANNEL_5
1170:board/stm32f401rct6/Drivers/STM32F4xx_HAL_Driver/Inc/stm32f4xx_ll_adc.h ****   *         @arg @ref LL_ADC_CHANNEL_6
1171:board/stm32f401rct6/Drivers/STM32F4xx_HAL_Driver/Inc/stm32f4xx_ll_adc.h ****   *         @arg @ref LL_ADC_CHANNEL_7
1172:board/stm32f401rct6/Drivers/STM32F4xx_HAL_Driver/Inc/stm32f4xx_ll_adc.h ****   *         @arg @ref LL_ADC_CHANNEL_8
1173:board/stm32f401rct6/Drivers/STM32F4xx_HAL_Driver/Inc/stm32f4xx_ll_adc.h ****   *         @arg @ref LL_ADC_CHANNEL_9
1174:board/stm32f401rct6/Drivers/STM32F4xx_HAL_Driver/Inc/stm32f4xx_ll_adc.h ****   *         @arg @ref LL_ADC_CHANNEL_10
1175:board/stm32f401rct6/Drivers/STM32F4xx_HAL_Driver/Inc/stm32f4xx_ll_adc.h ****   *         @arg @ref LL_ADC_CHANNEL_11
1176:board/stm32f401rct6/Drivers/STM32F4xx_HAL_Driver/Inc/stm32f4xx_ll_adc.h ****   *         @arg @ref LL_ADC_CHANNEL_12
1177:board/stm32f401rct6/Drivers/STM32F4xx_HAL_Driver/Inc/stm32f4xx_ll_adc.h ****   *         @arg @ref LL_ADC_CHANNEL_13
1178:board/stm32f401rct6/Drivers/STM32F4xx_HAL_Driver/Inc/stm32f4xx_ll_adc.h ****   *         @arg @ref LL_ADC_CHANNEL_14
1179:board/stm32f401rct6/Drivers/STM32F4xx_HAL_Driver/Inc/stm32f4xx_ll_adc.h ****   *         @arg @ref LL_ADC_CHANNEL_15
1180:board/stm32f401rct6/Drivers/STM32F4xx_HAL_Driver/Inc/stm32f4xx_ll_adc.h ****   *         @arg @ref LL_ADC_CHANNEL_16
1181:board/stm32f401rct6/Drivers/STM32F4xx_HAL_Driver/Inc/stm32f4xx_ll_adc.h ****   *         @arg @ref LL_ADC_CHANNEL_17
1182:board/stm32f401rct6/Drivers/STM32F4xx_HAL_Driver/Inc/stm32f4xx_ll_adc.h ****   *         @arg @ref LL_ADC_CHANNEL_18
1183:board/stm32f401rct6/Drivers/STM32F4xx_HAL_Driver/Inc/stm32f4xx_ll_adc.h ****   *         @arg @ref LL_ADC_CHANNEL_VREFINT      (1)
1184:board/stm32f401rct6/Drivers/STM32F4xx_HAL_Driver/Inc/stm32f4xx_ll_adc.h ****   *         @arg @ref LL_ADC_CHANNEL_TEMPSENSOR   (1)(2)
1185:board/stm32f401rct6/Drivers/STM32F4xx_HAL_Driver/Inc/stm32f4xx_ll_adc.h ****   *         @arg @ref LL_ADC_CHANNEL_VBAT         (1)
1186:board/stm32f401rct6/Drivers/STM32F4xx_HAL_Driver/Inc/stm32f4xx_ll_adc.h ****   *
1187:board/stm32f401rct6/Drivers/STM32F4xx_HAL_Driver/Inc/stm32f4xx_ll_adc.h ****   *         (1) On STM32F4, parameter available only on ADC instance: ADC1.\n
1188:board/stm32f401rct6/Drivers/STM32F4xx_HAL_Driver/Inc/stm32f4xx_ll_adc.h ****   *         (2) On devices STM32F42x and STM32F43x, limitation: this internal channel is shared bet
1189:board/stm32f401rct6/Drivers/STM32F4xx_HAL_Driver/Inc/stm32f4xx_ll_adc.h ****   *         (1) For ADC channel read back from ADC register,
1190:board/stm32f401rct6/Drivers/STM32F4xx_HAL_Driver/Inc/stm32f4xx_ll_adc.h ****   *             comparison with internal channel parameter to be done
1191:board/stm32f401rct6/Drivers/STM32F4xx_HAL_Driver/Inc/stm32f4xx_ll_adc.h ****   *             using helper macro @ref __LL_ADC_CHANNEL_INTERNAL_TO_EXTERNAL().
1192:board/stm32f401rct6/Drivers/STM32F4xx_HAL_Driver/Inc/stm32f4xx_ll_adc.h ****   */
1193:board/stm32f401rct6/Drivers/STM32F4xx_HAL_Driver/Inc/stm32f4xx_ll_adc.h **** #define __LL_ADC_DECIMAL_NB_TO_CHANNEL(__DECIMAL_NB__)                                             
1194:board/stm32f401rct6/Drivers/STM32F4xx_HAL_Driver/Inc/stm32f4xx_ll_adc.h ****   (((__DECIMAL_NB__) <= 9UL)                                                                       
1195:board/stm32f401rct6/Drivers/STM32F4xx_HAL_Driver/Inc/stm32f4xx_ll_adc.h ****     ? (                                                                                            
1196:board/stm32f401rct6/Drivers/STM32F4xx_HAL_Driver/Inc/stm32f4xx_ll_adc.h ****        ((__DECIMAL_NB__) << ADC_CHANNEL_ID_NUMBER_BITOFFSET_POS)                                   
1197:board/stm32f401rct6/Drivers/STM32F4xx_HAL_Driver/Inc/stm32f4xx_ll_adc.h ****        (ADC_SMPR2_REGOFFSET | (((uint32_t) (3UL * (__DECIMAL_NB__))) << ADC_CHANNEL_SMPx_BITOFFSET_
1198:board/stm32f401rct6/Drivers/STM32F4xx_HAL_Driver/Inc/stm32f4xx_ll_adc.h ****       )                                                                                            
1199:board/stm32f401rct6/Drivers/STM32F4xx_HAL_Driver/Inc/stm32f4xx_ll_adc.h ****       :                                                                                            
1200:board/stm32f401rct6/Drivers/STM32F4xx_HAL_Driver/Inc/stm32f4xx_ll_adc.h ****       (                                                                                            
1201:board/stm32f401rct6/Drivers/STM32F4xx_HAL_Driver/Inc/stm32f4xx_ll_adc.h ****        ((__DECIMAL_NB__) << ADC_CHANNEL_ID_NUMBER_BITOFFSET_POS)                                   
1202:board/stm32f401rct6/Drivers/STM32F4xx_HAL_Driver/Inc/stm32f4xx_ll_adc.h ****        (ADC_SMPR1_REGOFFSET | (((uint32_t) (3UL * ((__DECIMAL_NB__) - 10UL))) << ADC_CHANNEL_SMPx_B
1203:board/stm32f401rct6/Drivers/STM32F4xx_HAL_Driver/Inc/stm32f4xx_ll_adc.h ****       )                                                                                            
1204:board/stm32f401rct6/Drivers/STM32F4xx_HAL_Driver/Inc/stm32f4xx_ll_adc.h ****   )
1205:board/stm32f401rct6/Drivers/STM32F4xx_HAL_Driver/Inc/stm32f4xx_ll_adc.h **** 
1206:board/stm32f401rct6/Drivers/STM32F4xx_HAL_Driver/Inc/stm32f4xx_ll_adc.h **** /**
ARM GAS  C:\Users\Admin\AppData\Local\Temp\ccHarYQc.s 			page 64


1207:board/stm32f401rct6/Drivers/STM32F4xx_HAL_Driver/Inc/stm32f4xx_ll_adc.h ****   * @brief  Helper macro to determine whether the selected channel
1208:board/stm32f401rct6/Drivers/STM32F4xx_HAL_Driver/Inc/stm32f4xx_ll_adc.h ****   *         corresponds to literal definitions of driver.
1209:board/stm32f401rct6/Drivers/STM32F4xx_HAL_Driver/Inc/stm32f4xx_ll_adc.h ****   * @note   The different literal definitions of ADC channels are:
1210:board/stm32f401rct6/Drivers/STM32F4xx_HAL_Driver/Inc/stm32f4xx_ll_adc.h ****   *         - ADC internal channel:
1211:board/stm32f401rct6/Drivers/STM32F4xx_HAL_Driver/Inc/stm32f4xx_ll_adc.h ****   *           LL_ADC_CHANNEL_VREFINT, LL_ADC_CHANNEL_TEMPSENSOR, ...
1212:board/stm32f401rct6/Drivers/STM32F4xx_HAL_Driver/Inc/stm32f4xx_ll_adc.h ****   *         - ADC external channel (channel connected to a GPIO pin):
1213:board/stm32f401rct6/Drivers/STM32F4xx_HAL_Driver/Inc/stm32f4xx_ll_adc.h ****   *           LL_ADC_CHANNEL_1, LL_ADC_CHANNEL_2, ...
1214:board/stm32f401rct6/Drivers/STM32F4xx_HAL_Driver/Inc/stm32f4xx_ll_adc.h ****   * @note   The channel parameter must be a value defined from literal
1215:board/stm32f401rct6/Drivers/STM32F4xx_HAL_Driver/Inc/stm32f4xx_ll_adc.h ****   *         definition of a ADC internal channel (LL_ADC_CHANNEL_VREFINT,
1216:board/stm32f401rct6/Drivers/STM32F4xx_HAL_Driver/Inc/stm32f4xx_ll_adc.h ****   *         LL_ADC_CHANNEL_TEMPSENSOR, ...),
1217:board/stm32f401rct6/Drivers/STM32F4xx_HAL_Driver/Inc/stm32f4xx_ll_adc.h ****   *         ADC external channel (LL_ADC_CHANNEL_1, LL_ADC_CHANNEL_2, ...),
1218:board/stm32f401rct6/Drivers/STM32F4xx_HAL_Driver/Inc/stm32f4xx_ll_adc.h ****   *         must not be a value from functions where a channel number is
1219:board/stm32f401rct6/Drivers/STM32F4xx_HAL_Driver/Inc/stm32f4xx_ll_adc.h ****   *         returned from ADC registers,
1220:board/stm32f401rct6/Drivers/STM32F4xx_HAL_Driver/Inc/stm32f4xx_ll_adc.h ****   *         because internal and external channels share the same channel
1221:board/stm32f401rct6/Drivers/STM32F4xx_HAL_Driver/Inc/stm32f4xx_ll_adc.h ****   *         number in ADC registers. The differentiation is made only with
1222:board/stm32f401rct6/Drivers/STM32F4xx_HAL_Driver/Inc/stm32f4xx_ll_adc.h ****   *         parameters definitions of driver.
1223:board/stm32f401rct6/Drivers/STM32F4xx_HAL_Driver/Inc/stm32f4xx_ll_adc.h ****   * @param  __CHANNEL__ This parameter can be one of the following values:
1224:board/stm32f401rct6/Drivers/STM32F4xx_HAL_Driver/Inc/stm32f4xx_ll_adc.h ****   *         @arg @ref LL_ADC_CHANNEL_0
1225:board/stm32f401rct6/Drivers/STM32F4xx_HAL_Driver/Inc/stm32f4xx_ll_adc.h ****   *         @arg @ref LL_ADC_CHANNEL_1
1226:board/stm32f401rct6/Drivers/STM32F4xx_HAL_Driver/Inc/stm32f4xx_ll_adc.h ****   *         @arg @ref LL_ADC_CHANNEL_2
1227:board/stm32f401rct6/Drivers/STM32F4xx_HAL_Driver/Inc/stm32f4xx_ll_adc.h ****   *         @arg @ref LL_ADC_CHANNEL_3
1228:board/stm32f401rct6/Drivers/STM32F4xx_HAL_Driver/Inc/stm32f4xx_ll_adc.h ****   *         @arg @ref LL_ADC_CHANNEL_4
1229:board/stm32f401rct6/Drivers/STM32F4xx_HAL_Driver/Inc/stm32f4xx_ll_adc.h ****   *         @arg @ref LL_ADC_CHANNEL_5
1230:board/stm32f401rct6/Drivers/STM32F4xx_HAL_Driver/Inc/stm32f4xx_ll_adc.h ****   *         @arg @ref LL_ADC_CHANNEL_6
1231:board/stm32f401rct6/Drivers/STM32F4xx_HAL_Driver/Inc/stm32f4xx_ll_adc.h ****   *         @arg @ref LL_ADC_CHANNEL_7
1232:board/stm32f401rct6/Drivers/STM32F4xx_HAL_Driver/Inc/stm32f4xx_ll_adc.h ****   *         @arg @ref LL_ADC_CHANNEL_8
1233:board/stm32f401rct6/Drivers/STM32F4xx_HAL_Driver/Inc/stm32f4xx_ll_adc.h ****   *         @arg @ref LL_ADC_CHANNEL_9
1234:board/stm32f401rct6/Drivers/STM32F4xx_HAL_Driver/Inc/stm32f4xx_ll_adc.h ****   *         @arg @ref LL_ADC_CHANNEL_10
1235:board/stm32f401rct6/Drivers/STM32F4xx_HAL_Driver/Inc/stm32f4xx_ll_adc.h ****   *         @arg @ref LL_ADC_CHANNEL_11
1236:board/stm32f401rct6/Drivers/STM32F4xx_HAL_Driver/Inc/stm32f4xx_ll_adc.h ****   *         @arg @ref LL_ADC_CHANNEL_12
1237:board/stm32f401rct6/Drivers/STM32F4xx_HAL_Driver/Inc/stm32f4xx_ll_adc.h ****   *         @arg @ref LL_ADC_CHANNEL_13
1238:board/stm32f401rct6/Drivers/STM32F4xx_HAL_Driver/Inc/stm32f4xx_ll_adc.h ****   *         @arg @ref LL_ADC_CHANNEL_14
1239:board/stm32f401rct6/Drivers/STM32F4xx_HAL_Driver/Inc/stm32f4xx_ll_adc.h ****   *         @arg @ref LL_ADC_CHANNEL_15
1240:board/stm32f401rct6/Drivers/STM32F4xx_HAL_Driver/Inc/stm32f4xx_ll_adc.h ****   *         @arg @ref LL_ADC_CHANNEL_16
1241:board/stm32f401rct6/Drivers/STM32F4xx_HAL_Driver/Inc/stm32f4xx_ll_adc.h ****   *         @arg @ref LL_ADC_CHANNEL_17
1242:board/stm32f401rct6/Drivers/STM32F4xx_HAL_Driver/Inc/stm32f4xx_ll_adc.h ****   *         @arg @ref LL_ADC_CHANNEL_18
1243:board/stm32f401rct6/Drivers/STM32F4xx_HAL_Driver/Inc/stm32f4xx_ll_adc.h ****   *         @arg @ref LL_ADC_CHANNEL_VREFINT      (1)
1244:board/stm32f401rct6/Drivers/STM32F4xx_HAL_Driver/Inc/stm32f4xx_ll_adc.h ****   *         @arg @ref LL_ADC_CHANNEL_TEMPSENSOR   (1)(2)
1245:board/stm32f401rct6/Drivers/STM32F4xx_HAL_Driver/Inc/stm32f4xx_ll_adc.h ****   *         @arg @ref LL_ADC_CHANNEL_VBAT         (1)
1246:board/stm32f401rct6/Drivers/STM32F4xx_HAL_Driver/Inc/stm32f4xx_ll_adc.h ****   *
1247:board/stm32f401rct6/Drivers/STM32F4xx_HAL_Driver/Inc/stm32f4xx_ll_adc.h ****   *         (1) On STM32F4, parameter available only on ADC instance: ADC1.\n
1248:board/stm32f401rct6/Drivers/STM32F4xx_HAL_Driver/Inc/stm32f4xx_ll_adc.h ****   *         (2) On devices STM32F42x and STM32F43x, limitation: this internal channel is shared bet
1249:board/stm32f401rct6/Drivers/STM32F4xx_HAL_Driver/Inc/stm32f4xx_ll_adc.h ****   * @retval Value "0" if the channel corresponds to a parameter definition of a ADC external channe
1250:board/stm32f401rct6/Drivers/STM32F4xx_HAL_Driver/Inc/stm32f4xx_ll_adc.h ****   *         Value "1" if the channel corresponds to a parameter definition of a ADC internal channe
1251:board/stm32f401rct6/Drivers/STM32F4xx_HAL_Driver/Inc/stm32f4xx_ll_adc.h ****   */
1252:board/stm32f401rct6/Drivers/STM32F4xx_HAL_Driver/Inc/stm32f4xx_ll_adc.h **** #define __LL_ADC_IS_CHANNEL_INTERNAL(__CHANNEL__)                              \
1253:board/stm32f401rct6/Drivers/STM32F4xx_HAL_Driver/Inc/stm32f4xx_ll_adc.h ****   (((__CHANNEL__) & ADC_CHANNEL_ID_INTERNAL_CH_MASK) != 0UL)
1254:board/stm32f401rct6/Drivers/STM32F4xx_HAL_Driver/Inc/stm32f4xx_ll_adc.h **** 
1255:board/stm32f401rct6/Drivers/STM32F4xx_HAL_Driver/Inc/stm32f4xx_ll_adc.h **** /**
1256:board/stm32f401rct6/Drivers/STM32F4xx_HAL_Driver/Inc/stm32f4xx_ll_adc.h ****   * @brief  Helper macro to convert a channel defined from parameter
1257:board/stm32f401rct6/Drivers/STM32F4xx_HAL_Driver/Inc/stm32f4xx_ll_adc.h ****   *         definition of a ADC internal channel (LL_ADC_CHANNEL_VREFINT,
1258:board/stm32f401rct6/Drivers/STM32F4xx_HAL_Driver/Inc/stm32f4xx_ll_adc.h ****   *         LL_ADC_CHANNEL_TEMPSENSOR, ...),
1259:board/stm32f401rct6/Drivers/STM32F4xx_HAL_Driver/Inc/stm32f4xx_ll_adc.h ****   *         to its equivalent parameter definition of a ADC external channel
1260:board/stm32f401rct6/Drivers/STM32F4xx_HAL_Driver/Inc/stm32f4xx_ll_adc.h ****   *         (LL_ADC_CHANNEL_1, LL_ADC_CHANNEL_2, ...).
1261:board/stm32f401rct6/Drivers/STM32F4xx_HAL_Driver/Inc/stm32f4xx_ll_adc.h ****   * @note   The channel parameter can be, additionally to a value
1262:board/stm32f401rct6/Drivers/STM32F4xx_HAL_Driver/Inc/stm32f4xx_ll_adc.h ****   *         defined from parameter definition of a ADC internal channel
1263:board/stm32f401rct6/Drivers/STM32F4xx_HAL_Driver/Inc/stm32f4xx_ll_adc.h ****   *         (LL_ADC_CHANNEL_VREFINT, LL_ADC_CHANNEL_TEMPSENSOR, ...),
ARM GAS  C:\Users\Admin\AppData\Local\Temp\ccHarYQc.s 			page 65


1264:board/stm32f401rct6/Drivers/STM32F4xx_HAL_Driver/Inc/stm32f4xx_ll_adc.h ****   *         a value defined from parameter definition of
1265:board/stm32f401rct6/Drivers/STM32F4xx_HAL_Driver/Inc/stm32f4xx_ll_adc.h ****   *         ADC external channel (LL_ADC_CHANNEL_1, LL_ADC_CHANNEL_2, ...)
1266:board/stm32f401rct6/Drivers/STM32F4xx_HAL_Driver/Inc/stm32f4xx_ll_adc.h ****   *         or a value from functions where a channel number is returned
1267:board/stm32f401rct6/Drivers/STM32F4xx_HAL_Driver/Inc/stm32f4xx_ll_adc.h ****   *         from ADC registers.
1268:board/stm32f401rct6/Drivers/STM32F4xx_HAL_Driver/Inc/stm32f4xx_ll_adc.h ****   * @param  __CHANNEL__ This parameter can be one of the following values:
1269:board/stm32f401rct6/Drivers/STM32F4xx_HAL_Driver/Inc/stm32f4xx_ll_adc.h ****   *         @arg @ref LL_ADC_CHANNEL_0
1270:board/stm32f401rct6/Drivers/STM32F4xx_HAL_Driver/Inc/stm32f4xx_ll_adc.h ****   *         @arg @ref LL_ADC_CHANNEL_1
1271:board/stm32f401rct6/Drivers/STM32F4xx_HAL_Driver/Inc/stm32f4xx_ll_adc.h ****   *         @arg @ref LL_ADC_CHANNEL_2
1272:board/stm32f401rct6/Drivers/STM32F4xx_HAL_Driver/Inc/stm32f4xx_ll_adc.h ****   *         @arg @ref LL_ADC_CHANNEL_3
1273:board/stm32f401rct6/Drivers/STM32F4xx_HAL_Driver/Inc/stm32f4xx_ll_adc.h ****   *         @arg @ref LL_ADC_CHANNEL_4
1274:board/stm32f401rct6/Drivers/STM32F4xx_HAL_Driver/Inc/stm32f4xx_ll_adc.h ****   *         @arg @ref LL_ADC_CHANNEL_5
1275:board/stm32f401rct6/Drivers/STM32F4xx_HAL_Driver/Inc/stm32f4xx_ll_adc.h ****   *         @arg @ref LL_ADC_CHANNEL_6
1276:board/stm32f401rct6/Drivers/STM32F4xx_HAL_Driver/Inc/stm32f4xx_ll_adc.h ****   *         @arg @ref LL_ADC_CHANNEL_7
1277:board/stm32f401rct6/Drivers/STM32F4xx_HAL_Driver/Inc/stm32f4xx_ll_adc.h ****   *         @arg @ref LL_ADC_CHANNEL_8
1278:board/stm32f401rct6/Drivers/STM32F4xx_HAL_Driver/Inc/stm32f4xx_ll_adc.h ****   *         @arg @ref LL_ADC_CHANNEL_9
1279:board/stm32f401rct6/Drivers/STM32F4xx_HAL_Driver/Inc/stm32f4xx_ll_adc.h ****   *         @arg @ref LL_ADC_CHANNEL_10
1280:board/stm32f401rct6/Drivers/STM32F4xx_HAL_Driver/Inc/stm32f4xx_ll_adc.h ****   *         @arg @ref LL_ADC_CHANNEL_11
1281:board/stm32f401rct6/Drivers/STM32F4xx_HAL_Driver/Inc/stm32f4xx_ll_adc.h ****   *         @arg @ref LL_ADC_CHANNEL_12
1282:board/stm32f401rct6/Drivers/STM32F4xx_HAL_Driver/Inc/stm32f4xx_ll_adc.h ****   *         @arg @ref LL_ADC_CHANNEL_13
1283:board/stm32f401rct6/Drivers/STM32F4xx_HAL_Driver/Inc/stm32f4xx_ll_adc.h ****   *         @arg @ref LL_ADC_CHANNEL_14
1284:board/stm32f401rct6/Drivers/STM32F4xx_HAL_Driver/Inc/stm32f4xx_ll_adc.h ****   *         @arg @ref LL_ADC_CHANNEL_15
1285:board/stm32f401rct6/Drivers/STM32F4xx_HAL_Driver/Inc/stm32f4xx_ll_adc.h ****   *         @arg @ref LL_ADC_CHANNEL_16
1286:board/stm32f401rct6/Drivers/STM32F4xx_HAL_Driver/Inc/stm32f4xx_ll_adc.h ****   *         @arg @ref LL_ADC_CHANNEL_17
1287:board/stm32f401rct6/Drivers/STM32F4xx_HAL_Driver/Inc/stm32f4xx_ll_adc.h ****   *         @arg @ref LL_ADC_CHANNEL_18
1288:board/stm32f401rct6/Drivers/STM32F4xx_HAL_Driver/Inc/stm32f4xx_ll_adc.h ****   *         @arg @ref LL_ADC_CHANNEL_VREFINT      (1)
1289:board/stm32f401rct6/Drivers/STM32F4xx_HAL_Driver/Inc/stm32f4xx_ll_adc.h ****   *         @arg @ref LL_ADC_CHANNEL_TEMPSENSOR   (1)(2)
1290:board/stm32f401rct6/Drivers/STM32F4xx_HAL_Driver/Inc/stm32f4xx_ll_adc.h ****   *         @arg @ref LL_ADC_CHANNEL_VBAT         (1)
1291:board/stm32f401rct6/Drivers/STM32F4xx_HAL_Driver/Inc/stm32f4xx_ll_adc.h ****   *
1292:board/stm32f401rct6/Drivers/STM32F4xx_HAL_Driver/Inc/stm32f4xx_ll_adc.h ****   *         (1) On STM32F4, parameter available only on ADC instance: ADC1.\n
1293:board/stm32f401rct6/Drivers/STM32F4xx_HAL_Driver/Inc/stm32f4xx_ll_adc.h ****   *         (2) On devices STM32F42x and STM32F43x, limitation: this internal channel is shared bet
1294:board/stm32f401rct6/Drivers/STM32F4xx_HAL_Driver/Inc/stm32f4xx_ll_adc.h ****   * @retval Returned value can be one of the following values:
1295:board/stm32f401rct6/Drivers/STM32F4xx_HAL_Driver/Inc/stm32f4xx_ll_adc.h ****   *         @arg @ref LL_ADC_CHANNEL_0
1296:board/stm32f401rct6/Drivers/STM32F4xx_HAL_Driver/Inc/stm32f4xx_ll_adc.h ****   *         @arg @ref LL_ADC_CHANNEL_1
1297:board/stm32f401rct6/Drivers/STM32F4xx_HAL_Driver/Inc/stm32f4xx_ll_adc.h ****   *         @arg @ref LL_ADC_CHANNEL_2
1298:board/stm32f401rct6/Drivers/STM32F4xx_HAL_Driver/Inc/stm32f4xx_ll_adc.h ****   *         @arg @ref LL_ADC_CHANNEL_3
1299:board/stm32f401rct6/Drivers/STM32F4xx_HAL_Driver/Inc/stm32f4xx_ll_adc.h ****   *         @arg @ref LL_ADC_CHANNEL_4
1300:board/stm32f401rct6/Drivers/STM32F4xx_HAL_Driver/Inc/stm32f4xx_ll_adc.h ****   *         @arg @ref LL_ADC_CHANNEL_5
1301:board/stm32f401rct6/Drivers/STM32F4xx_HAL_Driver/Inc/stm32f4xx_ll_adc.h ****   *         @arg @ref LL_ADC_CHANNEL_6
1302:board/stm32f401rct6/Drivers/STM32F4xx_HAL_Driver/Inc/stm32f4xx_ll_adc.h ****   *         @arg @ref LL_ADC_CHANNEL_7
1303:board/stm32f401rct6/Drivers/STM32F4xx_HAL_Driver/Inc/stm32f4xx_ll_adc.h ****   *         @arg @ref LL_ADC_CHANNEL_8
1304:board/stm32f401rct6/Drivers/STM32F4xx_HAL_Driver/Inc/stm32f4xx_ll_adc.h ****   *         @arg @ref LL_ADC_CHANNEL_9
1305:board/stm32f401rct6/Drivers/STM32F4xx_HAL_Driver/Inc/stm32f4xx_ll_adc.h ****   *         @arg @ref LL_ADC_CHANNEL_10
1306:board/stm32f401rct6/Drivers/STM32F4xx_HAL_Driver/Inc/stm32f4xx_ll_adc.h ****   *         @arg @ref LL_ADC_CHANNEL_11
1307:board/stm32f401rct6/Drivers/STM32F4xx_HAL_Driver/Inc/stm32f4xx_ll_adc.h ****   *         @arg @ref LL_ADC_CHANNEL_12
1308:board/stm32f401rct6/Drivers/STM32F4xx_HAL_Driver/Inc/stm32f4xx_ll_adc.h ****   *         @arg @ref LL_ADC_CHANNEL_13
1309:board/stm32f401rct6/Drivers/STM32F4xx_HAL_Driver/Inc/stm32f4xx_ll_adc.h ****   *         @arg @ref LL_ADC_CHANNEL_14
1310:board/stm32f401rct6/Drivers/STM32F4xx_HAL_Driver/Inc/stm32f4xx_ll_adc.h ****   *         @arg @ref LL_ADC_CHANNEL_15
1311:board/stm32f401rct6/Drivers/STM32F4xx_HAL_Driver/Inc/stm32f4xx_ll_adc.h ****   *         @arg @ref LL_ADC_CHANNEL_16
1312:board/stm32f401rct6/Drivers/STM32F4xx_HAL_Driver/Inc/stm32f4xx_ll_adc.h ****   *         @arg @ref LL_ADC_CHANNEL_17
1313:board/stm32f401rct6/Drivers/STM32F4xx_HAL_Driver/Inc/stm32f4xx_ll_adc.h ****   *         @arg @ref LL_ADC_CHANNEL_18
1314:board/stm32f401rct6/Drivers/STM32F4xx_HAL_Driver/Inc/stm32f4xx_ll_adc.h ****   */
1315:board/stm32f401rct6/Drivers/STM32F4xx_HAL_Driver/Inc/stm32f4xx_ll_adc.h **** #define __LL_ADC_CHANNEL_INTERNAL_TO_EXTERNAL(__CHANNEL__)                     \
1316:board/stm32f401rct6/Drivers/STM32F4xx_HAL_Driver/Inc/stm32f4xx_ll_adc.h ****   ((__CHANNEL__) & ~ADC_CHANNEL_ID_INTERNAL_CH_MASK)
1317:board/stm32f401rct6/Drivers/STM32F4xx_HAL_Driver/Inc/stm32f4xx_ll_adc.h **** 
1318:board/stm32f401rct6/Drivers/STM32F4xx_HAL_Driver/Inc/stm32f4xx_ll_adc.h **** /**
1319:board/stm32f401rct6/Drivers/STM32F4xx_HAL_Driver/Inc/stm32f4xx_ll_adc.h ****   * @brief  Helper macro to determine whether the internal channel
1320:board/stm32f401rct6/Drivers/STM32F4xx_HAL_Driver/Inc/stm32f4xx_ll_adc.h ****   *         selected is available on the ADC instance selected.
ARM GAS  C:\Users\Admin\AppData\Local\Temp\ccHarYQc.s 			page 66


1321:board/stm32f401rct6/Drivers/STM32F4xx_HAL_Driver/Inc/stm32f4xx_ll_adc.h ****   * @note   The channel parameter must be a value defined from parameter
1322:board/stm32f401rct6/Drivers/STM32F4xx_HAL_Driver/Inc/stm32f4xx_ll_adc.h ****   *         definition of a ADC internal channel (LL_ADC_CHANNEL_VREFINT,
1323:board/stm32f401rct6/Drivers/STM32F4xx_HAL_Driver/Inc/stm32f4xx_ll_adc.h ****   *         LL_ADC_CHANNEL_TEMPSENSOR, ...),
1324:board/stm32f401rct6/Drivers/STM32F4xx_HAL_Driver/Inc/stm32f4xx_ll_adc.h ****   *         must not be a value defined from parameter definition of
1325:board/stm32f401rct6/Drivers/STM32F4xx_HAL_Driver/Inc/stm32f4xx_ll_adc.h ****   *         ADC external channel (LL_ADC_CHANNEL_1, LL_ADC_CHANNEL_2, ...)
1326:board/stm32f401rct6/Drivers/STM32F4xx_HAL_Driver/Inc/stm32f4xx_ll_adc.h ****   *         or a value from functions where a channel number is
1327:board/stm32f401rct6/Drivers/STM32F4xx_HAL_Driver/Inc/stm32f4xx_ll_adc.h ****   *         returned from ADC registers,
1328:board/stm32f401rct6/Drivers/STM32F4xx_HAL_Driver/Inc/stm32f4xx_ll_adc.h ****   *         because internal and external channels share the same channel
1329:board/stm32f401rct6/Drivers/STM32F4xx_HAL_Driver/Inc/stm32f4xx_ll_adc.h ****   *         number in ADC registers. The differentiation is made only with
1330:board/stm32f401rct6/Drivers/STM32F4xx_HAL_Driver/Inc/stm32f4xx_ll_adc.h ****   *         parameters definitions of driver.
1331:board/stm32f401rct6/Drivers/STM32F4xx_HAL_Driver/Inc/stm32f4xx_ll_adc.h ****   * @param  __ADC_INSTANCE__ ADC instance
1332:board/stm32f401rct6/Drivers/STM32F4xx_HAL_Driver/Inc/stm32f4xx_ll_adc.h ****   * @param  __CHANNEL__ This parameter can be one of the following values:
1333:board/stm32f401rct6/Drivers/STM32F4xx_HAL_Driver/Inc/stm32f4xx_ll_adc.h ****   *         @arg @ref LL_ADC_CHANNEL_VREFINT      (1)
1334:board/stm32f401rct6/Drivers/STM32F4xx_HAL_Driver/Inc/stm32f4xx_ll_adc.h ****   *         @arg @ref LL_ADC_CHANNEL_TEMPSENSOR   (1)(2)
1335:board/stm32f401rct6/Drivers/STM32F4xx_HAL_Driver/Inc/stm32f4xx_ll_adc.h ****   *         @arg @ref LL_ADC_CHANNEL_VBAT         (1)
1336:board/stm32f401rct6/Drivers/STM32F4xx_HAL_Driver/Inc/stm32f4xx_ll_adc.h ****   *
1337:board/stm32f401rct6/Drivers/STM32F4xx_HAL_Driver/Inc/stm32f4xx_ll_adc.h ****   *         (1) On STM32F4, parameter available only on ADC instance: ADC1.
1338:board/stm32f401rct6/Drivers/STM32F4xx_HAL_Driver/Inc/stm32f4xx_ll_adc.h ****   *         (2) On devices STM32F42x and STM32F43x, limitation: this internal channel is shared bet
1339:board/stm32f401rct6/Drivers/STM32F4xx_HAL_Driver/Inc/stm32f4xx_ll_adc.h ****   * @retval Value "0" if the internal channel selected is not available on the ADC instance selecte
1340:board/stm32f401rct6/Drivers/STM32F4xx_HAL_Driver/Inc/stm32f4xx_ll_adc.h ****   *         Value "1" if the internal channel selected is available on the ADC instance selected.
1341:board/stm32f401rct6/Drivers/STM32F4xx_HAL_Driver/Inc/stm32f4xx_ll_adc.h ****   */
1342:board/stm32f401rct6/Drivers/STM32F4xx_HAL_Driver/Inc/stm32f4xx_ll_adc.h **** #define __LL_ADC_IS_CHANNEL_INTERNAL_AVAILABLE(__ADC_INSTANCE__, __CHANNEL__)  \
1343:board/stm32f401rct6/Drivers/STM32F4xx_HAL_Driver/Inc/stm32f4xx_ll_adc.h ****   (                                                                            \
1344:board/stm32f401rct6/Drivers/STM32F4xx_HAL_Driver/Inc/stm32f4xx_ll_adc.h ****    ((__CHANNEL__) == LL_ADC_CHANNEL_VREFINT)    ||                             \
1345:board/stm32f401rct6/Drivers/STM32F4xx_HAL_Driver/Inc/stm32f4xx_ll_adc.h ****    ((__CHANNEL__) == LL_ADC_CHANNEL_TEMPSENSOR) ||                             \
1346:board/stm32f401rct6/Drivers/STM32F4xx_HAL_Driver/Inc/stm32f4xx_ll_adc.h ****    ((__CHANNEL__) == LL_ADC_CHANNEL_VBAT)                                      \
1347:board/stm32f401rct6/Drivers/STM32F4xx_HAL_Driver/Inc/stm32f4xx_ll_adc.h ****   )
1348:board/stm32f401rct6/Drivers/STM32F4xx_HAL_Driver/Inc/stm32f4xx_ll_adc.h **** /**
1349:board/stm32f401rct6/Drivers/STM32F4xx_HAL_Driver/Inc/stm32f4xx_ll_adc.h ****   * @brief  Helper macro to define ADC analog watchdog parameter:
1350:board/stm32f401rct6/Drivers/STM32F4xx_HAL_Driver/Inc/stm32f4xx_ll_adc.h ****   *         define a single channel to monitor with analog watchdog
1351:board/stm32f401rct6/Drivers/STM32F4xx_HAL_Driver/Inc/stm32f4xx_ll_adc.h ****   *         from sequencer channel and groups definition.
1352:board/stm32f401rct6/Drivers/STM32F4xx_HAL_Driver/Inc/stm32f4xx_ll_adc.h ****   * @note   To be used with function @ref LL_ADC_SetAnalogWDMonitChannels().
1353:board/stm32f401rct6/Drivers/STM32F4xx_HAL_Driver/Inc/stm32f4xx_ll_adc.h ****   *         Example:
1354:board/stm32f401rct6/Drivers/STM32F4xx_HAL_Driver/Inc/stm32f4xx_ll_adc.h ****   *           LL_ADC_SetAnalogWDMonitChannels(
1355:board/stm32f401rct6/Drivers/STM32F4xx_HAL_Driver/Inc/stm32f4xx_ll_adc.h ****   *             ADC1, LL_ADC_AWD1,
1356:board/stm32f401rct6/Drivers/STM32F4xx_HAL_Driver/Inc/stm32f4xx_ll_adc.h ****   *             __LL_ADC_ANALOGWD_CHANNEL_GROUP(LL_ADC_CHANNEL4, LL_ADC_GROUP_REGULAR))
1357:board/stm32f401rct6/Drivers/STM32F4xx_HAL_Driver/Inc/stm32f4xx_ll_adc.h ****   * @param  __CHANNEL__ This parameter can be one of the following values:
1358:board/stm32f401rct6/Drivers/STM32F4xx_HAL_Driver/Inc/stm32f4xx_ll_adc.h ****   *         @arg @ref LL_ADC_CHANNEL_0
1359:board/stm32f401rct6/Drivers/STM32F4xx_HAL_Driver/Inc/stm32f4xx_ll_adc.h ****   *         @arg @ref LL_ADC_CHANNEL_1
1360:board/stm32f401rct6/Drivers/STM32F4xx_HAL_Driver/Inc/stm32f4xx_ll_adc.h ****   *         @arg @ref LL_ADC_CHANNEL_2
1361:board/stm32f401rct6/Drivers/STM32F4xx_HAL_Driver/Inc/stm32f4xx_ll_adc.h ****   *         @arg @ref LL_ADC_CHANNEL_3
1362:board/stm32f401rct6/Drivers/STM32F4xx_HAL_Driver/Inc/stm32f4xx_ll_adc.h ****   *         @arg @ref LL_ADC_CHANNEL_4
1363:board/stm32f401rct6/Drivers/STM32F4xx_HAL_Driver/Inc/stm32f4xx_ll_adc.h ****   *         @arg @ref LL_ADC_CHANNEL_5
1364:board/stm32f401rct6/Drivers/STM32F4xx_HAL_Driver/Inc/stm32f4xx_ll_adc.h ****   *         @arg @ref LL_ADC_CHANNEL_6
1365:board/stm32f401rct6/Drivers/STM32F4xx_HAL_Driver/Inc/stm32f4xx_ll_adc.h ****   *         @arg @ref LL_ADC_CHANNEL_7
1366:board/stm32f401rct6/Drivers/STM32F4xx_HAL_Driver/Inc/stm32f4xx_ll_adc.h ****   *         @arg @ref LL_ADC_CHANNEL_8
1367:board/stm32f401rct6/Drivers/STM32F4xx_HAL_Driver/Inc/stm32f4xx_ll_adc.h ****   *         @arg @ref LL_ADC_CHANNEL_9
1368:board/stm32f401rct6/Drivers/STM32F4xx_HAL_Driver/Inc/stm32f4xx_ll_adc.h ****   *         @arg @ref LL_ADC_CHANNEL_10
1369:board/stm32f401rct6/Drivers/STM32F4xx_HAL_Driver/Inc/stm32f4xx_ll_adc.h ****   *         @arg @ref LL_ADC_CHANNEL_11
1370:board/stm32f401rct6/Drivers/STM32F4xx_HAL_Driver/Inc/stm32f4xx_ll_adc.h ****   *         @arg @ref LL_ADC_CHANNEL_12
1371:board/stm32f401rct6/Drivers/STM32F4xx_HAL_Driver/Inc/stm32f4xx_ll_adc.h ****   *         @arg @ref LL_ADC_CHANNEL_13
1372:board/stm32f401rct6/Drivers/STM32F4xx_HAL_Driver/Inc/stm32f4xx_ll_adc.h ****   *         @arg @ref LL_ADC_CHANNEL_14
1373:board/stm32f401rct6/Drivers/STM32F4xx_HAL_Driver/Inc/stm32f4xx_ll_adc.h ****   *         @arg @ref LL_ADC_CHANNEL_15
1374:board/stm32f401rct6/Drivers/STM32F4xx_HAL_Driver/Inc/stm32f4xx_ll_adc.h ****   *         @arg @ref LL_ADC_CHANNEL_16
1375:board/stm32f401rct6/Drivers/STM32F4xx_HAL_Driver/Inc/stm32f4xx_ll_adc.h ****   *         @arg @ref LL_ADC_CHANNEL_17
1376:board/stm32f401rct6/Drivers/STM32F4xx_HAL_Driver/Inc/stm32f4xx_ll_adc.h ****   *         @arg @ref LL_ADC_CHANNEL_18
1377:board/stm32f401rct6/Drivers/STM32F4xx_HAL_Driver/Inc/stm32f4xx_ll_adc.h ****   *         @arg @ref LL_ADC_CHANNEL_VREFINT      (1)
ARM GAS  C:\Users\Admin\AppData\Local\Temp\ccHarYQc.s 			page 67


1378:board/stm32f401rct6/Drivers/STM32F4xx_HAL_Driver/Inc/stm32f4xx_ll_adc.h ****   *         @arg @ref LL_ADC_CHANNEL_TEMPSENSOR   (1)(2)
1379:board/stm32f401rct6/Drivers/STM32F4xx_HAL_Driver/Inc/stm32f4xx_ll_adc.h ****   *         @arg @ref LL_ADC_CHANNEL_VBAT         (1)
1380:board/stm32f401rct6/Drivers/STM32F4xx_HAL_Driver/Inc/stm32f4xx_ll_adc.h ****   *
1381:board/stm32f401rct6/Drivers/STM32F4xx_HAL_Driver/Inc/stm32f4xx_ll_adc.h ****   *         (1) On STM32F4, parameter available only on ADC instance: ADC1.\n
1382:board/stm32f401rct6/Drivers/STM32F4xx_HAL_Driver/Inc/stm32f4xx_ll_adc.h ****   *         (2) On devices STM32F42x and STM32F43x, limitation: this internal channel is shared bet
1383:board/stm32f401rct6/Drivers/STM32F4xx_HAL_Driver/Inc/stm32f4xx_ll_adc.h ****   *         (1) For ADC channel read back from ADC register,
1384:board/stm32f401rct6/Drivers/STM32F4xx_HAL_Driver/Inc/stm32f4xx_ll_adc.h ****   *             comparison with internal channel parameter to be done
1385:board/stm32f401rct6/Drivers/STM32F4xx_HAL_Driver/Inc/stm32f4xx_ll_adc.h ****   *             using helper macro @ref __LL_ADC_CHANNEL_INTERNAL_TO_EXTERNAL().
1386:board/stm32f401rct6/Drivers/STM32F4xx_HAL_Driver/Inc/stm32f4xx_ll_adc.h ****   * @param  __GROUP__ This parameter can be one of the following values:
1387:board/stm32f401rct6/Drivers/STM32F4xx_HAL_Driver/Inc/stm32f4xx_ll_adc.h ****   *         @arg @ref LL_ADC_GROUP_REGULAR
1388:board/stm32f401rct6/Drivers/STM32F4xx_HAL_Driver/Inc/stm32f4xx_ll_adc.h ****   *         @arg @ref LL_ADC_GROUP_INJECTED
1389:board/stm32f401rct6/Drivers/STM32F4xx_HAL_Driver/Inc/stm32f4xx_ll_adc.h ****   *         @arg @ref LL_ADC_GROUP_REGULAR_INJECTED
1390:board/stm32f401rct6/Drivers/STM32F4xx_HAL_Driver/Inc/stm32f4xx_ll_adc.h ****   * @retval Returned value can be one of the following values:
1391:board/stm32f401rct6/Drivers/STM32F4xx_HAL_Driver/Inc/stm32f4xx_ll_adc.h ****   *         @arg @ref LL_ADC_AWD_DISABLE
1392:board/stm32f401rct6/Drivers/STM32F4xx_HAL_Driver/Inc/stm32f4xx_ll_adc.h ****   *         @arg @ref LL_ADC_AWD_ALL_CHANNELS_REG
1393:board/stm32f401rct6/Drivers/STM32F4xx_HAL_Driver/Inc/stm32f4xx_ll_adc.h ****   *         @arg @ref LL_ADC_AWD_ALL_CHANNELS_INJ
1394:board/stm32f401rct6/Drivers/STM32F4xx_HAL_Driver/Inc/stm32f4xx_ll_adc.h ****   *         @arg @ref LL_ADC_AWD_ALL_CHANNELS_REG_INJ
1395:board/stm32f401rct6/Drivers/STM32F4xx_HAL_Driver/Inc/stm32f4xx_ll_adc.h ****   *         @arg @ref LL_ADC_AWD_CHANNEL_0_REG
1396:board/stm32f401rct6/Drivers/STM32F4xx_HAL_Driver/Inc/stm32f4xx_ll_adc.h ****   *         @arg @ref LL_ADC_AWD_CHANNEL_0_INJ
1397:board/stm32f401rct6/Drivers/STM32F4xx_HAL_Driver/Inc/stm32f4xx_ll_adc.h ****   *         @arg @ref LL_ADC_AWD_CHANNEL_0_REG_INJ
1398:board/stm32f401rct6/Drivers/STM32F4xx_HAL_Driver/Inc/stm32f4xx_ll_adc.h ****   *         @arg @ref LL_ADC_AWD_CHANNEL_1_REG
1399:board/stm32f401rct6/Drivers/STM32F4xx_HAL_Driver/Inc/stm32f4xx_ll_adc.h ****   *         @arg @ref LL_ADC_AWD_CHANNEL_1_INJ
1400:board/stm32f401rct6/Drivers/STM32F4xx_HAL_Driver/Inc/stm32f4xx_ll_adc.h ****   *         @arg @ref LL_ADC_AWD_CHANNEL_1_REG_INJ
1401:board/stm32f401rct6/Drivers/STM32F4xx_HAL_Driver/Inc/stm32f4xx_ll_adc.h ****   *         @arg @ref LL_ADC_AWD_CHANNEL_2_REG
1402:board/stm32f401rct6/Drivers/STM32F4xx_HAL_Driver/Inc/stm32f4xx_ll_adc.h ****   *         @arg @ref LL_ADC_AWD_CHANNEL_2_INJ
1403:board/stm32f401rct6/Drivers/STM32F4xx_HAL_Driver/Inc/stm32f4xx_ll_adc.h ****   *         @arg @ref LL_ADC_AWD_CHANNEL_2_REG_INJ
1404:board/stm32f401rct6/Drivers/STM32F4xx_HAL_Driver/Inc/stm32f4xx_ll_adc.h ****   *         @arg @ref LL_ADC_AWD_CHANNEL_3_REG
1405:board/stm32f401rct6/Drivers/STM32F4xx_HAL_Driver/Inc/stm32f4xx_ll_adc.h ****   *         @arg @ref LL_ADC_AWD_CHANNEL_3_INJ
1406:board/stm32f401rct6/Drivers/STM32F4xx_HAL_Driver/Inc/stm32f4xx_ll_adc.h ****   *         @arg @ref LL_ADC_AWD_CHANNEL_3_REG_INJ
1407:board/stm32f401rct6/Drivers/STM32F4xx_HAL_Driver/Inc/stm32f4xx_ll_adc.h ****   *         @arg @ref LL_ADC_AWD_CHANNEL_4_REG
1408:board/stm32f401rct6/Drivers/STM32F4xx_HAL_Driver/Inc/stm32f4xx_ll_adc.h ****   *         @arg @ref LL_ADC_AWD_CHANNEL_4_INJ
1409:board/stm32f401rct6/Drivers/STM32F4xx_HAL_Driver/Inc/stm32f4xx_ll_adc.h ****   *         @arg @ref LL_ADC_AWD_CHANNEL_4_REG_INJ
1410:board/stm32f401rct6/Drivers/STM32F4xx_HAL_Driver/Inc/stm32f4xx_ll_adc.h ****   *         @arg @ref LL_ADC_AWD_CHANNEL_5_REG
1411:board/stm32f401rct6/Drivers/STM32F4xx_HAL_Driver/Inc/stm32f4xx_ll_adc.h ****   *         @arg @ref LL_ADC_AWD_CHANNEL_5_INJ
1412:board/stm32f401rct6/Drivers/STM32F4xx_HAL_Driver/Inc/stm32f4xx_ll_adc.h ****   *         @arg @ref LL_ADC_AWD_CHANNEL_5_REG_INJ
1413:board/stm32f401rct6/Drivers/STM32F4xx_HAL_Driver/Inc/stm32f4xx_ll_adc.h ****   *         @arg @ref LL_ADC_AWD_CHANNEL_6_REG
1414:board/stm32f401rct6/Drivers/STM32F4xx_HAL_Driver/Inc/stm32f4xx_ll_adc.h ****   *         @arg @ref LL_ADC_AWD_CHANNEL_6_INJ
1415:board/stm32f401rct6/Drivers/STM32F4xx_HAL_Driver/Inc/stm32f4xx_ll_adc.h ****   *         @arg @ref LL_ADC_AWD_CHANNEL_6_REG_INJ
1416:board/stm32f401rct6/Drivers/STM32F4xx_HAL_Driver/Inc/stm32f4xx_ll_adc.h ****   *         @arg @ref LL_ADC_AWD_CHANNEL_7_REG
1417:board/stm32f401rct6/Drivers/STM32F4xx_HAL_Driver/Inc/stm32f4xx_ll_adc.h ****   *         @arg @ref LL_ADC_AWD_CHANNEL_7_INJ
1418:board/stm32f401rct6/Drivers/STM32F4xx_HAL_Driver/Inc/stm32f4xx_ll_adc.h ****   *         @arg @ref LL_ADC_AWD_CHANNEL_7_REG_INJ
1419:board/stm32f401rct6/Drivers/STM32F4xx_HAL_Driver/Inc/stm32f4xx_ll_adc.h ****   *         @arg @ref LL_ADC_AWD_CHANNEL_8_REG
1420:board/stm32f401rct6/Drivers/STM32F4xx_HAL_Driver/Inc/stm32f4xx_ll_adc.h ****   *         @arg @ref LL_ADC_AWD_CHANNEL_8_INJ
1421:board/stm32f401rct6/Drivers/STM32F4xx_HAL_Driver/Inc/stm32f4xx_ll_adc.h ****   *         @arg @ref LL_ADC_AWD_CHANNEL_8_REG_INJ
1422:board/stm32f401rct6/Drivers/STM32F4xx_HAL_Driver/Inc/stm32f4xx_ll_adc.h ****   *         @arg @ref LL_ADC_AWD_CHANNEL_9_REG
1423:board/stm32f401rct6/Drivers/STM32F4xx_HAL_Driver/Inc/stm32f4xx_ll_adc.h ****   *         @arg @ref LL_ADC_AWD_CHANNEL_9_INJ
1424:board/stm32f401rct6/Drivers/STM32F4xx_HAL_Driver/Inc/stm32f4xx_ll_adc.h ****   *         @arg @ref LL_ADC_AWD_CHANNEL_9_REG_INJ
1425:board/stm32f401rct6/Drivers/STM32F4xx_HAL_Driver/Inc/stm32f4xx_ll_adc.h ****   *         @arg @ref LL_ADC_AWD_CHANNEL_10_REG
1426:board/stm32f401rct6/Drivers/STM32F4xx_HAL_Driver/Inc/stm32f4xx_ll_adc.h ****   *         @arg @ref LL_ADC_AWD_CHANNEL_10_INJ
1427:board/stm32f401rct6/Drivers/STM32F4xx_HAL_Driver/Inc/stm32f4xx_ll_adc.h ****   *         @arg @ref LL_ADC_AWD_CHANNEL_10_REG_INJ
1428:board/stm32f401rct6/Drivers/STM32F4xx_HAL_Driver/Inc/stm32f4xx_ll_adc.h ****   *         @arg @ref LL_ADC_AWD_CHANNEL_11_REG
1429:board/stm32f401rct6/Drivers/STM32F4xx_HAL_Driver/Inc/stm32f4xx_ll_adc.h ****   *         @arg @ref LL_ADC_AWD_CHANNEL_11_INJ
1430:board/stm32f401rct6/Drivers/STM32F4xx_HAL_Driver/Inc/stm32f4xx_ll_adc.h ****   *         @arg @ref LL_ADC_AWD_CHANNEL_11_REG_INJ
1431:board/stm32f401rct6/Drivers/STM32F4xx_HAL_Driver/Inc/stm32f4xx_ll_adc.h ****   *         @arg @ref LL_ADC_AWD_CHANNEL_12_REG
1432:board/stm32f401rct6/Drivers/STM32F4xx_HAL_Driver/Inc/stm32f4xx_ll_adc.h ****   *         @arg @ref LL_ADC_AWD_CHANNEL_12_INJ
1433:board/stm32f401rct6/Drivers/STM32F4xx_HAL_Driver/Inc/stm32f4xx_ll_adc.h ****   *         @arg @ref LL_ADC_AWD_CHANNEL_12_REG_INJ
1434:board/stm32f401rct6/Drivers/STM32F4xx_HAL_Driver/Inc/stm32f4xx_ll_adc.h ****   *         @arg @ref LL_ADC_AWD_CHANNEL_13_REG
ARM GAS  C:\Users\Admin\AppData\Local\Temp\ccHarYQc.s 			page 68


1435:board/stm32f401rct6/Drivers/STM32F4xx_HAL_Driver/Inc/stm32f4xx_ll_adc.h ****   *         @arg @ref LL_ADC_AWD_CHANNEL_13_INJ
1436:board/stm32f401rct6/Drivers/STM32F4xx_HAL_Driver/Inc/stm32f4xx_ll_adc.h ****   *         @arg @ref LL_ADC_AWD_CHANNEL_13_REG_INJ
1437:board/stm32f401rct6/Drivers/STM32F4xx_HAL_Driver/Inc/stm32f4xx_ll_adc.h ****   *         @arg @ref LL_ADC_AWD_CHANNEL_14_REG
1438:board/stm32f401rct6/Drivers/STM32F4xx_HAL_Driver/Inc/stm32f4xx_ll_adc.h ****   *         @arg @ref LL_ADC_AWD_CHANNEL_14_INJ
1439:board/stm32f401rct6/Drivers/STM32F4xx_HAL_Driver/Inc/stm32f4xx_ll_adc.h ****   *         @arg @ref LL_ADC_AWD_CHANNEL_14_REG_INJ
1440:board/stm32f401rct6/Drivers/STM32F4xx_HAL_Driver/Inc/stm32f4xx_ll_adc.h ****   *         @arg @ref LL_ADC_AWD_CHANNEL_15_REG
1441:board/stm32f401rct6/Drivers/STM32F4xx_HAL_Driver/Inc/stm32f4xx_ll_adc.h ****   *         @arg @ref LL_ADC_AWD_CHANNEL_15_INJ
1442:board/stm32f401rct6/Drivers/STM32F4xx_HAL_Driver/Inc/stm32f4xx_ll_adc.h ****   *         @arg @ref LL_ADC_AWD_CHANNEL_15_REG_INJ
1443:board/stm32f401rct6/Drivers/STM32F4xx_HAL_Driver/Inc/stm32f4xx_ll_adc.h ****   *         @arg @ref LL_ADC_AWD_CHANNEL_16_REG
1444:board/stm32f401rct6/Drivers/STM32F4xx_HAL_Driver/Inc/stm32f4xx_ll_adc.h ****   *         @arg @ref LL_ADC_AWD_CHANNEL_16_INJ
1445:board/stm32f401rct6/Drivers/STM32F4xx_HAL_Driver/Inc/stm32f4xx_ll_adc.h ****   *         @arg @ref LL_ADC_AWD_CHANNEL_16_REG_INJ
1446:board/stm32f401rct6/Drivers/STM32F4xx_HAL_Driver/Inc/stm32f4xx_ll_adc.h ****   *         @arg @ref LL_ADC_AWD_CHANNEL_17_REG
1447:board/stm32f401rct6/Drivers/STM32F4xx_HAL_Driver/Inc/stm32f4xx_ll_adc.h ****   *         @arg @ref LL_ADC_AWD_CHANNEL_17_INJ
1448:board/stm32f401rct6/Drivers/STM32F4xx_HAL_Driver/Inc/stm32f4xx_ll_adc.h ****   *         @arg @ref LL_ADC_AWD_CHANNEL_17_REG_INJ
1449:board/stm32f401rct6/Drivers/STM32F4xx_HAL_Driver/Inc/stm32f4xx_ll_adc.h ****   *         @arg @ref LL_ADC_AWD_CHANNEL_18_REG
1450:board/stm32f401rct6/Drivers/STM32F4xx_HAL_Driver/Inc/stm32f4xx_ll_adc.h ****   *         @arg @ref LL_ADC_AWD_CHANNEL_18_INJ
1451:board/stm32f401rct6/Drivers/STM32F4xx_HAL_Driver/Inc/stm32f4xx_ll_adc.h ****   *         @arg @ref LL_ADC_AWD_CHANNEL_18_REG_INJ
1452:board/stm32f401rct6/Drivers/STM32F4xx_HAL_Driver/Inc/stm32f4xx_ll_adc.h ****   *         @arg @ref LL_ADC_AWD_CH_VREFINT_REG          (1)
1453:board/stm32f401rct6/Drivers/STM32F4xx_HAL_Driver/Inc/stm32f4xx_ll_adc.h ****   *         @arg @ref LL_ADC_AWD_CH_VREFINT_INJ          (1)
1454:board/stm32f401rct6/Drivers/STM32F4xx_HAL_Driver/Inc/stm32f4xx_ll_adc.h ****   *         @arg @ref LL_ADC_AWD_CH_VREFINT_REG_INJ      (1)
1455:board/stm32f401rct6/Drivers/STM32F4xx_HAL_Driver/Inc/stm32f4xx_ll_adc.h ****   *         @arg @ref LL_ADC_AWD_CH_TEMPSENSOR_REG       (1)(2)
1456:board/stm32f401rct6/Drivers/STM32F4xx_HAL_Driver/Inc/stm32f4xx_ll_adc.h ****   *         @arg @ref LL_ADC_AWD_CH_TEMPSENSOR_INJ       (1)(2)
1457:board/stm32f401rct6/Drivers/STM32F4xx_HAL_Driver/Inc/stm32f4xx_ll_adc.h ****   *         @arg @ref LL_ADC_AWD_CH_TEMPSENSOR_REG_INJ   (1)(2)
1458:board/stm32f401rct6/Drivers/STM32F4xx_HAL_Driver/Inc/stm32f4xx_ll_adc.h ****   *         @arg @ref LL_ADC_AWD_CH_VBAT_REG             (1)
1459:board/stm32f401rct6/Drivers/STM32F4xx_HAL_Driver/Inc/stm32f4xx_ll_adc.h ****   *         @arg @ref LL_ADC_AWD_CH_VBAT_INJ             (1)
1460:board/stm32f401rct6/Drivers/STM32F4xx_HAL_Driver/Inc/stm32f4xx_ll_adc.h ****   *         @arg @ref LL_ADC_AWD_CH_VBAT_REG_INJ         (1)
1461:board/stm32f401rct6/Drivers/STM32F4xx_HAL_Driver/Inc/stm32f4xx_ll_adc.h ****   *
1462:board/stm32f401rct6/Drivers/STM32F4xx_HAL_Driver/Inc/stm32f4xx_ll_adc.h ****   *         (1) On STM32F4, parameter available only on ADC instance: ADC1.\n
1463:board/stm32f401rct6/Drivers/STM32F4xx_HAL_Driver/Inc/stm32f4xx_ll_adc.h ****   *         (2) On devices STM32F42x and STM32F43x, limitation: this internal channel is shared bet
1464:board/stm32f401rct6/Drivers/STM32F4xx_HAL_Driver/Inc/stm32f4xx_ll_adc.h ****   */
1465:board/stm32f401rct6/Drivers/STM32F4xx_HAL_Driver/Inc/stm32f4xx_ll_adc.h **** #define __LL_ADC_ANALOGWD_CHANNEL_GROUP(__CHANNEL__, __GROUP__)                                    
1466:board/stm32f401rct6/Drivers/STM32F4xx_HAL_Driver/Inc/stm32f4xx_ll_adc.h ****   (((__GROUP__) == LL_ADC_GROUP_REGULAR)                                                           
1467:board/stm32f401rct6/Drivers/STM32F4xx_HAL_Driver/Inc/stm32f4xx_ll_adc.h ****     ? (((__CHANNEL__) & ADC_CHANNEL_ID_MASK) | ADC_CR1_AWDEN | ADC_CR1_AWDSGL)                     
1468:board/stm32f401rct6/Drivers/STM32F4xx_HAL_Driver/Inc/stm32f4xx_ll_adc.h ****       :                                                                                            
1469:board/stm32f401rct6/Drivers/STM32F4xx_HAL_Driver/Inc/stm32f4xx_ll_adc.h ****       ((__GROUP__) == LL_ADC_GROUP_INJECTED)                                                       
1470:board/stm32f401rct6/Drivers/STM32F4xx_HAL_Driver/Inc/stm32f4xx_ll_adc.h ****        ? (((__CHANNEL__) & ADC_CHANNEL_ID_MASK) | ADC_CR1_JAWDEN | ADC_CR1_AWDSGL)                 
1471:board/stm32f401rct6/Drivers/STM32F4xx_HAL_Driver/Inc/stm32f4xx_ll_adc.h ****          :                                                                                         
1472:board/stm32f401rct6/Drivers/STM32F4xx_HAL_Driver/Inc/stm32f4xx_ll_adc.h ****          (((__CHANNEL__) & ADC_CHANNEL_ID_MASK) | ADC_CR1_JAWDEN | ADC_CR1_AWDEN | ADC_CR1_AWDSGL) 
1473:board/stm32f401rct6/Drivers/STM32F4xx_HAL_Driver/Inc/stm32f4xx_ll_adc.h ****   )
1474:board/stm32f401rct6/Drivers/STM32F4xx_HAL_Driver/Inc/stm32f4xx_ll_adc.h **** 
1475:board/stm32f401rct6/Drivers/STM32F4xx_HAL_Driver/Inc/stm32f4xx_ll_adc.h **** /**
1476:board/stm32f401rct6/Drivers/STM32F4xx_HAL_Driver/Inc/stm32f4xx_ll_adc.h ****   * @brief  Helper macro to set the value of ADC analog watchdog threshold high
1477:board/stm32f401rct6/Drivers/STM32F4xx_HAL_Driver/Inc/stm32f4xx_ll_adc.h ****   *         or low in function of ADC resolution, when ADC resolution is
1478:board/stm32f401rct6/Drivers/STM32F4xx_HAL_Driver/Inc/stm32f4xx_ll_adc.h ****   *         different of 12 bits.
1479:board/stm32f401rct6/Drivers/STM32F4xx_HAL_Driver/Inc/stm32f4xx_ll_adc.h ****   * @note   To be used with function @ref LL_ADC_SetAnalogWDThresholds().
1480:board/stm32f401rct6/Drivers/STM32F4xx_HAL_Driver/Inc/stm32f4xx_ll_adc.h ****   *         Example, with a ADC resolution of 8 bits, to set the value of
1481:board/stm32f401rct6/Drivers/STM32F4xx_HAL_Driver/Inc/stm32f4xx_ll_adc.h ****   *         analog watchdog threshold high (on 8 bits):
1482:board/stm32f401rct6/Drivers/STM32F4xx_HAL_Driver/Inc/stm32f4xx_ll_adc.h ****   *           LL_ADC_SetAnalogWDThresholds
1483:board/stm32f401rct6/Drivers/STM32F4xx_HAL_Driver/Inc/stm32f4xx_ll_adc.h ****   *            (< ADCx param >,
1484:board/stm32f401rct6/Drivers/STM32F4xx_HAL_Driver/Inc/stm32f4xx_ll_adc.h ****   *             __LL_ADC_ANALOGWD_SET_THRESHOLD_RESOLUTION(LL_ADC_RESOLUTION_8B, <threshold_value_8
1485:board/stm32f401rct6/Drivers/STM32F4xx_HAL_Driver/Inc/stm32f4xx_ll_adc.h ****   *            );
1486:board/stm32f401rct6/Drivers/STM32F4xx_HAL_Driver/Inc/stm32f4xx_ll_adc.h ****   * @param  __ADC_RESOLUTION__ This parameter can be one of the following values:
1487:board/stm32f401rct6/Drivers/STM32F4xx_HAL_Driver/Inc/stm32f4xx_ll_adc.h ****   *         @arg @ref LL_ADC_RESOLUTION_12B
1488:board/stm32f401rct6/Drivers/STM32F4xx_HAL_Driver/Inc/stm32f4xx_ll_adc.h ****   *         @arg @ref LL_ADC_RESOLUTION_10B
1489:board/stm32f401rct6/Drivers/STM32F4xx_HAL_Driver/Inc/stm32f4xx_ll_adc.h ****   *         @arg @ref LL_ADC_RESOLUTION_8B
1490:board/stm32f401rct6/Drivers/STM32F4xx_HAL_Driver/Inc/stm32f4xx_ll_adc.h ****   *         @arg @ref LL_ADC_RESOLUTION_6B
1491:board/stm32f401rct6/Drivers/STM32F4xx_HAL_Driver/Inc/stm32f4xx_ll_adc.h ****   * @param  __AWD_THRESHOLD__ Value between Min_Data=0x000 and Max_Data=0xFFF
ARM GAS  C:\Users\Admin\AppData\Local\Temp\ccHarYQc.s 			page 69


1492:board/stm32f401rct6/Drivers/STM32F4xx_HAL_Driver/Inc/stm32f4xx_ll_adc.h ****   * @retval Value between Min_Data=0x000 and Max_Data=0xFFF
1493:board/stm32f401rct6/Drivers/STM32F4xx_HAL_Driver/Inc/stm32f4xx_ll_adc.h ****   */
1494:board/stm32f401rct6/Drivers/STM32F4xx_HAL_Driver/Inc/stm32f4xx_ll_adc.h **** #define __LL_ADC_ANALOGWD_SET_THRESHOLD_RESOLUTION(__ADC_RESOLUTION__, __AWD_THRESHOLD__) \
1495:board/stm32f401rct6/Drivers/STM32F4xx_HAL_Driver/Inc/stm32f4xx_ll_adc.h ****   ((__AWD_THRESHOLD__) << ((__ADC_RESOLUTION__) >> (ADC_CR1_RES_BITOFFSET_POS - 1UL )))
1496:board/stm32f401rct6/Drivers/STM32F4xx_HAL_Driver/Inc/stm32f4xx_ll_adc.h **** 
1497:board/stm32f401rct6/Drivers/STM32F4xx_HAL_Driver/Inc/stm32f4xx_ll_adc.h **** /**
1498:board/stm32f401rct6/Drivers/STM32F4xx_HAL_Driver/Inc/stm32f4xx_ll_adc.h ****   * @brief  Helper macro to get the value of ADC analog watchdog threshold high
1499:board/stm32f401rct6/Drivers/STM32F4xx_HAL_Driver/Inc/stm32f4xx_ll_adc.h ****   *         or low in function of ADC resolution, when ADC resolution is
1500:board/stm32f401rct6/Drivers/STM32F4xx_HAL_Driver/Inc/stm32f4xx_ll_adc.h ****   *         different of 12 bits.
1501:board/stm32f401rct6/Drivers/STM32F4xx_HAL_Driver/Inc/stm32f4xx_ll_adc.h ****   * @note   To be used with function @ref LL_ADC_GetAnalogWDThresholds().
1502:board/stm32f401rct6/Drivers/STM32F4xx_HAL_Driver/Inc/stm32f4xx_ll_adc.h ****   *         Example, with a ADC resolution of 8 bits, to get the value of
1503:board/stm32f401rct6/Drivers/STM32F4xx_HAL_Driver/Inc/stm32f4xx_ll_adc.h ****   *         analog watchdog threshold high (on 8 bits):
1504:board/stm32f401rct6/Drivers/STM32F4xx_HAL_Driver/Inc/stm32f4xx_ll_adc.h ****   *           < threshold_value_6_bits > = __LL_ADC_ANALOGWD_GET_THRESHOLD_RESOLUTION
1505:board/stm32f401rct6/Drivers/STM32F4xx_HAL_Driver/Inc/stm32f4xx_ll_adc.h ****   *            (LL_ADC_RESOLUTION_8B,
1506:board/stm32f401rct6/Drivers/STM32F4xx_HAL_Driver/Inc/stm32f4xx_ll_adc.h ****   *             LL_ADC_GetAnalogWDThresholds(<ADCx param>, LL_ADC_AWD_THRESHOLD_HIGH)
1507:board/stm32f401rct6/Drivers/STM32F4xx_HAL_Driver/Inc/stm32f4xx_ll_adc.h ****   *            );
1508:board/stm32f401rct6/Drivers/STM32F4xx_HAL_Driver/Inc/stm32f4xx_ll_adc.h ****   * @param  __ADC_RESOLUTION__ This parameter can be one of the following values:
1509:board/stm32f401rct6/Drivers/STM32F4xx_HAL_Driver/Inc/stm32f4xx_ll_adc.h ****   *         @arg @ref LL_ADC_RESOLUTION_12B
1510:board/stm32f401rct6/Drivers/STM32F4xx_HAL_Driver/Inc/stm32f4xx_ll_adc.h ****   *         @arg @ref LL_ADC_RESOLUTION_10B
1511:board/stm32f401rct6/Drivers/STM32F4xx_HAL_Driver/Inc/stm32f4xx_ll_adc.h ****   *         @arg @ref LL_ADC_RESOLUTION_8B
1512:board/stm32f401rct6/Drivers/STM32F4xx_HAL_Driver/Inc/stm32f4xx_ll_adc.h ****   *         @arg @ref LL_ADC_RESOLUTION_6B
1513:board/stm32f401rct6/Drivers/STM32F4xx_HAL_Driver/Inc/stm32f4xx_ll_adc.h ****   * @param  __AWD_THRESHOLD_12_BITS__ Value between Min_Data=0x000 and Max_Data=0xFFF
1514:board/stm32f401rct6/Drivers/STM32F4xx_HAL_Driver/Inc/stm32f4xx_ll_adc.h ****   * @retval Value between Min_Data=0x000 and Max_Data=0xFFF
1515:board/stm32f401rct6/Drivers/STM32F4xx_HAL_Driver/Inc/stm32f4xx_ll_adc.h ****   */
1516:board/stm32f401rct6/Drivers/STM32F4xx_HAL_Driver/Inc/stm32f4xx_ll_adc.h **** #define __LL_ADC_ANALOGWD_GET_THRESHOLD_RESOLUTION(__ADC_RESOLUTION__, __AWD_THRESHOLD_12_BITS__) \
1517:board/stm32f401rct6/Drivers/STM32F4xx_HAL_Driver/Inc/stm32f4xx_ll_adc.h ****   ((__AWD_THRESHOLD_12_BITS__) >> ((__ADC_RESOLUTION__) >> (ADC_CR1_RES_BITOFFSET_POS - 1UL )))
1518:board/stm32f401rct6/Drivers/STM32F4xx_HAL_Driver/Inc/stm32f4xx_ll_adc.h **** 
1519:board/stm32f401rct6/Drivers/STM32F4xx_HAL_Driver/Inc/stm32f4xx_ll_adc.h **** #if defined(ADC_MULTIMODE_SUPPORT)
1520:board/stm32f401rct6/Drivers/STM32F4xx_HAL_Driver/Inc/stm32f4xx_ll_adc.h **** /**
1521:board/stm32f401rct6/Drivers/STM32F4xx_HAL_Driver/Inc/stm32f4xx_ll_adc.h ****   * @brief  Helper macro to get the ADC multimode conversion data of ADC master
1522:board/stm32f401rct6/Drivers/STM32F4xx_HAL_Driver/Inc/stm32f4xx_ll_adc.h ****   *         or ADC slave from raw value with both ADC conversion data concatenated.
1523:board/stm32f401rct6/Drivers/STM32F4xx_HAL_Driver/Inc/stm32f4xx_ll_adc.h ****   * @note   This macro is intended to be used when multimode transfer by DMA
1524:board/stm32f401rct6/Drivers/STM32F4xx_HAL_Driver/Inc/stm32f4xx_ll_adc.h ****   *         is enabled: refer to function @ref LL_ADC_SetMultiDMATransfer().
1525:board/stm32f401rct6/Drivers/STM32F4xx_HAL_Driver/Inc/stm32f4xx_ll_adc.h ****   *         In this case the transferred data need to processed with this macro
1526:board/stm32f401rct6/Drivers/STM32F4xx_HAL_Driver/Inc/stm32f4xx_ll_adc.h ****   *         to separate the conversion data of ADC master and ADC slave.
1527:board/stm32f401rct6/Drivers/STM32F4xx_HAL_Driver/Inc/stm32f4xx_ll_adc.h ****   * @param  __ADC_MULTI_MASTER_SLAVE__ This parameter can be one of the following values:
1528:board/stm32f401rct6/Drivers/STM32F4xx_HAL_Driver/Inc/stm32f4xx_ll_adc.h ****   *         @arg @ref LL_ADC_MULTI_MASTER
1529:board/stm32f401rct6/Drivers/STM32F4xx_HAL_Driver/Inc/stm32f4xx_ll_adc.h ****   *         @arg @ref LL_ADC_MULTI_SLAVE
1530:board/stm32f401rct6/Drivers/STM32F4xx_HAL_Driver/Inc/stm32f4xx_ll_adc.h ****   * @param  __ADC_MULTI_CONV_DATA__ Value between Min_Data=0x000 and Max_Data=0xFFF
1531:board/stm32f401rct6/Drivers/STM32F4xx_HAL_Driver/Inc/stm32f4xx_ll_adc.h ****   * @retval Value between Min_Data=0x000 and Max_Data=0xFFF
1532:board/stm32f401rct6/Drivers/STM32F4xx_HAL_Driver/Inc/stm32f4xx_ll_adc.h ****   */
1533:board/stm32f401rct6/Drivers/STM32F4xx_HAL_Driver/Inc/stm32f4xx_ll_adc.h **** #define __LL_ADC_MULTI_CONV_DATA_MASTER_SLAVE(__ADC_MULTI_MASTER_SLAVE__, __ADC_MULTI_CONV_DATA__) 
1534:board/stm32f401rct6/Drivers/STM32F4xx_HAL_Driver/Inc/stm32f4xx_ll_adc.h ****   (((__ADC_MULTI_CONV_DATA__) >> POSITION_VAL((__ADC_MULTI_MASTER_SLAVE__))) & ADC_CDR_RDATA_MST)
1535:board/stm32f401rct6/Drivers/STM32F4xx_HAL_Driver/Inc/stm32f4xx_ll_adc.h **** #endif
1536:board/stm32f401rct6/Drivers/STM32F4xx_HAL_Driver/Inc/stm32f4xx_ll_adc.h **** 
1537:board/stm32f401rct6/Drivers/STM32F4xx_HAL_Driver/Inc/stm32f4xx_ll_adc.h **** /**
1538:board/stm32f401rct6/Drivers/STM32F4xx_HAL_Driver/Inc/stm32f4xx_ll_adc.h ****   * @brief  Helper macro to select the ADC common instance
1539:board/stm32f401rct6/Drivers/STM32F4xx_HAL_Driver/Inc/stm32f4xx_ll_adc.h ****   *         to which is belonging the selected ADC instance.
1540:board/stm32f401rct6/Drivers/STM32F4xx_HAL_Driver/Inc/stm32f4xx_ll_adc.h ****   * @note   ADC common register instance can be used for:
1541:board/stm32f401rct6/Drivers/STM32F4xx_HAL_Driver/Inc/stm32f4xx_ll_adc.h ****   *         - Set parameters common to several ADC instances
1542:board/stm32f401rct6/Drivers/STM32F4xx_HAL_Driver/Inc/stm32f4xx_ll_adc.h ****   *         - Multimode (for devices with several ADC instances)
1543:board/stm32f401rct6/Drivers/STM32F4xx_HAL_Driver/Inc/stm32f4xx_ll_adc.h ****   *         Refer to functions having argument "ADCxy_COMMON" as parameter.
1544:board/stm32f401rct6/Drivers/STM32F4xx_HAL_Driver/Inc/stm32f4xx_ll_adc.h ****   * @param  __ADCx__ ADC instance
1545:board/stm32f401rct6/Drivers/STM32F4xx_HAL_Driver/Inc/stm32f4xx_ll_adc.h ****   * @retval ADC common register instance
1546:board/stm32f401rct6/Drivers/STM32F4xx_HAL_Driver/Inc/stm32f4xx_ll_adc.h ****   */
1547:board/stm32f401rct6/Drivers/STM32F4xx_HAL_Driver/Inc/stm32f4xx_ll_adc.h **** #if defined(ADC1) && defined(ADC2) && defined(ADC3)
1548:board/stm32f401rct6/Drivers/STM32F4xx_HAL_Driver/Inc/stm32f4xx_ll_adc.h **** #define __LL_ADC_COMMON_INSTANCE(__ADCx__)                                     \
ARM GAS  C:\Users\Admin\AppData\Local\Temp\ccHarYQc.s 			page 70


1549:board/stm32f401rct6/Drivers/STM32F4xx_HAL_Driver/Inc/stm32f4xx_ll_adc.h ****   (ADC123_COMMON)
1550:board/stm32f401rct6/Drivers/STM32F4xx_HAL_Driver/Inc/stm32f4xx_ll_adc.h **** #elif defined(ADC1) && defined(ADC2)
1551:board/stm32f401rct6/Drivers/STM32F4xx_HAL_Driver/Inc/stm32f4xx_ll_adc.h **** #define __LL_ADC_COMMON_INSTANCE(__ADCx__)                                     \
1552:board/stm32f401rct6/Drivers/STM32F4xx_HAL_Driver/Inc/stm32f4xx_ll_adc.h ****   (ADC12_COMMON)
1553:board/stm32f401rct6/Drivers/STM32F4xx_HAL_Driver/Inc/stm32f4xx_ll_adc.h **** #else
1554:board/stm32f401rct6/Drivers/STM32F4xx_HAL_Driver/Inc/stm32f4xx_ll_adc.h **** #define __LL_ADC_COMMON_INSTANCE(__ADCx__)                                     \
1555:board/stm32f401rct6/Drivers/STM32F4xx_HAL_Driver/Inc/stm32f4xx_ll_adc.h ****   (ADC1_COMMON)
1556:board/stm32f401rct6/Drivers/STM32F4xx_HAL_Driver/Inc/stm32f4xx_ll_adc.h **** #endif
1557:board/stm32f401rct6/Drivers/STM32F4xx_HAL_Driver/Inc/stm32f4xx_ll_adc.h **** 
1558:board/stm32f401rct6/Drivers/STM32F4xx_HAL_Driver/Inc/stm32f4xx_ll_adc.h **** /**
1559:board/stm32f401rct6/Drivers/STM32F4xx_HAL_Driver/Inc/stm32f4xx_ll_adc.h ****   * @brief  Helper macro to check if all ADC instances sharing the same
1560:board/stm32f401rct6/Drivers/STM32F4xx_HAL_Driver/Inc/stm32f4xx_ll_adc.h ****   *         ADC common instance are disabled.
1561:board/stm32f401rct6/Drivers/STM32F4xx_HAL_Driver/Inc/stm32f4xx_ll_adc.h ****   * @note   This check is required by functions with setting conditioned to
1562:board/stm32f401rct6/Drivers/STM32F4xx_HAL_Driver/Inc/stm32f4xx_ll_adc.h ****   *         ADC state:
1563:board/stm32f401rct6/Drivers/STM32F4xx_HAL_Driver/Inc/stm32f4xx_ll_adc.h ****   *         All ADC instances of the ADC common group must be disabled.
1564:board/stm32f401rct6/Drivers/STM32F4xx_HAL_Driver/Inc/stm32f4xx_ll_adc.h ****   *         Refer to functions having argument "ADCxy_COMMON" as parameter.
1565:board/stm32f401rct6/Drivers/STM32F4xx_HAL_Driver/Inc/stm32f4xx_ll_adc.h ****   * @note   On devices with only 1 ADC common instance, parameter of this macro
1566:board/stm32f401rct6/Drivers/STM32F4xx_HAL_Driver/Inc/stm32f4xx_ll_adc.h ****   *         is useless and can be ignored (parameter kept for compatibility
1567:board/stm32f401rct6/Drivers/STM32F4xx_HAL_Driver/Inc/stm32f4xx_ll_adc.h ****   *         with devices featuring several ADC common instances).
1568:board/stm32f401rct6/Drivers/STM32F4xx_HAL_Driver/Inc/stm32f4xx_ll_adc.h ****   * @param  __ADCXY_COMMON__ ADC common instance
1569:board/stm32f401rct6/Drivers/STM32F4xx_HAL_Driver/Inc/stm32f4xx_ll_adc.h ****   *         (can be set directly from CMSIS definition or by using helper macro @ref __LL_ADC_COMMO
1570:board/stm32f401rct6/Drivers/STM32F4xx_HAL_Driver/Inc/stm32f4xx_ll_adc.h ****   * @retval Value "0" if all ADC instances sharing the same ADC common instance
1571:board/stm32f401rct6/Drivers/STM32F4xx_HAL_Driver/Inc/stm32f4xx_ll_adc.h ****   *         are disabled.
1572:board/stm32f401rct6/Drivers/STM32F4xx_HAL_Driver/Inc/stm32f4xx_ll_adc.h ****   *         Value "1" if at least one ADC instance sharing the same ADC common instance
1573:board/stm32f401rct6/Drivers/STM32F4xx_HAL_Driver/Inc/stm32f4xx_ll_adc.h ****   *         is enabled.
1574:board/stm32f401rct6/Drivers/STM32F4xx_HAL_Driver/Inc/stm32f4xx_ll_adc.h ****   */
1575:board/stm32f401rct6/Drivers/STM32F4xx_HAL_Driver/Inc/stm32f4xx_ll_adc.h **** #if defined(ADC1) && defined(ADC2) && defined(ADC3)
1576:board/stm32f401rct6/Drivers/STM32F4xx_HAL_Driver/Inc/stm32f4xx_ll_adc.h **** #define __LL_ADC_IS_ENABLED_ALL_COMMON_INSTANCE(__ADCXY_COMMON__)              \
1577:board/stm32f401rct6/Drivers/STM32F4xx_HAL_Driver/Inc/stm32f4xx_ll_adc.h ****   (LL_ADC_IsEnabled(ADC1) |                                                    \
1578:board/stm32f401rct6/Drivers/STM32F4xx_HAL_Driver/Inc/stm32f4xx_ll_adc.h ****    LL_ADC_IsEnabled(ADC2) |                                                    \
1579:board/stm32f401rct6/Drivers/STM32F4xx_HAL_Driver/Inc/stm32f4xx_ll_adc.h ****    LL_ADC_IsEnabled(ADC3)  )
1580:board/stm32f401rct6/Drivers/STM32F4xx_HAL_Driver/Inc/stm32f4xx_ll_adc.h **** #elif defined(ADC1) && defined(ADC2)
1581:board/stm32f401rct6/Drivers/STM32F4xx_HAL_Driver/Inc/stm32f4xx_ll_adc.h **** #define __LL_ADC_IS_ENABLED_ALL_COMMON_INSTANCE(__ADCXY_COMMON__)              \
1582:board/stm32f401rct6/Drivers/STM32F4xx_HAL_Driver/Inc/stm32f4xx_ll_adc.h ****   (LL_ADC_IsEnabled(ADC1) |                                                    \
1583:board/stm32f401rct6/Drivers/STM32F4xx_HAL_Driver/Inc/stm32f4xx_ll_adc.h ****    LL_ADC_IsEnabled(ADC2)  )
1584:board/stm32f401rct6/Drivers/STM32F4xx_HAL_Driver/Inc/stm32f4xx_ll_adc.h **** #else
1585:board/stm32f401rct6/Drivers/STM32F4xx_HAL_Driver/Inc/stm32f4xx_ll_adc.h **** #define __LL_ADC_IS_ENABLED_ALL_COMMON_INSTANCE(__ADCXY_COMMON__)              \
1586:board/stm32f401rct6/Drivers/STM32F4xx_HAL_Driver/Inc/stm32f4xx_ll_adc.h ****   (LL_ADC_IsEnabled(ADC1))
1587:board/stm32f401rct6/Drivers/STM32F4xx_HAL_Driver/Inc/stm32f4xx_ll_adc.h **** #endif
1588:board/stm32f401rct6/Drivers/STM32F4xx_HAL_Driver/Inc/stm32f4xx_ll_adc.h **** 
1589:board/stm32f401rct6/Drivers/STM32F4xx_HAL_Driver/Inc/stm32f4xx_ll_adc.h **** /**
1590:board/stm32f401rct6/Drivers/STM32F4xx_HAL_Driver/Inc/stm32f4xx_ll_adc.h ****   * @brief  Helper macro to define the ADC conversion data full-scale digital
1591:board/stm32f401rct6/Drivers/STM32F4xx_HAL_Driver/Inc/stm32f4xx_ll_adc.h ****   *         value corresponding to the selected ADC resolution.
1592:board/stm32f401rct6/Drivers/STM32F4xx_HAL_Driver/Inc/stm32f4xx_ll_adc.h ****   * @note   ADC conversion data full-scale corresponds to voltage range
1593:board/stm32f401rct6/Drivers/STM32F4xx_HAL_Driver/Inc/stm32f4xx_ll_adc.h ****   *         determined by analog voltage references Vref+ and Vref-
1594:board/stm32f401rct6/Drivers/STM32F4xx_HAL_Driver/Inc/stm32f4xx_ll_adc.h ****   *         (refer to reference manual).
1595:board/stm32f401rct6/Drivers/STM32F4xx_HAL_Driver/Inc/stm32f4xx_ll_adc.h ****   * @param  __ADC_RESOLUTION__ This parameter can be one of the following values:
1596:board/stm32f401rct6/Drivers/STM32F4xx_HAL_Driver/Inc/stm32f4xx_ll_adc.h ****   *         @arg @ref LL_ADC_RESOLUTION_12B
1597:board/stm32f401rct6/Drivers/STM32F4xx_HAL_Driver/Inc/stm32f4xx_ll_adc.h ****   *         @arg @ref LL_ADC_RESOLUTION_10B
1598:board/stm32f401rct6/Drivers/STM32F4xx_HAL_Driver/Inc/stm32f4xx_ll_adc.h ****   *         @arg @ref LL_ADC_RESOLUTION_8B
1599:board/stm32f401rct6/Drivers/STM32F4xx_HAL_Driver/Inc/stm32f4xx_ll_adc.h ****   *         @arg @ref LL_ADC_RESOLUTION_6B
1600:board/stm32f401rct6/Drivers/STM32F4xx_HAL_Driver/Inc/stm32f4xx_ll_adc.h ****   * @retval ADC conversion data equivalent voltage value (unit: mVolt)
1601:board/stm32f401rct6/Drivers/STM32F4xx_HAL_Driver/Inc/stm32f4xx_ll_adc.h ****   */
1602:board/stm32f401rct6/Drivers/STM32F4xx_HAL_Driver/Inc/stm32f4xx_ll_adc.h **** #define __LL_ADC_DIGITAL_SCALE(__ADC_RESOLUTION__)                             \
1603:board/stm32f401rct6/Drivers/STM32F4xx_HAL_Driver/Inc/stm32f4xx_ll_adc.h ****   (0xFFFU >> ((__ADC_RESOLUTION__) >> (ADC_CR1_RES_BITOFFSET_POS - 1UL)))
1604:board/stm32f401rct6/Drivers/STM32F4xx_HAL_Driver/Inc/stm32f4xx_ll_adc.h **** 
1605:board/stm32f401rct6/Drivers/STM32F4xx_HAL_Driver/Inc/stm32f4xx_ll_adc.h **** /**
ARM GAS  C:\Users\Admin\AppData\Local\Temp\ccHarYQc.s 			page 71


1606:board/stm32f401rct6/Drivers/STM32F4xx_HAL_Driver/Inc/stm32f4xx_ll_adc.h ****   * @brief  Helper macro to convert the ADC conversion data from
1607:board/stm32f401rct6/Drivers/STM32F4xx_HAL_Driver/Inc/stm32f4xx_ll_adc.h ****   *         a resolution to another resolution.
1608:board/stm32f401rct6/Drivers/STM32F4xx_HAL_Driver/Inc/stm32f4xx_ll_adc.h ****   * @param  __DATA__ ADC conversion data to be converted
1609:board/stm32f401rct6/Drivers/STM32F4xx_HAL_Driver/Inc/stm32f4xx_ll_adc.h ****   * @param  __ADC_RESOLUTION_CURRENT__ Resolution of to the data to be converted
1610:board/stm32f401rct6/Drivers/STM32F4xx_HAL_Driver/Inc/stm32f4xx_ll_adc.h ****   *         This parameter can be one of the following values:
1611:board/stm32f401rct6/Drivers/STM32F4xx_HAL_Driver/Inc/stm32f4xx_ll_adc.h ****   *         @arg @ref LL_ADC_RESOLUTION_12B
1612:board/stm32f401rct6/Drivers/STM32F4xx_HAL_Driver/Inc/stm32f4xx_ll_adc.h ****   *         @arg @ref LL_ADC_RESOLUTION_10B
1613:board/stm32f401rct6/Drivers/STM32F4xx_HAL_Driver/Inc/stm32f4xx_ll_adc.h ****   *         @arg @ref LL_ADC_RESOLUTION_8B
1614:board/stm32f401rct6/Drivers/STM32F4xx_HAL_Driver/Inc/stm32f4xx_ll_adc.h ****   *         @arg @ref LL_ADC_RESOLUTION_6B
1615:board/stm32f401rct6/Drivers/STM32F4xx_HAL_Driver/Inc/stm32f4xx_ll_adc.h ****   * @param  __ADC_RESOLUTION_TARGET__ Resolution of the data after conversion
1616:board/stm32f401rct6/Drivers/STM32F4xx_HAL_Driver/Inc/stm32f4xx_ll_adc.h ****   *         This parameter can be one of the following values:
1617:board/stm32f401rct6/Drivers/STM32F4xx_HAL_Driver/Inc/stm32f4xx_ll_adc.h ****   *         @arg @ref LL_ADC_RESOLUTION_12B
1618:board/stm32f401rct6/Drivers/STM32F4xx_HAL_Driver/Inc/stm32f4xx_ll_adc.h ****   *         @arg @ref LL_ADC_RESOLUTION_10B
1619:board/stm32f401rct6/Drivers/STM32F4xx_HAL_Driver/Inc/stm32f4xx_ll_adc.h ****   *         @arg @ref LL_ADC_RESOLUTION_8B
1620:board/stm32f401rct6/Drivers/STM32F4xx_HAL_Driver/Inc/stm32f4xx_ll_adc.h ****   *         @arg @ref LL_ADC_RESOLUTION_6B
1621:board/stm32f401rct6/Drivers/STM32F4xx_HAL_Driver/Inc/stm32f4xx_ll_adc.h ****   * @retval ADC conversion data to the requested resolution
1622:board/stm32f401rct6/Drivers/STM32F4xx_HAL_Driver/Inc/stm32f4xx_ll_adc.h ****   */
1623:board/stm32f401rct6/Drivers/STM32F4xx_HAL_Driver/Inc/stm32f4xx_ll_adc.h **** #define __LL_ADC_CONVERT_DATA_RESOLUTION(__DATA__, __ADC_RESOLUTION_CURRENT__, __ADC_RESOLUTION_TAR
1624:board/stm32f401rct6/Drivers/STM32F4xx_HAL_Driver/Inc/stm32f4xx_ll_adc.h ****   (((__DATA__)                                                                 \
1625:board/stm32f401rct6/Drivers/STM32F4xx_HAL_Driver/Inc/stm32f4xx_ll_adc.h ****     << ((__ADC_RESOLUTION_CURRENT__) >> (ADC_CR1_RES_BITOFFSET_POS - 1UL)))     \
1626:board/stm32f401rct6/Drivers/STM32F4xx_HAL_Driver/Inc/stm32f4xx_ll_adc.h ****    >> ((__ADC_RESOLUTION_TARGET__) >> (ADC_CR1_RES_BITOFFSET_POS - 1UL))        \
1627:board/stm32f401rct6/Drivers/STM32F4xx_HAL_Driver/Inc/stm32f4xx_ll_adc.h ****   )
1628:board/stm32f401rct6/Drivers/STM32F4xx_HAL_Driver/Inc/stm32f4xx_ll_adc.h **** 
1629:board/stm32f401rct6/Drivers/STM32F4xx_HAL_Driver/Inc/stm32f4xx_ll_adc.h **** /**
1630:board/stm32f401rct6/Drivers/STM32F4xx_HAL_Driver/Inc/stm32f4xx_ll_adc.h ****   * @brief  Helper macro to calculate the voltage (unit: mVolt)
1631:board/stm32f401rct6/Drivers/STM32F4xx_HAL_Driver/Inc/stm32f4xx_ll_adc.h ****   *         corresponding to a ADC conversion data (unit: digital value).
1632:board/stm32f401rct6/Drivers/STM32F4xx_HAL_Driver/Inc/stm32f4xx_ll_adc.h ****   * @note   Analog reference voltage (Vref+) must be either known from
1633:board/stm32f401rct6/Drivers/STM32F4xx_HAL_Driver/Inc/stm32f4xx_ll_adc.h ****   *         user board environment or can be calculated using ADC measurement
1634:board/stm32f401rct6/Drivers/STM32F4xx_HAL_Driver/Inc/stm32f4xx_ll_adc.h ****   *         and ADC helper macro @ref __LL_ADC_CALC_VREFANALOG_VOLTAGE().
1635:board/stm32f401rct6/Drivers/STM32F4xx_HAL_Driver/Inc/stm32f4xx_ll_adc.h ****   * @param  __VREFANALOG_VOLTAGE__ Analog reference voltage (unit mV)
1636:board/stm32f401rct6/Drivers/STM32F4xx_HAL_Driver/Inc/stm32f4xx_ll_adc.h ****   * @param  __ADC_DATA__ ADC conversion data (resolution 12 bits)
1637:board/stm32f401rct6/Drivers/STM32F4xx_HAL_Driver/Inc/stm32f4xx_ll_adc.h ****   *                       (unit: digital value).
1638:board/stm32f401rct6/Drivers/STM32F4xx_HAL_Driver/Inc/stm32f4xx_ll_adc.h ****   * @param  __ADC_RESOLUTION__ This parameter can be one of the following values:
1639:board/stm32f401rct6/Drivers/STM32F4xx_HAL_Driver/Inc/stm32f4xx_ll_adc.h ****   *         @arg @ref LL_ADC_RESOLUTION_12B
1640:board/stm32f401rct6/Drivers/STM32F4xx_HAL_Driver/Inc/stm32f4xx_ll_adc.h ****   *         @arg @ref LL_ADC_RESOLUTION_10B
1641:board/stm32f401rct6/Drivers/STM32F4xx_HAL_Driver/Inc/stm32f4xx_ll_adc.h ****   *         @arg @ref LL_ADC_RESOLUTION_8B
1642:board/stm32f401rct6/Drivers/STM32F4xx_HAL_Driver/Inc/stm32f4xx_ll_adc.h ****   *         @arg @ref LL_ADC_RESOLUTION_6B
1643:board/stm32f401rct6/Drivers/STM32F4xx_HAL_Driver/Inc/stm32f4xx_ll_adc.h ****   * @retval ADC conversion data equivalent voltage value (unit: mVolt)
1644:board/stm32f401rct6/Drivers/STM32F4xx_HAL_Driver/Inc/stm32f4xx_ll_adc.h ****   */
1645:board/stm32f401rct6/Drivers/STM32F4xx_HAL_Driver/Inc/stm32f4xx_ll_adc.h **** #define __LL_ADC_CALC_DATA_TO_VOLTAGE(__VREFANALOG_VOLTAGE__,\
1646:board/stm32f401rct6/Drivers/STM32F4xx_HAL_Driver/Inc/stm32f4xx_ll_adc.h ****                                       __ADC_DATA__,\
1647:board/stm32f401rct6/Drivers/STM32F4xx_HAL_Driver/Inc/stm32f4xx_ll_adc.h ****                                       __ADC_RESOLUTION__)                      \
1648:board/stm32f401rct6/Drivers/STM32F4xx_HAL_Driver/Inc/stm32f4xx_ll_adc.h ****   ((__ADC_DATA__) * (__VREFANALOG_VOLTAGE__)                                   \
1649:board/stm32f401rct6/Drivers/STM32F4xx_HAL_Driver/Inc/stm32f4xx_ll_adc.h ****    / __LL_ADC_DIGITAL_SCALE(__ADC_RESOLUTION__)                                \
1650:board/stm32f401rct6/Drivers/STM32F4xx_HAL_Driver/Inc/stm32f4xx_ll_adc.h ****   )
1651:board/stm32f401rct6/Drivers/STM32F4xx_HAL_Driver/Inc/stm32f4xx_ll_adc.h **** 
1652:board/stm32f401rct6/Drivers/STM32F4xx_HAL_Driver/Inc/stm32f4xx_ll_adc.h **** /**
1653:board/stm32f401rct6/Drivers/STM32F4xx_HAL_Driver/Inc/stm32f4xx_ll_adc.h ****   * @brief  Helper macro to calculate analog reference voltage (Vref+)
1654:board/stm32f401rct6/Drivers/STM32F4xx_HAL_Driver/Inc/stm32f4xx_ll_adc.h ****   *         (unit: mVolt) from ADC conversion data of internal voltage
1655:board/stm32f401rct6/Drivers/STM32F4xx_HAL_Driver/Inc/stm32f4xx_ll_adc.h ****   *         reference VrefInt.
1656:board/stm32f401rct6/Drivers/STM32F4xx_HAL_Driver/Inc/stm32f4xx_ll_adc.h ****   * @note   Computation is using VrefInt calibration value
1657:board/stm32f401rct6/Drivers/STM32F4xx_HAL_Driver/Inc/stm32f4xx_ll_adc.h ****   *         stored in system memory for each device during production.
1658:board/stm32f401rct6/Drivers/STM32F4xx_HAL_Driver/Inc/stm32f4xx_ll_adc.h ****   * @note   This voltage depends on user board environment: voltage level
1659:board/stm32f401rct6/Drivers/STM32F4xx_HAL_Driver/Inc/stm32f4xx_ll_adc.h ****   *         connected to pin Vref+.
1660:board/stm32f401rct6/Drivers/STM32F4xx_HAL_Driver/Inc/stm32f4xx_ll_adc.h ****   *         On devices with small package, the pin Vref+ is not present
1661:board/stm32f401rct6/Drivers/STM32F4xx_HAL_Driver/Inc/stm32f4xx_ll_adc.h ****   *         and internally bonded to pin Vdda.
1662:board/stm32f401rct6/Drivers/STM32F4xx_HAL_Driver/Inc/stm32f4xx_ll_adc.h ****   * @note   On this STM32 series, calibration data of internal voltage reference
ARM GAS  C:\Users\Admin\AppData\Local\Temp\ccHarYQc.s 			page 72


1663:board/stm32f401rct6/Drivers/STM32F4xx_HAL_Driver/Inc/stm32f4xx_ll_adc.h ****   *         VrefInt corresponds to a resolution of 12 bits,
1664:board/stm32f401rct6/Drivers/STM32F4xx_HAL_Driver/Inc/stm32f4xx_ll_adc.h ****   *         this is the recommended ADC resolution to convert voltage of
1665:board/stm32f401rct6/Drivers/STM32F4xx_HAL_Driver/Inc/stm32f4xx_ll_adc.h ****   *         internal voltage reference VrefInt.
1666:board/stm32f401rct6/Drivers/STM32F4xx_HAL_Driver/Inc/stm32f4xx_ll_adc.h ****   *         Otherwise, this macro performs the processing to scale
1667:board/stm32f401rct6/Drivers/STM32F4xx_HAL_Driver/Inc/stm32f4xx_ll_adc.h ****   *         ADC conversion data to 12 bits.
1668:board/stm32f401rct6/Drivers/STM32F4xx_HAL_Driver/Inc/stm32f4xx_ll_adc.h ****   * @param  __VREFINT_ADC_DATA__ ADC conversion data (resolution 12 bits)
1669:board/stm32f401rct6/Drivers/STM32F4xx_HAL_Driver/Inc/stm32f4xx_ll_adc.h ****   *         of internal voltage reference VrefInt (unit: digital value).
1670:board/stm32f401rct6/Drivers/STM32F4xx_HAL_Driver/Inc/stm32f4xx_ll_adc.h ****   * @param  __ADC_RESOLUTION__ This parameter can be one of the following values:
1671:board/stm32f401rct6/Drivers/STM32F4xx_HAL_Driver/Inc/stm32f4xx_ll_adc.h ****   *         @arg @ref LL_ADC_RESOLUTION_12B
1672:board/stm32f401rct6/Drivers/STM32F4xx_HAL_Driver/Inc/stm32f4xx_ll_adc.h ****   *         @arg @ref LL_ADC_RESOLUTION_10B
1673:board/stm32f401rct6/Drivers/STM32F4xx_HAL_Driver/Inc/stm32f4xx_ll_adc.h ****   *         @arg @ref LL_ADC_RESOLUTION_8B
1674:board/stm32f401rct6/Drivers/STM32F4xx_HAL_Driver/Inc/stm32f4xx_ll_adc.h ****   *         @arg @ref LL_ADC_RESOLUTION_6B
1675:board/stm32f401rct6/Drivers/STM32F4xx_HAL_Driver/Inc/stm32f4xx_ll_adc.h ****   * @retval Analog reference voltage (unit: mV)
1676:board/stm32f401rct6/Drivers/STM32F4xx_HAL_Driver/Inc/stm32f4xx_ll_adc.h ****   */
1677:board/stm32f401rct6/Drivers/STM32F4xx_HAL_Driver/Inc/stm32f4xx_ll_adc.h **** #define __LL_ADC_CALC_VREFANALOG_VOLTAGE(__VREFINT_ADC_DATA__,\
1678:board/stm32f401rct6/Drivers/STM32F4xx_HAL_Driver/Inc/stm32f4xx_ll_adc.h ****                                          __ADC_RESOLUTION__)                   \
1679:board/stm32f401rct6/Drivers/STM32F4xx_HAL_Driver/Inc/stm32f4xx_ll_adc.h ****   (((uint32_t)(*VREFINT_CAL_ADDR) * VREFINT_CAL_VREF)                          \
1680:board/stm32f401rct6/Drivers/STM32F4xx_HAL_Driver/Inc/stm32f4xx_ll_adc.h ****    / __LL_ADC_CONVERT_DATA_RESOLUTION((__VREFINT_ADC_DATA__),                  \
1681:board/stm32f401rct6/Drivers/STM32F4xx_HAL_Driver/Inc/stm32f4xx_ll_adc.h ****                                       (__ADC_RESOLUTION__),                    \
1682:board/stm32f401rct6/Drivers/STM32F4xx_HAL_Driver/Inc/stm32f4xx_ll_adc.h ****                                       LL_ADC_RESOLUTION_12B))
1683:board/stm32f401rct6/Drivers/STM32F4xx_HAL_Driver/Inc/stm32f4xx_ll_adc.h **** 
1684:board/stm32f401rct6/Drivers/STM32F4xx_HAL_Driver/Inc/stm32f4xx_ll_adc.h **** /* Note: On device STM32F4x9, calibration parameter TS_CAL2 is not available. */
1685:board/stm32f401rct6/Drivers/STM32F4xx_HAL_Driver/Inc/stm32f4xx_ll_adc.h **** /*       Therefore, helper macro __LL_ADC_CALC_TEMPERATURE() is not available.*/
1686:board/stm32f401rct6/Drivers/STM32F4xx_HAL_Driver/Inc/stm32f4xx_ll_adc.h **** /*       Use helper macro @ref __LL_ADC_CALC_TEMPERATURE_TYP_PARAMS().        */
1687:board/stm32f401rct6/Drivers/STM32F4xx_HAL_Driver/Inc/stm32f4xx_ll_adc.h **** #if !defined(STM32F469) && !defined(STM32F479xx) && !defined(STM32F429xx) && !defined(STM32F439xx)
1688:board/stm32f401rct6/Drivers/STM32F4xx_HAL_Driver/Inc/stm32f4xx_ll_adc.h **** /**
1689:board/stm32f401rct6/Drivers/STM32F4xx_HAL_Driver/Inc/stm32f4xx_ll_adc.h ****   * @brief  Helper macro to calculate the temperature (unit: degree Celsius)
1690:board/stm32f401rct6/Drivers/STM32F4xx_HAL_Driver/Inc/stm32f4xx_ll_adc.h ****   *         from ADC conversion data of internal temperature sensor.
1691:board/stm32f401rct6/Drivers/STM32F4xx_HAL_Driver/Inc/stm32f4xx_ll_adc.h ****   * @note   Computation is using temperature sensor calibration values
1692:board/stm32f401rct6/Drivers/STM32F4xx_HAL_Driver/Inc/stm32f4xx_ll_adc.h ****   *         stored in system memory for each device during production.
1693:board/stm32f401rct6/Drivers/STM32F4xx_HAL_Driver/Inc/stm32f4xx_ll_adc.h ****   * @note   Calculation formula:
1694:board/stm32f401rct6/Drivers/STM32F4xx_HAL_Driver/Inc/stm32f4xx_ll_adc.h ****   *           Temperature = ((TS_ADC_DATA - TS_CAL1)
1695:board/stm32f401rct6/Drivers/STM32F4xx_HAL_Driver/Inc/stm32f4xx_ll_adc.h ****   *                           * (TS_CAL2_TEMP - TS_CAL1_TEMP))
1696:board/stm32f401rct6/Drivers/STM32F4xx_HAL_Driver/Inc/stm32f4xx_ll_adc.h ****   *                         / (TS_CAL2 - TS_CAL1) + TS_CAL1_TEMP
1697:board/stm32f401rct6/Drivers/STM32F4xx_HAL_Driver/Inc/stm32f4xx_ll_adc.h ****   *           with TS_ADC_DATA = temperature sensor raw data measured by ADC
1698:board/stm32f401rct6/Drivers/STM32F4xx_HAL_Driver/Inc/stm32f4xx_ll_adc.h ****   *                Avg_Slope = (TS_CAL2 - TS_CAL1)
1699:board/stm32f401rct6/Drivers/STM32F4xx_HAL_Driver/Inc/stm32f4xx_ll_adc.h ****   *                            / (TS_CAL2_TEMP - TS_CAL1_TEMP)
1700:board/stm32f401rct6/Drivers/STM32F4xx_HAL_Driver/Inc/stm32f4xx_ll_adc.h ****   *                TS_CAL1   = equivalent TS_ADC_DATA at temperature
1701:board/stm32f401rct6/Drivers/STM32F4xx_HAL_Driver/Inc/stm32f4xx_ll_adc.h ****   *                            TEMP_DEGC_CAL1 (calibrated in factory)
1702:board/stm32f401rct6/Drivers/STM32F4xx_HAL_Driver/Inc/stm32f4xx_ll_adc.h ****   *                TS_CAL2   = equivalent TS_ADC_DATA at temperature
1703:board/stm32f401rct6/Drivers/STM32F4xx_HAL_Driver/Inc/stm32f4xx_ll_adc.h ****   *                            TEMP_DEGC_CAL2 (calibrated in factory)
1704:board/stm32f401rct6/Drivers/STM32F4xx_HAL_Driver/Inc/stm32f4xx_ll_adc.h ****   *         Caution: Calculation relevancy under reserve that calibration
1705:board/stm32f401rct6/Drivers/STM32F4xx_HAL_Driver/Inc/stm32f4xx_ll_adc.h ****   *                  parameters are correct (address and data).
1706:board/stm32f401rct6/Drivers/STM32F4xx_HAL_Driver/Inc/stm32f4xx_ll_adc.h ****   *                  To calculate temperature using temperature sensor
1707:board/stm32f401rct6/Drivers/STM32F4xx_HAL_Driver/Inc/stm32f4xx_ll_adc.h ****   *                  datasheet typical values (generic values less, therefore
1708:board/stm32f401rct6/Drivers/STM32F4xx_HAL_Driver/Inc/stm32f4xx_ll_adc.h ****   *                  less accurate than calibrated values),
1709:board/stm32f401rct6/Drivers/STM32F4xx_HAL_Driver/Inc/stm32f4xx_ll_adc.h ****   *                  use helper macro @ref __LL_ADC_CALC_TEMPERATURE_TYP_PARAMS().
1710:board/stm32f401rct6/Drivers/STM32F4xx_HAL_Driver/Inc/stm32f4xx_ll_adc.h ****   * @note   As calculation input, the analog reference voltage (Vref+) must be
1711:board/stm32f401rct6/Drivers/STM32F4xx_HAL_Driver/Inc/stm32f4xx_ll_adc.h ****   *         defined as it impacts the ADC LSB equivalent voltage.
1712:board/stm32f401rct6/Drivers/STM32F4xx_HAL_Driver/Inc/stm32f4xx_ll_adc.h ****   * @note   Analog reference voltage (Vref+) must be either known from
1713:board/stm32f401rct6/Drivers/STM32F4xx_HAL_Driver/Inc/stm32f4xx_ll_adc.h ****   *         user board environment or can be calculated using ADC measurement
1714:board/stm32f401rct6/Drivers/STM32F4xx_HAL_Driver/Inc/stm32f4xx_ll_adc.h ****   *         and ADC helper macro @ref __LL_ADC_CALC_VREFANALOG_VOLTAGE().
1715:board/stm32f401rct6/Drivers/STM32F4xx_HAL_Driver/Inc/stm32f4xx_ll_adc.h ****   * @note   On this STM32 series, calibration data of temperature sensor
1716:board/stm32f401rct6/Drivers/STM32F4xx_HAL_Driver/Inc/stm32f4xx_ll_adc.h ****   *         corresponds to a resolution of 12 bits,
1717:board/stm32f401rct6/Drivers/STM32F4xx_HAL_Driver/Inc/stm32f4xx_ll_adc.h ****   *         this is the recommended ADC resolution to convert voltage of
1718:board/stm32f401rct6/Drivers/STM32F4xx_HAL_Driver/Inc/stm32f4xx_ll_adc.h ****   *         temperature sensor.
1719:board/stm32f401rct6/Drivers/STM32F4xx_HAL_Driver/Inc/stm32f4xx_ll_adc.h ****   *         Otherwise, this macro performs the processing to scale
ARM GAS  C:\Users\Admin\AppData\Local\Temp\ccHarYQc.s 			page 73


1720:board/stm32f401rct6/Drivers/STM32F4xx_HAL_Driver/Inc/stm32f4xx_ll_adc.h ****   *         ADC conversion data to 12 bits.
1721:board/stm32f401rct6/Drivers/STM32F4xx_HAL_Driver/Inc/stm32f4xx_ll_adc.h ****   * @param  __VREFANALOG_VOLTAGE__  Analog reference voltage (unit mV)
1722:board/stm32f401rct6/Drivers/STM32F4xx_HAL_Driver/Inc/stm32f4xx_ll_adc.h ****   * @param  __TEMPSENSOR_ADC_DATA__ ADC conversion data of internal
1723:board/stm32f401rct6/Drivers/STM32F4xx_HAL_Driver/Inc/stm32f4xx_ll_adc.h ****   *                                 temperature sensor (unit: digital value).
1724:board/stm32f401rct6/Drivers/STM32F4xx_HAL_Driver/Inc/stm32f4xx_ll_adc.h ****   * @param  __ADC_RESOLUTION__      ADC resolution at which internal temperature
1725:board/stm32f401rct6/Drivers/STM32F4xx_HAL_Driver/Inc/stm32f4xx_ll_adc.h ****   *                                 sensor voltage has been measured.
1726:board/stm32f401rct6/Drivers/STM32F4xx_HAL_Driver/Inc/stm32f4xx_ll_adc.h ****   *         This parameter can be one of the following values:
1727:board/stm32f401rct6/Drivers/STM32F4xx_HAL_Driver/Inc/stm32f4xx_ll_adc.h ****   *         @arg @ref LL_ADC_RESOLUTION_12B
1728:board/stm32f401rct6/Drivers/STM32F4xx_HAL_Driver/Inc/stm32f4xx_ll_adc.h ****   *         @arg @ref LL_ADC_RESOLUTION_10B
1729:board/stm32f401rct6/Drivers/STM32F4xx_HAL_Driver/Inc/stm32f4xx_ll_adc.h ****   *         @arg @ref LL_ADC_RESOLUTION_8B
1730:board/stm32f401rct6/Drivers/STM32F4xx_HAL_Driver/Inc/stm32f4xx_ll_adc.h ****   *         @arg @ref LL_ADC_RESOLUTION_6B
1731:board/stm32f401rct6/Drivers/STM32F4xx_HAL_Driver/Inc/stm32f4xx_ll_adc.h ****   * @retval Temperature (unit: degree Celsius)
1732:board/stm32f401rct6/Drivers/STM32F4xx_HAL_Driver/Inc/stm32f4xx_ll_adc.h ****   */
1733:board/stm32f401rct6/Drivers/STM32F4xx_HAL_Driver/Inc/stm32f4xx_ll_adc.h **** #define __LL_ADC_CALC_TEMPERATURE(__VREFANALOG_VOLTAGE__,\
1734:board/stm32f401rct6/Drivers/STM32F4xx_HAL_Driver/Inc/stm32f4xx_ll_adc.h ****                                   __TEMPSENSOR_ADC_DATA__,\
1735:board/stm32f401rct6/Drivers/STM32F4xx_HAL_Driver/Inc/stm32f4xx_ll_adc.h ****                                   __ADC_RESOLUTION__)                              \
1736:board/stm32f401rct6/Drivers/STM32F4xx_HAL_Driver/Inc/stm32f4xx_ll_adc.h ****   (((( ((int32_t)((__LL_ADC_CONVERT_DATA_RESOLUTION((__TEMPSENSOR_ADC_DATA__),     \
1737:board/stm32f401rct6/Drivers/STM32F4xx_HAL_Driver/Inc/stm32f4xx_ll_adc.h ****                                                     (__ADC_RESOLUTION__),          \
1738:board/stm32f401rct6/Drivers/STM32F4xx_HAL_Driver/Inc/stm32f4xx_ll_adc.h ****                                                     LL_ADC_RESOLUTION_12B)         \
1739:board/stm32f401rct6/Drivers/STM32F4xx_HAL_Driver/Inc/stm32f4xx_ll_adc.h ****                    * (__VREFANALOG_VOLTAGE__))                                     \
1740:board/stm32f401rct6/Drivers/STM32F4xx_HAL_Driver/Inc/stm32f4xx_ll_adc.h ****                   / TEMPSENSOR_CAL_VREFANALOG)                                     \
1741:board/stm32f401rct6/Drivers/STM32F4xx_HAL_Driver/Inc/stm32f4xx_ll_adc.h ****         - (int32_t) *TEMPSENSOR_CAL1_ADDR)                                         \
1742:board/stm32f401rct6/Drivers/STM32F4xx_HAL_Driver/Inc/stm32f4xx_ll_adc.h ****      ) * (int32_t)(TEMPSENSOR_CAL2_TEMP - TEMPSENSOR_CAL1_TEMP)                    \
1743:board/stm32f401rct6/Drivers/STM32F4xx_HAL_Driver/Inc/stm32f4xx_ll_adc.h ****     ) / (int32_t)((int32_t)*TEMPSENSOR_CAL2_ADDR - (int32_t)*TEMPSENSOR_CAL1_ADDR) \
1744:board/stm32f401rct6/Drivers/STM32F4xx_HAL_Driver/Inc/stm32f4xx_ll_adc.h ****    ) + TEMPSENSOR_CAL1_TEMP                                                        \
1745:board/stm32f401rct6/Drivers/STM32F4xx_HAL_Driver/Inc/stm32f4xx_ll_adc.h ****   )
1746:board/stm32f401rct6/Drivers/STM32F4xx_HAL_Driver/Inc/stm32f4xx_ll_adc.h **** #endif
1747:board/stm32f401rct6/Drivers/STM32F4xx_HAL_Driver/Inc/stm32f4xx_ll_adc.h **** 
1748:board/stm32f401rct6/Drivers/STM32F4xx_HAL_Driver/Inc/stm32f4xx_ll_adc.h **** /**
1749:board/stm32f401rct6/Drivers/STM32F4xx_HAL_Driver/Inc/stm32f4xx_ll_adc.h ****   * @brief  Helper macro to calculate the temperature (unit: degree Celsius)
1750:board/stm32f401rct6/Drivers/STM32F4xx_HAL_Driver/Inc/stm32f4xx_ll_adc.h ****   *         from ADC conversion data of internal temperature sensor.
1751:board/stm32f401rct6/Drivers/STM32F4xx_HAL_Driver/Inc/stm32f4xx_ll_adc.h ****   * @note   Computation is using temperature sensor typical values
1752:board/stm32f401rct6/Drivers/STM32F4xx_HAL_Driver/Inc/stm32f4xx_ll_adc.h ****   *         (refer to device datasheet).
1753:board/stm32f401rct6/Drivers/STM32F4xx_HAL_Driver/Inc/stm32f4xx_ll_adc.h ****   * @note   Calculation formula:
1754:board/stm32f401rct6/Drivers/STM32F4xx_HAL_Driver/Inc/stm32f4xx_ll_adc.h ****   *           Temperature = (TS_TYP_CALx_VOLT(uV) - TS_ADC_DATA * Conversion_uV)
1755:board/stm32f401rct6/Drivers/STM32F4xx_HAL_Driver/Inc/stm32f4xx_ll_adc.h ****   *                         / Avg_Slope + CALx_TEMP
1756:board/stm32f401rct6/Drivers/STM32F4xx_HAL_Driver/Inc/stm32f4xx_ll_adc.h ****   *           with TS_ADC_DATA      = temperature sensor raw data measured by ADC
1757:board/stm32f401rct6/Drivers/STM32F4xx_HAL_Driver/Inc/stm32f4xx_ll_adc.h ****   *                                   (unit: digital value)
1758:board/stm32f401rct6/Drivers/STM32F4xx_HAL_Driver/Inc/stm32f4xx_ll_adc.h ****   *                Avg_Slope        = temperature sensor slope
1759:board/stm32f401rct6/Drivers/STM32F4xx_HAL_Driver/Inc/stm32f4xx_ll_adc.h ****   *                                   (unit: uV/Degree Celsius)
1760:board/stm32f401rct6/Drivers/STM32F4xx_HAL_Driver/Inc/stm32f4xx_ll_adc.h ****   *                TS_TYP_CALx_VOLT = temperature sensor digital value at
1761:board/stm32f401rct6/Drivers/STM32F4xx_HAL_Driver/Inc/stm32f4xx_ll_adc.h ****   *                                   temperature CALx_TEMP (unit: mV)
1762:board/stm32f401rct6/Drivers/STM32F4xx_HAL_Driver/Inc/stm32f4xx_ll_adc.h ****   *         Caution: Calculation relevancy under reserve the temperature sensor
1763:board/stm32f401rct6/Drivers/STM32F4xx_HAL_Driver/Inc/stm32f4xx_ll_adc.h ****   *                  of the current device has characteristics in line with
1764:board/stm32f401rct6/Drivers/STM32F4xx_HAL_Driver/Inc/stm32f4xx_ll_adc.h ****   *                  datasheet typical values.
1765:board/stm32f401rct6/Drivers/STM32F4xx_HAL_Driver/Inc/stm32f4xx_ll_adc.h ****   *                  If temperature sensor calibration values are available on
1766:board/stm32f401rct6/Drivers/STM32F4xx_HAL_Driver/Inc/stm32f4xx_ll_adc.h ****   *                  on this device (presence of macro __LL_ADC_CALC_TEMPERATURE()),
1767:board/stm32f401rct6/Drivers/STM32F4xx_HAL_Driver/Inc/stm32f4xx_ll_adc.h ****   *                  temperature calculation will be more accurate using
1768:board/stm32f401rct6/Drivers/STM32F4xx_HAL_Driver/Inc/stm32f4xx_ll_adc.h ****   *                  helper macro @ref __LL_ADC_CALC_TEMPERATURE().
1769:board/stm32f401rct6/Drivers/STM32F4xx_HAL_Driver/Inc/stm32f4xx_ll_adc.h ****   * @note   As calculation input, the analog reference voltage (Vref+) must be
1770:board/stm32f401rct6/Drivers/STM32F4xx_HAL_Driver/Inc/stm32f4xx_ll_adc.h ****   *         defined as it impacts the ADC LSB equivalent voltage.
1771:board/stm32f401rct6/Drivers/STM32F4xx_HAL_Driver/Inc/stm32f4xx_ll_adc.h ****   * @note   Analog reference voltage (Vref+) must be either known from
1772:board/stm32f401rct6/Drivers/STM32F4xx_HAL_Driver/Inc/stm32f4xx_ll_adc.h ****   *         user board environment or can be calculated using ADC measurement
1773:board/stm32f401rct6/Drivers/STM32F4xx_HAL_Driver/Inc/stm32f4xx_ll_adc.h ****   *         and ADC helper macro @ref __LL_ADC_CALC_VREFANALOG_VOLTAGE().
1774:board/stm32f401rct6/Drivers/STM32F4xx_HAL_Driver/Inc/stm32f4xx_ll_adc.h ****   * @note   ADC measurement data must correspond to a resolution of 12bits
1775:board/stm32f401rct6/Drivers/STM32F4xx_HAL_Driver/Inc/stm32f4xx_ll_adc.h ****   *         (full scale digital value 4095). If not the case, the data must be
1776:board/stm32f401rct6/Drivers/STM32F4xx_HAL_Driver/Inc/stm32f4xx_ll_adc.h ****   *         preliminarily rescaled to an equivalent resolution of 12 bits.
ARM GAS  C:\Users\Admin\AppData\Local\Temp\ccHarYQc.s 			page 74


1777:board/stm32f401rct6/Drivers/STM32F4xx_HAL_Driver/Inc/stm32f4xx_ll_adc.h ****   * @param  __TEMPSENSOR_TYP_AVGSLOPE__   Device datasheet data Temperature sensor slope typical va
1778:board/stm32f401rct6/Drivers/STM32F4xx_HAL_Driver/Inc/stm32f4xx_ll_adc.h ****   *                                       On STM32F4, refer to device datasheet parameter "Avg_Slop
1779:board/stm32f401rct6/Drivers/STM32F4xx_HAL_Driver/Inc/stm32f4xx_ll_adc.h ****   * @param  __TEMPSENSOR_TYP_CALX_V__     Device datasheet data Temperature sensor voltage typical 
1780:board/stm32f401rct6/Drivers/STM32F4xx_HAL_Driver/Inc/stm32f4xx_ll_adc.h ****   *                                       On STM32F4, refer to device datasheet parameter "V25".
1781:board/stm32f401rct6/Drivers/STM32F4xx_HAL_Driver/Inc/stm32f4xx_ll_adc.h ****   * @param  __TEMPSENSOR_CALX_TEMP__      Device datasheet data Temperature at which temperature se
1782:board/stm32f401rct6/Drivers/STM32F4xx_HAL_Driver/Inc/stm32f4xx_ll_adc.h ****   * @param  __VREFANALOG_VOLTAGE__        Analog voltage reference (Vref+) voltage (unit mV)
1783:board/stm32f401rct6/Drivers/STM32F4xx_HAL_Driver/Inc/stm32f4xx_ll_adc.h ****   * @param  __TEMPSENSOR_ADC_DATA__       ADC conversion data of internal temperature sensor (unit 
1784:board/stm32f401rct6/Drivers/STM32F4xx_HAL_Driver/Inc/stm32f4xx_ll_adc.h ****   * @param  __ADC_RESOLUTION__            ADC resolution at which internal temperature sensor volta
1785:board/stm32f401rct6/Drivers/STM32F4xx_HAL_Driver/Inc/stm32f4xx_ll_adc.h ****   *         This parameter can be one of the following values:
1786:board/stm32f401rct6/Drivers/STM32F4xx_HAL_Driver/Inc/stm32f4xx_ll_adc.h ****   *         @arg @ref LL_ADC_RESOLUTION_12B
1787:board/stm32f401rct6/Drivers/STM32F4xx_HAL_Driver/Inc/stm32f4xx_ll_adc.h ****   *         @arg @ref LL_ADC_RESOLUTION_10B
1788:board/stm32f401rct6/Drivers/STM32F4xx_HAL_Driver/Inc/stm32f4xx_ll_adc.h ****   *         @arg @ref LL_ADC_RESOLUTION_8B
1789:board/stm32f401rct6/Drivers/STM32F4xx_HAL_Driver/Inc/stm32f4xx_ll_adc.h ****   *         @arg @ref LL_ADC_RESOLUTION_6B
1790:board/stm32f401rct6/Drivers/STM32F4xx_HAL_Driver/Inc/stm32f4xx_ll_adc.h ****   * @retval Temperature (unit: degree Celsius)
1791:board/stm32f401rct6/Drivers/STM32F4xx_HAL_Driver/Inc/stm32f4xx_ll_adc.h ****   */
1792:board/stm32f401rct6/Drivers/STM32F4xx_HAL_Driver/Inc/stm32f4xx_ll_adc.h **** #define __LL_ADC_CALC_TEMPERATURE_TYP_PARAMS(__TEMPSENSOR_TYP_AVGSLOPE__,\
1793:board/stm32f401rct6/Drivers/STM32F4xx_HAL_Driver/Inc/stm32f4xx_ll_adc.h ****                                              __TEMPSENSOR_TYP_CALX_V__,\
1794:board/stm32f401rct6/Drivers/STM32F4xx_HAL_Driver/Inc/stm32f4xx_ll_adc.h ****                                              __TEMPSENSOR_CALX_TEMP__,\
1795:board/stm32f401rct6/Drivers/STM32F4xx_HAL_Driver/Inc/stm32f4xx_ll_adc.h ****                                              __VREFANALOG_VOLTAGE__,\
1796:board/stm32f401rct6/Drivers/STM32F4xx_HAL_Driver/Inc/stm32f4xx_ll_adc.h ****                                              __TEMPSENSOR_ADC_DATA__,\
1797:board/stm32f401rct6/Drivers/STM32F4xx_HAL_Driver/Inc/stm32f4xx_ll_adc.h ****                                              __ADC_RESOLUTION__)               \
1798:board/stm32f401rct6/Drivers/STM32F4xx_HAL_Driver/Inc/stm32f4xx_ll_adc.h ****   ((( (                                                                        \
1799:board/stm32f401rct6/Drivers/STM32F4xx_HAL_Driver/Inc/stm32f4xx_ll_adc.h ****        (int32_t)(((__TEMPSENSOR_TYP_CALX_V__))                                 \
1800:board/stm32f401rct6/Drivers/STM32F4xx_HAL_Driver/Inc/stm32f4xx_ll_adc.h ****                  * 1000)                                                       \
1801:board/stm32f401rct6/Drivers/STM32F4xx_HAL_Driver/Inc/stm32f4xx_ll_adc.h ****        -                                                                       \
1802:board/stm32f401rct6/Drivers/STM32F4xx_HAL_Driver/Inc/stm32f4xx_ll_adc.h ****        (int32_t)((((__TEMPSENSOR_ADC_DATA__) * (__VREFANALOG_VOLTAGE__))       \
1803:board/stm32f401rct6/Drivers/STM32F4xx_HAL_Driver/Inc/stm32f4xx_ll_adc.h ****                   / __LL_ADC_DIGITAL_SCALE(__ADC_RESOLUTION__))                \
1804:board/stm32f401rct6/Drivers/STM32F4xx_HAL_Driver/Inc/stm32f4xx_ll_adc.h ****                  * 1000)                                                       \
1805:board/stm32f401rct6/Drivers/STM32F4xx_HAL_Driver/Inc/stm32f4xx_ll_adc.h ****       )                                                                        \
1806:board/stm32f401rct6/Drivers/STM32F4xx_HAL_Driver/Inc/stm32f4xx_ll_adc.h ****     ) / (__TEMPSENSOR_TYP_AVGSLOPE__)                                          \
1807:board/stm32f401rct6/Drivers/STM32F4xx_HAL_Driver/Inc/stm32f4xx_ll_adc.h ****    ) + (__TEMPSENSOR_CALX_TEMP__)                                              \
1808:board/stm32f401rct6/Drivers/STM32F4xx_HAL_Driver/Inc/stm32f4xx_ll_adc.h ****   )
1809:board/stm32f401rct6/Drivers/STM32F4xx_HAL_Driver/Inc/stm32f4xx_ll_adc.h **** 
1810:board/stm32f401rct6/Drivers/STM32F4xx_HAL_Driver/Inc/stm32f4xx_ll_adc.h **** /**
1811:board/stm32f401rct6/Drivers/STM32F4xx_HAL_Driver/Inc/stm32f4xx_ll_adc.h ****   * @}
1812:board/stm32f401rct6/Drivers/STM32F4xx_HAL_Driver/Inc/stm32f4xx_ll_adc.h ****   */
1813:board/stm32f401rct6/Drivers/STM32F4xx_HAL_Driver/Inc/stm32f4xx_ll_adc.h **** 
1814:board/stm32f401rct6/Drivers/STM32F4xx_HAL_Driver/Inc/stm32f4xx_ll_adc.h **** /**
1815:board/stm32f401rct6/Drivers/STM32F4xx_HAL_Driver/Inc/stm32f4xx_ll_adc.h ****   * @}
1816:board/stm32f401rct6/Drivers/STM32F4xx_HAL_Driver/Inc/stm32f4xx_ll_adc.h ****   */
1817:board/stm32f401rct6/Drivers/STM32F4xx_HAL_Driver/Inc/stm32f4xx_ll_adc.h **** 
1818:board/stm32f401rct6/Drivers/STM32F4xx_HAL_Driver/Inc/stm32f4xx_ll_adc.h **** 
1819:board/stm32f401rct6/Drivers/STM32F4xx_HAL_Driver/Inc/stm32f4xx_ll_adc.h **** /* Exported functions --------------------------------------------------------*/
1820:board/stm32f401rct6/Drivers/STM32F4xx_HAL_Driver/Inc/stm32f4xx_ll_adc.h **** /** @defgroup ADC_LL_Exported_Functions ADC Exported Functions
1821:board/stm32f401rct6/Drivers/STM32F4xx_HAL_Driver/Inc/stm32f4xx_ll_adc.h ****   * @{
1822:board/stm32f401rct6/Drivers/STM32F4xx_HAL_Driver/Inc/stm32f4xx_ll_adc.h ****   */
1823:board/stm32f401rct6/Drivers/STM32F4xx_HAL_Driver/Inc/stm32f4xx_ll_adc.h **** 
1824:board/stm32f401rct6/Drivers/STM32F4xx_HAL_Driver/Inc/stm32f4xx_ll_adc.h **** /** @defgroup ADC_LL_EF_DMA_Management ADC DMA management
1825:board/stm32f401rct6/Drivers/STM32F4xx_HAL_Driver/Inc/stm32f4xx_ll_adc.h ****   * @{
1826:board/stm32f401rct6/Drivers/STM32F4xx_HAL_Driver/Inc/stm32f4xx_ll_adc.h ****   */
1827:board/stm32f401rct6/Drivers/STM32F4xx_HAL_Driver/Inc/stm32f4xx_ll_adc.h **** /* Note: LL ADC functions to set DMA transfer are located into sections of    */
1828:board/stm32f401rct6/Drivers/STM32F4xx_HAL_Driver/Inc/stm32f4xx_ll_adc.h **** /*       configuration of ADC instance, groups and multimode (if available):  */
1829:board/stm32f401rct6/Drivers/STM32F4xx_HAL_Driver/Inc/stm32f4xx_ll_adc.h **** /*       @ref LL_ADC_REG_SetDMATransfer(), ...                                */
1830:board/stm32f401rct6/Drivers/STM32F4xx_HAL_Driver/Inc/stm32f4xx_ll_adc.h **** 
1831:board/stm32f401rct6/Drivers/STM32F4xx_HAL_Driver/Inc/stm32f4xx_ll_adc.h **** /**
1832:board/stm32f401rct6/Drivers/STM32F4xx_HAL_Driver/Inc/stm32f4xx_ll_adc.h ****   * @brief  Function to help to configure DMA transfer from ADC: retrieve the
1833:board/stm32f401rct6/Drivers/STM32F4xx_HAL_Driver/Inc/stm32f4xx_ll_adc.h ****   *         ADC register address from ADC instance and a list of ADC registers
ARM GAS  C:\Users\Admin\AppData\Local\Temp\ccHarYQc.s 			page 75


1834:board/stm32f401rct6/Drivers/STM32F4xx_HAL_Driver/Inc/stm32f4xx_ll_adc.h ****   *         intended to be used (most commonly) with DMA transfer.
1835:board/stm32f401rct6/Drivers/STM32F4xx_HAL_Driver/Inc/stm32f4xx_ll_adc.h ****   * @note   These ADC registers are data registers:
1836:board/stm32f401rct6/Drivers/STM32F4xx_HAL_Driver/Inc/stm32f4xx_ll_adc.h ****   *         when ADC conversion data is available in ADC data registers,
1837:board/stm32f401rct6/Drivers/STM32F4xx_HAL_Driver/Inc/stm32f4xx_ll_adc.h ****   *         ADC generates a DMA transfer request.
1838:board/stm32f401rct6/Drivers/STM32F4xx_HAL_Driver/Inc/stm32f4xx_ll_adc.h ****   * @note   This macro is intended to be used with LL DMA driver, refer to
1839:board/stm32f401rct6/Drivers/STM32F4xx_HAL_Driver/Inc/stm32f4xx_ll_adc.h ****   *         function "LL_DMA_ConfigAddresses()".
1840:board/stm32f401rct6/Drivers/STM32F4xx_HAL_Driver/Inc/stm32f4xx_ll_adc.h ****   *         Example:
1841:board/stm32f401rct6/Drivers/STM32F4xx_HAL_Driver/Inc/stm32f4xx_ll_adc.h ****   *           LL_DMA_ConfigAddresses(DMA1,
1842:board/stm32f401rct6/Drivers/STM32F4xx_HAL_Driver/Inc/stm32f4xx_ll_adc.h ****   *                                  LL_DMA_CHANNEL_1,
1843:board/stm32f401rct6/Drivers/STM32F4xx_HAL_Driver/Inc/stm32f4xx_ll_adc.h ****   *                                  LL_ADC_DMA_GetRegAddr(ADC1, LL_ADC_DMA_REG_REGULAR_DATA),
1844:board/stm32f401rct6/Drivers/STM32F4xx_HAL_Driver/Inc/stm32f4xx_ll_adc.h ****   *                                  (uint32_t)&< array or variable >,
1845:board/stm32f401rct6/Drivers/STM32F4xx_HAL_Driver/Inc/stm32f4xx_ll_adc.h ****   *                                  LL_DMA_DIRECTION_PERIPH_TO_MEMORY);
1846:board/stm32f401rct6/Drivers/STM32F4xx_HAL_Driver/Inc/stm32f4xx_ll_adc.h ****   * @note   For devices with several ADC: in multimode, some devices
1847:board/stm32f401rct6/Drivers/STM32F4xx_HAL_Driver/Inc/stm32f4xx_ll_adc.h ****   *         use a different data register outside of ADC instance scope
1848:board/stm32f401rct6/Drivers/STM32F4xx_HAL_Driver/Inc/stm32f4xx_ll_adc.h ****   *         (common data register). This macro manages this register difference,
1849:board/stm32f401rct6/Drivers/STM32F4xx_HAL_Driver/Inc/stm32f4xx_ll_adc.h ****   *         only ADC instance has to be set as parameter.
1850:board/stm32f401rct6/Drivers/STM32F4xx_HAL_Driver/Inc/stm32f4xx_ll_adc.h ****   * @rmtoll DR       RDATA          LL_ADC_DMA_GetRegAddr\n
1851:board/stm32f401rct6/Drivers/STM32F4xx_HAL_Driver/Inc/stm32f4xx_ll_adc.h ****   *         CDR      RDATA_MST      LL_ADC_DMA_GetRegAddr\n
1852:board/stm32f401rct6/Drivers/STM32F4xx_HAL_Driver/Inc/stm32f4xx_ll_adc.h ****   *         CDR      RDATA_SLV      LL_ADC_DMA_GetRegAddr
1853:board/stm32f401rct6/Drivers/STM32F4xx_HAL_Driver/Inc/stm32f4xx_ll_adc.h ****   * @param  ADCx ADC instance
1854:board/stm32f401rct6/Drivers/STM32F4xx_HAL_Driver/Inc/stm32f4xx_ll_adc.h ****   * @param  Register This parameter can be one of the following values:
1855:board/stm32f401rct6/Drivers/STM32F4xx_HAL_Driver/Inc/stm32f4xx_ll_adc.h ****   *         @arg @ref LL_ADC_DMA_REG_REGULAR_DATA
1856:board/stm32f401rct6/Drivers/STM32F4xx_HAL_Driver/Inc/stm32f4xx_ll_adc.h ****   *         @arg @ref LL_ADC_DMA_REG_REGULAR_DATA_MULTI (1)
1857:board/stm32f401rct6/Drivers/STM32F4xx_HAL_Driver/Inc/stm32f4xx_ll_adc.h ****   *
1858:board/stm32f401rct6/Drivers/STM32F4xx_HAL_Driver/Inc/stm32f4xx_ll_adc.h ****   *         (1) Available on devices with several ADC instances.
1859:board/stm32f401rct6/Drivers/STM32F4xx_HAL_Driver/Inc/stm32f4xx_ll_adc.h ****   * @retval ADC register address
1860:board/stm32f401rct6/Drivers/STM32F4xx_HAL_Driver/Inc/stm32f4xx_ll_adc.h ****   */
1861:board/stm32f401rct6/Drivers/STM32F4xx_HAL_Driver/Inc/stm32f4xx_ll_adc.h **** #if defined(ADC_MULTIMODE_SUPPORT)
1862:board/stm32f401rct6/Drivers/STM32F4xx_HAL_Driver/Inc/stm32f4xx_ll_adc.h **** __STATIC_INLINE uint32_t LL_ADC_DMA_GetRegAddr(const ADC_TypeDef *ADCx, uint32_t Register)
1863:board/stm32f401rct6/Drivers/STM32F4xx_HAL_Driver/Inc/stm32f4xx_ll_adc.h **** {
1864:board/stm32f401rct6/Drivers/STM32F4xx_HAL_Driver/Inc/stm32f4xx_ll_adc.h ****   uint32_t data_reg_addr = 0UL;
1865:board/stm32f401rct6/Drivers/STM32F4xx_HAL_Driver/Inc/stm32f4xx_ll_adc.h **** 
1866:board/stm32f401rct6/Drivers/STM32F4xx_HAL_Driver/Inc/stm32f4xx_ll_adc.h ****   if (Register == LL_ADC_DMA_REG_REGULAR_DATA)
1867:board/stm32f401rct6/Drivers/STM32F4xx_HAL_Driver/Inc/stm32f4xx_ll_adc.h ****   {
1868:board/stm32f401rct6/Drivers/STM32F4xx_HAL_Driver/Inc/stm32f4xx_ll_adc.h ****     /* Retrieve address of register DR */
1869:board/stm32f401rct6/Drivers/STM32F4xx_HAL_Driver/Inc/stm32f4xx_ll_adc.h ****     data_reg_addr = (uint32_t) & (ADCx->DR);
1870:board/stm32f401rct6/Drivers/STM32F4xx_HAL_Driver/Inc/stm32f4xx_ll_adc.h ****   }
1871:board/stm32f401rct6/Drivers/STM32F4xx_HAL_Driver/Inc/stm32f4xx_ll_adc.h ****   else /* (Register == LL_ADC_DMA_REG_REGULAR_DATA_MULTI) */
1872:board/stm32f401rct6/Drivers/STM32F4xx_HAL_Driver/Inc/stm32f4xx_ll_adc.h ****   {
1873:board/stm32f401rct6/Drivers/STM32F4xx_HAL_Driver/Inc/stm32f4xx_ll_adc.h ****     /* Retrieve address of register CDR */
1874:board/stm32f401rct6/Drivers/STM32F4xx_HAL_Driver/Inc/stm32f4xx_ll_adc.h ****     data_reg_addr = (uint32_t) & ((__LL_ADC_COMMON_INSTANCE(ADCx))->CDR);
1875:board/stm32f401rct6/Drivers/STM32F4xx_HAL_Driver/Inc/stm32f4xx_ll_adc.h ****   }
1876:board/stm32f401rct6/Drivers/STM32F4xx_HAL_Driver/Inc/stm32f4xx_ll_adc.h **** 
1877:board/stm32f401rct6/Drivers/STM32F4xx_HAL_Driver/Inc/stm32f4xx_ll_adc.h ****   return data_reg_addr;
1878:board/stm32f401rct6/Drivers/STM32F4xx_HAL_Driver/Inc/stm32f4xx_ll_adc.h **** }
1879:board/stm32f401rct6/Drivers/STM32F4xx_HAL_Driver/Inc/stm32f4xx_ll_adc.h **** #else
1880:board/stm32f401rct6/Drivers/STM32F4xx_HAL_Driver/Inc/stm32f4xx_ll_adc.h **** __STATIC_INLINE uint32_t LL_ADC_DMA_GetRegAddr(ADC_TypeDef *ADCx, uint32_t Register)
1881:board/stm32f401rct6/Drivers/STM32F4xx_HAL_Driver/Inc/stm32f4xx_ll_adc.h **** {
1882:board/stm32f401rct6/Drivers/STM32F4xx_HAL_Driver/Inc/stm32f4xx_ll_adc.h ****   /* Prevent unused argument compilation warning */
1883:board/stm32f401rct6/Drivers/STM32F4xx_HAL_Driver/Inc/stm32f4xx_ll_adc.h ****   (void)Register;
1884:board/stm32f401rct6/Drivers/STM32F4xx_HAL_Driver/Inc/stm32f4xx_ll_adc.h **** 
1885:board/stm32f401rct6/Drivers/STM32F4xx_HAL_Driver/Inc/stm32f4xx_ll_adc.h ****   /* Retrieve address of register DR */
1886:board/stm32f401rct6/Drivers/STM32F4xx_HAL_Driver/Inc/stm32f4xx_ll_adc.h ****   return (uint32_t) & (ADCx->DR);
1887:board/stm32f401rct6/Drivers/STM32F4xx_HAL_Driver/Inc/stm32f4xx_ll_adc.h **** }
1888:board/stm32f401rct6/Drivers/STM32F4xx_HAL_Driver/Inc/stm32f4xx_ll_adc.h **** #endif
1889:board/stm32f401rct6/Drivers/STM32F4xx_HAL_Driver/Inc/stm32f4xx_ll_adc.h **** 
1890:board/stm32f401rct6/Drivers/STM32F4xx_HAL_Driver/Inc/stm32f4xx_ll_adc.h **** /**
ARM GAS  C:\Users\Admin\AppData\Local\Temp\ccHarYQc.s 			page 76


1891:board/stm32f401rct6/Drivers/STM32F4xx_HAL_Driver/Inc/stm32f4xx_ll_adc.h ****   * @}
1892:board/stm32f401rct6/Drivers/STM32F4xx_HAL_Driver/Inc/stm32f4xx_ll_adc.h ****   */
1893:board/stm32f401rct6/Drivers/STM32F4xx_HAL_Driver/Inc/stm32f4xx_ll_adc.h **** 
1894:board/stm32f401rct6/Drivers/STM32F4xx_HAL_Driver/Inc/stm32f4xx_ll_adc.h **** /** @defgroup ADC_LL_EF_Configuration_ADC_Common Configuration of ADC hierarchical scope: common to
1895:board/stm32f401rct6/Drivers/STM32F4xx_HAL_Driver/Inc/stm32f4xx_ll_adc.h ****   * @{
1896:board/stm32f401rct6/Drivers/STM32F4xx_HAL_Driver/Inc/stm32f4xx_ll_adc.h ****   */
1897:board/stm32f401rct6/Drivers/STM32F4xx_HAL_Driver/Inc/stm32f4xx_ll_adc.h **** 
1898:board/stm32f401rct6/Drivers/STM32F4xx_HAL_Driver/Inc/stm32f4xx_ll_adc.h **** /**
1899:board/stm32f401rct6/Drivers/STM32F4xx_HAL_Driver/Inc/stm32f4xx_ll_adc.h ****   * @brief  Set parameter common to several ADC: Clock source and prescaler.
1900:board/stm32f401rct6/Drivers/STM32F4xx_HAL_Driver/Inc/stm32f4xx_ll_adc.h ****   * @rmtoll CCR      ADCPRE         LL_ADC_SetCommonClock
1901:board/stm32f401rct6/Drivers/STM32F4xx_HAL_Driver/Inc/stm32f4xx_ll_adc.h ****   * @param  ADCxy_COMMON ADC common instance
1902:board/stm32f401rct6/Drivers/STM32F4xx_HAL_Driver/Inc/stm32f4xx_ll_adc.h ****   *         (can be set directly from CMSIS definition or by using helper macro @ref __LL_ADC_COMMO
1903:board/stm32f401rct6/Drivers/STM32F4xx_HAL_Driver/Inc/stm32f4xx_ll_adc.h ****   * @param  CommonClock This parameter can be one of the following values:
1904:board/stm32f401rct6/Drivers/STM32F4xx_HAL_Driver/Inc/stm32f4xx_ll_adc.h ****   *         @arg @ref LL_ADC_CLOCK_SYNC_PCLK_DIV2
1905:board/stm32f401rct6/Drivers/STM32F4xx_HAL_Driver/Inc/stm32f4xx_ll_adc.h ****   *         @arg @ref LL_ADC_CLOCK_SYNC_PCLK_DIV4
1906:board/stm32f401rct6/Drivers/STM32F4xx_HAL_Driver/Inc/stm32f4xx_ll_adc.h ****   *         @arg @ref LL_ADC_CLOCK_SYNC_PCLK_DIV6
1907:board/stm32f401rct6/Drivers/STM32F4xx_HAL_Driver/Inc/stm32f4xx_ll_adc.h ****   *         @arg @ref LL_ADC_CLOCK_SYNC_PCLK_DIV8
1908:board/stm32f401rct6/Drivers/STM32F4xx_HAL_Driver/Inc/stm32f4xx_ll_adc.h ****   * @retval None
1909:board/stm32f401rct6/Drivers/STM32F4xx_HAL_Driver/Inc/stm32f4xx_ll_adc.h ****   */
1910:board/stm32f401rct6/Drivers/STM32F4xx_HAL_Driver/Inc/stm32f4xx_ll_adc.h **** __STATIC_INLINE void LL_ADC_SetCommonClock(ADC_Common_TypeDef *ADCxy_COMMON, uint32_t CommonClock)
1911:board/stm32f401rct6/Drivers/STM32F4xx_HAL_Driver/Inc/stm32f4xx_ll_adc.h **** {
1912:board/stm32f401rct6/Drivers/STM32F4xx_HAL_Driver/Inc/stm32f4xx_ll_adc.h ****   MODIFY_REG(ADCxy_COMMON->CCR, ADC_CCR_ADCPRE, CommonClock);
1913:board/stm32f401rct6/Drivers/STM32F4xx_HAL_Driver/Inc/stm32f4xx_ll_adc.h **** }
1914:board/stm32f401rct6/Drivers/STM32F4xx_HAL_Driver/Inc/stm32f4xx_ll_adc.h **** 
1915:board/stm32f401rct6/Drivers/STM32F4xx_HAL_Driver/Inc/stm32f4xx_ll_adc.h **** /**
1916:board/stm32f401rct6/Drivers/STM32F4xx_HAL_Driver/Inc/stm32f4xx_ll_adc.h ****   * @brief  Get parameter common to several ADC: Clock source and prescaler.
1917:board/stm32f401rct6/Drivers/STM32F4xx_HAL_Driver/Inc/stm32f4xx_ll_adc.h ****   * @rmtoll CCR      ADCPRE         LL_ADC_GetCommonClock
1918:board/stm32f401rct6/Drivers/STM32F4xx_HAL_Driver/Inc/stm32f4xx_ll_adc.h ****   * @param  ADCxy_COMMON ADC common instance
1919:board/stm32f401rct6/Drivers/STM32F4xx_HAL_Driver/Inc/stm32f4xx_ll_adc.h ****   *         (can be set directly from CMSIS definition or by using helper macro @ref __LL_ADC_COMMO
1920:board/stm32f401rct6/Drivers/STM32F4xx_HAL_Driver/Inc/stm32f4xx_ll_adc.h ****   * @retval Returned value can be one of the following values:
1921:board/stm32f401rct6/Drivers/STM32F4xx_HAL_Driver/Inc/stm32f4xx_ll_adc.h ****   *         @arg @ref LL_ADC_CLOCK_SYNC_PCLK_DIV2
1922:board/stm32f401rct6/Drivers/STM32F4xx_HAL_Driver/Inc/stm32f4xx_ll_adc.h ****   *         @arg @ref LL_ADC_CLOCK_SYNC_PCLK_DIV4
1923:board/stm32f401rct6/Drivers/STM32F4xx_HAL_Driver/Inc/stm32f4xx_ll_adc.h ****   *         @arg @ref LL_ADC_CLOCK_SYNC_PCLK_DIV6
1924:board/stm32f401rct6/Drivers/STM32F4xx_HAL_Driver/Inc/stm32f4xx_ll_adc.h ****   *         @arg @ref LL_ADC_CLOCK_SYNC_PCLK_DIV8
1925:board/stm32f401rct6/Drivers/STM32F4xx_HAL_Driver/Inc/stm32f4xx_ll_adc.h ****   */
1926:board/stm32f401rct6/Drivers/STM32F4xx_HAL_Driver/Inc/stm32f4xx_ll_adc.h **** __STATIC_INLINE uint32_t LL_ADC_GetCommonClock(const ADC_Common_TypeDef *ADCxy_COMMON)
1927:board/stm32f401rct6/Drivers/STM32F4xx_HAL_Driver/Inc/stm32f4xx_ll_adc.h **** {
1928:board/stm32f401rct6/Drivers/STM32F4xx_HAL_Driver/Inc/stm32f4xx_ll_adc.h ****   return (uint32_t)(READ_BIT(ADCxy_COMMON->CCR, ADC_CCR_ADCPRE));
1929:board/stm32f401rct6/Drivers/STM32F4xx_HAL_Driver/Inc/stm32f4xx_ll_adc.h **** }
1930:board/stm32f401rct6/Drivers/STM32F4xx_HAL_Driver/Inc/stm32f4xx_ll_adc.h **** 
1931:board/stm32f401rct6/Drivers/STM32F4xx_HAL_Driver/Inc/stm32f4xx_ll_adc.h **** /**
1932:board/stm32f401rct6/Drivers/STM32F4xx_HAL_Driver/Inc/stm32f4xx_ll_adc.h ****   * @brief  Set parameter common to several ADC: measurement path to internal
1933:board/stm32f401rct6/Drivers/STM32F4xx_HAL_Driver/Inc/stm32f4xx_ll_adc.h ****   *         channels (VrefInt, temperature sensor, ...).
1934:board/stm32f401rct6/Drivers/STM32F4xx_HAL_Driver/Inc/stm32f4xx_ll_adc.h ****   * @note   One or several values can be selected.
1935:board/stm32f401rct6/Drivers/STM32F4xx_HAL_Driver/Inc/stm32f4xx_ll_adc.h ****   *         Example: (LL_ADC_PATH_INTERNAL_VREFINT |
1936:board/stm32f401rct6/Drivers/STM32F4xx_HAL_Driver/Inc/stm32f4xx_ll_adc.h ****   *                   LL_ADC_PATH_INTERNAL_TEMPSENSOR)
1937:board/stm32f401rct6/Drivers/STM32F4xx_HAL_Driver/Inc/stm32f4xx_ll_adc.h ****   * @note   Stabilization time of measurement path to internal channel:
1938:board/stm32f401rct6/Drivers/STM32F4xx_HAL_Driver/Inc/stm32f4xx_ll_adc.h ****   *         After enabling internal paths, before starting ADC conversion,
1939:board/stm32f401rct6/Drivers/STM32F4xx_HAL_Driver/Inc/stm32f4xx_ll_adc.h ****   *         a delay is required for internal voltage reference and
1940:board/stm32f401rct6/Drivers/STM32F4xx_HAL_Driver/Inc/stm32f4xx_ll_adc.h ****   *         temperature sensor stabilization time.
1941:board/stm32f401rct6/Drivers/STM32F4xx_HAL_Driver/Inc/stm32f4xx_ll_adc.h ****   *         Refer to device datasheet.
1942:board/stm32f401rct6/Drivers/STM32F4xx_HAL_Driver/Inc/stm32f4xx_ll_adc.h ****   *         Refer to literal @ref LL_ADC_DELAY_VREFINT_STAB_US.
1943:board/stm32f401rct6/Drivers/STM32F4xx_HAL_Driver/Inc/stm32f4xx_ll_adc.h ****   *         Refer to literal @ref LL_ADC_DELAY_TEMPSENSOR_STAB_US.
1944:board/stm32f401rct6/Drivers/STM32F4xx_HAL_Driver/Inc/stm32f4xx_ll_adc.h ****   * @note   ADC internal channel sampling time constraint:
1945:board/stm32f401rct6/Drivers/STM32F4xx_HAL_Driver/Inc/stm32f4xx_ll_adc.h ****   *         For ADC conversion of internal channels,
1946:board/stm32f401rct6/Drivers/STM32F4xx_HAL_Driver/Inc/stm32f4xx_ll_adc.h ****   *         a sampling time minimum value is required.
1947:board/stm32f401rct6/Drivers/STM32F4xx_HAL_Driver/Inc/stm32f4xx_ll_adc.h ****   *         Refer to device datasheet.
ARM GAS  C:\Users\Admin\AppData\Local\Temp\ccHarYQc.s 			page 77


1948:board/stm32f401rct6/Drivers/STM32F4xx_HAL_Driver/Inc/stm32f4xx_ll_adc.h ****   * @rmtoll CCR      TSVREFE        LL_ADC_SetCommonPathInternalCh\n
1949:board/stm32f401rct6/Drivers/STM32F4xx_HAL_Driver/Inc/stm32f4xx_ll_adc.h ****   *         CCR      VBATE          LL_ADC_SetCommonPathInternalCh
1950:board/stm32f401rct6/Drivers/STM32F4xx_HAL_Driver/Inc/stm32f4xx_ll_adc.h ****   * @param  ADCxy_COMMON ADC common instance
1951:board/stm32f401rct6/Drivers/STM32F4xx_HAL_Driver/Inc/stm32f4xx_ll_adc.h ****   *         (can be set directly from CMSIS definition or by using helper macro @ref __LL_ADC_COMMO
1952:board/stm32f401rct6/Drivers/STM32F4xx_HAL_Driver/Inc/stm32f4xx_ll_adc.h ****   * @param  PathInternal This parameter can be a combination of the following values:
1953:board/stm32f401rct6/Drivers/STM32F4xx_HAL_Driver/Inc/stm32f4xx_ll_adc.h ****   *         @arg @ref LL_ADC_PATH_INTERNAL_NONE
1954:board/stm32f401rct6/Drivers/STM32F4xx_HAL_Driver/Inc/stm32f4xx_ll_adc.h ****   *         @arg @ref LL_ADC_PATH_INTERNAL_VREFINT
1955:board/stm32f401rct6/Drivers/STM32F4xx_HAL_Driver/Inc/stm32f4xx_ll_adc.h ****   *         @arg @ref LL_ADC_PATH_INTERNAL_TEMPSENSOR
1956:board/stm32f401rct6/Drivers/STM32F4xx_HAL_Driver/Inc/stm32f4xx_ll_adc.h ****   *         @arg @ref LL_ADC_PATH_INTERNAL_VBAT
1957:board/stm32f401rct6/Drivers/STM32F4xx_HAL_Driver/Inc/stm32f4xx_ll_adc.h ****   * @retval None
1958:board/stm32f401rct6/Drivers/STM32F4xx_HAL_Driver/Inc/stm32f4xx_ll_adc.h ****   */
1959:board/stm32f401rct6/Drivers/STM32F4xx_HAL_Driver/Inc/stm32f4xx_ll_adc.h **** __STATIC_INLINE void LL_ADC_SetCommonPathInternalCh(ADC_Common_TypeDef *ADCxy_COMMON, uint32_t Path
1960:board/stm32f401rct6/Drivers/STM32F4xx_HAL_Driver/Inc/stm32f4xx_ll_adc.h **** {
1961:board/stm32f401rct6/Drivers/STM32F4xx_HAL_Driver/Inc/stm32f4xx_ll_adc.h ****   MODIFY_REG(ADCxy_COMMON->CCR, ADC_CCR_TSVREFE | ADC_CCR_VBATE, PathInternal);
1962:board/stm32f401rct6/Drivers/STM32F4xx_HAL_Driver/Inc/stm32f4xx_ll_adc.h **** }
1963:board/stm32f401rct6/Drivers/STM32F4xx_HAL_Driver/Inc/stm32f4xx_ll_adc.h **** 
1964:board/stm32f401rct6/Drivers/STM32F4xx_HAL_Driver/Inc/stm32f4xx_ll_adc.h **** /**
1965:board/stm32f401rct6/Drivers/STM32F4xx_HAL_Driver/Inc/stm32f4xx_ll_adc.h ****   * @brief  Get parameter common to several ADC: measurement path to internal
1966:board/stm32f401rct6/Drivers/STM32F4xx_HAL_Driver/Inc/stm32f4xx_ll_adc.h ****   *         channels (VrefInt, temperature sensor, ...).
1967:board/stm32f401rct6/Drivers/STM32F4xx_HAL_Driver/Inc/stm32f4xx_ll_adc.h ****   * @note   One or several values can be selected.
1968:board/stm32f401rct6/Drivers/STM32F4xx_HAL_Driver/Inc/stm32f4xx_ll_adc.h ****   *         Example: (LL_ADC_PATH_INTERNAL_VREFINT |
1969:board/stm32f401rct6/Drivers/STM32F4xx_HAL_Driver/Inc/stm32f4xx_ll_adc.h ****   *                   LL_ADC_PATH_INTERNAL_TEMPSENSOR)
1970:board/stm32f401rct6/Drivers/STM32F4xx_HAL_Driver/Inc/stm32f4xx_ll_adc.h ****   * @rmtoll CCR      TSVREFE        LL_ADC_GetCommonPathInternalCh\n
1971:board/stm32f401rct6/Drivers/STM32F4xx_HAL_Driver/Inc/stm32f4xx_ll_adc.h ****   *         CCR      VBATE          LL_ADC_GetCommonPathInternalCh
1972:board/stm32f401rct6/Drivers/STM32F4xx_HAL_Driver/Inc/stm32f4xx_ll_adc.h ****   * @param  ADCxy_COMMON ADC common instance
1973:board/stm32f401rct6/Drivers/STM32F4xx_HAL_Driver/Inc/stm32f4xx_ll_adc.h ****   *         (can be set directly from CMSIS definition or by using helper macro @ref __LL_ADC_COMMO
1974:board/stm32f401rct6/Drivers/STM32F4xx_HAL_Driver/Inc/stm32f4xx_ll_adc.h ****   * @retval Returned value can be a combination of the following values:
1975:board/stm32f401rct6/Drivers/STM32F4xx_HAL_Driver/Inc/stm32f4xx_ll_adc.h ****   *         @arg @ref LL_ADC_PATH_INTERNAL_NONE
1976:board/stm32f401rct6/Drivers/STM32F4xx_HAL_Driver/Inc/stm32f4xx_ll_adc.h ****   *         @arg @ref LL_ADC_PATH_INTERNAL_VREFINT
1977:board/stm32f401rct6/Drivers/STM32F4xx_HAL_Driver/Inc/stm32f4xx_ll_adc.h ****   *         @arg @ref LL_ADC_PATH_INTERNAL_TEMPSENSOR
1978:board/stm32f401rct6/Drivers/STM32F4xx_HAL_Driver/Inc/stm32f4xx_ll_adc.h ****   *         @arg @ref LL_ADC_PATH_INTERNAL_VBAT
1979:board/stm32f401rct6/Drivers/STM32F4xx_HAL_Driver/Inc/stm32f4xx_ll_adc.h ****   */
1980:board/stm32f401rct6/Drivers/STM32F4xx_HAL_Driver/Inc/stm32f4xx_ll_adc.h **** __STATIC_INLINE uint32_t LL_ADC_GetCommonPathInternalCh(const ADC_Common_TypeDef *ADCxy_COMMON)
1981:board/stm32f401rct6/Drivers/STM32F4xx_HAL_Driver/Inc/stm32f4xx_ll_adc.h **** {
1982:board/stm32f401rct6/Drivers/STM32F4xx_HAL_Driver/Inc/stm32f4xx_ll_adc.h ****   return (uint32_t)(READ_BIT(ADCxy_COMMON->CCR, ADC_CCR_TSVREFE | ADC_CCR_VBATE));
1983:board/stm32f401rct6/Drivers/STM32F4xx_HAL_Driver/Inc/stm32f4xx_ll_adc.h **** }
1984:board/stm32f401rct6/Drivers/STM32F4xx_HAL_Driver/Inc/stm32f4xx_ll_adc.h **** 
1985:board/stm32f401rct6/Drivers/STM32F4xx_HAL_Driver/Inc/stm32f4xx_ll_adc.h **** /**
1986:board/stm32f401rct6/Drivers/STM32F4xx_HAL_Driver/Inc/stm32f4xx_ll_adc.h ****   * @}
1987:board/stm32f401rct6/Drivers/STM32F4xx_HAL_Driver/Inc/stm32f4xx_ll_adc.h ****   */
1988:board/stm32f401rct6/Drivers/STM32F4xx_HAL_Driver/Inc/stm32f4xx_ll_adc.h **** 
1989:board/stm32f401rct6/Drivers/STM32F4xx_HAL_Driver/Inc/stm32f4xx_ll_adc.h **** /** @defgroup ADC_LL_EF_Configuration_ADC_Instance Configuration of ADC hierarchical scope: ADC ins
1990:board/stm32f401rct6/Drivers/STM32F4xx_HAL_Driver/Inc/stm32f4xx_ll_adc.h ****   * @{
1991:board/stm32f401rct6/Drivers/STM32F4xx_HAL_Driver/Inc/stm32f4xx_ll_adc.h ****   */
1992:board/stm32f401rct6/Drivers/STM32F4xx_HAL_Driver/Inc/stm32f4xx_ll_adc.h **** 
1993:board/stm32f401rct6/Drivers/STM32F4xx_HAL_Driver/Inc/stm32f4xx_ll_adc.h **** /**
1994:board/stm32f401rct6/Drivers/STM32F4xx_HAL_Driver/Inc/stm32f4xx_ll_adc.h ****   * @brief  Set ADC resolution.
1995:board/stm32f401rct6/Drivers/STM32F4xx_HAL_Driver/Inc/stm32f4xx_ll_adc.h ****   *         Refer to reference manual for alignments formats
1996:board/stm32f401rct6/Drivers/STM32F4xx_HAL_Driver/Inc/stm32f4xx_ll_adc.h ****   *         dependencies to ADC resolutions.
1997:board/stm32f401rct6/Drivers/STM32F4xx_HAL_Driver/Inc/stm32f4xx_ll_adc.h ****   * @rmtoll CR1      RES            LL_ADC_SetResolution
1998:board/stm32f401rct6/Drivers/STM32F4xx_HAL_Driver/Inc/stm32f4xx_ll_adc.h ****   * @param  ADCx ADC instance
1999:board/stm32f401rct6/Drivers/STM32F4xx_HAL_Driver/Inc/stm32f4xx_ll_adc.h ****   * @param  Resolution This parameter can be one of the following values:
2000:board/stm32f401rct6/Drivers/STM32F4xx_HAL_Driver/Inc/stm32f4xx_ll_adc.h ****   *         @arg @ref LL_ADC_RESOLUTION_12B
2001:board/stm32f401rct6/Drivers/STM32F4xx_HAL_Driver/Inc/stm32f4xx_ll_adc.h ****   *         @arg @ref LL_ADC_RESOLUTION_10B
2002:board/stm32f401rct6/Drivers/STM32F4xx_HAL_Driver/Inc/stm32f4xx_ll_adc.h ****   *         @arg @ref LL_ADC_RESOLUTION_8B
2003:board/stm32f401rct6/Drivers/STM32F4xx_HAL_Driver/Inc/stm32f4xx_ll_adc.h ****   *         @arg @ref LL_ADC_RESOLUTION_6B
2004:board/stm32f401rct6/Drivers/STM32F4xx_HAL_Driver/Inc/stm32f4xx_ll_adc.h ****   * @retval None
ARM GAS  C:\Users\Admin\AppData\Local\Temp\ccHarYQc.s 			page 78


2005:board/stm32f401rct6/Drivers/STM32F4xx_HAL_Driver/Inc/stm32f4xx_ll_adc.h ****   */
2006:board/stm32f401rct6/Drivers/STM32F4xx_HAL_Driver/Inc/stm32f4xx_ll_adc.h **** __STATIC_INLINE void LL_ADC_SetResolution(ADC_TypeDef *ADCx, uint32_t Resolution)
2007:board/stm32f401rct6/Drivers/STM32F4xx_HAL_Driver/Inc/stm32f4xx_ll_adc.h **** {
2008:board/stm32f401rct6/Drivers/STM32F4xx_HAL_Driver/Inc/stm32f4xx_ll_adc.h ****   MODIFY_REG(ADCx->CR1, ADC_CR1_RES, Resolution);
2009:board/stm32f401rct6/Drivers/STM32F4xx_HAL_Driver/Inc/stm32f4xx_ll_adc.h **** }
2010:board/stm32f401rct6/Drivers/STM32F4xx_HAL_Driver/Inc/stm32f4xx_ll_adc.h **** 
2011:board/stm32f401rct6/Drivers/STM32F4xx_HAL_Driver/Inc/stm32f4xx_ll_adc.h **** /**
2012:board/stm32f401rct6/Drivers/STM32F4xx_HAL_Driver/Inc/stm32f4xx_ll_adc.h ****   * @brief  Get ADC resolution.
2013:board/stm32f401rct6/Drivers/STM32F4xx_HAL_Driver/Inc/stm32f4xx_ll_adc.h ****   *         Refer to reference manual for alignments formats
2014:board/stm32f401rct6/Drivers/STM32F4xx_HAL_Driver/Inc/stm32f4xx_ll_adc.h ****   *         dependencies to ADC resolutions.
2015:board/stm32f401rct6/Drivers/STM32F4xx_HAL_Driver/Inc/stm32f4xx_ll_adc.h ****   * @rmtoll CR1      RES            LL_ADC_GetResolution
2016:board/stm32f401rct6/Drivers/STM32F4xx_HAL_Driver/Inc/stm32f4xx_ll_adc.h ****   * @param  ADCx ADC instance
2017:board/stm32f401rct6/Drivers/STM32F4xx_HAL_Driver/Inc/stm32f4xx_ll_adc.h ****   * @retval Returned value can be one of the following values:
2018:board/stm32f401rct6/Drivers/STM32F4xx_HAL_Driver/Inc/stm32f4xx_ll_adc.h ****   *         @arg @ref LL_ADC_RESOLUTION_12B
2019:board/stm32f401rct6/Drivers/STM32F4xx_HAL_Driver/Inc/stm32f4xx_ll_adc.h ****   *         @arg @ref LL_ADC_RESOLUTION_10B
2020:board/stm32f401rct6/Drivers/STM32F4xx_HAL_Driver/Inc/stm32f4xx_ll_adc.h ****   *         @arg @ref LL_ADC_RESOLUTION_8B
2021:board/stm32f401rct6/Drivers/STM32F4xx_HAL_Driver/Inc/stm32f4xx_ll_adc.h ****   *         @arg @ref LL_ADC_RESOLUTION_6B
2022:board/stm32f401rct6/Drivers/STM32F4xx_HAL_Driver/Inc/stm32f4xx_ll_adc.h ****   */
2023:board/stm32f401rct6/Drivers/STM32F4xx_HAL_Driver/Inc/stm32f4xx_ll_adc.h **** __STATIC_INLINE uint32_t LL_ADC_GetResolution(const ADC_TypeDef *ADCx)
2024:board/stm32f401rct6/Drivers/STM32F4xx_HAL_Driver/Inc/stm32f4xx_ll_adc.h **** {
2025:board/stm32f401rct6/Drivers/STM32F4xx_HAL_Driver/Inc/stm32f4xx_ll_adc.h ****   return (uint32_t)(READ_BIT(ADCx->CR1, ADC_CR1_RES));
2026:board/stm32f401rct6/Drivers/STM32F4xx_HAL_Driver/Inc/stm32f4xx_ll_adc.h **** }
2027:board/stm32f401rct6/Drivers/STM32F4xx_HAL_Driver/Inc/stm32f4xx_ll_adc.h **** 
2028:board/stm32f401rct6/Drivers/STM32F4xx_HAL_Driver/Inc/stm32f4xx_ll_adc.h **** /**
2029:board/stm32f401rct6/Drivers/STM32F4xx_HAL_Driver/Inc/stm32f4xx_ll_adc.h ****   * @brief  Set ADC conversion data alignment.
2030:board/stm32f401rct6/Drivers/STM32F4xx_HAL_Driver/Inc/stm32f4xx_ll_adc.h ****   * @note   Refer to reference manual for alignments formats
2031:board/stm32f401rct6/Drivers/STM32F4xx_HAL_Driver/Inc/stm32f4xx_ll_adc.h ****   *         dependencies to ADC resolutions.
2032:board/stm32f401rct6/Drivers/STM32F4xx_HAL_Driver/Inc/stm32f4xx_ll_adc.h ****   * @rmtoll CR2      ALIGN          LL_ADC_SetDataAlignment
2033:board/stm32f401rct6/Drivers/STM32F4xx_HAL_Driver/Inc/stm32f4xx_ll_adc.h ****   * @param  ADCx ADC instance
2034:board/stm32f401rct6/Drivers/STM32F4xx_HAL_Driver/Inc/stm32f4xx_ll_adc.h ****   * @param  DataAlignment This parameter can be one of the following values:
2035:board/stm32f401rct6/Drivers/STM32F4xx_HAL_Driver/Inc/stm32f4xx_ll_adc.h ****   *         @arg @ref LL_ADC_DATA_ALIGN_RIGHT
2036:board/stm32f401rct6/Drivers/STM32F4xx_HAL_Driver/Inc/stm32f4xx_ll_adc.h ****   *         @arg @ref LL_ADC_DATA_ALIGN_LEFT
2037:board/stm32f401rct6/Drivers/STM32F4xx_HAL_Driver/Inc/stm32f4xx_ll_adc.h ****   * @retval None
2038:board/stm32f401rct6/Drivers/STM32F4xx_HAL_Driver/Inc/stm32f4xx_ll_adc.h ****   */
2039:board/stm32f401rct6/Drivers/STM32F4xx_HAL_Driver/Inc/stm32f4xx_ll_adc.h **** __STATIC_INLINE void LL_ADC_SetDataAlignment(ADC_TypeDef *ADCx, uint32_t DataAlignment)
2040:board/stm32f401rct6/Drivers/STM32F4xx_HAL_Driver/Inc/stm32f4xx_ll_adc.h **** {
2041:board/stm32f401rct6/Drivers/STM32F4xx_HAL_Driver/Inc/stm32f4xx_ll_adc.h ****   MODIFY_REG(ADCx->CR2, ADC_CR2_ALIGN, DataAlignment);
2042:board/stm32f401rct6/Drivers/STM32F4xx_HAL_Driver/Inc/stm32f4xx_ll_adc.h **** }
2043:board/stm32f401rct6/Drivers/STM32F4xx_HAL_Driver/Inc/stm32f4xx_ll_adc.h **** 
2044:board/stm32f401rct6/Drivers/STM32F4xx_HAL_Driver/Inc/stm32f4xx_ll_adc.h **** /**
2045:board/stm32f401rct6/Drivers/STM32F4xx_HAL_Driver/Inc/stm32f4xx_ll_adc.h ****   * @brief  Get ADC conversion data alignment.
2046:board/stm32f401rct6/Drivers/STM32F4xx_HAL_Driver/Inc/stm32f4xx_ll_adc.h ****   * @note   Refer to reference manual for alignments formats
2047:board/stm32f401rct6/Drivers/STM32F4xx_HAL_Driver/Inc/stm32f4xx_ll_adc.h ****   *         dependencies to ADC resolutions.
2048:board/stm32f401rct6/Drivers/STM32F4xx_HAL_Driver/Inc/stm32f4xx_ll_adc.h ****   * @rmtoll CR2      ALIGN          LL_ADC_SetDataAlignment
2049:board/stm32f401rct6/Drivers/STM32F4xx_HAL_Driver/Inc/stm32f4xx_ll_adc.h ****   * @param  ADCx ADC instance
2050:board/stm32f401rct6/Drivers/STM32F4xx_HAL_Driver/Inc/stm32f4xx_ll_adc.h ****   * @retval Returned value can be one of the following values:
2051:board/stm32f401rct6/Drivers/STM32F4xx_HAL_Driver/Inc/stm32f4xx_ll_adc.h ****   *         @arg @ref LL_ADC_DATA_ALIGN_RIGHT
2052:board/stm32f401rct6/Drivers/STM32F4xx_HAL_Driver/Inc/stm32f4xx_ll_adc.h ****   *         @arg @ref LL_ADC_DATA_ALIGN_LEFT
2053:board/stm32f401rct6/Drivers/STM32F4xx_HAL_Driver/Inc/stm32f4xx_ll_adc.h ****   */
2054:board/stm32f401rct6/Drivers/STM32F4xx_HAL_Driver/Inc/stm32f4xx_ll_adc.h **** __STATIC_INLINE uint32_t LL_ADC_GetDataAlignment(const ADC_TypeDef *ADCx)
2055:board/stm32f401rct6/Drivers/STM32F4xx_HAL_Driver/Inc/stm32f4xx_ll_adc.h **** {
2056:board/stm32f401rct6/Drivers/STM32F4xx_HAL_Driver/Inc/stm32f4xx_ll_adc.h ****   return (uint32_t)(READ_BIT(ADCx->CR2, ADC_CR2_ALIGN));
2057:board/stm32f401rct6/Drivers/STM32F4xx_HAL_Driver/Inc/stm32f4xx_ll_adc.h **** }
2058:board/stm32f401rct6/Drivers/STM32F4xx_HAL_Driver/Inc/stm32f4xx_ll_adc.h **** 
2059:board/stm32f401rct6/Drivers/STM32F4xx_HAL_Driver/Inc/stm32f4xx_ll_adc.h **** /**
2060:board/stm32f401rct6/Drivers/STM32F4xx_HAL_Driver/Inc/stm32f4xx_ll_adc.h ****   * @brief  Set ADC sequencers scan mode, for all ADC groups
2061:board/stm32f401rct6/Drivers/STM32F4xx_HAL_Driver/Inc/stm32f4xx_ll_adc.h ****   *         (group regular, group injected).
ARM GAS  C:\Users\Admin\AppData\Local\Temp\ccHarYQc.s 			page 79


2062:board/stm32f401rct6/Drivers/STM32F4xx_HAL_Driver/Inc/stm32f4xx_ll_adc.h ****   * @note  According to sequencers scan mode :
2063:board/stm32f401rct6/Drivers/STM32F4xx_HAL_Driver/Inc/stm32f4xx_ll_adc.h ****   *         - If disabled: ADC conversion is performed in unitary conversion
2064:board/stm32f401rct6/Drivers/STM32F4xx_HAL_Driver/Inc/stm32f4xx_ll_adc.h ****   *           mode (one channel converted, that defined in rank 1).
2065:board/stm32f401rct6/Drivers/STM32F4xx_HAL_Driver/Inc/stm32f4xx_ll_adc.h ****   *           Configuration of sequencers of all ADC groups
2066:board/stm32f401rct6/Drivers/STM32F4xx_HAL_Driver/Inc/stm32f4xx_ll_adc.h ****   *           (sequencer scan length, ...) is discarded: equivalent to
2067:board/stm32f401rct6/Drivers/STM32F4xx_HAL_Driver/Inc/stm32f4xx_ll_adc.h ****   *           scan length of 1 rank.
2068:board/stm32f401rct6/Drivers/STM32F4xx_HAL_Driver/Inc/stm32f4xx_ll_adc.h ****   *         - If enabled: ADC conversions are performed in sequence conversions
2069:board/stm32f401rct6/Drivers/STM32F4xx_HAL_Driver/Inc/stm32f4xx_ll_adc.h ****   *           mode, according to configuration of sequencers of
2070:board/stm32f401rct6/Drivers/STM32F4xx_HAL_Driver/Inc/stm32f4xx_ll_adc.h ****   *           each ADC group (sequencer scan length, ...).
2071:board/stm32f401rct6/Drivers/STM32F4xx_HAL_Driver/Inc/stm32f4xx_ll_adc.h ****   *           Refer to function @ref LL_ADC_REG_SetSequencerLength()
2072:board/stm32f401rct6/Drivers/STM32F4xx_HAL_Driver/Inc/stm32f4xx_ll_adc.h ****   *           and to function @ref LL_ADC_INJ_SetSequencerLength().
2073:board/stm32f401rct6/Drivers/STM32F4xx_HAL_Driver/Inc/stm32f4xx_ll_adc.h ****   * @rmtoll CR1      SCAN           LL_ADC_SetSequencersScanMode
2074:board/stm32f401rct6/Drivers/STM32F4xx_HAL_Driver/Inc/stm32f4xx_ll_adc.h ****   * @param  ADCx ADC instance
2075:board/stm32f401rct6/Drivers/STM32F4xx_HAL_Driver/Inc/stm32f4xx_ll_adc.h ****   * @param  ScanMode This parameter can be one of the following values:
2076:board/stm32f401rct6/Drivers/STM32F4xx_HAL_Driver/Inc/stm32f4xx_ll_adc.h ****   *         @arg @ref LL_ADC_SEQ_SCAN_DISABLE
2077:board/stm32f401rct6/Drivers/STM32F4xx_HAL_Driver/Inc/stm32f4xx_ll_adc.h ****   *         @arg @ref LL_ADC_SEQ_SCAN_ENABLE
2078:board/stm32f401rct6/Drivers/STM32F4xx_HAL_Driver/Inc/stm32f4xx_ll_adc.h ****   * @retval None
2079:board/stm32f401rct6/Drivers/STM32F4xx_HAL_Driver/Inc/stm32f4xx_ll_adc.h ****   */
2080:board/stm32f401rct6/Drivers/STM32F4xx_HAL_Driver/Inc/stm32f4xx_ll_adc.h **** __STATIC_INLINE void LL_ADC_SetSequencersScanMode(ADC_TypeDef *ADCx, uint32_t ScanMode)
2081:board/stm32f401rct6/Drivers/STM32F4xx_HAL_Driver/Inc/stm32f4xx_ll_adc.h **** {
2082:board/stm32f401rct6/Drivers/STM32F4xx_HAL_Driver/Inc/stm32f4xx_ll_adc.h ****   MODIFY_REG(ADCx->CR1, ADC_CR1_SCAN, ScanMode);
2083:board/stm32f401rct6/Drivers/STM32F4xx_HAL_Driver/Inc/stm32f4xx_ll_adc.h **** }
2084:board/stm32f401rct6/Drivers/STM32F4xx_HAL_Driver/Inc/stm32f4xx_ll_adc.h **** 
2085:board/stm32f401rct6/Drivers/STM32F4xx_HAL_Driver/Inc/stm32f4xx_ll_adc.h **** /**
2086:board/stm32f401rct6/Drivers/STM32F4xx_HAL_Driver/Inc/stm32f4xx_ll_adc.h ****   * @brief  Get ADC sequencers scan mode, for all ADC groups
2087:board/stm32f401rct6/Drivers/STM32F4xx_HAL_Driver/Inc/stm32f4xx_ll_adc.h ****   *         (group regular, group injected).
2088:board/stm32f401rct6/Drivers/STM32F4xx_HAL_Driver/Inc/stm32f4xx_ll_adc.h ****   * @note  According to sequencers scan mode :
2089:board/stm32f401rct6/Drivers/STM32F4xx_HAL_Driver/Inc/stm32f4xx_ll_adc.h ****   *         - If disabled: ADC conversion is performed in unitary conversion
2090:board/stm32f401rct6/Drivers/STM32F4xx_HAL_Driver/Inc/stm32f4xx_ll_adc.h ****   *           mode (one channel converted, that defined in rank 1).
2091:board/stm32f401rct6/Drivers/STM32F4xx_HAL_Driver/Inc/stm32f4xx_ll_adc.h ****   *           Configuration of sequencers of all ADC groups
2092:board/stm32f401rct6/Drivers/STM32F4xx_HAL_Driver/Inc/stm32f4xx_ll_adc.h ****   *           (sequencer scan length, ...) is discarded: equivalent to
2093:board/stm32f401rct6/Drivers/STM32F4xx_HAL_Driver/Inc/stm32f4xx_ll_adc.h ****   *           scan length of 1 rank.
2094:board/stm32f401rct6/Drivers/STM32F4xx_HAL_Driver/Inc/stm32f4xx_ll_adc.h ****   *         - If enabled: ADC conversions are performed in sequence conversions
2095:board/stm32f401rct6/Drivers/STM32F4xx_HAL_Driver/Inc/stm32f4xx_ll_adc.h ****   *           mode, according to configuration of sequencers of
2096:board/stm32f401rct6/Drivers/STM32F4xx_HAL_Driver/Inc/stm32f4xx_ll_adc.h ****   *           each ADC group (sequencer scan length, ...).
2097:board/stm32f401rct6/Drivers/STM32F4xx_HAL_Driver/Inc/stm32f4xx_ll_adc.h ****   *           Refer to function @ref LL_ADC_REG_SetSequencerLength()
2098:board/stm32f401rct6/Drivers/STM32F4xx_HAL_Driver/Inc/stm32f4xx_ll_adc.h ****   *           and to function @ref LL_ADC_INJ_SetSequencerLength().
2099:board/stm32f401rct6/Drivers/STM32F4xx_HAL_Driver/Inc/stm32f4xx_ll_adc.h ****   * @rmtoll CR1      SCAN           LL_ADC_GetSequencersScanMode
2100:board/stm32f401rct6/Drivers/STM32F4xx_HAL_Driver/Inc/stm32f4xx_ll_adc.h ****   * @param  ADCx ADC instance
2101:board/stm32f401rct6/Drivers/STM32F4xx_HAL_Driver/Inc/stm32f4xx_ll_adc.h ****   * @retval Returned value can be one of the following values:
2102:board/stm32f401rct6/Drivers/STM32F4xx_HAL_Driver/Inc/stm32f4xx_ll_adc.h ****   *         @arg @ref LL_ADC_SEQ_SCAN_DISABLE
2103:board/stm32f401rct6/Drivers/STM32F4xx_HAL_Driver/Inc/stm32f4xx_ll_adc.h ****   *         @arg @ref LL_ADC_SEQ_SCAN_ENABLE
2104:board/stm32f401rct6/Drivers/STM32F4xx_HAL_Driver/Inc/stm32f4xx_ll_adc.h ****   */
2105:board/stm32f401rct6/Drivers/STM32F4xx_HAL_Driver/Inc/stm32f4xx_ll_adc.h **** __STATIC_INLINE uint32_t LL_ADC_GetSequencersScanMode(const ADC_TypeDef *ADCx)
2106:board/stm32f401rct6/Drivers/STM32F4xx_HAL_Driver/Inc/stm32f4xx_ll_adc.h **** {
2107:board/stm32f401rct6/Drivers/STM32F4xx_HAL_Driver/Inc/stm32f4xx_ll_adc.h ****   return (uint32_t)(READ_BIT(ADCx->CR1, ADC_CR1_SCAN));
2108:board/stm32f401rct6/Drivers/STM32F4xx_HAL_Driver/Inc/stm32f4xx_ll_adc.h **** }
2109:board/stm32f401rct6/Drivers/STM32F4xx_HAL_Driver/Inc/stm32f4xx_ll_adc.h **** 
2110:board/stm32f401rct6/Drivers/STM32F4xx_HAL_Driver/Inc/stm32f4xx_ll_adc.h **** /**
2111:board/stm32f401rct6/Drivers/STM32F4xx_HAL_Driver/Inc/stm32f4xx_ll_adc.h ****   * @}
2112:board/stm32f401rct6/Drivers/STM32F4xx_HAL_Driver/Inc/stm32f4xx_ll_adc.h ****   */
2113:board/stm32f401rct6/Drivers/STM32F4xx_HAL_Driver/Inc/stm32f4xx_ll_adc.h **** 
2114:board/stm32f401rct6/Drivers/STM32F4xx_HAL_Driver/Inc/stm32f4xx_ll_adc.h **** /** @defgroup ADC_LL_EF_Configuration_ADC_Group_Regular Configuration of ADC hierarchical scope: gr
2115:board/stm32f401rct6/Drivers/STM32F4xx_HAL_Driver/Inc/stm32f4xx_ll_adc.h ****   * @{
2116:board/stm32f401rct6/Drivers/STM32F4xx_HAL_Driver/Inc/stm32f4xx_ll_adc.h ****   */
2117:board/stm32f401rct6/Drivers/STM32F4xx_HAL_Driver/Inc/stm32f4xx_ll_adc.h **** 
2118:board/stm32f401rct6/Drivers/STM32F4xx_HAL_Driver/Inc/stm32f4xx_ll_adc.h **** /**
ARM GAS  C:\Users\Admin\AppData\Local\Temp\ccHarYQc.s 			page 80


2119:board/stm32f401rct6/Drivers/STM32F4xx_HAL_Driver/Inc/stm32f4xx_ll_adc.h ****   * @brief  Set ADC group regular conversion trigger source:
2120:board/stm32f401rct6/Drivers/STM32F4xx_HAL_Driver/Inc/stm32f4xx_ll_adc.h ****   *         internal (SW start) or from external IP (timer event,
2121:board/stm32f401rct6/Drivers/STM32F4xx_HAL_Driver/Inc/stm32f4xx_ll_adc.h ****   *         external interrupt line).
2122:board/stm32f401rct6/Drivers/STM32F4xx_HAL_Driver/Inc/stm32f4xx_ll_adc.h ****   * @note   On this STM32 series, setting of external trigger edge is performed
2123:board/stm32f401rct6/Drivers/STM32F4xx_HAL_Driver/Inc/stm32f4xx_ll_adc.h ****   *         using function @ref LL_ADC_REG_StartConversionExtTrig().
2124:board/stm32f401rct6/Drivers/STM32F4xx_HAL_Driver/Inc/stm32f4xx_ll_adc.h ****   * @note   Availability of parameters of trigger sources from timer
2125:board/stm32f401rct6/Drivers/STM32F4xx_HAL_Driver/Inc/stm32f4xx_ll_adc.h ****   *         depends on timers availability on the selected device.
2126:board/stm32f401rct6/Drivers/STM32F4xx_HAL_Driver/Inc/stm32f4xx_ll_adc.h ****   * @rmtoll CR2      EXTSEL         LL_ADC_REG_SetTriggerSource\n
2127:board/stm32f401rct6/Drivers/STM32F4xx_HAL_Driver/Inc/stm32f4xx_ll_adc.h ****   *         CR2      EXTEN          LL_ADC_REG_SetTriggerSource
2128:board/stm32f401rct6/Drivers/STM32F4xx_HAL_Driver/Inc/stm32f4xx_ll_adc.h ****   * @param  ADCx ADC instance
2129:board/stm32f401rct6/Drivers/STM32F4xx_HAL_Driver/Inc/stm32f4xx_ll_adc.h ****   * @param  TriggerSource This parameter can be one of the following values:
2130:board/stm32f401rct6/Drivers/STM32F4xx_HAL_Driver/Inc/stm32f4xx_ll_adc.h ****   *         @arg @ref LL_ADC_REG_TRIG_SOFTWARE
2131:board/stm32f401rct6/Drivers/STM32F4xx_HAL_Driver/Inc/stm32f4xx_ll_adc.h ****   *         @arg @ref LL_ADC_REG_TRIG_EXT_TIM1_CH1
2132:board/stm32f401rct6/Drivers/STM32F4xx_HAL_Driver/Inc/stm32f4xx_ll_adc.h ****   *         @arg @ref LL_ADC_REG_TRIG_EXT_TIM1_CH2
2133:board/stm32f401rct6/Drivers/STM32F4xx_HAL_Driver/Inc/stm32f4xx_ll_adc.h ****   *         @arg @ref LL_ADC_REG_TRIG_EXT_TIM1_CH3
2134:board/stm32f401rct6/Drivers/STM32F4xx_HAL_Driver/Inc/stm32f4xx_ll_adc.h ****   *         @arg @ref LL_ADC_REG_TRIG_EXT_TIM2_CH2
2135:board/stm32f401rct6/Drivers/STM32F4xx_HAL_Driver/Inc/stm32f4xx_ll_adc.h ****   *         @arg @ref LL_ADC_REG_TRIG_EXT_TIM2_CH3
2136:board/stm32f401rct6/Drivers/STM32F4xx_HAL_Driver/Inc/stm32f4xx_ll_adc.h ****   *         @arg @ref LL_ADC_REG_TRIG_EXT_TIM2_CH4
2137:board/stm32f401rct6/Drivers/STM32F4xx_HAL_Driver/Inc/stm32f4xx_ll_adc.h ****   *         @arg @ref LL_ADC_REG_TRIG_EXT_TIM2_TRGO
2138:board/stm32f401rct6/Drivers/STM32F4xx_HAL_Driver/Inc/stm32f4xx_ll_adc.h ****   *         @arg @ref LL_ADC_REG_TRIG_EXT_TIM3_CH1
2139:board/stm32f401rct6/Drivers/STM32F4xx_HAL_Driver/Inc/stm32f4xx_ll_adc.h ****   *         @arg @ref LL_ADC_REG_TRIG_EXT_TIM3_TRGO
2140:board/stm32f401rct6/Drivers/STM32F4xx_HAL_Driver/Inc/stm32f4xx_ll_adc.h ****   *         @arg @ref LL_ADC_REG_TRIG_EXT_TIM4_CH4
2141:board/stm32f401rct6/Drivers/STM32F4xx_HAL_Driver/Inc/stm32f4xx_ll_adc.h ****   *         @arg @ref LL_ADC_REG_TRIG_EXT_TIM5_CH1
2142:board/stm32f401rct6/Drivers/STM32F4xx_HAL_Driver/Inc/stm32f4xx_ll_adc.h ****   *         @arg @ref LL_ADC_REG_TRIG_EXT_TIM5_CH2
2143:board/stm32f401rct6/Drivers/STM32F4xx_HAL_Driver/Inc/stm32f4xx_ll_adc.h ****   *         @arg @ref LL_ADC_REG_TRIG_EXT_TIM5_CH3
2144:board/stm32f401rct6/Drivers/STM32F4xx_HAL_Driver/Inc/stm32f4xx_ll_adc.h ****   *         @arg @ref LL_ADC_REG_TRIG_EXT_TIM8_CH1
2145:board/stm32f401rct6/Drivers/STM32F4xx_HAL_Driver/Inc/stm32f4xx_ll_adc.h ****   *         @arg @ref LL_ADC_REG_TRIG_EXT_TIM8_TRGO
2146:board/stm32f401rct6/Drivers/STM32F4xx_HAL_Driver/Inc/stm32f4xx_ll_adc.h ****   *         @arg @ref LL_ADC_REG_TRIG_EXT_EXTI_LINE11
2147:board/stm32f401rct6/Drivers/STM32F4xx_HAL_Driver/Inc/stm32f4xx_ll_adc.h ****   * @retval None
2148:board/stm32f401rct6/Drivers/STM32F4xx_HAL_Driver/Inc/stm32f4xx_ll_adc.h ****   */
2149:board/stm32f401rct6/Drivers/STM32F4xx_HAL_Driver/Inc/stm32f4xx_ll_adc.h **** __STATIC_INLINE void LL_ADC_REG_SetTriggerSource(ADC_TypeDef *ADCx, uint32_t TriggerSource)
2150:board/stm32f401rct6/Drivers/STM32F4xx_HAL_Driver/Inc/stm32f4xx_ll_adc.h **** {
2151:board/stm32f401rct6/Drivers/STM32F4xx_HAL_Driver/Inc/stm32f4xx_ll_adc.h ****   /* Note: On this STM32 series, ADC group regular external trigger edge        */
2152:board/stm32f401rct6/Drivers/STM32F4xx_HAL_Driver/Inc/stm32f4xx_ll_adc.h ****   /*       is used to perform a ADC conversion start.                           */
2153:board/stm32f401rct6/Drivers/STM32F4xx_HAL_Driver/Inc/stm32f4xx_ll_adc.h ****   /*       This function does not set external trigger edge.                    */
2154:board/stm32f401rct6/Drivers/STM32F4xx_HAL_Driver/Inc/stm32f4xx_ll_adc.h ****   /*       This feature is set using function                                   */
2155:board/stm32f401rct6/Drivers/STM32F4xx_HAL_Driver/Inc/stm32f4xx_ll_adc.h ****   /*       @ref LL_ADC_REG_StartConversionExtTrig().                            */
2156:board/stm32f401rct6/Drivers/STM32F4xx_HAL_Driver/Inc/stm32f4xx_ll_adc.h ****   MODIFY_REG(ADCx->CR2, ADC_CR2_EXTSEL, (TriggerSource & ADC_CR2_EXTSEL));
2157:board/stm32f401rct6/Drivers/STM32F4xx_HAL_Driver/Inc/stm32f4xx_ll_adc.h **** }
2158:board/stm32f401rct6/Drivers/STM32F4xx_HAL_Driver/Inc/stm32f4xx_ll_adc.h **** 
2159:board/stm32f401rct6/Drivers/STM32F4xx_HAL_Driver/Inc/stm32f4xx_ll_adc.h **** /**
2160:board/stm32f401rct6/Drivers/STM32F4xx_HAL_Driver/Inc/stm32f4xx_ll_adc.h ****   * @brief  Get ADC group regular conversion trigger source:
2161:board/stm32f401rct6/Drivers/STM32F4xx_HAL_Driver/Inc/stm32f4xx_ll_adc.h ****   *         internal (SW start) or from external IP (timer event,
2162:board/stm32f401rct6/Drivers/STM32F4xx_HAL_Driver/Inc/stm32f4xx_ll_adc.h ****   *         external interrupt line).
2163:board/stm32f401rct6/Drivers/STM32F4xx_HAL_Driver/Inc/stm32f4xx_ll_adc.h ****   * @note   To determine whether group regular trigger source is
2164:board/stm32f401rct6/Drivers/STM32F4xx_HAL_Driver/Inc/stm32f4xx_ll_adc.h ****   *         internal (SW start) or external, without detail
2165:board/stm32f401rct6/Drivers/STM32F4xx_HAL_Driver/Inc/stm32f4xx_ll_adc.h ****   *         of which peripheral is selected as external trigger,
2166:board/stm32f401rct6/Drivers/STM32F4xx_HAL_Driver/Inc/stm32f4xx_ll_adc.h ****   *         (equivalent to
2167:board/stm32f401rct6/Drivers/STM32F4xx_HAL_Driver/Inc/stm32f4xx_ll_adc.h ****   *         "if(LL_ADC_REG_GetTriggerSource(ADC1) == LL_ADC_REG_TRIG_SOFTWARE)")
2168:board/stm32f401rct6/Drivers/STM32F4xx_HAL_Driver/Inc/stm32f4xx_ll_adc.h ****   *         use function @ref LL_ADC_REG_IsTriggerSourceSWStart.
2169:board/stm32f401rct6/Drivers/STM32F4xx_HAL_Driver/Inc/stm32f4xx_ll_adc.h ****   * @note   Availability of parameters of trigger sources from timer
2170:board/stm32f401rct6/Drivers/STM32F4xx_HAL_Driver/Inc/stm32f4xx_ll_adc.h ****   *         depends on timers availability on the selected device.
2171:board/stm32f401rct6/Drivers/STM32F4xx_HAL_Driver/Inc/stm32f4xx_ll_adc.h ****   * @rmtoll CR2      EXTSEL         LL_ADC_REG_GetTriggerSource\n
2172:board/stm32f401rct6/Drivers/STM32F4xx_HAL_Driver/Inc/stm32f4xx_ll_adc.h ****   *         CR2      EXTEN          LL_ADC_REG_GetTriggerSource
2173:board/stm32f401rct6/Drivers/STM32F4xx_HAL_Driver/Inc/stm32f4xx_ll_adc.h ****   * @param  ADCx ADC instance
2174:board/stm32f401rct6/Drivers/STM32F4xx_HAL_Driver/Inc/stm32f4xx_ll_adc.h ****   * @retval Returned value can be one of the following values:
2175:board/stm32f401rct6/Drivers/STM32F4xx_HAL_Driver/Inc/stm32f4xx_ll_adc.h ****   *         @arg @ref LL_ADC_REG_TRIG_SOFTWARE
ARM GAS  C:\Users\Admin\AppData\Local\Temp\ccHarYQc.s 			page 81


2176:board/stm32f401rct6/Drivers/STM32F4xx_HAL_Driver/Inc/stm32f4xx_ll_adc.h ****   *         @arg @ref LL_ADC_REG_TRIG_EXT_TIM1_CH1
2177:board/stm32f401rct6/Drivers/STM32F4xx_HAL_Driver/Inc/stm32f4xx_ll_adc.h ****   *         @arg @ref LL_ADC_REG_TRIG_EXT_TIM1_CH2
2178:board/stm32f401rct6/Drivers/STM32F4xx_HAL_Driver/Inc/stm32f4xx_ll_adc.h ****   *         @arg @ref LL_ADC_REG_TRIG_EXT_TIM1_CH3
2179:board/stm32f401rct6/Drivers/STM32F4xx_HAL_Driver/Inc/stm32f4xx_ll_adc.h ****   *         @arg @ref LL_ADC_REG_TRIG_EXT_TIM2_CH2
2180:board/stm32f401rct6/Drivers/STM32F4xx_HAL_Driver/Inc/stm32f4xx_ll_adc.h ****   *         @arg @ref LL_ADC_REG_TRIG_EXT_TIM2_CH3
2181:board/stm32f401rct6/Drivers/STM32F4xx_HAL_Driver/Inc/stm32f4xx_ll_adc.h ****   *         @arg @ref LL_ADC_REG_TRIG_EXT_TIM2_CH4
2182:board/stm32f401rct6/Drivers/STM32F4xx_HAL_Driver/Inc/stm32f4xx_ll_adc.h ****   *         @arg @ref LL_ADC_REG_TRIG_EXT_TIM2_TRGO
2183:board/stm32f401rct6/Drivers/STM32F4xx_HAL_Driver/Inc/stm32f4xx_ll_adc.h ****   *         @arg @ref LL_ADC_REG_TRIG_EXT_TIM3_CH1
2184:board/stm32f401rct6/Drivers/STM32F4xx_HAL_Driver/Inc/stm32f4xx_ll_adc.h ****   *         @arg @ref LL_ADC_REG_TRIG_EXT_TIM3_TRGO
2185:board/stm32f401rct6/Drivers/STM32F4xx_HAL_Driver/Inc/stm32f4xx_ll_adc.h ****   *         @arg @ref LL_ADC_REG_TRIG_EXT_TIM4_CH4
2186:board/stm32f401rct6/Drivers/STM32F4xx_HAL_Driver/Inc/stm32f4xx_ll_adc.h ****   *         @arg @ref LL_ADC_REG_TRIG_EXT_TIM5_CH1
2187:board/stm32f401rct6/Drivers/STM32F4xx_HAL_Driver/Inc/stm32f4xx_ll_adc.h ****   *         @arg @ref LL_ADC_REG_TRIG_EXT_TIM5_CH2
2188:board/stm32f401rct6/Drivers/STM32F4xx_HAL_Driver/Inc/stm32f4xx_ll_adc.h ****   *         @arg @ref LL_ADC_REG_TRIG_EXT_TIM5_CH3
2189:board/stm32f401rct6/Drivers/STM32F4xx_HAL_Driver/Inc/stm32f4xx_ll_adc.h ****   *         @arg @ref LL_ADC_REG_TRIG_EXT_TIM8_CH1
2190:board/stm32f401rct6/Drivers/STM32F4xx_HAL_Driver/Inc/stm32f4xx_ll_adc.h ****   *         @arg @ref LL_ADC_REG_TRIG_EXT_TIM8_TRGO
2191:board/stm32f401rct6/Drivers/STM32F4xx_HAL_Driver/Inc/stm32f4xx_ll_adc.h ****   *         @arg @ref LL_ADC_REG_TRIG_EXT_EXTI_LINE11
2192:board/stm32f401rct6/Drivers/STM32F4xx_HAL_Driver/Inc/stm32f4xx_ll_adc.h ****   */
2193:board/stm32f401rct6/Drivers/STM32F4xx_HAL_Driver/Inc/stm32f4xx_ll_adc.h **** __STATIC_INLINE uint32_t LL_ADC_REG_GetTriggerSource(const ADC_TypeDef *ADCx)
2194:board/stm32f401rct6/Drivers/STM32F4xx_HAL_Driver/Inc/stm32f4xx_ll_adc.h **** {
2195:board/stm32f401rct6/Drivers/STM32F4xx_HAL_Driver/Inc/stm32f4xx_ll_adc.h ****   uint32_t TriggerSource = READ_BIT(ADCx->CR2, ADC_CR2_EXTSEL | ADC_CR2_EXTEN);
2196:board/stm32f401rct6/Drivers/STM32F4xx_HAL_Driver/Inc/stm32f4xx_ll_adc.h **** 
2197:board/stm32f401rct6/Drivers/STM32F4xx_HAL_Driver/Inc/stm32f4xx_ll_adc.h ****   /* Value for shift of {0; 4; 8; 12} depending on value of bitfield          */
2198:board/stm32f401rct6/Drivers/STM32F4xx_HAL_Driver/Inc/stm32f4xx_ll_adc.h ****   /* corresponding to ADC_CR2_EXTEN {0; 1; 2; 3}.                             */
2199:board/stm32f401rct6/Drivers/STM32F4xx_HAL_Driver/Inc/stm32f4xx_ll_adc.h ****   uint32_t ShiftExten = ((TriggerSource & ADC_CR2_EXTEN) >> (ADC_REG_TRIG_EXTEN_BITOFFSET_POS - 2UL
2200:board/stm32f401rct6/Drivers/STM32F4xx_HAL_Driver/Inc/stm32f4xx_ll_adc.h **** 
2201:board/stm32f401rct6/Drivers/STM32F4xx_HAL_Driver/Inc/stm32f4xx_ll_adc.h ****   /* Set bitfield corresponding to ADC_CR2_EXTEN and ADC_CR2_EXTSEL           */
2202:board/stm32f401rct6/Drivers/STM32F4xx_HAL_Driver/Inc/stm32f4xx_ll_adc.h ****   /* to match with triggers literals definition.                              */
2203:board/stm32f401rct6/Drivers/STM32F4xx_HAL_Driver/Inc/stm32f4xx_ll_adc.h ****   return ((TriggerSource
2204:board/stm32f401rct6/Drivers/STM32F4xx_HAL_Driver/Inc/stm32f4xx_ll_adc.h ****            & (ADC_REG_TRIG_SOURCE_MASK << ShiftExten) & ADC_CR2_EXTSEL)
2205:board/stm32f401rct6/Drivers/STM32F4xx_HAL_Driver/Inc/stm32f4xx_ll_adc.h ****           | ((ADC_REG_TRIG_EDGE_MASK << ShiftExten) & ADC_CR2_EXTEN)
2206:board/stm32f401rct6/Drivers/STM32F4xx_HAL_Driver/Inc/stm32f4xx_ll_adc.h ****          );
2207:board/stm32f401rct6/Drivers/STM32F4xx_HAL_Driver/Inc/stm32f4xx_ll_adc.h **** }
2208:board/stm32f401rct6/Drivers/STM32F4xx_HAL_Driver/Inc/stm32f4xx_ll_adc.h **** 
2209:board/stm32f401rct6/Drivers/STM32F4xx_HAL_Driver/Inc/stm32f4xx_ll_adc.h **** /**
2210:board/stm32f401rct6/Drivers/STM32F4xx_HAL_Driver/Inc/stm32f4xx_ll_adc.h ****   * @brief  Get ADC group regular conversion trigger source internal (SW start)
2211:board/stm32f401rct6/Drivers/STM32F4xx_HAL_Driver/Inc/stm32f4xx_ll_adc.h ****             or external.
2212:board/stm32f401rct6/Drivers/STM32F4xx_HAL_Driver/Inc/stm32f4xx_ll_adc.h ****   * @note   In case of group regular trigger source set to external trigger,
2213:board/stm32f401rct6/Drivers/STM32F4xx_HAL_Driver/Inc/stm32f4xx_ll_adc.h ****   *         to determine which peripheral is selected as external trigger,
2214:board/stm32f401rct6/Drivers/STM32F4xx_HAL_Driver/Inc/stm32f4xx_ll_adc.h ****   *         use function @ref LL_ADC_REG_GetTriggerSource().
2215:board/stm32f401rct6/Drivers/STM32F4xx_HAL_Driver/Inc/stm32f4xx_ll_adc.h ****   * @rmtoll CR2      EXTEN          LL_ADC_REG_IsTriggerSourceSWStart
2216:board/stm32f401rct6/Drivers/STM32F4xx_HAL_Driver/Inc/stm32f4xx_ll_adc.h ****   * @param  ADCx ADC instance
2217:board/stm32f401rct6/Drivers/STM32F4xx_HAL_Driver/Inc/stm32f4xx_ll_adc.h ****   * @retval Value "0" if trigger source external trigger
2218:board/stm32f401rct6/Drivers/STM32F4xx_HAL_Driver/Inc/stm32f4xx_ll_adc.h ****   *         Value "1" if trigger source SW start.
2219:board/stm32f401rct6/Drivers/STM32F4xx_HAL_Driver/Inc/stm32f4xx_ll_adc.h ****   */
2220:board/stm32f401rct6/Drivers/STM32F4xx_HAL_Driver/Inc/stm32f4xx_ll_adc.h **** __STATIC_INLINE uint32_t LL_ADC_REG_IsTriggerSourceSWStart(const ADC_TypeDef *ADCx)
2221:board/stm32f401rct6/Drivers/STM32F4xx_HAL_Driver/Inc/stm32f4xx_ll_adc.h **** {
2222:board/stm32f401rct6/Drivers/STM32F4xx_HAL_Driver/Inc/stm32f4xx_ll_adc.h ****   return (READ_BIT(ADCx->CR2, ADC_CR2_EXTEN) == (LL_ADC_REG_TRIG_SOFTWARE & ADC_CR2_EXTEN));
2223:board/stm32f401rct6/Drivers/STM32F4xx_HAL_Driver/Inc/stm32f4xx_ll_adc.h **** }
2224:board/stm32f401rct6/Drivers/STM32F4xx_HAL_Driver/Inc/stm32f4xx_ll_adc.h **** 
2225:board/stm32f401rct6/Drivers/STM32F4xx_HAL_Driver/Inc/stm32f4xx_ll_adc.h **** /**
2226:board/stm32f401rct6/Drivers/STM32F4xx_HAL_Driver/Inc/stm32f4xx_ll_adc.h ****   * @brief  Get ADC group regular conversion trigger polarity.
2227:board/stm32f401rct6/Drivers/STM32F4xx_HAL_Driver/Inc/stm32f4xx_ll_adc.h ****   * @note   Applicable only for trigger source set to external trigger.
2228:board/stm32f401rct6/Drivers/STM32F4xx_HAL_Driver/Inc/stm32f4xx_ll_adc.h ****   * @note   On this STM32 series, setting of external trigger edge is performed
2229:board/stm32f401rct6/Drivers/STM32F4xx_HAL_Driver/Inc/stm32f4xx_ll_adc.h ****   *         using function @ref LL_ADC_REG_StartConversionExtTrig().
2230:board/stm32f401rct6/Drivers/STM32F4xx_HAL_Driver/Inc/stm32f4xx_ll_adc.h ****   * @rmtoll CR2      EXTEN          LL_ADC_REG_GetTriggerEdge
2231:board/stm32f401rct6/Drivers/STM32F4xx_HAL_Driver/Inc/stm32f4xx_ll_adc.h ****   * @param  ADCx ADC instance
2232:board/stm32f401rct6/Drivers/STM32F4xx_HAL_Driver/Inc/stm32f4xx_ll_adc.h ****   * @retval Returned value can be one of the following values:
ARM GAS  C:\Users\Admin\AppData\Local\Temp\ccHarYQc.s 			page 82


2233:board/stm32f401rct6/Drivers/STM32F4xx_HAL_Driver/Inc/stm32f4xx_ll_adc.h ****   *         @arg @ref LL_ADC_REG_TRIG_EXT_RISING
2234:board/stm32f401rct6/Drivers/STM32F4xx_HAL_Driver/Inc/stm32f4xx_ll_adc.h ****   *         @arg @ref LL_ADC_REG_TRIG_EXT_FALLING
2235:board/stm32f401rct6/Drivers/STM32F4xx_HAL_Driver/Inc/stm32f4xx_ll_adc.h ****   *         @arg @ref LL_ADC_REG_TRIG_EXT_RISINGFALLING
2236:board/stm32f401rct6/Drivers/STM32F4xx_HAL_Driver/Inc/stm32f4xx_ll_adc.h ****   */
2237:board/stm32f401rct6/Drivers/STM32F4xx_HAL_Driver/Inc/stm32f4xx_ll_adc.h **** __STATIC_INLINE uint32_t LL_ADC_REG_GetTriggerEdge(const ADC_TypeDef *ADCx)
2238:board/stm32f401rct6/Drivers/STM32F4xx_HAL_Driver/Inc/stm32f4xx_ll_adc.h **** {
2239:board/stm32f401rct6/Drivers/STM32F4xx_HAL_Driver/Inc/stm32f4xx_ll_adc.h ****   return (uint32_t)(READ_BIT(ADCx->CR2, ADC_CR2_EXTEN));
2240:board/stm32f401rct6/Drivers/STM32F4xx_HAL_Driver/Inc/stm32f4xx_ll_adc.h **** }
2241:board/stm32f401rct6/Drivers/STM32F4xx_HAL_Driver/Inc/stm32f4xx_ll_adc.h **** 
2242:board/stm32f401rct6/Drivers/STM32F4xx_HAL_Driver/Inc/stm32f4xx_ll_adc.h **** 
2243:board/stm32f401rct6/Drivers/STM32F4xx_HAL_Driver/Inc/stm32f4xx_ll_adc.h **** /**
2244:board/stm32f401rct6/Drivers/STM32F4xx_HAL_Driver/Inc/stm32f4xx_ll_adc.h ****   * @brief  Set ADC group regular sequencer length and scan direction.
2245:board/stm32f401rct6/Drivers/STM32F4xx_HAL_Driver/Inc/stm32f4xx_ll_adc.h ****   * @note   Description of ADC group regular sequencer features:
2246:board/stm32f401rct6/Drivers/STM32F4xx_HAL_Driver/Inc/stm32f4xx_ll_adc.h ****   *         - For devices with sequencer fully configurable
2247:board/stm32f401rct6/Drivers/STM32F4xx_HAL_Driver/Inc/stm32f4xx_ll_adc.h ****   *           (function "LL_ADC_REG_SetSequencerRanks()" available):
2248:board/stm32f401rct6/Drivers/STM32F4xx_HAL_Driver/Inc/stm32f4xx_ll_adc.h ****   *           sequencer length and each rank affectation to a channel
2249:board/stm32f401rct6/Drivers/STM32F4xx_HAL_Driver/Inc/stm32f4xx_ll_adc.h ****   *           are configurable.
2250:board/stm32f401rct6/Drivers/STM32F4xx_HAL_Driver/Inc/stm32f4xx_ll_adc.h ****   *           This function performs configuration of:
2251:board/stm32f401rct6/Drivers/STM32F4xx_HAL_Driver/Inc/stm32f4xx_ll_adc.h ****   *           - Sequence length: Number of ranks in the scan sequence.
2252:board/stm32f401rct6/Drivers/STM32F4xx_HAL_Driver/Inc/stm32f4xx_ll_adc.h ****   *           - Sequence direction: Unless specified in parameters, sequencer
2253:board/stm32f401rct6/Drivers/STM32F4xx_HAL_Driver/Inc/stm32f4xx_ll_adc.h ****   *             scan direction is forward (from rank 1 to rank n).
2254:board/stm32f401rct6/Drivers/STM32F4xx_HAL_Driver/Inc/stm32f4xx_ll_adc.h ****   *           Sequencer ranks are selected using
2255:board/stm32f401rct6/Drivers/STM32F4xx_HAL_Driver/Inc/stm32f4xx_ll_adc.h ****   *           function "LL_ADC_REG_SetSequencerRanks()".
2256:board/stm32f401rct6/Drivers/STM32F4xx_HAL_Driver/Inc/stm32f4xx_ll_adc.h ****   *         - For devices with sequencer not fully configurable
2257:board/stm32f401rct6/Drivers/STM32F4xx_HAL_Driver/Inc/stm32f4xx_ll_adc.h ****   *           (function "LL_ADC_REG_SetSequencerChannels()" available):
2258:board/stm32f401rct6/Drivers/STM32F4xx_HAL_Driver/Inc/stm32f4xx_ll_adc.h ****   *           sequencer length and each rank affectation to a channel
2259:board/stm32f401rct6/Drivers/STM32F4xx_HAL_Driver/Inc/stm32f4xx_ll_adc.h ****   *           are defined by channel number.
2260:board/stm32f401rct6/Drivers/STM32F4xx_HAL_Driver/Inc/stm32f4xx_ll_adc.h ****   *           This function performs configuration of:
2261:board/stm32f401rct6/Drivers/STM32F4xx_HAL_Driver/Inc/stm32f4xx_ll_adc.h ****   *           - Sequence length: Number of ranks in the scan sequence is
2262:board/stm32f401rct6/Drivers/STM32F4xx_HAL_Driver/Inc/stm32f4xx_ll_adc.h ****   *             defined by number of channels set in the sequence,
2263:board/stm32f401rct6/Drivers/STM32F4xx_HAL_Driver/Inc/stm32f4xx_ll_adc.h ****   *             rank of each channel is fixed by channel HW number.
2264:board/stm32f401rct6/Drivers/STM32F4xx_HAL_Driver/Inc/stm32f4xx_ll_adc.h ****   *             (channel 0 fixed on rank 0, channel 1 fixed on rank1, ...).
2265:board/stm32f401rct6/Drivers/STM32F4xx_HAL_Driver/Inc/stm32f4xx_ll_adc.h ****   *           - Sequence direction: Unless specified in parameters, sequencer
2266:board/stm32f401rct6/Drivers/STM32F4xx_HAL_Driver/Inc/stm32f4xx_ll_adc.h ****   *             scan direction is forward (from lowest channel number to
2267:board/stm32f401rct6/Drivers/STM32F4xx_HAL_Driver/Inc/stm32f4xx_ll_adc.h ****   *             highest channel number).
2268:board/stm32f401rct6/Drivers/STM32F4xx_HAL_Driver/Inc/stm32f4xx_ll_adc.h ****   *           Sequencer ranks are selected using
2269:board/stm32f401rct6/Drivers/STM32F4xx_HAL_Driver/Inc/stm32f4xx_ll_adc.h ****   *           function "LL_ADC_REG_SetSequencerChannels()".
2270:board/stm32f401rct6/Drivers/STM32F4xx_HAL_Driver/Inc/stm32f4xx_ll_adc.h ****   * @note   On this STM32 series, group regular sequencer configuration
2271:board/stm32f401rct6/Drivers/STM32F4xx_HAL_Driver/Inc/stm32f4xx_ll_adc.h ****   *         is conditioned to ADC instance sequencer mode.
2272:board/stm32f401rct6/Drivers/STM32F4xx_HAL_Driver/Inc/stm32f4xx_ll_adc.h ****   *         If ADC instance sequencer mode is disabled, sequencers of
2273:board/stm32f401rct6/Drivers/STM32F4xx_HAL_Driver/Inc/stm32f4xx_ll_adc.h ****   *         all groups (group regular, group injected) can be configured
2274:board/stm32f401rct6/Drivers/STM32F4xx_HAL_Driver/Inc/stm32f4xx_ll_adc.h ****   *         but their execution is disabled (limited to rank 1).
2275:board/stm32f401rct6/Drivers/STM32F4xx_HAL_Driver/Inc/stm32f4xx_ll_adc.h ****   *         Refer to function @ref LL_ADC_SetSequencersScanMode().
2276:board/stm32f401rct6/Drivers/STM32F4xx_HAL_Driver/Inc/stm32f4xx_ll_adc.h ****   * @note   Sequencer disabled is equivalent to sequencer of 1 rank:
2277:board/stm32f401rct6/Drivers/STM32F4xx_HAL_Driver/Inc/stm32f4xx_ll_adc.h ****   *         ADC conversion on only 1 channel.
2278:board/stm32f401rct6/Drivers/STM32F4xx_HAL_Driver/Inc/stm32f4xx_ll_adc.h ****   * @rmtoll SQR1     L              LL_ADC_REG_SetSequencerLength
2279:board/stm32f401rct6/Drivers/STM32F4xx_HAL_Driver/Inc/stm32f4xx_ll_adc.h ****   * @param  ADCx ADC instance
2280:board/stm32f401rct6/Drivers/STM32F4xx_HAL_Driver/Inc/stm32f4xx_ll_adc.h ****   * @param  SequencerNbRanks This parameter can be one of the following values:
2281:board/stm32f401rct6/Drivers/STM32F4xx_HAL_Driver/Inc/stm32f4xx_ll_adc.h ****   *         @arg @ref LL_ADC_REG_SEQ_SCAN_DISABLE
2282:board/stm32f401rct6/Drivers/STM32F4xx_HAL_Driver/Inc/stm32f4xx_ll_adc.h ****   *         @arg @ref LL_ADC_REG_SEQ_SCAN_ENABLE_2RANKS
2283:board/stm32f401rct6/Drivers/STM32F4xx_HAL_Driver/Inc/stm32f4xx_ll_adc.h ****   *         @arg @ref LL_ADC_REG_SEQ_SCAN_ENABLE_3RANKS
2284:board/stm32f401rct6/Drivers/STM32F4xx_HAL_Driver/Inc/stm32f4xx_ll_adc.h ****   *         @arg @ref LL_ADC_REG_SEQ_SCAN_ENABLE_4RANKS
2285:board/stm32f401rct6/Drivers/STM32F4xx_HAL_Driver/Inc/stm32f4xx_ll_adc.h ****   *         @arg @ref LL_ADC_REG_SEQ_SCAN_ENABLE_5RANKS
2286:board/stm32f401rct6/Drivers/STM32F4xx_HAL_Driver/Inc/stm32f4xx_ll_adc.h ****   *         @arg @ref LL_ADC_REG_SEQ_SCAN_ENABLE_6RANKS
2287:board/stm32f401rct6/Drivers/STM32F4xx_HAL_Driver/Inc/stm32f4xx_ll_adc.h ****   *         @arg @ref LL_ADC_REG_SEQ_SCAN_ENABLE_7RANKS
2288:board/stm32f401rct6/Drivers/STM32F4xx_HAL_Driver/Inc/stm32f4xx_ll_adc.h ****   *         @arg @ref LL_ADC_REG_SEQ_SCAN_ENABLE_8RANKS
2289:board/stm32f401rct6/Drivers/STM32F4xx_HAL_Driver/Inc/stm32f4xx_ll_adc.h ****   *         @arg @ref LL_ADC_REG_SEQ_SCAN_ENABLE_9RANKS
ARM GAS  C:\Users\Admin\AppData\Local\Temp\ccHarYQc.s 			page 83


2290:board/stm32f401rct6/Drivers/STM32F4xx_HAL_Driver/Inc/stm32f4xx_ll_adc.h ****   *         @arg @ref LL_ADC_REG_SEQ_SCAN_ENABLE_10RANKS
2291:board/stm32f401rct6/Drivers/STM32F4xx_HAL_Driver/Inc/stm32f4xx_ll_adc.h ****   *         @arg @ref LL_ADC_REG_SEQ_SCAN_ENABLE_11RANKS
2292:board/stm32f401rct6/Drivers/STM32F4xx_HAL_Driver/Inc/stm32f4xx_ll_adc.h ****   *         @arg @ref LL_ADC_REG_SEQ_SCAN_ENABLE_12RANKS
2293:board/stm32f401rct6/Drivers/STM32F4xx_HAL_Driver/Inc/stm32f4xx_ll_adc.h ****   *         @arg @ref LL_ADC_REG_SEQ_SCAN_ENABLE_13RANKS
2294:board/stm32f401rct6/Drivers/STM32F4xx_HAL_Driver/Inc/stm32f4xx_ll_adc.h ****   *         @arg @ref LL_ADC_REG_SEQ_SCAN_ENABLE_14RANKS
2295:board/stm32f401rct6/Drivers/STM32F4xx_HAL_Driver/Inc/stm32f4xx_ll_adc.h ****   *         @arg @ref LL_ADC_REG_SEQ_SCAN_ENABLE_15RANKS
2296:board/stm32f401rct6/Drivers/STM32F4xx_HAL_Driver/Inc/stm32f4xx_ll_adc.h ****   *         @arg @ref LL_ADC_REG_SEQ_SCAN_ENABLE_16RANKS
2297:board/stm32f401rct6/Drivers/STM32F4xx_HAL_Driver/Inc/stm32f4xx_ll_adc.h ****   * @retval None
2298:board/stm32f401rct6/Drivers/STM32F4xx_HAL_Driver/Inc/stm32f4xx_ll_adc.h ****   */
2299:board/stm32f401rct6/Drivers/STM32F4xx_HAL_Driver/Inc/stm32f4xx_ll_adc.h **** __STATIC_INLINE void LL_ADC_REG_SetSequencerLength(ADC_TypeDef *ADCx, uint32_t SequencerNbRanks)
2300:board/stm32f401rct6/Drivers/STM32F4xx_HAL_Driver/Inc/stm32f4xx_ll_adc.h **** {
2301:board/stm32f401rct6/Drivers/STM32F4xx_HAL_Driver/Inc/stm32f4xx_ll_adc.h ****   MODIFY_REG(ADCx->SQR1, ADC_SQR1_L, SequencerNbRanks);
2302:board/stm32f401rct6/Drivers/STM32F4xx_HAL_Driver/Inc/stm32f4xx_ll_adc.h **** }
2303:board/stm32f401rct6/Drivers/STM32F4xx_HAL_Driver/Inc/stm32f4xx_ll_adc.h **** 
2304:board/stm32f401rct6/Drivers/STM32F4xx_HAL_Driver/Inc/stm32f4xx_ll_adc.h **** /**
2305:board/stm32f401rct6/Drivers/STM32F4xx_HAL_Driver/Inc/stm32f4xx_ll_adc.h ****   * @brief  Get ADC group regular sequencer length and scan direction.
2306:board/stm32f401rct6/Drivers/STM32F4xx_HAL_Driver/Inc/stm32f4xx_ll_adc.h ****   * @note   Description of ADC group regular sequencer features:
2307:board/stm32f401rct6/Drivers/STM32F4xx_HAL_Driver/Inc/stm32f4xx_ll_adc.h ****   *         - For devices with sequencer fully configurable
2308:board/stm32f401rct6/Drivers/STM32F4xx_HAL_Driver/Inc/stm32f4xx_ll_adc.h ****   *           (function "LL_ADC_REG_SetSequencerRanks()" available):
2309:board/stm32f401rct6/Drivers/STM32F4xx_HAL_Driver/Inc/stm32f4xx_ll_adc.h ****   *           sequencer length and each rank affectation to a channel
2310:board/stm32f401rct6/Drivers/STM32F4xx_HAL_Driver/Inc/stm32f4xx_ll_adc.h ****   *           are configurable.
2311:board/stm32f401rct6/Drivers/STM32F4xx_HAL_Driver/Inc/stm32f4xx_ll_adc.h ****   *           This function retrieves:
2312:board/stm32f401rct6/Drivers/STM32F4xx_HAL_Driver/Inc/stm32f4xx_ll_adc.h ****   *           - Sequence length: Number of ranks in the scan sequence.
2313:board/stm32f401rct6/Drivers/STM32F4xx_HAL_Driver/Inc/stm32f4xx_ll_adc.h ****   *           - Sequence direction: Unless specified in parameters, sequencer
2314:board/stm32f401rct6/Drivers/STM32F4xx_HAL_Driver/Inc/stm32f4xx_ll_adc.h ****   *             scan direction is forward (from rank 1 to rank n).
2315:board/stm32f401rct6/Drivers/STM32F4xx_HAL_Driver/Inc/stm32f4xx_ll_adc.h ****   *           Sequencer ranks are selected using
2316:board/stm32f401rct6/Drivers/STM32F4xx_HAL_Driver/Inc/stm32f4xx_ll_adc.h ****   *           function "LL_ADC_REG_SetSequencerRanks()".
2317:board/stm32f401rct6/Drivers/STM32F4xx_HAL_Driver/Inc/stm32f4xx_ll_adc.h ****   *         - For devices with sequencer not fully configurable
2318:board/stm32f401rct6/Drivers/STM32F4xx_HAL_Driver/Inc/stm32f4xx_ll_adc.h ****   *           (function "LL_ADC_REG_SetSequencerChannels()" available):
2319:board/stm32f401rct6/Drivers/STM32F4xx_HAL_Driver/Inc/stm32f4xx_ll_adc.h ****   *           sequencer length and each rank affectation to a channel
2320:board/stm32f401rct6/Drivers/STM32F4xx_HAL_Driver/Inc/stm32f4xx_ll_adc.h ****   *           are defined by channel number.
2321:board/stm32f401rct6/Drivers/STM32F4xx_HAL_Driver/Inc/stm32f4xx_ll_adc.h ****   *           This function retrieves:
2322:board/stm32f401rct6/Drivers/STM32F4xx_HAL_Driver/Inc/stm32f4xx_ll_adc.h ****   *           - Sequence length: Number of ranks in the scan sequence is
2323:board/stm32f401rct6/Drivers/STM32F4xx_HAL_Driver/Inc/stm32f4xx_ll_adc.h ****   *             defined by number of channels set in the sequence,
2324:board/stm32f401rct6/Drivers/STM32F4xx_HAL_Driver/Inc/stm32f4xx_ll_adc.h ****   *             rank of each channel is fixed by channel HW number.
2325:board/stm32f401rct6/Drivers/STM32F4xx_HAL_Driver/Inc/stm32f4xx_ll_adc.h ****   *             (channel 0 fixed on rank 0, channel 1 fixed on rank1, ...).
2326:board/stm32f401rct6/Drivers/STM32F4xx_HAL_Driver/Inc/stm32f4xx_ll_adc.h ****   *           - Sequence direction: Unless specified in parameters, sequencer
2327:board/stm32f401rct6/Drivers/STM32F4xx_HAL_Driver/Inc/stm32f4xx_ll_adc.h ****   *             scan direction is forward (from lowest channel number to
2328:board/stm32f401rct6/Drivers/STM32F4xx_HAL_Driver/Inc/stm32f4xx_ll_adc.h ****   *             highest channel number).
2329:board/stm32f401rct6/Drivers/STM32F4xx_HAL_Driver/Inc/stm32f4xx_ll_adc.h ****   *           Sequencer ranks are selected using
2330:board/stm32f401rct6/Drivers/STM32F4xx_HAL_Driver/Inc/stm32f4xx_ll_adc.h ****   *           function "LL_ADC_REG_SetSequencerChannels()".
2331:board/stm32f401rct6/Drivers/STM32F4xx_HAL_Driver/Inc/stm32f4xx_ll_adc.h ****   * @note   On this STM32 series, group regular sequencer configuration
2332:board/stm32f401rct6/Drivers/STM32F4xx_HAL_Driver/Inc/stm32f4xx_ll_adc.h ****   *         is conditioned to ADC instance sequencer mode.
2333:board/stm32f401rct6/Drivers/STM32F4xx_HAL_Driver/Inc/stm32f4xx_ll_adc.h ****   *         If ADC instance sequencer mode is disabled, sequencers of
2334:board/stm32f401rct6/Drivers/STM32F4xx_HAL_Driver/Inc/stm32f4xx_ll_adc.h ****   *         all groups (group regular, group injected) can be configured
2335:board/stm32f401rct6/Drivers/STM32F4xx_HAL_Driver/Inc/stm32f4xx_ll_adc.h ****   *         but their execution is disabled (limited to rank 1).
2336:board/stm32f401rct6/Drivers/STM32F4xx_HAL_Driver/Inc/stm32f4xx_ll_adc.h ****   *         Refer to function @ref LL_ADC_SetSequencersScanMode().
2337:board/stm32f401rct6/Drivers/STM32F4xx_HAL_Driver/Inc/stm32f4xx_ll_adc.h ****   * @note   Sequencer disabled is equivalent to sequencer of 1 rank:
2338:board/stm32f401rct6/Drivers/STM32F4xx_HAL_Driver/Inc/stm32f4xx_ll_adc.h ****   *         ADC conversion on only 1 channel.
2339:board/stm32f401rct6/Drivers/STM32F4xx_HAL_Driver/Inc/stm32f4xx_ll_adc.h ****   * @rmtoll SQR1     L              LL_ADC_REG_SetSequencerLength
2340:board/stm32f401rct6/Drivers/STM32F4xx_HAL_Driver/Inc/stm32f4xx_ll_adc.h ****   * @param  ADCx ADC instance
2341:board/stm32f401rct6/Drivers/STM32F4xx_HAL_Driver/Inc/stm32f4xx_ll_adc.h ****   * @retval Returned value can be one of the following values:
2342:board/stm32f401rct6/Drivers/STM32F4xx_HAL_Driver/Inc/stm32f4xx_ll_adc.h ****   *         @arg @ref LL_ADC_REG_SEQ_SCAN_DISABLE
2343:board/stm32f401rct6/Drivers/STM32F4xx_HAL_Driver/Inc/stm32f4xx_ll_adc.h ****   *         @arg @ref LL_ADC_REG_SEQ_SCAN_ENABLE_2RANKS
2344:board/stm32f401rct6/Drivers/STM32F4xx_HAL_Driver/Inc/stm32f4xx_ll_adc.h ****   *         @arg @ref LL_ADC_REG_SEQ_SCAN_ENABLE_3RANKS
2345:board/stm32f401rct6/Drivers/STM32F4xx_HAL_Driver/Inc/stm32f4xx_ll_adc.h ****   *         @arg @ref LL_ADC_REG_SEQ_SCAN_ENABLE_4RANKS
2346:board/stm32f401rct6/Drivers/STM32F4xx_HAL_Driver/Inc/stm32f4xx_ll_adc.h ****   *         @arg @ref LL_ADC_REG_SEQ_SCAN_ENABLE_5RANKS
ARM GAS  C:\Users\Admin\AppData\Local\Temp\ccHarYQc.s 			page 84


2347:board/stm32f401rct6/Drivers/STM32F4xx_HAL_Driver/Inc/stm32f4xx_ll_adc.h ****   *         @arg @ref LL_ADC_REG_SEQ_SCAN_ENABLE_6RANKS
2348:board/stm32f401rct6/Drivers/STM32F4xx_HAL_Driver/Inc/stm32f4xx_ll_adc.h ****   *         @arg @ref LL_ADC_REG_SEQ_SCAN_ENABLE_7RANKS
2349:board/stm32f401rct6/Drivers/STM32F4xx_HAL_Driver/Inc/stm32f4xx_ll_adc.h ****   *         @arg @ref LL_ADC_REG_SEQ_SCAN_ENABLE_8RANKS
2350:board/stm32f401rct6/Drivers/STM32F4xx_HAL_Driver/Inc/stm32f4xx_ll_adc.h ****   *         @arg @ref LL_ADC_REG_SEQ_SCAN_ENABLE_9RANKS
2351:board/stm32f401rct6/Drivers/STM32F4xx_HAL_Driver/Inc/stm32f4xx_ll_adc.h ****   *         @arg @ref LL_ADC_REG_SEQ_SCAN_ENABLE_10RANKS
2352:board/stm32f401rct6/Drivers/STM32F4xx_HAL_Driver/Inc/stm32f4xx_ll_adc.h ****   *         @arg @ref LL_ADC_REG_SEQ_SCAN_ENABLE_11RANKS
2353:board/stm32f401rct6/Drivers/STM32F4xx_HAL_Driver/Inc/stm32f4xx_ll_adc.h ****   *         @arg @ref LL_ADC_REG_SEQ_SCAN_ENABLE_12RANKS
2354:board/stm32f401rct6/Drivers/STM32F4xx_HAL_Driver/Inc/stm32f4xx_ll_adc.h ****   *         @arg @ref LL_ADC_REG_SEQ_SCAN_ENABLE_13RANKS
2355:board/stm32f401rct6/Drivers/STM32F4xx_HAL_Driver/Inc/stm32f4xx_ll_adc.h ****   *         @arg @ref LL_ADC_REG_SEQ_SCAN_ENABLE_14RANKS
2356:board/stm32f401rct6/Drivers/STM32F4xx_HAL_Driver/Inc/stm32f4xx_ll_adc.h ****   *         @arg @ref LL_ADC_REG_SEQ_SCAN_ENABLE_15RANKS
2357:board/stm32f401rct6/Drivers/STM32F4xx_HAL_Driver/Inc/stm32f4xx_ll_adc.h ****   *         @arg @ref LL_ADC_REG_SEQ_SCAN_ENABLE_16RANKS
2358:board/stm32f401rct6/Drivers/STM32F4xx_HAL_Driver/Inc/stm32f4xx_ll_adc.h ****   */
2359:board/stm32f401rct6/Drivers/STM32F4xx_HAL_Driver/Inc/stm32f4xx_ll_adc.h **** __STATIC_INLINE uint32_t LL_ADC_REG_GetSequencerLength(const ADC_TypeDef *ADCx)
2360:board/stm32f401rct6/Drivers/STM32F4xx_HAL_Driver/Inc/stm32f4xx_ll_adc.h **** {
2361:board/stm32f401rct6/Drivers/STM32F4xx_HAL_Driver/Inc/stm32f4xx_ll_adc.h ****   return (uint32_t)(READ_BIT(ADCx->SQR1, ADC_SQR1_L));
2362:board/stm32f401rct6/Drivers/STM32F4xx_HAL_Driver/Inc/stm32f4xx_ll_adc.h **** }
2363:board/stm32f401rct6/Drivers/STM32F4xx_HAL_Driver/Inc/stm32f4xx_ll_adc.h **** 
2364:board/stm32f401rct6/Drivers/STM32F4xx_HAL_Driver/Inc/stm32f4xx_ll_adc.h **** /**
2365:board/stm32f401rct6/Drivers/STM32F4xx_HAL_Driver/Inc/stm32f4xx_ll_adc.h ****   * @brief  Set ADC group regular sequencer discontinuous mode:
2366:board/stm32f401rct6/Drivers/STM32F4xx_HAL_Driver/Inc/stm32f4xx_ll_adc.h ****   *         sequence subdivided and scan conversions interrupted every selected
2367:board/stm32f401rct6/Drivers/STM32F4xx_HAL_Driver/Inc/stm32f4xx_ll_adc.h ****   *         number of ranks.
2368:board/stm32f401rct6/Drivers/STM32F4xx_HAL_Driver/Inc/stm32f4xx_ll_adc.h ****   * @note   It is not possible to enable both ADC group regular
2369:board/stm32f401rct6/Drivers/STM32F4xx_HAL_Driver/Inc/stm32f4xx_ll_adc.h ****   *         continuous mode and sequencer discontinuous mode.
2370:board/stm32f401rct6/Drivers/STM32F4xx_HAL_Driver/Inc/stm32f4xx_ll_adc.h ****   * @note   It is not possible to enable both ADC auto-injected mode
2371:board/stm32f401rct6/Drivers/STM32F4xx_HAL_Driver/Inc/stm32f4xx_ll_adc.h ****   *         and ADC group regular sequencer discontinuous mode.
2372:board/stm32f401rct6/Drivers/STM32F4xx_HAL_Driver/Inc/stm32f4xx_ll_adc.h ****   * @rmtoll CR1      DISCEN         LL_ADC_REG_SetSequencerDiscont\n
2373:board/stm32f401rct6/Drivers/STM32F4xx_HAL_Driver/Inc/stm32f4xx_ll_adc.h ****   *         CR1      DISCNUM        LL_ADC_REG_SetSequencerDiscont
2374:board/stm32f401rct6/Drivers/STM32F4xx_HAL_Driver/Inc/stm32f4xx_ll_adc.h ****   * @param  ADCx ADC instance
2375:board/stm32f401rct6/Drivers/STM32F4xx_HAL_Driver/Inc/stm32f4xx_ll_adc.h ****   * @param  SeqDiscont This parameter can be one of the following values:
2376:board/stm32f401rct6/Drivers/STM32F4xx_HAL_Driver/Inc/stm32f4xx_ll_adc.h ****   *         @arg @ref LL_ADC_REG_SEQ_DISCONT_DISABLE
2377:board/stm32f401rct6/Drivers/STM32F4xx_HAL_Driver/Inc/stm32f4xx_ll_adc.h ****   *         @arg @ref LL_ADC_REG_SEQ_DISCONT_1RANK
2378:board/stm32f401rct6/Drivers/STM32F4xx_HAL_Driver/Inc/stm32f4xx_ll_adc.h ****   *         @arg @ref LL_ADC_REG_SEQ_DISCONT_2RANKS
2379:board/stm32f401rct6/Drivers/STM32F4xx_HAL_Driver/Inc/stm32f4xx_ll_adc.h ****   *         @arg @ref LL_ADC_REG_SEQ_DISCONT_3RANKS
2380:board/stm32f401rct6/Drivers/STM32F4xx_HAL_Driver/Inc/stm32f4xx_ll_adc.h ****   *         @arg @ref LL_ADC_REG_SEQ_DISCONT_4RANKS
2381:board/stm32f401rct6/Drivers/STM32F4xx_HAL_Driver/Inc/stm32f4xx_ll_adc.h ****   *         @arg @ref LL_ADC_REG_SEQ_DISCONT_5RANKS
2382:board/stm32f401rct6/Drivers/STM32F4xx_HAL_Driver/Inc/stm32f4xx_ll_adc.h ****   *         @arg @ref LL_ADC_REG_SEQ_DISCONT_6RANKS
2383:board/stm32f401rct6/Drivers/STM32F4xx_HAL_Driver/Inc/stm32f4xx_ll_adc.h ****   *         @arg @ref LL_ADC_REG_SEQ_DISCONT_7RANKS
2384:board/stm32f401rct6/Drivers/STM32F4xx_HAL_Driver/Inc/stm32f4xx_ll_adc.h ****   *         @arg @ref LL_ADC_REG_SEQ_DISCONT_8RANKS
2385:board/stm32f401rct6/Drivers/STM32F4xx_HAL_Driver/Inc/stm32f4xx_ll_adc.h ****   * @retval None
2386:board/stm32f401rct6/Drivers/STM32F4xx_HAL_Driver/Inc/stm32f4xx_ll_adc.h ****   */
2387:board/stm32f401rct6/Drivers/STM32F4xx_HAL_Driver/Inc/stm32f4xx_ll_adc.h **** __STATIC_INLINE void LL_ADC_REG_SetSequencerDiscont(ADC_TypeDef *ADCx, uint32_t SeqDiscont)
2388:board/stm32f401rct6/Drivers/STM32F4xx_HAL_Driver/Inc/stm32f4xx_ll_adc.h **** {
2389:board/stm32f401rct6/Drivers/STM32F4xx_HAL_Driver/Inc/stm32f4xx_ll_adc.h ****   MODIFY_REG(ADCx->CR1, ADC_CR1_DISCEN | ADC_CR1_DISCNUM, SeqDiscont);
2390:board/stm32f401rct6/Drivers/STM32F4xx_HAL_Driver/Inc/stm32f4xx_ll_adc.h **** }
2391:board/stm32f401rct6/Drivers/STM32F4xx_HAL_Driver/Inc/stm32f4xx_ll_adc.h **** 
2392:board/stm32f401rct6/Drivers/STM32F4xx_HAL_Driver/Inc/stm32f4xx_ll_adc.h **** /**
2393:board/stm32f401rct6/Drivers/STM32F4xx_HAL_Driver/Inc/stm32f4xx_ll_adc.h ****   * @brief  Get ADC group regular sequencer discontinuous mode:
2394:board/stm32f401rct6/Drivers/STM32F4xx_HAL_Driver/Inc/stm32f4xx_ll_adc.h ****   *         sequence subdivided and scan conversions interrupted every selected
2395:board/stm32f401rct6/Drivers/STM32F4xx_HAL_Driver/Inc/stm32f4xx_ll_adc.h ****   *         number of ranks.
2396:board/stm32f401rct6/Drivers/STM32F4xx_HAL_Driver/Inc/stm32f4xx_ll_adc.h ****   * @rmtoll CR1      DISCEN         LL_ADC_REG_GetSequencerDiscont\n
2397:board/stm32f401rct6/Drivers/STM32F4xx_HAL_Driver/Inc/stm32f4xx_ll_adc.h ****   *         CR1      DISCNUM        LL_ADC_REG_GetSequencerDiscont
2398:board/stm32f401rct6/Drivers/STM32F4xx_HAL_Driver/Inc/stm32f4xx_ll_adc.h ****   * @param  ADCx ADC instance
2399:board/stm32f401rct6/Drivers/STM32F4xx_HAL_Driver/Inc/stm32f4xx_ll_adc.h ****   * @retval Returned value can be one of the following values:
2400:board/stm32f401rct6/Drivers/STM32F4xx_HAL_Driver/Inc/stm32f4xx_ll_adc.h ****   *         @arg @ref LL_ADC_REG_SEQ_DISCONT_DISABLE
2401:board/stm32f401rct6/Drivers/STM32F4xx_HAL_Driver/Inc/stm32f4xx_ll_adc.h ****   *         @arg @ref LL_ADC_REG_SEQ_DISCONT_1RANK
2402:board/stm32f401rct6/Drivers/STM32F4xx_HAL_Driver/Inc/stm32f4xx_ll_adc.h ****   *         @arg @ref LL_ADC_REG_SEQ_DISCONT_2RANKS
2403:board/stm32f401rct6/Drivers/STM32F4xx_HAL_Driver/Inc/stm32f4xx_ll_adc.h ****   *         @arg @ref LL_ADC_REG_SEQ_DISCONT_3RANKS
ARM GAS  C:\Users\Admin\AppData\Local\Temp\ccHarYQc.s 			page 85


2404:board/stm32f401rct6/Drivers/STM32F4xx_HAL_Driver/Inc/stm32f4xx_ll_adc.h ****   *         @arg @ref LL_ADC_REG_SEQ_DISCONT_4RANKS
2405:board/stm32f401rct6/Drivers/STM32F4xx_HAL_Driver/Inc/stm32f4xx_ll_adc.h ****   *         @arg @ref LL_ADC_REG_SEQ_DISCONT_5RANKS
2406:board/stm32f401rct6/Drivers/STM32F4xx_HAL_Driver/Inc/stm32f4xx_ll_adc.h ****   *         @arg @ref LL_ADC_REG_SEQ_DISCONT_6RANKS
2407:board/stm32f401rct6/Drivers/STM32F4xx_HAL_Driver/Inc/stm32f4xx_ll_adc.h ****   *         @arg @ref LL_ADC_REG_SEQ_DISCONT_7RANKS
2408:board/stm32f401rct6/Drivers/STM32F4xx_HAL_Driver/Inc/stm32f4xx_ll_adc.h ****   *         @arg @ref LL_ADC_REG_SEQ_DISCONT_8RANKS
2409:board/stm32f401rct6/Drivers/STM32F4xx_HAL_Driver/Inc/stm32f4xx_ll_adc.h ****   */
2410:board/stm32f401rct6/Drivers/STM32F4xx_HAL_Driver/Inc/stm32f4xx_ll_adc.h **** __STATIC_INLINE uint32_t LL_ADC_REG_GetSequencerDiscont(const ADC_TypeDef *ADCx)
2411:board/stm32f401rct6/Drivers/STM32F4xx_HAL_Driver/Inc/stm32f4xx_ll_adc.h **** {
2412:board/stm32f401rct6/Drivers/STM32F4xx_HAL_Driver/Inc/stm32f4xx_ll_adc.h ****   return (uint32_t)(READ_BIT(ADCx->CR1, ADC_CR1_DISCEN | ADC_CR1_DISCNUM));
2413:board/stm32f401rct6/Drivers/STM32F4xx_HAL_Driver/Inc/stm32f4xx_ll_adc.h **** }
2414:board/stm32f401rct6/Drivers/STM32F4xx_HAL_Driver/Inc/stm32f4xx_ll_adc.h **** 
2415:board/stm32f401rct6/Drivers/STM32F4xx_HAL_Driver/Inc/stm32f4xx_ll_adc.h **** /**
2416:board/stm32f401rct6/Drivers/STM32F4xx_HAL_Driver/Inc/stm32f4xx_ll_adc.h ****   * @brief  Set ADC group regular sequence: channel on the selected
2417:board/stm32f401rct6/Drivers/STM32F4xx_HAL_Driver/Inc/stm32f4xx_ll_adc.h ****   *         scan sequence rank.
2418:board/stm32f401rct6/Drivers/STM32F4xx_HAL_Driver/Inc/stm32f4xx_ll_adc.h ****   * @note   This function performs configuration of:
2419:board/stm32f401rct6/Drivers/STM32F4xx_HAL_Driver/Inc/stm32f4xx_ll_adc.h ****   *         - Channels ordering into each rank of scan sequence:
2420:board/stm32f401rct6/Drivers/STM32F4xx_HAL_Driver/Inc/stm32f4xx_ll_adc.h ****   *           whatever channel can be placed into whatever rank.
2421:board/stm32f401rct6/Drivers/STM32F4xx_HAL_Driver/Inc/stm32f4xx_ll_adc.h ****   * @note   On this STM32 series, ADC group regular sequencer is
2422:board/stm32f401rct6/Drivers/STM32F4xx_HAL_Driver/Inc/stm32f4xx_ll_adc.h ****   *         fully configurable: sequencer length and each rank
2423:board/stm32f401rct6/Drivers/STM32F4xx_HAL_Driver/Inc/stm32f4xx_ll_adc.h ****   *         affectation to a channel are configurable.
2424:board/stm32f401rct6/Drivers/STM32F4xx_HAL_Driver/Inc/stm32f4xx_ll_adc.h ****   *         Refer to description of function @ref LL_ADC_REG_SetSequencerLength().
2425:board/stm32f401rct6/Drivers/STM32F4xx_HAL_Driver/Inc/stm32f4xx_ll_adc.h ****   * @note   Depending on devices and packages, some channels may not be available.
2426:board/stm32f401rct6/Drivers/STM32F4xx_HAL_Driver/Inc/stm32f4xx_ll_adc.h ****   *         Refer to device datasheet for channels availability.
2427:board/stm32f401rct6/Drivers/STM32F4xx_HAL_Driver/Inc/stm32f4xx_ll_adc.h ****   * @note   On this STM32 series, to measure internal channels (VrefInt,
2428:board/stm32f401rct6/Drivers/STM32F4xx_HAL_Driver/Inc/stm32f4xx_ll_adc.h ****   *         TempSensor, ...), measurement paths to internal channels must be
2429:board/stm32f401rct6/Drivers/STM32F4xx_HAL_Driver/Inc/stm32f4xx_ll_adc.h ****   *         enabled separately.
2430:board/stm32f401rct6/Drivers/STM32F4xx_HAL_Driver/Inc/stm32f4xx_ll_adc.h ****   *         This can be done using function @ref LL_ADC_SetCommonPathInternalCh().
2431:board/stm32f401rct6/Drivers/STM32F4xx_HAL_Driver/Inc/stm32f4xx_ll_adc.h ****   * @rmtoll SQR3     SQ1            LL_ADC_REG_SetSequencerRanks\n
2432:board/stm32f401rct6/Drivers/STM32F4xx_HAL_Driver/Inc/stm32f4xx_ll_adc.h ****   *         SQR3     SQ2            LL_ADC_REG_SetSequencerRanks\n
2433:board/stm32f401rct6/Drivers/STM32F4xx_HAL_Driver/Inc/stm32f4xx_ll_adc.h ****   *         SQR3     SQ3            LL_ADC_REG_SetSequencerRanks\n
2434:board/stm32f401rct6/Drivers/STM32F4xx_HAL_Driver/Inc/stm32f4xx_ll_adc.h ****   *         SQR3     SQ4            LL_ADC_REG_SetSequencerRanks\n
2435:board/stm32f401rct6/Drivers/STM32F4xx_HAL_Driver/Inc/stm32f4xx_ll_adc.h ****   *         SQR3     SQ5            LL_ADC_REG_SetSequencerRanks\n
2436:board/stm32f401rct6/Drivers/STM32F4xx_HAL_Driver/Inc/stm32f4xx_ll_adc.h ****   *         SQR3     SQ6            LL_ADC_REG_SetSequencerRanks\n
2437:board/stm32f401rct6/Drivers/STM32F4xx_HAL_Driver/Inc/stm32f4xx_ll_adc.h ****   *         SQR2     SQ7            LL_ADC_REG_SetSequencerRanks\n
2438:board/stm32f401rct6/Drivers/STM32F4xx_HAL_Driver/Inc/stm32f4xx_ll_adc.h ****   *         SQR2     SQ8            LL_ADC_REG_SetSequencerRanks\n
2439:board/stm32f401rct6/Drivers/STM32F4xx_HAL_Driver/Inc/stm32f4xx_ll_adc.h ****   *         SQR2     SQ9            LL_ADC_REG_SetSequencerRanks\n
2440:board/stm32f401rct6/Drivers/STM32F4xx_HAL_Driver/Inc/stm32f4xx_ll_adc.h ****   *         SQR2     SQ10           LL_ADC_REG_SetSequencerRanks\n
2441:board/stm32f401rct6/Drivers/STM32F4xx_HAL_Driver/Inc/stm32f4xx_ll_adc.h ****   *         SQR2     SQ11           LL_ADC_REG_SetSequencerRanks\n
2442:board/stm32f401rct6/Drivers/STM32F4xx_HAL_Driver/Inc/stm32f4xx_ll_adc.h ****   *         SQR2     SQ12           LL_ADC_REG_SetSequencerRanks\n
2443:board/stm32f401rct6/Drivers/STM32F4xx_HAL_Driver/Inc/stm32f4xx_ll_adc.h ****   *         SQR1     SQ13           LL_ADC_REG_SetSequencerRanks\n
2444:board/stm32f401rct6/Drivers/STM32F4xx_HAL_Driver/Inc/stm32f4xx_ll_adc.h ****   *         SQR1     SQ14           LL_ADC_REG_SetSequencerRanks\n
2445:board/stm32f401rct6/Drivers/STM32F4xx_HAL_Driver/Inc/stm32f4xx_ll_adc.h ****   *         SQR1     SQ15           LL_ADC_REG_SetSequencerRanks\n
2446:board/stm32f401rct6/Drivers/STM32F4xx_HAL_Driver/Inc/stm32f4xx_ll_adc.h ****   *         SQR1     SQ16           LL_ADC_REG_SetSequencerRanks
2447:board/stm32f401rct6/Drivers/STM32F4xx_HAL_Driver/Inc/stm32f4xx_ll_adc.h ****   * @param  ADCx ADC instance
2448:board/stm32f401rct6/Drivers/STM32F4xx_HAL_Driver/Inc/stm32f4xx_ll_adc.h ****   * @param  Rank This parameter can be one of the following values:
2449:board/stm32f401rct6/Drivers/STM32F4xx_HAL_Driver/Inc/stm32f4xx_ll_adc.h ****   *         @arg @ref LL_ADC_REG_RANK_1
2450:board/stm32f401rct6/Drivers/STM32F4xx_HAL_Driver/Inc/stm32f4xx_ll_adc.h ****   *         @arg @ref LL_ADC_REG_RANK_2
2451:board/stm32f401rct6/Drivers/STM32F4xx_HAL_Driver/Inc/stm32f4xx_ll_adc.h ****   *         @arg @ref LL_ADC_REG_RANK_3
2452:board/stm32f401rct6/Drivers/STM32F4xx_HAL_Driver/Inc/stm32f4xx_ll_adc.h ****   *         @arg @ref LL_ADC_REG_RANK_4
2453:board/stm32f401rct6/Drivers/STM32F4xx_HAL_Driver/Inc/stm32f4xx_ll_adc.h ****   *         @arg @ref LL_ADC_REG_RANK_5
2454:board/stm32f401rct6/Drivers/STM32F4xx_HAL_Driver/Inc/stm32f4xx_ll_adc.h ****   *         @arg @ref LL_ADC_REG_RANK_6
2455:board/stm32f401rct6/Drivers/STM32F4xx_HAL_Driver/Inc/stm32f4xx_ll_adc.h ****   *         @arg @ref LL_ADC_REG_RANK_7
2456:board/stm32f401rct6/Drivers/STM32F4xx_HAL_Driver/Inc/stm32f4xx_ll_adc.h ****   *         @arg @ref LL_ADC_REG_RANK_8
2457:board/stm32f401rct6/Drivers/STM32F4xx_HAL_Driver/Inc/stm32f4xx_ll_adc.h ****   *         @arg @ref LL_ADC_REG_RANK_9
2458:board/stm32f401rct6/Drivers/STM32F4xx_HAL_Driver/Inc/stm32f4xx_ll_adc.h ****   *         @arg @ref LL_ADC_REG_RANK_10
2459:board/stm32f401rct6/Drivers/STM32F4xx_HAL_Driver/Inc/stm32f4xx_ll_adc.h ****   *         @arg @ref LL_ADC_REG_RANK_11
2460:board/stm32f401rct6/Drivers/STM32F4xx_HAL_Driver/Inc/stm32f4xx_ll_adc.h ****   *         @arg @ref LL_ADC_REG_RANK_12
ARM GAS  C:\Users\Admin\AppData\Local\Temp\ccHarYQc.s 			page 86


2461:board/stm32f401rct6/Drivers/STM32F4xx_HAL_Driver/Inc/stm32f4xx_ll_adc.h ****   *         @arg @ref LL_ADC_REG_RANK_13
2462:board/stm32f401rct6/Drivers/STM32F4xx_HAL_Driver/Inc/stm32f4xx_ll_adc.h ****   *         @arg @ref LL_ADC_REG_RANK_14
2463:board/stm32f401rct6/Drivers/STM32F4xx_HAL_Driver/Inc/stm32f4xx_ll_adc.h ****   *         @arg @ref LL_ADC_REG_RANK_15
2464:board/stm32f401rct6/Drivers/STM32F4xx_HAL_Driver/Inc/stm32f4xx_ll_adc.h ****   *         @arg @ref LL_ADC_REG_RANK_16
2465:board/stm32f401rct6/Drivers/STM32F4xx_HAL_Driver/Inc/stm32f4xx_ll_adc.h ****   * @param  Channel This parameter can be one of the following values:
2466:board/stm32f401rct6/Drivers/STM32F4xx_HAL_Driver/Inc/stm32f4xx_ll_adc.h ****   *         @arg @ref LL_ADC_CHANNEL_0
2467:board/stm32f401rct6/Drivers/STM32F4xx_HAL_Driver/Inc/stm32f4xx_ll_adc.h ****   *         @arg @ref LL_ADC_CHANNEL_1
2468:board/stm32f401rct6/Drivers/STM32F4xx_HAL_Driver/Inc/stm32f4xx_ll_adc.h ****   *         @arg @ref LL_ADC_CHANNEL_2
2469:board/stm32f401rct6/Drivers/STM32F4xx_HAL_Driver/Inc/stm32f4xx_ll_adc.h ****   *         @arg @ref LL_ADC_CHANNEL_3
2470:board/stm32f401rct6/Drivers/STM32F4xx_HAL_Driver/Inc/stm32f4xx_ll_adc.h ****   *         @arg @ref LL_ADC_CHANNEL_4
2471:board/stm32f401rct6/Drivers/STM32F4xx_HAL_Driver/Inc/stm32f4xx_ll_adc.h ****   *         @arg @ref LL_ADC_CHANNEL_5
2472:board/stm32f401rct6/Drivers/STM32F4xx_HAL_Driver/Inc/stm32f4xx_ll_adc.h ****   *         @arg @ref LL_ADC_CHANNEL_6
2473:board/stm32f401rct6/Drivers/STM32F4xx_HAL_Driver/Inc/stm32f4xx_ll_adc.h ****   *         @arg @ref LL_ADC_CHANNEL_7
2474:board/stm32f401rct6/Drivers/STM32F4xx_HAL_Driver/Inc/stm32f4xx_ll_adc.h ****   *         @arg @ref LL_ADC_CHANNEL_8
2475:board/stm32f401rct6/Drivers/STM32F4xx_HAL_Driver/Inc/stm32f4xx_ll_adc.h ****   *         @arg @ref LL_ADC_CHANNEL_9
2476:board/stm32f401rct6/Drivers/STM32F4xx_HAL_Driver/Inc/stm32f4xx_ll_adc.h ****   *         @arg @ref LL_ADC_CHANNEL_10
2477:board/stm32f401rct6/Drivers/STM32F4xx_HAL_Driver/Inc/stm32f4xx_ll_adc.h ****   *         @arg @ref LL_ADC_CHANNEL_11
2478:board/stm32f401rct6/Drivers/STM32F4xx_HAL_Driver/Inc/stm32f4xx_ll_adc.h ****   *         @arg @ref LL_ADC_CHANNEL_12
2479:board/stm32f401rct6/Drivers/STM32F4xx_HAL_Driver/Inc/stm32f4xx_ll_adc.h ****   *         @arg @ref LL_ADC_CHANNEL_13
2480:board/stm32f401rct6/Drivers/STM32F4xx_HAL_Driver/Inc/stm32f4xx_ll_adc.h ****   *         @arg @ref LL_ADC_CHANNEL_14
2481:board/stm32f401rct6/Drivers/STM32F4xx_HAL_Driver/Inc/stm32f4xx_ll_adc.h ****   *         @arg @ref LL_ADC_CHANNEL_15
2482:board/stm32f401rct6/Drivers/STM32F4xx_HAL_Driver/Inc/stm32f4xx_ll_adc.h ****   *         @arg @ref LL_ADC_CHANNEL_16
2483:board/stm32f401rct6/Drivers/STM32F4xx_HAL_Driver/Inc/stm32f4xx_ll_adc.h ****   *         @arg @ref LL_ADC_CHANNEL_17
2484:board/stm32f401rct6/Drivers/STM32F4xx_HAL_Driver/Inc/stm32f4xx_ll_adc.h ****   *         @arg @ref LL_ADC_CHANNEL_18
2485:board/stm32f401rct6/Drivers/STM32F4xx_HAL_Driver/Inc/stm32f4xx_ll_adc.h ****   *         @arg @ref LL_ADC_CHANNEL_VREFINT      (1)
2486:board/stm32f401rct6/Drivers/STM32F4xx_HAL_Driver/Inc/stm32f4xx_ll_adc.h ****   *         @arg @ref LL_ADC_CHANNEL_TEMPSENSOR   (1)(2)
2487:board/stm32f401rct6/Drivers/STM32F4xx_HAL_Driver/Inc/stm32f4xx_ll_adc.h ****   *         @arg @ref LL_ADC_CHANNEL_VBAT         (1)
2488:board/stm32f401rct6/Drivers/STM32F4xx_HAL_Driver/Inc/stm32f4xx_ll_adc.h ****   *
2489:board/stm32f401rct6/Drivers/STM32F4xx_HAL_Driver/Inc/stm32f4xx_ll_adc.h ****   *         (1) On STM32F4, parameter available only on ADC instance: ADC1.\n
2490:board/stm32f401rct6/Drivers/STM32F4xx_HAL_Driver/Inc/stm32f4xx_ll_adc.h ****   *         (2) On devices STM32F42x and STM32F43x, limitation: this internal channel is shared bet
2491:board/stm32f401rct6/Drivers/STM32F4xx_HAL_Driver/Inc/stm32f4xx_ll_adc.h ****   * @retval None
2492:board/stm32f401rct6/Drivers/STM32F4xx_HAL_Driver/Inc/stm32f4xx_ll_adc.h ****   */
2493:board/stm32f401rct6/Drivers/STM32F4xx_HAL_Driver/Inc/stm32f4xx_ll_adc.h **** __STATIC_INLINE void LL_ADC_REG_SetSequencerRanks(ADC_TypeDef *ADCx, uint32_t Rank, uint32_t Channe
2494:board/stm32f401rct6/Drivers/STM32F4xx_HAL_Driver/Inc/stm32f4xx_ll_adc.h **** {
2495:board/stm32f401rct6/Drivers/STM32F4xx_HAL_Driver/Inc/stm32f4xx_ll_adc.h ****   /* Set bits with content of parameter "Channel" with bits position          */
2496:board/stm32f401rct6/Drivers/STM32F4xx_HAL_Driver/Inc/stm32f4xx_ll_adc.h ****   /* in register and register position depending on parameter "Rank".         */
2497:board/stm32f401rct6/Drivers/STM32F4xx_HAL_Driver/Inc/stm32f4xx_ll_adc.h ****   /* Parameters "Rank" and "Channel" are used with masks because containing   */
2498:board/stm32f401rct6/Drivers/STM32F4xx_HAL_Driver/Inc/stm32f4xx_ll_adc.h ****   /* other bits reserved for other purpose.                                   */
2499:board/stm32f401rct6/Drivers/STM32F4xx_HAL_Driver/Inc/stm32f4xx_ll_adc.h ****   __IO uint32_t *preg = __ADC_PTR_REG_OFFSET(ADCx->SQR1, __ADC_MASK_SHIFT(Rank, ADC_REG_SQRX_REGOFF
2500:board/stm32f401rct6/Drivers/STM32F4xx_HAL_Driver/Inc/stm32f4xx_ll_adc.h **** 
2501:board/stm32f401rct6/Drivers/STM32F4xx_HAL_Driver/Inc/stm32f4xx_ll_adc.h ****   MODIFY_REG(*preg,
2502:board/stm32f401rct6/Drivers/STM32F4xx_HAL_Driver/Inc/stm32f4xx_ll_adc.h ****              ADC_CHANNEL_ID_NUMBER_MASK << (Rank & ADC_REG_RANK_ID_SQRX_MASK),
2503:board/stm32f401rct6/Drivers/STM32F4xx_HAL_Driver/Inc/stm32f4xx_ll_adc.h ****              (Channel & ADC_CHANNEL_ID_NUMBER_MASK) << (Rank & ADC_REG_RANK_ID_SQRX_MASK));
2504:board/stm32f401rct6/Drivers/STM32F4xx_HAL_Driver/Inc/stm32f4xx_ll_adc.h **** }
2505:board/stm32f401rct6/Drivers/STM32F4xx_HAL_Driver/Inc/stm32f4xx_ll_adc.h **** 
2506:board/stm32f401rct6/Drivers/STM32F4xx_HAL_Driver/Inc/stm32f4xx_ll_adc.h **** /**
2507:board/stm32f401rct6/Drivers/STM32F4xx_HAL_Driver/Inc/stm32f4xx_ll_adc.h ****   * @brief  Get ADC group regular sequence: channel on the selected
2508:board/stm32f401rct6/Drivers/STM32F4xx_HAL_Driver/Inc/stm32f4xx_ll_adc.h ****   *         scan sequence rank.
2509:board/stm32f401rct6/Drivers/STM32F4xx_HAL_Driver/Inc/stm32f4xx_ll_adc.h ****   * @note   On this STM32 series, ADC group regular sequencer is
2510:board/stm32f401rct6/Drivers/STM32F4xx_HAL_Driver/Inc/stm32f4xx_ll_adc.h ****   *         fully configurable: sequencer length and each rank
2511:board/stm32f401rct6/Drivers/STM32F4xx_HAL_Driver/Inc/stm32f4xx_ll_adc.h ****   *         affectation to a channel are configurable.
2512:board/stm32f401rct6/Drivers/STM32F4xx_HAL_Driver/Inc/stm32f4xx_ll_adc.h ****   *         Refer to description of function @ref LL_ADC_REG_SetSequencerLength().
2513:board/stm32f401rct6/Drivers/STM32F4xx_HAL_Driver/Inc/stm32f4xx_ll_adc.h ****   * @note   Depending on devices and packages, some channels may not be available.
2514:board/stm32f401rct6/Drivers/STM32F4xx_HAL_Driver/Inc/stm32f4xx_ll_adc.h ****   *         Refer to device datasheet for channels availability.
2515:board/stm32f401rct6/Drivers/STM32F4xx_HAL_Driver/Inc/stm32f4xx_ll_adc.h ****   * @note   Usage of the returned channel number:
2516:board/stm32f401rct6/Drivers/STM32F4xx_HAL_Driver/Inc/stm32f4xx_ll_adc.h ****   *         - To reinject this channel into another function LL_ADC_xxx:
2517:board/stm32f401rct6/Drivers/STM32F4xx_HAL_Driver/Inc/stm32f4xx_ll_adc.h ****   *           the returned channel number is only partly formatted on definition
ARM GAS  C:\Users\Admin\AppData\Local\Temp\ccHarYQc.s 			page 87


2518:board/stm32f401rct6/Drivers/STM32F4xx_HAL_Driver/Inc/stm32f4xx_ll_adc.h ****   *           of literals LL_ADC_CHANNEL_x. Therefore, it has to be compared
2519:board/stm32f401rct6/Drivers/STM32F4xx_HAL_Driver/Inc/stm32f4xx_ll_adc.h ****   *           with parts of literals LL_ADC_CHANNEL_x or using
2520:board/stm32f401rct6/Drivers/STM32F4xx_HAL_Driver/Inc/stm32f4xx_ll_adc.h ****   *           helper macro @ref __LL_ADC_CHANNEL_TO_DECIMAL_NB().
2521:board/stm32f401rct6/Drivers/STM32F4xx_HAL_Driver/Inc/stm32f4xx_ll_adc.h ****   *           Then the selected literal LL_ADC_CHANNEL_x can be used
2522:board/stm32f401rct6/Drivers/STM32F4xx_HAL_Driver/Inc/stm32f4xx_ll_adc.h ****   *           as parameter for another function.
2523:board/stm32f401rct6/Drivers/STM32F4xx_HAL_Driver/Inc/stm32f4xx_ll_adc.h ****   *         - To get the channel number in decimal format:
2524:board/stm32f401rct6/Drivers/STM32F4xx_HAL_Driver/Inc/stm32f4xx_ll_adc.h ****   *           process the returned value with the helper macro
2525:board/stm32f401rct6/Drivers/STM32F4xx_HAL_Driver/Inc/stm32f4xx_ll_adc.h ****   *           @ref __LL_ADC_CHANNEL_TO_DECIMAL_NB().
2526:board/stm32f401rct6/Drivers/STM32F4xx_HAL_Driver/Inc/stm32f4xx_ll_adc.h ****   * @rmtoll SQR3     SQ1            LL_ADC_REG_GetSequencerRanks\n
2527:board/stm32f401rct6/Drivers/STM32F4xx_HAL_Driver/Inc/stm32f4xx_ll_adc.h ****   *         SQR3     SQ2            LL_ADC_REG_GetSequencerRanks\n
2528:board/stm32f401rct6/Drivers/STM32F4xx_HAL_Driver/Inc/stm32f4xx_ll_adc.h ****   *         SQR3     SQ3            LL_ADC_REG_GetSequencerRanks\n
2529:board/stm32f401rct6/Drivers/STM32F4xx_HAL_Driver/Inc/stm32f4xx_ll_adc.h ****   *         SQR3     SQ4            LL_ADC_REG_GetSequencerRanks\n
2530:board/stm32f401rct6/Drivers/STM32F4xx_HAL_Driver/Inc/stm32f4xx_ll_adc.h ****   *         SQR3     SQ5            LL_ADC_REG_GetSequencerRanks\n
2531:board/stm32f401rct6/Drivers/STM32F4xx_HAL_Driver/Inc/stm32f4xx_ll_adc.h ****   *         SQR3     SQ6            LL_ADC_REG_GetSequencerRanks\n
2532:board/stm32f401rct6/Drivers/STM32F4xx_HAL_Driver/Inc/stm32f4xx_ll_adc.h ****   *         SQR2     SQ7            LL_ADC_REG_GetSequencerRanks\n
2533:board/stm32f401rct6/Drivers/STM32F4xx_HAL_Driver/Inc/stm32f4xx_ll_adc.h ****   *         SQR2     SQ8            LL_ADC_REG_GetSequencerRanks\n
2534:board/stm32f401rct6/Drivers/STM32F4xx_HAL_Driver/Inc/stm32f4xx_ll_adc.h ****   *         SQR2     SQ9            LL_ADC_REG_GetSequencerRanks\n
2535:board/stm32f401rct6/Drivers/STM32F4xx_HAL_Driver/Inc/stm32f4xx_ll_adc.h ****   *         SQR2     SQ10           LL_ADC_REG_GetSequencerRanks\n
2536:board/stm32f401rct6/Drivers/STM32F4xx_HAL_Driver/Inc/stm32f4xx_ll_adc.h ****   *         SQR2     SQ11           LL_ADC_REG_GetSequencerRanks\n
2537:board/stm32f401rct6/Drivers/STM32F4xx_HAL_Driver/Inc/stm32f4xx_ll_adc.h ****   *         SQR2     SQ12           LL_ADC_REG_GetSequencerRanks\n
2538:board/stm32f401rct6/Drivers/STM32F4xx_HAL_Driver/Inc/stm32f4xx_ll_adc.h ****   *         SQR1     SQ13           LL_ADC_REG_GetSequencerRanks\n
2539:board/stm32f401rct6/Drivers/STM32F4xx_HAL_Driver/Inc/stm32f4xx_ll_adc.h ****   *         SQR1     SQ14           LL_ADC_REG_GetSequencerRanks\n
2540:board/stm32f401rct6/Drivers/STM32F4xx_HAL_Driver/Inc/stm32f4xx_ll_adc.h ****   *         SQR1     SQ15           LL_ADC_REG_GetSequencerRanks\n
2541:board/stm32f401rct6/Drivers/STM32F4xx_HAL_Driver/Inc/stm32f4xx_ll_adc.h ****   *         SQR1     SQ16           LL_ADC_REG_GetSequencerRanks
2542:board/stm32f401rct6/Drivers/STM32F4xx_HAL_Driver/Inc/stm32f4xx_ll_adc.h ****   * @param  ADCx ADC instance
2543:board/stm32f401rct6/Drivers/STM32F4xx_HAL_Driver/Inc/stm32f4xx_ll_adc.h ****   * @param  Rank This parameter can be one of the following values:
2544:board/stm32f401rct6/Drivers/STM32F4xx_HAL_Driver/Inc/stm32f4xx_ll_adc.h ****   *         @arg @ref LL_ADC_REG_RANK_1
2545:board/stm32f401rct6/Drivers/STM32F4xx_HAL_Driver/Inc/stm32f4xx_ll_adc.h ****   *         @arg @ref LL_ADC_REG_RANK_2
2546:board/stm32f401rct6/Drivers/STM32F4xx_HAL_Driver/Inc/stm32f4xx_ll_adc.h ****   *         @arg @ref LL_ADC_REG_RANK_3
2547:board/stm32f401rct6/Drivers/STM32F4xx_HAL_Driver/Inc/stm32f4xx_ll_adc.h ****   *         @arg @ref LL_ADC_REG_RANK_4
2548:board/stm32f401rct6/Drivers/STM32F4xx_HAL_Driver/Inc/stm32f4xx_ll_adc.h ****   *         @arg @ref LL_ADC_REG_RANK_5
2549:board/stm32f401rct6/Drivers/STM32F4xx_HAL_Driver/Inc/stm32f4xx_ll_adc.h ****   *         @arg @ref LL_ADC_REG_RANK_6
2550:board/stm32f401rct6/Drivers/STM32F4xx_HAL_Driver/Inc/stm32f4xx_ll_adc.h ****   *         @arg @ref LL_ADC_REG_RANK_7
2551:board/stm32f401rct6/Drivers/STM32F4xx_HAL_Driver/Inc/stm32f4xx_ll_adc.h ****   *         @arg @ref LL_ADC_REG_RANK_8
2552:board/stm32f401rct6/Drivers/STM32F4xx_HAL_Driver/Inc/stm32f4xx_ll_adc.h ****   *         @arg @ref LL_ADC_REG_RANK_9
2553:board/stm32f401rct6/Drivers/STM32F4xx_HAL_Driver/Inc/stm32f4xx_ll_adc.h ****   *         @arg @ref LL_ADC_REG_RANK_10
2554:board/stm32f401rct6/Drivers/STM32F4xx_HAL_Driver/Inc/stm32f4xx_ll_adc.h ****   *         @arg @ref LL_ADC_REG_RANK_11
2555:board/stm32f401rct6/Drivers/STM32F4xx_HAL_Driver/Inc/stm32f4xx_ll_adc.h ****   *         @arg @ref LL_ADC_REG_RANK_12
2556:board/stm32f401rct6/Drivers/STM32F4xx_HAL_Driver/Inc/stm32f4xx_ll_adc.h ****   *         @arg @ref LL_ADC_REG_RANK_13
2557:board/stm32f401rct6/Drivers/STM32F4xx_HAL_Driver/Inc/stm32f4xx_ll_adc.h ****   *         @arg @ref LL_ADC_REG_RANK_14
2558:board/stm32f401rct6/Drivers/STM32F4xx_HAL_Driver/Inc/stm32f4xx_ll_adc.h ****   *         @arg @ref LL_ADC_REG_RANK_15
2559:board/stm32f401rct6/Drivers/STM32F4xx_HAL_Driver/Inc/stm32f4xx_ll_adc.h ****   *         @arg @ref LL_ADC_REG_RANK_16
2560:board/stm32f401rct6/Drivers/STM32F4xx_HAL_Driver/Inc/stm32f4xx_ll_adc.h ****   * @retval Returned value can be one of the following values:
2561:board/stm32f401rct6/Drivers/STM32F4xx_HAL_Driver/Inc/stm32f4xx_ll_adc.h ****   *         @arg @ref LL_ADC_CHANNEL_0
2562:board/stm32f401rct6/Drivers/STM32F4xx_HAL_Driver/Inc/stm32f4xx_ll_adc.h ****   *         @arg @ref LL_ADC_CHANNEL_1
2563:board/stm32f401rct6/Drivers/STM32F4xx_HAL_Driver/Inc/stm32f4xx_ll_adc.h ****   *         @arg @ref LL_ADC_CHANNEL_2
2564:board/stm32f401rct6/Drivers/STM32F4xx_HAL_Driver/Inc/stm32f4xx_ll_adc.h ****   *         @arg @ref LL_ADC_CHANNEL_3
2565:board/stm32f401rct6/Drivers/STM32F4xx_HAL_Driver/Inc/stm32f4xx_ll_adc.h ****   *         @arg @ref LL_ADC_CHANNEL_4
2566:board/stm32f401rct6/Drivers/STM32F4xx_HAL_Driver/Inc/stm32f4xx_ll_adc.h ****   *         @arg @ref LL_ADC_CHANNEL_5
2567:board/stm32f401rct6/Drivers/STM32F4xx_HAL_Driver/Inc/stm32f4xx_ll_adc.h ****   *         @arg @ref LL_ADC_CHANNEL_6
2568:board/stm32f401rct6/Drivers/STM32F4xx_HAL_Driver/Inc/stm32f4xx_ll_adc.h ****   *         @arg @ref LL_ADC_CHANNEL_7
2569:board/stm32f401rct6/Drivers/STM32F4xx_HAL_Driver/Inc/stm32f4xx_ll_adc.h ****   *         @arg @ref LL_ADC_CHANNEL_8
2570:board/stm32f401rct6/Drivers/STM32F4xx_HAL_Driver/Inc/stm32f4xx_ll_adc.h ****   *         @arg @ref LL_ADC_CHANNEL_9
2571:board/stm32f401rct6/Drivers/STM32F4xx_HAL_Driver/Inc/stm32f4xx_ll_adc.h ****   *         @arg @ref LL_ADC_CHANNEL_10
2572:board/stm32f401rct6/Drivers/STM32F4xx_HAL_Driver/Inc/stm32f4xx_ll_adc.h ****   *         @arg @ref LL_ADC_CHANNEL_11
2573:board/stm32f401rct6/Drivers/STM32F4xx_HAL_Driver/Inc/stm32f4xx_ll_adc.h ****   *         @arg @ref LL_ADC_CHANNEL_12
2574:board/stm32f401rct6/Drivers/STM32F4xx_HAL_Driver/Inc/stm32f4xx_ll_adc.h ****   *         @arg @ref LL_ADC_CHANNEL_13
ARM GAS  C:\Users\Admin\AppData\Local\Temp\ccHarYQc.s 			page 88


2575:board/stm32f401rct6/Drivers/STM32F4xx_HAL_Driver/Inc/stm32f4xx_ll_adc.h ****   *         @arg @ref LL_ADC_CHANNEL_14
2576:board/stm32f401rct6/Drivers/STM32F4xx_HAL_Driver/Inc/stm32f4xx_ll_adc.h ****   *         @arg @ref LL_ADC_CHANNEL_15
2577:board/stm32f401rct6/Drivers/STM32F4xx_HAL_Driver/Inc/stm32f4xx_ll_adc.h ****   *         @arg @ref LL_ADC_CHANNEL_16
2578:board/stm32f401rct6/Drivers/STM32F4xx_HAL_Driver/Inc/stm32f4xx_ll_adc.h ****   *         @arg @ref LL_ADC_CHANNEL_17
2579:board/stm32f401rct6/Drivers/STM32F4xx_HAL_Driver/Inc/stm32f4xx_ll_adc.h ****   *         @arg @ref LL_ADC_CHANNEL_18
2580:board/stm32f401rct6/Drivers/STM32F4xx_HAL_Driver/Inc/stm32f4xx_ll_adc.h ****   *         @arg @ref LL_ADC_CHANNEL_VREFINT      (1)
2581:board/stm32f401rct6/Drivers/STM32F4xx_HAL_Driver/Inc/stm32f4xx_ll_adc.h ****   *         @arg @ref LL_ADC_CHANNEL_TEMPSENSOR   (1)(2)
2582:board/stm32f401rct6/Drivers/STM32F4xx_HAL_Driver/Inc/stm32f4xx_ll_adc.h ****   *         @arg @ref LL_ADC_CHANNEL_VBAT         (1)
2583:board/stm32f401rct6/Drivers/STM32F4xx_HAL_Driver/Inc/stm32f4xx_ll_adc.h ****   *
2584:board/stm32f401rct6/Drivers/STM32F4xx_HAL_Driver/Inc/stm32f4xx_ll_adc.h ****   *         (1) On STM32F4, parameter available only on ADC instance: ADC1.\n
2585:board/stm32f401rct6/Drivers/STM32F4xx_HAL_Driver/Inc/stm32f4xx_ll_adc.h ****   *         (2) On devices STM32F42x and STM32F43x, limitation: this internal channel is shared bet
2586:board/stm32f401rct6/Drivers/STM32F4xx_HAL_Driver/Inc/stm32f4xx_ll_adc.h ****   *         (1) For ADC channel read back from ADC register,
2587:board/stm32f401rct6/Drivers/STM32F4xx_HAL_Driver/Inc/stm32f4xx_ll_adc.h ****   *             comparison with internal channel parameter to be done
2588:board/stm32f401rct6/Drivers/STM32F4xx_HAL_Driver/Inc/stm32f4xx_ll_adc.h ****   *             using helper macro @ref __LL_ADC_CHANNEL_INTERNAL_TO_EXTERNAL().
2589:board/stm32f401rct6/Drivers/STM32F4xx_HAL_Driver/Inc/stm32f4xx_ll_adc.h ****   */
2590:board/stm32f401rct6/Drivers/STM32F4xx_HAL_Driver/Inc/stm32f4xx_ll_adc.h **** __STATIC_INLINE uint32_t LL_ADC_REG_GetSequencerRanks(const ADC_TypeDef *ADCx, uint32_t Rank)
2591:board/stm32f401rct6/Drivers/STM32F4xx_HAL_Driver/Inc/stm32f4xx_ll_adc.h **** {
2592:board/stm32f401rct6/Drivers/STM32F4xx_HAL_Driver/Inc/stm32f4xx_ll_adc.h ****   __IO uint32_t const *preg = __ADC_PTR_REG_OFFSET(ADCx->SQR1, __ADC_MASK_SHIFT(Rank, ADC_REG_SQRX_
2593:board/stm32f401rct6/Drivers/STM32F4xx_HAL_Driver/Inc/stm32f4xx_ll_adc.h **** 
2594:board/stm32f401rct6/Drivers/STM32F4xx_HAL_Driver/Inc/stm32f4xx_ll_adc.h ****   return (uint32_t)(READ_BIT(*preg,
2595:board/stm32f401rct6/Drivers/STM32F4xx_HAL_Driver/Inc/stm32f4xx_ll_adc.h ****                              ADC_CHANNEL_ID_NUMBER_MASK << (Rank & ADC_REG_RANK_ID_SQRX_MASK))
2596:board/stm32f401rct6/Drivers/STM32F4xx_HAL_Driver/Inc/stm32f4xx_ll_adc.h ****                     >> (Rank & ADC_REG_RANK_ID_SQRX_MASK)
2597:board/stm32f401rct6/Drivers/STM32F4xx_HAL_Driver/Inc/stm32f4xx_ll_adc.h ****                    );
2598:board/stm32f401rct6/Drivers/STM32F4xx_HAL_Driver/Inc/stm32f4xx_ll_adc.h **** }
2599:board/stm32f401rct6/Drivers/STM32F4xx_HAL_Driver/Inc/stm32f4xx_ll_adc.h **** 
2600:board/stm32f401rct6/Drivers/STM32F4xx_HAL_Driver/Inc/stm32f4xx_ll_adc.h **** /**
2601:board/stm32f401rct6/Drivers/STM32F4xx_HAL_Driver/Inc/stm32f4xx_ll_adc.h ****   * @brief  Set ADC continuous conversion mode on ADC group regular.
2602:board/stm32f401rct6/Drivers/STM32F4xx_HAL_Driver/Inc/stm32f4xx_ll_adc.h ****   * @note   Description of ADC continuous conversion mode:
2603:board/stm32f401rct6/Drivers/STM32F4xx_HAL_Driver/Inc/stm32f4xx_ll_adc.h ****   *         - single mode: one conversion per trigger
2604:board/stm32f401rct6/Drivers/STM32F4xx_HAL_Driver/Inc/stm32f4xx_ll_adc.h ****   *         - continuous mode: after the first trigger, following
2605:board/stm32f401rct6/Drivers/STM32F4xx_HAL_Driver/Inc/stm32f4xx_ll_adc.h ****   *           conversions launched successively automatically.
2606:board/stm32f401rct6/Drivers/STM32F4xx_HAL_Driver/Inc/stm32f4xx_ll_adc.h ****   * @note   It is not possible to enable both ADC group regular
2607:board/stm32f401rct6/Drivers/STM32F4xx_HAL_Driver/Inc/stm32f4xx_ll_adc.h ****   *         continuous mode and sequencer discontinuous mode.
2608:board/stm32f401rct6/Drivers/STM32F4xx_HAL_Driver/Inc/stm32f4xx_ll_adc.h ****   * @rmtoll CR2      CONT           LL_ADC_REG_SetContinuousMode
2609:board/stm32f401rct6/Drivers/STM32F4xx_HAL_Driver/Inc/stm32f4xx_ll_adc.h ****   * @param  ADCx ADC instance
2610:board/stm32f401rct6/Drivers/STM32F4xx_HAL_Driver/Inc/stm32f4xx_ll_adc.h ****   * @param  Continuous This parameter can be one of the following values:
2611:board/stm32f401rct6/Drivers/STM32F4xx_HAL_Driver/Inc/stm32f4xx_ll_adc.h ****   *         @arg @ref LL_ADC_REG_CONV_SINGLE
2612:board/stm32f401rct6/Drivers/STM32F4xx_HAL_Driver/Inc/stm32f4xx_ll_adc.h ****   *         @arg @ref LL_ADC_REG_CONV_CONTINUOUS
2613:board/stm32f401rct6/Drivers/STM32F4xx_HAL_Driver/Inc/stm32f4xx_ll_adc.h ****   * @retval None
2614:board/stm32f401rct6/Drivers/STM32F4xx_HAL_Driver/Inc/stm32f4xx_ll_adc.h ****   */
2615:board/stm32f401rct6/Drivers/STM32F4xx_HAL_Driver/Inc/stm32f4xx_ll_adc.h **** __STATIC_INLINE void LL_ADC_REG_SetContinuousMode(ADC_TypeDef *ADCx, uint32_t Continuous)
2616:board/stm32f401rct6/Drivers/STM32F4xx_HAL_Driver/Inc/stm32f4xx_ll_adc.h **** {
2617:board/stm32f401rct6/Drivers/STM32F4xx_HAL_Driver/Inc/stm32f4xx_ll_adc.h ****   MODIFY_REG(ADCx->CR2, ADC_CR2_CONT, Continuous);
2618:board/stm32f401rct6/Drivers/STM32F4xx_HAL_Driver/Inc/stm32f4xx_ll_adc.h **** }
2619:board/stm32f401rct6/Drivers/STM32F4xx_HAL_Driver/Inc/stm32f4xx_ll_adc.h **** 
2620:board/stm32f401rct6/Drivers/STM32F4xx_HAL_Driver/Inc/stm32f4xx_ll_adc.h **** /**
2621:board/stm32f401rct6/Drivers/STM32F4xx_HAL_Driver/Inc/stm32f4xx_ll_adc.h ****   * @brief  Get ADC continuous conversion mode on ADC group regular.
2622:board/stm32f401rct6/Drivers/STM32F4xx_HAL_Driver/Inc/stm32f4xx_ll_adc.h ****   * @note   Description of ADC continuous conversion mode:
2623:board/stm32f401rct6/Drivers/STM32F4xx_HAL_Driver/Inc/stm32f4xx_ll_adc.h ****   *         - single mode: one conversion per trigger
2624:board/stm32f401rct6/Drivers/STM32F4xx_HAL_Driver/Inc/stm32f4xx_ll_adc.h ****   *         - continuous mode: after the first trigger, following
2625:board/stm32f401rct6/Drivers/STM32F4xx_HAL_Driver/Inc/stm32f4xx_ll_adc.h ****   *           conversions launched successively automatically.
2626:board/stm32f401rct6/Drivers/STM32F4xx_HAL_Driver/Inc/stm32f4xx_ll_adc.h ****   * @rmtoll CR2      CONT           LL_ADC_REG_GetContinuousMode
2627:board/stm32f401rct6/Drivers/STM32F4xx_HAL_Driver/Inc/stm32f4xx_ll_adc.h ****   * @param  ADCx ADC instance
2628:board/stm32f401rct6/Drivers/STM32F4xx_HAL_Driver/Inc/stm32f4xx_ll_adc.h ****   * @retval Returned value can be one of the following values:
2629:board/stm32f401rct6/Drivers/STM32F4xx_HAL_Driver/Inc/stm32f4xx_ll_adc.h ****   *         @arg @ref LL_ADC_REG_CONV_SINGLE
2630:board/stm32f401rct6/Drivers/STM32F4xx_HAL_Driver/Inc/stm32f4xx_ll_adc.h ****   *         @arg @ref LL_ADC_REG_CONV_CONTINUOUS
2631:board/stm32f401rct6/Drivers/STM32F4xx_HAL_Driver/Inc/stm32f4xx_ll_adc.h ****   */
ARM GAS  C:\Users\Admin\AppData\Local\Temp\ccHarYQc.s 			page 89


2632:board/stm32f401rct6/Drivers/STM32F4xx_HAL_Driver/Inc/stm32f4xx_ll_adc.h **** __STATIC_INLINE uint32_t LL_ADC_REG_GetContinuousMode(const ADC_TypeDef *ADCx)
2633:board/stm32f401rct6/Drivers/STM32F4xx_HAL_Driver/Inc/stm32f4xx_ll_adc.h **** {
2634:board/stm32f401rct6/Drivers/STM32F4xx_HAL_Driver/Inc/stm32f4xx_ll_adc.h ****   return (uint32_t)(READ_BIT(ADCx->CR2, ADC_CR2_CONT));
2635:board/stm32f401rct6/Drivers/STM32F4xx_HAL_Driver/Inc/stm32f4xx_ll_adc.h **** }
2636:board/stm32f401rct6/Drivers/STM32F4xx_HAL_Driver/Inc/stm32f4xx_ll_adc.h **** 
2637:board/stm32f401rct6/Drivers/STM32F4xx_HAL_Driver/Inc/stm32f4xx_ll_adc.h **** /**
2638:board/stm32f401rct6/Drivers/STM32F4xx_HAL_Driver/Inc/stm32f4xx_ll_adc.h ****   * @brief  Set ADC group regular conversion data transfer: no transfer or
2639:board/stm32f401rct6/Drivers/STM32F4xx_HAL_Driver/Inc/stm32f4xx_ll_adc.h ****   *         transfer by DMA, and DMA requests mode.
2640:board/stm32f401rct6/Drivers/STM32F4xx_HAL_Driver/Inc/stm32f4xx_ll_adc.h ****   * @note   If transfer by DMA selected, specifies the DMA requests
2641:board/stm32f401rct6/Drivers/STM32F4xx_HAL_Driver/Inc/stm32f4xx_ll_adc.h ****   *         mode:
2642:board/stm32f401rct6/Drivers/STM32F4xx_HAL_Driver/Inc/stm32f4xx_ll_adc.h ****   *         - Limited mode (One shot mode): DMA transfer requests are stopped
2643:board/stm32f401rct6/Drivers/STM32F4xx_HAL_Driver/Inc/stm32f4xx_ll_adc.h ****   *           when number of DMA data transfers (number of
2644:board/stm32f401rct6/Drivers/STM32F4xx_HAL_Driver/Inc/stm32f4xx_ll_adc.h ****   *           ADC conversions) is reached.
2645:board/stm32f401rct6/Drivers/STM32F4xx_HAL_Driver/Inc/stm32f4xx_ll_adc.h ****   *           This ADC mode is intended to be used with DMA mode non-circular.
2646:board/stm32f401rct6/Drivers/STM32F4xx_HAL_Driver/Inc/stm32f4xx_ll_adc.h ****   *         - Unlimited mode: DMA transfer requests are unlimited,
2647:board/stm32f401rct6/Drivers/STM32F4xx_HAL_Driver/Inc/stm32f4xx_ll_adc.h ****   *           whatever number of DMA data transfers (number of
2648:board/stm32f401rct6/Drivers/STM32F4xx_HAL_Driver/Inc/stm32f4xx_ll_adc.h ****   *           ADC conversions).
2649:board/stm32f401rct6/Drivers/STM32F4xx_HAL_Driver/Inc/stm32f4xx_ll_adc.h ****   *           This ADC mode is intended to be used with DMA mode circular.
2650:board/stm32f401rct6/Drivers/STM32F4xx_HAL_Driver/Inc/stm32f4xx_ll_adc.h ****   * @note   If ADC DMA requests mode is set to unlimited and DMA is set to
2651:board/stm32f401rct6/Drivers/STM32F4xx_HAL_Driver/Inc/stm32f4xx_ll_adc.h ****   *         mode non-circular:
2652:board/stm32f401rct6/Drivers/STM32F4xx_HAL_Driver/Inc/stm32f4xx_ll_adc.h ****   *         when DMA transfers size will be reached, DMA will stop transfers of
2653:board/stm32f401rct6/Drivers/STM32F4xx_HAL_Driver/Inc/stm32f4xx_ll_adc.h ****   *         ADC conversions data ADC will raise an overrun error
2654:board/stm32f401rct6/Drivers/STM32F4xx_HAL_Driver/Inc/stm32f4xx_ll_adc.h ****   *        (overrun flag and interruption if enabled).
2655:board/stm32f401rct6/Drivers/STM32F4xx_HAL_Driver/Inc/stm32f4xx_ll_adc.h ****   * @note   For devices with several ADC instances: ADC multimode DMA
2656:board/stm32f401rct6/Drivers/STM32F4xx_HAL_Driver/Inc/stm32f4xx_ll_adc.h ****   *         settings are available using function @ref LL_ADC_SetMultiDMATransfer().
2657:board/stm32f401rct6/Drivers/STM32F4xx_HAL_Driver/Inc/stm32f4xx_ll_adc.h ****   * @note   To configure DMA source address (peripheral address),
2658:board/stm32f401rct6/Drivers/STM32F4xx_HAL_Driver/Inc/stm32f4xx_ll_adc.h ****   *         use function @ref LL_ADC_DMA_GetRegAddr().
2659:board/stm32f401rct6/Drivers/STM32F4xx_HAL_Driver/Inc/stm32f4xx_ll_adc.h ****   * @rmtoll CR2      DMA            LL_ADC_REG_SetDMATransfer\n
2660:board/stm32f401rct6/Drivers/STM32F4xx_HAL_Driver/Inc/stm32f4xx_ll_adc.h ****   *         CR2      DDS            LL_ADC_REG_SetDMATransfer
2661:board/stm32f401rct6/Drivers/STM32F4xx_HAL_Driver/Inc/stm32f4xx_ll_adc.h ****   * @param  ADCx ADC instance
2662:board/stm32f401rct6/Drivers/STM32F4xx_HAL_Driver/Inc/stm32f4xx_ll_adc.h ****   * @param  DMATransfer This parameter can be one of the following values:
2663:board/stm32f401rct6/Drivers/STM32F4xx_HAL_Driver/Inc/stm32f4xx_ll_adc.h ****   *         @arg @ref LL_ADC_REG_DMA_TRANSFER_NONE
2664:board/stm32f401rct6/Drivers/STM32F4xx_HAL_Driver/Inc/stm32f4xx_ll_adc.h ****   *         @arg @ref LL_ADC_REG_DMA_TRANSFER_LIMITED
2665:board/stm32f401rct6/Drivers/STM32F4xx_HAL_Driver/Inc/stm32f4xx_ll_adc.h ****   *         @arg @ref LL_ADC_REG_DMA_TRANSFER_UNLIMITED
2666:board/stm32f401rct6/Drivers/STM32F4xx_HAL_Driver/Inc/stm32f4xx_ll_adc.h ****   * @retval None
2667:board/stm32f401rct6/Drivers/STM32F4xx_HAL_Driver/Inc/stm32f4xx_ll_adc.h ****   */
2668:board/stm32f401rct6/Drivers/STM32F4xx_HAL_Driver/Inc/stm32f4xx_ll_adc.h **** __STATIC_INLINE void LL_ADC_REG_SetDMATransfer(ADC_TypeDef *ADCx, uint32_t DMATransfer)
2669:board/stm32f401rct6/Drivers/STM32F4xx_HAL_Driver/Inc/stm32f4xx_ll_adc.h **** {
2670:board/stm32f401rct6/Drivers/STM32F4xx_HAL_Driver/Inc/stm32f4xx_ll_adc.h ****   MODIFY_REG(ADCx->CR2, ADC_CR2_DMA | ADC_CR2_DDS, DMATransfer);
2671:board/stm32f401rct6/Drivers/STM32F4xx_HAL_Driver/Inc/stm32f4xx_ll_adc.h **** }
2672:board/stm32f401rct6/Drivers/STM32F4xx_HAL_Driver/Inc/stm32f4xx_ll_adc.h **** 
2673:board/stm32f401rct6/Drivers/STM32F4xx_HAL_Driver/Inc/stm32f4xx_ll_adc.h **** /**
2674:board/stm32f401rct6/Drivers/STM32F4xx_HAL_Driver/Inc/stm32f4xx_ll_adc.h ****   * @brief  Get ADC group regular conversion data transfer: no transfer or
2675:board/stm32f401rct6/Drivers/STM32F4xx_HAL_Driver/Inc/stm32f4xx_ll_adc.h ****   *         transfer by DMA, and DMA requests mode.
2676:board/stm32f401rct6/Drivers/STM32F4xx_HAL_Driver/Inc/stm32f4xx_ll_adc.h ****   * @note   If transfer by DMA selected, specifies the DMA requests
2677:board/stm32f401rct6/Drivers/STM32F4xx_HAL_Driver/Inc/stm32f4xx_ll_adc.h ****   *         mode:
2678:board/stm32f401rct6/Drivers/STM32F4xx_HAL_Driver/Inc/stm32f4xx_ll_adc.h ****   *         - Limited mode (One shot mode): DMA transfer requests are stopped
2679:board/stm32f401rct6/Drivers/STM32F4xx_HAL_Driver/Inc/stm32f4xx_ll_adc.h ****   *           when number of DMA data transfers (number of
2680:board/stm32f401rct6/Drivers/STM32F4xx_HAL_Driver/Inc/stm32f4xx_ll_adc.h ****   *           ADC conversions) is reached.
2681:board/stm32f401rct6/Drivers/STM32F4xx_HAL_Driver/Inc/stm32f4xx_ll_adc.h ****   *           This ADC mode is intended to be used with DMA mode non-circular.
2682:board/stm32f401rct6/Drivers/STM32F4xx_HAL_Driver/Inc/stm32f4xx_ll_adc.h ****   *         - Unlimited mode: DMA transfer requests are unlimited,
2683:board/stm32f401rct6/Drivers/STM32F4xx_HAL_Driver/Inc/stm32f4xx_ll_adc.h ****   *           whatever number of DMA data transfers (number of
2684:board/stm32f401rct6/Drivers/STM32F4xx_HAL_Driver/Inc/stm32f4xx_ll_adc.h ****   *           ADC conversions).
2685:board/stm32f401rct6/Drivers/STM32F4xx_HAL_Driver/Inc/stm32f4xx_ll_adc.h ****   *           This ADC mode is intended to be used with DMA mode circular.
2686:board/stm32f401rct6/Drivers/STM32F4xx_HAL_Driver/Inc/stm32f4xx_ll_adc.h ****   * @note   If ADC DMA requests mode is set to unlimited and DMA is set to
2687:board/stm32f401rct6/Drivers/STM32F4xx_HAL_Driver/Inc/stm32f4xx_ll_adc.h ****   *         mode non-circular:
2688:board/stm32f401rct6/Drivers/STM32F4xx_HAL_Driver/Inc/stm32f4xx_ll_adc.h ****   *         when DMA transfers size will be reached, DMA will stop transfers of
ARM GAS  C:\Users\Admin\AppData\Local\Temp\ccHarYQc.s 			page 90


2689:board/stm32f401rct6/Drivers/STM32F4xx_HAL_Driver/Inc/stm32f4xx_ll_adc.h ****   *         ADC conversions data ADC will raise an overrun error
2690:board/stm32f401rct6/Drivers/STM32F4xx_HAL_Driver/Inc/stm32f4xx_ll_adc.h ****   *         (overrun flag and interruption if enabled).
2691:board/stm32f401rct6/Drivers/STM32F4xx_HAL_Driver/Inc/stm32f4xx_ll_adc.h ****   * @note   For devices with several ADC instances: ADC multimode DMA
2692:board/stm32f401rct6/Drivers/STM32F4xx_HAL_Driver/Inc/stm32f4xx_ll_adc.h ****   *         settings are available using function @ref LL_ADC_GetMultiDMATransfer().
2693:board/stm32f401rct6/Drivers/STM32F4xx_HAL_Driver/Inc/stm32f4xx_ll_adc.h ****   * @note   To configure DMA source address (peripheral address),
2694:board/stm32f401rct6/Drivers/STM32F4xx_HAL_Driver/Inc/stm32f4xx_ll_adc.h ****   *         use function @ref LL_ADC_DMA_GetRegAddr().
2695:board/stm32f401rct6/Drivers/STM32F4xx_HAL_Driver/Inc/stm32f4xx_ll_adc.h ****   * @rmtoll CR2      DMA            LL_ADC_REG_GetDMATransfer\n
2696:board/stm32f401rct6/Drivers/STM32F4xx_HAL_Driver/Inc/stm32f4xx_ll_adc.h ****   *         CR2      DDS            LL_ADC_REG_GetDMATransfer
2697:board/stm32f401rct6/Drivers/STM32F4xx_HAL_Driver/Inc/stm32f4xx_ll_adc.h ****   * @param  ADCx ADC instance
2698:board/stm32f401rct6/Drivers/STM32F4xx_HAL_Driver/Inc/stm32f4xx_ll_adc.h ****   * @retval Returned value can be one of the following values:
2699:board/stm32f401rct6/Drivers/STM32F4xx_HAL_Driver/Inc/stm32f4xx_ll_adc.h ****   *         @arg @ref LL_ADC_REG_DMA_TRANSFER_NONE
2700:board/stm32f401rct6/Drivers/STM32F4xx_HAL_Driver/Inc/stm32f4xx_ll_adc.h ****   *         @arg @ref LL_ADC_REG_DMA_TRANSFER_LIMITED
2701:board/stm32f401rct6/Drivers/STM32F4xx_HAL_Driver/Inc/stm32f4xx_ll_adc.h ****   *         @arg @ref LL_ADC_REG_DMA_TRANSFER_UNLIMITED
2702:board/stm32f401rct6/Drivers/STM32F4xx_HAL_Driver/Inc/stm32f4xx_ll_adc.h ****   */
2703:board/stm32f401rct6/Drivers/STM32F4xx_HAL_Driver/Inc/stm32f4xx_ll_adc.h **** __STATIC_INLINE uint32_t LL_ADC_REG_GetDMATransfer(const ADC_TypeDef *ADCx)
2704:board/stm32f401rct6/Drivers/STM32F4xx_HAL_Driver/Inc/stm32f4xx_ll_adc.h **** {
2705:board/stm32f401rct6/Drivers/STM32F4xx_HAL_Driver/Inc/stm32f4xx_ll_adc.h ****   return (uint32_t)(READ_BIT(ADCx->CR2, ADC_CR2_DMA | ADC_CR2_DDS));
2706:board/stm32f401rct6/Drivers/STM32F4xx_HAL_Driver/Inc/stm32f4xx_ll_adc.h **** }
2707:board/stm32f401rct6/Drivers/STM32F4xx_HAL_Driver/Inc/stm32f4xx_ll_adc.h **** 
2708:board/stm32f401rct6/Drivers/STM32F4xx_HAL_Driver/Inc/stm32f4xx_ll_adc.h **** /**
2709:board/stm32f401rct6/Drivers/STM32F4xx_HAL_Driver/Inc/stm32f4xx_ll_adc.h ****   * @brief  Specify which ADC flag between EOC (end of unitary conversion)
2710:board/stm32f401rct6/Drivers/STM32F4xx_HAL_Driver/Inc/stm32f4xx_ll_adc.h ****   *         or EOS (end of sequence conversions) is used to indicate
2711:board/stm32f401rct6/Drivers/STM32F4xx_HAL_Driver/Inc/stm32f4xx_ll_adc.h ****   *         the end of conversion.
2712:board/stm32f401rct6/Drivers/STM32F4xx_HAL_Driver/Inc/stm32f4xx_ll_adc.h ****   * @note   This feature is aimed to be set when using ADC with
2713:board/stm32f401rct6/Drivers/STM32F4xx_HAL_Driver/Inc/stm32f4xx_ll_adc.h ****   *         programming model by polling or interruption
2714:board/stm32f401rct6/Drivers/STM32F4xx_HAL_Driver/Inc/stm32f4xx_ll_adc.h ****   *         (programming model by DMA usually uses DMA interruptions
2715:board/stm32f401rct6/Drivers/STM32F4xx_HAL_Driver/Inc/stm32f4xx_ll_adc.h ****   *         to indicate end of conversion and data transfer).
2716:board/stm32f401rct6/Drivers/STM32F4xx_HAL_Driver/Inc/stm32f4xx_ll_adc.h ****   * @note   For ADC group injected, end of conversion (flag&IT) is raised
2717:board/stm32f401rct6/Drivers/STM32F4xx_HAL_Driver/Inc/stm32f4xx_ll_adc.h ****   *         only at the end of the sequence.
2718:board/stm32f401rct6/Drivers/STM32F4xx_HAL_Driver/Inc/stm32f4xx_ll_adc.h ****   * @rmtoll CR2      EOCS           LL_ADC_REG_SetFlagEndOfConversion
2719:board/stm32f401rct6/Drivers/STM32F4xx_HAL_Driver/Inc/stm32f4xx_ll_adc.h ****   * @param  ADCx ADC instance
2720:board/stm32f401rct6/Drivers/STM32F4xx_HAL_Driver/Inc/stm32f4xx_ll_adc.h ****   * @param  EocSelection This parameter can be one of the following values:
2721:board/stm32f401rct6/Drivers/STM32F4xx_HAL_Driver/Inc/stm32f4xx_ll_adc.h ****   *         @arg @ref LL_ADC_REG_FLAG_EOC_SEQUENCE_CONV
2722:board/stm32f401rct6/Drivers/STM32F4xx_HAL_Driver/Inc/stm32f4xx_ll_adc.h ****   *         @arg @ref LL_ADC_REG_FLAG_EOC_UNITARY_CONV
2723:board/stm32f401rct6/Drivers/STM32F4xx_HAL_Driver/Inc/stm32f4xx_ll_adc.h ****   * @retval None
2724:board/stm32f401rct6/Drivers/STM32F4xx_HAL_Driver/Inc/stm32f4xx_ll_adc.h ****   */
2725:board/stm32f401rct6/Drivers/STM32F4xx_HAL_Driver/Inc/stm32f4xx_ll_adc.h **** __STATIC_INLINE void LL_ADC_REG_SetFlagEndOfConversion(ADC_TypeDef *ADCx, uint32_t EocSelection)
2726:board/stm32f401rct6/Drivers/STM32F4xx_HAL_Driver/Inc/stm32f4xx_ll_adc.h **** {
2727:board/stm32f401rct6/Drivers/STM32F4xx_HAL_Driver/Inc/stm32f4xx_ll_adc.h ****   MODIFY_REG(ADCx->CR2, ADC_CR2_EOCS, EocSelection);
2728:board/stm32f401rct6/Drivers/STM32F4xx_HAL_Driver/Inc/stm32f4xx_ll_adc.h **** }
2729:board/stm32f401rct6/Drivers/STM32F4xx_HAL_Driver/Inc/stm32f4xx_ll_adc.h **** 
2730:board/stm32f401rct6/Drivers/STM32F4xx_HAL_Driver/Inc/stm32f4xx_ll_adc.h **** /**
2731:board/stm32f401rct6/Drivers/STM32F4xx_HAL_Driver/Inc/stm32f4xx_ll_adc.h ****   * @brief  Get which ADC flag between EOC (end of unitary conversion)
2732:board/stm32f401rct6/Drivers/STM32F4xx_HAL_Driver/Inc/stm32f4xx_ll_adc.h ****   *         or EOS (end of sequence conversions) is used to indicate
2733:board/stm32f401rct6/Drivers/STM32F4xx_HAL_Driver/Inc/stm32f4xx_ll_adc.h ****   *         the end of conversion.
2734:board/stm32f401rct6/Drivers/STM32F4xx_HAL_Driver/Inc/stm32f4xx_ll_adc.h ****   * @rmtoll CR2      EOCS           LL_ADC_REG_GetFlagEndOfConversion
2735:board/stm32f401rct6/Drivers/STM32F4xx_HAL_Driver/Inc/stm32f4xx_ll_adc.h ****   * @param  ADCx ADC instance
2736:board/stm32f401rct6/Drivers/STM32F4xx_HAL_Driver/Inc/stm32f4xx_ll_adc.h ****   * @retval Returned value can be one of the following values:
2737:board/stm32f401rct6/Drivers/STM32F4xx_HAL_Driver/Inc/stm32f4xx_ll_adc.h ****   *         @arg @ref LL_ADC_REG_FLAG_EOC_SEQUENCE_CONV
2738:board/stm32f401rct6/Drivers/STM32F4xx_HAL_Driver/Inc/stm32f4xx_ll_adc.h ****   *         @arg @ref LL_ADC_REG_FLAG_EOC_UNITARY_CONV
2739:board/stm32f401rct6/Drivers/STM32F4xx_HAL_Driver/Inc/stm32f4xx_ll_adc.h ****   */
2740:board/stm32f401rct6/Drivers/STM32F4xx_HAL_Driver/Inc/stm32f4xx_ll_adc.h **** __STATIC_INLINE uint32_t LL_ADC_REG_GetFlagEndOfConversion(const ADC_TypeDef *ADCx)
2741:board/stm32f401rct6/Drivers/STM32F4xx_HAL_Driver/Inc/stm32f4xx_ll_adc.h **** {
2742:board/stm32f401rct6/Drivers/STM32F4xx_HAL_Driver/Inc/stm32f4xx_ll_adc.h ****   return (uint32_t)(READ_BIT(ADCx->CR2, ADC_CR2_EOCS));
2743:board/stm32f401rct6/Drivers/STM32F4xx_HAL_Driver/Inc/stm32f4xx_ll_adc.h **** }
2744:board/stm32f401rct6/Drivers/STM32F4xx_HAL_Driver/Inc/stm32f4xx_ll_adc.h **** 
2745:board/stm32f401rct6/Drivers/STM32F4xx_HAL_Driver/Inc/stm32f4xx_ll_adc.h **** /**
ARM GAS  C:\Users\Admin\AppData\Local\Temp\ccHarYQc.s 			page 91


2746:board/stm32f401rct6/Drivers/STM32F4xx_HAL_Driver/Inc/stm32f4xx_ll_adc.h ****   * @}
2747:board/stm32f401rct6/Drivers/STM32F4xx_HAL_Driver/Inc/stm32f4xx_ll_adc.h ****   */
2748:board/stm32f401rct6/Drivers/STM32F4xx_HAL_Driver/Inc/stm32f4xx_ll_adc.h **** 
2749:board/stm32f401rct6/Drivers/STM32F4xx_HAL_Driver/Inc/stm32f4xx_ll_adc.h **** /** @defgroup ADC_LL_EF_Configuration_ADC_Group_Injected Configuration of ADC hierarchical scope: g
2750:board/stm32f401rct6/Drivers/STM32F4xx_HAL_Driver/Inc/stm32f4xx_ll_adc.h ****   * @{
2751:board/stm32f401rct6/Drivers/STM32F4xx_HAL_Driver/Inc/stm32f4xx_ll_adc.h ****   */
2752:board/stm32f401rct6/Drivers/STM32F4xx_HAL_Driver/Inc/stm32f4xx_ll_adc.h **** 
2753:board/stm32f401rct6/Drivers/STM32F4xx_HAL_Driver/Inc/stm32f4xx_ll_adc.h **** /**
2754:board/stm32f401rct6/Drivers/STM32F4xx_HAL_Driver/Inc/stm32f4xx_ll_adc.h ****   * @brief  Set ADC group injected conversion trigger source:
2755:board/stm32f401rct6/Drivers/STM32F4xx_HAL_Driver/Inc/stm32f4xx_ll_adc.h ****   *         internal (SW start) or from external IP (timer event,
2756:board/stm32f401rct6/Drivers/STM32F4xx_HAL_Driver/Inc/stm32f4xx_ll_adc.h ****   *         external interrupt line).
2757:board/stm32f401rct6/Drivers/STM32F4xx_HAL_Driver/Inc/stm32f4xx_ll_adc.h ****   * @note   On this STM32 series, setting of external trigger edge is performed
2758:board/stm32f401rct6/Drivers/STM32F4xx_HAL_Driver/Inc/stm32f4xx_ll_adc.h ****   *         using function @ref LL_ADC_INJ_StartConversionExtTrig().
2759:board/stm32f401rct6/Drivers/STM32F4xx_HAL_Driver/Inc/stm32f4xx_ll_adc.h ****   * @note   Availability of parameters of trigger sources from timer
2760:board/stm32f401rct6/Drivers/STM32F4xx_HAL_Driver/Inc/stm32f4xx_ll_adc.h ****   *         depends on timers availability on the selected device.
2761:board/stm32f401rct6/Drivers/STM32F4xx_HAL_Driver/Inc/stm32f4xx_ll_adc.h ****   * @rmtoll CR2      JEXTSEL        LL_ADC_INJ_SetTriggerSource\n
2762:board/stm32f401rct6/Drivers/STM32F4xx_HAL_Driver/Inc/stm32f4xx_ll_adc.h ****   *         CR2      JEXTEN         LL_ADC_INJ_SetTriggerSource
2763:board/stm32f401rct6/Drivers/STM32F4xx_HAL_Driver/Inc/stm32f4xx_ll_adc.h ****   * @param  ADCx ADC instance
2764:board/stm32f401rct6/Drivers/STM32F4xx_HAL_Driver/Inc/stm32f4xx_ll_adc.h ****   * @param  TriggerSource This parameter can be one of the following values:
2765:board/stm32f401rct6/Drivers/STM32F4xx_HAL_Driver/Inc/stm32f4xx_ll_adc.h ****   *         @arg @ref LL_ADC_INJ_TRIG_SOFTWARE
2766:board/stm32f401rct6/Drivers/STM32F4xx_HAL_Driver/Inc/stm32f4xx_ll_adc.h ****   *         @arg @ref LL_ADC_INJ_TRIG_EXT_TIM1_CH4
2767:board/stm32f401rct6/Drivers/STM32F4xx_HAL_Driver/Inc/stm32f4xx_ll_adc.h ****   *         @arg @ref LL_ADC_INJ_TRIG_EXT_TIM1_TRGO
2768:board/stm32f401rct6/Drivers/STM32F4xx_HAL_Driver/Inc/stm32f4xx_ll_adc.h ****   *         @arg @ref LL_ADC_INJ_TRIG_EXT_TIM2_CH1
2769:board/stm32f401rct6/Drivers/STM32F4xx_HAL_Driver/Inc/stm32f4xx_ll_adc.h ****   *         @arg @ref LL_ADC_INJ_TRIG_EXT_TIM2_TRGO
2770:board/stm32f401rct6/Drivers/STM32F4xx_HAL_Driver/Inc/stm32f4xx_ll_adc.h ****   *         @arg @ref LL_ADC_INJ_TRIG_EXT_TIM3_CH2
2771:board/stm32f401rct6/Drivers/STM32F4xx_HAL_Driver/Inc/stm32f4xx_ll_adc.h ****   *         @arg @ref LL_ADC_INJ_TRIG_EXT_TIM3_CH4
2772:board/stm32f401rct6/Drivers/STM32F4xx_HAL_Driver/Inc/stm32f4xx_ll_adc.h ****   *         @arg @ref LL_ADC_INJ_TRIG_EXT_TIM4_CH1
2773:board/stm32f401rct6/Drivers/STM32F4xx_HAL_Driver/Inc/stm32f4xx_ll_adc.h ****   *         @arg @ref LL_ADC_INJ_TRIG_EXT_TIM4_CH2
2774:board/stm32f401rct6/Drivers/STM32F4xx_HAL_Driver/Inc/stm32f4xx_ll_adc.h ****   *         @arg @ref LL_ADC_INJ_TRIG_EXT_TIM4_CH3
2775:board/stm32f401rct6/Drivers/STM32F4xx_HAL_Driver/Inc/stm32f4xx_ll_adc.h ****   *         @arg @ref LL_ADC_INJ_TRIG_EXT_TIM4_TRGO
2776:board/stm32f401rct6/Drivers/STM32F4xx_HAL_Driver/Inc/stm32f4xx_ll_adc.h ****   *         @arg @ref LL_ADC_INJ_TRIG_EXT_TIM5_CH4
2777:board/stm32f401rct6/Drivers/STM32F4xx_HAL_Driver/Inc/stm32f4xx_ll_adc.h ****   *         @arg @ref LL_ADC_INJ_TRIG_EXT_TIM5_TRGO
2778:board/stm32f401rct6/Drivers/STM32F4xx_HAL_Driver/Inc/stm32f4xx_ll_adc.h ****   *         @arg @ref LL_ADC_INJ_TRIG_EXT_TIM8_CH2
2779:board/stm32f401rct6/Drivers/STM32F4xx_HAL_Driver/Inc/stm32f4xx_ll_adc.h ****   *         @arg @ref LL_ADC_INJ_TRIG_EXT_TIM8_CH3
2780:board/stm32f401rct6/Drivers/STM32F4xx_HAL_Driver/Inc/stm32f4xx_ll_adc.h ****   *         @arg @ref LL_ADC_INJ_TRIG_EXT_TIM8_CH4
2781:board/stm32f401rct6/Drivers/STM32F4xx_HAL_Driver/Inc/stm32f4xx_ll_adc.h ****   *         @arg @ref LL_ADC_INJ_TRIG_EXT_EXTI_LINE15
2782:board/stm32f401rct6/Drivers/STM32F4xx_HAL_Driver/Inc/stm32f4xx_ll_adc.h ****   * @retval None
2783:board/stm32f401rct6/Drivers/STM32F4xx_HAL_Driver/Inc/stm32f4xx_ll_adc.h ****   */
2784:board/stm32f401rct6/Drivers/STM32F4xx_HAL_Driver/Inc/stm32f4xx_ll_adc.h **** __STATIC_INLINE void LL_ADC_INJ_SetTriggerSource(ADC_TypeDef *ADCx, uint32_t TriggerSource)
2785:board/stm32f401rct6/Drivers/STM32F4xx_HAL_Driver/Inc/stm32f4xx_ll_adc.h **** {
2786:board/stm32f401rct6/Drivers/STM32F4xx_HAL_Driver/Inc/stm32f4xx_ll_adc.h ****   /* Note: On this STM32 series, ADC group injected external trigger edge       */
2787:board/stm32f401rct6/Drivers/STM32F4xx_HAL_Driver/Inc/stm32f4xx_ll_adc.h ****   /*       is used to perform a ADC conversion start.                           */
2788:board/stm32f401rct6/Drivers/STM32F4xx_HAL_Driver/Inc/stm32f4xx_ll_adc.h ****   /*       This function does not set external trigger edge.                    */
2789:board/stm32f401rct6/Drivers/STM32F4xx_HAL_Driver/Inc/stm32f4xx_ll_adc.h ****   /*       This feature is set using function                                   */
2790:board/stm32f401rct6/Drivers/STM32F4xx_HAL_Driver/Inc/stm32f4xx_ll_adc.h ****   /*       @ref LL_ADC_INJ_StartConversionExtTrig().                            */
2791:board/stm32f401rct6/Drivers/STM32F4xx_HAL_Driver/Inc/stm32f4xx_ll_adc.h ****   MODIFY_REG(ADCx->CR2, ADC_CR2_JEXTSEL, (TriggerSource & ADC_CR2_JEXTSEL));
2792:board/stm32f401rct6/Drivers/STM32F4xx_HAL_Driver/Inc/stm32f4xx_ll_adc.h **** }
2793:board/stm32f401rct6/Drivers/STM32F4xx_HAL_Driver/Inc/stm32f4xx_ll_adc.h **** 
2794:board/stm32f401rct6/Drivers/STM32F4xx_HAL_Driver/Inc/stm32f4xx_ll_adc.h **** /**
2795:board/stm32f401rct6/Drivers/STM32F4xx_HAL_Driver/Inc/stm32f4xx_ll_adc.h ****   * @brief  Get ADC group injected conversion trigger source:
2796:board/stm32f401rct6/Drivers/STM32F4xx_HAL_Driver/Inc/stm32f4xx_ll_adc.h ****   *         internal (SW start) or from external IP (timer event,
2797:board/stm32f401rct6/Drivers/STM32F4xx_HAL_Driver/Inc/stm32f4xx_ll_adc.h ****   *         external interrupt line).
2798:board/stm32f401rct6/Drivers/STM32F4xx_HAL_Driver/Inc/stm32f4xx_ll_adc.h ****   * @note   To determine whether group injected trigger source is
2799:board/stm32f401rct6/Drivers/STM32F4xx_HAL_Driver/Inc/stm32f4xx_ll_adc.h ****   *         internal (SW start) or external, without detail
2800:board/stm32f401rct6/Drivers/STM32F4xx_HAL_Driver/Inc/stm32f4xx_ll_adc.h ****   *         of which peripheral is selected as external trigger,
2801:board/stm32f401rct6/Drivers/STM32F4xx_HAL_Driver/Inc/stm32f4xx_ll_adc.h ****   *         (equivalent to
2802:board/stm32f401rct6/Drivers/STM32F4xx_HAL_Driver/Inc/stm32f4xx_ll_adc.h ****   *         "if(LL_ADC_INJ_GetTriggerSource(ADC1) == LL_ADC_INJ_TRIG_SOFTWARE)")
ARM GAS  C:\Users\Admin\AppData\Local\Temp\ccHarYQc.s 			page 92


2803:board/stm32f401rct6/Drivers/STM32F4xx_HAL_Driver/Inc/stm32f4xx_ll_adc.h ****   *         use function @ref LL_ADC_INJ_IsTriggerSourceSWStart.
2804:board/stm32f401rct6/Drivers/STM32F4xx_HAL_Driver/Inc/stm32f4xx_ll_adc.h ****   * @note   Availability of parameters of trigger sources from timer
2805:board/stm32f401rct6/Drivers/STM32F4xx_HAL_Driver/Inc/stm32f4xx_ll_adc.h ****   *         depends on timers availability on the selected device.
2806:board/stm32f401rct6/Drivers/STM32F4xx_HAL_Driver/Inc/stm32f4xx_ll_adc.h ****   * @rmtoll CR2      JEXTSEL        LL_ADC_INJ_GetTriggerSource\n
2807:board/stm32f401rct6/Drivers/STM32F4xx_HAL_Driver/Inc/stm32f4xx_ll_adc.h ****   *         CR2      JEXTEN         LL_ADC_INJ_GetTriggerSource
2808:board/stm32f401rct6/Drivers/STM32F4xx_HAL_Driver/Inc/stm32f4xx_ll_adc.h ****   * @param  ADCx ADC instance
2809:board/stm32f401rct6/Drivers/STM32F4xx_HAL_Driver/Inc/stm32f4xx_ll_adc.h ****   * @retval Returned value can be one of the following values:
2810:board/stm32f401rct6/Drivers/STM32F4xx_HAL_Driver/Inc/stm32f4xx_ll_adc.h ****   *         @arg @ref LL_ADC_INJ_TRIG_SOFTWARE
2811:board/stm32f401rct6/Drivers/STM32F4xx_HAL_Driver/Inc/stm32f4xx_ll_adc.h ****   *         @arg @ref LL_ADC_INJ_TRIG_EXT_TIM1_CH4
2812:board/stm32f401rct6/Drivers/STM32F4xx_HAL_Driver/Inc/stm32f4xx_ll_adc.h ****   *         @arg @ref LL_ADC_INJ_TRIG_EXT_TIM1_TRGO
2813:board/stm32f401rct6/Drivers/STM32F4xx_HAL_Driver/Inc/stm32f4xx_ll_adc.h ****   *         @arg @ref LL_ADC_INJ_TRIG_EXT_TIM2_CH1
2814:board/stm32f401rct6/Drivers/STM32F4xx_HAL_Driver/Inc/stm32f4xx_ll_adc.h ****   *         @arg @ref LL_ADC_INJ_TRIG_EXT_TIM2_TRGO
2815:board/stm32f401rct6/Drivers/STM32F4xx_HAL_Driver/Inc/stm32f4xx_ll_adc.h ****   *         @arg @ref LL_ADC_INJ_TRIG_EXT_TIM3_CH2
2816:board/stm32f401rct6/Drivers/STM32F4xx_HAL_Driver/Inc/stm32f4xx_ll_adc.h ****   *         @arg @ref LL_ADC_INJ_TRIG_EXT_TIM3_CH4
2817:board/stm32f401rct6/Drivers/STM32F4xx_HAL_Driver/Inc/stm32f4xx_ll_adc.h ****   *         @arg @ref LL_ADC_INJ_TRIG_EXT_TIM4_CH1
2818:board/stm32f401rct6/Drivers/STM32F4xx_HAL_Driver/Inc/stm32f4xx_ll_adc.h ****   *         @arg @ref LL_ADC_INJ_TRIG_EXT_TIM4_CH2
2819:board/stm32f401rct6/Drivers/STM32F4xx_HAL_Driver/Inc/stm32f4xx_ll_adc.h ****   *         @arg @ref LL_ADC_INJ_TRIG_EXT_TIM4_CH3
2820:board/stm32f401rct6/Drivers/STM32F4xx_HAL_Driver/Inc/stm32f4xx_ll_adc.h ****   *         @arg @ref LL_ADC_INJ_TRIG_EXT_TIM4_TRGO
2821:board/stm32f401rct6/Drivers/STM32F4xx_HAL_Driver/Inc/stm32f4xx_ll_adc.h ****   *         @arg @ref LL_ADC_INJ_TRIG_EXT_TIM5_CH4
2822:board/stm32f401rct6/Drivers/STM32F4xx_HAL_Driver/Inc/stm32f4xx_ll_adc.h ****   *         @arg @ref LL_ADC_INJ_TRIG_EXT_TIM5_TRGO
2823:board/stm32f401rct6/Drivers/STM32F4xx_HAL_Driver/Inc/stm32f4xx_ll_adc.h ****   *         @arg @ref LL_ADC_INJ_TRIG_EXT_TIM8_CH2
2824:board/stm32f401rct6/Drivers/STM32F4xx_HAL_Driver/Inc/stm32f4xx_ll_adc.h ****   *         @arg @ref LL_ADC_INJ_TRIG_EXT_TIM8_CH3
2825:board/stm32f401rct6/Drivers/STM32F4xx_HAL_Driver/Inc/stm32f4xx_ll_adc.h ****   *         @arg @ref LL_ADC_INJ_TRIG_EXT_TIM8_CH4
2826:board/stm32f401rct6/Drivers/STM32F4xx_HAL_Driver/Inc/stm32f4xx_ll_adc.h ****   *         @arg @ref LL_ADC_INJ_TRIG_EXT_EXTI_LINE15
2827:board/stm32f401rct6/Drivers/STM32F4xx_HAL_Driver/Inc/stm32f4xx_ll_adc.h ****   */
2828:board/stm32f401rct6/Drivers/STM32F4xx_HAL_Driver/Inc/stm32f4xx_ll_adc.h **** __STATIC_INLINE uint32_t LL_ADC_INJ_GetTriggerSource(const ADC_TypeDef *ADCx)
2829:board/stm32f401rct6/Drivers/STM32F4xx_HAL_Driver/Inc/stm32f4xx_ll_adc.h **** {
2830:board/stm32f401rct6/Drivers/STM32F4xx_HAL_Driver/Inc/stm32f4xx_ll_adc.h ****   uint32_t TriggerSource = READ_BIT(ADCx->CR2, ADC_CR2_JEXTSEL | ADC_CR2_JEXTEN);
2831:board/stm32f401rct6/Drivers/STM32F4xx_HAL_Driver/Inc/stm32f4xx_ll_adc.h **** 
2832:board/stm32f401rct6/Drivers/STM32F4xx_HAL_Driver/Inc/stm32f4xx_ll_adc.h ****   /* Value for shift of {0; 4; 8; 12} depending on value of bitfield          */
2833:board/stm32f401rct6/Drivers/STM32F4xx_HAL_Driver/Inc/stm32f4xx_ll_adc.h ****   /* corresponding to ADC_CR2_JEXTEN {0; 1; 2; 3}.                            */
2834:board/stm32f401rct6/Drivers/STM32F4xx_HAL_Driver/Inc/stm32f4xx_ll_adc.h ****   uint32_t ShiftExten = ((TriggerSource & ADC_CR2_JEXTEN) >> (ADC_INJ_TRIG_EXTEN_BITOFFSET_POS - 2U
2835:board/stm32f401rct6/Drivers/STM32F4xx_HAL_Driver/Inc/stm32f4xx_ll_adc.h **** 
2836:board/stm32f401rct6/Drivers/STM32F4xx_HAL_Driver/Inc/stm32f4xx_ll_adc.h ****   /* Set bitfield corresponding to ADC_CR2_JEXTEN and ADC_CR2_JEXTSEL         */
2837:board/stm32f401rct6/Drivers/STM32F4xx_HAL_Driver/Inc/stm32f4xx_ll_adc.h ****   /* to match with triggers literals definition.                              */
2838:board/stm32f401rct6/Drivers/STM32F4xx_HAL_Driver/Inc/stm32f4xx_ll_adc.h ****   return ((TriggerSource
2839:board/stm32f401rct6/Drivers/STM32F4xx_HAL_Driver/Inc/stm32f4xx_ll_adc.h ****            & (ADC_INJ_TRIG_SOURCE_MASK << ShiftExten) & ADC_CR2_JEXTSEL)
2840:board/stm32f401rct6/Drivers/STM32F4xx_HAL_Driver/Inc/stm32f4xx_ll_adc.h ****           | ((ADC_INJ_TRIG_EDGE_MASK << ShiftExten) & ADC_CR2_JEXTEN)
2841:board/stm32f401rct6/Drivers/STM32F4xx_HAL_Driver/Inc/stm32f4xx_ll_adc.h ****          );
2842:board/stm32f401rct6/Drivers/STM32F4xx_HAL_Driver/Inc/stm32f4xx_ll_adc.h **** }
2843:board/stm32f401rct6/Drivers/STM32F4xx_HAL_Driver/Inc/stm32f4xx_ll_adc.h **** 
2844:board/stm32f401rct6/Drivers/STM32F4xx_HAL_Driver/Inc/stm32f4xx_ll_adc.h **** /**
2845:board/stm32f401rct6/Drivers/STM32F4xx_HAL_Driver/Inc/stm32f4xx_ll_adc.h ****   * @brief  Get ADC group injected conversion trigger source internal (SW start)
2846:board/stm32f401rct6/Drivers/STM32F4xx_HAL_Driver/Inc/stm32f4xx_ll_adc.h ****             or external
2847:board/stm32f401rct6/Drivers/STM32F4xx_HAL_Driver/Inc/stm32f4xx_ll_adc.h ****   * @note   In case of group injected trigger source set to external trigger,
2848:board/stm32f401rct6/Drivers/STM32F4xx_HAL_Driver/Inc/stm32f4xx_ll_adc.h ****   *         to determine which peripheral is selected as external trigger,
2849:board/stm32f401rct6/Drivers/STM32F4xx_HAL_Driver/Inc/stm32f4xx_ll_adc.h ****   *         use function @ref LL_ADC_INJ_GetTriggerSource.
2850:board/stm32f401rct6/Drivers/STM32F4xx_HAL_Driver/Inc/stm32f4xx_ll_adc.h ****   * @rmtoll CR2      JEXTEN         LL_ADC_INJ_IsTriggerSourceSWStart
2851:board/stm32f401rct6/Drivers/STM32F4xx_HAL_Driver/Inc/stm32f4xx_ll_adc.h ****   * @param  ADCx ADC instance
2852:board/stm32f401rct6/Drivers/STM32F4xx_HAL_Driver/Inc/stm32f4xx_ll_adc.h ****   * @retval Value "0" if trigger source external trigger
2853:board/stm32f401rct6/Drivers/STM32F4xx_HAL_Driver/Inc/stm32f4xx_ll_adc.h ****   *         Value "1" if trigger source SW start.
2854:board/stm32f401rct6/Drivers/STM32F4xx_HAL_Driver/Inc/stm32f4xx_ll_adc.h ****   */
2855:board/stm32f401rct6/Drivers/STM32F4xx_HAL_Driver/Inc/stm32f4xx_ll_adc.h **** __STATIC_INLINE uint32_t LL_ADC_INJ_IsTriggerSourceSWStart(const ADC_TypeDef *ADCx)
2856:board/stm32f401rct6/Drivers/STM32F4xx_HAL_Driver/Inc/stm32f4xx_ll_adc.h **** {
2857:board/stm32f401rct6/Drivers/STM32F4xx_HAL_Driver/Inc/stm32f4xx_ll_adc.h ****   return (READ_BIT(ADCx->CR2, ADC_CR2_JEXTEN) == (LL_ADC_INJ_TRIG_SOFTWARE & ADC_CR2_JEXTEN));
2858:board/stm32f401rct6/Drivers/STM32F4xx_HAL_Driver/Inc/stm32f4xx_ll_adc.h **** }
2859:board/stm32f401rct6/Drivers/STM32F4xx_HAL_Driver/Inc/stm32f4xx_ll_adc.h **** 
ARM GAS  C:\Users\Admin\AppData\Local\Temp\ccHarYQc.s 			page 93


2860:board/stm32f401rct6/Drivers/STM32F4xx_HAL_Driver/Inc/stm32f4xx_ll_adc.h **** /**
2861:board/stm32f401rct6/Drivers/STM32F4xx_HAL_Driver/Inc/stm32f4xx_ll_adc.h ****   * @brief  Get ADC group injected conversion trigger polarity.
2862:board/stm32f401rct6/Drivers/STM32F4xx_HAL_Driver/Inc/stm32f4xx_ll_adc.h ****   *         Applicable only for trigger source set to external trigger.
2863:board/stm32f401rct6/Drivers/STM32F4xx_HAL_Driver/Inc/stm32f4xx_ll_adc.h ****   * @rmtoll CR2      JEXTEN         LL_ADC_INJ_GetTriggerEdge
2864:board/stm32f401rct6/Drivers/STM32F4xx_HAL_Driver/Inc/stm32f4xx_ll_adc.h ****   * @param  ADCx ADC instance
2865:board/stm32f401rct6/Drivers/STM32F4xx_HAL_Driver/Inc/stm32f4xx_ll_adc.h ****   * @retval Returned value can be one of the following values:
2866:board/stm32f401rct6/Drivers/STM32F4xx_HAL_Driver/Inc/stm32f4xx_ll_adc.h ****   *         @arg @ref LL_ADC_INJ_TRIG_EXT_RISING
2867:board/stm32f401rct6/Drivers/STM32F4xx_HAL_Driver/Inc/stm32f4xx_ll_adc.h ****   *         @arg @ref LL_ADC_INJ_TRIG_EXT_FALLING
2868:board/stm32f401rct6/Drivers/STM32F4xx_HAL_Driver/Inc/stm32f4xx_ll_adc.h ****   *         @arg @ref LL_ADC_INJ_TRIG_EXT_RISINGFALLING
2869:board/stm32f401rct6/Drivers/STM32F4xx_HAL_Driver/Inc/stm32f4xx_ll_adc.h ****   */
2870:board/stm32f401rct6/Drivers/STM32F4xx_HAL_Driver/Inc/stm32f4xx_ll_adc.h **** __STATIC_INLINE uint32_t LL_ADC_INJ_GetTriggerEdge(const ADC_TypeDef *ADCx)
2871:board/stm32f401rct6/Drivers/STM32F4xx_HAL_Driver/Inc/stm32f4xx_ll_adc.h **** {
2872:board/stm32f401rct6/Drivers/STM32F4xx_HAL_Driver/Inc/stm32f4xx_ll_adc.h ****   return (uint32_t)(READ_BIT(ADCx->CR2, ADC_CR2_JEXTEN));
2873:board/stm32f401rct6/Drivers/STM32F4xx_HAL_Driver/Inc/stm32f4xx_ll_adc.h **** }
2874:board/stm32f401rct6/Drivers/STM32F4xx_HAL_Driver/Inc/stm32f4xx_ll_adc.h **** 
2875:board/stm32f401rct6/Drivers/STM32F4xx_HAL_Driver/Inc/stm32f4xx_ll_adc.h **** /**
2876:board/stm32f401rct6/Drivers/STM32F4xx_HAL_Driver/Inc/stm32f4xx_ll_adc.h ****   * @brief  Set ADC group injected sequencer length and scan direction.
2877:board/stm32f401rct6/Drivers/STM32F4xx_HAL_Driver/Inc/stm32f4xx_ll_adc.h ****   * @note   This function performs configuration of:
2878:board/stm32f401rct6/Drivers/STM32F4xx_HAL_Driver/Inc/stm32f4xx_ll_adc.h ****   *         - Sequence length: Number of ranks in the scan sequence.
2879:board/stm32f401rct6/Drivers/STM32F4xx_HAL_Driver/Inc/stm32f4xx_ll_adc.h ****   *         - Sequence direction: Unless specified in parameters, sequencer
2880:board/stm32f401rct6/Drivers/STM32F4xx_HAL_Driver/Inc/stm32f4xx_ll_adc.h ****   *           scan direction is forward (from rank 1 to rank n).
2881:board/stm32f401rct6/Drivers/STM32F4xx_HAL_Driver/Inc/stm32f4xx_ll_adc.h ****   * @note   On this STM32 series, group injected sequencer configuration
2882:board/stm32f401rct6/Drivers/STM32F4xx_HAL_Driver/Inc/stm32f4xx_ll_adc.h ****   *         is conditioned to ADC instance sequencer mode.
2883:board/stm32f401rct6/Drivers/STM32F4xx_HAL_Driver/Inc/stm32f4xx_ll_adc.h ****   *         If ADC instance sequencer mode is disabled, sequencers of
2884:board/stm32f401rct6/Drivers/STM32F4xx_HAL_Driver/Inc/stm32f4xx_ll_adc.h ****   *         all groups (group regular, group injected) can be configured
2885:board/stm32f401rct6/Drivers/STM32F4xx_HAL_Driver/Inc/stm32f4xx_ll_adc.h ****   *         but their execution is disabled (limited to rank 1).
2886:board/stm32f401rct6/Drivers/STM32F4xx_HAL_Driver/Inc/stm32f4xx_ll_adc.h ****   *         Refer to function @ref LL_ADC_SetSequencersScanMode().
2887:board/stm32f401rct6/Drivers/STM32F4xx_HAL_Driver/Inc/stm32f4xx_ll_adc.h ****   * @note   Sequencer disabled is equivalent to sequencer of 1 rank:
2888:board/stm32f401rct6/Drivers/STM32F4xx_HAL_Driver/Inc/stm32f4xx_ll_adc.h ****   *         ADC conversion on only 1 channel.
2889:board/stm32f401rct6/Drivers/STM32F4xx_HAL_Driver/Inc/stm32f4xx_ll_adc.h ****   * @rmtoll JSQR     JL             LL_ADC_INJ_SetSequencerLength
2890:board/stm32f401rct6/Drivers/STM32F4xx_HAL_Driver/Inc/stm32f4xx_ll_adc.h ****   * @param  ADCx ADC instance
2891:board/stm32f401rct6/Drivers/STM32F4xx_HAL_Driver/Inc/stm32f4xx_ll_adc.h ****   * @param  SequencerNbRanks This parameter can be one of the following values:
2892:board/stm32f401rct6/Drivers/STM32F4xx_HAL_Driver/Inc/stm32f4xx_ll_adc.h ****   *         @arg @ref LL_ADC_INJ_SEQ_SCAN_DISABLE
2893:board/stm32f401rct6/Drivers/STM32F4xx_HAL_Driver/Inc/stm32f4xx_ll_adc.h ****   *         @arg @ref LL_ADC_INJ_SEQ_SCAN_ENABLE_2RANKS
2894:board/stm32f401rct6/Drivers/STM32F4xx_HAL_Driver/Inc/stm32f4xx_ll_adc.h ****   *         @arg @ref LL_ADC_INJ_SEQ_SCAN_ENABLE_3RANKS
2895:board/stm32f401rct6/Drivers/STM32F4xx_HAL_Driver/Inc/stm32f4xx_ll_adc.h ****   *         @arg @ref LL_ADC_INJ_SEQ_SCAN_ENABLE_4RANKS
2896:board/stm32f401rct6/Drivers/STM32F4xx_HAL_Driver/Inc/stm32f4xx_ll_adc.h ****   * @retval None
2897:board/stm32f401rct6/Drivers/STM32F4xx_HAL_Driver/Inc/stm32f4xx_ll_adc.h ****   */
2898:board/stm32f401rct6/Drivers/STM32F4xx_HAL_Driver/Inc/stm32f4xx_ll_adc.h **** __STATIC_INLINE void LL_ADC_INJ_SetSequencerLength(ADC_TypeDef *ADCx, uint32_t SequencerNbRanks)
2899:board/stm32f401rct6/Drivers/STM32F4xx_HAL_Driver/Inc/stm32f4xx_ll_adc.h **** {
2900:board/stm32f401rct6/Drivers/STM32F4xx_HAL_Driver/Inc/stm32f4xx_ll_adc.h ****   MODIFY_REG(ADCx->JSQR, ADC_JSQR_JL, SequencerNbRanks);
2901:board/stm32f401rct6/Drivers/STM32F4xx_HAL_Driver/Inc/stm32f4xx_ll_adc.h **** }
2902:board/stm32f401rct6/Drivers/STM32F4xx_HAL_Driver/Inc/stm32f4xx_ll_adc.h **** 
2903:board/stm32f401rct6/Drivers/STM32F4xx_HAL_Driver/Inc/stm32f4xx_ll_adc.h **** /**
2904:board/stm32f401rct6/Drivers/STM32F4xx_HAL_Driver/Inc/stm32f4xx_ll_adc.h ****   * @brief  Get ADC group injected sequencer length and scan direction.
2905:board/stm32f401rct6/Drivers/STM32F4xx_HAL_Driver/Inc/stm32f4xx_ll_adc.h ****   * @note   This function retrieves:
2906:board/stm32f401rct6/Drivers/STM32F4xx_HAL_Driver/Inc/stm32f4xx_ll_adc.h ****   *         - Sequence length: Number of ranks in the scan sequence.
2907:board/stm32f401rct6/Drivers/STM32F4xx_HAL_Driver/Inc/stm32f4xx_ll_adc.h ****   *         - Sequence direction: Unless specified in parameters, sequencer
2908:board/stm32f401rct6/Drivers/STM32F4xx_HAL_Driver/Inc/stm32f4xx_ll_adc.h ****   *           scan direction is forward (from rank 1 to rank n).
2909:board/stm32f401rct6/Drivers/STM32F4xx_HAL_Driver/Inc/stm32f4xx_ll_adc.h ****   * @note   On this STM32 series, group injected sequencer configuration
2910:board/stm32f401rct6/Drivers/STM32F4xx_HAL_Driver/Inc/stm32f4xx_ll_adc.h ****   *         is conditioned to ADC instance sequencer mode.
2911:board/stm32f401rct6/Drivers/STM32F4xx_HAL_Driver/Inc/stm32f4xx_ll_adc.h ****   *         If ADC instance sequencer mode is disabled, sequencers of
2912:board/stm32f401rct6/Drivers/STM32F4xx_HAL_Driver/Inc/stm32f4xx_ll_adc.h ****   *         all groups (group regular, group injected) can be configured
2913:board/stm32f401rct6/Drivers/STM32F4xx_HAL_Driver/Inc/stm32f4xx_ll_adc.h ****   *         but their execution is disabled (limited to rank 1).
2914:board/stm32f401rct6/Drivers/STM32F4xx_HAL_Driver/Inc/stm32f4xx_ll_adc.h ****   *         Refer to function @ref LL_ADC_SetSequencersScanMode().
2915:board/stm32f401rct6/Drivers/STM32F4xx_HAL_Driver/Inc/stm32f4xx_ll_adc.h ****   * @note   Sequencer disabled is equivalent to sequencer of 1 rank:
2916:board/stm32f401rct6/Drivers/STM32F4xx_HAL_Driver/Inc/stm32f4xx_ll_adc.h ****   *         ADC conversion on only 1 channel.
ARM GAS  C:\Users\Admin\AppData\Local\Temp\ccHarYQc.s 			page 94


2917:board/stm32f401rct6/Drivers/STM32F4xx_HAL_Driver/Inc/stm32f4xx_ll_adc.h ****   * @rmtoll JSQR     JL             LL_ADC_INJ_GetSequencerLength
2918:board/stm32f401rct6/Drivers/STM32F4xx_HAL_Driver/Inc/stm32f4xx_ll_adc.h ****   * @param  ADCx ADC instance
2919:board/stm32f401rct6/Drivers/STM32F4xx_HAL_Driver/Inc/stm32f4xx_ll_adc.h ****   * @retval Returned value can be one of the following values:
2920:board/stm32f401rct6/Drivers/STM32F4xx_HAL_Driver/Inc/stm32f4xx_ll_adc.h ****   *         @arg @ref LL_ADC_INJ_SEQ_SCAN_DISABLE
2921:board/stm32f401rct6/Drivers/STM32F4xx_HAL_Driver/Inc/stm32f4xx_ll_adc.h ****   *         @arg @ref LL_ADC_INJ_SEQ_SCAN_ENABLE_2RANKS
2922:board/stm32f401rct6/Drivers/STM32F4xx_HAL_Driver/Inc/stm32f4xx_ll_adc.h ****   *         @arg @ref LL_ADC_INJ_SEQ_SCAN_ENABLE_3RANKS
2923:board/stm32f401rct6/Drivers/STM32F4xx_HAL_Driver/Inc/stm32f4xx_ll_adc.h ****   *         @arg @ref LL_ADC_INJ_SEQ_SCAN_ENABLE_4RANKS
2924:board/stm32f401rct6/Drivers/STM32F4xx_HAL_Driver/Inc/stm32f4xx_ll_adc.h ****   */
2925:board/stm32f401rct6/Drivers/STM32F4xx_HAL_Driver/Inc/stm32f4xx_ll_adc.h **** __STATIC_INLINE uint32_t LL_ADC_INJ_GetSequencerLength(const ADC_TypeDef *ADCx)
2926:board/stm32f401rct6/Drivers/STM32F4xx_HAL_Driver/Inc/stm32f4xx_ll_adc.h **** {
2927:board/stm32f401rct6/Drivers/STM32F4xx_HAL_Driver/Inc/stm32f4xx_ll_adc.h ****   return (uint32_t)(READ_BIT(ADCx->JSQR, ADC_JSQR_JL));
2928:board/stm32f401rct6/Drivers/STM32F4xx_HAL_Driver/Inc/stm32f4xx_ll_adc.h **** }
2929:board/stm32f401rct6/Drivers/STM32F4xx_HAL_Driver/Inc/stm32f4xx_ll_adc.h **** 
2930:board/stm32f401rct6/Drivers/STM32F4xx_HAL_Driver/Inc/stm32f4xx_ll_adc.h **** /**
2931:board/stm32f401rct6/Drivers/STM32F4xx_HAL_Driver/Inc/stm32f4xx_ll_adc.h ****   * @brief  Set ADC group injected sequencer discontinuous mode:
2932:board/stm32f401rct6/Drivers/STM32F4xx_HAL_Driver/Inc/stm32f4xx_ll_adc.h ****   *         sequence subdivided and scan conversions interrupted every selected
2933:board/stm32f401rct6/Drivers/STM32F4xx_HAL_Driver/Inc/stm32f4xx_ll_adc.h ****   *         number of ranks.
2934:board/stm32f401rct6/Drivers/STM32F4xx_HAL_Driver/Inc/stm32f4xx_ll_adc.h ****   * @note   It is not possible to enable both ADC group injected
2935:board/stm32f401rct6/Drivers/STM32F4xx_HAL_Driver/Inc/stm32f4xx_ll_adc.h ****   *         auto-injected mode and sequencer discontinuous mode.
2936:board/stm32f401rct6/Drivers/STM32F4xx_HAL_Driver/Inc/stm32f4xx_ll_adc.h ****   * @rmtoll CR1      DISCEN         LL_ADC_INJ_SetSequencerDiscont
2937:board/stm32f401rct6/Drivers/STM32F4xx_HAL_Driver/Inc/stm32f4xx_ll_adc.h ****   * @param  ADCx ADC instance
2938:board/stm32f401rct6/Drivers/STM32F4xx_HAL_Driver/Inc/stm32f4xx_ll_adc.h ****   * @param  SeqDiscont This parameter can be one of the following values:
2939:board/stm32f401rct6/Drivers/STM32F4xx_HAL_Driver/Inc/stm32f4xx_ll_adc.h ****   *         @arg @ref LL_ADC_INJ_SEQ_DISCONT_DISABLE
2940:board/stm32f401rct6/Drivers/STM32F4xx_HAL_Driver/Inc/stm32f4xx_ll_adc.h ****   *         @arg @ref LL_ADC_INJ_SEQ_DISCONT_1RANK
2941:board/stm32f401rct6/Drivers/STM32F4xx_HAL_Driver/Inc/stm32f4xx_ll_adc.h ****   * @retval None
2942:board/stm32f401rct6/Drivers/STM32F4xx_HAL_Driver/Inc/stm32f4xx_ll_adc.h ****   */
2943:board/stm32f401rct6/Drivers/STM32F4xx_HAL_Driver/Inc/stm32f4xx_ll_adc.h **** __STATIC_INLINE void LL_ADC_INJ_SetSequencerDiscont(ADC_TypeDef *ADCx, uint32_t SeqDiscont)
2944:board/stm32f401rct6/Drivers/STM32F4xx_HAL_Driver/Inc/stm32f4xx_ll_adc.h **** {
2945:board/stm32f401rct6/Drivers/STM32F4xx_HAL_Driver/Inc/stm32f4xx_ll_adc.h ****   MODIFY_REG(ADCx->CR1, ADC_CR1_JDISCEN, SeqDiscont);
2946:board/stm32f401rct6/Drivers/STM32F4xx_HAL_Driver/Inc/stm32f4xx_ll_adc.h **** }
2947:board/stm32f401rct6/Drivers/STM32F4xx_HAL_Driver/Inc/stm32f4xx_ll_adc.h **** 
2948:board/stm32f401rct6/Drivers/STM32F4xx_HAL_Driver/Inc/stm32f4xx_ll_adc.h **** /**
2949:board/stm32f401rct6/Drivers/STM32F4xx_HAL_Driver/Inc/stm32f4xx_ll_adc.h ****   * @brief  Get ADC group injected sequencer discontinuous mode:
2950:board/stm32f401rct6/Drivers/STM32F4xx_HAL_Driver/Inc/stm32f4xx_ll_adc.h ****   *         sequence subdivided and scan conversions interrupted every selected
2951:board/stm32f401rct6/Drivers/STM32F4xx_HAL_Driver/Inc/stm32f4xx_ll_adc.h ****   *         number of ranks.
2952:board/stm32f401rct6/Drivers/STM32F4xx_HAL_Driver/Inc/stm32f4xx_ll_adc.h ****   * @rmtoll CR1      DISCEN         LL_ADC_REG_GetSequencerDiscont
2953:board/stm32f401rct6/Drivers/STM32F4xx_HAL_Driver/Inc/stm32f4xx_ll_adc.h ****   * @param  ADCx ADC instance
2954:board/stm32f401rct6/Drivers/STM32F4xx_HAL_Driver/Inc/stm32f4xx_ll_adc.h ****   * @retval Returned value can be one of the following values:
2955:board/stm32f401rct6/Drivers/STM32F4xx_HAL_Driver/Inc/stm32f4xx_ll_adc.h ****   *         @arg @ref LL_ADC_INJ_SEQ_DISCONT_DISABLE
2956:board/stm32f401rct6/Drivers/STM32F4xx_HAL_Driver/Inc/stm32f4xx_ll_adc.h ****   *         @arg @ref LL_ADC_INJ_SEQ_DISCONT_1RANK
2957:board/stm32f401rct6/Drivers/STM32F4xx_HAL_Driver/Inc/stm32f4xx_ll_adc.h ****   */
2958:board/stm32f401rct6/Drivers/STM32F4xx_HAL_Driver/Inc/stm32f4xx_ll_adc.h **** __STATIC_INLINE uint32_t LL_ADC_INJ_GetSequencerDiscont(const ADC_TypeDef *ADCx)
2959:board/stm32f401rct6/Drivers/STM32F4xx_HAL_Driver/Inc/stm32f4xx_ll_adc.h **** {
2960:board/stm32f401rct6/Drivers/STM32F4xx_HAL_Driver/Inc/stm32f4xx_ll_adc.h ****   return (uint32_t)(READ_BIT(ADCx->CR1, ADC_CR1_JDISCEN));
2961:board/stm32f401rct6/Drivers/STM32F4xx_HAL_Driver/Inc/stm32f4xx_ll_adc.h **** }
2962:board/stm32f401rct6/Drivers/STM32F4xx_HAL_Driver/Inc/stm32f4xx_ll_adc.h **** 
2963:board/stm32f401rct6/Drivers/STM32F4xx_HAL_Driver/Inc/stm32f4xx_ll_adc.h **** /**
2964:board/stm32f401rct6/Drivers/STM32F4xx_HAL_Driver/Inc/stm32f4xx_ll_adc.h ****   * @brief  Set ADC group injected sequence: channel on the selected
2965:board/stm32f401rct6/Drivers/STM32F4xx_HAL_Driver/Inc/stm32f4xx_ll_adc.h ****   *         sequence rank.
2966:board/stm32f401rct6/Drivers/STM32F4xx_HAL_Driver/Inc/stm32f4xx_ll_adc.h ****   * @note   Depending on devices and packages, some channels may not be available.
2967:board/stm32f401rct6/Drivers/STM32F4xx_HAL_Driver/Inc/stm32f4xx_ll_adc.h ****   *         Refer to device datasheet for channels availability.
2968:board/stm32f401rct6/Drivers/STM32F4xx_HAL_Driver/Inc/stm32f4xx_ll_adc.h ****   * @note   On this STM32 series, to measure internal channels (VrefInt,
2969:board/stm32f401rct6/Drivers/STM32F4xx_HAL_Driver/Inc/stm32f4xx_ll_adc.h ****   *         TempSensor, ...), measurement paths to internal channels must be
2970:board/stm32f401rct6/Drivers/STM32F4xx_HAL_Driver/Inc/stm32f4xx_ll_adc.h ****   *         enabled separately.
2971:board/stm32f401rct6/Drivers/STM32F4xx_HAL_Driver/Inc/stm32f4xx_ll_adc.h ****   *         This can be done using function @ref LL_ADC_SetCommonPathInternalCh().
2972:board/stm32f401rct6/Drivers/STM32F4xx_HAL_Driver/Inc/stm32f4xx_ll_adc.h ****   * @rmtoll JSQR     JSQ1           LL_ADC_INJ_SetSequencerRanks\n
2973:board/stm32f401rct6/Drivers/STM32F4xx_HAL_Driver/Inc/stm32f4xx_ll_adc.h ****   *         JSQR     JSQ2           LL_ADC_INJ_SetSequencerRanks\n
ARM GAS  C:\Users\Admin\AppData\Local\Temp\ccHarYQc.s 			page 95


2974:board/stm32f401rct6/Drivers/STM32F4xx_HAL_Driver/Inc/stm32f4xx_ll_adc.h ****   *         JSQR     JSQ3           LL_ADC_INJ_SetSequencerRanks\n
2975:board/stm32f401rct6/Drivers/STM32F4xx_HAL_Driver/Inc/stm32f4xx_ll_adc.h ****   *         JSQR     JSQ4           LL_ADC_INJ_SetSequencerRanks
2976:board/stm32f401rct6/Drivers/STM32F4xx_HAL_Driver/Inc/stm32f4xx_ll_adc.h ****   * @param  ADCx ADC instance
2977:board/stm32f401rct6/Drivers/STM32F4xx_HAL_Driver/Inc/stm32f4xx_ll_adc.h ****   * @param  Rank This parameter can be one of the following values:
2978:board/stm32f401rct6/Drivers/STM32F4xx_HAL_Driver/Inc/stm32f4xx_ll_adc.h ****   *         @arg @ref LL_ADC_INJ_RANK_1
2979:board/stm32f401rct6/Drivers/STM32F4xx_HAL_Driver/Inc/stm32f4xx_ll_adc.h ****   *         @arg @ref LL_ADC_INJ_RANK_2
2980:board/stm32f401rct6/Drivers/STM32F4xx_HAL_Driver/Inc/stm32f4xx_ll_adc.h ****   *         @arg @ref LL_ADC_INJ_RANK_3
2981:board/stm32f401rct6/Drivers/STM32F4xx_HAL_Driver/Inc/stm32f4xx_ll_adc.h ****   *         @arg @ref LL_ADC_INJ_RANK_4
2982:board/stm32f401rct6/Drivers/STM32F4xx_HAL_Driver/Inc/stm32f4xx_ll_adc.h ****   * @param  Channel This parameter can be one of the following values:
2983:board/stm32f401rct6/Drivers/STM32F4xx_HAL_Driver/Inc/stm32f4xx_ll_adc.h ****   *         @arg @ref LL_ADC_CHANNEL_0
2984:board/stm32f401rct6/Drivers/STM32F4xx_HAL_Driver/Inc/stm32f4xx_ll_adc.h ****   *         @arg @ref LL_ADC_CHANNEL_1
2985:board/stm32f401rct6/Drivers/STM32F4xx_HAL_Driver/Inc/stm32f4xx_ll_adc.h ****   *         @arg @ref LL_ADC_CHANNEL_2
2986:board/stm32f401rct6/Drivers/STM32F4xx_HAL_Driver/Inc/stm32f4xx_ll_adc.h ****   *         @arg @ref LL_ADC_CHANNEL_3
2987:board/stm32f401rct6/Drivers/STM32F4xx_HAL_Driver/Inc/stm32f4xx_ll_adc.h ****   *         @arg @ref LL_ADC_CHANNEL_4
2988:board/stm32f401rct6/Drivers/STM32F4xx_HAL_Driver/Inc/stm32f4xx_ll_adc.h ****   *         @arg @ref LL_ADC_CHANNEL_5
2989:board/stm32f401rct6/Drivers/STM32F4xx_HAL_Driver/Inc/stm32f4xx_ll_adc.h ****   *         @arg @ref LL_ADC_CHANNEL_6
2990:board/stm32f401rct6/Drivers/STM32F4xx_HAL_Driver/Inc/stm32f4xx_ll_adc.h ****   *         @arg @ref LL_ADC_CHANNEL_7
2991:board/stm32f401rct6/Drivers/STM32F4xx_HAL_Driver/Inc/stm32f4xx_ll_adc.h ****   *         @arg @ref LL_ADC_CHANNEL_8
2992:board/stm32f401rct6/Drivers/STM32F4xx_HAL_Driver/Inc/stm32f4xx_ll_adc.h ****   *         @arg @ref LL_ADC_CHANNEL_9
2993:board/stm32f401rct6/Drivers/STM32F4xx_HAL_Driver/Inc/stm32f4xx_ll_adc.h ****   *         @arg @ref LL_ADC_CHANNEL_10
2994:board/stm32f401rct6/Drivers/STM32F4xx_HAL_Driver/Inc/stm32f4xx_ll_adc.h ****   *         @arg @ref LL_ADC_CHANNEL_11
2995:board/stm32f401rct6/Drivers/STM32F4xx_HAL_Driver/Inc/stm32f4xx_ll_adc.h ****   *         @arg @ref LL_ADC_CHANNEL_12
2996:board/stm32f401rct6/Drivers/STM32F4xx_HAL_Driver/Inc/stm32f4xx_ll_adc.h ****   *         @arg @ref LL_ADC_CHANNEL_13
2997:board/stm32f401rct6/Drivers/STM32F4xx_HAL_Driver/Inc/stm32f4xx_ll_adc.h ****   *         @arg @ref LL_ADC_CHANNEL_14
2998:board/stm32f401rct6/Drivers/STM32F4xx_HAL_Driver/Inc/stm32f4xx_ll_adc.h ****   *         @arg @ref LL_ADC_CHANNEL_15
2999:board/stm32f401rct6/Drivers/STM32F4xx_HAL_Driver/Inc/stm32f4xx_ll_adc.h ****   *         @arg @ref LL_ADC_CHANNEL_16
3000:board/stm32f401rct6/Drivers/STM32F4xx_HAL_Driver/Inc/stm32f4xx_ll_adc.h ****   *         @arg @ref LL_ADC_CHANNEL_17
3001:board/stm32f401rct6/Drivers/STM32F4xx_HAL_Driver/Inc/stm32f4xx_ll_adc.h ****   *         @arg @ref LL_ADC_CHANNEL_18
3002:board/stm32f401rct6/Drivers/STM32F4xx_HAL_Driver/Inc/stm32f4xx_ll_adc.h ****   *         @arg @ref LL_ADC_CHANNEL_VREFINT      (1)
3003:board/stm32f401rct6/Drivers/STM32F4xx_HAL_Driver/Inc/stm32f4xx_ll_adc.h ****   *         @arg @ref LL_ADC_CHANNEL_TEMPSENSOR   (1)(2)
3004:board/stm32f401rct6/Drivers/STM32F4xx_HAL_Driver/Inc/stm32f4xx_ll_adc.h ****   *         @arg @ref LL_ADC_CHANNEL_VBAT         (1)
3005:board/stm32f401rct6/Drivers/STM32F4xx_HAL_Driver/Inc/stm32f4xx_ll_adc.h ****   *
3006:board/stm32f401rct6/Drivers/STM32F4xx_HAL_Driver/Inc/stm32f4xx_ll_adc.h ****   *         (1) On STM32F4, parameter available only on ADC instance: ADC1.\n
3007:board/stm32f401rct6/Drivers/STM32F4xx_HAL_Driver/Inc/stm32f4xx_ll_adc.h ****   *         (2) On devices STM32F42x and STM32F43x, limitation: this internal channel is shared bet
3008:board/stm32f401rct6/Drivers/STM32F4xx_HAL_Driver/Inc/stm32f4xx_ll_adc.h ****   * @retval None
3009:board/stm32f401rct6/Drivers/STM32F4xx_HAL_Driver/Inc/stm32f4xx_ll_adc.h ****   */
3010:board/stm32f401rct6/Drivers/STM32F4xx_HAL_Driver/Inc/stm32f4xx_ll_adc.h **** __STATIC_INLINE void LL_ADC_INJ_SetSequencerRanks(ADC_TypeDef *ADCx, uint32_t Rank, uint32_t Channe
3011:board/stm32f401rct6/Drivers/STM32F4xx_HAL_Driver/Inc/stm32f4xx_ll_adc.h **** {
3012:board/stm32f401rct6/Drivers/STM32F4xx_HAL_Driver/Inc/stm32f4xx_ll_adc.h ****   /* Set bits with content of parameter "Channel" with bits position          */
3013:board/stm32f401rct6/Drivers/STM32F4xx_HAL_Driver/Inc/stm32f4xx_ll_adc.h ****   /* in register depending on parameter "Rank".                               */
3014:board/stm32f401rct6/Drivers/STM32F4xx_HAL_Driver/Inc/stm32f4xx_ll_adc.h ****   /* Parameters "Rank" and "Channel" are used with masks because containing   */
3015:board/stm32f401rct6/Drivers/STM32F4xx_HAL_Driver/Inc/stm32f4xx_ll_adc.h ****   /* other bits reserved for other purpose.                                   */
3016:board/stm32f401rct6/Drivers/STM32F4xx_HAL_Driver/Inc/stm32f4xx_ll_adc.h ****   uint32_t tmpreg1 = (READ_BIT(ADCx->JSQR, ADC_JSQR_JL) >> ADC_JSQR_JL_Pos) + 1UL;
3017:board/stm32f401rct6/Drivers/STM32F4xx_HAL_Driver/Inc/stm32f4xx_ll_adc.h **** 
3018:board/stm32f401rct6/Drivers/STM32F4xx_HAL_Driver/Inc/stm32f4xx_ll_adc.h ****   MODIFY_REG(ADCx->JSQR,
3019:board/stm32f401rct6/Drivers/STM32F4xx_HAL_Driver/Inc/stm32f4xx_ll_adc.h ****              ADC_CHANNEL_ID_NUMBER_MASK << (5UL * (uint8_t)(((Rank) + 3UL) - (tmpreg1))),
3020:board/stm32f401rct6/Drivers/STM32F4xx_HAL_Driver/Inc/stm32f4xx_ll_adc.h ****              (Channel & ADC_CHANNEL_ID_NUMBER_MASK) << (5UL * (uint8_t)(((Rank) + 3UL) - (tmpreg1))
3021:board/stm32f401rct6/Drivers/STM32F4xx_HAL_Driver/Inc/stm32f4xx_ll_adc.h **** }
3022:board/stm32f401rct6/Drivers/STM32F4xx_HAL_Driver/Inc/stm32f4xx_ll_adc.h **** 
3023:board/stm32f401rct6/Drivers/STM32F4xx_HAL_Driver/Inc/stm32f4xx_ll_adc.h **** /**
3024:board/stm32f401rct6/Drivers/STM32F4xx_HAL_Driver/Inc/stm32f4xx_ll_adc.h ****   * @brief  Get ADC group injected sequence: channel on the selected
3025:board/stm32f401rct6/Drivers/STM32F4xx_HAL_Driver/Inc/stm32f4xx_ll_adc.h ****   *         sequence rank.
3026:board/stm32f401rct6/Drivers/STM32F4xx_HAL_Driver/Inc/stm32f4xx_ll_adc.h ****   * @note   Depending on devices and packages, some channels may not be available.
3027:board/stm32f401rct6/Drivers/STM32F4xx_HAL_Driver/Inc/stm32f4xx_ll_adc.h ****   *         Refer to device datasheet for channels availability.
3028:board/stm32f401rct6/Drivers/STM32F4xx_HAL_Driver/Inc/stm32f4xx_ll_adc.h ****   * @note   Usage of the returned channel number:
3029:board/stm32f401rct6/Drivers/STM32F4xx_HAL_Driver/Inc/stm32f4xx_ll_adc.h ****   *         - To reinject this channel into another function LL_ADC_xxx:
3030:board/stm32f401rct6/Drivers/STM32F4xx_HAL_Driver/Inc/stm32f4xx_ll_adc.h ****   *           the returned channel number is only partly formatted on definition
ARM GAS  C:\Users\Admin\AppData\Local\Temp\ccHarYQc.s 			page 96


3031:board/stm32f401rct6/Drivers/STM32F4xx_HAL_Driver/Inc/stm32f4xx_ll_adc.h ****   *           of literals LL_ADC_CHANNEL_x. Therefore, it has to be compared
3032:board/stm32f401rct6/Drivers/STM32F4xx_HAL_Driver/Inc/stm32f4xx_ll_adc.h ****   *           with parts of literals LL_ADC_CHANNEL_x or using
3033:board/stm32f401rct6/Drivers/STM32F4xx_HAL_Driver/Inc/stm32f4xx_ll_adc.h ****   *           helper macro @ref __LL_ADC_CHANNEL_TO_DECIMAL_NB().
3034:board/stm32f401rct6/Drivers/STM32F4xx_HAL_Driver/Inc/stm32f4xx_ll_adc.h ****   *           Then the selected literal LL_ADC_CHANNEL_x can be used
3035:board/stm32f401rct6/Drivers/STM32F4xx_HAL_Driver/Inc/stm32f4xx_ll_adc.h ****   *           as parameter for another function.
3036:board/stm32f401rct6/Drivers/STM32F4xx_HAL_Driver/Inc/stm32f4xx_ll_adc.h ****   *         - To get the channel number in decimal format:
3037:board/stm32f401rct6/Drivers/STM32F4xx_HAL_Driver/Inc/stm32f4xx_ll_adc.h ****   *           process the returned value with the helper macro
3038:board/stm32f401rct6/Drivers/STM32F4xx_HAL_Driver/Inc/stm32f4xx_ll_adc.h ****   *           @ref __LL_ADC_CHANNEL_TO_DECIMAL_NB().
3039:board/stm32f401rct6/Drivers/STM32F4xx_HAL_Driver/Inc/stm32f4xx_ll_adc.h ****   * @rmtoll JSQR     JSQ1           LL_ADC_INJ_SetSequencerRanks\n
3040:board/stm32f401rct6/Drivers/STM32F4xx_HAL_Driver/Inc/stm32f4xx_ll_adc.h ****   *         JSQR     JSQ2           LL_ADC_INJ_SetSequencerRanks\n
3041:board/stm32f401rct6/Drivers/STM32F4xx_HAL_Driver/Inc/stm32f4xx_ll_adc.h ****   *         JSQR     JSQ3           LL_ADC_INJ_SetSequencerRanks\n
3042:board/stm32f401rct6/Drivers/STM32F4xx_HAL_Driver/Inc/stm32f4xx_ll_adc.h ****   *         JSQR     JSQ4           LL_ADC_INJ_SetSequencerRanks
3043:board/stm32f401rct6/Drivers/STM32F4xx_HAL_Driver/Inc/stm32f4xx_ll_adc.h ****   * @param  ADCx ADC instance
3044:board/stm32f401rct6/Drivers/STM32F4xx_HAL_Driver/Inc/stm32f4xx_ll_adc.h ****   * @param  Rank This parameter can be one of the following values:
3045:board/stm32f401rct6/Drivers/STM32F4xx_HAL_Driver/Inc/stm32f4xx_ll_adc.h ****   *         @arg @ref LL_ADC_INJ_RANK_1
3046:board/stm32f401rct6/Drivers/STM32F4xx_HAL_Driver/Inc/stm32f4xx_ll_adc.h ****   *         @arg @ref LL_ADC_INJ_RANK_2
3047:board/stm32f401rct6/Drivers/STM32F4xx_HAL_Driver/Inc/stm32f4xx_ll_adc.h ****   *         @arg @ref LL_ADC_INJ_RANK_3
3048:board/stm32f401rct6/Drivers/STM32F4xx_HAL_Driver/Inc/stm32f4xx_ll_adc.h ****   *         @arg @ref LL_ADC_INJ_RANK_4
3049:board/stm32f401rct6/Drivers/STM32F4xx_HAL_Driver/Inc/stm32f4xx_ll_adc.h ****   * @retval Returned value can be one of the following values:
3050:board/stm32f401rct6/Drivers/STM32F4xx_HAL_Driver/Inc/stm32f4xx_ll_adc.h ****   *         @arg @ref LL_ADC_CHANNEL_0
3051:board/stm32f401rct6/Drivers/STM32F4xx_HAL_Driver/Inc/stm32f4xx_ll_adc.h ****   *         @arg @ref LL_ADC_CHANNEL_1
3052:board/stm32f401rct6/Drivers/STM32F4xx_HAL_Driver/Inc/stm32f4xx_ll_adc.h ****   *         @arg @ref LL_ADC_CHANNEL_2
3053:board/stm32f401rct6/Drivers/STM32F4xx_HAL_Driver/Inc/stm32f4xx_ll_adc.h ****   *         @arg @ref LL_ADC_CHANNEL_3
3054:board/stm32f401rct6/Drivers/STM32F4xx_HAL_Driver/Inc/stm32f4xx_ll_adc.h ****   *         @arg @ref LL_ADC_CHANNEL_4
3055:board/stm32f401rct6/Drivers/STM32F4xx_HAL_Driver/Inc/stm32f4xx_ll_adc.h ****   *         @arg @ref LL_ADC_CHANNEL_5
3056:board/stm32f401rct6/Drivers/STM32F4xx_HAL_Driver/Inc/stm32f4xx_ll_adc.h ****   *         @arg @ref LL_ADC_CHANNEL_6
3057:board/stm32f401rct6/Drivers/STM32F4xx_HAL_Driver/Inc/stm32f4xx_ll_adc.h ****   *         @arg @ref LL_ADC_CHANNEL_7
3058:board/stm32f401rct6/Drivers/STM32F4xx_HAL_Driver/Inc/stm32f4xx_ll_adc.h ****   *         @arg @ref LL_ADC_CHANNEL_8
3059:board/stm32f401rct6/Drivers/STM32F4xx_HAL_Driver/Inc/stm32f4xx_ll_adc.h ****   *         @arg @ref LL_ADC_CHANNEL_9
3060:board/stm32f401rct6/Drivers/STM32F4xx_HAL_Driver/Inc/stm32f4xx_ll_adc.h ****   *         @arg @ref LL_ADC_CHANNEL_10
3061:board/stm32f401rct6/Drivers/STM32F4xx_HAL_Driver/Inc/stm32f4xx_ll_adc.h ****   *         @arg @ref LL_ADC_CHANNEL_11
3062:board/stm32f401rct6/Drivers/STM32F4xx_HAL_Driver/Inc/stm32f4xx_ll_adc.h ****   *         @arg @ref LL_ADC_CHANNEL_12
3063:board/stm32f401rct6/Drivers/STM32F4xx_HAL_Driver/Inc/stm32f4xx_ll_adc.h ****   *         @arg @ref LL_ADC_CHANNEL_13
3064:board/stm32f401rct6/Drivers/STM32F4xx_HAL_Driver/Inc/stm32f4xx_ll_adc.h ****   *         @arg @ref LL_ADC_CHANNEL_14
3065:board/stm32f401rct6/Drivers/STM32F4xx_HAL_Driver/Inc/stm32f4xx_ll_adc.h ****   *         @arg @ref LL_ADC_CHANNEL_15
3066:board/stm32f401rct6/Drivers/STM32F4xx_HAL_Driver/Inc/stm32f4xx_ll_adc.h ****   *         @arg @ref LL_ADC_CHANNEL_16
3067:board/stm32f401rct6/Drivers/STM32F4xx_HAL_Driver/Inc/stm32f4xx_ll_adc.h ****   *         @arg @ref LL_ADC_CHANNEL_17
3068:board/stm32f401rct6/Drivers/STM32F4xx_HAL_Driver/Inc/stm32f4xx_ll_adc.h ****   *         @arg @ref LL_ADC_CHANNEL_18
3069:board/stm32f401rct6/Drivers/STM32F4xx_HAL_Driver/Inc/stm32f4xx_ll_adc.h ****   *         @arg @ref LL_ADC_CHANNEL_VREFINT      (1)
3070:board/stm32f401rct6/Drivers/STM32F4xx_HAL_Driver/Inc/stm32f4xx_ll_adc.h ****   *         @arg @ref LL_ADC_CHANNEL_TEMPSENSOR   (1)(2)
3071:board/stm32f401rct6/Drivers/STM32F4xx_HAL_Driver/Inc/stm32f4xx_ll_adc.h ****   *         @arg @ref LL_ADC_CHANNEL_VBAT         (1)
3072:board/stm32f401rct6/Drivers/STM32F4xx_HAL_Driver/Inc/stm32f4xx_ll_adc.h ****   *
3073:board/stm32f401rct6/Drivers/STM32F4xx_HAL_Driver/Inc/stm32f4xx_ll_adc.h ****   *         (1) On STM32F4, parameter available only on ADC instance: ADC1.\n
3074:board/stm32f401rct6/Drivers/STM32F4xx_HAL_Driver/Inc/stm32f4xx_ll_adc.h ****   *         (2) On devices STM32F42x and STM32F43x, limitation: this internal channel is shared bet
3075:board/stm32f401rct6/Drivers/STM32F4xx_HAL_Driver/Inc/stm32f4xx_ll_adc.h ****   *         (1) For ADC channel read back from ADC register,
3076:board/stm32f401rct6/Drivers/STM32F4xx_HAL_Driver/Inc/stm32f4xx_ll_adc.h ****   *             comparison with internal channel parameter to be done
3077:board/stm32f401rct6/Drivers/STM32F4xx_HAL_Driver/Inc/stm32f4xx_ll_adc.h ****   *             using helper macro @ref __LL_ADC_CHANNEL_INTERNAL_TO_EXTERNAL().
3078:board/stm32f401rct6/Drivers/STM32F4xx_HAL_Driver/Inc/stm32f4xx_ll_adc.h ****   */
3079:board/stm32f401rct6/Drivers/STM32F4xx_HAL_Driver/Inc/stm32f4xx_ll_adc.h **** __STATIC_INLINE uint32_t LL_ADC_INJ_GetSequencerRanks(const ADC_TypeDef *ADCx, uint32_t Rank)
3080:board/stm32f401rct6/Drivers/STM32F4xx_HAL_Driver/Inc/stm32f4xx_ll_adc.h **** {
3081:board/stm32f401rct6/Drivers/STM32F4xx_HAL_Driver/Inc/stm32f4xx_ll_adc.h ****   uint32_t tmpreg1 = (READ_BIT(ADCx->JSQR, ADC_JSQR_JL) >> ADC_JSQR_JL_Pos)  + 1UL;
3082:board/stm32f401rct6/Drivers/STM32F4xx_HAL_Driver/Inc/stm32f4xx_ll_adc.h **** 
3083:board/stm32f401rct6/Drivers/STM32F4xx_HAL_Driver/Inc/stm32f4xx_ll_adc.h ****   return (uint32_t)(READ_BIT(ADCx->JSQR,
3084:board/stm32f401rct6/Drivers/STM32F4xx_HAL_Driver/Inc/stm32f4xx_ll_adc.h ****                              ADC_CHANNEL_ID_NUMBER_MASK << (5UL * (uint8_t)(((Rank) + 3UL) - (tmpre
3085:board/stm32f401rct6/Drivers/STM32F4xx_HAL_Driver/Inc/stm32f4xx_ll_adc.h ****                     >> (5UL * (uint8_t)(((Rank) + 3UL) - (tmpreg1)))
3086:board/stm32f401rct6/Drivers/STM32F4xx_HAL_Driver/Inc/stm32f4xx_ll_adc.h ****                    );
3087:board/stm32f401rct6/Drivers/STM32F4xx_HAL_Driver/Inc/stm32f4xx_ll_adc.h **** }
ARM GAS  C:\Users\Admin\AppData\Local\Temp\ccHarYQc.s 			page 97


3088:board/stm32f401rct6/Drivers/STM32F4xx_HAL_Driver/Inc/stm32f4xx_ll_adc.h **** 
3089:board/stm32f401rct6/Drivers/STM32F4xx_HAL_Driver/Inc/stm32f4xx_ll_adc.h **** /**
3090:board/stm32f401rct6/Drivers/STM32F4xx_HAL_Driver/Inc/stm32f4xx_ll_adc.h ****   * @brief  Set ADC group injected conversion trigger:
3091:board/stm32f401rct6/Drivers/STM32F4xx_HAL_Driver/Inc/stm32f4xx_ll_adc.h ****   *         independent or from ADC group regular.
3092:board/stm32f401rct6/Drivers/STM32F4xx_HAL_Driver/Inc/stm32f4xx_ll_adc.h ****   * @note   This mode can be used to extend number of data registers
3093:board/stm32f401rct6/Drivers/STM32F4xx_HAL_Driver/Inc/stm32f4xx_ll_adc.h ****   *         updated after one ADC conversion trigger and with data
3094:board/stm32f401rct6/Drivers/STM32F4xx_HAL_Driver/Inc/stm32f4xx_ll_adc.h ****   *         permanently kept (not erased by successive conversions of scan of
3095:board/stm32f401rct6/Drivers/STM32F4xx_HAL_Driver/Inc/stm32f4xx_ll_adc.h ****   *         ADC sequencer ranks), up to 5 data registers:
3096:board/stm32f401rct6/Drivers/STM32F4xx_HAL_Driver/Inc/stm32f4xx_ll_adc.h ****   *         1 data register on ADC group regular, 4 data registers
3097:board/stm32f401rct6/Drivers/STM32F4xx_HAL_Driver/Inc/stm32f4xx_ll_adc.h ****   *         on ADC group injected.
3098:board/stm32f401rct6/Drivers/STM32F4xx_HAL_Driver/Inc/stm32f4xx_ll_adc.h ****   * @note   If ADC group injected injected trigger source is set to an
3099:board/stm32f401rct6/Drivers/STM32F4xx_HAL_Driver/Inc/stm32f4xx_ll_adc.h ****   *         external trigger, this feature must be must be set to
3100:board/stm32f401rct6/Drivers/STM32F4xx_HAL_Driver/Inc/stm32f4xx_ll_adc.h ****   *         independent trigger.
3101:board/stm32f401rct6/Drivers/STM32F4xx_HAL_Driver/Inc/stm32f4xx_ll_adc.h ****   *         ADC group injected automatic trigger is compliant only with
3102:board/stm32f401rct6/Drivers/STM32F4xx_HAL_Driver/Inc/stm32f4xx_ll_adc.h ****   *         group injected trigger source set to SW start, without any
3103:board/stm32f401rct6/Drivers/STM32F4xx_HAL_Driver/Inc/stm32f4xx_ll_adc.h ****   *         further action on  ADC group injected conversion start or stop:
3104:board/stm32f401rct6/Drivers/STM32F4xx_HAL_Driver/Inc/stm32f4xx_ll_adc.h ****   *         in this case, ADC group injected is controlled only
3105:board/stm32f401rct6/Drivers/STM32F4xx_HAL_Driver/Inc/stm32f4xx_ll_adc.h ****   *         from ADC group regular.
3106:board/stm32f401rct6/Drivers/STM32F4xx_HAL_Driver/Inc/stm32f4xx_ll_adc.h ****   * @note   It is not possible to enable both ADC group injected
3107:board/stm32f401rct6/Drivers/STM32F4xx_HAL_Driver/Inc/stm32f4xx_ll_adc.h ****   *         auto-injected mode and sequencer discontinuous mode.
3108:board/stm32f401rct6/Drivers/STM32F4xx_HAL_Driver/Inc/stm32f4xx_ll_adc.h ****   * @rmtoll CR1      JAUTO          LL_ADC_INJ_SetTrigAuto
3109:board/stm32f401rct6/Drivers/STM32F4xx_HAL_Driver/Inc/stm32f4xx_ll_adc.h ****   * @param  ADCx ADC instance
3110:board/stm32f401rct6/Drivers/STM32F4xx_HAL_Driver/Inc/stm32f4xx_ll_adc.h ****   * @param  TrigAuto This parameter can be one of the following values:
3111:board/stm32f401rct6/Drivers/STM32F4xx_HAL_Driver/Inc/stm32f4xx_ll_adc.h ****   *         @arg @ref LL_ADC_INJ_TRIG_INDEPENDENT
3112:board/stm32f401rct6/Drivers/STM32F4xx_HAL_Driver/Inc/stm32f4xx_ll_adc.h ****   *         @arg @ref LL_ADC_INJ_TRIG_FROM_GRP_REGULAR
3113:board/stm32f401rct6/Drivers/STM32F4xx_HAL_Driver/Inc/stm32f4xx_ll_adc.h ****   * @retval None
3114:board/stm32f401rct6/Drivers/STM32F4xx_HAL_Driver/Inc/stm32f4xx_ll_adc.h ****   */
3115:board/stm32f401rct6/Drivers/STM32F4xx_HAL_Driver/Inc/stm32f4xx_ll_adc.h **** __STATIC_INLINE void LL_ADC_INJ_SetTrigAuto(ADC_TypeDef *ADCx, uint32_t TrigAuto)
3116:board/stm32f401rct6/Drivers/STM32F4xx_HAL_Driver/Inc/stm32f4xx_ll_adc.h **** {
3117:board/stm32f401rct6/Drivers/STM32F4xx_HAL_Driver/Inc/stm32f4xx_ll_adc.h ****   MODIFY_REG(ADCx->CR1, ADC_CR1_JAUTO, TrigAuto);
3118:board/stm32f401rct6/Drivers/STM32F4xx_HAL_Driver/Inc/stm32f4xx_ll_adc.h **** }
3119:board/stm32f401rct6/Drivers/STM32F4xx_HAL_Driver/Inc/stm32f4xx_ll_adc.h **** 
3120:board/stm32f401rct6/Drivers/STM32F4xx_HAL_Driver/Inc/stm32f4xx_ll_adc.h **** /**
3121:board/stm32f401rct6/Drivers/STM32F4xx_HAL_Driver/Inc/stm32f4xx_ll_adc.h ****   * @brief  Get ADC group injected conversion trigger:
3122:board/stm32f401rct6/Drivers/STM32F4xx_HAL_Driver/Inc/stm32f4xx_ll_adc.h ****   *         independent or from ADC group regular.
3123:board/stm32f401rct6/Drivers/STM32F4xx_HAL_Driver/Inc/stm32f4xx_ll_adc.h ****   * @rmtoll CR1      JAUTO          LL_ADC_INJ_GetTrigAuto
3124:board/stm32f401rct6/Drivers/STM32F4xx_HAL_Driver/Inc/stm32f4xx_ll_adc.h ****   * @param  ADCx ADC instance
3125:board/stm32f401rct6/Drivers/STM32F4xx_HAL_Driver/Inc/stm32f4xx_ll_adc.h ****   * @retval Returned value can be one of the following values:
3126:board/stm32f401rct6/Drivers/STM32F4xx_HAL_Driver/Inc/stm32f4xx_ll_adc.h ****   *         @arg @ref LL_ADC_INJ_TRIG_INDEPENDENT
3127:board/stm32f401rct6/Drivers/STM32F4xx_HAL_Driver/Inc/stm32f4xx_ll_adc.h ****   *         @arg @ref LL_ADC_INJ_TRIG_FROM_GRP_REGULAR
3128:board/stm32f401rct6/Drivers/STM32F4xx_HAL_Driver/Inc/stm32f4xx_ll_adc.h ****   */
3129:board/stm32f401rct6/Drivers/STM32F4xx_HAL_Driver/Inc/stm32f4xx_ll_adc.h **** __STATIC_INLINE uint32_t LL_ADC_INJ_GetTrigAuto(const ADC_TypeDef *ADCx)
3130:board/stm32f401rct6/Drivers/STM32F4xx_HAL_Driver/Inc/stm32f4xx_ll_adc.h **** {
3131:board/stm32f401rct6/Drivers/STM32F4xx_HAL_Driver/Inc/stm32f4xx_ll_adc.h ****   return (uint32_t)(READ_BIT(ADCx->CR1, ADC_CR1_JAUTO));
3132:board/stm32f401rct6/Drivers/STM32F4xx_HAL_Driver/Inc/stm32f4xx_ll_adc.h **** }
3133:board/stm32f401rct6/Drivers/STM32F4xx_HAL_Driver/Inc/stm32f4xx_ll_adc.h **** 
3134:board/stm32f401rct6/Drivers/STM32F4xx_HAL_Driver/Inc/stm32f4xx_ll_adc.h **** /**
3135:board/stm32f401rct6/Drivers/STM32F4xx_HAL_Driver/Inc/stm32f4xx_ll_adc.h ****   * @brief  Set ADC group injected offset.
3136:board/stm32f401rct6/Drivers/STM32F4xx_HAL_Driver/Inc/stm32f4xx_ll_adc.h ****   * @note   It sets:
3137:board/stm32f401rct6/Drivers/STM32F4xx_HAL_Driver/Inc/stm32f4xx_ll_adc.h ****   *         - ADC group injected rank to which the offset programmed
3138:board/stm32f401rct6/Drivers/STM32F4xx_HAL_Driver/Inc/stm32f4xx_ll_adc.h ****   *           will be applied
3139:board/stm32f401rct6/Drivers/STM32F4xx_HAL_Driver/Inc/stm32f4xx_ll_adc.h ****   *         - Offset level (offset to be subtracted from the raw
3140:board/stm32f401rct6/Drivers/STM32F4xx_HAL_Driver/Inc/stm32f4xx_ll_adc.h ****   *           converted data).
3141:board/stm32f401rct6/Drivers/STM32F4xx_HAL_Driver/Inc/stm32f4xx_ll_adc.h ****   *         Caution: Offset format is dependent to ADC resolution:
3142:board/stm32f401rct6/Drivers/STM32F4xx_HAL_Driver/Inc/stm32f4xx_ll_adc.h ****   *         offset has to be left-aligned on bit 11, the LSB (right bits)
3143:board/stm32f401rct6/Drivers/STM32F4xx_HAL_Driver/Inc/stm32f4xx_ll_adc.h ****   *         are set to 0.
3144:board/stm32f401rct6/Drivers/STM32F4xx_HAL_Driver/Inc/stm32f4xx_ll_adc.h ****   * @note   Offset cannot be enabled or disabled.
ARM GAS  C:\Users\Admin\AppData\Local\Temp\ccHarYQc.s 			page 98


3145:board/stm32f401rct6/Drivers/STM32F4xx_HAL_Driver/Inc/stm32f4xx_ll_adc.h ****   *         To emulate offset disabled, set an offset value equal to 0.
3146:board/stm32f401rct6/Drivers/STM32F4xx_HAL_Driver/Inc/stm32f4xx_ll_adc.h ****   * @rmtoll JOFR1    JOFFSET1       LL_ADC_INJ_SetOffset\n
3147:board/stm32f401rct6/Drivers/STM32F4xx_HAL_Driver/Inc/stm32f4xx_ll_adc.h ****   *         JOFR2    JOFFSET2       LL_ADC_INJ_SetOffset\n
3148:board/stm32f401rct6/Drivers/STM32F4xx_HAL_Driver/Inc/stm32f4xx_ll_adc.h ****   *         JOFR3    JOFFSET3       LL_ADC_INJ_SetOffset\n
3149:board/stm32f401rct6/Drivers/STM32F4xx_HAL_Driver/Inc/stm32f4xx_ll_adc.h ****   *         JOFR4    JOFFSET4       LL_ADC_INJ_SetOffset
3150:board/stm32f401rct6/Drivers/STM32F4xx_HAL_Driver/Inc/stm32f4xx_ll_adc.h ****   * @param  ADCx ADC instance
3151:board/stm32f401rct6/Drivers/STM32F4xx_HAL_Driver/Inc/stm32f4xx_ll_adc.h ****   * @param  Rank This parameter can be one of the following values:
3152:board/stm32f401rct6/Drivers/STM32F4xx_HAL_Driver/Inc/stm32f4xx_ll_adc.h ****   *         @arg @ref LL_ADC_INJ_RANK_1
3153:board/stm32f401rct6/Drivers/STM32F4xx_HAL_Driver/Inc/stm32f4xx_ll_adc.h ****   *         @arg @ref LL_ADC_INJ_RANK_2
3154:board/stm32f401rct6/Drivers/STM32F4xx_HAL_Driver/Inc/stm32f4xx_ll_adc.h ****   *         @arg @ref LL_ADC_INJ_RANK_3
3155:board/stm32f401rct6/Drivers/STM32F4xx_HAL_Driver/Inc/stm32f4xx_ll_adc.h ****   *         @arg @ref LL_ADC_INJ_RANK_4
3156:board/stm32f401rct6/Drivers/STM32F4xx_HAL_Driver/Inc/stm32f4xx_ll_adc.h ****   * @param  OffsetLevel Value between Min_Data=0x000 and Max_Data=0xFFF
3157:board/stm32f401rct6/Drivers/STM32F4xx_HAL_Driver/Inc/stm32f4xx_ll_adc.h ****   * @retval None
3158:board/stm32f401rct6/Drivers/STM32F4xx_HAL_Driver/Inc/stm32f4xx_ll_adc.h ****   */
3159:board/stm32f401rct6/Drivers/STM32F4xx_HAL_Driver/Inc/stm32f4xx_ll_adc.h **** __STATIC_INLINE void LL_ADC_INJ_SetOffset(ADC_TypeDef *ADCx, uint32_t Rank, uint32_t OffsetLevel)
3160:board/stm32f401rct6/Drivers/STM32F4xx_HAL_Driver/Inc/stm32f4xx_ll_adc.h **** {
3161:board/stm32f401rct6/Drivers/STM32F4xx_HAL_Driver/Inc/stm32f4xx_ll_adc.h ****   __IO uint32_t *preg = __ADC_PTR_REG_OFFSET(ADCx->JOFR1, __ADC_MASK_SHIFT(Rank, ADC_INJ_JOFRX_REGO
3162:board/stm32f401rct6/Drivers/STM32F4xx_HAL_Driver/Inc/stm32f4xx_ll_adc.h **** 
3163:board/stm32f401rct6/Drivers/STM32F4xx_HAL_Driver/Inc/stm32f4xx_ll_adc.h ****   MODIFY_REG(*preg,
3164:board/stm32f401rct6/Drivers/STM32F4xx_HAL_Driver/Inc/stm32f4xx_ll_adc.h ****              ADC_JOFR1_JOFFSET1,
3165:board/stm32f401rct6/Drivers/STM32F4xx_HAL_Driver/Inc/stm32f4xx_ll_adc.h ****              OffsetLevel);
3166:board/stm32f401rct6/Drivers/STM32F4xx_HAL_Driver/Inc/stm32f4xx_ll_adc.h **** }
3167:board/stm32f401rct6/Drivers/STM32F4xx_HAL_Driver/Inc/stm32f4xx_ll_adc.h **** 
3168:board/stm32f401rct6/Drivers/STM32F4xx_HAL_Driver/Inc/stm32f4xx_ll_adc.h **** /**
3169:board/stm32f401rct6/Drivers/STM32F4xx_HAL_Driver/Inc/stm32f4xx_ll_adc.h ****   * @brief  Get ADC group injected offset.
3170:board/stm32f401rct6/Drivers/STM32F4xx_HAL_Driver/Inc/stm32f4xx_ll_adc.h ****   * @note   It gives offset level (offset to be subtracted from the raw converted data).
3171:board/stm32f401rct6/Drivers/STM32F4xx_HAL_Driver/Inc/stm32f4xx_ll_adc.h ****   *         Caution: Offset format is dependent to ADC resolution:
3172:board/stm32f401rct6/Drivers/STM32F4xx_HAL_Driver/Inc/stm32f4xx_ll_adc.h ****   *         offset has to be left-aligned on bit 11, the LSB (right bits)
3173:board/stm32f401rct6/Drivers/STM32F4xx_HAL_Driver/Inc/stm32f4xx_ll_adc.h ****   *         are set to 0.
3174:board/stm32f401rct6/Drivers/STM32F4xx_HAL_Driver/Inc/stm32f4xx_ll_adc.h ****   * @rmtoll JOFR1    JOFFSET1       LL_ADC_INJ_GetOffset\n
3175:board/stm32f401rct6/Drivers/STM32F4xx_HAL_Driver/Inc/stm32f4xx_ll_adc.h ****   *         JOFR2    JOFFSET2       LL_ADC_INJ_GetOffset\n
3176:board/stm32f401rct6/Drivers/STM32F4xx_HAL_Driver/Inc/stm32f4xx_ll_adc.h ****   *         JOFR3    JOFFSET3       LL_ADC_INJ_GetOffset\n
3177:board/stm32f401rct6/Drivers/STM32F4xx_HAL_Driver/Inc/stm32f4xx_ll_adc.h ****   *         JOFR4    JOFFSET4       LL_ADC_INJ_GetOffset
3178:board/stm32f401rct6/Drivers/STM32F4xx_HAL_Driver/Inc/stm32f4xx_ll_adc.h ****   * @param  ADCx ADC instance
3179:board/stm32f401rct6/Drivers/STM32F4xx_HAL_Driver/Inc/stm32f4xx_ll_adc.h ****   * @param  Rank This parameter can be one of the following values:
3180:board/stm32f401rct6/Drivers/STM32F4xx_HAL_Driver/Inc/stm32f4xx_ll_adc.h ****   *         @arg @ref LL_ADC_INJ_RANK_1
3181:board/stm32f401rct6/Drivers/STM32F4xx_HAL_Driver/Inc/stm32f4xx_ll_adc.h ****   *         @arg @ref LL_ADC_INJ_RANK_2
3182:board/stm32f401rct6/Drivers/STM32F4xx_HAL_Driver/Inc/stm32f4xx_ll_adc.h ****   *         @arg @ref LL_ADC_INJ_RANK_3
3183:board/stm32f401rct6/Drivers/STM32F4xx_HAL_Driver/Inc/stm32f4xx_ll_adc.h ****   *         @arg @ref LL_ADC_INJ_RANK_4
3184:board/stm32f401rct6/Drivers/STM32F4xx_HAL_Driver/Inc/stm32f4xx_ll_adc.h ****   * @retval Value between Min_Data=0x000 and Max_Data=0xFFF
3185:board/stm32f401rct6/Drivers/STM32F4xx_HAL_Driver/Inc/stm32f4xx_ll_adc.h ****   */
3186:board/stm32f401rct6/Drivers/STM32F4xx_HAL_Driver/Inc/stm32f4xx_ll_adc.h **** __STATIC_INLINE uint32_t LL_ADC_INJ_GetOffset(const ADC_TypeDef *ADCx, uint32_t Rank)
3187:board/stm32f401rct6/Drivers/STM32F4xx_HAL_Driver/Inc/stm32f4xx_ll_adc.h **** {
3188:board/stm32f401rct6/Drivers/STM32F4xx_HAL_Driver/Inc/stm32f4xx_ll_adc.h ****   __IO uint32_t const *preg = __ADC_PTR_REG_OFFSET(ADCx->JOFR1, __ADC_MASK_SHIFT(Rank, ADC_INJ_JOFR
3189:board/stm32f401rct6/Drivers/STM32F4xx_HAL_Driver/Inc/stm32f4xx_ll_adc.h **** 
3190:board/stm32f401rct6/Drivers/STM32F4xx_HAL_Driver/Inc/stm32f4xx_ll_adc.h ****   return (uint32_t)(READ_BIT(*preg,
3191:board/stm32f401rct6/Drivers/STM32F4xx_HAL_Driver/Inc/stm32f4xx_ll_adc.h ****                              ADC_JOFR1_JOFFSET1)
3192:board/stm32f401rct6/Drivers/STM32F4xx_HAL_Driver/Inc/stm32f4xx_ll_adc.h ****                    );
3193:board/stm32f401rct6/Drivers/STM32F4xx_HAL_Driver/Inc/stm32f4xx_ll_adc.h **** }
3194:board/stm32f401rct6/Drivers/STM32F4xx_HAL_Driver/Inc/stm32f4xx_ll_adc.h **** 
3195:board/stm32f401rct6/Drivers/STM32F4xx_HAL_Driver/Inc/stm32f4xx_ll_adc.h **** /**
3196:board/stm32f401rct6/Drivers/STM32F4xx_HAL_Driver/Inc/stm32f4xx_ll_adc.h ****   * @}
3197:board/stm32f401rct6/Drivers/STM32F4xx_HAL_Driver/Inc/stm32f4xx_ll_adc.h ****   */
3198:board/stm32f401rct6/Drivers/STM32F4xx_HAL_Driver/Inc/stm32f4xx_ll_adc.h **** 
3199:board/stm32f401rct6/Drivers/STM32F4xx_HAL_Driver/Inc/stm32f4xx_ll_adc.h **** /** @defgroup ADC_LL_EF_Configuration_Channels Configuration of ADC hierarchical scope: channels
3200:board/stm32f401rct6/Drivers/STM32F4xx_HAL_Driver/Inc/stm32f4xx_ll_adc.h ****   * @{
3201:board/stm32f401rct6/Drivers/STM32F4xx_HAL_Driver/Inc/stm32f4xx_ll_adc.h ****   */
ARM GAS  C:\Users\Admin\AppData\Local\Temp\ccHarYQc.s 			page 99


3202:board/stm32f401rct6/Drivers/STM32F4xx_HAL_Driver/Inc/stm32f4xx_ll_adc.h **** 
3203:board/stm32f401rct6/Drivers/STM32F4xx_HAL_Driver/Inc/stm32f4xx_ll_adc.h **** /**
3204:board/stm32f401rct6/Drivers/STM32F4xx_HAL_Driver/Inc/stm32f4xx_ll_adc.h ****   * @brief  Set sampling time of the selected ADC channel
3205:board/stm32f401rct6/Drivers/STM32F4xx_HAL_Driver/Inc/stm32f4xx_ll_adc.h ****   *         Unit: ADC clock cycles.
3206:board/stm32f401rct6/Drivers/STM32F4xx_HAL_Driver/Inc/stm32f4xx_ll_adc.h ****   * @note   On this device, sampling time is on channel scope: independently
3207:board/stm32f401rct6/Drivers/STM32F4xx_HAL_Driver/Inc/stm32f4xx_ll_adc.h ****   *         of channel mapped on ADC group regular or injected.
3208:board/stm32f401rct6/Drivers/STM32F4xx_HAL_Driver/Inc/stm32f4xx_ll_adc.h ****   * @note   In case of internal channel (VrefInt, TempSensor, ...) to be
3209:board/stm32f401rct6/Drivers/STM32F4xx_HAL_Driver/Inc/stm32f4xx_ll_adc.h ****   *         converted:
3210:board/stm32f401rct6/Drivers/STM32F4xx_HAL_Driver/Inc/stm32f4xx_ll_adc.h ****   *         sampling time constraints must be respected (sampling time can be
3211:board/stm32f401rct6/Drivers/STM32F4xx_HAL_Driver/Inc/stm32f4xx_ll_adc.h ****   *         adjusted in function of ADC clock frequency and sampling time
3212:board/stm32f401rct6/Drivers/STM32F4xx_HAL_Driver/Inc/stm32f4xx_ll_adc.h ****   *         setting).
3213:board/stm32f401rct6/Drivers/STM32F4xx_HAL_Driver/Inc/stm32f4xx_ll_adc.h ****   *         Refer to device datasheet for timings values (parameters TS_vrefint,
3214:board/stm32f401rct6/Drivers/STM32F4xx_HAL_Driver/Inc/stm32f4xx_ll_adc.h ****   *         TS_temp, ...).
3215:board/stm32f401rct6/Drivers/STM32F4xx_HAL_Driver/Inc/stm32f4xx_ll_adc.h ****   * @note   Conversion time is the addition of sampling time and processing time.
3216:board/stm32f401rct6/Drivers/STM32F4xx_HAL_Driver/Inc/stm32f4xx_ll_adc.h ****   *         Refer to reference manual for ADC processing time of
3217:board/stm32f401rct6/Drivers/STM32F4xx_HAL_Driver/Inc/stm32f4xx_ll_adc.h ****   *         this STM32 series.
3218:board/stm32f401rct6/Drivers/STM32F4xx_HAL_Driver/Inc/stm32f4xx_ll_adc.h ****   * @note   In case of ADC conversion of internal channel (VrefInt,
3219:board/stm32f401rct6/Drivers/STM32F4xx_HAL_Driver/Inc/stm32f4xx_ll_adc.h ****   *         temperature sensor, ...), a sampling time minimum value
3220:board/stm32f401rct6/Drivers/STM32F4xx_HAL_Driver/Inc/stm32f4xx_ll_adc.h ****   *         is required.
3221:board/stm32f401rct6/Drivers/STM32F4xx_HAL_Driver/Inc/stm32f4xx_ll_adc.h ****   *         Refer to device datasheet.
3222:board/stm32f401rct6/Drivers/STM32F4xx_HAL_Driver/Inc/stm32f4xx_ll_adc.h ****   * @rmtoll SMPR1    SMP18          LL_ADC_SetChannelSamplingTime\n
3223:board/stm32f401rct6/Drivers/STM32F4xx_HAL_Driver/Inc/stm32f4xx_ll_adc.h ****   *         SMPR1    SMP17          LL_ADC_SetChannelSamplingTime\n
3224:board/stm32f401rct6/Drivers/STM32F4xx_HAL_Driver/Inc/stm32f4xx_ll_adc.h ****   *         SMPR1    SMP16          LL_ADC_SetChannelSamplingTime\n
3225:board/stm32f401rct6/Drivers/STM32F4xx_HAL_Driver/Inc/stm32f4xx_ll_adc.h ****   *         SMPR1    SMP15          LL_ADC_SetChannelSamplingTime\n
3226:board/stm32f401rct6/Drivers/STM32F4xx_HAL_Driver/Inc/stm32f4xx_ll_adc.h ****   *         SMPR1    SMP14          LL_ADC_SetChannelSamplingTime\n
3227:board/stm32f401rct6/Drivers/STM32F4xx_HAL_Driver/Inc/stm32f4xx_ll_adc.h ****   *         SMPR1    SMP13          LL_ADC_SetChannelSamplingTime\n
3228:board/stm32f401rct6/Drivers/STM32F4xx_HAL_Driver/Inc/stm32f4xx_ll_adc.h ****   *         SMPR1    SMP12          LL_ADC_SetChannelSamplingTime\n
3229:board/stm32f401rct6/Drivers/STM32F4xx_HAL_Driver/Inc/stm32f4xx_ll_adc.h ****   *         SMPR1    SMP11          LL_ADC_SetChannelSamplingTime\n
3230:board/stm32f401rct6/Drivers/STM32F4xx_HAL_Driver/Inc/stm32f4xx_ll_adc.h ****   *         SMPR1    SMP10          LL_ADC_SetChannelSamplingTime\n
3231:board/stm32f401rct6/Drivers/STM32F4xx_HAL_Driver/Inc/stm32f4xx_ll_adc.h ****   *         SMPR2    SMP9           LL_ADC_SetChannelSamplingTime\n
3232:board/stm32f401rct6/Drivers/STM32F4xx_HAL_Driver/Inc/stm32f4xx_ll_adc.h ****   *         SMPR2    SMP8           LL_ADC_SetChannelSamplingTime\n
3233:board/stm32f401rct6/Drivers/STM32F4xx_HAL_Driver/Inc/stm32f4xx_ll_adc.h ****   *         SMPR2    SMP7           LL_ADC_SetChannelSamplingTime\n
3234:board/stm32f401rct6/Drivers/STM32F4xx_HAL_Driver/Inc/stm32f4xx_ll_adc.h ****   *         SMPR2    SMP6           LL_ADC_SetChannelSamplingTime\n
3235:board/stm32f401rct6/Drivers/STM32F4xx_HAL_Driver/Inc/stm32f4xx_ll_adc.h ****   *         SMPR2    SMP5           LL_ADC_SetChannelSamplingTime\n
3236:board/stm32f401rct6/Drivers/STM32F4xx_HAL_Driver/Inc/stm32f4xx_ll_adc.h ****   *         SMPR2    SMP4           LL_ADC_SetChannelSamplingTime\n
3237:board/stm32f401rct6/Drivers/STM32F4xx_HAL_Driver/Inc/stm32f4xx_ll_adc.h ****   *         SMPR2    SMP3           LL_ADC_SetChannelSamplingTime\n
3238:board/stm32f401rct6/Drivers/STM32F4xx_HAL_Driver/Inc/stm32f4xx_ll_adc.h ****   *         SMPR2    SMP2           LL_ADC_SetChannelSamplingTime\n
3239:board/stm32f401rct6/Drivers/STM32F4xx_HAL_Driver/Inc/stm32f4xx_ll_adc.h ****   *         SMPR2    SMP1           LL_ADC_SetChannelSamplingTime\n
3240:board/stm32f401rct6/Drivers/STM32F4xx_HAL_Driver/Inc/stm32f4xx_ll_adc.h ****   *         SMPR2    SMP0           LL_ADC_SetChannelSamplingTime
3241:board/stm32f401rct6/Drivers/STM32F4xx_HAL_Driver/Inc/stm32f4xx_ll_adc.h ****   * @param  ADCx ADC instance
3242:board/stm32f401rct6/Drivers/STM32F4xx_HAL_Driver/Inc/stm32f4xx_ll_adc.h ****   * @param  Channel This parameter can be one of the following values:
3243:board/stm32f401rct6/Drivers/STM32F4xx_HAL_Driver/Inc/stm32f4xx_ll_adc.h ****   *         @arg @ref LL_ADC_CHANNEL_0
3244:board/stm32f401rct6/Drivers/STM32F4xx_HAL_Driver/Inc/stm32f4xx_ll_adc.h ****   *         @arg @ref LL_ADC_CHANNEL_1
3245:board/stm32f401rct6/Drivers/STM32F4xx_HAL_Driver/Inc/stm32f4xx_ll_adc.h ****   *         @arg @ref LL_ADC_CHANNEL_2
3246:board/stm32f401rct6/Drivers/STM32F4xx_HAL_Driver/Inc/stm32f4xx_ll_adc.h ****   *         @arg @ref LL_ADC_CHANNEL_3
3247:board/stm32f401rct6/Drivers/STM32F4xx_HAL_Driver/Inc/stm32f4xx_ll_adc.h ****   *         @arg @ref LL_ADC_CHANNEL_4
3248:board/stm32f401rct6/Drivers/STM32F4xx_HAL_Driver/Inc/stm32f4xx_ll_adc.h ****   *         @arg @ref LL_ADC_CHANNEL_5
3249:board/stm32f401rct6/Drivers/STM32F4xx_HAL_Driver/Inc/stm32f4xx_ll_adc.h ****   *         @arg @ref LL_ADC_CHANNEL_6
3250:board/stm32f401rct6/Drivers/STM32F4xx_HAL_Driver/Inc/stm32f4xx_ll_adc.h ****   *         @arg @ref LL_ADC_CHANNEL_7
3251:board/stm32f401rct6/Drivers/STM32F4xx_HAL_Driver/Inc/stm32f4xx_ll_adc.h ****   *         @arg @ref LL_ADC_CHANNEL_8
3252:board/stm32f401rct6/Drivers/STM32F4xx_HAL_Driver/Inc/stm32f4xx_ll_adc.h ****   *         @arg @ref LL_ADC_CHANNEL_9
3253:board/stm32f401rct6/Drivers/STM32F4xx_HAL_Driver/Inc/stm32f4xx_ll_adc.h ****   *         @arg @ref LL_ADC_CHANNEL_10
3254:board/stm32f401rct6/Drivers/STM32F4xx_HAL_Driver/Inc/stm32f4xx_ll_adc.h ****   *         @arg @ref LL_ADC_CHANNEL_11
3255:board/stm32f401rct6/Drivers/STM32F4xx_HAL_Driver/Inc/stm32f4xx_ll_adc.h ****   *         @arg @ref LL_ADC_CHANNEL_12
3256:board/stm32f401rct6/Drivers/STM32F4xx_HAL_Driver/Inc/stm32f4xx_ll_adc.h ****   *         @arg @ref LL_ADC_CHANNEL_13
3257:board/stm32f401rct6/Drivers/STM32F4xx_HAL_Driver/Inc/stm32f4xx_ll_adc.h ****   *         @arg @ref LL_ADC_CHANNEL_14
3258:board/stm32f401rct6/Drivers/STM32F4xx_HAL_Driver/Inc/stm32f4xx_ll_adc.h ****   *         @arg @ref LL_ADC_CHANNEL_15
ARM GAS  C:\Users\Admin\AppData\Local\Temp\ccHarYQc.s 			page 100


3259:board/stm32f401rct6/Drivers/STM32F4xx_HAL_Driver/Inc/stm32f4xx_ll_adc.h ****   *         @arg @ref LL_ADC_CHANNEL_16
3260:board/stm32f401rct6/Drivers/STM32F4xx_HAL_Driver/Inc/stm32f4xx_ll_adc.h ****   *         @arg @ref LL_ADC_CHANNEL_17
3261:board/stm32f401rct6/Drivers/STM32F4xx_HAL_Driver/Inc/stm32f4xx_ll_adc.h ****   *         @arg @ref LL_ADC_CHANNEL_18
3262:board/stm32f401rct6/Drivers/STM32F4xx_HAL_Driver/Inc/stm32f4xx_ll_adc.h ****   *         @arg @ref LL_ADC_CHANNEL_VREFINT      (1)
3263:board/stm32f401rct6/Drivers/STM32F4xx_HAL_Driver/Inc/stm32f4xx_ll_adc.h ****   *         @arg @ref LL_ADC_CHANNEL_TEMPSENSOR   (1)(2)
3264:board/stm32f401rct6/Drivers/STM32F4xx_HAL_Driver/Inc/stm32f4xx_ll_adc.h ****   *         @arg @ref LL_ADC_CHANNEL_VBAT         (1)
3265:board/stm32f401rct6/Drivers/STM32F4xx_HAL_Driver/Inc/stm32f4xx_ll_adc.h ****   *
3266:board/stm32f401rct6/Drivers/STM32F4xx_HAL_Driver/Inc/stm32f4xx_ll_adc.h ****   *         (1) On STM32F4, parameter available only on ADC instance: ADC1.\n
3267:board/stm32f401rct6/Drivers/STM32F4xx_HAL_Driver/Inc/stm32f4xx_ll_adc.h ****   *         (2) On devices STM32F42x and STM32F43x, limitation: this internal channel is shared bet
3268:board/stm32f401rct6/Drivers/STM32F4xx_HAL_Driver/Inc/stm32f4xx_ll_adc.h ****   * @param  SamplingTime This parameter can be one of the following values:
3269:board/stm32f401rct6/Drivers/STM32F4xx_HAL_Driver/Inc/stm32f4xx_ll_adc.h ****   *         @arg @ref LL_ADC_SAMPLINGTIME_3CYCLES
3270:board/stm32f401rct6/Drivers/STM32F4xx_HAL_Driver/Inc/stm32f4xx_ll_adc.h ****   *         @arg @ref LL_ADC_SAMPLINGTIME_15CYCLES
3271:board/stm32f401rct6/Drivers/STM32F4xx_HAL_Driver/Inc/stm32f4xx_ll_adc.h ****   *         @arg @ref LL_ADC_SAMPLINGTIME_28CYCLES
3272:board/stm32f401rct6/Drivers/STM32F4xx_HAL_Driver/Inc/stm32f4xx_ll_adc.h ****   *         @arg @ref LL_ADC_SAMPLINGTIME_56CYCLES
3273:board/stm32f401rct6/Drivers/STM32F4xx_HAL_Driver/Inc/stm32f4xx_ll_adc.h ****   *         @arg @ref LL_ADC_SAMPLINGTIME_84CYCLES
3274:board/stm32f401rct6/Drivers/STM32F4xx_HAL_Driver/Inc/stm32f4xx_ll_adc.h ****   *         @arg @ref LL_ADC_SAMPLINGTIME_112CYCLES
3275:board/stm32f401rct6/Drivers/STM32F4xx_HAL_Driver/Inc/stm32f4xx_ll_adc.h ****   *         @arg @ref LL_ADC_SAMPLINGTIME_144CYCLES
3276:board/stm32f401rct6/Drivers/STM32F4xx_HAL_Driver/Inc/stm32f4xx_ll_adc.h ****   *         @arg @ref LL_ADC_SAMPLINGTIME_480CYCLES
3277:board/stm32f401rct6/Drivers/STM32F4xx_HAL_Driver/Inc/stm32f4xx_ll_adc.h ****   * @retval None
3278:board/stm32f401rct6/Drivers/STM32F4xx_HAL_Driver/Inc/stm32f4xx_ll_adc.h ****   */
3279:board/stm32f401rct6/Drivers/STM32F4xx_HAL_Driver/Inc/stm32f4xx_ll_adc.h **** __STATIC_INLINE void LL_ADC_SetChannelSamplingTime(ADC_TypeDef *ADCx, uint32_t Channel, uint32_t Sa
3280:board/stm32f401rct6/Drivers/STM32F4xx_HAL_Driver/Inc/stm32f4xx_ll_adc.h **** {
3281:board/stm32f401rct6/Drivers/STM32F4xx_HAL_Driver/Inc/stm32f4xx_ll_adc.h ****   /* Set bits with content of parameter "SamplingTime" with bits position     */
3282:board/stm32f401rct6/Drivers/STM32F4xx_HAL_Driver/Inc/stm32f4xx_ll_adc.h ****   /* in register and register position depending on parameter "Channel".      */
3283:board/stm32f401rct6/Drivers/STM32F4xx_HAL_Driver/Inc/stm32f4xx_ll_adc.h ****   /* Parameter "Channel" is used with masks because containing                */
3284:board/stm32f401rct6/Drivers/STM32F4xx_HAL_Driver/Inc/stm32f4xx_ll_adc.h ****   /* other bits reserved for other purpose.                                   */
3285:board/stm32f401rct6/Drivers/STM32F4xx_HAL_Driver/Inc/stm32f4xx_ll_adc.h ****   __IO uint32_t *preg = __ADC_PTR_REG_OFFSET(ADCx->SMPR1, __ADC_MASK_SHIFT(Channel, ADC_CHANNEL_SMP
3286:board/stm32f401rct6/Drivers/STM32F4xx_HAL_Driver/Inc/stm32f4xx_ll_adc.h **** 
3287:board/stm32f401rct6/Drivers/STM32F4xx_HAL_Driver/Inc/stm32f4xx_ll_adc.h ****   MODIFY_REG(*preg,
3288:board/stm32f401rct6/Drivers/STM32F4xx_HAL_Driver/Inc/stm32f4xx_ll_adc.h ****              ADC_SMPR2_SMP0 << __ADC_MASK_SHIFT(Channel, ADC_CHANNEL_SMPx_BITOFFSET_MASK),
3289:board/stm32f401rct6/Drivers/STM32F4xx_HAL_Driver/Inc/stm32f4xx_ll_adc.h ****              SamplingTime   << __ADC_MASK_SHIFT(Channel, ADC_CHANNEL_SMPx_BITOFFSET_MASK));
3290:board/stm32f401rct6/Drivers/STM32F4xx_HAL_Driver/Inc/stm32f4xx_ll_adc.h **** }
3291:board/stm32f401rct6/Drivers/STM32F4xx_HAL_Driver/Inc/stm32f4xx_ll_adc.h **** 
3292:board/stm32f401rct6/Drivers/STM32F4xx_HAL_Driver/Inc/stm32f4xx_ll_adc.h **** /**
3293:board/stm32f401rct6/Drivers/STM32F4xx_HAL_Driver/Inc/stm32f4xx_ll_adc.h ****   * @brief  Get sampling time of the selected ADC channel
3294:board/stm32f401rct6/Drivers/STM32F4xx_HAL_Driver/Inc/stm32f4xx_ll_adc.h ****   *         Unit: ADC clock cycles.
3295:board/stm32f401rct6/Drivers/STM32F4xx_HAL_Driver/Inc/stm32f4xx_ll_adc.h ****   * @note   On this device, sampling time is on channel scope: independently
3296:board/stm32f401rct6/Drivers/STM32F4xx_HAL_Driver/Inc/stm32f4xx_ll_adc.h ****   *         of channel mapped on ADC group regular or injected.
3297:board/stm32f401rct6/Drivers/STM32F4xx_HAL_Driver/Inc/stm32f4xx_ll_adc.h ****   * @note   Conversion time is the addition of sampling time and processing time.
3298:board/stm32f401rct6/Drivers/STM32F4xx_HAL_Driver/Inc/stm32f4xx_ll_adc.h ****   *         Refer to reference manual for ADC processing time of
3299:board/stm32f401rct6/Drivers/STM32F4xx_HAL_Driver/Inc/stm32f4xx_ll_adc.h ****   *         this STM32 series.
3300:board/stm32f401rct6/Drivers/STM32F4xx_HAL_Driver/Inc/stm32f4xx_ll_adc.h ****   * @rmtoll SMPR1    SMP18          LL_ADC_GetChannelSamplingTime\n
3301:board/stm32f401rct6/Drivers/STM32F4xx_HAL_Driver/Inc/stm32f4xx_ll_adc.h ****   *         SMPR1    SMP17          LL_ADC_GetChannelSamplingTime\n
3302:board/stm32f401rct6/Drivers/STM32F4xx_HAL_Driver/Inc/stm32f4xx_ll_adc.h ****   *         SMPR1    SMP16          LL_ADC_GetChannelSamplingTime\n
3303:board/stm32f401rct6/Drivers/STM32F4xx_HAL_Driver/Inc/stm32f4xx_ll_adc.h ****   *         SMPR1    SMP15          LL_ADC_GetChannelSamplingTime\n
3304:board/stm32f401rct6/Drivers/STM32F4xx_HAL_Driver/Inc/stm32f4xx_ll_adc.h ****   *         SMPR1    SMP14          LL_ADC_GetChannelSamplingTime\n
3305:board/stm32f401rct6/Drivers/STM32F4xx_HAL_Driver/Inc/stm32f4xx_ll_adc.h ****   *         SMPR1    SMP13          LL_ADC_GetChannelSamplingTime\n
3306:board/stm32f401rct6/Drivers/STM32F4xx_HAL_Driver/Inc/stm32f4xx_ll_adc.h ****   *         SMPR1    SMP12          LL_ADC_GetChannelSamplingTime\n
3307:board/stm32f401rct6/Drivers/STM32F4xx_HAL_Driver/Inc/stm32f4xx_ll_adc.h ****   *         SMPR1    SMP11          LL_ADC_GetChannelSamplingTime\n
3308:board/stm32f401rct6/Drivers/STM32F4xx_HAL_Driver/Inc/stm32f4xx_ll_adc.h ****   *         SMPR1    SMP10          LL_ADC_GetChannelSamplingTime\n
3309:board/stm32f401rct6/Drivers/STM32F4xx_HAL_Driver/Inc/stm32f4xx_ll_adc.h ****   *         SMPR2    SMP9           LL_ADC_GetChannelSamplingTime\n
3310:board/stm32f401rct6/Drivers/STM32F4xx_HAL_Driver/Inc/stm32f4xx_ll_adc.h ****   *         SMPR2    SMP8           LL_ADC_GetChannelSamplingTime\n
3311:board/stm32f401rct6/Drivers/STM32F4xx_HAL_Driver/Inc/stm32f4xx_ll_adc.h ****   *         SMPR2    SMP7           LL_ADC_GetChannelSamplingTime\n
3312:board/stm32f401rct6/Drivers/STM32F4xx_HAL_Driver/Inc/stm32f4xx_ll_adc.h ****   *         SMPR2    SMP6           LL_ADC_GetChannelSamplingTime\n
3313:board/stm32f401rct6/Drivers/STM32F4xx_HAL_Driver/Inc/stm32f4xx_ll_adc.h ****   *         SMPR2    SMP5           LL_ADC_GetChannelSamplingTime\n
3314:board/stm32f401rct6/Drivers/STM32F4xx_HAL_Driver/Inc/stm32f4xx_ll_adc.h ****   *         SMPR2    SMP4           LL_ADC_GetChannelSamplingTime\n
3315:board/stm32f401rct6/Drivers/STM32F4xx_HAL_Driver/Inc/stm32f4xx_ll_adc.h ****   *         SMPR2    SMP3           LL_ADC_GetChannelSamplingTime\n
ARM GAS  C:\Users\Admin\AppData\Local\Temp\ccHarYQc.s 			page 101


3316:board/stm32f401rct6/Drivers/STM32F4xx_HAL_Driver/Inc/stm32f4xx_ll_adc.h ****   *         SMPR2    SMP2           LL_ADC_GetChannelSamplingTime\n
3317:board/stm32f401rct6/Drivers/STM32F4xx_HAL_Driver/Inc/stm32f4xx_ll_adc.h ****   *         SMPR2    SMP1           LL_ADC_GetChannelSamplingTime\n
3318:board/stm32f401rct6/Drivers/STM32F4xx_HAL_Driver/Inc/stm32f4xx_ll_adc.h ****   *         SMPR2    SMP0           LL_ADC_GetChannelSamplingTime
3319:board/stm32f401rct6/Drivers/STM32F4xx_HAL_Driver/Inc/stm32f4xx_ll_adc.h ****   * @param  ADCx ADC instance
3320:board/stm32f401rct6/Drivers/STM32F4xx_HAL_Driver/Inc/stm32f4xx_ll_adc.h ****   * @param  Channel This parameter can be one of the following values:
3321:board/stm32f401rct6/Drivers/STM32F4xx_HAL_Driver/Inc/stm32f4xx_ll_adc.h ****   *         @arg @ref LL_ADC_CHANNEL_0
3322:board/stm32f401rct6/Drivers/STM32F4xx_HAL_Driver/Inc/stm32f4xx_ll_adc.h ****   *         @arg @ref LL_ADC_CHANNEL_1
3323:board/stm32f401rct6/Drivers/STM32F4xx_HAL_Driver/Inc/stm32f4xx_ll_adc.h ****   *         @arg @ref LL_ADC_CHANNEL_2
3324:board/stm32f401rct6/Drivers/STM32F4xx_HAL_Driver/Inc/stm32f4xx_ll_adc.h ****   *         @arg @ref LL_ADC_CHANNEL_3
3325:board/stm32f401rct6/Drivers/STM32F4xx_HAL_Driver/Inc/stm32f4xx_ll_adc.h ****   *         @arg @ref LL_ADC_CHANNEL_4
3326:board/stm32f401rct6/Drivers/STM32F4xx_HAL_Driver/Inc/stm32f4xx_ll_adc.h ****   *         @arg @ref LL_ADC_CHANNEL_5
3327:board/stm32f401rct6/Drivers/STM32F4xx_HAL_Driver/Inc/stm32f4xx_ll_adc.h ****   *         @arg @ref LL_ADC_CHANNEL_6
3328:board/stm32f401rct6/Drivers/STM32F4xx_HAL_Driver/Inc/stm32f4xx_ll_adc.h ****   *         @arg @ref LL_ADC_CHANNEL_7
3329:board/stm32f401rct6/Drivers/STM32F4xx_HAL_Driver/Inc/stm32f4xx_ll_adc.h ****   *         @arg @ref LL_ADC_CHANNEL_8
3330:board/stm32f401rct6/Drivers/STM32F4xx_HAL_Driver/Inc/stm32f4xx_ll_adc.h ****   *         @arg @ref LL_ADC_CHANNEL_9
3331:board/stm32f401rct6/Drivers/STM32F4xx_HAL_Driver/Inc/stm32f4xx_ll_adc.h ****   *         @arg @ref LL_ADC_CHANNEL_10
3332:board/stm32f401rct6/Drivers/STM32F4xx_HAL_Driver/Inc/stm32f4xx_ll_adc.h ****   *         @arg @ref LL_ADC_CHANNEL_11
3333:board/stm32f401rct6/Drivers/STM32F4xx_HAL_Driver/Inc/stm32f4xx_ll_adc.h ****   *         @arg @ref LL_ADC_CHANNEL_12
3334:board/stm32f401rct6/Drivers/STM32F4xx_HAL_Driver/Inc/stm32f4xx_ll_adc.h ****   *         @arg @ref LL_ADC_CHANNEL_13
3335:board/stm32f401rct6/Drivers/STM32F4xx_HAL_Driver/Inc/stm32f4xx_ll_adc.h ****   *         @arg @ref LL_ADC_CHANNEL_14
3336:board/stm32f401rct6/Drivers/STM32F4xx_HAL_Driver/Inc/stm32f4xx_ll_adc.h ****   *         @arg @ref LL_ADC_CHANNEL_15
3337:board/stm32f401rct6/Drivers/STM32F4xx_HAL_Driver/Inc/stm32f4xx_ll_adc.h ****   *         @arg @ref LL_ADC_CHANNEL_16
3338:board/stm32f401rct6/Drivers/STM32F4xx_HAL_Driver/Inc/stm32f4xx_ll_adc.h ****   *         @arg @ref LL_ADC_CHANNEL_17
3339:board/stm32f401rct6/Drivers/STM32F4xx_HAL_Driver/Inc/stm32f4xx_ll_adc.h ****   *         @arg @ref LL_ADC_CHANNEL_18
3340:board/stm32f401rct6/Drivers/STM32F4xx_HAL_Driver/Inc/stm32f4xx_ll_adc.h ****   *         @arg @ref LL_ADC_CHANNEL_VREFINT      (1)
3341:board/stm32f401rct6/Drivers/STM32F4xx_HAL_Driver/Inc/stm32f4xx_ll_adc.h ****   *         @arg @ref LL_ADC_CHANNEL_TEMPSENSOR   (1)(2)
3342:board/stm32f401rct6/Drivers/STM32F4xx_HAL_Driver/Inc/stm32f4xx_ll_adc.h ****   *         @arg @ref LL_ADC_CHANNEL_VBAT         (1)
3343:board/stm32f401rct6/Drivers/STM32F4xx_HAL_Driver/Inc/stm32f4xx_ll_adc.h ****   *
3344:board/stm32f401rct6/Drivers/STM32F4xx_HAL_Driver/Inc/stm32f4xx_ll_adc.h ****   *         (1) On STM32F4, parameter available only on ADC instance: ADC1.\n
3345:board/stm32f401rct6/Drivers/STM32F4xx_HAL_Driver/Inc/stm32f4xx_ll_adc.h ****   *         (2) On devices STM32F42x and STM32F43x, limitation: this internal channel is shared bet
3346:board/stm32f401rct6/Drivers/STM32F4xx_HAL_Driver/Inc/stm32f4xx_ll_adc.h ****   * @retval Returned value can be one of the following values:
3347:board/stm32f401rct6/Drivers/STM32F4xx_HAL_Driver/Inc/stm32f4xx_ll_adc.h ****   *         @arg @ref LL_ADC_SAMPLINGTIME_3CYCLES
3348:board/stm32f401rct6/Drivers/STM32F4xx_HAL_Driver/Inc/stm32f4xx_ll_adc.h ****   *         @arg @ref LL_ADC_SAMPLINGTIME_15CYCLES
3349:board/stm32f401rct6/Drivers/STM32F4xx_HAL_Driver/Inc/stm32f4xx_ll_adc.h ****   *         @arg @ref LL_ADC_SAMPLINGTIME_28CYCLES
3350:board/stm32f401rct6/Drivers/STM32F4xx_HAL_Driver/Inc/stm32f4xx_ll_adc.h ****   *         @arg @ref LL_ADC_SAMPLINGTIME_56CYCLES
3351:board/stm32f401rct6/Drivers/STM32F4xx_HAL_Driver/Inc/stm32f4xx_ll_adc.h ****   *         @arg @ref LL_ADC_SAMPLINGTIME_84CYCLES
3352:board/stm32f401rct6/Drivers/STM32F4xx_HAL_Driver/Inc/stm32f4xx_ll_adc.h ****   *         @arg @ref LL_ADC_SAMPLINGTIME_112CYCLES
3353:board/stm32f401rct6/Drivers/STM32F4xx_HAL_Driver/Inc/stm32f4xx_ll_adc.h ****   *         @arg @ref LL_ADC_SAMPLINGTIME_144CYCLES
3354:board/stm32f401rct6/Drivers/STM32F4xx_HAL_Driver/Inc/stm32f4xx_ll_adc.h ****   *         @arg @ref LL_ADC_SAMPLINGTIME_480CYCLES
3355:board/stm32f401rct6/Drivers/STM32F4xx_HAL_Driver/Inc/stm32f4xx_ll_adc.h ****   */
3356:board/stm32f401rct6/Drivers/STM32F4xx_HAL_Driver/Inc/stm32f4xx_ll_adc.h **** __STATIC_INLINE uint32_t LL_ADC_GetChannelSamplingTime(const ADC_TypeDef *ADCx, uint32_t Channel)
3357:board/stm32f401rct6/Drivers/STM32F4xx_HAL_Driver/Inc/stm32f4xx_ll_adc.h **** {
3358:board/stm32f401rct6/Drivers/STM32F4xx_HAL_Driver/Inc/stm32f4xx_ll_adc.h ****   __IO uint32_t const *preg = __ADC_PTR_REG_OFFSET(ADCx->SMPR1, __ADC_MASK_SHIFT(Channel, ADC_CHANN
3359:board/stm32f401rct6/Drivers/STM32F4xx_HAL_Driver/Inc/stm32f4xx_ll_adc.h **** 
3360:board/stm32f401rct6/Drivers/STM32F4xx_HAL_Driver/Inc/stm32f4xx_ll_adc.h ****   return (uint32_t)(READ_BIT(*preg,
3361:board/stm32f401rct6/Drivers/STM32F4xx_HAL_Driver/Inc/stm32f4xx_ll_adc.h ****                              ADC_SMPR2_SMP0 << __ADC_MASK_SHIFT(Channel, ADC_CHANNEL_SMPx_BITOFFSET
3362:board/stm32f401rct6/Drivers/STM32F4xx_HAL_Driver/Inc/stm32f4xx_ll_adc.h ****                     >> __ADC_MASK_SHIFT(Channel, ADC_CHANNEL_SMPx_BITOFFSET_MASK)
3363:board/stm32f401rct6/Drivers/STM32F4xx_HAL_Driver/Inc/stm32f4xx_ll_adc.h ****                    );
3364:board/stm32f401rct6/Drivers/STM32F4xx_HAL_Driver/Inc/stm32f4xx_ll_adc.h **** }
3365:board/stm32f401rct6/Drivers/STM32F4xx_HAL_Driver/Inc/stm32f4xx_ll_adc.h **** 
3366:board/stm32f401rct6/Drivers/STM32F4xx_HAL_Driver/Inc/stm32f4xx_ll_adc.h **** /**
3367:board/stm32f401rct6/Drivers/STM32F4xx_HAL_Driver/Inc/stm32f4xx_ll_adc.h ****   * @}
3368:board/stm32f401rct6/Drivers/STM32F4xx_HAL_Driver/Inc/stm32f4xx_ll_adc.h ****   */
3369:board/stm32f401rct6/Drivers/STM32F4xx_HAL_Driver/Inc/stm32f4xx_ll_adc.h **** 
3370:board/stm32f401rct6/Drivers/STM32F4xx_HAL_Driver/Inc/stm32f4xx_ll_adc.h **** /** @defgroup ADC_LL_EF_Configuration_ADC_AnalogWatchdog Configuration of ADC transversal scope: an
3371:board/stm32f401rct6/Drivers/STM32F4xx_HAL_Driver/Inc/stm32f4xx_ll_adc.h ****   * @{
3372:board/stm32f401rct6/Drivers/STM32F4xx_HAL_Driver/Inc/stm32f4xx_ll_adc.h ****   */
ARM GAS  C:\Users\Admin\AppData\Local\Temp\ccHarYQc.s 			page 102


3373:board/stm32f401rct6/Drivers/STM32F4xx_HAL_Driver/Inc/stm32f4xx_ll_adc.h **** 
3374:board/stm32f401rct6/Drivers/STM32F4xx_HAL_Driver/Inc/stm32f4xx_ll_adc.h **** /**
3375:board/stm32f401rct6/Drivers/STM32F4xx_HAL_Driver/Inc/stm32f4xx_ll_adc.h ****   * @brief  Set ADC analog watchdog monitored channels:
3376:board/stm32f401rct6/Drivers/STM32F4xx_HAL_Driver/Inc/stm32f4xx_ll_adc.h ****   *         a single channel or all channels,
3377:board/stm32f401rct6/Drivers/STM32F4xx_HAL_Driver/Inc/stm32f4xx_ll_adc.h ****   *         on ADC groups regular and-or injected.
3378:board/stm32f401rct6/Drivers/STM32F4xx_HAL_Driver/Inc/stm32f4xx_ll_adc.h ****   * @note   Once monitored channels are selected, analog watchdog
3379:board/stm32f401rct6/Drivers/STM32F4xx_HAL_Driver/Inc/stm32f4xx_ll_adc.h ****   *         is enabled.
3380:board/stm32f401rct6/Drivers/STM32F4xx_HAL_Driver/Inc/stm32f4xx_ll_adc.h ****   * @note   In case of need to define a single channel to monitor
3381:board/stm32f401rct6/Drivers/STM32F4xx_HAL_Driver/Inc/stm32f4xx_ll_adc.h ****   *         with analog watchdog from sequencer channel definition,
3382:board/stm32f401rct6/Drivers/STM32F4xx_HAL_Driver/Inc/stm32f4xx_ll_adc.h ****   *         use helper macro @ref __LL_ADC_ANALOGWD_CHANNEL_GROUP().
3383:board/stm32f401rct6/Drivers/STM32F4xx_HAL_Driver/Inc/stm32f4xx_ll_adc.h ****   * @note   On this STM32 series, there is only 1 kind of analog watchdog
3384:board/stm32f401rct6/Drivers/STM32F4xx_HAL_Driver/Inc/stm32f4xx_ll_adc.h ****   *         instance:
3385:board/stm32f401rct6/Drivers/STM32F4xx_HAL_Driver/Inc/stm32f4xx_ll_adc.h ****   *         - AWD standard (instance AWD1):
3386:board/stm32f401rct6/Drivers/STM32F4xx_HAL_Driver/Inc/stm32f4xx_ll_adc.h ****   *           - channels monitored: can monitor 1 channel or all channels.
3387:board/stm32f401rct6/Drivers/STM32F4xx_HAL_Driver/Inc/stm32f4xx_ll_adc.h ****   *           - groups monitored: ADC groups regular and-or injected.
3388:board/stm32f401rct6/Drivers/STM32F4xx_HAL_Driver/Inc/stm32f4xx_ll_adc.h ****   *           - resolution: resolution is not limited (corresponds to
3389:board/stm32f401rct6/Drivers/STM32F4xx_HAL_Driver/Inc/stm32f4xx_ll_adc.h ****   *             ADC resolution configured).
3390:board/stm32f401rct6/Drivers/STM32F4xx_HAL_Driver/Inc/stm32f4xx_ll_adc.h ****   * @rmtoll CR1      AWD1CH         LL_ADC_SetAnalogWDMonitChannels\n
3391:board/stm32f401rct6/Drivers/STM32F4xx_HAL_Driver/Inc/stm32f4xx_ll_adc.h ****   *         CR1      AWD1SGL        LL_ADC_SetAnalogWDMonitChannels\n
3392:board/stm32f401rct6/Drivers/STM32F4xx_HAL_Driver/Inc/stm32f4xx_ll_adc.h ****   *         CR1      AWD1EN         LL_ADC_SetAnalogWDMonitChannels
3393:board/stm32f401rct6/Drivers/STM32F4xx_HAL_Driver/Inc/stm32f4xx_ll_adc.h ****   * @param  ADCx ADC instance
3394:board/stm32f401rct6/Drivers/STM32F4xx_HAL_Driver/Inc/stm32f4xx_ll_adc.h ****   * @param  AWDChannelGroup This parameter can be one of the following values:
3395:board/stm32f401rct6/Drivers/STM32F4xx_HAL_Driver/Inc/stm32f4xx_ll_adc.h ****   *         @arg @ref LL_ADC_AWD_DISABLE
3396:board/stm32f401rct6/Drivers/STM32F4xx_HAL_Driver/Inc/stm32f4xx_ll_adc.h ****   *         @arg @ref LL_ADC_AWD_ALL_CHANNELS_REG
3397:board/stm32f401rct6/Drivers/STM32F4xx_HAL_Driver/Inc/stm32f4xx_ll_adc.h ****   *         @arg @ref LL_ADC_AWD_ALL_CHANNELS_INJ
3398:board/stm32f401rct6/Drivers/STM32F4xx_HAL_Driver/Inc/stm32f4xx_ll_adc.h ****   *         @arg @ref LL_ADC_AWD_ALL_CHANNELS_REG_INJ
3399:board/stm32f401rct6/Drivers/STM32F4xx_HAL_Driver/Inc/stm32f4xx_ll_adc.h ****   *         @arg @ref LL_ADC_AWD_CHANNEL_0_REG
3400:board/stm32f401rct6/Drivers/STM32F4xx_HAL_Driver/Inc/stm32f4xx_ll_adc.h ****   *         @arg @ref LL_ADC_AWD_CHANNEL_0_INJ
3401:board/stm32f401rct6/Drivers/STM32F4xx_HAL_Driver/Inc/stm32f4xx_ll_adc.h ****   *         @arg @ref LL_ADC_AWD_CHANNEL_0_REG_INJ
3402:board/stm32f401rct6/Drivers/STM32F4xx_HAL_Driver/Inc/stm32f4xx_ll_adc.h ****   *         @arg @ref LL_ADC_AWD_CHANNEL_1_REG
3403:board/stm32f401rct6/Drivers/STM32F4xx_HAL_Driver/Inc/stm32f4xx_ll_adc.h ****   *         @arg @ref LL_ADC_AWD_CHANNEL_1_INJ
3404:board/stm32f401rct6/Drivers/STM32F4xx_HAL_Driver/Inc/stm32f4xx_ll_adc.h ****   *         @arg @ref LL_ADC_AWD_CHANNEL_1_REG_INJ
3405:board/stm32f401rct6/Drivers/STM32F4xx_HAL_Driver/Inc/stm32f4xx_ll_adc.h ****   *         @arg @ref LL_ADC_AWD_CHANNEL_2_REG
3406:board/stm32f401rct6/Drivers/STM32F4xx_HAL_Driver/Inc/stm32f4xx_ll_adc.h ****   *         @arg @ref LL_ADC_AWD_CHANNEL_2_INJ
3407:board/stm32f401rct6/Drivers/STM32F4xx_HAL_Driver/Inc/stm32f4xx_ll_adc.h ****   *         @arg @ref LL_ADC_AWD_CHANNEL_2_REG_INJ
3408:board/stm32f401rct6/Drivers/STM32F4xx_HAL_Driver/Inc/stm32f4xx_ll_adc.h ****   *         @arg @ref LL_ADC_AWD_CHANNEL_3_REG
3409:board/stm32f401rct6/Drivers/STM32F4xx_HAL_Driver/Inc/stm32f4xx_ll_adc.h ****   *         @arg @ref LL_ADC_AWD_CHANNEL_3_INJ
3410:board/stm32f401rct6/Drivers/STM32F4xx_HAL_Driver/Inc/stm32f4xx_ll_adc.h ****   *         @arg @ref LL_ADC_AWD_CHANNEL_3_REG_INJ
3411:board/stm32f401rct6/Drivers/STM32F4xx_HAL_Driver/Inc/stm32f4xx_ll_adc.h ****   *         @arg @ref LL_ADC_AWD_CHANNEL_4_REG
3412:board/stm32f401rct6/Drivers/STM32F4xx_HAL_Driver/Inc/stm32f4xx_ll_adc.h ****   *         @arg @ref LL_ADC_AWD_CHANNEL_4_INJ
3413:board/stm32f401rct6/Drivers/STM32F4xx_HAL_Driver/Inc/stm32f4xx_ll_adc.h ****   *         @arg @ref LL_ADC_AWD_CHANNEL_4_REG_INJ
3414:board/stm32f401rct6/Drivers/STM32F4xx_HAL_Driver/Inc/stm32f4xx_ll_adc.h ****   *         @arg @ref LL_ADC_AWD_CHANNEL_5_REG
3415:board/stm32f401rct6/Drivers/STM32F4xx_HAL_Driver/Inc/stm32f4xx_ll_adc.h ****   *         @arg @ref LL_ADC_AWD_CHANNEL_5_INJ
3416:board/stm32f401rct6/Drivers/STM32F4xx_HAL_Driver/Inc/stm32f4xx_ll_adc.h ****   *         @arg @ref LL_ADC_AWD_CHANNEL_5_REG_INJ
3417:board/stm32f401rct6/Drivers/STM32F4xx_HAL_Driver/Inc/stm32f4xx_ll_adc.h ****   *         @arg @ref LL_ADC_AWD_CHANNEL_6_REG
3418:board/stm32f401rct6/Drivers/STM32F4xx_HAL_Driver/Inc/stm32f4xx_ll_adc.h ****   *         @arg @ref LL_ADC_AWD_CHANNEL_6_INJ
3419:board/stm32f401rct6/Drivers/STM32F4xx_HAL_Driver/Inc/stm32f4xx_ll_adc.h ****   *         @arg @ref LL_ADC_AWD_CHANNEL_6_REG_INJ
3420:board/stm32f401rct6/Drivers/STM32F4xx_HAL_Driver/Inc/stm32f4xx_ll_adc.h ****   *         @arg @ref LL_ADC_AWD_CHANNEL_7_REG
3421:board/stm32f401rct6/Drivers/STM32F4xx_HAL_Driver/Inc/stm32f4xx_ll_adc.h ****   *         @arg @ref LL_ADC_AWD_CHANNEL_7_INJ
3422:board/stm32f401rct6/Drivers/STM32F4xx_HAL_Driver/Inc/stm32f4xx_ll_adc.h ****   *         @arg @ref LL_ADC_AWD_CHANNEL_7_REG_INJ
3423:board/stm32f401rct6/Drivers/STM32F4xx_HAL_Driver/Inc/stm32f4xx_ll_adc.h ****   *         @arg @ref LL_ADC_AWD_CHANNEL_8_REG
3424:board/stm32f401rct6/Drivers/STM32F4xx_HAL_Driver/Inc/stm32f4xx_ll_adc.h ****   *         @arg @ref LL_ADC_AWD_CHANNEL_8_INJ
3425:board/stm32f401rct6/Drivers/STM32F4xx_HAL_Driver/Inc/stm32f4xx_ll_adc.h ****   *         @arg @ref LL_ADC_AWD_CHANNEL_8_REG_INJ
3426:board/stm32f401rct6/Drivers/STM32F4xx_HAL_Driver/Inc/stm32f4xx_ll_adc.h ****   *         @arg @ref LL_ADC_AWD_CHANNEL_9_REG
3427:board/stm32f401rct6/Drivers/STM32F4xx_HAL_Driver/Inc/stm32f4xx_ll_adc.h ****   *         @arg @ref LL_ADC_AWD_CHANNEL_9_INJ
3428:board/stm32f401rct6/Drivers/STM32F4xx_HAL_Driver/Inc/stm32f4xx_ll_adc.h ****   *         @arg @ref LL_ADC_AWD_CHANNEL_9_REG_INJ
3429:board/stm32f401rct6/Drivers/STM32F4xx_HAL_Driver/Inc/stm32f4xx_ll_adc.h ****   *         @arg @ref LL_ADC_AWD_CHANNEL_10_REG
ARM GAS  C:\Users\Admin\AppData\Local\Temp\ccHarYQc.s 			page 103


3430:board/stm32f401rct6/Drivers/STM32F4xx_HAL_Driver/Inc/stm32f4xx_ll_adc.h ****   *         @arg @ref LL_ADC_AWD_CHANNEL_10_INJ
3431:board/stm32f401rct6/Drivers/STM32F4xx_HAL_Driver/Inc/stm32f4xx_ll_adc.h ****   *         @arg @ref LL_ADC_AWD_CHANNEL_10_REG_INJ
3432:board/stm32f401rct6/Drivers/STM32F4xx_HAL_Driver/Inc/stm32f4xx_ll_adc.h ****   *         @arg @ref LL_ADC_AWD_CHANNEL_11_REG
3433:board/stm32f401rct6/Drivers/STM32F4xx_HAL_Driver/Inc/stm32f4xx_ll_adc.h ****   *         @arg @ref LL_ADC_AWD_CHANNEL_11_INJ
3434:board/stm32f401rct6/Drivers/STM32F4xx_HAL_Driver/Inc/stm32f4xx_ll_adc.h ****   *         @arg @ref LL_ADC_AWD_CHANNEL_11_REG_INJ
3435:board/stm32f401rct6/Drivers/STM32F4xx_HAL_Driver/Inc/stm32f4xx_ll_adc.h ****   *         @arg @ref LL_ADC_AWD_CHANNEL_12_REG
3436:board/stm32f401rct6/Drivers/STM32F4xx_HAL_Driver/Inc/stm32f4xx_ll_adc.h ****   *         @arg @ref LL_ADC_AWD_CHANNEL_12_INJ
3437:board/stm32f401rct6/Drivers/STM32F4xx_HAL_Driver/Inc/stm32f4xx_ll_adc.h ****   *         @arg @ref LL_ADC_AWD_CHANNEL_12_REG_INJ
3438:board/stm32f401rct6/Drivers/STM32F4xx_HAL_Driver/Inc/stm32f4xx_ll_adc.h ****   *         @arg @ref LL_ADC_AWD_CHANNEL_13_REG
3439:board/stm32f401rct6/Drivers/STM32F4xx_HAL_Driver/Inc/stm32f4xx_ll_adc.h ****   *         @arg @ref LL_ADC_AWD_CHANNEL_13_INJ
3440:board/stm32f401rct6/Drivers/STM32F4xx_HAL_Driver/Inc/stm32f4xx_ll_adc.h ****   *         @arg @ref LL_ADC_AWD_CHANNEL_13_REG_INJ
3441:board/stm32f401rct6/Drivers/STM32F4xx_HAL_Driver/Inc/stm32f4xx_ll_adc.h ****   *         @arg @ref LL_ADC_AWD_CHANNEL_14_REG
3442:board/stm32f401rct6/Drivers/STM32F4xx_HAL_Driver/Inc/stm32f4xx_ll_adc.h ****   *         @arg @ref LL_ADC_AWD_CHANNEL_14_INJ
3443:board/stm32f401rct6/Drivers/STM32F4xx_HAL_Driver/Inc/stm32f4xx_ll_adc.h ****   *         @arg @ref LL_ADC_AWD_CHANNEL_14_REG_INJ
3444:board/stm32f401rct6/Drivers/STM32F4xx_HAL_Driver/Inc/stm32f4xx_ll_adc.h ****   *         @arg @ref LL_ADC_AWD_CHANNEL_15_REG
3445:board/stm32f401rct6/Drivers/STM32F4xx_HAL_Driver/Inc/stm32f4xx_ll_adc.h ****   *         @arg @ref LL_ADC_AWD_CHANNEL_15_INJ
3446:board/stm32f401rct6/Drivers/STM32F4xx_HAL_Driver/Inc/stm32f4xx_ll_adc.h ****   *         @arg @ref LL_ADC_AWD_CHANNEL_15_REG_INJ
3447:board/stm32f401rct6/Drivers/STM32F4xx_HAL_Driver/Inc/stm32f4xx_ll_adc.h ****   *         @arg @ref LL_ADC_AWD_CHANNEL_16_REG
3448:board/stm32f401rct6/Drivers/STM32F4xx_HAL_Driver/Inc/stm32f4xx_ll_adc.h ****   *         @arg @ref LL_ADC_AWD_CHANNEL_16_INJ
3449:board/stm32f401rct6/Drivers/STM32F4xx_HAL_Driver/Inc/stm32f4xx_ll_adc.h ****   *         @arg @ref LL_ADC_AWD_CHANNEL_16_REG_INJ
3450:board/stm32f401rct6/Drivers/STM32F4xx_HAL_Driver/Inc/stm32f4xx_ll_adc.h ****   *         @arg @ref LL_ADC_AWD_CHANNEL_17_REG
3451:board/stm32f401rct6/Drivers/STM32F4xx_HAL_Driver/Inc/stm32f4xx_ll_adc.h ****   *         @arg @ref LL_ADC_AWD_CHANNEL_17_INJ
3452:board/stm32f401rct6/Drivers/STM32F4xx_HAL_Driver/Inc/stm32f4xx_ll_adc.h ****   *         @arg @ref LL_ADC_AWD_CHANNEL_17_REG_INJ
3453:board/stm32f401rct6/Drivers/STM32F4xx_HAL_Driver/Inc/stm32f4xx_ll_adc.h ****   *         @arg @ref LL_ADC_AWD_CHANNEL_18_REG
3454:board/stm32f401rct6/Drivers/STM32F4xx_HAL_Driver/Inc/stm32f4xx_ll_adc.h ****   *         @arg @ref LL_ADC_AWD_CHANNEL_18_INJ
3455:board/stm32f401rct6/Drivers/STM32F4xx_HAL_Driver/Inc/stm32f4xx_ll_adc.h ****   *         @arg @ref LL_ADC_AWD_CHANNEL_18_REG_INJ
3456:board/stm32f401rct6/Drivers/STM32F4xx_HAL_Driver/Inc/stm32f4xx_ll_adc.h ****   *         @arg @ref LL_ADC_AWD_CH_VREFINT_REG          (1)
3457:board/stm32f401rct6/Drivers/STM32F4xx_HAL_Driver/Inc/stm32f4xx_ll_adc.h ****   *         @arg @ref LL_ADC_AWD_CH_VREFINT_INJ          (1)
3458:board/stm32f401rct6/Drivers/STM32F4xx_HAL_Driver/Inc/stm32f4xx_ll_adc.h ****   *         @arg @ref LL_ADC_AWD_CH_VREFINT_REG_INJ      (1)
3459:board/stm32f401rct6/Drivers/STM32F4xx_HAL_Driver/Inc/stm32f4xx_ll_adc.h ****   *         @arg @ref LL_ADC_AWD_CH_TEMPSENSOR_REG       (1)(2)
3460:board/stm32f401rct6/Drivers/STM32F4xx_HAL_Driver/Inc/stm32f4xx_ll_adc.h ****   *         @arg @ref LL_ADC_AWD_CH_TEMPSENSOR_INJ       (1)(2)
3461:board/stm32f401rct6/Drivers/STM32F4xx_HAL_Driver/Inc/stm32f4xx_ll_adc.h ****   *         @arg @ref LL_ADC_AWD_CH_TEMPSENSOR_REG_INJ   (1)(2)
3462:board/stm32f401rct6/Drivers/STM32F4xx_HAL_Driver/Inc/stm32f4xx_ll_adc.h ****   *         @arg @ref LL_ADC_AWD_CH_VBAT_REG             (1)
3463:board/stm32f401rct6/Drivers/STM32F4xx_HAL_Driver/Inc/stm32f4xx_ll_adc.h ****   *         @arg @ref LL_ADC_AWD_CH_VBAT_INJ             (1)
3464:board/stm32f401rct6/Drivers/STM32F4xx_HAL_Driver/Inc/stm32f4xx_ll_adc.h ****   *         @arg @ref LL_ADC_AWD_CH_VBAT_REG_INJ         (1)
3465:board/stm32f401rct6/Drivers/STM32F4xx_HAL_Driver/Inc/stm32f4xx_ll_adc.h ****   *
3466:board/stm32f401rct6/Drivers/STM32F4xx_HAL_Driver/Inc/stm32f4xx_ll_adc.h ****   *         (1) On STM32F4, parameter available only on ADC instance: ADC1.\n
3467:board/stm32f401rct6/Drivers/STM32F4xx_HAL_Driver/Inc/stm32f4xx_ll_adc.h ****   *         (2) On devices STM32F42x and STM32F43x, limitation: this internal channel is shared bet
3468:board/stm32f401rct6/Drivers/STM32F4xx_HAL_Driver/Inc/stm32f4xx_ll_adc.h ****   * @retval None
3469:board/stm32f401rct6/Drivers/STM32F4xx_HAL_Driver/Inc/stm32f4xx_ll_adc.h ****   */
3470:board/stm32f401rct6/Drivers/STM32F4xx_HAL_Driver/Inc/stm32f4xx_ll_adc.h **** __STATIC_INLINE void LL_ADC_SetAnalogWDMonitChannels(ADC_TypeDef *ADCx, uint32_t AWDChannelGroup)
3471:board/stm32f401rct6/Drivers/STM32F4xx_HAL_Driver/Inc/stm32f4xx_ll_adc.h **** {
3472:board/stm32f401rct6/Drivers/STM32F4xx_HAL_Driver/Inc/stm32f4xx_ll_adc.h ****   MODIFY_REG(ADCx->CR1,
3473:board/stm32f401rct6/Drivers/STM32F4xx_HAL_Driver/Inc/stm32f4xx_ll_adc.h ****              (ADC_CR1_AWDEN | ADC_CR1_JAWDEN | ADC_CR1_AWDSGL | ADC_CR1_AWDCH),
3474:board/stm32f401rct6/Drivers/STM32F4xx_HAL_Driver/Inc/stm32f4xx_ll_adc.h ****              AWDChannelGroup);
3475:board/stm32f401rct6/Drivers/STM32F4xx_HAL_Driver/Inc/stm32f4xx_ll_adc.h **** }
3476:board/stm32f401rct6/Drivers/STM32F4xx_HAL_Driver/Inc/stm32f4xx_ll_adc.h **** 
3477:board/stm32f401rct6/Drivers/STM32F4xx_HAL_Driver/Inc/stm32f4xx_ll_adc.h **** /**
3478:board/stm32f401rct6/Drivers/STM32F4xx_HAL_Driver/Inc/stm32f4xx_ll_adc.h ****   * @brief  Get ADC analog watchdog monitored channel.
3479:board/stm32f401rct6/Drivers/STM32F4xx_HAL_Driver/Inc/stm32f4xx_ll_adc.h ****   * @note   Usage of the returned channel number:
3480:board/stm32f401rct6/Drivers/STM32F4xx_HAL_Driver/Inc/stm32f4xx_ll_adc.h ****   *         - To reinject this channel into another function LL_ADC_xxx:
3481:board/stm32f401rct6/Drivers/STM32F4xx_HAL_Driver/Inc/stm32f4xx_ll_adc.h ****   *           the returned channel number is only partly formatted on definition
3482:board/stm32f401rct6/Drivers/STM32F4xx_HAL_Driver/Inc/stm32f4xx_ll_adc.h ****   *           of literals LL_ADC_CHANNEL_x. Therefore, it has to be compared
3483:board/stm32f401rct6/Drivers/STM32F4xx_HAL_Driver/Inc/stm32f4xx_ll_adc.h ****   *           with parts of literals LL_ADC_CHANNEL_x or using
3484:board/stm32f401rct6/Drivers/STM32F4xx_HAL_Driver/Inc/stm32f4xx_ll_adc.h ****   *           helper macro @ref __LL_ADC_CHANNEL_TO_DECIMAL_NB().
3485:board/stm32f401rct6/Drivers/STM32F4xx_HAL_Driver/Inc/stm32f4xx_ll_adc.h ****   *           Then the selected literal LL_ADC_CHANNEL_x can be used
3486:board/stm32f401rct6/Drivers/STM32F4xx_HAL_Driver/Inc/stm32f4xx_ll_adc.h ****   *           as parameter for another function.
ARM GAS  C:\Users\Admin\AppData\Local\Temp\ccHarYQc.s 			page 104


3487:board/stm32f401rct6/Drivers/STM32F4xx_HAL_Driver/Inc/stm32f4xx_ll_adc.h ****   *         - To get the channel number in decimal format:
3488:board/stm32f401rct6/Drivers/STM32F4xx_HAL_Driver/Inc/stm32f4xx_ll_adc.h ****   *           process the returned value with the helper macro
3489:board/stm32f401rct6/Drivers/STM32F4xx_HAL_Driver/Inc/stm32f4xx_ll_adc.h ****   *           @ref __LL_ADC_CHANNEL_TO_DECIMAL_NB().
3490:board/stm32f401rct6/Drivers/STM32F4xx_HAL_Driver/Inc/stm32f4xx_ll_adc.h ****   *           Applicable only when the analog watchdog is set to monitor
3491:board/stm32f401rct6/Drivers/STM32F4xx_HAL_Driver/Inc/stm32f4xx_ll_adc.h ****   *           one channel.
3492:board/stm32f401rct6/Drivers/STM32F4xx_HAL_Driver/Inc/stm32f4xx_ll_adc.h ****   * @note   On this STM32 series, there is only 1 kind of analog watchdog
3493:board/stm32f401rct6/Drivers/STM32F4xx_HAL_Driver/Inc/stm32f4xx_ll_adc.h ****   *         instance:
3494:board/stm32f401rct6/Drivers/STM32F4xx_HAL_Driver/Inc/stm32f4xx_ll_adc.h ****   *         - AWD standard (instance AWD1):
3495:board/stm32f401rct6/Drivers/STM32F4xx_HAL_Driver/Inc/stm32f4xx_ll_adc.h ****   *           - channels monitored: can monitor 1 channel or all channels.
3496:board/stm32f401rct6/Drivers/STM32F4xx_HAL_Driver/Inc/stm32f4xx_ll_adc.h ****   *           - groups monitored: ADC groups regular and-or injected.
3497:board/stm32f401rct6/Drivers/STM32F4xx_HAL_Driver/Inc/stm32f4xx_ll_adc.h ****   *           - resolution: resolution is not limited (corresponds to
3498:board/stm32f401rct6/Drivers/STM32F4xx_HAL_Driver/Inc/stm32f4xx_ll_adc.h ****   *             ADC resolution configured).
3499:board/stm32f401rct6/Drivers/STM32F4xx_HAL_Driver/Inc/stm32f4xx_ll_adc.h ****   * @rmtoll CR1      AWD1CH         LL_ADC_GetAnalogWDMonitChannels\n
3500:board/stm32f401rct6/Drivers/STM32F4xx_HAL_Driver/Inc/stm32f4xx_ll_adc.h ****   *         CR1      AWD1SGL        LL_ADC_GetAnalogWDMonitChannels\n
3501:board/stm32f401rct6/Drivers/STM32F4xx_HAL_Driver/Inc/stm32f4xx_ll_adc.h ****   *         CR1      AWD1EN         LL_ADC_GetAnalogWDMonitChannels
3502:board/stm32f401rct6/Drivers/STM32F4xx_HAL_Driver/Inc/stm32f4xx_ll_adc.h ****   * @param  ADCx ADC instance
3503:board/stm32f401rct6/Drivers/STM32F4xx_HAL_Driver/Inc/stm32f4xx_ll_adc.h ****   * @retval Returned value can be one of the following values:
3504:board/stm32f401rct6/Drivers/STM32F4xx_HAL_Driver/Inc/stm32f4xx_ll_adc.h ****   *         @arg @ref LL_ADC_AWD_DISABLE
3505:board/stm32f401rct6/Drivers/STM32F4xx_HAL_Driver/Inc/stm32f4xx_ll_adc.h ****   *         @arg @ref LL_ADC_AWD_ALL_CHANNELS_REG
3506:board/stm32f401rct6/Drivers/STM32F4xx_HAL_Driver/Inc/stm32f4xx_ll_adc.h ****   *         @arg @ref LL_ADC_AWD_ALL_CHANNELS_INJ
3507:board/stm32f401rct6/Drivers/STM32F4xx_HAL_Driver/Inc/stm32f4xx_ll_adc.h ****   *         @arg @ref LL_ADC_AWD_ALL_CHANNELS_REG_INJ
3508:board/stm32f401rct6/Drivers/STM32F4xx_HAL_Driver/Inc/stm32f4xx_ll_adc.h ****   *         @arg @ref LL_ADC_AWD_CHANNEL_0_REG
3509:board/stm32f401rct6/Drivers/STM32F4xx_HAL_Driver/Inc/stm32f4xx_ll_adc.h ****   *         @arg @ref LL_ADC_AWD_CHANNEL_0_INJ
3510:board/stm32f401rct6/Drivers/STM32F4xx_HAL_Driver/Inc/stm32f4xx_ll_adc.h ****   *         @arg @ref LL_ADC_AWD_CHANNEL_0_REG_INJ
3511:board/stm32f401rct6/Drivers/STM32F4xx_HAL_Driver/Inc/stm32f4xx_ll_adc.h ****   *         @arg @ref LL_ADC_AWD_CHANNEL_1_REG
3512:board/stm32f401rct6/Drivers/STM32F4xx_HAL_Driver/Inc/stm32f4xx_ll_adc.h ****   *         @arg @ref LL_ADC_AWD_CHANNEL_1_INJ
3513:board/stm32f401rct6/Drivers/STM32F4xx_HAL_Driver/Inc/stm32f4xx_ll_adc.h ****   *         @arg @ref LL_ADC_AWD_CHANNEL_1_REG_INJ
3514:board/stm32f401rct6/Drivers/STM32F4xx_HAL_Driver/Inc/stm32f4xx_ll_adc.h ****   *         @arg @ref LL_ADC_AWD_CHANNEL_2_REG
3515:board/stm32f401rct6/Drivers/STM32F4xx_HAL_Driver/Inc/stm32f4xx_ll_adc.h ****   *         @arg @ref LL_ADC_AWD_CHANNEL_2_INJ
3516:board/stm32f401rct6/Drivers/STM32F4xx_HAL_Driver/Inc/stm32f4xx_ll_adc.h ****   *         @arg @ref LL_ADC_AWD_CHANNEL_2_REG_INJ
3517:board/stm32f401rct6/Drivers/STM32F4xx_HAL_Driver/Inc/stm32f4xx_ll_adc.h ****   *         @arg @ref LL_ADC_AWD_CHANNEL_3_REG
3518:board/stm32f401rct6/Drivers/STM32F4xx_HAL_Driver/Inc/stm32f4xx_ll_adc.h ****   *         @arg @ref LL_ADC_AWD_CHANNEL_3_INJ
3519:board/stm32f401rct6/Drivers/STM32F4xx_HAL_Driver/Inc/stm32f4xx_ll_adc.h ****   *         @arg @ref LL_ADC_AWD_CHANNEL_3_REG_INJ
3520:board/stm32f401rct6/Drivers/STM32F4xx_HAL_Driver/Inc/stm32f4xx_ll_adc.h ****   *         @arg @ref LL_ADC_AWD_CHANNEL_4_REG
3521:board/stm32f401rct6/Drivers/STM32F4xx_HAL_Driver/Inc/stm32f4xx_ll_adc.h ****   *         @arg @ref LL_ADC_AWD_CHANNEL_4_INJ
3522:board/stm32f401rct6/Drivers/STM32F4xx_HAL_Driver/Inc/stm32f4xx_ll_adc.h ****   *         @arg @ref LL_ADC_AWD_CHANNEL_4_REG_INJ
3523:board/stm32f401rct6/Drivers/STM32F4xx_HAL_Driver/Inc/stm32f4xx_ll_adc.h ****   *         @arg @ref LL_ADC_AWD_CHANNEL_5_REG
3524:board/stm32f401rct6/Drivers/STM32F4xx_HAL_Driver/Inc/stm32f4xx_ll_adc.h ****   *         @arg @ref LL_ADC_AWD_CHANNEL_5_INJ
3525:board/stm32f401rct6/Drivers/STM32F4xx_HAL_Driver/Inc/stm32f4xx_ll_adc.h ****   *         @arg @ref LL_ADC_AWD_CHANNEL_5_REG_INJ
3526:board/stm32f401rct6/Drivers/STM32F4xx_HAL_Driver/Inc/stm32f4xx_ll_adc.h ****   *         @arg @ref LL_ADC_AWD_CHANNEL_6_REG
3527:board/stm32f401rct6/Drivers/STM32F4xx_HAL_Driver/Inc/stm32f4xx_ll_adc.h ****   *         @arg @ref LL_ADC_AWD_CHANNEL_6_INJ
3528:board/stm32f401rct6/Drivers/STM32F4xx_HAL_Driver/Inc/stm32f4xx_ll_adc.h ****   *         @arg @ref LL_ADC_AWD_CHANNEL_6_REG_INJ
3529:board/stm32f401rct6/Drivers/STM32F4xx_HAL_Driver/Inc/stm32f4xx_ll_adc.h ****   *         @arg @ref LL_ADC_AWD_CHANNEL_7_REG
3530:board/stm32f401rct6/Drivers/STM32F4xx_HAL_Driver/Inc/stm32f4xx_ll_adc.h ****   *         @arg @ref LL_ADC_AWD_CHANNEL_7_INJ
3531:board/stm32f401rct6/Drivers/STM32F4xx_HAL_Driver/Inc/stm32f4xx_ll_adc.h ****   *         @arg @ref LL_ADC_AWD_CHANNEL_7_REG_INJ
3532:board/stm32f401rct6/Drivers/STM32F4xx_HAL_Driver/Inc/stm32f4xx_ll_adc.h ****   *         @arg @ref LL_ADC_AWD_CHANNEL_8_REG
3533:board/stm32f401rct6/Drivers/STM32F4xx_HAL_Driver/Inc/stm32f4xx_ll_adc.h ****   *         @arg @ref LL_ADC_AWD_CHANNEL_8_INJ
3534:board/stm32f401rct6/Drivers/STM32F4xx_HAL_Driver/Inc/stm32f4xx_ll_adc.h ****   *         @arg @ref LL_ADC_AWD_CHANNEL_8_REG_INJ
3535:board/stm32f401rct6/Drivers/STM32F4xx_HAL_Driver/Inc/stm32f4xx_ll_adc.h ****   *         @arg @ref LL_ADC_AWD_CHANNEL_9_REG
3536:board/stm32f401rct6/Drivers/STM32F4xx_HAL_Driver/Inc/stm32f4xx_ll_adc.h ****   *         @arg @ref LL_ADC_AWD_CHANNEL_9_INJ
3537:board/stm32f401rct6/Drivers/STM32F4xx_HAL_Driver/Inc/stm32f4xx_ll_adc.h ****   *         @arg @ref LL_ADC_AWD_CHANNEL_9_REG_INJ
3538:board/stm32f401rct6/Drivers/STM32F4xx_HAL_Driver/Inc/stm32f4xx_ll_adc.h ****   *         @arg @ref LL_ADC_AWD_CHANNEL_10_REG
3539:board/stm32f401rct6/Drivers/STM32F4xx_HAL_Driver/Inc/stm32f4xx_ll_adc.h ****   *         @arg @ref LL_ADC_AWD_CHANNEL_10_INJ
3540:board/stm32f401rct6/Drivers/STM32F4xx_HAL_Driver/Inc/stm32f4xx_ll_adc.h ****   *         @arg @ref LL_ADC_AWD_CHANNEL_10_REG_INJ
3541:board/stm32f401rct6/Drivers/STM32F4xx_HAL_Driver/Inc/stm32f4xx_ll_adc.h ****   *         @arg @ref LL_ADC_AWD_CHANNEL_11_REG
3542:board/stm32f401rct6/Drivers/STM32F4xx_HAL_Driver/Inc/stm32f4xx_ll_adc.h ****   *         @arg @ref LL_ADC_AWD_CHANNEL_11_INJ
3543:board/stm32f401rct6/Drivers/STM32F4xx_HAL_Driver/Inc/stm32f4xx_ll_adc.h ****   *         @arg @ref LL_ADC_AWD_CHANNEL_11_REG_INJ
ARM GAS  C:\Users\Admin\AppData\Local\Temp\ccHarYQc.s 			page 105


3544:board/stm32f401rct6/Drivers/STM32F4xx_HAL_Driver/Inc/stm32f4xx_ll_adc.h ****   *         @arg @ref LL_ADC_AWD_CHANNEL_12_REG
3545:board/stm32f401rct6/Drivers/STM32F4xx_HAL_Driver/Inc/stm32f4xx_ll_adc.h ****   *         @arg @ref LL_ADC_AWD_CHANNEL_12_INJ
3546:board/stm32f401rct6/Drivers/STM32F4xx_HAL_Driver/Inc/stm32f4xx_ll_adc.h ****   *         @arg @ref LL_ADC_AWD_CHANNEL_12_REG_INJ
3547:board/stm32f401rct6/Drivers/STM32F4xx_HAL_Driver/Inc/stm32f4xx_ll_adc.h ****   *         @arg @ref LL_ADC_AWD_CHANNEL_13_REG
3548:board/stm32f401rct6/Drivers/STM32F4xx_HAL_Driver/Inc/stm32f4xx_ll_adc.h ****   *         @arg @ref LL_ADC_AWD_CHANNEL_13_INJ
3549:board/stm32f401rct6/Drivers/STM32F4xx_HAL_Driver/Inc/stm32f4xx_ll_adc.h ****   *         @arg @ref LL_ADC_AWD_CHANNEL_13_REG_INJ
3550:board/stm32f401rct6/Drivers/STM32F4xx_HAL_Driver/Inc/stm32f4xx_ll_adc.h ****   *         @arg @ref LL_ADC_AWD_CHANNEL_14_REG
3551:board/stm32f401rct6/Drivers/STM32F4xx_HAL_Driver/Inc/stm32f4xx_ll_adc.h ****   *         @arg @ref LL_ADC_AWD_CHANNEL_14_INJ
3552:board/stm32f401rct6/Drivers/STM32F4xx_HAL_Driver/Inc/stm32f4xx_ll_adc.h ****   *         @arg @ref LL_ADC_AWD_CHANNEL_14_REG_INJ
3553:board/stm32f401rct6/Drivers/STM32F4xx_HAL_Driver/Inc/stm32f4xx_ll_adc.h ****   *         @arg @ref LL_ADC_AWD_CHANNEL_15_REG
3554:board/stm32f401rct6/Drivers/STM32F4xx_HAL_Driver/Inc/stm32f4xx_ll_adc.h ****   *         @arg @ref LL_ADC_AWD_CHANNEL_15_INJ
3555:board/stm32f401rct6/Drivers/STM32F4xx_HAL_Driver/Inc/stm32f4xx_ll_adc.h ****   *         @arg @ref LL_ADC_AWD_CHANNEL_15_REG_INJ
3556:board/stm32f401rct6/Drivers/STM32F4xx_HAL_Driver/Inc/stm32f4xx_ll_adc.h ****   *         @arg @ref LL_ADC_AWD_CHANNEL_16_REG
3557:board/stm32f401rct6/Drivers/STM32F4xx_HAL_Driver/Inc/stm32f4xx_ll_adc.h ****   *         @arg @ref LL_ADC_AWD_CHANNEL_16_INJ
3558:board/stm32f401rct6/Drivers/STM32F4xx_HAL_Driver/Inc/stm32f4xx_ll_adc.h ****   *         @arg @ref LL_ADC_AWD_CHANNEL_16_REG_INJ
3559:board/stm32f401rct6/Drivers/STM32F4xx_HAL_Driver/Inc/stm32f4xx_ll_adc.h ****   *         @arg @ref LL_ADC_AWD_CHANNEL_17_REG
3560:board/stm32f401rct6/Drivers/STM32F4xx_HAL_Driver/Inc/stm32f4xx_ll_adc.h ****   *         @arg @ref LL_ADC_AWD_CHANNEL_17_INJ
3561:board/stm32f401rct6/Drivers/STM32F4xx_HAL_Driver/Inc/stm32f4xx_ll_adc.h ****   *         @arg @ref LL_ADC_AWD_CHANNEL_17_REG_INJ
3562:board/stm32f401rct6/Drivers/STM32F4xx_HAL_Driver/Inc/stm32f4xx_ll_adc.h ****   *         @arg @ref LL_ADC_AWD_CHANNEL_18_REG
3563:board/stm32f401rct6/Drivers/STM32F4xx_HAL_Driver/Inc/stm32f4xx_ll_adc.h ****   *         @arg @ref LL_ADC_AWD_CHANNEL_18_INJ
3564:board/stm32f401rct6/Drivers/STM32F4xx_HAL_Driver/Inc/stm32f4xx_ll_adc.h ****   *         @arg @ref LL_ADC_AWD_CHANNEL_18_REG_INJ
3565:board/stm32f401rct6/Drivers/STM32F4xx_HAL_Driver/Inc/stm32f4xx_ll_adc.h ****   */
3566:board/stm32f401rct6/Drivers/STM32F4xx_HAL_Driver/Inc/stm32f4xx_ll_adc.h **** __STATIC_INLINE uint32_t LL_ADC_GetAnalogWDMonitChannels(const ADC_TypeDef *ADCx)
3567:board/stm32f401rct6/Drivers/STM32F4xx_HAL_Driver/Inc/stm32f4xx_ll_adc.h **** {
3568:board/stm32f401rct6/Drivers/STM32F4xx_HAL_Driver/Inc/stm32f4xx_ll_adc.h ****   return (uint32_t)(READ_BIT(ADCx->CR1, (ADC_CR1_AWDEN | ADC_CR1_JAWDEN | ADC_CR1_AWDSGL | ADC_CR1_
3569:board/stm32f401rct6/Drivers/STM32F4xx_HAL_Driver/Inc/stm32f4xx_ll_adc.h **** }
3570:board/stm32f401rct6/Drivers/STM32F4xx_HAL_Driver/Inc/stm32f4xx_ll_adc.h **** 
3571:board/stm32f401rct6/Drivers/STM32F4xx_HAL_Driver/Inc/stm32f4xx_ll_adc.h **** /**
3572:board/stm32f401rct6/Drivers/STM32F4xx_HAL_Driver/Inc/stm32f4xx_ll_adc.h ****   * @brief  Set ADC analog watchdog threshold value of threshold
3573:board/stm32f401rct6/Drivers/STM32F4xx_HAL_Driver/Inc/stm32f4xx_ll_adc.h ****   *         high or low.
3574:board/stm32f401rct6/Drivers/STM32F4xx_HAL_Driver/Inc/stm32f4xx_ll_adc.h ****   * @note   In case of ADC resolution different of 12 bits,
3575:board/stm32f401rct6/Drivers/STM32F4xx_HAL_Driver/Inc/stm32f4xx_ll_adc.h ****   *         analog watchdog thresholds data require a specific shift.
3576:board/stm32f401rct6/Drivers/STM32F4xx_HAL_Driver/Inc/stm32f4xx_ll_adc.h ****   *         Use helper macro @ref __LL_ADC_ANALOGWD_SET_THRESHOLD_RESOLUTION().
3577:board/stm32f401rct6/Drivers/STM32F4xx_HAL_Driver/Inc/stm32f4xx_ll_adc.h ****   * @note   On this STM32 series, there is only 1 kind of analog watchdog
3578:board/stm32f401rct6/Drivers/STM32F4xx_HAL_Driver/Inc/stm32f4xx_ll_adc.h ****   *         instance:
3579:board/stm32f401rct6/Drivers/STM32F4xx_HAL_Driver/Inc/stm32f4xx_ll_adc.h ****   *         - AWD standard (instance AWD1):
3580:board/stm32f401rct6/Drivers/STM32F4xx_HAL_Driver/Inc/stm32f4xx_ll_adc.h ****   *           - channels monitored: can monitor 1 channel or all channels.
3581:board/stm32f401rct6/Drivers/STM32F4xx_HAL_Driver/Inc/stm32f4xx_ll_adc.h ****   *           - groups monitored: ADC groups regular and-or injected.
3582:board/stm32f401rct6/Drivers/STM32F4xx_HAL_Driver/Inc/stm32f4xx_ll_adc.h ****   *           - resolution: resolution is not limited (corresponds to
3583:board/stm32f401rct6/Drivers/STM32F4xx_HAL_Driver/Inc/stm32f4xx_ll_adc.h ****   *             ADC resolution configured).
3584:board/stm32f401rct6/Drivers/STM32F4xx_HAL_Driver/Inc/stm32f4xx_ll_adc.h ****   * @rmtoll HTR      HT             LL_ADC_SetAnalogWDThresholds\n
3585:board/stm32f401rct6/Drivers/STM32F4xx_HAL_Driver/Inc/stm32f4xx_ll_adc.h ****   *         LTR      LT             LL_ADC_SetAnalogWDThresholds
3586:board/stm32f401rct6/Drivers/STM32F4xx_HAL_Driver/Inc/stm32f4xx_ll_adc.h ****   * @param  ADCx ADC instance
3587:board/stm32f401rct6/Drivers/STM32F4xx_HAL_Driver/Inc/stm32f4xx_ll_adc.h ****   * @param  AWDThresholdsHighLow This parameter can be one of the following values:
3588:board/stm32f401rct6/Drivers/STM32F4xx_HAL_Driver/Inc/stm32f4xx_ll_adc.h ****   *         @arg @ref LL_ADC_AWD_THRESHOLD_HIGH
3589:board/stm32f401rct6/Drivers/STM32F4xx_HAL_Driver/Inc/stm32f4xx_ll_adc.h ****   *         @arg @ref LL_ADC_AWD_THRESHOLD_LOW
3590:board/stm32f401rct6/Drivers/STM32F4xx_HAL_Driver/Inc/stm32f4xx_ll_adc.h ****   * @param  AWDThresholdValue Value between Min_Data=0x000 and Max_Data=0xFFF
3591:board/stm32f401rct6/Drivers/STM32F4xx_HAL_Driver/Inc/stm32f4xx_ll_adc.h ****   * @retval None
3592:board/stm32f401rct6/Drivers/STM32F4xx_HAL_Driver/Inc/stm32f4xx_ll_adc.h ****   */
3593:board/stm32f401rct6/Drivers/STM32F4xx_HAL_Driver/Inc/stm32f4xx_ll_adc.h **** __STATIC_INLINE void LL_ADC_SetAnalogWDThresholds(ADC_TypeDef *ADCx, uint32_t AWDThresholdsHighLow,
3594:board/stm32f401rct6/Drivers/STM32F4xx_HAL_Driver/Inc/stm32f4xx_ll_adc.h **** {
3595:board/stm32f401rct6/Drivers/STM32F4xx_HAL_Driver/Inc/stm32f4xx_ll_adc.h ****   __IO uint32_t *preg = __ADC_PTR_REG_OFFSET(ADCx->HTR, AWDThresholdsHighLow);
3596:board/stm32f401rct6/Drivers/STM32F4xx_HAL_Driver/Inc/stm32f4xx_ll_adc.h **** 
3597:board/stm32f401rct6/Drivers/STM32F4xx_HAL_Driver/Inc/stm32f4xx_ll_adc.h ****   MODIFY_REG(*preg,
3598:board/stm32f401rct6/Drivers/STM32F4xx_HAL_Driver/Inc/stm32f4xx_ll_adc.h ****              ADC_HTR_HT,
3599:board/stm32f401rct6/Drivers/STM32F4xx_HAL_Driver/Inc/stm32f4xx_ll_adc.h ****              AWDThresholdValue);
3600:board/stm32f401rct6/Drivers/STM32F4xx_HAL_Driver/Inc/stm32f4xx_ll_adc.h **** }
ARM GAS  C:\Users\Admin\AppData\Local\Temp\ccHarYQc.s 			page 106


3601:board/stm32f401rct6/Drivers/STM32F4xx_HAL_Driver/Inc/stm32f4xx_ll_adc.h **** 
3602:board/stm32f401rct6/Drivers/STM32F4xx_HAL_Driver/Inc/stm32f4xx_ll_adc.h **** /**
3603:board/stm32f401rct6/Drivers/STM32F4xx_HAL_Driver/Inc/stm32f4xx_ll_adc.h ****   * @brief  Get ADC analog watchdog threshold value of threshold high or
3604:board/stm32f401rct6/Drivers/STM32F4xx_HAL_Driver/Inc/stm32f4xx_ll_adc.h ****   *         threshold low.
3605:board/stm32f401rct6/Drivers/STM32F4xx_HAL_Driver/Inc/stm32f4xx_ll_adc.h ****   * @note   In case of ADC resolution different of 12 bits,
3606:board/stm32f401rct6/Drivers/STM32F4xx_HAL_Driver/Inc/stm32f4xx_ll_adc.h ****   *         analog watchdog thresholds data require a specific shift.
3607:board/stm32f401rct6/Drivers/STM32F4xx_HAL_Driver/Inc/stm32f4xx_ll_adc.h ****   *         Use helper macro @ref __LL_ADC_ANALOGWD_GET_THRESHOLD_RESOLUTION().
3608:board/stm32f401rct6/Drivers/STM32F4xx_HAL_Driver/Inc/stm32f4xx_ll_adc.h ****   * @rmtoll HTR      HT             LL_ADC_GetAnalogWDThresholds\n
3609:board/stm32f401rct6/Drivers/STM32F4xx_HAL_Driver/Inc/stm32f4xx_ll_adc.h ****   *         LTR      LT             LL_ADC_GetAnalogWDThresholds
3610:board/stm32f401rct6/Drivers/STM32F4xx_HAL_Driver/Inc/stm32f4xx_ll_adc.h ****   * @param  ADCx ADC instance
3611:board/stm32f401rct6/Drivers/STM32F4xx_HAL_Driver/Inc/stm32f4xx_ll_adc.h ****   * @param  AWDThresholdsHighLow This parameter can be one of the following values:
3612:board/stm32f401rct6/Drivers/STM32F4xx_HAL_Driver/Inc/stm32f4xx_ll_adc.h ****   *         @arg @ref LL_ADC_AWD_THRESHOLD_HIGH
3613:board/stm32f401rct6/Drivers/STM32F4xx_HAL_Driver/Inc/stm32f4xx_ll_adc.h ****   *         @arg @ref LL_ADC_AWD_THRESHOLD_LOW
3614:board/stm32f401rct6/Drivers/STM32F4xx_HAL_Driver/Inc/stm32f4xx_ll_adc.h ****   * @retval Value between Min_Data=0x000 and Max_Data=0xFFF
3615:board/stm32f401rct6/Drivers/STM32F4xx_HAL_Driver/Inc/stm32f4xx_ll_adc.h **** */
3616:board/stm32f401rct6/Drivers/STM32F4xx_HAL_Driver/Inc/stm32f4xx_ll_adc.h **** __STATIC_INLINE uint32_t LL_ADC_GetAnalogWDThresholds(const ADC_TypeDef *ADCx, uint32_t AWDThreshol
3617:board/stm32f401rct6/Drivers/STM32F4xx_HAL_Driver/Inc/stm32f4xx_ll_adc.h **** {
3618:board/stm32f401rct6/Drivers/STM32F4xx_HAL_Driver/Inc/stm32f4xx_ll_adc.h ****   __IO uint32_t const *preg = __ADC_PTR_REG_OFFSET(ADCx->HTR, AWDThresholdsHighLow);
3619:board/stm32f401rct6/Drivers/STM32F4xx_HAL_Driver/Inc/stm32f4xx_ll_adc.h **** 
3620:board/stm32f401rct6/Drivers/STM32F4xx_HAL_Driver/Inc/stm32f4xx_ll_adc.h ****   return (uint32_t)(READ_BIT(*preg, ADC_HTR_HT));
3621:board/stm32f401rct6/Drivers/STM32F4xx_HAL_Driver/Inc/stm32f4xx_ll_adc.h **** }
3622:board/stm32f401rct6/Drivers/STM32F4xx_HAL_Driver/Inc/stm32f4xx_ll_adc.h **** 
3623:board/stm32f401rct6/Drivers/STM32F4xx_HAL_Driver/Inc/stm32f4xx_ll_adc.h **** /**
3624:board/stm32f401rct6/Drivers/STM32F4xx_HAL_Driver/Inc/stm32f4xx_ll_adc.h ****   * @}
3625:board/stm32f401rct6/Drivers/STM32F4xx_HAL_Driver/Inc/stm32f4xx_ll_adc.h ****   */
3626:board/stm32f401rct6/Drivers/STM32F4xx_HAL_Driver/Inc/stm32f4xx_ll_adc.h **** 
3627:board/stm32f401rct6/Drivers/STM32F4xx_HAL_Driver/Inc/stm32f4xx_ll_adc.h **** /** @defgroup ADC_LL_EF_Configuration_ADC_Multimode Configuration of ADC hierarchical scope: multim
3628:board/stm32f401rct6/Drivers/STM32F4xx_HAL_Driver/Inc/stm32f4xx_ll_adc.h ****   * @{
3629:board/stm32f401rct6/Drivers/STM32F4xx_HAL_Driver/Inc/stm32f4xx_ll_adc.h ****   */
3630:board/stm32f401rct6/Drivers/STM32F4xx_HAL_Driver/Inc/stm32f4xx_ll_adc.h **** 
3631:board/stm32f401rct6/Drivers/STM32F4xx_HAL_Driver/Inc/stm32f4xx_ll_adc.h **** #if defined(ADC_MULTIMODE_SUPPORT)
3632:board/stm32f401rct6/Drivers/STM32F4xx_HAL_Driver/Inc/stm32f4xx_ll_adc.h **** /**
3633:board/stm32f401rct6/Drivers/STM32F4xx_HAL_Driver/Inc/stm32f4xx_ll_adc.h ****   * @brief  Set ADC multimode configuration to operate in independent mode
3634:board/stm32f401rct6/Drivers/STM32F4xx_HAL_Driver/Inc/stm32f4xx_ll_adc.h ****   *         or multimode (for devices with several ADC instances).
3635:board/stm32f401rct6/Drivers/STM32F4xx_HAL_Driver/Inc/stm32f4xx_ll_adc.h ****   * @note   If multimode configuration: the selected ADC instance is
3636:board/stm32f401rct6/Drivers/STM32F4xx_HAL_Driver/Inc/stm32f4xx_ll_adc.h ****   *         either master or slave depending on hardware.
3637:board/stm32f401rct6/Drivers/STM32F4xx_HAL_Driver/Inc/stm32f4xx_ll_adc.h ****   *         Refer to reference manual.
3638:board/stm32f401rct6/Drivers/STM32F4xx_HAL_Driver/Inc/stm32f4xx_ll_adc.h ****   * @rmtoll CCR      MULTI          LL_ADC_SetMultimode
3639:board/stm32f401rct6/Drivers/STM32F4xx_HAL_Driver/Inc/stm32f4xx_ll_adc.h ****   * @param  ADCxy_COMMON ADC common instance
3640:board/stm32f401rct6/Drivers/STM32F4xx_HAL_Driver/Inc/stm32f4xx_ll_adc.h ****   *         (can be set directly from CMSIS definition or by using helper macro @ref __LL_ADC_COMMO
3641:board/stm32f401rct6/Drivers/STM32F4xx_HAL_Driver/Inc/stm32f4xx_ll_adc.h ****   * @param  Multimode This parameter can be one of the following values:
3642:board/stm32f401rct6/Drivers/STM32F4xx_HAL_Driver/Inc/stm32f4xx_ll_adc.h ****   *         @arg @ref LL_ADC_MULTI_INDEPENDENT
3643:board/stm32f401rct6/Drivers/STM32F4xx_HAL_Driver/Inc/stm32f4xx_ll_adc.h ****   *         @arg @ref LL_ADC_MULTI_DUAL_REG_SIMULT
3644:board/stm32f401rct6/Drivers/STM32F4xx_HAL_Driver/Inc/stm32f4xx_ll_adc.h ****   *         @arg @ref LL_ADC_MULTI_DUAL_REG_INTERL
3645:board/stm32f401rct6/Drivers/STM32F4xx_HAL_Driver/Inc/stm32f4xx_ll_adc.h ****   *         @arg @ref LL_ADC_MULTI_DUAL_INJ_SIMULT
3646:board/stm32f401rct6/Drivers/STM32F4xx_HAL_Driver/Inc/stm32f4xx_ll_adc.h ****   *         @arg @ref LL_ADC_MULTI_DUAL_INJ_ALTERN
3647:board/stm32f401rct6/Drivers/STM32F4xx_HAL_Driver/Inc/stm32f4xx_ll_adc.h ****   *         @arg @ref LL_ADC_MULTI_DUAL_REG_SIM_INJ_SIM
3648:board/stm32f401rct6/Drivers/STM32F4xx_HAL_Driver/Inc/stm32f4xx_ll_adc.h ****   *         @arg @ref LL_ADC_MULTI_DUAL_REG_SIM_INJ_ALT
3649:board/stm32f401rct6/Drivers/STM32F4xx_HAL_Driver/Inc/stm32f4xx_ll_adc.h ****   *         @arg @ref LL_ADC_MULTI_DUAL_REG_INT_INJ_SIM
3650:board/stm32f401rct6/Drivers/STM32F4xx_HAL_Driver/Inc/stm32f4xx_ll_adc.h ****   *         @arg @ref LL_ADC_MULTI_TRIPLE_REG_SIM_INJ_SIM
3651:board/stm32f401rct6/Drivers/STM32F4xx_HAL_Driver/Inc/stm32f4xx_ll_adc.h ****   *         @arg @ref LL_ADC_MULTI_TRIPLE_REG_SIM_INJ_ALT
3652:board/stm32f401rct6/Drivers/STM32F4xx_HAL_Driver/Inc/stm32f4xx_ll_adc.h ****   *         @arg @ref LL_ADC_MULTI_TRIPLE_INJ_SIMULT
3653:board/stm32f401rct6/Drivers/STM32F4xx_HAL_Driver/Inc/stm32f4xx_ll_adc.h ****   *         @arg @ref LL_ADC_MULTI_TRIPLE_REG_SIMULT
3654:board/stm32f401rct6/Drivers/STM32F4xx_HAL_Driver/Inc/stm32f4xx_ll_adc.h ****   *         @arg @ref LL_ADC_MULTI_TRIPLE_REG_INTERL
3655:board/stm32f401rct6/Drivers/STM32F4xx_HAL_Driver/Inc/stm32f4xx_ll_adc.h ****   *         @arg @ref LL_ADC_MULTI_TRIPLE_INJ_ALTERN
3656:board/stm32f401rct6/Drivers/STM32F4xx_HAL_Driver/Inc/stm32f4xx_ll_adc.h ****   * @retval None
3657:board/stm32f401rct6/Drivers/STM32F4xx_HAL_Driver/Inc/stm32f4xx_ll_adc.h ****   */
ARM GAS  C:\Users\Admin\AppData\Local\Temp\ccHarYQc.s 			page 107


3658:board/stm32f401rct6/Drivers/STM32F4xx_HAL_Driver/Inc/stm32f4xx_ll_adc.h **** __STATIC_INLINE void LL_ADC_SetMultimode(ADC_Common_TypeDef *ADCxy_COMMON, uint32_t Multimode)
3659:board/stm32f401rct6/Drivers/STM32F4xx_HAL_Driver/Inc/stm32f4xx_ll_adc.h **** {
3660:board/stm32f401rct6/Drivers/STM32F4xx_HAL_Driver/Inc/stm32f4xx_ll_adc.h ****   MODIFY_REG(ADCxy_COMMON->CCR, ADC_CCR_MULTI, Multimode);
3661:board/stm32f401rct6/Drivers/STM32F4xx_HAL_Driver/Inc/stm32f4xx_ll_adc.h **** }
3662:board/stm32f401rct6/Drivers/STM32F4xx_HAL_Driver/Inc/stm32f4xx_ll_adc.h **** 
3663:board/stm32f401rct6/Drivers/STM32F4xx_HAL_Driver/Inc/stm32f4xx_ll_adc.h **** /**
3664:board/stm32f401rct6/Drivers/STM32F4xx_HAL_Driver/Inc/stm32f4xx_ll_adc.h ****   * @brief  Get ADC multimode configuration to operate in independent mode
3665:board/stm32f401rct6/Drivers/STM32F4xx_HAL_Driver/Inc/stm32f4xx_ll_adc.h ****   *         or multimode (for devices with several ADC instances).
3666:board/stm32f401rct6/Drivers/STM32F4xx_HAL_Driver/Inc/stm32f4xx_ll_adc.h ****   * @note   If multimode configuration: the selected ADC instance is
3667:board/stm32f401rct6/Drivers/STM32F4xx_HAL_Driver/Inc/stm32f4xx_ll_adc.h ****   *         either master or slave depending on hardware.
3668:board/stm32f401rct6/Drivers/STM32F4xx_HAL_Driver/Inc/stm32f4xx_ll_adc.h ****   *         Refer to reference manual.
3669:board/stm32f401rct6/Drivers/STM32F4xx_HAL_Driver/Inc/stm32f4xx_ll_adc.h ****   * @rmtoll CCR      MULTI          LL_ADC_GetMultimode
3670:board/stm32f401rct6/Drivers/STM32F4xx_HAL_Driver/Inc/stm32f4xx_ll_adc.h ****   * @param  ADCxy_COMMON ADC common instance
3671:board/stm32f401rct6/Drivers/STM32F4xx_HAL_Driver/Inc/stm32f4xx_ll_adc.h ****   *         (can be set directly from CMSIS definition or by using helper macro @ref __LL_ADC_COMMO
3672:board/stm32f401rct6/Drivers/STM32F4xx_HAL_Driver/Inc/stm32f4xx_ll_adc.h ****   * @retval Returned value can be one of the following values:
3673:board/stm32f401rct6/Drivers/STM32F4xx_HAL_Driver/Inc/stm32f4xx_ll_adc.h ****   *         @arg @ref LL_ADC_MULTI_INDEPENDENT
3674:board/stm32f401rct6/Drivers/STM32F4xx_HAL_Driver/Inc/stm32f4xx_ll_adc.h ****   *         @arg @ref LL_ADC_MULTI_DUAL_REG_SIMULT
3675:board/stm32f401rct6/Drivers/STM32F4xx_HAL_Driver/Inc/stm32f4xx_ll_adc.h ****   *         @arg @ref LL_ADC_MULTI_DUAL_REG_INTERL
3676:board/stm32f401rct6/Drivers/STM32F4xx_HAL_Driver/Inc/stm32f4xx_ll_adc.h ****   *         @arg @ref LL_ADC_MULTI_DUAL_INJ_SIMULT
3677:board/stm32f401rct6/Drivers/STM32F4xx_HAL_Driver/Inc/stm32f4xx_ll_adc.h ****   *         @arg @ref LL_ADC_MULTI_DUAL_INJ_ALTERN
3678:board/stm32f401rct6/Drivers/STM32F4xx_HAL_Driver/Inc/stm32f4xx_ll_adc.h ****   *         @arg @ref LL_ADC_MULTI_DUAL_REG_SIM_INJ_SIM
3679:board/stm32f401rct6/Drivers/STM32F4xx_HAL_Driver/Inc/stm32f4xx_ll_adc.h ****   *         @arg @ref LL_ADC_MULTI_DUAL_REG_SIM_INJ_ALT
3680:board/stm32f401rct6/Drivers/STM32F4xx_HAL_Driver/Inc/stm32f4xx_ll_adc.h ****   *         @arg @ref LL_ADC_MULTI_DUAL_REG_INT_INJ_SIM
3681:board/stm32f401rct6/Drivers/STM32F4xx_HAL_Driver/Inc/stm32f4xx_ll_adc.h ****   *         @arg @ref LL_ADC_MULTI_TRIPLE_REG_SIM_INJ_SIM
3682:board/stm32f401rct6/Drivers/STM32F4xx_HAL_Driver/Inc/stm32f4xx_ll_adc.h ****   *         @arg @ref LL_ADC_MULTI_TRIPLE_REG_SIM_INJ_ALT
3683:board/stm32f401rct6/Drivers/STM32F4xx_HAL_Driver/Inc/stm32f4xx_ll_adc.h ****   *         @arg @ref LL_ADC_MULTI_TRIPLE_INJ_SIMULT
3684:board/stm32f401rct6/Drivers/STM32F4xx_HAL_Driver/Inc/stm32f4xx_ll_adc.h ****   *         @arg @ref LL_ADC_MULTI_TRIPLE_REG_SIMULT
3685:board/stm32f401rct6/Drivers/STM32F4xx_HAL_Driver/Inc/stm32f4xx_ll_adc.h ****   *         @arg @ref LL_ADC_MULTI_TRIPLE_REG_INTERL
3686:board/stm32f401rct6/Drivers/STM32F4xx_HAL_Driver/Inc/stm32f4xx_ll_adc.h ****   *         @arg @ref LL_ADC_MULTI_TRIPLE_INJ_ALTERN
3687:board/stm32f401rct6/Drivers/STM32F4xx_HAL_Driver/Inc/stm32f4xx_ll_adc.h ****   */
3688:board/stm32f401rct6/Drivers/STM32F4xx_HAL_Driver/Inc/stm32f4xx_ll_adc.h **** __STATIC_INLINE uint32_t LL_ADC_GetMultimode(const ADC_Common_TypeDef *ADCxy_COMMON)
3689:board/stm32f401rct6/Drivers/STM32F4xx_HAL_Driver/Inc/stm32f4xx_ll_adc.h **** {
3690:board/stm32f401rct6/Drivers/STM32F4xx_HAL_Driver/Inc/stm32f4xx_ll_adc.h ****   return (uint32_t)(READ_BIT(ADCxy_COMMON->CCR, ADC_CCR_MULTI));
3691:board/stm32f401rct6/Drivers/STM32F4xx_HAL_Driver/Inc/stm32f4xx_ll_adc.h **** }
3692:board/stm32f401rct6/Drivers/STM32F4xx_HAL_Driver/Inc/stm32f4xx_ll_adc.h **** 
3693:board/stm32f401rct6/Drivers/STM32F4xx_HAL_Driver/Inc/stm32f4xx_ll_adc.h **** /**
3694:board/stm32f401rct6/Drivers/STM32F4xx_HAL_Driver/Inc/stm32f4xx_ll_adc.h ****   * @brief  Set ADC multimode conversion data transfer: no transfer
3695:board/stm32f401rct6/Drivers/STM32F4xx_HAL_Driver/Inc/stm32f4xx_ll_adc.h ****   *         or transfer by DMA.
3696:board/stm32f401rct6/Drivers/STM32F4xx_HAL_Driver/Inc/stm32f4xx_ll_adc.h ****   * @note   If ADC multimode transfer by DMA is not selected:
3697:board/stm32f401rct6/Drivers/STM32F4xx_HAL_Driver/Inc/stm32f4xx_ll_adc.h ****   *         each ADC uses its own DMA channel, with its individual
3698:board/stm32f401rct6/Drivers/STM32F4xx_HAL_Driver/Inc/stm32f4xx_ll_adc.h ****   *         DMA transfer settings.
3699:board/stm32f401rct6/Drivers/STM32F4xx_HAL_Driver/Inc/stm32f4xx_ll_adc.h ****   *         If ADC multimode transfer by DMA is selected:
3700:board/stm32f401rct6/Drivers/STM32F4xx_HAL_Driver/Inc/stm32f4xx_ll_adc.h ****   *         One DMA channel is used for both ADC (DMA of ADC master)
3701:board/stm32f401rct6/Drivers/STM32F4xx_HAL_Driver/Inc/stm32f4xx_ll_adc.h ****   *         Specifies the DMA requests mode:
3702:board/stm32f401rct6/Drivers/STM32F4xx_HAL_Driver/Inc/stm32f4xx_ll_adc.h ****   *         - Limited mode (One shot mode): DMA transfer requests are stopped
3703:board/stm32f401rct6/Drivers/STM32F4xx_HAL_Driver/Inc/stm32f4xx_ll_adc.h ****   *           when number of DMA data transfers (number of
3704:board/stm32f401rct6/Drivers/STM32F4xx_HAL_Driver/Inc/stm32f4xx_ll_adc.h ****   *           ADC conversions) is reached.
3705:board/stm32f401rct6/Drivers/STM32F4xx_HAL_Driver/Inc/stm32f4xx_ll_adc.h ****   *           This ADC mode is intended to be used with DMA mode non-circular.
3706:board/stm32f401rct6/Drivers/STM32F4xx_HAL_Driver/Inc/stm32f4xx_ll_adc.h ****   *         - Unlimited mode: DMA transfer requests are unlimited,
3707:board/stm32f401rct6/Drivers/STM32F4xx_HAL_Driver/Inc/stm32f4xx_ll_adc.h ****   *           whatever number of DMA data transfers (number of
3708:board/stm32f401rct6/Drivers/STM32F4xx_HAL_Driver/Inc/stm32f4xx_ll_adc.h ****   *           ADC conversions).
3709:board/stm32f401rct6/Drivers/STM32F4xx_HAL_Driver/Inc/stm32f4xx_ll_adc.h ****   *           This ADC mode is intended to be used with DMA mode circular.
3710:board/stm32f401rct6/Drivers/STM32F4xx_HAL_Driver/Inc/stm32f4xx_ll_adc.h ****   * @note   If ADC DMA requests mode is set to unlimited and DMA is set to
3711:board/stm32f401rct6/Drivers/STM32F4xx_HAL_Driver/Inc/stm32f4xx_ll_adc.h ****   *         mode non-circular:
3712:board/stm32f401rct6/Drivers/STM32F4xx_HAL_Driver/Inc/stm32f4xx_ll_adc.h ****   *         when DMA transfers size will be reached, DMA will stop transfers of
3713:board/stm32f401rct6/Drivers/STM32F4xx_HAL_Driver/Inc/stm32f4xx_ll_adc.h ****   *         ADC conversions data ADC will raise an overrun error
3714:board/stm32f401rct6/Drivers/STM32F4xx_HAL_Driver/Inc/stm32f4xx_ll_adc.h ****   *         (overrun flag and interruption if enabled).
ARM GAS  C:\Users\Admin\AppData\Local\Temp\ccHarYQc.s 			page 108


3715:board/stm32f401rct6/Drivers/STM32F4xx_HAL_Driver/Inc/stm32f4xx_ll_adc.h ****   * @note   How to retrieve multimode conversion data:
3716:board/stm32f401rct6/Drivers/STM32F4xx_HAL_Driver/Inc/stm32f4xx_ll_adc.h ****   *         Whatever multimode transfer by DMA setting: using function
3717:board/stm32f401rct6/Drivers/STM32F4xx_HAL_Driver/Inc/stm32f4xx_ll_adc.h ****   *         @ref LL_ADC_REG_ReadMultiConversionData32().
3718:board/stm32f401rct6/Drivers/STM32F4xx_HAL_Driver/Inc/stm32f4xx_ll_adc.h ****   *         If ADC multimode transfer by DMA is selected: conversion data
3719:board/stm32f401rct6/Drivers/STM32F4xx_HAL_Driver/Inc/stm32f4xx_ll_adc.h ****   *         is a raw data with ADC master and slave concatenated.
3720:board/stm32f401rct6/Drivers/STM32F4xx_HAL_Driver/Inc/stm32f4xx_ll_adc.h ****   *         A macro is available to get the conversion data of
3721:board/stm32f401rct6/Drivers/STM32F4xx_HAL_Driver/Inc/stm32f4xx_ll_adc.h ****   *         ADC master or ADC slave: see helper macro
3722:board/stm32f401rct6/Drivers/STM32F4xx_HAL_Driver/Inc/stm32f4xx_ll_adc.h ****   *         @ref __LL_ADC_MULTI_CONV_DATA_MASTER_SLAVE().
3723:board/stm32f401rct6/Drivers/STM32F4xx_HAL_Driver/Inc/stm32f4xx_ll_adc.h ****   * @rmtoll CCR      MDMA           LL_ADC_SetMultiDMATransfer\n
3724:board/stm32f401rct6/Drivers/STM32F4xx_HAL_Driver/Inc/stm32f4xx_ll_adc.h ****   *         CCR      DDS            LL_ADC_SetMultiDMATransfer
3725:board/stm32f401rct6/Drivers/STM32F4xx_HAL_Driver/Inc/stm32f4xx_ll_adc.h ****   * @param  ADCxy_COMMON ADC common instance
3726:board/stm32f401rct6/Drivers/STM32F4xx_HAL_Driver/Inc/stm32f4xx_ll_adc.h ****   *         (can be set directly from CMSIS definition or by using helper macro @ref __LL_ADC_COMMO
3727:board/stm32f401rct6/Drivers/STM32F4xx_HAL_Driver/Inc/stm32f4xx_ll_adc.h ****   * @param  MultiDMATransfer This parameter can be one of the following values:
3728:board/stm32f401rct6/Drivers/STM32F4xx_HAL_Driver/Inc/stm32f4xx_ll_adc.h ****   *         @arg @ref LL_ADC_MULTI_REG_DMA_EACH_ADC
3729:board/stm32f401rct6/Drivers/STM32F4xx_HAL_Driver/Inc/stm32f4xx_ll_adc.h ****   *         @arg @ref LL_ADC_MULTI_REG_DMA_LIMIT_1
3730:board/stm32f401rct6/Drivers/STM32F4xx_HAL_Driver/Inc/stm32f4xx_ll_adc.h ****   *         @arg @ref LL_ADC_MULTI_REG_DMA_LIMIT_2
3731:board/stm32f401rct6/Drivers/STM32F4xx_HAL_Driver/Inc/stm32f4xx_ll_adc.h ****   *         @arg @ref LL_ADC_MULTI_REG_DMA_LIMIT_3
3732:board/stm32f401rct6/Drivers/STM32F4xx_HAL_Driver/Inc/stm32f4xx_ll_adc.h ****   *         @arg @ref LL_ADC_MULTI_REG_DMA_UNLMT_1
3733:board/stm32f401rct6/Drivers/STM32F4xx_HAL_Driver/Inc/stm32f4xx_ll_adc.h ****   *         @arg @ref LL_ADC_MULTI_REG_DMA_UNLMT_2
3734:board/stm32f401rct6/Drivers/STM32F4xx_HAL_Driver/Inc/stm32f4xx_ll_adc.h ****   *         @arg @ref LL_ADC_MULTI_REG_DMA_UNLMT_3
3735:board/stm32f401rct6/Drivers/STM32F4xx_HAL_Driver/Inc/stm32f4xx_ll_adc.h ****   * @retval None
3736:board/stm32f401rct6/Drivers/STM32F4xx_HAL_Driver/Inc/stm32f4xx_ll_adc.h ****   */
3737:board/stm32f401rct6/Drivers/STM32F4xx_HAL_Driver/Inc/stm32f4xx_ll_adc.h **** __STATIC_INLINE void LL_ADC_SetMultiDMATransfer(ADC_Common_TypeDef *ADCxy_COMMON, uint32_t MultiDMA
3738:board/stm32f401rct6/Drivers/STM32F4xx_HAL_Driver/Inc/stm32f4xx_ll_adc.h **** {
3739:board/stm32f401rct6/Drivers/STM32F4xx_HAL_Driver/Inc/stm32f4xx_ll_adc.h ****   MODIFY_REG(ADCxy_COMMON->CCR, ADC_CCR_DMA | ADC_CCR_DDS, MultiDMATransfer);
3740:board/stm32f401rct6/Drivers/STM32F4xx_HAL_Driver/Inc/stm32f4xx_ll_adc.h **** }
3741:board/stm32f401rct6/Drivers/STM32F4xx_HAL_Driver/Inc/stm32f4xx_ll_adc.h **** 
3742:board/stm32f401rct6/Drivers/STM32F4xx_HAL_Driver/Inc/stm32f4xx_ll_adc.h **** /**
3743:board/stm32f401rct6/Drivers/STM32F4xx_HAL_Driver/Inc/stm32f4xx_ll_adc.h ****   * @brief  Get ADC multimode conversion data transfer: no transfer
3744:board/stm32f401rct6/Drivers/STM32F4xx_HAL_Driver/Inc/stm32f4xx_ll_adc.h ****   *         or transfer by DMA.
3745:board/stm32f401rct6/Drivers/STM32F4xx_HAL_Driver/Inc/stm32f4xx_ll_adc.h ****   * @note   If ADC multimode transfer by DMA is not selected:
3746:board/stm32f401rct6/Drivers/STM32F4xx_HAL_Driver/Inc/stm32f4xx_ll_adc.h ****   *         each ADC uses its own DMA channel, with its individual
3747:board/stm32f401rct6/Drivers/STM32F4xx_HAL_Driver/Inc/stm32f4xx_ll_adc.h ****   *         DMA transfer settings.
3748:board/stm32f401rct6/Drivers/STM32F4xx_HAL_Driver/Inc/stm32f4xx_ll_adc.h ****   *         If ADC multimode transfer by DMA is selected:
3749:board/stm32f401rct6/Drivers/STM32F4xx_HAL_Driver/Inc/stm32f4xx_ll_adc.h ****   *         One DMA channel is used for both ADC (DMA of ADC master)
3750:board/stm32f401rct6/Drivers/STM32F4xx_HAL_Driver/Inc/stm32f4xx_ll_adc.h ****   *         Specifies the DMA requests mode:
3751:board/stm32f401rct6/Drivers/STM32F4xx_HAL_Driver/Inc/stm32f4xx_ll_adc.h ****   *         - Limited mode (One shot mode): DMA transfer requests are stopped
3752:board/stm32f401rct6/Drivers/STM32F4xx_HAL_Driver/Inc/stm32f4xx_ll_adc.h ****   *           when number of DMA data transfers (number of
3753:board/stm32f401rct6/Drivers/STM32F4xx_HAL_Driver/Inc/stm32f4xx_ll_adc.h ****   *           ADC conversions) is reached.
3754:board/stm32f401rct6/Drivers/STM32F4xx_HAL_Driver/Inc/stm32f4xx_ll_adc.h ****   *           This ADC mode is intended to be used with DMA mode non-circular.
3755:board/stm32f401rct6/Drivers/STM32F4xx_HAL_Driver/Inc/stm32f4xx_ll_adc.h ****   *         - Unlimited mode: DMA transfer requests are unlimited,
3756:board/stm32f401rct6/Drivers/STM32F4xx_HAL_Driver/Inc/stm32f4xx_ll_adc.h ****   *           whatever number of DMA data transfers (number of
3757:board/stm32f401rct6/Drivers/STM32F4xx_HAL_Driver/Inc/stm32f4xx_ll_adc.h ****   *           ADC conversions).
3758:board/stm32f401rct6/Drivers/STM32F4xx_HAL_Driver/Inc/stm32f4xx_ll_adc.h ****   *           This ADC mode is intended to be used with DMA mode circular.
3759:board/stm32f401rct6/Drivers/STM32F4xx_HAL_Driver/Inc/stm32f4xx_ll_adc.h ****   * @note   If ADC DMA requests mode is set to unlimited and DMA is set to
3760:board/stm32f401rct6/Drivers/STM32F4xx_HAL_Driver/Inc/stm32f4xx_ll_adc.h ****   *         mode non-circular:
3761:board/stm32f401rct6/Drivers/STM32F4xx_HAL_Driver/Inc/stm32f4xx_ll_adc.h ****   *         when DMA transfers size will be reached, DMA will stop transfers of
3762:board/stm32f401rct6/Drivers/STM32F4xx_HAL_Driver/Inc/stm32f4xx_ll_adc.h ****   *         ADC conversions data ADC will raise an overrun error
3763:board/stm32f401rct6/Drivers/STM32F4xx_HAL_Driver/Inc/stm32f4xx_ll_adc.h ****   *         (overrun flag and interruption if enabled).
3764:board/stm32f401rct6/Drivers/STM32F4xx_HAL_Driver/Inc/stm32f4xx_ll_adc.h ****   * @note   How to retrieve multimode conversion data:
3765:board/stm32f401rct6/Drivers/STM32F4xx_HAL_Driver/Inc/stm32f4xx_ll_adc.h ****   *         Whatever multimode transfer by DMA setting: using function
3766:board/stm32f401rct6/Drivers/STM32F4xx_HAL_Driver/Inc/stm32f4xx_ll_adc.h ****   *         @ref LL_ADC_REG_ReadMultiConversionData32().
3767:board/stm32f401rct6/Drivers/STM32F4xx_HAL_Driver/Inc/stm32f4xx_ll_adc.h ****   *         If ADC multimode transfer by DMA is selected: conversion data
3768:board/stm32f401rct6/Drivers/STM32F4xx_HAL_Driver/Inc/stm32f4xx_ll_adc.h ****   *         is a raw data with ADC master and slave concatenated.
3769:board/stm32f401rct6/Drivers/STM32F4xx_HAL_Driver/Inc/stm32f4xx_ll_adc.h ****   *         A macro is available to get the conversion data of
3770:board/stm32f401rct6/Drivers/STM32F4xx_HAL_Driver/Inc/stm32f4xx_ll_adc.h ****   *         ADC master or ADC slave: see helper macro
3771:board/stm32f401rct6/Drivers/STM32F4xx_HAL_Driver/Inc/stm32f4xx_ll_adc.h ****   *         @ref __LL_ADC_MULTI_CONV_DATA_MASTER_SLAVE().
ARM GAS  C:\Users\Admin\AppData\Local\Temp\ccHarYQc.s 			page 109


3772:board/stm32f401rct6/Drivers/STM32F4xx_HAL_Driver/Inc/stm32f4xx_ll_adc.h ****   * @rmtoll CCR      MDMA           LL_ADC_GetMultiDMATransfer\n
3773:board/stm32f401rct6/Drivers/STM32F4xx_HAL_Driver/Inc/stm32f4xx_ll_adc.h ****   *         CCR      DDS            LL_ADC_GetMultiDMATransfer
3774:board/stm32f401rct6/Drivers/STM32F4xx_HAL_Driver/Inc/stm32f4xx_ll_adc.h ****   * @param  ADCxy_COMMON ADC common instance
3775:board/stm32f401rct6/Drivers/STM32F4xx_HAL_Driver/Inc/stm32f4xx_ll_adc.h ****   *         (can be set directly from CMSIS definition or by using helper macro @ref __LL_ADC_COMMO
3776:board/stm32f401rct6/Drivers/STM32F4xx_HAL_Driver/Inc/stm32f4xx_ll_adc.h ****   * @retval Returned value can be one of the following values:
3777:board/stm32f401rct6/Drivers/STM32F4xx_HAL_Driver/Inc/stm32f4xx_ll_adc.h ****   *         @arg @ref LL_ADC_MULTI_REG_DMA_EACH_ADC
3778:board/stm32f401rct6/Drivers/STM32F4xx_HAL_Driver/Inc/stm32f4xx_ll_adc.h ****   *         @arg @ref LL_ADC_MULTI_REG_DMA_LIMIT_1
3779:board/stm32f401rct6/Drivers/STM32F4xx_HAL_Driver/Inc/stm32f4xx_ll_adc.h ****   *         @arg @ref LL_ADC_MULTI_REG_DMA_LIMIT_2
3780:board/stm32f401rct6/Drivers/STM32F4xx_HAL_Driver/Inc/stm32f4xx_ll_adc.h ****   *         @arg @ref LL_ADC_MULTI_REG_DMA_LIMIT_3
3781:board/stm32f401rct6/Drivers/STM32F4xx_HAL_Driver/Inc/stm32f4xx_ll_adc.h ****   *         @arg @ref LL_ADC_MULTI_REG_DMA_UNLMT_1
3782:board/stm32f401rct6/Drivers/STM32F4xx_HAL_Driver/Inc/stm32f4xx_ll_adc.h ****   *         @arg @ref LL_ADC_MULTI_REG_DMA_UNLMT_2
3783:board/stm32f401rct6/Drivers/STM32F4xx_HAL_Driver/Inc/stm32f4xx_ll_adc.h ****   *         @arg @ref LL_ADC_MULTI_REG_DMA_UNLMT_3
3784:board/stm32f401rct6/Drivers/STM32F4xx_HAL_Driver/Inc/stm32f4xx_ll_adc.h ****   */
3785:board/stm32f401rct6/Drivers/STM32F4xx_HAL_Driver/Inc/stm32f4xx_ll_adc.h **** __STATIC_INLINE uint32_t LL_ADC_GetMultiDMATransfer(const ADC_Common_TypeDef *ADCxy_COMMON)
3786:board/stm32f401rct6/Drivers/STM32F4xx_HAL_Driver/Inc/stm32f4xx_ll_adc.h **** {
3787:board/stm32f401rct6/Drivers/STM32F4xx_HAL_Driver/Inc/stm32f4xx_ll_adc.h ****   return (uint32_t)(READ_BIT(ADCxy_COMMON->CCR, ADC_CCR_DMA | ADC_CCR_DDS));
3788:board/stm32f401rct6/Drivers/STM32F4xx_HAL_Driver/Inc/stm32f4xx_ll_adc.h **** }
3789:board/stm32f401rct6/Drivers/STM32F4xx_HAL_Driver/Inc/stm32f4xx_ll_adc.h **** 
3790:board/stm32f401rct6/Drivers/STM32F4xx_HAL_Driver/Inc/stm32f4xx_ll_adc.h **** /**
3791:board/stm32f401rct6/Drivers/STM32F4xx_HAL_Driver/Inc/stm32f4xx_ll_adc.h ****   * @brief  Set ADC multimode delay between 2 sampling phases.
3792:board/stm32f401rct6/Drivers/STM32F4xx_HAL_Driver/Inc/stm32f4xx_ll_adc.h ****   * @note   The sampling delay range depends on ADC resolution:
3793:board/stm32f401rct6/Drivers/STM32F4xx_HAL_Driver/Inc/stm32f4xx_ll_adc.h ****   *         - ADC resolution 12 bits can have maximum delay of 12 cycles.
3794:board/stm32f401rct6/Drivers/STM32F4xx_HAL_Driver/Inc/stm32f4xx_ll_adc.h ****   *         - ADC resolution 10 bits can have maximum delay of 10 cycles.
3795:board/stm32f401rct6/Drivers/STM32F4xx_HAL_Driver/Inc/stm32f4xx_ll_adc.h ****   *         - ADC resolution  8 bits can have maximum delay of  8 cycles.
3796:board/stm32f401rct6/Drivers/STM32F4xx_HAL_Driver/Inc/stm32f4xx_ll_adc.h ****   *         - ADC resolution  6 bits can have maximum delay of  6 cycles.
3797:board/stm32f401rct6/Drivers/STM32F4xx_HAL_Driver/Inc/stm32f4xx_ll_adc.h ****   * @rmtoll CCR      DELAY          LL_ADC_SetMultiTwoSamplingDelay
3798:board/stm32f401rct6/Drivers/STM32F4xx_HAL_Driver/Inc/stm32f4xx_ll_adc.h ****   * @param  ADCxy_COMMON ADC common instance
3799:board/stm32f401rct6/Drivers/STM32F4xx_HAL_Driver/Inc/stm32f4xx_ll_adc.h ****   *         (can be set directly from CMSIS definition or by using helper macro @ref __LL_ADC_COMMO
3800:board/stm32f401rct6/Drivers/STM32F4xx_HAL_Driver/Inc/stm32f4xx_ll_adc.h ****   * @param  MultiTwoSamplingDelay This parameter can be one of the following values:
3801:board/stm32f401rct6/Drivers/STM32F4xx_HAL_Driver/Inc/stm32f4xx_ll_adc.h ****   *         @arg @ref LL_ADC_MULTI_TWOSMP_DELAY_5CYCLES
3802:board/stm32f401rct6/Drivers/STM32F4xx_HAL_Driver/Inc/stm32f4xx_ll_adc.h ****   *         @arg @ref LL_ADC_MULTI_TWOSMP_DELAY_6CYCLES
3803:board/stm32f401rct6/Drivers/STM32F4xx_HAL_Driver/Inc/stm32f4xx_ll_adc.h ****   *         @arg @ref LL_ADC_MULTI_TWOSMP_DELAY_7CYCLES
3804:board/stm32f401rct6/Drivers/STM32F4xx_HAL_Driver/Inc/stm32f4xx_ll_adc.h ****   *         @arg @ref LL_ADC_MULTI_TWOSMP_DELAY_8CYCLES
3805:board/stm32f401rct6/Drivers/STM32F4xx_HAL_Driver/Inc/stm32f4xx_ll_adc.h ****   *         @arg @ref LL_ADC_MULTI_TWOSMP_DELAY_9CYCLES
3806:board/stm32f401rct6/Drivers/STM32F4xx_HAL_Driver/Inc/stm32f4xx_ll_adc.h ****   *         @arg @ref LL_ADC_MULTI_TWOSMP_DELAY_10CYCLES
3807:board/stm32f401rct6/Drivers/STM32F4xx_HAL_Driver/Inc/stm32f4xx_ll_adc.h ****   *         @arg @ref LL_ADC_MULTI_TWOSMP_DELAY_11CYCLES
3808:board/stm32f401rct6/Drivers/STM32F4xx_HAL_Driver/Inc/stm32f4xx_ll_adc.h ****   *         @arg @ref LL_ADC_MULTI_TWOSMP_DELAY_12CYCLES
3809:board/stm32f401rct6/Drivers/STM32F4xx_HAL_Driver/Inc/stm32f4xx_ll_adc.h ****   *         @arg @ref LL_ADC_MULTI_TWOSMP_DELAY_13CYCLES
3810:board/stm32f401rct6/Drivers/STM32F4xx_HAL_Driver/Inc/stm32f4xx_ll_adc.h ****   *         @arg @ref LL_ADC_MULTI_TWOSMP_DELAY_14CYCLES
3811:board/stm32f401rct6/Drivers/STM32F4xx_HAL_Driver/Inc/stm32f4xx_ll_adc.h ****   *         @arg @ref LL_ADC_MULTI_TWOSMP_DELAY_15CYCLES
3812:board/stm32f401rct6/Drivers/STM32F4xx_HAL_Driver/Inc/stm32f4xx_ll_adc.h ****   *         @arg @ref LL_ADC_MULTI_TWOSMP_DELAY_16CYCLES
3813:board/stm32f401rct6/Drivers/STM32F4xx_HAL_Driver/Inc/stm32f4xx_ll_adc.h ****   *         @arg @ref LL_ADC_MULTI_TWOSMP_DELAY_17CYCLES
3814:board/stm32f401rct6/Drivers/STM32F4xx_HAL_Driver/Inc/stm32f4xx_ll_adc.h ****   *         @arg @ref LL_ADC_MULTI_TWOSMP_DELAY_18CYCLES
3815:board/stm32f401rct6/Drivers/STM32F4xx_HAL_Driver/Inc/stm32f4xx_ll_adc.h ****   *         @arg @ref LL_ADC_MULTI_TWOSMP_DELAY_19CYCLES
3816:board/stm32f401rct6/Drivers/STM32F4xx_HAL_Driver/Inc/stm32f4xx_ll_adc.h ****   *         @arg @ref LL_ADC_MULTI_TWOSMP_DELAY_20CYCLES
3817:board/stm32f401rct6/Drivers/STM32F4xx_HAL_Driver/Inc/stm32f4xx_ll_adc.h ****   * @retval None
3818:board/stm32f401rct6/Drivers/STM32F4xx_HAL_Driver/Inc/stm32f4xx_ll_adc.h ****   */
3819:board/stm32f401rct6/Drivers/STM32F4xx_HAL_Driver/Inc/stm32f4xx_ll_adc.h **** __STATIC_INLINE void LL_ADC_SetMultiTwoSamplingDelay(ADC_Common_TypeDef *ADCxy_COMMON, uint32_t Mul
3820:board/stm32f401rct6/Drivers/STM32F4xx_HAL_Driver/Inc/stm32f4xx_ll_adc.h **** {
3821:board/stm32f401rct6/Drivers/STM32F4xx_HAL_Driver/Inc/stm32f4xx_ll_adc.h ****   MODIFY_REG(ADCxy_COMMON->CCR, ADC_CCR_DELAY, MultiTwoSamplingDelay);
3822:board/stm32f401rct6/Drivers/STM32F4xx_HAL_Driver/Inc/stm32f4xx_ll_adc.h **** }
3823:board/stm32f401rct6/Drivers/STM32F4xx_HAL_Driver/Inc/stm32f4xx_ll_adc.h **** 
3824:board/stm32f401rct6/Drivers/STM32F4xx_HAL_Driver/Inc/stm32f4xx_ll_adc.h **** /**
3825:board/stm32f401rct6/Drivers/STM32F4xx_HAL_Driver/Inc/stm32f4xx_ll_adc.h ****   * @brief  Get ADC multimode delay between 2 sampling phases.
3826:board/stm32f401rct6/Drivers/STM32F4xx_HAL_Driver/Inc/stm32f4xx_ll_adc.h ****   * @rmtoll CCR      DELAY          LL_ADC_GetMultiTwoSamplingDelay
3827:board/stm32f401rct6/Drivers/STM32F4xx_HAL_Driver/Inc/stm32f4xx_ll_adc.h ****   * @param  ADCxy_COMMON ADC common instance
3828:board/stm32f401rct6/Drivers/STM32F4xx_HAL_Driver/Inc/stm32f4xx_ll_adc.h ****   *         (can be set directly from CMSIS definition or by using helper macro @ref __LL_ADC_COMMO
ARM GAS  C:\Users\Admin\AppData\Local\Temp\ccHarYQc.s 			page 110


3829:board/stm32f401rct6/Drivers/STM32F4xx_HAL_Driver/Inc/stm32f4xx_ll_adc.h ****   * @retval Returned value can be one of the following values:
3830:board/stm32f401rct6/Drivers/STM32F4xx_HAL_Driver/Inc/stm32f4xx_ll_adc.h ****   *         @arg @ref LL_ADC_MULTI_TWOSMP_DELAY_5CYCLES
3831:board/stm32f401rct6/Drivers/STM32F4xx_HAL_Driver/Inc/stm32f4xx_ll_adc.h ****   *         @arg @ref LL_ADC_MULTI_TWOSMP_DELAY_6CYCLES
3832:board/stm32f401rct6/Drivers/STM32F4xx_HAL_Driver/Inc/stm32f4xx_ll_adc.h ****   *         @arg @ref LL_ADC_MULTI_TWOSMP_DELAY_7CYCLES
3833:board/stm32f401rct6/Drivers/STM32F4xx_HAL_Driver/Inc/stm32f4xx_ll_adc.h ****   *         @arg @ref LL_ADC_MULTI_TWOSMP_DELAY_8CYCLES
3834:board/stm32f401rct6/Drivers/STM32F4xx_HAL_Driver/Inc/stm32f4xx_ll_adc.h ****   *         @arg @ref LL_ADC_MULTI_TWOSMP_DELAY_9CYCLES
3835:board/stm32f401rct6/Drivers/STM32F4xx_HAL_Driver/Inc/stm32f4xx_ll_adc.h ****   *         @arg @ref LL_ADC_MULTI_TWOSMP_DELAY_10CYCLES
3836:board/stm32f401rct6/Drivers/STM32F4xx_HAL_Driver/Inc/stm32f4xx_ll_adc.h ****   *         @arg @ref LL_ADC_MULTI_TWOSMP_DELAY_11CYCLES
3837:board/stm32f401rct6/Drivers/STM32F4xx_HAL_Driver/Inc/stm32f4xx_ll_adc.h ****   *         @arg @ref LL_ADC_MULTI_TWOSMP_DELAY_12CYCLES
3838:board/stm32f401rct6/Drivers/STM32F4xx_HAL_Driver/Inc/stm32f4xx_ll_adc.h ****   *         @arg @ref LL_ADC_MULTI_TWOSMP_DELAY_13CYCLES
3839:board/stm32f401rct6/Drivers/STM32F4xx_HAL_Driver/Inc/stm32f4xx_ll_adc.h ****   *         @arg @ref LL_ADC_MULTI_TWOSMP_DELAY_14CYCLES
3840:board/stm32f401rct6/Drivers/STM32F4xx_HAL_Driver/Inc/stm32f4xx_ll_adc.h ****   *         @arg @ref LL_ADC_MULTI_TWOSMP_DELAY_15CYCLES
3841:board/stm32f401rct6/Drivers/STM32F4xx_HAL_Driver/Inc/stm32f4xx_ll_adc.h ****   *         @arg @ref LL_ADC_MULTI_TWOSMP_DELAY_16CYCLES
3842:board/stm32f401rct6/Drivers/STM32F4xx_HAL_Driver/Inc/stm32f4xx_ll_adc.h ****   *         @arg @ref LL_ADC_MULTI_TWOSMP_DELAY_17CYCLES
3843:board/stm32f401rct6/Drivers/STM32F4xx_HAL_Driver/Inc/stm32f4xx_ll_adc.h ****   *         @arg @ref LL_ADC_MULTI_TWOSMP_DELAY_18CYCLES
3844:board/stm32f401rct6/Drivers/STM32F4xx_HAL_Driver/Inc/stm32f4xx_ll_adc.h ****   *         @arg @ref LL_ADC_MULTI_TWOSMP_DELAY_19CYCLES
3845:board/stm32f401rct6/Drivers/STM32F4xx_HAL_Driver/Inc/stm32f4xx_ll_adc.h ****   *         @arg @ref LL_ADC_MULTI_TWOSMP_DELAY_20CYCLES
3846:board/stm32f401rct6/Drivers/STM32F4xx_HAL_Driver/Inc/stm32f4xx_ll_adc.h ****   */
3847:board/stm32f401rct6/Drivers/STM32F4xx_HAL_Driver/Inc/stm32f4xx_ll_adc.h **** __STATIC_INLINE uint32_t LL_ADC_GetMultiTwoSamplingDelay(const ADC_Common_TypeDef *ADCxy_COMMON)
3848:board/stm32f401rct6/Drivers/STM32F4xx_HAL_Driver/Inc/stm32f4xx_ll_adc.h **** {
3849:board/stm32f401rct6/Drivers/STM32F4xx_HAL_Driver/Inc/stm32f4xx_ll_adc.h ****   return (uint32_t)(READ_BIT(ADCxy_COMMON->CCR, ADC_CCR_DELAY));
3850:board/stm32f401rct6/Drivers/STM32F4xx_HAL_Driver/Inc/stm32f4xx_ll_adc.h **** }
3851:board/stm32f401rct6/Drivers/STM32F4xx_HAL_Driver/Inc/stm32f4xx_ll_adc.h **** #endif /* ADC_MULTIMODE_SUPPORT */
3852:board/stm32f401rct6/Drivers/STM32F4xx_HAL_Driver/Inc/stm32f4xx_ll_adc.h **** 
3853:board/stm32f401rct6/Drivers/STM32F4xx_HAL_Driver/Inc/stm32f4xx_ll_adc.h **** /**
3854:board/stm32f401rct6/Drivers/STM32F4xx_HAL_Driver/Inc/stm32f4xx_ll_adc.h ****   * @}
3855:board/stm32f401rct6/Drivers/STM32F4xx_HAL_Driver/Inc/stm32f4xx_ll_adc.h ****   */
3856:board/stm32f401rct6/Drivers/STM32F4xx_HAL_Driver/Inc/stm32f4xx_ll_adc.h **** /** @defgroup ADC_LL_EF_Operation_ADC_Instance Operation on ADC hierarchical scope: ADC instance
3857:board/stm32f401rct6/Drivers/STM32F4xx_HAL_Driver/Inc/stm32f4xx_ll_adc.h ****   * @{
3858:board/stm32f401rct6/Drivers/STM32F4xx_HAL_Driver/Inc/stm32f4xx_ll_adc.h ****   */
3859:board/stm32f401rct6/Drivers/STM32F4xx_HAL_Driver/Inc/stm32f4xx_ll_adc.h **** 
3860:board/stm32f401rct6/Drivers/STM32F4xx_HAL_Driver/Inc/stm32f4xx_ll_adc.h **** /**
3861:board/stm32f401rct6/Drivers/STM32F4xx_HAL_Driver/Inc/stm32f4xx_ll_adc.h ****   * @brief  Enable the selected ADC instance.
3862:board/stm32f401rct6/Drivers/STM32F4xx_HAL_Driver/Inc/stm32f4xx_ll_adc.h ****   * @note   On this STM32 series, after ADC enable, a delay for
3863:board/stm32f401rct6/Drivers/STM32F4xx_HAL_Driver/Inc/stm32f4xx_ll_adc.h ****   *         ADC internal analog stabilization is required before performing a
3864:board/stm32f401rct6/Drivers/STM32F4xx_HAL_Driver/Inc/stm32f4xx_ll_adc.h ****   *         ADC conversion start.
3865:board/stm32f401rct6/Drivers/STM32F4xx_HAL_Driver/Inc/stm32f4xx_ll_adc.h ****   *         Refer to device datasheet, parameter tSTAB.
3866:board/stm32f401rct6/Drivers/STM32F4xx_HAL_Driver/Inc/stm32f4xx_ll_adc.h ****   * @rmtoll CR2      ADON           LL_ADC_Enable
3867:board/stm32f401rct6/Drivers/STM32F4xx_HAL_Driver/Inc/stm32f4xx_ll_adc.h ****   * @param  ADCx ADC instance
3868:board/stm32f401rct6/Drivers/STM32F4xx_HAL_Driver/Inc/stm32f4xx_ll_adc.h ****   * @retval None
3869:board/stm32f401rct6/Drivers/STM32F4xx_HAL_Driver/Inc/stm32f4xx_ll_adc.h ****   */
3870:board/stm32f401rct6/Drivers/STM32F4xx_HAL_Driver/Inc/stm32f4xx_ll_adc.h **** __STATIC_INLINE void LL_ADC_Enable(ADC_TypeDef *ADCx)
3871:board/stm32f401rct6/Drivers/STM32F4xx_HAL_Driver/Inc/stm32f4xx_ll_adc.h **** {
3872:board/stm32f401rct6/Drivers/STM32F4xx_HAL_Driver/Inc/stm32f4xx_ll_adc.h ****   SET_BIT(ADCx->CR2, ADC_CR2_ADON);
3873:board/stm32f401rct6/Drivers/STM32F4xx_HAL_Driver/Inc/stm32f4xx_ll_adc.h **** }
3874:board/stm32f401rct6/Drivers/STM32F4xx_HAL_Driver/Inc/stm32f4xx_ll_adc.h **** 
3875:board/stm32f401rct6/Drivers/STM32F4xx_HAL_Driver/Inc/stm32f4xx_ll_adc.h **** /**
3876:board/stm32f401rct6/Drivers/STM32F4xx_HAL_Driver/Inc/stm32f4xx_ll_adc.h ****   * @brief  Disable the selected ADC instance.
3877:board/stm32f401rct6/Drivers/STM32F4xx_HAL_Driver/Inc/stm32f4xx_ll_adc.h ****   * @rmtoll CR2      ADON           LL_ADC_Disable
3878:board/stm32f401rct6/Drivers/STM32F4xx_HAL_Driver/Inc/stm32f4xx_ll_adc.h ****   * @param  ADCx ADC instance
3879:board/stm32f401rct6/Drivers/STM32F4xx_HAL_Driver/Inc/stm32f4xx_ll_adc.h ****   * @retval None
3880:board/stm32f401rct6/Drivers/STM32F4xx_HAL_Driver/Inc/stm32f4xx_ll_adc.h ****   */
3881:board/stm32f401rct6/Drivers/STM32F4xx_HAL_Driver/Inc/stm32f4xx_ll_adc.h **** __STATIC_INLINE void LL_ADC_Disable(ADC_TypeDef *ADCx)
3882:board/stm32f401rct6/Drivers/STM32F4xx_HAL_Driver/Inc/stm32f4xx_ll_adc.h **** {
3883:board/stm32f401rct6/Drivers/STM32F4xx_HAL_Driver/Inc/stm32f4xx_ll_adc.h ****   CLEAR_BIT(ADCx->CR2, ADC_CR2_ADON);
3884:board/stm32f401rct6/Drivers/STM32F4xx_HAL_Driver/Inc/stm32f4xx_ll_adc.h **** }
3885:board/stm32f401rct6/Drivers/STM32F4xx_HAL_Driver/Inc/stm32f4xx_ll_adc.h **** 
ARM GAS  C:\Users\Admin\AppData\Local\Temp\ccHarYQc.s 			page 111


3886:board/stm32f401rct6/Drivers/STM32F4xx_HAL_Driver/Inc/stm32f4xx_ll_adc.h **** /**
3887:board/stm32f401rct6/Drivers/STM32F4xx_HAL_Driver/Inc/stm32f4xx_ll_adc.h ****   * @brief  Get the selected ADC instance enable state.
3888:board/stm32f401rct6/Drivers/STM32F4xx_HAL_Driver/Inc/stm32f4xx_ll_adc.h ****   * @rmtoll CR2      ADON           LL_ADC_IsEnabled
3889:board/stm32f401rct6/Drivers/STM32F4xx_HAL_Driver/Inc/stm32f4xx_ll_adc.h ****   * @param  ADCx ADC instance
3890:board/stm32f401rct6/Drivers/STM32F4xx_HAL_Driver/Inc/stm32f4xx_ll_adc.h ****   * @retval 0: ADC is disabled, 1: ADC is enabled.
3891:board/stm32f401rct6/Drivers/STM32F4xx_HAL_Driver/Inc/stm32f4xx_ll_adc.h ****   */
3892:board/stm32f401rct6/Drivers/STM32F4xx_HAL_Driver/Inc/stm32f4xx_ll_adc.h **** __STATIC_INLINE uint32_t LL_ADC_IsEnabled(const ADC_TypeDef *ADCx)
  99              		.loc 3 3892 26 view .LVU18
 100              	.LBB33:
3893:board/stm32f401rct6/Drivers/STM32F4xx_HAL_Driver/Inc/stm32f4xx_ll_adc.h **** {
3894:board/stm32f401rct6/Drivers/STM32F4xx_HAL_Driver/Inc/stm32f4xx_ll_adc.h ****   return (READ_BIT(ADCx->CR2, ADC_CR2_ADON) == (ADC_CR2_ADON));
 101              		.loc 3 3894 3 view .LVU19
 102              		.loc 3 3894 11 is_stmt 0 view .LVU20
 103 0000 074B     		ldr	r3, .L7
 104 0002 9B68     		ldr	r3, [r3, #8]
 105              	.LVL5:
 106              		.loc 3 3894 11 view .LVU21
 107              	.LBE33:
 108              	.LBE32:
 109              		.loc 1 341 6 view .LVU22
 110 0004 13F0010F 		tst	r3, #1
 111 0008 07D1     		bne	.L6
 342:board/stm32f401rct6/Drivers/STM32F4xx_HAL_Driver/Src/stm32f4xx_ll_adc.c ****   {
 343:board/stm32f401rct6/Drivers/STM32F4xx_HAL_Driver/Src/stm32f4xx_ll_adc.c ****     /* Configuration of ADC hierarchical scope:                               */
 344:board/stm32f401rct6/Drivers/STM32F4xx_HAL_Driver/Src/stm32f4xx_ll_adc.c ****     /*  - common to several ADC                                               */
 345:board/stm32f401rct6/Drivers/STM32F4xx_HAL_Driver/Src/stm32f4xx_ll_adc.c ****     /*    (all ADC instances belonging to the same ADC common instance)       */
 346:board/stm32f401rct6/Drivers/STM32F4xx_HAL_Driver/Src/stm32f4xx_ll_adc.c ****     /*    - Set ADC clock (conversion clock)                                  */
 347:board/stm32f401rct6/Drivers/STM32F4xx_HAL_Driver/Src/stm32f4xx_ll_adc.c ****     /*  - multimode (if several ADC instances available on the                */
 348:board/stm32f401rct6/Drivers/STM32F4xx_HAL_Driver/Src/stm32f4xx_ll_adc.c ****     /*    selected device)                                                    */
 349:board/stm32f401rct6/Drivers/STM32F4xx_HAL_Driver/Src/stm32f4xx_ll_adc.c ****     /*    - Set ADC multimode configuration                                   */
 350:board/stm32f401rct6/Drivers/STM32F4xx_HAL_Driver/Src/stm32f4xx_ll_adc.c ****     /*    - Set ADC multimode DMA transfer                                    */
 351:board/stm32f401rct6/Drivers/STM32F4xx_HAL_Driver/Src/stm32f4xx_ll_adc.c ****     /*    - Set ADC multimode: delay between 2 sampling phases                */
 352:board/stm32f401rct6/Drivers/STM32F4xx_HAL_Driver/Src/stm32f4xx_ll_adc.c **** #if defined(ADC_MULTIMODE_SUPPORT)
 353:board/stm32f401rct6/Drivers/STM32F4xx_HAL_Driver/Src/stm32f4xx_ll_adc.c ****     if (ADC_CommonInitStruct->Multimode != LL_ADC_MULTI_INDEPENDENT)
 354:board/stm32f401rct6/Drivers/STM32F4xx_HAL_Driver/Src/stm32f4xx_ll_adc.c ****     {
 355:board/stm32f401rct6/Drivers/STM32F4xx_HAL_Driver/Src/stm32f4xx_ll_adc.c ****       MODIFY_REG(ADCxy_COMMON->CCR,
 356:board/stm32f401rct6/Drivers/STM32F4xx_HAL_Driver/Src/stm32f4xx_ll_adc.c ****                  ADC_CCR_ADCPRE
 357:board/stm32f401rct6/Drivers/STM32F4xx_HAL_Driver/Src/stm32f4xx_ll_adc.c ****                  | ADC_CCR_MULTI
 358:board/stm32f401rct6/Drivers/STM32F4xx_HAL_Driver/Src/stm32f4xx_ll_adc.c ****                  | ADC_CCR_DMA
 359:board/stm32f401rct6/Drivers/STM32F4xx_HAL_Driver/Src/stm32f4xx_ll_adc.c ****                  | ADC_CCR_DDS
 360:board/stm32f401rct6/Drivers/STM32F4xx_HAL_Driver/Src/stm32f4xx_ll_adc.c ****                  | ADC_CCR_DELAY
 361:board/stm32f401rct6/Drivers/STM32F4xx_HAL_Driver/Src/stm32f4xx_ll_adc.c ****                  ,
 362:board/stm32f401rct6/Drivers/STM32F4xx_HAL_Driver/Src/stm32f4xx_ll_adc.c ****                  ADC_CommonInitStruct->CommonClock
 363:board/stm32f401rct6/Drivers/STM32F4xx_HAL_Driver/Src/stm32f4xx_ll_adc.c ****                  | ADC_CommonInitStruct->Multimode
 364:board/stm32f401rct6/Drivers/STM32F4xx_HAL_Driver/Src/stm32f4xx_ll_adc.c ****                  | ADC_CommonInitStruct->MultiDMATransfer
 365:board/stm32f401rct6/Drivers/STM32F4xx_HAL_Driver/Src/stm32f4xx_ll_adc.c ****                  | ADC_CommonInitStruct->MultiTwoSamplingDelay
 366:board/stm32f401rct6/Drivers/STM32F4xx_HAL_Driver/Src/stm32f4xx_ll_adc.c ****                 );
 367:board/stm32f401rct6/Drivers/STM32F4xx_HAL_Driver/Src/stm32f4xx_ll_adc.c ****     }
 368:board/stm32f401rct6/Drivers/STM32F4xx_HAL_Driver/Src/stm32f4xx_ll_adc.c ****     else
 369:board/stm32f401rct6/Drivers/STM32F4xx_HAL_Driver/Src/stm32f4xx_ll_adc.c ****     {
 370:board/stm32f401rct6/Drivers/STM32F4xx_HAL_Driver/Src/stm32f4xx_ll_adc.c ****       MODIFY_REG(ADCxy_COMMON->CCR,
 371:board/stm32f401rct6/Drivers/STM32F4xx_HAL_Driver/Src/stm32f4xx_ll_adc.c ****                  ADC_CCR_ADCPRE
 372:board/stm32f401rct6/Drivers/STM32F4xx_HAL_Driver/Src/stm32f4xx_ll_adc.c ****                  | ADC_CCR_MULTI
 373:board/stm32f401rct6/Drivers/STM32F4xx_HAL_Driver/Src/stm32f4xx_ll_adc.c ****                  | ADC_CCR_DMA
 374:board/stm32f401rct6/Drivers/STM32F4xx_HAL_Driver/Src/stm32f4xx_ll_adc.c ****                  | ADC_CCR_DDS
 375:board/stm32f401rct6/Drivers/STM32F4xx_HAL_Driver/Src/stm32f4xx_ll_adc.c ****                  | ADC_CCR_DELAY
 376:board/stm32f401rct6/Drivers/STM32F4xx_HAL_Driver/Src/stm32f4xx_ll_adc.c ****                  ,
ARM GAS  C:\Users\Admin\AppData\Local\Temp\ccHarYQc.s 			page 112


 377:board/stm32f401rct6/Drivers/STM32F4xx_HAL_Driver/Src/stm32f4xx_ll_adc.c ****                  ADC_CommonInitStruct->CommonClock
 378:board/stm32f401rct6/Drivers/STM32F4xx_HAL_Driver/Src/stm32f4xx_ll_adc.c ****                  | LL_ADC_MULTI_INDEPENDENT
 379:board/stm32f401rct6/Drivers/STM32F4xx_HAL_Driver/Src/stm32f4xx_ll_adc.c ****                 );
 380:board/stm32f401rct6/Drivers/STM32F4xx_HAL_Driver/Src/stm32f4xx_ll_adc.c ****     }
 381:board/stm32f401rct6/Drivers/STM32F4xx_HAL_Driver/Src/stm32f4xx_ll_adc.c **** #else
 382:board/stm32f401rct6/Drivers/STM32F4xx_HAL_Driver/Src/stm32f4xx_ll_adc.c ****     LL_ADC_SetCommonClock(ADCxy_COMMON, ADC_CommonInitStruct->CommonClock);
 112              		.loc 1 382 5 is_stmt 1 view .LVU23
 113 000a 0B68     		ldr	r3, [r1]
 114              	.LVL6:
 115              	.LBB34:
 116              	.LBI34:
1910:board/stm32f401rct6/Drivers/STM32F4xx_HAL_Driver/Inc/stm32f4xx_ll_adc.h **** {
 117              		.loc 3 1910 22 view .LVU24
 118              	.LBB35:
1912:board/stm32f401rct6/Drivers/STM32F4xx_HAL_Driver/Inc/stm32f4xx_ll_adc.h **** }
 119              		.loc 3 1912 3 view .LVU25
 120 000c 4268     		ldr	r2, [r0, #4]
 121 000e 22F44032 		bic	r2, r2, #196608
 122 0012 1343     		orrs	r3, r3, r2
 123              	.LVL7:
1912:board/stm32f401rct6/Drivers/STM32F4xx_HAL_Driver/Inc/stm32f4xx_ll_adc.h **** }
 124              		.loc 3 1912 3 is_stmt 0 view .LVU26
 125 0014 4360     		str	r3, [r0, #4]
 126              	.LVL8:
1912:board/stm32f401rct6/Drivers/STM32F4xx_HAL_Driver/Inc/stm32f4xx_ll_adc.h **** }
 127              		.loc 3 1912 3 view .LVU27
 128              	.LBE35:
 129              	.LBE34:
 321:board/stm32f401rct6/Drivers/STM32F4xx_HAL_Driver/Src/stm32f4xx_ll_adc.c **** 
 130              		.loc 1 321 15 view .LVU28
 131 0016 0020     		movs	r0, #0
 132              	.LVL9:
 133              	.LBB37:
 134              	.LBB36:
1913:board/stm32f401rct6/Drivers/STM32F4xx_HAL_Driver/Inc/stm32f4xx_ll_adc.h **** 
 135              		.loc 3 1913 1 view .LVU29
 136 0018 7047     		bx	lr
 137              	.LVL10:
 138              	.L6:
1913:board/stm32f401rct6/Drivers/STM32F4xx_HAL_Driver/Inc/stm32f4xx_ll_adc.h **** 
 139              		.loc 3 1913 1 view .LVU30
 140              	.LBE36:
 141              	.LBE37:
 383:board/stm32f401rct6/Drivers/STM32F4xx_HAL_Driver/Src/stm32f4xx_ll_adc.c **** #endif
 384:board/stm32f401rct6/Drivers/STM32F4xx_HAL_Driver/Src/stm32f4xx_ll_adc.c ****   }
 385:board/stm32f401rct6/Drivers/STM32F4xx_HAL_Driver/Src/stm32f4xx_ll_adc.c ****   else
 386:board/stm32f401rct6/Drivers/STM32F4xx_HAL_Driver/Src/stm32f4xx_ll_adc.c ****   {
 387:board/stm32f401rct6/Drivers/STM32F4xx_HAL_Driver/Src/stm32f4xx_ll_adc.c ****     /* Initialization error: One or several ADC instances belonging to        */
 388:board/stm32f401rct6/Drivers/STM32F4xx_HAL_Driver/Src/stm32f4xx_ll_adc.c ****     /* the same ADC common instance are not disabled.                         */
 389:board/stm32f401rct6/Drivers/STM32F4xx_HAL_Driver/Src/stm32f4xx_ll_adc.c ****     status = ERROR;
 142              		.loc 1 389 12 view .LVU31
 143 001a 0120     		movs	r0, #1
 144              	.LVL11:
 390:board/stm32f401rct6/Drivers/STM32F4xx_HAL_Driver/Src/stm32f4xx_ll_adc.c ****   }
 391:board/stm32f401rct6/Drivers/STM32F4xx_HAL_Driver/Src/stm32f4xx_ll_adc.c **** 
 392:board/stm32f401rct6/Drivers/STM32F4xx_HAL_Driver/Src/stm32f4xx_ll_adc.c ****   return status;
 145              		.loc 1 392 3 is_stmt 1 view .LVU32
ARM GAS  C:\Users\Admin\AppData\Local\Temp\ccHarYQc.s 			page 113


 393:board/stm32f401rct6/Drivers/STM32F4xx_HAL_Driver/Src/stm32f4xx_ll_adc.c **** }
 146              		.loc 1 393 1 is_stmt 0 view .LVU33
 147 001c 7047     		bx	lr
 148              	.L8:
 149 001e 00BF     		.align	2
 150              	.L7:
 151 0020 00200140 		.word	1073815552
 152              		.cfi_endproc
 153              	.LFE249:
 155              		.section	.text.LL_ADC_CommonStructInit,"ax",%progbits
 156              		.align	1
 157              		.global	LL_ADC_CommonStructInit
 158              		.syntax unified
 159              		.thumb
 160              		.thumb_func
 162              	LL_ADC_CommonStructInit:
 163              	.LVL12:
 164              	.LFB250:
 394:board/stm32f401rct6/Drivers/STM32F4xx_HAL_Driver/Src/stm32f4xx_ll_adc.c **** 
 395:board/stm32f401rct6/Drivers/STM32F4xx_HAL_Driver/Src/stm32f4xx_ll_adc.c **** /**
 396:board/stm32f401rct6/Drivers/STM32F4xx_HAL_Driver/Src/stm32f4xx_ll_adc.c ****   * @brief  Set each @ref LL_ADC_CommonInitTypeDef field to default value.
 397:board/stm32f401rct6/Drivers/STM32F4xx_HAL_Driver/Src/stm32f4xx_ll_adc.c ****   * @param  ADC_CommonInitStruct Pointer to a @ref LL_ADC_CommonInitTypeDef structure
 398:board/stm32f401rct6/Drivers/STM32F4xx_HAL_Driver/Src/stm32f4xx_ll_adc.c ****   *                              whose fields will be set to default values.
 399:board/stm32f401rct6/Drivers/STM32F4xx_HAL_Driver/Src/stm32f4xx_ll_adc.c ****   * @retval None
 400:board/stm32f401rct6/Drivers/STM32F4xx_HAL_Driver/Src/stm32f4xx_ll_adc.c ****   */
 401:board/stm32f401rct6/Drivers/STM32F4xx_HAL_Driver/Src/stm32f4xx_ll_adc.c **** void LL_ADC_CommonStructInit(LL_ADC_CommonInitTypeDef *ADC_CommonInitStruct)
 402:board/stm32f401rct6/Drivers/STM32F4xx_HAL_Driver/Src/stm32f4xx_ll_adc.c **** {
 165              		.loc 1 402 1 is_stmt 1 view -0
 166              		.cfi_startproc
 167              		@ args = 0, pretend = 0, frame = 0
 168              		@ frame_needed = 0, uses_anonymous_args = 0
 169              		@ link register save eliminated.
 403:board/stm32f401rct6/Drivers/STM32F4xx_HAL_Driver/Src/stm32f4xx_ll_adc.c ****   /* Set ADC_CommonInitStruct fields to default values */
 404:board/stm32f401rct6/Drivers/STM32F4xx_HAL_Driver/Src/stm32f4xx_ll_adc.c ****   /* Set fields of ADC common */
 405:board/stm32f401rct6/Drivers/STM32F4xx_HAL_Driver/Src/stm32f4xx_ll_adc.c ****   /* (all ADC instances belonging to the same ADC common instance) */
 406:board/stm32f401rct6/Drivers/STM32F4xx_HAL_Driver/Src/stm32f4xx_ll_adc.c ****   ADC_CommonInitStruct->CommonClock = LL_ADC_CLOCK_SYNC_PCLK_DIV2;
 170              		.loc 1 406 3 view .LVU35
 171              		.loc 1 406 37 is_stmt 0 view .LVU36
 172 0000 0023     		movs	r3, #0
 173 0002 0360     		str	r3, [r0]
 407:board/stm32f401rct6/Drivers/STM32F4xx_HAL_Driver/Src/stm32f4xx_ll_adc.c **** 
 408:board/stm32f401rct6/Drivers/STM32F4xx_HAL_Driver/Src/stm32f4xx_ll_adc.c **** #if defined(ADC_MULTIMODE_SUPPORT)
 409:board/stm32f401rct6/Drivers/STM32F4xx_HAL_Driver/Src/stm32f4xx_ll_adc.c ****   /* Set fields of ADC multimode */
 410:board/stm32f401rct6/Drivers/STM32F4xx_HAL_Driver/Src/stm32f4xx_ll_adc.c ****   ADC_CommonInitStruct->Multimode             = LL_ADC_MULTI_INDEPENDENT;
 411:board/stm32f401rct6/Drivers/STM32F4xx_HAL_Driver/Src/stm32f4xx_ll_adc.c ****   ADC_CommonInitStruct->MultiDMATransfer      = LL_ADC_MULTI_REG_DMA_EACH_ADC;
 412:board/stm32f401rct6/Drivers/STM32F4xx_HAL_Driver/Src/stm32f4xx_ll_adc.c ****   ADC_CommonInitStruct->MultiTwoSamplingDelay = LL_ADC_MULTI_TWOSMP_DELAY_5CYCLES;
 413:board/stm32f401rct6/Drivers/STM32F4xx_HAL_Driver/Src/stm32f4xx_ll_adc.c **** #endif /* ADC_MULTIMODE_SUPPORT */
 414:board/stm32f401rct6/Drivers/STM32F4xx_HAL_Driver/Src/stm32f4xx_ll_adc.c **** }
 174              		.loc 1 414 1 view .LVU37
 175 0004 7047     		bx	lr
 176              		.cfi_endproc
 177              	.LFE250:
 179              		.section	.text.LL_ADC_DeInit,"ax",%progbits
 180              		.align	1
 181              		.global	LL_ADC_DeInit
 182              		.syntax unified
 183              		.thumb
ARM GAS  C:\Users\Admin\AppData\Local\Temp\ccHarYQc.s 			page 114


 184              		.thumb_func
 186              	LL_ADC_DeInit:
 187              	.LVL13:
 188              	.LFB251:
 415:board/stm32f401rct6/Drivers/STM32F4xx_HAL_Driver/Src/stm32f4xx_ll_adc.c **** 
 416:board/stm32f401rct6/Drivers/STM32F4xx_HAL_Driver/Src/stm32f4xx_ll_adc.c **** /**
 417:board/stm32f401rct6/Drivers/STM32F4xx_HAL_Driver/Src/stm32f4xx_ll_adc.c ****   * @brief  De-initialize registers of the selected ADC instance
 418:board/stm32f401rct6/Drivers/STM32F4xx_HAL_Driver/Src/stm32f4xx_ll_adc.c ****   *         to their default reset values.
 419:board/stm32f401rct6/Drivers/STM32F4xx_HAL_Driver/Src/stm32f4xx_ll_adc.c ****   * @note   To reset all ADC instances quickly (perform a hard reset),
 420:board/stm32f401rct6/Drivers/STM32F4xx_HAL_Driver/Src/stm32f4xx_ll_adc.c ****   *         use function @ref LL_ADC_CommonDeInit().
 421:board/stm32f401rct6/Drivers/STM32F4xx_HAL_Driver/Src/stm32f4xx_ll_adc.c ****   * @param  ADCx ADC instance
 422:board/stm32f401rct6/Drivers/STM32F4xx_HAL_Driver/Src/stm32f4xx_ll_adc.c ****   * @retval An ErrorStatus enumeration value:
 423:board/stm32f401rct6/Drivers/STM32F4xx_HAL_Driver/Src/stm32f4xx_ll_adc.c ****   *          - SUCCESS: ADC registers are de-initialized
 424:board/stm32f401rct6/Drivers/STM32F4xx_HAL_Driver/Src/stm32f4xx_ll_adc.c ****   *          - ERROR: ADC registers are not de-initialized
 425:board/stm32f401rct6/Drivers/STM32F4xx_HAL_Driver/Src/stm32f4xx_ll_adc.c ****   */
 426:board/stm32f401rct6/Drivers/STM32F4xx_HAL_Driver/Src/stm32f4xx_ll_adc.c **** ErrorStatus LL_ADC_DeInit(ADC_TypeDef *ADCx)
 427:board/stm32f401rct6/Drivers/STM32F4xx_HAL_Driver/Src/stm32f4xx_ll_adc.c **** {
 189              		.loc 1 427 1 is_stmt 1 view -0
 190              		.cfi_startproc
 191              		@ args = 0, pretend = 0, frame = 0
 192              		@ frame_needed = 0, uses_anonymous_args = 0
 193              		@ link register save eliminated.
 428:board/stm32f401rct6/Drivers/STM32F4xx_HAL_Driver/Src/stm32f4xx_ll_adc.c ****   ErrorStatus status = SUCCESS;
 194              		.loc 1 428 3 view .LVU39
 429:board/stm32f401rct6/Drivers/STM32F4xx_HAL_Driver/Src/stm32f4xx_ll_adc.c **** 
 430:board/stm32f401rct6/Drivers/STM32F4xx_HAL_Driver/Src/stm32f4xx_ll_adc.c ****   /* Check the parameters */
 431:board/stm32f401rct6/Drivers/STM32F4xx_HAL_Driver/Src/stm32f4xx_ll_adc.c ****   assert_param(IS_ADC_ALL_INSTANCE(ADCx));
 195              		.loc 1 431 3 view .LVU40
 432:board/stm32f401rct6/Drivers/STM32F4xx_HAL_Driver/Src/stm32f4xx_ll_adc.c **** 
 433:board/stm32f401rct6/Drivers/STM32F4xx_HAL_Driver/Src/stm32f4xx_ll_adc.c ****   /* Disable ADC instance if not already disabled.                            */
 434:board/stm32f401rct6/Drivers/STM32F4xx_HAL_Driver/Src/stm32f4xx_ll_adc.c ****   if (LL_ADC_IsEnabled(ADCx) == 1UL)
 196              		.loc 1 434 3 view .LVU41
 197              	.LBB38:
 198              	.LBI38:
3892:board/stm32f401rct6/Drivers/STM32F4xx_HAL_Driver/Inc/stm32f4xx_ll_adc.h **** {
 199              		.loc 3 3892 26 view .LVU42
 200              	.LBB39:
 201              		.loc 3 3894 3 view .LVU43
 202              		.loc 3 3894 11 is_stmt 0 view .LVU44
 203 0000 8368     		ldr	r3, [r0, #8]
 204              	.LVL14:
 205              		.loc 3 3894 11 view .LVU45
 206              	.LBE39:
 207              	.LBE38:
 208              		.loc 1 434 6 view .LVU46
 209 0002 13F0010F 		tst	r3, #1
 210 0006 0BD0     		beq	.L11
 435:board/stm32f401rct6/Drivers/STM32F4xx_HAL_Driver/Src/stm32f4xx_ll_adc.c ****   {
 436:board/stm32f401rct6/Drivers/STM32F4xx_HAL_Driver/Src/stm32f4xx_ll_adc.c ****     /* Set ADC group regular trigger source to SW start to ensure to not      */
 437:board/stm32f401rct6/Drivers/STM32F4xx_HAL_Driver/Src/stm32f4xx_ll_adc.c ****     /* have an external trigger event occurring during the conversion stop    */
 438:board/stm32f401rct6/Drivers/STM32F4xx_HAL_Driver/Src/stm32f4xx_ll_adc.c ****     /* ADC disable process.                                                   */
 439:board/stm32f401rct6/Drivers/STM32F4xx_HAL_Driver/Src/stm32f4xx_ll_adc.c ****     LL_ADC_REG_SetTriggerSource(ADCx, LL_ADC_REG_TRIG_SOFTWARE);
 211              		.loc 1 439 5 is_stmt 1 view .LVU47
 212              	.LVL15:
 213              	.LBB40:
 214              	.LBI40:
2149:board/stm32f401rct6/Drivers/STM32F4xx_HAL_Driver/Inc/stm32f4xx_ll_adc.h **** {
ARM GAS  C:\Users\Admin\AppData\Local\Temp\ccHarYQc.s 			page 115


 215              		.loc 3 2149 22 view .LVU48
 216              	.LBB41:
2156:board/stm32f401rct6/Drivers/STM32F4xx_HAL_Driver/Inc/stm32f4xx_ll_adc.h **** }
 217              		.loc 3 2156 3 view .LVU49
 218 0008 8368     		ldr	r3, [r0, #8]
 219 000a 23F07063 		bic	r3, r3, #251658240
 220 000e 8360     		str	r3, [r0, #8]
 221              	.LVL16:
2156:board/stm32f401rct6/Drivers/STM32F4xx_HAL_Driver/Inc/stm32f4xx_ll_adc.h **** }
 222              		.loc 3 2156 3 is_stmt 0 view .LVU50
 223              	.LBE41:
 224              	.LBE40:
 440:board/stm32f401rct6/Drivers/STM32F4xx_HAL_Driver/Src/stm32f4xx_ll_adc.c **** 
 441:board/stm32f401rct6/Drivers/STM32F4xx_HAL_Driver/Src/stm32f4xx_ll_adc.c ****     /* Set ADC group injected trigger source to SW start to ensure to not     */
 442:board/stm32f401rct6/Drivers/STM32F4xx_HAL_Driver/Src/stm32f4xx_ll_adc.c ****     /* have an external trigger event occurring during the conversion stop    */
 443:board/stm32f401rct6/Drivers/STM32F4xx_HAL_Driver/Src/stm32f4xx_ll_adc.c ****     /* ADC disable process.                                                   */
 444:board/stm32f401rct6/Drivers/STM32F4xx_HAL_Driver/Src/stm32f4xx_ll_adc.c ****     LL_ADC_INJ_SetTriggerSource(ADCx, LL_ADC_INJ_TRIG_SOFTWARE);
 225              		.loc 1 444 5 is_stmt 1 view .LVU51
 226              	.LBB42:
 227              	.LBI42:
2784:board/stm32f401rct6/Drivers/STM32F4xx_HAL_Driver/Inc/stm32f4xx_ll_adc.h **** {
 228              		.loc 3 2784 22 view .LVU52
 229              	.LBB43:
2791:board/stm32f401rct6/Drivers/STM32F4xx_HAL_Driver/Inc/stm32f4xx_ll_adc.h **** }
 230              		.loc 3 2791 3 view .LVU53
 231 0010 8368     		ldr	r3, [r0, #8]
 232 0012 23F47023 		bic	r3, r3, #983040
 233 0016 8360     		str	r3, [r0, #8]
 234              	.LVL17:
2791:board/stm32f401rct6/Drivers/STM32F4xx_HAL_Driver/Inc/stm32f4xx_ll_adc.h **** }
 235              		.loc 3 2791 3 is_stmt 0 view .LVU54
 236              	.LBE43:
 237              	.LBE42:
 445:board/stm32f401rct6/Drivers/STM32F4xx_HAL_Driver/Src/stm32f4xx_ll_adc.c **** 
 446:board/stm32f401rct6/Drivers/STM32F4xx_HAL_Driver/Src/stm32f4xx_ll_adc.c ****     /* Disable the ADC instance */
 447:board/stm32f401rct6/Drivers/STM32F4xx_HAL_Driver/Src/stm32f4xx_ll_adc.c ****     LL_ADC_Disable(ADCx);
 238              		.loc 1 447 5 is_stmt 1 view .LVU55
 239              	.LBB44:
 240              	.LBI44:
3881:board/stm32f401rct6/Drivers/STM32F4xx_HAL_Driver/Inc/stm32f4xx_ll_adc.h **** {
 241              		.loc 3 3881 22 view .LVU56
 242              	.LBB45:
3883:board/stm32f401rct6/Drivers/STM32F4xx_HAL_Driver/Inc/stm32f4xx_ll_adc.h **** }
 243              		.loc 3 3883 3 view .LVU57
 244 0018 8368     		ldr	r3, [r0, #8]
 245 001a 23F00103 		bic	r3, r3, #1
 246 001e 8360     		str	r3, [r0, #8]
 247              	.LVL18:
 248              	.L11:
3883:board/stm32f401rct6/Drivers/STM32F4xx_HAL_Driver/Inc/stm32f4xx_ll_adc.h **** }
 249              		.loc 3 3883 3 is_stmt 0 view .LVU58
 250              	.LBE45:
 251              	.LBE44:
 448:board/stm32f401rct6/Drivers/STM32F4xx_HAL_Driver/Src/stm32f4xx_ll_adc.c ****   }
 449:board/stm32f401rct6/Drivers/STM32F4xx_HAL_Driver/Src/stm32f4xx_ll_adc.c **** 
 450:board/stm32f401rct6/Drivers/STM32F4xx_HAL_Driver/Src/stm32f4xx_ll_adc.c ****   /* Check whether ADC state is compliant with expected state */
 451:board/stm32f401rct6/Drivers/STM32F4xx_HAL_Driver/Src/stm32f4xx_ll_adc.c ****   /* (hardware requirements of bits state to reset registers below) */
ARM GAS  C:\Users\Admin\AppData\Local\Temp\ccHarYQc.s 			page 116


 452:board/stm32f401rct6/Drivers/STM32F4xx_HAL_Driver/Src/stm32f4xx_ll_adc.c ****   if (READ_BIT(ADCx->CR2, ADC_CR2_ADON) == 0UL)
 252              		.loc 1 452 3 is_stmt 1 view .LVU59
 253              		.loc 1 452 7 is_stmt 0 view .LVU60
 254 0020 8368     		ldr	r3, [r0, #8]
 255              		.loc 1 452 6 view .LVU61
 256 0022 13F0010F 		tst	r3, #1
 257 0026 4CD1     		bne	.L12
 453:board/stm32f401rct6/Drivers/STM32F4xx_HAL_Driver/Src/stm32f4xx_ll_adc.c ****   {
 454:board/stm32f401rct6/Drivers/STM32F4xx_HAL_Driver/Src/stm32f4xx_ll_adc.c ****     /* ========== Reset ADC registers ========== */
 455:board/stm32f401rct6/Drivers/STM32F4xx_HAL_Driver/Src/stm32f4xx_ll_adc.c ****     /* Reset register SR */
 456:board/stm32f401rct6/Drivers/STM32F4xx_HAL_Driver/Src/stm32f4xx_ll_adc.c ****     CLEAR_BIT(ADCx->SR,
 258              		.loc 1 456 5 is_stmt 1 view .LVU62
 259 0028 0368     		ldr	r3, [r0]
 260 002a 23F03F03 		bic	r3, r3, #63
 261 002e 0360     		str	r3, [r0]
 457:board/stm32f401rct6/Drivers/STM32F4xx_HAL_Driver/Src/stm32f4xx_ll_adc.c ****               (LL_ADC_FLAG_STRT
 458:board/stm32f401rct6/Drivers/STM32F4xx_HAL_Driver/Src/stm32f4xx_ll_adc.c ****                | LL_ADC_FLAG_JSTRT
 459:board/stm32f401rct6/Drivers/STM32F4xx_HAL_Driver/Src/stm32f4xx_ll_adc.c ****                | LL_ADC_FLAG_EOCS
 460:board/stm32f401rct6/Drivers/STM32F4xx_HAL_Driver/Src/stm32f4xx_ll_adc.c ****                | LL_ADC_FLAG_OVR
 461:board/stm32f401rct6/Drivers/STM32F4xx_HAL_Driver/Src/stm32f4xx_ll_adc.c ****                | LL_ADC_FLAG_JEOS
 462:board/stm32f401rct6/Drivers/STM32F4xx_HAL_Driver/Src/stm32f4xx_ll_adc.c ****                | LL_ADC_FLAG_AWD1)
 463:board/stm32f401rct6/Drivers/STM32F4xx_HAL_Driver/Src/stm32f4xx_ll_adc.c ****              );
 464:board/stm32f401rct6/Drivers/STM32F4xx_HAL_Driver/Src/stm32f4xx_ll_adc.c **** 
 465:board/stm32f401rct6/Drivers/STM32F4xx_HAL_Driver/Src/stm32f4xx_ll_adc.c ****     /* Reset register CR1 */
 466:board/stm32f401rct6/Drivers/STM32F4xx_HAL_Driver/Src/stm32f4xx_ll_adc.c ****     CLEAR_BIT(ADCx->CR1,
 262              		.loc 1 466 5 view .LVU63
 263 0030 4268     		ldr	r2, [r0, #4]
 264 0032 254B     		ldr	r3, .L13
 265 0034 1340     		ands	r3, r3, r2
 266 0036 4360     		str	r3, [r0, #4]
 467:board/stm32f401rct6/Drivers/STM32F4xx_HAL_Driver/Src/stm32f4xx_ll_adc.c ****               (ADC_CR1_OVRIE   | ADC_CR1_RES     | ADC_CR1_AWDEN
 468:board/stm32f401rct6/Drivers/STM32F4xx_HAL_Driver/Src/stm32f4xx_ll_adc.c ****                | ADC_CR1_JAWDEN
 469:board/stm32f401rct6/Drivers/STM32F4xx_HAL_Driver/Src/stm32f4xx_ll_adc.c ****                | ADC_CR1_DISCNUM | ADC_CR1_JDISCEN | ADC_CR1_DISCEN
 470:board/stm32f401rct6/Drivers/STM32F4xx_HAL_Driver/Src/stm32f4xx_ll_adc.c ****                | ADC_CR1_JAUTO   | ADC_CR1_AWDSGL  | ADC_CR1_SCAN
 471:board/stm32f401rct6/Drivers/STM32F4xx_HAL_Driver/Src/stm32f4xx_ll_adc.c ****                | ADC_CR1_JEOCIE  | ADC_CR1_AWDIE   | ADC_CR1_EOCIE
 472:board/stm32f401rct6/Drivers/STM32F4xx_HAL_Driver/Src/stm32f4xx_ll_adc.c ****                | ADC_CR1_AWDCH)
 473:board/stm32f401rct6/Drivers/STM32F4xx_HAL_Driver/Src/stm32f4xx_ll_adc.c ****              );
 474:board/stm32f401rct6/Drivers/STM32F4xx_HAL_Driver/Src/stm32f4xx_ll_adc.c **** 
 475:board/stm32f401rct6/Drivers/STM32F4xx_HAL_Driver/Src/stm32f4xx_ll_adc.c ****     /* Reset register CR2 */
 476:board/stm32f401rct6/Drivers/STM32F4xx_HAL_Driver/Src/stm32f4xx_ll_adc.c ****     CLEAR_BIT(ADCx->CR2,
 267              		.loc 1 476 5 view .LVU64
 268 0038 8268     		ldr	r2, [r0, #8]
 269 003a 244B     		ldr	r3, .L13+4
 270 003c 1340     		ands	r3, r3, r2
 271 003e 8360     		str	r3, [r0, #8]
 477:board/stm32f401rct6/Drivers/STM32F4xx_HAL_Driver/Src/stm32f4xx_ll_adc.c ****               (ADC_CR2_SWSTART  | ADC_CR2_EXTEN  | ADC_CR2_EXTSEL
 478:board/stm32f401rct6/Drivers/STM32F4xx_HAL_Driver/Src/stm32f4xx_ll_adc.c ****                | ADC_CR2_JSWSTART | ADC_CR2_JEXTEN | ADC_CR2_JEXTSEL
 479:board/stm32f401rct6/Drivers/STM32F4xx_HAL_Driver/Src/stm32f4xx_ll_adc.c ****                | ADC_CR2_ALIGN    | ADC_CR2_EOCS
 480:board/stm32f401rct6/Drivers/STM32F4xx_HAL_Driver/Src/stm32f4xx_ll_adc.c ****                | ADC_CR2_DDS      | ADC_CR2_DMA
 481:board/stm32f401rct6/Drivers/STM32F4xx_HAL_Driver/Src/stm32f4xx_ll_adc.c ****                | ADC_CR2_CONT     | ADC_CR2_ADON)
 482:board/stm32f401rct6/Drivers/STM32F4xx_HAL_Driver/Src/stm32f4xx_ll_adc.c ****              );
 483:board/stm32f401rct6/Drivers/STM32F4xx_HAL_Driver/Src/stm32f4xx_ll_adc.c **** 
 484:board/stm32f401rct6/Drivers/STM32F4xx_HAL_Driver/Src/stm32f4xx_ll_adc.c ****     /* Reset register SMPR1 */
 485:board/stm32f401rct6/Drivers/STM32F4xx_HAL_Driver/Src/stm32f4xx_ll_adc.c ****     CLEAR_BIT(ADCx->SMPR1,
 272              		.loc 1 485 5 view .LVU65
 273 0040 C368     		ldr	r3, [r0, #12]
 274 0042 03F07843 		and	r3, r3, #-134217728
ARM GAS  C:\Users\Admin\AppData\Local\Temp\ccHarYQc.s 			page 117


 275 0046 C360     		str	r3, [r0, #12]
 486:board/stm32f401rct6/Drivers/STM32F4xx_HAL_Driver/Src/stm32f4xx_ll_adc.c ****               (ADC_SMPR1_SMP18 | ADC_SMPR1_SMP17 | ADC_SMPR1_SMP16
 487:board/stm32f401rct6/Drivers/STM32F4xx_HAL_Driver/Src/stm32f4xx_ll_adc.c ****                | ADC_SMPR1_SMP15 | ADC_SMPR1_SMP14 | ADC_SMPR1_SMP13
 488:board/stm32f401rct6/Drivers/STM32F4xx_HAL_Driver/Src/stm32f4xx_ll_adc.c ****                | ADC_SMPR1_SMP12 | ADC_SMPR1_SMP11 | ADC_SMPR1_SMP10)
 489:board/stm32f401rct6/Drivers/STM32F4xx_HAL_Driver/Src/stm32f4xx_ll_adc.c ****              );
 490:board/stm32f401rct6/Drivers/STM32F4xx_HAL_Driver/Src/stm32f4xx_ll_adc.c **** 
 491:board/stm32f401rct6/Drivers/STM32F4xx_HAL_Driver/Src/stm32f4xx_ll_adc.c ****     /* Reset register SMPR2 */
 492:board/stm32f401rct6/Drivers/STM32F4xx_HAL_Driver/Src/stm32f4xx_ll_adc.c ****     CLEAR_BIT(ADCx->SMPR2,
 276              		.loc 1 492 5 view .LVU66
 277 0048 0369     		ldr	r3, [r0, #16]
 278 004a 03F04043 		and	r3, r3, #-1073741824
 279 004e 0361     		str	r3, [r0, #16]
 493:board/stm32f401rct6/Drivers/STM32F4xx_HAL_Driver/Src/stm32f4xx_ll_adc.c ****               (ADC_SMPR2_SMP9
 494:board/stm32f401rct6/Drivers/STM32F4xx_HAL_Driver/Src/stm32f4xx_ll_adc.c ****                | ADC_SMPR2_SMP8 | ADC_SMPR2_SMP7 | ADC_SMPR2_SMP6
 495:board/stm32f401rct6/Drivers/STM32F4xx_HAL_Driver/Src/stm32f4xx_ll_adc.c ****                | ADC_SMPR2_SMP5 | ADC_SMPR2_SMP4 | ADC_SMPR2_SMP3
 496:board/stm32f401rct6/Drivers/STM32F4xx_HAL_Driver/Src/stm32f4xx_ll_adc.c ****                | ADC_SMPR2_SMP2 | ADC_SMPR2_SMP1 | ADC_SMPR2_SMP0)
 497:board/stm32f401rct6/Drivers/STM32F4xx_HAL_Driver/Src/stm32f4xx_ll_adc.c ****              );
 498:board/stm32f401rct6/Drivers/STM32F4xx_HAL_Driver/Src/stm32f4xx_ll_adc.c **** 
 499:board/stm32f401rct6/Drivers/STM32F4xx_HAL_Driver/Src/stm32f4xx_ll_adc.c ****     /* Reset register JOFR1 */
 500:board/stm32f401rct6/Drivers/STM32F4xx_HAL_Driver/Src/stm32f4xx_ll_adc.c ****     CLEAR_BIT(ADCx->JOFR1, ADC_JOFR1_JOFFSET1);
 280              		.loc 1 500 5 view .LVU67
 281 0050 4369     		ldr	r3, [r0, #20]
 282 0052 23F47F63 		bic	r3, r3, #4080
 283 0056 23F00F03 		bic	r3, r3, #15
 284 005a 4361     		str	r3, [r0, #20]
 501:board/stm32f401rct6/Drivers/STM32F4xx_HAL_Driver/Src/stm32f4xx_ll_adc.c ****     /* Reset register JOFR2 */
 502:board/stm32f401rct6/Drivers/STM32F4xx_HAL_Driver/Src/stm32f4xx_ll_adc.c ****     CLEAR_BIT(ADCx->JOFR2, ADC_JOFR2_JOFFSET2);
 285              		.loc 1 502 5 view .LVU68
 286 005c 8369     		ldr	r3, [r0, #24]
 287 005e 23F47F63 		bic	r3, r3, #4080
 288 0062 23F00F03 		bic	r3, r3, #15
 289 0066 8361     		str	r3, [r0, #24]
 503:board/stm32f401rct6/Drivers/STM32F4xx_HAL_Driver/Src/stm32f4xx_ll_adc.c ****     /* Reset register JOFR3 */
 504:board/stm32f401rct6/Drivers/STM32F4xx_HAL_Driver/Src/stm32f4xx_ll_adc.c ****     CLEAR_BIT(ADCx->JOFR3, ADC_JOFR3_JOFFSET3);
 290              		.loc 1 504 5 view .LVU69
 291 0068 C369     		ldr	r3, [r0, #28]
 292 006a 23F47F63 		bic	r3, r3, #4080
 293 006e 23F00F03 		bic	r3, r3, #15
 294 0072 C361     		str	r3, [r0, #28]
 505:board/stm32f401rct6/Drivers/STM32F4xx_HAL_Driver/Src/stm32f4xx_ll_adc.c ****     /* Reset register JOFR4 */
 506:board/stm32f401rct6/Drivers/STM32F4xx_HAL_Driver/Src/stm32f4xx_ll_adc.c ****     CLEAR_BIT(ADCx->JOFR4, ADC_JOFR4_JOFFSET4);
 295              		.loc 1 506 5 view .LVU70
 296 0074 036A     		ldr	r3, [r0, #32]
 297 0076 23F47F63 		bic	r3, r3, #4080
 298 007a 23F00F03 		bic	r3, r3, #15
 299 007e 0362     		str	r3, [r0, #32]
 507:board/stm32f401rct6/Drivers/STM32F4xx_HAL_Driver/Src/stm32f4xx_ll_adc.c **** 
 508:board/stm32f401rct6/Drivers/STM32F4xx_HAL_Driver/Src/stm32f4xx_ll_adc.c ****     /* Reset register HTR */
 509:board/stm32f401rct6/Drivers/STM32F4xx_HAL_Driver/Src/stm32f4xx_ll_adc.c ****     SET_BIT(ADCx->HTR, ADC_HTR_HT);
 300              		.loc 1 509 5 view .LVU71
 301 0080 436A     		ldr	r3, [r0, #36]
 302 0082 6FEA1333 		mvn	r3, r3, lsr #12
 303 0086 6FEA0333 		mvn	r3, r3, lsl #12
 304 008a 4362     		str	r3, [r0, #36]
 510:board/stm32f401rct6/Drivers/STM32F4xx_HAL_Driver/Src/stm32f4xx_ll_adc.c ****     /* Reset register LTR */
 511:board/stm32f401rct6/Drivers/STM32F4xx_HAL_Driver/Src/stm32f4xx_ll_adc.c ****     CLEAR_BIT(ADCx->LTR, ADC_LTR_LT);
 305              		.loc 1 511 5 view .LVU72
ARM GAS  C:\Users\Admin\AppData\Local\Temp\ccHarYQc.s 			page 118


 306 008c 836A     		ldr	r3, [r0, #40]
 307 008e 23F47F63 		bic	r3, r3, #4080
 308 0092 23F00F03 		bic	r3, r3, #15
 309 0096 8362     		str	r3, [r0, #40]
 512:board/stm32f401rct6/Drivers/STM32F4xx_HAL_Driver/Src/stm32f4xx_ll_adc.c **** 
 513:board/stm32f401rct6/Drivers/STM32F4xx_HAL_Driver/Src/stm32f4xx_ll_adc.c ****     /* Reset register SQR1 */
 514:board/stm32f401rct6/Drivers/STM32F4xx_HAL_Driver/Src/stm32f4xx_ll_adc.c ****     CLEAR_BIT(ADCx->SQR1,
 310              		.loc 1 514 5 view .LVU73
 311 0098 C36A     		ldr	r3, [r0, #44]
 312 009a 03F07F43 		and	r3, r3, #-16777216
 313 009e C362     		str	r3, [r0, #44]
 515:board/stm32f401rct6/Drivers/STM32F4xx_HAL_Driver/Src/stm32f4xx_ll_adc.c ****               (ADC_SQR1_L
 516:board/stm32f401rct6/Drivers/STM32F4xx_HAL_Driver/Src/stm32f4xx_ll_adc.c ****                | ADC_SQR1_SQ16
 517:board/stm32f401rct6/Drivers/STM32F4xx_HAL_Driver/Src/stm32f4xx_ll_adc.c ****                | ADC_SQR1_SQ15 | ADC_SQR1_SQ14 | ADC_SQR1_SQ13)
 518:board/stm32f401rct6/Drivers/STM32F4xx_HAL_Driver/Src/stm32f4xx_ll_adc.c ****              );
 519:board/stm32f401rct6/Drivers/STM32F4xx_HAL_Driver/Src/stm32f4xx_ll_adc.c **** 
 520:board/stm32f401rct6/Drivers/STM32F4xx_HAL_Driver/Src/stm32f4xx_ll_adc.c ****     /* Reset register SQR2 */
 521:board/stm32f401rct6/Drivers/STM32F4xx_HAL_Driver/Src/stm32f4xx_ll_adc.c ****     CLEAR_BIT(ADCx->SQR2,
 314              		.loc 1 521 5 view .LVU74
 315 00a0 036B     		ldr	r3, [r0, #48]
 316 00a2 03F04043 		and	r3, r3, #-1073741824
 317 00a6 0363     		str	r3, [r0, #48]
 522:board/stm32f401rct6/Drivers/STM32F4xx_HAL_Driver/Src/stm32f4xx_ll_adc.c ****               (ADC_SQR2_SQ12 | ADC_SQR2_SQ11 | ADC_SQR2_SQ10
 523:board/stm32f401rct6/Drivers/STM32F4xx_HAL_Driver/Src/stm32f4xx_ll_adc.c ****                | ADC_SQR2_SQ9 | ADC_SQR2_SQ8 | ADC_SQR2_SQ7)
 524:board/stm32f401rct6/Drivers/STM32F4xx_HAL_Driver/Src/stm32f4xx_ll_adc.c ****              );
 525:board/stm32f401rct6/Drivers/STM32F4xx_HAL_Driver/Src/stm32f4xx_ll_adc.c **** 
 526:board/stm32f401rct6/Drivers/STM32F4xx_HAL_Driver/Src/stm32f4xx_ll_adc.c ****     /* Reset register SQR3 */
 527:board/stm32f401rct6/Drivers/STM32F4xx_HAL_Driver/Src/stm32f4xx_ll_adc.c ****     CLEAR_BIT(ADCx->SQR3,
 318              		.loc 1 527 5 view .LVU75
 319 00a8 436B     		ldr	r3, [r0, #52]
 320 00aa 03F04043 		and	r3, r3, #-1073741824
 321 00ae 4363     		str	r3, [r0, #52]
 528:board/stm32f401rct6/Drivers/STM32F4xx_HAL_Driver/Src/stm32f4xx_ll_adc.c ****               (ADC_SQR3_SQ6 | ADC_SQR3_SQ5 | ADC_SQR3_SQ4
 529:board/stm32f401rct6/Drivers/STM32F4xx_HAL_Driver/Src/stm32f4xx_ll_adc.c ****                | ADC_SQR3_SQ3 | ADC_SQR3_SQ2 | ADC_SQR3_SQ1)
 530:board/stm32f401rct6/Drivers/STM32F4xx_HAL_Driver/Src/stm32f4xx_ll_adc.c ****              );
 531:board/stm32f401rct6/Drivers/STM32F4xx_HAL_Driver/Src/stm32f4xx_ll_adc.c **** 
 532:board/stm32f401rct6/Drivers/STM32F4xx_HAL_Driver/Src/stm32f4xx_ll_adc.c ****     /* Reset register JSQR */
 533:board/stm32f401rct6/Drivers/STM32F4xx_HAL_Driver/Src/stm32f4xx_ll_adc.c ****     CLEAR_BIT(ADCx->JSQR,
 322              		.loc 1 533 5 view .LVU76
 323 00b0 836B     		ldr	r3, [r0, #56]
 324 00b2 9B0D     		lsrs	r3, r3, #22
 325 00b4 9B05     		lsls	r3, r3, #22
 326 00b6 8363     		str	r3, [r0, #56]
 534:board/stm32f401rct6/Drivers/STM32F4xx_HAL_Driver/Src/stm32f4xx_ll_adc.c ****               (ADC_JSQR_JL
 535:board/stm32f401rct6/Drivers/STM32F4xx_HAL_Driver/Src/stm32f4xx_ll_adc.c ****                | ADC_JSQR_JSQ4 | ADC_JSQR_JSQ3
 536:board/stm32f401rct6/Drivers/STM32F4xx_HAL_Driver/Src/stm32f4xx_ll_adc.c ****                | ADC_JSQR_JSQ2 | ADC_JSQR_JSQ1)
 537:board/stm32f401rct6/Drivers/STM32F4xx_HAL_Driver/Src/stm32f4xx_ll_adc.c ****              );
 538:board/stm32f401rct6/Drivers/STM32F4xx_HAL_Driver/Src/stm32f4xx_ll_adc.c **** 
 539:board/stm32f401rct6/Drivers/STM32F4xx_HAL_Driver/Src/stm32f4xx_ll_adc.c ****     /* Reset register DR */
 540:board/stm32f401rct6/Drivers/STM32F4xx_HAL_Driver/Src/stm32f4xx_ll_adc.c ****     /* bits in access mode read only, no direct reset applicable */
 541:board/stm32f401rct6/Drivers/STM32F4xx_HAL_Driver/Src/stm32f4xx_ll_adc.c **** 
 542:board/stm32f401rct6/Drivers/STM32F4xx_HAL_Driver/Src/stm32f4xx_ll_adc.c ****     /* Reset registers JDR1, JDR2, JDR3, JDR4 */
 543:board/stm32f401rct6/Drivers/STM32F4xx_HAL_Driver/Src/stm32f4xx_ll_adc.c ****     /* bits in access mode read only, no direct reset applicable */
 544:board/stm32f401rct6/Drivers/STM32F4xx_HAL_Driver/Src/stm32f4xx_ll_adc.c **** 
 545:board/stm32f401rct6/Drivers/STM32F4xx_HAL_Driver/Src/stm32f4xx_ll_adc.c ****     /* Reset register CCR */
 546:board/stm32f401rct6/Drivers/STM32F4xx_HAL_Driver/Src/stm32f4xx_ll_adc.c ****     CLEAR_BIT(ADC->CCR, ADC_CCR_TSVREFE | ADC_CCR_ADCPRE);
 327              		.loc 1 546 5 view .LVU77
ARM GAS  C:\Users\Admin\AppData\Local\Temp\ccHarYQc.s 			page 119


 328 00b8 054A     		ldr	r2, .L13+8
 329 00ba 5368     		ldr	r3, [r2, #4]
 330 00bc 23F40303 		bic	r3, r3, #8585216
 331 00c0 5360     		str	r3, [r2, #4]
 332              	.L12:
 547:board/stm32f401rct6/Drivers/STM32F4xx_HAL_Driver/Src/stm32f4xx_ll_adc.c ****   }
 548:board/stm32f401rct6/Drivers/STM32F4xx_HAL_Driver/Src/stm32f4xx_ll_adc.c **** 
 549:board/stm32f401rct6/Drivers/STM32F4xx_HAL_Driver/Src/stm32f4xx_ll_adc.c ****   return status;
 333              		.loc 1 549 3 view .LVU78
 550:board/stm32f401rct6/Drivers/STM32F4xx_HAL_Driver/Src/stm32f4xx_ll_adc.c **** }
 334              		.loc 1 550 1 is_stmt 0 view .LVU79
 335 00c2 0020     		movs	r0, #0
 336              	.LVL19:
 337              		.loc 1 550 1 view .LVU80
 338 00c4 7047     		bx	lr
 339              	.L14:
 340 00c6 00BF     		.align	2
 341              	.L13:
 342 00c8 00003FF8 		.word	-130088960
 343 00cc FCF08080 		.word	-2139033348
 344 00d0 00230140 		.word	1073816320
 345              		.cfi_endproc
 346              	.LFE251:
 348              		.section	.text.LL_ADC_Init,"ax",%progbits
 349              		.align	1
 350              		.global	LL_ADC_Init
 351              		.syntax unified
 352              		.thumb
 353              		.thumb_func
 355              	LL_ADC_Init:
 356              	.LVL20:
 357              	.LFB252:
 551:board/stm32f401rct6/Drivers/STM32F4xx_HAL_Driver/Src/stm32f4xx_ll_adc.c **** 
 552:board/stm32f401rct6/Drivers/STM32F4xx_HAL_Driver/Src/stm32f4xx_ll_adc.c **** /**
 553:board/stm32f401rct6/Drivers/STM32F4xx_HAL_Driver/Src/stm32f4xx_ll_adc.c ****   * @brief  Initialize some features of ADC instance.
 554:board/stm32f401rct6/Drivers/STM32F4xx_HAL_Driver/Src/stm32f4xx_ll_adc.c ****   * @note   These parameters have an impact on ADC scope: ADC instance.
 555:board/stm32f401rct6/Drivers/STM32F4xx_HAL_Driver/Src/stm32f4xx_ll_adc.c ****   *         Affects both group regular and group injected (availability
 556:board/stm32f401rct6/Drivers/STM32F4xx_HAL_Driver/Src/stm32f4xx_ll_adc.c ****   *         of ADC group injected depends on STM32 families).
 557:board/stm32f401rct6/Drivers/STM32F4xx_HAL_Driver/Src/stm32f4xx_ll_adc.c ****   *         Refer to corresponding unitary functions into
 558:board/stm32f401rct6/Drivers/STM32F4xx_HAL_Driver/Src/stm32f4xx_ll_adc.c ****   *         @ref ADC_LL_EF_Configuration_ADC_Instance .
 559:board/stm32f401rct6/Drivers/STM32F4xx_HAL_Driver/Src/stm32f4xx_ll_adc.c ****   * @note   The setting of these parameters by function @ref LL_ADC_Init()
 560:board/stm32f401rct6/Drivers/STM32F4xx_HAL_Driver/Src/stm32f4xx_ll_adc.c ****   *         is conditioned to ADC state:
 561:board/stm32f401rct6/Drivers/STM32F4xx_HAL_Driver/Src/stm32f4xx_ll_adc.c ****   *         ADC instance must be disabled.
 562:board/stm32f401rct6/Drivers/STM32F4xx_HAL_Driver/Src/stm32f4xx_ll_adc.c ****   *         This condition is applied to all ADC features, for efficiency
 563:board/stm32f401rct6/Drivers/STM32F4xx_HAL_Driver/Src/stm32f4xx_ll_adc.c ****   *         and compatibility over all STM32 families. However, the different
 564:board/stm32f401rct6/Drivers/STM32F4xx_HAL_Driver/Src/stm32f4xx_ll_adc.c ****   *         features can be set under different ADC state conditions
 565:board/stm32f401rct6/Drivers/STM32F4xx_HAL_Driver/Src/stm32f4xx_ll_adc.c ****   *         (setting possible with ADC enabled without conversion on going,
 566:board/stm32f401rct6/Drivers/STM32F4xx_HAL_Driver/Src/stm32f4xx_ll_adc.c ****   *         ADC enabled with conversion on going, ...)
 567:board/stm32f401rct6/Drivers/STM32F4xx_HAL_Driver/Src/stm32f4xx_ll_adc.c ****   *         Each feature can be updated afterwards with a unitary function
 568:board/stm32f401rct6/Drivers/STM32F4xx_HAL_Driver/Src/stm32f4xx_ll_adc.c ****   *         and potentially with ADC in a different state than disabled,
 569:board/stm32f401rct6/Drivers/STM32F4xx_HAL_Driver/Src/stm32f4xx_ll_adc.c ****   *         refer to description of each function for setting
 570:board/stm32f401rct6/Drivers/STM32F4xx_HAL_Driver/Src/stm32f4xx_ll_adc.c ****   *         conditioned to ADC state.
 571:board/stm32f401rct6/Drivers/STM32F4xx_HAL_Driver/Src/stm32f4xx_ll_adc.c ****   * @note   After using this function, some other features must be configured
 572:board/stm32f401rct6/Drivers/STM32F4xx_HAL_Driver/Src/stm32f4xx_ll_adc.c ****   *         using LL unitary functions.
 573:board/stm32f401rct6/Drivers/STM32F4xx_HAL_Driver/Src/stm32f4xx_ll_adc.c ****   *         The minimum configuration remaining to be done is:
 574:board/stm32f401rct6/Drivers/STM32F4xx_HAL_Driver/Src/stm32f4xx_ll_adc.c ****   *          - Set ADC group regular or group injected sequencer:
 575:board/stm32f401rct6/Drivers/STM32F4xx_HAL_Driver/Src/stm32f4xx_ll_adc.c ****   *            map channel on the selected sequencer rank.
ARM GAS  C:\Users\Admin\AppData\Local\Temp\ccHarYQc.s 			page 120


 576:board/stm32f401rct6/Drivers/STM32F4xx_HAL_Driver/Src/stm32f4xx_ll_adc.c ****   *            Refer to function @ref LL_ADC_REG_SetSequencerRanks().
 577:board/stm32f401rct6/Drivers/STM32F4xx_HAL_Driver/Src/stm32f4xx_ll_adc.c ****   *          - Set ADC channel sampling time
 578:board/stm32f401rct6/Drivers/STM32F4xx_HAL_Driver/Src/stm32f4xx_ll_adc.c ****   *            Refer to function LL_ADC_SetChannelSamplingTime();
 579:board/stm32f401rct6/Drivers/STM32F4xx_HAL_Driver/Src/stm32f4xx_ll_adc.c ****   * @param  ADCx ADC instance
 580:board/stm32f401rct6/Drivers/STM32F4xx_HAL_Driver/Src/stm32f4xx_ll_adc.c ****   * @param  ADC_InitStruct Pointer to a @ref LL_ADC_REG_InitTypeDef structure
 581:board/stm32f401rct6/Drivers/STM32F4xx_HAL_Driver/Src/stm32f4xx_ll_adc.c ****   * @retval An ErrorStatus enumeration value:
 582:board/stm32f401rct6/Drivers/STM32F4xx_HAL_Driver/Src/stm32f4xx_ll_adc.c ****   *          - SUCCESS: ADC registers are initialized
 583:board/stm32f401rct6/Drivers/STM32F4xx_HAL_Driver/Src/stm32f4xx_ll_adc.c ****   *          - ERROR: ADC registers are not initialized
 584:board/stm32f401rct6/Drivers/STM32F4xx_HAL_Driver/Src/stm32f4xx_ll_adc.c ****   */
 585:board/stm32f401rct6/Drivers/STM32F4xx_HAL_Driver/Src/stm32f4xx_ll_adc.c **** ErrorStatus LL_ADC_Init(ADC_TypeDef *ADCx, LL_ADC_InitTypeDef *ADC_InitStruct)
 586:board/stm32f401rct6/Drivers/STM32F4xx_HAL_Driver/Src/stm32f4xx_ll_adc.c **** {
 358              		.loc 1 586 1 is_stmt 1 view -0
 359              		.cfi_startproc
 360              		@ args = 0, pretend = 0, frame = 0
 361              		@ frame_needed = 0, uses_anonymous_args = 0
 362              		@ link register save eliminated.
 587:board/stm32f401rct6/Drivers/STM32F4xx_HAL_Driver/Src/stm32f4xx_ll_adc.c ****   ErrorStatus status = SUCCESS;
 363              		.loc 1 587 3 view .LVU82
 588:board/stm32f401rct6/Drivers/STM32F4xx_HAL_Driver/Src/stm32f4xx_ll_adc.c **** 
 589:board/stm32f401rct6/Drivers/STM32F4xx_HAL_Driver/Src/stm32f4xx_ll_adc.c ****   /* Check the parameters */
 590:board/stm32f401rct6/Drivers/STM32F4xx_HAL_Driver/Src/stm32f4xx_ll_adc.c ****   assert_param(IS_ADC_ALL_INSTANCE(ADCx));
 364              		.loc 1 590 3 view .LVU83
 591:board/stm32f401rct6/Drivers/STM32F4xx_HAL_Driver/Src/stm32f4xx_ll_adc.c **** 
 592:board/stm32f401rct6/Drivers/STM32F4xx_HAL_Driver/Src/stm32f4xx_ll_adc.c ****   assert_param(IS_LL_ADC_RESOLUTION(ADC_InitStruct->Resolution));
 365              		.loc 1 592 3 view .LVU84
 593:board/stm32f401rct6/Drivers/STM32F4xx_HAL_Driver/Src/stm32f4xx_ll_adc.c ****   assert_param(IS_LL_ADC_DATA_ALIGN(ADC_InitStruct->DataAlignment));
 366              		.loc 1 593 3 view .LVU85
 594:board/stm32f401rct6/Drivers/STM32F4xx_HAL_Driver/Src/stm32f4xx_ll_adc.c ****   assert_param(IS_LL_ADC_SCAN_SELECTION(ADC_InitStruct->SequencersScanMode));
 367              		.loc 1 594 3 view .LVU86
 595:board/stm32f401rct6/Drivers/STM32F4xx_HAL_Driver/Src/stm32f4xx_ll_adc.c **** 
 596:board/stm32f401rct6/Drivers/STM32F4xx_HAL_Driver/Src/stm32f4xx_ll_adc.c ****   /* Note: Hardware constraint (refer to description of this function):       */
 597:board/stm32f401rct6/Drivers/STM32F4xx_HAL_Driver/Src/stm32f4xx_ll_adc.c ****   /*       ADC instance must be disabled.                                     */
 598:board/stm32f401rct6/Drivers/STM32F4xx_HAL_Driver/Src/stm32f4xx_ll_adc.c ****   if (LL_ADC_IsEnabled(ADCx) == 0UL)
 368              		.loc 1 598 3 view .LVU87
 369              	.LBB46:
 370              	.LBI46:
3892:board/stm32f401rct6/Drivers/STM32F4xx_HAL_Driver/Inc/stm32f4xx_ll_adc.h **** {
 371              		.loc 3 3892 26 view .LVU88
 372              	.LBB47:
 373              		.loc 3 3894 3 view .LVU89
 374              		.loc 3 3894 11 is_stmt 0 view .LVU90
 375 0000 8368     		ldr	r3, [r0, #8]
 376              	.LVL21:
 377              		.loc 3 3894 11 view .LVU91
 378              	.LBE47:
 379              	.LBE46:
 380              		.loc 1 598 6 view .LVU92
 381 0002 13F0010F 		tst	r3, #1
 382 0006 14D1     		bne	.L17
 586:board/stm32f401rct6/Drivers/STM32F4xx_HAL_Driver/Src/stm32f4xx_ll_adc.c ****   ErrorStatus status = SUCCESS;
 383              		.loc 1 586 1 view .LVU93
 384 0008 10B4     		push	{r4}
 385              	.LCFI0:
 386              		.cfi_def_cfa_offset 4
 387              		.cfi_offset 4, -4
 599:board/stm32f401rct6/Drivers/STM32F4xx_HAL_Driver/Src/stm32f4xx_ll_adc.c ****   {
 600:board/stm32f401rct6/Drivers/STM32F4xx_HAL_Driver/Src/stm32f4xx_ll_adc.c ****     /* Configuration of ADC hierarchical scope:                               */
ARM GAS  C:\Users\Admin\AppData\Local\Temp\ccHarYQc.s 			page 121


 601:board/stm32f401rct6/Drivers/STM32F4xx_HAL_Driver/Src/stm32f4xx_ll_adc.c ****     /*  - ADC instance                                                        */
 602:board/stm32f401rct6/Drivers/STM32F4xx_HAL_Driver/Src/stm32f4xx_ll_adc.c ****     /*    - Set ADC data resolution                                           */
 603:board/stm32f401rct6/Drivers/STM32F4xx_HAL_Driver/Src/stm32f4xx_ll_adc.c ****     /*    - Set ADC conversion data alignment                                 */
 604:board/stm32f401rct6/Drivers/STM32F4xx_HAL_Driver/Src/stm32f4xx_ll_adc.c ****     MODIFY_REG(ADCx->CR1,
 388              		.loc 1 604 5 is_stmt 1 view .LVU94
 389 000a 4368     		ldr	r3, [r0, #4]
 390 000c 23F04073 		bic	r3, r3, #50331648
 391 0010 23F48073 		bic	r3, r3, #256
 392 0014 0A68     		ldr	r2, [r1]
 393 0016 8C68     		ldr	r4, [r1, #8]
 394 0018 2243     		orrs	r2, r2, r4
 395 001a 1343     		orrs	r3, r3, r2
 396 001c 4360     		str	r3, [r0, #4]
 605:board/stm32f401rct6/Drivers/STM32F4xx_HAL_Driver/Src/stm32f4xx_ll_adc.c ****                ADC_CR1_RES
 606:board/stm32f401rct6/Drivers/STM32F4xx_HAL_Driver/Src/stm32f4xx_ll_adc.c ****                | ADC_CR1_SCAN
 607:board/stm32f401rct6/Drivers/STM32F4xx_HAL_Driver/Src/stm32f4xx_ll_adc.c ****                ,
 608:board/stm32f401rct6/Drivers/STM32F4xx_HAL_Driver/Src/stm32f4xx_ll_adc.c ****                ADC_InitStruct->Resolution
 609:board/stm32f401rct6/Drivers/STM32F4xx_HAL_Driver/Src/stm32f4xx_ll_adc.c ****                | ADC_InitStruct->SequencersScanMode
 610:board/stm32f401rct6/Drivers/STM32F4xx_HAL_Driver/Src/stm32f4xx_ll_adc.c ****               );
 611:board/stm32f401rct6/Drivers/STM32F4xx_HAL_Driver/Src/stm32f4xx_ll_adc.c **** 
 612:board/stm32f401rct6/Drivers/STM32F4xx_HAL_Driver/Src/stm32f4xx_ll_adc.c ****     MODIFY_REG(ADCx->CR2,
 397              		.loc 1 612 5 view .LVU95
 398 001e 8368     		ldr	r3, [r0, #8]
 399 0020 23F40063 		bic	r3, r3, #2048
 400 0024 4A68     		ldr	r2, [r1, #4]
 401 0026 1343     		orrs	r3, r3, r2
 402 0028 8360     		str	r3, [r0, #8]
 587:board/stm32f401rct6/Drivers/STM32F4xx_HAL_Driver/Src/stm32f4xx_ll_adc.c **** 
 403              		.loc 1 587 15 is_stmt 0 view .LVU96
 404 002a 0020     		movs	r0, #0
 405              	.LVL22:
 613:board/stm32f401rct6/Drivers/STM32F4xx_HAL_Driver/Src/stm32f4xx_ll_adc.c ****                ADC_CR2_ALIGN
 614:board/stm32f401rct6/Drivers/STM32F4xx_HAL_Driver/Src/stm32f4xx_ll_adc.c ****                ,
 615:board/stm32f401rct6/Drivers/STM32F4xx_HAL_Driver/Src/stm32f4xx_ll_adc.c ****                ADC_InitStruct->DataAlignment
 616:board/stm32f401rct6/Drivers/STM32F4xx_HAL_Driver/Src/stm32f4xx_ll_adc.c ****               );
 617:board/stm32f401rct6/Drivers/STM32F4xx_HAL_Driver/Src/stm32f4xx_ll_adc.c **** 
 618:board/stm32f401rct6/Drivers/STM32F4xx_HAL_Driver/Src/stm32f4xx_ll_adc.c ****   }
 619:board/stm32f401rct6/Drivers/STM32F4xx_HAL_Driver/Src/stm32f4xx_ll_adc.c ****   else
 620:board/stm32f401rct6/Drivers/STM32F4xx_HAL_Driver/Src/stm32f4xx_ll_adc.c ****   {
 621:board/stm32f401rct6/Drivers/STM32F4xx_HAL_Driver/Src/stm32f4xx_ll_adc.c ****     /* Initialization error: ADC instance is not disabled. */
 622:board/stm32f401rct6/Drivers/STM32F4xx_HAL_Driver/Src/stm32f4xx_ll_adc.c ****     status = ERROR;
 623:board/stm32f401rct6/Drivers/STM32F4xx_HAL_Driver/Src/stm32f4xx_ll_adc.c ****   }
 624:board/stm32f401rct6/Drivers/STM32F4xx_HAL_Driver/Src/stm32f4xx_ll_adc.c ****   return status;
 406              		.loc 1 624 3 is_stmt 1 view .LVU97
 625:board/stm32f401rct6/Drivers/STM32F4xx_HAL_Driver/Src/stm32f4xx_ll_adc.c **** }
 407              		.loc 1 625 1 is_stmt 0 view .LVU98
 408 002c 5DF8044B 		ldr	r4, [sp], #4
 409              	.LCFI1:
 410              		.cfi_restore 4
 411              		.cfi_def_cfa_offset 0
 412 0030 7047     		bx	lr
 413              	.LVL23:
 414              	.L17:
 622:board/stm32f401rct6/Drivers/STM32F4xx_HAL_Driver/Src/stm32f4xx_ll_adc.c ****   }
 415              		.loc 1 622 12 view .LVU99
 416 0032 0120     		movs	r0, #1
 417              	.LVL24:
ARM GAS  C:\Users\Admin\AppData\Local\Temp\ccHarYQc.s 			page 122


 624:board/stm32f401rct6/Drivers/STM32F4xx_HAL_Driver/Src/stm32f4xx_ll_adc.c **** }
 418              		.loc 1 624 3 is_stmt 1 view .LVU100
 419              		.loc 1 625 1 is_stmt 0 view .LVU101
 420 0034 7047     		bx	lr
 421              		.cfi_endproc
 422              	.LFE252:
 424              		.section	.text.LL_ADC_StructInit,"ax",%progbits
 425              		.align	1
 426              		.global	LL_ADC_StructInit
 427              		.syntax unified
 428              		.thumb
 429              		.thumb_func
 431              	LL_ADC_StructInit:
 432              	.LVL25:
 433              	.LFB253:
 626:board/stm32f401rct6/Drivers/STM32F4xx_HAL_Driver/Src/stm32f4xx_ll_adc.c **** 
 627:board/stm32f401rct6/Drivers/STM32F4xx_HAL_Driver/Src/stm32f4xx_ll_adc.c **** /**
 628:board/stm32f401rct6/Drivers/STM32F4xx_HAL_Driver/Src/stm32f4xx_ll_adc.c ****   * @brief  Set each @ref LL_ADC_InitTypeDef field to default value.
 629:board/stm32f401rct6/Drivers/STM32F4xx_HAL_Driver/Src/stm32f4xx_ll_adc.c ****   * @param  ADC_InitStruct Pointer to a @ref LL_ADC_InitTypeDef structure
 630:board/stm32f401rct6/Drivers/STM32F4xx_HAL_Driver/Src/stm32f4xx_ll_adc.c ****   *                        whose fields will be set to default values.
 631:board/stm32f401rct6/Drivers/STM32F4xx_HAL_Driver/Src/stm32f4xx_ll_adc.c ****   * @retval None
 632:board/stm32f401rct6/Drivers/STM32F4xx_HAL_Driver/Src/stm32f4xx_ll_adc.c ****   */
 633:board/stm32f401rct6/Drivers/STM32F4xx_HAL_Driver/Src/stm32f4xx_ll_adc.c **** void LL_ADC_StructInit(LL_ADC_InitTypeDef *ADC_InitStruct)
 634:board/stm32f401rct6/Drivers/STM32F4xx_HAL_Driver/Src/stm32f4xx_ll_adc.c **** {
 434              		.loc 1 634 1 is_stmt 1 view -0
 435              		.cfi_startproc
 436              		@ args = 0, pretend = 0, frame = 0
 437              		@ frame_needed = 0, uses_anonymous_args = 0
 438              		@ link register save eliminated.
 635:board/stm32f401rct6/Drivers/STM32F4xx_HAL_Driver/Src/stm32f4xx_ll_adc.c ****   /* Set ADC_InitStruct fields to default values */
 636:board/stm32f401rct6/Drivers/STM32F4xx_HAL_Driver/Src/stm32f4xx_ll_adc.c ****   /* Set fields of ADC instance */
 637:board/stm32f401rct6/Drivers/STM32F4xx_HAL_Driver/Src/stm32f4xx_ll_adc.c ****   ADC_InitStruct->Resolution    = LL_ADC_RESOLUTION_12B;
 439              		.loc 1 637 3 view .LVU103
 440              		.loc 1 637 33 is_stmt 0 view .LVU104
 441 0000 0023     		movs	r3, #0
 442 0002 0360     		str	r3, [r0]
 638:board/stm32f401rct6/Drivers/STM32F4xx_HAL_Driver/Src/stm32f4xx_ll_adc.c ****   ADC_InitStruct->DataAlignment = LL_ADC_DATA_ALIGN_RIGHT;
 443              		.loc 1 638 3 is_stmt 1 view .LVU105
 444              		.loc 1 638 33 is_stmt 0 view .LVU106
 445 0004 4360     		str	r3, [r0, #4]
 639:board/stm32f401rct6/Drivers/STM32F4xx_HAL_Driver/Src/stm32f4xx_ll_adc.c **** 
 640:board/stm32f401rct6/Drivers/STM32F4xx_HAL_Driver/Src/stm32f4xx_ll_adc.c ****   /* Enable scan mode to have a generic behavior with ADC of other            */
 641:board/stm32f401rct6/Drivers/STM32F4xx_HAL_Driver/Src/stm32f4xx_ll_adc.c ****   /* STM32 families, without this setting available:                          */
 642:board/stm32f401rct6/Drivers/STM32F4xx_HAL_Driver/Src/stm32f4xx_ll_adc.c ****   /* ADC group regular sequencer and ADC group injected sequencer depend      */
 643:board/stm32f401rct6/Drivers/STM32F4xx_HAL_Driver/Src/stm32f4xx_ll_adc.c ****   /* only of their own configuration.                                         */
 644:board/stm32f401rct6/Drivers/STM32F4xx_HAL_Driver/Src/stm32f4xx_ll_adc.c ****   ADC_InitStruct->SequencersScanMode      = LL_ADC_SEQ_SCAN_ENABLE;
 446              		.loc 1 644 3 is_stmt 1 view .LVU107
 447              		.loc 1 644 43 is_stmt 0 view .LVU108
 448 0006 4FF48073 		mov	r3, #256
 449 000a 8360     		str	r3, [r0, #8]
 645:board/stm32f401rct6/Drivers/STM32F4xx_HAL_Driver/Src/stm32f4xx_ll_adc.c **** 
 646:board/stm32f401rct6/Drivers/STM32F4xx_HAL_Driver/Src/stm32f4xx_ll_adc.c **** }
 450              		.loc 1 646 1 view .LVU109
 451 000c 7047     		bx	lr
 452              		.cfi_endproc
 453              	.LFE253:
 455              		.section	.text.LL_ADC_REG_Init,"ax",%progbits
ARM GAS  C:\Users\Admin\AppData\Local\Temp\ccHarYQc.s 			page 123


 456              		.align	1
 457              		.global	LL_ADC_REG_Init
 458              		.syntax unified
 459              		.thumb
 460              		.thumb_func
 462              	LL_ADC_REG_Init:
 463              	.LVL26:
 464              	.LFB254:
 647:board/stm32f401rct6/Drivers/STM32F4xx_HAL_Driver/Src/stm32f4xx_ll_adc.c **** 
 648:board/stm32f401rct6/Drivers/STM32F4xx_HAL_Driver/Src/stm32f4xx_ll_adc.c **** /**
 649:board/stm32f401rct6/Drivers/STM32F4xx_HAL_Driver/Src/stm32f4xx_ll_adc.c ****   * @brief  Initialize some features of ADC group regular.
 650:board/stm32f401rct6/Drivers/STM32F4xx_HAL_Driver/Src/stm32f4xx_ll_adc.c ****   * @note   These parameters have an impact on ADC scope: ADC group regular.
 651:board/stm32f401rct6/Drivers/STM32F4xx_HAL_Driver/Src/stm32f4xx_ll_adc.c ****   *         Refer to corresponding unitary functions into
 652:board/stm32f401rct6/Drivers/STM32F4xx_HAL_Driver/Src/stm32f4xx_ll_adc.c ****   *         @ref ADC_LL_EF_Configuration_ADC_Group_Regular
 653:board/stm32f401rct6/Drivers/STM32F4xx_HAL_Driver/Src/stm32f4xx_ll_adc.c ****   *         (functions with prefix "REG").
 654:board/stm32f401rct6/Drivers/STM32F4xx_HAL_Driver/Src/stm32f4xx_ll_adc.c ****   * @note   The setting of these parameters by function @ref LL_ADC_Init()
 655:board/stm32f401rct6/Drivers/STM32F4xx_HAL_Driver/Src/stm32f4xx_ll_adc.c ****   *         is conditioned to ADC state:
 656:board/stm32f401rct6/Drivers/STM32F4xx_HAL_Driver/Src/stm32f4xx_ll_adc.c ****   *         ADC instance must be disabled.
 657:board/stm32f401rct6/Drivers/STM32F4xx_HAL_Driver/Src/stm32f4xx_ll_adc.c ****   *         This condition is applied to all ADC features, for efficiency
 658:board/stm32f401rct6/Drivers/STM32F4xx_HAL_Driver/Src/stm32f4xx_ll_adc.c ****   *         and compatibility over all STM32 families. However, the different
 659:board/stm32f401rct6/Drivers/STM32F4xx_HAL_Driver/Src/stm32f4xx_ll_adc.c ****   *         features can be set under different ADC state conditions
 660:board/stm32f401rct6/Drivers/STM32F4xx_HAL_Driver/Src/stm32f4xx_ll_adc.c ****   *         (setting possible with ADC enabled without conversion on going,
 661:board/stm32f401rct6/Drivers/STM32F4xx_HAL_Driver/Src/stm32f4xx_ll_adc.c ****   *         ADC enabled with conversion on going, ...)
 662:board/stm32f401rct6/Drivers/STM32F4xx_HAL_Driver/Src/stm32f4xx_ll_adc.c ****   *         Each feature can be updated afterwards with a unitary function
 663:board/stm32f401rct6/Drivers/STM32F4xx_HAL_Driver/Src/stm32f4xx_ll_adc.c ****   *         and potentially with ADC in a different state than disabled,
 664:board/stm32f401rct6/Drivers/STM32F4xx_HAL_Driver/Src/stm32f4xx_ll_adc.c ****   *         refer to description of each function for setting
 665:board/stm32f401rct6/Drivers/STM32F4xx_HAL_Driver/Src/stm32f4xx_ll_adc.c ****   *         conditioned to ADC state.
 666:board/stm32f401rct6/Drivers/STM32F4xx_HAL_Driver/Src/stm32f4xx_ll_adc.c ****   * @note   After using this function, other features must be configured
 667:board/stm32f401rct6/Drivers/STM32F4xx_HAL_Driver/Src/stm32f4xx_ll_adc.c ****   *         using LL unitary functions.
 668:board/stm32f401rct6/Drivers/STM32F4xx_HAL_Driver/Src/stm32f4xx_ll_adc.c ****   *         The minimum configuration remaining to be done is:
 669:board/stm32f401rct6/Drivers/STM32F4xx_HAL_Driver/Src/stm32f4xx_ll_adc.c ****   *          - Set ADC group regular or group injected sequencer:
 670:board/stm32f401rct6/Drivers/STM32F4xx_HAL_Driver/Src/stm32f4xx_ll_adc.c ****   *            map channel on the selected sequencer rank.
 671:board/stm32f401rct6/Drivers/STM32F4xx_HAL_Driver/Src/stm32f4xx_ll_adc.c ****   *            Refer to function @ref LL_ADC_REG_SetSequencerRanks().
 672:board/stm32f401rct6/Drivers/STM32F4xx_HAL_Driver/Src/stm32f4xx_ll_adc.c ****   *          - Set ADC channel sampling time
 673:board/stm32f401rct6/Drivers/STM32F4xx_HAL_Driver/Src/stm32f4xx_ll_adc.c ****   *            Refer to function LL_ADC_SetChannelSamplingTime();
 674:board/stm32f401rct6/Drivers/STM32F4xx_HAL_Driver/Src/stm32f4xx_ll_adc.c ****   * @param  ADCx ADC instance
 675:board/stm32f401rct6/Drivers/STM32F4xx_HAL_Driver/Src/stm32f4xx_ll_adc.c ****   * @param  ADC_REG_InitStruct Pointer to a @ref LL_ADC_REG_InitTypeDef structure
 676:board/stm32f401rct6/Drivers/STM32F4xx_HAL_Driver/Src/stm32f4xx_ll_adc.c ****   * @retval An ErrorStatus enumeration value:
 677:board/stm32f401rct6/Drivers/STM32F4xx_HAL_Driver/Src/stm32f4xx_ll_adc.c ****   *          - SUCCESS: ADC registers are initialized
 678:board/stm32f401rct6/Drivers/STM32F4xx_HAL_Driver/Src/stm32f4xx_ll_adc.c ****   *          - ERROR: ADC registers are not initialized
 679:board/stm32f401rct6/Drivers/STM32F4xx_HAL_Driver/Src/stm32f4xx_ll_adc.c ****   */
 680:board/stm32f401rct6/Drivers/STM32F4xx_HAL_Driver/Src/stm32f4xx_ll_adc.c **** ErrorStatus LL_ADC_REG_Init(ADC_TypeDef *ADCx, LL_ADC_REG_InitTypeDef *ADC_REG_InitStruct)
 681:board/stm32f401rct6/Drivers/STM32F4xx_HAL_Driver/Src/stm32f4xx_ll_adc.c **** {
 465              		.loc 1 681 1 is_stmt 1 view -0
 466              		.cfi_startproc
 467              		@ args = 0, pretend = 0, frame = 0
 468              		@ frame_needed = 0, uses_anonymous_args = 0
 469              		@ link register save eliminated.
 682:board/stm32f401rct6/Drivers/STM32F4xx_HAL_Driver/Src/stm32f4xx_ll_adc.c ****   ErrorStatus status = SUCCESS;
 470              		.loc 1 682 3 view .LVU111
 683:board/stm32f401rct6/Drivers/STM32F4xx_HAL_Driver/Src/stm32f4xx_ll_adc.c **** 
 684:board/stm32f401rct6/Drivers/STM32F4xx_HAL_Driver/Src/stm32f4xx_ll_adc.c ****   /* Check the parameters */
 685:board/stm32f401rct6/Drivers/STM32F4xx_HAL_Driver/Src/stm32f4xx_ll_adc.c ****   assert_param(IS_ADC_ALL_INSTANCE(ADCx));
 471              		.loc 1 685 3 view .LVU112
 686:board/stm32f401rct6/Drivers/STM32F4xx_HAL_Driver/Src/stm32f4xx_ll_adc.c ****   assert_param(IS_LL_ADC_REG_TRIG_SOURCE(ADC_REG_InitStruct->TriggerSource));
 472              		.loc 1 686 3 view .LVU113
 687:board/stm32f401rct6/Drivers/STM32F4xx_HAL_Driver/Src/stm32f4xx_ll_adc.c ****   assert_param(IS_LL_ADC_REG_SEQ_SCAN_LENGTH(ADC_REG_InitStruct->SequencerLength));
ARM GAS  C:\Users\Admin\AppData\Local\Temp\ccHarYQc.s 			page 124


 473              		.loc 1 687 3 view .LVU114
 688:board/stm32f401rct6/Drivers/STM32F4xx_HAL_Driver/Src/stm32f4xx_ll_adc.c ****   if (ADC_REG_InitStruct->SequencerLength != LL_ADC_REG_SEQ_SCAN_DISABLE)
 474              		.loc 1 688 3 view .LVU115
 475              		.loc 1 688 25 is_stmt 0 view .LVU116
 476 0000 4A68     		ldr	r2, [r1, #4]
 689:board/stm32f401rct6/Drivers/STM32F4xx_HAL_Driver/Src/stm32f4xx_ll_adc.c ****   {
 690:board/stm32f401rct6/Drivers/STM32F4xx_HAL_Driver/Src/stm32f4xx_ll_adc.c ****     assert_param(IS_LL_ADC_REG_SEQ_SCAN_DISCONT_MODE(ADC_REG_InitStruct->SequencerDiscont));
 477              		.loc 1 690 5 is_stmt 1 view .LVU117
 691:board/stm32f401rct6/Drivers/STM32F4xx_HAL_Driver/Src/stm32f4xx_ll_adc.c ****   }
 692:board/stm32f401rct6/Drivers/STM32F4xx_HAL_Driver/Src/stm32f4xx_ll_adc.c ****   assert_param(IS_LL_ADC_REG_CONTINUOUS_MODE(ADC_REG_InitStruct->ContinuousMode));
 478              		.loc 1 692 3 view .LVU118
 693:board/stm32f401rct6/Drivers/STM32F4xx_HAL_Driver/Src/stm32f4xx_ll_adc.c ****   assert_param(IS_LL_ADC_REG_DMA_TRANSFER(ADC_REG_InitStruct->DMATransfer));
 479              		.loc 1 693 3 view .LVU119
 694:board/stm32f401rct6/Drivers/STM32F4xx_HAL_Driver/Src/stm32f4xx_ll_adc.c **** 
 695:board/stm32f401rct6/Drivers/STM32F4xx_HAL_Driver/Src/stm32f4xx_ll_adc.c ****   /* ADC group regular continuous mode and discontinuous mode                 */
 696:board/stm32f401rct6/Drivers/STM32F4xx_HAL_Driver/Src/stm32f4xx_ll_adc.c ****   /* can not be enabled simultenaeously                                       */
 697:board/stm32f401rct6/Drivers/STM32F4xx_HAL_Driver/Src/stm32f4xx_ll_adc.c ****   assert_param((ADC_REG_InitStruct->ContinuousMode == LL_ADC_REG_CONV_SINGLE)
 480              		.loc 1 697 3 view .LVU120
 698:board/stm32f401rct6/Drivers/STM32F4xx_HAL_Driver/Src/stm32f4xx_ll_adc.c ****                || (ADC_REG_InitStruct->SequencerDiscont == LL_ADC_REG_SEQ_DISCONT_DISABLE));
 699:board/stm32f401rct6/Drivers/STM32F4xx_HAL_Driver/Src/stm32f4xx_ll_adc.c **** 
 700:board/stm32f401rct6/Drivers/STM32F4xx_HAL_Driver/Src/stm32f4xx_ll_adc.c ****   /* Note: Hardware constraint (refer to description of this function):       */
 701:board/stm32f401rct6/Drivers/STM32F4xx_HAL_Driver/Src/stm32f4xx_ll_adc.c ****   /*       ADC instance must be disabled.                                     */
 702:board/stm32f401rct6/Drivers/STM32F4xx_HAL_Driver/Src/stm32f4xx_ll_adc.c ****   if (LL_ADC_IsEnabled(ADCx) == 0UL)
 481              		.loc 1 702 3 view .LVU121
 482              	.LVL27:
 483              	.LBB48:
 484              	.LBI48:
3892:board/stm32f401rct6/Drivers/STM32F4xx_HAL_Driver/Inc/stm32f4xx_ll_adc.h **** {
 485              		.loc 3 3892 26 view .LVU122
 486              	.LBB49:
 487              		.loc 3 3894 3 view .LVU123
 488              		.loc 3 3894 11 is_stmt 0 view .LVU124
 489 0002 8368     		ldr	r3, [r0, #8]
 490              	.LVL28:
 491              		.loc 3 3894 11 view .LVU125
 492              	.LBE49:
 493              	.LBE48:
 494              		.loc 1 702 6 view .LVU126
 495 0004 13F0010F 		tst	r3, #1
 496 0008 22D1     		bne	.L27
 681:board/stm32f401rct6/Drivers/STM32F4xx_HAL_Driver/Src/stm32f4xx_ll_adc.c ****   ErrorStatus status = SUCCESS;
 497              		.loc 1 681 1 view .LVU127
 498 000a 10B4     		push	{r4}
 499              	.LCFI2:
 500              		.cfi_def_cfa_offset 4
 501              		.cfi_offset 4, -4
 703:board/stm32f401rct6/Drivers/STM32F4xx_HAL_Driver/Src/stm32f4xx_ll_adc.c ****   {
 704:board/stm32f401rct6/Drivers/STM32F4xx_HAL_Driver/Src/stm32f4xx_ll_adc.c ****     /* Configuration of ADC hierarchical scope:                               */
 705:board/stm32f401rct6/Drivers/STM32F4xx_HAL_Driver/Src/stm32f4xx_ll_adc.c ****     /*  - ADC group regular                                                   */
 706:board/stm32f401rct6/Drivers/STM32F4xx_HAL_Driver/Src/stm32f4xx_ll_adc.c ****     /*    - Set ADC group regular trigger source                              */
 707:board/stm32f401rct6/Drivers/STM32F4xx_HAL_Driver/Src/stm32f4xx_ll_adc.c ****     /*    - Set ADC group regular sequencer length                            */
 708:board/stm32f401rct6/Drivers/STM32F4xx_HAL_Driver/Src/stm32f4xx_ll_adc.c ****     /*    - Set ADC group regular sequencer discontinuous mode                */
 709:board/stm32f401rct6/Drivers/STM32F4xx_HAL_Driver/Src/stm32f4xx_ll_adc.c ****     /*    - Set ADC group regular continuous mode                             */
 710:board/stm32f401rct6/Drivers/STM32F4xx_HAL_Driver/Src/stm32f4xx_ll_adc.c ****     /*    - Set ADC group regular conversion data transfer: no transfer or    */
 711:board/stm32f401rct6/Drivers/STM32F4xx_HAL_Driver/Src/stm32f4xx_ll_adc.c ****     /*      transfer by DMA, and DMA requests mode                            */
 712:board/stm32f401rct6/Drivers/STM32F4xx_HAL_Driver/Src/stm32f4xx_ll_adc.c ****     /* Note: On this STM32 series, ADC trigger edge is set when starting      */
 713:board/stm32f401rct6/Drivers/STM32F4xx_HAL_Driver/Src/stm32f4xx_ll_adc.c ****     /*       ADC conversion.                                                  */
ARM GAS  C:\Users\Admin\AppData\Local\Temp\ccHarYQc.s 			page 125


 714:board/stm32f401rct6/Drivers/STM32F4xx_HAL_Driver/Src/stm32f4xx_ll_adc.c ****     /*       Refer to function @ref LL_ADC_REG_StartConversionExtTrig().      */
 715:board/stm32f401rct6/Drivers/STM32F4xx_HAL_Driver/Src/stm32f4xx_ll_adc.c ****     if (ADC_REG_InitStruct->SequencerLength != LL_ADC_REG_SEQ_SCAN_DISABLE)
 502              		.loc 1 715 5 is_stmt 1 view .LVU128
 503              		.loc 1 715 8 is_stmt 0 view .LVU129
 504 000c DAB1     		cbz	r2, .L25
 716:board/stm32f401rct6/Drivers/STM32F4xx_HAL_Driver/Src/stm32f4xx_ll_adc.c ****     {
 717:board/stm32f401rct6/Drivers/STM32F4xx_HAL_Driver/Src/stm32f4xx_ll_adc.c ****       MODIFY_REG(ADCx->CR1,
 505              		.loc 1 717 7 is_stmt 1 view .LVU130
 506 000e 4368     		ldr	r3, [r0, #4]
 507 0010 23F46843 		bic	r3, r3, #59392
 508 0014 8A68     		ldr	r2, [r1, #8]
 509 0016 1343     		orrs	r3, r3, r2
 510 0018 4360     		str	r3, [r0, #4]
 511              	.L26:
 718:board/stm32f401rct6/Drivers/STM32F4xx_HAL_Driver/Src/stm32f4xx_ll_adc.c ****                  ADC_CR1_DISCEN
 719:board/stm32f401rct6/Drivers/STM32F4xx_HAL_Driver/Src/stm32f4xx_ll_adc.c ****                  | ADC_CR1_DISCNUM
 720:board/stm32f401rct6/Drivers/STM32F4xx_HAL_Driver/Src/stm32f4xx_ll_adc.c ****                  ,
 721:board/stm32f401rct6/Drivers/STM32F4xx_HAL_Driver/Src/stm32f4xx_ll_adc.c ****                  ADC_REG_InitStruct->SequencerDiscont
 722:board/stm32f401rct6/Drivers/STM32F4xx_HAL_Driver/Src/stm32f4xx_ll_adc.c ****                 );
 723:board/stm32f401rct6/Drivers/STM32F4xx_HAL_Driver/Src/stm32f4xx_ll_adc.c ****     }
 724:board/stm32f401rct6/Drivers/STM32F4xx_HAL_Driver/Src/stm32f4xx_ll_adc.c ****     else
 725:board/stm32f401rct6/Drivers/STM32F4xx_HAL_Driver/Src/stm32f4xx_ll_adc.c ****     {
 726:board/stm32f401rct6/Drivers/STM32F4xx_HAL_Driver/Src/stm32f4xx_ll_adc.c ****       MODIFY_REG(ADCx->CR1,
 727:board/stm32f401rct6/Drivers/STM32F4xx_HAL_Driver/Src/stm32f4xx_ll_adc.c ****                  ADC_CR1_DISCEN
 728:board/stm32f401rct6/Drivers/STM32F4xx_HAL_Driver/Src/stm32f4xx_ll_adc.c ****                  | ADC_CR1_DISCNUM
 729:board/stm32f401rct6/Drivers/STM32F4xx_HAL_Driver/Src/stm32f4xx_ll_adc.c ****                  ,
 730:board/stm32f401rct6/Drivers/STM32F4xx_HAL_Driver/Src/stm32f4xx_ll_adc.c ****                  LL_ADC_REG_SEQ_DISCONT_DISABLE
 731:board/stm32f401rct6/Drivers/STM32F4xx_HAL_Driver/Src/stm32f4xx_ll_adc.c ****                 );
 732:board/stm32f401rct6/Drivers/STM32F4xx_HAL_Driver/Src/stm32f4xx_ll_adc.c ****     }
 733:board/stm32f401rct6/Drivers/STM32F4xx_HAL_Driver/Src/stm32f4xx_ll_adc.c **** 
 734:board/stm32f401rct6/Drivers/STM32F4xx_HAL_Driver/Src/stm32f4xx_ll_adc.c ****     MODIFY_REG(ADCx->CR2,
 512              		.loc 1 734 5 view .LVU131
 513 001a 8368     		ldr	r3, [r0, #8]
 514 001c 0D4A     		ldr	r2, .L32
 515 001e 1A40     		ands	r2, r2, r3
 516 0020 0B68     		ldr	r3, [r1]
 517 0022 03F07063 		and	r3, r3, #251658240
 518 0026 CC68     		ldr	r4, [r1, #12]
 519 0028 2343     		orrs	r3, r3, r4
 520 002a 0C69     		ldr	r4, [r1, #16]
 521 002c 2343     		orrs	r3, r3, r4
 522 002e 1343     		orrs	r3, r3, r2
 523 0030 8360     		str	r3, [r0, #8]
 735:board/stm32f401rct6/Drivers/STM32F4xx_HAL_Driver/Src/stm32f4xx_ll_adc.c ****                ADC_CR2_EXTSEL
 736:board/stm32f401rct6/Drivers/STM32F4xx_HAL_Driver/Src/stm32f4xx_ll_adc.c ****                | ADC_CR2_EXTEN
 737:board/stm32f401rct6/Drivers/STM32F4xx_HAL_Driver/Src/stm32f4xx_ll_adc.c ****                | ADC_CR2_CONT
 738:board/stm32f401rct6/Drivers/STM32F4xx_HAL_Driver/Src/stm32f4xx_ll_adc.c ****                | ADC_CR2_DMA
 739:board/stm32f401rct6/Drivers/STM32F4xx_HAL_Driver/Src/stm32f4xx_ll_adc.c ****                | ADC_CR2_DDS
 740:board/stm32f401rct6/Drivers/STM32F4xx_HAL_Driver/Src/stm32f4xx_ll_adc.c ****                ,
 741:board/stm32f401rct6/Drivers/STM32F4xx_HAL_Driver/Src/stm32f4xx_ll_adc.c ****                (ADC_REG_InitStruct->TriggerSource & ADC_CR2_EXTSEL)
 742:board/stm32f401rct6/Drivers/STM32F4xx_HAL_Driver/Src/stm32f4xx_ll_adc.c ****                | ADC_REG_InitStruct->ContinuousMode
 743:board/stm32f401rct6/Drivers/STM32F4xx_HAL_Driver/Src/stm32f4xx_ll_adc.c ****                | ADC_REG_InitStruct->DMATransfer
 744:board/stm32f401rct6/Drivers/STM32F4xx_HAL_Driver/Src/stm32f4xx_ll_adc.c ****               );
 745:board/stm32f401rct6/Drivers/STM32F4xx_HAL_Driver/Src/stm32f4xx_ll_adc.c **** 
 746:board/stm32f401rct6/Drivers/STM32F4xx_HAL_Driver/Src/stm32f4xx_ll_adc.c ****     /* Set ADC group regular sequencer length and scan direction */
 747:board/stm32f401rct6/Drivers/STM32F4xx_HAL_Driver/Src/stm32f4xx_ll_adc.c ****     /* Note: Hardware constraint (refer to description of this function):     */
 748:board/stm32f401rct6/Drivers/STM32F4xx_HAL_Driver/Src/stm32f4xx_ll_adc.c ****     /* Note: If ADC instance feature scan mode is disabled                    */
ARM GAS  C:\Users\Admin\AppData\Local\Temp\ccHarYQc.s 			page 126


 749:board/stm32f401rct6/Drivers/STM32F4xx_HAL_Driver/Src/stm32f4xx_ll_adc.c ****     /*       (refer to  ADC instance initialization structure                 */
 750:board/stm32f401rct6/Drivers/STM32F4xx_HAL_Driver/Src/stm32f4xx_ll_adc.c ****     /*       parameter @ref SequencersScanMode                                */
 751:board/stm32f401rct6/Drivers/STM32F4xx_HAL_Driver/Src/stm32f4xx_ll_adc.c ****     /*       or function @ref LL_ADC_SetSequencersScanMode() ),               */
 752:board/stm32f401rct6/Drivers/STM32F4xx_HAL_Driver/Src/stm32f4xx_ll_adc.c ****     /*       this parameter is discarded.                                     */
 753:board/stm32f401rct6/Drivers/STM32F4xx_HAL_Driver/Src/stm32f4xx_ll_adc.c ****     LL_ADC_REG_SetSequencerLength(ADCx, ADC_REG_InitStruct->SequencerLength);
 524              		.loc 1 753 5 view .LVU132
 525 0032 4B68     		ldr	r3, [r1, #4]
 526              	.LVL29:
 527              	.LBB50:
 528              	.LBI50:
2299:board/stm32f401rct6/Drivers/STM32F4xx_HAL_Driver/Inc/stm32f4xx_ll_adc.h **** {
 529              		.loc 3 2299 22 view .LVU133
 530              	.LBB51:
2301:board/stm32f401rct6/Drivers/STM32F4xx_HAL_Driver/Inc/stm32f4xx_ll_adc.h **** }
 531              		.loc 3 2301 3 view .LVU134
 532 0034 C26A     		ldr	r2, [r0, #44]
 533 0036 22F47002 		bic	r2, r2, #15728640
 534 003a 1343     		orrs	r3, r3, r2
 535              	.LVL30:
2301:board/stm32f401rct6/Drivers/STM32F4xx_HAL_Driver/Inc/stm32f4xx_ll_adc.h **** }
 536              		.loc 3 2301 3 is_stmt 0 view .LVU135
 537 003c C362     		str	r3, [r0, #44]
 538              	.LVL31:
2301:board/stm32f401rct6/Drivers/STM32F4xx_HAL_Driver/Inc/stm32f4xx_ll_adc.h **** }
 539              		.loc 3 2301 3 view .LVU136
 540              	.LBE51:
 541              	.LBE50:
 682:board/stm32f401rct6/Drivers/STM32F4xx_HAL_Driver/Src/stm32f4xx_ll_adc.c **** 
 542              		.loc 1 682 15 view .LVU137
 543 003e 0020     		movs	r0, #0
 544              	.LVL32:
 754:board/stm32f401rct6/Drivers/STM32F4xx_HAL_Driver/Src/stm32f4xx_ll_adc.c ****   }
 755:board/stm32f401rct6/Drivers/STM32F4xx_HAL_Driver/Src/stm32f4xx_ll_adc.c ****   else
 756:board/stm32f401rct6/Drivers/STM32F4xx_HAL_Driver/Src/stm32f4xx_ll_adc.c ****   {
 757:board/stm32f401rct6/Drivers/STM32F4xx_HAL_Driver/Src/stm32f4xx_ll_adc.c ****     /* Initialization error: ADC instance is not disabled. */
 758:board/stm32f401rct6/Drivers/STM32F4xx_HAL_Driver/Src/stm32f4xx_ll_adc.c ****     status = ERROR;
 759:board/stm32f401rct6/Drivers/STM32F4xx_HAL_Driver/Src/stm32f4xx_ll_adc.c ****   }
 760:board/stm32f401rct6/Drivers/STM32F4xx_HAL_Driver/Src/stm32f4xx_ll_adc.c ****   return status;
 545              		.loc 1 760 3 is_stmt 1 view .LVU138
 761:board/stm32f401rct6/Drivers/STM32F4xx_HAL_Driver/Src/stm32f4xx_ll_adc.c **** }
 546              		.loc 1 761 1 is_stmt 0 view .LVU139
 547 0040 5DF8044B 		ldr	r4, [sp], #4
 548              	.LCFI3:
 549              		.cfi_remember_state
 550              		.cfi_restore 4
 551              		.cfi_def_cfa_offset 0
 552 0044 7047     		bx	lr
 553              	.LVL33:
 554              	.L25:
 555              	.LCFI4:
 556              		.cfi_restore_state
 726:board/stm32f401rct6/Drivers/STM32F4xx_HAL_Driver/Src/stm32f4xx_ll_adc.c ****                  ADC_CR1_DISCEN
 557              		.loc 1 726 7 is_stmt 1 view .LVU140
 558 0046 4368     		ldr	r3, [r0, #4]
 559 0048 23F46843 		bic	r3, r3, #59392
 560 004c 4360     		str	r3, [r0, #4]
 561 004e E4E7     		b	.L26
ARM GAS  C:\Users\Admin\AppData\Local\Temp\ccHarYQc.s 			page 127


 562              	.L27:
 563              	.LCFI5:
 564              		.cfi_def_cfa_offset 0
 565              		.cfi_restore 4
 758:board/stm32f401rct6/Drivers/STM32F4xx_HAL_Driver/Src/stm32f4xx_ll_adc.c ****   }
 566              		.loc 1 758 12 is_stmt 0 view .LVU141
 567 0050 0120     		movs	r0, #1
 568              	.LVL34:
 760:board/stm32f401rct6/Drivers/STM32F4xx_HAL_Driver/Src/stm32f4xx_ll_adc.c **** }
 569              		.loc 1 760 3 is_stmt 1 view .LVU142
 570              		.loc 1 761 1 is_stmt 0 view .LVU143
 571 0052 7047     		bx	lr
 572              	.L33:
 573              		.align	2
 574              	.L32:
 575 0054 FDFCFFC0 		.word	-1056965379
 576              		.cfi_endproc
 577              	.LFE254:
 579              		.section	.text.LL_ADC_REG_StructInit,"ax",%progbits
 580              		.align	1
 581              		.global	LL_ADC_REG_StructInit
 582              		.syntax unified
 583              		.thumb
 584              		.thumb_func
 586              	LL_ADC_REG_StructInit:
 587              	.LVL35:
 588              	.LFB255:
 762:board/stm32f401rct6/Drivers/STM32F4xx_HAL_Driver/Src/stm32f4xx_ll_adc.c **** 
 763:board/stm32f401rct6/Drivers/STM32F4xx_HAL_Driver/Src/stm32f4xx_ll_adc.c **** /**
 764:board/stm32f401rct6/Drivers/STM32F4xx_HAL_Driver/Src/stm32f4xx_ll_adc.c ****   * @brief  Set each @ref LL_ADC_REG_InitTypeDef field to default value.
 765:board/stm32f401rct6/Drivers/STM32F4xx_HAL_Driver/Src/stm32f4xx_ll_adc.c ****   * @param  ADC_REG_InitStruct Pointer to a @ref LL_ADC_REG_InitTypeDef structure
 766:board/stm32f401rct6/Drivers/STM32F4xx_HAL_Driver/Src/stm32f4xx_ll_adc.c ****   *                            whose fields will be set to default values.
 767:board/stm32f401rct6/Drivers/STM32F4xx_HAL_Driver/Src/stm32f4xx_ll_adc.c ****   * @retval None
 768:board/stm32f401rct6/Drivers/STM32F4xx_HAL_Driver/Src/stm32f4xx_ll_adc.c ****   */
 769:board/stm32f401rct6/Drivers/STM32F4xx_HAL_Driver/Src/stm32f4xx_ll_adc.c **** void LL_ADC_REG_StructInit(LL_ADC_REG_InitTypeDef *ADC_REG_InitStruct)
 770:board/stm32f401rct6/Drivers/STM32F4xx_HAL_Driver/Src/stm32f4xx_ll_adc.c **** {
 589              		.loc 1 770 1 is_stmt 1 view -0
 590              		.cfi_startproc
 591              		@ args = 0, pretend = 0, frame = 0
 592              		@ frame_needed = 0, uses_anonymous_args = 0
 593              		@ link register save eliminated.
 771:board/stm32f401rct6/Drivers/STM32F4xx_HAL_Driver/Src/stm32f4xx_ll_adc.c ****   /* Set ADC_REG_InitStruct fields to default values */
 772:board/stm32f401rct6/Drivers/STM32F4xx_HAL_Driver/Src/stm32f4xx_ll_adc.c ****   /* Set fields of ADC group regular */
 773:board/stm32f401rct6/Drivers/STM32F4xx_HAL_Driver/Src/stm32f4xx_ll_adc.c ****   /* Note: On this STM32 series, ADC trigger edge is set when starting        */
 774:board/stm32f401rct6/Drivers/STM32F4xx_HAL_Driver/Src/stm32f4xx_ll_adc.c ****   /*       ADC conversion.                                                    */
 775:board/stm32f401rct6/Drivers/STM32F4xx_HAL_Driver/Src/stm32f4xx_ll_adc.c ****   /*       Refer to function @ref LL_ADC_REG_StartConversionExtTrig().        */
 776:board/stm32f401rct6/Drivers/STM32F4xx_HAL_Driver/Src/stm32f4xx_ll_adc.c ****   ADC_REG_InitStruct->TriggerSource    = LL_ADC_REG_TRIG_SOFTWARE;
 594              		.loc 1 776 3 view .LVU145
 595              		.loc 1 776 40 is_stmt 0 view .LVU146
 596 0000 0023     		movs	r3, #0
 597 0002 0360     		str	r3, [r0]
 777:board/stm32f401rct6/Drivers/STM32F4xx_HAL_Driver/Src/stm32f4xx_ll_adc.c ****   ADC_REG_InitStruct->SequencerLength  = LL_ADC_REG_SEQ_SCAN_DISABLE;
 598              		.loc 1 777 3 is_stmt 1 view .LVU147
 599              		.loc 1 777 40 is_stmt 0 view .LVU148
 600 0004 4360     		str	r3, [r0, #4]
 778:board/stm32f401rct6/Drivers/STM32F4xx_HAL_Driver/Src/stm32f4xx_ll_adc.c ****   ADC_REG_InitStruct->SequencerDiscont = LL_ADC_REG_SEQ_DISCONT_DISABLE;
 601              		.loc 1 778 3 is_stmt 1 view .LVU149
ARM GAS  C:\Users\Admin\AppData\Local\Temp\ccHarYQc.s 			page 128


 602              		.loc 1 778 40 is_stmt 0 view .LVU150
 603 0006 8360     		str	r3, [r0, #8]
 779:board/stm32f401rct6/Drivers/STM32F4xx_HAL_Driver/Src/stm32f4xx_ll_adc.c ****   ADC_REG_InitStruct->ContinuousMode   = LL_ADC_REG_CONV_SINGLE;
 604              		.loc 1 779 3 is_stmt 1 view .LVU151
 605              		.loc 1 779 40 is_stmt 0 view .LVU152
 606 0008 C360     		str	r3, [r0, #12]
 780:board/stm32f401rct6/Drivers/STM32F4xx_HAL_Driver/Src/stm32f4xx_ll_adc.c ****   ADC_REG_InitStruct->DMATransfer      = LL_ADC_REG_DMA_TRANSFER_NONE;
 607              		.loc 1 780 3 is_stmt 1 view .LVU153
 608              		.loc 1 780 40 is_stmt 0 view .LVU154
 609 000a 0361     		str	r3, [r0, #16]
 781:board/stm32f401rct6/Drivers/STM32F4xx_HAL_Driver/Src/stm32f4xx_ll_adc.c **** }
 610              		.loc 1 781 1 view .LVU155
 611 000c 7047     		bx	lr
 612              		.cfi_endproc
 613              	.LFE255:
 615              		.section	.text.LL_ADC_INJ_Init,"ax",%progbits
 616              		.align	1
 617              		.global	LL_ADC_INJ_Init
 618              		.syntax unified
 619              		.thumb
 620              		.thumb_func
 622              	LL_ADC_INJ_Init:
 623              	.LVL36:
 624              	.LFB256:
 782:board/stm32f401rct6/Drivers/STM32F4xx_HAL_Driver/Src/stm32f4xx_ll_adc.c **** 
 783:board/stm32f401rct6/Drivers/STM32F4xx_HAL_Driver/Src/stm32f4xx_ll_adc.c **** /**
 784:board/stm32f401rct6/Drivers/STM32F4xx_HAL_Driver/Src/stm32f4xx_ll_adc.c ****   * @brief  Initialize some features of ADC group injected.
 785:board/stm32f401rct6/Drivers/STM32F4xx_HAL_Driver/Src/stm32f4xx_ll_adc.c ****   * @note   These parameters have an impact on ADC scope: ADC group injected.
 786:board/stm32f401rct6/Drivers/STM32F4xx_HAL_Driver/Src/stm32f4xx_ll_adc.c ****   *         Refer to corresponding unitary functions into
 787:board/stm32f401rct6/Drivers/STM32F4xx_HAL_Driver/Src/stm32f4xx_ll_adc.c ****   *         @ref ADC_LL_EF_Configuration_ADC_Group_Regular
 788:board/stm32f401rct6/Drivers/STM32F4xx_HAL_Driver/Src/stm32f4xx_ll_adc.c ****   *         (functions with prefix "INJ").
 789:board/stm32f401rct6/Drivers/STM32F4xx_HAL_Driver/Src/stm32f4xx_ll_adc.c ****   * @note   The setting of these parameters by function @ref LL_ADC_Init()
 790:board/stm32f401rct6/Drivers/STM32F4xx_HAL_Driver/Src/stm32f4xx_ll_adc.c ****   *         is conditioned to ADC state:
 791:board/stm32f401rct6/Drivers/STM32F4xx_HAL_Driver/Src/stm32f4xx_ll_adc.c ****   *         ADC instance must be disabled.
 792:board/stm32f401rct6/Drivers/STM32F4xx_HAL_Driver/Src/stm32f4xx_ll_adc.c ****   *         This condition is applied to all ADC features, for efficiency
 793:board/stm32f401rct6/Drivers/STM32F4xx_HAL_Driver/Src/stm32f4xx_ll_adc.c ****   *         and compatibility over all STM32 families. However, the different
 794:board/stm32f401rct6/Drivers/STM32F4xx_HAL_Driver/Src/stm32f4xx_ll_adc.c ****   *         features can be set under different ADC state conditions
 795:board/stm32f401rct6/Drivers/STM32F4xx_HAL_Driver/Src/stm32f4xx_ll_adc.c ****   *         (setting possible with ADC enabled without conversion on going,
 796:board/stm32f401rct6/Drivers/STM32F4xx_HAL_Driver/Src/stm32f4xx_ll_adc.c ****   *         ADC enabled with conversion on going, ...)
 797:board/stm32f401rct6/Drivers/STM32F4xx_HAL_Driver/Src/stm32f4xx_ll_adc.c ****   *         Each feature can be updated afterwards with a unitary function
 798:board/stm32f401rct6/Drivers/STM32F4xx_HAL_Driver/Src/stm32f4xx_ll_adc.c ****   *         and potentially with ADC in a different state than disabled,
 799:board/stm32f401rct6/Drivers/STM32F4xx_HAL_Driver/Src/stm32f4xx_ll_adc.c ****   *         refer to description of each function for setting
 800:board/stm32f401rct6/Drivers/STM32F4xx_HAL_Driver/Src/stm32f4xx_ll_adc.c ****   *         conditioned to ADC state.
 801:board/stm32f401rct6/Drivers/STM32F4xx_HAL_Driver/Src/stm32f4xx_ll_adc.c ****   * @note   After using this function, other features must be configured
 802:board/stm32f401rct6/Drivers/STM32F4xx_HAL_Driver/Src/stm32f4xx_ll_adc.c ****   *         using LL unitary functions.
 803:board/stm32f401rct6/Drivers/STM32F4xx_HAL_Driver/Src/stm32f4xx_ll_adc.c ****   *         The minimum configuration remaining to be done is:
 804:board/stm32f401rct6/Drivers/STM32F4xx_HAL_Driver/Src/stm32f4xx_ll_adc.c ****   *          - Set ADC group injected sequencer:
 805:board/stm32f401rct6/Drivers/STM32F4xx_HAL_Driver/Src/stm32f4xx_ll_adc.c ****   *            map channel on the selected sequencer rank.
 806:board/stm32f401rct6/Drivers/STM32F4xx_HAL_Driver/Src/stm32f4xx_ll_adc.c ****   *            Refer to function @ref LL_ADC_INJ_SetSequencerRanks().
 807:board/stm32f401rct6/Drivers/STM32F4xx_HAL_Driver/Src/stm32f4xx_ll_adc.c ****   *          - Set ADC channel sampling time
 808:board/stm32f401rct6/Drivers/STM32F4xx_HAL_Driver/Src/stm32f4xx_ll_adc.c ****   *            Refer to function LL_ADC_SetChannelSamplingTime();
 809:board/stm32f401rct6/Drivers/STM32F4xx_HAL_Driver/Src/stm32f4xx_ll_adc.c ****   * @param  ADCx ADC instance
 810:board/stm32f401rct6/Drivers/STM32F4xx_HAL_Driver/Src/stm32f4xx_ll_adc.c ****   * @param  ADC_INJ_InitStruct Pointer to a @ref LL_ADC_INJ_InitTypeDef structure
 811:board/stm32f401rct6/Drivers/STM32F4xx_HAL_Driver/Src/stm32f4xx_ll_adc.c ****   * @retval An ErrorStatus enumeration value:
 812:board/stm32f401rct6/Drivers/STM32F4xx_HAL_Driver/Src/stm32f4xx_ll_adc.c ****   *          - SUCCESS: ADC registers are initialized
 813:board/stm32f401rct6/Drivers/STM32F4xx_HAL_Driver/Src/stm32f4xx_ll_adc.c ****   *          - ERROR: ADC registers are not initialized
 814:board/stm32f401rct6/Drivers/STM32F4xx_HAL_Driver/Src/stm32f4xx_ll_adc.c ****   */
ARM GAS  C:\Users\Admin\AppData\Local\Temp\ccHarYQc.s 			page 129


 815:board/stm32f401rct6/Drivers/STM32F4xx_HAL_Driver/Src/stm32f4xx_ll_adc.c **** ErrorStatus LL_ADC_INJ_Init(ADC_TypeDef *ADCx, LL_ADC_INJ_InitTypeDef *ADC_INJ_InitStruct)
 816:board/stm32f401rct6/Drivers/STM32F4xx_HAL_Driver/Src/stm32f4xx_ll_adc.c **** {
 625              		.loc 1 816 1 is_stmt 1 view -0
 626              		.cfi_startproc
 627              		@ args = 0, pretend = 0, frame = 0
 628              		@ frame_needed = 0, uses_anonymous_args = 0
 629              		@ link register save eliminated.
 817:board/stm32f401rct6/Drivers/STM32F4xx_HAL_Driver/Src/stm32f4xx_ll_adc.c ****   ErrorStatus status = SUCCESS;
 630              		.loc 1 817 3 view .LVU157
 818:board/stm32f401rct6/Drivers/STM32F4xx_HAL_Driver/Src/stm32f4xx_ll_adc.c **** 
 819:board/stm32f401rct6/Drivers/STM32F4xx_HAL_Driver/Src/stm32f4xx_ll_adc.c ****   /* Check the parameters */
 820:board/stm32f401rct6/Drivers/STM32F4xx_HAL_Driver/Src/stm32f4xx_ll_adc.c ****   assert_param(IS_ADC_ALL_INSTANCE(ADCx));
 631              		.loc 1 820 3 view .LVU158
 821:board/stm32f401rct6/Drivers/STM32F4xx_HAL_Driver/Src/stm32f4xx_ll_adc.c ****   assert_param(IS_LL_ADC_INJ_TRIG_SOURCE(ADC_INJ_InitStruct->TriggerSource));
 632              		.loc 1 821 3 view .LVU159
 822:board/stm32f401rct6/Drivers/STM32F4xx_HAL_Driver/Src/stm32f4xx_ll_adc.c ****   assert_param(IS_LL_ADC_INJ_SEQ_SCAN_LENGTH(ADC_INJ_InitStruct->SequencerLength));
 633              		.loc 1 822 3 view .LVU160
 823:board/stm32f401rct6/Drivers/STM32F4xx_HAL_Driver/Src/stm32f4xx_ll_adc.c ****   if (ADC_INJ_InitStruct->SequencerLength != LL_ADC_INJ_SEQ_SCAN_DISABLE)
 634              		.loc 1 823 3 view .LVU161
 635              		.loc 1 823 25 is_stmt 0 view .LVU162
 636 0000 4A68     		ldr	r2, [r1, #4]
 824:board/stm32f401rct6/Drivers/STM32F4xx_HAL_Driver/Src/stm32f4xx_ll_adc.c ****   {
 825:board/stm32f401rct6/Drivers/STM32F4xx_HAL_Driver/Src/stm32f4xx_ll_adc.c ****     assert_param(IS_LL_ADC_INJ_SEQ_SCAN_DISCONT_MODE(ADC_INJ_InitStruct->SequencerDiscont));
 637              		.loc 1 825 5 is_stmt 1 view .LVU163
 826:board/stm32f401rct6/Drivers/STM32F4xx_HAL_Driver/Src/stm32f4xx_ll_adc.c ****   }
 827:board/stm32f401rct6/Drivers/STM32F4xx_HAL_Driver/Src/stm32f4xx_ll_adc.c ****   assert_param(IS_LL_ADC_INJ_TRIG_AUTO(ADC_INJ_InitStruct->TrigAuto));
 638              		.loc 1 827 3 view .LVU164
 828:board/stm32f401rct6/Drivers/STM32F4xx_HAL_Driver/Src/stm32f4xx_ll_adc.c **** 
 829:board/stm32f401rct6/Drivers/STM32F4xx_HAL_Driver/Src/stm32f4xx_ll_adc.c ****   /* Note: Hardware constraint (refer to description of this function):       */
 830:board/stm32f401rct6/Drivers/STM32F4xx_HAL_Driver/Src/stm32f4xx_ll_adc.c ****   /*       ADC instance must be disabled.                                     */
 831:board/stm32f401rct6/Drivers/STM32F4xx_HAL_Driver/Src/stm32f4xx_ll_adc.c ****   if (LL_ADC_IsEnabled(ADCx) == 0UL)
 639              		.loc 1 831 3 view .LVU165
 640              	.LVL37:
 641              	.LBB52:
 642              	.LBI52:
3892:board/stm32f401rct6/Drivers/STM32F4xx_HAL_Driver/Inc/stm32f4xx_ll_adc.h **** {
 643              		.loc 3 3892 26 view .LVU166
 644              	.LBB53:
 645              		.loc 3 3894 3 view .LVU167
 646              		.loc 3 3894 11 is_stmt 0 view .LVU168
 647 0002 8368     		ldr	r3, [r0, #8]
 648              	.LVL38:
 649              		.loc 3 3894 11 view .LVU169
 650              	.LBE53:
 651              	.LBE52:
 652              		.loc 1 831 6 view .LVU170
 653 0004 13F0010F 		tst	r3, #1
 654 0008 22D1     		bne	.L39
 816:board/stm32f401rct6/Drivers/STM32F4xx_HAL_Driver/Src/stm32f4xx_ll_adc.c ****   ErrorStatus status = SUCCESS;
 655              		.loc 1 816 1 view .LVU171
 656 000a 10B4     		push	{r4}
 657              	.LCFI6:
 658              		.cfi_def_cfa_offset 4
 659              		.cfi_offset 4, -4
 832:board/stm32f401rct6/Drivers/STM32F4xx_HAL_Driver/Src/stm32f4xx_ll_adc.c ****   {
 833:board/stm32f401rct6/Drivers/STM32F4xx_HAL_Driver/Src/stm32f4xx_ll_adc.c ****     /* Configuration of ADC hierarchical scope:                               */
 834:board/stm32f401rct6/Drivers/STM32F4xx_HAL_Driver/Src/stm32f4xx_ll_adc.c ****     /*  - ADC group injected                                                  */
ARM GAS  C:\Users\Admin\AppData\Local\Temp\ccHarYQc.s 			page 130


 835:board/stm32f401rct6/Drivers/STM32F4xx_HAL_Driver/Src/stm32f4xx_ll_adc.c ****     /*    - Set ADC group injected trigger source                             */
 836:board/stm32f401rct6/Drivers/STM32F4xx_HAL_Driver/Src/stm32f4xx_ll_adc.c ****     /*    - Set ADC group injected sequencer length                           */
 837:board/stm32f401rct6/Drivers/STM32F4xx_HAL_Driver/Src/stm32f4xx_ll_adc.c ****     /*    - Set ADC group injected sequencer discontinuous mode               */
 838:board/stm32f401rct6/Drivers/STM32F4xx_HAL_Driver/Src/stm32f4xx_ll_adc.c ****     /*    - Set ADC group injected conversion trigger: independent or         */
 839:board/stm32f401rct6/Drivers/STM32F4xx_HAL_Driver/Src/stm32f4xx_ll_adc.c ****     /*      from ADC group regular                                            */
 840:board/stm32f401rct6/Drivers/STM32F4xx_HAL_Driver/Src/stm32f4xx_ll_adc.c ****     /* Note: On this STM32 series, ADC trigger edge is set when starting      */
 841:board/stm32f401rct6/Drivers/STM32F4xx_HAL_Driver/Src/stm32f4xx_ll_adc.c ****     /*       ADC conversion.                                                  */
 842:board/stm32f401rct6/Drivers/STM32F4xx_HAL_Driver/Src/stm32f4xx_ll_adc.c ****     /*       Refer to function @ref LL_ADC_INJ_StartConversionExtTrig().      */
 843:board/stm32f401rct6/Drivers/STM32F4xx_HAL_Driver/Src/stm32f4xx_ll_adc.c ****     if (ADC_INJ_InitStruct->SequencerLength != LL_ADC_REG_SEQ_SCAN_DISABLE)
 660              		.loc 1 843 5 is_stmt 1 view .LVU172
 661              		.loc 1 843 8 is_stmt 0 view .LVU173
 662 000c CAB1     		cbz	r2, .L37
 844:board/stm32f401rct6/Drivers/STM32F4xx_HAL_Driver/Src/stm32f4xx_ll_adc.c ****     {
 845:board/stm32f401rct6/Drivers/STM32F4xx_HAL_Driver/Src/stm32f4xx_ll_adc.c ****       MODIFY_REG(ADCx->CR1,
 663              		.loc 1 845 7 is_stmt 1 view .LVU174
 664 000e 4368     		ldr	r3, [r0, #4]
 665 0010 23F4A053 		bic	r3, r3, #5120
 666 0014 8A68     		ldr	r2, [r1, #8]
 667 0016 CC68     		ldr	r4, [r1, #12]
 668 0018 2243     		orrs	r2, r2, r4
 669 001a 1343     		orrs	r3, r3, r2
 670 001c 4360     		str	r3, [r0, #4]
 671              	.L38:
 846:board/stm32f401rct6/Drivers/STM32F4xx_HAL_Driver/Src/stm32f4xx_ll_adc.c ****                  ADC_CR1_JDISCEN
 847:board/stm32f401rct6/Drivers/STM32F4xx_HAL_Driver/Src/stm32f4xx_ll_adc.c ****                  | ADC_CR1_JAUTO
 848:board/stm32f401rct6/Drivers/STM32F4xx_HAL_Driver/Src/stm32f4xx_ll_adc.c ****                  ,
 849:board/stm32f401rct6/Drivers/STM32F4xx_HAL_Driver/Src/stm32f4xx_ll_adc.c ****                  ADC_INJ_InitStruct->SequencerDiscont
 850:board/stm32f401rct6/Drivers/STM32F4xx_HAL_Driver/Src/stm32f4xx_ll_adc.c ****                  | ADC_INJ_InitStruct->TrigAuto
 851:board/stm32f401rct6/Drivers/STM32F4xx_HAL_Driver/Src/stm32f4xx_ll_adc.c ****                 );
 852:board/stm32f401rct6/Drivers/STM32F4xx_HAL_Driver/Src/stm32f4xx_ll_adc.c ****     }
 853:board/stm32f401rct6/Drivers/STM32F4xx_HAL_Driver/Src/stm32f4xx_ll_adc.c ****     else
 854:board/stm32f401rct6/Drivers/STM32F4xx_HAL_Driver/Src/stm32f4xx_ll_adc.c ****     {
 855:board/stm32f401rct6/Drivers/STM32F4xx_HAL_Driver/Src/stm32f4xx_ll_adc.c ****       MODIFY_REG(ADCx->CR1,
 856:board/stm32f401rct6/Drivers/STM32F4xx_HAL_Driver/Src/stm32f4xx_ll_adc.c ****                  ADC_CR1_JDISCEN
 857:board/stm32f401rct6/Drivers/STM32F4xx_HAL_Driver/Src/stm32f4xx_ll_adc.c ****                  | ADC_CR1_JAUTO
 858:board/stm32f401rct6/Drivers/STM32F4xx_HAL_Driver/Src/stm32f4xx_ll_adc.c ****                  ,
 859:board/stm32f401rct6/Drivers/STM32F4xx_HAL_Driver/Src/stm32f4xx_ll_adc.c ****                  LL_ADC_REG_SEQ_DISCONT_DISABLE
 860:board/stm32f401rct6/Drivers/STM32F4xx_HAL_Driver/Src/stm32f4xx_ll_adc.c ****                  | ADC_INJ_InitStruct->TrigAuto
 861:board/stm32f401rct6/Drivers/STM32F4xx_HAL_Driver/Src/stm32f4xx_ll_adc.c ****                 );
 862:board/stm32f401rct6/Drivers/STM32F4xx_HAL_Driver/Src/stm32f4xx_ll_adc.c ****     }
 863:board/stm32f401rct6/Drivers/STM32F4xx_HAL_Driver/Src/stm32f4xx_ll_adc.c **** 
 864:board/stm32f401rct6/Drivers/STM32F4xx_HAL_Driver/Src/stm32f4xx_ll_adc.c ****     MODIFY_REG(ADCx->CR2,
 672              		.loc 1 864 5 view .LVU175
 673 001e 8368     		ldr	r3, [r0, #8]
 674 0020 23F47C13 		bic	r3, r3, #4128768
 675 0024 0A68     		ldr	r2, [r1]
 676 0026 02F47022 		and	r2, r2, #983040
 677 002a 1343     		orrs	r3, r3, r2
 678 002c 8360     		str	r3, [r0, #8]
 865:board/stm32f401rct6/Drivers/STM32F4xx_HAL_Driver/Src/stm32f4xx_ll_adc.c ****                ADC_CR2_JEXTSEL
 866:board/stm32f401rct6/Drivers/STM32F4xx_HAL_Driver/Src/stm32f4xx_ll_adc.c ****                | ADC_CR2_JEXTEN
 867:board/stm32f401rct6/Drivers/STM32F4xx_HAL_Driver/Src/stm32f4xx_ll_adc.c ****                ,
 868:board/stm32f401rct6/Drivers/STM32F4xx_HAL_Driver/Src/stm32f4xx_ll_adc.c ****                (ADC_INJ_InitStruct->TriggerSource & ADC_CR2_JEXTSEL)
 869:board/stm32f401rct6/Drivers/STM32F4xx_HAL_Driver/Src/stm32f4xx_ll_adc.c ****               );
 870:board/stm32f401rct6/Drivers/STM32F4xx_HAL_Driver/Src/stm32f4xx_ll_adc.c **** 
 871:board/stm32f401rct6/Drivers/STM32F4xx_HAL_Driver/Src/stm32f4xx_ll_adc.c ****     /* Note: Hardware constraint (refer to description of this function):     */
 872:board/stm32f401rct6/Drivers/STM32F4xx_HAL_Driver/Src/stm32f4xx_ll_adc.c ****     /* Note: If ADC instance feature scan mode is disabled                    */
ARM GAS  C:\Users\Admin\AppData\Local\Temp\ccHarYQc.s 			page 131


 873:board/stm32f401rct6/Drivers/STM32F4xx_HAL_Driver/Src/stm32f4xx_ll_adc.c ****     /*       (refer to  ADC instance initialization structure                 */
 874:board/stm32f401rct6/Drivers/STM32F4xx_HAL_Driver/Src/stm32f4xx_ll_adc.c ****     /*       parameter @ref SequencersScanMode                                */
 875:board/stm32f401rct6/Drivers/STM32F4xx_HAL_Driver/Src/stm32f4xx_ll_adc.c ****     /*       or function @ref LL_ADC_SetSequencersScanMode() ),               */
 876:board/stm32f401rct6/Drivers/STM32F4xx_HAL_Driver/Src/stm32f4xx_ll_adc.c ****     /*       this parameter is discarded.                                     */
 877:board/stm32f401rct6/Drivers/STM32F4xx_HAL_Driver/Src/stm32f4xx_ll_adc.c ****     LL_ADC_INJ_SetSequencerLength(ADCx, ADC_INJ_InitStruct->SequencerLength);
 679              		.loc 1 877 5 view .LVU176
 680 002e 4B68     		ldr	r3, [r1, #4]
 681              	.LVL39:
 682              	.LBB54:
 683              	.LBI54:
2898:board/stm32f401rct6/Drivers/STM32F4xx_HAL_Driver/Inc/stm32f4xx_ll_adc.h **** {
 684              		.loc 3 2898 22 view .LVU177
 685              	.LBB55:
2900:board/stm32f401rct6/Drivers/STM32F4xx_HAL_Driver/Inc/stm32f4xx_ll_adc.h **** }
 686              		.loc 3 2900 3 view .LVU178
 687 0030 826B     		ldr	r2, [r0, #56]
 688 0032 22F44012 		bic	r2, r2, #3145728
 689 0036 1343     		orrs	r3, r3, r2
 690              	.LVL40:
2900:board/stm32f401rct6/Drivers/STM32F4xx_HAL_Driver/Inc/stm32f4xx_ll_adc.h **** }
 691              		.loc 3 2900 3 is_stmt 0 view .LVU179
 692 0038 8363     		str	r3, [r0, #56]
 693              	.LVL41:
2900:board/stm32f401rct6/Drivers/STM32F4xx_HAL_Driver/Inc/stm32f4xx_ll_adc.h **** }
 694              		.loc 3 2900 3 view .LVU180
 695              	.LBE55:
 696              	.LBE54:
 817:board/stm32f401rct6/Drivers/STM32F4xx_HAL_Driver/Src/stm32f4xx_ll_adc.c **** 
 697              		.loc 1 817 15 view .LVU181
 698 003a 0020     		movs	r0, #0
 699              	.LVL42:
 878:board/stm32f401rct6/Drivers/STM32F4xx_HAL_Driver/Src/stm32f4xx_ll_adc.c ****   }
 879:board/stm32f401rct6/Drivers/STM32F4xx_HAL_Driver/Src/stm32f4xx_ll_adc.c ****   else
 880:board/stm32f401rct6/Drivers/STM32F4xx_HAL_Driver/Src/stm32f4xx_ll_adc.c ****   {
 881:board/stm32f401rct6/Drivers/STM32F4xx_HAL_Driver/Src/stm32f4xx_ll_adc.c ****     /* Initialization error: ADC instance is not disabled. */
 882:board/stm32f401rct6/Drivers/STM32F4xx_HAL_Driver/Src/stm32f4xx_ll_adc.c ****     status = ERROR;
 883:board/stm32f401rct6/Drivers/STM32F4xx_HAL_Driver/Src/stm32f4xx_ll_adc.c ****   }
 884:board/stm32f401rct6/Drivers/STM32F4xx_HAL_Driver/Src/stm32f4xx_ll_adc.c ****   return status;
 700              		.loc 1 884 3 is_stmt 1 view .LVU182
 885:board/stm32f401rct6/Drivers/STM32F4xx_HAL_Driver/Src/stm32f4xx_ll_adc.c **** }
 701              		.loc 1 885 1 is_stmt 0 view .LVU183
 702 003c 5DF8044B 		ldr	r4, [sp], #4
 703              	.LCFI7:
 704              		.cfi_remember_state
 705              		.cfi_restore 4
 706              		.cfi_def_cfa_offset 0
 707 0040 7047     		bx	lr
 708              	.LVL43:
 709              	.L37:
 710              	.LCFI8:
 711              		.cfi_restore_state
 855:board/stm32f401rct6/Drivers/STM32F4xx_HAL_Driver/Src/stm32f4xx_ll_adc.c ****                  ADC_CR1_JDISCEN
 712              		.loc 1 855 7 is_stmt 1 view .LVU184
 713 0042 4368     		ldr	r3, [r0, #4]
 714 0044 23F4A053 		bic	r3, r3, #5120
 715 0048 CA68     		ldr	r2, [r1, #12]
 716 004a 1343     		orrs	r3, r3, r2
ARM GAS  C:\Users\Admin\AppData\Local\Temp\ccHarYQc.s 			page 132


 717 004c 4360     		str	r3, [r0, #4]
 718 004e E6E7     		b	.L38
 719              	.L39:
 720              	.LCFI9:
 721              		.cfi_def_cfa_offset 0
 722              		.cfi_restore 4
 882:board/stm32f401rct6/Drivers/STM32F4xx_HAL_Driver/Src/stm32f4xx_ll_adc.c ****   }
 723              		.loc 1 882 12 is_stmt 0 view .LVU185
 724 0050 0120     		movs	r0, #1
 725              	.LVL44:
 884:board/stm32f401rct6/Drivers/STM32F4xx_HAL_Driver/Src/stm32f4xx_ll_adc.c **** }
 726              		.loc 1 884 3 is_stmt 1 view .LVU186
 727              		.loc 1 885 1 is_stmt 0 view .LVU187
 728 0052 7047     		bx	lr
 729              		.cfi_endproc
 730              	.LFE256:
 732              		.section	.text.LL_ADC_INJ_StructInit,"ax",%progbits
 733              		.align	1
 734              		.global	LL_ADC_INJ_StructInit
 735              		.syntax unified
 736              		.thumb
 737              		.thumb_func
 739              	LL_ADC_INJ_StructInit:
 740              	.LVL45:
 741              	.LFB257:
 886:board/stm32f401rct6/Drivers/STM32F4xx_HAL_Driver/Src/stm32f4xx_ll_adc.c **** 
 887:board/stm32f401rct6/Drivers/STM32F4xx_HAL_Driver/Src/stm32f4xx_ll_adc.c **** /**
 888:board/stm32f401rct6/Drivers/STM32F4xx_HAL_Driver/Src/stm32f4xx_ll_adc.c ****   * @brief  Set each @ref LL_ADC_INJ_InitTypeDef field to default value.
 889:board/stm32f401rct6/Drivers/STM32F4xx_HAL_Driver/Src/stm32f4xx_ll_adc.c ****   * @param  ADC_INJ_InitStruct Pointer to a @ref LL_ADC_INJ_InitTypeDef structure
 890:board/stm32f401rct6/Drivers/STM32F4xx_HAL_Driver/Src/stm32f4xx_ll_adc.c ****   *                            whose fields will be set to default values.
 891:board/stm32f401rct6/Drivers/STM32F4xx_HAL_Driver/Src/stm32f4xx_ll_adc.c ****   * @retval None
 892:board/stm32f401rct6/Drivers/STM32F4xx_HAL_Driver/Src/stm32f4xx_ll_adc.c ****   */
 893:board/stm32f401rct6/Drivers/STM32F4xx_HAL_Driver/Src/stm32f4xx_ll_adc.c **** void LL_ADC_INJ_StructInit(LL_ADC_INJ_InitTypeDef *ADC_INJ_InitStruct)
 894:board/stm32f401rct6/Drivers/STM32F4xx_HAL_Driver/Src/stm32f4xx_ll_adc.c **** {
 742              		.loc 1 894 1 is_stmt 1 view -0
 743              		.cfi_startproc
 744              		@ args = 0, pretend = 0, frame = 0
 745              		@ frame_needed = 0, uses_anonymous_args = 0
 746              		@ link register save eliminated.
 895:board/stm32f401rct6/Drivers/STM32F4xx_HAL_Driver/Src/stm32f4xx_ll_adc.c ****   /* Set ADC_INJ_InitStruct fields to default values */
 896:board/stm32f401rct6/Drivers/STM32F4xx_HAL_Driver/Src/stm32f4xx_ll_adc.c ****   /* Set fields of ADC group injected */
 897:board/stm32f401rct6/Drivers/STM32F4xx_HAL_Driver/Src/stm32f4xx_ll_adc.c ****   ADC_INJ_InitStruct->TriggerSource    = LL_ADC_INJ_TRIG_SOFTWARE;
 747              		.loc 1 897 3 view .LVU189
 748              		.loc 1 897 40 is_stmt 0 view .LVU190
 749 0000 0023     		movs	r3, #0
 750 0002 0360     		str	r3, [r0]
 898:board/stm32f401rct6/Drivers/STM32F4xx_HAL_Driver/Src/stm32f4xx_ll_adc.c ****   ADC_INJ_InitStruct->SequencerLength  = LL_ADC_INJ_SEQ_SCAN_DISABLE;
 751              		.loc 1 898 3 is_stmt 1 view .LVU191
 752              		.loc 1 898 40 is_stmt 0 view .LVU192
 753 0004 4360     		str	r3, [r0, #4]
 899:board/stm32f401rct6/Drivers/STM32F4xx_HAL_Driver/Src/stm32f4xx_ll_adc.c ****   ADC_INJ_InitStruct->SequencerDiscont = LL_ADC_INJ_SEQ_DISCONT_DISABLE;
 754              		.loc 1 899 3 is_stmt 1 view .LVU193
 755              		.loc 1 899 40 is_stmt 0 view .LVU194
 756 0006 8360     		str	r3, [r0, #8]
 900:board/stm32f401rct6/Drivers/STM32F4xx_HAL_Driver/Src/stm32f4xx_ll_adc.c ****   ADC_INJ_InitStruct->TrigAuto         = LL_ADC_INJ_TRIG_INDEPENDENT;
 757              		.loc 1 900 3 is_stmt 1 view .LVU195
 758              		.loc 1 900 40 is_stmt 0 view .LVU196
ARM GAS  C:\Users\Admin\AppData\Local\Temp\ccHarYQc.s 			page 133


 759 0008 C360     		str	r3, [r0, #12]
 901:board/stm32f401rct6/Drivers/STM32F4xx_HAL_Driver/Src/stm32f4xx_ll_adc.c **** }
 760              		.loc 1 901 1 view .LVU197
 761 000a 7047     		bx	lr
 762              		.cfi_endproc
 763              	.LFE257:
 765              		.text
 766              	.Letext0:
 767              		.file 4 "c:\\st\\stm32cubeide_1.12.1\\stm32cubeide\\plugins\\com.st.stm32cube.ide.mcu.externaltool
 768              		.file 5 "c:\\st\\stm32cubeide_1.12.1\\stm32cubeide\\plugins\\com.st.stm32cube.ide.mcu.externaltool
 769              		.file 6 "board/stm32f401rct6/Drivers/CMSIS/Device/ST/STM32F4xx/Include/stm32f401xc.h"
 770              		.file 7 "board/stm32f401rct6/Drivers/CMSIS/Device/ST/STM32F4xx/Include/stm32f4xx.h"
ARM GAS  C:\Users\Admin\AppData\Local\Temp\ccHarYQc.s 			page 134


DEFINED SYMBOLS
                            *ABS*:0000000000000000 stm32f4xx_ll_adc.c
C:\Users\Admin\AppData\Local\Temp\ccHarYQc.s:20     .text.LL_ADC_CommonDeInit:0000000000000000 $t
C:\Users\Admin\AppData\Local\Temp\ccHarYQc.s:26     .text.LL_ADC_CommonDeInit:0000000000000000 LL_ADC_CommonDeInit
C:\Users\Admin\AppData\Local\Temp\ccHarYQc.s:73     .text.LL_ADC_CommonDeInit:0000000000000018 $d
C:\Users\Admin\AppData\Local\Temp\ccHarYQc.s:78     .text.LL_ADC_CommonInit:0000000000000000 $t
C:\Users\Admin\AppData\Local\Temp\ccHarYQc.s:84     .text.LL_ADC_CommonInit:0000000000000000 LL_ADC_CommonInit
C:\Users\Admin\AppData\Local\Temp\ccHarYQc.s:151    .text.LL_ADC_CommonInit:0000000000000020 $d
C:\Users\Admin\AppData\Local\Temp\ccHarYQc.s:156    .text.LL_ADC_CommonStructInit:0000000000000000 $t
C:\Users\Admin\AppData\Local\Temp\ccHarYQc.s:162    .text.LL_ADC_CommonStructInit:0000000000000000 LL_ADC_CommonStructInit
C:\Users\Admin\AppData\Local\Temp\ccHarYQc.s:180    .text.LL_ADC_DeInit:0000000000000000 $t
C:\Users\Admin\AppData\Local\Temp\ccHarYQc.s:186    .text.LL_ADC_DeInit:0000000000000000 LL_ADC_DeInit
C:\Users\Admin\AppData\Local\Temp\ccHarYQc.s:342    .text.LL_ADC_DeInit:00000000000000c8 $d
C:\Users\Admin\AppData\Local\Temp\ccHarYQc.s:349    .text.LL_ADC_Init:0000000000000000 $t
C:\Users\Admin\AppData\Local\Temp\ccHarYQc.s:355    .text.LL_ADC_Init:0000000000000000 LL_ADC_Init
C:\Users\Admin\AppData\Local\Temp\ccHarYQc.s:425    .text.LL_ADC_StructInit:0000000000000000 $t
C:\Users\Admin\AppData\Local\Temp\ccHarYQc.s:431    .text.LL_ADC_StructInit:0000000000000000 LL_ADC_StructInit
C:\Users\Admin\AppData\Local\Temp\ccHarYQc.s:456    .text.LL_ADC_REG_Init:0000000000000000 $t
C:\Users\Admin\AppData\Local\Temp\ccHarYQc.s:462    .text.LL_ADC_REG_Init:0000000000000000 LL_ADC_REG_Init
C:\Users\Admin\AppData\Local\Temp\ccHarYQc.s:575    .text.LL_ADC_REG_Init:0000000000000054 $d
C:\Users\Admin\AppData\Local\Temp\ccHarYQc.s:580    .text.LL_ADC_REG_StructInit:0000000000000000 $t
C:\Users\Admin\AppData\Local\Temp\ccHarYQc.s:586    .text.LL_ADC_REG_StructInit:0000000000000000 LL_ADC_REG_StructInit
C:\Users\Admin\AppData\Local\Temp\ccHarYQc.s:616    .text.LL_ADC_INJ_Init:0000000000000000 $t
C:\Users\Admin\AppData\Local\Temp\ccHarYQc.s:622    .text.LL_ADC_INJ_Init:0000000000000000 LL_ADC_INJ_Init
C:\Users\Admin\AppData\Local\Temp\ccHarYQc.s:733    .text.LL_ADC_INJ_StructInit:0000000000000000 $t
C:\Users\Admin\AppData\Local\Temp\ccHarYQc.s:739    .text.LL_ADC_INJ_StructInit:0000000000000000 LL_ADC_INJ_StructInit

NO UNDEFINED SYMBOLS
