ARM GAS  C:\Users\Admin\AppData\Local\Temp\ccCVg1CA.s 			page 1


   1              		.cpu cortex-m4
   2              		.arch armv7e-m
   3              		.fpu fpv4-sp-d16
   4              		.eabi_attribute 27, 1
   5              		.eabi_attribute 28, 1
   6              		.eabi_attribute 20, 1
   7              		.eabi_attribute 21, 1
   8              		.eabi_attribute 23, 3
   9              		.eabi_attribute 24, 1
  10              		.eabi_attribute 25, 1
  11              		.eabi_attribute 26, 1
  12              		.eabi_attribute 30, 1
  13              		.eabi_attribute 34, 1
  14              		.eabi_attribute 18, 4
  15              		.file	"stm32f4xx_hal_rcc_ex.c"
  16              		.text
  17              	.Ltext0:
  18              		.cfi_sections	.debug_frame
  19              		.section	.text.HAL_RCCEx_PeriphCLKConfig,"ax",%progbits
  20              		.align	1
  21              		.global	HAL_RCCEx_PeriphCLKConfig
  22              		.syntax unified
  23              		.thumb
  24              		.thumb_func
  26              	HAL_RCCEx_PeriphCLKConfig:
  27              	.LVL0:
  28              	.LFB220:
  29              		.file 1 "board/stm32f401rct6/Drivers/STM32F4xx_HAL_Driver/Src/stm32f4xx_hal_rcc_ex.c"
   1:board/stm32f401rct6/Drivers/STM32F4xx_HAL_Driver/Src/stm32f4xx_hal_rcc_ex.c **** /**
   2:board/stm32f401rct6/Drivers/STM32F4xx_HAL_Driver/Src/stm32f4xx_hal_rcc_ex.c ****   ******************************************************************************
   3:board/stm32f401rct6/Drivers/STM32F4xx_HAL_Driver/Src/stm32f4xx_hal_rcc_ex.c ****   * @file    stm32f4xx_hal_rcc_ex.c
   4:board/stm32f401rct6/Drivers/STM32F4xx_HAL_Driver/Src/stm32f4xx_hal_rcc_ex.c ****   * @author  MCD Application Team
   5:board/stm32f401rct6/Drivers/STM32F4xx_HAL_Driver/Src/stm32f4xx_hal_rcc_ex.c ****   * @brief   Extension RCC HAL module driver.
   6:board/stm32f401rct6/Drivers/STM32F4xx_HAL_Driver/Src/stm32f4xx_hal_rcc_ex.c ****   *          This file provides firmware functions to manage the following
   7:board/stm32f401rct6/Drivers/STM32F4xx_HAL_Driver/Src/stm32f4xx_hal_rcc_ex.c ****   *          functionalities RCC extension peripheral:
   8:board/stm32f401rct6/Drivers/STM32F4xx_HAL_Driver/Src/stm32f4xx_hal_rcc_ex.c ****   *           + Extended Peripheral Control functions
   9:board/stm32f401rct6/Drivers/STM32F4xx_HAL_Driver/Src/stm32f4xx_hal_rcc_ex.c ****   *
  10:board/stm32f401rct6/Drivers/STM32F4xx_HAL_Driver/Src/stm32f4xx_hal_rcc_ex.c ****   ******************************************************************************
  11:board/stm32f401rct6/Drivers/STM32F4xx_HAL_Driver/Src/stm32f4xx_hal_rcc_ex.c ****   * @attention
  12:board/stm32f401rct6/Drivers/STM32F4xx_HAL_Driver/Src/stm32f4xx_hal_rcc_ex.c ****   *
  13:board/stm32f401rct6/Drivers/STM32F4xx_HAL_Driver/Src/stm32f4xx_hal_rcc_ex.c ****   * Copyright (c) 2017 STMicroelectronics.
  14:board/stm32f401rct6/Drivers/STM32F4xx_HAL_Driver/Src/stm32f4xx_hal_rcc_ex.c ****   * All rights reserved.
  15:board/stm32f401rct6/Drivers/STM32F4xx_HAL_Driver/Src/stm32f4xx_hal_rcc_ex.c ****   *
  16:board/stm32f401rct6/Drivers/STM32F4xx_HAL_Driver/Src/stm32f4xx_hal_rcc_ex.c ****   * This software is licensed under terms that can be found in the LICENSE file in
  17:board/stm32f401rct6/Drivers/STM32F4xx_HAL_Driver/Src/stm32f4xx_hal_rcc_ex.c ****   * the root directory of this software component.
  18:board/stm32f401rct6/Drivers/STM32F4xx_HAL_Driver/Src/stm32f4xx_hal_rcc_ex.c ****   * If no LICENSE file comes with this software, it is provided AS-IS.
  19:board/stm32f401rct6/Drivers/STM32F4xx_HAL_Driver/Src/stm32f4xx_hal_rcc_ex.c ****   ******************************************************************************
  20:board/stm32f401rct6/Drivers/STM32F4xx_HAL_Driver/Src/stm32f4xx_hal_rcc_ex.c ****   */
  21:board/stm32f401rct6/Drivers/STM32F4xx_HAL_Driver/Src/stm32f4xx_hal_rcc_ex.c **** 
  22:board/stm32f401rct6/Drivers/STM32F4xx_HAL_Driver/Src/stm32f4xx_hal_rcc_ex.c **** /* Includes ------------------------------------------------------------------*/
  23:board/stm32f401rct6/Drivers/STM32F4xx_HAL_Driver/Src/stm32f4xx_hal_rcc_ex.c **** #include "stm32f4xx_hal.h"
  24:board/stm32f401rct6/Drivers/STM32F4xx_HAL_Driver/Src/stm32f4xx_hal_rcc_ex.c **** 
  25:board/stm32f401rct6/Drivers/STM32F4xx_HAL_Driver/Src/stm32f4xx_hal_rcc_ex.c **** /** @addtogroup STM32F4xx_HAL_Driver
  26:board/stm32f401rct6/Drivers/STM32F4xx_HAL_Driver/Src/stm32f4xx_hal_rcc_ex.c ****   * @{
  27:board/stm32f401rct6/Drivers/STM32F4xx_HAL_Driver/Src/stm32f4xx_hal_rcc_ex.c ****   */
  28:board/stm32f401rct6/Drivers/STM32F4xx_HAL_Driver/Src/stm32f4xx_hal_rcc_ex.c **** 
  29:board/stm32f401rct6/Drivers/STM32F4xx_HAL_Driver/Src/stm32f4xx_hal_rcc_ex.c **** /** @defgroup RCCEx RCCEx
ARM GAS  C:\Users\Admin\AppData\Local\Temp\ccCVg1CA.s 			page 2


  30:board/stm32f401rct6/Drivers/STM32F4xx_HAL_Driver/Src/stm32f4xx_hal_rcc_ex.c ****   * @brief RCCEx HAL module driver
  31:board/stm32f401rct6/Drivers/STM32F4xx_HAL_Driver/Src/stm32f4xx_hal_rcc_ex.c ****   * @{
  32:board/stm32f401rct6/Drivers/STM32F4xx_HAL_Driver/Src/stm32f4xx_hal_rcc_ex.c ****   */
  33:board/stm32f401rct6/Drivers/STM32F4xx_HAL_Driver/Src/stm32f4xx_hal_rcc_ex.c **** 
  34:board/stm32f401rct6/Drivers/STM32F4xx_HAL_Driver/Src/stm32f4xx_hal_rcc_ex.c **** #ifdef HAL_RCC_MODULE_ENABLED
  35:board/stm32f401rct6/Drivers/STM32F4xx_HAL_Driver/Src/stm32f4xx_hal_rcc_ex.c **** 
  36:board/stm32f401rct6/Drivers/STM32F4xx_HAL_Driver/Src/stm32f4xx_hal_rcc_ex.c **** /* Private typedef -----------------------------------------------------------*/
  37:board/stm32f401rct6/Drivers/STM32F4xx_HAL_Driver/Src/stm32f4xx_hal_rcc_ex.c **** /* Private define ------------------------------------------------------------*/
  38:board/stm32f401rct6/Drivers/STM32F4xx_HAL_Driver/Src/stm32f4xx_hal_rcc_ex.c **** /** @addtogroup RCCEx_Private_Constants
  39:board/stm32f401rct6/Drivers/STM32F4xx_HAL_Driver/Src/stm32f4xx_hal_rcc_ex.c ****   * @{
  40:board/stm32f401rct6/Drivers/STM32F4xx_HAL_Driver/Src/stm32f4xx_hal_rcc_ex.c ****   */
  41:board/stm32f401rct6/Drivers/STM32F4xx_HAL_Driver/Src/stm32f4xx_hal_rcc_ex.c **** /**
  42:board/stm32f401rct6/Drivers/STM32F4xx_HAL_Driver/Src/stm32f4xx_hal_rcc_ex.c ****   * @}
  43:board/stm32f401rct6/Drivers/STM32F4xx_HAL_Driver/Src/stm32f4xx_hal_rcc_ex.c ****   */
  44:board/stm32f401rct6/Drivers/STM32F4xx_HAL_Driver/Src/stm32f4xx_hal_rcc_ex.c **** /* Private macro -------------------------------------------------------------*/
  45:board/stm32f401rct6/Drivers/STM32F4xx_HAL_Driver/Src/stm32f4xx_hal_rcc_ex.c **** /* Private variables ---------------------------------------------------------*/
  46:board/stm32f401rct6/Drivers/STM32F4xx_HAL_Driver/Src/stm32f4xx_hal_rcc_ex.c **** /* Private function prototypes -----------------------------------------------*/
  47:board/stm32f401rct6/Drivers/STM32F4xx_HAL_Driver/Src/stm32f4xx_hal_rcc_ex.c **** /* Private functions ---------------------------------------------------------*/
  48:board/stm32f401rct6/Drivers/STM32F4xx_HAL_Driver/Src/stm32f4xx_hal_rcc_ex.c **** /** @defgroup RCCEx_Exported_Functions RCCEx Exported Functions
  49:board/stm32f401rct6/Drivers/STM32F4xx_HAL_Driver/Src/stm32f4xx_hal_rcc_ex.c ****   *  @{
  50:board/stm32f401rct6/Drivers/STM32F4xx_HAL_Driver/Src/stm32f4xx_hal_rcc_ex.c ****   */
  51:board/stm32f401rct6/Drivers/STM32F4xx_HAL_Driver/Src/stm32f4xx_hal_rcc_ex.c **** 
  52:board/stm32f401rct6/Drivers/STM32F4xx_HAL_Driver/Src/stm32f4xx_hal_rcc_ex.c **** /** @defgroup RCCEx_Exported_Functions_Group1 Extended Peripheral Control functions
  53:board/stm32f401rct6/Drivers/STM32F4xx_HAL_Driver/Src/stm32f4xx_hal_rcc_ex.c ****   *  @brief  Extended Peripheral Control functions
  54:board/stm32f401rct6/Drivers/STM32F4xx_HAL_Driver/Src/stm32f4xx_hal_rcc_ex.c ****   *
  55:board/stm32f401rct6/Drivers/STM32F4xx_HAL_Driver/Src/stm32f4xx_hal_rcc_ex.c **** @verbatim
  56:board/stm32f401rct6/Drivers/STM32F4xx_HAL_Driver/Src/stm32f4xx_hal_rcc_ex.c ****  ===============================================================================
  57:board/stm32f401rct6/Drivers/STM32F4xx_HAL_Driver/Src/stm32f4xx_hal_rcc_ex.c ****                 ##### Extended Peripheral Control functions  #####
  58:board/stm32f401rct6/Drivers/STM32F4xx_HAL_Driver/Src/stm32f4xx_hal_rcc_ex.c ****  ===============================================================================
  59:board/stm32f401rct6/Drivers/STM32F4xx_HAL_Driver/Src/stm32f4xx_hal_rcc_ex.c ****     [..]
  60:board/stm32f401rct6/Drivers/STM32F4xx_HAL_Driver/Src/stm32f4xx_hal_rcc_ex.c ****     This subsection provides a set of functions allowing to control the RCC Clocks
  61:board/stm32f401rct6/Drivers/STM32F4xx_HAL_Driver/Src/stm32f4xx_hal_rcc_ex.c ****     frequencies.
  62:board/stm32f401rct6/Drivers/STM32F4xx_HAL_Driver/Src/stm32f4xx_hal_rcc_ex.c ****     [..]
  63:board/stm32f401rct6/Drivers/STM32F4xx_HAL_Driver/Src/stm32f4xx_hal_rcc_ex.c ****     (@) Important note: Care must be taken when HAL_RCCEx_PeriphCLKConfig() is used to
  64:board/stm32f401rct6/Drivers/STM32F4xx_HAL_Driver/Src/stm32f4xx_hal_rcc_ex.c ****         select the RTC clock source; in this case the Backup domain will be reset in
  65:board/stm32f401rct6/Drivers/STM32F4xx_HAL_Driver/Src/stm32f4xx_hal_rcc_ex.c ****         order to modify the RTC Clock source, as consequence RTC registers (including
  66:board/stm32f401rct6/Drivers/STM32F4xx_HAL_Driver/Src/stm32f4xx_hal_rcc_ex.c ****         the backup registers) and RCC_BDCR register are set to their reset values.
  67:board/stm32f401rct6/Drivers/STM32F4xx_HAL_Driver/Src/stm32f4xx_hal_rcc_ex.c **** 
  68:board/stm32f401rct6/Drivers/STM32F4xx_HAL_Driver/Src/stm32f4xx_hal_rcc_ex.c **** @endverbatim
  69:board/stm32f401rct6/Drivers/STM32F4xx_HAL_Driver/Src/stm32f4xx_hal_rcc_ex.c ****   * @{
  70:board/stm32f401rct6/Drivers/STM32F4xx_HAL_Driver/Src/stm32f4xx_hal_rcc_ex.c ****   */
  71:board/stm32f401rct6/Drivers/STM32F4xx_HAL_Driver/Src/stm32f4xx_hal_rcc_ex.c **** 
  72:board/stm32f401rct6/Drivers/STM32F4xx_HAL_Driver/Src/stm32f4xx_hal_rcc_ex.c **** #if defined(STM32F446xx)
  73:board/stm32f401rct6/Drivers/STM32F4xx_HAL_Driver/Src/stm32f4xx_hal_rcc_ex.c **** /**
  74:board/stm32f401rct6/Drivers/STM32F4xx_HAL_Driver/Src/stm32f4xx_hal_rcc_ex.c ****   * @brief  Initializes the RCC extended peripherals clocks according to the specified
  75:board/stm32f401rct6/Drivers/STM32F4xx_HAL_Driver/Src/stm32f4xx_hal_rcc_ex.c ****   *         parameters in the RCC_PeriphCLKInitTypeDef.
  76:board/stm32f401rct6/Drivers/STM32F4xx_HAL_Driver/Src/stm32f4xx_hal_rcc_ex.c ****   * @param  PeriphClkInit pointer to an RCC_PeriphCLKInitTypeDef structure that
  77:board/stm32f401rct6/Drivers/STM32F4xx_HAL_Driver/Src/stm32f4xx_hal_rcc_ex.c ****   *         contains the configuration information for the Extended Peripherals
  78:board/stm32f401rct6/Drivers/STM32F4xx_HAL_Driver/Src/stm32f4xx_hal_rcc_ex.c ****   *         clocks(I2S, SAI, LTDC RTC and TIM).
  79:board/stm32f401rct6/Drivers/STM32F4xx_HAL_Driver/Src/stm32f4xx_hal_rcc_ex.c ****   *
  80:board/stm32f401rct6/Drivers/STM32F4xx_HAL_Driver/Src/stm32f4xx_hal_rcc_ex.c ****   * @note   Care must be taken when HAL_RCCEx_PeriphCLKConfig() is used to select
  81:board/stm32f401rct6/Drivers/STM32F4xx_HAL_Driver/Src/stm32f4xx_hal_rcc_ex.c ****   *         the RTC clock source; in this case the Backup domain will be reset in
  82:board/stm32f401rct6/Drivers/STM32F4xx_HAL_Driver/Src/stm32f4xx_hal_rcc_ex.c ****   *         order to modify the RTC Clock source, as consequence RTC registers (including
  83:board/stm32f401rct6/Drivers/STM32F4xx_HAL_Driver/Src/stm32f4xx_hal_rcc_ex.c ****   *         the backup registers) and RCC_BDCR register are set to their reset values.
  84:board/stm32f401rct6/Drivers/STM32F4xx_HAL_Driver/Src/stm32f4xx_hal_rcc_ex.c ****   *
  85:board/stm32f401rct6/Drivers/STM32F4xx_HAL_Driver/Src/stm32f4xx_hal_rcc_ex.c ****   * @retval HAL status
  86:board/stm32f401rct6/Drivers/STM32F4xx_HAL_Driver/Src/stm32f4xx_hal_rcc_ex.c ****   */
ARM GAS  C:\Users\Admin\AppData\Local\Temp\ccCVg1CA.s 			page 3


  87:board/stm32f401rct6/Drivers/STM32F4xx_HAL_Driver/Src/stm32f4xx_hal_rcc_ex.c **** HAL_StatusTypeDef HAL_RCCEx_PeriphCLKConfig(RCC_PeriphCLKInitTypeDef  *PeriphClkInit)
  88:board/stm32f401rct6/Drivers/STM32F4xx_HAL_Driver/Src/stm32f4xx_hal_rcc_ex.c **** {
  89:board/stm32f401rct6/Drivers/STM32F4xx_HAL_Driver/Src/stm32f4xx_hal_rcc_ex.c ****   uint32_t tickstart = 0U;
  90:board/stm32f401rct6/Drivers/STM32F4xx_HAL_Driver/Src/stm32f4xx_hal_rcc_ex.c ****   uint32_t tmpreg1 = 0U;
  91:board/stm32f401rct6/Drivers/STM32F4xx_HAL_Driver/Src/stm32f4xx_hal_rcc_ex.c ****   uint32_t plli2sp = 0U;
  92:board/stm32f401rct6/Drivers/STM32F4xx_HAL_Driver/Src/stm32f4xx_hal_rcc_ex.c ****   uint32_t plli2sq = 0U;
  93:board/stm32f401rct6/Drivers/STM32F4xx_HAL_Driver/Src/stm32f4xx_hal_rcc_ex.c ****   uint32_t plli2sr = 0U;
  94:board/stm32f401rct6/Drivers/STM32F4xx_HAL_Driver/Src/stm32f4xx_hal_rcc_ex.c ****   uint32_t pllsaip = 0U;
  95:board/stm32f401rct6/Drivers/STM32F4xx_HAL_Driver/Src/stm32f4xx_hal_rcc_ex.c ****   uint32_t pllsaiq = 0U;
  96:board/stm32f401rct6/Drivers/STM32F4xx_HAL_Driver/Src/stm32f4xx_hal_rcc_ex.c ****   uint32_t plli2sused = 0U;
  97:board/stm32f401rct6/Drivers/STM32F4xx_HAL_Driver/Src/stm32f4xx_hal_rcc_ex.c ****   uint32_t pllsaiused = 0U;
  98:board/stm32f401rct6/Drivers/STM32F4xx_HAL_Driver/Src/stm32f4xx_hal_rcc_ex.c **** 
  99:board/stm32f401rct6/Drivers/STM32F4xx_HAL_Driver/Src/stm32f4xx_hal_rcc_ex.c ****   /* Check the peripheral clock selection parameters */
 100:board/stm32f401rct6/Drivers/STM32F4xx_HAL_Driver/Src/stm32f4xx_hal_rcc_ex.c ****   assert_param(IS_RCC_PERIPHCLOCK(PeriphClkInit->PeriphClockSelection));
 101:board/stm32f401rct6/Drivers/STM32F4xx_HAL_Driver/Src/stm32f4xx_hal_rcc_ex.c **** 
 102:board/stm32f401rct6/Drivers/STM32F4xx_HAL_Driver/Src/stm32f4xx_hal_rcc_ex.c ****   /*------------------------ I2S APB1 configuration --------------------------*/
 103:board/stm32f401rct6/Drivers/STM32F4xx_HAL_Driver/Src/stm32f4xx_hal_rcc_ex.c ****   if (((PeriphClkInit->PeriphClockSelection) & RCC_PERIPHCLK_I2S_APB1) == (RCC_PERIPHCLK_I2S_APB1))
 104:board/stm32f401rct6/Drivers/STM32F4xx_HAL_Driver/Src/stm32f4xx_hal_rcc_ex.c ****   {
 105:board/stm32f401rct6/Drivers/STM32F4xx_HAL_Driver/Src/stm32f4xx_hal_rcc_ex.c ****     /* Check the parameters */
 106:board/stm32f401rct6/Drivers/STM32F4xx_HAL_Driver/Src/stm32f4xx_hal_rcc_ex.c ****     assert_param(IS_RCC_I2SAPB1CLKSOURCE(PeriphClkInit->I2sApb1ClockSelection));
 107:board/stm32f401rct6/Drivers/STM32F4xx_HAL_Driver/Src/stm32f4xx_hal_rcc_ex.c **** 
 108:board/stm32f401rct6/Drivers/STM32F4xx_HAL_Driver/Src/stm32f4xx_hal_rcc_ex.c ****     /* Configure I2S Clock source */
 109:board/stm32f401rct6/Drivers/STM32F4xx_HAL_Driver/Src/stm32f4xx_hal_rcc_ex.c ****     __HAL_RCC_I2S_APB1_CONFIG(PeriphClkInit->I2sApb1ClockSelection);
 110:board/stm32f401rct6/Drivers/STM32F4xx_HAL_Driver/Src/stm32f4xx_hal_rcc_ex.c ****     /* Enable the PLLI2S when it's used as clock source for I2S */
 111:board/stm32f401rct6/Drivers/STM32F4xx_HAL_Driver/Src/stm32f4xx_hal_rcc_ex.c ****     if (PeriphClkInit->I2sApb1ClockSelection == RCC_I2SAPB1CLKSOURCE_PLLI2S)
 112:board/stm32f401rct6/Drivers/STM32F4xx_HAL_Driver/Src/stm32f4xx_hal_rcc_ex.c ****     {
 113:board/stm32f401rct6/Drivers/STM32F4xx_HAL_Driver/Src/stm32f4xx_hal_rcc_ex.c ****       plli2sused = 1U;
 114:board/stm32f401rct6/Drivers/STM32F4xx_HAL_Driver/Src/stm32f4xx_hal_rcc_ex.c ****     }
 115:board/stm32f401rct6/Drivers/STM32F4xx_HAL_Driver/Src/stm32f4xx_hal_rcc_ex.c ****   }
 116:board/stm32f401rct6/Drivers/STM32F4xx_HAL_Driver/Src/stm32f4xx_hal_rcc_ex.c ****   /*--------------------------------------------------------------------------*/
 117:board/stm32f401rct6/Drivers/STM32F4xx_HAL_Driver/Src/stm32f4xx_hal_rcc_ex.c **** 
 118:board/stm32f401rct6/Drivers/STM32F4xx_HAL_Driver/Src/stm32f4xx_hal_rcc_ex.c ****   /*---------------------------- I2S APB2 configuration ----------------------*/
 119:board/stm32f401rct6/Drivers/STM32F4xx_HAL_Driver/Src/stm32f4xx_hal_rcc_ex.c ****   if (((PeriphClkInit->PeriphClockSelection) & RCC_PERIPHCLK_I2S_APB2) == (RCC_PERIPHCLK_I2S_APB2))
 120:board/stm32f401rct6/Drivers/STM32F4xx_HAL_Driver/Src/stm32f4xx_hal_rcc_ex.c ****   {
 121:board/stm32f401rct6/Drivers/STM32F4xx_HAL_Driver/Src/stm32f4xx_hal_rcc_ex.c ****     /* Check the parameters */
 122:board/stm32f401rct6/Drivers/STM32F4xx_HAL_Driver/Src/stm32f4xx_hal_rcc_ex.c ****     assert_param(IS_RCC_I2SAPB2CLKSOURCE(PeriphClkInit->I2sApb2ClockSelection));
 123:board/stm32f401rct6/Drivers/STM32F4xx_HAL_Driver/Src/stm32f4xx_hal_rcc_ex.c **** 
 124:board/stm32f401rct6/Drivers/STM32F4xx_HAL_Driver/Src/stm32f4xx_hal_rcc_ex.c ****     /* Configure I2S Clock source */
 125:board/stm32f401rct6/Drivers/STM32F4xx_HAL_Driver/Src/stm32f4xx_hal_rcc_ex.c ****     __HAL_RCC_I2S_APB2_CONFIG(PeriphClkInit->I2sApb2ClockSelection);
 126:board/stm32f401rct6/Drivers/STM32F4xx_HAL_Driver/Src/stm32f4xx_hal_rcc_ex.c ****     /* Enable the PLLI2S when it's used as clock source for I2S */
 127:board/stm32f401rct6/Drivers/STM32F4xx_HAL_Driver/Src/stm32f4xx_hal_rcc_ex.c ****     if (PeriphClkInit->I2sApb2ClockSelection == RCC_I2SAPB2CLKSOURCE_PLLI2S)
 128:board/stm32f401rct6/Drivers/STM32F4xx_HAL_Driver/Src/stm32f4xx_hal_rcc_ex.c ****     {
 129:board/stm32f401rct6/Drivers/STM32F4xx_HAL_Driver/Src/stm32f4xx_hal_rcc_ex.c ****       plli2sused = 1U;
 130:board/stm32f401rct6/Drivers/STM32F4xx_HAL_Driver/Src/stm32f4xx_hal_rcc_ex.c ****     }
 131:board/stm32f401rct6/Drivers/STM32F4xx_HAL_Driver/Src/stm32f4xx_hal_rcc_ex.c ****   }
 132:board/stm32f401rct6/Drivers/STM32F4xx_HAL_Driver/Src/stm32f4xx_hal_rcc_ex.c ****   /*--------------------------------------------------------------------------*/
 133:board/stm32f401rct6/Drivers/STM32F4xx_HAL_Driver/Src/stm32f4xx_hal_rcc_ex.c **** 
 134:board/stm32f401rct6/Drivers/STM32F4xx_HAL_Driver/Src/stm32f4xx_hal_rcc_ex.c ****   /*--------------------------- SAI1 configuration ---------------------------*/
 135:board/stm32f401rct6/Drivers/STM32F4xx_HAL_Driver/Src/stm32f4xx_hal_rcc_ex.c ****   if (((PeriphClkInit->PeriphClockSelection) & RCC_PERIPHCLK_SAI1) == (RCC_PERIPHCLK_SAI1))
 136:board/stm32f401rct6/Drivers/STM32F4xx_HAL_Driver/Src/stm32f4xx_hal_rcc_ex.c ****   {
 137:board/stm32f401rct6/Drivers/STM32F4xx_HAL_Driver/Src/stm32f4xx_hal_rcc_ex.c ****     /* Check the parameters */
 138:board/stm32f401rct6/Drivers/STM32F4xx_HAL_Driver/Src/stm32f4xx_hal_rcc_ex.c ****     assert_param(IS_RCC_SAI1CLKSOURCE(PeriphClkInit->Sai1ClockSelection));
 139:board/stm32f401rct6/Drivers/STM32F4xx_HAL_Driver/Src/stm32f4xx_hal_rcc_ex.c **** 
 140:board/stm32f401rct6/Drivers/STM32F4xx_HAL_Driver/Src/stm32f4xx_hal_rcc_ex.c ****     /* Configure SAI1 Clock source */
 141:board/stm32f401rct6/Drivers/STM32F4xx_HAL_Driver/Src/stm32f4xx_hal_rcc_ex.c ****     __HAL_RCC_SAI1_CONFIG(PeriphClkInit->Sai1ClockSelection);
 142:board/stm32f401rct6/Drivers/STM32F4xx_HAL_Driver/Src/stm32f4xx_hal_rcc_ex.c ****     /* Enable the PLLI2S when it's used as clock source for SAI */
 143:board/stm32f401rct6/Drivers/STM32F4xx_HAL_Driver/Src/stm32f4xx_hal_rcc_ex.c ****     if (PeriphClkInit->Sai1ClockSelection == RCC_SAI1CLKSOURCE_PLLI2S)
ARM GAS  C:\Users\Admin\AppData\Local\Temp\ccCVg1CA.s 			page 4


 144:board/stm32f401rct6/Drivers/STM32F4xx_HAL_Driver/Src/stm32f4xx_hal_rcc_ex.c ****     {
 145:board/stm32f401rct6/Drivers/STM32F4xx_HAL_Driver/Src/stm32f4xx_hal_rcc_ex.c ****       plli2sused = 1U;
 146:board/stm32f401rct6/Drivers/STM32F4xx_HAL_Driver/Src/stm32f4xx_hal_rcc_ex.c ****     }
 147:board/stm32f401rct6/Drivers/STM32F4xx_HAL_Driver/Src/stm32f4xx_hal_rcc_ex.c ****     /* Enable the PLLSAI when it's used as clock source for SAI */
 148:board/stm32f401rct6/Drivers/STM32F4xx_HAL_Driver/Src/stm32f4xx_hal_rcc_ex.c ****     if (PeriphClkInit->Sai1ClockSelection == RCC_SAI1CLKSOURCE_PLLSAI)
 149:board/stm32f401rct6/Drivers/STM32F4xx_HAL_Driver/Src/stm32f4xx_hal_rcc_ex.c ****     {
 150:board/stm32f401rct6/Drivers/STM32F4xx_HAL_Driver/Src/stm32f4xx_hal_rcc_ex.c ****       pllsaiused = 1U;
 151:board/stm32f401rct6/Drivers/STM32F4xx_HAL_Driver/Src/stm32f4xx_hal_rcc_ex.c ****     }
 152:board/stm32f401rct6/Drivers/STM32F4xx_HAL_Driver/Src/stm32f4xx_hal_rcc_ex.c ****   }
 153:board/stm32f401rct6/Drivers/STM32F4xx_HAL_Driver/Src/stm32f4xx_hal_rcc_ex.c ****   /*--------------------------------------------------------------------------*/
 154:board/stm32f401rct6/Drivers/STM32F4xx_HAL_Driver/Src/stm32f4xx_hal_rcc_ex.c **** 
 155:board/stm32f401rct6/Drivers/STM32F4xx_HAL_Driver/Src/stm32f4xx_hal_rcc_ex.c ****   /*-------------------------- SAI2 configuration ----------------------------*/
 156:board/stm32f401rct6/Drivers/STM32F4xx_HAL_Driver/Src/stm32f4xx_hal_rcc_ex.c ****   if (((PeriphClkInit->PeriphClockSelection) & RCC_PERIPHCLK_SAI2) == (RCC_PERIPHCLK_SAI2))
 157:board/stm32f401rct6/Drivers/STM32F4xx_HAL_Driver/Src/stm32f4xx_hal_rcc_ex.c ****   {
 158:board/stm32f401rct6/Drivers/STM32F4xx_HAL_Driver/Src/stm32f4xx_hal_rcc_ex.c ****     /* Check the parameters */
 159:board/stm32f401rct6/Drivers/STM32F4xx_HAL_Driver/Src/stm32f4xx_hal_rcc_ex.c ****     assert_param(IS_RCC_SAI2CLKSOURCE(PeriphClkInit->Sai2ClockSelection));
 160:board/stm32f401rct6/Drivers/STM32F4xx_HAL_Driver/Src/stm32f4xx_hal_rcc_ex.c **** 
 161:board/stm32f401rct6/Drivers/STM32F4xx_HAL_Driver/Src/stm32f4xx_hal_rcc_ex.c ****     /* Configure SAI2 Clock source */
 162:board/stm32f401rct6/Drivers/STM32F4xx_HAL_Driver/Src/stm32f4xx_hal_rcc_ex.c ****     __HAL_RCC_SAI2_CONFIG(PeriphClkInit->Sai2ClockSelection);
 163:board/stm32f401rct6/Drivers/STM32F4xx_HAL_Driver/Src/stm32f4xx_hal_rcc_ex.c **** 
 164:board/stm32f401rct6/Drivers/STM32F4xx_HAL_Driver/Src/stm32f4xx_hal_rcc_ex.c ****     /* Enable the PLLI2S when it's used as clock source for SAI */
 165:board/stm32f401rct6/Drivers/STM32F4xx_HAL_Driver/Src/stm32f4xx_hal_rcc_ex.c ****     if (PeriphClkInit->Sai2ClockSelection == RCC_SAI2CLKSOURCE_PLLI2S)
 166:board/stm32f401rct6/Drivers/STM32F4xx_HAL_Driver/Src/stm32f4xx_hal_rcc_ex.c ****     {
 167:board/stm32f401rct6/Drivers/STM32F4xx_HAL_Driver/Src/stm32f4xx_hal_rcc_ex.c ****       plli2sused = 1U;
 168:board/stm32f401rct6/Drivers/STM32F4xx_HAL_Driver/Src/stm32f4xx_hal_rcc_ex.c ****     }
 169:board/stm32f401rct6/Drivers/STM32F4xx_HAL_Driver/Src/stm32f4xx_hal_rcc_ex.c ****     /* Enable the PLLSAI when it's used as clock source for SAI */
 170:board/stm32f401rct6/Drivers/STM32F4xx_HAL_Driver/Src/stm32f4xx_hal_rcc_ex.c ****     if (PeriphClkInit->Sai2ClockSelection == RCC_SAI2CLKSOURCE_PLLSAI)
 171:board/stm32f401rct6/Drivers/STM32F4xx_HAL_Driver/Src/stm32f4xx_hal_rcc_ex.c ****     {
 172:board/stm32f401rct6/Drivers/STM32F4xx_HAL_Driver/Src/stm32f4xx_hal_rcc_ex.c ****       pllsaiused = 1U;
 173:board/stm32f401rct6/Drivers/STM32F4xx_HAL_Driver/Src/stm32f4xx_hal_rcc_ex.c ****     }
 174:board/stm32f401rct6/Drivers/STM32F4xx_HAL_Driver/Src/stm32f4xx_hal_rcc_ex.c ****   }
 175:board/stm32f401rct6/Drivers/STM32F4xx_HAL_Driver/Src/stm32f4xx_hal_rcc_ex.c ****   /*--------------------------------------------------------------------------*/
 176:board/stm32f401rct6/Drivers/STM32F4xx_HAL_Driver/Src/stm32f4xx_hal_rcc_ex.c **** 
 177:board/stm32f401rct6/Drivers/STM32F4xx_HAL_Driver/Src/stm32f4xx_hal_rcc_ex.c ****   /*----------------------------- RTC configuration --------------------------*/
 178:board/stm32f401rct6/Drivers/STM32F4xx_HAL_Driver/Src/stm32f4xx_hal_rcc_ex.c ****   if (((PeriphClkInit->PeriphClockSelection) & RCC_PERIPHCLK_RTC) == (RCC_PERIPHCLK_RTC))
 179:board/stm32f401rct6/Drivers/STM32F4xx_HAL_Driver/Src/stm32f4xx_hal_rcc_ex.c ****   {
 180:board/stm32f401rct6/Drivers/STM32F4xx_HAL_Driver/Src/stm32f4xx_hal_rcc_ex.c ****     /* Check for RTC Parameters used to output RTCCLK */
 181:board/stm32f401rct6/Drivers/STM32F4xx_HAL_Driver/Src/stm32f4xx_hal_rcc_ex.c ****     assert_param(IS_RCC_RTCCLKSOURCE(PeriphClkInit->RTCClockSelection));
 182:board/stm32f401rct6/Drivers/STM32F4xx_HAL_Driver/Src/stm32f4xx_hal_rcc_ex.c **** 
 183:board/stm32f401rct6/Drivers/STM32F4xx_HAL_Driver/Src/stm32f4xx_hal_rcc_ex.c ****     /* Enable Power Clock*/
 184:board/stm32f401rct6/Drivers/STM32F4xx_HAL_Driver/Src/stm32f4xx_hal_rcc_ex.c ****     __HAL_RCC_PWR_CLK_ENABLE();
 185:board/stm32f401rct6/Drivers/STM32F4xx_HAL_Driver/Src/stm32f4xx_hal_rcc_ex.c **** 
 186:board/stm32f401rct6/Drivers/STM32F4xx_HAL_Driver/Src/stm32f4xx_hal_rcc_ex.c ****     /* Enable write access to Backup domain */
 187:board/stm32f401rct6/Drivers/STM32F4xx_HAL_Driver/Src/stm32f4xx_hal_rcc_ex.c ****     PWR->CR |= PWR_CR_DBP;
 188:board/stm32f401rct6/Drivers/STM32F4xx_HAL_Driver/Src/stm32f4xx_hal_rcc_ex.c **** 
 189:board/stm32f401rct6/Drivers/STM32F4xx_HAL_Driver/Src/stm32f4xx_hal_rcc_ex.c ****     /* Get tick */
 190:board/stm32f401rct6/Drivers/STM32F4xx_HAL_Driver/Src/stm32f4xx_hal_rcc_ex.c ****     tickstart = HAL_GetTick();
 191:board/stm32f401rct6/Drivers/STM32F4xx_HAL_Driver/Src/stm32f4xx_hal_rcc_ex.c **** 
 192:board/stm32f401rct6/Drivers/STM32F4xx_HAL_Driver/Src/stm32f4xx_hal_rcc_ex.c ****     while ((PWR->CR & PWR_CR_DBP) == RESET)
 193:board/stm32f401rct6/Drivers/STM32F4xx_HAL_Driver/Src/stm32f4xx_hal_rcc_ex.c ****     {
 194:board/stm32f401rct6/Drivers/STM32F4xx_HAL_Driver/Src/stm32f4xx_hal_rcc_ex.c ****       if ((HAL_GetTick() - tickstart) > RCC_DBP_TIMEOUT_VALUE)
 195:board/stm32f401rct6/Drivers/STM32F4xx_HAL_Driver/Src/stm32f4xx_hal_rcc_ex.c ****       {
 196:board/stm32f401rct6/Drivers/STM32F4xx_HAL_Driver/Src/stm32f4xx_hal_rcc_ex.c ****         return HAL_TIMEOUT;
 197:board/stm32f401rct6/Drivers/STM32F4xx_HAL_Driver/Src/stm32f4xx_hal_rcc_ex.c ****       }
 198:board/stm32f401rct6/Drivers/STM32F4xx_HAL_Driver/Src/stm32f4xx_hal_rcc_ex.c ****     }
 199:board/stm32f401rct6/Drivers/STM32F4xx_HAL_Driver/Src/stm32f4xx_hal_rcc_ex.c ****     /* Reset the Backup domain only if the RTC Clock source selection is modified from reset value 
 200:board/stm32f401rct6/Drivers/STM32F4xx_HAL_Driver/Src/stm32f4xx_hal_rcc_ex.c ****     tmpreg1 = (RCC->BDCR & RCC_BDCR_RTCSEL);
ARM GAS  C:\Users\Admin\AppData\Local\Temp\ccCVg1CA.s 			page 5


 201:board/stm32f401rct6/Drivers/STM32F4xx_HAL_Driver/Src/stm32f4xx_hal_rcc_ex.c ****     if ((tmpreg1 != 0x00000000U) && ((tmpreg1) != (PeriphClkInit->RTCClockSelection & RCC_BDCR_RTCS
 202:board/stm32f401rct6/Drivers/STM32F4xx_HAL_Driver/Src/stm32f4xx_hal_rcc_ex.c ****     {
 203:board/stm32f401rct6/Drivers/STM32F4xx_HAL_Driver/Src/stm32f4xx_hal_rcc_ex.c ****       /* Store the content of BDCR register before the reset of Backup Domain */
 204:board/stm32f401rct6/Drivers/STM32F4xx_HAL_Driver/Src/stm32f4xx_hal_rcc_ex.c ****       tmpreg1 = (RCC->BDCR & ~(RCC_BDCR_RTCSEL));
 205:board/stm32f401rct6/Drivers/STM32F4xx_HAL_Driver/Src/stm32f4xx_hal_rcc_ex.c ****       /* RTC Clock selection can be changed only if the Backup Domain is reset */
 206:board/stm32f401rct6/Drivers/STM32F4xx_HAL_Driver/Src/stm32f4xx_hal_rcc_ex.c ****       __HAL_RCC_BACKUPRESET_FORCE();
 207:board/stm32f401rct6/Drivers/STM32F4xx_HAL_Driver/Src/stm32f4xx_hal_rcc_ex.c ****       __HAL_RCC_BACKUPRESET_RELEASE();
 208:board/stm32f401rct6/Drivers/STM32F4xx_HAL_Driver/Src/stm32f4xx_hal_rcc_ex.c ****       /* Restore the Content of BDCR register */
 209:board/stm32f401rct6/Drivers/STM32F4xx_HAL_Driver/Src/stm32f4xx_hal_rcc_ex.c ****       RCC->BDCR = tmpreg1;
 210:board/stm32f401rct6/Drivers/STM32F4xx_HAL_Driver/Src/stm32f4xx_hal_rcc_ex.c **** 
 211:board/stm32f401rct6/Drivers/STM32F4xx_HAL_Driver/Src/stm32f4xx_hal_rcc_ex.c ****       /* Wait for LSE reactivation if LSE was enable prior to Backup Domain reset */
 212:board/stm32f401rct6/Drivers/STM32F4xx_HAL_Driver/Src/stm32f4xx_hal_rcc_ex.c ****       if (HAL_IS_BIT_SET(RCC->BDCR, RCC_BDCR_LSEON))
 213:board/stm32f401rct6/Drivers/STM32F4xx_HAL_Driver/Src/stm32f4xx_hal_rcc_ex.c ****       {
 214:board/stm32f401rct6/Drivers/STM32F4xx_HAL_Driver/Src/stm32f4xx_hal_rcc_ex.c ****         /* Get tick */
 215:board/stm32f401rct6/Drivers/STM32F4xx_HAL_Driver/Src/stm32f4xx_hal_rcc_ex.c ****         tickstart = HAL_GetTick();
 216:board/stm32f401rct6/Drivers/STM32F4xx_HAL_Driver/Src/stm32f4xx_hal_rcc_ex.c **** 
 217:board/stm32f401rct6/Drivers/STM32F4xx_HAL_Driver/Src/stm32f4xx_hal_rcc_ex.c ****         /* Wait till LSE is ready */
 218:board/stm32f401rct6/Drivers/STM32F4xx_HAL_Driver/Src/stm32f4xx_hal_rcc_ex.c ****         while (__HAL_RCC_GET_FLAG(RCC_FLAG_LSERDY) == RESET)
 219:board/stm32f401rct6/Drivers/STM32F4xx_HAL_Driver/Src/stm32f4xx_hal_rcc_ex.c ****         {
 220:board/stm32f401rct6/Drivers/STM32F4xx_HAL_Driver/Src/stm32f4xx_hal_rcc_ex.c ****           if ((HAL_GetTick() - tickstart) > RCC_LSE_TIMEOUT_VALUE)
 221:board/stm32f401rct6/Drivers/STM32F4xx_HAL_Driver/Src/stm32f4xx_hal_rcc_ex.c ****           {
 222:board/stm32f401rct6/Drivers/STM32F4xx_HAL_Driver/Src/stm32f4xx_hal_rcc_ex.c ****             return HAL_TIMEOUT;
 223:board/stm32f401rct6/Drivers/STM32F4xx_HAL_Driver/Src/stm32f4xx_hal_rcc_ex.c ****           }
 224:board/stm32f401rct6/Drivers/STM32F4xx_HAL_Driver/Src/stm32f4xx_hal_rcc_ex.c ****         }
 225:board/stm32f401rct6/Drivers/STM32F4xx_HAL_Driver/Src/stm32f4xx_hal_rcc_ex.c ****       }
 226:board/stm32f401rct6/Drivers/STM32F4xx_HAL_Driver/Src/stm32f4xx_hal_rcc_ex.c ****     }
 227:board/stm32f401rct6/Drivers/STM32F4xx_HAL_Driver/Src/stm32f4xx_hal_rcc_ex.c ****     __HAL_RCC_RTC_CONFIG(PeriphClkInit->RTCClockSelection);
 228:board/stm32f401rct6/Drivers/STM32F4xx_HAL_Driver/Src/stm32f4xx_hal_rcc_ex.c ****   }
 229:board/stm32f401rct6/Drivers/STM32F4xx_HAL_Driver/Src/stm32f4xx_hal_rcc_ex.c ****   /*--------------------------------------------------------------------------*/
 230:board/stm32f401rct6/Drivers/STM32F4xx_HAL_Driver/Src/stm32f4xx_hal_rcc_ex.c **** 
 231:board/stm32f401rct6/Drivers/STM32F4xx_HAL_Driver/Src/stm32f4xx_hal_rcc_ex.c ****   /*---------------------------- TIM configuration ---------------------------*/
 232:board/stm32f401rct6/Drivers/STM32F4xx_HAL_Driver/Src/stm32f4xx_hal_rcc_ex.c ****   if (((PeriphClkInit->PeriphClockSelection) & RCC_PERIPHCLK_TIM) == (RCC_PERIPHCLK_TIM))
 233:board/stm32f401rct6/Drivers/STM32F4xx_HAL_Driver/Src/stm32f4xx_hal_rcc_ex.c ****   {
 234:board/stm32f401rct6/Drivers/STM32F4xx_HAL_Driver/Src/stm32f4xx_hal_rcc_ex.c ****     /* Configure Timer Prescaler */
 235:board/stm32f401rct6/Drivers/STM32F4xx_HAL_Driver/Src/stm32f4xx_hal_rcc_ex.c ****     __HAL_RCC_TIMCLKPRESCALER(PeriphClkInit->TIMPresSelection);
 236:board/stm32f401rct6/Drivers/STM32F4xx_HAL_Driver/Src/stm32f4xx_hal_rcc_ex.c ****   }
 237:board/stm32f401rct6/Drivers/STM32F4xx_HAL_Driver/Src/stm32f4xx_hal_rcc_ex.c ****   /*--------------------------------------------------------------------------*/
 238:board/stm32f401rct6/Drivers/STM32F4xx_HAL_Driver/Src/stm32f4xx_hal_rcc_ex.c **** 
 239:board/stm32f401rct6/Drivers/STM32F4xx_HAL_Driver/Src/stm32f4xx_hal_rcc_ex.c ****   /*---------------------------- FMPI2C1 Configuration -----------------------*/
 240:board/stm32f401rct6/Drivers/STM32F4xx_HAL_Driver/Src/stm32f4xx_hal_rcc_ex.c ****   if (((PeriphClkInit->PeriphClockSelection) & RCC_PERIPHCLK_FMPI2C1) == RCC_PERIPHCLK_FMPI2C1)
 241:board/stm32f401rct6/Drivers/STM32F4xx_HAL_Driver/Src/stm32f4xx_hal_rcc_ex.c ****   {
 242:board/stm32f401rct6/Drivers/STM32F4xx_HAL_Driver/Src/stm32f4xx_hal_rcc_ex.c ****     /* Check the parameters */
 243:board/stm32f401rct6/Drivers/STM32F4xx_HAL_Driver/Src/stm32f4xx_hal_rcc_ex.c ****     assert_param(IS_RCC_FMPI2C1CLKSOURCE(PeriphClkInit->Fmpi2c1ClockSelection));
 244:board/stm32f401rct6/Drivers/STM32F4xx_HAL_Driver/Src/stm32f4xx_hal_rcc_ex.c **** 
 245:board/stm32f401rct6/Drivers/STM32F4xx_HAL_Driver/Src/stm32f4xx_hal_rcc_ex.c ****     /* Configure the FMPI2C1 clock source */
 246:board/stm32f401rct6/Drivers/STM32F4xx_HAL_Driver/Src/stm32f4xx_hal_rcc_ex.c ****     __HAL_RCC_FMPI2C1_CONFIG(PeriphClkInit->Fmpi2c1ClockSelection);
 247:board/stm32f401rct6/Drivers/STM32F4xx_HAL_Driver/Src/stm32f4xx_hal_rcc_ex.c ****   }
 248:board/stm32f401rct6/Drivers/STM32F4xx_HAL_Driver/Src/stm32f4xx_hal_rcc_ex.c ****   /*--------------------------------------------------------------------------*/
 249:board/stm32f401rct6/Drivers/STM32F4xx_HAL_Driver/Src/stm32f4xx_hal_rcc_ex.c **** 
 250:board/stm32f401rct6/Drivers/STM32F4xx_HAL_Driver/Src/stm32f4xx_hal_rcc_ex.c ****   /*------------------------------ CEC Configuration -------------------------*/
 251:board/stm32f401rct6/Drivers/STM32F4xx_HAL_Driver/Src/stm32f4xx_hal_rcc_ex.c ****   if (((PeriphClkInit->PeriphClockSelection) & RCC_PERIPHCLK_CEC) == RCC_PERIPHCLK_CEC)
 252:board/stm32f401rct6/Drivers/STM32F4xx_HAL_Driver/Src/stm32f4xx_hal_rcc_ex.c ****   {
 253:board/stm32f401rct6/Drivers/STM32F4xx_HAL_Driver/Src/stm32f4xx_hal_rcc_ex.c ****     /* Check the parameters */
 254:board/stm32f401rct6/Drivers/STM32F4xx_HAL_Driver/Src/stm32f4xx_hal_rcc_ex.c ****     assert_param(IS_RCC_CECCLKSOURCE(PeriphClkInit->CecClockSelection));
 255:board/stm32f401rct6/Drivers/STM32F4xx_HAL_Driver/Src/stm32f4xx_hal_rcc_ex.c **** 
 256:board/stm32f401rct6/Drivers/STM32F4xx_HAL_Driver/Src/stm32f4xx_hal_rcc_ex.c ****     /* Configure the CEC clock source */
 257:board/stm32f401rct6/Drivers/STM32F4xx_HAL_Driver/Src/stm32f4xx_hal_rcc_ex.c ****     __HAL_RCC_CEC_CONFIG(PeriphClkInit->CecClockSelection);
ARM GAS  C:\Users\Admin\AppData\Local\Temp\ccCVg1CA.s 			page 6


 258:board/stm32f401rct6/Drivers/STM32F4xx_HAL_Driver/Src/stm32f4xx_hal_rcc_ex.c ****   }
 259:board/stm32f401rct6/Drivers/STM32F4xx_HAL_Driver/Src/stm32f4xx_hal_rcc_ex.c ****   /*--------------------------------------------------------------------------*/
 260:board/stm32f401rct6/Drivers/STM32F4xx_HAL_Driver/Src/stm32f4xx_hal_rcc_ex.c **** 
 261:board/stm32f401rct6/Drivers/STM32F4xx_HAL_Driver/Src/stm32f4xx_hal_rcc_ex.c ****   /*----------------------------- CLK48 Configuration ------------------------*/
 262:board/stm32f401rct6/Drivers/STM32F4xx_HAL_Driver/Src/stm32f4xx_hal_rcc_ex.c ****   if (((PeriphClkInit->PeriphClockSelection) & RCC_PERIPHCLK_CLK48) == RCC_PERIPHCLK_CLK48)
 263:board/stm32f401rct6/Drivers/STM32F4xx_HAL_Driver/Src/stm32f4xx_hal_rcc_ex.c ****   {
 264:board/stm32f401rct6/Drivers/STM32F4xx_HAL_Driver/Src/stm32f4xx_hal_rcc_ex.c ****     /* Check the parameters */
 265:board/stm32f401rct6/Drivers/STM32F4xx_HAL_Driver/Src/stm32f4xx_hal_rcc_ex.c ****     assert_param(IS_RCC_CLK48CLKSOURCE(PeriphClkInit->Clk48ClockSelection));
 266:board/stm32f401rct6/Drivers/STM32F4xx_HAL_Driver/Src/stm32f4xx_hal_rcc_ex.c **** 
 267:board/stm32f401rct6/Drivers/STM32F4xx_HAL_Driver/Src/stm32f4xx_hal_rcc_ex.c ****     /* Configure the CLK48 clock source */
 268:board/stm32f401rct6/Drivers/STM32F4xx_HAL_Driver/Src/stm32f4xx_hal_rcc_ex.c ****     __HAL_RCC_CLK48_CONFIG(PeriphClkInit->Clk48ClockSelection);
 269:board/stm32f401rct6/Drivers/STM32F4xx_HAL_Driver/Src/stm32f4xx_hal_rcc_ex.c **** 
 270:board/stm32f401rct6/Drivers/STM32F4xx_HAL_Driver/Src/stm32f4xx_hal_rcc_ex.c ****     /* Enable the PLLSAI when it's used as clock source for CLK48 */
 271:board/stm32f401rct6/Drivers/STM32F4xx_HAL_Driver/Src/stm32f4xx_hal_rcc_ex.c ****     if (PeriphClkInit->Clk48ClockSelection == RCC_CLK48CLKSOURCE_PLLSAIP)
 272:board/stm32f401rct6/Drivers/STM32F4xx_HAL_Driver/Src/stm32f4xx_hal_rcc_ex.c ****     {
 273:board/stm32f401rct6/Drivers/STM32F4xx_HAL_Driver/Src/stm32f4xx_hal_rcc_ex.c ****       pllsaiused = 1U;
 274:board/stm32f401rct6/Drivers/STM32F4xx_HAL_Driver/Src/stm32f4xx_hal_rcc_ex.c ****     }
 275:board/stm32f401rct6/Drivers/STM32F4xx_HAL_Driver/Src/stm32f4xx_hal_rcc_ex.c ****   }
 276:board/stm32f401rct6/Drivers/STM32F4xx_HAL_Driver/Src/stm32f4xx_hal_rcc_ex.c ****   /*--------------------------------------------------------------------------*/
 277:board/stm32f401rct6/Drivers/STM32F4xx_HAL_Driver/Src/stm32f4xx_hal_rcc_ex.c **** 
 278:board/stm32f401rct6/Drivers/STM32F4xx_HAL_Driver/Src/stm32f4xx_hal_rcc_ex.c ****   /*----------------------------- SDIO Configuration -------------------------*/
 279:board/stm32f401rct6/Drivers/STM32F4xx_HAL_Driver/Src/stm32f4xx_hal_rcc_ex.c ****   if (((PeriphClkInit->PeriphClockSelection) & RCC_PERIPHCLK_SDIO) == RCC_PERIPHCLK_SDIO)
 280:board/stm32f401rct6/Drivers/STM32F4xx_HAL_Driver/Src/stm32f4xx_hal_rcc_ex.c ****   {
 281:board/stm32f401rct6/Drivers/STM32F4xx_HAL_Driver/Src/stm32f4xx_hal_rcc_ex.c ****     /* Check the parameters */
 282:board/stm32f401rct6/Drivers/STM32F4xx_HAL_Driver/Src/stm32f4xx_hal_rcc_ex.c ****     assert_param(IS_RCC_SDIOCLKSOURCE(PeriphClkInit->SdioClockSelection));
 283:board/stm32f401rct6/Drivers/STM32F4xx_HAL_Driver/Src/stm32f4xx_hal_rcc_ex.c **** 
 284:board/stm32f401rct6/Drivers/STM32F4xx_HAL_Driver/Src/stm32f4xx_hal_rcc_ex.c ****     /* Configure the SDIO clock source */
 285:board/stm32f401rct6/Drivers/STM32F4xx_HAL_Driver/Src/stm32f4xx_hal_rcc_ex.c ****     __HAL_RCC_SDIO_CONFIG(PeriphClkInit->SdioClockSelection);
 286:board/stm32f401rct6/Drivers/STM32F4xx_HAL_Driver/Src/stm32f4xx_hal_rcc_ex.c ****   }
 287:board/stm32f401rct6/Drivers/STM32F4xx_HAL_Driver/Src/stm32f4xx_hal_rcc_ex.c ****   /*--------------------------------------------------------------------------*/
 288:board/stm32f401rct6/Drivers/STM32F4xx_HAL_Driver/Src/stm32f4xx_hal_rcc_ex.c **** 
 289:board/stm32f401rct6/Drivers/STM32F4xx_HAL_Driver/Src/stm32f4xx_hal_rcc_ex.c ****   /*------------------------------ SPDIFRX Configuration ---------------------*/
 290:board/stm32f401rct6/Drivers/STM32F4xx_HAL_Driver/Src/stm32f4xx_hal_rcc_ex.c ****   if (((PeriphClkInit->PeriphClockSelection) & RCC_PERIPHCLK_SPDIFRX) == RCC_PERIPHCLK_SPDIFRX)
 291:board/stm32f401rct6/Drivers/STM32F4xx_HAL_Driver/Src/stm32f4xx_hal_rcc_ex.c ****   {
 292:board/stm32f401rct6/Drivers/STM32F4xx_HAL_Driver/Src/stm32f4xx_hal_rcc_ex.c ****     /* Check the parameters */
 293:board/stm32f401rct6/Drivers/STM32F4xx_HAL_Driver/Src/stm32f4xx_hal_rcc_ex.c ****     assert_param(IS_RCC_SPDIFRXCLKSOURCE(PeriphClkInit->SpdifClockSelection));
 294:board/stm32f401rct6/Drivers/STM32F4xx_HAL_Driver/Src/stm32f4xx_hal_rcc_ex.c **** 
 295:board/stm32f401rct6/Drivers/STM32F4xx_HAL_Driver/Src/stm32f4xx_hal_rcc_ex.c ****     /* Configure the SPDIFRX clock source */
 296:board/stm32f401rct6/Drivers/STM32F4xx_HAL_Driver/Src/stm32f4xx_hal_rcc_ex.c ****     __HAL_RCC_SPDIFRX_CONFIG(PeriphClkInit->SpdifClockSelection);
 297:board/stm32f401rct6/Drivers/STM32F4xx_HAL_Driver/Src/stm32f4xx_hal_rcc_ex.c ****     /* Enable the PLLI2S when it's used as clock source for SPDIFRX */
 298:board/stm32f401rct6/Drivers/STM32F4xx_HAL_Driver/Src/stm32f4xx_hal_rcc_ex.c ****     if (PeriphClkInit->SpdifClockSelection == RCC_SPDIFRXCLKSOURCE_PLLI2SP)
 299:board/stm32f401rct6/Drivers/STM32F4xx_HAL_Driver/Src/stm32f4xx_hal_rcc_ex.c ****     {
 300:board/stm32f401rct6/Drivers/STM32F4xx_HAL_Driver/Src/stm32f4xx_hal_rcc_ex.c ****       plli2sused = 1U;
 301:board/stm32f401rct6/Drivers/STM32F4xx_HAL_Driver/Src/stm32f4xx_hal_rcc_ex.c ****     }
 302:board/stm32f401rct6/Drivers/STM32F4xx_HAL_Driver/Src/stm32f4xx_hal_rcc_ex.c ****   }
 303:board/stm32f401rct6/Drivers/STM32F4xx_HAL_Driver/Src/stm32f4xx_hal_rcc_ex.c ****   /*--------------------------------------------------------------------------*/
 304:board/stm32f401rct6/Drivers/STM32F4xx_HAL_Driver/Src/stm32f4xx_hal_rcc_ex.c **** 
 305:board/stm32f401rct6/Drivers/STM32F4xx_HAL_Driver/Src/stm32f4xx_hal_rcc_ex.c ****   /*---------------------------- PLLI2S Configuration ------------------------*/
 306:board/stm32f401rct6/Drivers/STM32F4xx_HAL_Driver/Src/stm32f4xx_hal_rcc_ex.c ****   /* PLLI2S is configured when a peripheral will use it as source clock : SAI1, SAI2, I2S on APB1,
 307:board/stm32f401rct6/Drivers/STM32F4xx_HAL_Driver/Src/stm32f4xx_hal_rcc_ex.c ****      I2S on APB2 or SPDIFRX */
 308:board/stm32f401rct6/Drivers/STM32F4xx_HAL_Driver/Src/stm32f4xx_hal_rcc_ex.c ****   if ((plli2sused == 1U) || (PeriphClkInit->PeriphClockSelection == RCC_PERIPHCLK_PLLI2S))
 309:board/stm32f401rct6/Drivers/STM32F4xx_HAL_Driver/Src/stm32f4xx_hal_rcc_ex.c ****   {
 310:board/stm32f401rct6/Drivers/STM32F4xx_HAL_Driver/Src/stm32f4xx_hal_rcc_ex.c ****     /* Disable the PLLI2S */
 311:board/stm32f401rct6/Drivers/STM32F4xx_HAL_Driver/Src/stm32f4xx_hal_rcc_ex.c ****     __HAL_RCC_PLLI2S_DISABLE();
 312:board/stm32f401rct6/Drivers/STM32F4xx_HAL_Driver/Src/stm32f4xx_hal_rcc_ex.c ****     /* Get tick */
 313:board/stm32f401rct6/Drivers/STM32F4xx_HAL_Driver/Src/stm32f4xx_hal_rcc_ex.c ****     tickstart = HAL_GetTick();
 314:board/stm32f401rct6/Drivers/STM32F4xx_HAL_Driver/Src/stm32f4xx_hal_rcc_ex.c ****     /* Wait till PLLI2S is disabled */
ARM GAS  C:\Users\Admin\AppData\Local\Temp\ccCVg1CA.s 			page 7


 315:board/stm32f401rct6/Drivers/STM32F4xx_HAL_Driver/Src/stm32f4xx_hal_rcc_ex.c ****     while (__HAL_RCC_GET_FLAG(RCC_FLAG_PLLI2SRDY)  != RESET)
 316:board/stm32f401rct6/Drivers/STM32F4xx_HAL_Driver/Src/stm32f4xx_hal_rcc_ex.c ****     {
 317:board/stm32f401rct6/Drivers/STM32F4xx_HAL_Driver/Src/stm32f4xx_hal_rcc_ex.c ****       if ((HAL_GetTick() - tickstart) > PLLI2S_TIMEOUT_VALUE)
 318:board/stm32f401rct6/Drivers/STM32F4xx_HAL_Driver/Src/stm32f4xx_hal_rcc_ex.c ****       {
 319:board/stm32f401rct6/Drivers/STM32F4xx_HAL_Driver/Src/stm32f4xx_hal_rcc_ex.c ****         /* return in case of Timeout detected */
 320:board/stm32f401rct6/Drivers/STM32F4xx_HAL_Driver/Src/stm32f4xx_hal_rcc_ex.c ****         return HAL_TIMEOUT;
 321:board/stm32f401rct6/Drivers/STM32F4xx_HAL_Driver/Src/stm32f4xx_hal_rcc_ex.c ****       }
 322:board/stm32f401rct6/Drivers/STM32F4xx_HAL_Driver/Src/stm32f4xx_hal_rcc_ex.c ****     }
 323:board/stm32f401rct6/Drivers/STM32F4xx_HAL_Driver/Src/stm32f4xx_hal_rcc_ex.c **** 
 324:board/stm32f401rct6/Drivers/STM32F4xx_HAL_Driver/Src/stm32f4xx_hal_rcc_ex.c ****     /* check for common PLLI2S Parameters */
 325:board/stm32f401rct6/Drivers/STM32F4xx_HAL_Driver/Src/stm32f4xx_hal_rcc_ex.c ****     assert_param(IS_RCC_PLLI2SM_VALUE(PeriphClkInit->PLLI2S.PLLI2SM));
 326:board/stm32f401rct6/Drivers/STM32F4xx_HAL_Driver/Src/stm32f4xx_hal_rcc_ex.c ****     assert_param(IS_RCC_PLLI2SN_VALUE(PeriphClkInit->PLLI2S.PLLI2SN));
 327:board/stm32f401rct6/Drivers/STM32F4xx_HAL_Driver/Src/stm32f4xx_hal_rcc_ex.c **** 
 328:board/stm32f401rct6/Drivers/STM32F4xx_HAL_Driver/Src/stm32f4xx_hal_rcc_ex.c ****     /*------ In Case of PLLI2S is selected as source clock for I2S -----------*/
 329:board/stm32f401rct6/Drivers/STM32F4xx_HAL_Driver/Src/stm32f4xx_hal_rcc_ex.c ****     if (((((PeriphClkInit->PeriphClockSelection) & RCC_PERIPHCLK_I2S_APB1) == RCC_PERIPHCLK_I2S_APB
 330:board/stm32f401rct6/Drivers/STM32F4xx_HAL_Driver/Src/stm32f4xx_hal_rcc_ex.c ****          && (PeriphClkInit->I2sApb1ClockSelection == RCC_I2SAPB1CLKSOURCE_PLLI2S)) ||
 331:board/stm32f401rct6/Drivers/STM32F4xx_HAL_Driver/Src/stm32f4xx_hal_rcc_ex.c ****         ((((PeriphClkInit->PeriphClockSelection) & RCC_PERIPHCLK_I2S_APB2) == RCC_PERIPHCLK_I2S_APB
 332:board/stm32f401rct6/Drivers/STM32F4xx_HAL_Driver/Src/stm32f4xx_hal_rcc_ex.c ****     {
 333:board/stm32f401rct6/Drivers/STM32F4xx_HAL_Driver/Src/stm32f4xx_hal_rcc_ex.c ****       /* check for Parameters */
 334:board/stm32f401rct6/Drivers/STM32F4xx_HAL_Driver/Src/stm32f4xx_hal_rcc_ex.c ****       assert_param(IS_RCC_PLLI2SR_VALUE(PeriphClkInit->PLLI2S.PLLI2SR));
 335:board/stm32f401rct6/Drivers/STM32F4xx_HAL_Driver/Src/stm32f4xx_hal_rcc_ex.c **** 
 336:board/stm32f401rct6/Drivers/STM32F4xx_HAL_Driver/Src/stm32f4xx_hal_rcc_ex.c ****       /* Read PLLI2SP/PLLI2SQ value from PLLI2SCFGR register (this value is not needed for I2S conf
 337:board/stm32f401rct6/Drivers/STM32F4xx_HAL_Driver/Src/stm32f4xx_hal_rcc_ex.c ****       plli2sp = ((((RCC->PLLI2SCFGR & RCC_PLLI2SCFGR_PLLI2SP) >> RCC_PLLI2SCFGR_PLLI2SP_Pos) + 1U) 
 338:board/stm32f401rct6/Drivers/STM32F4xx_HAL_Driver/Src/stm32f4xx_hal_rcc_ex.c ****       plli2sq = ((RCC->PLLI2SCFGR & RCC_PLLI2SCFGR_PLLI2SQ) >> RCC_PLLI2SCFGR_PLLI2SQ_Pos);
 339:board/stm32f401rct6/Drivers/STM32F4xx_HAL_Driver/Src/stm32f4xx_hal_rcc_ex.c ****       /* Configure the PLLI2S division factors */
 340:board/stm32f401rct6/Drivers/STM32F4xx_HAL_Driver/Src/stm32f4xx_hal_rcc_ex.c ****       /* PLLI2S_VCO = f(VCO clock) = f(PLLI2S clock input) * (PLLI2SN/PLLI2SM) */
 341:board/stm32f401rct6/Drivers/STM32F4xx_HAL_Driver/Src/stm32f4xx_hal_rcc_ex.c ****       /* I2SCLK = f(PLLI2S clock output) = f(VCO clock) / PLLI2SR */
 342:board/stm32f401rct6/Drivers/STM32F4xx_HAL_Driver/Src/stm32f4xx_hal_rcc_ex.c ****       __HAL_RCC_PLLI2S_CONFIG(PeriphClkInit->PLLI2S.PLLI2SM, PeriphClkInit->PLLI2S.PLLI2SN, plli2sp
 343:board/stm32f401rct6/Drivers/STM32F4xx_HAL_Driver/Src/stm32f4xx_hal_rcc_ex.c ****                               PeriphClkInit->PLLI2S.PLLI2SR);
 344:board/stm32f401rct6/Drivers/STM32F4xx_HAL_Driver/Src/stm32f4xx_hal_rcc_ex.c ****     }
 345:board/stm32f401rct6/Drivers/STM32F4xx_HAL_Driver/Src/stm32f4xx_hal_rcc_ex.c **** 
 346:board/stm32f401rct6/Drivers/STM32F4xx_HAL_Driver/Src/stm32f4xx_hal_rcc_ex.c ****     /*------- In Case of PLLI2S is selected as source clock for SAI ----------*/
 347:board/stm32f401rct6/Drivers/STM32F4xx_HAL_Driver/Src/stm32f4xx_hal_rcc_ex.c ****     if (((((PeriphClkInit->PeriphClockSelection) & RCC_PERIPHCLK_SAI1) == RCC_PERIPHCLK_SAI1)
 348:board/stm32f401rct6/Drivers/STM32F4xx_HAL_Driver/Src/stm32f4xx_hal_rcc_ex.c ****          && (PeriphClkInit->Sai1ClockSelection == RCC_SAI1CLKSOURCE_PLLI2S)) ||
 349:board/stm32f401rct6/Drivers/STM32F4xx_HAL_Driver/Src/stm32f4xx_hal_rcc_ex.c ****         ((((PeriphClkInit->PeriphClockSelection) & RCC_PERIPHCLK_SAI2) == RCC_PERIPHCLK_SAI2) && (P
 350:board/stm32f401rct6/Drivers/STM32F4xx_HAL_Driver/Src/stm32f4xx_hal_rcc_ex.c ****     {
 351:board/stm32f401rct6/Drivers/STM32F4xx_HAL_Driver/Src/stm32f4xx_hal_rcc_ex.c ****       /* Check for PLLI2S Parameters */
 352:board/stm32f401rct6/Drivers/STM32F4xx_HAL_Driver/Src/stm32f4xx_hal_rcc_ex.c ****       assert_param(IS_RCC_PLLI2SQ_VALUE(PeriphClkInit->PLLI2S.PLLI2SQ));
 353:board/stm32f401rct6/Drivers/STM32F4xx_HAL_Driver/Src/stm32f4xx_hal_rcc_ex.c ****       /* Check for PLLI2S/DIVQ parameters */
 354:board/stm32f401rct6/Drivers/STM32F4xx_HAL_Driver/Src/stm32f4xx_hal_rcc_ex.c ****       assert_param(IS_RCC_PLLI2S_DIVQ_VALUE(PeriphClkInit->PLLI2SDivQ));
 355:board/stm32f401rct6/Drivers/STM32F4xx_HAL_Driver/Src/stm32f4xx_hal_rcc_ex.c **** 
 356:board/stm32f401rct6/Drivers/STM32F4xx_HAL_Driver/Src/stm32f4xx_hal_rcc_ex.c ****       /* Read PLLI2SP/PLLI2SR value from PLLI2SCFGR register (this value is not needed for SAI conf
 357:board/stm32f401rct6/Drivers/STM32F4xx_HAL_Driver/Src/stm32f4xx_hal_rcc_ex.c ****       plli2sp = ((((RCC->PLLI2SCFGR & RCC_PLLI2SCFGR_PLLI2SP) >> RCC_PLLI2SCFGR_PLLI2SP_Pos) + 1U) 
 358:board/stm32f401rct6/Drivers/STM32F4xx_HAL_Driver/Src/stm32f4xx_hal_rcc_ex.c ****       plli2sr = ((RCC->PLLI2SCFGR & RCC_PLLI2SCFGR_PLLI2SR) >> RCC_PLLI2SCFGR_PLLI2SR_Pos);
 359:board/stm32f401rct6/Drivers/STM32F4xx_HAL_Driver/Src/stm32f4xx_hal_rcc_ex.c ****       /* Configure the PLLI2S division factors */
 360:board/stm32f401rct6/Drivers/STM32F4xx_HAL_Driver/Src/stm32f4xx_hal_rcc_ex.c ****       /* PLLI2S_VCO Input  = PLL_SOURCE/PLLI2SM */
 361:board/stm32f401rct6/Drivers/STM32F4xx_HAL_Driver/Src/stm32f4xx_hal_rcc_ex.c ****       /* PLLI2S_VCO Output = PLLI2S_VCO Input * PLLI2SN */
 362:board/stm32f401rct6/Drivers/STM32F4xx_HAL_Driver/Src/stm32f4xx_hal_rcc_ex.c ****       /* SAI_CLK(first level) = PLLI2S_VCO Output/PLLI2SQ */
 363:board/stm32f401rct6/Drivers/STM32F4xx_HAL_Driver/Src/stm32f4xx_hal_rcc_ex.c ****       __HAL_RCC_PLLI2S_CONFIG(PeriphClkInit->PLLI2S.PLLI2SM, PeriphClkInit->PLLI2S.PLLI2SN, plli2sp
 364:board/stm32f401rct6/Drivers/STM32F4xx_HAL_Driver/Src/stm32f4xx_hal_rcc_ex.c ****                               PeriphClkInit->PLLI2S.PLLI2SQ, plli2sr);
 365:board/stm32f401rct6/Drivers/STM32F4xx_HAL_Driver/Src/stm32f4xx_hal_rcc_ex.c **** 
 366:board/stm32f401rct6/Drivers/STM32F4xx_HAL_Driver/Src/stm32f4xx_hal_rcc_ex.c ****       /* SAI_CLK_x = SAI_CLK(first level)/PLLI2SDIVQ */
 367:board/stm32f401rct6/Drivers/STM32F4xx_HAL_Driver/Src/stm32f4xx_hal_rcc_ex.c ****       __HAL_RCC_PLLI2S_PLLSAICLKDIVQ_CONFIG(PeriphClkInit->PLLI2SDivQ);
 368:board/stm32f401rct6/Drivers/STM32F4xx_HAL_Driver/Src/stm32f4xx_hal_rcc_ex.c ****     }
 369:board/stm32f401rct6/Drivers/STM32F4xx_HAL_Driver/Src/stm32f4xx_hal_rcc_ex.c **** 
 370:board/stm32f401rct6/Drivers/STM32F4xx_HAL_Driver/Src/stm32f4xx_hal_rcc_ex.c ****     /*------ In Case of PLLI2S is selected as source clock for SPDIFRX -------*/
 371:board/stm32f401rct6/Drivers/STM32F4xx_HAL_Driver/Src/stm32f4xx_hal_rcc_ex.c ****     if ((((PeriphClkInit->PeriphClockSelection) & RCC_PERIPHCLK_SPDIFRX) == RCC_PERIPHCLK_SPDIFRX)
ARM GAS  C:\Users\Admin\AppData\Local\Temp\ccCVg1CA.s 			page 8


 372:board/stm32f401rct6/Drivers/STM32F4xx_HAL_Driver/Src/stm32f4xx_hal_rcc_ex.c ****         && (PeriphClkInit->SpdifClockSelection == RCC_SPDIFRXCLKSOURCE_PLLI2SP))
 373:board/stm32f401rct6/Drivers/STM32F4xx_HAL_Driver/Src/stm32f4xx_hal_rcc_ex.c ****     {
 374:board/stm32f401rct6/Drivers/STM32F4xx_HAL_Driver/Src/stm32f4xx_hal_rcc_ex.c ****       /* check for Parameters */
 375:board/stm32f401rct6/Drivers/STM32F4xx_HAL_Driver/Src/stm32f4xx_hal_rcc_ex.c ****       assert_param(IS_RCC_PLLI2SP_VALUE(PeriphClkInit->PLLI2S.PLLI2SP));
 376:board/stm32f401rct6/Drivers/STM32F4xx_HAL_Driver/Src/stm32f4xx_hal_rcc_ex.c ****       /* Read PLLI2SR value from PLLI2SCFGR register (this value is not need for SAI configuration)
 377:board/stm32f401rct6/Drivers/STM32F4xx_HAL_Driver/Src/stm32f4xx_hal_rcc_ex.c ****       plli2sq = ((((RCC->PLLI2SCFGR & RCC_PLLI2SCFGR_PLLI2SP) >> RCC_PLLI2SCFGR_PLLI2SP_Pos) + 1U) 
 378:board/stm32f401rct6/Drivers/STM32F4xx_HAL_Driver/Src/stm32f4xx_hal_rcc_ex.c ****       plli2sr = ((RCC->PLLI2SCFGR & RCC_PLLI2SCFGR_PLLI2SR) >> RCC_PLLI2SCFGR_PLLI2SR_Pos);
 379:board/stm32f401rct6/Drivers/STM32F4xx_HAL_Driver/Src/stm32f4xx_hal_rcc_ex.c ****       /* Configure the PLLI2S division factors */
 380:board/stm32f401rct6/Drivers/STM32F4xx_HAL_Driver/Src/stm32f4xx_hal_rcc_ex.c ****       /* PLLI2S_VCO = f(VCO clock) = f(PLLI2S clock input) * (PLLI2SN/PLLI2SM) */
 381:board/stm32f401rct6/Drivers/STM32F4xx_HAL_Driver/Src/stm32f4xx_hal_rcc_ex.c ****       /* SPDIFRXCLK = f(PLLI2S clock output) = f(VCO clock) / PLLI2SP */
 382:board/stm32f401rct6/Drivers/STM32F4xx_HAL_Driver/Src/stm32f4xx_hal_rcc_ex.c ****       __HAL_RCC_PLLI2S_CONFIG(PeriphClkInit->PLLI2S.PLLI2SM, PeriphClkInit->PLLI2S.PLLI2SN, PeriphC
 383:board/stm32f401rct6/Drivers/STM32F4xx_HAL_Driver/Src/stm32f4xx_hal_rcc_ex.c ****                               plli2sq, plli2sr);
 384:board/stm32f401rct6/Drivers/STM32F4xx_HAL_Driver/Src/stm32f4xx_hal_rcc_ex.c ****     }
 385:board/stm32f401rct6/Drivers/STM32F4xx_HAL_Driver/Src/stm32f4xx_hal_rcc_ex.c **** 
 386:board/stm32f401rct6/Drivers/STM32F4xx_HAL_Driver/Src/stm32f4xx_hal_rcc_ex.c ****     /*----------------- In Case of PLLI2S is just selected  -----------------*/
 387:board/stm32f401rct6/Drivers/STM32F4xx_HAL_Driver/Src/stm32f4xx_hal_rcc_ex.c ****     if ((PeriphClkInit->PeriphClockSelection & RCC_PERIPHCLK_PLLI2S) == RCC_PERIPHCLK_PLLI2S)
 388:board/stm32f401rct6/Drivers/STM32F4xx_HAL_Driver/Src/stm32f4xx_hal_rcc_ex.c ****     {
 389:board/stm32f401rct6/Drivers/STM32F4xx_HAL_Driver/Src/stm32f4xx_hal_rcc_ex.c ****       /* Check for Parameters */
 390:board/stm32f401rct6/Drivers/STM32F4xx_HAL_Driver/Src/stm32f4xx_hal_rcc_ex.c ****       assert_param(IS_RCC_PLLI2SP_VALUE(PeriphClkInit->PLLI2S.PLLI2SP));
 391:board/stm32f401rct6/Drivers/STM32F4xx_HAL_Driver/Src/stm32f4xx_hal_rcc_ex.c ****       assert_param(IS_RCC_PLLI2SR_VALUE(PeriphClkInit->PLLI2S.PLLI2SR));
 392:board/stm32f401rct6/Drivers/STM32F4xx_HAL_Driver/Src/stm32f4xx_hal_rcc_ex.c ****       assert_param(IS_RCC_PLLI2SQ_VALUE(PeriphClkInit->PLLI2S.PLLI2SQ));
 393:board/stm32f401rct6/Drivers/STM32F4xx_HAL_Driver/Src/stm32f4xx_hal_rcc_ex.c **** 
 394:board/stm32f401rct6/Drivers/STM32F4xx_HAL_Driver/Src/stm32f4xx_hal_rcc_ex.c ****       /* Configure the PLLI2S division factors */
 395:board/stm32f401rct6/Drivers/STM32F4xx_HAL_Driver/Src/stm32f4xx_hal_rcc_ex.c ****       /* PLLI2S_VCO = f(VCO clock) = f(PLLI2S clock input) * (PLLI2SN/PLLI2SM) */
 396:board/stm32f401rct6/Drivers/STM32F4xx_HAL_Driver/Src/stm32f4xx_hal_rcc_ex.c ****       __HAL_RCC_PLLI2S_CONFIG(PeriphClkInit->PLLI2S.PLLI2SM, PeriphClkInit->PLLI2S.PLLI2SN, PeriphC
 397:board/stm32f401rct6/Drivers/STM32F4xx_HAL_Driver/Src/stm32f4xx_hal_rcc_ex.c ****                               PeriphClkInit->PLLI2S.PLLI2SQ, PeriphClkInit->PLLI2S.PLLI2SR);
 398:board/stm32f401rct6/Drivers/STM32F4xx_HAL_Driver/Src/stm32f4xx_hal_rcc_ex.c ****     }
 399:board/stm32f401rct6/Drivers/STM32F4xx_HAL_Driver/Src/stm32f4xx_hal_rcc_ex.c **** 
 400:board/stm32f401rct6/Drivers/STM32F4xx_HAL_Driver/Src/stm32f4xx_hal_rcc_ex.c ****     /* Enable the PLLI2S */
 401:board/stm32f401rct6/Drivers/STM32F4xx_HAL_Driver/Src/stm32f4xx_hal_rcc_ex.c ****     __HAL_RCC_PLLI2S_ENABLE();
 402:board/stm32f401rct6/Drivers/STM32F4xx_HAL_Driver/Src/stm32f4xx_hal_rcc_ex.c ****     /* Get tick */
 403:board/stm32f401rct6/Drivers/STM32F4xx_HAL_Driver/Src/stm32f4xx_hal_rcc_ex.c ****     tickstart = HAL_GetTick();
 404:board/stm32f401rct6/Drivers/STM32F4xx_HAL_Driver/Src/stm32f4xx_hal_rcc_ex.c ****     /* Wait till PLLI2S is ready */
 405:board/stm32f401rct6/Drivers/STM32F4xx_HAL_Driver/Src/stm32f4xx_hal_rcc_ex.c ****     while (__HAL_RCC_GET_FLAG(RCC_FLAG_PLLI2SRDY)  == RESET)
 406:board/stm32f401rct6/Drivers/STM32F4xx_HAL_Driver/Src/stm32f4xx_hal_rcc_ex.c ****     {
 407:board/stm32f401rct6/Drivers/STM32F4xx_HAL_Driver/Src/stm32f4xx_hal_rcc_ex.c ****       if ((HAL_GetTick() - tickstart) > PLLI2S_TIMEOUT_VALUE)
 408:board/stm32f401rct6/Drivers/STM32F4xx_HAL_Driver/Src/stm32f4xx_hal_rcc_ex.c ****       {
 409:board/stm32f401rct6/Drivers/STM32F4xx_HAL_Driver/Src/stm32f4xx_hal_rcc_ex.c ****         /* return in case of Timeout detected */
 410:board/stm32f401rct6/Drivers/STM32F4xx_HAL_Driver/Src/stm32f4xx_hal_rcc_ex.c ****         return HAL_TIMEOUT;
 411:board/stm32f401rct6/Drivers/STM32F4xx_HAL_Driver/Src/stm32f4xx_hal_rcc_ex.c ****       }
 412:board/stm32f401rct6/Drivers/STM32F4xx_HAL_Driver/Src/stm32f4xx_hal_rcc_ex.c ****     }
 413:board/stm32f401rct6/Drivers/STM32F4xx_HAL_Driver/Src/stm32f4xx_hal_rcc_ex.c ****   }
 414:board/stm32f401rct6/Drivers/STM32F4xx_HAL_Driver/Src/stm32f4xx_hal_rcc_ex.c ****   /*--------------------------------------------------------------------------*/
 415:board/stm32f401rct6/Drivers/STM32F4xx_HAL_Driver/Src/stm32f4xx_hal_rcc_ex.c **** 
 416:board/stm32f401rct6/Drivers/STM32F4xx_HAL_Driver/Src/stm32f4xx_hal_rcc_ex.c ****   /*----------------------------- PLLSAI Configuration -----------------------*/
 417:board/stm32f401rct6/Drivers/STM32F4xx_HAL_Driver/Src/stm32f4xx_hal_rcc_ex.c ****   /* PLLSAI is configured when a peripheral will use it as source clock : SAI1, SAI2, CLK48 or SDIO
 418:board/stm32f401rct6/Drivers/STM32F4xx_HAL_Driver/Src/stm32f4xx_hal_rcc_ex.c ****   if (pllsaiused == 1U)
 419:board/stm32f401rct6/Drivers/STM32F4xx_HAL_Driver/Src/stm32f4xx_hal_rcc_ex.c ****   {
 420:board/stm32f401rct6/Drivers/STM32F4xx_HAL_Driver/Src/stm32f4xx_hal_rcc_ex.c ****     /* Disable PLLSAI Clock */
 421:board/stm32f401rct6/Drivers/STM32F4xx_HAL_Driver/Src/stm32f4xx_hal_rcc_ex.c ****     __HAL_RCC_PLLSAI_DISABLE();
 422:board/stm32f401rct6/Drivers/STM32F4xx_HAL_Driver/Src/stm32f4xx_hal_rcc_ex.c ****     /* Get tick */
 423:board/stm32f401rct6/Drivers/STM32F4xx_HAL_Driver/Src/stm32f4xx_hal_rcc_ex.c ****     tickstart = HAL_GetTick();
 424:board/stm32f401rct6/Drivers/STM32F4xx_HAL_Driver/Src/stm32f4xx_hal_rcc_ex.c ****     /* Wait till PLLSAI is disabled */
 425:board/stm32f401rct6/Drivers/STM32F4xx_HAL_Driver/Src/stm32f4xx_hal_rcc_ex.c ****     while (__HAL_RCC_PLLSAI_GET_FLAG() != RESET)
 426:board/stm32f401rct6/Drivers/STM32F4xx_HAL_Driver/Src/stm32f4xx_hal_rcc_ex.c ****     {
 427:board/stm32f401rct6/Drivers/STM32F4xx_HAL_Driver/Src/stm32f4xx_hal_rcc_ex.c ****       if ((HAL_GetTick() - tickstart) > PLLSAI_TIMEOUT_VALUE)
 428:board/stm32f401rct6/Drivers/STM32F4xx_HAL_Driver/Src/stm32f4xx_hal_rcc_ex.c ****       {
ARM GAS  C:\Users\Admin\AppData\Local\Temp\ccCVg1CA.s 			page 9


 429:board/stm32f401rct6/Drivers/STM32F4xx_HAL_Driver/Src/stm32f4xx_hal_rcc_ex.c ****         /* return in case of Timeout detected */
 430:board/stm32f401rct6/Drivers/STM32F4xx_HAL_Driver/Src/stm32f4xx_hal_rcc_ex.c ****         return HAL_TIMEOUT;
 431:board/stm32f401rct6/Drivers/STM32F4xx_HAL_Driver/Src/stm32f4xx_hal_rcc_ex.c ****       }
 432:board/stm32f401rct6/Drivers/STM32F4xx_HAL_Driver/Src/stm32f4xx_hal_rcc_ex.c ****     }
 433:board/stm32f401rct6/Drivers/STM32F4xx_HAL_Driver/Src/stm32f4xx_hal_rcc_ex.c **** 
 434:board/stm32f401rct6/Drivers/STM32F4xx_HAL_Driver/Src/stm32f4xx_hal_rcc_ex.c ****     /* Check the PLLSAI division factors */
 435:board/stm32f401rct6/Drivers/STM32F4xx_HAL_Driver/Src/stm32f4xx_hal_rcc_ex.c ****     assert_param(IS_RCC_PLLSAIM_VALUE(PeriphClkInit->PLLSAI.PLLSAIM));
 436:board/stm32f401rct6/Drivers/STM32F4xx_HAL_Driver/Src/stm32f4xx_hal_rcc_ex.c ****     assert_param(IS_RCC_PLLSAIN_VALUE(PeriphClkInit->PLLSAI.PLLSAIN));
 437:board/stm32f401rct6/Drivers/STM32F4xx_HAL_Driver/Src/stm32f4xx_hal_rcc_ex.c **** 
 438:board/stm32f401rct6/Drivers/STM32F4xx_HAL_Driver/Src/stm32f4xx_hal_rcc_ex.c ****     /*------ In Case of PLLSAI is selected as source clock for SAI -----------*/
 439:board/stm32f401rct6/Drivers/STM32F4xx_HAL_Driver/Src/stm32f4xx_hal_rcc_ex.c ****     if (((((PeriphClkInit->PeriphClockSelection) & RCC_PERIPHCLK_SAI1) == RCC_PERIPHCLK_SAI1)
 440:board/stm32f401rct6/Drivers/STM32F4xx_HAL_Driver/Src/stm32f4xx_hal_rcc_ex.c ****          && (PeriphClkInit->Sai1ClockSelection == RCC_SAI1CLKSOURCE_PLLSAI)) ||
 441:board/stm32f401rct6/Drivers/STM32F4xx_HAL_Driver/Src/stm32f4xx_hal_rcc_ex.c ****         ((((PeriphClkInit->PeriphClockSelection) & RCC_PERIPHCLK_SAI2) == RCC_PERIPHCLK_SAI2) && (P
 442:board/stm32f401rct6/Drivers/STM32F4xx_HAL_Driver/Src/stm32f4xx_hal_rcc_ex.c ****     {
 443:board/stm32f401rct6/Drivers/STM32F4xx_HAL_Driver/Src/stm32f4xx_hal_rcc_ex.c ****       /* check for PLLSAIQ Parameter */
 444:board/stm32f401rct6/Drivers/STM32F4xx_HAL_Driver/Src/stm32f4xx_hal_rcc_ex.c ****       assert_param(IS_RCC_PLLSAIQ_VALUE(PeriphClkInit->PLLSAI.PLLSAIQ));
 445:board/stm32f401rct6/Drivers/STM32F4xx_HAL_Driver/Src/stm32f4xx_hal_rcc_ex.c ****       /* check for PLLSAI/DIVQ Parameter */
 446:board/stm32f401rct6/Drivers/STM32F4xx_HAL_Driver/Src/stm32f4xx_hal_rcc_ex.c ****       assert_param(IS_RCC_PLLSAI_DIVQ_VALUE(PeriphClkInit->PLLSAIDivQ));
 447:board/stm32f401rct6/Drivers/STM32F4xx_HAL_Driver/Src/stm32f4xx_hal_rcc_ex.c **** 
 448:board/stm32f401rct6/Drivers/STM32F4xx_HAL_Driver/Src/stm32f4xx_hal_rcc_ex.c ****       /* Read PLLSAIP value from PLLSAICFGR register (this value is not needed for SAI configuratio
 449:board/stm32f401rct6/Drivers/STM32F4xx_HAL_Driver/Src/stm32f4xx_hal_rcc_ex.c ****       pllsaip = ((((RCC->PLLSAICFGR & RCC_PLLSAICFGR_PLLSAIP) >> RCC_PLLSAICFGR_PLLSAIP_Pos) + 1U) 
 450:board/stm32f401rct6/Drivers/STM32F4xx_HAL_Driver/Src/stm32f4xx_hal_rcc_ex.c ****       /* PLLSAI_VCO Input  = PLL_SOURCE/PLLM */
 451:board/stm32f401rct6/Drivers/STM32F4xx_HAL_Driver/Src/stm32f4xx_hal_rcc_ex.c ****       /* PLLSAI_VCO Output = PLLSAI_VCO Input * PLLSAIN */
 452:board/stm32f401rct6/Drivers/STM32F4xx_HAL_Driver/Src/stm32f4xx_hal_rcc_ex.c ****       /* SAI_CLK(first level) = PLLSAI_VCO Output/PLLSAIQ */
 453:board/stm32f401rct6/Drivers/STM32F4xx_HAL_Driver/Src/stm32f4xx_hal_rcc_ex.c ****       __HAL_RCC_PLLSAI_CONFIG(PeriphClkInit->PLLSAI.PLLSAIM, PeriphClkInit->PLLSAI.PLLSAIN, pllsaip
 454:board/stm32f401rct6/Drivers/STM32F4xx_HAL_Driver/Src/stm32f4xx_hal_rcc_ex.c ****                               PeriphClkInit->PLLSAI.PLLSAIQ, 0U);
 455:board/stm32f401rct6/Drivers/STM32F4xx_HAL_Driver/Src/stm32f4xx_hal_rcc_ex.c **** 
 456:board/stm32f401rct6/Drivers/STM32F4xx_HAL_Driver/Src/stm32f4xx_hal_rcc_ex.c ****       /* SAI_CLK_x = SAI_CLK(first level)/PLLSAIDIVQ */
 457:board/stm32f401rct6/Drivers/STM32F4xx_HAL_Driver/Src/stm32f4xx_hal_rcc_ex.c ****       __HAL_RCC_PLLSAI_PLLSAICLKDIVQ_CONFIG(PeriphClkInit->PLLSAIDivQ);
 458:board/stm32f401rct6/Drivers/STM32F4xx_HAL_Driver/Src/stm32f4xx_hal_rcc_ex.c ****     }
 459:board/stm32f401rct6/Drivers/STM32F4xx_HAL_Driver/Src/stm32f4xx_hal_rcc_ex.c **** 
 460:board/stm32f401rct6/Drivers/STM32F4xx_HAL_Driver/Src/stm32f4xx_hal_rcc_ex.c ****     /*------ In Case of PLLSAI is selected as source clock for CLK48 ---------*/
 461:board/stm32f401rct6/Drivers/STM32F4xx_HAL_Driver/Src/stm32f4xx_hal_rcc_ex.c ****     /* In Case of PLLI2S is selected as source clock for CLK48 */
 462:board/stm32f401rct6/Drivers/STM32F4xx_HAL_Driver/Src/stm32f4xx_hal_rcc_ex.c ****     if ((((PeriphClkInit->PeriphClockSelection) & RCC_PERIPHCLK_CLK48) == RCC_PERIPHCLK_CLK48)
 463:board/stm32f401rct6/Drivers/STM32F4xx_HAL_Driver/Src/stm32f4xx_hal_rcc_ex.c ****         && (PeriphClkInit->Clk48ClockSelection == RCC_CLK48CLKSOURCE_PLLSAIP))
 464:board/stm32f401rct6/Drivers/STM32F4xx_HAL_Driver/Src/stm32f4xx_hal_rcc_ex.c ****     {
 465:board/stm32f401rct6/Drivers/STM32F4xx_HAL_Driver/Src/stm32f4xx_hal_rcc_ex.c ****       /* check for Parameters */
 466:board/stm32f401rct6/Drivers/STM32F4xx_HAL_Driver/Src/stm32f4xx_hal_rcc_ex.c ****       assert_param(IS_RCC_PLLSAIP_VALUE(PeriphClkInit->PLLSAI.PLLSAIP));
 467:board/stm32f401rct6/Drivers/STM32F4xx_HAL_Driver/Src/stm32f4xx_hal_rcc_ex.c ****       /* Read PLLSAIQ value from PLLI2SCFGR register (this value is not need for SAI configuration)
 468:board/stm32f401rct6/Drivers/STM32F4xx_HAL_Driver/Src/stm32f4xx_hal_rcc_ex.c ****       pllsaiq = ((RCC->PLLSAICFGR & RCC_PLLSAICFGR_PLLSAIQ) >> RCC_PLLSAICFGR_PLLSAIQ_Pos);
 469:board/stm32f401rct6/Drivers/STM32F4xx_HAL_Driver/Src/stm32f4xx_hal_rcc_ex.c ****       /* Configure the PLLSAI division factors */
 470:board/stm32f401rct6/Drivers/STM32F4xx_HAL_Driver/Src/stm32f4xx_hal_rcc_ex.c ****       /* PLLSAI_VCO = f(VCO clock) = f(PLLSAI clock input) * (PLLI2SN/PLLSAIM) */
 471:board/stm32f401rct6/Drivers/STM32F4xx_HAL_Driver/Src/stm32f4xx_hal_rcc_ex.c ****       /* 48CLK = f(PLLSAI clock output) = f(VCO clock) / PLLSAIP */
 472:board/stm32f401rct6/Drivers/STM32F4xx_HAL_Driver/Src/stm32f4xx_hal_rcc_ex.c ****       __HAL_RCC_PLLSAI_CONFIG(PeriphClkInit->PLLSAI.PLLSAIM, PeriphClkInit->PLLSAI.PLLSAIN, PeriphC
 473:board/stm32f401rct6/Drivers/STM32F4xx_HAL_Driver/Src/stm32f4xx_hal_rcc_ex.c ****                               pllsaiq, 0U);
 474:board/stm32f401rct6/Drivers/STM32F4xx_HAL_Driver/Src/stm32f4xx_hal_rcc_ex.c ****     }
 475:board/stm32f401rct6/Drivers/STM32F4xx_HAL_Driver/Src/stm32f4xx_hal_rcc_ex.c **** 
 476:board/stm32f401rct6/Drivers/STM32F4xx_HAL_Driver/Src/stm32f4xx_hal_rcc_ex.c ****     /* Enable PLLSAI Clock */
 477:board/stm32f401rct6/Drivers/STM32F4xx_HAL_Driver/Src/stm32f4xx_hal_rcc_ex.c ****     __HAL_RCC_PLLSAI_ENABLE();
 478:board/stm32f401rct6/Drivers/STM32F4xx_HAL_Driver/Src/stm32f4xx_hal_rcc_ex.c ****     /* Get tick */
 479:board/stm32f401rct6/Drivers/STM32F4xx_HAL_Driver/Src/stm32f4xx_hal_rcc_ex.c ****     tickstart = HAL_GetTick();
 480:board/stm32f401rct6/Drivers/STM32F4xx_HAL_Driver/Src/stm32f4xx_hal_rcc_ex.c ****     /* Wait till PLLSAI is ready */
 481:board/stm32f401rct6/Drivers/STM32F4xx_HAL_Driver/Src/stm32f4xx_hal_rcc_ex.c ****     while (__HAL_RCC_PLLSAI_GET_FLAG() == RESET)
 482:board/stm32f401rct6/Drivers/STM32F4xx_HAL_Driver/Src/stm32f4xx_hal_rcc_ex.c ****     {
 483:board/stm32f401rct6/Drivers/STM32F4xx_HAL_Driver/Src/stm32f4xx_hal_rcc_ex.c ****       if ((HAL_GetTick() - tickstart) > PLLSAI_TIMEOUT_VALUE)
 484:board/stm32f401rct6/Drivers/STM32F4xx_HAL_Driver/Src/stm32f4xx_hal_rcc_ex.c ****       {
 485:board/stm32f401rct6/Drivers/STM32F4xx_HAL_Driver/Src/stm32f4xx_hal_rcc_ex.c ****         /* return in case of Timeout detected */
ARM GAS  C:\Users\Admin\AppData\Local\Temp\ccCVg1CA.s 			page 10


 486:board/stm32f401rct6/Drivers/STM32F4xx_HAL_Driver/Src/stm32f4xx_hal_rcc_ex.c ****         return HAL_TIMEOUT;
 487:board/stm32f401rct6/Drivers/STM32F4xx_HAL_Driver/Src/stm32f4xx_hal_rcc_ex.c ****       }
 488:board/stm32f401rct6/Drivers/STM32F4xx_HAL_Driver/Src/stm32f4xx_hal_rcc_ex.c ****     }
 489:board/stm32f401rct6/Drivers/STM32F4xx_HAL_Driver/Src/stm32f4xx_hal_rcc_ex.c ****   }
 490:board/stm32f401rct6/Drivers/STM32F4xx_HAL_Driver/Src/stm32f4xx_hal_rcc_ex.c ****   return HAL_OK;
 491:board/stm32f401rct6/Drivers/STM32F4xx_HAL_Driver/Src/stm32f4xx_hal_rcc_ex.c **** }
 492:board/stm32f401rct6/Drivers/STM32F4xx_HAL_Driver/Src/stm32f4xx_hal_rcc_ex.c **** 
 493:board/stm32f401rct6/Drivers/STM32F4xx_HAL_Driver/Src/stm32f4xx_hal_rcc_ex.c **** /**
 494:board/stm32f401rct6/Drivers/STM32F4xx_HAL_Driver/Src/stm32f4xx_hal_rcc_ex.c ****   * @brief  Get the RCC_PeriphCLKInitTypeDef according to the internal
 495:board/stm32f401rct6/Drivers/STM32F4xx_HAL_Driver/Src/stm32f4xx_hal_rcc_ex.c ****   *         RCC configuration registers.
 496:board/stm32f401rct6/Drivers/STM32F4xx_HAL_Driver/Src/stm32f4xx_hal_rcc_ex.c ****   * @param  PeriphClkInit pointer to an RCC_PeriphCLKInitTypeDef structure that
 497:board/stm32f401rct6/Drivers/STM32F4xx_HAL_Driver/Src/stm32f4xx_hal_rcc_ex.c ****   *         will be configured.
 498:board/stm32f401rct6/Drivers/STM32F4xx_HAL_Driver/Src/stm32f4xx_hal_rcc_ex.c ****   * @retval None
 499:board/stm32f401rct6/Drivers/STM32F4xx_HAL_Driver/Src/stm32f4xx_hal_rcc_ex.c ****   */
 500:board/stm32f401rct6/Drivers/STM32F4xx_HAL_Driver/Src/stm32f4xx_hal_rcc_ex.c **** void HAL_RCCEx_GetPeriphCLKConfig(RCC_PeriphCLKInitTypeDef  *PeriphClkInit)
 501:board/stm32f401rct6/Drivers/STM32F4xx_HAL_Driver/Src/stm32f4xx_hal_rcc_ex.c **** {
 502:board/stm32f401rct6/Drivers/STM32F4xx_HAL_Driver/Src/stm32f4xx_hal_rcc_ex.c ****   uint32_t tempreg;
 503:board/stm32f401rct6/Drivers/STM32F4xx_HAL_Driver/Src/stm32f4xx_hal_rcc_ex.c **** 
 504:board/stm32f401rct6/Drivers/STM32F4xx_HAL_Driver/Src/stm32f4xx_hal_rcc_ex.c ****   /* Set all possible values for the extended clock type parameter------------*/
 505:board/stm32f401rct6/Drivers/STM32F4xx_HAL_Driver/Src/stm32f4xx_hal_rcc_ex.c ****   PeriphClkInit->PeriphClockSelection = RCC_PERIPHCLK_I2S_APB1 | RCC_PERIPHCLK_I2S_APB2 | \
 506:board/stm32f401rct6/Drivers/STM32F4xx_HAL_Driver/Src/stm32f4xx_hal_rcc_ex.c ****                                         RCC_PERIPHCLK_SAI1     | RCC_PERIPHCLK_SAI2     | \
 507:board/stm32f401rct6/Drivers/STM32F4xx_HAL_Driver/Src/stm32f4xx_hal_rcc_ex.c ****                                         RCC_PERIPHCLK_TIM      | RCC_PERIPHCLK_RTC      | \
 508:board/stm32f401rct6/Drivers/STM32F4xx_HAL_Driver/Src/stm32f4xx_hal_rcc_ex.c ****                                         RCC_PERIPHCLK_CEC      | RCC_PERIPHCLK_FMPI2C1  | \
 509:board/stm32f401rct6/Drivers/STM32F4xx_HAL_Driver/Src/stm32f4xx_hal_rcc_ex.c ****                                         RCC_PERIPHCLK_CLK48     | RCC_PERIPHCLK_SDIO     | \
 510:board/stm32f401rct6/Drivers/STM32F4xx_HAL_Driver/Src/stm32f4xx_hal_rcc_ex.c ****                                         RCC_PERIPHCLK_SPDIFRX;
 511:board/stm32f401rct6/Drivers/STM32F4xx_HAL_Driver/Src/stm32f4xx_hal_rcc_ex.c **** 
 512:board/stm32f401rct6/Drivers/STM32F4xx_HAL_Driver/Src/stm32f4xx_hal_rcc_ex.c ****   /* Get the PLLI2S Clock configuration --------------------------------------*/
 513:board/stm32f401rct6/Drivers/STM32F4xx_HAL_Driver/Src/stm32f4xx_hal_rcc_ex.c ****   PeriphClkInit->PLLI2S.PLLI2SM = (uint32_t)((RCC->PLLI2SCFGR & RCC_PLLI2SCFGR_PLLI2SM) >> RCC_PLLI
 514:board/stm32f401rct6/Drivers/STM32F4xx_HAL_Driver/Src/stm32f4xx_hal_rcc_ex.c ****   PeriphClkInit->PLLI2S.PLLI2SN = (uint32_t)((RCC->PLLI2SCFGR & RCC_PLLI2SCFGR_PLLI2SN) >> RCC_PLLI
 515:board/stm32f401rct6/Drivers/STM32F4xx_HAL_Driver/Src/stm32f4xx_hal_rcc_ex.c ****   PeriphClkInit->PLLI2S.PLLI2SP = (uint32_t)((((RCC->PLLI2SCFGR & RCC_PLLI2SCFGR_PLLI2SP) >> RCC_PL
 516:board/stm32f401rct6/Drivers/STM32F4xx_HAL_Driver/Src/stm32f4xx_hal_rcc_ex.c ****   PeriphClkInit->PLLI2S.PLLI2SQ = (uint32_t)((RCC->PLLI2SCFGR & RCC_PLLI2SCFGR_PLLI2SQ) >> RCC_PLLI
 517:board/stm32f401rct6/Drivers/STM32F4xx_HAL_Driver/Src/stm32f4xx_hal_rcc_ex.c ****   PeriphClkInit->PLLI2S.PLLI2SR = (uint32_t)((RCC->PLLI2SCFGR & RCC_PLLI2SCFGR_PLLI2SR) >> RCC_PLLI
 518:board/stm32f401rct6/Drivers/STM32F4xx_HAL_Driver/Src/stm32f4xx_hal_rcc_ex.c ****   /* Get the PLLSAI Clock configuration --------------------------------------*/
 519:board/stm32f401rct6/Drivers/STM32F4xx_HAL_Driver/Src/stm32f4xx_hal_rcc_ex.c ****   PeriphClkInit->PLLSAI.PLLSAIM = (uint32_t)((RCC->PLLSAICFGR & RCC_PLLSAICFGR_PLLSAIM) >> RCC_PLLS
 520:board/stm32f401rct6/Drivers/STM32F4xx_HAL_Driver/Src/stm32f4xx_hal_rcc_ex.c ****   PeriphClkInit->PLLSAI.PLLSAIN = (uint32_t)((RCC->PLLSAICFGR & RCC_PLLSAICFGR_PLLSAIN) >> RCC_PLLS
 521:board/stm32f401rct6/Drivers/STM32F4xx_HAL_Driver/Src/stm32f4xx_hal_rcc_ex.c ****   PeriphClkInit->PLLSAI.PLLSAIP = (uint32_t)((((RCC->PLLSAICFGR & RCC_PLLSAICFGR_PLLSAIP) >> RCC_PL
 522:board/stm32f401rct6/Drivers/STM32F4xx_HAL_Driver/Src/stm32f4xx_hal_rcc_ex.c ****   PeriphClkInit->PLLSAI.PLLSAIQ = (uint32_t)((RCC->PLLSAICFGR & RCC_PLLSAICFGR_PLLSAIQ) >> RCC_PLLS
 523:board/stm32f401rct6/Drivers/STM32F4xx_HAL_Driver/Src/stm32f4xx_hal_rcc_ex.c ****   /* Get the PLLSAI/PLLI2S division factors ----------------------------------*/
 524:board/stm32f401rct6/Drivers/STM32F4xx_HAL_Driver/Src/stm32f4xx_hal_rcc_ex.c ****   PeriphClkInit->PLLI2SDivQ = (uint32_t)((RCC->DCKCFGR & RCC_DCKCFGR_PLLI2SDIVQ) >> RCC_DCKCFGR_PLL
 525:board/stm32f401rct6/Drivers/STM32F4xx_HAL_Driver/Src/stm32f4xx_hal_rcc_ex.c ****   PeriphClkInit->PLLSAIDivQ = (uint32_t)((RCC->DCKCFGR & RCC_DCKCFGR_PLLSAIDIVQ) >> RCC_DCKCFGR_PLL
 526:board/stm32f401rct6/Drivers/STM32F4xx_HAL_Driver/Src/stm32f4xx_hal_rcc_ex.c **** 
 527:board/stm32f401rct6/Drivers/STM32F4xx_HAL_Driver/Src/stm32f4xx_hal_rcc_ex.c ****   /* Get the SAI1 clock configuration ----------------------------------------*/
 528:board/stm32f401rct6/Drivers/STM32F4xx_HAL_Driver/Src/stm32f4xx_hal_rcc_ex.c ****   PeriphClkInit->Sai1ClockSelection = __HAL_RCC_GET_SAI1_SOURCE();
 529:board/stm32f401rct6/Drivers/STM32F4xx_HAL_Driver/Src/stm32f4xx_hal_rcc_ex.c **** 
 530:board/stm32f401rct6/Drivers/STM32F4xx_HAL_Driver/Src/stm32f4xx_hal_rcc_ex.c ****   /* Get the SAI2 clock configuration ----------------------------------------*/
 531:board/stm32f401rct6/Drivers/STM32F4xx_HAL_Driver/Src/stm32f4xx_hal_rcc_ex.c ****   PeriphClkInit->Sai2ClockSelection = __HAL_RCC_GET_SAI2_SOURCE();
 532:board/stm32f401rct6/Drivers/STM32F4xx_HAL_Driver/Src/stm32f4xx_hal_rcc_ex.c **** 
 533:board/stm32f401rct6/Drivers/STM32F4xx_HAL_Driver/Src/stm32f4xx_hal_rcc_ex.c ****   /* Get the I2S APB1 clock configuration ------------------------------------*/
 534:board/stm32f401rct6/Drivers/STM32F4xx_HAL_Driver/Src/stm32f4xx_hal_rcc_ex.c ****   PeriphClkInit->I2sApb1ClockSelection = __HAL_RCC_GET_I2S_APB1_SOURCE();
 535:board/stm32f401rct6/Drivers/STM32F4xx_HAL_Driver/Src/stm32f4xx_hal_rcc_ex.c **** 
 536:board/stm32f401rct6/Drivers/STM32F4xx_HAL_Driver/Src/stm32f4xx_hal_rcc_ex.c ****   /* Get the I2S APB2 clock configuration ------------------------------------*/
 537:board/stm32f401rct6/Drivers/STM32F4xx_HAL_Driver/Src/stm32f4xx_hal_rcc_ex.c ****   PeriphClkInit->I2sApb2ClockSelection = __HAL_RCC_GET_I2S_APB2_SOURCE();
 538:board/stm32f401rct6/Drivers/STM32F4xx_HAL_Driver/Src/stm32f4xx_hal_rcc_ex.c **** 
 539:board/stm32f401rct6/Drivers/STM32F4xx_HAL_Driver/Src/stm32f4xx_hal_rcc_ex.c ****   /* Get the RTC Clock configuration -----------------------------------------*/
 540:board/stm32f401rct6/Drivers/STM32F4xx_HAL_Driver/Src/stm32f4xx_hal_rcc_ex.c ****   tempreg = (RCC->CFGR & RCC_CFGR_RTCPRE);
 541:board/stm32f401rct6/Drivers/STM32F4xx_HAL_Driver/Src/stm32f4xx_hal_rcc_ex.c ****   PeriphClkInit->RTCClockSelection = (uint32_t)((tempreg) | (RCC->BDCR & RCC_BDCR_RTCSEL));
 542:board/stm32f401rct6/Drivers/STM32F4xx_HAL_Driver/Src/stm32f4xx_hal_rcc_ex.c **** 
ARM GAS  C:\Users\Admin\AppData\Local\Temp\ccCVg1CA.s 			page 11


 543:board/stm32f401rct6/Drivers/STM32F4xx_HAL_Driver/Src/stm32f4xx_hal_rcc_ex.c ****   /* Get the CEC clock configuration -----------------------------------------*/
 544:board/stm32f401rct6/Drivers/STM32F4xx_HAL_Driver/Src/stm32f4xx_hal_rcc_ex.c ****   PeriphClkInit->CecClockSelection = __HAL_RCC_GET_CEC_SOURCE();
 545:board/stm32f401rct6/Drivers/STM32F4xx_HAL_Driver/Src/stm32f4xx_hal_rcc_ex.c **** 
 546:board/stm32f401rct6/Drivers/STM32F4xx_HAL_Driver/Src/stm32f4xx_hal_rcc_ex.c ****   /* Get the FMPI2C1 clock configuration -------------------------------------*/
 547:board/stm32f401rct6/Drivers/STM32F4xx_HAL_Driver/Src/stm32f4xx_hal_rcc_ex.c ****   PeriphClkInit->Fmpi2c1ClockSelection = __HAL_RCC_GET_FMPI2C1_SOURCE();
 548:board/stm32f401rct6/Drivers/STM32F4xx_HAL_Driver/Src/stm32f4xx_hal_rcc_ex.c **** 
 549:board/stm32f401rct6/Drivers/STM32F4xx_HAL_Driver/Src/stm32f4xx_hal_rcc_ex.c ****   /* Get the CLK48 clock configuration ----------------------------------------*/
 550:board/stm32f401rct6/Drivers/STM32F4xx_HAL_Driver/Src/stm32f4xx_hal_rcc_ex.c ****   PeriphClkInit->Clk48ClockSelection = __HAL_RCC_GET_CLK48_SOURCE();
 551:board/stm32f401rct6/Drivers/STM32F4xx_HAL_Driver/Src/stm32f4xx_hal_rcc_ex.c **** 
 552:board/stm32f401rct6/Drivers/STM32F4xx_HAL_Driver/Src/stm32f4xx_hal_rcc_ex.c ****   /* Get the SDIO clock configuration ----------------------------------------*/
 553:board/stm32f401rct6/Drivers/STM32F4xx_HAL_Driver/Src/stm32f4xx_hal_rcc_ex.c ****   PeriphClkInit->SdioClockSelection = __HAL_RCC_GET_SDIO_SOURCE();
 554:board/stm32f401rct6/Drivers/STM32F4xx_HAL_Driver/Src/stm32f4xx_hal_rcc_ex.c **** 
 555:board/stm32f401rct6/Drivers/STM32F4xx_HAL_Driver/Src/stm32f4xx_hal_rcc_ex.c ****   /* Get the SPDIFRX clock configuration -------------------------------------*/
 556:board/stm32f401rct6/Drivers/STM32F4xx_HAL_Driver/Src/stm32f4xx_hal_rcc_ex.c ****   PeriphClkInit->SpdifClockSelection = __HAL_RCC_GET_SPDIFRX_SOURCE();
 557:board/stm32f401rct6/Drivers/STM32F4xx_HAL_Driver/Src/stm32f4xx_hal_rcc_ex.c **** 
 558:board/stm32f401rct6/Drivers/STM32F4xx_HAL_Driver/Src/stm32f4xx_hal_rcc_ex.c ****   /* Get the TIM Prescaler configuration -------------------------------------*/
 559:board/stm32f401rct6/Drivers/STM32F4xx_HAL_Driver/Src/stm32f4xx_hal_rcc_ex.c ****   if ((RCC->DCKCFGR & RCC_DCKCFGR_TIMPRE) == RESET)
 560:board/stm32f401rct6/Drivers/STM32F4xx_HAL_Driver/Src/stm32f4xx_hal_rcc_ex.c ****   {
 561:board/stm32f401rct6/Drivers/STM32F4xx_HAL_Driver/Src/stm32f4xx_hal_rcc_ex.c ****     PeriphClkInit->TIMPresSelection = RCC_TIMPRES_DESACTIVATED;
 562:board/stm32f401rct6/Drivers/STM32F4xx_HAL_Driver/Src/stm32f4xx_hal_rcc_ex.c ****   }
 563:board/stm32f401rct6/Drivers/STM32F4xx_HAL_Driver/Src/stm32f4xx_hal_rcc_ex.c ****   else
 564:board/stm32f401rct6/Drivers/STM32F4xx_HAL_Driver/Src/stm32f4xx_hal_rcc_ex.c ****   {
 565:board/stm32f401rct6/Drivers/STM32F4xx_HAL_Driver/Src/stm32f4xx_hal_rcc_ex.c ****     PeriphClkInit->TIMPresSelection = RCC_TIMPRES_ACTIVATED;
 566:board/stm32f401rct6/Drivers/STM32F4xx_HAL_Driver/Src/stm32f4xx_hal_rcc_ex.c ****   }
 567:board/stm32f401rct6/Drivers/STM32F4xx_HAL_Driver/Src/stm32f4xx_hal_rcc_ex.c **** }
 568:board/stm32f401rct6/Drivers/STM32F4xx_HAL_Driver/Src/stm32f4xx_hal_rcc_ex.c **** 
 569:board/stm32f401rct6/Drivers/STM32F4xx_HAL_Driver/Src/stm32f4xx_hal_rcc_ex.c **** /**
 570:board/stm32f401rct6/Drivers/STM32F4xx_HAL_Driver/Src/stm32f4xx_hal_rcc_ex.c ****   * @brief  Return the peripheral clock frequency for a given peripheral(SAI..)
 571:board/stm32f401rct6/Drivers/STM32F4xx_HAL_Driver/Src/stm32f4xx_hal_rcc_ex.c ****   * @note   Return 0 if peripheral clock identifier not managed by this API
 572:board/stm32f401rct6/Drivers/STM32F4xx_HAL_Driver/Src/stm32f4xx_hal_rcc_ex.c ****   * @param  PeriphClk Peripheral clock identifier
 573:board/stm32f401rct6/Drivers/STM32F4xx_HAL_Driver/Src/stm32f4xx_hal_rcc_ex.c ****   *         This parameter can be one of the following values:
 574:board/stm32f401rct6/Drivers/STM32F4xx_HAL_Driver/Src/stm32f4xx_hal_rcc_ex.c ****   *            @arg RCC_PERIPHCLK_SAI1: SAI1 peripheral clock
 575:board/stm32f401rct6/Drivers/STM32F4xx_HAL_Driver/Src/stm32f4xx_hal_rcc_ex.c ****   *            @arg RCC_PERIPHCLK_SAI2: SAI2 peripheral clock
 576:board/stm32f401rct6/Drivers/STM32F4xx_HAL_Driver/Src/stm32f4xx_hal_rcc_ex.c ****   *            @arg RCC_PERIPHCLK_I2S_APB1: I2S APB1 peripheral clock
 577:board/stm32f401rct6/Drivers/STM32F4xx_HAL_Driver/Src/stm32f4xx_hal_rcc_ex.c ****   *            @arg RCC_PERIPHCLK_I2S_APB2: I2S APB2 peripheral clock
 578:board/stm32f401rct6/Drivers/STM32F4xx_HAL_Driver/Src/stm32f4xx_hal_rcc_ex.c ****   * @retval Frequency in KHz
 579:board/stm32f401rct6/Drivers/STM32F4xx_HAL_Driver/Src/stm32f4xx_hal_rcc_ex.c ****   */
 580:board/stm32f401rct6/Drivers/STM32F4xx_HAL_Driver/Src/stm32f4xx_hal_rcc_ex.c **** uint32_t HAL_RCCEx_GetPeriphCLKFreq(uint32_t PeriphClk)
 581:board/stm32f401rct6/Drivers/STM32F4xx_HAL_Driver/Src/stm32f4xx_hal_rcc_ex.c **** {
 582:board/stm32f401rct6/Drivers/STM32F4xx_HAL_Driver/Src/stm32f4xx_hal_rcc_ex.c ****   uint32_t tmpreg1 = 0U;
 583:board/stm32f401rct6/Drivers/STM32F4xx_HAL_Driver/Src/stm32f4xx_hal_rcc_ex.c ****   /* This variable used to store the SAI clock frequency (value in Hz) */
 584:board/stm32f401rct6/Drivers/STM32F4xx_HAL_Driver/Src/stm32f4xx_hal_rcc_ex.c ****   uint32_t frequency = 0U;
 585:board/stm32f401rct6/Drivers/STM32F4xx_HAL_Driver/Src/stm32f4xx_hal_rcc_ex.c ****   /* This variable used to store the VCO Input (value in Hz) */
 586:board/stm32f401rct6/Drivers/STM32F4xx_HAL_Driver/Src/stm32f4xx_hal_rcc_ex.c ****   uint32_t vcoinput = 0U;
 587:board/stm32f401rct6/Drivers/STM32F4xx_HAL_Driver/Src/stm32f4xx_hal_rcc_ex.c ****   /* This variable used to store the SAI clock source */
 588:board/stm32f401rct6/Drivers/STM32F4xx_HAL_Driver/Src/stm32f4xx_hal_rcc_ex.c ****   uint32_t saiclocksource = 0U;
 589:board/stm32f401rct6/Drivers/STM32F4xx_HAL_Driver/Src/stm32f4xx_hal_rcc_ex.c ****   uint32_t srcclk = 0U;
 590:board/stm32f401rct6/Drivers/STM32F4xx_HAL_Driver/Src/stm32f4xx_hal_rcc_ex.c ****   /* This variable used to store the VCO Output (value in Hz) */
 591:board/stm32f401rct6/Drivers/STM32F4xx_HAL_Driver/Src/stm32f4xx_hal_rcc_ex.c ****   uint32_t vcooutput = 0U;
 592:board/stm32f401rct6/Drivers/STM32F4xx_HAL_Driver/Src/stm32f4xx_hal_rcc_ex.c ****   switch (PeriphClk)
 593:board/stm32f401rct6/Drivers/STM32F4xx_HAL_Driver/Src/stm32f4xx_hal_rcc_ex.c ****   {
 594:board/stm32f401rct6/Drivers/STM32F4xx_HAL_Driver/Src/stm32f4xx_hal_rcc_ex.c ****     case RCC_PERIPHCLK_SAI1:
 595:board/stm32f401rct6/Drivers/STM32F4xx_HAL_Driver/Src/stm32f4xx_hal_rcc_ex.c ****     case RCC_PERIPHCLK_SAI2:
 596:board/stm32f401rct6/Drivers/STM32F4xx_HAL_Driver/Src/stm32f4xx_hal_rcc_ex.c ****     {
 597:board/stm32f401rct6/Drivers/STM32F4xx_HAL_Driver/Src/stm32f4xx_hal_rcc_ex.c ****       saiclocksource = RCC->DCKCFGR;
 598:board/stm32f401rct6/Drivers/STM32F4xx_HAL_Driver/Src/stm32f4xx_hal_rcc_ex.c ****       saiclocksource &= (RCC_DCKCFGR_SAI1SRC | RCC_DCKCFGR_SAI2SRC);
 599:board/stm32f401rct6/Drivers/STM32F4xx_HAL_Driver/Src/stm32f4xx_hal_rcc_ex.c ****       switch (saiclocksource)
ARM GAS  C:\Users\Admin\AppData\Local\Temp\ccCVg1CA.s 			page 12


 600:board/stm32f401rct6/Drivers/STM32F4xx_HAL_Driver/Src/stm32f4xx_hal_rcc_ex.c ****       {
 601:board/stm32f401rct6/Drivers/STM32F4xx_HAL_Driver/Src/stm32f4xx_hal_rcc_ex.c ****         case 0U: /* PLLSAI is the clock source for SAI*/
 602:board/stm32f401rct6/Drivers/STM32F4xx_HAL_Driver/Src/stm32f4xx_hal_rcc_ex.c ****         {
 603:board/stm32f401rct6/Drivers/STM32F4xx_HAL_Driver/Src/stm32f4xx_hal_rcc_ex.c ****           /* Configure the PLLSAI division factor */
 604:board/stm32f401rct6/Drivers/STM32F4xx_HAL_Driver/Src/stm32f4xx_hal_rcc_ex.c ****           /* PLLSAI_VCO Input  = PLL_SOURCE/PLLSAIM */
 605:board/stm32f401rct6/Drivers/STM32F4xx_HAL_Driver/Src/stm32f4xx_hal_rcc_ex.c ****           if ((RCC->PLLCFGR & RCC_PLLCFGR_PLLSRC) == RCC_PLLSOURCE_HSI)
 606:board/stm32f401rct6/Drivers/STM32F4xx_HAL_Driver/Src/stm32f4xx_hal_rcc_ex.c ****           {
 607:board/stm32f401rct6/Drivers/STM32F4xx_HAL_Driver/Src/stm32f4xx_hal_rcc_ex.c ****             /* In Case the PLL Source is HSI (Internal Clock) */
 608:board/stm32f401rct6/Drivers/STM32F4xx_HAL_Driver/Src/stm32f4xx_hal_rcc_ex.c ****             vcoinput = (HSI_VALUE / (uint32_t)(RCC->PLLSAICFGR & RCC_PLLSAICFGR_PLLSAIM));
 609:board/stm32f401rct6/Drivers/STM32F4xx_HAL_Driver/Src/stm32f4xx_hal_rcc_ex.c ****           }
 610:board/stm32f401rct6/Drivers/STM32F4xx_HAL_Driver/Src/stm32f4xx_hal_rcc_ex.c ****           else
 611:board/stm32f401rct6/Drivers/STM32F4xx_HAL_Driver/Src/stm32f4xx_hal_rcc_ex.c ****           {
 612:board/stm32f401rct6/Drivers/STM32F4xx_HAL_Driver/Src/stm32f4xx_hal_rcc_ex.c ****             /* In Case the PLL Source is HSE (External Clock) */
 613:board/stm32f401rct6/Drivers/STM32F4xx_HAL_Driver/Src/stm32f4xx_hal_rcc_ex.c ****             vcoinput = ((HSE_VALUE / (uint32_t)(RCC->PLLSAICFGR & RCC_PLLSAICFGR_PLLSAIM)));
 614:board/stm32f401rct6/Drivers/STM32F4xx_HAL_Driver/Src/stm32f4xx_hal_rcc_ex.c ****           }
 615:board/stm32f401rct6/Drivers/STM32F4xx_HAL_Driver/Src/stm32f4xx_hal_rcc_ex.c ****           /* PLLSAI_VCO Output = PLLSAI_VCO Input * PLLSAIN */
 616:board/stm32f401rct6/Drivers/STM32F4xx_HAL_Driver/Src/stm32f4xx_hal_rcc_ex.c ****           /* SAI_CLK(first level) = PLLSAI_VCO Output/PLLSAIQ */
 617:board/stm32f401rct6/Drivers/STM32F4xx_HAL_Driver/Src/stm32f4xx_hal_rcc_ex.c ****           tmpreg1 = (RCC->PLLSAICFGR & RCC_PLLSAICFGR_PLLSAIQ) >> 24U;
 618:board/stm32f401rct6/Drivers/STM32F4xx_HAL_Driver/Src/stm32f4xx_hal_rcc_ex.c ****           frequency = (vcoinput * ((RCC->PLLSAICFGR & RCC_PLLSAICFGR_PLLSAIN) >> 6U)) / (tmpreg1);
 619:board/stm32f401rct6/Drivers/STM32F4xx_HAL_Driver/Src/stm32f4xx_hal_rcc_ex.c **** 
 620:board/stm32f401rct6/Drivers/STM32F4xx_HAL_Driver/Src/stm32f4xx_hal_rcc_ex.c ****           /* SAI_CLK_x = SAI_CLK(first level)/PLLSAIDIVQ */
 621:board/stm32f401rct6/Drivers/STM32F4xx_HAL_Driver/Src/stm32f4xx_hal_rcc_ex.c ****           tmpreg1 = (((RCC->DCKCFGR & RCC_DCKCFGR_PLLSAIDIVQ) >> 8U) + 1U);
 622:board/stm32f401rct6/Drivers/STM32F4xx_HAL_Driver/Src/stm32f4xx_hal_rcc_ex.c ****           frequency = frequency / (tmpreg1);
 623:board/stm32f401rct6/Drivers/STM32F4xx_HAL_Driver/Src/stm32f4xx_hal_rcc_ex.c ****           break;
 624:board/stm32f401rct6/Drivers/STM32F4xx_HAL_Driver/Src/stm32f4xx_hal_rcc_ex.c ****         }
 625:board/stm32f401rct6/Drivers/STM32F4xx_HAL_Driver/Src/stm32f4xx_hal_rcc_ex.c ****         case RCC_DCKCFGR_SAI1SRC_0: /* PLLI2S is the clock source for SAI*/
 626:board/stm32f401rct6/Drivers/STM32F4xx_HAL_Driver/Src/stm32f4xx_hal_rcc_ex.c ****         case RCC_DCKCFGR_SAI2SRC_0: /* PLLI2S is the clock source for SAI*/
 627:board/stm32f401rct6/Drivers/STM32F4xx_HAL_Driver/Src/stm32f4xx_hal_rcc_ex.c ****         {
 628:board/stm32f401rct6/Drivers/STM32F4xx_HAL_Driver/Src/stm32f4xx_hal_rcc_ex.c ****           /* Configure the PLLI2S division factor */
 629:board/stm32f401rct6/Drivers/STM32F4xx_HAL_Driver/Src/stm32f4xx_hal_rcc_ex.c ****           /* PLLI2S_VCO Input  = PLL_SOURCE/PLLI2SM */
 630:board/stm32f401rct6/Drivers/STM32F4xx_HAL_Driver/Src/stm32f4xx_hal_rcc_ex.c ****           if ((RCC->PLLCFGR & RCC_PLLCFGR_PLLSRC) == RCC_PLLSOURCE_HSI)
 631:board/stm32f401rct6/Drivers/STM32F4xx_HAL_Driver/Src/stm32f4xx_hal_rcc_ex.c ****           {
 632:board/stm32f401rct6/Drivers/STM32F4xx_HAL_Driver/Src/stm32f4xx_hal_rcc_ex.c ****             /* In Case the PLL Source is HSI (Internal Clock) */
 633:board/stm32f401rct6/Drivers/STM32F4xx_HAL_Driver/Src/stm32f4xx_hal_rcc_ex.c ****             vcoinput = (HSI_VALUE / (uint32_t)(RCC->PLLI2SCFGR & RCC_PLLI2SCFGR_PLLI2SM));
 634:board/stm32f401rct6/Drivers/STM32F4xx_HAL_Driver/Src/stm32f4xx_hal_rcc_ex.c ****           }
 635:board/stm32f401rct6/Drivers/STM32F4xx_HAL_Driver/Src/stm32f4xx_hal_rcc_ex.c ****           else
 636:board/stm32f401rct6/Drivers/STM32F4xx_HAL_Driver/Src/stm32f4xx_hal_rcc_ex.c ****           {
 637:board/stm32f401rct6/Drivers/STM32F4xx_HAL_Driver/Src/stm32f4xx_hal_rcc_ex.c ****             /* In Case the PLL Source is HSE (External Clock) */
 638:board/stm32f401rct6/Drivers/STM32F4xx_HAL_Driver/Src/stm32f4xx_hal_rcc_ex.c ****             vcoinput = ((HSE_VALUE / (uint32_t)(RCC->PLLI2SCFGR & RCC_PLLI2SCFGR_PLLI2SM)));
 639:board/stm32f401rct6/Drivers/STM32F4xx_HAL_Driver/Src/stm32f4xx_hal_rcc_ex.c ****           }
 640:board/stm32f401rct6/Drivers/STM32F4xx_HAL_Driver/Src/stm32f4xx_hal_rcc_ex.c **** 
 641:board/stm32f401rct6/Drivers/STM32F4xx_HAL_Driver/Src/stm32f4xx_hal_rcc_ex.c ****           /* PLLI2S_VCO Output = PLLI2S_VCO Input * PLLI2SN */
 642:board/stm32f401rct6/Drivers/STM32F4xx_HAL_Driver/Src/stm32f4xx_hal_rcc_ex.c ****           /* SAI_CLK(first level) = PLLI2S_VCO Output/PLLI2SQ */
 643:board/stm32f401rct6/Drivers/STM32F4xx_HAL_Driver/Src/stm32f4xx_hal_rcc_ex.c ****           tmpreg1 = (RCC->PLLI2SCFGR & RCC_PLLI2SCFGR_PLLI2SQ) >> 24U;
 644:board/stm32f401rct6/Drivers/STM32F4xx_HAL_Driver/Src/stm32f4xx_hal_rcc_ex.c ****           frequency = (vcoinput * ((RCC->PLLI2SCFGR & RCC_PLLI2SCFGR_PLLI2SN) >> 6U)) / (tmpreg1);
 645:board/stm32f401rct6/Drivers/STM32F4xx_HAL_Driver/Src/stm32f4xx_hal_rcc_ex.c **** 
 646:board/stm32f401rct6/Drivers/STM32F4xx_HAL_Driver/Src/stm32f4xx_hal_rcc_ex.c ****           /* SAI_CLK_x = SAI_CLK(first level)/PLLI2SDIVQ */
 647:board/stm32f401rct6/Drivers/STM32F4xx_HAL_Driver/Src/stm32f4xx_hal_rcc_ex.c ****           tmpreg1 = ((RCC->DCKCFGR & RCC_DCKCFGR_PLLI2SDIVQ) + 1U);
 648:board/stm32f401rct6/Drivers/STM32F4xx_HAL_Driver/Src/stm32f4xx_hal_rcc_ex.c ****           frequency = frequency / (tmpreg1);
 649:board/stm32f401rct6/Drivers/STM32F4xx_HAL_Driver/Src/stm32f4xx_hal_rcc_ex.c ****           break;
 650:board/stm32f401rct6/Drivers/STM32F4xx_HAL_Driver/Src/stm32f4xx_hal_rcc_ex.c ****         }
 651:board/stm32f401rct6/Drivers/STM32F4xx_HAL_Driver/Src/stm32f4xx_hal_rcc_ex.c ****         case RCC_DCKCFGR_SAI1SRC_1: /* PLLR is the clock source for SAI*/
 652:board/stm32f401rct6/Drivers/STM32F4xx_HAL_Driver/Src/stm32f4xx_hal_rcc_ex.c ****         case RCC_DCKCFGR_SAI2SRC_1: /* PLLR is the clock source for SAI*/
 653:board/stm32f401rct6/Drivers/STM32F4xx_HAL_Driver/Src/stm32f4xx_hal_rcc_ex.c ****         {
 654:board/stm32f401rct6/Drivers/STM32F4xx_HAL_Driver/Src/stm32f4xx_hal_rcc_ex.c ****           /* Configure the PLLI2S division factor */
 655:board/stm32f401rct6/Drivers/STM32F4xx_HAL_Driver/Src/stm32f4xx_hal_rcc_ex.c ****           /* PLL_VCO Input  = PLL_SOURCE/PLLM */
 656:board/stm32f401rct6/Drivers/STM32F4xx_HAL_Driver/Src/stm32f4xx_hal_rcc_ex.c ****           if ((RCC->PLLCFGR & RCC_PLLCFGR_PLLSRC) == RCC_PLLSOURCE_HSI)
ARM GAS  C:\Users\Admin\AppData\Local\Temp\ccCVg1CA.s 			page 13


 657:board/stm32f401rct6/Drivers/STM32F4xx_HAL_Driver/Src/stm32f4xx_hal_rcc_ex.c ****           {
 658:board/stm32f401rct6/Drivers/STM32F4xx_HAL_Driver/Src/stm32f4xx_hal_rcc_ex.c ****             /* In Case the PLL Source is HSI (Internal Clock) */
 659:board/stm32f401rct6/Drivers/STM32F4xx_HAL_Driver/Src/stm32f4xx_hal_rcc_ex.c ****             vcoinput = (HSI_VALUE / (uint32_t)(RCC->PLLCFGR & RCC_PLLCFGR_PLLM));
 660:board/stm32f401rct6/Drivers/STM32F4xx_HAL_Driver/Src/stm32f4xx_hal_rcc_ex.c ****           }
 661:board/stm32f401rct6/Drivers/STM32F4xx_HAL_Driver/Src/stm32f4xx_hal_rcc_ex.c ****           else
 662:board/stm32f401rct6/Drivers/STM32F4xx_HAL_Driver/Src/stm32f4xx_hal_rcc_ex.c ****           {
 663:board/stm32f401rct6/Drivers/STM32F4xx_HAL_Driver/Src/stm32f4xx_hal_rcc_ex.c ****             /* In Case the PLL Source is HSE (External Clock) */
 664:board/stm32f401rct6/Drivers/STM32F4xx_HAL_Driver/Src/stm32f4xx_hal_rcc_ex.c ****             vcoinput = ((HSE_VALUE / (uint32_t)(RCC->PLLCFGR & RCC_PLLCFGR_PLLM)));
 665:board/stm32f401rct6/Drivers/STM32F4xx_HAL_Driver/Src/stm32f4xx_hal_rcc_ex.c ****           }
 666:board/stm32f401rct6/Drivers/STM32F4xx_HAL_Driver/Src/stm32f4xx_hal_rcc_ex.c **** 
 667:board/stm32f401rct6/Drivers/STM32F4xx_HAL_Driver/Src/stm32f4xx_hal_rcc_ex.c ****           /* PLL_VCO Output = PLL_VCO Input * PLLN */
 668:board/stm32f401rct6/Drivers/STM32F4xx_HAL_Driver/Src/stm32f4xx_hal_rcc_ex.c ****           /* SAI_CLK_x = PLL_VCO Output/PLLR */
 669:board/stm32f401rct6/Drivers/STM32F4xx_HAL_Driver/Src/stm32f4xx_hal_rcc_ex.c ****           tmpreg1 = (RCC->PLLCFGR & RCC_PLLCFGR_PLLR) >> 28U;
 670:board/stm32f401rct6/Drivers/STM32F4xx_HAL_Driver/Src/stm32f4xx_hal_rcc_ex.c ****           frequency = (vcoinput * ((RCC->PLLCFGR & RCC_PLLCFGR_PLLN) >> 6U)) / (tmpreg1);
 671:board/stm32f401rct6/Drivers/STM32F4xx_HAL_Driver/Src/stm32f4xx_hal_rcc_ex.c ****           break;
 672:board/stm32f401rct6/Drivers/STM32F4xx_HAL_Driver/Src/stm32f4xx_hal_rcc_ex.c ****         }
 673:board/stm32f401rct6/Drivers/STM32F4xx_HAL_Driver/Src/stm32f4xx_hal_rcc_ex.c ****         case RCC_DCKCFGR_SAI1SRC: /* External clock is the clock source for SAI*/
 674:board/stm32f401rct6/Drivers/STM32F4xx_HAL_Driver/Src/stm32f4xx_hal_rcc_ex.c ****         {
 675:board/stm32f401rct6/Drivers/STM32F4xx_HAL_Driver/Src/stm32f4xx_hal_rcc_ex.c ****           frequency = EXTERNAL_CLOCK_VALUE;
 676:board/stm32f401rct6/Drivers/STM32F4xx_HAL_Driver/Src/stm32f4xx_hal_rcc_ex.c ****           break;
 677:board/stm32f401rct6/Drivers/STM32F4xx_HAL_Driver/Src/stm32f4xx_hal_rcc_ex.c ****         }
 678:board/stm32f401rct6/Drivers/STM32F4xx_HAL_Driver/Src/stm32f4xx_hal_rcc_ex.c ****         case RCC_DCKCFGR_SAI2SRC: /* PLLSRC(HSE or HSI) is the clock source for SAI*/
 679:board/stm32f401rct6/Drivers/STM32F4xx_HAL_Driver/Src/stm32f4xx_hal_rcc_ex.c ****         {
 680:board/stm32f401rct6/Drivers/STM32F4xx_HAL_Driver/Src/stm32f4xx_hal_rcc_ex.c ****           if ((RCC->PLLCFGR & RCC_PLLCFGR_PLLSRC) == RCC_PLLSOURCE_HSI)
 681:board/stm32f401rct6/Drivers/STM32F4xx_HAL_Driver/Src/stm32f4xx_hal_rcc_ex.c ****           {
 682:board/stm32f401rct6/Drivers/STM32F4xx_HAL_Driver/Src/stm32f4xx_hal_rcc_ex.c ****             /* In Case the PLL Source is HSI (Internal Clock) */
 683:board/stm32f401rct6/Drivers/STM32F4xx_HAL_Driver/Src/stm32f4xx_hal_rcc_ex.c ****             frequency = (uint32_t)(HSI_VALUE);
 684:board/stm32f401rct6/Drivers/STM32F4xx_HAL_Driver/Src/stm32f4xx_hal_rcc_ex.c ****           }
 685:board/stm32f401rct6/Drivers/STM32F4xx_HAL_Driver/Src/stm32f4xx_hal_rcc_ex.c ****           else
 686:board/stm32f401rct6/Drivers/STM32F4xx_HAL_Driver/Src/stm32f4xx_hal_rcc_ex.c ****           {
 687:board/stm32f401rct6/Drivers/STM32F4xx_HAL_Driver/Src/stm32f4xx_hal_rcc_ex.c ****             /* In Case the PLL Source is HSE (External Clock) */
 688:board/stm32f401rct6/Drivers/STM32F4xx_HAL_Driver/Src/stm32f4xx_hal_rcc_ex.c ****             frequency = (uint32_t)(HSE_VALUE);
 689:board/stm32f401rct6/Drivers/STM32F4xx_HAL_Driver/Src/stm32f4xx_hal_rcc_ex.c ****           }
 690:board/stm32f401rct6/Drivers/STM32F4xx_HAL_Driver/Src/stm32f4xx_hal_rcc_ex.c ****           break;
 691:board/stm32f401rct6/Drivers/STM32F4xx_HAL_Driver/Src/stm32f4xx_hal_rcc_ex.c ****         }
 692:board/stm32f401rct6/Drivers/STM32F4xx_HAL_Driver/Src/stm32f4xx_hal_rcc_ex.c ****         default :
 693:board/stm32f401rct6/Drivers/STM32F4xx_HAL_Driver/Src/stm32f4xx_hal_rcc_ex.c ****         {
 694:board/stm32f401rct6/Drivers/STM32F4xx_HAL_Driver/Src/stm32f4xx_hal_rcc_ex.c ****           break;
 695:board/stm32f401rct6/Drivers/STM32F4xx_HAL_Driver/Src/stm32f4xx_hal_rcc_ex.c ****         }
 696:board/stm32f401rct6/Drivers/STM32F4xx_HAL_Driver/Src/stm32f4xx_hal_rcc_ex.c ****       }
 697:board/stm32f401rct6/Drivers/STM32F4xx_HAL_Driver/Src/stm32f4xx_hal_rcc_ex.c ****       break;
 698:board/stm32f401rct6/Drivers/STM32F4xx_HAL_Driver/Src/stm32f4xx_hal_rcc_ex.c ****     }
 699:board/stm32f401rct6/Drivers/STM32F4xx_HAL_Driver/Src/stm32f4xx_hal_rcc_ex.c ****     case RCC_PERIPHCLK_I2S_APB1:
 700:board/stm32f401rct6/Drivers/STM32F4xx_HAL_Driver/Src/stm32f4xx_hal_rcc_ex.c ****     {
 701:board/stm32f401rct6/Drivers/STM32F4xx_HAL_Driver/Src/stm32f4xx_hal_rcc_ex.c ****       /* Get the current I2S source */
 702:board/stm32f401rct6/Drivers/STM32F4xx_HAL_Driver/Src/stm32f4xx_hal_rcc_ex.c ****       srcclk = __HAL_RCC_GET_I2S_APB1_SOURCE();
 703:board/stm32f401rct6/Drivers/STM32F4xx_HAL_Driver/Src/stm32f4xx_hal_rcc_ex.c ****       switch (srcclk)
 704:board/stm32f401rct6/Drivers/STM32F4xx_HAL_Driver/Src/stm32f4xx_hal_rcc_ex.c ****       {
 705:board/stm32f401rct6/Drivers/STM32F4xx_HAL_Driver/Src/stm32f4xx_hal_rcc_ex.c ****         /* Check if I2S clock selection is External clock mapped on the I2S_CKIN pin used as I2S cl
 706:board/stm32f401rct6/Drivers/STM32F4xx_HAL_Driver/Src/stm32f4xx_hal_rcc_ex.c ****         case RCC_I2SAPB1CLKSOURCE_EXT:
 707:board/stm32f401rct6/Drivers/STM32F4xx_HAL_Driver/Src/stm32f4xx_hal_rcc_ex.c ****         {
 708:board/stm32f401rct6/Drivers/STM32F4xx_HAL_Driver/Src/stm32f4xx_hal_rcc_ex.c ****           /* Set the I2S clock to the external clock  value */
 709:board/stm32f401rct6/Drivers/STM32F4xx_HAL_Driver/Src/stm32f4xx_hal_rcc_ex.c ****           frequency = EXTERNAL_CLOCK_VALUE;
 710:board/stm32f401rct6/Drivers/STM32F4xx_HAL_Driver/Src/stm32f4xx_hal_rcc_ex.c ****           break;
 711:board/stm32f401rct6/Drivers/STM32F4xx_HAL_Driver/Src/stm32f4xx_hal_rcc_ex.c ****         }
 712:board/stm32f401rct6/Drivers/STM32F4xx_HAL_Driver/Src/stm32f4xx_hal_rcc_ex.c ****         /* Check if I2S clock selection is PLLI2S VCO output clock divided by PLLI2SR used as I2S c
 713:board/stm32f401rct6/Drivers/STM32F4xx_HAL_Driver/Src/stm32f4xx_hal_rcc_ex.c ****         case RCC_I2SAPB1CLKSOURCE_PLLI2S:
ARM GAS  C:\Users\Admin\AppData\Local\Temp\ccCVg1CA.s 			page 14


 714:board/stm32f401rct6/Drivers/STM32F4xx_HAL_Driver/Src/stm32f4xx_hal_rcc_ex.c ****         {
 715:board/stm32f401rct6/Drivers/STM32F4xx_HAL_Driver/Src/stm32f4xx_hal_rcc_ex.c ****           /* Configure the PLLI2S division factor */
 716:board/stm32f401rct6/Drivers/STM32F4xx_HAL_Driver/Src/stm32f4xx_hal_rcc_ex.c ****           /* PLLI2S_VCO Input  = PLL_SOURCE/PLLI2SM */
 717:board/stm32f401rct6/Drivers/STM32F4xx_HAL_Driver/Src/stm32f4xx_hal_rcc_ex.c ****           if ((RCC->PLLCFGR & RCC_PLLCFGR_PLLSRC) == RCC_PLLSOURCE_HSE)
 718:board/stm32f401rct6/Drivers/STM32F4xx_HAL_Driver/Src/stm32f4xx_hal_rcc_ex.c ****           {
 719:board/stm32f401rct6/Drivers/STM32F4xx_HAL_Driver/Src/stm32f4xx_hal_rcc_ex.c ****             /* Get the I2S source clock value */
 720:board/stm32f401rct6/Drivers/STM32F4xx_HAL_Driver/Src/stm32f4xx_hal_rcc_ex.c ****             vcoinput = (uint32_t)(HSE_VALUE / (uint32_t)(RCC->PLLI2SCFGR & RCC_PLLI2SCFGR_PLLI2SM))
 721:board/stm32f401rct6/Drivers/STM32F4xx_HAL_Driver/Src/stm32f4xx_hal_rcc_ex.c ****           }
 722:board/stm32f401rct6/Drivers/STM32F4xx_HAL_Driver/Src/stm32f4xx_hal_rcc_ex.c ****           else
 723:board/stm32f401rct6/Drivers/STM32F4xx_HAL_Driver/Src/stm32f4xx_hal_rcc_ex.c ****           {
 724:board/stm32f401rct6/Drivers/STM32F4xx_HAL_Driver/Src/stm32f4xx_hal_rcc_ex.c ****             /* Get the I2S source clock value */
 725:board/stm32f401rct6/Drivers/STM32F4xx_HAL_Driver/Src/stm32f4xx_hal_rcc_ex.c ****             vcoinput = (uint32_t)(HSI_VALUE / (uint32_t)(RCC->PLLI2SCFGR & RCC_PLLI2SCFGR_PLLI2SM))
 726:board/stm32f401rct6/Drivers/STM32F4xx_HAL_Driver/Src/stm32f4xx_hal_rcc_ex.c ****           }
 727:board/stm32f401rct6/Drivers/STM32F4xx_HAL_Driver/Src/stm32f4xx_hal_rcc_ex.c **** 
 728:board/stm32f401rct6/Drivers/STM32F4xx_HAL_Driver/Src/stm32f4xx_hal_rcc_ex.c ****           /* PLLI2S_VCO Output = PLLI2S_VCO Input * PLLI2SN */
 729:board/stm32f401rct6/Drivers/STM32F4xx_HAL_Driver/Src/stm32f4xx_hal_rcc_ex.c ****           vcooutput = (uint32_t)(vcoinput * (((RCC->PLLI2SCFGR & RCC_PLLI2SCFGR_PLLI2SN) >> 6U) & (
 730:board/stm32f401rct6/Drivers/STM32F4xx_HAL_Driver/Src/stm32f4xx_hal_rcc_ex.c ****           /* I2S_CLK = PLLI2S_VCO Output/PLLI2SR */
 731:board/stm32f401rct6/Drivers/STM32F4xx_HAL_Driver/Src/stm32f4xx_hal_rcc_ex.c ****           frequency = (uint32_t)(vcooutput / (((RCC->PLLI2SCFGR & RCC_PLLI2SCFGR_PLLI2SR) >> 28U) &
 732:board/stm32f401rct6/Drivers/STM32F4xx_HAL_Driver/Src/stm32f4xx_hal_rcc_ex.c ****           break;
 733:board/stm32f401rct6/Drivers/STM32F4xx_HAL_Driver/Src/stm32f4xx_hal_rcc_ex.c ****         }
 734:board/stm32f401rct6/Drivers/STM32F4xx_HAL_Driver/Src/stm32f4xx_hal_rcc_ex.c ****         /* Check if I2S clock selection is PLL VCO Output divided by PLLR used as I2S clock */
 735:board/stm32f401rct6/Drivers/STM32F4xx_HAL_Driver/Src/stm32f4xx_hal_rcc_ex.c ****         case RCC_I2SAPB1CLKSOURCE_PLLR:
 736:board/stm32f401rct6/Drivers/STM32F4xx_HAL_Driver/Src/stm32f4xx_hal_rcc_ex.c ****         {
 737:board/stm32f401rct6/Drivers/STM32F4xx_HAL_Driver/Src/stm32f4xx_hal_rcc_ex.c ****           /* Configure the PLL division factor R */
 738:board/stm32f401rct6/Drivers/STM32F4xx_HAL_Driver/Src/stm32f4xx_hal_rcc_ex.c ****           /* PLL_VCO Input  = PLL_SOURCE/PLLM */
 739:board/stm32f401rct6/Drivers/STM32F4xx_HAL_Driver/Src/stm32f4xx_hal_rcc_ex.c ****           if ((RCC->PLLCFGR & RCC_PLLCFGR_PLLSRC) == RCC_PLLSOURCE_HSE)
 740:board/stm32f401rct6/Drivers/STM32F4xx_HAL_Driver/Src/stm32f4xx_hal_rcc_ex.c ****           {
 741:board/stm32f401rct6/Drivers/STM32F4xx_HAL_Driver/Src/stm32f4xx_hal_rcc_ex.c ****             /* Get the I2S source clock value */
 742:board/stm32f401rct6/Drivers/STM32F4xx_HAL_Driver/Src/stm32f4xx_hal_rcc_ex.c ****             vcoinput = (uint32_t)(HSE_VALUE / (uint32_t)(RCC->PLLCFGR & RCC_PLLCFGR_PLLM));
 743:board/stm32f401rct6/Drivers/STM32F4xx_HAL_Driver/Src/stm32f4xx_hal_rcc_ex.c ****           }
 744:board/stm32f401rct6/Drivers/STM32F4xx_HAL_Driver/Src/stm32f4xx_hal_rcc_ex.c ****           else
 745:board/stm32f401rct6/Drivers/STM32F4xx_HAL_Driver/Src/stm32f4xx_hal_rcc_ex.c ****           {
 746:board/stm32f401rct6/Drivers/STM32F4xx_HAL_Driver/Src/stm32f4xx_hal_rcc_ex.c ****             /* Get the I2S source clock value */
 747:board/stm32f401rct6/Drivers/STM32F4xx_HAL_Driver/Src/stm32f4xx_hal_rcc_ex.c ****             vcoinput = (uint32_t)(HSI_VALUE / (uint32_t)(RCC->PLLCFGR & RCC_PLLCFGR_PLLM));
 748:board/stm32f401rct6/Drivers/STM32F4xx_HAL_Driver/Src/stm32f4xx_hal_rcc_ex.c ****           }
 749:board/stm32f401rct6/Drivers/STM32F4xx_HAL_Driver/Src/stm32f4xx_hal_rcc_ex.c **** 
 750:board/stm32f401rct6/Drivers/STM32F4xx_HAL_Driver/Src/stm32f4xx_hal_rcc_ex.c ****           /* PLL_VCO Output = PLL_VCO Input * PLLN */
 751:board/stm32f401rct6/Drivers/STM32F4xx_HAL_Driver/Src/stm32f4xx_hal_rcc_ex.c ****           vcooutput = (uint32_t)(vcoinput * (((RCC->PLLCFGR & RCC_PLLCFGR_PLLN) >> 6U) & (RCC_PLLCF
 752:board/stm32f401rct6/Drivers/STM32F4xx_HAL_Driver/Src/stm32f4xx_hal_rcc_ex.c ****           /* I2S_CLK = PLL_VCO Output/PLLR */
 753:board/stm32f401rct6/Drivers/STM32F4xx_HAL_Driver/Src/stm32f4xx_hal_rcc_ex.c ****           frequency = (uint32_t)(vcooutput / (((RCC->PLLCFGR & RCC_PLLCFGR_PLLR) >> 28U) & (RCC_PLL
 754:board/stm32f401rct6/Drivers/STM32F4xx_HAL_Driver/Src/stm32f4xx_hal_rcc_ex.c ****           break;
 755:board/stm32f401rct6/Drivers/STM32F4xx_HAL_Driver/Src/stm32f4xx_hal_rcc_ex.c ****         }
 756:board/stm32f401rct6/Drivers/STM32F4xx_HAL_Driver/Src/stm32f4xx_hal_rcc_ex.c ****         /* Check if I2S clock selection is HSI or HSE depending from PLL source Clock */
 757:board/stm32f401rct6/Drivers/STM32F4xx_HAL_Driver/Src/stm32f4xx_hal_rcc_ex.c ****         case RCC_I2SAPB1CLKSOURCE_PLLSRC:
 758:board/stm32f401rct6/Drivers/STM32F4xx_HAL_Driver/Src/stm32f4xx_hal_rcc_ex.c ****         {
 759:board/stm32f401rct6/Drivers/STM32F4xx_HAL_Driver/Src/stm32f4xx_hal_rcc_ex.c ****           if ((RCC->PLLCFGR & RCC_PLLCFGR_PLLSRC) == RCC_PLLSOURCE_HSE)
 760:board/stm32f401rct6/Drivers/STM32F4xx_HAL_Driver/Src/stm32f4xx_hal_rcc_ex.c ****           {
 761:board/stm32f401rct6/Drivers/STM32F4xx_HAL_Driver/Src/stm32f4xx_hal_rcc_ex.c ****             frequency = HSE_VALUE;
 762:board/stm32f401rct6/Drivers/STM32F4xx_HAL_Driver/Src/stm32f4xx_hal_rcc_ex.c ****           }
 763:board/stm32f401rct6/Drivers/STM32F4xx_HAL_Driver/Src/stm32f4xx_hal_rcc_ex.c ****           else
 764:board/stm32f401rct6/Drivers/STM32F4xx_HAL_Driver/Src/stm32f4xx_hal_rcc_ex.c ****           {
 765:board/stm32f401rct6/Drivers/STM32F4xx_HAL_Driver/Src/stm32f4xx_hal_rcc_ex.c ****             frequency = HSI_VALUE;
 766:board/stm32f401rct6/Drivers/STM32F4xx_HAL_Driver/Src/stm32f4xx_hal_rcc_ex.c ****           }
 767:board/stm32f401rct6/Drivers/STM32F4xx_HAL_Driver/Src/stm32f4xx_hal_rcc_ex.c ****           break;
 768:board/stm32f401rct6/Drivers/STM32F4xx_HAL_Driver/Src/stm32f4xx_hal_rcc_ex.c ****         }
 769:board/stm32f401rct6/Drivers/STM32F4xx_HAL_Driver/Src/stm32f4xx_hal_rcc_ex.c ****         /* Clock not enabled for I2S*/
 770:board/stm32f401rct6/Drivers/STM32F4xx_HAL_Driver/Src/stm32f4xx_hal_rcc_ex.c ****         default:
ARM GAS  C:\Users\Admin\AppData\Local\Temp\ccCVg1CA.s 			page 15


 771:board/stm32f401rct6/Drivers/STM32F4xx_HAL_Driver/Src/stm32f4xx_hal_rcc_ex.c ****         {
 772:board/stm32f401rct6/Drivers/STM32F4xx_HAL_Driver/Src/stm32f4xx_hal_rcc_ex.c ****           frequency = 0U;
 773:board/stm32f401rct6/Drivers/STM32F4xx_HAL_Driver/Src/stm32f4xx_hal_rcc_ex.c ****           break;
 774:board/stm32f401rct6/Drivers/STM32F4xx_HAL_Driver/Src/stm32f4xx_hal_rcc_ex.c ****         }
 775:board/stm32f401rct6/Drivers/STM32F4xx_HAL_Driver/Src/stm32f4xx_hal_rcc_ex.c ****       }
 776:board/stm32f401rct6/Drivers/STM32F4xx_HAL_Driver/Src/stm32f4xx_hal_rcc_ex.c ****       break;
 777:board/stm32f401rct6/Drivers/STM32F4xx_HAL_Driver/Src/stm32f4xx_hal_rcc_ex.c ****     }
 778:board/stm32f401rct6/Drivers/STM32F4xx_HAL_Driver/Src/stm32f4xx_hal_rcc_ex.c ****     case RCC_PERIPHCLK_I2S_APB2:
 779:board/stm32f401rct6/Drivers/STM32F4xx_HAL_Driver/Src/stm32f4xx_hal_rcc_ex.c ****     {
 780:board/stm32f401rct6/Drivers/STM32F4xx_HAL_Driver/Src/stm32f4xx_hal_rcc_ex.c ****       /* Get the current I2S source */
 781:board/stm32f401rct6/Drivers/STM32F4xx_HAL_Driver/Src/stm32f4xx_hal_rcc_ex.c ****       srcclk = __HAL_RCC_GET_I2S_APB2_SOURCE();
 782:board/stm32f401rct6/Drivers/STM32F4xx_HAL_Driver/Src/stm32f4xx_hal_rcc_ex.c ****       switch (srcclk)
 783:board/stm32f401rct6/Drivers/STM32F4xx_HAL_Driver/Src/stm32f4xx_hal_rcc_ex.c ****       {
 784:board/stm32f401rct6/Drivers/STM32F4xx_HAL_Driver/Src/stm32f4xx_hal_rcc_ex.c ****         /* Check if I2S clock selection is External clock mapped on the I2S_CKIN pin used as I2S cl
 785:board/stm32f401rct6/Drivers/STM32F4xx_HAL_Driver/Src/stm32f4xx_hal_rcc_ex.c ****         case RCC_I2SAPB2CLKSOURCE_EXT:
 786:board/stm32f401rct6/Drivers/STM32F4xx_HAL_Driver/Src/stm32f4xx_hal_rcc_ex.c ****         {
 787:board/stm32f401rct6/Drivers/STM32F4xx_HAL_Driver/Src/stm32f4xx_hal_rcc_ex.c ****           /* Set the I2S clock to the external clock  value */
 788:board/stm32f401rct6/Drivers/STM32F4xx_HAL_Driver/Src/stm32f4xx_hal_rcc_ex.c ****           frequency = EXTERNAL_CLOCK_VALUE;
 789:board/stm32f401rct6/Drivers/STM32F4xx_HAL_Driver/Src/stm32f4xx_hal_rcc_ex.c ****           break;
 790:board/stm32f401rct6/Drivers/STM32F4xx_HAL_Driver/Src/stm32f4xx_hal_rcc_ex.c ****         }
 791:board/stm32f401rct6/Drivers/STM32F4xx_HAL_Driver/Src/stm32f4xx_hal_rcc_ex.c ****         /* Check if I2S clock selection is PLLI2S VCO output clock divided by PLLI2SR used as I2S c
 792:board/stm32f401rct6/Drivers/STM32F4xx_HAL_Driver/Src/stm32f4xx_hal_rcc_ex.c ****         case RCC_I2SAPB2CLKSOURCE_PLLI2S:
 793:board/stm32f401rct6/Drivers/STM32F4xx_HAL_Driver/Src/stm32f4xx_hal_rcc_ex.c ****         {
 794:board/stm32f401rct6/Drivers/STM32F4xx_HAL_Driver/Src/stm32f4xx_hal_rcc_ex.c ****           /* Configure the PLLI2S division factor */
 795:board/stm32f401rct6/Drivers/STM32F4xx_HAL_Driver/Src/stm32f4xx_hal_rcc_ex.c ****           /* PLLI2S_VCO Input  = PLL_SOURCE/PLLI2SM */
 796:board/stm32f401rct6/Drivers/STM32F4xx_HAL_Driver/Src/stm32f4xx_hal_rcc_ex.c ****           if ((RCC->PLLCFGR & RCC_PLLCFGR_PLLSRC) == RCC_PLLSOURCE_HSE)
 797:board/stm32f401rct6/Drivers/STM32F4xx_HAL_Driver/Src/stm32f4xx_hal_rcc_ex.c ****           {
 798:board/stm32f401rct6/Drivers/STM32F4xx_HAL_Driver/Src/stm32f4xx_hal_rcc_ex.c ****             /* Get the I2S source clock value */
 799:board/stm32f401rct6/Drivers/STM32F4xx_HAL_Driver/Src/stm32f4xx_hal_rcc_ex.c ****             vcoinput = (uint32_t)(HSE_VALUE / (uint32_t)(RCC->PLLI2SCFGR & RCC_PLLI2SCFGR_PLLI2SM))
 800:board/stm32f401rct6/Drivers/STM32F4xx_HAL_Driver/Src/stm32f4xx_hal_rcc_ex.c ****           }
 801:board/stm32f401rct6/Drivers/STM32F4xx_HAL_Driver/Src/stm32f4xx_hal_rcc_ex.c ****           else
 802:board/stm32f401rct6/Drivers/STM32F4xx_HAL_Driver/Src/stm32f4xx_hal_rcc_ex.c ****           {
 803:board/stm32f401rct6/Drivers/STM32F4xx_HAL_Driver/Src/stm32f4xx_hal_rcc_ex.c ****             /* Get the I2S source clock value */
 804:board/stm32f401rct6/Drivers/STM32F4xx_HAL_Driver/Src/stm32f4xx_hal_rcc_ex.c ****             vcoinput = (uint32_t)(HSI_VALUE / (uint32_t)(RCC->PLLI2SCFGR & RCC_PLLI2SCFGR_PLLI2SM))
 805:board/stm32f401rct6/Drivers/STM32F4xx_HAL_Driver/Src/stm32f4xx_hal_rcc_ex.c ****           }
 806:board/stm32f401rct6/Drivers/STM32F4xx_HAL_Driver/Src/stm32f4xx_hal_rcc_ex.c **** 
 807:board/stm32f401rct6/Drivers/STM32F4xx_HAL_Driver/Src/stm32f4xx_hal_rcc_ex.c ****           /* PLLI2S_VCO Output = PLLI2S_VCO Input * PLLI2SN */
 808:board/stm32f401rct6/Drivers/STM32F4xx_HAL_Driver/Src/stm32f4xx_hal_rcc_ex.c ****           vcooutput = (uint32_t)(vcoinput * (((RCC->PLLI2SCFGR & RCC_PLLI2SCFGR_PLLI2SN) >> 6U) & (
 809:board/stm32f401rct6/Drivers/STM32F4xx_HAL_Driver/Src/stm32f4xx_hal_rcc_ex.c ****           /* I2S_CLK = PLLI2S_VCO Output/PLLI2SR */
 810:board/stm32f401rct6/Drivers/STM32F4xx_HAL_Driver/Src/stm32f4xx_hal_rcc_ex.c ****           frequency = (uint32_t)(vcooutput / (((RCC->PLLI2SCFGR & RCC_PLLI2SCFGR_PLLI2SR) >> 28U) &
 811:board/stm32f401rct6/Drivers/STM32F4xx_HAL_Driver/Src/stm32f4xx_hal_rcc_ex.c ****           break;
 812:board/stm32f401rct6/Drivers/STM32F4xx_HAL_Driver/Src/stm32f4xx_hal_rcc_ex.c ****         }
 813:board/stm32f401rct6/Drivers/STM32F4xx_HAL_Driver/Src/stm32f4xx_hal_rcc_ex.c ****         /* Check if I2S clock selection is PLL VCO Output divided by PLLR used as I2S clock */
 814:board/stm32f401rct6/Drivers/STM32F4xx_HAL_Driver/Src/stm32f4xx_hal_rcc_ex.c ****         case RCC_I2SAPB2CLKSOURCE_PLLR:
 815:board/stm32f401rct6/Drivers/STM32F4xx_HAL_Driver/Src/stm32f4xx_hal_rcc_ex.c ****         {
 816:board/stm32f401rct6/Drivers/STM32F4xx_HAL_Driver/Src/stm32f4xx_hal_rcc_ex.c ****           /* Configure the PLL division factor R */
 817:board/stm32f401rct6/Drivers/STM32F4xx_HAL_Driver/Src/stm32f4xx_hal_rcc_ex.c ****           /* PLL_VCO Input  = PLL_SOURCE/PLLM */
 818:board/stm32f401rct6/Drivers/STM32F4xx_HAL_Driver/Src/stm32f4xx_hal_rcc_ex.c ****           if ((RCC->PLLCFGR & RCC_PLLCFGR_PLLSRC) == RCC_PLLSOURCE_HSE)
 819:board/stm32f401rct6/Drivers/STM32F4xx_HAL_Driver/Src/stm32f4xx_hal_rcc_ex.c ****           {
 820:board/stm32f401rct6/Drivers/STM32F4xx_HAL_Driver/Src/stm32f4xx_hal_rcc_ex.c ****             /* Get the I2S source clock value */
 821:board/stm32f401rct6/Drivers/STM32F4xx_HAL_Driver/Src/stm32f4xx_hal_rcc_ex.c ****             vcoinput = (uint32_t)(HSE_VALUE / (uint32_t)(RCC->PLLCFGR & RCC_PLLCFGR_PLLM));
 822:board/stm32f401rct6/Drivers/STM32F4xx_HAL_Driver/Src/stm32f4xx_hal_rcc_ex.c ****           }
 823:board/stm32f401rct6/Drivers/STM32F4xx_HAL_Driver/Src/stm32f4xx_hal_rcc_ex.c ****           else
 824:board/stm32f401rct6/Drivers/STM32F4xx_HAL_Driver/Src/stm32f4xx_hal_rcc_ex.c ****           {
 825:board/stm32f401rct6/Drivers/STM32F4xx_HAL_Driver/Src/stm32f4xx_hal_rcc_ex.c ****             /* Get the I2S source clock value */
 826:board/stm32f401rct6/Drivers/STM32F4xx_HAL_Driver/Src/stm32f4xx_hal_rcc_ex.c ****             vcoinput = (uint32_t)(HSI_VALUE / (uint32_t)(RCC->PLLCFGR & RCC_PLLCFGR_PLLM));
 827:board/stm32f401rct6/Drivers/STM32F4xx_HAL_Driver/Src/stm32f4xx_hal_rcc_ex.c ****           }
ARM GAS  C:\Users\Admin\AppData\Local\Temp\ccCVg1CA.s 			page 16


 828:board/stm32f401rct6/Drivers/STM32F4xx_HAL_Driver/Src/stm32f4xx_hal_rcc_ex.c **** 
 829:board/stm32f401rct6/Drivers/STM32F4xx_HAL_Driver/Src/stm32f4xx_hal_rcc_ex.c ****           /* PLL_VCO Output = PLL_VCO Input * PLLN */
 830:board/stm32f401rct6/Drivers/STM32F4xx_HAL_Driver/Src/stm32f4xx_hal_rcc_ex.c ****           vcooutput = (uint32_t)(vcoinput * (((RCC->PLLCFGR & RCC_PLLCFGR_PLLN) >> 6U) & (RCC_PLLCF
 831:board/stm32f401rct6/Drivers/STM32F4xx_HAL_Driver/Src/stm32f4xx_hal_rcc_ex.c ****           /* I2S_CLK = PLL_VCO Output/PLLR */
 832:board/stm32f401rct6/Drivers/STM32F4xx_HAL_Driver/Src/stm32f4xx_hal_rcc_ex.c ****           frequency = (uint32_t)(vcooutput / (((RCC->PLLCFGR & RCC_PLLCFGR_PLLR) >> 28U) & (RCC_PLL
 833:board/stm32f401rct6/Drivers/STM32F4xx_HAL_Driver/Src/stm32f4xx_hal_rcc_ex.c ****           break;
 834:board/stm32f401rct6/Drivers/STM32F4xx_HAL_Driver/Src/stm32f4xx_hal_rcc_ex.c ****         }
 835:board/stm32f401rct6/Drivers/STM32F4xx_HAL_Driver/Src/stm32f4xx_hal_rcc_ex.c ****         /* Check if I2S clock selection is HSI or HSE depending from PLL source Clock */
 836:board/stm32f401rct6/Drivers/STM32F4xx_HAL_Driver/Src/stm32f4xx_hal_rcc_ex.c ****         case RCC_I2SAPB2CLKSOURCE_PLLSRC:
 837:board/stm32f401rct6/Drivers/STM32F4xx_HAL_Driver/Src/stm32f4xx_hal_rcc_ex.c ****         {
 838:board/stm32f401rct6/Drivers/STM32F4xx_HAL_Driver/Src/stm32f4xx_hal_rcc_ex.c ****           if ((RCC->PLLCFGR & RCC_PLLCFGR_PLLSRC) == RCC_PLLSOURCE_HSE)
 839:board/stm32f401rct6/Drivers/STM32F4xx_HAL_Driver/Src/stm32f4xx_hal_rcc_ex.c ****           {
 840:board/stm32f401rct6/Drivers/STM32F4xx_HAL_Driver/Src/stm32f4xx_hal_rcc_ex.c ****             frequency = HSE_VALUE;
 841:board/stm32f401rct6/Drivers/STM32F4xx_HAL_Driver/Src/stm32f4xx_hal_rcc_ex.c ****           }
 842:board/stm32f401rct6/Drivers/STM32F4xx_HAL_Driver/Src/stm32f4xx_hal_rcc_ex.c ****           else
 843:board/stm32f401rct6/Drivers/STM32F4xx_HAL_Driver/Src/stm32f4xx_hal_rcc_ex.c ****           {
 844:board/stm32f401rct6/Drivers/STM32F4xx_HAL_Driver/Src/stm32f4xx_hal_rcc_ex.c ****             frequency = HSI_VALUE;
 845:board/stm32f401rct6/Drivers/STM32F4xx_HAL_Driver/Src/stm32f4xx_hal_rcc_ex.c ****           }
 846:board/stm32f401rct6/Drivers/STM32F4xx_HAL_Driver/Src/stm32f4xx_hal_rcc_ex.c ****           break;
 847:board/stm32f401rct6/Drivers/STM32F4xx_HAL_Driver/Src/stm32f4xx_hal_rcc_ex.c ****         }
 848:board/stm32f401rct6/Drivers/STM32F4xx_HAL_Driver/Src/stm32f4xx_hal_rcc_ex.c ****         /* Clock not enabled for I2S*/
 849:board/stm32f401rct6/Drivers/STM32F4xx_HAL_Driver/Src/stm32f4xx_hal_rcc_ex.c ****         default:
 850:board/stm32f401rct6/Drivers/STM32F4xx_HAL_Driver/Src/stm32f4xx_hal_rcc_ex.c ****         {
 851:board/stm32f401rct6/Drivers/STM32F4xx_HAL_Driver/Src/stm32f4xx_hal_rcc_ex.c ****           frequency = 0U;
 852:board/stm32f401rct6/Drivers/STM32F4xx_HAL_Driver/Src/stm32f4xx_hal_rcc_ex.c ****           break;
 853:board/stm32f401rct6/Drivers/STM32F4xx_HAL_Driver/Src/stm32f4xx_hal_rcc_ex.c ****         }
 854:board/stm32f401rct6/Drivers/STM32F4xx_HAL_Driver/Src/stm32f4xx_hal_rcc_ex.c ****       }
 855:board/stm32f401rct6/Drivers/STM32F4xx_HAL_Driver/Src/stm32f4xx_hal_rcc_ex.c ****       break;
 856:board/stm32f401rct6/Drivers/STM32F4xx_HAL_Driver/Src/stm32f4xx_hal_rcc_ex.c ****     }
 857:board/stm32f401rct6/Drivers/STM32F4xx_HAL_Driver/Src/stm32f4xx_hal_rcc_ex.c ****     default:
 858:board/stm32f401rct6/Drivers/STM32F4xx_HAL_Driver/Src/stm32f4xx_hal_rcc_ex.c ****     {
 859:board/stm32f401rct6/Drivers/STM32F4xx_HAL_Driver/Src/stm32f4xx_hal_rcc_ex.c ****       break;
 860:board/stm32f401rct6/Drivers/STM32F4xx_HAL_Driver/Src/stm32f4xx_hal_rcc_ex.c ****     }
 861:board/stm32f401rct6/Drivers/STM32F4xx_HAL_Driver/Src/stm32f4xx_hal_rcc_ex.c ****   }
 862:board/stm32f401rct6/Drivers/STM32F4xx_HAL_Driver/Src/stm32f4xx_hal_rcc_ex.c ****   return frequency;
 863:board/stm32f401rct6/Drivers/STM32F4xx_HAL_Driver/Src/stm32f4xx_hal_rcc_ex.c **** }
 864:board/stm32f401rct6/Drivers/STM32F4xx_HAL_Driver/Src/stm32f4xx_hal_rcc_ex.c **** #endif /* STM32F446xx */
 865:board/stm32f401rct6/Drivers/STM32F4xx_HAL_Driver/Src/stm32f4xx_hal_rcc_ex.c **** 
 866:board/stm32f401rct6/Drivers/STM32F4xx_HAL_Driver/Src/stm32f4xx_hal_rcc_ex.c **** #if defined(STM32F469xx) || defined(STM32F479xx)
 867:board/stm32f401rct6/Drivers/STM32F4xx_HAL_Driver/Src/stm32f4xx_hal_rcc_ex.c **** /**
 868:board/stm32f401rct6/Drivers/STM32F4xx_HAL_Driver/Src/stm32f4xx_hal_rcc_ex.c ****   * @brief  Initializes the RCC extended peripherals clocks according to the specified
 869:board/stm32f401rct6/Drivers/STM32F4xx_HAL_Driver/Src/stm32f4xx_hal_rcc_ex.c ****   *         parameters in the RCC_PeriphCLKInitTypeDef.
 870:board/stm32f401rct6/Drivers/STM32F4xx_HAL_Driver/Src/stm32f4xx_hal_rcc_ex.c ****   * @param  PeriphClkInit pointer to an RCC_PeriphCLKInitTypeDef structure that
 871:board/stm32f401rct6/Drivers/STM32F4xx_HAL_Driver/Src/stm32f4xx_hal_rcc_ex.c ****   *         contains the configuration information for the Extended Peripherals
 872:board/stm32f401rct6/Drivers/STM32F4xx_HAL_Driver/Src/stm32f4xx_hal_rcc_ex.c ****   *         clocks(I2S, SAI, LTDC, RTC and TIM).
 873:board/stm32f401rct6/Drivers/STM32F4xx_HAL_Driver/Src/stm32f4xx_hal_rcc_ex.c ****   *
 874:board/stm32f401rct6/Drivers/STM32F4xx_HAL_Driver/Src/stm32f4xx_hal_rcc_ex.c ****   * @note   Care must be taken when HAL_RCCEx_PeriphCLKConfig() is used to select
 875:board/stm32f401rct6/Drivers/STM32F4xx_HAL_Driver/Src/stm32f4xx_hal_rcc_ex.c ****   *         the RTC clock source; in this case the Backup domain will be reset in
 876:board/stm32f401rct6/Drivers/STM32F4xx_HAL_Driver/Src/stm32f4xx_hal_rcc_ex.c ****   *         order to modify the RTC Clock source, as consequence RTC registers (including
 877:board/stm32f401rct6/Drivers/STM32F4xx_HAL_Driver/Src/stm32f4xx_hal_rcc_ex.c ****   *         the backup registers) and RCC_BDCR register are set to their reset values.
 878:board/stm32f401rct6/Drivers/STM32F4xx_HAL_Driver/Src/stm32f4xx_hal_rcc_ex.c ****   *
 879:board/stm32f401rct6/Drivers/STM32F4xx_HAL_Driver/Src/stm32f4xx_hal_rcc_ex.c ****   * @retval HAL status
 880:board/stm32f401rct6/Drivers/STM32F4xx_HAL_Driver/Src/stm32f4xx_hal_rcc_ex.c ****   */
 881:board/stm32f401rct6/Drivers/STM32F4xx_HAL_Driver/Src/stm32f4xx_hal_rcc_ex.c **** HAL_StatusTypeDef HAL_RCCEx_PeriphCLKConfig(RCC_PeriphCLKInitTypeDef  *PeriphClkInit)
 882:board/stm32f401rct6/Drivers/STM32F4xx_HAL_Driver/Src/stm32f4xx_hal_rcc_ex.c **** {
 883:board/stm32f401rct6/Drivers/STM32F4xx_HAL_Driver/Src/stm32f4xx_hal_rcc_ex.c ****   uint32_t tickstart = 0U;
 884:board/stm32f401rct6/Drivers/STM32F4xx_HAL_Driver/Src/stm32f4xx_hal_rcc_ex.c ****   uint32_t tmpreg1 = 0U;
ARM GAS  C:\Users\Admin\AppData\Local\Temp\ccCVg1CA.s 			page 17


 885:board/stm32f401rct6/Drivers/STM32F4xx_HAL_Driver/Src/stm32f4xx_hal_rcc_ex.c ****   uint32_t pllsaip = 0U;
 886:board/stm32f401rct6/Drivers/STM32F4xx_HAL_Driver/Src/stm32f4xx_hal_rcc_ex.c ****   uint32_t pllsaiq = 0U;
 887:board/stm32f401rct6/Drivers/STM32F4xx_HAL_Driver/Src/stm32f4xx_hal_rcc_ex.c ****   uint32_t pllsair = 0U;
 888:board/stm32f401rct6/Drivers/STM32F4xx_HAL_Driver/Src/stm32f4xx_hal_rcc_ex.c **** 
 889:board/stm32f401rct6/Drivers/STM32F4xx_HAL_Driver/Src/stm32f4xx_hal_rcc_ex.c ****   /* Check the parameters */
 890:board/stm32f401rct6/Drivers/STM32F4xx_HAL_Driver/Src/stm32f4xx_hal_rcc_ex.c ****   assert_param(IS_RCC_PERIPHCLOCK(PeriphClkInit->PeriphClockSelection));
 891:board/stm32f401rct6/Drivers/STM32F4xx_HAL_Driver/Src/stm32f4xx_hal_rcc_ex.c **** 
 892:board/stm32f401rct6/Drivers/STM32F4xx_HAL_Driver/Src/stm32f4xx_hal_rcc_ex.c ****   /*--------------------------- CLK48 Configuration --------------------------*/
 893:board/stm32f401rct6/Drivers/STM32F4xx_HAL_Driver/Src/stm32f4xx_hal_rcc_ex.c ****   if (((PeriphClkInit->PeriphClockSelection) & RCC_PERIPHCLK_CLK48) == RCC_PERIPHCLK_CLK48)
 894:board/stm32f401rct6/Drivers/STM32F4xx_HAL_Driver/Src/stm32f4xx_hal_rcc_ex.c ****   {
 895:board/stm32f401rct6/Drivers/STM32F4xx_HAL_Driver/Src/stm32f4xx_hal_rcc_ex.c ****     /* Check the parameters */
 896:board/stm32f401rct6/Drivers/STM32F4xx_HAL_Driver/Src/stm32f4xx_hal_rcc_ex.c ****     assert_param(IS_RCC_CLK48CLKSOURCE(PeriphClkInit->Clk48ClockSelection));
 897:board/stm32f401rct6/Drivers/STM32F4xx_HAL_Driver/Src/stm32f4xx_hal_rcc_ex.c **** 
 898:board/stm32f401rct6/Drivers/STM32F4xx_HAL_Driver/Src/stm32f4xx_hal_rcc_ex.c ****     /* Configure the CLK48 clock source */
 899:board/stm32f401rct6/Drivers/STM32F4xx_HAL_Driver/Src/stm32f4xx_hal_rcc_ex.c ****     __HAL_RCC_CLK48_CONFIG(PeriphClkInit->Clk48ClockSelection);
 900:board/stm32f401rct6/Drivers/STM32F4xx_HAL_Driver/Src/stm32f4xx_hal_rcc_ex.c ****   }
 901:board/stm32f401rct6/Drivers/STM32F4xx_HAL_Driver/Src/stm32f4xx_hal_rcc_ex.c ****   /*--------------------------------------------------------------------------*/
 902:board/stm32f401rct6/Drivers/STM32F4xx_HAL_Driver/Src/stm32f4xx_hal_rcc_ex.c **** 
 903:board/stm32f401rct6/Drivers/STM32F4xx_HAL_Driver/Src/stm32f4xx_hal_rcc_ex.c ****   /*------------------------------ SDIO Configuration ------------------------*/
 904:board/stm32f401rct6/Drivers/STM32F4xx_HAL_Driver/Src/stm32f4xx_hal_rcc_ex.c ****   if (((PeriphClkInit->PeriphClockSelection) & RCC_PERIPHCLK_SDIO) == RCC_PERIPHCLK_SDIO)
 905:board/stm32f401rct6/Drivers/STM32F4xx_HAL_Driver/Src/stm32f4xx_hal_rcc_ex.c ****   {
 906:board/stm32f401rct6/Drivers/STM32F4xx_HAL_Driver/Src/stm32f4xx_hal_rcc_ex.c ****     /* Check the parameters */
 907:board/stm32f401rct6/Drivers/STM32F4xx_HAL_Driver/Src/stm32f4xx_hal_rcc_ex.c ****     assert_param(IS_RCC_SDIOCLKSOURCE(PeriphClkInit->SdioClockSelection));
 908:board/stm32f401rct6/Drivers/STM32F4xx_HAL_Driver/Src/stm32f4xx_hal_rcc_ex.c **** 
 909:board/stm32f401rct6/Drivers/STM32F4xx_HAL_Driver/Src/stm32f4xx_hal_rcc_ex.c ****     /* Configure the SDIO clock source */
 910:board/stm32f401rct6/Drivers/STM32F4xx_HAL_Driver/Src/stm32f4xx_hal_rcc_ex.c ****     __HAL_RCC_SDIO_CONFIG(PeriphClkInit->SdioClockSelection);
 911:board/stm32f401rct6/Drivers/STM32F4xx_HAL_Driver/Src/stm32f4xx_hal_rcc_ex.c ****   }
 912:board/stm32f401rct6/Drivers/STM32F4xx_HAL_Driver/Src/stm32f4xx_hal_rcc_ex.c ****   /*--------------------------------------------------------------------------*/
 913:board/stm32f401rct6/Drivers/STM32F4xx_HAL_Driver/Src/stm32f4xx_hal_rcc_ex.c **** 
 914:board/stm32f401rct6/Drivers/STM32F4xx_HAL_Driver/Src/stm32f4xx_hal_rcc_ex.c ****   /*----------------------- SAI/I2S Configuration (PLLI2S) -------------------*/
 915:board/stm32f401rct6/Drivers/STM32F4xx_HAL_Driver/Src/stm32f4xx_hal_rcc_ex.c ****   /*------------------- Common configuration SAI/I2S -------------------------*/
 916:board/stm32f401rct6/Drivers/STM32F4xx_HAL_Driver/Src/stm32f4xx_hal_rcc_ex.c ****   /* In Case of SAI or I2S Clock Configuration through PLLI2S, PLLI2SN division
 917:board/stm32f401rct6/Drivers/STM32F4xx_HAL_Driver/Src/stm32f4xx_hal_rcc_ex.c ****      factor is common parameters for both peripherals */
 918:board/stm32f401rct6/Drivers/STM32F4xx_HAL_Driver/Src/stm32f4xx_hal_rcc_ex.c ****   if ((((PeriphClkInit->PeriphClockSelection) & RCC_PERIPHCLK_I2S) == RCC_PERIPHCLK_I2S) ||
 919:board/stm32f401rct6/Drivers/STM32F4xx_HAL_Driver/Src/stm32f4xx_hal_rcc_ex.c ****       (((PeriphClkInit->PeriphClockSelection) & RCC_PERIPHCLK_SAI_PLLI2S) == RCC_PERIPHCLK_SAI_PLLI
 920:board/stm32f401rct6/Drivers/STM32F4xx_HAL_Driver/Src/stm32f4xx_hal_rcc_ex.c ****       (((PeriphClkInit->PeriphClockSelection) & RCC_PERIPHCLK_PLLI2S) == RCC_PERIPHCLK_PLLI2S))
 921:board/stm32f401rct6/Drivers/STM32F4xx_HAL_Driver/Src/stm32f4xx_hal_rcc_ex.c ****   {
 922:board/stm32f401rct6/Drivers/STM32F4xx_HAL_Driver/Src/stm32f4xx_hal_rcc_ex.c ****     /* check for Parameters */
 923:board/stm32f401rct6/Drivers/STM32F4xx_HAL_Driver/Src/stm32f4xx_hal_rcc_ex.c ****     assert_param(IS_RCC_PLLI2SN_VALUE(PeriphClkInit->PLLI2S.PLLI2SN));
 924:board/stm32f401rct6/Drivers/STM32F4xx_HAL_Driver/Src/stm32f4xx_hal_rcc_ex.c **** 
 925:board/stm32f401rct6/Drivers/STM32F4xx_HAL_Driver/Src/stm32f4xx_hal_rcc_ex.c ****     /* Disable the PLLI2S */
 926:board/stm32f401rct6/Drivers/STM32F4xx_HAL_Driver/Src/stm32f4xx_hal_rcc_ex.c ****     __HAL_RCC_PLLI2S_DISABLE();
 927:board/stm32f401rct6/Drivers/STM32F4xx_HAL_Driver/Src/stm32f4xx_hal_rcc_ex.c ****     /* Get tick */
 928:board/stm32f401rct6/Drivers/STM32F4xx_HAL_Driver/Src/stm32f4xx_hal_rcc_ex.c ****     tickstart = HAL_GetTick();
 929:board/stm32f401rct6/Drivers/STM32F4xx_HAL_Driver/Src/stm32f4xx_hal_rcc_ex.c ****     /* Wait till PLLI2S is disabled */
 930:board/stm32f401rct6/Drivers/STM32F4xx_HAL_Driver/Src/stm32f4xx_hal_rcc_ex.c ****     while (__HAL_RCC_GET_FLAG(RCC_FLAG_PLLI2SRDY)  != RESET)
 931:board/stm32f401rct6/Drivers/STM32F4xx_HAL_Driver/Src/stm32f4xx_hal_rcc_ex.c ****     {
 932:board/stm32f401rct6/Drivers/STM32F4xx_HAL_Driver/Src/stm32f4xx_hal_rcc_ex.c ****       if ((HAL_GetTick() - tickstart) > PLLI2S_TIMEOUT_VALUE)
 933:board/stm32f401rct6/Drivers/STM32F4xx_HAL_Driver/Src/stm32f4xx_hal_rcc_ex.c ****       {
 934:board/stm32f401rct6/Drivers/STM32F4xx_HAL_Driver/Src/stm32f4xx_hal_rcc_ex.c ****         /* return in case of Timeout detected */
 935:board/stm32f401rct6/Drivers/STM32F4xx_HAL_Driver/Src/stm32f4xx_hal_rcc_ex.c ****         return HAL_TIMEOUT;
 936:board/stm32f401rct6/Drivers/STM32F4xx_HAL_Driver/Src/stm32f4xx_hal_rcc_ex.c ****       }
 937:board/stm32f401rct6/Drivers/STM32F4xx_HAL_Driver/Src/stm32f4xx_hal_rcc_ex.c ****     }
 938:board/stm32f401rct6/Drivers/STM32F4xx_HAL_Driver/Src/stm32f4xx_hal_rcc_ex.c **** 
 939:board/stm32f401rct6/Drivers/STM32F4xx_HAL_Driver/Src/stm32f4xx_hal_rcc_ex.c ****     /*---------------------- I2S configuration -------------------------------*/
 940:board/stm32f401rct6/Drivers/STM32F4xx_HAL_Driver/Src/stm32f4xx_hal_rcc_ex.c ****     /* In Case of I2S Clock Configuration through PLLI2S, PLLI2SR must be added
 941:board/stm32f401rct6/Drivers/STM32F4xx_HAL_Driver/Src/stm32f4xx_hal_rcc_ex.c ****       only for I2S configuration */
ARM GAS  C:\Users\Admin\AppData\Local\Temp\ccCVg1CA.s 			page 18


 942:board/stm32f401rct6/Drivers/STM32F4xx_HAL_Driver/Src/stm32f4xx_hal_rcc_ex.c ****     if (((PeriphClkInit->PeriphClockSelection) & RCC_PERIPHCLK_I2S) == (RCC_PERIPHCLK_I2S))
 943:board/stm32f401rct6/Drivers/STM32F4xx_HAL_Driver/Src/stm32f4xx_hal_rcc_ex.c ****     {
 944:board/stm32f401rct6/Drivers/STM32F4xx_HAL_Driver/Src/stm32f4xx_hal_rcc_ex.c ****       /* check for Parameters */
 945:board/stm32f401rct6/Drivers/STM32F4xx_HAL_Driver/Src/stm32f4xx_hal_rcc_ex.c ****       assert_param(IS_RCC_PLLI2SR_VALUE(PeriphClkInit->PLLI2S.PLLI2SR));
 946:board/stm32f401rct6/Drivers/STM32F4xx_HAL_Driver/Src/stm32f4xx_hal_rcc_ex.c ****       /* Configure the PLLI2S division factors */
 947:board/stm32f401rct6/Drivers/STM32F4xx_HAL_Driver/Src/stm32f4xx_hal_rcc_ex.c ****       /* PLLI2S_VCO = f(VCO clock) = f(PLLI2S clock input) x (PLLI2SN/PLLM) */
 948:board/stm32f401rct6/Drivers/STM32F4xx_HAL_Driver/Src/stm32f4xx_hal_rcc_ex.c ****       /* I2SCLK = f(PLLI2S clock output) = f(VCO clock) / PLLI2SR */
 949:board/stm32f401rct6/Drivers/STM32F4xx_HAL_Driver/Src/stm32f4xx_hal_rcc_ex.c ****       __HAL_RCC_PLLI2S_CONFIG(PeriphClkInit->PLLI2S.PLLI2SN, PeriphClkInit->PLLI2S.PLLI2SR);
 950:board/stm32f401rct6/Drivers/STM32F4xx_HAL_Driver/Src/stm32f4xx_hal_rcc_ex.c ****     }
 951:board/stm32f401rct6/Drivers/STM32F4xx_HAL_Driver/Src/stm32f4xx_hal_rcc_ex.c **** 
 952:board/stm32f401rct6/Drivers/STM32F4xx_HAL_Driver/Src/stm32f4xx_hal_rcc_ex.c ****     /*---------------------------- SAI configuration -------------------------*/
 953:board/stm32f401rct6/Drivers/STM32F4xx_HAL_Driver/Src/stm32f4xx_hal_rcc_ex.c ****     /* In Case of SAI Clock Configuration through PLLI2S, PLLI2SQ and PLLI2S_DIVQ must
 954:board/stm32f401rct6/Drivers/STM32F4xx_HAL_Driver/Src/stm32f4xx_hal_rcc_ex.c ****        be added only for SAI configuration */
 955:board/stm32f401rct6/Drivers/STM32F4xx_HAL_Driver/Src/stm32f4xx_hal_rcc_ex.c ****     if (((PeriphClkInit->PeriphClockSelection) & RCC_PERIPHCLK_SAI_PLLI2S) == (RCC_PERIPHCLK_SAI_PL
 956:board/stm32f401rct6/Drivers/STM32F4xx_HAL_Driver/Src/stm32f4xx_hal_rcc_ex.c ****     {
 957:board/stm32f401rct6/Drivers/STM32F4xx_HAL_Driver/Src/stm32f4xx_hal_rcc_ex.c ****       /* Check the PLLI2S division factors */
 958:board/stm32f401rct6/Drivers/STM32F4xx_HAL_Driver/Src/stm32f4xx_hal_rcc_ex.c ****       assert_param(IS_RCC_PLLI2SQ_VALUE(PeriphClkInit->PLLI2S.PLLI2SQ));
 959:board/stm32f401rct6/Drivers/STM32F4xx_HAL_Driver/Src/stm32f4xx_hal_rcc_ex.c ****       assert_param(IS_RCC_PLLI2S_DIVQ_VALUE(PeriphClkInit->PLLI2SDivQ));
 960:board/stm32f401rct6/Drivers/STM32F4xx_HAL_Driver/Src/stm32f4xx_hal_rcc_ex.c **** 
 961:board/stm32f401rct6/Drivers/STM32F4xx_HAL_Driver/Src/stm32f4xx_hal_rcc_ex.c ****       /* Read PLLI2SR value from PLLI2SCFGR register (this value is not need for SAI configuration)
 962:board/stm32f401rct6/Drivers/STM32F4xx_HAL_Driver/Src/stm32f4xx_hal_rcc_ex.c ****       tmpreg1 = ((RCC->PLLI2SCFGR & RCC_PLLI2SCFGR_PLLI2SR) >> RCC_PLLI2SCFGR_PLLI2SR_Pos);
 963:board/stm32f401rct6/Drivers/STM32F4xx_HAL_Driver/Src/stm32f4xx_hal_rcc_ex.c ****       /* Configure the PLLI2S division factors */
 964:board/stm32f401rct6/Drivers/STM32F4xx_HAL_Driver/Src/stm32f4xx_hal_rcc_ex.c ****       /* PLLI2S_VCO Input  = PLL_SOURCE/PLLM */
 965:board/stm32f401rct6/Drivers/STM32F4xx_HAL_Driver/Src/stm32f4xx_hal_rcc_ex.c ****       /* PLLI2S_VCO Output = PLLI2S_VCO Input * PLLI2SN */
 966:board/stm32f401rct6/Drivers/STM32F4xx_HAL_Driver/Src/stm32f4xx_hal_rcc_ex.c ****       /* SAI_CLK(first level) = PLLI2S_VCO Output/PLLI2SQ */
 967:board/stm32f401rct6/Drivers/STM32F4xx_HAL_Driver/Src/stm32f4xx_hal_rcc_ex.c ****       __HAL_RCC_PLLI2S_SAICLK_CONFIG(PeriphClkInit->PLLI2S.PLLI2SN, PeriphClkInit->PLLI2S.PLLI2SQ, 
 968:board/stm32f401rct6/Drivers/STM32F4xx_HAL_Driver/Src/stm32f4xx_hal_rcc_ex.c ****       /* SAI_CLK_x = SAI_CLK(first level)/PLLI2SDIVQ */
 969:board/stm32f401rct6/Drivers/STM32F4xx_HAL_Driver/Src/stm32f4xx_hal_rcc_ex.c ****       __HAL_RCC_PLLI2S_PLLSAICLKDIVQ_CONFIG(PeriphClkInit->PLLI2SDivQ);
 970:board/stm32f401rct6/Drivers/STM32F4xx_HAL_Driver/Src/stm32f4xx_hal_rcc_ex.c ****     }
 971:board/stm32f401rct6/Drivers/STM32F4xx_HAL_Driver/Src/stm32f4xx_hal_rcc_ex.c **** 
 972:board/stm32f401rct6/Drivers/STM32F4xx_HAL_Driver/Src/stm32f4xx_hal_rcc_ex.c ****     /*----------------- In Case of PLLI2S is just selected  -----------------*/
 973:board/stm32f401rct6/Drivers/STM32F4xx_HAL_Driver/Src/stm32f4xx_hal_rcc_ex.c ****     if ((PeriphClkInit->PeriphClockSelection & RCC_PERIPHCLK_PLLI2S) == RCC_PERIPHCLK_PLLI2S)
 974:board/stm32f401rct6/Drivers/STM32F4xx_HAL_Driver/Src/stm32f4xx_hal_rcc_ex.c ****     {
 975:board/stm32f401rct6/Drivers/STM32F4xx_HAL_Driver/Src/stm32f4xx_hal_rcc_ex.c ****       /* Check for Parameters */
 976:board/stm32f401rct6/Drivers/STM32F4xx_HAL_Driver/Src/stm32f4xx_hal_rcc_ex.c ****       assert_param(IS_RCC_PLLI2SQ_VALUE(PeriphClkInit->PLLI2S.PLLI2SQ));
 977:board/stm32f401rct6/Drivers/STM32F4xx_HAL_Driver/Src/stm32f4xx_hal_rcc_ex.c ****       assert_param(IS_RCC_PLLI2SR_VALUE(PeriphClkInit->PLLI2S.PLLI2SR));
 978:board/stm32f401rct6/Drivers/STM32F4xx_HAL_Driver/Src/stm32f4xx_hal_rcc_ex.c **** 
 979:board/stm32f401rct6/Drivers/STM32F4xx_HAL_Driver/Src/stm32f4xx_hal_rcc_ex.c ****       /* Configure the PLLI2S multiplication and division factors */
 980:board/stm32f401rct6/Drivers/STM32F4xx_HAL_Driver/Src/stm32f4xx_hal_rcc_ex.c ****       __HAL_RCC_PLLI2S_SAICLK_CONFIG(PeriphClkInit->PLLI2S.PLLI2SN, PeriphClkInit->PLLI2S.PLLI2SQ,
 981:board/stm32f401rct6/Drivers/STM32F4xx_HAL_Driver/Src/stm32f4xx_hal_rcc_ex.c ****                                      PeriphClkInit->PLLI2S.PLLI2SR);
 982:board/stm32f401rct6/Drivers/STM32F4xx_HAL_Driver/Src/stm32f4xx_hal_rcc_ex.c ****     }
 983:board/stm32f401rct6/Drivers/STM32F4xx_HAL_Driver/Src/stm32f4xx_hal_rcc_ex.c **** 
 984:board/stm32f401rct6/Drivers/STM32F4xx_HAL_Driver/Src/stm32f4xx_hal_rcc_ex.c ****     /* Enable the PLLI2S */
 985:board/stm32f401rct6/Drivers/STM32F4xx_HAL_Driver/Src/stm32f4xx_hal_rcc_ex.c ****     __HAL_RCC_PLLI2S_ENABLE();
 986:board/stm32f401rct6/Drivers/STM32F4xx_HAL_Driver/Src/stm32f4xx_hal_rcc_ex.c ****     /* Get tick */
 987:board/stm32f401rct6/Drivers/STM32F4xx_HAL_Driver/Src/stm32f4xx_hal_rcc_ex.c ****     tickstart = HAL_GetTick();
 988:board/stm32f401rct6/Drivers/STM32F4xx_HAL_Driver/Src/stm32f4xx_hal_rcc_ex.c ****     /* Wait till PLLI2S is ready */
 989:board/stm32f401rct6/Drivers/STM32F4xx_HAL_Driver/Src/stm32f4xx_hal_rcc_ex.c ****     while (__HAL_RCC_GET_FLAG(RCC_FLAG_PLLI2SRDY)  == RESET)
 990:board/stm32f401rct6/Drivers/STM32F4xx_HAL_Driver/Src/stm32f4xx_hal_rcc_ex.c ****     {
 991:board/stm32f401rct6/Drivers/STM32F4xx_HAL_Driver/Src/stm32f4xx_hal_rcc_ex.c ****       if ((HAL_GetTick() - tickstart) > PLLI2S_TIMEOUT_VALUE)
 992:board/stm32f401rct6/Drivers/STM32F4xx_HAL_Driver/Src/stm32f4xx_hal_rcc_ex.c ****       {
 993:board/stm32f401rct6/Drivers/STM32F4xx_HAL_Driver/Src/stm32f4xx_hal_rcc_ex.c ****         /* return in case of Timeout detected */
 994:board/stm32f401rct6/Drivers/STM32F4xx_HAL_Driver/Src/stm32f4xx_hal_rcc_ex.c ****         return HAL_TIMEOUT;
 995:board/stm32f401rct6/Drivers/STM32F4xx_HAL_Driver/Src/stm32f4xx_hal_rcc_ex.c ****       }
 996:board/stm32f401rct6/Drivers/STM32F4xx_HAL_Driver/Src/stm32f4xx_hal_rcc_ex.c ****     }
 997:board/stm32f401rct6/Drivers/STM32F4xx_HAL_Driver/Src/stm32f4xx_hal_rcc_ex.c ****   }
 998:board/stm32f401rct6/Drivers/STM32F4xx_HAL_Driver/Src/stm32f4xx_hal_rcc_ex.c ****   /*--------------------------------------------------------------------------*/
ARM GAS  C:\Users\Admin\AppData\Local\Temp\ccCVg1CA.s 			page 19


 999:board/stm32f401rct6/Drivers/STM32F4xx_HAL_Driver/Src/stm32f4xx_hal_rcc_ex.c **** 
1000:board/stm32f401rct6/Drivers/STM32F4xx_HAL_Driver/Src/stm32f4xx_hal_rcc_ex.c ****   /*----------------------- SAI/LTDC Configuration (PLLSAI) ------------------*/
1001:board/stm32f401rct6/Drivers/STM32F4xx_HAL_Driver/Src/stm32f4xx_hal_rcc_ex.c ****   /*----------------------- Common configuration SAI/LTDC --------------------*/
1002:board/stm32f401rct6/Drivers/STM32F4xx_HAL_Driver/Src/stm32f4xx_hal_rcc_ex.c ****   /* In Case of SAI, LTDC or CLK48 Clock Configuration through PLLSAI, PLLSAIN division
1003:board/stm32f401rct6/Drivers/STM32F4xx_HAL_Driver/Src/stm32f4xx_hal_rcc_ex.c ****      factor is common parameters for these peripherals */
1004:board/stm32f401rct6/Drivers/STM32F4xx_HAL_Driver/Src/stm32f4xx_hal_rcc_ex.c ****   if ((((PeriphClkInit->PeriphClockSelection) & RCC_PERIPHCLK_SAI_PLLSAI) == RCC_PERIPHCLK_SAI_PLLS
1005:board/stm32f401rct6/Drivers/STM32F4xx_HAL_Driver/Src/stm32f4xx_hal_rcc_ex.c ****       (((PeriphClkInit->PeriphClockSelection) & RCC_PERIPHCLK_LTDC) == RCC_PERIPHCLK_LTDC)         
1006:board/stm32f401rct6/Drivers/STM32F4xx_HAL_Driver/Src/stm32f4xx_hal_rcc_ex.c ****       ((((PeriphClkInit->PeriphClockSelection) & RCC_PERIPHCLK_CLK48) == RCC_PERIPHCLK_CLK48)      
1007:board/stm32f401rct6/Drivers/STM32F4xx_HAL_Driver/Src/stm32f4xx_hal_rcc_ex.c ****        (PeriphClkInit->Clk48ClockSelection == RCC_CLK48CLKSOURCE_PLLSAIP)))
1008:board/stm32f401rct6/Drivers/STM32F4xx_HAL_Driver/Src/stm32f4xx_hal_rcc_ex.c ****   {
1009:board/stm32f401rct6/Drivers/STM32F4xx_HAL_Driver/Src/stm32f4xx_hal_rcc_ex.c ****     /* Check the PLLSAI division factors */
1010:board/stm32f401rct6/Drivers/STM32F4xx_HAL_Driver/Src/stm32f4xx_hal_rcc_ex.c ****     assert_param(IS_RCC_PLLSAIN_VALUE(PeriphClkInit->PLLSAI.PLLSAIN));
1011:board/stm32f401rct6/Drivers/STM32F4xx_HAL_Driver/Src/stm32f4xx_hal_rcc_ex.c **** 
1012:board/stm32f401rct6/Drivers/STM32F4xx_HAL_Driver/Src/stm32f4xx_hal_rcc_ex.c ****     /* Disable PLLSAI Clock */
1013:board/stm32f401rct6/Drivers/STM32F4xx_HAL_Driver/Src/stm32f4xx_hal_rcc_ex.c ****     __HAL_RCC_PLLSAI_DISABLE();
1014:board/stm32f401rct6/Drivers/STM32F4xx_HAL_Driver/Src/stm32f4xx_hal_rcc_ex.c ****     /* Get tick */
1015:board/stm32f401rct6/Drivers/STM32F4xx_HAL_Driver/Src/stm32f4xx_hal_rcc_ex.c ****     tickstart = HAL_GetTick();
1016:board/stm32f401rct6/Drivers/STM32F4xx_HAL_Driver/Src/stm32f4xx_hal_rcc_ex.c ****     /* Wait till PLLSAI is disabled */
1017:board/stm32f401rct6/Drivers/STM32F4xx_HAL_Driver/Src/stm32f4xx_hal_rcc_ex.c ****     while (__HAL_RCC_PLLSAI_GET_FLAG() != RESET)
1018:board/stm32f401rct6/Drivers/STM32F4xx_HAL_Driver/Src/stm32f4xx_hal_rcc_ex.c ****     {
1019:board/stm32f401rct6/Drivers/STM32F4xx_HAL_Driver/Src/stm32f4xx_hal_rcc_ex.c ****       if ((HAL_GetTick() - tickstart) > PLLSAI_TIMEOUT_VALUE)
1020:board/stm32f401rct6/Drivers/STM32F4xx_HAL_Driver/Src/stm32f4xx_hal_rcc_ex.c ****       {
1021:board/stm32f401rct6/Drivers/STM32F4xx_HAL_Driver/Src/stm32f4xx_hal_rcc_ex.c ****         /* return in case of Timeout detected */
1022:board/stm32f401rct6/Drivers/STM32F4xx_HAL_Driver/Src/stm32f4xx_hal_rcc_ex.c ****         return HAL_TIMEOUT;
1023:board/stm32f401rct6/Drivers/STM32F4xx_HAL_Driver/Src/stm32f4xx_hal_rcc_ex.c ****       }
1024:board/stm32f401rct6/Drivers/STM32F4xx_HAL_Driver/Src/stm32f4xx_hal_rcc_ex.c ****     }
1025:board/stm32f401rct6/Drivers/STM32F4xx_HAL_Driver/Src/stm32f4xx_hal_rcc_ex.c **** 
1026:board/stm32f401rct6/Drivers/STM32F4xx_HAL_Driver/Src/stm32f4xx_hal_rcc_ex.c ****     /*---------------------------- SAI configuration -------------------------*/
1027:board/stm32f401rct6/Drivers/STM32F4xx_HAL_Driver/Src/stm32f4xx_hal_rcc_ex.c ****     /* In Case of SAI Clock Configuration through PLLSAI, PLLSAIQ and PLLSAI_DIVQ must
1028:board/stm32f401rct6/Drivers/STM32F4xx_HAL_Driver/Src/stm32f4xx_hal_rcc_ex.c ****        be added only for SAI configuration */
1029:board/stm32f401rct6/Drivers/STM32F4xx_HAL_Driver/Src/stm32f4xx_hal_rcc_ex.c ****     if (((PeriphClkInit->PeriphClockSelection) & RCC_PERIPHCLK_SAI_PLLSAI) == (RCC_PERIPHCLK_SAI_PL
1030:board/stm32f401rct6/Drivers/STM32F4xx_HAL_Driver/Src/stm32f4xx_hal_rcc_ex.c ****     {
1031:board/stm32f401rct6/Drivers/STM32F4xx_HAL_Driver/Src/stm32f4xx_hal_rcc_ex.c ****       assert_param(IS_RCC_PLLSAIQ_VALUE(PeriphClkInit->PLLSAI.PLLSAIQ));
1032:board/stm32f401rct6/Drivers/STM32F4xx_HAL_Driver/Src/stm32f4xx_hal_rcc_ex.c ****       assert_param(IS_RCC_PLLSAI_DIVQ_VALUE(PeriphClkInit->PLLSAIDivQ));
1033:board/stm32f401rct6/Drivers/STM32F4xx_HAL_Driver/Src/stm32f4xx_hal_rcc_ex.c **** 
1034:board/stm32f401rct6/Drivers/STM32F4xx_HAL_Driver/Src/stm32f4xx_hal_rcc_ex.c ****       /* Read PLLSAIP value from PLLSAICFGR register (this value is not needed for SAI configuratio
1035:board/stm32f401rct6/Drivers/STM32F4xx_HAL_Driver/Src/stm32f4xx_hal_rcc_ex.c ****       pllsaip = ((((RCC->PLLSAICFGR & RCC_PLLSAICFGR_PLLSAIP) >> RCC_PLLSAICFGR_PLLSAIP_Pos) + 1U) 
1036:board/stm32f401rct6/Drivers/STM32F4xx_HAL_Driver/Src/stm32f4xx_hal_rcc_ex.c ****       /* Read PLLSAIR value from PLLSAICFGR register (this value is not need for SAI configuration)
1037:board/stm32f401rct6/Drivers/STM32F4xx_HAL_Driver/Src/stm32f4xx_hal_rcc_ex.c ****       pllsair = ((RCC->PLLSAICFGR & RCC_PLLSAICFGR_PLLSAIR) >> RCC_PLLSAICFGR_PLLSAIR_Pos);
1038:board/stm32f401rct6/Drivers/STM32F4xx_HAL_Driver/Src/stm32f4xx_hal_rcc_ex.c ****       /* PLLSAI_VCO Input  = PLL_SOURCE/PLLM */
1039:board/stm32f401rct6/Drivers/STM32F4xx_HAL_Driver/Src/stm32f4xx_hal_rcc_ex.c ****       /* PLLSAI_VCO Output = PLLSAI_VCO Input * PLLSAIN */
1040:board/stm32f401rct6/Drivers/STM32F4xx_HAL_Driver/Src/stm32f4xx_hal_rcc_ex.c ****       /* SAI_CLK(first level) = PLLSAI_VCO Output/PLLSAIQ */
1041:board/stm32f401rct6/Drivers/STM32F4xx_HAL_Driver/Src/stm32f4xx_hal_rcc_ex.c ****       __HAL_RCC_PLLSAI_CONFIG(PeriphClkInit->PLLSAI.PLLSAIN, pllsaip, PeriphClkInit->PLLSAI.PLLSAIQ
1042:board/stm32f401rct6/Drivers/STM32F4xx_HAL_Driver/Src/stm32f4xx_hal_rcc_ex.c ****       /* SAI_CLK_x = SAI_CLK(first level)/PLLSAIDIVQ */
1043:board/stm32f401rct6/Drivers/STM32F4xx_HAL_Driver/Src/stm32f4xx_hal_rcc_ex.c ****       __HAL_RCC_PLLSAI_PLLSAICLKDIVQ_CONFIG(PeriphClkInit->PLLSAIDivQ);
1044:board/stm32f401rct6/Drivers/STM32F4xx_HAL_Driver/Src/stm32f4xx_hal_rcc_ex.c ****     }
1045:board/stm32f401rct6/Drivers/STM32F4xx_HAL_Driver/Src/stm32f4xx_hal_rcc_ex.c **** 
1046:board/stm32f401rct6/Drivers/STM32F4xx_HAL_Driver/Src/stm32f4xx_hal_rcc_ex.c ****     /*---------------------------- LTDC configuration ------------------------*/
1047:board/stm32f401rct6/Drivers/STM32F4xx_HAL_Driver/Src/stm32f4xx_hal_rcc_ex.c ****     if (((PeriphClkInit->PeriphClockSelection) & RCC_PERIPHCLK_LTDC) == (RCC_PERIPHCLK_LTDC))
1048:board/stm32f401rct6/Drivers/STM32F4xx_HAL_Driver/Src/stm32f4xx_hal_rcc_ex.c ****     {
1049:board/stm32f401rct6/Drivers/STM32F4xx_HAL_Driver/Src/stm32f4xx_hal_rcc_ex.c ****       assert_param(IS_RCC_PLLSAIR_VALUE(PeriphClkInit->PLLSAI.PLLSAIR));
1050:board/stm32f401rct6/Drivers/STM32F4xx_HAL_Driver/Src/stm32f4xx_hal_rcc_ex.c ****       assert_param(IS_RCC_PLLSAI_DIVR_VALUE(PeriphClkInit->PLLSAIDivR));
1051:board/stm32f401rct6/Drivers/STM32F4xx_HAL_Driver/Src/stm32f4xx_hal_rcc_ex.c **** 
1052:board/stm32f401rct6/Drivers/STM32F4xx_HAL_Driver/Src/stm32f4xx_hal_rcc_ex.c ****       /* Read PLLSAIP value from PLLSAICFGR register (this value is not needed for SAI configuratio
1053:board/stm32f401rct6/Drivers/STM32F4xx_HAL_Driver/Src/stm32f4xx_hal_rcc_ex.c ****       pllsaip = ((((RCC->PLLSAICFGR & RCC_PLLSAICFGR_PLLSAIP) >> RCC_PLLSAICFGR_PLLSAIP_Pos) + 1U) 
1054:board/stm32f401rct6/Drivers/STM32F4xx_HAL_Driver/Src/stm32f4xx_hal_rcc_ex.c ****       /* Read PLLSAIQ value from PLLSAICFGR register (this value is not need for SAI configuration)
1055:board/stm32f401rct6/Drivers/STM32F4xx_HAL_Driver/Src/stm32f4xx_hal_rcc_ex.c ****       pllsaiq = ((RCC->PLLSAICFGR & RCC_PLLSAICFGR_PLLSAIQ) >> RCC_PLLSAICFGR_PLLSAIQ_Pos);
ARM GAS  C:\Users\Admin\AppData\Local\Temp\ccCVg1CA.s 			page 20


1056:board/stm32f401rct6/Drivers/STM32F4xx_HAL_Driver/Src/stm32f4xx_hal_rcc_ex.c ****       /* PLLSAI_VCO Input  = PLL_SOURCE/PLLM */
1057:board/stm32f401rct6/Drivers/STM32F4xx_HAL_Driver/Src/stm32f4xx_hal_rcc_ex.c ****       /* PLLSAI_VCO Output = PLLSAI_VCO Input * PLLSAIN */
1058:board/stm32f401rct6/Drivers/STM32F4xx_HAL_Driver/Src/stm32f4xx_hal_rcc_ex.c ****       /* LTDC_CLK(first level) = PLLSAI_VCO Output/PLLSAIR */
1059:board/stm32f401rct6/Drivers/STM32F4xx_HAL_Driver/Src/stm32f4xx_hal_rcc_ex.c ****       __HAL_RCC_PLLSAI_CONFIG(PeriphClkInit->PLLSAI.PLLSAIN, pllsaip, pllsaiq, PeriphClkInit->PLLSA
1060:board/stm32f401rct6/Drivers/STM32F4xx_HAL_Driver/Src/stm32f4xx_hal_rcc_ex.c ****       /* LTDC_CLK = LTDC_CLK(first level)/PLLSAIDIVR */
1061:board/stm32f401rct6/Drivers/STM32F4xx_HAL_Driver/Src/stm32f4xx_hal_rcc_ex.c ****       __HAL_RCC_PLLSAI_PLLSAICLKDIVR_CONFIG(PeriphClkInit->PLLSAIDivR);
1062:board/stm32f401rct6/Drivers/STM32F4xx_HAL_Driver/Src/stm32f4xx_hal_rcc_ex.c ****     }
1063:board/stm32f401rct6/Drivers/STM32F4xx_HAL_Driver/Src/stm32f4xx_hal_rcc_ex.c **** 
1064:board/stm32f401rct6/Drivers/STM32F4xx_HAL_Driver/Src/stm32f4xx_hal_rcc_ex.c ****     /*---------------------------- CLK48 configuration ------------------------*/
1065:board/stm32f401rct6/Drivers/STM32F4xx_HAL_Driver/Src/stm32f4xx_hal_rcc_ex.c ****     /* Configure the PLLSAI when it is used as clock source for CLK48 */
1066:board/stm32f401rct6/Drivers/STM32F4xx_HAL_Driver/Src/stm32f4xx_hal_rcc_ex.c ****     if ((((PeriphClkInit->PeriphClockSelection) & RCC_PERIPHCLK_CLK48) == (RCC_PERIPHCLK_CLK48)) &&
1067:board/stm32f401rct6/Drivers/STM32F4xx_HAL_Driver/Src/stm32f4xx_hal_rcc_ex.c ****         (PeriphClkInit->Clk48ClockSelection == RCC_CLK48CLKSOURCE_PLLSAIP))
1068:board/stm32f401rct6/Drivers/STM32F4xx_HAL_Driver/Src/stm32f4xx_hal_rcc_ex.c ****     {
1069:board/stm32f401rct6/Drivers/STM32F4xx_HAL_Driver/Src/stm32f4xx_hal_rcc_ex.c ****       assert_param(IS_RCC_PLLSAIP_VALUE(PeriphClkInit->PLLSAI.PLLSAIP));
1070:board/stm32f401rct6/Drivers/STM32F4xx_HAL_Driver/Src/stm32f4xx_hal_rcc_ex.c **** 
1071:board/stm32f401rct6/Drivers/STM32F4xx_HAL_Driver/Src/stm32f4xx_hal_rcc_ex.c ****       /* Read PLLSAIQ value from PLLSAICFGR register (this value is not need for SAI configuration)
1072:board/stm32f401rct6/Drivers/STM32F4xx_HAL_Driver/Src/stm32f4xx_hal_rcc_ex.c ****       pllsaiq = ((RCC->PLLSAICFGR & RCC_PLLSAICFGR_PLLSAIQ) >> RCC_PLLSAICFGR_PLLSAIQ_Pos);
1073:board/stm32f401rct6/Drivers/STM32F4xx_HAL_Driver/Src/stm32f4xx_hal_rcc_ex.c ****       /* Read PLLSAIR value from PLLSAICFGR register (this value is not need for SAI configuration)
1074:board/stm32f401rct6/Drivers/STM32F4xx_HAL_Driver/Src/stm32f4xx_hal_rcc_ex.c ****       pllsair = ((RCC->PLLSAICFGR & RCC_PLLSAICFGR_PLLSAIR) >> RCC_PLLSAICFGR_PLLSAIR_Pos);
1075:board/stm32f401rct6/Drivers/STM32F4xx_HAL_Driver/Src/stm32f4xx_hal_rcc_ex.c ****       /* PLLSAI_VCO Input  = PLL_SOURCE/PLLM */
1076:board/stm32f401rct6/Drivers/STM32F4xx_HAL_Driver/Src/stm32f4xx_hal_rcc_ex.c ****       /* PLLSAI_VCO Output = PLLSAI_VCO Input * PLLSAIN */
1077:board/stm32f401rct6/Drivers/STM32F4xx_HAL_Driver/Src/stm32f4xx_hal_rcc_ex.c ****       /* CLK48_CLK(first level) = PLLSAI_VCO Output/PLLSAIP */
1078:board/stm32f401rct6/Drivers/STM32F4xx_HAL_Driver/Src/stm32f4xx_hal_rcc_ex.c ****       __HAL_RCC_PLLSAI_CONFIG(PeriphClkInit->PLLSAI.PLLSAIN, PeriphClkInit->PLLSAI.PLLSAIP, pllsaiq
1079:board/stm32f401rct6/Drivers/STM32F4xx_HAL_Driver/Src/stm32f4xx_hal_rcc_ex.c ****     }
1080:board/stm32f401rct6/Drivers/STM32F4xx_HAL_Driver/Src/stm32f4xx_hal_rcc_ex.c **** 
1081:board/stm32f401rct6/Drivers/STM32F4xx_HAL_Driver/Src/stm32f4xx_hal_rcc_ex.c ****     /* Enable PLLSAI Clock */
1082:board/stm32f401rct6/Drivers/STM32F4xx_HAL_Driver/Src/stm32f4xx_hal_rcc_ex.c ****     __HAL_RCC_PLLSAI_ENABLE();
1083:board/stm32f401rct6/Drivers/STM32F4xx_HAL_Driver/Src/stm32f4xx_hal_rcc_ex.c ****     /* Get tick */
1084:board/stm32f401rct6/Drivers/STM32F4xx_HAL_Driver/Src/stm32f4xx_hal_rcc_ex.c ****     tickstart = HAL_GetTick();
1085:board/stm32f401rct6/Drivers/STM32F4xx_HAL_Driver/Src/stm32f4xx_hal_rcc_ex.c ****     /* Wait till PLLSAI is ready */
1086:board/stm32f401rct6/Drivers/STM32F4xx_HAL_Driver/Src/stm32f4xx_hal_rcc_ex.c ****     while (__HAL_RCC_PLLSAI_GET_FLAG() == RESET)
1087:board/stm32f401rct6/Drivers/STM32F4xx_HAL_Driver/Src/stm32f4xx_hal_rcc_ex.c ****     {
1088:board/stm32f401rct6/Drivers/STM32F4xx_HAL_Driver/Src/stm32f4xx_hal_rcc_ex.c ****       if ((HAL_GetTick() - tickstart) > PLLSAI_TIMEOUT_VALUE)
1089:board/stm32f401rct6/Drivers/STM32F4xx_HAL_Driver/Src/stm32f4xx_hal_rcc_ex.c ****       {
1090:board/stm32f401rct6/Drivers/STM32F4xx_HAL_Driver/Src/stm32f4xx_hal_rcc_ex.c ****         /* return in case of Timeout detected */
1091:board/stm32f401rct6/Drivers/STM32F4xx_HAL_Driver/Src/stm32f4xx_hal_rcc_ex.c ****         return HAL_TIMEOUT;
1092:board/stm32f401rct6/Drivers/STM32F4xx_HAL_Driver/Src/stm32f4xx_hal_rcc_ex.c ****       }
1093:board/stm32f401rct6/Drivers/STM32F4xx_HAL_Driver/Src/stm32f4xx_hal_rcc_ex.c ****     }
1094:board/stm32f401rct6/Drivers/STM32F4xx_HAL_Driver/Src/stm32f4xx_hal_rcc_ex.c ****   }
1095:board/stm32f401rct6/Drivers/STM32F4xx_HAL_Driver/Src/stm32f4xx_hal_rcc_ex.c **** 
1096:board/stm32f401rct6/Drivers/STM32F4xx_HAL_Driver/Src/stm32f4xx_hal_rcc_ex.c ****   /*--------------------------------------------------------------------------*/
1097:board/stm32f401rct6/Drivers/STM32F4xx_HAL_Driver/Src/stm32f4xx_hal_rcc_ex.c **** 
1098:board/stm32f401rct6/Drivers/STM32F4xx_HAL_Driver/Src/stm32f4xx_hal_rcc_ex.c ****   /*---------------------------- RTC configuration ---------------------------*/
1099:board/stm32f401rct6/Drivers/STM32F4xx_HAL_Driver/Src/stm32f4xx_hal_rcc_ex.c ****   if (((PeriphClkInit->PeriphClockSelection) & RCC_PERIPHCLK_RTC) == (RCC_PERIPHCLK_RTC))
1100:board/stm32f401rct6/Drivers/STM32F4xx_HAL_Driver/Src/stm32f4xx_hal_rcc_ex.c ****   {
1101:board/stm32f401rct6/Drivers/STM32F4xx_HAL_Driver/Src/stm32f4xx_hal_rcc_ex.c ****     /* Check for RTC Parameters used to output RTCCLK */
1102:board/stm32f401rct6/Drivers/STM32F4xx_HAL_Driver/Src/stm32f4xx_hal_rcc_ex.c ****     assert_param(IS_RCC_RTCCLKSOURCE(PeriphClkInit->RTCClockSelection));
1103:board/stm32f401rct6/Drivers/STM32F4xx_HAL_Driver/Src/stm32f4xx_hal_rcc_ex.c **** 
1104:board/stm32f401rct6/Drivers/STM32F4xx_HAL_Driver/Src/stm32f4xx_hal_rcc_ex.c ****     /* Enable Power Clock*/
1105:board/stm32f401rct6/Drivers/STM32F4xx_HAL_Driver/Src/stm32f4xx_hal_rcc_ex.c ****     __HAL_RCC_PWR_CLK_ENABLE();
1106:board/stm32f401rct6/Drivers/STM32F4xx_HAL_Driver/Src/stm32f4xx_hal_rcc_ex.c **** 
1107:board/stm32f401rct6/Drivers/STM32F4xx_HAL_Driver/Src/stm32f4xx_hal_rcc_ex.c ****     /* Enable write access to Backup domain */
1108:board/stm32f401rct6/Drivers/STM32F4xx_HAL_Driver/Src/stm32f4xx_hal_rcc_ex.c ****     PWR->CR |= PWR_CR_DBP;
1109:board/stm32f401rct6/Drivers/STM32F4xx_HAL_Driver/Src/stm32f4xx_hal_rcc_ex.c **** 
1110:board/stm32f401rct6/Drivers/STM32F4xx_HAL_Driver/Src/stm32f4xx_hal_rcc_ex.c ****     /* Get tick */
1111:board/stm32f401rct6/Drivers/STM32F4xx_HAL_Driver/Src/stm32f4xx_hal_rcc_ex.c ****     tickstart = HAL_GetTick();
1112:board/stm32f401rct6/Drivers/STM32F4xx_HAL_Driver/Src/stm32f4xx_hal_rcc_ex.c **** 
ARM GAS  C:\Users\Admin\AppData\Local\Temp\ccCVg1CA.s 			page 21


1113:board/stm32f401rct6/Drivers/STM32F4xx_HAL_Driver/Src/stm32f4xx_hal_rcc_ex.c ****     while ((PWR->CR & PWR_CR_DBP) == RESET)
1114:board/stm32f401rct6/Drivers/STM32F4xx_HAL_Driver/Src/stm32f4xx_hal_rcc_ex.c ****     {
1115:board/stm32f401rct6/Drivers/STM32F4xx_HAL_Driver/Src/stm32f4xx_hal_rcc_ex.c ****       if ((HAL_GetTick() - tickstart) > RCC_DBP_TIMEOUT_VALUE)
1116:board/stm32f401rct6/Drivers/STM32F4xx_HAL_Driver/Src/stm32f4xx_hal_rcc_ex.c ****       {
1117:board/stm32f401rct6/Drivers/STM32F4xx_HAL_Driver/Src/stm32f4xx_hal_rcc_ex.c ****         return HAL_TIMEOUT;
1118:board/stm32f401rct6/Drivers/STM32F4xx_HAL_Driver/Src/stm32f4xx_hal_rcc_ex.c ****       }
1119:board/stm32f401rct6/Drivers/STM32F4xx_HAL_Driver/Src/stm32f4xx_hal_rcc_ex.c ****     }
1120:board/stm32f401rct6/Drivers/STM32F4xx_HAL_Driver/Src/stm32f4xx_hal_rcc_ex.c ****     /* Reset the Backup domain only if the RTC Clock source selection is modified from reset value 
1121:board/stm32f401rct6/Drivers/STM32F4xx_HAL_Driver/Src/stm32f4xx_hal_rcc_ex.c ****     tmpreg1 = (RCC->BDCR & RCC_BDCR_RTCSEL);
1122:board/stm32f401rct6/Drivers/STM32F4xx_HAL_Driver/Src/stm32f4xx_hal_rcc_ex.c ****     if ((tmpreg1 != 0x00000000U) && ((tmpreg1) != (PeriphClkInit->RTCClockSelection & RCC_BDCR_RTCS
1123:board/stm32f401rct6/Drivers/STM32F4xx_HAL_Driver/Src/stm32f4xx_hal_rcc_ex.c ****     {
1124:board/stm32f401rct6/Drivers/STM32F4xx_HAL_Driver/Src/stm32f4xx_hal_rcc_ex.c ****       /* Store the content of BDCR register before the reset of Backup Domain */
1125:board/stm32f401rct6/Drivers/STM32F4xx_HAL_Driver/Src/stm32f4xx_hal_rcc_ex.c ****       tmpreg1 = (RCC->BDCR & ~(RCC_BDCR_RTCSEL));
1126:board/stm32f401rct6/Drivers/STM32F4xx_HAL_Driver/Src/stm32f4xx_hal_rcc_ex.c ****       /* RTC Clock selection can be changed only if the Backup Domain is reset */
1127:board/stm32f401rct6/Drivers/STM32F4xx_HAL_Driver/Src/stm32f4xx_hal_rcc_ex.c ****       __HAL_RCC_BACKUPRESET_FORCE();
1128:board/stm32f401rct6/Drivers/STM32F4xx_HAL_Driver/Src/stm32f4xx_hal_rcc_ex.c ****       __HAL_RCC_BACKUPRESET_RELEASE();
1129:board/stm32f401rct6/Drivers/STM32F4xx_HAL_Driver/Src/stm32f4xx_hal_rcc_ex.c ****       /* Restore the Content of BDCR register */
1130:board/stm32f401rct6/Drivers/STM32F4xx_HAL_Driver/Src/stm32f4xx_hal_rcc_ex.c ****       RCC->BDCR = tmpreg1;
1131:board/stm32f401rct6/Drivers/STM32F4xx_HAL_Driver/Src/stm32f4xx_hal_rcc_ex.c **** 
1132:board/stm32f401rct6/Drivers/STM32F4xx_HAL_Driver/Src/stm32f4xx_hal_rcc_ex.c ****       /* Wait for LSE reactivation if LSE was enable prior to Backup Domain reset */
1133:board/stm32f401rct6/Drivers/STM32F4xx_HAL_Driver/Src/stm32f4xx_hal_rcc_ex.c ****       if (HAL_IS_BIT_SET(RCC->BDCR, RCC_BDCR_LSEON))
1134:board/stm32f401rct6/Drivers/STM32F4xx_HAL_Driver/Src/stm32f4xx_hal_rcc_ex.c ****       {
1135:board/stm32f401rct6/Drivers/STM32F4xx_HAL_Driver/Src/stm32f4xx_hal_rcc_ex.c ****         /* Get tick */
1136:board/stm32f401rct6/Drivers/STM32F4xx_HAL_Driver/Src/stm32f4xx_hal_rcc_ex.c ****         tickstart = HAL_GetTick();
1137:board/stm32f401rct6/Drivers/STM32F4xx_HAL_Driver/Src/stm32f4xx_hal_rcc_ex.c **** 
1138:board/stm32f401rct6/Drivers/STM32F4xx_HAL_Driver/Src/stm32f4xx_hal_rcc_ex.c ****         /* Wait till LSE is ready */
1139:board/stm32f401rct6/Drivers/STM32F4xx_HAL_Driver/Src/stm32f4xx_hal_rcc_ex.c ****         while (__HAL_RCC_GET_FLAG(RCC_FLAG_LSERDY) == RESET)
1140:board/stm32f401rct6/Drivers/STM32F4xx_HAL_Driver/Src/stm32f4xx_hal_rcc_ex.c ****         {
1141:board/stm32f401rct6/Drivers/STM32F4xx_HAL_Driver/Src/stm32f4xx_hal_rcc_ex.c ****           if ((HAL_GetTick() - tickstart) > RCC_LSE_TIMEOUT_VALUE)
1142:board/stm32f401rct6/Drivers/STM32F4xx_HAL_Driver/Src/stm32f4xx_hal_rcc_ex.c ****           {
1143:board/stm32f401rct6/Drivers/STM32F4xx_HAL_Driver/Src/stm32f4xx_hal_rcc_ex.c ****             return HAL_TIMEOUT;
1144:board/stm32f401rct6/Drivers/STM32F4xx_HAL_Driver/Src/stm32f4xx_hal_rcc_ex.c ****           }
1145:board/stm32f401rct6/Drivers/STM32F4xx_HAL_Driver/Src/stm32f4xx_hal_rcc_ex.c ****         }
1146:board/stm32f401rct6/Drivers/STM32F4xx_HAL_Driver/Src/stm32f4xx_hal_rcc_ex.c ****       }
1147:board/stm32f401rct6/Drivers/STM32F4xx_HAL_Driver/Src/stm32f4xx_hal_rcc_ex.c ****     }
1148:board/stm32f401rct6/Drivers/STM32F4xx_HAL_Driver/Src/stm32f4xx_hal_rcc_ex.c ****     __HAL_RCC_RTC_CONFIG(PeriphClkInit->RTCClockSelection);
1149:board/stm32f401rct6/Drivers/STM32F4xx_HAL_Driver/Src/stm32f4xx_hal_rcc_ex.c ****   }
1150:board/stm32f401rct6/Drivers/STM32F4xx_HAL_Driver/Src/stm32f4xx_hal_rcc_ex.c ****   /*--------------------------------------------------------------------------*/
1151:board/stm32f401rct6/Drivers/STM32F4xx_HAL_Driver/Src/stm32f4xx_hal_rcc_ex.c **** 
1152:board/stm32f401rct6/Drivers/STM32F4xx_HAL_Driver/Src/stm32f4xx_hal_rcc_ex.c ****   /*---------------------------- TIM configuration ---------------------------*/
1153:board/stm32f401rct6/Drivers/STM32F4xx_HAL_Driver/Src/stm32f4xx_hal_rcc_ex.c ****   if (((PeriphClkInit->PeriphClockSelection) & RCC_PERIPHCLK_TIM) == (RCC_PERIPHCLK_TIM))
1154:board/stm32f401rct6/Drivers/STM32F4xx_HAL_Driver/Src/stm32f4xx_hal_rcc_ex.c ****   {
1155:board/stm32f401rct6/Drivers/STM32F4xx_HAL_Driver/Src/stm32f4xx_hal_rcc_ex.c ****     __HAL_RCC_TIMCLKPRESCALER(PeriphClkInit->TIMPresSelection);
1156:board/stm32f401rct6/Drivers/STM32F4xx_HAL_Driver/Src/stm32f4xx_hal_rcc_ex.c ****   }
1157:board/stm32f401rct6/Drivers/STM32F4xx_HAL_Driver/Src/stm32f4xx_hal_rcc_ex.c ****   return HAL_OK;
1158:board/stm32f401rct6/Drivers/STM32F4xx_HAL_Driver/Src/stm32f4xx_hal_rcc_ex.c **** }
1159:board/stm32f401rct6/Drivers/STM32F4xx_HAL_Driver/Src/stm32f4xx_hal_rcc_ex.c **** 
1160:board/stm32f401rct6/Drivers/STM32F4xx_HAL_Driver/Src/stm32f4xx_hal_rcc_ex.c **** /**
1161:board/stm32f401rct6/Drivers/STM32F4xx_HAL_Driver/Src/stm32f4xx_hal_rcc_ex.c ****   * @brief  Configures the RCC_PeriphCLKInitTypeDef according to the internal
1162:board/stm32f401rct6/Drivers/STM32F4xx_HAL_Driver/Src/stm32f4xx_hal_rcc_ex.c ****   * RCC configuration registers.
1163:board/stm32f401rct6/Drivers/STM32F4xx_HAL_Driver/Src/stm32f4xx_hal_rcc_ex.c ****   * @param  PeriphClkInit pointer to an RCC_PeriphCLKInitTypeDef structure that
1164:board/stm32f401rct6/Drivers/STM32F4xx_HAL_Driver/Src/stm32f4xx_hal_rcc_ex.c ****   *         will be configured.
1165:board/stm32f401rct6/Drivers/STM32F4xx_HAL_Driver/Src/stm32f4xx_hal_rcc_ex.c ****   * @retval None
1166:board/stm32f401rct6/Drivers/STM32F4xx_HAL_Driver/Src/stm32f4xx_hal_rcc_ex.c ****   */
1167:board/stm32f401rct6/Drivers/STM32F4xx_HAL_Driver/Src/stm32f4xx_hal_rcc_ex.c **** void HAL_RCCEx_GetPeriphCLKConfig(RCC_PeriphCLKInitTypeDef  *PeriphClkInit)
1168:board/stm32f401rct6/Drivers/STM32F4xx_HAL_Driver/Src/stm32f4xx_hal_rcc_ex.c **** {
1169:board/stm32f401rct6/Drivers/STM32F4xx_HAL_Driver/Src/stm32f4xx_hal_rcc_ex.c ****   uint32_t tempreg;
ARM GAS  C:\Users\Admin\AppData\Local\Temp\ccCVg1CA.s 			page 22


1170:board/stm32f401rct6/Drivers/STM32F4xx_HAL_Driver/Src/stm32f4xx_hal_rcc_ex.c **** 
1171:board/stm32f401rct6/Drivers/STM32F4xx_HAL_Driver/Src/stm32f4xx_hal_rcc_ex.c ****   /* Set all possible values for the extended clock type parameter------------*/
1172:board/stm32f401rct6/Drivers/STM32F4xx_HAL_Driver/Src/stm32f4xx_hal_rcc_ex.c ****   PeriphClkInit->PeriphClockSelection = RCC_PERIPHCLK_I2S        | RCC_PERIPHCLK_SAI_PLLSAI | \
1173:board/stm32f401rct6/Drivers/STM32F4xx_HAL_Driver/Src/stm32f4xx_hal_rcc_ex.c ****                                         RCC_PERIPHCLK_SAI_PLLI2S | RCC_PERIPHCLK_LTDC       | \
1174:board/stm32f401rct6/Drivers/STM32F4xx_HAL_Driver/Src/stm32f4xx_hal_rcc_ex.c ****                                         RCC_PERIPHCLK_TIM        | RCC_PERIPHCLK_RTC        | \
1175:board/stm32f401rct6/Drivers/STM32F4xx_HAL_Driver/Src/stm32f4xx_hal_rcc_ex.c ****                                         RCC_PERIPHCLK_CLK48       | RCC_PERIPHCLK_SDIO;
1176:board/stm32f401rct6/Drivers/STM32F4xx_HAL_Driver/Src/stm32f4xx_hal_rcc_ex.c **** 
1177:board/stm32f401rct6/Drivers/STM32F4xx_HAL_Driver/Src/stm32f4xx_hal_rcc_ex.c ****   /* Get the PLLI2S Clock configuration --------------------------------------*/
1178:board/stm32f401rct6/Drivers/STM32F4xx_HAL_Driver/Src/stm32f4xx_hal_rcc_ex.c ****   PeriphClkInit->PLLI2S.PLLI2SN = (uint32_t)((RCC->PLLI2SCFGR & RCC_PLLI2SCFGR_PLLI2SN) >> RCC_PLLI
1179:board/stm32f401rct6/Drivers/STM32F4xx_HAL_Driver/Src/stm32f4xx_hal_rcc_ex.c ****   PeriphClkInit->PLLI2S.PLLI2SR = (uint32_t)((RCC->PLLI2SCFGR & RCC_PLLI2SCFGR_PLLI2SR) >> RCC_PLLI
1180:board/stm32f401rct6/Drivers/STM32F4xx_HAL_Driver/Src/stm32f4xx_hal_rcc_ex.c ****   PeriphClkInit->PLLI2S.PLLI2SQ = (uint32_t)((RCC->PLLI2SCFGR & RCC_PLLI2SCFGR_PLLI2SQ) >> RCC_PLLI
1181:board/stm32f401rct6/Drivers/STM32F4xx_HAL_Driver/Src/stm32f4xx_hal_rcc_ex.c ****   /* Get the PLLSAI Clock configuration --------------------------------------*/
1182:board/stm32f401rct6/Drivers/STM32F4xx_HAL_Driver/Src/stm32f4xx_hal_rcc_ex.c ****   PeriphClkInit->PLLSAI.PLLSAIN = (uint32_t)((RCC->PLLSAICFGR & RCC_PLLSAICFGR_PLLSAIN) >> RCC_PLLS
1183:board/stm32f401rct6/Drivers/STM32F4xx_HAL_Driver/Src/stm32f4xx_hal_rcc_ex.c ****   PeriphClkInit->PLLSAI.PLLSAIR = (uint32_t)((RCC->PLLSAICFGR & RCC_PLLSAICFGR_PLLSAIR) >> RCC_PLLS
1184:board/stm32f401rct6/Drivers/STM32F4xx_HAL_Driver/Src/stm32f4xx_hal_rcc_ex.c ****   PeriphClkInit->PLLSAI.PLLSAIQ = (uint32_t)((RCC->PLLSAICFGR & RCC_PLLSAICFGR_PLLSAIQ) >> RCC_PLLS
1185:board/stm32f401rct6/Drivers/STM32F4xx_HAL_Driver/Src/stm32f4xx_hal_rcc_ex.c ****   /* Get the PLLSAI/PLLI2S division factors ----------------------------------*/
1186:board/stm32f401rct6/Drivers/STM32F4xx_HAL_Driver/Src/stm32f4xx_hal_rcc_ex.c ****   PeriphClkInit->PLLI2SDivQ = (uint32_t)((RCC->DCKCFGR & RCC_DCKCFGR_PLLI2SDIVQ) >> RCC_DCKCFGR_PLL
1187:board/stm32f401rct6/Drivers/STM32F4xx_HAL_Driver/Src/stm32f4xx_hal_rcc_ex.c ****   PeriphClkInit->PLLSAIDivQ = (uint32_t)((RCC->DCKCFGR & RCC_DCKCFGR_PLLSAIDIVQ) >> RCC_DCKCFGR_PLL
1188:board/stm32f401rct6/Drivers/STM32F4xx_HAL_Driver/Src/stm32f4xx_hal_rcc_ex.c ****   PeriphClkInit->PLLSAIDivR = (uint32_t)(RCC->DCKCFGR & RCC_DCKCFGR_PLLSAIDIVR);
1189:board/stm32f401rct6/Drivers/STM32F4xx_HAL_Driver/Src/stm32f4xx_hal_rcc_ex.c ****   /* Get the RTC Clock configuration -----------------------------------------*/
1190:board/stm32f401rct6/Drivers/STM32F4xx_HAL_Driver/Src/stm32f4xx_hal_rcc_ex.c ****   tempreg = (RCC->CFGR & RCC_CFGR_RTCPRE);
1191:board/stm32f401rct6/Drivers/STM32F4xx_HAL_Driver/Src/stm32f4xx_hal_rcc_ex.c ****   PeriphClkInit->RTCClockSelection = (uint32_t)((tempreg) | (RCC->BDCR & RCC_BDCR_RTCSEL));
1192:board/stm32f401rct6/Drivers/STM32F4xx_HAL_Driver/Src/stm32f4xx_hal_rcc_ex.c **** 
1193:board/stm32f401rct6/Drivers/STM32F4xx_HAL_Driver/Src/stm32f4xx_hal_rcc_ex.c ****   /* Get the CLK48 clock configuration -------------------------------------*/
1194:board/stm32f401rct6/Drivers/STM32F4xx_HAL_Driver/Src/stm32f4xx_hal_rcc_ex.c ****   PeriphClkInit->Clk48ClockSelection = __HAL_RCC_GET_CLK48_SOURCE();
1195:board/stm32f401rct6/Drivers/STM32F4xx_HAL_Driver/Src/stm32f4xx_hal_rcc_ex.c **** 
1196:board/stm32f401rct6/Drivers/STM32F4xx_HAL_Driver/Src/stm32f4xx_hal_rcc_ex.c ****   /* Get the SDIO clock configuration ----------------------------------------*/
1197:board/stm32f401rct6/Drivers/STM32F4xx_HAL_Driver/Src/stm32f4xx_hal_rcc_ex.c ****   PeriphClkInit->SdioClockSelection = __HAL_RCC_GET_SDIO_SOURCE();
1198:board/stm32f401rct6/Drivers/STM32F4xx_HAL_Driver/Src/stm32f4xx_hal_rcc_ex.c **** 
1199:board/stm32f401rct6/Drivers/STM32F4xx_HAL_Driver/Src/stm32f4xx_hal_rcc_ex.c ****   if ((RCC->DCKCFGR & RCC_DCKCFGR_TIMPRE) == RESET)
1200:board/stm32f401rct6/Drivers/STM32F4xx_HAL_Driver/Src/stm32f4xx_hal_rcc_ex.c ****   {
1201:board/stm32f401rct6/Drivers/STM32F4xx_HAL_Driver/Src/stm32f4xx_hal_rcc_ex.c ****     PeriphClkInit->TIMPresSelection = RCC_TIMPRES_DESACTIVATED;
1202:board/stm32f401rct6/Drivers/STM32F4xx_HAL_Driver/Src/stm32f4xx_hal_rcc_ex.c ****   }
1203:board/stm32f401rct6/Drivers/STM32F4xx_HAL_Driver/Src/stm32f4xx_hal_rcc_ex.c ****   else
1204:board/stm32f401rct6/Drivers/STM32F4xx_HAL_Driver/Src/stm32f4xx_hal_rcc_ex.c ****   {
1205:board/stm32f401rct6/Drivers/STM32F4xx_HAL_Driver/Src/stm32f4xx_hal_rcc_ex.c ****     PeriphClkInit->TIMPresSelection = RCC_TIMPRES_ACTIVATED;
1206:board/stm32f401rct6/Drivers/STM32F4xx_HAL_Driver/Src/stm32f4xx_hal_rcc_ex.c ****   }
1207:board/stm32f401rct6/Drivers/STM32F4xx_HAL_Driver/Src/stm32f4xx_hal_rcc_ex.c **** }
1208:board/stm32f401rct6/Drivers/STM32F4xx_HAL_Driver/Src/stm32f4xx_hal_rcc_ex.c **** 
1209:board/stm32f401rct6/Drivers/STM32F4xx_HAL_Driver/Src/stm32f4xx_hal_rcc_ex.c **** /**
1210:board/stm32f401rct6/Drivers/STM32F4xx_HAL_Driver/Src/stm32f4xx_hal_rcc_ex.c ****   * @brief  Return the peripheral clock frequency for a given peripheral(SAI..)
1211:board/stm32f401rct6/Drivers/STM32F4xx_HAL_Driver/Src/stm32f4xx_hal_rcc_ex.c ****   * @note   Return 0 if peripheral clock identifier not managed by this API
1212:board/stm32f401rct6/Drivers/STM32F4xx_HAL_Driver/Src/stm32f4xx_hal_rcc_ex.c ****   * @param  PeriphClk Peripheral clock identifier
1213:board/stm32f401rct6/Drivers/STM32F4xx_HAL_Driver/Src/stm32f4xx_hal_rcc_ex.c ****   *         This parameter can be one of the following values:
1214:board/stm32f401rct6/Drivers/STM32F4xx_HAL_Driver/Src/stm32f4xx_hal_rcc_ex.c ****   *            @arg RCC_PERIPHCLK_I2S: I2S peripheral clock
1215:board/stm32f401rct6/Drivers/STM32F4xx_HAL_Driver/Src/stm32f4xx_hal_rcc_ex.c ****   * @retval Frequency in KHz
1216:board/stm32f401rct6/Drivers/STM32F4xx_HAL_Driver/Src/stm32f4xx_hal_rcc_ex.c ****   */
1217:board/stm32f401rct6/Drivers/STM32F4xx_HAL_Driver/Src/stm32f4xx_hal_rcc_ex.c **** uint32_t HAL_RCCEx_GetPeriphCLKFreq(uint32_t PeriphClk)
1218:board/stm32f401rct6/Drivers/STM32F4xx_HAL_Driver/Src/stm32f4xx_hal_rcc_ex.c **** {
1219:board/stm32f401rct6/Drivers/STM32F4xx_HAL_Driver/Src/stm32f4xx_hal_rcc_ex.c ****   /* This variable used to store the I2S clock frequency (value in Hz) */
1220:board/stm32f401rct6/Drivers/STM32F4xx_HAL_Driver/Src/stm32f4xx_hal_rcc_ex.c ****   uint32_t frequency = 0U;
1221:board/stm32f401rct6/Drivers/STM32F4xx_HAL_Driver/Src/stm32f4xx_hal_rcc_ex.c ****   /* This variable used to store the VCO Input (value in Hz) */
1222:board/stm32f401rct6/Drivers/STM32F4xx_HAL_Driver/Src/stm32f4xx_hal_rcc_ex.c ****   uint32_t vcoinput = 0U;
1223:board/stm32f401rct6/Drivers/STM32F4xx_HAL_Driver/Src/stm32f4xx_hal_rcc_ex.c ****   uint32_t srcclk = 0U;
1224:board/stm32f401rct6/Drivers/STM32F4xx_HAL_Driver/Src/stm32f4xx_hal_rcc_ex.c ****   /* This variable used to store the VCO Output (value in Hz) */
1225:board/stm32f401rct6/Drivers/STM32F4xx_HAL_Driver/Src/stm32f4xx_hal_rcc_ex.c ****   uint32_t vcooutput = 0U;
1226:board/stm32f401rct6/Drivers/STM32F4xx_HAL_Driver/Src/stm32f4xx_hal_rcc_ex.c ****   switch (PeriphClk)
ARM GAS  C:\Users\Admin\AppData\Local\Temp\ccCVg1CA.s 			page 23


1227:board/stm32f401rct6/Drivers/STM32F4xx_HAL_Driver/Src/stm32f4xx_hal_rcc_ex.c ****   {
1228:board/stm32f401rct6/Drivers/STM32F4xx_HAL_Driver/Src/stm32f4xx_hal_rcc_ex.c ****     case RCC_PERIPHCLK_I2S:
1229:board/stm32f401rct6/Drivers/STM32F4xx_HAL_Driver/Src/stm32f4xx_hal_rcc_ex.c ****     {
1230:board/stm32f401rct6/Drivers/STM32F4xx_HAL_Driver/Src/stm32f4xx_hal_rcc_ex.c ****       /* Get the current I2S source */
1231:board/stm32f401rct6/Drivers/STM32F4xx_HAL_Driver/Src/stm32f4xx_hal_rcc_ex.c ****       srcclk = __HAL_RCC_GET_I2S_SOURCE();
1232:board/stm32f401rct6/Drivers/STM32F4xx_HAL_Driver/Src/stm32f4xx_hal_rcc_ex.c ****       switch (srcclk)
1233:board/stm32f401rct6/Drivers/STM32F4xx_HAL_Driver/Src/stm32f4xx_hal_rcc_ex.c ****       {
1234:board/stm32f401rct6/Drivers/STM32F4xx_HAL_Driver/Src/stm32f4xx_hal_rcc_ex.c ****         /* Check if I2S clock selection is External clock mapped on the I2S_CKIN pin used as I2S cl
1235:board/stm32f401rct6/Drivers/STM32F4xx_HAL_Driver/Src/stm32f4xx_hal_rcc_ex.c ****         case RCC_I2SCLKSOURCE_EXT:
1236:board/stm32f401rct6/Drivers/STM32F4xx_HAL_Driver/Src/stm32f4xx_hal_rcc_ex.c ****         {
1237:board/stm32f401rct6/Drivers/STM32F4xx_HAL_Driver/Src/stm32f4xx_hal_rcc_ex.c ****           /* Set the I2S clock to the external clock  value */
1238:board/stm32f401rct6/Drivers/STM32F4xx_HAL_Driver/Src/stm32f4xx_hal_rcc_ex.c ****           frequency = EXTERNAL_CLOCK_VALUE;
1239:board/stm32f401rct6/Drivers/STM32F4xx_HAL_Driver/Src/stm32f4xx_hal_rcc_ex.c ****           break;
1240:board/stm32f401rct6/Drivers/STM32F4xx_HAL_Driver/Src/stm32f4xx_hal_rcc_ex.c ****         }
1241:board/stm32f401rct6/Drivers/STM32F4xx_HAL_Driver/Src/stm32f4xx_hal_rcc_ex.c ****         /* Check if I2S clock selection is PLLI2S VCO output clock divided by PLLI2SR used as I2S c
1242:board/stm32f401rct6/Drivers/STM32F4xx_HAL_Driver/Src/stm32f4xx_hal_rcc_ex.c ****         case RCC_I2SCLKSOURCE_PLLI2S:
1243:board/stm32f401rct6/Drivers/STM32F4xx_HAL_Driver/Src/stm32f4xx_hal_rcc_ex.c ****         {
1244:board/stm32f401rct6/Drivers/STM32F4xx_HAL_Driver/Src/stm32f4xx_hal_rcc_ex.c ****           /* Configure the PLLI2S division factor */
1245:board/stm32f401rct6/Drivers/STM32F4xx_HAL_Driver/Src/stm32f4xx_hal_rcc_ex.c ****           /* PLLI2S_VCO Input  = PLL_SOURCE/PLLI2SM */
1246:board/stm32f401rct6/Drivers/STM32F4xx_HAL_Driver/Src/stm32f4xx_hal_rcc_ex.c ****           if ((RCC->PLLCFGR & RCC_PLLCFGR_PLLSRC) == RCC_PLLSOURCE_HSE)
1247:board/stm32f401rct6/Drivers/STM32F4xx_HAL_Driver/Src/stm32f4xx_hal_rcc_ex.c ****           {
1248:board/stm32f401rct6/Drivers/STM32F4xx_HAL_Driver/Src/stm32f4xx_hal_rcc_ex.c ****             /* Get the I2S source clock value */
1249:board/stm32f401rct6/Drivers/STM32F4xx_HAL_Driver/Src/stm32f4xx_hal_rcc_ex.c ****             vcoinput = (uint32_t)(HSE_VALUE / (uint32_t)(RCC->PLLCFGR & RCC_PLLCFGR_PLLM));
1250:board/stm32f401rct6/Drivers/STM32F4xx_HAL_Driver/Src/stm32f4xx_hal_rcc_ex.c ****           }
1251:board/stm32f401rct6/Drivers/STM32F4xx_HAL_Driver/Src/stm32f4xx_hal_rcc_ex.c ****           else
1252:board/stm32f401rct6/Drivers/STM32F4xx_HAL_Driver/Src/stm32f4xx_hal_rcc_ex.c ****           {
1253:board/stm32f401rct6/Drivers/STM32F4xx_HAL_Driver/Src/stm32f4xx_hal_rcc_ex.c ****             /* Get the I2S source clock value */
1254:board/stm32f401rct6/Drivers/STM32F4xx_HAL_Driver/Src/stm32f4xx_hal_rcc_ex.c ****             vcoinput = (uint32_t)(HSI_VALUE / (uint32_t)(RCC->PLLCFGR & RCC_PLLCFGR_PLLM));
1255:board/stm32f401rct6/Drivers/STM32F4xx_HAL_Driver/Src/stm32f4xx_hal_rcc_ex.c ****           }
1256:board/stm32f401rct6/Drivers/STM32F4xx_HAL_Driver/Src/stm32f4xx_hal_rcc_ex.c **** 
1257:board/stm32f401rct6/Drivers/STM32F4xx_HAL_Driver/Src/stm32f4xx_hal_rcc_ex.c ****           /* PLLI2S_VCO Output = PLLI2S_VCO Input * PLLI2SN */
1258:board/stm32f401rct6/Drivers/STM32F4xx_HAL_Driver/Src/stm32f4xx_hal_rcc_ex.c ****           vcooutput = (uint32_t)(vcoinput * (((RCC->PLLI2SCFGR & RCC_PLLI2SCFGR_PLLI2SN) >> 6U) & (
1259:board/stm32f401rct6/Drivers/STM32F4xx_HAL_Driver/Src/stm32f4xx_hal_rcc_ex.c ****           /* I2S_CLK = PLLI2S_VCO Output/PLLI2SR */
1260:board/stm32f401rct6/Drivers/STM32F4xx_HAL_Driver/Src/stm32f4xx_hal_rcc_ex.c ****           frequency = (uint32_t)(vcooutput / (((RCC->PLLI2SCFGR & RCC_PLLI2SCFGR_PLLI2SR) >> 28U) &
1261:board/stm32f401rct6/Drivers/STM32F4xx_HAL_Driver/Src/stm32f4xx_hal_rcc_ex.c ****           break;
1262:board/stm32f401rct6/Drivers/STM32F4xx_HAL_Driver/Src/stm32f4xx_hal_rcc_ex.c ****         }
1263:board/stm32f401rct6/Drivers/STM32F4xx_HAL_Driver/Src/stm32f4xx_hal_rcc_ex.c ****         /* Clock not enabled for I2S*/
1264:board/stm32f401rct6/Drivers/STM32F4xx_HAL_Driver/Src/stm32f4xx_hal_rcc_ex.c ****         default:
1265:board/stm32f401rct6/Drivers/STM32F4xx_HAL_Driver/Src/stm32f4xx_hal_rcc_ex.c ****         {
1266:board/stm32f401rct6/Drivers/STM32F4xx_HAL_Driver/Src/stm32f4xx_hal_rcc_ex.c ****           frequency = 0U;
1267:board/stm32f401rct6/Drivers/STM32F4xx_HAL_Driver/Src/stm32f4xx_hal_rcc_ex.c ****           break;
1268:board/stm32f401rct6/Drivers/STM32F4xx_HAL_Driver/Src/stm32f4xx_hal_rcc_ex.c ****         }
1269:board/stm32f401rct6/Drivers/STM32F4xx_HAL_Driver/Src/stm32f4xx_hal_rcc_ex.c ****       }
1270:board/stm32f401rct6/Drivers/STM32F4xx_HAL_Driver/Src/stm32f4xx_hal_rcc_ex.c ****       break;
1271:board/stm32f401rct6/Drivers/STM32F4xx_HAL_Driver/Src/stm32f4xx_hal_rcc_ex.c ****     }
1272:board/stm32f401rct6/Drivers/STM32F4xx_HAL_Driver/Src/stm32f4xx_hal_rcc_ex.c ****     default:
1273:board/stm32f401rct6/Drivers/STM32F4xx_HAL_Driver/Src/stm32f4xx_hal_rcc_ex.c ****     {
1274:board/stm32f401rct6/Drivers/STM32F4xx_HAL_Driver/Src/stm32f4xx_hal_rcc_ex.c ****       break;
1275:board/stm32f401rct6/Drivers/STM32F4xx_HAL_Driver/Src/stm32f4xx_hal_rcc_ex.c ****     }
1276:board/stm32f401rct6/Drivers/STM32F4xx_HAL_Driver/Src/stm32f4xx_hal_rcc_ex.c ****   }
1277:board/stm32f401rct6/Drivers/STM32F4xx_HAL_Driver/Src/stm32f4xx_hal_rcc_ex.c ****   return frequency;
1278:board/stm32f401rct6/Drivers/STM32F4xx_HAL_Driver/Src/stm32f4xx_hal_rcc_ex.c **** }
1279:board/stm32f401rct6/Drivers/STM32F4xx_HAL_Driver/Src/stm32f4xx_hal_rcc_ex.c **** #endif /* STM32F469xx || STM32F479xx */
1280:board/stm32f401rct6/Drivers/STM32F4xx_HAL_Driver/Src/stm32f4xx_hal_rcc_ex.c **** 
1281:board/stm32f401rct6/Drivers/STM32F4xx_HAL_Driver/Src/stm32f4xx_hal_rcc_ex.c **** #if defined(STM32F412Zx) || defined(STM32F412Vx) || defined(STM32F412Rx) || defined(STM32F412Cx) ||
1282:board/stm32f401rct6/Drivers/STM32F4xx_HAL_Driver/Src/stm32f4xx_hal_rcc_ex.c **** /**
1283:board/stm32f401rct6/Drivers/STM32F4xx_HAL_Driver/Src/stm32f4xx_hal_rcc_ex.c ****   * @brief  Initializes the RCC extended peripherals clocks according to the specified
ARM GAS  C:\Users\Admin\AppData\Local\Temp\ccCVg1CA.s 			page 24


1284:board/stm32f401rct6/Drivers/STM32F4xx_HAL_Driver/Src/stm32f4xx_hal_rcc_ex.c ****   *         parameters in the RCC_PeriphCLKInitTypeDef.
1285:board/stm32f401rct6/Drivers/STM32F4xx_HAL_Driver/Src/stm32f4xx_hal_rcc_ex.c ****   * @param  PeriphClkInit pointer to an RCC_PeriphCLKInitTypeDef structure that
1286:board/stm32f401rct6/Drivers/STM32F4xx_HAL_Driver/Src/stm32f4xx_hal_rcc_ex.c ****   *         contains the configuration information for the Extended Peripherals
1287:board/stm32f401rct6/Drivers/STM32F4xx_HAL_Driver/Src/stm32f4xx_hal_rcc_ex.c ****   *         clocks(I2S, LTDC RTC and TIM).
1288:board/stm32f401rct6/Drivers/STM32F4xx_HAL_Driver/Src/stm32f4xx_hal_rcc_ex.c ****   *
1289:board/stm32f401rct6/Drivers/STM32F4xx_HAL_Driver/Src/stm32f4xx_hal_rcc_ex.c ****   * @note   Care must be taken when HAL_RCCEx_PeriphCLKConfig() is used to select
1290:board/stm32f401rct6/Drivers/STM32F4xx_HAL_Driver/Src/stm32f4xx_hal_rcc_ex.c ****   *         the RTC clock source; in this case the Backup domain will be reset in
1291:board/stm32f401rct6/Drivers/STM32F4xx_HAL_Driver/Src/stm32f4xx_hal_rcc_ex.c ****   *         order to modify the RTC Clock source, as consequence RTC registers (including
1292:board/stm32f401rct6/Drivers/STM32F4xx_HAL_Driver/Src/stm32f4xx_hal_rcc_ex.c ****   *         the backup registers) and RCC_BDCR register are set to their reset values.
1293:board/stm32f401rct6/Drivers/STM32F4xx_HAL_Driver/Src/stm32f4xx_hal_rcc_ex.c ****   *
1294:board/stm32f401rct6/Drivers/STM32F4xx_HAL_Driver/Src/stm32f4xx_hal_rcc_ex.c ****   * @retval HAL status
1295:board/stm32f401rct6/Drivers/STM32F4xx_HAL_Driver/Src/stm32f4xx_hal_rcc_ex.c ****   */
1296:board/stm32f401rct6/Drivers/STM32F4xx_HAL_Driver/Src/stm32f4xx_hal_rcc_ex.c **** HAL_StatusTypeDef HAL_RCCEx_PeriphCLKConfig(RCC_PeriphCLKInitTypeDef  *PeriphClkInit)
1297:board/stm32f401rct6/Drivers/STM32F4xx_HAL_Driver/Src/stm32f4xx_hal_rcc_ex.c **** {
1298:board/stm32f401rct6/Drivers/STM32F4xx_HAL_Driver/Src/stm32f4xx_hal_rcc_ex.c ****   uint32_t tickstart = 0U;
1299:board/stm32f401rct6/Drivers/STM32F4xx_HAL_Driver/Src/stm32f4xx_hal_rcc_ex.c ****   uint32_t tmpreg1 = 0U;
1300:board/stm32f401rct6/Drivers/STM32F4xx_HAL_Driver/Src/stm32f4xx_hal_rcc_ex.c **** #if defined(STM32F413xx) || defined(STM32F423xx)
1301:board/stm32f401rct6/Drivers/STM32F4xx_HAL_Driver/Src/stm32f4xx_hal_rcc_ex.c ****   uint32_t plli2sq = 0U;
1302:board/stm32f401rct6/Drivers/STM32F4xx_HAL_Driver/Src/stm32f4xx_hal_rcc_ex.c **** #endif /* STM32F413xx || STM32F423xx */
1303:board/stm32f401rct6/Drivers/STM32F4xx_HAL_Driver/Src/stm32f4xx_hal_rcc_ex.c ****   uint32_t plli2sused = 0U;
1304:board/stm32f401rct6/Drivers/STM32F4xx_HAL_Driver/Src/stm32f4xx_hal_rcc_ex.c **** 
1305:board/stm32f401rct6/Drivers/STM32F4xx_HAL_Driver/Src/stm32f4xx_hal_rcc_ex.c ****   /* Check the peripheral clock selection parameters */
1306:board/stm32f401rct6/Drivers/STM32F4xx_HAL_Driver/Src/stm32f4xx_hal_rcc_ex.c ****   assert_param(IS_RCC_PERIPHCLOCK(PeriphClkInit->PeriphClockSelection));
1307:board/stm32f401rct6/Drivers/STM32F4xx_HAL_Driver/Src/stm32f4xx_hal_rcc_ex.c **** 
1308:board/stm32f401rct6/Drivers/STM32F4xx_HAL_Driver/Src/stm32f4xx_hal_rcc_ex.c ****   /*----------------------------------- I2S APB1 configuration ---------------*/
1309:board/stm32f401rct6/Drivers/STM32F4xx_HAL_Driver/Src/stm32f4xx_hal_rcc_ex.c ****   if (((PeriphClkInit->PeriphClockSelection) & RCC_PERIPHCLK_I2S_APB1) == (RCC_PERIPHCLK_I2S_APB1))
1310:board/stm32f401rct6/Drivers/STM32F4xx_HAL_Driver/Src/stm32f4xx_hal_rcc_ex.c ****   {
1311:board/stm32f401rct6/Drivers/STM32F4xx_HAL_Driver/Src/stm32f4xx_hal_rcc_ex.c ****     /* Check the parameters */
1312:board/stm32f401rct6/Drivers/STM32F4xx_HAL_Driver/Src/stm32f4xx_hal_rcc_ex.c ****     assert_param(IS_RCC_I2SAPB1CLKSOURCE(PeriphClkInit->I2sApb1ClockSelection));
1313:board/stm32f401rct6/Drivers/STM32F4xx_HAL_Driver/Src/stm32f4xx_hal_rcc_ex.c **** 
1314:board/stm32f401rct6/Drivers/STM32F4xx_HAL_Driver/Src/stm32f4xx_hal_rcc_ex.c ****     /* Configure I2S Clock source */
1315:board/stm32f401rct6/Drivers/STM32F4xx_HAL_Driver/Src/stm32f4xx_hal_rcc_ex.c ****     __HAL_RCC_I2S_APB1_CONFIG(PeriphClkInit->I2sApb1ClockSelection);
1316:board/stm32f401rct6/Drivers/STM32F4xx_HAL_Driver/Src/stm32f4xx_hal_rcc_ex.c ****     /* Enable the PLLI2S when it's used as clock source for I2S */
1317:board/stm32f401rct6/Drivers/STM32F4xx_HAL_Driver/Src/stm32f4xx_hal_rcc_ex.c ****     if (PeriphClkInit->I2sApb1ClockSelection == RCC_I2SAPB1CLKSOURCE_PLLI2S)
1318:board/stm32f401rct6/Drivers/STM32F4xx_HAL_Driver/Src/stm32f4xx_hal_rcc_ex.c ****     {
1319:board/stm32f401rct6/Drivers/STM32F4xx_HAL_Driver/Src/stm32f4xx_hal_rcc_ex.c ****       plli2sused = 1U;
1320:board/stm32f401rct6/Drivers/STM32F4xx_HAL_Driver/Src/stm32f4xx_hal_rcc_ex.c ****     }
1321:board/stm32f401rct6/Drivers/STM32F4xx_HAL_Driver/Src/stm32f4xx_hal_rcc_ex.c ****   }
1322:board/stm32f401rct6/Drivers/STM32F4xx_HAL_Driver/Src/stm32f4xx_hal_rcc_ex.c ****   /*--------------------------------------------------------------------------*/
1323:board/stm32f401rct6/Drivers/STM32F4xx_HAL_Driver/Src/stm32f4xx_hal_rcc_ex.c **** 
1324:board/stm32f401rct6/Drivers/STM32F4xx_HAL_Driver/Src/stm32f4xx_hal_rcc_ex.c ****   /*----------------------------------- I2S APB2 configuration ---------------*/
1325:board/stm32f401rct6/Drivers/STM32F4xx_HAL_Driver/Src/stm32f4xx_hal_rcc_ex.c ****   if (((PeriphClkInit->PeriphClockSelection) & RCC_PERIPHCLK_I2S_APB2) == (RCC_PERIPHCLK_I2S_APB2))
1326:board/stm32f401rct6/Drivers/STM32F4xx_HAL_Driver/Src/stm32f4xx_hal_rcc_ex.c ****   {
1327:board/stm32f401rct6/Drivers/STM32F4xx_HAL_Driver/Src/stm32f4xx_hal_rcc_ex.c ****     /* Check the parameters */
1328:board/stm32f401rct6/Drivers/STM32F4xx_HAL_Driver/Src/stm32f4xx_hal_rcc_ex.c ****     assert_param(IS_RCC_I2SAPB2CLKSOURCE(PeriphClkInit->I2sApb2ClockSelection));
1329:board/stm32f401rct6/Drivers/STM32F4xx_HAL_Driver/Src/stm32f4xx_hal_rcc_ex.c **** 
1330:board/stm32f401rct6/Drivers/STM32F4xx_HAL_Driver/Src/stm32f4xx_hal_rcc_ex.c ****     /* Configure I2S Clock source */
1331:board/stm32f401rct6/Drivers/STM32F4xx_HAL_Driver/Src/stm32f4xx_hal_rcc_ex.c ****     __HAL_RCC_I2S_APB2_CONFIG(PeriphClkInit->I2sApb2ClockSelection);
1332:board/stm32f401rct6/Drivers/STM32F4xx_HAL_Driver/Src/stm32f4xx_hal_rcc_ex.c ****     /* Enable the PLLI2S when it's used as clock source for I2S */
1333:board/stm32f401rct6/Drivers/STM32F4xx_HAL_Driver/Src/stm32f4xx_hal_rcc_ex.c ****     if (PeriphClkInit->I2sApb2ClockSelection == RCC_I2SAPB2CLKSOURCE_PLLI2S)
1334:board/stm32f401rct6/Drivers/STM32F4xx_HAL_Driver/Src/stm32f4xx_hal_rcc_ex.c ****     {
1335:board/stm32f401rct6/Drivers/STM32F4xx_HAL_Driver/Src/stm32f4xx_hal_rcc_ex.c ****       plli2sused = 1U;
1336:board/stm32f401rct6/Drivers/STM32F4xx_HAL_Driver/Src/stm32f4xx_hal_rcc_ex.c ****     }
1337:board/stm32f401rct6/Drivers/STM32F4xx_HAL_Driver/Src/stm32f4xx_hal_rcc_ex.c ****   }
1338:board/stm32f401rct6/Drivers/STM32F4xx_HAL_Driver/Src/stm32f4xx_hal_rcc_ex.c ****   /*--------------------------------------------------------------------------*/
1339:board/stm32f401rct6/Drivers/STM32F4xx_HAL_Driver/Src/stm32f4xx_hal_rcc_ex.c **** 
1340:board/stm32f401rct6/Drivers/STM32F4xx_HAL_Driver/Src/stm32f4xx_hal_rcc_ex.c **** #if defined(STM32F413xx) || defined(STM32F423xx)
ARM GAS  C:\Users\Admin\AppData\Local\Temp\ccCVg1CA.s 			page 25


1341:board/stm32f401rct6/Drivers/STM32F4xx_HAL_Driver/Src/stm32f4xx_hal_rcc_ex.c ****   /*----------------------- SAI1 Block A configuration -----------------------*/
1342:board/stm32f401rct6/Drivers/STM32F4xx_HAL_Driver/Src/stm32f4xx_hal_rcc_ex.c ****   if (((PeriphClkInit->PeriphClockSelection) & RCC_PERIPHCLK_SAIA) == (RCC_PERIPHCLK_SAIA))
1343:board/stm32f401rct6/Drivers/STM32F4xx_HAL_Driver/Src/stm32f4xx_hal_rcc_ex.c ****   {
1344:board/stm32f401rct6/Drivers/STM32F4xx_HAL_Driver/Src/stm32f4xx_hal_rcc_ex.c ****     /* Check the parameters */
1345:board/stm32f401rct6/Drivers/STM32F4xx_HAL_Driver/Src/stm32f4xx_hal_rcc_ex.c ****     assert_param(IS_RCC_SAIACLKSOURCE(PeriphClkInit->SaiAClockSelection));
1346:board/stm32f401rct6/Drivers/STM32F4xx_HAL_Driver/Src/stm32f4xx_hal_rcc_ex.c **** 
1347:board/stm32f401rct6/Drivers/STM32F4xx_HAL_Driver/Src/stm32f4xx_hal_rcc_ex.c ****     /* Configure SAI1 Clock source */
1348:board/stm32f401rct6/Drivers/STM32F4xx_HAL_Driver/Src/stm32f4xx_hal_rcc_ex.c ****     __HAL_RCC_SAI_BLOCKACLKSOURCE_CONFIG(PeriphClkInit->SaiAClockSelection);
1349:board/stm32f401rct6/Drivers/STM32F4xx_HAL_Driver/Src/stm32f4xx_hal_rcc_ex.c ****     /* Enable the PLLI2S when it's used as clock source for SAI */
1350:board/stm32f401rct6/Drivers/STM32F4xx_HAL_Driver/Src/stm32f4xx_hal_rcc_ex.c ****     if (PeriphClkInit->SaiAClockSelection == RCC_SAIACLKSOURCE_PLLI2SR)
1351:board/stm32f401rct6/Drivers/STM32F4xx_HAL_Driver/Src/stm32f4xx_hal_rcc_ex.c ****     {
1352:board/stm32f401rct6/Drivers/STM32F4xx_HAL_Driver/Src/stm32f4xx_hal_rcc_ex.c ****       plli2sused = 1U;
1353:board/stm32f401rct6/Drivers/STM32F4xx_HAL_Driver/Src/stm32f4xx_hal_rcc_ex.c ****     }
1354:board/stm32f401rct6/Drivers/STM32F4xx_HAL_Driver/Src/stm32f4xx_hal_rcc_ex.c ****     /* Enable the PLLSAI when it's used as clock source for SAI */
1355:board/stm32f401rct6/Drivers/STM32F4xx_HAL_Driver/Src/stm32f4xx_hal_rcc_ex.c ****     if (PeriphClkInit->SaiAClockSelection == RCC_SAIACLKSOURCE_PLLR)
1356:board/stm32f401rct6/Drivers/STM32F4xx_HAL_Driver/Src/stm32f4xx_hal_rcc_ex.c ****     {
1357:board/stm32f401rct6/Drivers/STM32F4xx_HAL_Driver/Src/stm32f4xx_hal_rcc_ex.c ****       /* Check for PLL/DIVR parameters */
1358:board/stm32f401rct6/Drivers/STM32F4xx_HAL_Driver/Src/stm32f4xx_hal_rcc_ex.c ****       assert_param(IS_RCC_PLL_DIVR_VALUE(PeriphClkInit->PLLDivR));
1359:board/stm32f401rct6/Drivers/STM32F4xx_HAL_Driver/Src/stm32f4xx_hal_rcc_ex.c **** 
1360:board/stm32f401rct6/Drivers/STM32F4xx_HAL_Driver/Src/stm32f4xx_hal_rcc_ex.c ****       /* SAI_CLK_x = SAI_CLK(first level)/PLLDIVR */
1361:board/stm32f401rct6/Drivers/STM32F4xx_HAL_Driver/Src/stm32f4xx_hal_rcc_ex.c ****       __HAL_RCC_PLL_PLLSAICLKDIVR_CONFIG(PeriphClkInit->PLLDivR);
1362:board/stm32f401rct6/Drivers/STM32F4xx_HAL_Driver/Src/stm32f4xx_hal_rcc_ex.c ****     }
1363:board/stm32f401rct6/Drivers/STM32F4xx_HAL_Driver/Src/stm32f4xx_hal_rcc_ex.c ****   }
1364:board/stm32f401rct6/Drivers/STM32F4xx_HAL_Driver/Src/stm32f4xx_hal_rcc_ex.c ****   /*--------------------------------------------------------------------------*/
1365:board/stm32f401rct6/Drivers/STM32F4xx_HAL_Driver/Src/stm32f4xx_hal_rcc_ex.c **** 
1366:board/stm32f401rct6/Drivers/STM32F4xx_HAL_Driver/Src/stm32f4xx_hal_rcc_ex.c ****   /*---------------------- SAI1 Block B configuration ------------------------*/
1367:board/stm32f401rct6/Drivers/STM32F4xx_HAL_Driver/Src/stm32f4xx_hal_rcc_ex.c ****   if (((PeriphClkInit->PeriphClockSelection) & RCC_PERIPHCLK_SAIB) == (RCC_PERIPHCLK_SAIB))
1368:board/stm32f401rct6/Drivers/STM32F4xx_HAL_Driver/Src/stm32f4xx_hal_rcc_ex.c ****   {
1369:board/stm32f401rct6/Drivers/STM32F4xx_HAL_Driver/Src/stm32f4xx_hal_rcc_ex.c ****     /* Check the parameters */
1370:board/stm32f401rct6/Drivers/STM32F4xx_HAL_Driver/Src/stm32f4xx_hal_rcc_ex.c ****     assert_param(IS_RCC_SAIBCLKSOURCE(PeriphClkInit->SaiBClockSelection));
1371:board/stm32f401rct6/Drivers/STM32F4xx_HAL_Driver/Src/stm32f4xx_hal_rcc_ex.c **** 
1372:board/stm32f401rct6/Drivers/STM32F4xx_HAL_Driver/Src/stm32f4xx_hal_rcc_ex.c ****     /* Configure SAI1 Clock source */
1373:board/stm32f401rct6/Drivers/STM32F4xx_HAL_Driver/Src/stm32f4xx_hal_rcc_ex.c ****     __HAL_RCC_SAI_BLOCKBCLKSOURCE_CONFIG(PeriphClkInit->SaiBClockSelection);
1374:board/stm32f401rct6/Drivers/STM32F4xx_HAL_Driver/Src/stm32f4xx_hal_rcc_ex.c ****     /* Enable the PLLI2S when it's used as clock source for SAI */
1375:board/stm32f401rct6/Drivers/STM32F4xx_HAL_Driver/Src/stm32f4xx_hal_rcc_ex.c ****     if (PeriphClkInit->SaiBClockSelection == RCC_SAIBCLKSOURCE_PLLI2SR)
1376:board/stm32f401rct6/Drivers/STM32F4xx_HAL_Driver/Src/stm32f4xx_hal_rcc_ex.c ****     {
1377:board/stm32f401rct6/Drivers/STM32F4xx_HAL_Driver/Src/stm32f4xx_hal_rcc_ex.c ****       plli2sused = 1U;
1378:board/stm32f401rct6/Drivers/STM32F4xx_HAL_Driver/Src/stm32f4xx_hal_rcc_ex.c ****     }
1379:board/stm32f401rct6/Drivers/STM32F4xx_HAL_Driver/Src/stm32f4xx_hal_rcc_ex.c ****     /* Enable the PLLSAI when it's used as clock source for SAI */
1380:board/stm32f401rct6/Drivers/STM32F4xx_HAL_Driver/Src/stm32f4xx_hal_rcc_ex.c ****     if (PeriphClkInit->SaiBClockSelection == RCC_SAIBCLKSOURCE_PLLR)
1381:board/stm32f401rct6/Drivers/STM32F4xx_HAL_Driver/Src/stm32f4xx_hal_rcc_ex.c ****     {
1382:board/stm32f401rct6/Drivers/STM32F4xx_HAL_Driver/Src/stm32f4xx_hal_rcc_ex.c ****       /* Check for PLL/DIVR parameters */
1383:board/stm32f401rct6/Drivers/STM32F4xx_HAL_Driver/Src/stm32f4xx_hal_rcc_ex.c ****       assert_param(IS_RCC_PLL_DIVR_VALUE(PeriphClkInit->PLLDivR));
1384:board/stm32f401rct6/Drivers/STM32F4xx_HAL_Driver/Src/stm32f4xx_hal_rcc_ex.c **** 
1385:board/stm32f401rct6/Drivers/STM32F4xx_HAL_Driver/Src/stm32f4xx_hal_rcc_ex.c ****       /* SAI_CLK_x = SAI_CLK(first level)/PLLDIVR */
1386:board/stm32f401rct6/Drivers/STM32F4xx_HAL_Driver/Src/stm32f4xx_hal_rcc_ex.c ****       __HAL_RCC_PLL_PLLSAICLKDIVR_CONFIG(PeriphClkInit->PLLDivR);
1387:board/stm32f401rct6/Drivers/STM32F4xx_HAL_Driver/Src/stm32f4xx_hal_rcc_ex.c ****     }
1388:board/stm32f401rct6/Drivers/STM32F4xx_HAL_Driver/Src/stm32f4xx_hal_rcc_ex.c ****   }
1389:board/stm32f401rct6/Drivers/STM32F4xx_HAL_Driver/Src/stm32f4xx_hal_rcc_ex.c ****   /*--------------------------------------------------------------------------*/
1390:board/stm32f401rct6/Drivers/STM32F4xx_HAL_Driver/Src/stm32f4xx_hal_rcc_ex.c **** #endif /* STM32F413xx || STM32F423xx */
1391:board/stm32f401rct6/Drivers/STM32F4xx_HAL_Driver/Src/stm32f4xx_hal_rcc_ex.c **** 
1392:board/stm32f401rct6/Drivers/STM32F4xx_HAL_Driver/Src/stm32f4xx_hal_rcc_ex.c ****   /*------------------------------------ RTC configuration -------------------*/
1393:board/stm32f401rct6/Drivers/STM32F4xx_HAL_Driver/Src/stm32f4xx_hal_rcc_ex.c ****   if (((PeriphClkInit->PeriphClockSelection) & RCC_PERIPHCLK_RTC) == (RCC_PERIPHCLK_RTC))
1394:board/stm32f401rct6/Drivers/STM32F4xx_HAL_Driver/Src/stm32f4xx_hal_rcc_ex.c ****   {
1395:board/stm32f401rct6/Drivers/STM32F4xx_HAL_Driver/Src/stm32f4xx_hal_rcc_ex.c ****     /* Check for RTC Parameters used to output RTCCLK */
1396:board/stm32f401rct6/Drivers/STM32F4xx_HAL_Driver/Src/stm32f4xx_hal_rcc_ex.c ****     assert_param(IS_RCC_RTCCLKSOURCE(PeriphClkInit->RTCClockSelection));
1397:board/stm32f401rct6/Drivers/STM32F4xx_HAL_Driver/Src/stm32f4xx_hal_rcc_ex.c **** 
ARM GAS  C:\Users\Admin\AppData\Local\Temp\ccCVg1CA.s 			page 26


1398:board/stm32f401rct6/Drivers/STM32F4xx_HAL_Driver/Src/stm32f4xx_hal_rcc_ex.c ****     /* Enable Power Clock*/
1399:board/stm32f401rct6/Drivers/STM32F4xx_HAL_Driver/Src/stm32f4xx_hal_rcc_ex.c ****     __HAL_RCC_PWR_CLK_ENABLE();
1400:board/stm32f401rct6/Drivers/STM32F4xx_HAL_Driver/Src/stm32f4xx_hal_rcc_ex.c **** 
1401:board/stm32f401rct6/Drivers/STM32F4xx_HAL_Driver/Src/stm32f4xx_hal_rcc_ex.c ****     /* Enable write access to Backup domain */
1402:board/stm32f401rct6/Drivers/STM32F4xx_HAL_Driver/Src/stm32f4xx_hal_rcc_ex.c ****     PWR->CR |= PWR_CR_DBP;
1403:board/stm32f401rct6/Drivers/STM32F4xx_HAL_Driver/Src/stm32f4xx_hal_rcc_ex.c **** 
1404:board/stm32f401rct6/Drivers/STM32F4xx_HAL_Driver/Src/stm32f4xx_hal_rcc_ex.c ****     /* Get tick */
1405:board/stm32f401rct6/Drivers/STM32F4xx_HAL_Driver/Src/stm32f4xx_hal_rcc_ex.c ****     tickstart = HAL_GetTick();
1406:board/stm32f401rct6/Drivers/STM32F4xx_HAL_Driver/Src/stm32f4xx_hal_rcc_ex.c **** 
1407:board/stm32f401rct6/Drivers/STM32F4xx_HAL_Driver/Src/stm32f4xx_hal_rcc_ex.c ****     while ((PWR->CR & PWR_CR_DBP) == RESET)
1408:board/stm32f401rct6/Drivers/STM32F4xx_HAL_Driver/Src/stm32f4xx_hal_rcc_ex.c ****     {
1409:board/stm32f401rct6/Drivers/STM32F4xx_HAL_Driver/Src/stm32f4xx_hal_rcc_ex.c ****       if ((HAL_GetTick() - tickstart) > RCC_DBP_TIMEOUT_VALUE)
1410:board/stm32f401rct6/Drivers/STM32F4xx_HAL_Driver/Src/stm32f4xx_hal_rcc_ex.c ****       {
1411:board/stm32f401rct6/Drivers/STM32F4xx_HAL_Driver/Src/stm32f4xx_hal_rcc_ex.c ****         return HAL_TIMEOUT;
1412:board/stm32f401rct6/Drivers/STM32F4xx_HAL_Driver/Src/stm32f4xx_hal_rcc_ex.c ****       }
1413:board/stm32f401rct6/Drivers/STM32F4xx_HAL_Driver/Src/stm32f4xx_hal_rcc_ex.c ****     }
1414:board/stm32f401rct6/Drivers/STM32F4xx_HAL_Driver/Src/stm32f4xx_hal_rcc_ex.c ****     /* Reset the Backup domain only if the RTC Clock source selection is modified from reset value 
1415:board/stm32f401rct6/Drivers/STM32F4xx_HAL_Driver/Src/stm32f4xx_hal_rcc_ex.c ****     tmpreg1 = (RCC->BDCR & RCC_BDCR_RTCSEL);
1416:board/stm32f401rct6/Drivers/STM32F4xx_HAL_Driver/Src/stm32f4xx_hal_rcc_ex.c ****     if ((tmpreg1 != 0x00000000U) && ((tmpreg1) != (PeriphClkInit->RTCClockSelection & RCC_BDCR_RTCS
1417:board/stm32f401rct6/Drivers/STM32F4xx_HAL_Driver/Src/stm32f4xx_hal_rcc_ex.c ****     {
1418:board/stm32f401rct6/Drivers/STM32F4xx_HAL_Driver/Src/stm32f4xx_hal_rcc_ex.c ****       /* Store the content of BDCR register before the reset of Backup Domain */
1419:board/stm32f401rct6/Drivers/STM32F4xx_HAL_Driver/Src/stm32f4xx_hal_rcc_ex.c ****       tmpreg1 = (RCC->BDCR & ~(RCC_BDCR_RTCSEL));
1420:board/stm32f401rct6/Drivers/STM32F4xx_HAL_Driver/Src/stm32f4xx_hal_rcc_ex.c ****       /* RTC Clock selection can be changed only if the Backup Domain is reset */
1421:board/stm32f401rct6/Drivers/STM32F4xx_HAL_Driver/Src/stm32f4xx_hal_rcc_ex.c ****       __HAL_RCC_BACKUPRESET_FORCE();
1422:board/stm32f401rct6/Drivers/STM32F4xx_HAL_Driver/Src/stm32f4xx_hal_rcc_ex.c ****       __HAL_RCC_BACKUPRESET_RELEASE();
1423:board/stm32f401rct6/Drivers/STM32F4xx_HAL_Driver/Src/stm32f4xx_hal_rcc_ex.c ****       /* Restore the Content of BDCR register */
1424:board/stm32f401rct6/Drivers/STM32F4xx_HAL_Driver/Src/stm32f4xx_hal_rcc_ex.c ****       RCC->BDCR = tmpreg1;
1425:board/stm32f401rct6/Drivers/STM32F4xx_HAL_Driver/Src/stm32f4xx_hal_rcc_ex.c **** 
1426:board/stm32f401rct6/Drivers/STM32F4xx_HAL_Driver/Src/stm32f4xx_hal_rcc_ex.c ****       /* Wait for LSE reactivation if LSE was enable prior to Backup Domain reset */
1427:board/stm32f401rct6/Drivers/STM32F4xx_HAL_Driver/Src/stm32f4xx_hal_rcc_ex.c ****       if (HAL_IS_BIT_SET(RCC->BDCR, RCC_BDCR_LSEON))
1428:board/stm32f401rct6/Drivers/STM32F4xx_HAL_Driver/Src/stm32f4xx_hal_rcc_ex.c ****       {
1429:board/stm32f401rct6/Drivers/STM32F4xx_HAL_Driver/Src/stm32f4xx_hal_rcc_ex.c ****         /* Get tick */
1430:board/stm32f401rct6/Drivers/STM32F4xx_HAL_Driver/Src/stm32f4xx_hal_rcc_ex.c ****         tickstart = HAL_GetTick();
1431:board/stm32f401rct6/Drivers/STM32F4xx_HAL_Driver/Src/stm32f4xx_hal_rcc_ex.c **** 
1432:board/stm32f401rct6/Drivers/STM32F4xx_HAL_Driver/Src/stm32f4xx_hal_rcc_ex.c ****         /* Wait till LSE is ready */
1433:board/stm32f401rct6/Drivers/STM32F4xx_HAL_Driver/Src/stm32f4xx_hal_rcc_ex.c ****         while (__HAL_RCC_GET_FLAG(RCC_FLAG_LSERDY) == RESET)
1434:board/stm32f401rct6/Drivers/STM32F4xx_HAL_Driver/Src/stm32f4xx_hal_rcc_ex.c ****         {
1435:board/stm32f401rct6/Drivers/STM32F4xx_HAL_Driver/Src/stm32f4xx_hal_rcc_ex.c ****           if ((HAL_GetTick() - tickstart) > RCC_LSE_TIMEOUT_VALUE)
1436:board/stm32f401rct6/Drivers/STM32F4xx_HAL_Driver/Src/stm32f4xx_hal_rcc_ex.c ****           {
1437:board/stm32f401rct6/Drivers/STM32F4xx_HAL_Driver/Src/stm32f4xx_hal_rcc_ex.c ****             return HAL_TIMEOUT;
1438:board/stm32f401rct6/Drivers/STM32F4xx_HAL_Driver/Src/stm32f4xx_hal_rcc_ex.c ****           }
1439:board/stm32f401rct6/Drivers/STM32F4xx_HAL_Driver/Src/stm32f4xx_hal_rcc_ex.c ****         }
1440:board/stm32f401rct6/Drivers/STM32F4xx_HAL_Driver/Src/stm32f4xx_hal_rcc_ex.c ****       }
1441:board/stm32f401rct6/Drivers/STM32F4xx_HAL_Driver/Src/stm32f4xx_hal_rcc_ex.c ****     }
1442:board/stm32f401rct6/Drivers/STM32F4xx_HAL_Driver/Src/stm32f4xx_hal_rcc_ex.c ****     __HAL_RCC_RTC_CONFIG(PeriphClkInit->RTCClockSelection);
1443:board/stm32f401rct6/Drivers/STM32F4xx_HAL_Driver/Src/stm32f4xx_hal_rcc_ex.c ****   }
1444:board/stm32f401rct6/Drivers/STM32F4xx_HAL_Driver/Src/stm32f4xx_hal_rcc_ex.c ****   /*--------------------------------------------------------------------------*/
1445:board/stm32f401rct6/Drivers/STM32F4xx_HAL_Driver/Src/stm32f4xx_hal_rcc_ex.c **** 
1446:board/stm32f401rct6/Drivers/STM32F4xx_HAL_Driver/Src/stm32f4xx_hal_rcc_ex.c ****   /*------------------------------------ TIM configuration -------------------*/
1447:board/stm32f401rct6/Drivers/STM32F4xx_HAL_Driver/Src/stm32f4xx_hal_rcc_ex.c ****   if (((PeriphClkInit->PeriphClockSelection) & RCC_PERIPHCLK_TIM) == (RCC_PERIPHCLK_TIM))
1448:board/stm32f401rct6/Drivers/STM32F4xx_HAL_Driver/Src/stm32f4xx_hal_rcc_ex.c ****   {
1449:board/stm32f401rct6/Drivers/STM32F4xx_HAL_Driver/Src/stm32f4xx_hal_rcc_ex.c ****     /* Configure Timer Prescaler */
1450:board/stm32f401rct6/Drivers/STM32F4xx_HAL_Driver/Src/stm32f4xx_hal_rcc_ex.c ****     __HAL_RCC_TIMCLKPRESCALER(PeriphClkInit->TIMPresSelection);
1451:board/stm32f401rct6/Drivers/STM32F4xx_HAL_Driver/Src/stm32f4xx_hal_rcc_ex.c ****   }
1452:board/stm32f401rct6/Drivers/STM32F4xx_HAL_Driver/Src/stm32f4xx_hal_rcc_ex.c ****   /*--------------------------------------------------------------------------*/
1453:board/stm32f401rct6/Drivers/STM32F4xx_HAL_Driver/Src/stm32f4xx_hal_rcc_ex.c **** 
1454:board/stm32f401rct6/Drivers/STM32F4xx_HAL_Driver/Src/stm32f4xx_hal_rcc_ex.c ****   /*------------------------------------- FMPI2C1 Configuration --------------*/
ARM GAS  C:\Users\Admin\AppData\Local\Temp\ccCVg1CA.s 			page 27


1455:board/stm32f401rct6/Drivers/STM32F4xx_HAL_Driver/Src/stm32f4xx_hal_rcc_ex.c ****   if (((PeriphClkInit->PeriphClockSelection) & RCC_PERIPHCLK_FMPI2C1) == RCC_PERIPHCLK_FMPI2C1)
1456:board/stm32f401rct6/Drivers/STM32F4xx_HAL_Driver/Src/stm32f4xx_hal_rcc_ex.c ****   {
1457:board/stm32f401rct6/Drivers/STM32F4xx_HAL_Driver/Src/stm32f4xx_hal_rcc_ex.c ****     /* Check the parameters */
1458:board/stm32f401rct6/Drivers/STM32F4xx_HAL_Driver/Src/stm32f4xx_hal_rcc_ex.c ****     assert_param(IS_RCC_FMPI2C1CLKSOURCE(PeriphClkInit->Fmpi2c1ClockSelection));
1459:board/stm32f401rct6/Drivers/STM32F4xx_HAL_Driver/Src/stm32f4xx_hal_rcc_ex.c **** 
1460:board/stm32f401rct6/Drivers/STM32F4xx_HAL_Driver/Src/stm32f4xx_hal_rcc_ex.c ****     /* Configure the FMPI2C1 clock source */
1461:board/stm32f401rct6/Drivers/STM32F4xx_HAL_Driver/Src/stm32f4xx_hal_rcc_ex.c ****     __HAL_RCC_FMPI2C1_CONFIG(PeriphClkInit->Fmpi2c1ClockSelection);
1462:board/stm32f401rct6/Drivers/STM32F4xx_HAL_Driver/Src/stm32f4xx_hal_rcc_ex.c ****   }
1463:board/stm32f401rct6/Drivers/STM32F4xx_HAL_Driver/Src/stm32f4xx_hal_rcc_ex.c ****   /*--------------------------------------------------------------------------*/
1464:board/stm32f401rct6/Drivers/STM32F4xx_HAL_Driver/Src/stm32f4xx_hal_rcc_ex.c **** 
1465:board/stm32f401rct6/Drivers/STM32F4xx_HAL_Driver/Src/stm32f4xx_hal_rcc_ex.c ****   /*------------------------------------- CLK48 Configuration ----------------*/
1466:board/stm32f401rct6/Drivers/STM32F4xx_HAL_Driver/Src/stm32f4xx_hal_rcc_ex.c ****   if (((PeriphClkInit->PeriphClockSelection) & RCC_PERIPHCLK_CLK48) == RCC_PERIPHCLK_CLK48)
1467:board/stm32f401rct6/Drivers/STM32F4xx_HAL_Driver/Src/stm32f4xx_hal_rcc_ex.c ****   {
1468:board/stm32f401rct6/Drivers/STM32F4xx_HAL_Driver/Src/stm32f4xx_hal_rcc_ex.c ****     /* Check the parameters */
1469:board/stm32f401rct6/Drivers/STM32F4xx_HAL_Driver/Src/stm32f4xx_hal_rcc_ex.c ****     assert_param(IS_RCC_CLK48CLKSOURCE(PeriphClkInit->Clk48ClockSelection));
1470:board/stm32f401rct6/Drivers/STM32F4xx_HAL_Driver/Src/stm32f4xx_hal_rcc_ex.c **** 
1471:board/stm32f401rct6/Drivers/STM32F4xx_HAL_Driver/Src/stm32f4xx_hal_rcc_ex.c ****     /* Configure the SDIO clock source */
1472:board/stm32f401rct6/Drivers/STM32F4xx_HAL_Driver/Src/stm32f4xx_hal_rcc_ex.c ****     __HAL_RCC_CLK48_CONFIG(PeriphClkInit->Clk48ClockSelection);
1473:board/stm32f401rct6/Drivers/STM32F4xx_HAL_Driver/Src/stm32f4xx_hal_rcc_ex.c **** 
1474:board/stm32f401rct6/Drivers/STM32F4xx_HAL_Driver/Src/stm32f4xx_hal_rcc_ex.c ****     /* Enable the PLLI2S when it's used as clock source for CLK48 */
1475:board/stm32f401rct6/Drivers/STM32F4xx_HAL_Driver/Src/stm32f4xx_hal_rcc_ex.c ****     if (PeriphClkInit->Clk48ClockSelection == RCC_CLK48CLKSOURCE_PLLI2SQ)
1476:board/stm32f401rct6/Drivers/STM32F4xx_HAL_Driver/Src/stm32f4xx_hal_rcc_ex.c ****     {
1477:board/stm32f401rct6/Drivers/STM32F4xx_HAL_Driver/Src/stm32f4xx_hal_rcc_ex.c ****       plli2sused = 1U;
1478:board/stm32f401rct6/Drivers/STM32F4xx_HAL_Driver/Src/stm32f4xx_hal_rcc_ex.c ****     }
1479:board/stm32f401rct6/Drivers/STM32F4xx_HAL_Driver/Src/stm32f4xx_hal_rcc_ex.c ****   }
1480:board/stm32f401rct6/Drivers/STM32F4xx_HAL_Driver/Src/stm32f4xx_hal_rcc_ex.c ****   /*--------------------------------------------------------------------------*/
1481:board/stm32f401rct6/Drivers/STM32F4xx_HAL_Driver/Src/stm32f4xx_hal_rcc_ex.c **** 
1482:board/stm32f401rct6/Drivers/STM32F4xx_HAL_Driver/Src/stm32f4xx_hal_rcc_ex.c ****   /*------------------------------------- SDIO Configuration -----------------*/
1483:board/stm32f401rct6/Drivers/STM32F4xx_HAL_Driver/Src/stm32f4xx_hal_rcc_ex.c ****   if (((PeriphClkInit->PeriphClockSelection) & RCC_PERIPHCLK_SDIO) == RCC_PERIPHCLK_SDIO)
1484:board/stm32f401rct6/Drivers/STM32F4xx_HAL_Driver/Src/stm32f4xx_hal_rcc_ex.c ****   {
1485:board/stm32f401rct6/Drivers/STM32F4xx_HAL_Driver/Src/stm32f4xx_hal_rcc_ex.c ****     /* Check the parameters */
1486:board/stm32f401rct6/Drivers/STM32F4xx_HAL_Driver/Src/stm32f4xx_hal_rcc_ex.c ****     assert_param(IS_RCC_SDIOCLKSOURCE(PeriphClkInit->SdioClockSelection));
1487:board/stm32f401rct6/Drivers/STM32F4xx_HAL_Driver/Src/stm32f4xx_hal_rcc_ex.c **** 
1488:board/stm32f401rct6/Drivers/STM32F4xx_HAL_Driver/Src/stm32f4xx_hal_rcc_ex.c ****     /* Configure the SDIO clock source */
1489:board/stm32f401rct6/Drivers/STM32F4xx_HAL_Driver/Src/stm32f4xx_hal_rcc_ex.c ****     __HAL_RCC_SDIO_CONFIG(PeriphClkInit->SdioClockSelection);
1490:board/stm32f401rct6/Drivers/STM32F4xx_HAL_Driver/Src/stm32f4xx_hal_rcc_ex.c ****   }
1491:board/stm32f401rct6/Drivers/STM32F4xx_HAL_Driver/Src/stm32f4xx_hal_rcc_ex.c ****   /*--------------------------------------------------------------------------*/
1492:board/stm32f401rct6/Drivers/STM32F4xx_HAL_Driver/Src/stm32f4xx_hal_rcc_ex.c **** 
1493:board/stm32f401rct6/Drivers/STM32F4xx_HAL_Driver/Src/stm32f4xx_hal_rcc_ex.c ****   /*-------------------------------------- PLLI2S Configuration --------------*/
1494:board/stm32f401rct6/Drivers/STM32F4xx_HAL_Driver/Src/stm32f4xx_hal_rcc_ex.c ****   /* PLLI2S is configured when a peripheral will use it as source clock : I2S on APB1 or
1495:board/stm32f401rct6/Drivers/STM32F4xx_HAL_Driver/Src/stm32f4xx_hal_rcc_ex.c ****      I2S on APB2*/
1496:board/stm32f401rct6/Drivers/STM32F4xx_HAL_Driver/Src/stm32f4xx_hal_rcc_ex.c ****   if ((plli2sused == 1U) || (PeriphClkInit->PeriphClockSelection == RCC_PERIPHCLK_PLLI2S))
1497:board/stm32f401rct6/Drivers/STM32F4xx_HAL_Driver/Src/stm32f4xx_hal_rcc_ex.c ****   {
1498:board/stm32f401rct6/Drivers/STM32F4xx_HAL_Driver/Src/stm32f4xx_hal_rcc_ex.c ****     /* Disable the PLLI2S */
1499:board/stm32f401rct6/Drivers/STM32F4xx_HAL_Driver/Src/stm32f4xx_hal_rcc_ex.c ****     __HAL_RCC_PLLI2S_DISABLE();
1500:board/stm32f401rct6/Drivers/STM32F4xx_HAL_Driver/Src/stm32f4xx_hal_rcc_ex.c ****     /* Get tick */
1501:board/stm32f401rct6/Drivers/STM32F4xx_HAL_Driver/Src/stm32f4xx_hal_rcc_ex.c ****     tickstart = HAL_GetTick();
1502:board/stm32f401rct6/Drivers/STM32F4xx_HAL_Driver/Src/stm32f4xx_hal_rcc_ex.c ****     /* Wait till PLLI2S is disabled */
1503:board/stm32f401rct6/Drivers/STM32F4xx_HAL_Driver/Src/stm32f4xx_hal_rcc_ex.c ****     while (__HAL_RCC_GET_FLAG(RCC_FLAG_PLLI2SRDY)  != RESET)
1504:board/stm32f401rct6/Drivers/STM32F4xx_HAL_Driver/Src/stm32f4xx_hal_rcc_ex.c ****     {
1505:board/stm32f401rct6/Drivers/STM32F4xx_HAL_Driver/Src/stm32f4xx_hal_rcc_ex.c ****       if ((HAL_GetTick() - tickstart) > PLLI2S_TIMEOUT_VALUE)
1506:board/stm32f401rct6/Drivers/STM32F4xx_HAL_Driver/Src/stm32f4xx_hal_rcc_ex.c ****       {
1507:board/stm32f401rct6/Drivers/STM32F4xx_HAL_Driver/Src/stm32f4xx_hal_rcc_ex.c ****         /* return in case of Timeout detected */
1508:board/stm32f401rct6/Drivers/STM32F4xx_HAL_Driver/Src/stm32f4xx_hal_rcc_ex.c ****         return HAL_TIMEOUT;
1509:board/stm32f401rct6/Drivers/STM32F4xx_HAL_Driver/Src/stm32f4xx_hal_rcc_ex.c ****       }
1510:board/stm32f401rct6/Drivers/STM32F4xx_HAL_Driver/Src/stm32f4xx_hal_rcc_ex.c ****     }
1511:board/stm32f401rct6/Drivers/STM32F4xx_HAL_Driver/Src/stm32f4xx_hal_rcc_ex.c **** 
ARM GAS  C:\Users\Admin\AppData\Local\Temp\ccCVg1CA.s 			page 28


1512:board/stm32f401rct6/Drivers/STM32F4xx_HAL_Driver/Src/stm32f4xx_hal_rcc_ex.c ****     /* check for common PLLI2S Parameters */
1513:board/stm32f401rct6/Drivers/STM32F4xx_HAL_Driver/Src/stm32f4xx_hal_rcc_ex.c ****     assert_param(IS_RCC_PLLI2SCLKSOURCE(PeriphClkInit->PLLI2SSelection));
1514:board/stm32f401rct6/Drivers/STM32F4xx_HAL_Driver/Src/stm32f4xx_hal_rcc_ex.c ****     assert_param(IS_RCC_PLLI2SM_VALUE(PeriphClkInit->PLLI2S.PLLI2SM));
1515:board/stm32f401rct6/Drivers/STM32F4xx_HAL_Driver/Src/stm32f4xx_hal_rcc_ex.c ****     assert_param(IS_RCC_PLLI2SN_VALUE(PeriphClkInit->PLLI2S.PLLI2SN));
1516:board/stm32f401rct6/Drivers/STM32F4xx_HAL_Driver/Src/stm32f4xx_hal_rcc_ex.c ****     /*-------------------- Set the PLL I2S clock -----------------------------*/
1517:board/stm32f401rct6/Drivers/STM32F4xx_HAL_Driver/Src/stm32f4xx_hal_rcc_ex.c ****     __HAL_RCC_PLL_I2S_CONFIG(PeriphClkInit->PLLI2SSelection);
1518:board/stm32f401rct6/Drivers/STM32F4xx_HAL_Driver/Src/stm32f4xx_hal_rcc_ex.c **** 
1519:board/stm32f401rct6/Drivers/STM32F4xx_HAL_Driver/Src/stm32f4xx_hal_rcc_ex.c ****     /*------- In Case of PLLI2S is selected as source clock for I2S ----------*/
1520:board/stm32f401rct6/Drivers/STM32F4xx_HAL_Driver/Src/stm32f4xx_hal_rcc_ex.c ****     if (((((PeriphClkInit->PeriphClockSelection) & RCC_PERIPHCLK_I2S_APB1) == RCC_PERIPHCLK_I2S_APB
1521:board/stm32f401rct6/Drivers/STM32F4xx_HAL_Driver/Src/stm32f4xx_hal_rcc_ex.c ****          && (PeriphClkInit->I2sApb1ClockSelection == RCC_I2SAPB1CLKSOURCE_PLLI2S)) ||
1522:board/stm32f401rct6/Drivers/STM32F4xx_HAL_Driver/Src/stm32f4xx_hal_rcc_ex.c ****         ((((PeriphClkInit->PeriphClockSelection) & RCC_PERIPHCLK_I2S_APB2) == RCC_PERIPHCLK_I2S_APB
1523:board/stm32f401rct6/Drivers/STM32F4xx_HAL_Driver/Src/stm32f4xx_hal_rcc_ex.c ****         ((((PeriphClkInit->PeriphClockSelection) & RCC_PERIPHCLK_CLK48) == RCC_PERIPHCLK_CLK48) && 
1524:board/stm32f401rct6/Drivers/STM32F4xx_HAL_Driver/Src/stm32f4xx_hal_rcc_ex.c ****         ((((PeriphClkInit->PeriphClockSelection) & RCC_PERIPHCLK_SDIO) == RCC_PERIPHCLK_SDIO) && (P
1525:board/stm32f401rct6/Drivers/STM32F4xx_HAL_Driver/Src/stm32f4xx_hal_rcc_ex.c ****     {
1526:board/stm32f401rct6/Drivers/STM32F4xx_HAL_Driver/Src/stm32f4xx_hal_rcc_ex.c ****       /* check for Parameters */
1527:board/stm32f401rct6/Drivers/STM32F4xx_HAL_Driver/Src/stm32f4xx_hal_rcc_ex.c ****       assert_param(IS_RCC_PLLI2SR_VALUE(PeriphClkInit->PLLI2S.PLLI2SR));
1528:board/stm32f401rct6/Drivers/STM32F4xx_HAL_Driver/Src/stm32f4xx_hal_rcc_ex.c ****       assert_param(IS_RCC_PLLI2SQ_VALUE(PeriphClkInit->PLLI2S.PLLI2SQ));
1529:board/stm32f401rct6/Drivers/STM32F4xx_HAL_Driver/Src/stm32f4xx_hal_rcc_ex.c **** 
1530:board/stm32f401rct6/Drivers/STM32F4xx_HAL_Driver/Src/stm32f4xx_hal_rcc_ex.c ****       /* Configure the PLLI2S division factors */
1531:board/stm32f401rct6/Drivers/STM32F4xx_HAL_Driver/Src/stm32f4xx_hal_rcc_ex.c ****       /* PLLI2S_VCO = f(VCO clock) = f(PLLI2S clock input) * (PLLI2SN/PLLI2SM)*/
1532:board/stm32f401rct6/Drivers/STM32F4xx_HAL_Driver/Src/stm32f4xx_hal_rcc_ex.c ****       /* I2SCLK = f(PLLI2S clock output) = f(VCO clock) / PLLI2SR */
1533:board/stm32f401rct6/Drivers/STM32F4xx_HAL_Driver/Src/stm32f4xx_hal_rcc_ex.c ****       __HAL_RCC_PLLI2S_CONFIG(PeriphClkInit->PLLI2S.PLLI2SM, PeriphClkInit->PLLI2S.PLLI2SN, PeriphC
1534:board/stm32f401rct6/Drivers/STM32F4xx_HAL_Driver/Src/stm32f4xx_hal_rcc_ex.c ****                               PeriphClkInit->PLLI2S.PLLI2SR);
1535:board/stm32f401rct6/Drivers/STM32F4xx_HAL_Driver/Src/stm32f4xx_hal_rcc_ex.c ****     }
1536:board/stm32f401rct6/Drivers/STM32F4xx_HAL_Driver/Src/stm32f4xx_hal_rcc_ex.c **** 
1537:board/stm32f401rct6/Drivers/STM32F4xx_HAL_Driver/Src/stm32f4xx_hal_rcc_ex.c **** #if defined(STM32F413xx) || defined(STM32F423xx)
1538:board/stm32f401rct6/Drivers/STM32F4xx_HAL_Driver/Src/stm32f4xx_hal_rcc_ex.c ****     /*------- In Case of PLLI2S is selected as source clock for SAI ----------*/
1539:board/stm32f401rct6/Drivers/STM32F4xx_HAL_Driver/Src/stm32f4xx_hal_rcc_ex.c ****     if (((((PeriphClkInit->PeriphClockSelection) & RCC_PERIPHCLK_SAIA) == RCC_PERIPHCLK_SAIA)
1540:board/stm32f401rct6/Drivers/STM32F4xx_HAL_Driver/Src/stm32f4xx_hal_rcc_ex.c ****          && (PeriphClkInit->SaiAClockSelection == RCC_SAIACLKSOURCE_PLLI2SR)) ||
1541:board/stm32f401rct6/Drivers/STM32F4xx_HAL_Driver/Src/stm32f4xx_hal_rcc_ex.c ****         ((((PeriphClkInit->PeriphClockSelection) & RCC_PERIPHCLK_SAIB) == RCC_PERIPHCLK_SAIB) && (P
1542:board/stm32f401rct6/Drivers/STM32F4xx_HAL_Driver/Src/stm32f4xx_hal_rcc_ex.c ****     {
1543:board/stm32f401rct6/Drivers/STM32F4xx_HAL_Driver/Src/stm32f4xx_hal_rcc_ex.c ****       /* Check for PLLI2S Parameters */
1544:board/stm32f401rct6/Drivers/STM32F4xx_HAL_Driver/Src/stm32f4xx_hal_rcc_ex.c ****       assert_param(IS_RCC_PLLI2SR_VALUE(PeriphClkInit->PLLI2S.PLLI2SR));
1545:board/stm32f401rct6/Drivers/STM32F4xx_HAL_Driver/Src/stm32f4xx_hal_rcc_ex.c ****       /* Check for PLLI2S/DIVR parameters */
1546:board/stm32f401rct6/Drivers/STM32F4xx_HAL_Driver/Src/stm32f4xx_hal_rcc_ex.c ****       assert_param(IS_RCC_PLLI2S_DIVR_VALUE(PeriphClkInit->PLLI2SDivR));
1547:board/stm32f401rct6/Drivers/STM32F4xx_HAL_Driver/Src/stm32f4xx_hal_rcc_ex.c **** 
1548:board/stm32f401rct6/Drivers/STM32F4xx_HAL_Driver/Src/stm32f4xx_hal_rcc_ex.c ****       /* Read PLLI2SQ value from PLLI2SCFGR register (this value is not needed for SAI configuratio
1549:board/stm32f401rct6/Drivers/STM32F4xx_HAL_Driver/Src/stm32f4xx_hal_rcc_ex.c ****       plli2sq = ((RCC->PLLI2SCFGR & RCC_PLLI2SCFGR_PLLI2SQ) >> RCC_PLLI2SCFGR_PLLI2SQ_Pos);
1550:board/stm32f401rct6/Drivers/STM32F4xx_HAL_Driver/Src/stm32f4xx_hal_rcc_ex.c ****       /* Configure the PLLI2S division factors */
1551:board/stm32f401rct6/Drivers/STM32F4xx_HAL_Driver/Src/stm32f4xx_hal_rcc_ex.c ****       /* PLLI2S_VCO Input  = PLL_SOURCE/PLLI2SM */
1552:board/stm32f401rct6/Drivers/STM32F4xx_HAL_Driver/Src/stm32f4xx_hal_rcc_ex.c ****       /* PLLI2S_VCO Output = PLLI2S_VCO Input * PLLI2SN */
1553:board/stm32f401rct6/Drivers/STM32F4xx_HAL_Driver/Src/stm32f4xx_hal_rcc_ex.c ****       /* SAI_CLK(first level) = PLLI2S_VCO Output/PLLI2SQ */
1554:board/stm32f401rct6/Drivers/STM32F4xx_HAL_Driver/Src/stm32f4xx_hal_rcc_ex.c ****       __HAL_RCC_PLLI2S_CONFIG(PeriphClkInit->PLLI2S.PLLI2SM, PeriphClkInit->PLLI2S.PLLI2SN, plli2sq
1555:board/stm32f401rct6/Drivers/STM32F4xx_HAL_Driver/Src/stm32f4xx_hal_rcc_ex.c ****                               PeriphClkInit->PLLI2S.PLLI2SR);
1556:board/stm32f401rct6/Drivers/STM32F4xx_HAL_Driver/Src/stm32f4xx_hal_rcc_ex.c **** 
1557:board/stm32f401rct6/Drivers/STM32F4xx_HAL_Driver/Src/stm32f4xx_hal_rcc_ex.c ****       /* SAI_CLK_x = SAI_CLK(first level)/PLLI2SDIVR */
1558:board/stm32f401rct6/Drivers/STM32F4xx_HAL_Driver/Src/stm32f4xx_hal_rcc_ex.c ****       __HAL_RCC_PLLI2S_PLLSAICLKDIVR_CONFIG(PeriphClkInit->PLLI2SDivR);
1559:board/stm32f401rct6/Drivers/STM32F4xx_HAL_Driver/Src/stm32f4xx_hal_rcc_ex.c ****     }
1560:board/stm32f401rct6/Drivers/STM32F4xx_HAL_Driver/Src/stm32f4xx_hal_rcc_ex.c **** #endif /* STM32F413xx || STM32F423xx */
1561:board/stm32f401rct6/Drivers/STM32F4xx_HAL_Driver/Src/stm32f4xx_hal_rcc_ex.c **** 
1562:board/stm32f401rct6/Drivers/STM32F4xx_HAL_Driver/Src/stm32f4xx_hal_rcc_ex.c ****     /*----------------- In Case of PLLI2S is just selected  ------------------*/
1563:board/stm32f401rct6/Drivers/STM32F4xx_HAL_Driver/Src/stm32f4xx_hal_rcc_ex.c ****     if ((PeriphClkInit->PeriphClockSelection & RCC_PERIPHCLK_PLLI2S) == RCC_PERIPHCLK_PLLI2S)
1564:board/stm32f401rct6/Drivers/STM32F4xx_HAL_Driver/Src/stm32f4xx_hal_rcc_ex.c ****     {
1565:board/stm32f401rct6/Drivers/STM32F4xx_HAL_Driver/Src/stm32f4xx_hal_rcc_ex.c ****       /* Check for Parameters */
1566:board/stm32f401rct6/Drivers/STM32F4xx_HAL_Driver/Src/stm32f4xx_hal_rcc_ex.c ****       assert_param(IS_RCC_PLLI2SR_VALUE(PeriphClkInit->PLLI2S.PLLI2SR));
1567:board/stm32f401rct6/Drivers/STM32F4xx_HAL_Driver/Src/stm32f4xx_hal_rcc_ex.c ****       assert_param(IS_RCC_PLLI2SQ_VALUE(PeriphClkInit->PLLI2S.PLLI2SQ));
1568:board/stm32f401rct6/Drivers/STM32F4xx_HAL_Driver/Src/stm32f4xx_hal_rcc_ex.c **** 
ARM GAS  C:\Users\Admin\AppData\Local\Temp\ccCVg1CA.s 			page 29


1569:board/stm32f401rct6/Drivers/STM32F4xx_HAL_Driver/Src/stm32f4xx_hal_rcc_ex.c ****       /* Configure the PLLI2S division factors */
1570:board/stm32f401rct6/Drivers/STM32F4xx_HAL_Driver/Src/stm32f4xx_hal_rcc_ex.c ****       /* PLLI2S_VCO = f(VCO clock) = f(PLLI2S clock input) * (PLLI2SN/PLLI2SM)*/
1571:board/stm32f401rct6/Drivers/STM32F4xx_HAL_Driver/Src/stm32f4xx_hal_rcc_ex.c ****       /* SPDIFRXCLK = f(PLLI2S clock output) = f(VCO clock) / PLLI2SP */
1572:board/stm32f401rct6/Drivers/STM32F4xx_HAL_Driver/Src/stm32f4xx_hal_rcc_ex.c ****       __HAL_RCC_PLLI2S_CONFIG(PeriphClkInit->PLLI2S.PLLI2SM, PeriphClkInit->PLLI2S.PLLI2SN, PeriphC
1573:board/stm32f401rct6/Drivers/STM32F4xx_HAL_Driver/Src/stm32f4xx_hal_rcc_ex.c ****                               PeriphClkInit->PLLI2S.PLLI2SR);
1574:board/stm32f401rct6/Drivers/STM32F4xx_HAL_Driver/Src/stm32f4xx_hal_rcc_ex.c ****     }
1575:board/stm32f401rct6/Drivers/STM32F4xx_HAL_Driver/Src/stm32f4xx_hal_rcc_ex.c **** 
1576:board/stm32f401rct6/Drivers/STM32F4xx_HAL_Driver/Src/stm32f4xx_hal_rcc_ex.c ****     /* Enable the PLLI2S */
1577:board/stm32f401rct6/Drivers/STM32F4xx_HAL_Driver/Src/stm32f4xx_hal_rcc_ex.c ****     __HAL_RCC_PLLI2S_ENABLE();
1578:board/stm32f401rct6/Drivers/STM32F4xx_HAL_Driver/Src/stm32f4xx_hal_rcc_ex.c ****     /* Get tick */
1579:board/stm32f401rct6/Drivers/STM32F4xx_HAL_Driver/Src/stm32f4xx_hal_rcc_ex.c ****     tickstart = HAL_GetTick();
1580:board/stm32f401rct6/Drivers/STM32F4xx_HAL_Driver/Src/stm32f4xx_hal_rcc_ex.c ****     /* Wait till PLLI2S is ready */
1581:board/stm32f401rct6/Drivers/STM32F4xx_HAL_Driver/Src/stm32f4xx_hal_rcc_ex.c ****     while (__HAL_RCC_GET_FLAG(RCC_FLAG_PLLI2SRDY)  == RESET)
1582:board/stm32f401rct6/Drivers/STM32F4xx_HAL_Driver/Src/stm32f4xx_hal_rcc_ex.c ****     {
1583:board/stm32f401rct6/Drivers/STM32F4xx_HAL_Driver/Src/stm32f4xx_hal_rcc_ex.c ****       if ((HAL_GetTick() - tickstart) > PLLI2S_TIMEOUT_VALUE)
1584:board/stm32f401rct6/Drivers/STM32F4xx_HAL_Driver/Src/stm32f4xx_hal_rcc_ex.c ****       {
1585:board/stm32f401rct6/Drivers/STM32F4xx_HAL_Driver/Src/stm32f4xx_hal_rcc_ex.c ****         /* return in case of Timeout detected */
1586:board/stm32f401rct6/Drivers/STM32F4xx_HAL_Driver/Src/stm32f4xx_hal_rcc_ex.c ****         return HAL_TIMEOUT;
1587:board/stm32f401rct6/Drivers/STM32F4xx_HAL_Driver/Src/stm32f4xx_hal_rcc_ex.c ****       }
1588:board/stm32f401rct6/Drivers/STM32F4xx_HAL_Driver/Src/stm32f4xx_hal_rcc_ex.c ****     }
1589:board/stm32f401rct6/Drivers/STM32F4xx_HAL_Driver/Src/stm32f4xx_hal_rcc_ex.c ****   }
1590:board/stm32f401rct6/Drivers/STM32F4xx_HAL_Driver/Src/stm32f4xx_hal_rcc_ex.c ****   /*--------------------------------------------------------------------------*/
1591:board/stm32f401rct6/Drivers/STM32F4xx_HAL_Driver/Src/stm32f4xx_hal_rcc_ex.c **** 
1592:board/stm32f401rct6/Drivers/STM32F4xx_HAL_Driver/Src/stm32f4xx_hal_rcc_ex.c ****   /*-------------------- DFSDM1 clock source configuration -------------------*/
1593:board/stm32f401rct6/Drivers/STM32F4xx_HAL_Driver/Src/stm32f4xx_hal_rcc_ex.c ****   if (((PeriphClkInit->PeriphClockSelection) & RCC_PERIPHCLK_DFSDM1) == RCC_PERIPHCLK_DFSDM1)
1594:board/stm32f401rct6/Drivers/STM32F4xx_HAL_Driver/Src/stm32f4xx_hal_rcc_ex.c ****   {
1595:board/stm32f401rct6/Drivers/STM32F4xx_HAL_Driver/Src/stm32f4xx_hal_rcc_ex.c ****     /* Check the parameters */
1596:board/stm32f401rct6/Drivers/STM32F4xx_HAL_Driver/Src/stm32f4xx_hal_rcc_ex.c ****     assert_param(IS_RCC_DFSDM1CLKSOURCE(PeriphClkInit->Dfsdm1ClockSelection));
1597:board/stm32f401rct6/Drivers/STM32F4xx_HAL_Driver/Src/stm32f4xx_hal_rcc_ex.c **** 
1598:board/stm32f401rct6/Drivers/STM32F4xx_HAL_Driver/Src/stm32f4xx_hal_rcc_ex.c ****     /* Configure the DFSDM1 interface clock source */
1599:board/stm32f401rct6/Drivers/STM32F4xx_HAL_Driver/Src/stm32f4xx_hal_rcc_ex.c ****     __HAL_RCC_DFSDM1_CONFIG(PeriphClkInit->Dfsdm1ClockSelection);
1600:board/stm32f401rct6/Drivers/STM32F4xx_HAL_Driver/Src/stm32f4xx_hal_rcc_ex.c ****   }
1601:board/stm32f401rct6/Drivers/STM32F4xx_HAL_Driver/Src/stm32f4xx_hal_rcc_ex.c ****   /*--------------------------------------------------------------------------*/
1602:board/stm32f401rct6/Drivers/STM32F4xx_HAL_Driver/Src/stm32f4xx_hal_rcc_ex.c **** 
1603:board/stm32f401rct6/Drivers/STM32F4xx_HAL_Driver/Src/stm32f4xx_hal_rcc_ex.c ****   /*-------------------- DFSDM1 Audio clock source configuration -------------*/
1604:board/stm32f401rct6/Drivers/STM32F4xx_HAL_Driver/Src/stm32f4xx_hal_rcc_ex.c ****   if (((PeriphClkInit->PeriphClockSelection) & RCC_PERIPHCLK_DFSDM1_AUDIO) == RCC_PERIPHCLK_DFSDM1_
1605:board/stm32f401rct6/Drivers/STM32F4xx_HAL_Driver/Src/stm32f4xx_hal_rcc_ex.c ****   {
1606:board/stm32f401rct6/Drivers/STM32F4xx_HAL_Driver/Src/stm32f4xx_hal_rcc_ex.c ****     /* Check the parameters */
1607:board/stm32f401rct6/Drivers/STM32F4xx_HAL_Driver/Src/stm32f4xx_hal_rcc_ex.c ****     assert_param(IS_RCC_DFSDM1AUDIOCLKSOURCE(PeriphClkInit->Dfsdm1AudioClockSelection));
1608:board/stm32f401rct6/Drivers/STM32F4xx_HAL_Driver/Src/stm32f4xx_hal_rcc_ex.c **** 
1609:board/stm32f401rct6/Drivers/STM32F4xx_HAL_Driver/Src/stm32f4xx_hal_rcc_ex.c ****     /* Configure the DFSDM1 Audio interface clock source */
1610:board/stm32f401rct6/Drivers/STM32F4xx_HAL_Driver/Src/stm32f4xx_hal_rcc_ex.c ****     __HAL_RCC_DFSDM1AUDIO_CONFIG(PeriphClkInit->Dfsdm1AudioClockSelection);
1611:board/stm32f401rct6/Drivers/STM32F4xx_HAL_Driver/Src/stm32f4xx_hal_rcc_ex.c ****   }
1612:board/stm32f401rct6/Drivers/STM32F4xx_HAL_Driver/Src/stm32f4xx_hal_rcc_ex.c ****   /*--------------------------------------------------------------------------*/
1613:board/stm32f401rct6/Drivers/STM32F4xx_HAL_Driver/Src/stm32f4xx_hal_rcc_ex.c **** 
1614:board/stm32f401rct6/Drivers/STM32F4xx_HAL_Driver/Src/stm32f4xx_hal_rcc_ex.c **** #if defined(STM32F413xx) || defined(STM32F423xx)
1615:board/stm32f401rct6/Drivers/STM32F4xx_HAL_Driver/Src/stm32f4xx_hal_rcc_ex.c ****   /*-------------------- DFSDM2 clock source configuration -------------------*/
1616:board/stm32f401rct6/Drivers/STM32F4xx_HAL_Driver/Src/stm32f4xx_hal_rcc_ex.c ****   if (((PeriphClkInit->PeriphClockSelection) & RCC_PERIPHCLK_DFSDM2) == RCC_PERIPHCLK_DFSDM2)
1617:board/stm32f401rct6/Drivers/STM32F4xx_HAL_Driver/Src/stm32f4xx_hal_rcc_ex.c ****   {
1618:board/stm32f401rct6/Drivers/STM32F4xx_HAL_Driver/Src/stm32f4xx_hal_rcc_ex.c ****     /* Check the parameters */
1619:board/stm32f401rct6/Drivers/STM32F4xx_HAL_Driver/Src/stm32f4xx_hal_rcc_ex.c ****     assert_param(IS_RCC_DFSDM2CLKSOURCE(PeriphClkInit->Dfsdm2ClockSelection));
1620:board/stm32f401rct6/Drivers/STM32F4xx_HAL_Driver/Src/stm32f4xx_hal_rcc_ex.c **** 
1621:board/stm32f401rct6/Drivers/STM32F4xx_HAL_Driver/Src/stm32f4xx_hal_rcc_ex.c ****     /* Configure the DFSDM1 interface clock source */
1622:board/stm32f401rct6/Drivers/STM32F4xx_HAL_Driver/Src/stm32f4xx_hal_rcc_ex.c ****     __HAL_RCC_DFSDM2_CONFIG(PeriphClkInit->Dfsdm2ClockSelection);
1623:board/stm32f401rct6/Drivers/STM32F4xx_HAL_Driver/Src/stm32f4xx_hal_rcc_ex.c ****   }
1624:board/stm32f401rct6/Drivers/STM32F4xx_HAL_Driver/Src/stm32f4xx_hal_rcc_ex.c ****   /*--------------------------------------------------------------------------*/
1625:board/stm32f401rct6/Drivers/STM32F4xx_HAL_Driver/Src/stm32f4xx_hal_rcc_ex.c **** 
ARM GAS  C:\Users\Admin\AppData\Local\Temp\ccCVg1CA.s 			page 30


1626:board/stm32f401rct6/Drivers/STM32F4xx_HAL_Driver/Src/stm32f4xx_hal_rcc_ex.c ****   /*-------------------- DFSDM2 Audio clock source configuration -------------*/
1627:board/stm32f401rct6/Drivers/STM32F4xx_HAL_Driver/Src/stm32f4xx_hal_rcc_ex.c ****   if (((PeriphClkInit->PeriphClockSelection) & RCC_PERIPHCLK_DFSDM2_AUDIO) == RCC_PERIPHCLK_DFSDM2_
1628:board/stm32f401rct6/Drivers/STM32F4xx_HAL_Driver/Src/stm32f4xx_hal_rcc_ex.c ****   {
1629:board/stm32f401rct6/Drivers/STM32F4xx_HAL_Driver/Src/stm32f4xx_hal_rcc_ex.c ****     /* Check the parameters */
1630:board/stm32f401rct6/Drivers/STM32F4xx_HAL_Driver/Src/stm32f4xx_hal_rcc_ex.c ****     assert_param(IS_RCC_DFSDM2AUDIOCLKSOURCE(PeriphClkInit->Dfsdm2AudioClockSelection));
1631:board/stm32f401rct6/Drivers/STM32F4xx_HAL_Driver/Src/stm32f4xx_hal_rcc_ex.c **** 
1632:board/stm32f401rct6/Drivers/STM32F4xx_HAL_Driver/Src/stm32f4xx_hal_rcc_ex.c ****     /* Configure the DFSDM1 Audio interface clock source */
1633:board/stm32f401rct6/Drivers/STM32F4xx_HAL_Driver/Src/stm32f4xx_hal_rcc_ex.c ****     __HAL_RCC_DFSDM2AUDIO_CONFIG(PeriphClkInit->Dfsdm2AudioClockSelection);
1634:board/stm32f401rct6/Drivers/STM32F4xx_HAL_Driver/Src/stm32f4xx_hal_rcc_ex.c ****   }
1635:board/stm32f401rct6/Drivers/STM32F4xx_HAL_Driver/Src/stm32f4xx_hal_rcc_ex.c ****   /*--------------------------------------------------------------------------*/
1636:board/stm32f401rct6/Drivers/STM32F4xx_HAL_Driver/Src/stm32f4xx_hal_rcc_ex.c **** 
1637:board/stm32f401rct6/Drivers/STM32F4xx_HAL_Driver/Src/stm32f4xx_hal_rcc_ex.c ****   /*---------------------------- LPTIM1 Configuration ------------------------*/
1638:board/stm32f401rct6/Drivers/STM32F4xx_HAL_Driver/Src/stm32f4xx_hal_rcc_ex.c ****   if (((PeriphClkInit->PeriphClockSelection) & RCC_PERIPHCLK_LPTIM1) == RCC_PERIPHCLK_LPTIM1)
1639:board/stm32f401rct6/Drivers/STM32F4xx_HAL_Driver/Src/stm32f4xx_hal_rcc_ex.c ****   {
1640:board/stm32f401rct6/Drivers/STM32F4xx_HAL_Driver/Src/stm32f4xx_hal_rcc_ex.c ****     /* Check the parameters */
1641:board/stm32f401rct6/Drivers/STM32F4xx_HAL_Driver/Src/stm32f4xx_hal_rcc_ex.c ****     assert_param(IS_RCC_LPTIM1CLKSOURCE(PeriphClkInit->Lptim1ClockSelection));
1642:board/stm32f401rct6/Drivers/STM32F4xx_HAL_Driver/Src/stm32f4xx_hal_rcc_ex.c **** 
1643:board/stm32f401rct6/Drivers/STM32F4xx_HAL_Driver/Src/stm32f4xx_hal_rcc_ex.c ****     /* Configure the LPTIM1 clock source */
1644:board/stm32f401rct6/Drivers/STM32F4xx_HAL_Driver/Src/stm32f4xx_hal_rcc_ex.c ****     __HAL_RCC_LPTIM1_CONFIG(PeriphClkInit->Lptim1ClockSelection);
1645:board/stm32f401rct6/Drivers/STM32F4xx_HAL_Driver/Src/stm32f4xx_hal_rcc_ex.c ****   }
1646:board/stm32f401rct6/Drivers/STM32F4xx_HAL_Driver/Src/stm32f4xx_hal_rcc_ex.c ****   /*--------------------------------------------------------------------------*/
1647:board/stm32f401rct6/Drivers/STM32F4xx_HAL_Driver/Src/stm32f4xx_hal_rcc_ex.c **** #endif /* STM32F413xx || STM32F423xx */
1648:board/stm32f401rct6/Drivers/STM32F4xx_HAL_Driver/Src/stm32f4xx_hal_rcc_ex.c **** 
1649:board/stm32f401rct6/Drivers/STM32F4xx_HAL_Driver/Src/stm32f4xx_hal_rcc_ex.c ****   return HAL_OK;
1650:board/stm32f401rct6/Drivers/STM32F4xx_HAL_Driver/Src/stm32f4xx_hal_rcc_ex.c **** }
1651:board/stm32f401rct6/Drivers/STM32F4xx_HAL_Driver/Src/stm32f4xx_hal_rcc_ex.c **** 
1652:board/stm32f401rct6/Drivers/STM32F4xx_HAL_Driver/Src/stm32f4xx_hal_rcc_ex.c **** /**
1653:board/stm32f401rct6/Drivers/STM32F4xx_HAL_Driver/Src/stm32f4xx_hal_rcc_ex.c ****   * @brief  Get the RCC_PeriphCLKInitTypeDef according to the internal
1654:board/stm32f401rct6/Drivers/STM32F4xx_HAL_Driver/Src/stm32f4xx_hal_rcc_ex.c ****   *         RCC configuration registers.
1655:board/stm32f401rct6/Drivers/STM32F4xx_HAL_Driver/Src/stm32f4xx_hal_rcc_ex.c ****   * @param  PeriphClkInit pointer to an RCC_PeriphCLKInitTypeDef structure that
1656:board/stm32f401rct6/Drivers/STM32F4xx_HAL_Driver/Src/stm32f4xx_hal_rcc_ex.c ****   *         will be configured.
1657:board/stm32f401rct6/Drivers/STM32F4xx_HAL_Driver/Src/stm32f4xx_hal_rcc_ex.c ****   * @retval None
1658:board/stm32f401rct6/Drivers/STM32F4xx_HAL_Driver/Src/stm32f4xx_hal_rcc_ex.c ****   */
1659:board/stm32f401rct6/Drivers/STM32F4xx_HAL_Driver/Src/stm32f4xx_hal_rcc_ex.c **** void HAL_RCCEx_GetPeriphCLKConfig(RCC_PeriphCLKInitTypeDef  *PeriphClkInit)
1660:board/stm32f401rct6/Drivers/STM32F4xx_HAL_Driver/Src/stm32f4xx_hal_rcc_ex.c **** {
1661:board/stm32f401rct6/Drivers/STM32F4xx_HAL_Driver/Src/stm32f4xx_hal_rcc_ex.c ****   uint32_t tempreg;
1662:board/stm32f401rct6/Drivers/STM32F4xx_HAL_Driver/Src/stm32f4xx_hal_rcc_ex.c **** 
1663:board/stm32f401rct6/Drivers/STM32F4xx_HAL_Driver/Src/stm32f4xx_hal_rcc_ex.c ****   /* Set all possible values for the extended clock type parameter------------*/
1664:board/stm32f401rct6/Drivers/STM32F4xx_HAL_Driver/Src/stm32f4xx_hal_rcc_ex.c **** #if defined(STM32F413xx) || defined(STM32F423xx)
1665:board/stm32f401rct6/Drivers/STM32F4xx_HAL_Driver/Src/stm32f4xx_hal_rcc_ex.c ****   PeriphClkInit->PeriphClockSelection = RCC_PERIPHCLK_I2S_APB1     | RCC_PERIPHCLK_I2S_APB2 | \
1666:board/stm32f401rct6/Drivers/STM32F4xx_HAL_Driver/Src/stm32f4xx_hal_rcc_ex.c ****                                         RCC_PERIPHCLK_TIM          | RCC_PERIPHCLK_RTC      | \
1667:board/stm32f401rct6/Drivers/STM32F4xx_HAL_Driver/Src/stm32f4xx_hal_rcc_ex.c ****                                         RCC_PERIPHCLK_FMPI2C1      | RCC_PERIPHCLK_CLK48    | \
1668:board/stm32f401rct6/Drivers/STM32F4xx_HAL_Driver/Src/stm32f4xx_hal_rcc_ex.c ****                                         RCC_PERIPHCLK_SDIO         | RCC_PERIPHCLK_DFSDM1   | \
1669:board/stm32f401rct6/Drivers/STM32F4xx_HAL_Driver/Src/stm32f4xx_hal_rcc_ex.c ****                                         RCC_PERIPHCLK_DFSDM1_AUDIO | RCC_PERIPHCLK_DFSDM2   | \
1670:board/stm32f401rct6/Drivers/STM32F4xx_HAL_Driver/Src/stm32f4xx_hal_rcc_ex.c ****                                         RCC_PERIPHCLK_DFSDM2_AUDIO | RCC_PERIPHCLK_LPTIM1   | \
1671:board/stm32f401rct6/Drivers/STM32F4xx_HAL_Driver/Src/stm32f4xx_hal_rcc_ex.c ****                                         RCC_PERIPHCLK_SAIA         | RCC_PERIPHCLK_SAIB;
1672:board/stm32f401rct6/Drivers/STM32F4xx_HAL_Driver/Src/stm32f4xx_hal_rcc_ex.c **** #else /* STM32F412Zx || STM32F412Vx || STM32F412Rx || STM32F412Cx */
1673:board/stm32f401rct6/Drivers/STM32F4xx_HAL_Driver/Src/stm32f4xx_hal_rcc_ex.c ****   PeriphClkInit->PeriphClockSelection = RCC_PERIPHCLK_I2S_APB1 | RCC_PERIPHCLK_I2S_APB2 | \
1674:board/stm32f401rct6/Drivers/STM32F4xx_HAL_Driver/Src/stm32f4xx_hal_rcc_ex.c ****                                         RCC_PERIPHCLK_TIM      | RCC_PERIPHCLK_RTC      | \
1675:board/stm32f401rct6/Drivers/STM32F4xx_HAL_Driver/Src/stm32f4xx_hal_rcc_ex.c ****                                         RCC_PERIPHCLK_FMPI2C1  | RCC_PERIPHCLK_CLK48    | \
1676:board/stm32f401rct6/Drivers/STM32F4xx_HAL_Driver/Src/stm32f4xx_hal_rcc_ex.c ****                                         RCC_PERIPHCLK_SDIO     | RCC_PERIPHCLK_DFSDM1   | \
1677:board/stm32f401rct6/Drivers/STM32F4xx_HAL_Driver/Src/stm32f4xx_hal_rcc_ex.c ****                                         RCC_PERIPHCLK_DFSDM1_AUDIO;
1678:board/stm32f401rct6/Drivers/STM32F4xx_HAL_Driver/Src/stm32f4xx_hal_rcc_ex.c **** #endif /* STM32F413xx || STM32F423xx */
1679:board/stm32f401rct6/Drivers/STM32F4xx_HAL_Driver/Src/stm32f4xx_hal_rcc_ex.c **** 
1680:board/stm32f401rct6/Drivers/STM32F4xx_HAL_Driver/Src/stm32f4xx_hal_rcc_ex.c **** 
1681:board/stm32f401rct6/Drivers/STM32F4xx_HAL_Driver/Src/stm32f4xx_hal_rcc_ex.c **** 
1682:board/stm32f401rct6/Drivers/STM32F4xx_HAL_Driver/Src/stm32f4xx_hal_rcc_ex.c ****   /* Get the PLLI2S Clock configuration --------------------------------------*/
ARM GAS  C:\Users\Admin\AppData\Local\Temp\ccCVg1CA.s 			page 31


1683:board/stm32f401rct6/Drivers/STM32F4xx_HAL_Driver/Src/stm32f4xx_hal_rcc_ex.c ****   PeriphClkInit->PLLI2S.PLLI2SM = (uint32_t)((RCC->PLLI2SCFGR & RCC_PLLI2SCFGR_PLLI2SM) >> RCC_PLLI
1684:board/stm32f401rct6/Drivers/STM32F4xx_HAL_Driver/Src/stm32f4xx_hal_rcc_ex.c ****   PeriphClkInit->PLLI2S.PLLI2SN = (uint32_t)((RCC->PLLI2SCFGR & RCC_PLLI2SCFGR_PLLI2SN) >> RCC_PLLI
1685:board/stm32f401rct6/Drivers/STM32F4xx_HAL_Driver/Src/stm32f4xx_hal_rcc_ex.c ****   PeriphClkInit->PLLI2S.PLLI2SQ = (uint32_t)((RCC->PLLI2SCFGR & RCC_PLLI2SCFGR_PLLI2SQ) >> RCC_PLLI
1686:board/stm32f401rct6/Drivers/STM32F4xx_HAL_Driver/Src/stm32f4xx_hal_rcc_ex.c ****   PeriphClkInit->PLLI2S.PLLI2SR = (uint32_t)((RCC->PLLI2SCFGR & RCC_PLLI2SCFGR_PLLI2SR) >> RCC_PLLI
1687:board/stm32f401rct6/Drivers/STM32F4xx_HAL_Driver/Src/stm32f4xx_hal_rcc_ex.c **** #if defined(STM32F413xx) || defined(STM32F423xx)
1688:board/stm32f401rct6/Drivers/STM32F4xx_HAL_Driver/Src/stm32f4xx_hal_rcc_ex.c ****   /* Get the PLL/PLLI2S division factors -------------------------------------*/
1689:board/stm32f401rct6/Drivers/STM32F4xx_HAL_Driver/Src/stm32f4xx_hal_rcc_ex.c ****   PeriphClkInit->PLLI2SDivR = (uint32_t)((RCC->DCKCFGR & RCC_DCKCFGR_PLLI2SDIVR) >> RCC_DCKCFGR_PLL
1690:board/stm32f401rct6/Drivers/STM32F4xx_HAL_Driver/Src/stm32f4xx_hal_rcc_ex.c ****   PeriphClkInit->PLLDivR = (uint32_t)((RCC->DCKCFGR & RCC_DCKCFGR_PLLDIVR) >> RCC_DCKCFGR_PLLDIVR_P
1691:board/stm32f401rct6/Drivers/STM32F4xx_HAL_Driver/Src/stm32f4xx_hal_rcc_ex.c **** #endif /* STM32F413xx || STM32F423xx */
1692:board/stm32f401rct6/Drivers/STM32F4xx_HAL_Driver/Src/stm32f4xx_hal_rcc_ex.c **** 
1693:board/stm32f401rct6/Drivers/STM32F4xx_HAL_Driver/Src/stm32f4xx_hal_rcc_ex.c ****   /* Get the I2S APB1 clock configuration ------------------------------------*/
1694:board/stm32f401rct6/Drivers/STM32F4xx_HAL_Driver/Src/stm32f4xx_hal_rcc_ex.c ****   PeriphClkInit->I2sApb1ClockSelection = __HAL_RCC_GET_I2S_APB1_SOURCE();
1695:board/stm32f401rct6/Drivers/STM32F4xx_HAL_Driver/Src/stm32f4xx_hal_rcc_ex.c **** 
1696:board/stm32f401rct6/Drivers/STM32F4xx_HAL_Driver/Src/stm32f4xx_hal_rcc_ex.c ****   /* Get the I2S APB2 clock configuration ------------------------------------*/
1697:board/stm32f401rct6/Drivers/STM32F4xx_HAL_Driver/Src/stm32f4xx_hal_rcc_ex.c ****   PeriphClkInit->I2sApb2ClockSelection = __HAL_RCC_GET_I2S_APB2_SOURCE();
1698:board/stm32f401rct6/Drivers/STM32F4xx_HAL_Driver/Src/stm32f4xx_hal_rcc_ex.c **** 
1699:board/stm32f401rct6/Drivers/STM32F4xx_HAL_Driver/Src/stm32f4xx_hal_rcc_ex.c ****   /* Get the RTC Clock configuration -----------------------------------------*/
1700:board/stm32f401rct6/Drivers/STM32F4xx_HAL_Driver/Src/stm32f4xx_hal_rcc_ex.c ****   tempreg = (RCC->CFGR & RCC_CFGR_RTCPRE);
1701:board/stm32f401rct6/Drivers/STM32F4xx_HAL_Driver/Src/stm32f4xx_hal_rcc_ex.c ****   PeriphClkInit->RTCClockSelection = (uint32_t)((tempreg) | (RCC->BDCR & RCC_BDCR_RTCSEL));
1702:board/stm32f401rct6/Drivers/STM32F4xx_HAL_Driver/Src/stm32f4xx_hal_rcc_ex.c **** 
1703:board/stm32f401rct6/Drivers/STM32F4xx_HAL_Driver/Src/stm32f4xx_hal_rcc_ex.c ****   /* Get the FMPI2C1 clock configuration -------------------------------------*/
1704:board/stm32f401rct6/Drivers/STM32F4xx_HAL_Driver/Src/stm32f4xx_hal_rcc_ex.c ****   PeriphClkInit->Fmpi2c1ClockSelection = __HAL_RCC_GET_FMPI2C1_SOURCE();
1705:board/stm32f401rct6/Drivers/STM32F4xx_HAL_Driver/Src/stm32f4xx_hal_rcc_ex.c **** 
1706:board/stm32f401rct6/Drivers/STM32F4xx_HAL_Driver/Src/stm32f4xx_hal_rcc_ex.c ****   /* Get the CLK48 clock configuration ---------------------------------------*/
1707:board/stm32f401rct6/Drivers/STM32F4xx_HAL_Driver/Src/stm32f4xx_hal_rcc_ex.c ****   PeriphClkInit->Clk48ClockSelection = __HAL_RCC_GET_CLK48_SOURCE();
1708:board/stm32f401rct6/Drivers/STM32F4xx_HAL_Driver/Src/stm32f4xx_hal_rcc_ex.c **** 
1709:board/stm32f401rct6/Drivers/STM32F4xx_HAL_Driver/Src/stm32f4xx_hal_rcc_ex.c ****   /* Get the SDIO clock configuration ----------------------------------------*/
1710:board/stm32f401rct6/Drivers/STM32F4xx_HAL_Driver/Src/stm32f4xx_hal_rcc_ex.c ****   PeriphClkInit->SdioClockSelection = __HAL_RCC_GET_SDIO_SOURCE();
1711:board/stm32f401rct6/Drivers/STM32F4xx_HAL_Driver/Src/stm32f4xx_hal_rcc_ex.c **** 
1712:board/stm32f401rct6/Drivers/STM32F4xx_HAL_Driver/Src/stm32f4xx_hal_rcc_ex.c ****   /* Get the DFSDM1 clock configuration --------------------------------------*/
1713:board/stm32f401rct6/Drivers/STM32F4xx_HAL_Driver/Src/stm32f4xx_hal_rcc_ex.c ****   PeriphClkInit->Dfsdm1ClockSelection = __HAL_RCC_GET_DFSDM1_SOURCE();
1714:board/stm32f401rct6/Drivers/STM32F4xx_HAL_Driver/Src/stm32f4xx_hal_rcc_ex.c **** 
1715:board/stm32f401rct6/Drivers/STM32F4xx_HAL_Driver/Src/stm32f4xx_hal_rcc_ex.c ****   /* Get the DFSDM1 Audio clock configuration --------------------------------*/
1716:board/stm32f401rct6/Drivers/STM32F4xx_HAL_Driver/Src/stm32f4xx_hal_rcc_ex.c ****   PeriphClkInit->Dfsdm1AudioClockSelection = __HAL_RCC_GET_DFSDM1AUDIO_SOURCE();
1717:board/stm32f401rct6/Drivers/STM32F4xx_HAL_Driver/Src/stm32f4xx_hal_rcc_ex.c **** 
1718:board/stm32f401rct6/Drivers/STM32F4xx_HAL_Driver/Src/stm32f4xx_hal_rcc_ex.c **** #if defined(STM32F413xx) || defined(STM32F423xx)
1719:board/stm32f401rct6/Drivers/STM32F4xx_HAL_Driver/Src/stm32f4xx_hal_rcc_ex.c ****   /* Get the DFSDM2 clock configuration --------------------------------------*/
1720:board/stm32f401rct6/Drivers/STM32F4xx_HAL_Driver/Src/stm32f4xx_hal_rcc_ex.c ****   PeriphClkInit->Dfsdm2ClockSelection = __HAL_RCC_GET_DFSDM2_SOURCE();
1721:board/stm32f401rct6/Drivers/STM32F4xx_HAL_Driver/Src/stm32f4xx_hal_rcc_ex.c **** 
1722:board/stm32f401rct6/Drivers/STM32F4xx_HAL_Driver/Src/stm32f4xx_hal_rcc_ex.c ****   /* Get the DFSDM2 Audio clock configuration --------------------------------*/
1723:board/stm32f401rct6/Drivers/STM32F4xx_HAL_Driver/Src/stm32f4xx_hal_rcc_ex.c ****   PeriphClkInit->Dfsdm2AudioClockSelection = __HAL_RCC_GET_DFSDM2AUDIO_SOURCE();
1724:board/stm32f401rct6/Drivers/STM32F4xx_HAL_Driver/Src/stm32f4xx_hal_rcc_ex.c **** 
1725:board/stm32f401rct6/Drivers/STM32F4xx_HAL_Driver/Src/stm32f4xx_hal_rcc_ex.c ****   /* Get the LPTIM1 clock configuration --------------------------------------*/
1726:board/stm32f401rct6/Drivers/STM32F4xx_HAL_Driver/Src/stm32f4xx_hal_rcc_ex.c ****   PeriphClkInit->Lptim1ClockSelection = __HAL_RCC_GET_LPTIM1_SOURCE();
1727:board/stm32f401rct6/Drivers/STM32F4xx_HAL_Driver/Src/stm32f4xx_hal_rcc_ex.c **** 
1728:board/stm32f401rct6/Drivers/STM32F4xx_HAL_Driver/Src/stm32f4xx_hal_rcc_ex.c ****   /* Get the SAI1 Block Aclock configuration ---------------------------------*/
1729:board/stm32f401rct6/Drivers/STM32F4xx_HAL_Driver/Src/stm32f4xx_hal_rcc_ex.c ****   PeriphClkInit->SaiAClockSelection = __HAL_RCC_GET_SAI_BLOCKA_SOURCE();
1730:board/stm32f401rct6/Drivers/STM32F4xx_HAL_Driver/Src/stm32f4xx_hal_rcc_ex.c **** 
1731:board/stm32f401rct6/Drivers/STM32F4xx_HAL_Driver/Src/stm32f4xx_hal_rcc_ex.c ****   /* Get the SAI1 Block B clock configuration --------------------------------*/
1732:board/stm32f401rct6/Drivers/STM32F4xx_HAL_Driver/Src/stm32f4xx_hal_rcc_ex.c ****   PeriphClkInit->SaiBClockSelection = __HAL_RCC_GET_SAI_BLOCKB_SOURCE();
1733:board/stm32f401rct6/Drivers/STM32F4xx_HAL_Driver/Src/stm32f4xx_hal_rcc_ex.c **** #endif /* STM32F413xx || STM32F423xx */
1734:board/stm32f401rct6/Drivers/STM32F4xx_HAL_Driver/Src/stm32f4xx_hal_rcc_ex.c **** 
1735:board/stm32f401rct6/Drivers/STM32F4xx_HAL_Driver/Src/stm32f4xx_hal_rcc_ex.c ****   /* Get the TIM Prescaler configuration -------------------------------------*/
1736:board/stm32f401rct6/Drivers/STM32F4xx_HAL_Driver/Src/stm32f4xx_hal_rcc_ex.c ****   if ((RCC->DCKCFGR & RCC_DCKCFGR_TIMPRE) == RESET)
1737:board/stm32f401rct6/Drivers/STM32F4xx_HAL_Driver/Src/stm32f4xx_hal_rcc_ex.c ****   {
1738:board/stm32f401rct6/Drivers/STM32F4xx_HAL_Driver/Src/stm32f4xx_hal_rcc_ex.c ****     PeriphClkInit->TIMPresSelection = RCC_TIMPRES_DESACTIVATED;
1739:board/stm32f401rct6/Drivers/STM32F4xx_HAL_Driver/Src/stm32f4xx_hal_rcc_ex.c ****   }
ARM GAS  C:\Users\Admin\AppData\Local\Temp\ccCVg1CA.s 			page 32


1740:board/stm32f401rct6/Drivers/STM32F4xx_HAL_Driver/Src/stm32f4xx_hal_rcc_ex.c ****   else
1741:board/stm32f401rct6/Drivers/STM32F4xx_HAL_Driver/Src/stm32f4xx_hal_rcc_ex.c ****   {
1742:board/stm32f401rct6/Drivers/STM32F4xx_HAL_Driver/Src/stm32f4xx_hal_rcc_ex.c ****     PeriphClkInit->TIMPresSelection = RCC_TIMPRES_ACTIVATED;
1743:board/stm32f401rct6/Drivers/STM32F4xx_HAL_Driver/Src/stm32f4xx_hal_rcc_ex.c ****   }
1744:board/stm32f401rct6/Drivers/STM32F4xx_HAL_Driver/Src/stm32f4xx_hal_rcc_ex.c **** }
1745:board/stm32f401rct6/Drivers/STM32F4xx_HAL_Driver/Src/stm32f4xx_hal_rcc_ex.c **** 
1746:board/stm32f401rct6/Drivers/STM32F4xx_HAL_Driver/Src/stm32f4xx_hal_rcc_ex.c **** /**
1747:board/stm32f401rct6/Drivers/STM32F4xx_HAL_Driver/Src/stm32f4xx_hal_rcc_ex.c ****   * @brief  Return the peripheral clock frequency for a given peripheral(I2S..)
1748:board/stm32f401rct6/Drivers/STM32F4xx_HAL_Driver/Src/stm32f4xx_hal_rcc_ex.c ****   * @note   Return 0 if peripheral clock identifier not managed by this API
1749:board/stm32f401rct6/Drivers/STM32F4xx_HAL_Driver/Src/stm32f4xx_hal_rcc_ex.c ****   * @param  PeriphClk Peripheral clock identifier
1750:board/stm32f401rct6/Drivers/STM32F4xx_HAL_Driver/Src/stm32f4xx_hal_rcc_ex.c ****   *         This parameter can be one of the following values:
1751:board/stm32f401rct6/Drivers/STM32F4xx_HAL_Driver/Src/stm32f4xx_hal_rcc_ex.c ****   *            @arg RCC_PERIPHCLK_I2S_APB1: I2S APB1 peripheral clock
1752:board/stm32f401rct6/Drivers/STM32F4xx_HAL_Driver/Src/stm32f4xx_hal_rcc_ex.c ****   *            @arg RCC_PERIPHCLK_I2S_APB2: I2S APB2 peripheral clock
1753:board/stm32f401rct6/Drivers/STM32F4xx_HAL_Driver/Src/stm32f4xx_hal_rcc_ex.c ****   * @retval Frequency in KHz
1754:board/stm32f401rct6/Drivers/STM32F4xx_HAL_Driver/Src/stm32f4xx_hal_rcc_ex.c ****   */
1755:board/stm32f401rct6/Drivers/STM32F4xx_HAL_Driver/Src/stm32f4xx_hal_rcc_ex.c **** uint32_t HAL_RCCEx_GetPeriphCLKFreq(uint32_t PeriphClk)
1756:board/stm32f401rct6/Drivers/STM32F4xx_HAL_Driver/Src/stm32f4xx_hal_rcc_ex.c **** {
1757:board/stm32f401rct6/Drivers/STM32F4xx_HAL_Driver/Src/stm32f4xx_hal_rcc_ex.c ****   /* This variable used to store the I2S clock frequency (value in Hz) */
1758:board/stm32f401rct6/Drivers/STM32F4xx_HAL_Driver/Src/stm32f4xx_hal_rcc_ex.c ****   uint32_t frequency = 0U;
1759:board/stm32f401rct6/Drivers/STM32F4xx_HAL_Driver/Src/stm32f4xx_hal_rcc_ex.c ****   /* This variable used to store the VCO Input (value in Hz) */
1760:board/stm32f401rct6/Drivers/STM32F4xx_HAL_Driver/Src/stm32f4xx_hal_rcc_ex.c ****   uint32_t vcoinput = 0U;
1761:board/stm32f401rct6/Drivers/STM32F4xx_HAL_Driver/Src/stm32f4xx_hal_rcc_ex.c ****   uint32_t srcclk = 0U;
1762:board/stm32f401rct6/Drivers/STM32F4xx_HAL_Driver/Src/stm32f4xx_hal_rcc_ex.c ****   /* This variable used to store the VCO Output (value in Hz) */
1763:board/stm32f401rct6/Drivers/STM32F4xx_HAL_Driver/Src/stm32f4xx_hal_rcc_ex.c ****   uint32_t vcooutput = 0U;
1764:board/stm32f401rct6/Drivers/STM32F4xx_HAL_Driver/Src/stm32f4xx_hal_rcc_ex.c ****   switch (PeriphClk)
1765:board/stm32f401rct6/Drivers/STM32F4xx_HAL_Driver/Src/stm32f4xx_hal_rcc_ex.c ****   {
1766:board/stm32f401rct6/Drivers/STM32F4xx_HAL_Driver/Src/stm32f4xx_hal_rcc_ex.c ****     case RCC_PERIPHCLK_I2S_APB1:
1767:board/stm32f401rct6/Drivers/STM32F4xx_HAL_Driver/Src/stm32f4xx_hal_rcc_ex.c ****     {
1768:board/stm32f401rct6/Drivers/STM32F4xx_HAL_Driver/Src/stm32f4xx_hal_rcc_ex.c ****       /* Get the current I2S source */
1769:board/stm32f401rct6/Drivers/STM32F4xx_HAL_Driver/Src/stm32f4xx_hal_rcc_ex.c ****       srcclk = __HAL_RCC_GET_I2S_APB1_SOURCE();
1770:board/stm32f401rct6/Drivers/STM32F4xx_HAL_Driver/Src/stm32f4xx_hal_rcc_ex.c ****       switch (srcclk)
1771:board/stm32f401rct6/Drivers/STM32F4xx_HAL_Driver/Src/stm32f4xx_hal_rcc_ex.c ****       {
1772:board/stm32f401rct6/Drivers/STM32F4xx_HAL_Driver/Src/stm32f4xx_hal_rcc_ex.c ****         /* Check if I2S clock selection is External clock mapped on the I2S_CKIN pin used as I2S cl
1773:board/stm32f401rct6/Drivers/STM32F4xx_HAL_Driver/Src/stm32f4xx_hal_rcc_ex.c ****         case RCC_I2SAPB1CLKSOURCE_EXT:
1774:board/stm32f401rct6/Drivers/STM32F4xx_HAL_Driver/Src/stm32f4xx_hal_rcc_ex.c ****         {
1775:board/stm32f401rct6/Drivers/STM32F4xx_HAL_Driver/Src/stm32f4xx_hal_rcc_ex.c ****           /* Set the I2S clock to the external clock  value */
1776:board/stm32f401rct6/Drivers/STM32F4xx_HAL_Driver/Src/stm32f4xx_hal_rcc_ex.c ****           frequency = EXTERNAL_CLOCK_VALUE;
1777:board/stm32f401rct6/Drivers/STM32F4xx_HAL_Driver/Src/stm32f4xx_hal_rcc_ex.c ****           break;
1778:board/stm32f401rct6/Drivers/STM32F4xx_HAL_Driver/Src/stm32f4xx_hal_rcc_ex.c ****         }
1779:board/stm32f401rct6/Drivers/STM32F4xx_HAL_Driver/Src/stm32f4xx_hal_rcc_ex.c ****         /* Check if I2S clock selection is PLLI2S VCO output clock divided by PLLI2SR used as I2S c
1780:board/stm32f401rct6/Drivers/STM32F4xx_HAL_Driver/Src/stm32f4xx_hal_rcc_ex.c ****         case RCC_I2SAPB1CLKSOURCE_PLLI2S:
1781:board/stm32f401rct6/Drivers/STM32F4xx_HAL_Driver/Src/stm32f4xx_hal_rcc_ex.c ****         {
1782:board/stm32f401rct6/Drivers/STM32F4xx_HAL_Driver/Src/stm32f4xx_hal_rcc_ex.c ****           if ((RCC->PLLI2SCFGR & RCC_PLLI2SCFGR_PLLI2SSRC) == RCC_PLLI2SCFGR_PLLI2SSRC)
1783:board/stm32f401rct6/Drivers/STM32F4xx_HAL_Driver/Src/stm32f4xx_hal_rcc_ex.c ****           {
1784:board/stm32f401rct6/Drivers/STM32F4xx_HAL_Driver/Src/stm32f4xx_hal_rcc_ex.c ****             /* Get the I2S source clock value */
1785:board/stm32f401rct6/Drivers/STM32F4xx_HAL_Driver/Src/stm32f4xx_hal_rcc_ex.c ****             vcoinput = (uint32_t)(EXTERNAL_CLOCK_VALUE / (uint32_t)(RCC->PLLI2SCFGR & RCC_PLLI2SCFG
1786:board/stm32f401rct6/Drivers/STM32F4xx_HAL_Driver/Src/stm32f4xx_hal_rcc_ex.c ****           }
1787:board/stm32f401rct6/Drivers/STM32F4xx_HAL_Driver/Src/stm32f4xx_hal_rcc_ex.c ****           else
1788:board/stm32f401rct6/Drivers/STM32F4xx_HAL_Driver/Src/stm32f4xx_hal_rcc_ex.c ****           {
1789:board/stm32f401rct6/Drivers/STM32F4xx_HAL_Driver/Src/stm32f4xx_hal_rcc_ex.c ****             /* Configure the PLLI2S division factor */
1790:board/stm32f401rct6/Drivers/STM32F4xx_HAL_Driver/Src/stm32f4xx_hal_rcc_ex.c ****             /* PLLI2S_VCO Input  = PLL_SOURCE/PLLI2SM */
1791:board/stm32f401rct6/Drivers/STM32F4xx_HAL_Driver/Src/stm32f4xx_hal_rcc_ex.c ****             if ((RCC->PLLCFGR & RCC_PLLCFGR_PLLSRC) == RCC_PLLSOURCE_HSE)
1792:board/stm32f401rct6/Drivers/STM32F4xx_HAL_Driver/Src/stm32f4xx_hal_rcc_ex.c ****             {
1793:board/stm32f401rct6/Drivers/STM32F4xx_HAL_Driver/Src/stm32f4xx_hal_rcc_ex.c ****               /* Get the I2S source clock value */
1794:board/stm32f401rct6/Drivers/STM32F4xx_HAL_Driver/Src/stm32f4xx_hal_rcc_ex.c ****               vcoinput = (uint32_t)(HSE_VALUE / (uint32_t)(RCC->PLLI2SCFGR & RCC_PLLI2SCFGR_PLLI2SM
1795:board/stm32f401rct6/Drivers/STM32F4xx_HAL_Driver/Src/stm32f4xx_hal_rcc_ex.c ****             }
1796:board/stm32f401rct6/Drivers/STM32F4xx_HAL_Driver/Src/stm32f4xx_hal_rcc_ex.c ****             else
ARM GAS  C:\Users\Admin\AppData\Local\Temp\ccCVg1CA.s 			page 33


1797:board/stm32f401rct6/Drivers/STM32F4xx_HAL_Driver/Src/stm32f4xx_hal_rcc_ex.c ****             {
1798:board/stm32f401rct6/Drivers/STM32F4xx_HAL_Driver/Src/stm32f4xx_hal_rcc_ex.c ****               /* Get the I2S source clock value */
1799:board/stm32f401rct6/Drivers/STM32F4xx_HAL_Driver/Src/stm32f4xx_hal_rcc_ex.c ****               vcoinput = (uint32_t)(HSI_VALUE / (uint32_t)(RCC->PLLI2SCFGR & RCC_PLLI2SCFGR_PLLI2SM
1800:board/stm32f401rct6/Drivers/STM32F4xx_HAL_Driver/Src/stm32f4xx_hal_rcc_ex.c ****             }
1801:board/stm32f401rct6/Drivers/STM32F4xx_HAL_Driver/Src/stm32f4xx_hal_rcc_ex.c ****           }
1802:board/stm32f401rct6/Drivers/STM32F4xx_HAL_Driver/Src/stm32f4xx_hal_rcc_ex.c ****           /* PLLI2S_VCO Output = PLLI2S_VCO Input * PLLI2SN */
1803:board/stm32f401rct6/Drivers/STM32F4xx_HAL_Driver/Src/stm32f4xx_hal_rcc_ex.c ****           vcooutput = (uint32_t)(vcoinput * (((RCC->PLLI2SCFGR & RCC_PLLI2SCFGR_PLLI2SN) >> 6U) & (
1804:board/stm32f401rct6/Drivers/STM32F4xx_HAL_Driver/Src/stm32f4xx_hal_rcc_ex.c ****           /* I2S_CLK = PLLI2S_VCO Output/PLLI2SR */
1805:board/stm32f401rct6/Drivers/STM32F4xx_HAL_Driver/Src/stm32f4xx_hal_rcc_ex.c ****           frequency = (uint32_t)(vcooutput / (((RCC->PLLI2SCFGR & RCC_PLLI2SCFGR_PLLI2SR) >> 28U) &
1806:board/stm32f401rct6/Drivers/STM32F4xx_HAL_Driver/Src/stm32f4xx_hal_rcc_ex.c ****           break;
1807:board/stm32f401rct6/Drivers/STM32F4xx_HAL_Driver/Src/stm32f4xx_hal_rcc_ex.c ****         }
1808:board/stm32f401rct6/Drivers/STM32F4xx_HAL_Driver/Src/stm32f4xx_hal_rcc_ex.c ****         /* Check if I2S clock selection is PLL VCO Output divided by PLLR used as I2S clock */
1809:board/stm32f401rct6/Drivers/STM32F4xx_HAL_Driver/Src/stm32f4xx_hal_rcc_ex.c ****         case RCC_I2SAPB1CLKSOURCE_PLLR:
1810:board/stm32f401rct6/Drivers/STM32F4xx_HAL_Driver/Src/stm32f4xx_hal_rcc_ex.c ****         {
1811:board/stm32f401rct6/Drivers/STM32F4xx_HAL_Driver/Src/stm32f4xx_hal_rcc_ex.c ****           /* Configure the PLL division factor R */
1812:board/stm32f401rct6/Drivers/STM32F4xx_HAL_Driver/Src/stm32f4xx_hal_rcc_ex.c ****           /* PLL_VCO Input  = PLL_SOURCE/PLLM */
1813:board/stm32f401rct6/Drivers/STM32F4xx_HAL_Driver/Src/stm32f4xx_hal_rcc_ex.c ****           if ((RCC->PLLCFGR & RCC_PLLCFGR_PLLSRC) == RCC_PLLSOURCE_HSE)
1814:board/stm32f401rct6/Drivers/STM32F4xx_HAL_Driver/Src/stm32f4xx_hal_rcc_ex.c ****           {
1815:board/stm32f401rct6/Drivers/STM32F4xx_HAL_Driver/Src/stm32f4xx_hal_rcc_ex.c ****             /* Get the I2S source clock value */
1816:board/stm32f401rct6/Drivers/STM32F4xx_HAL_Driver/Src/stm32f4xx_hal_rcc_ex.c ****             vcoinput = (uint32_t)(HSE_VALUE / (uint32_t)(RCC->PLLCFGR & RCC_PLLCFGR_PLLM));
1817:board/stm32f401rct6/Drivers/STM32F4xx_HAL_Driver/Src/stm32f4xx_hal_rcc_ex.c ****           }
1818:board/stm32f401rct6/Drivers/STM32F4xx_HAL_Driver/Src/stm32f4xx_hal_rcc_ex.c ****           else
1819:board/stm32f401rct6/Drivers/STM32F4xx_HAL_Driver/Src/stm32f4xx_hal_rcc_ex.c ****           {
1820:board/stm32f401rct6/Drivers/STM32F4xx_HAL_Driver/Src/stm32f4xx_hal_rcc_ex.c ****             /* Get the I2S source clock value */
1821:board/stm32f401rct6/Drivers/STM32F4xx_HAL_Driver/Src/stm32f4xx_hal_rcc_ex.c ****             vcoinput = (uint32_t)(HSI_VALUE / (uint32_t)(RCC->PLLCFGR & RCC_PLLCFGR_PLLM));
1822:board/stm32f401rct6/Drivers/STM32F4xx_HAL_Driver/Src/stm32f4xx_hal_rcc_ex.c ****           }
1823:board/stm32f401rct6/Drivers/STM32F4xx_HAL_Driver/Src/stm32f4xx_hal_rcc_ex.c **** 
1824:board/stm32f401rct6/Drivers/STM32F4xx_HAL_Driver/Src/stm32f4xx_hal_rcc_ex.c ****           /* PLL_VCO Output = PLL_VCO Input * PLLN */
1825:board/stm32f401rct6/Drivers/STM32F4xx_HAL_Driver/Src/stm32f4xx_hal_rcc_ex.c ****           vcooutput = (uint32_t)(vcoinput * (((RCC->PLLCFGR & RCC_PLLCFGR_PLLN) >> 6U) & (RCC_PLLCF
1826:board/stm32f401rct6/Drivers/STM32F4xx_HAL_Driver/Src/stm32f4xx_hal_rcc_ex.c ****           /* I2S_CLK = PLL_VCO Output/PLLR */
1827:board/stm32f401rct6/Drivers/STM32F4xx_HAL_Driver/Src/stm32f4xx_hal_rcc_ex.c ****           frequency = (uint32_t)(vcooutput / (((RCC->PLLCFGR & RCC_PLLCFGR_PLLR) >> 28U) & (RCC_PLL
1828:board/stm32f401rct6/Drivers/STM32F4xx_HAL_Driver/Src/stm32f4xx_hal_rcc_ex.c ****           break;
1829:board/stm32f401rct6/Drivers/STM32F4xx_HAL_Driver/Src/stm32f4xx_hal_rcc_ex.c ****         }
1830:board/stm32f401rct6/Drivers/STM32F4xx_HAL_Driver/Src/stm32f4xx_hal_rcc_ex.c ****         /* Check if I2S clock selection is HSI or HSE depending from PLL source Clock */
1831:board/stm32f401rct6/Drivers/STM32F4xx_HAL_Driver/Src/stm32f4xx_hal_rcc_ex.c ****         case RCC_I2SAPB1CLKSOURCE_PLLSRC:
1832:board/stm32f401rct6/Drivers/STM32F4xx_HAL_Driver/Src/stm32f4xx_hal_rcc_ex.c ****         {
1833:board/stm32f401rct6/Drivers/STM32F4xx_HAL_Driver/Src/stm32f4xx_hal_rcc_ex.c ****           if ((RCC->PLLCFGR & RCC_PLLCFGR_PLLSRC) == RCC_PLLSOURCE_HSE)
1834:board/stm32f401rct6/Drivers/STM32F4xx_HAL_Driver/Src/stm32f4xx_hal_rcc_ex.c ****           {
1835:board/stm32f401rct6/Drivers/STM32F4xx_HAL_Driver/Src/stm32f4xx_hal_rcc_ex.c ****             frequency = HSE_VALUE;
1836:board/stm32f401rct6/Drivers/STM32F4xx_HAL_Driver/Src/stm32f4xx_hal_rcc_ex.c ****           }
1837:board/stm32f401rct6/Drivers/STM32F4xx_HAL_Driver/Src/stm32f4xx_hal_rcc_ex.c ****           else
1838:board/stm32f401rct6/Drivers/STM32F4xx_HAL_Driver/Src/stm32f4xx_hal_rcc_ex.c ****           {
1839:board/stm32f401rct6/Drivers/STM32F4xx_HAL_Driver/Src/stm32f4xx_hal_rcc_ex.c ****             frequency = HSI_VALUE;
1840:board/stm32f401rct6/Drivers/STM32F4xx_HAL_Driver/Src/stm32f4xx_hal_rcc_ex.c ****           }
1841:board/stm32f401rct6/Drivers/STM32F4xx_HAL_Driver/Src/stm32f4xx_hal_rcc_ex.c ****           break;
1842:board/stm32f401rct6/Drivers/STM32F4xx_HAL_Driver/Src/stm32f4xx_hal_rcc_ex.c ****         }
1843:board/stm32f401rct6/Drivers/STM32F4xx_HAL_Driver/Src/stm32f4xx_hal_rcc_ex.c ****         /* Clock not enabled for I2S*/
1844:board/stm32f401rct6/Drivers/STM32F4xx_HAL_Driver/Src/stm32f4xx_hal_rcc_ex.c ****         default:
1845:board/stm32f401rct6/Drivers/STM32F4xx_HAL_Driver/Src/stm32f4xx_hal_rcc_ex.c ****         {
1846:board/stm32f401rct6/Drivers/STM32F4xx_HAL_Driver/Src/stm32f4xx_hal_rcc_ex.c ****           frequency = 0U;
1847:board/stm32f401rct6/Drivers/STM32F4xx_HAL_Driver/Src/stm32f4xx_hal_rcc_ex.c ****           break;
1848:board/stm32f401rct6/Drivers/STM32F4xx_HAL_Driver/Src/stm32f4xx_hal_rcc_ex.c ****         }
1849:board/stm32f401rct6/Drivers/STM32F4xx_HAL_Driver/Src/stm32f4xx_hal_rcc_ex.c ****       }
1850:board/stm32f401rct6/Drivers/STM32F4xx_HAL_Driver/Src/stm32f4xx_hal_rcc_ex.c ****       break;
1851:board/stm32f401rct6/Drivers/STM32F4xx_HAL_Driver/Src/stm32f4xx_hal_rcc_ex.c ****     }
1852:board/stm32f401rct6/Drivers/STM32F4xx_HAL_Driver/Src/stm32f4xx_hal_rcc_ex.c ****     case RCC_PERIPHCLK_I2S_APB2:
1853:board/stm32f401rct6/Drivers/STM32F4xx_HAL_Driver/Src/stm32f4xx_hal_rcc_ex.c ****     {
ARM GAS  C:\Users\Admin\AppData\Local\Temp\ccCVg1CA.s 			page 34


1854:board/stm32f401rct6/Drivers/STM32F4xx_HAL_Driver/Src/stm32f4xx_hal_rcc_ex.c ****       /* Get the current I2S source */
1855:board/stm32f401rct6/Drivers/STM32F4xx_HAL_Driver/Src/stm32f4xx_hal_rcc_ex.c ****       srcclk = __HAL_RCC_GET_I2S_APB2_SOURCE();
1856:board/stm32f401rct6/Drivers/STM32F4xx_HAL_Driver/Src/stm32f4xx_hal_rcc_ex.c ****       switch (srcclk)
1857:board/stm32f401rct6/Drivers/STM32F4xx_HAL_Driver/Src/stm32f4xx_hal_rcc_ex.c ****       {
1858:board/stm32f401rct6/Drivers/STM32F4xx_HAL_Driver/Src/stm32f4xx_hal_rcc_ex.c ****         /* Check if I2S clock selection is External clock mapped on the I2S_CKIN pin used as I2S cl
1859:board/stm32f401rct6/Drivers/STM32F4xx_HAL_Driver/Src/stm32f4xx_hal_rcc_ex.c ****         case RCC_I2SAPB2CLKSOURCE_EXT:
1860:board/stm32f401rct6/Drivers/STM32F4xx_HAL_Driver/Src/stm32f4xx_hal_rcc_ex.c ****         {
1861:board/stm32f401rct6/Drivers/STM32F4xx_HAL_Driver/Src/stm32f4xx_hal_rcc_ex.c ****           /* Set the I2S clock to the external clock  value */
1862:board/stm32f401rct6/Drivers/STM32F4xx_HAL_Driver/Src/stm32f4xx_hal_rcc_ex.c ****           frequency = EXTERNAL_CLOCK_VALUE;
1863:board/stm32f401rct6/Drivers/STM32F4xx_HAL_Driver/Src/stm32f4xx_hal_rcc_ex.c ****           break;
1864:board/stm32f401rct6/Drivers/STM32F4xx_HAL_Driver/Src/stm32f4xx_hal_rcc_ex.c ****         }
1865:board/stm32f401rct6/Drivers/STM32F4xx_HAL_Driver/Src/stm32f4xx_hal_rcc_ex.c ****         /* Check if I2S clock selection is PLLI2S VCO output clock divided by PLLI2SR used as I2S c
1866:board/stm32f401rct6/Drivers/STM32F4xx_HAL_Driver/Src/stm32f4xx_hal_rcc_ex.c ****         case RCC_I2SAPB2CLKSOURCE_PLLI2S:
1867:board/stm32f401rct6/Drivers/STM32F4xx_HAL_Driver/Src/stm32f4xx_hal_rcc_ex.c ****         {
1868:board/stm32f401rct6/Drivers/STM32F4xx_HAL_Driver/Src/stm32f4xx_hal_rcc_ex.c ****           if ((RCC->PLLI2SCFGR & RCC_PLLI2SCFGR_PLLI2SSRC) == RCC_PLLI2SCFGR_PLLI2SSRC)
1869:board/stm32f401rct6/Drivers/STM32F4xx_HAL_Driver/Src/stm32f4xx_hal_rcc_ex.c ****           {
1870:board/stm32f401rct6/Drivers/STM32F4xx_HAL_Driver/Src/stm32f4xx_hal_rcc_ex.c ****             /* Get the I2S source clock value */
1871:board/stm32f401rct6/Drivers/STM32F4xx_HAL_Driver/Src/stm32f4xx_hal_rcc_ex.c ****             vcoinput = (uint32_t)(EXTERNAL_CLOCK_VALUE / (uint32_t)(RCC->PLLI2SCFGR & RCC_PLLI2SCFG
1872:board/stm32f401rct6/Drivers/STM32F4xx_HAL_Driver/Src/stm32f4xx_hal_rcc_ex.c ****           }
1873:board/stm32f401rct6/Drivers/STM32F4xx_HAL_Driver/Src/stm32f4xx_hal_rcc_ex.c ****           else
1874:board/stm32f401rct6/Drivers/STM32F4xx_HAL_Driver/Src/stm32f4xx_hal_rcc_ex.c ****           {
1875:board/stm32f401rct6/Drivers/STM32F4xx_HAL_Driver/Src/stm32f4xx_hal_rcc_ex.c ****             /* Configure the PLLI2S division factor */
1876:board/stm32f401rct6/Drivers/STM32F4xx_HAL_Driver/Src/stm32f4xx_hal_rcc_ex.c ****             /* PLLI2S_VCO Input  = PLL_SOURCE/PLLI2SM */
1877:board/stm32f401rct6/Drivers/STM32F4xx_HAL_Driver/Src/stm32f4xx_hal_rcc_ex.c ****             if ((RCC->PLLCFGR & RCC_PLLCFGR_PLLSRC) == RCC_PLLSOURCE_HSE)
1878:board/stm32f401rct6/Drivers/STM32F4xx_HAL_Driver/Src/stm32f4xx_hal_rcc_ex.c ****             {
1879:board/stm32f401rct6/Drivers/STM32F4xx_HAL_Driver/Src/stm32f4xx_hal_rcc_ex.c ****               /* Get the I2S source clock value */
1880:board/stm32f401rct6/Drivers/STM32F4xx_HAL_Driver/Src/stm32f4xx_hal_rcc_ex.c ****               vcoinput = (uint32_t)(HSE_VALUE / (uint32_t)(RCC->PLLI2SCFGR & RCC_PLLI2SCFGR_PLLI2SM
1881:board/stm32f401rct6/Drivers/STM32F4xx_HAL_Driver/Src/stm32f4xx_hal_rcc_ex.c ****             }
1882:board/stm32f401rct6/Drivers/STM32F4xx_HAL_Driver/Src/stm32f4xx_hal_rcc_ex.c ****             else
1883:board/stm32f401rct6/Drivers/STM32F4xx_HAL_Driver/Src/stm32f4xx_hal_rcc_ex.c ****             {
1884:board/stm32f401rct6/Drivers/STM32F4xx_HAL_Driver/Src/stm32f4xx_hal_rcc_ex.c ****               /* Get the I2S source clock value */
1885:board/stm32f401rct6/Drivers/STM32F4xx_HAL_Driver/Src/stm32f4xx_hal_rcc_ex.c ****               vcoinput = (uint32_t)(HSI_VALUE / (uint32_t)(RCC->PLLI2SCFGR & RCC_PLLI2SCFGR_PLLI2SM
1886:board/stm32f401rct6/Drivers/STM32F4xx_HAL_Driver/Src/stm32f4xx_hal_rcc_ex.c ****             }
1887:board/stm32f401rct6/Drivers/STM32F4xx_HAL_Driver/Src/stm32f4xx_hal_rcc_ex.c ****           }
1888:board/stm32f401rct6/Drivers/STM32F4xx_HAL_Driver/Src/stm32f4xx_hal_rcc_ex.c ****           /* PLLI2S_VCO Output = PLLI2S_VCO Input * PLLI2SN */
1889:board/stm32f401rct6/Drivers/STM32F4xx_HAL_Driver/Src/stm32f4xx_hal_rcc_ex.c ****           vcooutput = (uint32_t)(vcoinput * (((RCC->PLLI2SCFGR & RCC_PLLI2SCFGR_PLLI2SN) >> 6U) & (
1890:board/stm32f401rct6/Drivers/STM32F4xx_HAL_Driver/Src/stm32f4xx_hal_rcc_ex.c ****           /* I2S_CLK = PLLI2S_VCO Output/PLLI2SR */
1891:board/stm32f401rct6/Drivers/STM32F4xx_HAL_Driver/Src/stm32f4xx_hal_rcc_ex.c ****           frequency = (uint32_t)(vcooutput / (((RCC->PLLI2SCFGR & RCC_PLLI2SCFGR_PLLI2SR) >> 28U) &
1892:board/stm32f401rct6/Drivers/STM32F4xx_HAL_Driver/Src/stm32f4xx_hal_rcc_ex.c ****           break;
1893:board/stm32f401rct6/Drivers/STM32F4xx_HAL_Driver/Src/stm32f4xx_hal_rcc_ex.c ****         }
1894:board/stm32f401rct6/Drivers/STM32F4xx_HAL_Driver/Src/stm32f4xx_hal_rcc_ex.c ****         /* Check if I2S clock selection is PLL VCO Output divided by PLLR used as I2S clock */
1895:board/stm32f401rct6/Drivers/STM32F4xx_HAL_Driver/Src/stm32f4xx_hal_rcc_ex.c ****         case RCC_I2SAPB2CLKSOURCE_PLLR:
1896:board/stm32f401rct6/Drivers/STM32F4xx_HAL_Driver/Src/stm32f4xx_hal_rcc_ex.c ****         {
1897:board/stm32f401rct6/Drivers/STM32F4xx_HAL_Driver/Src/stm32f4xx_hal_rcc_ex.c ****           /* Configure the PLL division factor R */
1898:board/stm32f401rct6/Drivers/STM32F4xx_HAL_Driver/Src/stm32f4xx_hal_rcc_ex.c ****           /* PLL_VCO Input  = PLL_SOURCE/PLLM */
1899:board/stm32f401rct6/Drivers/STM32F4xx_HAL_Driver/Src/stm32f4xx_hal_rcc_ex.c ****           if ((RCC->PLLCFGR & RCC_PLLCFGR_PLLSRC) == RCC_PLLSOURCE_HSE)
1900:board/stm32f401rct6/Drivers/STM32F4xx_HAL_Driver/Src/stm32f4xx_hal_rcc_ex.c ****           {
1901:board/stm32f401rct6/Drivers/STM32F4xx_HAL_Driver/Src/stm32f4xx_hal_rcc_ex.c ****             /* Get the I2S source clock value */
1902:board/stm32f401rct6/Drivers/STM32F4xx_HAL_Driver/Src/stm32f4xx_hal_rcc_ex.c ****             vcoinput = (uint32_t)(HSE_VALUE / (uint32_t)(RCC->PLLCFGR & RCC_PLLCFGR_PLLM));
1903:board/stm32f401rct6/Drivers/STM32F4xx_HAL_Driver/Src/stm32f4xx_hal_rcc_ex.c ****           }
1904:board/stm32f401rct6/Drivers/STM32F4xx_HAL_Driver/Src/stm32f4xx_hal_rcc_ex.c ****           else
1905:board/stm32f401rct6/Drivers/STM32F4xx_HAL_Driver/Src/stm32f4xx_hal_rcc_ex.c ****           {
1906:board/stm32f401rct6/Drivers/STM32F4xx_HAL_Driver/Src/stm32f4xx_hal_rcc_ex.c ****             /* Get the I2S source clock value */
1907:board/stm32f401rct6/Drivers/STM32F4xx_HAL_Driver/Src/stm32f4xx_hal_rcc_ex.c ****             vcoinput = (uint32_t)(HSI_VALUE / (uint32_t)(RCC->PLLCFGR & RCC_PLLCFGR_PLLM));
1908:board/stm32f401rct6/Drivers/STM32F4xx_HAL_Driver/Src/stm32f4xx_hal_rcc_ex.c ****           }
1909:board/stm32f401rct6/Drivers/STM32F4xx_HAL_Driver/Src/stm32f4xx_hal_rcc_ex.c **** 
1910:board/stm32f401rct6/Drivers/STM32F4xx_HAL_Driver/Src/stm32f4xx_hal_rcc_ex.c ****           /* PLL_VCO Output = PLL_VCO Input * PLLN */
ARM GAS  C:\Users\Admin\AppData\Local\Temp\ccCVg1CA.s 			page 35


1911:board/stm32f401rct6/Drivers/STM32F4xx_HAL_Driver/Src/stm32f4xx_hal_rcc_ex.c ****           vcooutput = (uint32_t)(vcoinput * (((RCC->PLLCFGR & RCC_PLLCFGR_PLLN) >> 6U) & (RCC_PLLCF
1912:board/stm32f401rct6/Drivers/STM32F4xx_HAL_Driver/Src/stm32f4xx_hal_rcc_ex.c ****           /* I2S_CLK = PLL_VCO Output/PLLR */
1913:board/stm32f401rct6/Drivers/STM32F4xx_HAL_Driver/Src/stm32f4xx_hal_rcc_ex.c ****           frequency = (uint32_t)(vcooutput / (((RCC->PLLCFGR & RCC_PLLCFGR_PLLR) >> 28U) & (RCC_PLL
1914:board/stm32f401rct6/Drivers/STM32F4xx_HAL_Driver/Src/stm32f4xx_hal_rcc_ex.c ****           break;
1915:board/stm32f401rct6/Drivers/STM32F4xx_HAL_Driver/Src/stm32f4xx_hal_rcc_ex.c ****         }
1916:board/stm32f401rct6/Drivers/STM32F4xx_HAL_Driver/Src/stm32f4xx_hal_rcc_ex.c ****         /* Check if I2S clock selection is HSI or HSE depending from PLL source Clock */
1917:board/stm32f401rct6/Drivers/STM32F4xx_HAL_Driver/Src/stm32f4xx_hal_rcc_ex.c ****         case RCC_I2SAPB2CLKSOURCE_PLLSRC:
1918:board/stm32f401rct6/Drivers/STM32F4xx_HAL_Driver/Src/stm32f4xx_hal_rcc_ex.c ****         {
1919:board/stm32f401rct6/Drivers/STM32F4xx_HAL_Driver/Src/stm32f4xx_hal_rcc_ex.c ****           if ((RCC->PLLCFGR & RCC_PLLCFGR_PLLSRC) == RCC_PLLSOURCE_HSE)
1920:board/stm32f401rct6/Drivers/STM32F4xx_HAL_Driver/Src/stm32f4xx_hal_rcc_ex.c ****           {
1921:board/stm32f401rct6/Drivers/STM32F4xx_HAL_Driver/Src/stm32f4xx_hal_rcc_ex.c ****             frequency = HSE_VALUE;
1922:board/stm32f401rct6/Drivers/STM32F4xx_HAL_Driver/Src/stm32f4xx_hal_rcc_ex.c ****           }
1923:board/stm32f401rct6/Drivers/STM32F4xx_HAL_Driver/Src/stm32f4xx_hal_rcc_ex.c ****           else
1924:board/stm32f401rct6/Drivers/STM32F4xx_HAL_Driver/Src/stm32f4xx_hal_rcc_ex.c ****           {
1925:board/stm32f401rct6/Drivers/STM32F4xx_HAL_Driver/Src/stm32f4xx_hal_rcc_ex.c ****             frequency = HSI_VALUE;
1926:board/stm32f401rct6/Drivers/STM32F4xx_HAL_Driver/Src/stm32f4xx_hal_rcc_ex.c ****           }
1927:board/stm32f401rct6/Drivers/STM32F4xx_HAL_Driver/Src/stm32f4xx_hal_rcc_ex.c ****           break;
1928:board/stm32f401rct6/Drivers/STM32F4xx_HAL_Driver/Src/stm32f4xx_hal_rcc_ex.c ****         }
1929:board/stm32f401rct6/Drivers/STM32F4xx_HAL_Driver/Src/stm32f4xx_hal_rcc_ex.c ****         /* Clock not enabled for I2S*/
1930:board/stm32f401rct6/Drivers/STM32F4xx_HAL_Driver/Src/stm32f4xx_hal_rcc_ex.c ****         default:
1931:board/stm32f401rct6/Drivers/STM32F4xx_HAL_Driver/Src/stm32f4xx_hal_rcc_ex.c ****         {
1932:board/stm32f401rct6/Drivers/STM32F4xx_HAL_Driver/Src/stm32f4xx_hal_rcc_ex.c ****           frequency = 0U;
1933:board/stm32f401rct6/Drivers/STM32F4xx_HAL_Driver/Src/stm32f4xx_hal_rcc_ex.c ****           break;
1934:board/stm32f401rct6/Drivers/STM32F4xx_HAL_Driver/Src/stm32f4xx_hal_rcc_ex.c ****         }
1935:board/stm32f401rct6/Drivers/STM32F4xx_HAL_Driver/Src/stm32f4xx_hal_rcc_ex.c ****       }
1936:board/stm32f401rct6/Drivers/STM32F4xx_HAL_Driver/Src/stm32f4xx_hal_rcc_ex.c ****       break;
1937:board/stm32f401rct6/Drivers/STM32F4xx_HAL_Driver/Src/stm32f4xx_hal_rcc_ex.c ****     }
1938:board/stm32f401rct6/Drivers/STM32F4xx_HAL_Driver/Src/stm32f4xx_hal_rcc_ex.c ****     default:
1939:board/stm32f401rct6/Drivers/STM32F4xx_HAL_Driver/Src/stm32f4xx_hal_rcc_ex.c ****     {
1940:board/stm32f401rct6/Drivers/STM32F4xx_HAL_Driver/Src/stm32f4xx_hal_rcc_ex.c ****       break;
1941:board/stm32f401rct6/Drivers/STM32F4xx_HAL_Driver/Src/stm32f4xx_hal_rcc_ex.c ****     }
1942:board/stm32f401rct6/Drivers/STM32F4xx_HAL_Driver/Src/stm32f4xx_hal_rcc_ex.c ****   }
1943:board/stm32f401rct6/Drivers/STM32F4xx_HAL_Driver/Src/stm32f4xx_hal_rcc_ex.c ****   return frequency;
1944:board/stm32f401rct6/Drivers/STM32F4xx_HAL_Driver/Src/stm32f4xx_hal_rcc_ex.c **** }
1945:board/stm32f401rct6/Drivers/STM32F4xx_HAL_Driver/Src/stm32f4xx_hal_rcc_ex.c **** #endif /* STM32F412Zx || STM32F412Vx || STM32F412Rx || STM32F412Cx || STM32F413xx || STM32F423xx */
1946:board/stm32f401rct6/Drivers/STM32F4xx_HAL_Driver/Src/stm32f4xx_hal_rcc_ex.c **** 
1947:board/stm32f401rct6/Drivers/STM32F4xx_HAL_Driver/Src/stm32f4xx_hal_rcc_ex.c **** #if defined(STM32F410Tx) || defined(STM32F410Cx) || defined(STM32F410Rx)
1948:board/stm32f401rct6/Drivers/STM32F4xx_HAL_Driver/Src/stm32f4xx_hal_rcc_ex.c **** /**
1949:board/stm32f401rct6/Drivers/STM32F4xx_HAL_Driver/Src/stm32f4xx_hal_rcc_ex.c ****   * @brief  Initializes the RCC extended peripherals clocks according to the specified parameters i
1950:board/stm32f401rct6/Drivers/STM32F4xx_HAL_Driver/Src/stm32f4xx_hal_rcc_ex.c ****   *         RCC_PeriphCLKInitTypeDef.
1951:board/stm32f401rct6/Drivers/STM32F4xx_HAL_Driver/Src/stm32f4xx_hal_rcc_ex.c ****   * @param  PeriphClkInit pointer to an RCC_PeriphCLKInitTypeDef structure that
1952:board/stm32f401rct6/Drivers/STM32F4xx_HAL_Driver/Src/stm32f4xx_hal_rcc_ex.c ****   *         contains the configuration information for the Extended Peripherals clocks(I2S and RTC 
1953:board/stm32f401rct6/Drivers/STM32F4xx_HAL_Driver/Src/stm32f4xx_hal_rcc_ex.c ****   *
1954:board/stm32f401rct6/Drivers/STM32F4xx_HAL_Driver/Src/stm32f4xx_hal_rcc_ex.c ****   * @note   A caution to be taken when HAL_RCCEx_PeriphCLKConfig() is used to select RTC clock sele
1955:board/stm32f401rct6/Drivers/STM32F4xx_HAL_Driver/Src/stm32f4xx_hal_rcc_ex.c ****   *         the Reset of Backup domain will be applied in order to modify the RTC Clock source as c
1956:board/stm32f401rct6/Drivers/STM32F4xx_HAL_Driver/Src/stm32f4xx_hal_rcc_ex.c ****   *        domain (RTC and RCC_BDCR register expect BKPSRAM) will be reset
1957:board/stm32f401rct6/Drivers/STM32F4xx_HAL_Driver/Src/stm32f4xx_hal_rcc_ex.c ****   *
1958:board/stm32f401rct6/Drivers/STM32F4xx_HAL_Driver/Src/stm32f4xx_hal_rcc_ex.c ****   * @retval HAL status
1959:board/stm32f401rct6/Drivers/STM32F4xx_HAL_Driver/Src/stm32f4xx_hal_rcc_ex.c ****   */
1960:board/stm32f401rct6/Drivers/STM32F4xx_HAL_Driver/Src/stm32f4xx_hal_rcc_ex.c **** HAL_StatusTypeDef HAL_RCCEx_PeriphCLKConfig(RCC_PeriphCLKInitTypeDef  *PeriphClkInit)
1961:board/stm32f401rct6/Drivers/STM32F4xx_HAL_Driver/Src/stm32f4xx_hal_rcc_ex.c **** {
1962:board/stm32f401rct6/Drivers/STM32F4xx_HAL_Driver/Src/stm32f4xx_hal_rcc_ex.c ****   uint32_t tickstart = 0U;
1963:board/stm32f401rct6/Drivers/STM32F4xx_HAL_Driver/Src/stm32f4xx_hal_rcc_ex.c ****   uint32_t tmpreg1 = 0U;
1964:board/stm32f401rct6/Drivers/STM32F4xx_HAL_Driver/Src/stm32f4xx_hal_rcc_ex.c **** 
1965:board/stm32f401rct6/Drivers/STM32F4xx_HAL_Driver/Src/stm32f4xx_hal_rcc_ex.c ****   /* Check the parameters */
1966:board/stm32f401rct6/Drivers/STM32F4xx_HAL_Driver/Src/stm32f4xx_hal_rcc_ex.c ****   assert_param(IS_RCC_PERIPHCLOCK(PeriphClkInit->PeriphClockSelection));
1967:board/stm32f401rct6/Drivers/STM32F4xx_HAL_Driver/Src/stm32f4xx_hal_rcc_ex.c **** 
ARM GAS  C:\Users\Admin\AppData\Local\Temp\ccCVg1CA.s 			page 36


1968:board/stm32f401rct6/Drivers/STM32F4xx_HAL_Driver/Src/stm32f4xx_hal_rcc_ex.c ****   /*---------------------------- RTC configuration ---------------------------*/
1969:board/stm32f401rct6/Drivers/STM32F4xx_HAL_Driver/Src/stm32f4xx_hal_rcc_ex.c ****   if (((PeriphClkInit->PeriphClockSelection) & RCC_PERIPHCLK_RTC) == (RCC_PERIPHCLK_RTC))
1970:board/stm32f401rct6/Drivers/STM32F4xx_HAL_Driver/Src/stm32f4xx_hal_rcc_ex.c ****   {
1971:board/stm32f401rct6/Drivers/STM32F4xx_HAL_Driver/Src/stm32f4xx_hal_rcc_ex.c ****     /* Check for RTC Parameters used to output RTCCLK */
1972:board/stm32f401rct6/Drivers/STM32F4xx_HAL_Driver/Src/stm32f4xx_hal_rcc_ex.c ****     assert_param(IS_RCC_RTCCLKSOURCE(PeriphClkInit->RTCClockSelection));
1973:board/stm32f401rct6/Drivers/STM32F4xx_HAL_Driver/Src/stm32f4xx_hal_rcc_ex.c **** 
1974:board/stm32f401rct6/Drivers/STM32F4xx_HAL_Driver/Src/stm32f4xx_hal_rcc_ex.c ****     /* Enable Power Clock*/
1975:board/stm32f401rct6/Drivers/STM32F4xx_HAL_Driver/Src/stm32f4xx_hal_rcc_ex.c ****     __HAL_RCC_PWR_CLK_ENABLE();
1976:board/stm32f401rct6/Drivers/STM32F4xx_HAL_Driver/Src/stm32f4xx_hal_rcc_ex.c **** 
1977:board/stm32f401rct6/Drivers/STM32F4xx_HAL_Driver/Src/stm32f4xx_hal_rcc_ex.c ****     /* Enable write access to Backup domain */
1978:board/stm32f401rct6/Drivers/STM32F4xx_HAL_Driver/Src/stm32f4xx_hal_rcc_ex.c ****     PWR->CR |= PWR_CR_DBP;
1979:board/stm32f401rct6/Drivers/STM32F4xx_HAL_Driver/Src/stm32f4xx_hal_rcc_ex.c **** 
1980:board/stm32f401rct6/Drivers/STM32F4xx_HAL_Driver/Src/stm32f4xx_hal_rcc_ex.c ****     /* Get tick */
1981:board/stm32f401rct6/Drivers/STM32F4xx_HAL_Driver/Src/stm32f4xx_hal_rcc_ex.c ****     tickstart = HAL_GetTick();
1982:board/stm32f401rct6/Drivers/STM32F4xx_HAL_Driver/Src/stm32f4xx_hal_rcc_ex.c **** 
1983:board/stm32f401rct6/Drivers/STM32F4xx_HAL_Driver/Src/stm32f4xx_hal_rcc_ex.c ****     while ((PWR->CR & PWR_CR_DBP) == RESET)
1984:board/stm32f401rct6/Drivers/STM32F4xx_HAL_Driver/Src/stm32f4xx_hal_rcc_ex.c ****     {
1985:board/stm32f401rct6/Drivers/STM32F4xx_HAL_Driver/Src/stm32f4xx_hal_rcc_ex.c ****       if ((HAL_GetTick() - tickstart) > RCC_DBP_TIMEOUT_VALUE)
1986:board/stm32f401rct6/Drivers/STM32F4xx_HAL_Driver/Src/stm32f4xx_hal_rcc_ex.c ****       {
1987:board/stm32f401rct6/Drivers/STM32F4xx_HAL_Driver/Src/stm32f4xx_hal_rcc_ex.c ****         return HAL_TIMEOUT;
1988:board/stm32f401rct6/Drivers/STM32F4xx_HAL_Driver/Src/stm32f4xx_hal_rcc_ex.c ****       }
1989:board/stm32f401rct6/Drivers/STM32F4xx_HAL_Driver/Src/stm32f4xx_hal_rcc_ex.c ****     }
1990:board/stm32f401rct6/Drivers/STM32F4xx_HAL_Driver/Src/stm32f4xx_hal_rcc_ex.c ****     /* Reset the Backup domain only if the RTC Clock source selection is modified from reset value 
1991:board/stm32f401rct6/Drivers/STM32F4xx_HAL_Driver/Src/stm32f4xx_hal_rcc_ex.c ****     tmpreg1 = (RCC->BDCR & RCC_BDCR_RTCSEL);
1992:board/stm32f401rct6/Drivers/STM32F4xx_HAL_Driver/Src/stm32f4xx_hal_rcc_ex.c ****     if ((tmpreg1 != 0x00000000U) && ((tmpreg1) != (PeriphClkInit->RTCClockSelection & RCC_BDCR_RTCS
1993:board/stm32f401rct6/Drivers/STM32F4xx_HAL_Driver/Src/stm32f4xx_hal_rcc_ex.c ****     {
1994:board/stm32f401rct6/Drivers/STM32F4xx_HAL_Driver/Src/stm32f4xx_hal_rcc_ex.c ****       /* Store the content of BDCR register before the reset of Backup Domain */
1995:board/stm32f401rct6/Drivers/STM32F4xx_HAL_Driver/Src/stm32f4xx_hal_rcc_ex.c ****       tmpreg1 = (RCC->BDCR & ~(RCC_BDCR_RTCSEL));
1996:board/stm32f401rct6/Drivers/STM32F4xx_HAL_Driver/Src/stm32f4xx_hal_rcc_ex.c ****       /* RTC Clock selection can be changed only if the Backup Domain is reset */
1997:board/stm32f401rct6/Drivers/STM32F4xx_HAL_Driver/Src/stm32f4xx_hal_rcc_ex.c ****       __HAL_RCC_BACKUPRESET_FORCE();
1998:board/stm32f401rct6/Drivers/STM32F4xx_HAL_Driver/Src/stm32f4xx_hal_rcc_ex.c ****       __HAL_RCC_BACKUPRESET_RELEASE();
1999:board/stm32f401rct6/Drivers/STM32F4xx_HAL_Driver/Src/stm32f4xx_hal_rcc_ex.c ****       /* Restore the Content of BDCR register */
2000:board/stm32f401rct6/Drivers/STM32F4xx_HAL_Driver/Src/stm32f4xx_hal_rcc_ex.c ****       RCC->BDCR = tmpreg1;
2001:board/stm32f401rct6/Drivers/STM32F4xx_HAL_Driver/Src/stm32f4xx_hal_rcc_ex.c **** 
2002:board/stm32f401rct6/Drivers/STM32F4xx_HAL_Driver/Src/stm32f4xx_hal_rcc_ex.c ****       /* Wait for LSE reactivation if LSE was enable prior to Backup Domain reset */
2003:board/stm32f401rct6/Drivers/STM32F4xx_HAL_Driver/Src/stm32f4xx_hal_rcc_ex.c ****       if (HAL_IS_BIT_SET(RCC->BDCR, RCC_BDCR_LSEON))
2004:board/stm32f401rct6/Drivers/STM32F4xx_HAL_Driver/Src/stm32f4xx_hal_rcc_ex.c ****       {
2005:board/stm32f401rct6/Drivers/STM32F4xx_HAL_Driver/Src/stm32f4xx_hal_rcc_ex.c ****         /* Get tick */
2006:board/stm32f401rct6/Drivers/STM32F4xx_HAL_Driver/Src/stm32f4xx_hal_rcc_ex.c ****         tickstart = HAL_GetTick();
2007:board/stm32f401rct6/Drivers/STM32F4xx_HAL_Driver/Src/stm32f4xx_hal_rcc_ex.c **** 
2008:board/stm32f401rct6/Drivers/STM32F4xx_HAL_Driver/Src/stm32f4xx_hal_rcc_ex.c ****         /* Wait till LSE is ready */
2009:board/stm32f401rct6/Drivers/STM32F4xx_HAL_Driver/Src/stm32f4xx_hal_rcc_ex.c ****         while (__HAL_RCC_GET_FLAG(RCC_FLAG_LSERDY) == RESET)
2010:board/stm32f401rct6/Drivers/STM32F4xx_HAL_Driver/Src/stm32f4xx_hal_rcc_ex.c ****         {
2011:board/stm32f401rct6/Drivers/STM32F4xx_HAL_Driver/Src/stm32f4xx_hal_rcc_ex.c ****           if ((HAL_GetTick() - tickstart) > RCC_LSE_TIMEOUT_VALUE)
2012:board/stm32f401rct6/Drivers/STM32F4xx_HAL_Driver/Src/stm32f4xx_hal_rcc_ex.c ****           {
2013:board/stm32f401rct6/Drivers/STM32F4xx_HAL_Driver/Src/stm32f4xx_hal_rcc_ex.c ****             return HAL_TIMEOUT;
2014:board/stm32f401rct6/Drivers/STM32F4xx_HAL_Driver/Src/stm32f4xx_hal_rcc_ex.c ****           }
2015:board/stm32f401rct6/Drivers/STM32F4xx_HAL_Driver/Src/stm32f4xx_hal_rcc_ex.c ****         }
2016:board/stm32f401rct6/Drivers/STM32F4xx_HAL_Driver/Src/stm32f4xx_hal_rcc_ex.c ****       }
2017:board/stm32f401rct6/Drivers/STM32F4xx_HAL_Driver/Src/stm32f4xx_hal_rcc_ex.c ****     }
2018:board/stm32f401rct6/Drivers/STM32F4xx_HAL_Driver/Src/stm32f4xx_hal_rcc_ex.c ****     __HAL_RCC_RTC_CONFIG(PeriphClkInit->RTCClockSelection);
2019:board/stm32f401rct6/Drivers/STM32F4xx_HAL_Driver/Src/stm32f4xx_hal_rcc_ex.c ****   }
2020:board/stm32f401rct6/Drivers/STM32F4xx_HAL_Driver/Src/stm32f4xx_hal_rcc_ex.c ****   /*--------------------------------------------------------------------------*/
2021:board/stm32f401rct6/Drivers/STM32F4xx_HAL_Driver/Src/stm32f4xx_hal_rcc_ex.c **** 
2022:board/stm32f401rct6/Drivers/STM32F4xx_HAL_Driver/Src/stm32f4xx_hal_rcc_ex.c ****   /*---------------------------- TIM configuration ---------------------------*/
2023:board/stm32f401rct6/Drivers/STM32F4xx_HAL_Driver/Src/stm32f4xx_hal_rcc_ex.c ****   if (((PeriphClkInit->PeriphClockSelection) & RCC_PERIPHCLK_TIM) == (RCC_PERIPHCLK_TIM))
2024:board/stm32f401rct6/Drivers/STM32F4xx_HAL_Driver/Src/stm32f4xx_hal_rcc_ex.c ****   {
ARM GAS  C:\Users\Admin\AppData\Local\Temp\ccCVg1CA.s 			page 37


2025:board/stm32f401rct6/Drivers/STM32F4xx_HAL_Driver/Src/stm32f4xx_hal_rcc_ex.c ****     __HAL_RCC_TIMCLKPRESCALER(PeriphClkInit->TIMPresSelection);
2026:board/stm32f401rct6/Drivers/STM32F4xx_HAL_Driver/Src/stm32f4xx_hal_rcc_ex.c ****   }
2027:board/stm32f401rct6/Drivers/STM32F4xx_HAL_Driver/Src/stm32f4xx_hal_rcc_ex.c ****   /*--------------------------------------------------------------------------*/
2028:board/stm32f401rct6/Drivers/STM32F4xx_HAL_Driver/Src/stm32f4xx_hal_rcc_ex.c **** 
2029:board/stm32f401rct6/Drivers/STM32F4xx_HAL_Driver/Src/stm32f4xx_hal_rcc_ex.c ****   /*---------------------------- FMPI2C1 Configuration -----------------------*/
2030:board/stm32f401rct6/Drivers/STM32F4xx_HAL_Driver/Src/stm32f4xx_hal_rcc_ex.c ****   if (((PeriphClkInit->PeriphClockSelection) & RCC_PERIPHCLK_FMPI2C1) == RCC_PERIPHCLK_FMPI2C1)
2031:board/stm32f401rct6/Drivers/STM32F4xx_HAL_Driver/Src/stm32f4xx_hal_rcc_ex.c ****   {
2032:board/stm32f401rct6/Drivers/STM32F4xx_HAL_Driver/Src/stm32f4xx_hal_rcc_ex.c ****     /* Check the parameters */
2033:board/stm32f401rct6/Drivers/STM32F4xx_HAL_Driver/Src/stm32f4xx_hal_rcc_ex.c ****     assert_param(IS_RCC_FMPI2C1CLKSOURCE(PeriphClkInit->Fmpi2c1ClockSelection));
2034:board/stm32f401rct6/Drivers/STM32F4xx_HAL_Driver/Src/stm32f4xx_hal_rcc_ex.c **** 
2035:board/stm32f401rct6/Drivers/STM32F4xx_HAL_Driver/Src/stm32f4xx_hal_rcc_ex.c ****     /* Configure the FMPI2C1 clock source */
2036:board/stm32f401rct6/Drivers/STM32F4xx_HAL_Driver/Src/stm32f4xx_hal_rcc_ex.c ****     __HAL_RCC_FMPI2C1_CONFIG(PeriphClkInit->Fmpi2c1ClockSelection);
2037:board/stm32f401rct6/Drivers/STM32F4xx_HAL_Driver/Src/stm32f4xx_hal_rcc_ex.c ****   }
2038:board/stm32f401rct6/Drivers/STM32F4xx_HAL_Driver/Src/stm32f4xx_hal_rcc_ex.c ****   /*--------------------------------------------------------------------------*/
2039:board/stm32f401rct6/Drivers/STM32F4xx_HAL_Driver/Src/stm32f4xx_hal_rcc_ex.c **** 
2040:board/stm32f401rct6/Drivers/STM32F4xx_HAL_Driver/Src/stm32f4xx_hal_rcc_ex.c ****   /*---------------------------- LPTIM1 Configuration ------------------------*/
2041:board/stm32f401rct6/Drivers/STM32F4xx_HAL_Driver/Src/stm32f4xx_hal_rcc_ex.c ****   if (((PeriphClkInit->PeriphClockSelection) & RCC_PERIPHCLK_LPTIM1) == RCC_PERIPHCLK_LPTIM1)
2042:board/stm32f401rct6/Drivers/STM32F4xx_HAL_Driver/Src/stm32f4xx_hal_rcc_ex.c ****   {
2043:board/stm32f401rct6/Drivers/STM32F4xx_HAL_Driver/Src/stm32f4xx_hal_rcc_ex.c ****     /* Check the parameters */
2044:board/stm32f401rct6/Drivers/STM32F4xx_HAL_Driver/Src/stm32f4xx_hal_rcc_ex.c ****     assert_param(IS_RCC_LPTIM1CLKSOURCE(PeriphClkInit->Lptim1ClockSelection));
2045:board/stm32f401rct6/Drivers/STM32F4xx_HAL_Driver/Src/stm32f4xx_hal_rcc_ex.c **** 
2046:board/stm32f401rct6/Drivers/STM32F4xx_HAL_Driver/Src/stm32f4xx_hal_rcc_ex.c ****     /* Configure the LPTIM1 clock source */
2047:board/stm32f401rct6/Drivers/STM32F4xx_HAL_Driver/Src/stm32f4xx_hal_rcc_ex.c ****     __HAL_RCC_LPTIM1_CONFIG(PeriphClkInit->Lptim1ClockSelection);
2048:board/stm32f401rct6/Drivers/STM32F4xx_HAL_Driver/Src/stm32f4xx_hal_rcc_ex.c ****   }
2049:board/stm32f401rct6/Drivers/STM32F4xx_HAL_Driver/Src/stm32f4xx_hal_rcc_ex.c **** 
2050:board/stm32f401rct6/Drivers/STM32F4xx_HAL_Driver/Src/stm32f4xx_hal_rcc_ex.c ****   /*---------------------------- I2S Configuration ---------------------------*/
2051:board/stm32f401rct6/Drivers/STM32F4xx_HAL_Driver/Src/stm32f4xx_hal_rcc_ex.c ****   if (((PeriphClkInit->PeriphClockSelection) & RCC_PERIPHCLK_I2S) == RCC_PERIPHCLK_I2S)
2052:board/stm32f401rct6/Drivers/STM32F4xx_HAL_Driver/Src/stm32f4xx_hal_rcc_ex.c ****   {
2053:board/stm32f401rct6/Drivers/STM32F4xx_HAL_Driver/Src/stm32f4xx_hal_rcc_ex.c ****     /* Check the parameters */
2054:board/stm32f401rct6/Drivers/STM32F4xx_HAL_Driver/Src/stm32f4xx_hal_rcc_ex.c ****     assert_param(IS_RCC_I2SAPBCLKSOURCE(PeriphClkInit->I2SClockSelection));
2055:board/stm32f401rct6/Drivers/STM32F4xx_HAL_Driver/Src/stm32f4xx_hal_rcc_ex.c **** 
2056:board/stm32f401rct6/Drivers/STM32F4xx_HAL_Driver/Src/stm32f4xx_hal_rcc_ex.c ****     /* Configure the I2S clock source */
2057:board/stm32f401rct6/Drivers/STM32F4xx_HAL_Driver/Src/stm32f4xx_hal_rcc_ex.c ****     __HAL_RCC_I2S_CONFIG(PeriphClkInit->I2SClockSelection);
2058:board/stm32f401rct6/Drivers/STM32F4xx_HAL_Driver/Src/stm32f4xx_hal_rcc_ex.c ****   }
2059:board/stm32f401rct6/Drivers/STM32F4xx_HAL_Driver/Src/stm32f4xx_hal_rcc_ex.c **** 
2060:board/stm32f401rct6/Drivers/STM32F4xx_HAL_Driver/Src/stm32f4xx_hal_rcc_ex.c ****   return HAL_OK;
2061:board/stm32f401rct6/Drivers/STM32F4xx_HAL_Driver/Src/stm32f4xx_hal_rcc_ex.c **** }
2062:board/stm32f401rct6/Drivers/STM32F4xx_HAL_Driver/Src/stm32f4xx_hal_rcc_ex.c **** 
2063:board/stm32f401rct6/Drivers/STM32F4xx_HAL_Driver/Src/stm32f4xx_hal_rcc_ex.c **** /**
2064:board/stm32f401rct6/Drivers/STM32F4xx_HAL_Driver/Src/stm32f4xx_hal_rcc_ex.c ****   * @brief  Configures the RCC_OscInitStruct according to the internal
2065:board/stm32f401rct6/Drivers/STM32F4xx_HAL_Driver/Src/stm32f4xx_hal_rcc_ex.c ****   * RCC configuration registers.
2066:board/stm32f401rct6/Drivers/STM32F4xx_HAL_Driver/Src/stm32f4xx_hal_rcc_ex.c ****   * @param  PeriphClkInit pointer to an RCC_PeriphCLKInitTypeDef structure that
2067:board/stm32f401rct6/Drivers/STM32F4xx_HAL_Driver/Src/stm32f4xx_hal_rcc_ex.c ****   * will be configured.
2068:board/stm32f401rct6/Drivers/STM32F4xx_HAL_Driver/Src/stm32f4xx_hal_rcc_ex.c ****   * @retval None
2069:board/stm32f401rct6/Drivers/STM32F4xx_HAL_Driver/Src/stm32f4xx_hal_rcc_ex.c ****   */
2070:board/stm32f401rct6/Drivers/STM32F4xx_HAL_Driver/Src/stm32f4xx_hal_rcc_ex.c **** void HAL_RCCEx_GetPeriphCLKConfig(RCC_PeriphCLKInitTypeDef  *PeriphClkInit)
2071:board/stm32f401rct6/Drivers/STM32F4xx_HAL_Driver/Src/stm32f4xx_hal_rcc_ex.c **** {
2072:board/stm32f401rct6/Drivers/STM32F4xx_HAL_Driver/Src/stm32f4xx_hal_rcc_ex.c ****   uint32_t tempreg;
2073:board/stm32f401rct6/Drivers/STM32F4xx_HAL_Driver/Src/stm32f4xx_hal_rcc_ex.c **** 
2074:board/stm32f401rct6/Drivers/STM32F4xx_HAL_Driver/Src/stm32f4xx_hal_rcc_ex.c ****   /* Set all possible values for the extended clock type parameter------------*/
2075:board/stm32f401rct6/Drivers/STM32F4xx_HAL_Driver/Src/stm32f4xx_hal_rcc_ex.c ****   PeriphClkInit->PeriphClockSelection = RCC_PERIPHCLK_FMPI2C1 | RCC_PERIPHCLK_LPTIM1 | RCC_PERIPHCL
2076:board/stm32f401rct6/Drivers/STM32F4xx_HAL_Driver/Src/stm32f4xx_hal_rcc_ex.c **** 
2077:board/stm32f401rct6/Drivers/STM32F4xx_HAL_Driver/Src/stm32f4xx_hal_rcc_ex.c ****   tempreg = (RCC->CFGR & RCC_CFGR_RTCPRE);
2078:board/stm32f401rct6/Drivers/STM32F4xx_HAL_Driver/Src/stm32f4xx_hal_rcc_ex.c ****   PeriphClkInit->RTCClockSelection = (uint32_t)((tempreg) | (RCC->BDCR & RCC_BDCR_RTCSEL));
2079:board/stm32f401rct6/Drivers/STM32F4xx_HAL_Driver/Src/stm32f4xx_hal_rcc_ex.c **** 
2080:board/stm32f401rct6/Drivers/STM32F4xx_HAL_Driver/Src/stm32f4xx_hal_rcc_ex.c ****   if ((RCC->DCKCFGR & RCC_DCKCFGR_TIMPRE) == RESET)
2081:board/stm32f401rct6/Drivers/STM32F4xx_HAL_Driver/Src/stm32f4xx_hal_rcc_ex.c ****   {
ARM GAS  C:\Users\Admin\AppData\Local\Temp\ccCVg1CA.s 			page 38


2082:board/stm32f401rct6/Drivers/STM32F4xx_HAL_Driver/Src/stm32f4xx_hal_rcc_ex.c ****     PeriphClkInit->TIMPresSelection = RCC_TIMPRES_DESACTIVATED;
2083:board/stm32f401rct6/Drivers/STM32F4xx_HAL_Driver/Src/stm32f4xx_hal_rcc_ex.c ****   }
2084:board/stm32f401rct6/Drivers/STM32F4xx_HAL_Driver/Src/stm32f4xx_hal_rcc_ex.c ****   else
2085:board/stm32f401rct6/Drivers/STM32F4xx_HAL_Driver/Src/stm32f4xx_hal_rcc_ex.c ****   {
2086:board/stm32f401rct6/Drivers/STM32F4xx_HAL_Driver/Src/stm32f4xx_hal_rcc_ex.c ****     PeriphClkInit->TIMPresSelection = RCC_TIMPRES_ACTIVATED;
2087:board/stm32f401rct6/Drivers/STM32F4xx_HAL_Driver/Src/stm32f4xx_hal_rcc_ex.c ****   }
2088:board/stm32f401rct6/Drivers/STM32F4xx_HAL_Driver/Src/stm32f4xx_hal_rcc_ex.c ****   /* Get the FMPI2C1 clock configuration -------------------------------------*/
2089:board/stm32f401rct6/Drivers/STM32F4xx_HAL_Driver/Src/stm32f4xx_hal_rcc_ex.c ****   PeriphClkInit->Fmpi2c1ClockSelection = __HAL_RCC_GET_FMPI2C1_SOURCE();
2090:board/stm32f401rct6/Drivers/STM32F4xx_HAL_Driver/Src/stm32f4xx_hal_rcc_ex.c **** 
2091:board/stm32f401rct6/Drivers/STM32F4xx_HAL_Driver/Src/stm32f4xx_hal_rcc_ex.c ****   /* Get the I2S clock configuration -----------------------------------------*/
2092:board/stm32f401rct6/Drivers/STM32F4xx_HAL_Driver/Src/stm32f4xx_hal_rcc_ex.c ****   PeriphClkInit->I2SClockSelection = __HAL_RCC_GET_I2S_SOURCE();
2093:board/stm32f401rct6/Drivers/STM32F4xx_HAL_Driver/Src/stm32f4xx_hal_rcc_ex.c **** 
2094:board/stm32f401rct6/Drivers/STM32F4xx_HAL_Driver/Src/stm32f4xx_hal_rcc_ex.c **** 
2095:board/stm32f401rct6/Drivers/STM32F4xx_HAL_Driver/Src/stm32f4xx_hal_rcc_ex.c **** }
2096:board/stm32f401rct6/Drivers/STM32F4xx_HAL_Driver/Src/stm32f4xx_hal_rcc_ex.c **** /**
2097:board/stm32f401rct6/Drivers/STM32F4xx_HAL_Driver/Src/stm32f4xx_hal_rcc_ex.c ****   * @brief  Return the peripheral clock frequency for a given peripheral(SAI..)
2098:board/stm32f401rct6/Drivers/STM32F4xx_HAL_Driver/Src/stm32f4xx_hal_rcc_ex.c ****   * @note   Return 0 if peripheral clock identifier not managed by this API
2099:board/stm32f401rct6/Drivers/STM32F4xx_HAL_Driver/Src/stm32f4xx_hal_rcc_ex.c ****   * @param  PeriphClk Peripheral clock identifier
2100:board/stm32f401rct6/Drivers/STM32F4xx_HAL_Driver/Src/stm32f4xx_hal_rcc_ex.c ****   *         This parameter can be one of the following values:
2101:board/stm32f401rct6/Drivers/STM32F4xx_HAL_Driver/Src/stm32f4xx_hal_rcc_ex.c ****   *            @arg RCC_PERIPHCLK_I2S: I2S peripheral clock
2102:board/stm32f401rct6/Drivers/STM32F4xx_HAL_Driver/Src/stm32f4xx_hal_rcc_ex.c ****   * @retval Frequency in KHz
2103:board/stm32f401rct6/Drivers/STM32F4xx_HAL_Driver/Src/stm32f4xx_hal_rcc_ex.c ****   */
2104:board/stm32f401rct6/Drivers/STM32F4xx_HAL_Driver/Src/stm32f4xx_hal_rcc_ex.c **** uint32_t HAL_RCCEx_GetPeriphCLKFreq(uint32_t PeriphClk)
2105:board/stm32f401rct6/Drivers/STM32F4xx_HAL_Driver/Src/stm32f4xx_hal_rcc_ex.c **** {
2106:board/stm32f401rct6/Drivers/STM32F4xx_HAL_Driver/Src/stm32f4xx_hal_rcc_ex.c ****   /* This variable used to store the I2S clock frequency (value in Hz) */
2107:board/stm32f401rct6/Drivers/STM32F4xx_HAL_Driver/Src/stm32f4xx_hal_rcc_ex.c ****   uint32_t frequency = 0U;
2108:board/stm32f401rct6/Drivers/STM32F4xx_HAL_Driver/Src/stm32f4xx_hal_rcc_ex.c ****   /* This variable used to store the VCO Input (value in Hz) */
2109:board/stm32f401rct6/Drivers/STM32F4xx_HAL_Driver/Src/stm32f4xx_hal_rcc_ex.c ****   uint32_t vcoinput = 0U;
2110:board/stm32f401rct6/Drivers/STM32F4xx_HAL_Driver/Src/stm32f4xx_hal_rcc_ex.c ****   uint32_t srcclk = 0U;
2111:board/stm32f401rct6/Drivers/STM32F4xx_HAL_Driver/Src/stm32f4xx_hal_rcc_ex.c ****   /* This variable used to store the VCO Output (value in Hz) */
2112:board/stm32f401rct6/Drivers/STM32F4xx_HAL_Driver/Src/stm32f4xx_hal_rcc_ex.c ****   uint32_t vcooutput = 0U;
2113:board/stm32f401rct6/Drivers/STM32F4xx_HAL_Driver/Src/stm32f4xx_hal_rcc_ex.c ****   switch (PeriphClk)
2114:board/stm32f401rct6/Drivers/STM32F4xx_HAL_Driver/Src/stm32f4xx_hal_rcc_ex.c ****   {
2115:board/stm32f401rct6/Drivers/STM32F4xx_HAL_Driver/Src/stm32f4xx_hal_rcc_ex.c ****     case RCC_PERIPHCLK_I2S:
2116:board/stm32f401rct6/Drivers/STM32F4xx_HAL_Driver/Src/stm32f4xx_hal_rcc_ex.c ****     {
2117:board/stm32f401rct6/Drivers/STM32F4xx_HAL_Driver/Src/stm32f4xx_hal_rcc_ex.c ****       /* Get the current I2S source */
2118:board/stm32f401rct6/Drivers/STM32F4xx_HAL_Driver/Src/stm32f4xx_hal_rcc_ex.c ****       srcclk = __HAL_RCC_GET_I2S_SOURCE();
2119:board/stm32f401rct6/Drivers/STM32F4xx_HAL_Driver/Src/stm32f4xx_hal_rcc_ex.c ****       switch (srcclk)
2120:board/stm32f401rct6/Drivers/STM32F4xx_HAL_Driver/Src/stm32f4xx_hal_rcc_ex.c ****       {
2121:board/stm32f401rct6/Drivers/STM32F4xx_HAL_Driver/Src/stm32f4xx_hal_rcc_ex.c ****         /* Check if I2S clock selection is External clock mapped on the I2S_CKIN pin used as I2S cl
2122:board/stm32f401rct6/Drivers/STM32F4xx_HAL_Driver/Src/stm32f4xx_hal_rcc_ex.c ****         case RCC_I2SAPBCLKSOURCE_EXT:
2123:board/stm32f401rct6/Drivers/STM32F4xx_HAL_Driver/Src/stm32f4xx_hal_rcc_ex.c ****         {
2124:board/stm32f401rct6/Drivers/STM32F4xx_HAL_Driver/Src/stm32f4xx_hal_rcc_ex.c ****           /* Set the I2S clock to the external clock  value */
2125:board/stm32f401rct6/Drivers/STM32F4xx_HAL_Driver/Src/stm32f4xx_hal_rcc_ex.c ****           frequency = EXTERNAL_CLOCK_VALUE;
2126:board/stm32f401rct6/Drivers/STM32F4xx_HAL_Driver/Src/stm32f4xx_hal_rcc_ex.c ****           break;
2127:board/stm32f401rct6/Drivers/STM32F4xx_HAL_Driver/Src/stm32f4xx_hal_rcc_ex.c ****         }
2128:board/stm32f401rct6/Drivers/STM32F4xx_HAL_Driver/Src/stm32f4xx_hal_rcc_ex.c ****         /* Check if I2S clock selection is PLL VCO Output divided by PLLR used as I2S clock */
2129:board/stm32f401rct6/Drivers/STM32F4xx_HAL_Driver/Src/stm32f4xx_hal_rcc_ex.c ****         case RCC_I2SAPBCLKSOURCE_PLLR:
2130:board/stm32f401rct6/Drivers/STM32F4xx_HAL_Driver/Src/stm32f4xx_hal_rcc_ex.c ****         {
2131:board/stm32f401rct6/Drivers/STM32F4xx_HAL_Driver/Src/stm32f4xx_hal_rcc_ex.c ****           /* Configure the PLL division factor R */
2132:board/stm32f401rct6/Drivers/STM32F4xx_HAL_Driver/Src/stm32f4xx_hal_rcc_ex.c ****           /* PLL_VCO Input  = PLL_SOURCE/PLLM */
2133:board/stm32f401rct6/Drivers/STM32F4xx_HAL_Driver/Src/stm32f4xx_hal_rcc_ex.c ****           if ((RCC->PLLCFGR & RCC_PLLCFGR_PLLSRC) == RCC_PLLSOURCE_HSE)
2134:board/stm32f401rct6/Drivers/STM32F4xx_HAL_Driver/Src/stm32f4xx_hal_rcc_ex.c ****           {
2135:board/stm32f401rct6/Drivers/STM32F4xx_HAL_Driver/Src/stm32f4xx_hal_rcc_ex.c ****             /* Get the I2S source clock value */
2136:board/stm32f401rct6/Drivers/STM32F4xx_HAL_Driver/Src/stm32f4xx_hal_rcc_ex.c ****             vcoinput = (uint32_t)(HSE_VALUE / (uint32_t)(RCC->PLLCFGR & RCC_PLLCFGR_PLLM));
2137:board/stm32f401rct6/Drivers/STM32F4xx_HAL_Driver/Src/stm32f4xx_hal_rcc_ex.c ****           }
2138:board/stm32f401rct6/Drivers/STM32F4xx_HAL_Driver/Src/stm32f4xx_hal_rcc_ex.c ****           else
ARM GAS  C:\Users\Admin\AppData\Local\Temp\ccCVg1CA.s 			page 39


2139:board/stm32f401rct6/Drivers/STM32F4xx_HAL_Driver/Src/stm32f4xx_hal_rcc_ex.c ****           {
2140:board/stm32f401rct6/Drivers/STM32F4xx_HAL_Driver/Src/stm32f4xx_hal_rcc_ex.c ****             /* Get the I2S source clock value */
2141:board/stm32f401rct6/Drivers/STM32F4xx_HAL_Driver/Src/stm32f4xx_hal_rcc_ex.c ****             vcoinput = (uint32_t)(HSI_VALUE / (uint32_t)(RCC->PLLCFGR & RCC_PLLCFGR_PLLM));
2142:board/stm32f401rct6/Drivers/STM32F4xx_HAL_Driver/Src/stm32f4xx_hal_rcc_ex.c ****           }
2143:board/stm32f401rct6/Drivers/STM32F4xx_HAL_Driver/Src/stm32f4xx_hal_rcc_ex.c **** 
2144:board/stm32f401rct6/Drivers/STM32F4xx_HAL_Driver/Src/stm32f4xx_hal_rcc_ex.c ****           /* PLL_VCO Output = PLL_VCO Input * PLLN */
2145:board/stm32f401rct6/Drivers/STM32F4xx_HAL_Driver/Src/stm32f4xx_hal_rcc_ex.c ****           vcooutput = (uint32_t)(vcoinput * (((RCC->PLLCFGR & RCC_PLLCFGR_PLLN) >> 6U) & (RCC_PLLCF
2146:board/stm32f401rct6/Drivers/STM32F4xx_HAL_Driver/Src/stm32f4xx_hal_rcc_ex.c ****           /* I2S_CLK = PLL_VCO Output/PLLR */
2147:board/stm32f401rct6/Drivers/STM32F4xx_HAL_Driver/Src/stm32f4xx_hal_rcc_ex.c ****           frequency = (uint32_t)(vcooutput / (((RCC->PLLCFGR & RCC_PLLCFGR_PLLR) >> 28U) & (RCC_PLL
2148:board/stm32f401rct6/Drivers/STM32F4xx_HAL_Driver/Src/stm32f4xx_hal_rcc_ex.c ****           break;
2149:board/stm32f401rct6/Drivers/STM32F4xx_HAL_Driver/Src/stm32f4xx_hal_rcc_ex.c ****         }
2150:board/stm32f401rct6/Drivers/STM32F4xx_HAL_Driver/Src/stm32f4xx_hal_rcc_ex.c ****         /* Check if I2S clock selection is HSI or HSE depending from PLL source Clock */
2151:board/stm32f401rct6/Drivers/STM32F4xx_HAL_Driver/Src/stm32f4xx_hal_rcc_ex.c ****         case RCC_I2SAPBCLKSOURCE_PLLSRC:
2152:board/stm32f401rct6/Drivers/STM32F4xx_HAL_Driver/Src/stm32f4xx_hal_rcc_ex.c ****         {
2153:board/stm32f401rct6/Drivers/STM32F4xx_HAL_Driver/Src/stm32f4xx_hal_rcc_ex.c ****           if ((RCC->PLLCFGR & RCC_PLLCFGR_PLLSRC) == RCC_PLLSOURCE_HSE)
2154:board/stm32f401rct6/Drivers/STM32F4xx_HAL_Driver/Src/stm32f4xx_hal_rcc_ex.c ****           {
2155:board/stm32f401rct6/Drivers/STM32F4xx_HAL_Driver/Src/stm32f4xx_hal_rcc_ex.c ****             frequency = HSE_VALUE;
2156:board/stm32f401rct6/Drivers/STM32F4xx_HAL_Driver/Src/stm32f4xx_hal_rcc_ex.c ****           }
2157:board/stm32f401rct6/Drivers/STM32F4xx_HAL_Driver/Src/stm32f4xx_hal_rcc_ex.c ****           else
2158:board/stm32f401rct6/Drivers/STM32F4xx_HAL_Driver/Src/stm32f4xx_hal_rcc_ex.c ****           {
2159:board/stm32f401rct6/Drivers/STM32F4xx_HAL_Driver/Src/stm32f4xx_hal_rcc_ex.c ****             frequency = HSI_VALUE;
2160:board/stm32f401rct6/Drivers/STM32F4xx_HAL_Driver/Src/stm32f4xx_hal_rcc_ex.c ****           }
2161:board/stm32f401rct6/Drivers/STM32F4xx_HAL_Driver/Src/stm32f4xx_hal_rcc_ex.c ****           break;
2162:board/stm32f401rct6/Drivers/STM32F4xx_HAL_Driver/Src/stm32f4xx_hal_rcc_ex.c ****         }
2163:board/stm32f401rct6/Drivers/STM32F4xx_HAL_Driver/Src/stm32f4xx_hal_rcc_ex.c ****         /* Clock not enabled for I2S*/
2164:board/stm32f401rct6/Drivers/STM32F4xx_HAL_Driver/Src/stm32f4xx_hal_rcc_ex.c ****         default:
2165:board/stm32f401rct6/Drivers/STM32F4xx_HAL_Driver/Src/stm32f4xx_hal_rcc_ex.c ****         {
2166:board/stm32f401rct6/Drivers/STM32F4xx_HAL_Driver/Src/stm32f4xx_hal_rcc_ex.c ****           frequency = 0U;
2167:board/stm32f401rct6/Drivers/STM32F4xx_HAL_Driver/Src/stm32f4xx_hal_rcc_ex.c ****           break;
2168:board/stm32f401rct6/Drivers/STM32F4xx_HAL_Driver/Src/stm32f4xx_hal_rcc_ex.c ****         }
2169:board/stm32f401rct6/Drivers/STM32F4xx_HAL_Driver/Src/stm32f4xx_hal_rcc_ex.c ****       }
2170:board/stm32f401rct6/Drivers/STM32F4xx_HAL_Driver/Src/stm32f4xx_hal_rcc_ex.c ****       break;
2171:board/stm32f401rct6/Drivers/STM32F4xx_HAL_Driver/Src/stm32f4xx_hal_rcc_ex.c ****     }
2172:board/stm32f401rct6/Drivers/STM32F4xx_HAL_Driver/Src/stm32f4xx_hal_rcc_ex.c ****     default:
2173:board/stm32f401rct6/Drivers/STM32F4xx_HAL_Driver/Src/stm32f4xx_hal_rcc_ex.c ****     {
2174:board/stm32f401rct6/Drivers/STM32F4xx_HAL_Driver/Src/stm32f4xx_hal_rcc_ex.c ****       break;
2175:board/stm32f401rct6/Drivers/STM32F4xx_HAL_Driver/Src/stm32f4xx_hal_rcc_ex.c ****     }
2176:board/stm32f401rct6/Drivers/STM32F4xx_HAL_Driver/Src/stm32f4xx_hal_rcc_ex.c ****   }
2177:board/stm32f401rct6/Drivers/STM32F4xx_HAL_Driver/Src/stm32f4xx_hal_rcc_ex.c ****   return frequency;
2178:board/stm32f401rct6/Drivers/STM32F4xx_HAL_Driver/Src/stm32f4xx_hal_rcc_ex.c **** }
2179:board/stm32f401rct6/Drivers/STM32F4xx_HAL_Driver/Src/stm32f4xx_hal_rcc_ex.c **** #endif /* STM32F410Tx || STM32F410Cx || STM32F410Rx */
2180:board/stm32f401rct6/Drivers/STM32F4xx_HAL_Driver/Src/stm32f4xx_hal_rcc_ex.c **** 
2181:board/stm32f401rct6/Drivers/STM32F4xx_HAL_Driver/Src/stm32f4xx_hal_rcc_ex.c **** #if defined(STM32F427xx) || defined(STM32F437xx) || defined(STM32F429xx) || defined(STM32F439xx)
2182:board/stm32f401rct6/Drivers/STM32F4xx_HAL_Driver/Src/stm32f4xx_hal_rcc_ex.c **** /**
2183:board/stm32f401rct6/Drivers/STM32F4xx_HAL_Driver/Src/stm32f4xx_hal_rcc_ex.c ****   * @brief  Initializes the RCC extended peripherals clocks according to the specified
2184:board/stm32f401rct6/Drivers/STM32F4xx_HAL_Driver/Src/stm32f4xx_hal_rcc_ex.c ****   *         parameters in the RCC_PeriphCLKInitTypeDef.
2185:board/stm32f401rct6/Drivers/STM32F4xx_HAL_Driver/Src/stm32f4xx_hal_rcc_ex.c ****   * @param  PeriphClkInit pointer to an RCC_PeriphCLKInitTypeDef structure that
2186:board/stm32f401rct6/Drivers/STM32F4xx_HAL_Driver/Src/stm32f4xx_hal_rcc_ex.c ****   *         contains the configuration information for the Extended Peripherals
2187:board/stm32f401rct6/Drivers/STM32F4xx_HAL_Driver/Src/stm32f4xx_hal_rcc_ex.c ****   *         clocks(I2S, SAI, LTDC RTC and TIM).
2188:board/stm32f401rct6/Drivers/STM32F4xx_HAL_Driver/Src/stm32f4xx_hal_rcc_ex.c ****   *
2189:board/stm32f401rct6/Drivers/STM32F4xx_HAL_Driver/Src/stm32f4xx_hal_rcc_ex.c ****   * @note   Care must be taken when HAL_RCCEx_PeriphCLKConfig() is used to select
2190:board/stm32f401rct6/Drivers/STM32F4xx_HAL_Driver/Src/stm32f4xx_hal_rcc_ex.c ****   *         the RTC clock source; in this case the Backup domain will be reset in
2191:board/stm32f401rct6/Drivers/STM32F4xx_HAL_Driver/Src/stm32f4xx_hal_rcc_ex.c ****   *         order to modify the RTC Clock source, as consequence RTC registers (including
2192:board/stm32f401rct6/Drivers/STM32F4xx_HAL_Driver/Src/stm32f4xx_hal_rcc_ex.c ****   *         the backup registers) and RCC_BDCR register are set to their reset values.
2193:board/stm32f401rct6/Drivers/STM32F4xx_HAL_Driver/Src/stm32f4xx_hal_rcc_ex.c ****   *
2194:board/stm32f401rct6/Drivers/STM32F4xx_HAL_Driver/Src/stm32f4xx_hal_rcc_ex.c ****   * @retval HAL status
2195:board/stm32f401rct6/Drivers/STM32F4xx_HAL_Driver/Src/stm32f4xx_hal_rcc_ex.c ****   */
ARM GAS  C:\Users\Admin\AppData\Local\Temp\ccCVg1CA.s 			page 40


2196:board/stm32f401rct6/Drivers/STM32F4xx_HAL_Driver/Src/stm32f4xx_hal_rcc_ex.c **** HAL_StatusTypeDef HAL_RCCEx_PeriphCLKConfig(RCC_PeriphCLKInitTypeDef  *PeriphClkInit)
2197:board/stm32f401rct6/Drivers/STM32F4xx_HAL_Driver/Src/stm32f4xx_hal_rcc_ex.c **** {
2198:board/stm32f401rct6/Drivers/STM32F4xx_HAL_Driver/Src/stm32f4xx_hal_rcc_ex.c ****   uint32_t tickstart = 0U;
2199:board/stm32f401rct6/Drivers/STM32F4xx_HAL_Driver/Src/stm32f4xx_hal_rcc_ex.c ****   uint32_t tmpreg1 = 0U;
2200:board/stm32f401rct6/Drivers/STM32F4xx_HAL_Driver/Src/stm32f4xx_hal_rcc_ex.c **** 
2201:board/stm32f401rct6/Drivers/STM32F4xx_HAL_Driver/Src/stm32f4xx_hal_rcc_ex.c ****   /* Check the parameters */
2202:board/stm32f401rct6/Drivers/STM32F4xx_HAL_Driver/Src/stm32f4xx_hal_rcc_ex.c ****   assert_param(IS_RCC_PERIPHCLOCK(PeriphClkInit->PeriphClockSelection));
2203:board/stm32f401rct6/Drivers/STM32F4xx_HAL_Driver/Src/stm32f4xx_hal_rcc_ex.c **** 
2204:board/stm32f401rct6/Drivers/STM32F4xx_HAL_Driver/Src/stm32f4xx_hal_rcc_ex.c ****   /*----------------------- SAI/I2S Configuration (PLLI2S) -------------------*/
2205:board/stm32f401rct6/Drivers/STM32F4xx_HAL_Driver/Src/stm32f4xx_hal_rcc_ex.c ****   /*----------------------- Common configuration SAI/I2S ---------------------*/
2206:board/stm32f401rct6/Drivers/STM32F4xx_HAL_Driver/Src/stm32f4xx_hal_rcc_ex.c ****   /* In Case of SAI or I2S Clock Configuration through PLLI2S, PLLI2SN division
2207:board/stm32f401rct6/Drivers/STM32F4xx_HAL_Driver/Src/stm32f4xx_hal_rcc_ex.c ****      factor is common parameters for both peripherals */
2208:board/stm32f401rct6/Drivers/STM32F4xx_HAL_Driver/Src/stm32f4xx_hal_rcc_ex.c ****   if ((((PeriphClkInit->PeriphClockSelection) & RCC_PERIPHCLK_I2S) == RCC_PERIPHCLK_I2S) ||
2209:board/stm32f401rct6/Drivers/STM32F4xx_HAL_Driver/Src/stm32f4xx_hal_rcc_ex.c ****       (((PeriphClkInit->PeriphClockSelection) & RCC_PERIPHCLK_SAI_PLLI2S) == RCC_PERIPHCLK_SAI_PLLI
2210:board/stm32f401rct6/Drivers/STM32F4xx_HAL_Driver/Src/stm32f4xx_hal_rcc_ex.c ****       (((PeriphClkInit->PeriphClockSelection) & RCC_PERIPHCLK_PLLI2S) == RCC_PERIPHCLK_PLLI2S))
2211:board/stm32f401rct6/Drivers/STM32F4xx_HAL_Driver/Src/stm32f4xx_hal_rcc_ex.c ****   {
2212:board/stm32f401rct6/Drivers/STM32F4xx_HAL_Driver/Src/stm32f4xx_hal_rcc_ex.c ****     /* check for Parameters */
2213:board/stm32f401rct6/Drivers/STM32F4xx_HAL_Driver/Src/stm32f4xx_hal_rcc_ex.c ****     assert_param(IS_RCC_PLLI2SN_VALUE(PeriphClkInit->PLLI2S.PLLI2SN));
2214:board/stm32f401rct6/Drivers/STM32F4xx_HAL_Driver/Src/stm32f4xx_hal_rcc_ex.c **** 
2215:board/stm32f401rct6/Drivers/STM32F4xx_HAL_Driver/Src/stm32f4xx_hal_rcc_ex.c ****     /* Disable the PLLI2S */
2216:board/stm32f401rct6/Drivers/STM32F4xx_HAL_Driver/Src/stm32f4xx_hal_rcc_ex.c ****     __HAL_RCC_PLLI2S_DISABLE();
2217:board/stm32f401rct6/Drivers/STM32F4xx_HAL_Driver/Src/stm32f4xx_hal_rcc_ex.c ****     /* Get tick */
2218:board/stm32f401rct6/Drivers/STM32F4xx_HAL_Driver/Src/stm32f4xx_hal_rcc_ex.c ****     tickstart = HAL_GetTick();
2219:board/stm32f401rct6/Drivers/STM32F4xx_HAL_Driver/Src/stm32f4xx_hal_rcc_ex.c ****     /* Wait till PLLI2S is disabled */
2220:board/stm32f401rct6/Drivers/STM32F4xx_HAL_Driver/Src/stm32f4xx_hal_rcc_ex.c ****     while (__HAL_RCC_GET_FLAG(RCC_FLAG_PLLI2SRDY)  != RESET)
2221:board/stm32f401rct6/Drivers/STM32F4xx_HAL_Driver/Src/stm32f4xx_hal_rcc_ex.c ****     {
2222:board/stm32f401rct6/Drivers/STM32F4xx_HAL_Driver/Src/stm32f4xx_hal_rcc_ex.c ****       if ((HAL_GetTick() - tickstart) > PLLI2S_TIMEOUT_VALUE)
2223:board/stm32f401rct6/Drivers/STM32F4xx_HAL_Driver/Src/stm32f4xx_hal_rcc_ex.c ****       {
2224:board/stm32f401rct6/Drivers/STM32F4xx_HAL_Driver/Src/stm32f4xx_hal_rcc_ex.c ****         /* return in case of Timeout detected */
2225:board/stm32f401rct6/Drivers/STM32F4xx_HAL_Driver/Src/stm32f4xx_hal_rcc_ex.c ****         return HAL_TIMEOUT;
2226:board/stm32f401rct6/Drivers/STM32F4xx_HAL_Driver/Src/stm32f4xx_hal_rcc_ex.c ****       }
2227:board/stm32f401rct6/Drivers/STM32F4xx_HAL_Driver/Src/stm32f4xx_hal_rcc_ex.c ****     }
2228:board/stm32f401rct6/Drivers/STM32F4xx_HAL_Driver/Src/stm32f4xx_hal_rcc_ex.c **** 
2229:board/stm32f401rct6/Drivers/STM32F4xx_HAL_Driver/Src/stm32f4xx_hal_rcc_ex.c ****     /*---------------------------- I2S configuration -------------------------*/
2230:board/stm32f401rct6/Drivers/STM32F4xx_HAL_Driver/Src/stm32f4xx_hal_rcc_ex.c ****     /* In Case of I2S Clock Configuration through PLLI2S, PLLI2SR must be added
2231:board/stm32f401rct6/Drivers/STM32F4xx_HAL_Driver/Src/stm32f4xx_hal_rcc_ex.c ****       only for I2S configuration */
2232:board/stm32f401rct6/Drivers/STM32F4xx_HAL_Driver/Src/stm32f4xx_hal_rcc_ex.c ****     if (((PeriphClkInit->PeriphClockSelection) & RCC_PERIPHCLK_I2S) == (RCC_PERIPHCLK_I2S))
2233:board/stm32f401rct6/Drivers/STM32F4xx_HAL_Driver/Src/stm32f4xx_hal_rcc_ex.c ****     {
2234:board/stm32f401rct6/Drivers/STM32F4xx_HAL_Driver/Src/stm32f4xx_hal_rcc_ex.c ****       /* check for Parameters */
2235:board/stm32f401rct6/Drivers/STM32F4xx_HAL_Driver/Src/stm32f4xx_hal_rcc_ex.c ****       assert_param(IS_RCC_PLLI2SR_VALUE(PeriphClkInit->PLLI2S.PLLI2SR));
2236:board/stm32f401rct6/Drivers/STM32F4xx_HAL_Driver/Src/stm32f4xx_hal_rcc_ex.c ****       /* Configure the PLLI2S division factors */
2237:board/stm32f401rct6/Drivers/STM32F4xx_HAL_Driver/Src/stm32f4xx_hal_rcc_ex.c ****       /* PLLI2S_VCO = f(VCO clock) = f(PLLI2S clock input) * (PLLI2SN/PLLM) */
2238:board/stm32f401rct6/Drivers/STM32F4xx_HAL_Driver/Src/stm32f4xx_hal_rcc_ex.c ****       /* I2SCLK = f(PLLI2S clock output) = f(VCO clock) / PLLI2SR */
2239:board/stm32f401rct6/Drivers/STM32F4xx_HAL_Driver/Src/stm32f4xx_hal_rcc_ex.c ****       __HAL_RCC_PLLI2S_CONFIG(PeriphClkInit->PLLI2S.PLLI2SN, PeriphClkInit->PLLI2S.PLLI2SR);
2240:board/stm32f401rct6/Drivers/STM32F4xx_HAL_Driver/Src/stm32f4xx_hal_rcc_ex.c ****     }
2241:board/stm32f401rct6/Drivers/STM32F4xx_HAL_Driver/Src/stm32f4xx_hal_rcc_ex.c **** 
2242:board/stm32f401rct6/Drivers/STM32F4xx_HAL_Driver/Src/stm32f4xx_hal_rcc_ex.c ****     /*---------------------------- SAI configuration -------------------------*/
2243:board/stm32f401rct6/Drivers/STM32F4xx_HAL_Driver/Src/stm32f4xx_hal_rcc_ex.c ****     /* In Case of SAI Clock Configuration through PLLI2S, PLLI2SQ and PLLI2S_DIVQ must
2244:board/stm32f401rct6/Drivers/STM32F4xx_HAL_Driver/Src/stm32f4xx_hal_rcc_ex.c ****        be added only for SAI configuration */
2245:board/stm32f401rct6/Drivers/STM32F4xx_HAL_Driver/Src/stm32f4xx_hal_rcc_ex.c ****     if (((PeriphClkInit->PeriphClockSelection) & RCC_PERIPHCLK_SAI_PLLI2S) == (RCC_PERIPHCLK_SAI_PL
2246:board/stm32f401rct6/Drivers/STM32F4xx_HAL_Driver/Src/stm32f4xx_hal_rcc_ex.c ****     {
2247:board/stm32f401rct6/Drivers/STM32F4xx_HAL_Driver/Src/stm32f4xx_hal_rcc_ex.c ****       /* Check the PLLI2S division factors */
2248:board/stm32f401rct6/Drivers/STM32F4xx_HAL_Driver/Src/stm32f4xx_hal_rcc_ex.c ****       assert_param(IS_RCC_PLLI2SQ_VALUE(PeriphClkInit->PLLI2S.PLLI2SQ));
2249:board/stm32f401rct6/Drivers/STM32F4xx_HAL_Driver/Src/stm32f4xx_hal_rcc_ex.c ****       assert_param(IS_RCC_PLLI2S_DIVQ_VALUE(PeriphClkInit->PLLI2SDivQ));
2250:board/stm32f401rct6/Drivers/STM32F4xx_HAL_Driver/Src/stm32f4xx_hal_rcc_ex.c **** 
2251:board/stm32f401rct6/Drivers/STM32F4xx_HAL_Driver/Src/stm32f4xx_hal_rcc_ex.c ****       /* Read PLLI2SR value from PLLI2SCFGR register (this value is not need for SAI configuration)
2252:board/stm32f401rct6/Drivers/STM32F4xx_HAL_Driver/Src/stm32f4xx_hal_rcc_ex.c ****       tmpreg1 = ((RCC->PLLI2SCFGR & RCC_PLLI2SCFGR_PLLI2SR) >> RCC_PLLI2SCFGR_PLLI2SR_Pos);
ARM GAS  C:\Users\Admin\AppData\Local\Temp\ccCVg1CA.s 			page 41


2253:board/stm32f401rct6/Drivers/STM32F4xx_HAL_Driver/Src/stm32f4xx_hal_rcc_ex.c ****       /* Configure the PLLI2S division factors */
2254:board/stm32f401rct6/Drivers/STM32F4xx_HAL_Driver/Src/stm32f4xx_hal_rcc_ex.c ****       /* PLLI2S_VCO Input  = PLL_SOURCE/PLLM */
2255:board/stm32f401rct6/Drivers/STM32F4xx_HAL_Driver/Src/stm32f4xx_hal_rcc_ex.c ****       /* PLLI2S_VCO Output = PLLI2S_VCO Input * PLLI2SN */
2256:board/stm32f401rct6/Drivers/STM32F4xx_HAL_Driver/Src/stm32f4xx_hal_rcc_ex.c ****       /* SAI_CLK(first level) = PLLI2S_VCO Output/PLLI2SQ */
2257:board/stm32f401rct6/Drivers/STM32F4xx_HAL_Driver/Src/stm32f4xx_hal_rcc_ex.c ****       __HAL_RCC_PLLI2S_SAICLK_CONFIG(PeriphClkInit->PLLI2S.PLLI2SN, PeriphClkInit->PLLI2S.PLLI2SQ, 
2258:board/stm32f401rct6/Drivers/STM32F4xx_HAL_Driver/Src/stm32f4xx_hal_rcc_ex.c ****       /* SAI_CLK_x = SAI_CLK(first level)/PLLI2SDIVQ */
2259:board/stm32f401rct6/Drivers/STM32F4xx_HAL_Driver/Src/stm32f4xx_hal_rcc_ex.c ****       __HAL_RCC_PLLI2S_PLLSAICLKDIVQ_CONFIG(PeriphClkInit->PLLI2SDivQ);
2260:board/stm32f401rct6/Drivers/STM32F4xx_HAL_Driver/Src/stm32f4xx_hal_rcc_ex.c ****     }
2261:board/stm32f401rct6/Drivers/STM32F4xx_HAL_Driver/Src/stm32f4xx_hal_rcc_ex.c **** 
2262:board/stm32f401rct6/Drivers/STM32F4xx_HAL_Driver/Src/stm32f4xx_hal_rcc_ex.c ****     /*----------------- In Case of PLLI2S is just selected  -----------------*/
2263:board/stm32f401rct6/Drivers/STM32F4xx_HAL_Driver/Src/stm32f4xx_hal_rcc_ex.c ****     if ((PeriphClkInit->PeriphClockSelection & RCC_PERIPHCLK_PLLI2S) == RCC_PERIPHCLK_PLLI2S)
2264:board/stm32f401rct6/Drivers/STM32F4xx_HAL_Driver/Src/stm32f4xx_hal_rcc_ex.c ****     {
2265:board/stm32f401rct6/Drivers/STM32F4xx_HAL_Driver/Src/stm32f4xx_hal_rcc_ex.c ****       /* Check for Parameters */
2266:board/stm32f401rct6/Drivers/STM32F4xx_HAL_Driver/Src/stm32f4xx_hal_rcc_ex.c ****       assert_param(IS_RCC_PLLI2SQ_VALUE(PeriphClkInit->PLLI2S.PLLI2SQ));
2267:board/stm32f401rct6/Drivers/STM32F4xx_HAL_Driver/Src/stm32f4xx_hal_rcc_ex.c ****       assert_param(IS_RCC_PLLI2SR_VALUE(PeriphClkInit->PLLI2S.PLLI2SR));
2268:board/stm32f401rct6/Drivers/STM32F4xx_HAL_Driver/Src/stm32f4xx_hal_rcc_ex.c **** 
2269:board/stm32f401rct6/Drivers/STM32F4xx_HAL_Driver/Src/stm32f4xx_hal_rcc_ex.c ****       /* Configure the PLLI2S multiplication and division factors */
2270:board/stm32f401rct6/Drivers/STM32F4xx_HAL_Driver/Src/stm32f4xx_hal_rcc_ex.c ****       __HAL_RCC_PLLI2S_SAICLK_CONFIG(PeriphClkInit->PLLI2S.PLLI2SN, PeriphClkInit->PLLI2S.PLLI2SQ,
2271:board/stm32f401rct6/Drivers/STM32F4xx_HAL_Driver/Src/stm32f4xx_hal_rcc_ex.c ****                                      PeriphClkInit->PLLI2S.PLLI2SR);
2272:board/stm32f401rct6/Drivers/STM32F4xx_HAL_Driver/Src/stm32f4xx_hal_rcc_ex.c ****     }
2273:board/stm32f401rct6/Drivers/STM32F4xx_HAL_Driver/Src/stm32f4xx_hal_rcc_ex.c **** 
2274:board/stm32f401rct6/Drivers/STM32F4xx_HAL_Driver/Src/stm32f4xx_hal_rcc_ex.c ****     /* Enable the PLLI2S */
2275:board/stm32f401rct6/Drivers/STM32F4xx_HAL_Driver/Src/stm32f4xx_hal_rcc_ex.c ****     __HAL_RCC_PLLI2S_ENABLE();
2276:board/stm32f401rct6/Drivers/STM32F4xx_HAL_Driver/Src/stm32f4xx_hal_rcc_ex.c ****     /* Get tick */
2277:board/stm32f401rct6/Drivers/STM32F4xx_HAL_Driver/Src/stm32f4xx_hal_rcc_ex.c ****     tickstart = HAL_GetTick();
2278:board/stm32f401rct6/Drivers/STM32F4xx_HAL_Driver/Src/stm32f4xx_hal_rcc_ex.c ****     /* Wait till PLLI2S is ready */
2279:board/stm32f401rct6/Drivers/STM32F4xx_HAL_Driver/Src/stm32f4xx_hal_rcc_ex.c ****     while (__HAL_RCC_GET_FLAG(RCC_FLAG_PLLI2SRDY)  == RESET)
2280:board/stm32f401rct6/Drivers/STM32F4xx_HAL_Driver/Src/stm32f4xx_hal_rcc_ex.c ****     {
2281:board/stm32f401rct6/Drivers/STM32F4xx_HAL_Driver/Src/stm32f4xx_hal_rcc_ex.c ****       if ((HAL_GetTick() - tickstart) > PLLI2S_TIMEOUT_VALUE)
2282:board/stm32f401rct6/Drivers/STM32F4xx_HAL_Driver/Src/stm32f4xx_hal_rcc_ex.c ****       {
2283:board/stm32f401rct6/Drivers/STM32F4xx_HAL_Driver/Src/stm32f4xx_hal_rcc_ex.c ****         /* return in case of Timeout detected */
2284:board/stm32f401rct6/Drivers/STM32F4xx_HAL_Driver/Src/stm32f4xx_hal_rcc_ex.c ****         return HAL_TIMEOUT;
2285:board/stm32f401rct6/Drivers/STM32F4xx_HAL_Driver/Src/stm32f4xx_hal_rcc_ex.c ****       }
2286:board/stm32f401rct6/Drivers/STM32F4xx_HAL_Driver/Src/stm32f4xx_hal_rcc_ex.c ****     }
2287:board/stm32f401rct6/Drivers/STM32F4xx_HAL_Driver/Src/stm32f4xx_hal_rcc_ex.c ****   }
2288:board/stm32f401rct6/Drivers/STM32F4xx_HAL_Driver/Src/stm32f4xx_hal_rcc_ex.c ****   /*--------------------------------------------------------------------------*/
2289:board/stm32f401rct6/Drivers/STM32F4xx_HAL_Driver/Src/stm32f4xx_hal_rcc_ex.c **** 
2290:board/stm32f401rct6/Drivers/STM32F4xx_HAL_Driver/Src/stm32f4xx_hal_rcc_ex.c ****   /*----------------------- SAI/LTDC Configuration (PLLSAI) ------------------*/
2291:board/stm32f401rct6/Drivers/STM32F4xx_HAL_Driver/Src/stm32f4xx_hal_rcc_ex.c ****   /*----------------------- Common configuration SAI/LTDC --------------------*/
2292:board/stm32f401rct6/Drivers/STM32F4xx_HAL_Driver/Src/stm32f4xx_hal_rcc_ex.c ****   /* In Case of SAI or LTDC Clock Configuration through PLLSAI, PLLSAIN division
2293:board/stm32f401rct6/Drivers/STM32F4xx_HAL_Driver/Src/stm32f4xx_hal_rcc_ex.c ****      factor is common parameters for both peripherals */
2294:board/stm32f401rct6/Drivers/STM32F4xx_HAL_Driver/Src/stm32f4xx_hal_rcc_ex.c ****   if ((((PeriphClkInit->PeriphClockSelection) & RCC_PERIPHCLK_SAI_PLLSAI) == RCC_PERIPHCLK_SAI_PLLS
2295:board/stm32f401rct6/Drivers/STM32F4xx_HAL_Driver/Src/stm32f4xx_hal_rcc_ex.c ****       (((PeriphClkInit->PeriphClockSelection) & RCC_PERIPHCLK_LTDC) == RCC_PERIPHCLK_LTDC))
2296:board/stm32f401rct6/Drivers/STM32F4xx_HAL_Driver/Src/stm32f4xx_hal_rcc_ex.c ****   {
2297:board/stm32f401rct6/Drivers/STM32F4xx_HAL_Driver/Src/stm32f4xx_hal_rcc_ex.c ****     /* Check the PLLSAI division factors */
2298:board/stm32f401rct6/Drivers/STM32F4xx_HAL_Driver/Src/stm32f4xx_hal_rcc_ex.c ****     assert_param(IS_RCC_PLLSAIN_VALUE(PeriphClkInit->PLLSAI.PLLSAIN));
2299:board/stm32f401rct6/Drivers/STM32F4xx_HAL_Driver/Src/stm32f4xx_hal_rcc_ex.c **** 
2300:board/stm32f401rct6/Drivers/STM32F4xx_HAL_Driver/Src/stm32f4xx_hal_rcc_ex.c ****     /* Disable PLLSAI Clock */
2301:board/stm32f401rct6/Drivers/STM32F4xx_HAL_Driver/Src/stm32f4xx_hal_rcc_ex.c ****     __HAL_RCC_PLLSAI_DISABLE();
2302:board/stm32f401rct6/Drivers/STM32F4xx_HAL_Driver/Src/stm32f4xx_hal_rcc_ex.c ****     /* Get tick */
2303:board/stm32f401rct6/Drivers/STM32F4xx_HAL_Driver/Src/stm32f4xx_hal_rcc_ex.c ****     tickstart = HAL_GetTick();
2304:board/stm32f401rct6/Drivers/STM32F4xx_HAL_Driver/Src/stm32f4xx_hal_rcc_ex.c ****     /* Wait till PLLSAI is disabled */
2305:board/stm32f401rct6/Drivers/STM32F4xx_HAL_Driver/Src/stm32f4xx_hal_rcc_ex.c ****     while (__HAL_RCC_PLLSAI_GET_FLAG() != RESET)
2306:board/stm32f401rct6/Drivers/STM32F4xx_HAL_Driver/Src/stm32f4xx_hal_rcc_ex.c ****     {
2307:board/stm32f401rct6/Drivers/STM32F4xx_HAL_Driver/Src/stm32f4xx_hal_rcc_ex.c ****       if ((HAL_GetTick() - tickstart) > PLLSAI_TIMEOUT_VALUE)
2308:board/stm32f401rct6/Drivers/STM32F4xx_HAL_Driver/Src/stm32f4xx_hal_rcc_ex.c ****       {
2309:board/stm32f401rct6/Drivers/STM32F4xx_HAL_Driver/Src/stm32f4xx_hal_rcc_ex.c ****         /* return in case of Timeout detected */
ARM GAS  C:\Users\Admin\AppData\Local\Temp\ccCVg1CA.s 			page 42


2310:board/stm32f401rct6/Drivers/STM32F4xx_HAL_Driver/Src/stm32f4xx_hal_rcc_ex.c ****         return HAL_TIMEOUT;
2311:board/stm32f401rct6/Drivers/STM32F4xx_HAL_Driver/Src/stm32f4xx_hal_rcc_ex.c ****       }
2312:board/stm32f401rct6/Drivers/STM32F4xx_HAL_Driver/Src/stm32f4xx_hal_rcc_ex.c ****     }
2313:board/stm32f401rct6/Drivers/STM32F4xx_HAL_Driver/Src/stm32f4xx_hal_rcc_ex.c **** 
2314:board/stm32f401rct6/Drivers/STM32F4xx_HAL_Driver/Src/stm32f4xx_hal_rcc_ex.c ****     /*---------------------------- SAI configuration -------------------------*/
2315:board/stm32f401rct6/Drivers/STM32F4xx_HAL_Driver/Src/stm32f4xx_hal_rcc_ex.c ****     /* In Case of SAI Clock Configuration through PLLSAI, PLLSAIQ and PLLSAI_DIVQ must
2316:board/stm32f401rct6/Drivers/STM32F4xx_HAL_Driver/Src/stm32f4xx_hal_rcc_ex.c ****        be added only for SAI configuration */
2317:board/stm32f401rct6/Drivers/STM32F4xx_HAL_Driver/Src/stm32f4xx_hal_rcc_ex.c ****     if (((PeriphClkInit->PeriphClockSelection) & RCC_PERIPHCLK_SAI_PLLSAI) == (RCC_PERIPHCLK_SAI_PL
2318:board/stm32f401rct6/Drivers/STM32F4xx_HAL_Driver/Src/stm32f4xx_hal_rcc_ex.c ****     {
2319:board/stm32f401rct6/Drivers/STM32F4xx_HAL_Driver/Src/stm32f4xx_hal_rcc_ex.c ****       assert_param(IS_RCC_PLLSAIQ_VALUE(PeriphClkInit->PLLSAI.PLLSAIQ));
2320:board/stm32f401rct6/Drivers/STM32F4xx_HAL_Driver/Src/stm32f4xx_hal_rcc_ex.c ****       assert_param(IS_RCC_PLLSAI_DIVQ_VALUE(PeriphClkInit->PLLSAIDivQ));
2321:board/stm32f401rct6/Drivers/STM32F4xx_HAL_Driver/Src/stm32f4xx_hal_rcc_ex.c **** 
2322:board/stm32f401rct6/Drivers/STM32F4xx_HAL_Driver/Src/stm32f4xx_hal_rcc_ex.c ****       /* Read PLLSAIR value from PLLSAICFGR register (this value is not need for SAI configuration)
2323:board/stm32f401rct6/Drivers/STM32F4xx_HAL_Driver/Src/stm32f4xx_hal_rcc_ex.c ****       tmpreg1 = ((RCC->PLLSAICFGR & RCC_PLLSAICFGR_PLLSAIR) >> RCC_PLLSAICFGR_PLLSAIR_Pos);
2324:board/stm32f401rct6/Drivers/STM32F4xx_HAL_Driver/Src/stm32f4xx_hal_rcc_ex.c ****       /* PLLSAI_VCO Input  = PLL_SOURCE/PLLM */
2325:board/stm32f401rct6/Drivers/STM32F4xx_HAL_Driver/Src/stm32f4xx_hal_rcc_ex.c ****       /* PLLSAI_VCO Output = PLLSAI_VCO Input * PLLSAIN */
2326:board/stm32f401rct6/Drivers/STM32F4xx_HAL_Driver/Src/stm32f4xx_hal_rcc_ex.c ****       /* SAI_CLK(first level) = PLLSAI_VCO Output/PLLSAIQ */
2327:board/stm32f401rct6/Drivers/STM32F4xx_HAL_Driver/Src/stm32f4xx_hal_rcc_ex.c ****       __HAL_RCC_PLLSAI_CONFIG(PeriphClkInit->PLLSAI.PLLSAIN, PeriphClkInit->PLLSAI.PLLSAIQ, tmpreg1
2328:board/stm32f401rct6/Drivers/STM32F4xx_HAL_Driver/Src/stm32f4xx_hal_rcc_ex.c ****       /* SAI_CLK_x = SAI_CLK(first level)/PLLSAIDIVQ */
2329:board/stm32f401rct6/Drivers/STM32F4xx_HAL_Driver/Src/stm32f4xx_hal_rcc_ex.c ****       __HAL_RCC_PLLSAI_PLLSAICLKDIVQ_CONFIG(PeriphClkInit->PLLSAIDivQ);
2330:board/stm32f401rct6/Drivers/STM32F4xx_HAL_Driver/Src/stm32f4xx_hal_rcc_ex.c ****     }
2331:board/stm32f401rct6/Drivers/STM32F4xx_HAL_Driver/Src/stm32f4xx_hal_rcc_ex.c **** 
2332:board/stm32f401rct6/Drivers/STM32F4xx_HAL_Driver/Src/stm32f4xx_hal_rcc_ex.c ****     /*---------------------------- LTDC configuration ------------------------*/
2333:board/stm32f401rct6/Drivers/STM32F4xx_HAL_Driver/Src/stm32f4xx_hal_rcc_ex.c ****     if (((PeriphClkInit->PeriphClockSelection) & RCC_PERIPHCLK_LTDC) == (RCC_PERIPHCLK_LTDC))
2334:board/stm32f401rct6/Drivers/STM32F4xx_HAL_Driver/Src/stm32f4xx_hal_rcc_ex.c ****     {
2335:board/stm32f401rct6/Drivers/STM32F4xx_HAL_Driver/Src/stm32f4xx_hal_rcc_ex.c ****       assert_param(IS_RCC_PLLSAIR_VALUE(PeriphClkInit->PLLSAI.PLLSAIR));
2336:board/stm32f401rct6/Drivers/STM32F4xx_HAL_Driver/Src/stm32f4xx_hal_rcc_ex.c ****       assert_param(IS_RCC_PLLSAI_DIVR_VALUE(PeriphClkInit->PLLSAIDivR));
2337:board/stm32f401rct6/Drivers/STM32F4xx_HAL_Driver/Src/stm32f4xx_hal_rcc_ex.c **** 
2338:board/stm32f401rct6/Drivers/STM32F4xx_HAL_Driver/Src/stm32f4xx_hal_rcc_ex.c ****       /* Read PLLSAIR value from PLLSAICFGR register (this value is not need for SAI configuration)
2339:board/stm32f401rct6/Drivers/STM32F4xx_HAL_Driver/Src/stm32f4xx_hal_rcc_ex.c ****       tmpreg1 = ((RCC->PLLSAICFGR & RCC_PLLSAICFGR_PLLSAIQ) >> RCC_PLLSAICFGR_PLLSAIQ_Pos);
2340:board/stm32f401rct6/Drivers/STM32F4xx_HAL_Driver/Src/stm32f4xx_hal_rcc_ex.c ****       /* PLLSAI_VCO Input  = PLL_SOURCE/PLLM */
2341:board/stm32f401rct6/Drivers/STM32F4xx_HAL_Driver/Src/stm32f4xx_hal_rcc_ex.c ****       /* PLLSAI_VCO Output = PLLSAI_VCO Input * PLLSAIN */
2342:board/stm32f401rct6/Drivers/STM32F4xx_HAL_Driver/Src/stm32f4xx_hal_rcc_ex.c ****       /* LTDC_CLK(first level) = PLLSAI_VCO Output/PLLSAIR */
2343:board/stm32f401rct6/Drivers/STM32F4xx_HAL_Driver/Src/stm32f4xx_hal_rcc_ex.c ****       __HAL_RCC_PLLSAI_CONFIG(PeriphClkInit->PLLSAI.PLLSAIN, tmpreg1, PeriphClkInit->PLLSAI.PLLSAIR
2344:board/stm32f401rct6/Drivers/STM32F4xx_HAL_Driver/Src/stm32f4xx_hal_rcc_ex.c ****       /* LTDC_CLK = LTDC_CLK(first level)/PLLSAIDIVR */
2345:board/stm32f401rct6/Drivers/STM32F4xx_HAL_Driver/Src/stm32f4xx_hal_rcc_ex.c ****       __HAL_RCC_PLLSAI_PLLSAICLKDIVR_CONFIG(PeriphClkInit->PLLSAIDivR);
2346:board/stm32f401rct6/Drivers/STM32F4xx_HAL_Driver/Src/stm32f4xx_hal_rcc_ex.c ****     }
2347:board/stm32f401rct6/Drivers/STM32F4xx_HAL_Driver/Src/stm32f4xx_hal_rcc_ex.c ****     /* Enable PLLSAI Clock */
2348:board/stm32f401rct6/Drivers/STM32F4xx_HAL_Driver/Src/stm32f4xx_hal_rcc_ex.c ****     __HAL_RCC_PLLSAI_ENABLE();
2349:board/stm32f401rct6/Drivers/STM32F4xx_HAL_Driver/Src/stm32f4xx_hal_rcc_ex.c ****     /* Get tick */
2350:board/stm32f401rct6/Drivers/STM32F4xx_HAL_Driver/Src/stm32f4xx_hal_rcc_ex.c ****     tickstart = HAL_GetTick();
2351:board/stm32f401rct6/Drivers/STM32F4xx_HAL_Driver/Src/stm32f4xx_hal_rcc_ex.c ****     /* Wait till PLLSAI is ready */
2352:board/stm32f401rct6/Drivers/STM32F4xx_HAL_Driver/Src/stm32f4xx_hal_rcc_ex.c ****     while (__HAL_RCC_PLLSAI_GET_FLAG() == RESET)
2353:board/stm32f401rct6/Drivers/STM32F4xx_HAL_Driver/Src/stm32f4xx_hal_rcc_ex.c ****     {
2354:board/stm32f401rct6/Drivers/STM32F4xx_HAL_Driver/Src/stm32f4xx_hal_rcc_ex.c ****       if ((HAL_GetTick() - tickstart) > PLLSAI_TIMEOUT_VALUE)
2355:board/stm32f401rct6/Drivers/STM32F4xx_HAL_Driver/Src/stm32f4xx_hal_rcc_ex.c ****       {
2356:board/stm32f401rct6/Drivers/STM32F4xx_HAL_Driver/Src/stm32f4xx_hal_rcc_ex.c ****         /* return in case of Timeout detected */
2357:board/stm32f401rct6/Drivers/STM32F4xx_HAL_Driver/Src/stm32f4xx_hal_rcc_ex.c ****         return HAL_TIMEOUT;
2358:board/stm32f401rct6/Drivers/STM32F4xx_HAL_Driver/Src/stm32f4xx_hal_rcc_ex.c ****       }
2359:board/stm32f401rct6/Drivers/STM32F4xx_HAL_Driver/Src/stm32f4xx_hal_rcc_ex.c ****     }
2360:board/stm32f401rct6/Drivers/STM32F4xx_HAL_Driver/Src/stm32f4xx_hal_rcc_ex.c ****   }
2361:board/stm32f401rct6/Drivers/STM32F4xx_HAL_Driver/Src/stm32f4xx_hal_rcc_ex.c ****   /*--------------------------------------------------------------------------*/
2362:board/stm32f401rct6/Drivers/STM32F4xx_HAL_Driver/Src/stm32f4xx_hal_rcc_ex.c **** 
2363:board/stm32f401rct6/Drivers/STM32F4xx_HAL_Driver/Src/stm32f4xx_hal_rcc_ex.c ****   /*---------------------------- RTC configuration ---------------------------*/
2364:board/stm32f401rct6/Drivers/STM32F4xx_HAL_Driver/Src/stm32f4xx_hal_rcc_ex.c ****   if (((PeriphClkInit->PeriphClockSelection) & RCC_PERIPHCLK_RTC) == (RCC_PERIPHCLK_RTC))
2365:board/stm32f401rct6/Drivers/STM32F4xx_HAL_Driver/Src/stm32f4xx_hal_rcc_ex.c ****   {
2366:board/stm32f401rct6/Drivers/STM32F4xx_HAL_Driver/Src/stm32f4xx_hal_rcc_ex.c ****     /* Check for RTC Parameters used to output RTCCLK */
ARM GAS  C:\Users\Admin\AppData\Local\Temp\ccCVg1CA.s 			page 43


2367:board/stm32f401rct6/Drivers/STM32F4xx_HAL_Driver/Src/stm32f4xx_hal_rcc_ex.c ****     assert_param(IS_RCC_RTCCLKSOURCE(PeriphClkInit->RTCClockSelection));
2368:board/stm32f401rct6/Drivers/STM32F4xx_HAL_Driver/Src/stm32f4xx_hal_rcc_ex.c **** 
2369:board/stm32f401rct6/Drivers/STM32F4xx_HAL_Driver/Src/stm32f4xx_hal_rcc_ex.c ****     /* Enable Power Clock*/
2370:board/stm32f401rct6/Drivers/STM32F4xx_HAL_Driver/Src/stm32f4xx_hal_rcc_ex.c ****     __HAL_RCC_PWR_CLK_ENABLE();
2371:board/stm32f401rct6/Drivers/STM32F4xx_HAL_Driver/Src/stm32f4xx_hal_rcc_ex.c **** 
2372:board/stm32f401rct6/Drivers/STM32F4xx_HAL_Driver/Src/stm32f4xx_hal_rcc_ex.c ****     /* Enable write access to Backup domain */
2373:board/stm32f401rct6/Drivers/STM32F4xx_HAL_Driver/Src/stm32f4xx_hal_rcc_ex.c ****     PWR->CR |= PWR_CR_DBP;
2374:board/stm32f401rct6/Drivers/STM32F4xx_HAL_Driver/Src/stm32f4xx_hal_rcc_ex.c **** 
2375:board/stm32f401rct6/Drivers/STM32F4xx_HAL_Driver/Src/stm32f4xx_hal_rcc_ex.c ****     /* Get tick */
2376:board/stm32f401rct6/Drivers/STM32F4xx_HAL_Driver/Src/stm32f4xx_hal_rcc_ex.c ****     tickstart = HAL_GetTick();
2377:board/stm32f401rct6/Drivers/STM32F4xx_HAL_Driver/Src/stm32f4xx_hal_rcc_ex.c **** 
2378:board/stm32f401rct6/Drivers/STM32F4xx_HAL_Driver/Src/stm32f4xx_hal_rcc_ex.c ****     while ((PWR->CR & PWR_CR_DBP) == RESET)
2379:board/stm32f401rct6/Drivers/STM32F4xx_HAL_Driver/Src/stm32f4xx_hal_rcc_ex.c ****     {
2380:board/stm32f401rct6/Drivers/STM32F4xx_HAL_Driver/Src/stm32f4xx_hal_rcc_ex.c ****       if ((HAL_GetTick() - tickstart) > RCC_DBP_TIMEOUT_VALUE)
2381:board/stm32f401rct6/Drivers/STM32F4xx_HAL_Driver/Src/stm32f4xx_hal_rcc_ex.c ****       {
2382:board/stm32f401rct6/Drivers/STM32F4xx_HAL_Driver/Src/stm32f4xx_hal_rcc_ex.c ****         return HAL_TIMEOUT;
2383:board/stm32f401rct6/Drivers/STM32F4xx_HAL_Driver/Src/stm32f4xx_hal_rcc_ex.c ****       }
2384:board/stm32f401rct6/Drivers/STM32F4xx_HAL_Driver/Src/stm32f4xx_hal_rcc_ex.c ****     }
2385:board/stm32f401rct6/Drivers/STM32F4xx_HAL_Driver/Src/stm32f4xx_hal_rcc_ex.c ****     /* Reset the Backup domain only if the RTC Clock source selection is modified from reset value 
2386:board/stm32f401rct6/Drivers/STM32F4xx_HAL_Driver/Src/stm32f4xx_hal_rcc_ex.c ****     tmpreg1 = (RCC->BDCR & RCC_BDCR_RTCSEL);
2387:board/stm32f401rct6/Drivers/STM32F4xx_HAL_Driver/Src/stm32f4xx_hal_rcc_ex.c ****     if ((tmpreg1 != 0x00000000U) && ((tmpreg1) != (PeriphClkInit->RTCClockSelection & RCC_BDCR_RTCS
2388:board/stm32f401rct6/Drivers/STM32F4xx_HAL_Driver/Src/stm32f4xx_hal_rcc_ex.c ****     {
2389:board/stm32f401rct6/Drivers/STM32F4xx_HAL_Driver/Src/stm32f4xx_hal_rcc_ex.c ****       /* Store the content of BDCR register before the reset of Backup Domain */
2390:board/stm32f401rct6/Drivers/STM32F4xx_HAL_Driver/Src/stm32f4xx_hal_rcc_ex.c ****       tmpreg1 = (RCC->BDCR & ~(RCC_BDCR_RTCSEL));
2391:board/stm32f401rct6/Drivers/STM32F4xx_HAL_Driver/Src/stm32f4xx_hal_rcc_ex.c ****       /* RTC Clock selection can be changed only if the Backup Domain is reset */
2392:board/stm32f401rct6/Drivers/STM32F4xx_HAL_Driver/Src/stm32f4xx_hal_rcc_ex.c ****       __HAL_RCC_BACKUPRESET_FORCE();
2393:board/stm32f401rct6/Drivers/STM32F4xx_HAL_Driver/Src/stm32f4xx_hal_rcc_ex.c ****       __HAL_RCC_BACKUPRESET_RELEASE();
2394:board/stm32f401rct6/Drivers/STM32F4xx_HAL_Driver/Src/stm32f4xx_hal_rcc_ex.c ****       /* Restore the Content of BDCR register */
2395:board/stm32f401rct6/Drivers/STM32F4xx_HAL_Driver/Src/stm32f4xx_hal_rcc_ex.c ****       RCC->BDCR = tmpreg1;
2396:board/stm32f401rct6/Drivers/STM32F4xx_HAL_Driver/Src/stm32f4xx_hal_rcc_ex.c **** 
2397:board/stm32f401rct6/Drivers/STM32F4xx_HAL_Driver/Src/stm32f4xx_hal_rcc_ex.c ****       /* Wait for LSE reactivation if LSE was enable prior to Backup Domain reset */
2398:board/stm32f401rct6/Drivers/STM32F4xx_HAL_Driver/Src/stm32f4xx_hal_rcc_ex.c ****       if (HAL_IS_BIT_SET(RCC->BDCR, RCC_BDCR_LSEON))
2399:board/stm32f401rct6/Drivers/STM32F4xx_HAL_Driver/Src/stm32f4xx_hal_rcc_ex.c ****       {
2400:board/stm32f401rct6/Drivers/STM32F4xx_HAL_Driver/Src/stm32f4xx_hal_rcc_ex.c ****         /* Get tick */
2401:board/stm32f401rct6/Drivers/STM32F4xx_HAL_Driver/Src/stm32f4xx_hal_rcc_ex.c ****         tickstart = HAL_GetTick();
2402:board/stm32f401rct6/Drivers/STM32F4xx_HAL_Driver/Src/stm32f4xx_hal_rcc_ex.c **** 
2403:board/stm32f401rct6/Drivers/STM32F4xx_HAL_Driver/Src/stm32f4xx_hal_rcc_ex.c ****         /* Wait till LSE is ready */
2404:board/stm32f401rct6/Drivers/STM32F4xx_HAL_Driver/Src/stm32f4xx_hal_rcc_ex.c ****         while (__HAL_RCC_GET_FLAG(RCC_FLAG_LSERDY) == RESET)
2405:board/stm32f401rct6/Drivers/STM32F4xx_HAL_Driver/Src/stm32f4xx_hal_rcc_ex.c ****         {
2406:board/stm32f401rct6/Drivers/STM32F4xx_HAL_Driver/Src/stm32f4xx_hal_rcc_ex.c ****           if ((HAL_GetTick() - tickstart) > RCC_LSE_TIMEOUT_VALUE)
2407:board/stm32f401rct6/Drivers/STM32F4xx_HAL_Driver/Src/stm32f4xx_hal_rcc_ex.c ****           {
2408:board/stm32f401rct6/Drivers/STM32F4xx_HAL_Driver/Src/stm32f4xx_hal_rcc_ex.c ****             return HAL_TIMEOUT;
2409:board/stm32f401rct6/Drivers/STM32F4xx_HAL_Driver/Src/stm32f4xx_hal_rcc_ex.c ****           }
2410:board/stm32f401rct6/Drivers/STM32F4xx_HAL_Driver/Src/stm32f4xx_hal_rcc_ex.c ****         }
2411:board/stm32f401rct6/Drivers/STM32F4xx_HAL_Driver/Src/stm32f4xx_hal_rcc_ex.c ****       }
2412:board/stm32f401rct6/Drivers/STM32F4xx_HAL_Driver/Src/stm32f4xx_hal_rcc_ex.c ****     }
2413:board/stm32f401rct6/Drivers/STM32F4xx_HAL_Driver/Src/stm32f4xx_hal_rcc_ex.c ****     __HAL_RCC_RTC_CONFIG(PeriphClkInit->RTCClockSelection);
2414:board/stm32f401rct6/Drivers/STM32F4xx_HAL_Driver/Src/stm32f4xx_hal_rcc_ex.c ****   }
2415:board/stm32f401rct6/Drivers/STM32F4xx_HAL_Driver/Src/stm32f4xx_hal_rcc_ex.c ****   /*--------------------------------------------------------------------------*/
2416:board/stm32f401rct6/Drivers/STM32F4xx_HAL_Driver/Src/stm32f4xx_hal_rcc_ex.c **** 
2417:board/stm32f401rct6/Drivers/STM32F4xx_HAL_Driver/Src/stm32f4xx_hal_rcc_ex.c ****   /*---------------------------- TIM configuration ---------------------------*/
2418:board/stm32f401rct6/Drivers/STM32F4xx_HAL_Driver/Src/stm32f4xx_hal_rcc_ex.c ****   if (((PeriphClkInit->PeriphClockSelection) & RCC_PERIPHCLK_TIM) == (RCC_PERIPHCLK_TIM))
2419:board/stm32f401rct6/Drivers/STM32F4xx_HAL_Driver/Src/stm32f4xx_hal_rcc_ex.c ****   {
2420:board/stm32f401rct6/Drivers/STM32F4xx_HAL_Driver/Src/stm32f4xx_hal_rcc_ex.c ****     __HAL_RCC_TIMCLKPRESCALER(PeriphClkInit->TIMPresSelection);
2421:board/stm32f401rct6/Drivers/STM32F4xx_HAL_Driver/Src/stm32f4xx_hal_rcc_ex.c ****   }
2422:board/stm32f401rct6/Drivers/STM32F4xx_HAL_Driver/Src/stm32f4xx_hal_rcc_ex.c ****   return HAL_OK;
2423:board/stm32f401rct6/Drivers/STM32F4xx_HAL_Driver/Src/stm32f4xx_hal_rcc_ex.c **** }
ARM GAS  C:\Users\Admin\AppData\Local\Temp\ccCVg1CA.s 			page 44


2424:board/stm32f401rct6/Drivers/STM32F4xx_HAL_Driver/Src/stm32f4xx_hal_rcc_ex.c **** 
2425:board/stm32f401rct6/Drivers/STM32F4xx_HAL_Driver/Src/stm32f4xx_hal_rcc_ex.c **** /**
2426:board/stm32f401rct6/Drivers/STM32F4xx_HAL_Driver/Src/stm32f4xx_hal_rcc_ex.c ****   * @brief  Configures the PeriphClkInit according to the internal
2427:board/stm32f401rct6/Drivers/STM32F4xx_HAL_Driver/Src/stm32f4xx_hal_rcc_ex.c ****   * RCC configuration registers.
2428:board/stm32f401rct6/Drivers/STM32F4xx_HAL_Driver/Src/stm32f4xx_hal_rcc_ex.c ****   * @param  PeriphClkInit pointer to an RCC_PeriphCLKInitTypeDef structure that
2429:board/stm32f401rct6/Drivers/STM32F4xx_HAL_Driver/Src/stm32f4xx_hal_rcc_ex.c ****   *         will be configured.
2430:board/stm32f401rct6/Drivers/STM32F4xx_HAL_Driver/Src/stm32f4xx_hal_rcc_ex.c ****   * @retval None
2431:board/stm32f401rct6/Drivers/STM32F4xx_HAL_Driver/Src/stm32f4xx_hal_rcc_ex.c ****   */
2432:board/stm32f401rct6/Drivers/STM32F4xx_HAL_Driver/Src/stm32f4xx_hal_rcc_ex.c **** void HAL_RCCEx_GetPeriphCLKConfig(RCC_PeriphCLKInitTypeDef  *PeriphClkInit)
2433:board/stm32f401rct6/Drivers/STM32F4xx_HAL_Driver/Src/stm32f4xx_hal_rcc_ex.c **** {
2434:board/stm32f401rct6/Drivers/STM32F4xx_HAL_Driver/Src/stm32f4xx_hal_rcc_ex.c ****   uint32_t tempreg;
2435:board/stm32f401rct6/Drivers/STM32F4xx_HAL_Driver/Src/stm32f4xx_hal_rcc_ex.c **** 
2436:board/stm32f401rct6/Drivers/STM32F4xx_HAL_Driver/Src/stm32f4xx_hal_rcc_ex.c ****   /* Set all possible values for the extended clock type parameter------------*/
2437:board/stm32f401rct6/Drivers/STM32F4xx_HAL_Driver/Src/stm32f4xx_hal_rcc_ex.c ****   PeriphClkInit->PeriphClockSelection = RCC_PERIPHCLK_I2S | RCC_PERIPHCLK_SAI_PLLSAI | RCC_PERIPHCL
2438:board/stm32f401rct6/Drivers/STM32F4xx_HAL_Driver/Src/stm32f4xx_hal_rcc_ex.c **** 
2439:board/stm32f401rct6/Drivers/STM32F4xx_HAL_Driver/Src/stm32f4xx_hal_rcc_ex.c ****   /* Get the PLLI2S Clock configuration -----------------------------------------------*/
2440:board/stm32f401rct6/Drivers/STM32F4xx_HAL_Driver/Src/stm32f4xx_hal_rcc_ex.c ****   PeriphClkInit->PLLI2S.PLLI2SN = (uint32_t)((RCC->PLLI2SCFGR & RCC_PLLI2SCFGR_PLLI2SN) >> RCC_PLLI
2441:board/stm32f401rct6/Drivers/STM32F4xx_HAL_Driver/Src/stm32f4xx_hal_rcc_ex.c ****   PeriphClkInit->PLLI2S.PLLI2SR = (uint32_t)((RCC->PLLI2SCFGR & RCC_PLLI2SCFGR_PLLI2SR) >> RCC_PLLI
2442:board/stm32f401rct6/Drivers/STM32F4xx_HAL_Driver/Src/stm32f4xx_hal_rcc_ex.c ****   PeriphClkInit->PLLI2S.PLLI2SQ = (uint32_t)((RCC->PLLI2SCFGR & RCC_PLLI2SCFGR_PLLI2SQ) >> RCC_PLLI
2443:board/stm32f401rct6/Drivers/STM32F4xx_HAL_Driver/Src/stm32f4xx_hal_rcc_ex.c ****   /* Get the PLLSAI Clock configuration -----------------------------------------------*/
2444:board/stm32f401rct6/Drivers/STM32F4xx_HAL_Driver/Src/stm32f4xx_hal_rcc_ex.c ****   PeriphClkInit->PLLSAI.PLLSAIN = (uint32_t)((RCC->PLLSAICFGR & RCC_PLLSAICFGR_PLLSAIN) >> RCC_PLLS
2445:board/stm32f401rct6/Drivers/STM32F4xx_HAL_Driver/Src/stm32f4xx_hal_rcc_ex.c ****   PeriphClkInit->PLLSAI.PLLSAIR = (uint32_t)((RCC->PLLSAICFGR & RCC_PLLSAICFGR_PLLSAIR) >> RCC_PLLS
2446:board/stm32f401rct6/Drivers/STM32F4xx_HAL_Driver/Src/stm32f4xx_hal_rcc_ex.c ****   PeriphClkInit->PLLSAI.PLLSAIQ = (uint32_t)((RCC->PLLSAICFGR & RCC_PLLSAICFGR_PLLSAIQ) >> RCC_PLLS
2447:board/stm32f401rct6/Drivers/STM32F4xx_HAL_Driver/Src/stm32f4xx_hal_rcc_ex.c ****   /* Get the PLLSAI/PLLI2S division factors -----------------------------------------------*/
2448:board/stm32f401rct6/Drivers/STM32F4xx_HAL_Driver/Src/stm32f4xx_hal_rcc_ex.c ****   PeriphClkInit->PLLI2SDivQ = (uint32_t)((RCC->DCKCFGR & RCC_DCKCFGR_PLLI2SDIVQ) >> RCC_DCKCFGR_PLL
2449:board/stm32f401rct6/Drivers/STM32F4xx_HAL_Driver/Src/stm32f4xx_hal_rcc_ex.c ****   PeriphClkInit->PLLSAIDivQ = (uint32_t)((RCC->DCKCFGR & RCC_DCKCFGR_PLLSAIDIVQ) >> RCC_DCKCFGR_PLL
2450:board/stm32f401rct6/Drivers/STM32F4xx_HAL_Driver/Src/stm32f4xx_hal_rcc_ex.c ****   PeriphClkInit->PLLSAIDivR = (uint32_t)(RCC->DCKCFGR & RCC_DCKCFGR_PLLSAIDIVR);
2451:board/stm32f401rct6/Drivers/STM32F4xx_HAL_Driver/Src/stm32f4xx_hal_rcc_ex.c ****   /* Get the RTC Clock configuration -----------------------------------------------*/
2452:board/stm32f401rct6/Drivers/STM32F4xx_HAL_Driver/Src/stm32f4xx_hal_rcc_ex.c ****   tempreg = (RCC->CFGR & RCC_CFGR_RTCPRE);
2453:board/stm32f401rct6/Drivers/STM32F4xx_HAL_Driver/Src/stm32f4xx_hal_rcc_ex.c ****   PeriphClkInit->RTCClockSelection = (uint32_t)((tempreg) | (RCC->BDCR & RCC_BDCR_RTCSEL));
2454:board/stm32f401rct6/Drivers/STM32F4xx_HAL_Driver/Src/stm32f4xx_hal_rcc_ex.c **** 
2455:board/stm32f401rct6/Drivers/STM32F4xx_HAL_Driver/Src/stm32f4xx_hal_rcc_ex.c ****   if ((RCC->DCKCFGR & RCC_DCKCFGR_TIMPRE) == RESET)
2456:board/stm32f401rct6/Drivers/STM32F4xx_HAL_Driver/Src/stm32f4xx_hal_rcc_ex.c ****   {
2457:board/stm32f401rct6/Drivers/STM32F4xx_HAL_Driver/Src/stm32f4xx_hal_rcc_ex.c ****     PeriphClkInit->TIMPresSelection = RCC_TIMPRES_DESACTIVATED;
2458:board/stm32f401rct6/Drivers/STM32F4xx_HAL_Driver/Src/stm32f4xx_hal_rcc_ex.c ****   }
2459:board/stm32f401rct6/Drivers/STM32F4xx_HAL_Driver/Src/stm32f4xx_hal_rcc_ex.c ****   else
2460:board/stm32f401rct6/Drivers/STM32F4xx_HAL_Driver/Src/stm32f4xx_hal_rcc_ex.c ****   {
2461:board/stm32f401rct6/Drivers/STM32F4xx_HAL_Driver/Src/stm32f4xx_hal_rcc_ex.c ****     PeriphClkInit->TIMPresSelection = RCC_TIMPRES_ACTIVATED;
2462:board/stm32f401rct6/Drivers/STM32F4xx_HAL_Driver/Src/stm32f4xx_hal_rcc_ex.c ****   }
2463:board/stm32f401rct6/Drivers/STM32F4xx_HAL_Driver/Src/stm32f4xx_hal_rcc_ex.c **** }
2464:board/stm32f401rct6/Drivers/STM32F4xx_HAL_Driver/Src/stm32f4xx_hal_rcc_ex.c **** 
2465:board/stm32f401rct6/Drivers/STM32F4xx_HAL_Driver/Src/stm32f4xx_hal_rcc_ex.c **** /**
2466:board/stm32f401rct6/Drivers/STM32F4xx_HAL_Driver/Src/stm32f4xx_hal_rcc_ex.c ****   * @brief  Return the peripheral clock frequency for a given peripheral(SAI..)
2467:board/stm32f401rct6/Drivers/STM32F4xx_HAL_Driver/Src/stm32f4xx_hal_rcc_ex.c ****   * @note   Return 0 if peripheral clock identifier not managed by this API
2468:board/stm32f401rct6/Drivers/STM32F4xx_HAL_Driver/Src/stm32f4xx_hal_rcc_ex.c ****   * @param  PeriphClk Peripheral clock identifier
2469:board/stm32f401rct6/Drivers/STM32F4xx_HAL_Driver/Src/stm32f4xx_hal_rcc_ex.c ****   *         This parameter can be one of the following values:
2470:board/stm32f401rct6/Drivers/STM32F4xx_HAL_Driver/Src/stm32f4xx_hal_rcc_ex.c ****   *            @arg RCC_PERIPHCLK_I2S: I2S peripheral clock
2471:board/stm32f401rct6/Drivers/STM32F4xx_HAL_Driver/Src/stm32f4xx_hal_rcc_ex.c ****   * @retval Frequency in KHz
2472:board/stm32f401rct6/Drivers/STM32F4xx_HAL_Driver/Src/stm32f4xx_hal_rcc_ex.c ****   */
2473:board/stm32f401rct6/Drivers/STM32F4xx_HAL_Driver/Src/stm32f4xx_hal_rcc_ex.c **** uint32_t HAL_RCCEx_GetPeriphCLKFreq(uint32_t PeriphClk)
2474:board/stm32f401rct6/Drivers/STM32F4xx_HAL_Driver/Src/stm32f4xx_hal_rcc_ex.c **** {
2475:board/stm32f401rct6/Drivers/STM32F4xx_HAL_Driver/Src/stm32f4xx_hal_rcc_ex.c ****   /* This variable used to store the I2S clock frequency (value in Hz) */
2476:board/stm32f401rct6/Drivers/STM32F4xx_HAL_Driver/Src/stm32f4xx_hal_rcc_ex.c ****   uint32_t frequency = 0U;
2477:board/stm32f401rct6/Drivers/STM32F4xx_HAL_Driver/Src/stm32f4xx_hal_rcc_ex.c ****   /* This variable used to store the VCO Input (value in Hz) */
2478:board/stm32f401rct6/Drivers/STM32F4xx_HAL_Driver/Src/stm32f4xx_hal_rcc_ex.c ****   uint32_t vcoinput = 0U;
2479:board/stm32f401rct6/Drivers/STM32F4xx_HAL_Driver/Src/stm32f4xx_hal_rcc_ex.c ****   uint32_t srcclk = 0U;
2480:board/stm32f401rct6/Drivers/STM32F4xx_HAL_Driver/Src/stm32f4xx_hal_rcc_ex.c ****   /* This variable used to store the VCO Output (value in Hz) */
ARM GAS  C:\Users\Admin\AppData\Local\Temp\ccCVg1CA.s 			page 45


2481:board/stm32f401rct6/Drivers/STM32F4xx_HAL_Driver/Src/stm32f4xx_hal_rcc_ex.c ****   uint32_t vcooutput = 0U;
2482:board/stm32f401rct6/Drivers/STM32F4xx_HAL_Driver/Src/stm32f4xx_hal_rcc_ex.c ****   switch (PeriphClk)
2483:board/stm32f401rct6/Drivers/STM32F4xx_HAL_Driver/Src/stm32f4xx_hal_rcc_ex.c ****   {
2484:board/stm32f401rct6/Drivers/STM32F4xx_HAL_Driver/Src/stm32f4xx_hal_rcc_ex.c ****     case RCC_PERIPHCLK_I2S:
2485:board/stm32f401rct6/Drivers/STM32F4xx_HAL_Driver/Src/stm32f4xx_hal_rcc_ex.c ****     {
2486:board/stm32f401rct6/Drivers/STM32F4xx_HAL_Driver/Src/stm32f4xx_hal_rcc_ex.c ****       /* Get the current I2S source */
2487:board/stm32f401rct6/Drivers/STM32F4xx_HAL_Driver/Src/stm32f4xx_hal_rcc_ex.c ****       srcclk = __HAL_RCC_GET_I2S_SOURCE();
2488:board/stm32f401rct6/Drivers/STM32F4xx_HAL_Driver/Src/stm32f4xx_hal_rcc_ex.c ****       switch (srcclk)
2489:board/stm32f401rct6/Drivers/STM32F4xx_HAL_Driver/Src/stm32f4xx_hal_rcc_ex.c ****       {
2490:board/stm32f401rct6/Drivers/STM32F4xx_HAL_Driver/Src/stm32f4xx_hal_rcc_ex.c ****         /* Check if I2S clock selection is External clock mapped on the I2S_CKIN pin used as I2S cl
2491:board/stm32f401rct6/Drivers/STM32F4xx_HAL_Driver/Src/stm32f4xx_hal_rcc_ex.c ****         case RCC_I2SCLKSOURCE_EXT:
2492:board/stm32f401rct6/Drivers/STM32F4xx_HAL_Driver/Src/stm32f4xx_hal_rcc_ex.c ****         {
2493:board/stm32f401rct6/Drivers/STM32F4xx_HAL_Driver/Src/stm32f4xx_hal_rcc_ex.c ****           /* Set the I2S clock to the external clock  value */
2494:board/stm32f401rct6/Drivers/STM32F4xx_HAL_Driver/Src/stm32f4xx_hal_rcc_ex.c ****           frequency = EXTERNAL_CLOCK_VALUE;
2495:board/stm32f401rct6/Drivers/STM32F4xx_HAL_Driver/Src/stm32f4xx_hal_rcc_ex.c ****           break;
2496:board/stm32f401rct6/Drivers/STM32F4xx_HAL_Driver/Src/stm32f4xx_hal_rcc_ex.c ****         }
2497:board/stm32f401rct6/Drivers/STM32F4xx_HAL_Driver/Src/stm32f4xx_hal_rcc_ex.c ****         /* Check if I2S clock selection is PLLI2S VCO output clock divided by PLLI2SR used as I2S c
2498:board/stm32f401rct6/Drivers/STM32F4xx_HAL_Driver/Src/stm32f4xx_hal_rcc_ex.c ****         case RCC_I2SCLKSOURCE_PLLI2S:
2499:board/stm32f401rct6/Drivers/STM32F4xx_HAL_Driver/Src/stm32f4xx_hal_rcc_ex.c ****         {
2500:board/stm32f401rct6/Drivers/STM32F4xx_HAL_Driver/Src/stm32f4xx_hal_rcc_ex.c ****           /* Configure the PLLI2S division factor */
2501:board/stm32f401rct6/Drivers/STM32F4xx_HAL_Driver/Src/stm32f4xx_hal_rcc_ex.c ****           /* PLLI2S_VCO Input  = PLL_SOURCE/PLLM */
2502:board/stm32f401rct6/Drivers/STM32F4xx_HAL_Driver/Src/stm32f4xx_hal_rcc_ex.c ****           if ((RCC->PLLCFGR & RCC_PLLCFGR_PLLSRC) == RCC_PLLSOURCE_HSE)
2503:board/stm32f401rct6/Drivers/STM32F4xx_HAL_Driver/Src/stm32f4xx_hal_rcc_ex.c ****           {
2504:board/stm32f401rct6/Drivers/STM32F4xx_HAL_Driver/Src/stm32f4xx_hal_rcc_ex.c ****             /* Get the I2S source clock value */
2505:board/stm32f401rct6/Drivers/STM32F4xx_HAL_Driver/Src/stm32f4xx_hal_rcc_ex.c ****             vcoinput = (uint32_t)(HSE_VALUE / (uint32_t)(RCC->PLLCFGR & RCC_PLLCFGR_PLLM));
2506:board/stm32f401rct6/Drivers/STM32F4xx_HAL_Driver/Src/stm32f4xx_hal_rcc_ex.c ****           }
2507:board/stm32f401rct6/Drivers/STM32F4xx_HAL_Driver/Src/stm32f4xx_hal_rcc_ex.c ****           else
2508:board/stm32f401rct6/Drivers/STM32F4xx_HAL_Driver/Src/stm32f4xx_hal_rcc_ex.c ****           {
2509:board/stm32f401rct6/Drivers/STM32F4xx_HAL_Driver/Src/stm32f4xx_hal_rcc_ex.c ****             /* Get the I2S source clock value */
2510:board/stm32f401rct6/Drivers/STM32F4xx_HAL_Driver/Src/stm32f4xx_hal_rcc_ex.c ****             vcoinput = (uint32_t)(HSI_VALUE / (uint32_t)(RCC->PLLCFGR & RCC_PLLCFGR_PLLM));
2511:board/stm32f401rct6/Drivers/STM32F4xx_HAL_Driver/Src/stm32f4xx_hal_rcc_ex.c ****           }
2512:board/stm32f401rct6/Drivers/STM32F4xx_HAL_Driver/Src/stm32f4xx_hal_rcc_ex.c **** 
2513:board/stm32f401rct6/Drivers/STM32F4xx_HAL_Driver/Src/stm32f4xx_hal_rcc_ex.c ****           /* PLLI2S_VCO Output = PLLI2S_VCO Input * PLLI2SN */
2514:board/stm32f401rct6/Drivers/STM32F4xx_HAL_Driver/Src/stm32f4xx_hal_rcc_ex.c ****           vcooutput = (uint32_t)(vcoinput * (((RCC->PLLI2SCFGR & RCC_PLLI2SCFGR_PLLI2SN) >> 6U) & (
2515:board/stm32f401rct6/Drivers/STM32F4xx_HAL_Driver/Src/stm32f4xx_hal_rcc_ex.c ****           /* I2S_CLK = PLLI2S_VCO Output/PLLI2SR */
2516:board/stm32f401rct6/Drivers/STM32F4xx_HAL_Driver/Src/stm32f4xx_hal_rcc_ex.c ****           frequency = (uint32_t)(vcooutput / (((RCC->PLLI2SCFGR & RCC_PLLI2SCFGR_PLLI2SR) >> 28U) &
2517:board/stm32f401rct6/Drivers/STM32F4xx_HAL_Driver/Src/stm32f4xx_hal_rcc_ex.c ****           break;
2518:board/stm32f401rct6/Drivers/STM32F4xx_HAL_Driver/Src/stm32f4xx_hal_rcc_ex.c ****         }
2519:board/stm32f401rct6/Drivers/STM32F4xx_HAL_Driver/Src/stm32f4xx_hal_rcc_ex.c ****         /* Clock not enabled for I2S*/
2520:board/stm32f401rct6/Drivers/STM32F4xx_HAL_Driver/Src/stm32f4xx_hal_rcc_ex.c ****         default:
2521:board/stm32f401rct6/Drivers/STM32F4xx_HAL_Driver/Src/stm32f4xx_hal_rcc_ex.c ****         {
2522:board/stm32f401rct6/Drivers/STM32F4xx_HAL_Driver/Src/stm32f4xx_hal_rcc_ex.c ****           frequency = 0U;
2523:board/stm32f401rct6/Drivers/STM32F4xx_HAL_Driver/Src/stm32f4xx_hal_rcc_ex.c ****           break;
2524:board/stm32f401rct6/Drivers/STM32F4xx_HAL_Driver/Src/stm32f4xx_hal_rcc_ex.c ****         }
2525:board/stm32f401rct6/Drivers/STM32F4xx_HAL_Driver/Src/stm32f4xx_hal_rcc_ex.c ****       }
2526:board/stm32f401rct6/Drivers/STM32F4xx_HAL_Driver/Src/stm32f4xx_hal_rcc_ex.c ****       break;
2527:board/stm32f401rct6/Drivers/STM32F4xx_HAL_Driver/Src/stm32f4xx_hal_rcc_ex.c ****     }
2528:board/stm32f401rct6/Drivers/STM32F4xx_HAL_Driver/Src/stm32f4xx_hal_rcc_ex.c ****     default:
2529:board/stm32f401rct6/Drivers/STM32F4xx_HAL_Driver/Src/stm32f4xx_hal_rcc_ex.c ****     {
2530:board/stm32f401rct6/Drivers/STM32F4xx_HAL_Driver/Src/stm32f4xx_hal_rcc_ex.c ****       break;
2531:board/stm32f401rct6/Drivers/STM32F4xx_HAL_Driver/Src/stm32f4xx_hal_rcc_ex.c ****     }
2532:board/stm32f401rct6/Drivers/STM32F4xx_HAL_Driver/Src/stm32f4xx_hal_rcc_ex.c ****   }
2533:board/stm32f401rct6/Drivers/STM32F4xx_HAL_Driver/Src/stm32f4xx_hal_rcc_ex.c ****   return frequency;
2534:board/stm32f401rct6/Drivers/STM32F4xx_HAL_Driver/Src/stm32f4xx_hal_rcc_ex.c **** }
2535:board/stm32f401rct6/Drivers/STM32F4xx_HAL_Driver/Src/stm32f4xx_hal_rcc_ex.c **** #endif /* STM32F427xx || STM32F437xx || STM32F429xx || STM32F439xx */
2536:board/stm32f401rct6/Drivers/STM32F4xx_HAL_Driver/Src/stm32f4xx_hal_rcc_ex.c **** 
2537:board/stm32f401rct6/Drivers/STM32F4xx_HAL_Driver/Src/stm32f4xx_hal_rcc_ex.c **** #if defined(STM32F405xx) || defined(STM32F415xx) || defined(STM32F407xx)|| defined(STM32F417xx) ||\
ARM GAS  C:\Users\Admin\AppData\Local\Temp\ccCVg1CA.s 			page 46


2538:board/stm32f401rct6/Drivers/STM32F4xx_HAL_Driver/Src/stm32f4xx_hal_rcc_ex.c ****     defined(STM32F401xC) || defined(STM32F401xE) || defined(STM32F411xE)
2539:board/stm32f401rct6/Drivers/STM32F4xx_HAL_Driver/Src/stm32f4xx_hal_rcc_ex.c **** /**
2540:board/stm32f401rct6/Drivers/STM32F4xx_HAL_Driver/Src/stm32f4xx_hal_rcc_ex.c ****   * @brief  Initializes the RCC extended peripherals clocks according to the specified parameters i
2541:board/stm32f401rct6/Drivers/STM32F4xx_HAL_Driver/Src/stm32f4xx_hal_rcc_ex.c ****   *         RCC_PeriphCLKInitTypeDef.
2542:board/stm32f401rct6/Drivers/STM32F4xx_HAL_Driver/Src/stm32f4xx_hal_rcc_ex.c ****   * @param  PeriphClkInit pointer to an RCC_PeriphCLKInitTypeDef structure that
2543:board/stm32f401rct6/Drivers/STM32F4xx_HAL_Driver/Src/stm32f4xx_hal_rcc_ex.c ****   *         contains the configuration information for the Extended Peripherals clocks(I2S and RTC 
2544:board/stm32f401rct6/Drivers/STM32F4xx_HAL_Driver/Src/stm32f4xx_hal_rcc_ex.c ****   *
2545:board/stm32f401rct6/Drivers/STM32F4xx_HAL_Driver/Src/stm32f4xx_hal_rcc_ex.c ****   * @note   A caution to be taken when HAL_RCCEx_PeriphCLKConfig() is used to select RTC clock sele
2546:board/stm32f401rct6/Drivers/STM32F4xx_HAL_Driver/Src/stm32f4xx_hal_rcc_ex.c ****   *         the Reset of Backup domain will be applied in order to modify the RTC Clock source as c
2547:board/stm32f401rct6/Drivers/STM32F4xx_HAL_Driver/Src/stm32f4xx_hal_rcc_ex.c ****   *        domain (RTC and RCC_BDCR register expect BKPSRAM) will be reset
2548:board/stm32f401rct6/Drivers/STM32F4xx_HAL_Driver/Src/stm32f4xx_hal_rcc_ex.c ****   *
2549:board/stm32f401rct6/Drivers/STM32F4xx_HAL_Driver/Src/stm32f4xx_hal_rcc_ex.c ****   * @retval HAL status
2550:board/stm32f401rct6/Drivers/STM32F4xx_HAL_Driver/Src/stm32f4xx_hal_rcc_ex.c ****   */
2551:board/stm32f401rct6/Drivers/STM32F4xx_HAL_Driver/Src/stm32f4xx_hal_rcc_ex.c **** HAL_StatusTypeDef HAL_RCCEx_PeriphCLKConfig(RCC_PeriphCLKInitTypeDef  *PeriphClkInit)
2552:board/stm32f401rct6/Drivers/STM32F4xx_HAL_Driver/Src/stm32f4xx_hal_rcc_ex.c **** {
  30              		.loc 1 2552 1 view -0
  31              		.cfi_startproc
  32              		@ args = 0, pretend = 0, frame = 8
  33              		@ frame_needed = 0, uses_anonymous_args = 0
  34              		.loc 1 2552 1 is_stmt 0 view .LVU1
  35 0000 30B5     		push	{r4, r5, lr}
  36              	.LCFI0:
  37              		.cfi_def_cfa_offset 12
  38              		.cfi_offset 4, -12
  39              		.cfi_offset 5, -8
  40              		.cfi_offset 14, -4
  41 0002 83B0     		sub	sp, sp, #12
  42              	.LCFI1:
  43              		.cfi_def_cfa_offset 24
  44 0004 0446     		mov	r4, r0
2553:board/stm32f401rct6/Drivers/STM32F4xx_HAL_Driver/Src/stm32f4xx_hal_rcc_ex.c ****   uint32_t tickstart = 0U;
  45              		.loc 1 2553 3 is_stmt 1 view .LVU2
  46              	.LVL1:
2554:board/stm32f401rct6/Drivers/STM32F4xx_HAL_Driver/Src/stm32f4xx_hal_rcc_ex.c ****   uint32_t tmpreg1 = 0U;
  47              		.loc 1 2554 3 view .LVU3
2555:board/stm32f401rct6/Drivers/STM32F4xx_HAL_Driver/Src/stm32f4xx_hal_rcc_ex.c **** 
2556:board/stm32f401rct6/Drivers/STM32F4xx_HAL_Driver/Src/stm32f4xx_hal_rcc_ex.c ****   /* Check the parameters */
2557:board/stm32f401rct6/Drivers/STM32F4xx_HAL_Driver/Src/stm32f4xx_hal_rcc_ex.c ****   assert_param(IS_RCC_PERIPHCLOCK(PeriphClkInit->PeriphClockSelection));
  48              		.loc 1 2557 3 view .LVU4
2558:board/stm32f401rct6/Drivers/STM32F4xx_HAL_Driver/Src/stm32f4xx_hal_rcc_ex.c **** 
2559:board/stm32f401rct6/Drivers/STM32F4xx_HAL_Driver/Src/stm32f4xx_hal_rcc_ex.c ****   /*---------------------------- I2S configuration ---------------------------*/
2560:board/stm32f401rct6/Drivers/STM32F4xx_HAL_Driver/Src/stm32f4xx_hal_rcc_ex.c ****   if ((((PeriphClkInit->PeriphClockSelection) & RCC_PERIPHCLK_I2S) == RCC_PERIPHCLK_I2S) ||
  49              		.loc 1 2560 3 view .LVU5
  50              		.loc 1 2560 90 is_stmt 0 view .LVU6
  51 0006 0368     		ldr	r3, [r0]
  52              		.loc 1 2560 6 view .LVU7
  53 0008 13F0050F 		tst	r3, #5
  54 000c 0ED1     		bne	.L22
  55              	.LVL2:
  56              	.L2:
2561:board/stm32f401rct6/Drivers/STM32F4xx_HAL_Driver/Src/stm32f4xx_hal_rcc_ex.c ****       (((PeriphClkInit->PeriphClockSelection) & RCC_PERIPHCLK_PLLI2S) == RCC_PERIPHCLK_PLLI2S))
2562:board/stm32f401rct6/Drivers/STM32F4xx_HAL_Driver/Src/stm32f4xx_hal_rcc_ex.c ****   {
2563:board/stm32f401rct6/Drivers/STM32F4xx_HAL_Driver/Src/stm32f4xx_hal_rcc_ex.c ****     /* check for Parameters */
2564:board/stm32f401rct6/Drivers/STM32F4xx_HAL_Driver/Src/stm32f4xx_hal_rcc_ex.c ****     assert_param(IS_RCC_PLLI2SR_VALUE(PeriphClkInit->PLLI2S.PLLI2SR));
2565:board/stm32f401rct6/Drivers/STM32F4xx_HAL_Driver/Src/stm32f4xx_hal_rcc_ex.c ****     assert_param(IS_RCC_PLLI2SN_VALUE(PeriphClkInit->PLLI2S.PLLI2SN));
2566:board/stm32f401rct6/Drivers/STM32F4xx_HAL_Driver/Src/stm32f4xx_hal_rcc_ex.c **** #if defined(STM32F411xE)
2567:board/stm32f401rct6/Drivers/STM32F4xx_HAL_Driver/Src/stm32f4xx_hal_rcc_ex.c ****     assert_param(IS_RCC_PLLI2SM_VALUE(PeriphClkInit->PLLI2S.PLLI2SM));
ARM GAS  C:\Users\Admin\AppData\Local\Temp\ccCVg1CA.s 			page 47


2568:board/stm32f401rct6/Drivers/STM32F4xx_HAL_Driver/Src/stm32f4xx_hal_rcc_ex.c **** #endif /* STM32F411xE */
2569:board/stm32f401rct6/Drivers/STM32F4xx_HAL_Driver/Src/stm32f4xx_hal_rcc_ex.c ****     /* Disable the PLLI2S */
2570:board/stm32f401rct6/Drivers/STM32F4xx_HAL_Driver/Src/stm32f4xx_hal_rcc_ex.c ****     __HAL_RCC_PLLI2S_DISABLE();
2571:board/stm32f401rct6/Drivers/STM32F4xx_HAL_Driver/Src/stm32f4xx_hal_rcc_ex.c ****     /* Get tick */
2572:board/stm32f401rct6/Drivers/STM32F4xx_HAL_Driver/Src/stm32f4xx_hal_rcc_ex.c ****     tickstart = HAL_GetTick();
2573:board/stm32f401rct6/Drivers/STM32F4xx_HAL_Driver/Src/stm32f4xx_hal_rcc_ex.c ****     /* Wait till PLLI2S is disabled */
2574:board/stm32f401rct6/Drivers/STM32F4xx_HAL_Driver/Src/stm32f4xx_hal_rcc_ex.c ****     while (__HAL_RCC_GET_FLAG(RCC_FLAG_PLLI2SRDY)  != RESET)
2575:board/stm32f401rct6/Drivers/STM32F4xx_HAL_Driver/Src/stm32f4xx_hal_rcc_ex.c ****     {
2576:board/stm32f401rct6/Drivers/STM32F4xx_HAL_Driver/Src/stm32f4xx_hal_rcc_ex.c ****       if ((HAL_GetTick() - tickstart) > PLLI2S_TIMEOUT_VALUE)
2577:board/stm32f401rct6/Drivers/STM32F4xx_HAL_Driver/Src/stm32f4xx_hal_rcc_ex.c ****       {
2578:board/stm32f401rct6/Drivers/STM32F4xx_HAL_Driver/Src/stm32f4xx_hal_rcc_ex.c ****         /* return in case of Timeout detected */
2579:board/stm32f401rct6/Drivers/STM32F4xx_HAL_Driver/Src/stm32f4xx_hal_rcc_ex.c ****         return HAL_TIMEOUT;
2580:board/stm32f401rct6/Drivers/STM32F4xx_HAL_Driver/Src/stm32f4xx_hal_rcc_ex.c ****       }
2581:board/stm32f401rct6/Drivers/STM32F4xx_HAL_Driver/Src/stm32f4xx_hal_rcc_ex.c ****     }
2582:board/stm32f401rct6/Drivers/STM32F4xx_HAL_Driver/Src/stm32f4xx_hal_rcc_ex.c **** 
2583:board/stm32f401rct6/Drivers/STM32F4xx_HAL_Driver/Src/stm32f4xx_hal_rcc_ex.c **** #if defined(STM32F411xE)
2584:board/stm32f401rct6/Drivers/STM32F4xx_HAL_Driver/Src/stm32f4xx_hal_rcc_ex.c ****     /* Configure the PLLI2S division factors */
2585:board/stm32f401rct6/Drivers/STM32F4xx_HAL_Driver/Src/stm32f4xx_hal_rcc_ex.c ****     /* PLLI2S_VCO = f(VCO clock) = f(PLLI2S clock input) * (PLLI2SN/PLLI2SM) */
2586:board/stm32f401rct6/Drivers/STM32F4xx_HAL_Driver/Src/stm32f4xx_hal_rcc_ex.c ****     /* I2SCLK = f(PLLI2S clock output) = f(VCO clock) / PLLI2SR */
2587:board/stm32f401rct6/Drivers/STM32F4xx_HAL_Driver/Src/stm32f4xx_hal_rcc_ex.c ****     __HAL_RCC_PLLI2S_I2SCLK_CONFIG(PeriphClkInit->PLLI2S.PLLI2SM, PeriphClkInit->PLLI2S.PLLI2SN,
2588:board/stm32f401rct6/Drivers/STM32F4xx_HAL_Driver/Src/stm32f4xx_hal_rcc_ex.c ****                                    PeriphClkInit->PLLI2S.PLLI2SR);
2589:board/stm32f401rct6/Drivers/STM32F4xx_HAL_Driver/Src/stm32f4xx_hal_rcc_ex.c **** #else
2590:board/stm32f401rct6/Drivers/STM32F4xx_HAL_Driver/Src/stm32f4xx_hal_rcc_ex.c ****     /* Configure the PLLI2S division factors */
2591:board/stm32f401rct6/Drivers/STM32F4xx_HAL_Driver/Src/stm32f4xx_hal_rcc_ex.c ****     /* PLLI2S_VCO = f(VCO clock) = f(PLLI2S clock input) * (PLLI2SN/PLLM) */
2592:board/stm32f401rct6/Drivers/STM32F4xx_HAL_Driver/Src/stm32f4xx_hal_rcc_ex.c ****     /* I2SCLK = f(PLLI2S clock output) = f(VCO clock) / PLLI2SR */
2593:board/stm32f401rct6/Drivers/STM32F4xx_HAL_Driver/Src/stm32f4xx_hal_rcc_ex.c ****     __HAL_RCC_PLLI2S_CONFIG(PeriphClkInit->PLLI2S.PLLI2SN, PeriphClkInit->PLLI2S.PLLI2SR);
2594:board/stm32f401rct6/Drivers/STM32F4xx_HAL_Driver/Src/stm32f4xx_hal_rcc_ex.c **** #endif /* STM32F411xE */
2595:board/stm32f401rct6/Drivers/STM32F4xx_HAL_Driver/Src/stm32f4xx_hal_rcc_ex.c **** 
2596:board/stm32f401rct6/Drivers/STM32F4xx_HAL_Driver/Src/stm32f4xx_hal_rcc_ex.c ****     /* Enable the PLLI2S */
2597:board/stm32f401rct6/Drivers/STM32F4xx_HAL_Driver/Src/stm32f4xx_hal_rcc_ex.c ****     __HAL_RCC_PLLI2S_ENABLE();
2598:board/stm32f401rct6/Drivers/STM32F4xx_HAL_Driver/Src/stm32f4xx_hal_rcc_ex.c ****     /* Get tick */
2599:board/stm32f401rct6/Drivers/STM32F4xx_HAL_Driver/Src/stm32f4xx_hal_rcc_ex.c ****     tickstart = HAL_GetTick();
2600:board/stm32f401rct6/Drivers/STM32F4xx_HAL_Driver/Src/stm32f4xx_hal_rcc_ex.c ****     /* Wait till PLLI2S is ready */
2601:board/stm32f401rct6/Drivers/STM32F4xx_HAL_Driver/Src/stm32f4xx_hal_rcc_ex.c ****     while (__HAL_RCC_GET_FLAG(RCC_FLAG_PLLI2SRDY)  == RESET)
2602:board/stm32f401rct6/Drivers/STM32F4xx_HAL_Driver/Src/stm32f4xx_hal_rcc_ex.c ****     {
2603:board/stm32f401rct6/Drivers/STM32F4xx_HAL_Driver/Src/stm32f4xx_hal_rcc_ex.c ****       if ((HAL_GetTick() - tickstart) > PLLI2S_TIMEOUT_VALUE)
2604:board/stm32f401rct6/Drivers/STM32F4xx_HAL_Driver/Src/stm32f4xx_hal_rcc_ex.c ****       {
2605:board/stm32f401rct6/Drivers/STM32F4xx_HAL_Driver/Src/stm32f4xx_hal_rcc_ex.c ****         /* return in case of Timeout detected */
2606:board/stm32f401rct6/Drivers/STM32F4xx_HAL_Driver/Src/stm32f4xx_hal_rcc_ex.c ****         return HAL_TIMEOUT;
2607:board/stm32f401rct6/Drivers/STM32F4xx_HAL_Driver/Src/stm32f4xx_hal_rcc_ex.c ****       }
2608:board/stm32f401rct6/Drivers/STM32F4xx_HAL_Driver/Src/stm32f4xx_hal_rcc_ex.c ****     }
2609:board/stm32f401rct6/Drivers/STM32F4xx_HAL_Driver/Src/stm32f4xx_hal_rcc_ex.c ****   }
2610:board/stm32f401rct6/Drivers/STM32F4xx_HAL_Driver/Src/stm32f4xx_hal_rcc_ex.c **** 
2611:board/stm32f401rct6/Drivers/STM32F4xx_HAL_Driver/Src/stm32f4xx_hal_rcc_ex.c ****   /*---------------------------- RTC configuration ---------------------------*/
2612:board/stm32f401rct6/Drivers/STM32F4xx_HAL_Driver/Src/stm32f4xx_hal_rcc_ex.c ****   if (((PeriphClkInit->PeriphClockSelection) & RCC_PERIPHCLK_RTC) == (RCC_PERIPHCLK_RTC))
  57              		.loc 1 2612 3 is_stmt 1 view .LVU8
  58              		.loc 1 2612 22 is_stmt 0 view .LVU9
  59 000e 2368     		ldr	r3, [r4]
  60              		.loc 1 2612 6 view .LVU10
  61 0010 13F0020F 		tst	r3, #2
  62 0014 36D1     		bne	.L23
  63              	.LVL3:
  64              	.L8:
2613:board/stm32f401rct6/Drivers/STM32F4xx_HAL_Driver/Src/stm32f4xx_hal_rcc_ex.c ****   {
2614:board/stm32f401rct6/Drivers/STM32F4xx_HAL_Driver/Src/stm32f4xx_hal_rcc_ex.c ****     /* Check for RTC Parameters used to output RTCCLK */
2615:board/stm32f401rct6/Drivers/STM32F4xx_HAL_Driver/Src/stm32f4xx_hal_rcc_ex.c ****     assert_param(IS_RCC_RTCCLKSOURCE(PeriphClkInit->RTCClockSelection));
2616:board/stm32f401rct6/Drivers/STM32F4xx_HAL_Driver/Src/stm32f4xx_hal_rcc_ex.c **** 
ARM GAS  C:\Users\Admin\AppData\Local\Temp\ccCVg1CA.s 			page 48


2617:board/stm32f401rct6/Drivers/STM32F4xx_HAL_Driver/Src/stm32f4xx_hal_rcc_ex.c ****     /* Enable Power Clock*/
2618:board/stm32f401rct6/Drivers/STM32F4xx_HAL_Driver/Src/stm32f4xx_hal_rcc_ex.c ****     __HAL_RCC_PWR_CLK_ENABLE();
2619:board/stm32f401rct6/Drivers/STM32F4xx_HAL_Driver/Src/stm32f4xx_hal_rcc_ex.c **** 
2620:board/stm32f401rct6/Drivers/STM32F4xx_HAL_Driver/Src/stm32f4xx_hal_rcc_ex.c ****     /* Enable write access to Backup domain */
2621:board/stm32f401rct6/Drivers/STM32F4xx_HAL_Driver/Src/stm32f4xx_hal_rcc_ex.c ****     PWR->CR |= PWR_CR_DBP;
2622:board/stm32f401rct6/Drivers/STM32F4xx_HAL_Driver/Src/stm32f4xx_hal_rcc_ex.c **** 
2623:board/stm32f401rct6/Drivers/STM32F4xx_HAL_Driver/Src/stm32f4xx_hal_rcc_ex.c ****     /* Get tick */
2624:board/stm32f401rct6/Drivers/STM32F4xx_HAL_Driver/Src/stm32f4xx_hal_rcc_ex.c ****     tickstart = HAL_GetTick();
2625:board/stm32f401rct6/Drivers/STM32F4xx_HAL_Driver/Src/stm32f4xx_hal_rcc_ex.c **** 
2626:board/stm32f401rct6/Drivers/STM32F4xx_HAL_Driver/Src/stm32f4xx_hal_rcc_ex.c ****     while ((PWR->CR & PWR_CR_DBP) == RESET)
2627:board/stm32f401rct6/Drivers/STM32F4xx_HAL_Driver/Src/stm32f4xx_hal_rcc_ex.c ****     {
2628:board/stm32f401rct6/Drivers/STM32F4xx_HAL_Driver/Src/stm32f4xx_hal_rcc_ex.c ****       if ((HAL_GetTick() - tickstart) > RCC_DBP_TIMEOUT_VALUE)
2629:board/stm32f401rct6/Drivers/STM32F4xx_HAL_Driver/Src/stm32f4xx_hal_rcc_ex.c ****       {
2630:board/stm32f401rct6/Drivers/STM32F4xx_HAL_Driver/Src/stm32f4xx_hal_rcc_ex.c ****         return HAL_TIMEOUT;
2631:board/stm32f401rct6/Drivers/STM32F4xx_HAL_Driver/Src/stm32f4xx_hal_rcc_ex.c ****       }
2632:board/stm32f401rct6/Drivers/STM32F4xx_HAL_Driver/Src/stm32f4xx_hal_rcc_ex.c ****     }
2633:board/stm32f401rct6/Drivers/STM32F4xx_HAL_Driver/Src/stm32f4xx_hal_rcc_ex.c ****     /* Reset the Backup domain only if the RTC Clock source selection is modified from reset value 
2634:board/stm32f401rct6/Drivers/STM32F4xx_HAL_Driver/Src/stm32f4xx_hal_rcc_ex.c ****     tmpreg1 = (RCC->BDCR & RCC_BDCR_RTCSEL);
2635:board/stm32f401rct6/Drivers/STM32F4xx_HAL_Driver/Src/stm32f4xx_hal_rcc_ex.c ****     if ((tmpreg1 != 0x00000000U) && ((tmpreg1) != (PeriphClkInit->RTCClockSelection & RCC_BDCR_RTCS
2636:board/stm32f401rct6/Drivers/STM32F4xx_HAL_Driver/Src/stm32f4xx_hal_rcc_ex.c ****     {
2637:board/stm32f401rct6/Drivers/STM32F4xx_HAL_Driver/Src/stm32f4xx_hal_rcc_ex.c ****       /* Store the content of BDCR register before the reset of Backup Domain */
2638:board/stm32f401rct6/Drivers/STM32F4xx_HAL_Driver/Src/stm32f4xx_hal_rcc_ex.c ****       tmpreg1 = (RCC->BDCR & ~(RCC_BDCR_RTCSEL));
2639:board/stm32f401rct6/Drivers/STM32F4xx_HAL_Driver/Src/stm32f4xx_hal_rcc_ex.c ****       /* RTC Clock selection can be changed only if the Backup Domain is reset */
2640:board/stm32f401rct6/Drivers/STM32F4xx_HAL_Driver/Src/stm32f4xx_hal_rcc_ex.c ****       __HAL_RCC_BACKUPRESET_FORCE();
2641:board/stm32f401rct6/Drivers/STM32F4xx_HAL_Driver/Src/stm32f4xx_hal_rcc_ex.c ****       __HAL_RCC_BACKUPRESET_RELEASE();
2642:board/stm32f401rct6/Drivers/STM32F4xx_HAL_Driver/Src/stm32f4xx_hal_rcc_ex.c ****       /* Restore the Content of BDCR register */
2643:board/stm32f401rct6/Drivers/STM32F4xx_HAL_Driver/Src/stm32f4xx_hal_rcc_ex.c ****       RCC->BDCR = tmpreg1;
2644:board/stm32f401rct6/Drivers/STM32F4xx_HAL_Driver/Src/stm32f4xx_hal_rcc_ex.c **** 
2645:board/stm32f401rct6/Drivers/STM32F4xx_HAL_Driver/Src/stm32f4xx_hal_rcc_ex.c ****       /* Wait for LSE reactivation if LSE was enable prior to Backup Domain reset */
2646:board/stm32f401rct6/Drivers/STM32F4xx_HAL_Driver/Src/stm32f4xx_hal_rcc_ex.c ****       if (HAL_IS_BIT_SET(RCC->BDCR, RCC_BDCR_LSEON))
2647:board/stm32f401rct6/Drivers/STM32F4xx_HAL_Driver/Src/stm32f4xx_hal_rcc_ex.c ****       {
2648:board/stm32f401rct6/Drivers/STM32F4xx_HAL_Driver/Src/stm32f4xx_hal_rcc_ex.c ****         /* Get tick */
2649:board/stm32f401rct6/Drivers/STM32F4xx_HAL_Driver/Src/stm32f4xx_hal_rcc_ex.c ****         tickstart = HAL_GetTick();
2650:board/stm32f401rct6/Drivers/STM32F4xx_HAL_Driver/Src/stm32f4xx_hal_rcc_ex.c **** 
2651:board/stm32f401rct6/Drivers/STM32F4xx_HAL_Driver/Src/stm32f4xx_hal_rcc_ex.c ****         /* Wait till LSE is ready */
2652:board/stm32f401rct6/Drivers/STM32F4xx_HAL_Driver/Src/stm32f4xx_hal_rcc_ex.c ****         while (__HAL_RCC_GET_FLAG(RCC_FLAG_LSERDY) == RESET)
2653:board/stm32f401rct6/Drivers/STM32F4xx_HAL_Driver/Src/stm32f4xx_hal_rcc_ex.c ****         {
2654:board/stm32f401rct6/Drivers/STM32F4xx_HAL_Driver/Src/stm32f4xx_hal_rcc_ex.c ****           if ((HAL_GetTick() - tickstart) > RCC_LSE_TIMEOUT_VALUE)
2655:board/stm32f401rct6/Drivers/STM32F4xx_HAL_Driver/Src/stm32f4xx_hal_rcc_ex.c ****           {
2656:board/stm32f401rct6/Drivers/STM32F4xx_HAL_Driver/Src/stm32f4xx_hal_rcc_ex.c ****             return HAL_TIMEOUT;
2657:board/stm32f401rct6/Drivers/STM32F4xx_HAL_Driver/Src/stm32f4xx_hal_rcc_ex.c ****           }
2658:board/stm32f401rct6/Drivers/STM32F4xx_HAL_Driver/Src/stm32f4xx_hal_rcc_ex.c ****         }
2659:board/stm32f401rct6/Drivers/STM32F4xx_HAL_Driver/Src/stm32f4xx_hal_rcc_ex.c ****       }
2660:board/stm32f401rct6/Drivers/STM32F4xx_HAL_Driver/Src/stm32f4xx_hal_rcc_ex.c ****     }
2661:board/stm32f401rct6/Drivers/STM32F4xx_HAL_Driver/Src/stm32f4xx_hal_rcc_ex.c ****     __HAL_RCC_RTC_CONFIG(PeriphClkInit->RTCClockSelection);
  65              		.loc 1 2661 5 is_stmt 1 discriminator 5 view .LVU11
2662:board/stm32f401rct6/Drivers/STM32F4xx_HAL_Driver/Src/stm32f4xx_hal_rcc_ex.c ****   }
2663:board/stm32f401rct6/Drivers/STM32F4xx_HAL_Driver/Src/stm32f4xx_hal_rcc_ex.c **** #if defined(STM32F401xC) || defined(STM32F401xE) || defined(STM32F411xE)
2664:board/stm32f401rct6/Drivers/STM32F4xx_HAL_Driver/Src/stm32f4xx_hal_rcc_ex.c ****   /*---------------------------- TIM configuration ---------------------------*/
2665:board/stm32f401rct6/Drivers/STM32F4xx_HAL_Driver/Src/stm32f4xx_hal_rcc_ex.c ****   if (((PeriphClkInit->PeriphClockSelection) & RCC_PERIPHCLK_TIM) == (RCC_PERIPHCLK_TIM))
  66              		.loc 1 2665 3 discriminator 5 view .LVU12
  67              		.loc 1 2665 22 is_stmt 0 discriminator 5 view .LVU13
  68 0016 2368     		ldr	r3, [r4]
  69              		.loc 1 2665 6 discriminator 5 view .LVU14
  70 0018 13F0080F 		tst	r3, #8
  71 001c 00F09B80 		beq	.L20
2666:board/stm32f401rct6/Drivers/STM32F4xx_HAL_Driver/Src/stm32f4xx_hal_rcc_ex.c ****   {
ARM GAS  C:\Users\Admin\AppData\Local\Temp\ccCVg1CA.s 			page 49


2667:board/stm32f401rct6/Drivers/STM32F4xx_HAL_Driver/Src/stm32f4xx_hal_rcc_ex.c ****     __HAL_RCC_TIMCLKPRESCALER(PeriphClkInit->TIMPresSelection);
  72              		.loc 1 2667 5 is_stmt 1 view .LVU15
  73 0020 227C     		ldrb	r2, [r4, #16]	@ zero_extendqisi2
  74 0022 4E4B     		ldr	r3, .L28
  75 0024 C3F8E021 		str	r2, [r3, #480]
2668:board/stm32f401rct6/Drivers/STM32F4xx_HAL_Driver/Src/stm32f4xx_hal_rcc_ex.c ****   }
2669:board/stm32f401rct6/Drivers/STM32F4xx_HAL_Driver/Src/stm32f4xx_hal_rcc_ex.c **** #endif /* STM32F401xC || STM32F401xE || STM32F411xE */
2670:board/stm32f401rct6/Drivers/STM32F4xx_HAL_Driver/Src/stm32f4xx_hal_rcc_ex.c ****   return HAL_OK;
  76              		.loc 1 2670 10 is_stmt 0 view .LVU16
  77 0028 0020     		movs	r0, #0
  78 002a 95E0     		b	.L4
  79              	.LVL4:
  80              	.L22:
2564:board/stm32f401rct6/Drivers/STM32F4xx_HAL_Driver/Src/stm32f4xx_hal_rcc_ex.c ****     assert_param(IS_RCC_PLLI2SN_VALUE(PeriphClkInit->PLLI2S.PLLI2SN));
  81              		.loc 1 2564 5 is_stmt 1 view .LVU17
2565:board/stm32f401rct6/Drivers/STM32F4xx_HAL_Driver/Src/stm32f4xx_hal_rcc_ex.c **** #if defined(STM32F411xE)
  82              		.loc 1 2565 5 view .LVU18
2570:board/stm32f401rct6/Drivers/STM32F4xx_HAL_Driver/Src/stm32f4xx_hal_rcc_ex.c ****     /* Get tick */
  83              		.loc 1 2570 5 view .LVU19
  84 002c 4C4B     		ldr	r3, .L28+4
  85 002e 0022     		movs	r2, #0
  86 0030 9A66     		str	r2, [r3, #104]
2572:board/stm32f401rct6/Drivers/STM32F4xx_HAL_Driver/Src/stm32f4xx_hal_rcc_ex.c ****     /* Wait till PLLI2S is disabled */
  87              		.loc 1 2572 5 view .LVU20
2572:board/stm32f401rct6/Drivers/STM32F4xx_HAL_Driver/Src/stm32f4xx_hal_rcc_ex.c ****     /* Wait till PLLI2S is disabled */
  88              		.loc 1 2572 17 is_stmt 0 view .LVU21
  89 0032 FFF7FEFF 		bl	HAL_GetTick
  90              	.LVL5:
2572:board/stm32f401rct6/Drivers/STM32F4xx_HAL_Driver/Src/stm32f4xx_hal_rcc_ex.c ****     /* Wait till PLLI2S is disabled */
  91              		.loc 1 2572 17 view .LVU22
  92 0036 0546     		mov	r5, r0
  93              	.LVL6:
2574:board/stm32f401rct6/Drivers/STM32F4xx_HAL_Driver/Src/stm32f4xx_hal_rcc_ex.c ****     {
  94              		.loc 1 2574 5 is_stmt 1 view .LVU23
  95              	.L3:
2574:board/stm32f401rct6/Drivers/STM32F4xx_HAL_Driver/Src/stm32f4xx_hal_rcc_ex.c ****     {
  96              		.loc 1 2574 11 view .LVU24
2574:board/stm32f401rct6/Drivers/STM32F4xx_HAL_Driver/Src/stm32f4xx_hal_rcc_ex.c ****     {
  97              		.loc 1 2574 12 is_stmt 0 view .LVU25
  98 0038 4A4B     		ldr	r3, .L28+8
  99 003a 1B68     		ldr	r3, [r3]
2574:board/stm32f401rct6/Drivers/STM32F4xx_HAL_Driver/Src/stm32f4xx_hal_rcc_ex.c ****     {
 100              		.loc 1 2574 11 view .LVU26
 101 003c 13F0006F 		tst	r3, #134217728
 102 0040 06D0     		beq	.L24
2576:board/stm32f401rct6/Drivers/STM32F4xx_HAL_Driver/Src/stm32f4xx_hal_rcc_ex.c ****       {
 103              		.loc 1 2576 7 is_stmt 1 view .LVU27
2576:board/stm32f401rct6/Drivers/STM32F4xx_HAL_Driver/Src/stm32f4xx_hal_rcc_ex.c ****       {
 104              		.loc 1 2576 12 is_stmt 0 view .LVU28
 105 0042 FFF7FEFF 		bl	HAL_GetTick
 106              	.LVL7:
2576:board/stm32f401rct6/Drivers/STM32F4xx_HAL_Driver/Src/stm32f4xx_hal_rcc_ex.c ****       {
 107              		.loc 1 2576 26 view .LVU29
 108 0046 431B     		subs	r3, r0, r5
2576:board/stm32f401rct6/Drivers/STM32F4xx_HAL_Driver/Src/stm32f4xx_hal_rcc_ex.c ****       {
 109              		.loc 1 2576 10 view .LVU30
 110 0048 022B     		cmp	r3, #2
ARM GAS  C:\Users\Admin\AppData\Local\Temp\ccCVg1CA.s 			page 50


 111 004a F5D9     		bls	.L3
2579:board/stm32f401rct6/Drivers/STM32F4xx_HAL_Driver/Src/stm32f4xx_hal_rcc_ex.c ****       }
 112              		.loc 1 2579 16 view .LVU31
 113 004c 0320     		movs	r0, #3
 114 004e 83E0     		b	.L4
 115              	.L24:
2593:board/stm32f401rct6/Drivers/STM32F4xx_HAL_Driver/Src/stm32f4xx_hal_rcc_ex.c **** #endif /* STM32F411xE */
 116              		.loc 1 2593 5 is_stmt 1 view .LVU32
 117 0050 6268     		ldr	r2, [r4, #4]
 118 0052 A368     		ldr	r3, [r4, #8]
 119 0054 1B07     		lsls	r3, r3, #28
 120 0056 43EA8213 		orr	r3, r3, r2, lsl #6
 121 005a 424A     		ldr	r2, .L28+8
 122 005c C2F88430 		str	r3, [r2, #132]
2597:board/stm32f401rct6/Drivers/STM32F4xx_HAL_Driver/Src/stm32f4xx_hal_rcc_ex.c ****     /* Get tick */
 123              		.loc 1 2597 5 view .LVU33
 124 0060 3F4B     		ldr	r3, .L28+4
 125 0062 0122     		movs	r2, #1
 126 0064 9A66     		str	r2, [r3, #104]
2599:board/stm32f401rct6/Drivers/STM32F4xx_HAL_Driver/Src/stm32f4xx_hal_rcc_ex.c ****     /* Wait till PLLI2S is ready */
 127              		.loc 1 2599 5 view .LVU34
2599:board/stm32f401rct6/Drivers/STM32F4xx_HAL_Driver/Src/stm32f4xx_hal_rcc_ex.c ****     /* Wait till PLLI2S is ready */
 128              		.loc 1 2599 17 is_stmt 0 view .LVU35
 129 0066 FFF7FEFF 		bl	HAL_GetTick
 130              	.LVL8:
 131 006a 0546     		mov	r5, r0
 132              	.LVL9:
2601:board/stm32f401rct6/Drivers/STM32F4xx_HAL_Driver/Src/stm32f4xx_hal_rcc_ex.c ****     {
 133              		.loc 1 2601 5 is_stmt 1 view .LVU36
 134              	.L6:
2601:board/stm32f401rct6/Drivers/STM32F4xx_HAL_Driver/Src/stm32f4xx_hal_rcc_ex.c ****     {
 135              		.loc 1 2601 11 view .LVU37
2601:board/stm32f401rct6/Drivers/STM32F4xx_HAL_Driver/Src/stm32f4xx_hal_rcc_ex.c ****     {
 136              		.loc 1 2601 12 is_stmt 0 view .LVU38
 137 006c 3D4B     		ldr	r3, .L28+8
 138 006e 1B68     		ldr	r3, [r3]
2601:board/stm32f401rct6/Drivers/STM32F4xx_HAL_Driver/Src/stm32f4xx_hal_rcc_ex.c ****     {
 139              		.loc 1 2601 11 view .LVU39
 140 0070 13F0006F 		tst	r3, #134217728
 141 0074 CBD1     		bne	.L2
2603:board/stm32f401rct6/Drivers/STM32F4xx_HAL_Driver/Src/stm32f4xx_hal_rcc_ex.c ****       {
 142              		.loc 1 2603 7 is_stmt 1 view .LVU40
2603:board/stm32f401rct6/Drivers/STM32F4xx_HAL_Driver/Src/stm32f4xx_hal_rcc_ex.c ****       {
 143              		.loc 1 2603 12 is_stmt 0 view .LVU41
 144 0076 FFF7FEFF 		bl	HAL_GetTick
 145              	.LVL10:
2603:board/stm32f401rct6/Drivers/STM32F4xx_HAL_Driver/Src/stm32f4xx_hal_rcc_ex.c ****       {
 146              		.loc 1 2603 26 view .LVU42
 147 007a 401B     		subs	r0, r0, r5
2603:board/stm32f401rct6/Drivers/STM32F4xx_HAL_Driver/Src/stm32f4xx_hal_rcc_ex.c ****       {
 148              		.loc 1 2603 10 view .LVU43
 149 007c 0228     		cmp	r0, #2
 150 007e F5D9     		bls	.L6
2606:board/stm32f401rct6/Drivers/STM32F4xx_HAL_Driver/Src/stm32f4xx_hal_rcc_ex.c ****       }
 151              		.loc 1 2606 16 view .LVU44
 152 0080 0320     		movs	r0, #3
 153 0082 69E0     		b	.L4
ARM GAS  C:\Users\Admin\AppData\Local\Temp\ccCVg1CA.s 			page 51


 154              	.LVL11:
 155              	.L23:
2615:board/stm32f401rct6/Drivers/STM32F4xx_HAL_Driver/Src/stm32f4xx_hal_rcc_ex.c **** 
 156              		.loc 1 2615 5 is_stmt 1 view .LVU45
2618:board/stm32f401rct6/Drivers/STM32F4xx_HAL_Driver/Src/stm32f4xx_hal_rcc_ex.c **** 
 157              		.loc 1 2618 5 view .LVU46
 158              	.LBB2:
2618:board/stm32f401rct6/Drivers/STM32F4xx_HAL_Driver/Src/stm32f4xx_hal_rcc_ex.c **** 
 159              		.loc 1 2618 5 view .LVU47
 160 0084 0023     		movs	r3, #0
 161 0086 0193     		str	r3, [sp, #4]
2618:board/stm32f401rct6/Drivers/STM32F4xx_HAL_Driver/Src/stm32f4xx_hal_rcc_ex.c **** 
 162              		.loc 1 2618 5 view .LVU48
 163 0088 364B     		ldr	r3, .L28+8
 164 008a 1A6C     		ldr	r2, [r3, #64]
 165 008c 42F08052 		orr	r2, r2, #268435456
 166 0090 1A64     		str	r2, [r3, #64]
2618:board/stm32f401rct6/Drivers/STM32F4xx_HAL_Driver/Src/stm32f4xx_hal_rcc_ex.c **** 
 167              		.loc 1 2618 5 view .LVU49
 168 0092 1B6C     		ldr	r3, [r3, #64]
 169 0094 03F08053 		and	r3, r3, #268435456
 170 0098 0193     		str	r3, [sp, #4]
2618:board/stm32f401rct6/Drivers/STM32F4xx_HAL_Driver/Src/stm32f4xx_hal_rcc_ex.c **** 
 171              		.loc 1 2618 5 view .LVU50
 172 009a 019B     		ldr	r3, [sp, #4]
 173              	.LBE2:
2618:board/stm32f401rct6/Drivers/STM32F4xx_HAL_Driver/Src/stm32f4xx_hal_rcc_ex.c **** 
 174              		.loc 1 2618 5 view .LVU51
2621:board/stm32f401rct6/Drivers/STM32F4xx_HAL_Driver/Src/stm32f4xx_hal_rcc_ex.c **** 
 175              		.loc 1 2621 5 view .LVU52
2621:board/stm32f401rct6/Drivers/STM32F4xx_HAL_Driver/Src/stm32f4xx_hal_rcc_ex.c **** 
 176              		.loc 1 2621 13 is_stmt 0 view .LVU53
 177 009c 324A     		ldr	r2, .L28+12
 178 009e 1368     		ldr	r3, [r2]
 179 00a0 43F48073 		orr	r3, r3, #256
 180 00a4 1360     		str	r3, [r2]
2624:board/stm32f401rct6/Drivers/STM32F4xx_HAL_Driver/Src/stm32f4xx_hal_rcc_ex.c **** 
 181              		.loc 1 2624 5 is_stmt 1 view .LVU54
2624:board/stm32f401rct6/Drivers/STM32F4xx_HAL_Driver/Src/stm32f4xx_hal_rcc_ex.c **** 
 182              		.loc 1 2624 17 is_stmt 0 view .LVU55
 183 00a6 FFF7FEFF 		bl	HAL_GetTick
 184              	.LVL12:
 185 00aa 0546     		mov	r5, r0
 186              	.LVL13:
2626:board/stm32f401rct6/Drivers/STM32F4xx_HAL_Driver/Src/stm32f4xx_hal_rcc_ex.c ****     {
 187              		.loc 1 2626 5 is_stmt 1 view .LVU56
 188              	.L9:
2626:board/stm32f401rct6/Drivers/STM32F4xx_HAL_Driver/Src/stm32f4xx_hal_rcc_ex.c ****     {
 189              		.loc 1 2626 11 view .LVU57
2626:board/stm32f401rct6/Drivers/STM32F4xx_HAL_Driver/Src/stm32f4xx_hal_rcc_ex.c ****     {
 190              		.loc 1 2626 16 is_stmt 0 view .LVU58
 191 00ac 2E4B     		ldr	r3, .L28+12
 192 00ae 1B68     		ldr	r3, [r3]
2626:board/stm32f401rct6/Drivers/STM32F4xx_HAL_Driver/Src/stm32f4xx_hal_rcc_ex.c ****     {
 193              		.loc 1 2626 11 view .LVU59
 194 00b0 13F4807F 		tst	r3, #256
 195 00b4 06D1     		bne	.L25
ARM GAS  C:\Users\Admin\AppData\Local\Temp\ccCVg1CA.s 			page 52


2628:board/stm32f401rct6/Drivers/STM32F4xx_HAL_Driver/Src/stm32f4xx_hal_rcc_ex.c ****       {
 196              		.loc 1 2628 7 is_stmt 1 view .LVU60
2628:board/stm32f401rct6/Drivers/STM32F4xx_HAL_Driver/Src/stm32f4xx_hal_rcc_ex.c ****       {
 197              		.loc 1 2628 12 is_stmt 0 view .LVU61
 198 00b6 FFF7FEFF 		bl	HAL_GetTick
 199              	.LVL14:
2628:board/stm32f401rct6/Drivers/STM32F4xx_HAL_Driver/Src/stm32f4xx_hal_rcc_ex.c ****       {
 200              		.loc 1 2628 26 view .LVU62
 201 00ba 431B     		subs	r3, r0, r5
2628:board/stm32f401rct6/Drivers/STM32F4xx_HAL_Driver/Src/stm32f4xx_hal_rcc_ex.c ****       {
 202              		.loc 1 2628 10 view .LVU63
 203 00bc 022B     		cmp	r3, #2
 204 00be F5D9     		bls	.L9
2630:board/stm32f401rct6/Drivers/STM32F4xx_HAL_Driver/Src/stm32f4xx_hal_rcc_ex.c ****       }
 205              		.loc 1 2630 16 view .LVU64
 206 00c0 0320     		movs	r0, #3
 207 00c2 49E0     		b	.L4
 208              	.L25:
2634:board/stm32f401rct6/Drivers/STM32F4xx_HAL_Driver/Src/stm32f4xx_hal_rcc_ex.c ****     if ((tmpreg1 != 0x00000000U) && ((tmpreg1) != (PeriphClkInit->RTCClockSelection & RCC_BDCR_RTCS
 209              		.loc 1 2634 5 is_stmt 1 view .LVU65
2634:board/stm32f401rct6/Drivers/STM32F4xx_HAL_Driver/Src/stm32f4xx_hal_rcc_ex.c ****     if ((tmpreg1 != 0x00000000U) && ((tmpreg1) != (PeriphClkInit->RTCClockSelection & RCC_BDCR_RTCS
 210              		.loc 1 2634 19 is_stmt 0 view .LVU66
 211 00c4 274B     		ldr	r3, .L28+8
 212 00c6 1B6F     		ldr	r3, [r3, #112]
 213              	.LVL15:
2635:board/stm32f401rct6/Drivers/STM32F4xx_HAL_Driver/Src/stm32f4xx_hal_rcc_ex.c ****     {
 214              		.loc 1 2635 5 is_stmt 1 view .LVU67
2635:board/stm32f401rct6/Drivers/STM32F4xx_HAL_Driver/Src/stm32f4xx_hal_rcc_ex.c ****     {
 215              		.loc 1 2635 8 is_stmt 0 view .LVU68
 216 00c8 13F44073 		ands	r3, r3, #768
 217              	.LVL16:
2635:board/stm32f401rct6/Drivers/STM32F4xx_HAL_Driver/Src/stm32f4xx_hal_rcc_ex.c ****     {
 218              		.loc 1 2635 8 view .LVU69
 219 00cc 14D0     		beq	.L11
2635:board/stm32f401rct6/Drivers/STM32F4xx_HAL_Driver/Src/stm32f4xx_hal_rcc_ex.c ****     {
 220              		.loc 1 2635 65 discriminator 1 view .LVU70
 221 00ce E268     		ldr	r2, [r4, #12]
2635:board/stm32f401rct6/Drivers/STM32F4xx_HAL_Driver/Src/stm32f4xx_hal_rcc_ex.c ****     {
 222              		.loc 1 2635 85 discriminator 1 view .LVU71
 223 00d0 02F44072 		and	r2, r2, #768
2635:board/stm32f401rct6/Drivers/STM32F4xx_HAL_Driver/Src/stm32f4xx_hal_rcc_ex.c ****     {
 224              		.loc 1 2635 34 discriminator 1 view .LVU72
 225 00d4 9A42     		cmp	r2, r3
 226 00d6 0FD0     		beq	.L11
2638:board/stm32f401rct6/Drivers/STM32F4xx_HAL_Driver/Src/stm32f4xx_hal_rcc_ex.c ****       /* RTC Clock selection can be changed only if the Backup Domain is reset */
 227              		.loc 1 2638 7 is_stmt 1 view .LVU73
2638:board/stm32f401rct6/Drivers/STM32F4xx_HAL_Driver/Src/stm32f4xx_hal_rcc_ex.c ****       /* RTC Clock selection can be changed only if the Backup Domain is reset */
 228              		.loc 1 2638 21 is_stmt 0 view .LVU74
 229 00d8 224B     		ldr	r3, .L28+8
 230              	.LVL17:
2638:board/stm32f401rct6/Drivers/STM32F4xx_HAL_Driver/Src/stm32f4xx_hal_rcc_ex.c ****       /* RTC Clock selection can be changed only if the Backup Domain is reset */
 231              		.loc 1 2638 21 view .LVU75
 232 00da 1A6F     		ldr	r2, [r3, #112]
2638:board/stm32f401rct6/Drivers/STM32F4xx_HAL_Driver/Src/stm32f4xx_hal_rcc_ex.c ****       /* RTC Clock selection can be changed only if the Backup Domain is reset */
 233              		.loc 1 2638 15 view .LVU76
 234 00dc 22F44072 		bic	r2, r2, #768
 235              	.LVL18:
ARM GAS  C:\Users\Admin\AppData\Local\Temp\ccCVg1CA.s 			page 53


2640:board/stm32f401rct6/Drivers/STM32F4xx_HAL_Driver/Src/stm32f4xx_hal_rcc_ex.c ****       __HAL_RCC_BACKUPRESET_RELEASE();
 236              		.loc 1 2640 7 is_stmt 1 view .LVU77
 237 00e0 1F49     		ldr	r1, .L28+4
 238 00e2 0120     		movs	r0, #1
 239 00e4 C1F8400E 		str	r0, [r1, #3648]
2641:board/stm32f401rct6/Drivers/STM32F4xx_HAL_Driver/Src/stm32f4xx_hal_rcc_ex.c ****       /* Restore the Content of BDCR register */
 240              		.loc 1 2641 7 view .LVU78
 241 00e8 0020     		movs	r0, #0
 242 00ea C1F8400E 		str	r0, [r1, #3648]
2643:board/stm32f401rct6/Drivers/STM32F4xx_HAL_Driver/Src/stm32f4xx_hal_rcc_ex.c **** 
 243              		.loc 1 2643 7 view .LVU79
2643:board/stm32f401rct6/Drivers/STM32F4xx_HAL_Driver/Src/stm32f4xx_hal_rcc_ex.c **** 
 244              		.loc 1 2643 17 is_stmt 0 view .LVU80
 245 00ee 1A67     		str	r2, [r3, #112]
2646:board/stm32f401rct6/Drivers/STM32F4xx_HAL_Driver/Src/stm32f4xx_hal_rcc_ex.c ****       {
 246              		.loc 1 2646 7 is_stmt 1 view .LVU81
2646:board/stm32f401rct6/Drivers/STM32F4xx_HAL_Driver/Src/stm32f4xx_hal_rcc_ex.c ****       {
 247              		.loc 1 2646 11 is_stmt 0 view .LVU82
 248 00f0 1B6F     		ldr	r3, [r3, #112]
2646:board/stm32f401rct6/Drivers/STM32F4xx_HAL_Driver/Src/stm32f4xx_hal_rcc_ex.c ****       {
 249              		.loc 1 2646 10 view .LVU83
 250 00f2 13F0010F 		tst	r3, #1
 251 00f6 12D1     		bne	.L26
 252              	.LVL19:
 253              	.L11:
2661:board/stm32f401rct6/Drivers/STM32F4xx_HAL_Driver/Src/stm32f4xx_hal_rcc_ex.c ****   }
 254              		.loc 1 2661 5 is_stmt 1 view .LVU84
2661:board/stm32f401rct6/Drivers/STM32F4xx_HAL_Driver/Src/stm32f4xx_hal_rcc_ex.c ****   }
 255              		.loc 1 2661 5 view .LVU85
 256 00f8 E368     		ldr	r3, [r4, #12]
 257 00fa 03F44072 		and	r2, r3, #768
 258 00fe B2F5407F 		cmp	r2, #768
 259 0102 1DD0     		beq	.L27
2661:board/stm32f401rct6/Drivers/STM32F4xx_HAL_Driver/Src/stm32f4xx_hal_rcc_ex.c ****   }
 260              		.loc 1 2661 5 is_stmt 0 discriminator 2 view .LVU86
 261 0104 174A     		ldr	r2, .L28+8
 262 0106 9368     		ldr	r3, [r2, #8]
 263 0108 23F4F813 		bic	r3, r3, #2031616
 264 010c 9360     		str	r3, [r2, #8]
 265              	.L15:
2661:board/stm32f401rct6/Drivers/STM32F4xx_HAL_Driver/Src/stm32f4xx_hal_rcc_ex.c ****   }
 266              		.loc 1 2661 5 is_stmt 1 discriminator 4 view .LVU87
 267 010e 1549     		ldr	r1, .L28+8
 268 0110 0B6F     		ldr	r3, [r1, #112]
 269 0112 E268     		ldr	r2, [r4, #12]
 270 0114 C2F30B02 		ubfx	r2, r2, #0, #12
 271 0118 1343     		orrs	r3, r3, r2
 272 011a 0B67     		str	r3, [r1, #112]
 273 011c 7BE7     		b	.L8
 274              	.LVL20:
 275              	.L26:
2649:board/stm32f401rct6/Drivers/STM32F4xx_HAL_Driver/Src/stm32f4xx_hal_rcc_ex.c **** 
 276              		.loc 1 2649 9 view .LVU88
2649:board/stm32f401rct6/Drivers/STM32F4xx_HAL_Driver/Src/stm32f4xx_hal_rcc_ex.c **** 
 277              		.loc 1 2649 21 is_stmt 0 view .LVU89
 278 011e FFF7FEFF 		bl	HAL_GetTick
 279              	.LVL21:
ARM GAS  C:\Users\Admin\AppData\Local\Temp\ccCVg1CA.s 			page 54


2649:board/stm32f401rct6/Drivers/STM32F4xx_HAL_Driver/Src/stm32f4xx_hal_rcc_ex.c **** 
 280              		.loc 1 2649 21 view .LVU90
 281 0122 0546     		mov	r5, r0
 282              	.LVL22:
2652:board/stm32f401rct6/Drivers/STM32F4xx_HAL_Driver/Src/stm32f4xx_hal_rcc_ex.c ****         {
 283              		.loc 1 2652 9 is_stmt 1 view .LVU91
 284              	.L12:
2652:board/stm32f401rct6/Drivers/STM32F4xx_HAL_Driver/Src/stm32f4xx_hal_rcc_ex.c ****         {
 285              		.loc 1 2652 15 view .LVU92
2652:board/stm32f401rct6/Drivers/STM32F4xx_HAL_Driver/Src/stm32f4xx_hal_rcc_ex.c ****         {
 286              		.loc 1 2652 16 is_stmt 0 view .LVU93
 287 0124 0F4B     		ldr	r3, .L28+8
 288 0126 1B6F     		ldr	r3, [r3, #112]
2652:board/stm32f401rct6/Drivers/STM32F4xx_HAL_Driver/Src/stm32f4xx_hal_rcc_ex.c ****         {
 289              		.loc 1 2652 15 view .LVU94
 290 0128 13F0020F 		tst	r3, #2
 291 012c E4D1     		bne	.L11
2654:board/stm32f401rct6/Drivers/STM32F4xx_HAL_Driver/Src/stm32f4xx_hal_rcc_ex.c ****           {
 292              		.loc 1 2654 11 is_stmt 1 view .LVU95
2654:board/stm32f401rct6/Drivers/STM32F4xx_HAL_Driver/Src/stm32f4xx_hal_rcc_ex.c ****           {
 293              		.loc 1 2654 16 is_stmt 0 view .LVU96
 294 012e FFF7FEFF 		bl	HAL_GetTick
 295              	.LVL23:
2654:board/stm32f401rct6/Drivers/STM32F4xx_HAL_Driver/Src/stm32f4xx_hal_rcc_ex.c ****           {
 296              		.loc 1 2654 30 view .LVU97
 297 0132 401B     		subs	r0, r0, r5
2654:board/stm32f401rct6/Drivers/STM32F4xx_HAL_Driver/Src/stm32f4xx_hal_rcc_ex.c ****           {
 298              		.loc 1 2654 14 view .LVU98
 299 0134 41F28833 		movw	r3, #5000
 300 0138 9842     		cmp	r0, r3
 301 013a F3D9     		bls	.L12
2656:board/stm32f401rct6/Drivers/STM32F4xx_HAL_Driver/Src/stm32f4xx_hal_rcc_ex.c ****           }
 302              		.loc 1 2656 20 view .LVU99
 303 013c 0320     		movs	r0, #3
 304 013e 0BE0     		b	.L4
 305              	.L27:
2661:board/stm32f401rct6/Drivers/STM32F4xx_HAL_Driver/Src/stm32f4xx_hal_rcc_ex.c ****   }
 306              		.loc 1 2661 5 discriminator 1 view .LVU100
 307 0140 0849     		ldr	r1, .L28+8
 308 0142 8A68     		ldr	r2, [r1, #8]
 309 0144 22F4F812 		bic	r2, r2, #2031616
 310 0148 23F07043 		bic	r3, r3, #-268435456
 311 014c 23F44073 		bic	r3, r3, #768
 312 0150 1343     		orrs	r3, r3, r2
 313 0152 8B60     		str	r3, [r1, #8]
 314 0154 DBE7     		b	.L15
 315              	.LVL24:
 316              	.L20:
 317              		.loc 1 2670 10 view .LVU101
 318 0156 0020     		movs	r0, #0
 319              	.L4:
2671:board/stm32f401rct6/Drivers/STM32F4xx_HAL_Driver/Src/stm32f4xx_hal_rcc_ex.c **** }
 320              		.loc 1 2671 1 view .LVU102
 321 0158 03B0     		add	sp, sp, #12
 322              	.LCFI2:
 323              		.cfi_def_cfa_offset 12
 324              		@ sp needed
ARM GAS  C:\Users\Admin\AppData\Local\Temp\ccCVg1CA.s 			page 55


 325 015a 30BD     		pop	{r4, r5, pc}
 326              	.LVL25:
 327              	.L29:
 328              		.loc 1 2671 1 view .LVU103
 329              		.align	2
 330              	.L28:
 331 015c 00104742 		.word	1111953408
 332 0160 00004742 		.word	1111949312
 333 0164 00380240 		.word	1073887232
 334 0168 00700040 		.word	1073770496
 335              		.cfi_endproc
 336              	.LFE220:
 338              		.section	.text.HAL_RCCEx_GetPeriphCLKConfig,"ax",%progbits
 339              		.align	1
 340              		.global	HAL_RCCEx_GetPeriphCLKConfig
 341              		.syntax unified
 342              		.thumb
 343              		.thumb_func
 345              	HAL_RCCEx_GetPeriphCLKConfig:
 346              	.LVL26:
 347              	.LFB221:
2672:board/stm32f401rct6/Drivers/STM32F4xx_HAL_Driver/Src/stm32f4xx_hal_rcc_ex.c **** 
2673:board/stm32f401rct6/Drivers/STM32F4xx_HAL_Driver/Src/stm32f4xx_hal_rcc_ex.c **** /**
2674:board/stm32f401rct6/Drivers/STM32F4xx_HAL_Driver/Src/stm32f4xx_hal_rcc_ex.c ****   * @brief  Configures the RCC_OscInitStruct according to the internal
2675:board/stm32f401rct6/Drivers/STM32F4xx_HAL_Driver/Src/stm32f4xx_hal_rcc_ex.c ****   * RCC configuration registers.
2676:board/stm32f401rct6/Drivers/STM32F4xx_HAL_Driver/Src/stm32f4xx_hal_rcc_ex.c ****   * @param  PeriphClkInit pointer to an RCC_PeriphCLKInitTypeDef structure that
2677:board/stm32f401rct6/Drivers/STM32F4xx_HAL_Driver/Src/stm32f4xx_hal_rcc_ex.c ****   * will be configured.
2678:board/stm32f401rct6/Drivers/STM32F4xx_HAL_Driver/Src/stm32f4xx_hal_rcc_ex.c ****   * @retval None
2679:board/stm32f401rct6/Drivers/STM32F4xx_HAL_Driver/Src/stm32f4xx_hal_rcc_ex.c ****   */
2680:board/stm32f401rct6/Drivers/STM32F4xx_HAL_Driver/Src/stm32f4xx_hal_rcc_ex.c **** void HAL_RCCEx_GetPeriphCLKConfig(RCC_PeriphCLKInitTypeDef  *PeriphClkInit)
2681:board/stm32f401rct6/Drivers/STM32F4xx_HAL_Driver/Src/stm32f4xx_hal_rcc_ex.c **** {
 348              		.loc 1 2681 1 is_stmt 1 view -0
 349              		.cfi_startproc
 350              		@ args = 0, pretend = 0, frame = 0
 351              		@ frame_needed = 0, uses_anonymous_args = 0
 352              		@ link register save eliminated.
2682:board/stm32f401rct6/Drivers/STM32F4xx_HAL_Driver/Src/stm32f4xx_hal_rcc_ex.c ****   uint32_t tempreg;
 353              		.loc 1 2682 3 view .LVU105
2683:board/stm32f401rct6/Drivers/STM32F4xx_HAL_Driver/Src/stm32f4xx_hal_rcc_ex.c **** 
2684:board/stm32f401rct6/Drivers/STM32F4xx_HAL_Driver/Src/stm32f4xx_hal_rcc_ex.c ****   /* Set all possible values for the extended clock type parameter------------*/
2685:board/stm32f401rct6/Drivers/STM32F4xx_HAL_Driver/Src/stm32f4xx_hal_rcc_ex.c ****   PeriphClkInit->PeriphClockSelection = RCC_PERIPHCLK_I2S | RCC_PERIPHCLK_RTC;
 354              		.loc 1 2685 3 view .LVU106
 355              		.loc 1 2685 39 is_stmt 0 view .LVU107
 356 0000 0323     		movs	r3, #3
 357 0002 0360     		str	r3, [r0]
2686:board/stm32f401rct6/Drivers/STM32F4xx_HAL_Driver/Src/stm32f4xx_hal_rcc_ex.c **** 
2687:board/stm32f401rct6/Drivers/STM32F4xx_HAL_Driver/Src/stm32f4xx_hal_rcc_ex.c ****   /* Get the PLLI2S Clock configuration --------------------------------------*/
2688:board/stm32f401rct6/Drivers/STM32F4xx_HAL_Driver/Src/stm32f4xx_hal_rcc_ex.c ****   PeriphClkInit->PLLI2S.PLLI2SN = (uint32_t)((RCC->PLLI2SCFGR & RCC_PLLI2SCFGR_PLLI2SN) >> RCC_PLLI
 358              		.loc 1 2688 3 is_stmt 1 view .LVU108
 359              		.loc 1 2688 50 is_stmt 0 view .LVU109
 360 0004 0E4B     		ldr	r3, .L33
 361 0006 D3F88420 		ldr	r2, [r3, #132]
 362              		.loc 1 2688 35 view .LVU110
 363 000a C2F38812 		ubfx	r2, r2, #6, #9
 364              		.loc 1 2688 33 view .LVU111
 365 000e 4260     		str	r2, [r0, #4]
2689:board/stm32f401rct6/Drivers/STM32F4xx_HAL_Driver/Src/stm32f4xx_hal_rcc_ex.c ****   PeriphClkInit->PLLI2S.PLLI2SR = (uint32_t)((RCC->PLLI2SCFGR & RCC_PLLI2SCFGR_PLLI2SR) >> RCC_PLLI
ARM GAS  C:\Users\Admin\AppData\Local\Temp\ccCVg1CA.s 			page 56


 366              		.loc 1 2689 3 is_stmt 1 view .LVU112
 367              		.loc 1 2689 50 is_stmt 0 view .LVU113
 368 0010 D3F88420 		ldr	r2, [r3, #132]
 369              		.loc 1 2689 35 view .LVU114
 370 0014 C2F30272 		ubfx	r2, r2, #28, #3
 371              		.loc 1 2689 33 view .LVU115
 372 0018 8260     		str	r2, [r0, #8]
2690:board/stm32f401rct6/Drivers/STM32F4xx_HAL_Driver/Src/stm32f4xx_hal_rcc_ex.c **** #if defined(STM32F411xE)
2691:board/stm32f401rct6/Drivers/STM32F4xx_HAL_Driver/Src/stm32f4xx_hal_rcc_ex.c ****   PeriphClkInit->PLLI2S.PLLI2SM = (uint32_t)(RCC->PLLI2SCFGR & RCC_PLLI2SCFGR_PLLI2SM);
2692:board/stm32f401rct6/Drivers/STM32F4xx_HAL_Driver/Src/stm32f4xx_hal_rcc_ex.c **** #endif /* STM32F411xE */
2693:board/stm32f401rct6/Drivers/STM32F4xx_HAL_Driver/Src/stm32f4xx_hal_rcc_ex.c ****   /* Get the RTC Clock configuration -----------------------------------------*/
2694:board/stm32f401rct6/Drivers/STM32F4xx_HAL_Driver/Src/stm32f4xx_hal_rcc_ex.c ****   tempreg = (RCC->CFGR & RCC_CFGR_RTCPRE);
 373              		.loc 1 2694 3 is_stmt 1 view .LVU116
 374              		.loc 1 2694 17 is_stmt 0 view .LVU117
 375 001a 9968     		ldr	r1, [r3, #8]
 376              		.loc 1 2694 11 view .LVU118
 377 001c 01F4F811 		and	r1, r1, #2031616
 378              	.LVL27:
2695:board/stm32f401rct6/Drivers/STM32F4xx_HAL_Driver/Src/stm32f4xx_hal_rcc_ex.c ****   PeriphClkInit->RTCClockSelection = (uint32_t)((tempreg) | (RCC->BDCR & RCC_BDCR_RTCSEL));
 379              		.loc 1 2695 3 is_stmt 1 view .LVU119
 380              		.loc 1 2695 65 is_stmt 0 view .LVU120
 381 0020 1A6F     		ldr	r2, [r3, #112]
 382              		.loc 1 2695 72 view .LVU121
 383 0022 02F44072 		and	r2, r2, #768
 384              		.loc 1 2695 38 view .LVU122
 385 0026 0A43     		orrs	r2, r2, r1
 386              		.loc 1 2695 36 view .LVU123
 387 0028 C260     		str	r2, [r0, #12]
2696:board/stm32f401rct6/Drivers/STM32F4xx_HAL_Driver/Src/stm32f4xx_hal_rcc_ex.c **** 
2697:board/stm32f401rct6/Drivers/STM32F4xx_HAL_Driver/Src/stm32f4xx_hal_rcc_ex.c **** #if defined(STM32F401xC) || defined(STM32F401xE) || defined(STM32F411xE)
2698:board/stm32f401rct6/Drivers/STM32F4xx_HAL_Driver/Src/stm32f4xx_hal_rcc_ex.c ****   /* Get the TIM Prescaler configuration -------------------------------------*/
2699:board/stm32f401rct6/Drivers/STM32F4xx_HAL_Driver/Src/stm32f4xx_hal_rcc_ex.c ****   if ((RCC->DCKCFGR & RCC_DCKCFGR_TIMPRE) == RESET)
 388              		.loc 1 2699 3 is_stmt 1 view .LVU124
 389              		.loc 1 2699 11 is_stmt 0 view .LVU125
 390 002a D3F88C30 		ldr	r3, [r3, #140]
 391              		.loc 1 2699 6 view .LVU126
 392 002e 13F0807F 		tst	r3, #16777216
 393 0032 02D1     		bne	.L31
2700:board/stm32f401rct6/Drivers/STM32F4xx_HAL_Driver/Src/stm32f4xx_hal_rcc_ex.c ****   {
2701:board/stm32f401rct6/Drivers/STM32F4xx_HAL_Driver/Src/stm32f4xx_hal_rcc_ex.c ****     PeriphClkInit->TIMPresSelection = RCC_TIMPRES_DESACTIVATED;
 394              		.loc 1 2701 5 is_stmt 1 view .LVU127
 395              		.loc 1 2701 37 is_stmt 0 view .LVU128
 396 0034 0023     		movs	r3, #0
 397 0036 0374     		strb	r3, [r0, #16]
 398 0038 7047     		bx	lr
 399              	.L31:
2702:board/stm32f401rct6/Drivers/STM32F4xx_HAL_Driver/Src/stm32f4xx_hal_rcc_ex.c ****   }
2703:board/stm32f401rct6/Drivers/STM32F4xx_HAL_Driver/Src/stm32f4xx_hal_rcc_ex.c ****   else
2704:board/stm32f401rct6/Drivers/STM32F4xx_HAL_Driver/Src/stm32f4xx_hal_rcc_ex.c ****   {
2705:board/stm32f401rct6/Drivers/STM32F4xx_HAL_Driver/Src/stm32f4xx_hal_rcc_ex.c ****     PeriphClkInit->TIMPresSelection = RCC_TIMPRES_ACTIVATED;
 400              		.loc 1 2705 5 is_stmt 1 view .LVU129
 401              		.loc 1 2705 37 is_stmt 0 view .LVU130
 402 003a 0123     		movs	r3, #1
 403 003c 0374     		strb	r3, [r0, #16]
2706:board/stm32f401rct6/Drivers/STM32F4xx_HAL_Driver/Src/stm32f4xx_hal_rcc_ex.c ****   }
2707:board/stm32f401rct6/Drivers/STM32F4xx_HAL_Driver/Src/stm32f4xx_hal_rcc_ex.c **** #endif /* STM32F401xC || STM32F401xE || STM32F411xE */
2708:board/stm32f401rct6/Drivers/STM32F4xx_HAL_Driver/Src/stm32f4xx_hal_rcc_ex.c **** }
ARM GAS  C:\Users\Admin\AppData\Local\Temp\ccCVg1CA.s 			page 57


 404              		.loc 1 2708 1 view .LVU131
 405 003e 7047     		bx	lr
 406              	.L34:
 407              		.align	2
 408              	.L33:
 409 0040 00380240 		.word	1073887232
 410              		.cfi_endproc
 411              	.LFE221:
 413              		.section	.text.HAL_RCCEx_GetPeriphCLKFreq,"ax",%progbits
 414              		.align	1
 415              		.global	HAL_RCCEx_GetPeriphCLKFreq
 416              		.syntax unified
 417              		.thumb
 418              		.thumb_func
 420              	HAL_RCCEx_GetPeriphCLKFreq:
 421              	.LVL28:
 422              	.LFB222:
2709:board/stm32f401rct6/Drivers/STM32F4xx_HAL_Driver/Src/stm32f4xx_hal_rcc_ex.c **** 
2710:board/stm32f401rct6/Drivers/STM32F4xx_HAL_Driver/Src/stm32f4xx_hal_rcc_ex.c **** /**
2711:board/stm32f401rct6/Drivers/STM32F4xx_HAL_Driver/Src/stm32f4xx_hal_rcc_ex.c ****   * @brief  Return the peripheral clock frequency for a given peripheral(SAI..)
2712:board/stm32f401rct6/Drivers/STM32F4xx_HAL_Driver/Src/stm32f4xx_hal_rcc_ex.c ****   * @note   Return 0 if peripheral clock identifier not managed by this API
2713:board/stm32f401rct6/Drivers/STM32F4xx_HAL_Driver/Src/stm32f4xx_hal_rcc_ex.c ****   * @param  PeriphClk Peripheral clock identifier
2714:board/stm32f401rct6/Drivers/STM32F4xx_HAL_Driver/Src/stm32f4xx_hal_rcc_ex.c ****   *         This parameter can be one of the following values:
2715:board/stm32f401rct6/Drivers/STM32F4xx_HAL_Driver/Src/stm32f4xx_hal_rcc_ex.c ****   *            @arg RCC_PERIPHCLK_I2S: I2S peripheral clock
2716:board/stm32f401rct6/Drivers/STM32F4xx_HAL_Driver/Src/stm32f4xx_hal_rcc_ex.c ****   * @retval Frequency in KHz
2717:board/stm32f401rct6/Drivers/STM32F4xx_HAL_Driver/Src/stm32f4xx_hal_rcc_ex.c ****   */
2718:board/stm32f401rct6/Drivers/STM32F4xx_HAL_Driver/Src/stm32f4xx_hal_rcc_ex.c **** uint32_t HAL_RCCEx_GetPeriphCLKFreq(uint32_t PeriphClk)
2719:board/stm32f401rct6/Drivers/STM32F4xx_HAL_Driver/Src/stm32f4xx_hal_rcc_ex.c **** {
 423              		.loc 1 2719 1 is_stmt 1 view -0
 424              		.cfi_startproc
 425              		@ args = 0, pretend = 0, frame = 0
 426              		@ frame_needed = 0, uses_anonymous_args = 0
 427              		@ link register save eliminated.
2720:board/stm32f401rct6/Drivers/STM32F4xx_HAL_Driver/Src/stm32f4xx_hal_rcc_ex.c ****   /* This variable used to store the I2S clock frequency (value in Hz) */
2721:board/stm32f401rct6/Drivers/STM32F4xx_HAL_Driver/Src/stm32f4xx_hal_rcc_ex.c ****   uint32_t frequency = 0U;
 428              		.loc 1 2721 3 view .LVU133
2722:board/stm32f401rct6/Drivers/STM32F4xx_HAL_Driver/Src/stm32f4xx_hal_rcc_ex.c ****   /* This variable used to store the VCO Input (value in Hz) */
2723:board/stm32f401rct6/Drivers/STM32F4xx_HAL_Driver/Src/stm32f4xx_hal_rcc_ex.c ****   uint32_t vcoinput = 0U;
 429              		.loc 1 2723 3 view .LVU134
2724:board/stm32f401rct6/Drivers/STM32F4xx_HAL_Driver/Src/stm32f4xx_hal_rcc_ex.c ****   uint32_t srcclk = 0U;
 430              		.loc 1 2724 3 view .LVU135
2725:board/stm32f401rct6/Drivers/STM32F4xx_HAL_Driver/Src/stm32f4xx_hal_rcc_ex.c ****   /* This variable used to store the VCO Output (value in Hz) */
2726:board/stm32f401rct6/Drivers/STM32F4xx_HAL_Driver/Src/stm32f4xx_hal_rcc_ex.c ****   uint32_t vcooutput = 0U;
 431              		.loc 1 2726 3 view .LVU136
2727:board/stm32f401rct6/Drivers/STM32F4xx_HAL_Driver/Src/stm32f4xx_hal_rcc_ex.c ****   switch (PeriphClk)
 432              		.loc 1 2727 3 view .LVU137
 433 0000 0128     		cmp	r0, #1
 434 0002 01D0     		beq	.L42
2721:board/stm32f401rct6/Drivers/STM32F4xx_HAL_Driver/Src/stm32f4xx_hal_rcc_ex.c ****   /* This variable used to store the VCO Input (value in Hz) */
 435              		.loc 1 2721 12 is_stmt 0 view .LVU138
 436 0004 0020     		movs	r0, #0
 437              	.LVL29:
2721:board/stm32f401rct6/Drivers/STM32F4xx_HAL_Driver/Src/stm32f4xx_hal_rcc_ex.c ****   /* This variable used to store the VCO Input (value in Hz) */
 438              		.loc 1 2721 12 view .LVU139
 439 0006 7047     		bx	lr
 440              	.LVL30:
 441              	.L42:
ARM GAS  C:\Users\Admin\AppData\Local\Temp\ccCVg1CA.s 			page 58


2728:board/stm32f401rct6/Drivers/STM32F4xx_HAL_Driver/Src/stm32f4xx_hal_rcc_ex.c ****   {
2729:board/stm32f401rct6/Drivers/STM32F4xx_HAL_Driver/Src/stm32f4xx_hal_rcc_ex.c ****     case RCC_PERIPHCLK_I2S:
2730:board/stm32f401rct6/Drivers/STM32F4xx_HAL_Driver/Src/stm32f4xx_hal_rcc_ex.c ****     {
2731:board/stm32f401rct6/Drivers/STM32F4xx_HAL_Driver/Src/stm32f4xx_hal_rcc_ex.c ****       /* Get the current I2S source */
2732:board/stm32f401rct6/Drivers/STM32F4xx_HAL_Driver/Src/stm32f4xx_hal_rcc_ex.c ****       srcclk = __HAL_RCC_GET_I2S_SOURCE();
 442              		.loc 1 2732 7 is_stmt 1 view .LVU140
 443              		.loc 1 2732 16 is_stmt 0 view .LVU141
 444 0008 154B     		ldr	r3, .L43
 445 000a 9B68     		ldr	r3, [r3, #8]
 446              	.LVL31:
2733:board/stm32f401rct6/Drivers/STM32F4xx_HAL_Driver/Src/stm32f4xx_hal_rcc_ex.c ****       switch (srcclk)
 447              		.loc 1 2733 7 is_stmt 1 view .LVU142
 448 000c 13F40003 		ands	r3, r3, #8388608
 449              	.LVL32:
 450              		.loc 1 2733 7 is_stmt 0 view .LVU143
 451 0010 02D0     		beq	.L37
 452 0012 1BB3     		cbz	r3, .L41
 453 0014 1348     		ldr	r0, .L43+4
 454              	.LVL33:
 455              		.loc 1 2733 7 view .LVU144
 456 0016 7047     		bx	lr
 457              	.LVL34:
 458              	.L37:
2734:board/stm32f401rct6/Drivers/STM32F4xx_HAL_Driver/Src/stm32f4xx_hal_rcc_ex.c ****       {
2735:board/stm32f401rct6/Drivers/STM32F4xx_HAL_Driver/Src/stm32f4xx_hal_rcc_ex.c ****         /* Check if I2S clock selection is External clock mapped on the I2S_CKIN pin used as I2S cl
2736:board/stm32f401rct6/Drivers/STM32F4xx_HAL_Driver/Src/stm32f4xx_hal_rcc_ex.c ****         case RCC_I2SCLKSOURCE_EXT:
2737:board/stm32f401rct6/Drivers/STM32F4xx_HAL_Driver/Src/stm32f4xx_hal_rcc_ex.c ****         {
2738:board/stm32f401rct6/Drivers/STM32F4xx_HAL_Driver/Src/stm32f4xx_hal_rcc_ex.c ****           /* Set the I2S clock to the external clock  value */
2739:board/stm32f401rct6/Drivers/STM32F4xx_HAL_Driver/Src/stm32f4xx_hal_rcc_ex.c ****           frequency = EXTERNAL_CLOCK_VALUE;
2740:board/stm32f401rct6/Drivers/STM32F4xx_HAL_Driver/Src/stm32f4xx_hal_rcc_ex.c ****           break;
2741:board/stm32f401rct6/Drivers/STM32F4xx_HAL_Driver/Src/stm32f4xx_hal_rcc_ex.c ****         }
2742:board/stm32f401rct6/Drivers/STM32F4xx_HAL_Driver/Src/stm32f4xx_hal_rcc_ex.c ****         /* Check if I2S clock selection is PLLI2S VCO output clock divided by PLLI2SR used as I2S c
2743:board/stm32f401rct6/Drivers/STM32F4xx_HAL_Driver/Src/stm32f4xx_hal_rcc_ex.c ****         case RCC_I2SCLKSOURCE_PLLI2S:
2744:board/stm32f401rct6/Drivers/STM32F4xx_HAL_Driver/Src/stm32f4xx_hal_rcc_ex.c ****         {
2745:board/stm32f401rct6/Drivers/STM32F4xx_HAL_Driver/Src/stm32f4xx_hal_rcc_ex.c **** #if defined(STM32F411xE)
2746:board/stm32f401rct6/Drivers/STM32F4xx_HAL_Driver/Src/stm32f4xx_hal_rcc_ex.c ****           /* Configure the PLLI2S division factor */
2747:board/stm32f401rct6/Drivers/STM32F4xx_HAL_Driver/Src/stm32f4xx_hal_rcc_ex.c ****           /* PLLI2S_VCO Input  = PLL_SOURCE/PLLI2SM */
2748:board/stm32f401rct6/Drivers/STM32F4xx_HAL_Driver/Src/stm32f4xx_hal_rcc_ex.c ****           if ((RCC->PLLCFGR & RCC_PLLCFGR_PLLSRC) == RCC_PLLSOURCE_HSE)
2749:board/stm32f401rct6/Drivers/STM32F4xx_HAL_Driver/Src/stm32f4xx_hal_rcc_ex.c ****           {
2750:board/stm32f401rct6/Drivers/STM32F4xx_HAL_Driver/Src/stm32f4xx_hal_rcc_ex.c ****             /* Get the I2S source clock value */
2751:board/stm32f401rct6/Drivers/STM32F4xx_HAL_Driver/Src/stm32f4xx_hal_rcc_ex.c ****             vcoinput = (uint32_t)(HSE_VALUE / (uint32_t)(RCC->PLLI2SCFGR & RCC_PLLI2SCFGR_PLLI2SM))
2752:board/stm32f401rct6/Drivers/STM32F4xx_HAL_Driver/Src/stm32f4xx_hal_rcc_ex.c ****           }
2753:board/stm32f401rct6/Drivers/STM32F4xx_HAL_Driver/Src/stm32f4xx_hal_rcc_ex.c ****           else
2754:board/stm32f401rct6/Drivers/STM32F4xx_HAL_Driver/Src/stm32f4xx_hal_rcc_ex.c ****           {
2755:board/stm32f401rct6/Drivers/STM32F4xx_HAL_Driver/Src/stm32f4xx_hal_rcc_ex.c ****             /* Get the I2S source clock value */
2756:board/stm32f401rct6/Drivers/STM32F4xx_HAL_Driver/Src/stm32f4xx_hal_rcc_ex.c ****             vcoinput = (uint32_t)(HSI_VALUE / (uint32_t)(RCC->PLLI2SCFGR & RCC_PLLI2SCFGR_PLLI2SM))
2757:board/stm32f401rct6/Drivers/STM32F4xx_HAL_Driver/Src/stm32f4xx_hal_rcc_ex.c ****           }
2758:board/stm32f401rct6/Drivers/STM32F4xx_HAL_Driver/Src/stm32f4xx_hal_rcc_ex.c **** #else
2759:board/stm32f401rct6/Drivers/STM32F4xx_HAL_Driver/Src/stm32f4xx_hal_rcc_ex.c ****           /* Configure the PLLI2S division factor */
2760:board/stm32f401rct6/Drivers/STM32F4xx_HAL_Driver/Src/stm32f4xx_hal_rcc_ex.c ****           /* PLLI2S_VCO Input  = PLL_SOURCE/PLLM */
2761:board/stm32f401rct6/Drivers/STM32F4xx_HAL_Driver/Src/stm32f4xx_hal_rcc_ex.c ****           if ((RCC->PLLCFGR & RCC_PLLCFGR_PLLSRC) == RCC_PLLSOURCE_HSE)
 459              		.loc 1 2761 11 is_stmt 1 view .LVU145
 460              		.loc 1 2761 19 is_stmt 0 view .LVU146
 461 0018 114B     		ldr	r3, .L43
 462              	.LVL35:
 463              		.loc 1 2761 19 view .LVU147
 464 001a 5B68     		ldr	r3, [r3, #4]
ARM GAS  C:\Users\Admin\AppData\Local\Temp\ccCVg1CA.s 			page 59


 465              		.loc 1 2761 14 view .LVU148
 466 001c 13F4800F 		tst	r3, #4194304
 467 0020 14D0     		beq	.L38
2762:board/stm32f401rct6/Drivers/STM32F4xx_HAL_Driver/Src/stm32f4xx_hal_rcc_ex.c ****           {
2763:board/stm32f401rct6/Drivers/STM32F4xx_HAL_Driver/Src/stm32f4xx_hal_rcc_ex.c ****             /* Get the I2S source clock value */
2764:board/stm32f401rct6/Drivers/STM32F4xx_HAL_Driver/Src/stm32f4xx_hal_rcc_ex.c ****             vcoinput = (uint32_t)(HSE_VALUE / (uint32_t)(RCC->PLLCFGR & RCC_PLLCFGR_PLLM));
 468              		.loc 1 2764 13 is_stmt 1 view .LVU149
 469              		.loc 1 2764 61 is_stmt 0 view .LVU150
 470 0022 0F4B     		ldr	r3, .L43
 471 0024 5B68     		ldr	r3, [r3, #4]
 472              		.loc 1 2764 47 view .LVU151
 473 0026 03F03F03 		and	r3, r3, #63
 474              		.loc 1 2764 22 view .LVU152
 475 002a 0F48     		ldr	r0, .L43+8
 476              	.LVL36:
 477              		.loc 1 2764 22 view .LVU153
 478 002c B0FBF3F3 		udiv	r3, r0, r3
 479              	.LVL37:
 480              	.L39:
2765:board/stm32f401rct6/Drivers/STM32F4xx_HAL_Driver/Src/stm32f4xx_hal_rcc_ex.c ****           }
2766:board/stm32f401rct6/Drivers/STM32F4xx_HAL_Driver/Src/stm32f4xx_hal_rcc_ex.c ****           else
2767:board/stm32f401rct6/Drivers/STM32F4xx_HAL_Driver/Src/stm32f4xx_hal_rcc_ex.c ****           {
2768:board/stm32f401rct6/Drivers/STM32F4xx_HAL_Driver/Src/stm32f4xx_hal_rcc_ex.c ****             /* Get the I2S source clock value */
2769:board/stm32f401rct6/Drivers/STM32F4xx_HAL_Driver/Src/stm32f4xx_hal_rcc_ex.c ****             vcoinput = (uint32_t)(HSI_VALUE / (uint32_t)(RCC->PLLCFGR & RCC_PLLCFGR_PLLM));
2770:board/stm32f401rct6/Drivers/STM32F4xx_HAL_Driver/Src/stm32f4xx_hal_rcc_ex.c ****           }
2771:board/stm32f401rct6/Drivers/STM32F4xx_HAL_Driver/Src/stm32f4xx_hal_rcc_ex.c **** #endif /* STM32F411xE */
2772:board/stm32f401rct6/Drivers/STM32F4xx_HAL_Driver/Src/stm32f4xx_hal_rcc_ex.c ****           /* PLLI2S_VCO Output = PLLI2S_VCO Input * PLLI2SN */
2773:board/stm32f401rct6/Drivers/STM32F4xx_HAL_Driver/Src/stm32f4xx_hal_rcc_ex.c ****           vcooutput = (uint32_t)(vcoinput * (((RCC->PLLI2SCFGR & RCC_PLLI2SCFGR_PLLI2SN) >> 6U) & (
 481              		.loc 1 2773 11 is_stmt 1 view .LVU154
 482              		.loc 1 2773 51 is_stmt 0 view .LVU155
 483 0030 0B4A     		ldr	r2, .L43
 484 0032 D2F88400 		ldr	r0, [r2, #132]
 485              		.loc 1 2773 97 view .LVU156
 486 0036 C0F38810 		ubfx	r0, r0, #6, #9
 487              		.loc 1 2773 21 view .LVU157
 488 003a 03FB00F0 		mul	r0, r3, r0
 489              	.LVL38:
2774:board/stm32f401rct6/Drivers/STM32F4xx_HAL_Driver/Src/stm32f4xx_hal_rcc_ex.c ****           /* I2S_CLK = PLLI2S_VCO Output/PLLI2SR */
2775:board/stm32f401rct6/Drivers/STM32F4xx_HAL_Driver/Src/stm32f4xx_hal_rcc_ex.c ****           frequency = (uint32_t)(vcooutput / (((RCC->PLLI2SCFGR & RCC_PLLI2SCFGR_PLLI2SR) >> 28U) &
 490              		.loc 1 2775 11 is_stmt 1 view .LVU158
 491              		.loc 1 2775 52 is_stmt 0 view .LVU159
 492 003e D2F88430 		ldr	r3, [r2, #132]
 493              	.LVL39:
 494              		.loc 1 2775 99 view .LVU160
 495 0042 C3F30273 		ubfx	r3, r3, #28, #3
 496              		.loc 1 2775 21 view .LVU161
 497 0046 B0FBF3F0 		udiv	r0, r0, r3
 498              	.LVL40:
2776:board/stm32f401rct6/Drivers/STM32F4xx_HAL_Driver/Src/stm32f4xx_hal_rcc_ex.c ****           break;
 499              		.loc 1 2776 11 is_stmt 1 view .LVU162
 500 004a 7047     		bx	lr
 501              	.LVL41:
 502              	.L38:
2769:board/stm32f401rct6/Drivers/STM32F4xx_HAL_Driver/Src/stm32f4xx_hal_rcc_ex.c ****           }
 503              		.loc 1 2769 13 view .LVU163
2769:board/stm32f401rct6/Drivers/STM32F4xx_HAL_Driver/Src/stm32f4xx_hal_rcc_ex.c ****           }
 504              		.loc 1 2769 61 is_stmt 0 view .LVU164
ARM GAS  C:\Users\Admin\AppData\Local\Temp\ccCVg1CA.s 			page 60


 505 004c 044B     		ldr	r3, .L43
 506 004e 5B68     		ldr	r3, [r3, #4]
2769:board/stm32f401rct6/Drivers/STM32F4xx_HAL_Driver/Src/stm32f4xx_hal_rcc_ex.c ****           }
 507              		.loc 1 2769 47 view .LVU165
 508 0050 03F03F03 		and	r3, r3, #63
2769:board/stm32f401rct6/Drivers/STM32F4xx_HAL_Driver/Src/stm32f4xx_hal_rcc_ex.c ****           }
 509              		.loc 1 2769 22 view .LVU166
 510 0054 0548     		ldr	r0, .L43+12
 511              	.LVL42:
2769:board/stm32f401rct6/Drivers/STM32F4xx_HAL_Driver/Src/stm32f4xx_hal_rcc_ex.c ****           }
 512              		.loc 1 2769 22 view .LVU167
 513 0056 B0FBF3F3 		udiv	r3, r0, r3
 514              	.LVL43:
2769:board/stm32f401rct6/Drivers/STM32F4xx_HAL_Driver/Src/stm32f4xx_hal_rcc_ex.c ****           }
 515              		.loc 1 2769 22 view .LVU168
 516 005a E9E7     		b	.L39
 517              	.LVL44:
 518              	.L41:
2777:board/stm32f401rct6/Drivers/STM32F4xx_HAL_Driver/Src/stm32f4xx_hal_rcc_ex.c ****         }
2778:board/stm32f401rct6/Drivers/STM32F4xx_HAL_Driver/Src/stm32f4xx_hal_rcc_ex.c ****         /* Clock not enabled for I2S*/
2779:board/stm32f401rct6/Drivers/STM32F4xx_HAL_Driver/Src/stm32f4xx_hal_rcc_ex.c ****         default:
2780:board/stm32f401rct6/Drivers/STM32F4xx_HAL_Driver/Src/stm32f4xx_hal_rcc_ex.c ****         {
2781:board/stm32f401rct6/Drivers/STM32F4xx_HAL_Driver/Src/stm32f4xx_hal_rcc_ex.c ****           frequency = 0U;
 519              		.loc 1 2781 21 view .LVU169
 520 005c 0020     		movs	r0, #0
 521              	.LVL45:
2782:board/stm32f401rct6/Drivers/STM32F4xx_HAL_Driver/Src/stm32f4xx_hal_rcc_ex.c ****           break;
2783:board/stm32f401rct6/Drivers/STM32F4xx_HAL_Driver/Src/stm32f4xx_hal_rcc_ex.c ****         }
2784:board/stm32f401rct6/Drivers/STM32F4xx_HAL_Driver/Src/stm32f4xx_hal_rcc_ex.c ****       }
2785:board/stm32f401rct6/Drivers/STM32F4xx_HAL_Driver/Src/stm32f4xx_hal_rcc_ex.c ****       break;
2786:board/stm32f401rct6/Drivers/STM32F4xx_HAL_Driver/Src/stm32f4xx_hal_rcc_ex.c ****     }
2787:board/stm32f401rct6/Drivers/STM32F4xx_HAL_Driver/Src/stm32f4xx_hal_rcc_ex.c ****     default:
2788:board/stm32f401rct6/Drivers/STM32F4xx_HAL_Driver/Src/stm32f4xx_hal_rcc_ex.c ****     {
2789:board/stm32f401rct6/Drivers/STM32F4xx_HAL_Driver/Src/stm32f4xx_hal_rcc_ex.c ****       break;
2790:board/stm32f401rct6/Drivers/STM32F4xx_HAL_Driver/Src/stm32f4xx_hal_rcc_ex.c ****     }
2791:board/stm32f401rct6/Drivers/STM32F4xx_HAL_Driver/Src/stm32f4xx_hal_rcc_ex.c ****   }
2792:board/stm32f401rct6/Drivers/STM32F4xx_HAL_Driver/Src/stm32f4xx_hal_rcc_ex.c ****   return frequency;
 522              		.loc 1 2792 3 is_stmt 1 view .LVU170
2793:board/stm32f401rct6/Drivers/STM32F4xx_HAL_Driver/Src/stm32f4xx_hal_rcc_ex.c **** }
 523              		.loc 1 2793 1 is_stmt 0 view .LVU171
 524 005e 7047     		bx	lr
 525              	.L44:
 526              		.align	2
 527              	.L43:
 528 0060 00380240 		.word	1073887232
 529 0064 0080BB00 		.word	12288000
 530 0068 40787D01 		.word	25000000
 531 006c 0024F400 		.word	16000000
 532              		.cfi_endproc
 533              	.LFE222:
 535              		.section	.text.HAL_RCCEx_EnablePLLI2S,"ax",%progbits
 536              		.align	1
 537              		.global	HAL_RCCEx_EnablePLLI2S
 538              		.syntax unified
 539              		.thumb
 540              		.thumb_func
 542              	HAL_RCCEx_EnablePLLI2S:
ARM GAS  C:\Users\Admin\AppData\Local\Temp\ccCVg1CA.s 			page 61


 543              	.LVL46:
 544              	.LFB223:
2794:board/stm32f401rct6/Drivers/STM32F4xx_HAL_Driver/Src/stm32f4xx_hal_rcc_ex.c **** #endif /* STM32F405xx || STM32F415xx || STM32F407xx || STM32F417xx || STM32F401xC || STM32F401xE  |
2795:board/stm32f401rct6/Drivers/STM32F4xx_HAL_Driver/Src/stm32f4xx_hal_rcc_ex.c **** 
2796:board/stm32f401rct6/Drivers/STM32F4xx_HAL_Driver/Src/stm32f4xx_hal_rcc_ex.c **** #if defined(STM32F410Tx) || defined(STM32F410Cx) || defined(STM32F410Rx) || defined(STM32F411xE) ||
2797:board/stm32f401rct6/Drivers/STM32F4xx_HAL_Driver/Src/stm32f4xx_hal_rcc_ex.c ****     defined(STM32F412Vx) || defined(STM32F412Rx) || defined(STM32F412Cx) || defined(STM32F413xx) ||
2798:board/stm32f401rct6/Drivers/STM32F4xx_HAL_Driver/Src/stm32f4xx_hal_rcc_ex.c **** /**
2799:board/stm32f401rct6/Drivers/STM32F4xx_HAL_Driver/Src/stm32f4xx_hal_rcc_ex.c ****   * @brief  Select LSE mode
2800:board/stm32f401rct6/Drivers/STM32F4xx_HAL_Driver/Src/stm32f4xx_hal_rcc_ex.c ****   *
2801:board/stm32f401rct6/Drivers/STM32F4xx_HAL_Driver/Src/stm32f4xx_hal_rcc_ex.c ****   * @note   This mode is only available for STM32F410xx/STM32F411xx/STM32F446xx/STM32F469xx/STM32F4
2802:board/stm32f401rct6/Drivers/STM32F4xx_HAL_Driver/Src/stm32f4xx_hal_rcc_ex.c ****   *
2803:board/stm32f401rct6/Drivers/STM32F4xx_HAL_Driver/Src/stm32f4xx_hal_rcc_ex.c ****   * @param  Mode specifies the LSE mode.
2804:board/stm32f401rct6/Drivers/STM32F4xx_HAL_Driver/Src/stm32f4xx_hal_rcc_ex.c ****   *          This parameter can be one of the following values:
2805:board/stm32f401rct6/Drivers/STM32F4xx_HAL_Driver/Src/stm32f4xx_hal_rcc_ex.c ****   *            @arg RCC_LSE_LOWPOWER_MODE:  LSE oscillator in low power mode selection
2806:board/stm32f401rct6/Drivers/STM32F4xx_HAL_Driver/Src/stm32f4xx_hal_rcc_ex.c ****   *            @arg RCC_LSE_HIGHDRIVE_MODE: LSE oscillator in High Drive mode selection
2807:board/stm32f401rct6/Drivers/STM32F4xx_HAL_Driver/Src/stm32f4xx_hal_rcc_ex.c ****   * @retval None
2808:board/stm32f401rct6/Drivers/STM32F4xx_HAL_Driver/Src/stm32f4xx_hal_rcc_ex.c ****   */
2809:board/stm32f401rct6/Drivers/STM32F4xx_HAL_Driver/Src/stm32f4xx_hal_rcc_ex.c **** void HAL_RCCEx_SelectLSEMode(uint8_t Mode)
2810:board/stm32f401rct6/Drivers/STM32F4xx_HAL_Driver/Src/stm32f4xx_hal_rcc_ex.c **** {
2811:board/stm32f401rct6/Drivers/STM32F4xx_HAL_Driver/Src/stm32f4xx_hal_rcc_ex.c ****   /* Check the parameters */
2812:board/stm32f401rct6/Drivers/STM32F4xx_HAL_Driver/Src/stm32f4xx_hal_rcc_ex.c ****   assert_param(IS_RCC_LSE_MODE(Mode));
2813:board/stm32f401rct6/Drivers/STM32F4xx_HAL_Driver/Src/stm32f4xx_hal_rcc_ex.c ****   if (Mode == RCC_LSE_HIGHDRIVE_MODE)
2814:board/stm32f401rct6/Drivers/STM32F4xx_HAL_Driver/Src/stm32f4xx_hal_rcc_ex.c ****   {
2815:board/stm32f401rct6/Drivers/STM32F4xx_HAL_Driver/Src/stm32f4xx_hal_rcc_ex.c ****     SET_BIT(RCC->BDCR, RCC_BDCR_LSEMOD);
2816:board/stm32f401rct6/Drivers/STM32F4xx_HAL_Driver/Src/stm32f4xx_hal_rcc_ex.c ****   }
2817:board/stm32f401rct6/Drivers/STM32F4xx_HAL_Driver/Src/stm32f4xx_hal_rcc_ex.c ****   else
2818:board/stm32f401rct6/Drivers/STM32F4xx_HAL_Driver/Src/stm32f4xx_hal_rcc_ex.c ****   {
2819:board/stm32f401rct6/Drivers/STM32F4xx_HAL_Driver/Src/stm32f4xx_hal_rcc_ex.c ****     CLEAR_BIT(RCC->BDCR, RCC_BDCR_LSEMOD);
2820:board/stm32f401rct6/Drivers/STM32F4xx_HAL_Driver/Src/stm32f4xx_hal_rcc_ex.c ****   }
2821:board/stm32f401rct6/Drivers/STM32F4xx_HAL_Driver/Src/stm32f4xx_hal_rcc_ex.c **** }
2822:board/stm32f401rct6/Drivers/STM32F4xx_HAL_Driver/Src/stm32f4xx_hal_rcc_ex.c **** 
2823:board/stm32f401rct6/Drivers/STM32F4xx_HAL_Driver/Src/stm32f4xx_hal_rcc_ex.c **** #endif /* STM32F410xx || STM32F411xE || STM32F446xx || STM32F469xx || STM32F479xx || STM32F412Zx ||
2824:board/stm32f401rct6/Drivers/STM32F4xx_HAL_Driver/Src/stm32f4xx_hal_rcc_ex.c **** 
2825:board/stm32f401rct6/Drivers/STM32F4xx_HAL_Driver/Src/stm32f4xx_hal_rcc_ex.c **** /** @defgroup RCCEx_Exported_Functions_Group2 Extended Clock management functions
2826:board/stm32f401rct6/Drivers/STM32F4xx_HAL_Driver/Src/stm32f4xx_hal_rcc_ex.c ****   *  @brief  Extended Clock management functions
2827:board/stm32f401rct6/Drivers/STM32F4xx_HAL_Driver/Src/stm32f4xx_hal_rcc_ex.c ****   *
2828:board/stm32f401rct6/Drivers/STM32F4xx_HAL_Driver/Src/stm32f4xx_hal_rcc_ex.c **** @verbatim
2829:board/stm32f401rct6/Drivers/STM32F4xx_HAL_Driver/Src/stm32f4xx_hal_rcc_ex.c ****  ===============================================================================
2830:board/stm32f401rct6/Drivers/STM32F4xx_HAL_Driver/Src/stm32f4xx_hal_rcc_ex.c ****                 ##### Extended clock management functions  #####
2831:board/stm32f401rct6/Drivers/STM32F4xx_HAL_Driver/Src/stm32f4xx_hal_rcc_ex.c ****  ===============================================================================
2832:board/stm32f401rct6/Drivers/STM32F4xx_HAL_Driver/Src/stm32f4xx_hal_rcc_ex.c ****     [..]
2833:board/stm32f401rct6/Drivers/STM32F4xx_HAL_Driver/Src/stm32f4xx_hal_rcc_ex.c ****     This subsection provides a set of functions allowing to control the
2834:board/stm32f401rct6/Drivers/STM32F4xx_HAL_Driver/Src/stm32f4xx_hal_rcc_ex.c ****     activation or deactivation of PLLI2S, PLLSAI.
2835:board/stm32f401rct6/Drivers/STM32F4xx_HAL_Driver/Src/stm32f4xx_hal_rcc_ex.c **** @endverbatim
2836:board/stm32f401rct6/Drivers/STM32F4xx_HAL_Driver/Src/stm32f4xx_hal_rcc_ex.c ****   * @{
2837:board/stm32f401rct6/Drivers/STM32F4xx_HAL_Driver/Src/stm32f4xx_hal_rcc_ex.c ****   */
2838:board/stm32f401rct6/Drivers/STM32F4xx_HAL_Driver/Src/stm32f4xx_hal_rcc_ex.c **** 
2839:board/stm32f401rct6/Drivers/STM32F4xx_HAL_Driver/Src/stm32f4xx_hal_rcc_ex.c **** #if defined(RCC_PLLI2S_SUPPORT)
2840:board/stm32f401rct6/Drivers/STM32F4xx_HAL_Driver/Src/stm32f4xx_hal_rcc_ex.c **** /**
2841:board/stm32f401rct6/Drivers/STM32F4xx_HAL_Driver/Src/stm32f4xx_hal_rcc_ex.c ****   * @brief  Enable PLLI2S.
2842:board/stm32f401rct6/Drivers/STM32F4xx_HAL_Driver/Src/stm32f4xx_hal_rcc_ex.c ****   * @param  PLLI2SInit  pointer to an RCC_PLLI2SInitTypeDef structure that
2843:board/stm32f401rct6/Drivers/STM32F4xx_HAL_Driver/Src/stm32f4xx_hal_rcc_ex.c ****   *         contains the configuration information for the PLLI2S
2844:board/stm32f401rct6/Drivers/STM32F4xx_HAL_Driver/Src/stm32f4xx_hal_rcc_ex.c ****   * @retval HAL status
2845:board/stm32f401rct6/Drivers/STM32F4xx_HAL_Driver/Src/stm32f4xx_hal_rcc_ex.c ****   */
2846:board/stm32f401rct6/Drivers/STM32F4xx_HAL_Driver/Src/stm32f4xx_hal_rcc_ex.c **** HAL_StatusTypeDef HAL_RCCEx_EnablePLLI2S(RCC_PLLI2SInitTypeDef  *PLLI2SInit)
2847:board/stm32f401rct6/Drivers/STM32F4xx_HAL_Driver/Src/stm32f4xx_hal_rcc_ex.c **** {
 545              		.loc 1 2847 1 is_stmt 1 view -0
ARM GAS  C:\Users\Admin\AppData\Local\Temp\ccCVg1CA.s 			page 62


 546              		.cfi_startproc
 547              		@ args = 0, pretend = 0, frame = 0
 548              		@ frame_needed = 0, uses_anonymous_args = 0
 549              		.loc 1 2847 1 is_stmt 0 view .LVU173
 550 0000 38B5     		push	{r3, r4, r5, lr}
 551              	.LCFI3:
 552              		.cfi_def_cfa_offset 16
 553              		.cfi_offset 3, -16
 554              		.cfi_offset 4, -12
 555              		.cfi_offset 5, -8
 556              		.cfi_offset 14, -4
 557 0002 0546     		mov	r5, r0
2848:board/stm32f401rct6/Drivers/STM32F4xx_HAL_Driver/Src/stm32f4xx_hal_rcc_ex.c ****   uint32_t tickstart;
 558              		.loc 1 2848 3 is_stmt 1 view .LVU174
2849:board/stm32f401rct6/Drivers/STM32F4xx_HAL_Driver/Src/stm32f4xx_hal_rcc_ex.c **** 
2850:board/stm32f401rct6/Drivers/STM32F4xx_HAL_Driver/Src/stm32f4xx_hal_rcc_ex.c ****   /* Check for parameters */
2851:board/stm32f401rct6/Drivers/STM32F4xx_HAL_Driver/Src/stm32f4xx_hal_rcc_ex.c ****   assert_param(IS_RCC_PLLI2SN_VALUE(PLLI2SInit->PLLI2SN));
 559              		.loc 1 2851 3 view .LVU175
2852:board/stm32f401rct6/Drivers/STM32F4xx_HAL_Driver/Src/stm32f4xx_hal_rcc_ex.c ****   assert_param(IS_RCC_PLLI2SR_VALUE(PLLI2SInit->PLLI2SR));
 560              		.loc 1 2852 3 view .LVU176
2853:board/stm32f401rct6/Drivers/STM32F4xx_HAL_Driver/Src/stm32f4xx_hal_rcc_ex.c **** #if defined(RCC_PLLI2SCFGR_PLLI2SM)
2854:board/stm32f401rct6/Drivers/STM32F4xx_HAL_Driver/Src/stm32f4xx_hal_rcc_ex.c ****   assert_param(IS_RCC_PLLI2SM_VALUE(PLLI2SInit->PLLI2SM));
2855:board/stm32f401rct6/Drivers/STM32F4xx_HAL_Driver/Src/stm32f4xx_hal_rcc_ex.c **** #endif /* RCC_PLLI2SCFGR_PLLI2SM */
2856:board/stm32f401rct6/Drivers/STM32F4xx_HAL_Driver/Src/stm32f4xx_hal_rcc_ex.c **** #if defined(RCC_PLLI2SCFGR_PLLI2SP)
2857:board/stm32f401rct6/Drivers/STM32F4xx_HAL_Driver/Src/stm32f4xx_hal_rcc_ex.c ****   assert_param(IS_RCC_PLLI2SP_VALUE(PLLI2SInit->PLLI2SP));
2858:board/stm32f401rct6/Drivers/STM32F4xx_HAL_Driver/Src/stm32f4xx_hal_rcc_ex.c **** #endif /* RCC_PLLI2SCFGR_PLLI2SP */
2859:board/stm32f401rct6/Drivers/STM32F4xx_HAL_Driver/Src/stm32f4xx_hal_rcc_ex.c **** #if defined(RCC_PLLI2SCFGR_PLLI2SQ)
2860:board/stm32f401rct6/Drivers/STM32F4xx_HAL_Driver/Src/stm32f4xx_hal_rcc_ex.c ****   assert_param(IS_RCC_PLLI2SQ_VALUE(PLLI2SInit->PLLI2SQ));
2861:board/stm32f401rct6/Drivers/STM32F4xx_HAL_Driver/Src/stm32f4xx_hal_rcc_ex.c **** #endif /* RCC_PLLI2SCFGR_PLLI2SQ */
2862:board/stm32f401rct6/Drivers/STM32F4xx_HAL_Driver/Src/stm32f4xx_hal_rcc_ex.c **** 
2863:board/stm32f401rct6/Drivers/STM32F4xx_HAL_Driver/Src/stm32f4xx_hal_rcc_ex.c ****   /* Disable the PLLI2S */
2864:board/stm32f401rct6/Drivers/STM32F4xx_HAL_Driver/Src/stm32f4xx_hal_rcc_ex.c ****   __HAL_RCC_PLLI2S_DISABLE();
 561              		.loc 1 2864 3 view .LVU177
 562 0004 164B     		ldr	r3, .L56
 563 0006 0022     		movs	r2, #0
 564 0008 9A66     		str	r2, [r3, #104]
2865:board/stm32f401rct6/Drivers/STM32F4xx_HAL_Driver/Src/stm32f4xx_hal_rcc_ex.c **** 
2866:board/stm32f401rct6/Drivers/STM32F4xx_HAL_Driver/Src/stm32f4xx_hal_rcc_ex.c ****   /* Wait till PLLI2S is disabled */
2867:board/stm32f401rct6/Drivers/STM32F4xx_HAL_Driver/Src/stm32f4xx_hal_rcc_ex.c ****   tickstart = HAL_GetTick();
 565              		.loc 1 2867 3 view .LVU178
 566              		.loc 1 2867 15 is_stmt 0 view .LVU179
 567 000a FFF7FEFF 		bl	HAL_GetTick
 568              	.LVL47:
 569              		.loc 1 2867 15 view .LVU180
 570 000e 0446     		mov	r4, r0
 571              	.LVL48:
2868:board/stm32f401rct6/Drivers/STM32F4xx_HAL_Driver/Src/stm32f4xx_hal_rcc_ex.c ****   while (__HAL_RCC_GET_FLAG(RCC_FLAG_PLLI2SRDY) != RESET)
 572              		.loc 1 2868 3 is_stmt 1 view .LVU181
 573              	.L46:
 574              		.loc 1 2868 9 view .LVU182
 575              		.loc 1 2868 10 is_stmt 0 view .LVU183
 576 0010 144B     		ldr	r3, .L56+4
 577 0012 1B68     		ldr	r3, [r3]
 578              		.loc 1 2868 9 view .LVU184
 579 0014 13F0006F 		tst	r3, #134217728
 580 0018 06D0     		beq	.L54
2869:board/stm32f401rct6/Drivers/STM32F4xx_HAL_Driver/Src/stm32f4xx_hal_rcc_ex.c ****   {
ARM GAS  C:\Users\Admin\AppData\Local\Temp\ccCVg1CA.s 			page 63


2870:board/stm32f401rct6/Drivers/STM32F4xx_HAL_Driver/Src/stm32f4xx_hal_rcc_ex.c ****     if ((HAL_GetTick() - tickstart) > PLLI2S_TIMEOUT_VALUE)
 581              		.loc 1 2870 5 is_stmt 1 view .LVU185
 582              		.loc 1 2870 10 is_stmt 0 view .LVU186
 583 001a FFF7FEFF 		bl	HAL_GetTick
 584              	.LVL49:
 585              		.loc 1 2870 24 view .LVU187
 586 001e 001B     		subs	r0, r0, r4
 587              		.loc 1 2870 8 view .LVU188
 588 0020 0228     		cmp	r0, #2
 589 0022 F5D9     		bls	.L46
2871:board/stm32f401rct6/Drivers/STM32F4xx_HAL_Driver/Src/stm32f4xx_hal_rcc_ex.c ****     {
2872:board/stm32f401rct6/Drivers/STM32F4xx_HAL_Driver/Src/stm32f4xx_hal_rcc_ex.c ****       /* return in case of Timeout detected */
2873:board/stm32f401rct6/Drivers/STM32F4xx_HAL_Driver/Src/stm32f4xx_hal_rcc_ex.c ****       return HAL_TIMEOUT;
 590              		.loc 1 2873 14 view .LVU189
 591 0024 0320     		movs	r0, #3
 592              	.L47:
2874:board/stm32f401rct6/Drivers/STM32F4xx_HAL_Driver/Src/stm32f4xx_hal_rcc_ex.c ****     }
2875:board/stm32f401rct6/Drivers/STM32F4xx_HAL_Driver/Src/stm32f4xx_hal_rcc_ex.c ****   }
2876:board/stm32f401rct6/Drivers/STM32F4xx_HAL_Driver/Src/stm32f4xx_hal_rcc_ex.c **** 
2877:board/stm32f401rct6/Drivers/STM32F4xx_HAL_Driver/Src/stm32f4xx_hal_rcc_ex.c ****   /* Configure the PLLI2S division factors */
2878:board/stm32f401rct6/Drivers/STM32F4xx_HAL_Driver/Src/stm32f4xx_hal_rcc_ex.c **** #if defined(STM32F446xx)
2879:board/stm32f401rct6/Drivers/STM32F4xx_HAL_Driver/Src/stm32f4xx_hal_rcc_ex.c ****   /* PLLI2S_VCO = f(VCO clock) = f(PLLI2S clock input) * (PLLI2SN/PLLI2SM) */
2880:board/stm32f401rct6/Drivers/STM32F4xx_HAL_Driver/Src/stm32f4xx_hal_rcc_ex.c ****   /* I2SPCLK = PLLI2S_VCO / PLLI2SP */
2881:board/stm32f401rct6/Drivers/STM32F4xx_HAL_Driver/Src/stm32f4xx_hal_rcc_ex.c ****   /* I2SQCLK = PLLI2S_VCO / PLLI2SQ */
2882:board/stm32f401rct6/Drivers/STM32F4xx_HAL_Driver/Src/stm32f4xx_hal_rcc_ex.c ****   /* I2SRCLK = PLLI2S_VCO / PLLI2SR */
2883:board/stm32f401rct6/Drivers/STM32F4xx_HAL_Driver/Src/stm32f4xx_hal_rcc_ex.c ****   __HAL_RCC_PLLI2S_CONFIG(PLLI2SInit->PLLI2SM, PLLI2SInit->PLLI2SN, \
2884:board/stm32f401rct6/Drivers/STM32F4xx_HAL_Driver/Src/stm32f4xx_hal_rcc_ex.c ****                           PLLI2SInit->PLLI2SP, PLLI2SInit->PLLI2SQ, PLLI2SInit->PLLI2SR);
2885:board/stm32f401rct6/Drivers/STM32F4xx_HAL_Driver/Src/stm32f4xx_hal_rcc_ex.c **** #elif defined(STM32F412Zx) || defined(STM32F412Vx) || defined(STM32F412Rx) || defined(STM32F412Cx) 
2886:board/stm32f401rct6/Drivers/STM32F4xx_HAL_Driver/Src/stm32f4xx_hal_rcc_ex.c ****       defined(STM32F413xx) || defined(STM32F423xx)
2887:board/stm32f401rct6/Drivers/STM32F4xx_HAL_Driver/Src/stm32f4xx_hal_rcc_ex.c ****   /* PLLI2S_VCO = f(VCO clock) = f(PLLI2S clock input) * (PLLI2SN/PLLI2SM)*/
2888:board/stm32f401rct6/Drivers/STM32F4xx_HAL_Driver/Src/stm32f4xx_hal_rcc_ex.c ****   /* I2SQCLK = PLLI2S_VCO / PLLI2SQ */
2889:board/stm32f401rct6/Drivers/STM32F4xx_HAL_Driver/Src/stm32f4xx_hal_rcc_ex.c ****   /* I2SRCLK = PLLI2S_VCO / PLLI2SR */
2890:board/stm32f401rct6/Drivers/STM32F4xx_HAL_Driver/Src/stm32f4xx_hal_rcc_ex.c ****   __HAL_RCC_PLLI2S_CONFIG(PLLI2SInit->PLLI2SM, PLLI2SInit->PLLI2SN, \
2891:board/stm32f401rct6/Drivers/STM32F4xx_HAL_Driver/Src/stm32f4xx_hal_rcc_ex.c ****                           PLLI2SInit->PLLI2SQ, PLLI2SInit->PLLI2SR);
2892:board/stm32f401rct6/Drivers/STM32F4xx_HAL_Driver/Src/stm32f4xx_hal_rcc_ex.c **** #elif defined(STM32F427xx) || defined(STM32F437xx) || defined(STM32F429xx) || defined(STM32F439xx) 
2893:board/stm32f401rct6/Drivers/STM32F4xx_HAL_Driver/Src/stm32f4xx_hal_rcc_ex.c ****       defined(STM32F469xx) || defined(STM32F479xx)
2894:board/stm32f401rct6/Drivers/STM32F4xx_HAL_Driver/Src/stm32f4xx_hal_rcc_ex.c ****   /* PLLI2S_VCO = f(VCO clock) = f(PLLI2S clock input) * PLLI2SN */
2895:board/stm32f401rct6/Drivers/STM32F4xx_HAL_Driver/Src/stm32f4xx_hal_rcc_ex.c ****   /* I2SQCLK = PLLI2S_VCO / PLLI2SQ */
2896:board/stm32f401rct6/Drivers/STM32F4xx_HAL_Driver/Src/stm32f4xx_hal_rcc_ex.c ****   /* I2SRCLK = PLLI2S_VCO / PLLI2SR */
2897:board/stm32f401rct6/Drivers/STM32F4xx_HAL_Driver/Src/stm32f4xx_hal_rcc_ex.c ****   __HAL_RCC_PLLI2S_SAICLK_CONFIG(PLLI2SInit->PLLI2SN, PLLI2SInit->PLLI2SQ, PLLI2SInit->PLLI2SR);
2898:board/stm32f401rct6/Drivers/STM32F4xx_HAL_Driver/Src/stm32f4xx_hal_rcc_ex.c **** #elif defined(STM32F411xE)
2899:board/stm32f401rct6/Drivers/STM32F4xx_HAL_Driver/Src/stm32f4xx_hal_rcc_ex.c ****   /* PLLI2S_VCO = f(VCO clock) = f(PLLI2S clock input) * (PLLI2SN/PLLI2SM) */
2900:board/stm32f401rct6/Drivers/STM32F4xx_HAL_Driver/Src/stm32f4xx_hal_rcc_ex.c ****   /* I2SRCLK = PLLI2S_VCO / PLLI2SR */
2901:board/stm32f401rct6/Drivers/STM32F4xx_HAL_Driver/Src/stm32f4xx_hal_rcc_ex.c ****   __HAL_RCC_PLLI2S_I2SCLK_CONFIG(PLLI2SInit->PLLI2SM, PLLI2SInit->PLLI2SN, PLLI2SInit->PLLI2SR);
2902:board/stm32f401rct6/Drivers/STM32F4xx_HAL_Driver/Src/stm32f4xx_hal_rcc_ex.c **** #else
2903:board/stm32f401rct6/Drivers/STM32F4xx_HAL_Driver/Src/stm32f4xx_hal_rcc_ex.c ****   /* PLLI2S_VCO = f(VCO clock) = f(PLLI2S clock input) x PLLI2SN */
2904:board/stm32f401rct6/Drivers/STM32F4xx_HAL_Driver/Src/stm32f4xx_hal_rcc_ex.c ****   /* I2SRCLK = PLLI2S_VCO / PLLI2SR */
2905:board/stm32f401rct6/Drivers/STM32F4xx_HAL_Driver/Src/stm32f4xx_hal_rcc_ex.c ****   __HAL_RCC_PLLI2S_CONFIG(PLLI2SInit->PLLI2SN, PLLI2SInit->PLLI2SR);
2906:board/stm32f401rct6/Drivers/STM32F4xx_HAL_Driver/Src/stm32f4xx_hal_rcc_ex.c **** #endif /* STM32F446xx */
2907:board/stm32f401rct6/Drivers/STM32F4xx_HAL_Driver/Src/stm32f4xx_hal_rcc_ex.c **** 
2908:board/stm32f401rct6/Drivers/STM32F4xx_HAL_Driver/Src/stm32f4xx_hal_rcc_ex.c ****   /* Enable the PLLI2S */
2909:board/stm32f401rct6/Drivers/STM32F4xx_HAL_Driver/Src/stm32f4xx_hal_rcc_ex.c ****   __HAL_RCC_PLLI2S_ENABLE();
2910:board/stm32f401rct6/Drivers/STM32F4xx_HAL_Driver/Src/stm32f4xx_hal_rcc_ex.c **** 
2911:board/stm32f401rct6/Drivers/STM32F4xx_HAL_Driver/Src/stm32f4xx_hal_rcc_ex.c ****   /* Wait till PLLI2S is ready */
2912:board/stm32f401rct6/Drivers/STM32F4xx_HAL_Driver/Src/stm32f4xx_hal_rcc_ex.c ****   tickstart = HAL_GetTick();
2913:board/stm32f401rct6/Drivers/STM32F4xx_HAL_Driver/Src/stm32f4xx_hal_rcc_ex.c ****   while (__HAL_RCC_GET_FLAG(RCC_FLAG_PLLI2SRDY) == RESET)
2914:board/stm32f401rct6/Drivers/STM32F4xx_HAL_Driver/Src/stm32f4xx_hal_rcc_ex.c ****   {
ARM GAS  C:\Users\Admin\AppData\Local\Temp\ccCVg1CA.s 			page 64


2915:board/stm32f401rct6/Drivers/STM32F4xx_HAL_Driver/Src/stm32f4xx_hal_rcc_ex.c ****     if ((HAL_GetTick() - tickstart) > PLLI2S_TIMEOUT_VALUE)
2916:board/stm32f401rct6/Drivers/STM32F4xx_HAL_Driver/Src/stm32f4xx_hal_rcc_ex.c ****     {
2917:board/stm32f401rct6/Drivers/STM32F4xx_HAL_Driver/Src/stm32f4xx_hal_rcc_ex.c ****       /* return in case of Timeout detected */
2918:board/stm32f401rct6/Drivers/STM32F4xx_HAL_Driver/Src/stm32f4xx_hal_rcc_ex.c ****       return HAL_TIMEOUT;
2919:board/stm32f401rct6/Drivers/STM32F4xx_HAL_Driver/Src/stm32f4xx_hal_rcc_ex.c ****     }
2920:board/stm32f401rct6/Drivers/STM32F4xx_HAL_Driver/Src/stm32f4xx_hal_rcc_ex.c ****   }
2921:board/stm32f401rct6/Drivers/STM32F4xx_HAL_Driver/Src/stm32f4xx_hal_rcc_ex.c **** 
2922:board/stm32f401rct6/Drivers/STM32F4xx_HAL_Driver/Src/stm32f4xx_hal_rcc_ex.c ****   return HAL_OK;
2923:board/stm32f401rct6/Drivers/STM32F4xx_HAL_Driver/Src/stm32f4xx_hal_rcc_ex.c **** }
 593              		.loc 1 2923 1 view .LVU190
 594 0026 38BD     		pop	{r3, r4, r5, pc}
 595              	.LVL50:
 596              	.L54:
2905:board/stm32f401rct6/Drivers/STM32F4xx_HAL_Driver/Src/stm32f4xx_hal_rcc_ex.c **** #endif /* STM32F446xx */
 597              		.loc 1 2905 3 is_stmt 1 view .LVU191
 598 0028 2A68     		ldr	r2, [r5]
 599 002a 6B68     		ldr	r3, [r5, #4]
 600 002c 1B07     		lsls	r3, r3, #28
 601 002e 43EA8213 		orr	r3, r3, r2, lsl #6
 602 0032 0C4A     		ldr	r2, .L56+4
 603 0034 C2F88430 		str	r3, [r2, #132]
2909:board/stm32f401rct6/Drivers/STM32F4xx_HAL_Driver/Src/stm32f4xx_hal_rcc_ex.c **** 
 604              		.loc 1 2909 3 view .LVU192
 605 0038 094B     		ldr	r3, .L56
 606 003a 0122     		movs	r2, #1
 607 003c 9A66     		str	r2, [r3, #104]
2912:board/stm32f401rct6/Drivers/STM32F4xx_HAL_Driver/Src/stm32f4xx_hal_rcc_ex.c ****   while (__HAL_RCC_GET_FLAG(RCC_FLAG_PLLI2SRDY) == RESET)
 608              		.loc 1 2912 3 view .LVU193
2912:board/stm32f401rct6/Drivers/STM32F4xx_HAL_Driver/Src/stm32f4xx_hal_rcc_ex.c ****   while (__HAL_RCC_GET_FLAG(RCC_FLAG_PLLI2SRDY) == RESET)
 609              		.loc 1 2912 15 is_stmt 0 view .LVU194
 610 003e FFF7FEFF 		bl	HAL_GetTick
 611              	.LVL51:
 612 0042 0446     		mov	r4, r0
 613              	.LVL52:
2913:board/stm32f401rct6/Drivers/STM32F4xx_HAL_Driver/Src/stm32f4xx_hal_rcc_ex.c ****   {
 614              		.loc 1 2913 3 is_stmt 1 view .LVU195
 615              	.L49:
2913:board/stm32f401rct6/Drivers/STM32F4xx_HAL_Driver/Src/stm32f4xx_hal_rcc_ex.c ****   {
 616              		.loc 1 2913 9 view .LVU196
2913:board/stm32f401rct6/Drivers/STM32F4xx_HAL_Driver/Src/stm32f4xx_hal_rcc_ex.c ****   {
 617              		.loc 1 2913 10 is_stmt 0 view .LVU197
 618 0044 074B     		ldr	r3, .L56+4
 619 0046 1B68     		ldr	r3, [r3]
2913:board/stm32f401rct6/Drivers/STM32F4xx_HAL_Driver/Src/stm32f4xx_hal_rcc_ex.c ****   {
 620              		.loc 1 2913 9 view .LVU198
 621 0048 13F0006F 		tst	r3, #134217728
 622 004c 06D1     		bne	.L55
2915:board/stm32f401rct6/Drivers/STM32F4xx_HAL_Driver/Src/stm32f4xx_hal_rcc_ex.c ****     {
 623              		.loc 1 2915 5 is_stmt 1 view .LVU199
2915:board/stm32f401rct6/Drivers/STM32F4xx_HAL_Driver/Src/stm32f4xx_hal_rcc_ex.c ****     {
 624              		.loc 1 2915 10 is_stmt 0 view .LVU200
 625 004e FFF7FEFF 		bl	HAL_GetTick
 626              	.LVL53:
2915:board/stm32f401rct6/Drivers/STM32F4xx_HAL_Driver/Src/stm32f4xx_hal_rcc_ex.c ****     {
 627              		.loc 1 2915 24 view .LVU201
 628 0052 001B     		subs	r0, r0, r4
2915:board/stm32f401rct6/Drivers/STM32F4xx_HAL_Driver/Src/stm32f4xx_hal_rcc_ex.c ****     {
ARM GAS  C:\Users\Admin\AppData\Local\Temp\ccCVg1CA.s 			page 65


 629              		.loc 1 2915 8 view .LVU202
 630 0054 0228     		cmp	r0, #2
 631 0056 F5D9     		bls	.L49
2918:board/stm32f401rct6/Drivers/STM32F4xx_HAL_Driver/Src/stm32f4xx_hal_rcc_ex.c ****     }
 632              		.loc 1 2918 14 view .LVU203
 633 0058 0320     		movs	r0, #3
 634 005a E4E7     		b	.L47
 635              	.L55:
2922:board/stm32f401rct6/Drivers/STM32F4xx_HAL_Driver/Src/stm32f4xx_hal_rcc_ex.c **** }
 636              		.loc 1 2922 10 view .LVU204
 637 005c 0020     		movs	r0, #0
 638 005e E2E7     		b	.L47
 639              	.L57:
 640              		.align	2
 641              	.L56:
 642 0060 00004742 		.word	1111949312
 643 0064 00380240 		.word	1073887232
 644              		.cfi_endproc
 645              	.LFE223:
 647              		.section	.text.HAL_RCCEx_DisablePLLI2S,"ax",%progbits
 648              		.align	1
 649              		.global	HAL_RCCEx_DisablePLLI2S
 650              		.syntax unified
 651              		.thumb
 652              		.thumb_func
 654              	HAL_RCCEx_DisablePLLI2S:
 655              	.LFB224:
2924:board/stm32f401rct6/Drivers/STM32F4xx_HAL_Driver/Src/stm32f4xx_hal_rcc_ex.c **** 
2925:board/stm32f401rct6/Drivers/STM32F4xx_HAL_Driver/Src/stm32f4xx_hal_rcc_ex.c **** /**
2926:board/stm32f401rct6/Drivers/STM32F4xx_HAL_Driver/Src/stm32f4xx_hal_rcc_ex.c ****   * @brief  Disable PLLI2S.
2927:board/stm32f401rct6/Drivers/STM32F4xx_HAL_Driver/Src/stm32f4xx_hal_rcc_ex.c ****   * @retval HAL status
2928:board/stm32f401rct6/Drivers/STM32F4xx_HAL_Driver/Src/stm32f4xx_hal_rcc_ex.c ****   */
2929:board/stm32f401rct6/Drivers/STM32F4xx_HAL_Driver/Src/stm32f4xx_hal_rcc_ex.c **** HAL_StatusTypeDef HAL_RCCEx_DisablePLLI2S(void)
2930:board/stm32f401rct6/Drivers/STM32F4xx_HAL_Driver/Src/stm32f4xx_hal_rcc_ex.c **** {
 656              		.loc 1 2930 1 is_stmt 1 view -0
 657              		.cfi_startproc
 658              		@ args = 0, pretend = 0, frame = 0
 659              		@ frame_needed = 0, uses_anonymous_args = 0
 660 0000 10B5     		push	{r4, lr}
 661              	.LCFI4:
 662              		.cfi_def_cfa_offset 8
 663              		.cfi_offset 4, -8
 664              		.cfi_offset 14, -4
2931:board/stm32f401rct6/Drivers/STM32F4xx_HAL_Driver/Src/stm32f4xx_hal_rcc_ex.c ****   uint32_t tickstart;
 665              		.loc 1 2931 3 view .LVU206
2932:board/stm32f401rct6/Drivers/STM32F4xx_HAL_Driver/Src/stm32f4xx_hal_rcc_ex.c **** 
2933:board/stm32f401rct6/Drivers/STM32F4xx_HAL_Driver/Src/stm32f4xx_hal_rcc_ex.c ****   /* Disable the PLLI2S */
2934:board/stm32f401rct6/Drivers/STM32F4xx_HAL_Driver/Src/stm32f4xx_hal_rcc_ex.c ****   __HAL_RCC_PLLI2S_DISABLE();
 666              		.loc 1 2934 3 view .LVU207
 667 0002 0A4B     		ldr	r3, .L65
 668 0004 0022     		movs	r2, #0
 669 0006 9A66     		str	r2, [r3, #104]
2935:board/stm32f401rct6/Drivers/STM32F4xx_HAL_Driver/Src/stm32f4xx_hal_rcc_ex.c **** 
2936:board/stm32f401rct6/Drivers/STM32F4xx_HAL_Driver/Src/stm32f4xx_hal_rcc_ex.c ****   /* Wait till PLLI2S is disabled */
2937:board/stm32f401rct6/Drivers/STM32F4xx_HAL_Driver/Src/stm32f4xx_hal_rcc_ex.c ****   tickstart = HAL_GetTick();
 670              		.loc 1 2937 3 view .LVU208
 671              		.loc 1 2937 15 is_stmt 0 view .LVU209
ARM GAS  C:\Users\Admin\AppData\Local\Temp\ccCVg1CA.s 			page 66


 672 0008 FFF7FEFF 		bl	HAL_GetTick
 673              	.LVL54:
 674 000c 0446     		mov	r4, r0
 675              	.LVL55:
2938:board/stm32f401rct6/Drivers/STM32F4xx_HAL_Driver/Src/stm32f4xx_hal_rcc_ex.c ****   while (READ_BIT(RCC->CR, RCC_CR_PLLI2SRDY) != RESET)
 676              		.loc 1 2938 3 is_stmt 1 view .LVU210
 677              	.L59:
 678              		.loc 1 2938 9 view .LVU211
 679              		.loc 1 2938 10 is_stmt 0 view .LVU212
 680 000e 084B     		ldr	r3, .L65+4
 681 0010 1B68     		ldr	r3, [r3]
 682              		.loc 1 2938 9 view .LVU213
 683 0012 13F0006F 		tst	r3, #134217728
 684 0016 06D0     		beq	.L64
2939:board/stm32f401rct6/Drivers/STM32F4xx_HAL_Driver/Src/stm32f4xx_hal_rcc_ex.c ****   {
2940:board/stm32f401rct6/Drivers/STM32F4xx_HAL_Driver/Src/stm32f4xx_hal_rcc_ex.c ****     if ((HAL_GetTick() - tickstart) > PLLI2S_TIMEOUT_VALUE)
 685              		.loc 1 2940 5 is_stmt 1 view .LVU214
 686              		.loc 1 2940 10 is_stmt 0 view .LVU215
 687 0018 FFF7FEFF 		bl	HAL_GetTick
 688              	.LVL56:
 689              		.loc 1 2940 24 view .LVU216
 690 001c 001B     		subs	r0, r0, r4
 691              		.loc 1 2940 8 view .LVU217
 692 001e 0228     		cmp	r0, #2
 693 0020 F5D9     		bls	.L59
2941:board/stm32f401rct6/Drivers/STM32F4xx_HAL_Driver/Src/stm32f4xx_hal_rcc_ex.c ****     {
2942:board/stm32f401rct6/Drivers/STM32F4xx_HAL_Driver/Src/stm32f4xx_hal_rcc_ex.c ****       /* return in case of Timeout detected */
2943:board/stm32f401rct6/Drivers/STM32F4xx_HAL_Driver/Src/stm32f4xx_hal_rcc_ex.c ****       return HAL_TIMEOUT;
 694              		.loc 1 2943 14 view .LVU218
 695 0022 0320     		movs	r0, #3
 696 0024 00E0     		b	.L60
 697              	.L64:
2944:board/stm32f401rct6/Drivers/STM32F4xx_HAL_Driver/Src/stm32f4xx_hal_rcc_ex.c ****     }
2945:board/stm32f401rct6/Drivers/STM32F4xx_HAL_Driver/Src/stm32f4xx_hal_rcc_ex.c ****   }
2946:board/stm32f401rct6/Drivers/STM32F4xx_HAL_Driver/Src/stm32f4xx_hal_rcc_ex.c **** 
2947:board/stm32f401rct6/Drivers/STM32F4xx_HAL_Driver/Src/stm32f4xx_hal_rcc_ex.c ****   return HAL_OK;
 698              		.loc 1 2947 10 view .LVU219
 699 0026 0020     		movs	r0, #0
 700              	.L60:
2948:board/stm32f401rct6/Drivers/STM32F4xx_HAL_Driver/Src/stm32f4xx_hal_rcc_ex.c **** }
 701              		.loc 1 2948 1 view .LVU220
 702 0028 10BD     		pop	{r4, pc}
 703              	.LVL57:
 704              	.L66:
 705              		.loc 1 2948 1 view .LVU221
 706 002a 00BF     		.align	2
 707              	.L65:
 708 002c 00004742 		.word	1111949312
 709 0030 00380240 		.word	1073887232
 710              		.cfi_endproc
 711              	.LFE224:
 713              		.section	.text.HAL_RCC_DeInit,"ax",%progbits
 714              		.align	1
 715              		.global	HAL_RCC_DeInit
 716              		.syntax unified
 717              		.thumb
 718              		.thumb_func
ARM GAS  C:\Users\Admin\AppData\Local\Temp\ccCVg1CA.s 			page 67


 720              	HAL_RCC_DeInit:
 721              	.LFB225:
2949:board/stm32f401rct6/Drivers/STM32F4xx_HAL_Driver/Src/stm32f4xx_hal_rcc_ex.c **** 
2950:board/stm32f401rct6/Drivers/STM32F4xx_HAL_Driver/Src/stm32f4xx_hal_rcc_ex.c **** #endif /* RCC_PLLI2S_SUPPORT */
2951:board/stm32f401rct6/Drivers/STM32F4xx_HAL_Driver/Src/stm32f4xx_hal_rcc_ex.c **** 
2952:board/stm32f401rct6/Drivers/STM32F4xx_HAL_Driver/Src/stm32f4xx_hal_rcc_ex.c **** #if defined(RCC_PLLSAI_SUPPORT)
2953:board/stm32f401rct6/Drivers/STM32F4xx_HAL_Driver/Src/stm32f4xx_hal_rcc_ex.c **** /**
2954:board/stm32f401rct6/Drivers/STM32F4xx_HAL_Driver/Src/stm32f4xx_hal_rcc_ex.c ****   * @brief  Enable PLLSAI.
2955:board/stm32f401rct6/Drivers/STM32F4xx_HAL_Driver/Src/stm32f4xx_hal_rcc_ex.c ****   * @param  PLLSAIInit  pointer to an RCC_PLLSAIInitTypeDef structure that
2956:board/stm32f401rct6/Drivers/STM32F4xx_HAL_Driver/Src/stm32f4xx_hal_rcc_ex.c ****   *         contains the configuration information for the PLLSAI
2957:board/stm32f401rct6/Drivers/STM32F4xx_HAL_Driver/Src/stm32f4xx_hal_rcc_ex.c ****   * @retval HAL status
2958:board/stm32f401rct6/Drivers/STM32F4xx_HAL_Driver/Src/stm32f4xx_hal_rcc_ex.c ****   */
2959:board/stm32f401rct6/Drivers/STM32F4xx_HAL_Driver/Src/stm32f4xx_hal_rcc_ex.c **** HAL_StatusTypeDef HAL_RCCEx_EnablePLLSAI(RCC_PLLSAIInitTypeDef  *PLLSAIInit)
2960:board/stm32f401rct6/Drivers/STM32F4xx_HAL_Driver/Src/stm32f4xx_hal_rcc_ex.c **** {
2961:board/stm32f401rct6/Drivers/STM32F4xx_HAL_Driver/Src/stm32f4xx_hal_rcc_ex.c ****   uint32_t tickstart;
2962:board/stm32f401rct6/Drivers/STM32F4xx_HAL_Driver/Src/stm32f4xx_hal_rcc_ex.c **** 
2963:board/stm32f401rct6/Drivers/STM32F4xx_HAL_Driver/Src/stm32f4xx_hal_rcc_ex.c ****   /* Check for parameters */
2964:board/stm32f401rct6/Drivers/STM32F4xx_HAL_Driver/Src/stm32f4xx_hal_rcc_ex.c ****   assert_param(IS_RCC_PLLSAIN_VALUE(PLLSAIInit->PLLSAIN));
2965:board/stm32f401rct6/Drivers/STM32F4xx_HAL_Driver/Src/stm32f4xx_hal_rcc_ex.c ****   assert_param(IS_RCC_PLLSAIQ_VALUE(PLLSAIInit->PLLSAIQ));
2966:board/stm32f401rct6/Drivers/STM32F4xx_HAL_Driver/Src/stm32f4xx_hal_rcc_ex.c **** #if defined(RCC_PLLSAICFGR_PLLSAIM)
2967:board/stm32f401rct6/Drivers/STM32F4xx_HAL_Driver/Src/stm32f4xx_hal_rcc_ex.c ****   assert_param(IS_RCC_PLLSAIM_VALUE(PLLSAIInit->PLLSAIM));
2968:board/stm32f401rct6/Drivers/STM32F4xx_HAL_Driver/Src/stm32f4xx_hal_rcc_ex.c **** #endif /* RCC_PLLSAICFGR_PLLSAIM */
2969:board/stm32f401rct6/Drivers/STM32F4xx_HAL_Driver/Src/stm32f4xx_hal_rcc_ex.c **** #if defined(RCC_PLLSAICFGR_PLLSAIP)
2970:board/stm32f401rct6/Drivers/STM32F4xx_HAL_Driver/Src/stm32f4xx_hal_rcc_ex.c ****   assert_param(IS_RCC_PLLSAIP_VALUE(PLLSAIInit->PLLSAIP));
2971:board/stm32f401rct6/Drivers/STM32F4xx_HAL_Driver/Src/stm32f4xx_hal_rcc_ex.c **** #endif /* RCC_PLLSAICFGR_PLLSAIP */
2972:board/stm32f401rct6/Drivers/STM32F4xx_HAL_Driver/Src/stm32f4xx_hal_rcc_ex.c **** #if defined(RCC_PLLSAICFGR_PLLSAIR)
2973:board/stm32f401rct6/Drivers/STM32F4xx_HAL_Driver/Src/stm32f4xx_hal_rcc_ex.c ****   assert_param(IS_RCC_PLLSAIR_VALUE(PLLSAIInit->PLLSAIR));
2974:board/stm32f401rct6/Drivers/STM32F4xx_HAL_Driver/Src/stm32f4xx_hal_rcc_ex.c **** #endif /* RCC_PLLSAICFGR_PLLSAIR */
2975:board/stm32f401rct6/Drivers/STM32F4xx_HAL_Driver/Src/stm32f4xx_hal_rcc_ex.c **** 
2976:board/stm32f401rct6/Drivers/STM32F4xx_HAL_Driver/Src/stm32f4xx_hal_rcc_ex.c ****   /* Disable the PLLSAI */
2977:board/stm32f401rct6/Drivers/STM32F4xx_HAL_Driver/Src/stm32f4xx_hal_rcc_ex.c ****   __HAL_RCC_PLLSAI_DISABLE();
2978:board/stm32f401rct6/Drivers/STM32F4xx_HAL_Driver/Src/stm32f4xx_hal_rcc_ex.c **** 
2979:board/stm32f401rct6/Drivers/STM32F4xx_HAL_Driver/Src/stm32f4xx_hal_rcc_ex.c ****   /* Wait till PLLSAI is disabled */
2980:board/stm32f401rct6/Drivers/STM32F4xx_HAL_Driver/Src/stm32f4xx_hal_rcc_ex.c ****   tickstart = HAL_GetTick();
2981:board/stm32f401rct6/Drivers/STM32F4xx_HAL_Driver/Src/stm32f4xx_hal_rcc_ex.c ****   while (__HAL_RCC_PLLSAI_GET_FLAG() != RESET)
2982:board/stm32f401rct6/Drivers/STM32F4xx_HAL_Driver/Src/stm32f4xx_hal_rcc_ex.c ****   {
2983:board/stm32f401rct6/Drivers/STM32F4xx_HAL_Driver/Src/stm32f4xx_hal_rcc_ex.c ****     if ((HAL_GetTick() - tickstart) > PLLSAI_TIMEOUT_VALUE)
2984:board/stm32f401rct6/Drivers/STM32F4xx_HAL_Driver/Src/stm32f4xx_hal_rcc_ex.c ****     {
2985:board/stm32f401rct6/Drivers/STM32F4xx_HAL_Driver/Src/stm32f4xx_hal_rcc_ex.c ****       /* return in case of Timeout detected */
2986:board/stm32f401rct6/Drivers/STM32F4xx_HAL_Driver/Src/stm32f4xx_hal_rcc_ex.c ****       return HAL_TIMEOUT;
2987:board/stm32f401rct6/Drivers/STM32F4xx_HAL_Driver/Src/stm32f4xx_hal_rcc_ex.c ****     }
2988:board/stm32f401rct6/Drivers/STM32F4xx_HAL_Driver/Src/stm32f4xx_hal_rcc_ex.c ****   }
2989:board/stm32f401rct6/Drivers/STM32F4xx_HAL_Driver/Src/stm32f4xx_hal_rcc_ex.c **** 
2990:board/stm32f401rct6/Drivers/STM32F4xx_HAL_Driver/Src/stm32f4xx_hal_rcc_ex.c ****   /* Configure the PLLSAI division factors */
2991:board/stm32f401rct6/Drivers/STM32F4xx_HAL_Driver/Src/stm32f4xx_hal_rcc_ex.c **** #if defined(STM32F446xx)
2992:board/stm32f401rct6/Drivers/STM32F4xx_HAL_Driver/Src/stm32f4xx_hal_rcc_ex.c ****   /* PLLSAI_VCO = f(VCO clock) = f(PLLSAI clock input) * (PLLSAIN/PLLSAIM) */
2993:board/stm32f401rct6/Drivers/STM32F4xx_HAL_Driver/Src/stm32f4xx_hal_rcc_ex.c ****   /* SAIPCLK = PLLSAI_VCO / PLLSAIP */
2994:board/stm32f401rct6/Drivers/STM32F4xx_HAL_Driver/Src/stm32f4xx_hal_rcc_ex.c ****   /* SAIQCLK = PLLSAI_VCO / PLLSAIQ */
2995:board/stm32f401rct6/Drivers/STM32F4xx_HAL_Driver/Src/stm32f4xx_hal_rcc_ex.c ****   /* SAIRCLK = PLLSAI_VCO / PLLSAIR */
2996:board/stm32f401rct6/Drivers/STM32F4xx_HAL_Driver/Src/stm32f4xx_hal_rcc_ex.c ****   __HAL_RCC_PLLSAI_CONFIG(PLLSAIInit->PLLSAIM, PLLSAIInit->PLLSAIN, \
2997:board/stm32f401rct6/Drivers/STM32F4xx_HAL_Driver/Src/stm32f4xx_hal_rcc_ex.c ****                           PLLSAIInit->PLLSAIP, PLLSAIInit->PLLSAIQ, 0U);
2998:board/stm32f401rct6/Drivers/STM32F4xx_HAL_Driver/Src/stm32f4xx_hal_rcc_ex.c **** #elif defined(STM32F469xx) || defined(STM32F479xx)
2999:board/stm32f401rct6/Drivers/STM32F4xx_HAL_Driver/Src/stm32f4xx_hal_rcc_ex.c ****   /* PLLSAI_VCO = f(VCO clock) = f(PLLSAI clock input) * PLLSAIN */
3000:board/stm32f401rct6/Drivers/STM32F4xx_HAL_Driver/Src/stm32f4xx_hal_rcc_ex.c ****   /* SAIPCLK = PLLSAI_VCO / PLLSAIP */
3001:board/stm32f401rct6/Drivers/STM32F4xx_HAL_Driver/Src/stm32f4xx_hal_rcc_ex.c ****   /* SAIQCLK = PLLSAI_VCO / PLLSAIQ */
3002:board/stm32f401rct6/Drivers/STM32F4xx_HAL_Driver/Src/stm32f4xx_hal_rcc_ex.c ****   /* SAIRCLK = PLLSAI_VCO / PLLSAIR */
3003:board/stm32f401rct6/Drivers/STM32F4xx_HAL_Driver/Src/stm32f4xx_hal_rcc_ex.c ****   __HAL_RCC_PLLSAI_CONFIG(PLLSAIInit->PLLSAIN, PLLSAIInit->PLLSAIP, \
ARM GAS  C:\Users\Admin\AppData\Local\Temp\ccCVg1CA.s 			page 68


3004:board/stm32f401rct6/Drivers/STM32F4xx_HAL_Driver/Src/stm32f4xx_hal_rcc_ex.c ****                           PLLSAIInit->PLLSAIQ, PLLSAIInit->PLLSAIR);
3005:board/stm32f401rct6/Drivers/STM32F4xx_HAL_Driver/Src/stm32f4xx_hal_rcc_ex.c **** #else
3006:board/stm32f401rct6/Drivers/STM32F4xx_HAL_Driver/Src/stm32f4xx_hal_rcc_ex.c ****   /* PLLSAI_VCO = f(VCO clock) = f(PLLSAI clock input) x PLLSAIN */
3007:board/stm32f401rct6/Drivers/STM32F4xx_HAL_Driver/Src/stm32f4xx_hal_rcc_ex.c ****   /* SAIQCLK = PLLSAI_VCO / PLLSAIQ */
3008:board/stm32f401rct6/Drivers/STM32F4xx_HAL_Driver/Src/stm32f4xx_hal_rcc_ex.c ****   /* SAIRCLK = PLLSAI_VCO / PLLSAIR */
3009:board/stm32f401rct6/Drivers/STM32F4xx_HAL_Driver/Src/stm32f4xx_hal_rcc_ex.c ****   __HAL_RCC_PLLSAI_CONFIG(PLLSAIInit->PLLSAIN, PLLSAIInit->PLLSAIQ, PLLSAIInit->PLLSAIR);
3010:board/stm32f401rct6/Drivers/STM32F4xx_HAL_Driver/Src/stm32f4xx_hal_rcc_ex.c **** #endif /* STM32F446xx */
3011:board/stm32f401rct6/Drivers/STM32F4xx_HAL_Driver/Src/stm32f4xx_hal_rcc_ex.c **** 
3012:board/stm32f401rct6/Drivers/STM32F4xx_HAL_Driver/Src/stm32f4xx_hal_rcc_ex.c ****   /* Enable the PLLSAI */
3013:board/stm32f401rct6/Drivers/STM32F4xx_HAL_Driver/Src/stm32f4xx_hal_rcc_ex.c ****   __HAL_RCC_PLLSAI_ENABLE();
3014:board/stm32f401rct6/Drivers/STM32F4xx_HAL_Driver/Src/stm32f4xx_hal_rcc_ex.c **** 
3015:board/stm32f401rct6/Drivers/STM32F4xx_HAL_Driver/Src/stm32f4xx_hal_rcc_ex.c ****   /* Wait till PLLSAI is ready */
3016:board/stm32f401rct6/Drivers/STM32F4xx_HAL_Driver/Src/stm32f4xx_hal_rcc_ex.c ****   tickstart = HAL_GetTick();
3017:board/stm32f401rct6/Drivers/STM32F4xx_HAL_Driver/Src/stm32f4xx_hal_rcc_ex.c ****   while (__HAL_RCC_PLLSAI_GET_FLAG() == RESET)
3018:board/stm32f401rct6/Drivers/STM32F4xx_HAL_Driver/Src/stm32f4xx_hal_rcc_ex.c ****   {
3019:board/stm32f401rct6/Drivers/STM32F4xx_HAL_Driver/Src/stm32f4xx_hal_rcc_ex.c ****     if ((HAL_GetTick() - tickstart) > PLLSAI_TIMEOUT_VALUE)
3020:board/stm32f401rct6/Drivers/STM32F4xx_HAL_Driver/Src/stm32f4xx_hal_rcc_ex.c ****     {
3021:board/stm32f401rct6/Drivers/STM32F4xx_HAL_Driver/Src/stm32f4xx_hal_rcc_ex.c ****       /* return in case of Timeout detected */
3022:board/stm32f401rct6/Drivers/STM32F4xx_HAL_Driver/Src/stm32f4xx_hal_rcc_ex.c ****       return HAL_TIMEOUT;
3023:board/stm32f401rct6/Drivers/STM32F4xx_HAL_Driver/Src/stm32f4xx_hal_rcc_ex.c ****     }
3024:board/stm32f401rct6/Drivers/STM32F4xx_HAL_Driver/Src/stm32f4xx_hal_rcc_ex.c ****   }
3025:board/stm32f401rct6/Drivers/STM32F4xx_HAL_Driver/Src/stm32f4xx_hal_rcc_ex.c **** 
3026:board/stm32f401rct6/Drivers/STM32F4xx_HAL_Driver/Src/stm32f4xx_hal_rcc_ex.c ****   return HAL_OK;
3027:board/stm32f401rct6/Drivers/STM32F4xx_HAL_Driver/Src/stm32f4xx_hal_rcc_ex.c **** }
3028:board/stm32f401rct6/Drivers/STM32F4xx_HAL_Driver/Src/stm32f4xx_hal_rcc_ex.c **** 
3029:board/stm32f401rct6/Drivers/STM32F4xx_HAL_Driver/Src/stm32f4xx_hal_rcc_ex.c **** /**
3030:board/stm32f401rct6/Drivers/STM32F4xx_HAL_Driver/Src/stm32f4xx_hal_rcc_ex.c ****   * @brief  Disable PLLSAI.
3031:board/stm32f401rct6/Drivers/STM32F4xx_HAL_Driver/Src/stm32f4xx_hal_rcc_ex.c ****   * @retval HAL status
3032:board/stm32f401rct6/Drivers/STM32F4xx_HAL_Driver/Src/stm32f4xx_hal_rcc_ex.c ****   */
3033:board/stm32f401rct6/Drivers/STM32F4xx_HAL_Driver/Src/stm32f4xx_hal_rcc_ex.c **** HAL_StatusTypeDef HAL_RCCEx_DisablePLLSAI(void)
3034:board/stm32f401rct6/Drivers/STM32F4xx_HAL_Driver/Src/stm32f4xx_hal_rcc_ex.c **** {
3035:board/stm32f401rct6/Drivers/STM32F4xx_HAL_Driver/Src/stm32f4xx_hal_rcc_ex.c ****   uint32_t tickstart;
3036:board/stm32f401rct6/Drivers/STM32F4xx_HAL_Driver/Src/stm32f4xx_hal_rcc_ex.c **** 
3037:board/stm32f401rct6/Drivers/STM32F4xx_HAL_Driver/Src/stm32f4xx_hal_rcc_ex.c ****   /* Disable the PLLSAI */
3038:board/stm32f401rct6/Drivers/STM32F4xx_HAL_Driver/Src/stm32f4xx_hal_rcc_ex.c ****   __HAL_RCC_PLLSAI_DISABLE();
3039:board/stm32f401rct6/Drivers/STM32F4xx_HAL_Driver/Src/stm32f4xx_hal_rcc_ex.c **** 
3040:board/stm32f401rct6/Drivers/STM32F4xx_HAL_Driver/Src/stm32f4xx_hal_rcc_ex.c ****   /* Wait till PLLSAI is disabled */
3041:board/stm32f401rct6/Drivers/STM32F4xx_HAL_Driver/Src/stm32f4xx_hal_rcc_ex.c ****   tickstart = HAL_GetTick();
3042:board/stm32f401rct6/Drivers/STM32F4xx_HAL_Driver/Src/stm32f4xx_hal_rcc_ex.c ****   while (__HAL_RCC_PLLSAI_GET_FLAG() != RESET)
3043:board/stm32f401rct6/Drivers/STM32F4xx_HAL_Driver/Src/stm32f4xx_hal_rcc_ex.c ****   {
3044:board/stm32f401rct6/Drivers/STM32F4xx_HAL_Driver/Src/stm32f4xx_hal_rcc_ex.c ****     if ((HAL_GetTick() - tickstart) > PLLSAI_TIMEOUT_VALUE)
3045:board/stm32f401rct6/Drivers/STM32F4xx_HAL_Driver/Src/stm32f4xx_hal_rcc_ex.c ****     {
3046:board/stm32f401rct6/Drivers/STM32F4xx_HAL_Driver/Src/stm32f4xx_hal_rcc_ex.c ****       /* return in case of Timeout detected */
3047:board/stm32f401rct6/Drivers/STM32F4xx_HAL_Driver/Src/stm32f4xx_hal_rcc_ex.c ****       return HAL_TIMEOUT;
3048:board/stm32f401rct6/Drivers/STM32F4xx_HAL_Driver/Src/stm32f4xx_hal_rcc_ex.c ****     }
3049:board/stm32f401rct6/Drivers/STM32F4xx_HAL_Driver/Src/stm32f4xx_hal_rcc_ex.c ****   }
3050:board/stm32f401rct6/Drivers/STM32F4xx_HAL_Driver/Src/stm32f4xx_hal_rcc_ex.c **** 
3051:board/stm32f401rct6/Drivers/STM32F4xx_HAL_Driver/Src/stm32f4xx_hal_rcc_ex.c ****   return HAL_OK;
3052:board/stm32f401rct6/Drivers/STM32F4xx_HAL_Driver/Src/stm32f4xx_hal_rcc_ex.c **** }
3053:board/stm32f401rct6/Drivers/STM32F4xx_HAL_Driver/Src/stm32f4xx_hal_rcc_ex.c **** 
3054:board/stm32f401rct6/Drivers/STM32F4xx_HAL_Driver/Src/stm32f4xx_hal_rcc_ex.c **** #endif /* RCC_PLLSAI_SUPPORT */
3055:board/stm32f401rct6/Drivers/STM32F4xx_HAL_Driver/Src/stm32f4xx_hal_rcc_ex.c **** 
3056:board/stm32f401rct6/Drivers/STM32F4xx_HAL_Driver/Src/stm32f4xx_hal_rcc_ex.c **** /**
3057:board/stm32f401rct6/Drivers/STM32F4xx_HAL_Driver/Src/stm32f4xx_hal_rcc_ex.c ****   * @}
3058:board/stm32f401rct6/Drivers/STM32F4xx_HAL_Driver/Src/stm32f4xx_hal_rcc_ex.c ****   */
3059:board/stm32f401rct6/Drivers/STM32F4xx_HAL_Driver/Src/stm32f4xx_hal_rcc_ex.c **** 
3060:board/stm32f401rct6/Drivers/STM32F4xx_HAL_Driver/Src/stm32f4xx_hal_rcc_ex.c **** #if defined(STM32F446xx)
ARM GAS  C:\Users\Admin\AppData\Local\Temp\ccCVg1CA.s 			page 69


3061:board/stm32f401rct6/Drivers/STM32F4xx_HAL_Driver/Src/stm32f4xx_hal_rcc_ex.c **** /**
3062:board/stm32f401rct6/Drivers/STM32F4xx_HAL_Driver/Src/stm32f4xx_hal_rcc_ex.c ****   * @brief  Returns the SYSCLK frequency
3063:board/stm32f401rct6/Drivers/STM32F4xx_HAL_Driver/Src/stm32f4xx_hal_rcc_ex.c ****   *
3064:board/stm32f401rct6/Drivers/STM32F4xx_HAL_Driver/Src/stm32f4xx_hal_rcc_ex.c ****   * @note   This function implementation is valid only for STM32F446xx devices.
3065:board/stm32f401rct6/Drivers/STM32F4xx_HAL_Driver/Src/stm32f4xx_hal_rcc_ex.c ****   * @note   This function add the PLL/PLLR System clock source
3066:board/stm32f401rct6/Drivers/STM32F4xx_HAL_Driver/Src/stm32f4xx_hal_rcc_ex.c ****   *
3067:board/stm32f401rct6/Drivers/STM32F4xx_HAL_Driver/Src/stm32f4xx_hal_rcc_ex.c ****   * @note   The system frequency computed by this function is not the real
3068:board/stm32f401rct6/Drivers/STM32F4xx_HAL_Driver/Src/stm32f4xx_hal_rcc_ex.c ****   *         frequency in the chip. It is calculated based on the predefined
3069:board/stm32f401rct6/Drivers/STM32F4xx_HAL_Driver/Src/stm32f4xx_hal_rcc_ex.c ****   *         constant and the selected clock source:
3070:board/stm32f401rct6/Drivers/STM32F4xx_HAL_Driver/Src/stm32f4xx_hal_rcc_ex.c ****   * @note     If SYSCLK source is HSI, function returns values based on HSI_VALUE(*)
3071:board/stm32f401rct6/Drivers/STM32F4xx_HAL_Driver/Src/stm32f4xx_hal_rcc_ex.c ****   * @note     If SYSCLK source is HSE, function returns values based on HSE_VALUE(**)
3072:board/stm32f401rct6/Drivers/STM32F4xx_HAL_Driver/Src/stm32f4xx_hal_rcc_ex.c ****   * @note     If SYSCLK source is PLL or PLLR, function returns values based on HSE_VALUE(**)
3073:board/stm32f401rct6/Drivers/STM32F4xx_HAL_Driver/Src/stm32f4xx_hal_rcc_ex.c ****   *           or HSI_VALUE(*) multiplied/divided by the PLL factors.
3074:board/stm32f401rct6/Drivers/STM32F4xx_HAL_Driver/Src/stm32f4xx_hal_rcc_ex.c ****   * @note     (*) HSI_VALUE is a constant defined in stm32f4xx_hal_conf.h file (default value
3075:board/stm32f401rct6/Drivers/STM32F4xx_HAL_Driver/Src/stm32f4xx_hal_rcc_ex.c ****   *               16 MHz) but the real value may vary depending on the variations
3076:board/stm32f401rct6/Drivers/STM32F4xx_HAL_Driver/Src/stm32f4xx_hal_rcc_ex.c ****   *               in voltage and temperature.
3077:board/stm32f401rct6/Drivers/STM32F4xx_HAL_Driver/Src/stm32f4xx_hal_rcc_ex.c ****   * @note     (**) HSE_VALUE is a constant defined in stm32f4xx_hal_conf.h file (default value
3078:board/stm32f401rct6/Drivers/STM32F4xx_HAL_Driver/Src/stm32f4xx_hal_rcc_ex.c ****   *                25 MHz), user has to ensure that HSE_VALUE is same as the real
3079:board/stm32f401rct6/Drivers/STM32F4xx_HAL_Driver/Src/stm32f4xx_hal_rcc_ex.c ****   *                frequency of the crystal used. Otherwise, this function may
3080:board/stm32f401rct6/Drivers/STM32F4xx_HAL_Driver/Src/stm32f4xx_hal_rcc_ex.c ****   *                have wrong result.
3081:board/stm32f401rct6/Drivers/STM32F4xx_HAL_Driver/Src/stm32f4xx_hal_rcc_ex.c ****   *
3082:board/stm32f401rct6/Drivers/STM32F4xx_HAL_Driver/Src/stm32f4xx_hal_rcc_ex.c ****   * @note   The result of this function could be not correct when using fractional
3083:board/stm32f401rct6/Drivers/STM32F4xx_HAL_Driver/Src/stm32f4xx_hal_rcc_ex.c ****   *         value for HSE crystal.
3084:board/stm32f401rct6/Drivers/STM32F4xx_HAL_Driver/Src/stm32f4xx_hal_rcc_ex.c ****   *
3085:board/stm32f401rct6/Drivers/STM32F4xx_HAL_Driver/Src/stm32f4xx_hal_rcc_ex.c ****   * @note   This function can be used by the user application to compute the
3086:board/stm32f401rct6/Drivers/STM32F4xx_HAL_Driver/Src/stm32f4xx_hal_rcc_ex.c ****   *         baudrate for the communication peripherals or configure other parameters.
3087:board/stm32f401rct6/Drivers/STM32F4xx_HAL_Driver/Src/stm32f4xx_hal_rcc_ex.c ****   *
3088:board/stm32f401rct6/Drivers/STM32F4xx_HAL_Driver/Src/stm32f4xx_hal_rcc_ex.c ****   * @note   Each time SYSCLK changes, this function must be called to update the
3089:board/stm32f401rct6/Drivers/STM32F4xx_HAL_Driver/Src/stm32f4xx_hal_rcc_ex.c ****   *         right SYSCLK value. Otherwise, any configuration based on this function will be incorre
3090:board/stm32f401rct6/Drivers/STM32F4xx_HAL_Driver/Src/stm32f4xx_hal_rcc_ex.c ****   *
3091:board/stm32f401rct6/Drivers/STM32F4xx_HAL_Driver/Src/stm32f4xx_hal_rcc_ex.c ****   *
3092:board/stm32f401rct6/Drivers/STM32F4xx_HAL_Driver/Src/stm32f4xx_hal_rcc_ex.c ****   * @retval SYSCLK frequency
3093:board/stm32f401rct6/Drivers/STM32F4xx_HAL_Driver/Src/stm32f4xx_hal_rcc_ex.c ****   */
3094:board/stm32f401rct6/Drivers/STM32F4xx_HAL_Driver/Src/stm32f4xx_hal_rcc_ex.c **** uint32_t HAL_RCC_GetSysClockFreq(void)
3095:board/stm32f401rct6/Drivers/STM32F4xx_HAL_Driver/Src/stm32f4xx_hal_rcc_ex.c **** {
3096:board/stm32f401rct6/Drivers/STM32F4xx_HAL_Driver/Src/stm32f4xx_hal_rcc_ex.c ****   uint32_t pllm = 0U;
3097:board/stm32f401rct6/Drivers/STM32F4xx_HAL_Driver/Src/stm32f4xx_hal_rcc_ex.c ****   uint32_t pllvco = 0U;
3098:board/stm32f401rct6/Drivers/STM32F4xx_HAL_Driver/Src/stm32f4xx_hal_rcc_ex.c ****   uint32_t pllp = 0U;
3099:board/stm32f401rct6/Drivers/STM32F4xx_HAL_Driver/Src/stm32f4xx_hal_rcc_ex.c ****   uint32_t pllr = 0U;
3100:board/stm32f401rct6/Drivers/STM32F4xx_HAL_Driver/Src/stm32f4xx_hal_rcc_ex.c ****   uint32_t sysclockfreq = 0U;
3101:board/stm32f401rct6/Drivers/STM32F4xx_HAL_Driver/Src/stm32f4xx_hal_rcc_ex.c **** 
3102:board/stm32f401rct6/Drivers/STM32F4xx_HAL_Driver/Src/stm32f4xx_hal_rcc_ex.c ****   /* Get SYSCLK source -------------------------------------------------------*/
3103:board/stm32f401rct6/Drivers/STM32F4xx_HAL_Driver/Src/stm32f4xx_hal_rcc_ex.c ****   switch (RCC->CFGR & RCC_CFGR_SWS)
3104:board/stm32f401rct6/Drivers/STM32F4xx_HAL_Driver/Src/stm32f4xx_hal_rcc_ex.c ****   {
3105:board/stm32f401rct6/Drivers/STM32F4xx_HAL_Driver/Src/stm32f4xx_hal_rcc_ex.c ****     case RCC_CFGR_SWS_HSI:  /* HSI used as system clock source */
3106:board/stm32f401rct6/Drivers/STM32F4xx_HAL_Driver/Src/stm32f4xx_hal_rcc_ex.c ****     {
3107:board/stm32f401rct6/Drivers/STM32F4xx_HAL_Driver/Src/stm32f4xx_hal_rcc_ex.c ****       sysclockfreq = HSI_VALUE;
3108:board/stm32f401rct6/Drivers/STM32F4xx_HAL_Driver/Src/stm32f4xx_hal_rcc_ex.c ****       break;
3109:board/stm32f401rct6/Drivers/STM32F4xx_HAL_Driver/Src/stm32f4xx_hal_rcc_ex.c ****     }
3110:board/stm32f401rct6/Drivers/STM32F4xx_HAL_Driver/Src/stm32f4xx_hal_rcc_ex.c ****     case RCC_CFGR_SWS_HSE:  /* HSE used as system clock  source */
3111:board/stm32f401rct6/Drivers/STM32F4xx_HAL_Driver/Src/stm32f4xx_hal_rcc_ex.c ****     {
3112:board/stm32f401rct6/Drivers/STM32F4xx_HAL_Driver/Src/stm32f4xx_hal_rcc_ex.c ****       sysclockfreq = HSE_VALUE;
3113:board/stm32f401rct6/Drivers/STM32F4xx_HAL_Driver/Src/stm32f4xx_hal_rcc_ex.c ****       break;
3114:board/stm32f401rct6/Drivers/STM32F4xx_HAL_Driver/Src/stm32f4xx_hal_rcc_ex.c ****     }
3115:board/stm32f401rct6/Drivers/STM32F4xx_HAL_Driver/Src/stm32f4xx_hal_rcc_ex.c ****     case RCC_CFGR_SWS_PLL:  /* PLL/PLLP used as system clock  source */
3116:board/stm32f401rct6/Drivers/STM32F4xx_HAL_Driver/Src/stm32f4xx_hal_rcc_ex.c ****     {
3117:board/stm32f401rct6/Drivers/STM32F4xx_HAL_Driver/Src/stm32f4xx_hal_rcc_ex.c ****       /* PLL_VCO = (HSE_VALUE or HSI_VALUE / PLLM) * PLLN
ARM GAS  C:\Users\Admin\AppData\Local\Temp\ccCVg1CA.s 			page 70


3118:board/stm32f401rct6/Drivers/STM32F4xx_HAL_Driver/Src/stm32f4xx_hal_rcc_ex.c ****       SYSCLK = PLL_VCO / PLLP */
3119:board/stm32f401rct6/Drivers/STM32F4xx_HAL_Driver/Src/stm32f4xx_hal_rcc_ex.c ****       pllm = RCC->PLLCFGR & RCC_PLLCFGR_PLLM;
3120:board/stm32f401rct6/Drivers/STM32F4xx_HAL_Driver/Src/stm32f4xx_hal_rcc_ex.c ****       if (__HAL_RCC_GET_PLL_OSCSOURCE() != RCC_PLLSOURCE_HSI)
3121:board/stm32f401rct6/Drivers/STM32F4xx_HAL_Driver/Src/stm32f4xx_hal_rcc_ex.c ****       {
3122:board/stm32f401rct6/Drivers/STM32F4xx_HAL_Driver/Src/stm32f4xx_hal_rcc_ex.c ****         /* HSE used as PLL clock source */
3123:board/stm32f401rct6/Drivers/STM32F4xx_HAL_Driver/Src/stm32f4xx_hal_rcc_ex.c ****         pllvco = (uint32_t)((((uint64_t) HSE_VALUE * ((uint64_t)((RCC->PLLCFGR & RCC_PLLCFGR_PLLN) 
3124:board/stm32f401rct6/Drivers/STM32F4xx_HAL_Driver/Src/stm32f4xx_hal_rcc_ex.c ****       }
3125:board/stm32f401rct6/Drivers/STM32F4xx_HAL_Driver/Src/stm32f4xx_hal_rcc_ex.c ****       else
3126:board/stm32f401rct6/Drivers/STM32F4xx_HAL_Driver/Src/stm32f4xx_hal_rcc_ex.c ****       {
3127:board/stm32f401rct6/Drivers/STM32F4xx_HAL_Driver/Src/stm32f4xx_hal_rcc_ex.c ****         /* HSI used as PLL clock source */
3128:board/stm32f401rct6/Drivers/STM32F4xx_HAL_Driver/Src/stm32f4xx_hal_rcc_ex.c ****         pllvco = (uint32_t)((((uint64_t) HSI_VALUE * ((uint64_t)((RCC->PLLCFGR & RCC_PLLCFGR_PLLN) 
3129:board/stm32f401rct6/Drivers/STM32F4xx_HAL_Driver/Src/stm32f4xx_hal_rcc_ex.c ****       }
3130:board/stm32f401rct6/Drivers/STM32F4xx_HAL_Driver/Src/stm32f4xx_hal_rcc_ex.c ****       pllp = ((((RCC->PLLCFGR & RCC_PLLCFGR_PLLP) >> RCC_PLLCFGR_PLLP_Pos) + 1U) * 2U);
3131:board/stm32f401rct6/Drivers/STM32F4xx_HAL_Driver/Src/stm32f4xx_hal_rcc_ex.c **** 
3132:board/stm32f401rct6/Drivers/STM32F4xx_HAL_Driver/Src/stm32f4xx_hal_rcc_ex.c ****       sysclockfreq = pllvco / pllp;
3133:board/stm32f401rct6/Drivers/STM32F4xx_HAL_Driver/Src/stm32f4xx_hal_rcc_ex.c ****       break;
3134:board/stm32f401rct6/Drivers/STM32F4xx_HAL_Driver/Src/stm32f4xx_hal_rcc_ex.c ****     }
3135:board/stm32f401rct6/Drivers/STM32F4xx_HAL_Driver/Src/stm32f4xx_hal_rcc_ex.c ****     case RCC_CFGR_SWS_PLLR:  /* PLL/PLLR used as system clock  source */
3136:board/stm32f401rct6/Drivers/STM32F4xx_HAL_Driver/Src/stm32f4xx_hal_rcc_ex.c ****     {
3137:board/stm32f401rct6/Drivers/STM32F4xx_HAL_Driver/Src/stm32f4xx_hal_rcc_ex.c ****       /* PLL_VCO = (HSE_VALUE or HSI_VALUE / PLLM) * PLLN
3138:board/stm32f401rct6/Drivers/STM32F4xx_HAL_Driver/Src/stm32f4xx_hal_rcc_ex.c ****       SYSCLK = PLL_VCO / PLLR */
3139:board/stm32f401rct6/Drivers/STM32F4xx_HAL_Driver/Src/stm32f4xx_hal_rcc_ex.c ****       pllm = RCC->PLLCFGR & RCC_PLLCFGR_PLLM;
3140:board/stm32f401rct6/Drivers/STM32F4xx_HAL_Driver/Src/stm32f4xx_hal_rcc_ex.c ****       if (__HAL_RCC_GET_PLL_OSCSOURCE() != RCC_PLLSOURCE_HSI)
3141:board/stm32f401rct6/Drivers/STM32F4xx_HAL_Driver/Src/stm32f4xx_hal_rcc_ex.c ****       {
3142:board/stm32f401rct6/Drivers/STM32F4xx_HAL_Driver/Src/stm32f4xx_hal_rcc_ex.c ****         /* HSE used as PLL clock source */
3143:board/stm32f401rct6/Drivers/STM32F4xx_HAL_Driver/Src/stm32f4xx_hal_rcc_ex.c ****         pllvco = (uint32_t)((((uint64_t) HSE_VALUE * ((uint64_t)((RCC->PLLCFGR & RCC_PLLCFGR_PLLN) 
3144:board/stm32f401rct6/Drivers/STM32F4xx_HAL_Driver/Src/stm32f4xx_hal_rcc_ex.c ****       }
3145:board/stm32f401rct6/Drivers/STM32F4xx_HAL_Driver/Src/stm32f4xx_hal_rcc_ex.c ****       else
3146:board/stm32f401rct6/Drivers/STM32F4xx_HAL_Driver/Src/stm32f4xx_hal_rcc_ex.c ****       {
3147:board/stm32f401rct6/Drivers/STM32F4xx_HAL_Driver/Src/stm32f4xx_hal_rcc_ex.c ****         /* HSI used as PLL clock source */
3148:board/stm32f401rct6/Drivers/STM32F4xx_HAL_Driver/Src/stm32f4xx_hal_rcc_ex.c ****         pllvco = (uint32_t)((((uint64_t) HSI_VALUE * ((uint64_t)((RCC->PLLCFGR & RCC_PLLCFGR_PLLN) 
3149:board/stm32f401rct6/Drivers/STM32F4xx_HAL_Driver/Src/stm32f4xx_hal_rcc_ex.c ****       }
3150:board/stm32f401rct6/Drivers/STM32F4xx_HAL_Driver/Src/stm32f4xx_hal_rcc_ex.c ****       pllr = ((RCC->PLLCFGR & RCC_PLLCFGR_PLLR) >> RCC_PLLCFGR_PLLR_Pos);
3151:board/stm32f401rct6/Drivers/STM32F4xx_HAL_Driver/Src/stm32f4xx_hal_rcc_ex.c **** 
3152:board/stm32f401rct6/Drivers/STM32F4xx_HAL_Driver/Src/stm32f4xx_hal_rcc_ex.c ****       sysclockfreq = pllvco / pllr;
3153:board/stm32f401rct6/Drivers/STM32F4xx_HAL_Driver/Src/stm32f4xx_hal_rcc_ex.c ****       break;
3154:board/stm32f401rct6/Drivers/STM32F4xx_HAL_Driver/Src/stm32f4xx_hal_rcc_ex.c ****     }
3155:board/stm32f401rct6/Drivers/STM32F4xx_HAL_Driver/Src/stm32f4xx_hal_rcc_ex.c ****     default:
3156:board/stm32f401rct6/Drivers/STM32F4xx_HAL_Driver/Src/stm32f4xx_hal_rcc_ex.c ****     {
3157:board/stm32f401rct6/Drivers/STM32F4xx_HAL_Driver/Src/stm32f4xx_hal_rcc_ex.c ****       sysclockfreq = HSI_VALUE;
3158:board/stm32f401rct6/Drivers/STM32F4xx_HAL_Driver/Src/stm32f4xx_hal_rcc_ex.c ****       break;
3159:board/stm32f401rct6/Drivers/STM32F4xx_HAL_Driver/Src/stm32f4xx_hal_rcc_ex.c ****     }
3160:board/stm32f401rct6/Drivers/STM32F4xx_HAL_Driver/Src/stm32f4xx_hal_rcc_ex.c ****   }
3161:board/stm32f401rct6/Drivers/STM32F4xx_HAL_Driver/Src/stm32f4xx_hal_rcc_ex.c ****   return sysclockfreq;
3162:board/stm32f401rct6/Drivers/STM32F4xx_HAL_Driver/Src/stm32f4xx_hal_rcc_ex.c **** }
3163:board/stm32f401rct6/Drivers/STM32F4xx_HAL_Driver/Src/stm32f4xx_hal_rcc_ex.c **** #endif /* STM32F446xx */
3164:board/stm32f401rct6/Drivers/STM32F4xx_HAL_Driver/Src/stm32f4xx_hal_rcc_ex.c **** 
3165:board/stm32f401rct6/Drivers/STM32F4xx_HAL_Driver/Src/stm32f4xx_hal_rcc_ex.c **** /**
3166:board/stm32f401rct6/Drivers/STM32F4xx_HAL_Driver/Src/stm32f4xx_hal_rcc_ex.c ****   * @}
3167:board/stm32f401rct6/Drivers/STM32F4xx_HAL_Driver/Src/stm32f4xx_hal_rcc_ex.c ****   */
3168:board/stm32f401rct6/Drivers/STM32F4xx_HAL_Driver/Src/stm32f4xx_hal_rcc_ex.c **** 
3169:board/stm32f401rct6/Drivers/STM32F4xx_HAL_Driver/Src/stm32f4xx_hal_rcc_ex.c **** /**
3170:board/stm32f401rct6/Drivers/STM32F4xx_HAL_Driver/Src/stm32f4xx_hal_rcc_ex.c ****   * @}
3171:board/stm32f401rct6/Drivers/STM32F4xx_HAL_Driver/Src/stm32f4xx_hal_rcc_ex.c ****   */
3172:board/stm32f401rct6/Drivers/STM32F4xx_HAL_Driver/Src/stm32f4xx_hal_rcc_ex.c **** 
3173:board/stm32f401rct6/Drivers/STM32F4xx_HAL_Driver/Src/stm32f4xx_hal_rcc_ex.c **** /**
3174:board/stm32f401rct6/Drivers/STM32F4xx_HAL_Driver/Src/stm32f4xx_hal_rcc_ex.c ****   * @brief  Resets the RCC clock configuration to the default reset state.
ARM GAS  C:\Users\Admin\AppData\Local\Temp\ccCVg1CA.s 			page 71


3175:board/stm32f401rct6/Drivers/STM32F4xx_HAL_Driver/Src/stm32f4xx_hal_rcc_ex.c ****   * @note   The default reset state of the clock configuration is given below:
3176:board/stm32f401rct6/Drivers/STM32F4xx_HAL_Driver/Src/stm32f4xx_hal_rcc_ex.c ****   *            - HSI ON and used as system clock source
3177:board/stm32f401rct6/Drivers/STM32F4xx_HAL_Driver/Src/stm32f4xx_hal_rcc_ex.c ****   *            - HSE, PLL, PLLI2S and PLLSAI OFF
3178:board/stm32f401rct6/Drivers/STM32F4xx_HAL_Driver/Src/stm32f4xx_hal_rcc_ex.c ****   *            - AHB, APB1 and APB2 prescaler set to 1.
3179:board/stm32f401rct6/Drivers/STM32F4xx_HAL_Driver/Src/stm32f4xx_hal_rcc_ex.c ****   *            - CSS, MCO1 and MCO2 OFF
3180:board/stm32f401rct6/Drivers/STM32F4xx_HAL_Driver/Src/stm32f4xx_hal_rcc_ex.c ****   *            - All interrupts disabled
3181:board/stm32f401rct6/Drivers/STM32F4xx_HAL_Driver/Src/stm32f4xx_hal_rcc_ex.c ****   * @note   This function doesn't modify the configuration of the
3182:board/stm32f401rct6/Drivers/STM32F4xx_HAL_Driver/Src/stm32f4xx_hal_rcc_ex.c ****   *            - Peripheral clocks
3183:board/stm32f401rct6/Drivers/STM32F4xx_HAL_Driver/Src/stm32f4xx_hal_rcc_ex.c ****   *            - LSI, LSE and RTC clocks
3184:board/stm32f401rct6/Drivers/STM32F4xx_HAL_Driver/Src/stm32f4xx_hal_rcc_ex.c ****   * @retval HAL status
3185:board/stm32f401rct6/Drivers/STM32F4xx_HAL_Driver/Src/stm32f4xx_hal_rcc_ex.c ****   */
3186:board/stm32f401rct6/Drivers/STM32F4xx_HAL_Driver/Src/stm32f4xx_hal_rcc_ex.c **** HAL_StatusTypeDef HAL_RCC_DeInit(void)
3187:board/stm32f401rct6/Drivers/STM32F4xx_HAL_Driver/Src/stm32f4xx_hal_rcc_ex.c **** {
 722              		.loc 1 3187 1 is_stmt 1 view -0
 723              		.cfi_startproc
 724              		@ args = 0, pretend = 0, frame = 0
 725              		@ frame_needed = 0, uses_anonymous_args = 0
 726 0000 38B5     		push	{r3, r4, r5, lr}
 727              	.LCFI5:
 728              		.cfi_def_cfa_offset 16
 729              		.cfi_offset 3, -16
 730              		.cfi_offset 4, -12
 731              		.cfi_offset 5, -8
 732              		.cfi_offset 14, -4
3188:board/stm32f401rct6/Drivers/STM32F4xx_HAL_Driver/Src/stm32f4xx_hal_rcc_ex.c ****   uint32_t tickstart;
 733              		.loc 1 3188 3 view .LVU223
3189:board/stm32f401rct6/Drivers/STM32F4xx_HAL_Driver/Src/stm32f4xx_hal_rcc_ex.c **** 
3190:board/stm32f401rct6/Drivers/STM32F4xx_HAL_Driver/Src/stm32f4xx_hal_rcc_ex.c ****   /* Get Start Tick */
3191:board/stm32f401rct6/Drivers/STM32F4xx_HAL_Driver/Src/stm32f4xx_hal_rcc_ex.c ****   tickstart = HAL_GetTick();
 734              		.loc 1 3191 3 view .LVU224
 735              		.loc 1 3191 15 is_stmt 0 view .LVU225
 736 0002 FFF7FEFF 		bl	HAL_GetTick
 737              	.LVL58:
 738 0006 0446     		mov	r4, r0
 739              	.LVL59:
3192:board/stm32f401rct6/Drivers/STM32F4xx_HAL_Driver/Src/stm32f4xx_hal_rcc_ex.c **** 
3193:board/stm32f401rct6/Drivers/STM32F4xx_HAL_Driver/Src/stm32f4xx_hal_rcc_ex.c ****   /* Set HSION bit to the reset value */
3194:board/stm32f401rct6/Drivers/STM32F4xx_HAL_Driver/Src/stm32f4xx_hal_rcc_ex.c ****   SET_BIT(RCC->CR, RCC_CR_HSION);
 740              		.loc 1 3194 3 is_stmt 1 view .LVU226
 741 0008 464A     		ldr	r2, .L90
 742 000a 1368     		ldr	r3, [r2]
 743 000c 43F00103 		orr	r3, r3, #1
 744 0010 1360     		str	r3, [r2]
3195:board/stm32f401rct6/Drivers/STM32F4xx_HAL_Driver/Src/stm32f4xx_hal_rcc_ex.c **** 
3196:board/stm32f401rct6/Drivers/STM32F4xx_HAL_Driver/Src/stm32f4xx_hal_rcc_ex.c ****   /* Wait till HSI is ready */
3197:board/stm32f401rct6/Drivers/STM32F4xx_HAL_Driver/Src/stm32f4xx_hal_rcc_ex.c ****   while (READ_BIT(RCC->CR, RCC_CR_HSIRDY) == RESET)
 745              		.loc 1 3197 3 view .LVU227
 746              	.LVL60:
 747              	.L68:
 748              		.loc 1 3197 9 view .LVU228
 749              		.loc 1 3197 10 is_stmt 0 view .LVU229
 750 0012 444B     		ldr	r3, .L90
 751 0014 1B68     		ldr	r3, [r3]
 752              		.loc 1 3197 9 view .LVU230
 753 0016 13F0020F 		tst	r3, #2
 754 001a 06D1     		bne	.L85
3198:board/stm32f401rct6/Drivers/STM32F4xx_HAL_Driver/Src/stm32f4xx_hal_rcc_ex.c ****   {
ARM GAS  C:\Users\Admin\AppData\Local\Temp\ccCVg1CA.s 			page 72


3199:board/stm32f401rct6/Drivers/STM32F4xx_HAL_Driver/Src/stm32f4xx_hal_rcc_ex.c ****     if ((HAL_GetTick() - tickstart) > HSI_TIMEOUT_VALUE)
 755              		.loc 1 3199 5 is_stmt 1 view .LVU231
 756              		.loc 1 3199 10 is_stmt 0 view .LVU232
 757 001c FFF7FEFF 		bl	HAL_GetTick
 758              	.LVL61:
 759              		.loc 1 3199 24 view .LVU233
 760 0020 001B     		subs	r0, r0, r4
 761              		.loc 1 3199 8 view .LVU234
 762 0022 0228     		cmp	r0, #2
 763 0024 F5D9     		bls	.L68
3200:board/stm32f401rct6/Drivers/STM32F4xx_HAL_Driver/Src/stm32f4xx_hal_rcc_ex.c ****     {
3201:board/stm32f401rct6/Drivers/STM32F4xx_HAL_Driver/Src/stm32f4xx_hal_rcc_ex.c ****       return HAL_TIMEOUT;
 764              		.loc 1 3201 14 view .LVU235
 765 0026 0320     		movs	r0, #3
 766              	.L69:
3202:board/stm32f401rct6/Drivers/STM32F4xx_HAL_Driver/Src/stm32f4xx_hal_rcc_ex.c ****     }
3203:board/stm32f401rct6/Drivers/STM32F4xx_HAL_Driver/Src/stm32f4xx_hal_rcc_ex.c ****   }
3204:board/stm32f401rct6/Drivers/STM32F4xx_HAL_Driver/Src/stm32f4xx_hal_rcc_ex.c **** 
3205:board/stm32f401rct6/Drivers/STM32F4xx_HAL_Driver/Src/stm32f4xx_hal_rcc_ex.c ****   /* Set HSITRIM[4:0] bits to the reset value */
3206:board/stm32f401rct6/Drivers/STM32F4xx_HAL_Driver/Src/stm32f4xx_hal_rcc_ex.c ****   SET_BIT(RCC->CR, RCC_CR_HSITRIM_4);
3207:board/stm32f401rct6/Drivers/STM32F4xx_HAL_Driver/Src/stm32f4xx_hal_rcc_ex.c **** 
3208:board/stm32f401rct6/Drivers/STM32F4xx_HAL_Driver/Src/stm32f4xx_hal_rcc_ex.c ****   /* Get Start Tick */
3209:board/stm32f401rct6/Drivers/STM32F4xx_HAL_Driver/Src/stm32f4xx_hal_rcc_ex.c ****   tickstart = HAL_GetTick();
3210:board/stm32f401rct6/Drivers/STM32F4xx_HAL_Driver/Src/stm32f4xx_hal_rcc_ex.c **** 
3211:board/stm32f401rct6/Drivers/STM32F4xx_HAL_Driver/Src/stm32f4xx_hal_rcc_ex.c ****   /* Reset CFGR register */
3212:board/stm32f401rct6/Drivers/STM32F4xx_HAL_Driver/Src/stm32f4xx_hal_rcc_ex.c ****   CLEAR_REG(RCC->CFGR);
3213:board/stm32f401rct6/Drivers/STM32F4xx_HAL_Driver/Src/stm32f4xx_hal_rcc_ex.c **** 
3214:board/stm32f401rct6/Drivers/STM32F4xx_HAL_Driver/Src/stm32f4xx_hal_rcc_ex.c ****   /* Wait till clock switch is ready */
3215:board/stm32f401rct6/Drivers/STM32F4xx_HAL_Driver/Src/stm32f4xx_hal_rcc_ex.c ****   while (READ_BIT(RCC->CFGR, RCC_CFGR_SWS) != RESET)
3216:board/stm32f401rct6/Drivers/STM32F4xx_HAL_Driver/Src/stm32f4xx_hal_rcc_ex.c ****   {
3217:board/stm32f401rct6/Drivers/STM32F4xx_HAL_Driver/Src/stm32f4xx_hal_rcc_ex.c ****     if ((HAL_GetTick() - tickstart) > CLOCKSWITCH_TIMEOUT_VALUE)
3218:board/stm32f401rct6/Drivers/STM32F4xx_HAL_Driver/Src/stm32f4xx_hal_rcc_ex.c ****     {
3219:board/stm32f401rct6/Drivers/STM32F4xx_HAL_Driver/Src/stm32f4xx_hal_rcc_ex.c ****       return HAL_TIMEOUT;
3220:board/stm32f401rct6/Drivers/STM32F4xx_HAL_Driver/Src/stm32f4xx_hal_rcc_ex.c ****     }
3221:board/stm32f401rct6/Drivers/STM32F4xx_HAL_Driver/Src/stm32f4xx_hal_rcc_ex.c ****   }
3222:board/stm32f401rct6/Drivers/STM32F4xx_HAL_Driver/Src/stm32f4xx_hal_rcc_ex.c **** 
3223:board/stm32f401rct6/Drivers/STM32F4xx_HAL_Driver/Src/stm32f4xx_hal_rcc_ex.c ****   /* Get Start Tick */
3224:board/stm32f401rct6/Drivers/STM32F4xx_HAL_Driver/Src/stm32f4xx_hal_rcc_ex.c ****   tickstart = HAL_GetTick();
3225:board/stm32f401rct6/Drivers/STM32F4xx_HAL_Driver/Src/stm32f4xx_hal_rcc_ex.c **** 
3226:board/stm32f401rct6/Drivers/STM32F4xx_HAL_Driver/Src/stm32f4xx_hal_rcc_ex.c ****   /* Clear HSEON, HSEBYP and CSSON bits */
3227:board/stm32f401rct6/Drivers/STM32F4xx_HAL_Driver/Src/stm32f4xx_hal_rcc_ex.c ****   CLEAR_BIT(RCC->CR, RCC_CR_HSEON | RCC_CR_HSEBYP | RCC_CR_CSSON);
3228:board/stm32f401rct6/Drivers/STM32F4xx_HAL_Driver/Src/stm32f4xx_hal_rcc_ex.c **** 
3229:board/stm32f401rct6/Drivers/STM32F4xx_HAL_Driver/Src/stm32f4xx_hal_rcc_ex.c ****   /* Wait till HSE is disabled */
3230:board/stm32f401rct6/Drivers/STM32F4xx_HAL_Driver/Src/stm32f4xx_hal_rcc_ex.c ****   while (READ_BIT(RCC->CR, RCC_CR_HSERDY) != RESET)
3231:board/stm32f401rct6/Drivers/STM32F4xx_HAL_Driver/Src/stm32f4xx_hal_rcc_ex.c ****   {
3232:board/stm32f401rct6/Drivers/STM32F4xx_HAL_Driver/Src/stm32f4xx_hal_rcc_ex.c ****     if ((HAL_GetTick() - tickstart) > HSE_TIMEOUT_VALUE)
3233:board/stm32f401rct6/Drivers/STM32F4xx_HAL_Driver/Src/stm32f4xx_hal_rcc_ex.c ****     {
3234:board/stm32f401rct6/Drivers/STM32F4xx_HAL_Driver/Src/stm32f4xx_hal_rcc_ex.c ****       return HAL_TIMEOUT;
3235:board/stm32f401rct6/Drivers/STM32F4xx_HAL_Driver/Src/stm32f4xx_hal_rcc_ex.c ****     }
3236:board/stm32f401rct6/Drivers/STM32F4xx_HAL_Driver/Src/stm32f4xx_hal_rcc_ex.c ****   }
3237:board/stm32f401rct6/Drivers/STM32F4xx_HAL_Driver/Src/stm32f4xx_hal_rcc_ex.c **** 
3238:board/stm32f401rct6/Drivers/STM32F4xx_HAL_Driver/Src/stm32f4xx_hal_rcc_ex.c ****   /* Get Start Tick */
3239:board/stm32f401rct6/Drivers/STM32F4xx_HAL_Driver/Src/stm32f4xx_hal_rcc_ex.c ****   tickstart = HAL_GetTick();
3240:board/stm32f401rct6/Drivers/STM32F4xx_HAL_Driver/Src/stm32f4xx_hal_rcc_ex.c **** 
3241:board/stm32f401rct6/Drivers/STM32F4xx_HAL_Driver/Src/stm32f4xx_hal_rcc_ex.c ****   /* Clear PLLON bit */
3242:board/stm32f401rct6/Drivers/STM32F4xx_HAL_Driver/Src/stm32f4xx_hal_rcc_ex.c ****   CLEAR_BIT(RCC->CR, RCC_CR_PLLON);
3243:board/stm32f401rct6/Drivers/STM32F4xx_HAL_Driver/Src/stm32f4xx_hal_rcc_ex.c **** 
ARM GAS  C:\Users\Admin\AppData\Local\Temp\ccCVg1CA.s 			page 73


3244:board/stm32f401rct6/Drivers/STM32F4xx_HAL_Driver/Src/stm32f4xx_hal_rcc_ex.c ****   /* Wait till PLL is disabled */
3245:board/stm32f401rct6/Drivers/STM32F4xx_HAL_Driver/Src/stm32f4xx_hal_rcc_ex.c ****   while (READ_BIT(RCC->CR, RCC_CR_PLLRDY) != RESET)
3246:board/stm32f401rct6/Drivers/STM32F4xx_HAL_Driver/Src/stm32f4xx_hal_rcc_ex.c ****   {
3247:board/stm32f401rct6/Drivers/STM32F4xx_HAL_Driver/Src/stm32f4xx_hal_rcc_ex.c ****     if ((HAL_GetTick() - tickstart) > PLL_TIMEOUT_VALUE)
3248:board/stm32f401rct6/Drivers/STM32F4xx_HAL_Driver/Src/stm32f4xx_hal_rcc_ex.c ****     {
3249:board/stm32f401rct6/Drivers/STM32F4xx_HAL_Driver/Src/stm32f4xx_hal_rcc_ex.c ****       return HAL_TIMEOUT;
3250:board/stm32f401rct6/Drivers/STM32F4xx_HAL_Driver/Src/stm32f4xx_hal_rcc_ex.c ****     }
3251:board/stm32f401rct6/Drivers/STM32F4xx_HAL_Driver/Src/stm32f4xx_hal_rcc_ex.c ****   }
3252:board/stm32f401rct6/Drivers/STM32F4xx_HAL_Driver/Src/stm32f4xx_hal_rcc_ex.c **** 
3253:board/stm32f401rct6/Drivers/STM32F4xx_HAL_Driver/Src/stm32f4xx_hal_rcc_ex.c **** #if defined(RCC_PLLI2S_SUPPORT)
3254:board/stm32f401rct6/Drivers/STM32F4xx_HAL_Driver/Src/stm32f4xx_hal_rcc_ex.c ****   /* Get Start Tick */
3255:board/stm32f401rct6/Drivers/STM32F4xx_HAL_Driver/Src/stm32f4xx_hal_rcc_ex.c ****   tickstart = HAL_GetTick();
3256:board/stm32f401rct6/Drivers/STM32F4xx_HAL_Driver/Src/stm32f4xx_hal_rcc_ex.c **** 
3257:board/stm32f401rct6/Drivers/STM32F4xx_HAL_Driver/Src/stm32f4xx_hal_rcc_ex.c ****   /* Reset PLLI2SON bit */
3258:board/stm32f401rct6/Drivers/STM32F4xx_HAL_Driver/Src/stm32f4xx_hal_rcc_ex.c ****   CLEAR_BIT(RCC->CR, RCC_CR_PLLI2SON);
3259:board/stm32f401rct6/Drivers/STM32F4xx_HAL_Driver/Src/stm32f4xx_hal_rcc_ex.c **** 
3260:board/stm32f401rct6/Drivers/STM32F4xx_HAL_Driver/Src/stm32f4xx_hal_rcc_ex.c ****   /* Wait till PLLI2S is disabled */
3261:board/stm32f401rct6/Drivers/STM32F4xx_HAL_Driver/Src/stm32f4xx_hal_rcc_ex.c ****   while (READ_BIT(RCC->CR, RCC_CR_PLLI2SRDY) != RESET)
3262:board/stm32f401rct6/Drivers/STM32F4xx_HAL_Driver/Src/stm32f4xx_hal_rcc_ex.c ****   {
3263:board/stm32f401rct6/Drivers/STM32F4xx_HAL_Driver/Src/stm32f4xx_hal_rcc_ex.c ****     if ((HAL_GetTick() - tickstart) > PLLI2S_TIMEOUT_VALUE)
3264:board/stm32f401rct6/Drivers/STM32F4xx_HAL_Driver/Src/stm32f4xx_hal_rcc_ex.c ****     {
3265:board/stm32f401rct6/Drivers/STM32F4xx_HAL_Driver/Src/stm32f4xx_hal_rcc_ex.c ****       return HAL_TIMEOUT;
3266:board/stm32f401rct6/Drivers/STM32F4xx_HAL_Driver/Src/stm32f4xx_hal_rcc_ex.c ****     }
3267:board/stm32f401rct6/Drivers/STM32F4xx_HAL_Driver/Src/stm32f4xx_hal_rcc_ex.c ****   }
3268:board/stm32f401rct6/Drivers/STM32F4xx_HAL_Driver/Src/stm32f4xx_hal_rcc_ex.c **** #endif /* RCC_PLLI2S_SUPPORT */
3269:board/stm32f401rct6/Drivers/STM32F4xx_HAL_Driver/Src/stm32f4xx_hal_rcc_ex.c **** 
3270:board/stm32f401rct6/Drivers/STM32F4xx_HAL_Driver/Src/stm32f4xx_hal_rcc_ex.c **** #if defined(RCC_PLLSAI_SUPPORT)
3271:board/stm32f401rct6/Drivers/STM32F4xx_HAL_Driver/Src/stm32f4xx_hal_rcc_ex.c ****   /* Get Start Tick */
3272:board/stm32f401rct6/Drivers/STM32F4xx_HAL_Driver/Src/stm32f4xx_hal_rcc_ex.c ****   tickstart = HAL_GetTick();
3273:board/stm32f401rct6/Drivers/STM32F4xx_HAL_Driver/Src/stm32f4xx_hal_rcc_ex.c **** 
3274:board/stm32f401rct6/Drivers/STM32F4xx_HAL_Driver/Src/stm32f4xx_hal_rcc_ex.c ****   /* Reset PLLSAI bit */
3275:board/stm32f401rct6/Drivers/STM32F4xx_HAL_Driver/Src/stm32f4xx_hal_rcc_ex.c ****   CLEAR_BIT(RCC->CR, RCC_CR_PLLSAION);
3276:board/stm32f401rct6/Drivers/STM32F4xx_HAL_Driver/Src/stm32f4xx_hal_rcc_ex.c **** 
3277:board/stm32f401rct6/Drivers/STM32F4xx_HAL_Driver/Src/stm32f4xx_hal_rcc_ex.c ****   /* Wait till PLLSAI is disabled */
3278:board/stm32f401rct6/Drivers/STM32F4xx_HAL_Driver/Src/stm32f4xx_hal_rcc_ex.c ****   while (READ_BIT(RCC->CR, RCC_CR_PLLSAIRDY) != RESET)
3279:board/stm32f401rct6/Drivers/STM32F4xx_HAL_Driver/Src/stm32f4xx_hal_rcc_ex.c ****   {
3280:board/stm32f401rct6/Drivers/STM32F4xx_HAL_Driver/Src/stm32f4xx_hal_rcc_ex.c ****     if ((HAL_GetTick() - tickstart) > PLLSAI_TIMEOUT_VALUE)
3281:board/stm32f401rct6/Drivers/STM32F4xx_HAL_Driver/Src/stm32f4xx_hal_rcc_ex.c ****     {
3282:board/stm32f401rct6/Drivers/STM32F4xx_HAL_Driver/Src/stm32f4xx_hal_rcc_ex.c ****       return HAL_TIMEOUT;
3283:board/stm32f401rct6/Drivers/STM32F4xx_HAL_Driver/Src/stm32f4xx_hal_rcc_ex.c ****     }
3284:board/stm32f401rct6/Drivers/STM32F4xx_HAL_Driver/Src/stm32f4xx_hal_rcc_ex.c ****   }
3285:board/stm32f401rct6/Drivers/STM32F4xx_HAL_Driver/Src/stm32f4xx_hal_rcc_ex.c **** #endif /* RCC_PLLSAI_SUPPORT */
3286:board/stm32f401rct6/Drivers/STM32F4xx_HAL_Driver/Src/stm32f4xx_hal_rcc_ex.c **** 
3287:board/stm32f401rct6/Drivers/STM32F4xx_HAL_Driver/Src/stm32f4xx_hal_rcc_ex.c ****   /* Once PLL, PLLI2S and PLLSAI are OFF, reset PLLCFGR register to default value */
3288:board/stm32f401rct6/Drivers/STM32F4xx_HAL_Driver/Src/stm32f4xx_hal_rcc_ex.c **** #if defined(STM32F412Cx) || defined(STM32F412Rx) || defined(STM32F412Vx) || defined(STM32F412Zx) ||
3289:board/stm32f401rct6/Drivers/STM32F4xx_HAL_Driver/Src/stm32f4xx_hal_rcc_ex.c ****     defined(STM32F423xx) || defined(STM32F446xx) || defined(STM32F469xx) || defined(STM32F479xx)
3290:board/stm32f401rct6/Drivers/STM32F4xx_HAL_Driver/Src/stm32f4xx_hal_rcc_ex.c ****   RCC->PLLCFGR = RCC_PLLCFGR_PLLM_4 | RCC_PLLCFGR_PLLN_6 | RCC_PLLCFGR_PLLN_7 | RCC_PLLCFGR_PLLQ_2 
3291:board/stm32f401rct6/Drivers/STM32F4xx_HAL_Driver/Src/stm32f4xx_hal_rcc_ex.c **** #elif defined(STM32F410Tx) || defined(STM32F410Cx) || defined(STM32F410Rx)
3292:board/stm32f401rct6/Drivers/STM32F4xx_HAL_Driver/Src/stm32f4xx_hal_rcc_ex.c ****   RCC->PLLCFGR = RCC_PLLCFGR_PLLR_0 | RCC_PLLCFGR_PLLR_1 | RCC_PLLCFGR_PLLR_2 | RCC_PLLCFGR_PLLM_4 
3293:board/stm32f401rct6/Drivers/STM32F4xx_HAL_Driver/Src/stm32f4xx_hal_rcc_ex.c **** #else
3294:board/stm32f401rct6/Drivers/STM32F4xx_HAL_Driver/Src/stm32f4xx_hal_rcc_ex.c ****   RCC->PLLCFGR = RCC_PLLCFGR_PLLM_4 | RCC_PLLCFGR_PLLN_6 | RCC_PLLCFGR_PLLN_7 | RCC_PLLCFGR_PLLQ_2;
3295:board/stm32f401rct6/Drivers/STM32F4xx_HAL_Driver/Src/stm32f4xx_hal_rcc_ex.c **** #endif /* STM32F412Cx || STM32F412Rx || STM32F412Vx || STM32F412Zx || STM32F413xx || STM32F423xx ||
3296:board/stm32f401rct6/Drivers/STM32F4xx_HAL_Driver/Src/stm32f4xx_hal_rcc_ex.c **** 
3297:board/stm32f401rct6/Drivers/STM32F4xx_HAL_Driver/Src/stm32f4xx_hal_rcc_ex.c ****   /* Reset PLLI2SCFGR register to default value */
3298:board/stm32f401rct6/Drivers/STM32F4xx_HAL_Driver/Src/stm32f4xx_hal_rcc_ex.c **** #if defined(STM32F412Cx) || defined(STM32F412Rx) || defined(STM32F412Vx) || defined(STM32F412Zx) ||
3299:board/stm32f401rct6/Drivers/STM32F4xx_HAL_Driver/Src/stm32f4xx_hal_rcc_ex.c ****     defined(STM32F423xx) || defined(STM32F446xx)
3300:board/stm32f401rct6/Drivers/STM32F4xx_HAL_Driver/Src/stm32f4xx_hal_rcc_ex.c ****   RCC->PLLI2SCFGR = RCC_PLLI2SCFGR_PLLI2SM_4 | RCC_PLLI2SCFGR_PLLI2SN_6 | RCC_PLLI2SCFGR_PLLI2SN_7 
ARM GAS  C:\Users\Admin\AppData\Local\Temp\ccCVg1CA.s 			page 74


3301:board/stm32f401rct6/Drivers/STM32F4xx_HAL_Driver/Src/stm32f4xx_hal_rcc_ex.c **** #elif defined(STM32F401xC) || defined(STM32F401xE) || defined(STM32F405xx) || defined(STM32F415xx) 
3302:board/stm32f401rct6/Drivers/STM32F4xx_HAL_Driver/Src/stm32f4xx_hal_rcc_ex.c ****   RCC->PLLI2SCFGR = RCC_PLLI2SCFGR_PLLI2SN_6 | RCC_PLLI2SCFGR_PLLI2SN_7 | RCC_PLLI2SCFGR_PLLI2SR_1;
3303:board/stm32f401rct6/Drivers/STM32F4xx_HAL_Driver/Src/stm32f4xx_hal_rcc_ex.c **** #elif defined(STM32F427xx) || defined(STM32F437xx) || defined(STM32F429xx) || defined(STM32F439xx) 
3304:board/stm32f401rct6/Drivers/STM32F4xx_HAL_Driver/Src/stm32f4xx_hal_rcc_ex.c ****   RCC->PLLI2SCFGR = RCC_PLLI2SCFGR_PLLI2SN_6 | RCC_PLLI2SCFGR_PLLI2SN_7 | RCC_PLLI2SCFGR_PLLI2SQ_2 
3305:board/stm32f401rct6/Drivers/STM32F4xx_HAL_Driver/Src/stm32f4xx_hal_rcc_ex.c **** #elif defined(STM32F411xE)
3306:board/stm32f401rct6/Drivers/STM32F4xx_HAL_Driver/Src/stm32f4xx_hal_rcc_ex.c ****   RCC->PLLI2SCFGR = RCC_PLLI2SCFGR_PLLI2SM_4 | RCC_PLLI2SCFGR_PLLI2SN_6 | RCC_PLLI2SCFGR_PLLI2SN_7 
3307:board/stm32f401rct6/Drivers/STM32F4xx_HAL_Driver/Src/stm32f4xx_hal_rcc_ex.c **** #endif /* STM32F412Cx || STM32F412Rx || STM32F412Vx || STM32F412Zx || STM32F413xx || STM32F423xx ||
3308:board/stm32f401rct6/Drivers/STM32F4xx_HAL_Driver/Src/stm32f4xx_hal_rcc_ex.c **** 
3309:board/stm32f401rct6/Drivers/STM32F4xx_HAL_Driver/Src/stm32f4xx_hal_rcc_ex.c ****   /* Reset PLLSAICFGR register */
3310:board/stm32f401rct6/Drivers/STM32F4xx_HAL_Driver/Src/stm32f4xx_hal_rcc_ex.c **** #if defined(STM32F427xx) || defined(STM32F429xx) || defined(STM32F437xx) || defined(STM32F439xx) ||
3311:board/stm32f401rct6/Drivers/STM32F4xx_HAL_Driver/Src/stm32f4xx_hal_rcc_ex.c ****   RCC->PLLSAICFGR = RCC_PLLSAICFGR_PLLSAIN_6 | RCC_PLLSAICFGR_PLLSAIN_7 | RCC_PLLSAICFGR_PLLSAIQ_2 
3312:board/stm32f401rct6/Drivers/STM32F4xx_HAL_Driver/Src/stm32f4xx_hal_rcc_ex.c **** #elif defined(STM32F446xx)
3313:board/stm32f401rct6/Drivers/STM32F4xx_HAL_Driver/Src/stm32f4xx_hal_rcc_ex.c ****   RCC->PLLSAICFGR = RCC_PLLSAICFGR_PLLSAIM_4 | RCC_PLLSAICFGR_PLLSAIN_6 | RCC_PLLSAICFGR_PLLSAIN_7 
3314:board/stm32f401rct6/Drivers/STM32F4xx_HAL_Driver/Src/stm32f4xx_hal_rcc_ex.c **** #endif /* STM32F427xx || STM32F429xx || STM32F437xx || STM32F439xx || STM32F469xx || STM32F479xx */
3315:board/stm32f401rct6/Drivers/STM32F4xx_HAL_Driver/Src/stm32f4xx_hal_rcc_ex.c **** 
3316:board/stm32f401rct6/Drivers/STM32F4xx_HAL_Driver/Src/stm32f4xx_hal_rcc_ex.c ****   /* Disable all interrupts */
3317:board/stm32f401rct6/Drivers/STM32F4xx_HAL_Driver/Src/stm32f4xx_hal_rcc_ex.c ****   CLEAR_BIT(RCC->CIR, RCC_CIR_LSIRDYIE | RCC_CIR_LSERDYIE | RCC_CIR_HSIRDYIE | RCC_CIR_HSERDYIE | R
3318:board/stm32f401rct6/Drivers/STM32F4xx_HAL_Driver/Src/stm32f4xx_hal_rcc_ex.c **** 
3319:board/stm32f401rct6/Drivers/STM32F4xx_HAL_Driver/Src/stm32f4xx_hal_rcc_ex.c **** #if defined(RCC_CIR_PLLI2SRDYIE)
3320:board/stm32f401rct6/Drivers/STM32F4xx_HAL_Driver/Src/stm32f4xx_hal_rcc_ex.c ****   CLEAR_BIT(RCC->CIR, RCC_CIR_PLLI2SRDYIE);
3321:board/stm32f401rct6/Drivers/STM32F4xx_HAL_Driver/Src/stm32f4xx_hal_rcc_ex.c **** #endif /* RCC_CIR_PLLI2SRDYIE */
3322:board/stm32f401rct6/Drivers/STM32F4xx_HAL_Driver/Src/stm32f4xx_hal_rcc_ex.c **** 
3323:board/stm32f401rct6/Drivers/STM32F4xx_HAL_Driver/Src/stm32f4xx_hal_rcc_ex.c **** #if defined(RCC_CIR_PLLSAIRDYIE)
3324:board/stm32f401rct6/Drivers/STM32F4xx_HAL_Driver/Src/stm32f4xx_hal_rcc_ex.c ****   CLEAR_BIT(RCC->CIR, RCC_CIR_PLLSAIRDYIE);
3325:board/stm32f401rct6/Drivers/STM32F4xx_HAL_Driver/Src/stm32f4xx_hal_rcc_ex.c **** #endif /* RCC_CIR_PLLSAIRDYIE */
3326:board/stm32f401rct6/Drivers/STM32F4xx_HAL_Driver/Src/stm32f4xx_hal_rcc_ex.c **** 
3327:board/stm32f401rct6/Drivers/STM32F4xx_HAL_Driver/Src/stm32f4xx_hal_rcc_ex.c ****   /* Clear all interrupt flags */
3328:board/stm32f401rct6/Drivers/STM32F4xx_HAL_Driver/Src/stm32f4xx_hal_rcc_ex.c ****   SET_BIT(RCC->CIR, RCC_CIR_LSIRDYC | RCC_CIR_LSERDYC | RCC_CIR_HSIRDYC | RCC_CIR_HSERDYC | RCC_CIR
3329:board/stm32f401rct6/Drivers/STM32F4xx_HAL_Driver/Src/stm32f4xx_hal_rcc_ex.c ****           RCC_CIR_CSSC);
3330:board/stm32f401rct6/Drivers/STM32F4xx_HAL_Driver/Src/stm32f4xx_hal_rcc_ex.c **** 
3331:board/stm32f401rct6/Drivers/STM32F4xx_HAL_Driver/Src/stm32f4xx_hal_rcc_ex.c **** #if defined(RCC_CIR_PLLI2SRDYC)
3332:board/stm32f401rct6/Drivers/STM32F4xx_HAL_Driver/Src/stm32f4xx_hal_rcc_ex.c ****   SET_BIT(RCC->CIR, RCC_CIR_PLLI2SRDYC);
3333:board/stm32f401rct6/Drivers/STM32F4xx_HAL_Driver/Src/stm32f4xx_hal_rcc_ex.c **** #endif /* RCC_CIR_PLLI2SRDYC */
3334:board/stm32f401rct6/Drivers/STM32F4xx_HAL_Driver/Src/stm32f4xx_hal_rcc_ex.c **** 
3335:board/stm32f401rct6/Drivers/STM32F4xx_HAL_Driver/Src/stm32f4xx_hal_rcc_ex.c **** #if defined(RCC_CIR_PLLSAIRDYC)
3336:board/stm32f401rct6/Drivers/STM32F4xx_HAL_Driver/Src/stm32f4xx_hal_rcc_ex.c ****   SET_BIT(RCC->CIR, RCC_CIR_PLLSAIRDYC);
3337:board/stm32f401rct6/Drivers/STM32F4xx_HAL_Driver/Src/stm32f4xx_hal_rcc_ex.c **** #endif /* RCC_CIR_PLLSAIRDYC */
3338:board/stm32f401rct6/Drivers/STM32F4xx_HAL_Driver/Src/stm32f4xx_hal_rcc_ex.c **** 
3339:board/stm32f401rct6/Drivers/STM32F4xx_HAL_Driver/Src/stm32f4xx_hal_rcc_ex.c ****   /* Clear LSION bit */
3340:board/stm32f401rct6/Drivers/STM32F4xx_HAL_Driver/Src/stm32f4xx_hal_rcc_ex.c ****   CLEAR_BIT(RCC->CSR, RCC_CSR_LSION);
3341:board/stm32f401rct6/Drivers/STM32F4xx_HAL_Driver/Src/stm32f4xx_hal_rcc_ex.c **** 
3342:board/stm32f401rct6/Drivers/STM32F4xx_HAL_Driver/Src/stm32f4xx_hal_rcc_ex.c ****   /* Reset all CSR flags */
3343:board/stm32f401rct6/Drivers/STM32F4xx_HAL_Driver/Src/stm32f4xx_hal_rcc_ex.c ****   SET_BIT(RCC->CSR, RCC_CSR_RMVF);
3344:board/stm32f401rct6/Drivers/STM32F4xx_HAL_Driver/Src/stm32f4xx_hal_rcc_ex.c **** 
3345:board/stm32f401rct6/Drivers/STM32F4xx_HAL_Driver/Src/stm32f4xx_hal_rcc_ex.c ****   /* Update the SystemCoreClock global variable */
3346:board/stm32f401rct6/Drivers/STM32F4xx_HAL_Driver/Src/stm32f4xx_hal_rcc_ex.c ****   SystemCoreClock = HSI_VALUE;
3347:board/stm32f401rct6/Drivers/STM32F4xx_HAL_Driver/Src/stm32f4xx_hal_rcc_ex.c **** 
3348:board/stm32f401rct6/Drivers/STM32F4xx_HAL_Driver/Src/stm32f4xx_hal_rcc_ex.c ****   /* Adapt Systick interrupt period */
3349:board/stm32f401rct6/Drivers/STM32F4xx_HAL_Driver/Src/stm32f4xx_hal_rcc_ex.c ****   if (HAL_InitTick(uwTickPrio) != HAL_OK)
3350:board/stm32f401rct6/Drivers/STM32F4xx_HAL_Driver/Src/stm32f4xx_hal_rcc_ex.c ****   {
3351:board/stm32f401rct6/Drivers/STM32F4xx_HAL_Driver/Src/stm32f4xx_hal_rcc_ex.c ****     return HAL_ERROR;
3352:board/stm32f401rct6/Drivers/STM32F4xx_HAL_Driver/Src/stm32f4xx_hal_rcc_ex.c ****   }
3353:board/stm32f401rct6/Drivers/STM32F4xx_HAL_Driver/Src/stm32f4xx_hal_rcc_ex.c ****   else
3354:board/stm32f401rct6/Drivers/STM32F4xx_HAL_Driver/Src/stm32f4xx_hal_rcc_ex.c ****   {
3355:board/stm32f401rct6/Drivers/STM32F4xx_HAL_Driver/Src/stm32f4xx_hal_rcc_ex.c ****     return HAL_OK;
3356:board/stm32f401rct6/Drivers/STM32F4xx_HAL_Driver/Src/stm32f4xx_hal_rcc_ex.c ****   }
3357:board/stm32f401rct6/Drivers/STM32F4xx_HAL_Driver/Src/stm32f4xx_hal_rcc_ex.c **** }
ARM GAS  C:\Users\Admin\AppData\Local\Temp\ccCVg1CA.s 			page 75


 767              		.loc 1 3357 1 view .LVU236
 768 0028 38BD     		pop	{r3, r4, r5, pc}
 769              	.LVL62:
 770              	.L85:
3206:board/stm32f401rct6/Drivers/STM32F4xx_HAL_Driver/Src/stm32f4xx_hal_rcc_ex.c **** 
 771              		.loc 1 3206 3 is_stmt 1 view .LVU237
 772 002a 3E4D     		ldr	r5, .L90
 773 002c 2B68     		ldr	r3, [r5]
 774 002e 43F08003 		orr	r3, r3, #128
 775 0032 2B60     		str	r3, [r5]
3209:board/stm32f401rct6/Drivers/STM32F4xx_HAL_Driver/Src/stm32f4xx_hal_rcc_ex.c **** 
 776              		.loc 1 3209 3 view .LVU238
3209:board/stm32f401rct6/Drivers/STM32F4xx_HAL_Driver/Src/stm32f4xx_hal_rcc_ex.c **** 
 777              		.loc 1 3209 15 is_stmt 0 view .LVU239
 778 0034 FFF7FEFF 		bl	HAL_GetTick
 779              	.LVL63:
 780 0038 0446     		mov	r4, r0
 781              	.LVL64:
3212:board/stm32f401rct6/Drivers/STM32F4xx_HAL_Driver/Src/stm32f4xx_hal_rcc_ex.c **** 
 782              		.loc 1 3212 3 is_stmt 1 view .LVU240
 783 003a 0023     		movs	r3, #0
 784 003c AB60     		str	r3, [r5, #8]
3215:board/stm32f401rct6/Drivers/STM32F4xx_HAL_Driver/Src/stm32f4xx_hal_rcc_ex.c ****   {
 785              		.loc 1 3215 3 view .LVU241
 786              	.LVL65:
 787              	.L71:
3215:board/stm32f401rct6/Drivers/STM32F4xx_HAL_Driver/Src/stm32f4xx_hal_rcc_ex.c ****   {
 788              		.loc 1 3215 9 view .LVU242
3215:board/stm32f401rct6/Drivers/STM32F4xx_HAL_Driver/Src/stm32f4xx_hal_rcc_ex.c ****   {
 789              		.loc 1 3215 10 is_stmt 0 view .LVU243
 790 003e 394B     		ldr	r3, .L90
 791 0040 9B68     		ldr	r3, [r3, #8]
3215:board/stm32f401rct6/Drivers/STM32F4xx_HAL_Driver/Src/stm32f4xx_hal_rcc_ex.c ****   {
 792              		.loc 1 3215 9 view .LVU244
 793 0042 13F00C0F 		tst	r3, #12
 794 0046 08D0     		beq	.L86
3217:board/stm32f401rct6/Drivers/STM32F4xx_HAL_Driver/Src/stm32f4xx_hal_rcc_ex.c ****     {
 795              		.loc 1 3217 5 is_stmt 1 view .LVU245
3217:board/stm32f401rct6/Drivers/STM32F4xx_HAL_Driver/Src/stm32f4xx_hal_rcc_ex.c ****     {
 796              		.loc 1 3217 10 is_stmt 0 view .LVU246
 797 0048 FFF7FEFF 		bl	HAL_GetTick
 798              	.LVL66:
3217:board/stm32f401rct6/Drivers/STM32F4xx_HAL_Driver/Src/stm32f4xx_hal_rcc_ex.c ****     {
 799              		.loc 1 3217 24 view .LVU247
 800 004c 001B     		subs	r0, r0, r4
3217:board/stm32f401rct6/Drivers/STM32F4xx_HAL_Driver/Src/stm32f4xx_hal_rcc_ex.c ****     {
 801              		.loc 1 3217 8 view .LVU248
 802 004e 41F28833 		movw	r3, #5000
 803 0052 9842     		cmp	r0, r3
 804 0054 F3D9     		bls	.L71
3219:board/stm32f401rct6/Drivers/STM32F4xx_HAL_Driver/Src/stm32f4xx_hal_rcc_ex.c ****     }
 805              		.loc 1 3219 14 view .LVU249
 806 0056 0320     		movs	r0, #3
 807 0058 E6E7     		b	.L69
 808              	.L86:
3224:board/stm32f401rct6/Drivers/STM32F4xx_HAL_Driver/Src/stm32f4xx_hal_rcc_ex.c **** 
 809              		.loc 1 3224 3 is_stmt 1 view .LVU250
ARM GAS  C:\Users\Admin\AppData\Local\Temp\ccCVg1CA.s 			page 76


3224:board/stm32f401rct6/Drivers/STM32F4xx_HAL_Driver/Src/stm32f4xx_hal_rcc_ex.c **** 
 810              		.loc 1 3224 15 is_stmt 0 view .LVU251
 811 005a FFF7FEFF 		bl	HAL_GetTick
 812              	.LVL67:
 813 005e 0446     		mov	r4, r0
 814              	.LVL68:
3227:board/stm32f401rct6/Drivers/STM32F4xx_HAL_Driver/Src/stm32f4xx_hal_rcc_ex.c **** 
 815              		.loc 1 3227 3 is_stmt 1 view .LVU252
 816 0060 304A     		ldr	r2, .L90
 817 0062 1368     		ldr	r3, [r2]
 818 0064 23F45023 		bic	r3, r3, #851968
 819 0068 1360     		str	r3, [r2]
3230:board/stm32f401rct6/Drivers/STM32F4xx_HAL_Driver/Src/stm32f4xx_hal_rcc_ex.c ****   {
 820              		.loc 1 3230 3 view .LVU253
 821              	.LVL69:
 822              	.L73:
3230:board/stm32f401rct6/Drivers/STM32F4xx_HAL_Driver/Src/stm32f4xx_hal_rcc_ex.c ****   {
 823              		.loc 1 3230 9 view .LVU254
3230:board/stm32f401rct6/Drivers/STM32F4xx_HAL_Driver/Src/stm32f4xx_hal_rcc_ex.c ****   {
 824              		.loc 1 3230 10 is_stmt 0 view .LVU255
 825 006a 2E4B     		ldr	r3, .L90
 826 006c 1B68     		ldr	r3, [r3]
3230:board/stm32f401rct6/Drivers/STM32F4xx_HAL_Driver/Src/stm32f4xx_hal_rcc_ex.c ****   {
 827              		.loc 1 3230 9 view .LVU256
 828 006e 13F4003F 		tst	r3, #131072
 829 0072 06D0     		beq	.L87
3232:board/stm32f401rct6/Drivers/STM32F4xx_HAL_Driver/Src/stm32f4xx_hal_rcc_ex.c ****     {
 830              		.loc 1 3232 5 is_stmt 1 view .LVU257
3232:board/stm32f401rct6/Drivers/STM32F4xx_HAL_Driver/Src/stm32f4xx_hal_rcc_ex.c ****     {
 831              		.loc 1 3232 10 is_stmt 0 view .LVU258
 832 0074 FFF7FEFF 		bl	HAL_GetTick
 833              	.LVL70:
3232:board/stm32f401rct6/Drivers/STM32F4xx_HAL_Driver/Src/stm32f4xx_hal_rcc_ex.c ****     {
 834              		.loc 1 3232 24 view .LVU259
 835 0078 001B     		subs	r0, r0, r4
3232:board/stm32f401rct6/Drivers/STM32F4xx_HAL_Driver/Src/stm32f4xx_hal_rcc_ex.c ****     {
 836              		.loc 1 3232 8 view .LVU260
 837 007a 6428     		cmp	r0, #100
 838 007c F5D9     		bls	.L73
3234:board/stm32f401rct6/Drivers/STM32F4xx_HAL_Driver/Src/stm32f4xx_hal_rcc_ex.c ****     }
 839              		.loc 1 3234 14 view .LVU261
 840 007e 0320     		movs	r0, #3
 841 0080 D2E7     		b	.L69
 842              	.L87:
3239:board/stm32f401rct6/Drivers/STM32F4xx_HAL_Driver/Src/stm32f4xx_hal_rcc_ex.c **** 
 843              		.loc 1 3239 3 is_stmt 1 view .LVU262
3239:board/stm32f401rct6/Drivers/STM32F4xx_HAL_Driver/Src/stm32f4xx_hal_rcc_ex.c **** 
 844              		.loc 1 3239 15 is_stmt 0 view .LVU263
 845 0082 FFF7FEFF 		bl	HAL_GetTick
 846              	.LVL71:
 847 0086 0446     		mov	r4, r0
 848              	.LVL72:
3242:board/stm32f401rct6/Drivers/STM32F4xx_HAL_Driver/Src/stm32f4xx_hal_rcc_ex.c **** 
 849              		.loc 1 3242 3 is_stmt 1 view .LVU264
 850 0088 264A     		ldr	r2, .L90
 851 008a 1368     		ldr	r3, [r2]
 852 008c 23F08073 		bic	r3, r3, #16777216
ARM GAS  C:\Users\Admin\AppData\Local\Temp\ccCVg1CA.s 			page 77


 853 0090 1360     		str	r3, [r2]
3245:board/stm32f401rct6/Drivers/STM32F4xx_HAL_Driver/Src/stm32f4xx_hal_rcc_ex.c ****   {
 854              		.loc 1 3245 3 view .LVU265
 855              	.LVL73:
 856              	.L75:
3245:board/stm32f401rct6/Drivers/STM32F4xx_HAL_Driver/Src/stm32f4xx_hal_rcc_ex.c ****   {
 857              		.loc 1 3245 9 view .LVU266
3245:board/stm32f401rct6/Drivers/STM32F4xx_HAL_Driver/Src/stm32f4xx_hal_rcc_ex.c ****   {
 858              		.loc 1 3245 10 is_stmt 0 view .LVU267
 859 0092 244B     		ldr	r3, .L90
 860 0094 1B68     		ldr	r3, [r3]
3245:board/stm32f401rct6/Drivers/STM32F4xx_HAL_Driver/Src/stm32f4xx_hal_rcc_ex.c ****   {
 861              		.loc 1 3245 9 view .LVU268
 862 0096 13F0007F 		tst	r3, #33554432
 863 009a 06D0     		beq	.L88
3247:board/stm32f401rct6/Drivers/STM32F4xx_HAL_Driver/Src/stm32f4xx_hal_rcc_ex.c ****     {
 864              		.loc 1 3247 5 is_stmt 1 view .LVU269
3247:board/stm32f401rct6/Drivers/STM32F4xx_HAL_Driver/Src/stm32f4xx_hal_rcc_ex.c ****     {
 865              		.loc 1 3247 10 is_stmt 0 view .LVU270
 866 009c FFF7FEFF 		bl	HAL_GetTick
 867              	.LVL74:
3247:board/stm32f401rct6/Drivers/STM32F4xx_HAL_Driver/Src/stm32f4xx_hal_rcc_ex.c ****     {
 868              		.loc 1 3247 24 view .LVU271
 869 00a0 001B     		subs	r0, r0, r4
3247:board/stm32f401rct6/Drivers/STM32F4xx_HAL_Driver/Src/stm32f4xx_hal_rcc_ex.c ****     {
 870              		.loc 1 3247 8 view .LVU272
 871 00a2 0228     		cmp	r0, #2
 872 00a4 F5D9     		bls	.L75
3249:board/stm32f401rct6/Drivers/STM32F4xx_HAL_Driver/Src/stm32f4xx_hal_rcc_ex.c ****     }
 873              		.loc 1 3249 14 view .LVU273
 874 00a6 0320     		movs	r0, #3
 875 00a8 BEE7     		b	.L69
 876              	.L88:
3255:board/stm32f401rct6/Drivers/STM32F4xx_HAL_Driver/Src/stm32f4xx_hal_rcc_ex.c **** 
 877              		.loc 1 3255 3 is_stmt 1 view .LVU274
3255:board/stm32f401rct6/Drivers/STM32F4xx_HAL_Driver/Src/stm32f4xx_hal_rcc_ex.c **** 
 878              		.loc 1 3255 15 is_stmt 0 view .LVU275
 879 00aa FFF7FEFF 		bl	HAL_GetTick
 880              	.LVL75:
 881 00ae 0446     		mov	r4, r0
 882              	.LVL76:
3258:board/stm32f401rct6/Drivers/STM32F4xx_HAL_Driver/Src/stm32f4xx_hal_rcc_ex.c **** 
 883              		.loc 1 3258 3 is_stmt 1 view .LVU276
 884 00b0 1C4A     		ldr	r2, .L90
 885 00b2 1368     		ldr	r3, [r2]
 886 00b4 23F08063 		bic	r3, r3, #67108864
 887 00b8 1360     		str	r3, [r2]
3261:board/stm32f401rct6/Drivers/STM32F4xx_HAL_Driver/Src/stm32f4xx_hal_rcc_ex.c ****   {
 888              		.loc 1 3261 3 view .LVU277
 889              	.LVL77:
 890              	.L77:
3261:board/stm32f401rct6/Drivers/STM32F4xx_HAL_Driver/Src/stm32f4xx_hal_rcc_ex.c ****   {
 891              		.loc 1 3261 9 view .LVU278
3261:board/stm32f401rct6/Drivers/STM32F4xx_HAL_Driver/Src/stm32f4xx_hal_rcc_ex.c ****   {
 892              		.loc 1 3261 10 is_stmt 0 view .LVU279
 893 00ba 1A4B     		ldr	r3, .L90
 894 00bc 1B68     		ldr	r3, [r3]
ARM GAS  C:\Users\Admin\AppData\Local\Temp\ccCVg1CA.s 			page 78


3261:board/stm32f401rct6/Drivers/STM32F4xx_HAL_Driver/Src/stm32f4xx_hal_rcc_ex.c ****   {
 895              		.loc 1 3261 9 view .LVU280
 896 00be 13F0006F 		tst	r3, #134217728
 897 00c2 06D0     		beq	.L89
3263:board/stm32f401rct6/Drivers/STM32F4xx_HAL_Driver/Src/stm32f4xx_hal_rcc_ex.c ****     {
 898              		.loc 1 3263 5 is_stmt 1 view .LVU281
3263:board/stm32f401rct6/Drivers/STM32F4xx_HAL_Driver/Src/stm32f4xx_hal_rcc_ex.c ****     {
 899              		.loc 1 3263 10 is_stmt 0 view .LVU282
 900 00c4 FFF7FEFF 		bl	HAL_GetTick
 901              	.LVL78:
3263:board/stm32f401rct6/Drivers/STM32F4xx_HAL_Driver/Src/stm32f4xx_hal_rcc_ex.c ****     {
 902              		.loc 1 3263 24 view .LVU283
 903 00c8 001B     		subs	r0, r0, r4
3263:board/stm32f401rct6/Drivers/STM32F4xx_HAL_Driver/Src/stm32f4xx_hal_rcc_ex.c ****     {
 904              		.loc 1 3263 8 view .LVU284
 905 00ca 0228     		cmp	r0, #2
 906 00cc F5D9     		bls	.L77
3265:board/stm32f401rct6/Drivers/STM32F4xx_HAL_Driver/Src/stm32f4xx_hal_rcc_ex.c ****     }
 907              		.loc 1 3265 14 view .LVU285
 908 00ce 0320     		movs	r0, #3
 909 00d0 AAE7     		b	.L69
 910              	.L89:
3294:board/stm32f401rct6/Drivers/STM32F4xx_HAL_Driver/Src/stm32f4xx_hal_rcc_ex.c **** #endif /* STM32F412Cx || STM32F412Rx || STM32F412Vx || STM32F412Zx || STM32F413xx || STM32F423xx ||
 911              		.loc 1 3294 3 is_stmt 1 view .LVU286
3294:board/stm32f401rct6/Drivers/STM32F4xx_HAL_Driver/Src/stm32f4xx_hal_rcc_ex.c **** #endif /* STM32F412Cx || STM32F412Rx || STM32F412Vx || STM32F412Zx || STM32F413xx || STM32F423xx ||
 912              		.loc 1 3294 16 is_stmt 0 view .LVU287
 913 00d2 144B     		ldr	r3, .L90
 914 00d4 144A     		ldr	r2, .L90+4
 915 00d6 5A60     		str	r2, [r3, #4]
3302:board/stm32f401rct6/Drivers/STM32F4xx_HAL_Driver/Src/stm32f4xx_hal_rcc_ex.c **** #elif defined(STM32F427xx) || defined(STM32F437xx) || defined(STM32F429xx) || defined(STM32F439xx) 
 916              		.loc 1 3302 3 is_stmt 1 view .LVU288
3302:board/stm32f401rct6/Drivers/STM32F4xx_HAL_Driver/Src/stm32f4xx_hal_rcc_ex.c **** #elif defined(STM32F427xx) || defined(STM32F437xx) || defined(STM32F429xx) || defined(STM32F439xx) 
 917              		.loc 1 3302 19 is_stmt 0 view .LVU289
 918 00d8 144A     		ldr	r2, .L90+8
 919 00da C3F88420 		str	r2, [r3, #132]
3317:board/stm32f401rct6/Drivers/STM32F4xx_HAL_Driver/Src/stm32f4xx_hal_rcc_ex.c **** 
 920              		.loc 1 3317 3 is_stmt 1 view .LVU290
 921 00de DA68     		ldr	r2, [r3, #12]
 922 00e0 22F4F852 		bic	r2, r2, #7936
 923 00e4 DA60     		str	r2, [r3, #12]
3320:board/stm32f401rct6/Drivers/STM32F4xx_HAL_Driver/Src/stm32f4xx_hal_rcc_ex.c **** #endif /* RCC_CIR_PLLI2SRDYIE */
 924              		.loc 1 3320 3 view .LVU291
 925 00e6 DA68     		ldr	r2, [r3, #12]
 926 00e8 22F40052 		bic	r2, r2, #8192
 927 00ec DA60     		str	r2, [r3, #12]
3328:board/stm32f401rct6/Drivers/STM32F4xx_HAL_Driver/Src/stm32f4xx_hal_rcc_ex.c ****           RCC_CIR_CSSC);
 928              		.loc 1 3328 3 view .LVU292
 929 00ee DA68     		ldr	r2, [r3, #12]
 930 00f0 42F41F02 		orr	r2, r2, #10420224
 931 00f4 DA60     		str	r2, [r3, #12]
3332:board/stm32f401rct6/Drivers/STM32F4xx_HAL_Driver/Src/stm32f4xx_hal_rcc_ex.c **** #endif /* RCC_CIR_PLLI2SRDYC */
 932              		.loc 1 3332 3 view .LVU293
 933 00f6 DA68     		ldr	r2, [r3, #12]
 934 00f8 42F40012 		orr	r2, r2, #2097152
 935 00fc DA60     		str	r2, [r3, #12]
3340:board/stm32f401rct6/Drivers/STM32F4xx_HAL_Driver/Src/stm32f4xx_hal_rcc_ex.c **** 
 936              		.loc 1 3340 3 view .LVU294
ARM GAS  C:\Users\Admin\AppData\Local\Temp\ccCVg1CA.s 			page 79


 937 00fe 5A6F     		ldr	r2, [r3, #116]
 938 0100 22F00102 		bic	r2, r2, #1
 939 0104 5A67     		str	r2, [r3, #116]
3343:board/stm32f401rct6/Drivers/STM32F4xx_HAL_Driver/Src/stm32f4xx_hal_rcc_ex.c **** 
 940              		.loc 1 3343 3 view .LVU295
 941 0106 5A6F     		ldr	r2, [r3, #116]
 942 0108 42F08072 		orr	r2, r2, #16777216
 943 010c 5A67     		str	r2, [r3, #116]
3346:board/stm32f401rct6/Drivers/STM32F4xx_HAL_Driver/Src/stm32f4xx_hal_rcc_ex.c **** 
 944              		.loc 1 3346 3 view .LVU296
3346:board/stm32f401rct6/Drivers/STM32F4xx_HAL_Driver/Src/stm32f4xx_hal_rcc_ex.c **** 
 945              		.loc 1 3346 19 is_stmt 0 view .LVU297
 946 010e 084B     		ldr	r3, .L90+12
 947 0110 084A     		ldr	r2, .L90+16
 948 0112 1A60     		str	r2, [r3]
3349:board/stm32f401rct6/Drivers/STM32F4xx_HAL_Driver/Src/stm32f4xx_hal_rcc_ex.c ****   {
 949              		.loc 1 3349 3 is_stmt 1 view .LVU298
3349:board/stm32f401rct6/Drivers/STM32F4xx_HAL_Driver/Src/stm32f4xx_hal_rcc_ex.c ****   {
 950              		.loc 1 3349 7 is_stmt 0 view .LVU299
 951 0114 084B     		ldr	r3, .L90+20
 952 0116 1868     		ldr	r0, [r3]
 953 0118 FFF7FEFF 		bl	HAL_InitTick
 954              	.LVL79:
3349:board/stm32f401rct6/Drivers/STM32F4xx_HAL_Driver/Src/stm32f4xx_hal_rcc_ex.c ****   {
 955              		.loc 1 3349 6 view .LVU300
 956 011c 0028     		cmp	r0, #0
 957 011e 83D0     		beq	.L69
3351:board/stm32f401rct6/Drivers/STM32F4xx_HAL_Driver/Src/stm32f4xx_hal_rcc_ex.c ****   }
 958              		.loc 1 3351 12 view .LVU301
 959 0120 0120     		movs	r0, #1
 960 0122 81E7     		b	.L69
 961              	.L91:
 962              		.align	2
 963              	.L90:
 964 0124 00380240 		.word	1073887232
 965 0128 10300004 		.word	67121168
 966 012c 00300020 		.word	536883200
 967 0130 00000000 		.word	SystemCoreClock
 968 0134 0024F400 		.word	16000000
 969 0138 00000000 		.word	uwTickPrio
 970              		.cfi_endproc
 971              	.LFE225:
 973              		.text
 974              	.Letext0:
 975              		.file 2 "c:\\st\\stm32cubeide_1.12.1\\stm32cubeide\\plugins\\com.st.stm32cube.ide.mcu.externaltool
 976              		.file 3 "c:\\st\\stm32cubeide_1.12.1\\stm32cubeide\\plugins\\com.st.stm32cube.ide.mcu.externaltool
 977              		.file 4 "board/stm32f401rct6/Drivers/CMSIS/Device/ST/STM32F4xx/Include/stm32f401xc.h"
 978              		.file 5 "board/stm32f401rct6/Drivers/CMSIS/Device/ST/STM32F4xx/Include/stm32f4xx.h"
 979              		.file 6 "board/stm32f401rct6/Drivers/STM32F4xx_HAL_Driver/Inc/stm32f4xx_hal_def.h"
 980              		.file 7 "board/stm32f401rct6/Drivers/STM32F4xx_HAL_Driver/Inc/stm32f4xx_hal_rcc_ex.h"
 981              		.file 8 "board/stm32f401rct6/Drivers/CMSIS/Device/ST/STM32F4xx/Include/system_stm32f4xx.h"
 982              		.file 9 "board/stm32f401rct6/Drivers/STM32F4xx_HAL_Driver/Inc/stm32f4xx_hal.h"
ARM GAS  C:\Users\Admin\AppData\Local\Temp\ccCVg1CA.s 			page 80


DEFINED SYMBOLS
                            *ABS*:0000000000000000 stm32f4xx_hal_rcc_ex.c
C:\Users\Admin\AppData\Local\Temp\ccCVg1CA.s:20     .text.HAL_RCCEx_PeriphCLKConfig:0000000000000000 $t
C:\Users\Admin\AppData\Local\Temp\ccCVg1CA.s:26     .text.HAL_RCCEx_PeriphCLKConfig:0000000000000000 HAL_RCCEx_PeriphCLKConfig
C:\Users\Admin\AppData\Local\Temp\ccCVg1CA.s:331    .text.HAL_RCCEx_PeriphCLKConfig:000000000000015c $d
C:\Users\Admin\AppData\Local\Temp\ccCVg1CA.s:339    .text.HAL_RCCEx_GetPeriphCLKConfig:0000000000000000 $t
C:\Users\Admin\AppData\Local\Temp\ccCVg1CA.s:345    .text.HAL_RCCEx_GetPeriphCLKConfig:0000000000000000 HAL_RCCEx_GetPeriphCLKConfig
C:\Users\Admin\AppData\Local\Temp\ccCVg1CA.s:409    .text.HAL_RCCEx_GetPeriphCLKConfig:0000000000000040 $d
C:\Users\Admin\AppData\Local\Temp\ccCVg1CA.s:414    .text.HAL_RCCEx_GetPeriphCLKFreq:0000000000000000 $t
C:\Users\Admin\AppData\Local\Temp\ccCVg1CA.s:420    .text.HAL_RCCEx_GetPeriphCLKFreq:0000000000000000 HAL_RCCEx_GetPeriphCLKFreq
C:\Users\Admin\AppData\Local\Temp\ccCVg1CA.s:528    .text.HAL_RCCEx_GetPeriphCLKFreq:0000000000000060 $d
C:\Users\Admin\AppData\Local\Temp\ccCVg1CA.s:536    .text.HAL_RCCEx_EnablePLLI2S:0000000000000000 $t
C:\Users\Admin\AppData\Local\Temp\ccCVg1CA.s:542    .text.HAL_RCCEx_EnablePLLI2S:0000000000000000 HAL_RCCEx_EnablePLLI2S
C:\Users\Admin\AppData\Local\Temp\ccCVg1CA.s:642    .text.HAL_RCCEx_EnablePLLI2S:0000000000000060 $d
C:\Users\Admin\AppData\Local\Temp\ccCVg1CA.s:648    .text.HAL_RCCEx_DisablePLLI2S:0000000000000000 $t
C:\Users\Admin\AppData\Local\Temp\ccCVg1CA.s:654    .text.HAL_RCCEx_DisablePLLI2S:0000000000000000 HAL_RCCEx_DisablePLLI2S
C:\Users\Admin\AppData\Local\Temp\ccCVg1CA.s:708    .text.HAL_RCCEx_DisablePLLI2S:000000000000002c $d
C:\Users\Admin\AppData\Local\Temp\ccCVg1CA.s:714    .text.HAL_RCC_DeInit:0000000000000000 $t
C:\Users\Admin\AppData\Local\Temp\ccCVg1CA.s:720    .text.HAL_RCC_DeInit:0000000000000000 HAL_RCC_DeInit
C:\Users\Admin\AppData\Local\Temp\ccCVg1CA.s:964    .text.HAL_RCC_DeInit:0000000000000124 $d

UNDEFINED SYMBOLS
HAL_GetTick
HAL_InitTick
SystemCoreClock
uwTickPrio
