ARM GAS  C:\Users\Admin\AppData\Local\Temp\ccELz1LE.s 			page 1


   1              		.cpu cortex-m4
   2              		.arch armv7e-m
   3              		.fpu fpv4-sp-d16
   4              		.eabi_attribute 27, 1
   5              		.eabi_attribute 28, 1
   6              		.eabi_attribute 20, 1
   7              		.eabi_attribute 21, 1
   8              		.eabi_attribute 23, 3
   9              		.eabi_attribute 24, 1
  10              		.eabi_attribute 25, 1
  11              		.eabi_attribute 26, 1
  12              		.eabi_attribute 30, 1
  13              		.eabi_attribute 34, 1
  14              		.eabi_attribute 18, 4
  15              		.file	"stm32f4xx_ll_gpio.c"
  16              		.text
  17              	.Ltext0:
  18              		.cfi_sections	.debug_frame
  19              		.section	.text.LL_GPIO_DeInit,"ax",%progbits
  20              		.align	1
  21              		.global	LL_GPIO_DeInit
  22              		.syntax unified
  23              		.thumb
  24              		.thumb_func
  26              	LL_GPIO_DeInit:
  27              	.LVL0:
  28              	.LFB271:
  29              		.file 1 "board/stm32f401rct6/Drivers/STM32F4xx_HAL_Driver/Src/stm32f4xx_ll_gpio.c"
   1:board/stm32f401rct6/Drivers/STM32F4xx_HAL_Driver/Src/stm32f4xx_ll_gpio.c **** /**
   2:board/stm32f401rct6/Drivers/STM32F4xx_HAL_Driver/Src/stm32f4xx_ll_gpio.c ****   ******************************************************************************
   3:board/stm32f401rct6/Drivers/STM32F4xx_HAL_Driver/Src/stm32f4xx_ll_gpio.c ****   * @file    stm32f4xx_ll_gpio.c
   4:board/stm32f401rct6/Drivers/STM32F4xx_HAL_Driver/Src/stm32f4xx_ll_gpio.c ****   * @author  MCD Application Team
   5:board/stm32f401rct6/Drivers/STM32F4xx_HAL_Driver/Src/stm32f4xx_ll_gpio.c ****   * @brief   GPIO LL module driver.
   6:board/stm32f401rct6/Drivers/STM32F4xx_HAL_Driver/Src/stm32f4xx_ll_gpio.c ****   ******************************************************************************
   7:board/stm32f401rct6/Drivers/STM32F4xx_HAL_Driver/Src/stm32f4xx_ll_gpio.c ****   * @attention
   8:board/stm32f401rct6/Drivers/STM32F4xx_HAL_Driver/Src/stm32f4xx_ll_gpio.c ****   *
   9:board/stm32f401rct6/Drivers/STM32F4xx_HAL_Driver/Src/stm32f4xx_ll_gpio.c ****   * Copyright (c) 2017 STMicroelectronics.
  10:board/stm32f401rct6/Drivers/STM32F4xx_HAL_Driver/Src/stm32f4xx_ll_gpio.c ****   * All rights reserved.
  11:board/stm32f401rct6/Drivers/STM32F4xx_HAL_Driver/Src/stm32f4xx_ll_gpio.c ****   *
  12:board/stm32f401rct6/Drivers/STM32F4xx_HAL_Driver/Src/stm32f4xx_ll_gpio.c ****   * This software is licensed under terms that can be found in the LICENSE file
  13:board/stm32f401rct6/Drivers/STM32F4xx_HAL_Driver/Src/stm32f4xx_ll_gpio.c ****   * in the root directory of this software component.
  14:board/stm32f401rct6/Drivers/STM32F4xx_HAL_Driver/Src/stm32f4xx_ll_gpio.c ****   * If no LICENSE file comes with this software, it is provided AS-IS.
  15:board/stm32f401rct6/Drivers/STM32F4xx_HAL_Driver/Src/stm32f4xx_ll_gpio.c ****   *
  16:board/stm32f401rct6/Drivers/STM32F4xx_HAL_Driver/Src/stm32f4xx_ll_gpio.c ****   ******************************************************************************
  17:board/stm32f401rct6/Drivers/STM32F4xx_HAL_Driver/Src/stm32f4xx_ll_gpio.c ****   */
  18:board/stm32f401rct6/Drivers/STM32F4xx_HAL_Driver/Src/stm32f4xx_ll_gpio.c **** #if defined(USE_FULL_LL_DRIVER)
  19:board/stm32f401rct6/Drivers/STM32F4xx_HAL_Driver/Src/stm32f4xx_ll_gpio.c **** 
  20:board/stm32f401rct6/Drivers/STM32F4xx_HAL_Driver/Src/stm32f4xx_ll_gpio.c **** /* Includes ------------------------------------------------------------------*/
  21:board/stm32f401rct6/Drivers/STM32F4xx_HAL_Driver/Src/stm32f4xx_ll_gpio.c **** #include "stm32f4xx_ll_gpio.h"
  22:board/stm32f401rct6/Drivers/STM32F4xx_HAL_Driver/Src/stm32f4xx_ll_gpio.c **** #include "stm32f4xx_ll_bus.h"
  23:board/stm32f401rct6/Drivers/STM32F4xx_HAL_Driver/Src/stm32f4xx_ll_gpio.c **** #ifdef  USE_FULL_ASSERT
  24:board/stm32f401rct6/Drivers/STM32F4xx_HAL_Driver/Src/stm32f4xx_ll_gpio.c **** #include "stm32_assert.h"
  25:board/stm32f401rct6/Drivers/STM32F4xx_HAL_Driver/Src/stm32f4xx_ll_gpio.c **** #else
  26:board/stm32f401rct6/Drivers/STM32F4xx_HAL_Driver/Src/stm32f4xx_ll_gpio.c **** #define assert_param(expr) ((void)0U)
  27:board/stm32f401rct6/Drivers/STM32F4xx_HAL_Driver/Src/stm32f4xx_ll_gpio.c **** #endif
  28:board/stm32f401rct6/Drivers/STM32F4xx_HAL_Driver/Src/stm32f4xx_ll_gpio.c **** 
  29:board/stm32f401rct6/Drivers/STM32F4xx_HAL_Driver/Src/stm32f4xx_ll_gpio.c **** /** @addtogroup STM32F4xx_LL_Driver
ARM GAS  C:\Users\Admin\AppData\Local\Temp\ccELz1LE.s 			page 2


  30:board/stm32f401rct6/Drivers/STM32F4xx_HAL_Driver/Src/stm32f4xx_ll_gpio.c ****   * @{
  31:board/stm32f401rct6/Drivers/STM32F4xx_HAL_Driver/Src/stm32f4xx_ll_gpio.c ****   */
  32:board/stm32f401rct6/Drivers/STM32F4xx_HAL_Driver/Src/stm32f4xx_ll_gpio.c **** 
  33:board/stm32f401rct6/Drivers/STM32F4xx_HAL_Driver/Src/stm32f4xx_ll_gpio.c **** #if defined (GPIOA) || defined (GPIOB) || defined (GPIOC) || defined (GPIOD) || defined (GPIOE) || 
  34:board/stm32f401rct6/Drivers/STM32F4xx_HAL_Driver/Src/stm32f4xx_ll_gpio.c **** 
  35:board/stm32f401rct6/Drivers/STM32F4xx_HAL_Driver/Src/stm32f4xx_ll_gpio.c **** /** @addtogroup GPIO_LL
  36:board/stm32f401rct6/Drivers/STM32F4xx_HAL_Driver/Src/stm32f4xx_ll_gpio.c ****   * @{
  37:board/stm32f401rct6/Drivers/STM32F4xx_HAL_Driver/Src/stm32f4xx_ll_gpio.c ****   */
  38:board/stm32f401rct6/Drivers/STM32F4xx_HAL_Driver/Src/stm32f4xx_ll_gpio.c **** 
  39:board/stm32f401rct6/Drivers/STM32F4xx_HAL_Driver/Src/stm32f4xx_ll_gpio.c **** /* Private types -------------------------------------------------------------*/
  40:board/stm32f401rct6/Drivers/STM32F4xx_HAL_Driver/Src/stm32f4xx_ll_gpio.c **** /* Private variables ---------------------------------------------------------*/
  41:board/stm32f401rct6/Drivers/STM32F4xx_HAL_Driver/Src/stm32f4xx_ll_gpio.c **** /* Private constants ---------------------------------------------------------*/
  42:board/stm32f401rct6/Drivers/STM32F4xx_HAL_Driver/Src/stm32f4xx_ll_gpio.c **** /* Private macros ------------------------------------------------------------*/
  43:board/stm32f401rct6/Drivers/STM32F4xx_HAL_Driver/Src/stm32f4xx_ll_gpio.c **** /** @addtogroup GPIO_LL_Private_Macros
  44:board/stm32f401rct6/Drivers/STM32F4xx_HAL_Driver/Src/stm32f4xx_ll_gpio.c ****   * @{
  45:board/stm32f401rct6/Drivers/STM32F4xx_HAL_Driver/Src/stm32f4xx_ll_gpio.c ****   */
  46:board/stm32f401rct6/Drivers/STM32F4xx_HAL_Driver/Src/stm32f4xx_ll_gpio.c **** #define IS_LL_GPIO_PIN(__VALUE__)          (((0x00000000U) < (__VALUE__)) && ((__VALUE__) <= (LL_GP
  47:board/stm32f401rct6/Drivers/STM32F4xx_HAL_Driver/Src/stm32f4xx_ll_gpio.c **** 
  48:board/stm32f401rct6/Drivers/STM32F4xx_HAL_Driver/Src/stm32f4xx_ll_gpio.c **** #define IS_LL_GPIO_MODE(__VALUE__)         (((__VALUE__) == LL_GPIO_MODE_INPUT)     ||\
  49:board/stm32f401rct6/Drivers/STM32F4xx_HAL_Driver/Src/stm32f4xx_ll_gpio.c ****                                             ((__VALUE__) == LL_GPIO_MODE_OUTPUT)    ||\
  50:board/stm32f401rct6/Drivers/STM32F4xx_HAL_Driver/Src/stm32f4xx_ll_gpio.c ****                                             ((__VALUE__) == LL_GPIO_MODE_ALTERNATE) ||\
  51:board/stm32f401rct6/Drivers/STM32F4xx_HAL_Driver/Src/stm32f4xx_ll_gpio.c ****                                             ((__VALUE__) == LL_GPIO_MODE_ANALOG))
  52:board/stm32f401rct6/Drivers/STM32F4xx_HAL_Driver/Src/stm32f4xx_ll_gpio.c **** 
  53:board/stm32f401rct6/Drivers/STM32F4xx_HAL_Driver/Src/stm32f4xx_ll_gpio.c **** #define IS_LL_GPIO_OUTPUT_TYPE(__VALUE__)  (((__VALUE__) == LL_GPIO_OUTPUT_PUSHPULL)  ||\
  54:board/stm32f401rct6/Drivers/STM32F4xx_HAL_Driver/Src/stm32f4xx_ll_gpio.c ****                                             ((__VALUE__) == LL_GPIO_OUTPUT_OPENDRAIN))
  55:board/stm32f401rct6/Drivers/STM32F4xx_HAL_Driver/Src/stm32f4xx_ll_gpio.c **** 
  56:board/stm32f401rct6/Drivers/STM32F4xx_HAL_Driver/Src/stm32f4xx_ll_gpio.c **** #define IS_LL_GPIO_SPEED(__VALUE__)        (((__VALUE__) == LL_GPIO_SPEED_FREQ_LOW)       ||\
  57:board/stm32f401rct6/Drivers/STM32F4xx_HAL_Driver/Src/stm32f4xx_ll_gpio.c ****                                             ((__VALUE__) == LL_GPIO_SPEED_FREQ_MEDIUM)    ||\
  58:board/stm32f401rct6/Drivers/STM32F4xx_HAL_Driver/Src/stm32f4xx_ll_gpio.c ****                                             ((__VALUE__) == LL_GPIO_SPEED_FREQ_HIGH)      ||\
  59:board/stm32f401rct6/Drivers/STM32F4xx_HAL_Driver/Src/stm32f4xx_ll_gpio.c ****                                             ((__VALUE__) == LL_GPIO_SPEED_FREQ_VERY_HIGH))
  60:board/stm32f401rct6/Drivers/STM32F4xx_HAL_Driver/Src/stm32f4xx_ll_gpio.c **** 
  61:board/stm32f401rct6/Drivers/STM32F4xx_HAL_Driver/Src/stm32f4xx_ll_gpio.c **** #define IS_LL_GPIO_PULL(__VALUE__)         (((__VALUE__) == LL_GPIO_PULL_NO)   ||\
  62:board/stm32f401rct6/Drivers/STM32F4xx_HAL_Driver/Src/stm32f4xx_ll_gpio.c ****                                             ((__VALUE__) == LL_GPIO_PULL_UP)   ||\
  63:board/stm32f401rct6/Drivers/STM32F4xx_HAL_Driver/Src/stm32f4xx_ll_gpio.c ****                                             ((__VALUE__) == LL_GPIO_PULL_DOWN))
  64:board/stm32f401rct6/Drivers/STM32F4xx_HAL_Driver/Src/stm32f4xx_ll_gpio.c **** 
  65:board/stm32f401rct6/Drivers/STM32F4xx_HAL_Driver/Src/stm32f4xx_ll_gpio.c **** #define IS_LL_GPIO_ALTERNATE(__VALUE__)    (((__VALUE__) == LL_GPIO_AF_0  )   ||\
  66:board/stm32f401rct6/Drivers/STM32F4xx_HAL_Driver/Src/stm32f4xx_ll_gpio.c ****                                             ((__VALUE__) == LL_GPIO_AF_1  )   ||\
  67:board/stm32f401rct6/Drivers/STM32F4xx_HAL_Driver/Src/stm32f4xx_ll_gpio.c ****                                             ((__VALUE__) == LL_GPIO_AF_2  )   ||\
  68:board/stm32f401rct6/Drivers/STM32F4xx_HAL_Driver/Src/stm32f4xx_ll_gpio.c ****                                             ((__VALUE__) == LL_GPIO_AF_3  )   ||\
  69:board/stm32f401rct6/Drivers/STM32F4xx_HAL_Driver/Src/stm32f4xx_ll_gpio.c ****                                             ((__VALUE__) == LL_GPIO_AF_4  )   ||\
  70:board/stm32f401rct6/Drivers/STM32F4xx_HAL_Driver/Src/stm32f4xx_ll_gpio.c ****                                             ((__VALUE__) == LL_GPIO_AF_5  )   ||\
  71:board/stm32f401rct6/Drivers/STM32F4xx_HAL_Driver/Src/stm32f4xx_ll_gpio.c ****                                             ((__VALUE__) == LL_GPIO_AF_6  )   ||\
  72:board/stm32f401rct6/Drivers/STM32F4xx_HAL_Driver/Src/stm32f4xx_ll_gpio.c ****                                             ((__VALUE__) == LL_GPIO_AF_7  )   ||\
  73:board/stm32f401rct6/Drivers/STM32F4xx_HAL_Driver/Src/stm32f4xx_ll_gpio.c ****                                             ((__VALUE__) == LL_GPIO_AF_8  )   ||\
  74:board/stm32f401rct6/Drivers/STM32F4xx_HAL_Driver/Src/stm32f4xx_ll_gpio.c ****                                             ((__VALUE__) == LL_GPIO_AF_9  )   ||\
  75:board/stm32f401rct6/Drivers/STM32F4xx_HAL_Driver/Src/stm32f4xx_ll_gpio.c ****                                             ((__VALUE__) == LL_GPIO_AF_10 )   ||\
  76:board/stm32f401rct6/Drivers/STM32F4xx_HAL_Driver/Src/stm32f4xx_ll_gpio.c ****                                             ((__VALUE__) == LL_GPIO_AF_11 )   ||\
  77:board/stm32f401rct6/Drivers/STM32F4xx_HAL_Driver/Src/stm32f4xx_ll_gpio.c ****                                             ((__VALUE__) == LL_GPIO_AF_12 )   ||\
  78:board/stm32f401rct6/Drivers/STM32F4xx_HAL_Driver/Src/stm32f4xx_ll_gpio.c ****                                             ((__VALUE__) == LL_GPIO_AF_13 )   ||\
  79:board/stm32f401rct6/Drivers/STM32F4xx_HAL_Driver/Src/stm32f4xx_ll_gpio.c ****                                             ((__VALUE__) == LL_GPIO_AF_14 )   ||\
  80:board/stm32f401rct6/Drivers/STM32F4xx_HAL_Driver/Src/stm32f4xx_ll_gpio.c ****                                             ((__VALUE__) == LL_GPIO_AF_15 ))
  81:board/stm32f401rct6/Drivers/STM32F4xx_HAL_Driver/Src/stm32f4xx_ll_gpio.c **** /**
  82:board/stm32f401rct6/Drivers/STM32F4xx_HAL_Driver/Src/stm32f4xx_ll_gpio.c ****   * @}
  83:board/stm32f401rct6/Drivers/STM32F4xx_HAL_Driver/Src/stm32f4xx_ll_gpio.c ****   */
  84:board/stm32f401rct6/Drivers/STM32F4xx_HAL_Driver/Src/stm32f4xx_ll_gpio.c **** 
  85:board/stm32f401rct6/Drivers/STM32F4xx_HAL_Driver/Src/stm32f4xx_ll_gpio.c **** /* Private function prototypes -----------------------------------------------*/
  86:board/stm32f401rct6/Drivers/STM32F4xx_HAL_Driver/Src/stm32f4xx_ll_gpio.c **** 
ARM GAS  C:\Users\Admin\AppData\Local\Temp\ccELz1LE.s 			page 3


  87:board/stm32f401rct6/Drivers/STM32F4xx_HAL_Driver/Src/stm32f4xx_ll_gpio.c **** /* Exported functions --------------------------------------------------------*/
  88:board/stm32f401rct6/Drivers/STM32F4xx_HAL_Driver/Src/stm32f4xx_ll_gpio.c **** /** @addtogroup GPIO_LL_Exported_Functions
  89:board/stm32f401rct6/Drivers/STM32F4xx_HAL_Driver/Src/stm32f4xx_ll_gpio.c ****   * @{
  90:board/stm32f401rct6/Drivers/STM32F4xx_HAL_Driver/Src/stm32f4xx_ll_gpio.c ****   */
  91:board/stm32f401rct6/Drivers/STM32F4xx_HAL_Driver/Src/stm32f4xx_ll_gpio.c **** 
  92:board/stm32f401rct6/Drivers/STM32F4xx_HAL_Driver/Src/stm32f4xx_ll_gpio.c **** /** @addtogroup GPIO_LL_EF_Init
  93:board/stm32f401rct6/Drivers/STM32F4xx_HAL_Driver/Src/stm32f4xx_ll_gpio.c ****   * @{
  94:board/stm32f401rct6/Drivers/STM32F4xx_HAL_Driver/Src/stm32f4xx_ll_gpio.c ****   */
  95:board/stm32f401rct6/Drivers/STM32F4xx_HAL_Driver/Src/stm32f4xx_ll_gpio.c **** 
  96:board/stm32f401rct6/Drivers/STM32F4xx_HAL_Driver/Src/stm32f4xx_ll_gpio.c **** /**
  97:board/stm32f401rct6/Drivers/STM32F4xx_HAL_Driver/Src/stm32f4xx_ll_gpio.c ****   * @brief  De-initialize GPIO registers (Registers restored to their default values).
  98:board/stm32f401rct6/Drivers/STM32F4xx_HAL_Driver/Src/stm32f4xx_ll_gpio.c ****   * @param  GPIOx GPIO Port
  99:board/stm32f401rct6/Drivers/STM32F4xx_HAL_Driver/Src/stm32f4xx_ll_gpio.c ****   * @retval An ErrorStatus enumeration value:
 100:board/stm32f401rct6/Drivers/STM32F4xx_HAL_Driver/Src/stm32f4xx_ll_gpio.c ****   *          - SUCCESS: GPIO registers are de-initialized
 101:board/stm32f401rct6/Drivers/STM32F4xx_HAL_Driver/Src/stm32f4xx_ll_gpio.c ****   *          - ERROR:   Wrong GPIO Port
 102:board/stm32f401rct6/Drivers/STM32F4xx_HAL_Driver/Src/stm32f4xx_ll_gpio.c ****   */
 103:board/stm32f401rct6/Drivers/STM32F4xx_HAL_Driver/Src/stm32f4xx_ll_gpio.c **** ErrorStatus LL_GPIO_DeInit(GPIO_TypeDef *GPIOx)
 104:board/stm32f401rct6/Drivers/STM32F4xx_HAL_Driver/Src/stm32f4xx_ll_gpio.c **** {
  30              		.loc 1 104 1 view -0
  31              		.cfi_startproc
  32              		@ args = 0, pretend = 0, frame = 0
  33              		@ frame_needed = 0, uses_anonymous_args = 0
  34              		@ link register save eliminated.
 105:board/stm32f401rct6/Drivers/STM32F4xx_HAL_Driver/Src/stm32f4xx_ll_gpio.c ****   ErrorStatus status = SUCCESS;
  35              		.loc 1 105 3 view .LVU1
 106:board/stm32f401rct6/Drivers/STM32F4xx_HAL_Driver/Src/stm32f4xx_ll_gpio.c **** 
 107:board/stm32f401rct6/Drivers/STM32F4xx_HAL_Driver/Src/stm32f4xx_ll_gpio.c ****   /* Check the parameters */
 108:board/stm32f401rct6/Drivers/STM32F4xx_HAL_Driver/Src/stm32f4xx_ll_gpio.c ****   assert_param(IS_GPIO_ALL_INSTANCE(GPIOx));
  36              		.loc 1 108 3 view .LVU2
 109:board/stm32f401rct6/Drivers/STM32F4xx_HAL_Driver/Src/stm32f4xx_ll_gpio.c **** 
 110:board/stm32f401rct6/Drivers/STM32F4xx_HAL_Driver/Src/stm32f4xx_ll_gpio.c ****   /* Force and Release reset on clock of GPIOx Port */
 111:board/stm32f401rct6/Drivers/STM32F4xx_HAL_Driver/Src/stm32f4xx_ll_gpio.c ****   if (GPIOx == GPIOA)
  37              		.loc 1 111 3 view .LVU3
  38              		.loc 1 111 6 is_stmt 0 view .LVU4
  39 0000 2D4B     		ldr	r3, .L15
  40 0002 9842     		cmp	r0, r3
  41 0004 10D0     		beq	.L9
 112:board/stm32f401rct6/Drivers/STM32F4xx_HAL_Driver/Src/stm32f4xx_ll_gpio.c ****   {
 113:board/stm32f401rct6/Drivers/STM32F4xx_HAL_Driver/Src/stm32f4xx_ll_gpio.c ****     LL_AHB1_GRP1_ForceReset(LL_AHB1_GRP1_PERIPH_GPIOA);
 114:board/stm32f401rct6/Drivers/STM32F4xx_HAL_Driver/Src/stm32f4xx_ll_gpio.c ****     LL_AHB1_GRP1_ReleaseReset(LL_AHB1_GRP1_PERIPH_GPIOA);
 115:board/stm32f401rct6/Drivers/STM32F4xx_HAL_Driver/Src/stm32f4xx_ll_gpio.c ****   }
 116:board/stm32f401rct6/Drivers/STM32F4xx_HAL_Driver/Src/stm32f4xx_ll_gpio.c ****   else if (GPIOx == GPIOB)
  42              		.loc 1 116 8 is_stmt 1 view .LVU5
  43              		.loc 1 116 11 is_stmt 0 view .LVU6
  44 0006 2D4B     		ldr	r3, .L15+4
  45 0008 9842     		cmp	r0, r3
  46 000a 19D0     		beq	.L10
 117:board/stm32f401rct6/Drivers/STM32F4xx_HAL_Driver/Src/stm32f4xx_ll_gpio.c ****   {
 118:board/stm32f401rct6/Drivers/STM32F4xx_HAL_Driver/Src/stm32f4xx_ll_gpio.c ****     LL_AHB1_GRP1_ForceReset(LL_AHB1_GRP1_PERIPH_GPIOB);
 119:board/stm32f401rct6/Drivers/STM32F4xx_HAL_Driver/Src/stm32f4xx_ll_gpio.c ****     LL_AHB1_GRP1_ReleaseReset(LL_AHB1_GRP1_PERIPH_GPIOB);
 120:board/stm32f401rct6/Drivers/STM32F4xx_HAL_Driver/Src/stm32f4xx_ll_gpio.c ****   }
 121:board/stm32f401rct6/Drivers/STM32F4xx_HAL_Driver/Src/stm32f4xx_ll_gpio.c ****   else if (GPIOx == GPIOC)
  47              		.loc 1 121 8 is_stmt 1 view .LVU7
  48              		.loc 1 121 11 is_stmt 0 view .LVU8
  49 000c 2C4B     		ldr	r3, .L15+8
  50 000e 9842     		cmp	r0, r3
  51 0010 22D0     		beq	.L11
ARM GAS  C:\Users\Admin\AppData\Local\Temp\ccELz1LE.s 			page 4


 122:board/stm32f401rct6/Drivers/STM32F4xx_HAL_Driver/Src/stm32f4xx_ll_gpio.c ****   {
 123:board/stm32f401rct6/Drivers/STM32F4xx_HAL_Driver/Src/stm32f4xx_ll_gpio.c ****     LL_AHB1_GRP1_ForceReset(LL_AHB1_GRP1_PERIPH_GPIOC);
 124:board/stm32f401rct6/Drivers/STM32F4xx_HAL_Driver/Src/stm32f4xx_ll_gpio.c ****     LL_AHB1_GRP1_ReleaseReset(LL_AHB1_GRP1_PERIPH_GPIOC);
 125:board/stm32f401rct6/Drivers/STM32F4xx_HAL_Driver/Src/stm32f4xx_ll_gpio.c ****   }
 126:board/stm32f401rct6/Drivers/STM32F4xx_HAL_Driver/Src/stm32f4xx_ll_gpio.c **** #if defined(GPIOD)
 127:board/stm32f401rct6/Drivers/STM32F4xx_HAL_Driver/Src/stm32f4xx_ll_gpio.c ****   else if (GPIOx == GPIOD)
  52              		.loc 1 127 8 is_stmt 1 view .LVU9
  53              		.loc 1 127 11 is_stmt 0 view .LVU10
  54 0012 2C4B     		ldr	r3, .L15+12
  55 0014 9842     		cmp	r0, r3
  56 0016 2BD0     		beq	.L12
 128:board/stm32f401rct6/Drivers/STM32F4xx_HAL_Driver/Src/stm32f4xx_ll_gpio.c ****   {
 129:board/stm32f401rct6/Drivers/STM32F4xx_HAL_Driver/Src/stm32f4xx_ll_gpio.c ****     LL_AHB1_GRP1_ForceReset(LL_AHB1_GRP1_PERIPH_GPIOD);
 130:board/stm32f401rct6/Drivers/STM32F4xx_HAL_Driver/Src/stm32f4xx_ll_gpio.c ****     LL_AHB1_GRP1_ReleaseReset(LL_AHB1_GRP1_PERIPH_GPIOD);
 131:board/stm32f401rct6/Drivers/STM32F4xx_HAL_Driver/Src/stm32f4xx_ll_gpio.c ****   }
 132:board/stm32f401rct6/Drivers/STM32F4xx_HAL_Driver/Src/stm32f4xx_ll_gpio.c **** #endif /* GPIOD */
 133:board/stm32f401rct6/Drivers/STM32F4xx_HAL_Driver/Src/stm32f4xx_ll_gpio.c **** #if defined(GPIOE)
 134:board/stm32f401rct6/Drivers/STM32F4xx_HAL_Driver/Src/stm32f4xx_ll_gpio.c ****   else if (GPIOx == GPIOE)
  57              		.loc 1 134 8 is_stmt 1 view .LVU11
  58              		.loc 1 134 11 is_stmt 0 view .LVU12
  59 0018 2B4B     		ldr	r3, .L15+16
  60 001a 9842     		cmp	r0, r3
  61 001c 34D0     		beq	.L13
 135:board/stm32f401rct6/Drivers/STM32F4xx_HAL_Driver/Src/stm32f4xx_ll_gpio.c ****   {
 136:board/stm32f401rct6/Drivers/STM32F4xx_HAL_Driver/Src/stm32f4xx_ll_gpio.c ****     LL_AHB1_GRP1_ForceReset(LL_AHB1_GRP1_PERIPH_GPIOE);
 137:board/stm32f401rct6/Drivers/STM32F4xx_HAL_Driver/Src/stm32f4xx_ll_gpio.c ****     LL_AHB1_GRP1_ReleaseReset(LL_AHB1_GRP1_PERIPH_GPIOE);
 138:board/stm32f401rct6/Drivers/STM32F4xx_HAL_Driver/Src/stm32f4xx_ll_gpio.c ****   }
 139:board/stm32f401rct6/Drivers/STM32F4xx_HAL_Driver/Src/stm32f4xx_ll_gpio.c **** #endif /* GPIOE */
 140:board/stm32f401rct6/Drivers/STM32F4xx_HAL_Driver/Src/stm32f4xx_ll_gpio.c **** #if defined(GPIOF)
 141:board/stm32f401rct6/Drivers/STM32F4xx_HAL_Driver/Src/stm32f4xx_ll_gpio.c ****   else if (GPIOx == GPIOF)
 142:board/stm32f401rct6/Drivers/STM32F4xx_HAL_Driver/Src/stm32f4xx_ll_gpio.c ****   {
 143:board/stm32f401rct6/Drivers/STM32F4xx_HAL_Driver/Src/stm32f4xx_ll_gpio.c ****     LL_AHB1_GRP1_ForceReset(LL_AHB1_GRP1_PERIPH_GPIOF);
 144:board/stm32f401rct6/Drivers/STM32F4xx_HAL_Driver/Src/stm32f4xx_ll_gpio.c ****     LL_AHB1_GRP1_ReleaseReset(LL_AHB1_GRP1_PERIPH_GPIOF);
 145:board/stm32f401rct6/Drivers/STM32F4xx_HAL_Driver/Src/stm32f4xx_ll_gpio.c ****   }
 146:board/stm32f401rct6/Drivers/STM32F4xx_HAL_Driver/Src/stm32f4xx_ll_gpio.c **** #endif /* GPIOF */
 147:board/stm32f401rct6/Drivers/STM32F4xx_HAL_Driver/Src/stm32f4xx_ll_gpio.c **** #if defined(GPIOG)
 148:board/stm32f401rct6/Drivers/STM32F4xx_HAL_Driver/Src/stm32f4xx_ll_gpio.c ****   else if (GPIOx == GPIOG)
 149:board/stm32f401rct6/Drivers/STM32F4xx_HAL_Driver/Src/stm32f4xx_ll_gpio.c ****   {
 150:board/stm32f401rct6/Drivers/STM32F4xx_HAL_Driver/Src/stm32f4xx_ll_gpio.c ****     LL_AHB1_GRP1_ForceReset(LL_AHB1_GRP1_PERIPH_GPIOG);
 151:board/stm32f401rct6/Drivers/STM32F4xx_HAL_Driver/Src/stm32f4xx_ll_gpio.c ****     LL_AHB1_GRP1_ReleaseReset(LL_AHB1_GRP1_PERIPH_GPIOG);
 152:board/stm32f401rct6/Drivers/STM32F4xx_HAL_Driver/Src/stm32f4xx_ll_gpio.c ****   }
 153:board/stm32f401rct6/Drivers/STM32F4xx_HAL_Driver/Src/stm32f4xx_ll_gpio.c **** #endif /* GPIOG */
 154:board/stm32f401rct6/Drivers/STM32F4xx_HAL_Driver/Src/stm32f4xx_ll_gpio.c **** #if defined(GPIOH)
 155:board/stm32f401rct6/Drivers/STM32F4xx_HAL_Driver/Src/stm32f4xx_ll_gpio.c ****   else if (GPIOx == GPIOH)
  62              		.loc 1 155 8 is_stmt 1 view .LVU13
  63              		.loc 1 155 11 is_stmt 0 view .LVU14
  64 001e 2B4B     		ldr	r3, .L15+20
  65 0020 9842     		cmp	r0, r3
  66 0022 3DD0     		beq	.L14
 156:board/stm32f401rct6/Drivers/STM32F4xx_HAL_Driver/Src/stm32f4xx_ll_gpio.c ****   {
 157:board/stm32f401rct6/Drivers/STM32F4xx_HAL_Driver/Src/stm32f4xx_ll_gpio.c ****     LL_AHB1_GRP1_ForceReset(LL_AHB1_GRP1_PERIPH_GPIOH);
 158:board/stm32f401rct6/Drivers/STM32F4xx_HAL_Driver/Src/stm32f4xx_ll_gpio.c ****     LL_AHB1_GRP1_ReleaseReset(LL_AHB1_GRP1_PERIPH_GPIOH);
 159:board/stm32f401rct6/Drivers/STM32F4xx_HAL_Driver/Src/stm32f4xx_ll_gpio.c ****   }
 160:board/stm32f401rct6/Drivers/STM32F4xx_HAL_Driver/Src/stm32f4xx_ll_gpio.c **** #endif /* GPIOH */
 161:board/stm32f401rct6/Drivers/STM32F4xx_HAL_Driver/Src/stm32f4xx_ll_gpio.c **** #if defined(GPIOI)
 162:board/stm32f401rct6/Drivers/STM32F4xx_HAL_Driver/Src/stm32f4xx_ll_gpio.c ****   else if (GPIOx == GPIOI)
 163:board/stm32f401rct6/Drivers/STM32F4xx_HAL_Driver/Src/stm32f4xx_ll_gpio.c ****   {
ARM GAS  C:\Users\Admin\AppData\Local\Temp\ccELz1LE.s 			page 5


 164:board/stm32f401rct6/Drivers/STM32F4xx_HAL_Driver/Src/stm32f4xx_ll_gpio.c ****     LL_AHB1_GRP1_ForceReset(LL_AHB1_GRP1_PERIPH_GPIOI);
 165:board/stm32f401rct6/Drivers/STM32F4xx_HAL_Driver/Src/stm32f4xx_ll_gpio.c ****     LL_AHB1_GRP1_ReleaseReset(LL_AHB1_GRP1_PERIPH_GPIOI);
 166:board/stm32f401rct6/Drivers/STM32F4xx_HAL_Driver/Src/stm32f4xx_ll_gpio.c ****   }
 167:board/stm32f401rct6/Drivers/STM32F4xx_HAL_Driver/Src/stm32f4xx_ll_gpio.c **** #endif /* GPIOI */
 168:board/stm32f401rct6/Drivers/STM32F4xx_HAL_Driver/Src/stm32f4xx_ll_gpio.c **** #if defined(GPIOJ)
 169:board/stm32f401rct6/Drivers/STM32F4xx_HAL_Driver/Src/stm32f4xx_ll_gpio.c ****   else if (GPIOx == GPIOJ)
 170:board/stm32f401rct6/Drivers/STM32F4xx_HAL_Driver/Src/stm32f4xx_ll_gpio.c ****   {
 171:board/stm32f401rct6/Drivers/STM32F4xx_HAL_Driver/Src/stm32f4xx_ll_gpio.c ****     LL_AHB1_GRP1_ForceReset(LL_AHB1_GRP1_PERIPH_GPIOJ);
 172:board/stm32f401rct6/Drivers/STM32F4xx_HAL_Driver/Src/stm32f4xx_ll_gpio.c ****     LL_AHB1_GRP1_ReleaseReset(LL_AHB1_GRP1_PERIPH_GPIOJ);
 173:board/stm32f401rct6/Drivers/STM32F4xx_HAL_Driver/Src/stm32f4xx_ll_gpio.c ****   }
 174:board/stm32f401rct6/Drivers/STM32F4xx_HAL_Driver/Src/stm32f4xx_ll_gpio.c **** #endif /* GPIOJ */
 175:board/stm32f401rct6/Drivers/STM32F4xx_HAL_Driver/Src/stm32f4xx_ll_gpio.c **** #if defined(GPIOK)
 176:board/stm32f401rct6/Drivers/STM32F4xx_HAL_Driver/Src/stm32f4xx_ll_gpio.c ****   else if (GPIOx == GPIOK)
 177:board/stm32f401rct6/Drivers/STM32F4xx_HAL_Driver/Src/stm32f4xx_ll_gpio.c ****   {
 178:board/stm32f401rct6/Drivers/STM32F4xx_HAL_Driver/Src/stm32f4xx_ll_gpio.c ****     LL_AHB1_GRP1_ForceReset(LL_AHB1_GRP1_PERIPH_GPIOK);
 179:board/stm32f401rct6/Drivers/STM32F4xx_HAL_Driver/Src/stm32f4xx_ll_gpio.c ****     LL_AHB1_GRP1_ReleaseReset(LL_AHB1_GRP1_PERIPH_GPIOK);
 180:board/stm32f401rct6/Drivers/STM32F4xx_HAL_Driver/Src/stm32f4xx_ll_gpio.c ****   }
 181:board/stm32f401rct6/Drivers/STM32F4xx_HAL_Driver/Src/stm32f4xx_ll_gpio.c **** #endif /* GPIOK */
 182:board/stm32f401rct6/Drivers/STM32F4xx_HAL_Driver/Src/stm32f4xx_ll_gpio.c ****   else
 183:board/stm32f401rct6/Drivers/STM32F4xx_HAL_Driver/Src/stm32f4xx_ll_gpio.c ****   {
 184:board/stm32f401rct6/Drivers/STM32F4xx_HAL_Driver/Src/stm32f4xx_ll_gpio.c ****     status = ERROR;
  67              		.loc 1 184 12 view .LVU15
  68 0024 0120     		movs	r0, #1
  69              	.LVL1:
 185:board/stm32f401rct6/Drivers/STM32F4xx_HAL_Driver/Src/stm32f4xx_ll_gpio.c ****   }
 186:board/stm32f401rct6/Drivers/STM32F4xx_HAL_Driver/Src/stm32f4xx_ll_gpio.c **** 
 187:board/stm32f401rct6/Drivers/STM32F4xx_HAL_Driver/Src/stm32f4xx_ll_gpio.c ****   return (status);
  70              		.loc 1 187 3 is_stmt 1 view .LVU16
 188:board/stm32f401rct6/Drivers/STM32F4xx_HAL_Driver/Src/stm32f4xx_ll_gpio.c **** }
  71              		.loc 1 188 1 is_stmt 0 view .LVU17
  72 0026 7047     		bx	lr
  73              	.LVL2:
  74              	.L9:
 113:board/stm32f401rct6/Drivers/STM32F4xx_HAL_Driver/Src/stm32f4xx_ll_gpio.c ****     LL_AHB1_GRP1_ReleaseReset(LL_AHB1_GRP1_PERIPH_GPIOA);
  75              		.loc 1 113 5 is_stmt 1 view .LVU18
  76              	.LBB84:
  77              	.LBI84:
  78              		.file 2 "board/stm32f401rct6/Drivers/STM32F4xx_HAL_Driver/Inc/stm32f4xx_ll_bus.h"
   1:board/stm32f401rct6/Drivers/STM32F4xx_HAL_Driver/Inc/stm32f4xx_ll_bus.h **** /**
   2:board/stm32f401rct6/Drivers/STM32F4xx_HAL_Driver/Inc/stm32f4xx_ll_bus.h ****   ******************************************************************************
   3:board/stm32f401rct6/Drivers/STM32F4xx_HAL_Driver/Inc/stm32f4xx_ll_bus.h ****   * @file    stm32f4xx_ll_bus.h
   4:board/stm32f401rct6/Drivers/STM32F4xx_HAL_Driver/Inc/stm32f4xx_ll_bus.h ****   * @author  MCD Application Team
   5:board/stm32f401rct6/Drivers/STM32F4xx_HAL_Driver/Inc/stm32f4xx_ll_bus.h ****   * @brief   Header file of BUS LL module.
   6:board/stm32f401rct6/Drivers/STM32F4xx_HAL_Driver/Inc/stm32f4xx_ll_bus.h **** 
   7:board/stm32f401rct6/Drivers/STM32F4xx_HAL_Driver/Inc/stm32f4xx_ll_bus.h ****   @verbatim
   8:board/stm32f401rct6/Drivers/STM32F4xx_HAL_Driver/Inc/stm32f4xx_ll_bus.h ****                       ##### RCC Limitations #####
   9:board/stm32f401rct6/Drivers/STM32F4xx_HAL_Driver/Inc/stm32f4xx_ll_bus.h ****   ==============================================================================
  10:board/stm32f401rct6/Drivers/STM32F4xx_HAL_Driver/Inc/stm32f4xx_ll_bus.h ****     [..]
  11:board/stm32f401rct6/Drivers/STM32F4xx_HAL_Driver/Inc/stm32f4xx_ll_bus.h ****       A delay between an RCC peripheral clock enable and the effective peripheral
  12:board/stm32f401rct6/Drivers/STM32F4xx_HAL_Driver/Inc/stm32f4xx_ll_bus.h ****       enabling should be taken into account in order to manage the peripheral read/write
  13:board/stm32f401rct6/Drivers/STM32F4xx_HAL_Driver/Inc/stm32f4xx_ll_bus.h ****       from/to registers.
  14:board/stm32f401rct6/Drivers/STM32F4xx_HAL_Driver/Inc/stm32f4xx_ll_bus.h ****       (+) This delay depends on the peripheral mapping.
  15:board/stm32f401rct6/Drivers/STM32F4xx_HAL_Driver/Inc/stm32f4xx_ll_bus.h ****         (++) AHB & APB peripherals, 1 dummy read is necessary
  16:board/stm32f401rct6/Drivers/STM32F4xx_HAL_Driver/Inc/stm32f4xx_ll_bus.h **** 
  17:board/stm32f401rct6/Drivers/STM32F4xx_HAL_Driver/Inc/stm32f4xx_ll_bus.h ****     [..]
  18:board/stm32f401rct6/Drivers/STM32F4xx_HAL_Driver/Inc/stm32f4xx_ll_bus.h ****       Workarounds:
  19:board/stm32f401rct6/Drivers/STM32F4xx_HAL_Driver/Inc/stm32f4xx_ll_bus.h ****       (#) For AHB & APB peripherals, a dummy read to the peripheral register has been
ARM GAS  C:\Users\Admin\AppData\Local\Temp\ccELz1LE.s 			page 6


  20:board/stm32f401rct6/Drivers/STM32F4xx_HAL_Driver/Inc/stm32f4xx_ll_bus.h ****           inserted in each LL_{BUS}_GRP{x}_EnableClock() function.
  21:board/stm32f401rct6/Drivers/STM32F4xx_HAL_Driver/Inc/stm32f4xx_ll_bus.h **** 
  22:board/stm32f401rct6/Drivers/STM32F4xx_HAL_Driver/Inc/stm32f4xx_ll_bus.h ****   @endverbatim
  23:board/stm32f401rct6/Drivers/STM32F4xx_HAL_Driver/Inc/stm32f4xx_ll_bus.h ****   ******************************************************************************
  24:board/stm32f401rct6/Drivers/STM32F4xx_HAL_Driver/Inc/stm32f4xx_ll_bus.h ****   * @attention
  25:board/stm32f401rct6/Drivers/STM32F4xx_HAL_Driver/Inc/stm32f4xx_ll_bus.h ****   *
  26:board/stm32f401rct6/Drivers/STM32F4xx_HAL_Driver/Inc/stm32f4xx_ll_bus.h ****   * Copyright (c) 2017 STMicroelectronics.
  27:board/stm32f401rct6/Drivers/STM32F4xx_HAL_Driver/Inc/stm32f4xx_ll_bus.h ****   * All rights reserved.
  28:board/stm32f401rct6/Drivers/STM32F4xx_HAL_Driver/Inc/stm32f4xx_ll_bus.h ****   *
  29:board/stm32f401rct6/Drivers/STM32F4xx_HAL_Driver/Inc/stm32f4xx_ll_bus.h ****   * This software is licensed under terms that can be found in the LICENSE file in
  30:board/stm32f401rct6/Drivers/STM32F4xx_HAL_Driver/Inc/stm32f4xx_ll_bus.h ****   * the root directory of this software component.
  31:board/stm32f401rct6/Drivers/STM32F4xx_HAL_Driver/Inc/stm32f4xx_ll_bus.h ****   * If no LICENSE file comes with this software, it is provided AS-IS.
  32:board/stm32f401rct6/Drivers/STM32F4xx_HAL_Driver/Inc/stm32f4xx_ll_bus.h ****   ******************************************************************************
  33:board/stm32f401rct6/Drivers/STM32F4xx_HAL_Driver/Inc/stm32f4xx_ll_bus.h ****   */
  34:board/stm32f401rct6/Drivers/STM32F4xx_HAL_Driver/Inc/stm32f4xx_ll_bus.h **** 
  35:board/stm32f401rct6/Drivers/STM32F4xx_HAL_Driver/Inc/stm32f4xx_ll_bus.h **** /* Define to prevent recursive inclusion -------------------------------------*/
  36:board/stm32f401rct6/Drivers/STM32F4xx_HAL_Driver/Inc/stm32f4xx_ll_bus.h **** #ifndef __STM32F4xx_LL_BUS_H
  37:board/stm32f401rct6/Drivers/STM32F4xx_HAL_Driver/Inc/stm32f4xx_ll_bus.h **** #define __STM32F4xx_LL_BUS_H
  38:board/stm32f401rct6/Drivers/STM32F4xx_HAL_Driver/Inc/stm32f4xx_ll_bus.h **** 
  39:board/stm32f401rct6/Drivers/STM32F4xx_HAL_Driver/Inc/stm32f4xx_ll_bus.h **** #ifdef __cplusplus
  40:board/stm32f401rct6/Drivers/STM32F4xx_HAL_Driver/Inc/stm32f4xx_ll_bus.h **** extern "C" {
  41:board/stm32f401rct6/Drivers/STM32F4xx_HAL_Driver/Inc/stm32f4xx_ll_bus.h **** #endif
  42:board/stm32f401rct6/Drivers/STM32F4xx_HAL_Driver/Inc/stm32f4xx_ll_bus.h **** 
  43:board/stm32f401rct6/Drivers/STM32F4xx_HAL_Driver/Inc/stm32f4xx_ll_bus.h **** /* Includes ------------------------------------------------------------------*/
  44:board/stm32f401rct6/Drivers/STM32F4xx_HAL_Driver/Inc/stm32f4xx_ll_bus.h **** #include "stm32f4xx.h"
  45:board/stm32f401rct6/Drivers/STM32F4xx_HAL_Driver/Inc/stm32f4xx_ll_bus.h **** 
  46:board/stm32f401rct6/Drivers/STM32F4xx_HAL_Driver/Inc/stm32f4xx_ll_bus.h **** /** @addtogroup STM32F4xx_LL_Driver
  47:board/stm32f401rct6/Drivers/STM32F4xx_HAL_Driver/Inc/stm32f4xx_ll_bus.h ****   * @{
  48:board/stm32f401rct6/Drivers/STM32F4xx_HAL_Driver/Inc/stm32f4xx_ll_bus.h ****   */
  49:board/stm32f401rct6/Drivers/STM32F4xx_HAL_Driver/Inc/stm32f4xx_ll_bus.h **** 
  50:board/stm32f401rct6/Drivers/STM32F4xx_HAL_Driver/Inc/stm32f4xx_ll_bus.h **** #if defined(RCC)
  51:board/stm32f401rct6/Drivers/STM32F4xx_HAL_Driver/Inc/stm32f4xx_ll_bus.h **** 
  52:board/stm32f401rct6/Drivers/STM32F4xx_HAL_Driver/Inc/stm32f4xx_ll_bus.h **** /** @defgroup BUS_LL BUS
  53:board/stm32f401rct6/Drivers/STM32F4xx_HAL_Driver/Inc/stm32f4xx_ll_bus.h ****   * @{
  54:board/stm32f401rct6/Drivers/STM32F4xx_HAL_Driver/Inc/stm32f4xx_ll_bus.h ****   */
  55:board/stm32f401rct6/Drivers/STM32F4xx_HAL_Driver/Inc/stm32f4xx_ll_bus.h **** 
  56:board/stm32f401rct6/Drivers/STM32F4xx_HAL_Driver/Inc/stm32f4xx_ll_bus.h **** /* Private types -------------------------------------------------------------*/
  57:board/stm32f401rct6/Drivers/STM32F4xx_HAL_Driver/Inc/stm32f4xx_ll_bus.h **** /* Private variables ---------------------------------------------------------*/
  58:board/stm32f401rct6/Drivers/STM32F4xx_HAL_Driver/Inc/stm32f4xx_ll_bus.h **** /* Private constants ---------------------------------------------------------*/
  59:board/stm32f401rct6/Drivers/STM32F4xx_HAL_Driver/Inc/stm32f4xx_ll_bus.h **** /* Private macros ------------------------------------------------------------*/
  60:board/stm32f401rct6/Drivers/STM32F4xx_HAL_Driver/Inc/stm32f4xx_ll_bus.h **** /* Exported types ------------------------------------------------------------*/
  61:board/stm32f401rct6/Drivers/STM32F4xx_HAL_Driver/Inc/stm32f4xx_ll_bus.h **** /* Exported constants --------------------------------------------------------*/
  62:board/stm32f401rct6/Drivers/STM32F4xx_HAL_Driver/Inc/stm32f4xx_ll_bus.h **** /** @defgroup BUS_LL_Exported_Constants BUS Exported Constants
  63:board/stm32f401rct6/Drivers/STM32F4xx_HAL_Driver/Inc/stm32f4xx_ll_bus.h ****   * @{
  64:board/stm32f401rct6/Drivers/STM32F4xx_HAL_Driver/Inc/stm32f4xx_ll_bus.h ****   */
  65:board/stm32f401rct6/Drivers/STM32F4xx_HAL_Driver/Inc/stm32f4xx_ll_bus.h **** 
  66:board/stm32f401rct6/Drivers/STM32F4xx_HAL_Driver/Inc/stm32f4xx_ll_bus.h **** /** @defgroup BUS_LL_EC_AHB1_GRP1_PERIPH  AHB1 GRP1 PERIPH
  67:board/stm32f401rct6/Drivers/STM32F4xx_HAL_Driver/Inc/stm32f4xx_ll_bus.h ****   * @{
  68:board/stm32f401rct6/Drivers/STM32F4xx_HAL_Driver/Inc/stm32f4xx_ll_bus.h ****   */
  69:board/stm32f401rct6/Drivers/STM32F4xx_HAL_Driver/Inc/stm32f4xx_ll_bus.h **** #define LL_AHB1_GRP1_PERIPH_ALL             0xFFFFFFFFU
  70:board/stm32f401rct6/Drivers/STM32F4xx_HAL_Driver/Inc/stm32f4xx_ll_bus.h **** #define LL_AHB1_GRP1_PERIPH_GPIOA           RCC_AHB1ENR_GPIOAEN
  71:board/stm32f401rct6/Drivers/STM32F4xx_HAL_Driver/Inc/stm32f4xx_ll_bus.h **** #define LL_AHB1_GRP1_PERIPH_GPIOB           RCC_AHB1ENR_GPIOBEN
  72:board/stm32f401rct6/Drivers/STM32F4xx_HAL_Driver/Inc/stm32f4xx_ll_bus.h **** #define LL_AHB1_GRP1_PERIPH_GPIOC           RCC_AHB1ENR_GPIOCEN
  73:board/stm32f401rct6/Drivers/STM32F4xx_HAL_Driver/Inc/stm32f4xx_ll_bus.h **** #if defined(GPIOD)
  74:board/stm32f401rct6/Drivers/STM32F4xx_HAL_Driver/Inc/stm32f4xx_ll_bus.h **** #define LL_AHB1_GRP1_PERIPH_GPIOD           RCC_AHB1ENR_GPIODEN
  75:board/stm32f401rct6/Drivers/STM32F4xx_HAL_Driver/Inc/stm32f4xx_ll_bus.h **** #endif /* GPIOD */
  76:board/stm32f401rct6/Drivers/STM32F4xx_HAL_Driver/Inc/stm32f4xx_ll_bus.h **** #if defined(GPIOE)
ARM GAS  C:\Users\Admin\AppData\Local\Temp\ccELz1LE.s 			page 7


  77:board/stm32f401rct6/Drivers/STM32F4xx_HAL_Driver/Inc/stm32f4xx_ll_bus.h **** #define LL_AHB1_GRP1_PERIPH_GPIOE           RCC_AHB1ENR_GPIOEEN
  78:board/stm32f401rct6/Drivers/STM32F4xx_HAL_Driver/Inc/stm32f4xx_ll_bus.h **** #endif /* GPIOE */
  79:board/stm32f401rct6/Drivers/STM32F4xx_HAL_Driver/Inc/stm32f4xx_ll_bus.h **** #if defined(GPIOF)
  80:board/stm32f401rct6/Drivers/STM32F4xx_HAL_Driver/Inc/stm32f4xx_ll_bus.h **** #define LL_AHB1_GRP1_PERIPH_GPIOF           RCC_AHB1ENR_GPIOFEN
  81:board/stm32f401rct6/Drivers/STM32F4xx_HAL_Driver/Inc/stm32f4xx_ll_bus.h **** #endif /* GPIOF */
  82:board/stm32f401rct6/Drivers/STM32F4xx_HAL_Driver/Inc/stm32f4xx_ll_bus.h **** #if defined(GPIOG)
  83:board/stm32f401rct6/Drivers/STM32F4xx_HAL_Driver/Inc/stm32f4xx_ll_bus.h **** #define LL_AHB1_GRP1_PERIPH_GPIOG           RCC_AHB1ENR_GPIOGEN
  84:board/stm32f401rct6/Drivers/STM32F4xx_HAL_Driver/Inc/stm32f4xx_ll_bus.h **** #endif /* GPIOG */
  85:board/stm32f401rct6/Drivers/STM32F4xx_HAL_Driver/Inc/stm32f4xx_ll_bus.h **** #if defined(GPIOH)
  86:board/stm32f401rct6/Drivers/STM32F4xx_HAL_Driver/Inc/stm32f4xx_ll_bus.h **** #define LL_AHB1_GRP1_PERIPH_GPIOH           RCC_AHB1ENR_GPIOHEN
  87:board/stm32f401rct6/Drivers/STM32F4xx_HAL_Driver/Inc/stm32f4xx_ll_bus.h **** #endif /* GPIOH */
  88:board/stm32f401rct6/Drivers/STM32F4xx_HAL_Driver/Inc/stm32f4xx_ll_bus.h **** #if defined(GPIOI)
  89:board/stm32f401rct6/Drivers/STM32F4xx_HAL_Driver/Inc/stm32f4xx_ll_bus.h **** #define LL_AHB1_GRP1_PERIPH_GPIOI           RCC_AHB1ENR_GPIOIEN
  90:board/stm32f401rct6/Drivers/STM32F4xx_HAL_Driver/Inc/stm32f4xx_ll_bus.h **** #endif /* GPIOI */
  91:board/stm32f401rct6/Drivers/STM32F4xx_HAL_Driver/Inc/stm32f4xx_ll_bus.h **** #if defined(GPIOJ)
  92:board/stm32f401rct6/Drivers/STM32F4xx_HAL_Driver/Inc/stm32f4xx_ll_bus.h **** #define LL_AHB1_GRP1_PERIPH_GPIOJ           RCC_AHB1ENR_GPIOJEN
  93:board/stm32f401rct6/Drivers/STM32F4xx_HAL_Driver/Inc/stm32f4xx_ll_bus.h **** #endif /* GPIOJ */
  94:board/stm32f401rct6/Drivers/STM32F4xx_HAL_Driver/Inc/stm32f4xx_ll_bus.h **** #if defined(GPIOK)
  95:board/stm32f401rct6/Drivers/STM32F4xx_HAL_Driver/Inc/stm32f4xx_ll_bus.h **** #define LL_AHB1_GRP1_PERIPH_GPIOK           RCC_AHB1ENR_GPIOKEN
  96:board/stm32f401rct6/Drivers/STM32F4xx_HAL_Driver/Inc/stm32f4xx_ll_bus.h **** #endif /* GPIOK */
  97:board/stm32f401rct6/Drivers/STM32F4xx_HAL_Driver/Inc/stm32f4xx_ll_bus.h **** #define LL_AHB1_GRP1_PERIPH_CRC             RCC_AHB1ENR_CRCEN
  98:board/stm32f401rct6/Drivers/STM32F4xx_HAL_Driver/Inc/stm32f4xx_ll_bus.h **** #if defined(RCC_AHB1ENR_BKPSRAMEN)
  99:board/stm32f401rct6/Drivers/STM32F4xx_HAL_Driver/Inc/stm32f4xx_ll_bus.h **** #define LL_AHB1_GRP1_PERIPH_BKPSRAM         RCC_AHB1ENR_BKPSRAMEN
 100:board/stm32f401rct6/Drivers/STM32F4xx_HAL_Driver/Inc/stm32f4xx_ll_bus.h **** #endif /* RCC_AHB1ENR_BKPSRAMEN */
 101:board/stm32f401rct6/Drivers/STM32F4xx_HAL_Driver/Inc/stm32f4xx_ll_bus.h **** #if defined(RCC_AHB1ENR_CCMDATARAMEN)
 102:board/stm32f401rct6/Drivers/STM32F4xx_HAL_Driver/Inc/stm32f4xx_ll_bus.h **** #define LL_AHB1_GRP1_PERIPH_CCMDATARAM      RCC_AHB1ENR_CCMDATARAMEN
 103:board/stm32f401rct6/Drivers/STM32F4xx_HAL_Driver/Inc/stm32f4xx_ll_bus.h **** #endif /* RCC_AHB1ENR_CCMDATARAMEN */
 104:board/stm32f401rct6/Drivers/STM32F4xx_HAL_Driver/Inc/stm32f4xx_ll_bus.h **** #define LL_AHB1_GRP1_PERIPH_DMA1            RCC_AHB1ENR_DMA1EN
 105:board/stm32f401rct6/Drivers/STM32F4xx_HAL_Driver/Inc/stm32f4xx_ll_bus.h **** #define LL_AHB1_GRP1_PERIPH_DMA2            RCC_AHB1ENR_DMA2EN
 106:board/stm32f401rct6/Drivers/STM32F4xx_HAL_Driver/Inc/stm32f4xx_ll_bus.h **** #if defined(RCC_AHB1ENR_RNGEN)
 107:board/stm32f401rct6/Drivers/STM32F4xx_HAL_Driver/Inc/stm32f4xx_ll_bus.h **** #define LL_AHB1_GRP1_PERIPH_RNG             RCC_AHB1ENR_RNGEN
 108:board/stm32f401rct6/Drivers/STM32F4xx_HAL_Driver/Inc/stm32f4xx_ll_bus.h **** #endif /* RCC_AHB1ENR_RNGEN */
 109:board/stm32f401rct6/Drivers/STM32F4xx_HAL_Driver/Inc/stm32f4xx_ll_bus.h **** #if defined(DMA2D)
 110:board/stm32f401rct6/Drivers/STM32F4xx_HAL_Driver/Inc/stm32f4xx_ll_bus.h **** #define LL_AHB1_GRP1_PERIPH_DMA2D           RCC_AHB1ENR_DMA2DEN
 111:board/stm32f401rct6/Drivers/STM32F4xx_HAL_Driver/Inc/stm32f4xx_ll_bus.h **** #endif /* DMA2D */
 112:board/stm32f401rct6/Drivers/STM32F4xx_HAL_Driver/Inc/stm32f4xx_ll_bus.h **** #if defined(ETH)
 113:board/stm32f401rct6/Drivers/STM32F4xx_HAL_Driver/Inc/stm32f4xx_ll_bus.h **** #define LL_AHB1_GRP1_PERIPH_ETHMAC          RCC_AHB1ENR_ETHMACEN
 114:board/stm32f401rct6/Drivers/STM32F4xx_HAL_Driver/Inc/stm32f4xx_ll_bus.h **** #define LL_AHB1_GRP1_PERIPH_ETHMACTX        RCC_AHB1ENR_ETHMACTXEN
 115:board/stm32f401rct6/Drivers/STM32F4xx_HAL_Driver/Inc/stm32f4xx_ll_bus.h **** #define LL_AHB1_GRP1_PERIPH_ETHMACRX        RCC_AHB1ENR_ETHMACRXEN
 116:board/stm32f401rct6/Drivers/STM32F4xx_HAL_Driver/Inc/stm32f4xx_ll_bus.h **** #define LL_AHB1_GRP1_PERIPH_ETHMACPTP       RCC_AHB1ENR_ETHMACPTPEN
 117:board/stm32f401rct6/Drivers/STM32F4xx_HAL_Driver/Inc/stm32f4xx_ll_bus.h **** #endif /* ETH */
 118:board/stm32f401rct6/Drivers/STM32F4xx_HAL_Driver/Inc/stm32f4xx_ll_bus.h **** #if defined(USB_OTG_HS)
 119:board/stm32f401rct6/Drivers/STM32F4xx_HAL_Driver/Inc/stm32f4xx_ll_bus.h **** #define LL_AHB1_GRP1_PERIPH_OTGHS           RCC_AHB1ENR_OTGHSEN
 120:board/stm32f401rct6/Drivers/STM32F4xx_HAL_Driver/Inc/stm32f4xx_ll_bus.h **** #define LL_AHB1_GRP1_PERIPH_OTGHSULPI       RCC_AHB1ENR_OTGHSULPIEN
 121:board/stm32f401rct6/Drivers/STM32F4xx_HAL_Driver/Inc/stm32f4xx_ll_bus.h **** #endif /* USB_OTG_HS */
 122:board/stm32f401rct6/Drivers/STM32F4xx_HAL_Driver/Inc/stm32f4xx_ll_bus.h **** #define LL_AHB1_GRP1_PERIPH_FLITF           RCC_AHB1LPENR_FLITFLPEN
 123:board/stm32f401rct6/Drivers/STM32F4xx_HAL_Driver/Inc/stm32f4xx_ll_bus.h **** #define LL_AHB1_GRP1_PERIPH_SRAM1           RCC_AHB1LPENR_SRAM1LPEN
 124:board/stm32f401rct6/Drivers/STM32F4xx_HAL_Driver/Inc/stm32f4xx_ll_bus.h **** #if defined(RCC_AHB1LPENR_SRAM2LPEN)
 125:board/stm32f401rct6/Drivers/STM32F4xx_HAL_Driver/Inc/stm32f4xx_ll_bus.h **** #define LL_AHB1_GRP1_PERIPH_SRAM2           RCC_AHB1LPENR_SRAM2LPEN
 126:board/stm32f401rct6/Drivers/STM32F4xx_HAL_Driver/Inc/stm32f4xx_ll_bus.h **** #endif /* RCC_AHB1LPENR_SRAM2LPEN */
 127:board/stm32f401rct6/Drivers/STM32F4xx_HAL_Driver/Inc/stm32f4xx_ll_bus.h **** #if defined(RCC_AHB1LPENR_SRAM3LPEN)
 128:board/stm32f401rct6/Drivers/STM32F4xx_HAL_Driver/Inc/stm32f4xx_ll_bus.h **** #define LL_AHB1_GRP1_PERIPH_SRAM3           RCC_AHB1LPENR_SRAM3LPEN
 129:board/stm32f401rct6/Drivers/STM32F4xx_HAL_Driver/Inc/stm32f4xx_ll_bus.h **** #endif /* RCC_AHB1LPENR_SRAM3LPEN */
 130:board/stm32f401rct6/Drivers/STM32F4xx_HAL_Driver/Inc/stm32f4xx_ll_bus.h **** /**
 131:board/stm32f401rct6/Drivers/STM32F4xx_HAL_Driver/Inc/stm32f4xx_ll_bus.h ****   * @}
 132:board/stm32f401rct6/Drivers/STM32F4xx_HAL_Driver/Inc/stm32f4xx_ll_bus.h ****   */
 133:board/stm32f401rct6/Drivers/STM32F4xx_HAL_Driver/Inc/stm32f4xx_ll_bus.h **** 
ARM GAS  C:\Users\Admin\AppData\Local\Temp\ccELz1LE.s 			page 8


 134:board/stm32f401rct6/Drivers/STM32F4xx_HAL_Driver/Inc/stm32f4xx_ll_bus.h **** #if defined(RCC_AHB2_SUPPORT)
 135:board/stm32f401rct6/Drivers/STM32F4xx_HAL_Driver/Inc/stm32f4xx_ll_bus.h **** /** @defgroup BUS_LL_EC_AHB2_GRP1_PERIPH  AHB2 GRP1 PERIPH
 136:board/stm32f401rct6/Drivers/STM32F4xx_HAL_Driver/Inc/stm32f4xx_ll_bus.h ****   * @{
 137:board/stm32f401rct6/Drivers/STM32F4xx_HAL_Driver/Inc/stm32f4xx_ll_bus.h ****   */
 138:board/stm32f401rct6/Drivers/STM32F4xx_HAL_Driver/Inc/stm32f4xx_ll_bus.h **** #define LL_AHB2_GRP1_PERIPH_ALL            0xFFFFFFFFU
 139:board/stm32f401rct6/Drivers/STM32F4xx_HAL_Driver/Inc/stm32f4xx_ll_bus.h **** #if defined(DCMI)
 140:board/stm32f401rct6/Drivers/STM32F4xx_HAL_Driver/Inc/stm32f4xx_ll_bus.h **** #define LL_AHB2_GRP1_PERIPH_DCMI           RCC_AHB2ENR_DCMIEN
 141:board/stm32f401rct6/Drivers/STM32F4xx_HAL_Driver/Inc/stm32f4xx_ll_bus.h **** #endif /* DCMI */
 142:board/stm32f401rct6/Drivers/STM32F4xx_HAL_Driver/Inc/stm32f4xx_ll_bus.h **** #if defined(CRYP)
 143:board/stm32f401rct6/Drivers/STM32F4xx_HAL_Driver/Inc/stm32f4xx_ll_bus.h **** #define LL_AHB2_GRP1_PERIPH_CRYP           RCC_AHB2ENR_CRYPEN
 144:board/stm32f401rct6/Drivers/STM32F4xx_HAL_Driver/Inc/stm32f4xx_ll_bus.h **** #endif /* CRYP */
 145:board/stm32f401rct6/Drivers/STM32F4xx_HAL_Driver/Inc/stm32f4xx_ll_bus.h **** #if defined(AES)
 146:board/stm32f401rct6/Drivers/STM32F4xx_HAL_Driver/Inc/stm32f4xx_ll_bus.h **** #define LL_AHB2_GRP1_PERIPH_AES            RCC_AHB2ENR_AESEN
 147:board/stm32f401rct6/Drivers/STM32F4xx_HAL_Driver/Inc/stm32f4xx_ll_bus.h **** #endif /* AES */
 148:board/stm32f401rct6/Drivers/STM32F4xx_HAL_Driver/Inc/stm32f4xx_ll_bus.h **** #if defined(HASH)
 149:board/stm32f401rct6/Drivers/STM32F4xx_HAL_Driver/Inc/stm32f4xx_ll_bus.h **** #define LL_AHB2_GRP1_PERIPH_HASH           RCC_AHB2ENR_HASHEN
 150:board/stm32f401rct6/Drivers/STM32F4xx_HAL_Driver/Inc/stm32f4xx_ll_bus.h **** #endif /* HASH */
 151:board/stm32f401rct6/Drivers/STM32F4xx_HAL_Driver/Inc/stm32f4xx_ll_bus.h **** #if defined(RCC_AHB2ENR_RNGEN)
 152:board/stm32f401rct6/Drivers/STM32F4xx_HAL_Driver/Inc/stm32f4xx_ll_bus.h **** #define LL_AHB2_GRP1_PERIPH_RNG            RCC_AHB2ENR_RNGEN
 153:board/stm32f401rct6/Drivers/STM32F4xx_HAL_Driver/Inc/stm32f4xx_ll_bus.h **** #endif /* RCC_AHB2ENR_RNGEN */
 154:board/stm32f401rct6/Drivers/STM32F4xx_HAL_Driver/Inc/stm32f4xx_ll_bus.h **** #if defined(USB_OTG_FS)
 155:board/stm32f401rct6/Drivers/STM32F4xx_HAL_Driver/Inc/stm32f4xx_ll_bus.h **** #define LL_AHB2_GRP1_PERIPH_OTGFS          RCC_AHB2ENR_OTGFSEN
 156:board/stm32f401rct6/Drivers/STM32F4xx_HAL_Driver/Inc/stm32f4xx_ll_bus.h **** #endif /* USB_OTG_FS */
 157:board/stm32f401rct6/Drivers/STM32F4xx_HAL_Driver/Inc/stm32f4xx_ll_bus.h **** /**
 158:board/stm32f401rct6/Drivers/STM32F4xx_HAL_Driver/Inc/stm32f4xx_ll_bus.h ****   * @}
 159:board/stm32f401rct6/Drivers/STM32F4xx_HAL_Driver/Inc/stm32f4xx_ll_bus.h ****   */
 160:board/stm32f401rct6/Drivers/STM32F4xx_HAL_Driver/Inc/stm32f4xx_ll_bus.h **** #endif /* RCC_AHB2_SUPPORT */
 161:board/stm32f401rct6/Drivers/STM32F4xx_HAL_Driver/Inc/stm32f4xx_ll_bus.h **** 
 162:board/stm32f401rct6/Drivers/STM32F4xx_HAL_Driver/Inc/stm32f4xx_ll_bus.h **** #if defined(RCC_AHB3_SUPPORT)
 163:board/stm32f401rct6/Drivers/STM32F4xx_HAL_Driver/Inc/stm32f4xx_ll_bus.h **** /** @defgroup BUS_LL_EC_AHB3_GRP1_PERIPH  AHB3 GRP1 PERIPH
 164:board/stm32f401rct6/Drivers/STM32F4xx_HAL_Driver/Inc/stm32f4xx_ll_bus.h ****   * @{
 165:board/stm32f401rct6/Drivers/STM32F4xx_HAL_Driver/Inc/stm32f4xx_ll_bus.h ****   */
 166:board/stm32f401rct6/Drivers/STM32F4xx_HAL_Driver/Inc/stm32f4xx_ll_bus.h **** #define LL_AHB3_GRP1_PERIPH_ALL            0xFFFFFFFFU
 167:board/stm32f401rct6/Drivers/STM32F4xx_HAL_Driver/Inc/stm32f4xx_ll_bus.h **** #if defined(FSMC_Bank1)
 168:board/stm32f401rct6/Drivers/STM32F4xx_HAL_Driver/Inc/stm32f4xx_ll_bus.h **** #define LL_AHB3_GRP1_PERIPH_FSMC           RCC_AHB3ENR_FSMCEN
 169:board/stm32f401rct6/Drivers/STM32F4xx_HAL_Driver/Inc/stm32f4xx_ll_bus.h **** #endif /* FSMC_Bank1 */
 170:board/stm32f401rct6/Drivers/STM32F4xx_HAL_Driver/Inc/stm32f4xx_ll_bus.h **** #if defined(FMC_Bank1)
 171:board/stm32f401rct6/Drivers/STM32F4xx_HAL_Driver/Inc/stm32f4xx_ll_bus.h **** #define LL_AHB3_GRP1_PERIPH_FMC            RCC_AHB3ENR_FMCEN
 172:board/stm32f401rct6/Drivers/STM32F4xx_HAL_Driver/Inc/stm32f4xx_ll_bus.h **** #endif /* FMC_Bank1 */
 173:board/stm32f401rct6/Drivers/STM32F4xx_HAL_Driver/Inc/stm32f4xx_ll_bus.h **** #if defined(QUADSPI)
 174:board/stm32f401rct6/Drivers/STM32F4xx_HAL_Driver/Inc/stm32f4xx_ll_bus.h **** #define LL_AHB3_GRP1_PERIPH_QSPI           RCC_AHB3ENR_QSPIEN
 175:board/stm32f401rct6/Drivers/STM32F4xx_HAL_Driver/Inc/stm32f4xx_ll_bus.h **** #endif /* QUADSPI */
 176:board/stm32f401rct6/Drivers/STM32F4xx_HAL_Driver/Inc/stm32f4xx_ll_bus.h **** /**
 177:board/stm32f401rct6/Drivers/STM32F4xx_HAL_Driver/Inc/stm32f4xx_ll_bus.h ****   * @}
 178:board/stm32f401rct6/Drivers/STM32F4xx_HAL_Driver/Inc/stm32f4xx_ll_bus.h ****   */
 179:board/stm32f401rct6/Drivers/STM32F4xx_HAL_Driver/Inc/stm32f4xx_ll_bus.h **** #endif /* RCC_AHB3_SUPPORT */
 180:board/stm32f401rct6/Drivers/STM32F4xx_HAL_Driver/Inc/stm32f4xx_ll_bus.h **** 
 181:board/stm32f401rct6/Drivers/STM32F4xx_HAL_Driver/Inc/stm32f4xx_ll_bus.h **** /** @defgroup BUS_LL_EC_APB1_GRP1_PERIPH  APB1 GRP1 PERIPH
 182:board/stm32f401rct6/Drivers/STM32F4xx_HAL_Driver/Inc/stm32f4xx_ll_bus.h ****   * @{
 183:board/stm32f401rct6/Drivers/STM32F4xx_HAL_Driver/Inc/stm32f4xx_ll_bus.h ****   */
 184:board/stm32f401rct6/Drivers/STM32F4xx_HAL_Driver/Inc/stm32f4xx_ll_bus.h **** #define LL_APB1_GRP1_PERIPH_ALL            0xFFFFFFFFU
 185:board/stm32f401rct6/Drivers/STM32F4xx_HAL_Driver/Inc/stm32f4xx_ll_bus.h **** #if defined(TIM2)
 186:board/stm32f401rct6/Drivers/STM32F4xx_HAL_Driver/Inc/stm32f4xx_ll_bus.h **** #define LL_APB1_GRP1_PERIPH_TIM2           RCC_APB1ENR_TIM2EN
 187:board/stm32f401rct6/Drivers/STM32F4xx_HAL_Driver/Inc/stm32f4xx_ll_bus.h **** #endif /* TIM2 */
 188:board/stm32f401rct6/Drivers/STM32F4xx_HAL_Driver/Inc/stm32f4xx_ll_bus.h **** #if defined(TIM3)
 189:board/stm32f401rct6/Drivers/STM32F4xx_HAL_Driver/Inc/stm32f4xx_ll_bus.h **** #define LL_APB1_GRP1_PERIPH_TIM3           RCC_APB1ENR_TIM3EN
 190:board/stm32f401rct6/Drivers/STM32F4xx_HAL_Driver/Inc/stm32f4xx_ll_bus.h **** #endif /* TIM3 */
ARM GAS  C:\Users\Admin\AppData\Local\Temp\ccELz1LE.s 			page 9


 191:board/stm32f401rct6/Drivers/STM32F4xx_HAL_Driver/Inc/stm32f4xx_ll_bus.h **** #if defined(TIM4)
 192:board/stm32f401rct6/Drivers/STM32F4xx_HAL_Driver/Inc/stm32f4xx_ll_bus.h **** #define LL_APB1_GRP1_PERIPH_TIM4           RCC_APB1ENR_TIM4EN
 193:board/stm32f401rct6/Drivers/STM32F4xx_HAL_Driver/Inc/stm32f4xx_ll_bus.h **** #endif /* TIM4 */
 194:board/stm32f401rct6/Drivers/STM32F4xx_HAL_Driver/Inc/stm32f4xx_ll_bus.h **** #define LL_APB1_GRP1_PERIPH_TIM5           RCC_APB1ENR_TIM5EN
 195:board/stm32f401rct6/Drivers/STM32F4xx_HAL_Driver/Inc/stm32f4xx_ll_bus.h **** #if defined(TIM6)
 196:board/stm32f401rct6/Drivers/STM32F4xx_HAL_Driver/Inc/stm32f4xx_ll_bus.h **** #define LL_APB1_GRP1_PERIPH_TIM6           RCC_APB1ENR_TIM6EN
 197:board/stm32f401rct6/Drivers/STM32F4xx_HAL_Driver/Inc/stm32f4xx_ll_bus.h **** #endif /* TIM6 */
 198:board/stm32f401rct6/Drivers/STM32F4xx_HAL_Driver/Inc/stm32f4xx_ll_bus.h **** #if defined(TIM7)
 199:board/stm32f401rct6/Drivers/STM32F4xx_HAL_Driver/Inc/stm32f4xx_ll_bus.h **** #define LL_APB1_GRP1_PERIPH_TIM7           RCC_APB1ENR_TIM7EN
 200:board/stm32f401rct6/Drivers/STM32F4xx_HAL_Driver/Inc/stm32f4xx_ll_bus.h **** #endif /* TIM7 */
 201:board/stm32f401rct6/Drivers/STM32F4xx_HAL_Driver/Inc/stm32f4xx_ll_bus.h **** #if defined(TIM12)
 202:board/stm32f401rct6/Drivers/STM32F4xx_HAL_Driver/Inc/stm32f4xx_ll_bus.h **** #define LL_APB1_GRP1_PERIPH_TIM12          RCC_APB1ENR_TIM12EN
 203:board/stm32f401rct6/Drivers/STM32F4xx_HAL_Driver/Inc/stm32f4xx_ll_bus.h **** #endif /* TIM12 */
 204:board/stm32f401rct6/Drivers/STM32F4xx_HAL_Driver/Inc/stm32f4xx_ll_bus.h **** #if defined(TIM13)
 205:board/stm32f401rct6/Drivers/STM32F4xx_HAL_Driver/Inc/stm32f4xx_ll_bus.h **** #define LL_APB1_GRP1_PERIPH_TIM13          RCC_APB1ENR_TIM13EN
 206:board/stm32f401rct6/Drivers/STM32F4xx_HAL_Driver/Inc/stm32f4xx_ll_bus.h **** #endif /* TIM13 */
 207:board/stm32f401rct6/Drivers/STM32F4xx_HAL_Driver/Inc/stm32f4xx_ll_bus.h **** #if defined(TIM14)
 208:board/stm32f401rct6/Drivers/STM32F4xx_HAL_Driver/Inc/stm32f4xx_ll_bus.h **** #define LL_APB1_GRP1_PERIPH_TIM14          RCC_APB1ENR_TIM14EN
 209:board/stm32f401rct6/Drivers/STM32F4xx_HAL_Driver/Inc/stm32f4xx_ll_bus.h **** #endif /* TIM14 */
 210:board/stm32f401rct6/Drivers/STM32F4xx_HAL_Driver/Inc/stm32f4xx_ll_bus.h **** #if defined(LPTIM1)
 211:board/stm32f401rct6/Drivers/STM32F4xx_HAL_Driver/Inc/stm32f4xx_ll_bus.h **** #define LL_APB1_GRP1_PERIPH_LPTIM1         RCC_APB1ENR_LPTIM1EN
 212:board/stm32f401rct6/Drivers/STM32F4xx_HAL_Driver/Inc/stm32f4xx_ll_bus.h **** #endif /* LPTIM1 */
 213:board/stm32f401rct6/Drivers/STM32F4xx_HAL_Driver/Inc/stm32f4xx_ll_bus.h **** #if defined(RCC_APB1ENR_RTCAPBEN)
 214:board/stm32f401rct6/Drivers/STM32F4xx_HAL_Driver/Inc/stm32f4xx_ll_bus.h **** #define LL_APB1_GRP1_PERIPH_RTCAPB         RCC_APB1ENR_RTCAPBEN
 215:board/stm32f401rct6/Drivers/STM32F4xx_HAL_Driver/Inc/stm32f4xx_ll_bus.h **** #endif /* RCC_APB1ENR_RTCAPBEN */
 216:board/stm32f401rct6/Drivers/STM32F4xx_HAL_Driver/Inc/stm32f4xx_ll_bus.h **** #define LL_APB1_GRP1_PERIPH_WWDG           RCC_APB1ENR_WWDGEN
 217:board/stm32f401rct6/Drivers/STM32F4xx_HAL_Driver/Inc/stm32f4xx_ll_bus.h **** #if defined(SPI2)
 218:board/stm32f401rct6/Drivers/STM32F4xx_HAL_Driver/Inc/stm32f4xx_ll_bus.h **** #define LL_APB1_GRP1_PERIPH_SPI2           RCC_APB1ENR_SPI2EN
 219:board/stm32f401rct6/Drivers/STM32F4xx_HAL_Driver/Inc/stm32f4xx_ll_bus.h **** #endif /* SPI2 */
 220:board/stm32f401rct6/Drivers/STM32F4xx_HAL_Driver/Inc/stm32f4xx_ll_bus.h **** #if defined(SPI3)
 221:board/stm32f401rct6/Drivers/STM32F4xx_HAL_Driver/Inc/stm32f4xx_ll_bus.h **** #define LL_APB1_GRP1_PERIPH_SPI3           RCC_APB1ENR_SPI3EN
 222:board/stm32f401rct6/Drivers/STM32F4xx_HAL_Driver/Inc/stm32f4xx_ll_bus.h **** #endif /* SPI3 */
 223:board/stm32f401rct6/Drivers/STM32F4xx_HAL_Driver/Inc/stm32f4xx_ll_bus.h **** #if defined(SPDIFRX)
 224:board/stm32f401rct6/Drivers/STM32F4xx_HAL_Driver/Inc/stm32f4xx_ll_bus.h **** #define LL_APB1_GRP1_PERIPH_SPDIFRX        RCC_APB1ENR_SPDIFRXEN
 225:board/stm32f401rct6/Drivers/STM32F4xx_HAL_Driver/Inc/stm32f4xx_ll_bus.h **** #endif /* SPDIFRX */
 226:board/stm32f401rct6/Drivers/STM32F4xx_HAL_Driver/Inc/stm32f4xx_ll_bus.h **** #define LL_APB1_GRP1_PERIPH_USART2         RCC_APB1ENR_USART2EN
 227:board/stm32f401rct6/Drivers/STM32F4xx_HAL_Driver/Inc/stm32f4xx_ll_bus.h **** #if defined(USART3)
 228:board/stm32f401rct6/Drivers/STM32F4xx_HAL_Driver/Inc/stm32f4xx_ll_bus.h **** #define LL_APB1_GRP1_PERIPH_USART3         RCC_APB1ENR_USART3EN
 229:board/stm32f401rct6/Drivers/STM32F4xx_HAL_Driver/Inc/stm32f4xx_ll_bus.h **** #endif /* USART3 */
 230:board/stm32f401rct6/Drivers/STM32F4xx_HAL_Driver/Inc/stm32f4xx_ll_bus.h **** #if defined(UART4)
 231:board/stm32f401rct6/Drivers/STM32F4xx_HAL_Driver/Inc/stm32f4xx_ll_bus.h **** #define LL_APB1_GRP1_PERIPH_UART4          RCC_APB1ENR_UART4EN
 232:board/stm32f401rct6/Drivers/STM32F4xx_HAL_Driver/Inc/stm32f4xx_ll_bus.h **** #endif /* UART4 */
 233:board/stm32f401rct6/Drivers/STM32F4xx_HAL_Driver/Inc/stm32f4xx_ll_bus.h **** #if defined(UART5)
 234:board/stm32f401rct6/Drivers/STM32F4xx_HAL_Driver/Inc/stm32f4xx_ll_bus.h **** #define LL_APB1_GRP1_PERIPH_UART5          RCC_APB1ENR_UART5EN
 235:board/stm32f401rct6/Drivers/STM32F4xx_HAL_Driver/Inc/stm32f4xx_ll_bus.h **** #endif /* UART5 */
 236:board/stm32f401rct6/Drivers/STM32F4xx_HAL_Driver/Inc/stm32f4xx_ll_bus.h **** #define LL_APB1_GRP1_PERIPH_I2C1           RCC_APB1ENR_I2C1EN
 237:board/stm32f401rct6/Drivers/STM32F4xx_HAL_Driver/Inc/stm32f4xx_ll_bus.h **** #define LL_APB1_GRP1_PERIPH_I2C2           RCC_APB1ENR_I2C2EN
 238:board/stm32f401rct6/Drivers/STM32F4xx_HAL_Driver/Inc/stm32f4xx_ll_bus.h **** #if defined(I2C3)
 239:board/stm32f401rct6/Drivers/STM32F4xx_HAL_Driver/Inc/stm32f4xx_ll_bus.h **** #define LL_APB1_GRP1_PERIPH_I2C3           RCC_APB1ENR_I2C3EN
 240:board/stm32f401rct6/Drivers/STM32F4xx_HAL_Driver/Inc/stm32f4xx_ll_bus.h **** #endif /* I2C3 */
 241:board/stm32f401rct6/Drivers/STM32F4xx_HAL_Driver/Inc/stm32f4xx_ll_bus.h **** #if defined(FMPI2C1)
 242:board/stm32f401rct6/Drivers/STM32F4xx_HAL_Driver/Inc/stm32f4xx_ll_bus.h **** #define LL_APB1_GRP1_PERIPH_FMPI2C1        RCC_APB1ENR_FMPI2C1EN
 243:board/stm32f401rct6/Drivers/STM32F4xx_HAL_Driver/Inc/stm32f4xx_ll_bus.h **** #endif /* FMPI2C1 */
 244:board/stm32f401rct6/Drivers/STM32F4xx_HAL_Driver/Inc/stm32f4xx_ll_bus.h **** #if defined(CAN1)
 245:board/stm32f401rct6/Drivers/STM32F4xx_HAL_Driver/Inc/stm32f4xx_ll_bus.h **** #define LL_APB1_GRP1_PERIPH_CAN1           RCC_APB1ENR_CAN1EN
 246:board/stm32f401rct6/Drivers/STM32F4xx_HAL_Driver/Inc/stm32f4xx_ll_bus.h **** #endif /* CAN1 */
 247:board/stm32f401rct6/Drivers/STM32F4xx_HAL_Driver/Inc/stm32f4xx_ll_bus.h **** #if defined(CAN2)
ARM GAS  C:\Users\Admin\AppData\Local\Temp\ccELz1LE.s 			page 10


 248:board/stm32f401rct6/Drivers/STM32F4xx_HAL_Driver/Inc/stm32f4xx_ll_bus.h **** #define LL_APB1_GRP1_PERIPH_CAN2           RCC_APB1ENR_CAN2EN
 249:board/stm32f401rct6/Drivers/STM32F4xx_HAL_Driver/Inc/stm32f4xx_ll_bus.h **** #endif /* CAN2 */
 250:board/stm32f401rct6/Drivers/STM32F4xx_HAL_Driver/Inc/stm32f4xx_ll_bus.h **** #if defined(CAN3)
 251:board/stm32f401rct6/Drivers/STM32F4xx_HAL_Driver/Inc/stm32f4xx_ll_bus.h **** #define LL_APB1_GRP1_PERIPH_CAN3           RCC_APB1ENR_CAN3EN
 252:board/stm32f401rct6/Drivers/STM32F4xx_HAL_Driver/Inc/stm32f4xx_ll_bus.h **** #endif /* CAN3 */
 253:board/stm32f401rct6/Drivers/STM32F4xx_HAL_Driver/Inc/stm32f4xx_ll_bus.h **** #if defined(CEC)
 254:board/stm32f401rct6/Drivers/STM32F4xx_HAL_Driver/Inc/stm32f4xx_ll_bus.h **** #define LL_APB1_GRP1_PERIPH_CEC            RCC_APB1ENR_CECEN
 255:board/stm32f401rct6/Drivers/STM32F4xx_HAL_Driver/Inc/stm32f4xx_ll_bus.h **** #endif /* CEC */
 256:board/stm32f401rct6/Drivers/STM32F4xx_HAL_Driver/Inc/stm32f4xx_ll_bus.h **** #define LL_APB1_GRP1_PERIPH_PWR            RCC_APB1ENR_PWREN
 257:board/stm32f401rct6/Drivers/STM32F4xx_HAL_Driver/Inc/stm32f4xx_ll_bus.h **** #if defined(DAC1)
 258:board/stm32f401rct6/Drivers/STM32F4xx_HAL_Driver/Inc/stm32f4xx_ll_bus.h **** #define LL_APB1_GRP1_PERIPH_DAC1           RCC_APB1ENR_DACEN
 259:board/stm32f401rct6/Drivers/STM32F4xx_HAL_Driver/Inc/stm32f4xx_ll_bus.h **** #endif /* DAC1 */
 260:board/stm32f401rct6/Drivers/STM32F4xx_HAL_Driver/Inc/stm32f4xx_ll_bus.h **** #if defined(UART7)
 261:board/stm32f401rct6/Drivers/STM32F4xx_HAL_Driver/Inc/stm32f4xx_ll_bus.h **** #define LL_APB1_GRP1_PERIPH_UART7          RCC_APB1ENR_UART7EN
 262:board/stm32f401rct6/Drivers/STM32F4xx_HAL_Driver/Inc/stm32f4xx_ll_bus.h **** #endif /* UART7 */
 263:board/stm32f401rct6/Drivers/STM32F4xx_HAL_Driver/Inc/stm32f4xx_ll_bus.h **** #if defined(UART8)
 264:board/stm32f401rct6/Drivers/STM32F4xx_HAL_Driver/Inc/stm32f4xx_ll_bus.h **** #define LL_APB1_GRP1_PERIPH_UART8          RCC_APB1ENR_UART8EN
 265:board/stm32f401rct6/Drivers/STM32F4xx_HAL_Driver/Inc/stm32f4xx_ll_bus.h **** #endif /* UART8 */
 266:board/stm32f401rct6/Drivers/STM32F4xx_HAL_Driver/Inc/stm32f4xx_ll_bus.h **** /**
 267:board/stm32f401rct6/Drivers/STM32F4xx_HAL_Driver/Inc/stm32f4xx_ll_bus.h ****   * @}
 268:board/stm32f401rct6/Drivers/STM32F4xx_HAL_Driver/Inc/stm32f4xx_ll_bus.h ****   */
 269:board/stm32f401rct6/Drivers/STM32F4xx_HAL_Driver/Inc/stm32f4xx_ll_bus.h **** 
 270:board/stm32f401rct6/Drivers/STM32F4xx_HAL_Driver/Inc/stm32f4xx_ll_bus.h **** /** @defgroup BUS_LL_EC_APB2_GRP1_PERIPH  APB2 GRP1 PERIPH
 271:board/stm32f401rct6/Drivers/STM32F4xx_HAL_Driver/Inc/stm32f4xx_ll_bus.h ****   * @{
 272:board/stm32f401rct6/Drivers/STM32F4xx_HAL_Driver/Inc/stm32f4xx_ll_bus.h ****   */
 273:board/stm32f401rct6/Drivers/STM32F4xx_HAL_Driver/Inc/stm32f4xx_ll_bus.h **** #define LL_APB2_GRP1_PERIPH_ALL          0xFFFFFFFFU
 274:board/stm32f401rct6/Drivers/STM32F4xx_HAL_Driver/Inc/stm32f4xx_ll_bus.h **** #define LL_APB2_GRP1_PERIPH_TIM1         RCC_APB2ENR_TIM1EN
 275:board/stm32f401rct6/Drivers/STM32F4xx_HAL_Driver/Inc/stm32f4xx_ll_bus.h **** #if defined(TIM8)
 276:board/stm32f401rct6/Drivers/STM32F4xx_HAL_Driver/Inc/stm32f4xx_ll_bus.h **** #define LL_APB2_GRP1_PERIPH_TIM8         RCC_APB2ENR_TIM8EN
 277:board/stm32f401rct6/Drivers/STM32F4xx_HAL_Driver/Inc/stm32f4xx_ll_bus.h **** #endif /* TIM8 */
 278:board/stm32f401rct6/Drivers/STM32F4xx_HAL_Driver/Inc/stm32f4xx_ll_bus.h **** #define LL_APB2_GRP1_PERIPH_USART1       RCC_APB2ENR_USART1EN
 279:board/stm32f401rct6/Drivers/STM32F4xx_HAL_Driver/Inc/stm32f4xx_ll_bus.h **** #if defined(USART6)
 280:board/stm32f401rct6/Drivers/STM32F4xx_HAL_Driver/Inc/stm32f4xx_ll_bus.h **** #define LL_APB2_GRP1_PERIPH_USART6       RCC_APB2ENR_USART6EN
 281:board/stm32f401rct6/Drivers/STM32F4xx_HAL_Driver/Inc/stm32f4xx_ll_bus.h **** #endif /* USART6 */
 282:board/stm32f401rct6/Drivers/STM32F4xx_HAL_Driver/Inc/stm32f4xx_ll_bus.h **** #if defined(UART9)
 283:board/stm32f401rct6/Drivers/STM32F4xx_HAL_Driver/Inc/stm32f4xx_ll_bus.h **** #define LL_APB2_GRP1_PERIPH_UART9        RCC_APB2ENR_UART9EN
 284:board/stm32f401rct6/Drivers/STM32F4xx_HAL_Driver/Inc/stm32f4xx_ll_bus.h **** #endif /* UART9 */
 285:board/stm32f401rct6/Drivers/STM32F4xx_HAL_Driver/Inc/stm32f4xx_ll_bus.h **** #if defined(UART10)
 286:board/stm32f401rct6/Drivers/STM32F4xx_HAL_Driver/Inc/stm32f4xx_ll_bus.h **** #define LL_APB2_GRP1_PERIPH_UART10       RCC_APB2ENR_UART10EN
 287:board/stm32f401rct6/Drivers/STM32F4xx_HAL_Driver/Inc/stm32f4xx_ll_bus.h **** #endif /* UART10 */
 288:board/stm32f401rct6/Drivers/STM32F4xx_HAL_Driver/Inc/stm32f4xx_ll_bus.h **** #define LL_APB2_GRP1_PERIPH_ADC1         RCC_APB2ENR_ADC1EN
 289:board/stm32f401rct6/Drivers/STM32F4xx_HAL_Driver/Inc/stm32f4xx_ll_bus.h **** #if defined(ADC2)
 290:board/stm32f401rct6/Drivers/STM32F4xx_HAL_Driver/Inc/stm32f4xx_ll_bus.h **** #define LL_APB2_GRP1_PERIPH_ADC2         RCC_APB2ENR_ADC2EN
 291:board/stm32f401rct6/Drivers/STM32F4xx_HAL_Driver/Inc/stm32f4xx_ll_bus.h **** #endif /* ADC2 */
 292:board/stm32f401rct6/Drivers/STM32F4xx_HAL_Driver/Inc/stm32f4xx_ll_bus.h **** #if defined(ADC3)
 293:board/stm32f401rct6/Drivers/STM32F4xx_HAL_Driver/Inc/stm32f4xx_ll_bus.h **** #define LL_APB2_GRP1_PERIPH_ADC3         RCC_APB2ENR_ADC3EN
 294:board/stm32f401rct6/Drivers/STM32F4xx_HAL_Driver/Inc/stm32f4xx_ll_bus.h **** #endif /* ADC3 */
 295:board/stm32f401rct6/Drivers/STM32F4xx_HAL_Driver/Inc/stm32f4xx_ll_bus.h **** #if defined(SDIO)
 296:board/stm32f401rct6/Drivers/STM32F4xx_HAL_Driver/Inc/stm32f4xx_ll_bus.h **** #define LL_APB2_GRP1_PERIPH_SDIO         RCC_APB2ENR_SDIOEN
 297:board/stm32f401rct6/Drivers/STM32F4xx_HAL_Driver/Inc/stm32f4xx_ll_bus.h **** #endif /* SDIO */
 298:board/stm32f401rct6/Drivers/STM32F4xx_HAL_Driver/Inc/stm32f4xx_ll_bus.h **** #define LL_APB2_GRP1_PERIPH_SPI1         RCC_APB2ENR_SPI1EN
 299:board/stm32f401rct6/Drivers/STM32F4xx_HAL_Driver/Inc/stm32f4xx_ll_bus.h **** #if defined(SPI4)
 300:board/stm32f401rct6/Drivers/STM32F4xx_HAL_Driver/Inc/stm32f4xx_ll_bus.h **** #define LL_APB2_GRP1_PERIPH_SPI4         RCC_APB2ENR_SPI4EN
 301:board/stm32f401rct6/Drivers/STM32F4xx_HAL_Driver/Inc/stm32f4xx_ll_bus.h **** #endif /* SPI4 */
 302:board/stm32f401rct6/Drivers/STM32F4xx_HAL_Driver/Inc/stm32f4xx_ll_bus.h **** #define LL_APB2_GRP1_PERIPH_SYSCFG       RCC_APB2ENR_SYSCFGEN
 303:board/stm32f401rct6/Drivers/STM32F4xx_HAL_Driver/Inc/stm32f4xx_ll_bus.h **** #if defined(RCC_APB2ENR_EXTITEN)
 304:board/stm32f401rct6/Drivers/STM32F4xx_HAL_Driver/Inc/stm32f4xx_ll_bus.h **** #define LL_APB2_GRP1_PERIPH_EXTI         RCC_APB2ENR_EXTITEN
ARM GAS  C:\Users\Admin\AppData\Local\Temp\ccELz1LE.s 			page 11


 305:board/stm32f401rct6/Drivers/STM32F4xx_HAL_Driver/Inc/stm32f4xx_ll_bus.h **** #endif /* RCC_APB2ENR_EXTITEN */
 306:board/stm32f401rct6/Drivers/STM32F4xx_HAL_Driver/Inc/stm32f4xx_ll_bus.h **** #define LL_APB2_GRP1_PERIPH_TIM9         RCC_APB2ENR_TIM9EN
 307:board/stm32f401rct6/Drivers/STM32F4xx_HAL_Driver/Inc/stm32f4xx_ll_bus.h **** #if defined(TIM10)
 308:board/stm32f401rct6/Drivers/STM32F4xx_HAL_Driver/Inc/stm32f4xx_ll_bus.h **** #define LL_APB2_GRP1_PERIPH_TIM10        RCC_APB2ENR_TIM10EN
 309:board/stm32f401rct6/Drivers/STM32F4xx_HAL_Driver/Inc/stm32f4xx_ll_bus.h **** #endif /* TIM10 */
 310:board/stm32f401rct6/Drivers/STM32F4xx_HAL_Driver/Inc/stm32f4xx_ll_bus.h **** #define LL_APB2_GRP1_PERIPH_TIM11        RCC_APB2ENR_TIM11EN
 311:board/stm32f401rct6/Drivers/STM32F4xx_HAL_Driver/Inc/stm32f4xx_ll_bus.h **** #if defined(SPI5)
 312:board/stm32f401rct6/Drivers/STM32F4xx_HAL_Driver/Inc/stm32f4xx_ll_bus.h **** #define LL_APB2_GRP1_PERIPH_SPI5         RCC_APB2ENR_SPI5EN
 313:board/stm32f401rct6/Drivers/STM32F4xx_HAL_Driver/Inc/stm32f4xx_ll_bus.h **** #endif /* SPI5 */
 314:board/stm32f401rct6/Drivers/STM32F4xx_HAL_Driver/Inc/stm32f4xx_ll_bus.h **** #if defined(SPI6)
 315:board/stm32f401rct6/Drivers/STM32F4xx_HAL_Driver/Inc/stm32f4xx_ll_bus.h **** #define LL_APB2_GRP1_PERIPH_SPI6         RCC_APB2ENR_SPI6EN
 316:board/stm32f401rct6/Drivers/STM32F4xx_HAL_Driver/Inc/stm32f4xx_ll_bus.h **** #endif /* SPI6 */
 317:board/stm32f401rct6/Drivers/STM32F4xx_HAL_Driver/Inc/stm32f4xx_ll_bus.h **** #if defined(SAI1)
 318:board/stm32f401rct6/Drivers/STM32F4xx_HAL_Driver/Inc/stm32f4xx_ll_bus.h **** #define LL_APB2_GRP1_PERIPH_SAI1         RCC_APB2ENR_SAI1EN
 319:board/stm32f401rct6/Drivers/STM32F4xx_HAL_Driver/Inc/stm32f4xx_ll_bus.h **** #endif /* SAI1 */
 320:board/stm32f401rct6/Drivers/STM32F4xx_HAL_Driver/Inc/stm32f4xx_ll_bus.h **** #if defined(SAI2)
 321:board/stm32f401rct6/Drivers/STM32F4xx_HAL_Driver/Inc/stm32f4xx_ll_bus.h **** #define LL_APB2_GRP1_PERIPH_SAI2         RCC_APB2ENR_SAI2EN
 322:board/stm32f401rct6/Drivers/STM32F4xx_HAL_Driver/Inc/stm32f4xx_ll_bus.h **** #endif /* SAI2 */
 323:board/stm32f401rct6/Drivers/STM32F4xx_HAL_Driver/Inc/stm32f4xx_ll_bus.h **** #if defined(LTDC)
 324:board/stm32f401rct6/Drivers/STM32F4xx_HAL_Driver/Inc/stm32f4xx_ll_bus.h **** #define LL_APB2_GRP1_PERIPH_LTDC         RCC_APB2ENR_LTDCEN
 325:board/stm32f401rct6/Drivers/STM32F4xx_HAL_Driver/Inc/stm32f4xx_ll_bus.h **** #endif /* LTDC */
 326:board/stm32f401rct6/Drivers/STM32F4xx_HAL_Driver/Inc/stm32f4xx_ll_bus.h **** #if defined(DSI)
 327:board/stm32f401rct6/Drivers/STM32F4xx_HAL_Driver/Inc/stm32f4xx_ll_bus.h **** #define LL_APB2_GRP1_PERIPH_DSI          RCC_APB2ENR_DSIEN
 328:board/stm32f401rct6/Drivers/STM32F4xx_HAL_Driver/Inc/stm32f4xx_ll_bus.h **** #endif /* DSI */
 329:board/stm32f401rct6/Drivers/STM32F4xx_HAL_Driver/Inc/stm32f4xx_ll_bus.h **** #if defined(DFSDM1_Channel0)
 330:board/stm32f401rct6/Drivers/STM32F4xx_HAL_Driver/Inc/stm32f4xx_ll_bus.h **** #define LL_APB2_GRP1_PERIPH_DFSDM1       RCC_APB2ENR_DFSDM1EN
 331:board/stm32f401rct6/Drivers/STM32F4xx_HAL_Driver/Inc/stm32f4xx_ll_bus.h **** #endif /* DFSDM1_Channel0 */
 332:board/stm32f401rct6/Drivers/STM32F4xx_HAL_Driver/Inc/stm32f4xx_ll_bus.h **** #if defined(DFSDM2_Channel0)
 333:board/stm32f401rct6/Drivers/STM32F4xx_HAL_Driver/Inc/stm32f4xx_ll_bus.h **** #define LL_APB2_GRP1_PERIPH_DFSDM2       RCC_APB2ENR_DFSDM2EN
 334:board/stm32f401rct6/Drivers/STM32F4xx_HAL_Driver/Inc/stm32f4xx_ll_bus.h **** #endif /* DFSDM2_Channel0 */
 335:board/stm32f401rct6/Drivers/STM32F4xx_HAL_Driver/Inc/stm32f4xx_ll_bus.h **** #define LL_APB2_GRP1_PERIPH_ADC          RCC_APB2RSTR_ADCRST
 336:board/stm32f401rct6/Drivers/STM32F4xx_HAL_Driver/Inc/stm32f4xx_ll_bus.h **** /**
 337:board/stm32f401rct6/Drivers/STM32F4xx_HAL_Driver/Inc/stm32f4xx_ll_bus.h ****   * @}
 338:board/stm32f401rct6/Drivers/STM32F4xx_HAL_Driver/Inc/stm32f4xx_ll_bus.h ****   */
 339:board/stm32f401rct6/Drivers/STM32F4xx_HAL_Driver/Inc/stm32f4xx_ll_bus.h **** 
 340:board/stm32f401rct6/Drivers/STM32F4xx_HAL_Driver/Inc/stm32f4xx_ll_bus.h **** /**
 341:board/stm32f401rct6/Drivers/STM32F4xx_HAL_Driver/Inc/stm32f4xx_ll_bus.h ****   * @}
 342:board/stm32f401rct6/Drivers/STM32F4xx_HAL_Driver/Inc/stm32f4xx_ll_bus.h ****   */
 343:board/stm32f401rct6/Drivers/STM32F4xx_HAL_Driver/Inc/stm32f4xx_ll_bus.h **** 
 344:board/stm32f401rct6/Drivers/STM32F4xx_HAL_Driver/Inc/stm32f4xx_ll_bus.h **** /* Exported macro ------------------------------------------------------------*/
 345:board/stm32f401rct6/Drivers/STM32F4xx_HAL_Driver/Inc/stm32f4xx_ll_bus.h **** /* Exported functions --------------------------------------------------------*/
 346:board/stm32f401rct6/Drivers/STM32F4xx_HAL_Driver/Inc/stm32f4xx_ll_bus.h **** /** @defgroup BUS_LL_Exported_Functions BUS Exported Functions
 347:board/stm32f401rct6/Drivers/STM32F4xx_HAL_Driver/Inc/stm32f4xx_ll_bus.h ****   * @{
 348:board/stm32f401rct6/Drivers/STM32F4xx_HAL_Driver/Inc/stm32f4xx_ll_bus.h ****   */
 349:board/stm32f401rct6/Drivers/STM32F4xx_HAL_Driver/Inc/stm32f4xx_ll_bus.h **** 
 350:board/stm32f401rct6/Drivers/STM32F4xx_HAL_Driver/Inc/stm32f4xx_ll_bus.h **** /** @defgroup BUS_LL_EF_AHB1 AHB1
 351:board/stm32f401rct6/Drivers/STM32F4xx_HAL_Driver/Inc/stm32f4xx_ll_bus.h ****   * @{
 352:board/stm32f401rct6/Drivers/STM32F4xx_HAL_Driver/Inc/stm32f4xx_ll_bus.h ****   */
 353:board/stm32f401rct6/Drivers/STM32F4xx_HAL_Driver/Inc/stm32f4xx_ll_bus.h **** 
 354:board/stm32f401rct6/Drivers/STM32F4xx_HAL_Driver/Inc/stm32f4xx_ll_bus.h **** /**
 355:board/stm32f401rct6/Drivers/STM32F4xx_HAL_Driver/Inc/stm32f4xx_ll_bus.h ****   * @brief  Enable AHB1 peripherals clock.
 356:board/stm32f401rct6/Drivers/STM32F4xx_HAL_Driver/Inc/stm32f4xx_ll_bus.h ****   * @rmtoll AHB1ENR      GPIOAEN            LL_AHB1_GRP1_EnableClock\n
 357:board/stm32f401rct6/Drivers/STM32F4xx_HAL_Driver/Inc/stm32f4xx_ll_bus.h ****   *         AHB1ENR      GPIOBEN            LL_AHB1_GRP1_EnableClock\n
 358:board/stm32f401rct6/Drivers/STM32F4xx_HAL_Driver/Inc/stm32f4xx_ll_bus.h ****   *         AHB1ENR      GPIOCEN            LL_AHB1_GRP1_EnableClock\n
 359:board/stm32f401rct6/Drivers/STM32F4xx_HAL_Driver/Inc/stm32f4xx_ll_bus.h ****   *         AHB1ENR      GPIODEN            LL_AHB1_GRP1_EnableClock\n
 360:board/stm32f401rct6/Drivers/STM32F4xx_HAL_Driver/Inc/stm32f4xx_ll_bus.h ****   *         AHB1ENR      GPIOEEN            LL_AHB1_GRP1_EnableClock\n
 361:board/stm32f401rct6/Drivers/STM32F4xx_HAL_Driver/Inc/stm32f4xx_ll_bus.h ****   *         AHB1ENR      GPIOFEN            LL_AHB1_GRP1_EnableClock\n
ARM GAS  C:\Users\Admin\AppData\Local\Temp\ccELz1LE.s 			page 12


 362:board/stm32f401rct6/Drivers/STM32F4xx_HAL_Driver/Inc/stm32f4xx_ll_bus.h ****   *         AHB1ENR      GPIOGEN            LL_AHB1_GRP1_EnableClock\n
 363:board/stm32f401rct6/Drivers/STM32F4xx_HAL_Driver/Inc/stm32f4xx_ll_bus.h ****   *         AHB1ENR      GPIOHEN            LL_AHB1_GRP1_EnableClock\n
 364:board/stm32f401rct6/Drivers/STM32F4xx_HAL_Driver/Inc/stm32f4xx_ll_bus.h ****   *         AHB1ENR      GPIOIEN            LL_AHB1_GRP1_EnableClock\n
 365:board/stm32f401rct6/Drivers/STM32F4xx_HAL_Driver/Inc/stm32f4xx_ll_bus.h ****   *         AHB1ENR      GPIOJEN            LL_AHB1_GRP1_EnableClock\n
 366:board/stm32f401rct6/Drivers/STM32F4xx_HAL_Driver/Inc/stm32f4xx_ll_bus.h ****   *         AHB1ENR      GPIOKEN            LL_AHB1_GRP1_EnableClock\n
 367:board/stm32f401rct6/Drivers/STM32F4xx_HAL_Driver/Inc/stm32f4xx_ll_bus.h ****   *         AHB1ENR      CRCEN              LL_AHB1_GRP1_EnableClock\n
 368:board/stm32f401rct6/Drivers/STM32F4xx_HAL_Driver/Inc/stm32f4xx_ll_bus.h ****   *         AHB1ENR      BKPSRAMEN          LL_AHB1_GRP1_EnableClock\n
 369:board/stm32f401rct6/Drivers/STM32F4xx_HAL_Driver/Inc/stm32f4xx_ll_bus.h ****   *         AHB1ENR      CCMDATARAMEN       LL_AHB1_GRP1_EnableClock\n
 370:board/stm32f401rct6/Drivers/STM32F4xx_HAL_Driver/Inc/stm32f4xx_ll_bus.h ****   *         AHB1ENR      DMA1EN             LL_AHB1_GRP1_EnableClock\n
 371:board/stm32f401rct6/Drivers/STM32F4xx_HAL_Driver/Inc/stm32f4xx_ll_bus.h ****   *         AHB1ENR      DMA2EN             LL_AHB1_GRP1_EnableClock\n
 372:board/stm32f401rct6/Drivers/STM32F4xx_HAL_Driver/Inc/stm32f4xx_ll_bus.h ****   *         AHB1ENR      RNGEN              LL_AHB1_GRP1_EnableClock\n
 373:board/stm32f401rct6/Drivers/STM32F4xx_HAL_Driver/Inc/stm32f4xx_ll_bus.h ****   *         AHB1ENR      DMA2DEN            LL_AHB1_GRP1_EnableClock\n
 374:board/stm32f401rct6/Drivers/STM32F4xx_HAL_Driver/Inc/stm32f4xx_ll_bus.h ****   *         AHB1ENR      ETHMACEN           LL_AHB1_GRP1_EnableClock\n
 375:board/stm32f401rct6/Drivers/STM32F4xx_HAL_Driver/Inc/stm32f4xx_ll_bus.h ****   *         AHB1ENR      ETHMACTXEN         LL_AHB1_GRP1_EnableClock\n
 376:board/stm32f401rct6/Drivers/STM32F4xx_HAL_Driver/Inc/stm32f4xx_ll_bus.h ****   *         AHB1ENR      ETHMACRXEN         LL_AHB1_GRP1_EnableClock\n
 377:board/stm32f401rct6/Drivers/STM32F4xx_HAL_Driver/Inc/stm32f4xx_ll_bus.h ****   *         AHB1ENR      ETHMACPTPEN        LL_AHB1_GRP1_EnableClock\n
 378:board/stm32f401rct6/Drivers/STM32F4xx_HAL_Driver/Inc/stm32f4xx_ll_bus.h ****   *         AHB1ENR      OTGHSEN            LL_AHB1_GRP1_EnableClock\n
 379:board/stm32f401rct6/Drivers/STM32F4xx_HAL_Driver/Inc/stm32f4xx_ll_bus.h ****   *         AHB1ENR      OTGHSULPIEN        LL_AHB1_GRP1_EnableClock
 380:board/stm32f401rct6/Drivers/STM32F4xx_HAL_Driver/Inc/stm32f4xx_ll_bus.h ****   * @param  Periphs This parameter can be a combination of the following values:
 381:board/stm32f401rct6/Drivers/STM32F4xx_HAL_Driver/Inc/stm32f4xx_ll_bus.h ****   *         @arg @ref LL_AHB1_GRP1_PERIPH_GPIOA
 382:board/stm32f401rct6/Drivers/STM32F4xx_HAL_Driver/Inc/stm32f4xx_ll_bus.h ****   *         @arg @ref LL_AHB1_GRP1_PERIPH_GPIOB
 383:board/stm32f401rct6/Drivers/STM32F4xx_HAL_Driver/Inc/stm32f4xx_ll_bus.h ****   *         @arg @ref LL_AHB1_GRP1_PERIPH_GPIOC
 384:board/stm32f401rct6/Drivers/STM32F4xx_HAL_Driver/Inc/stm32f4xx_ll_bus.h ****   *         @arg @ref LL_AHB1_GRP1_PERIPH_GPIOD (*)
 385:board/stm32f401rct6/Drivers/STM32F4xx_HAL_Driver/Inc/stm32f4xx_ll_bus.h ****   *         @arg @ref LL_AHB1_GRP1_PERIPH_GPIOE (*)
 386:board/stm32f401rct6/Drivers/STM32F4xx_HAL_Driver/Inc/stm32f4xx_ll_bus.h ****   *         @arg @ref LL_AHB1_GRP1_PERIPH_GPIOF (*)
 387:board/stm32f401rct6/Drivers/STM32F4xx_HAL_Driver/Inc/stm32f4xx_ll_bus.h ****   *         @arg @ref LL_AHB1_GRP1_PERIPH_GPIOG (*)
 388:board/stm32f401rct6/Drivers/STM32F4xx_HAL_Driver/Inc/stm32f4xx_ll_bus.h ****   *         @arg @ref LL_AHB1_GRP1_PERIPH_GPIOH (*)
 389:board/stm32f401rct6/Drivers/STM32F4xx_HAL_Driver/Inc/stm32f4xx_ll_bus.h ****   *         @arg @ref LL_AHB1_GRP1_PERIPH_GPIOI (*)
 390:board/stm32f401rct6/Drivers/STM32F4xx_HAL_Driver/Inc/stm32f4xx_ll_bus.h ****   *         @arg @ref LL_AHB1_GRP1_PERIPH_GPIOJ (*)
 391:board/stm32f401rct6/Drivers/STM32F4xx_HAL_Driver/Inc/stm32f4xx_ll_bus.h ****   *         @arg @ref LL_AHB1_GRP1_PERIPH_GPIOK (*)
 392:board/stm32f401rct6/Drivers/STM32F4xx_HAL_Driver/Inc/stm32f4xx_ll_bus.h ****   *         @arg @ref LL_AHB1_GRP1_PERIPH_CRC
 393:board/stm32f401rct6/Drivers/STM32F4xx_HAL_Driver/Inc/stm32f4xx_ll_bus.h ****   *         @arg @ref LL_AHB1_GRP1_PERIPH_BKPSRAM (*)
 394:board/stm32f401rct6/Drivers/STM32F4xx_HAL_Driver/Inc/stm32f4xx_ll_bus.h ****   *         @arg @ref LL_AHB1_GRP1_PERIPH_CCMDATARAM (*)
 395:board/stm32f401rct6/Drivers/STM32F4xx_HAL_Driver/Inc/stm32f4xx_ll_bus.h ****   *         @arg @ref LL_AHB1_GRP1_PERIPH_DMA1
 396:board/stm32f401rct6/Drivers/STM32F4xx_HAL_Driver/Inc/stm32f4xx_ll_bus.h ****   *         @arg @ref LL_AHB1_GRP1_PERIPH_DMA2
 397:board/stm32f401rct6/Drivers/STM32F4xx_HAL_Driver/Inc/stm32f4xx_ll_bus.h ****   *         @arg @ref LL_AHB1_GRP1_PERIPH_RNG (*)
 398:board/stm32f401rct6/Drivers/STM32F4xx_HAL_Driver/Inc/stm32f4xx_ll_bus.h ****   *         @arg @ref LL_AHB1_GRP1_PERIPH_DMA2D (*)
 399:board/stm32f401rct6/Drivers/STM32F4xx_HAL_Driver/Inc/stm32f4xx_ll_bus.h ****   *         @arg @ref LL_AHB1_GRP1_PERIPH_ETHMAC (*)
 400:board/stm32f401rct6/Drivers/STM32F4xx_HAL_Driver/Inc/stm32f4xx_ll_bus.h ****   *         @arg @ref LL_AHB1_GRP1_PERIPH_ETHMACTX (*)
 401:board/stm32f401rct6/Drivers/STM32F4xx_HAL_Driver/Inc/stm32f4xx_ll_bus.h ****   *         @arg @ref LL_AHB1_GRP1_PERIPH_ETHMACRX (*)
 402:board/stm32f401rct6/Drivers/STM32F4xx_HAL_Driver/Inc/stm32f4xx_ll_bus.h ****   *         @arg @ref LL_AHB1_GRP1_PERIPH_ETHMACPTP (*)
 403:board/stm32f401rct6/Drivers/STM32F4xx_HAL_Driver/Inc/stm32f4xx_ll_bus.h ****   *         @arg @ref LL_AHB1_GRP1_PERIPH_OTGHS (*)
 404:board/stm32f401rct6/Drivers/STM32F4xx_HAL_Driver/Inc/stm32f4xx_ll_bus.h ****   *         @arg @ref LL_AHB1_GRP1_PERIPH_OTGHSULPI (*)
 405:board/stm32f401rct6/Drivers/STM32F4xx_HAL_Driver/Inc/stm32f4xx_ll_bus.h ****   *
 406:board/stm32f401rct6/Drivers/STM32F4xx_HAL_Driver/Inc/stm32f4xx_ll_bus.h ****   *         (*) value not defined in all devices.
 407:board/stm32f401rct6/Drivers/STM32F4xx_HAL_Driver/Inc/stm32f4xx_ll_bus.h ****   * @retval None
 408:board/stm32f401rct6/Drivers/STM32F4xx_HAL_Driver/Inc/stm32f4xx_ll_bus.h ****   */
 409:board/stm32f401rct6/Drivers/STM32F4xx_HAL_Driver/Inc/stm32f4xx_ll_bus.h **** __STATIC_INLINE void LL_AHB1_GRP1_EnableClock(uint32_t Periphs)
 410:board/stm32f401rct6/Drivers/STM32F4xx_HAL_Driver/Inc/stm32f4xx_ll_bus.h **** {
 411:board/stm32f401rct6/Drivers/STM32F4xx_HAL_Driver/Inc/stm32f4xx_ll_bus.h ****   __IO uint32_t tmpreg;
 412:board/stm32f401rct6/Drivers/STM32F4xx_HAL_Driver/Inc/stm32f4xx_ll_bus.h ****   SET_BIT(RCC->AHB1ENR, Periphs);
 413:board/stm32f401rct6/Drivers/STM32F4xx_HAL_Driver/Inc/stm32f4xx_ll_bus.h ****   /* Delay after an RCC peripheral clock enabling */
 414:board/stm32f401rct6/Drivers/STM32F4xx_HAL_Driver/Inc/stm32f4xx_ll_bus.h ****   tmpreg = READ_BIT(RCC->AHB1ENR, Periphs);
 415:board/stm32f401rct6/Drivers/STM32F4xx_HAL_Driver/Inc/stm32f4xx_ll_bus.h ****   (void)tmpreg;
 416:board/stm32f401rct6/Drivers/STM32F4xx_HAL_Driver/Inc/stm32f4xx_ll_bus.h **** }
 417:board/stm32f401rct6/Drivers/STM32F4xx_HAL_Driver/Inc/stm32f4xx_ll_bus.h **** 
 418:board/stm32f401rct6/Drivers/STM32F4xx_HAL_Driver/Inc/stm32f4xx_ll_bus.h **** /**
ARM GAS  C:\Users\Admin\AppData\Local\Temp\ccELz1LE.s 			page 13


 419:board/stm32f401rct6/Drivers/STM32F4xx_HAL_Driver/Inc/stm32f4xx_ll_bus.h ****   * @brief  Check if AHB1 peripheral clock is enabled or not
 420:board/stm32f401rct6/Drivers/STM32F4xx_HAL_Driver/Inc/stm32f4xx_ll_bus.h ****   * @rmtoll AHB1ENR      GPIOAEN            LL_AHB1_GRP1_IsEnabledClock\n
 421:board/stm32f401rct6/Drivers/STM32F4xx_HAL_Driver/Inc/stm32f4xx_ll_bus.h ****   *         AHB1ENR      GPIOBEN            LL_AHB1_GRP1_IsEnabledClock\n
 422:board/stm32f401rct6/Drivers/STM32F4xx_HAL_Driver/Inc/stm32f4xx_ll_bus.h ****   *         AHB1ENR      GPIOCEN            LL_AHB1_GRP1_IsEnabledClock\n
 423:board/stm32f401rct6/Drivers/STM32F4xx_HAL_Driver/Inc/stm32f4xx_ll_bus.h ****   *         AHB1ENR      GPIODEN            LL_AHB1_GRP1_IsEnabledClock\n
 424:board/stm32f401rct6/Drivers/STM32F4xx_HAL_Driver/Inc/stm32f4xx_ll_bus.h ****   *         AHB1ENR      GPIOEEN            LL_AHB1_GRP1_IsEnabledClock\n
 425:board/stm32f401rct6/Drivers/STM32F4xx_HAL_Driver/Inc/stm32f4xx_ll_bus.h ****   *         AHB1ENR      GPIOFEN            LL_AHB1_GRP1_IsEnabledClock\n
 426:board/stm32f401rct6/Drivers/STM32F4xx_HAL_Driver/Inc/stm32f4xx_ll_bus.h ****   *         AHB1ENR      GPIOGEN            LL_AHB1_GRP1_IsEnabledClock\n
 427:board/stm32f401rct6/Drivers/STM32F4xx_HAL_Driver/Inc/stm32f4xx_ll_bus.h ****   *         AHB1ENR      GPIOHEN            LL_AHB1_GRP1_IsEnabledClock\n
 428:board/stm32f401rct6/Drivers/STM32F4xx_HAL_Driver/Inc/stm32f4xx_ll_bus.h ****   *         AHB1ENR      GPIOIEN            LL_AHB1_GRP1_IsEnabledClock\n
 429:board/stm32f401rct6/Drivers/STM32F4xx_HAL_Driver/Inc/stm32f4xx_ll_bus.h ****   *         AHB1ENR      GPIOJEN            LL_AHB1_GRP1_IsEnabledClock\n
 430:board/stm32f401rct6/Drivers/STM32F4xx_HAL_Driver/Inc/stm32f4xx_ll_bus.h ****   *         AHB1ENR      GPIOKEN            LL_AHB1_GRP1_IsEnabledClock\n
 431:board/stm32f401rct6/Drivers/STM32F4xx_HAL_Driver/Inc/stm32f4xx_ll_bus.h ****   *         AHB1ENR      CRCEN              LL_AHB1_GRP1_IsEnabledClock\n
 432:board/stm32f401rct6/Drivers/STM32F4xx_HAL_Driver/Inc/stm32f4xx_ll_bus.h ****   *         AHB1ENR      BKPSRAMEN          LL_AHB1_GRP1_IsEnabledClock\n
 433:board/stm32f401rct6/Drivers/STM32F4xx_HAL_Driver/Inc/stm32f4xx_ll_bus.h ****   *         AHB1ENR      CCMDATARAMEN       LL_AHB1_GRP1_IsEnabledClock\n
 434:board/stm32f401rct6/Drivers/STM32F4xx_HAL_Driver/Inc/stm32f4xx_ll_bus.h ****   *         AHB1ENR      DMA1EN             LL_AHB1_GRP1_IsEnabledClock\n
 435:board/stm32f401rct6/Drivers/STM32F4xx_HAL_Driver/Inc/stm32f4xx_ll_bus.h ****   *         AHB1ENR      DMA2EN             LL_AHB1_GRP1_IsEnabledClock\n
 436:board/stm32f401rct6/Drivers/STM32F4xx_HAL_Driver/Inc/stm32f4xx_ll_bus.h ****   *         AHB1ENR      RNGEN              LL_AHB1_GRP1_IsEnabledClock\n
 437:board/stm32f401rct6/Drivers/STM32F4xx_HAL_Driver/Inc/stm32f4xx_ll_bus.h ****   *         AHB1ENR      DMA2DEN            LL_AHB1_GRP1_IsEnabledClock\n
 438:board/stm32f401rct6/Drivers/STM32F4xx_HAL_Driver/Inc/stm32f4xx_ll_bus.h ****   *         AHB1ENR      ETHMACEN           LL_AHB1_GRP1_IsEnabledClock\n
 439:board/stm32f401rct6/Drivers/STM32F4xx_HAL_Driver/Inc/stm32f4xx_ll_bus.h ****   *         AHB1ENR      ETHMACTXEN         LL_AHB1_GRP1_IsEnabledClock\n
 440:board/stm32f401rct6/Drivers/STM32F4xx_HAL_Driver/Inc/stm32f4xx_ll_bus.h ****   *         AHB1ENR      ETHMACRXEN         LL_AHB1_GRP1_IsEnabledClock\n
 441:board/stm32f401rct6/Drivers/STM32F4xx_HAL_Driver/Inc/stm32f4xx_ll_bus.h ****   *         AHB1ENR      ETHMACPTPEN        LL_AHB1_GRP1_IsEnabledClock\n
 442:board/stm32f401rct6/Drivers/STM32F4xx_HAL_Driver/Inc/stm32f4xx_ll_bus.h ****   *         AHB1ENR      OTGHSEN            LL_AHB1_GRP1_IsEnabledClock\n
 443:board/stm32f401rct6/Drivers/STM32F4xx_HAL_Driver/Inc/stm32f4xx_ll_bus.h ****   *         AHB1ENR      OTGHSULPIEN        LL_AHB1_GRP1_IsEnabledClock
 444:board/stm32f401rct6/Drivers/STM32F4xx_HAL_Driver/Inc/stm32f4xx_ll_bus.h ****   * @param  Periphs This parameter can be a combination of the following values:
 445:board/stm32f401rct6/Drivers/STM32F4xx_HAL_Driver/Inc/stm32f4xx_ll_bus.h ****   *         @arg @ref LL_AHB1_GRP1_PERIPH_GPIOA
 446:board/stm32f401rct6/Drivers/STM32F4xx_HAL_Driver/Inc/stm32f4xx_ll_bus.h ****   *         @arg @ref LL_AHB1_GRP1_PERIPH_GPIOB
 447:board/stm32f401rct6/Drivers/STM32F4xx_HAL_Driver/Inc/stm32f4xx_ll_bus.h ****   *         @arg @ref LL_AHB1_GRP1_PERIPH_GPIOC
 448:board/stm32f401rct6/Drivers/STM32F4xx_HAL_Driver/Inc/stm32f4xx_ll_bus.h ****   *         @arg @ref LL_AHB1_GRP1_PERIPH_GPIOD (*)
 449:board/stm32f401rct6/Drivers/STM32F4xx_HAL_Driver/Inc/stm32f4xx_ll_bus.h ****   *         @arg @ref LL_AHB1_GRP1_PERIPH_GPIOE (*)
 450:board/stm32f401rct6/Drivers/STM32F4xx_HAL_Driver/Inc/stm32f4xx_ll_bus.h ****   *         @arg @ref LL_AHB1_GRP1_PERIPH_GPIOF (*)
 451:board/stm32f401rct6/Drivers/STM32F4xx_HAL_Driver/Inc/stm32f4xx_ll_bus.h ****   *         @arg @ref LL_AHB1_GRP1_PERIPH_GPIOG (*)
 452:board/stm32f401rct6/Drivers/STM32F4xx_HAL_Driver/Inc/stm32f4xx_ll_bus.h ****   *         @arg @ref LL_AHB1_GRP1_PERIPH_GPIOH (*)
 453:board/stm32f401rct6/Drivers/STM32F4xx_HAL_Driver/Inc/stm32f4xx_ll_bus.h ****   *         @arg @ref LL_AHB1_GRP1_PERIPH_GPIOI (*)
 454:board/stm32f401rct6/Drivers/STM32F4xx_HAL_Driver/Inc/stm32f4xx_ll_bus.h ****   *         @arg @ref LL_AHB1_GRP1_PERIPH_GPIOJ (*)
 455:board/stm32f401rct6/Drivers/STM32F4xx_HAL_Driver/Inc/stm32f4xx_ll_bus.h ****   *         @arg @ref LL_AHB1_GRP1_PERIPH_GPIOK (*)
 456:board/stm32f401rct6/Drivers/STM32F4xx_HAL_Driver/Inc/stm32f4xx_ll_bus.h ****   *         @arg @ref LL_AHB1_GRP1_PERIPH_CRC
 457:board/stm32f401rct6/Drivers/STM32F4xx_HAL_Driver/Inc/stm32f4xx_ll_bus.h ****   *         @arg @ref LL_AHB1_GRP1_PERIPH_BKPSRAM (*)
 458:board/stm32f401rct6/Drivers/STM32F4xx_HAL_Driver/Inc/stm32f4xx_ll_bus.h ****   *         @arg @ref LL_AHB1_GRP1_PERIPH_CCMDATARAM (*)
 459:board/stm32f401rct6/Drivers/STM32F4xx_HAL_Driver/Inc/stm32f4xx_ll_bus.h ****   *         @arg @ref LL_AHB1_GRP1_PERIPH_DMA1
 460:board/stm32f401rct6/Drivers/STM32F4xx_HAL_Driver/Inc/stm32f4xx_ll_bus.h ****   *         @arg @ref LL_AHB1_GRP1_PERIPH_DMA2
 461:board/stm32f401rct6/Drivers/STM32F4xx_HAL_Driver/Inc/stm32f4xx_ll_bus.h ****   *         @arg @ref LL_AHB1_GRP1_PERIPH_RNG (*)
 462:board/stm32f401rct6/Drivers/STM32F4xx_HAL_Driver/Inc/stm32f4xx_ll_bus.h ****   *         @arg @ref LL_AHB1_GRP1_PERIPH_DMA2D (*)
 463:board/stm32f401rct6/Drivers/STM32F4xx_HAL_Driver/Inc/stm32f4xx_ll_bus.h ****   *         @arg @ref LL_AHB1_GRP1_PERIPH_ETHMAC (*)
 464:board/stm32f401rct6/Drivers/STM32F4xx_HAL_Driver/Inc/stm32f4xx_ll_bus.h ****   *         @arg @ref LL_AHB1_GRP1_PERIPH_ETHMACTX (*)
 465:board/stm32f401rct6/Drivers/STM32F4xx_HAL_Driver/Inc/stm32f4xx_ll_bus.h ****   *         @arg @ref LL_AHB1_GRP1_PERIPH_ETHMACRX (*)
 466:board/stm32f401rct6/Drivers/STM32F4xx_HAL_Driver/Inc/stm32f4xx_ll_bus.h ****   *         @arg @ref LL_AHB1_GRP1_PERIPH_ETHMACPTP (*)
 467:board/stm32f401rct6/Drivers/STM32F4xx_HAL_Driver/Inc/stm32f4xx_ll_bus.h ****   *         @arg @ref LL_AHB1_GRP1_PERIPH_OTGHS (*)
 468:board/stm32f401rct6/Drivers/STM32F4xx_HAL_Driver/Inc/stm32f4xx_ll_bus.h ****   *         @arg @ref LL_AHB1_GRP1_PERIPH_OTGHSULPI (*)
 469:board/stm32f401rct6/Drivers/STM32F4xx_HAL_Driver/Inc/stm32f4xx_ll_bus.h ****   *
 470:board/stm32f401rct6/Drivers/STM32F4xx_HAL_Driver/Inc/stm32f4xx_ll_bus.h ****   *         (*) value not defined in all devices.
 471:board/stm32f401rct6/Drivers/STM32F4xx_HAL_Driver/Inc/stm32f4xx_ll_bus.h ****   * @retval State of Periphs (1 or 0).
 472:board/stm32f401rct6/Drivers/STM32F4xx_HAL_Driver/Inc/stm32f4xx_ll_bus.h ****   */
 473:board/stm32f401rct6/Drivers/STM32F4xx_HAL_Driver/Inc/stm32f4xx_ll_bus.h **** __STATIC_INLINE uint32_t LL_AHB1_GRP1_IsEnabledClock(uint32_t Periphs)
 474:board/stm32f401rct6/Drivers/STM32F4xx_HAL_Driver/Inc/stm32f4xx_ll_bus.h **** {
 475:board/stm32f401rct6/Drivers/STM32F4xx_HAL_Driver/Inc/stm32f4xx_ll_bus.h ****   return (READ_BIT(RCC->AHB1ENR, Periphs) == Periphs);
ARM GAS  C:\Users\Admin\AppData\Local\Temp\ccELz1LE.s 			page 14


 476:board/stm32f401rct6/Drivers/STM32F4xx_HAL_Driver/Inc/stm32f4xx_ll_bus.h **** }
 477:board/stm32f401rct6/Drivers/STM32F4xx_HAL_Driver/Inc/stm32f4xx_ll_bus.h **** 
 478:board/stm32f401rct6/Drivers/STM32F4xx_HAL_Driver/Inc/stm32f4xx_ll_bus.h **** /**
 479:board/stm32f401rct6/Drivers/STM32F4xx_HAL_Driver/Inc/stm32f4xx_ll_bus.h ****   * @brief  Disable AHB1 peripherals clock.
 480:board/stm32f401rct6/Drivers/STM32F4xx_HAL_Driver/Inc/stm32f4xx_ll_bus.h ****   * @rmtoll AHB1ENR      GPIOAEN            LL_AHB1_GRP1_DisableClock\n
 481:board/stm32f401rct6/Drivers/STM32F4xx_HAL_Driver/Inc/stm32f4xx_ll_bus.h ****   *         AHB1ENR      GPIOBEN            LL_AHB1_GRP1_DisableClock\n
 482:board/stm32f401rct6/Drivers/STM32F4xx_HAL_Driver/Inc/stm32f4xx_ll_bus.h ****   *         AHB1ENR      GPIOCEN            LL_AHB1_GRP1_DisableClock\n
 483:board/stm32f401rct6/Drivers/STM32F4xx_HAL_Driver/Inc/stm32f4xx_ll_bus.h ****   *         AHB1ENR      GPIODEN            LL_AHB1_GRP1_DisableClock\n
 484:board/stm32f401rct6/Drivers/STM32F4xx_HAL_Driver/Inc/stm32f4xx_ll_bus.h ****   *         AHB1ENR      GPIOEEN            LL_AHB1_GRP1_DisableClock\n
 485:board/stm32f401rct6/Drivers/STM32F4xx_HAL_Driver/Inc/stm32f4xx_ll_bus.h ****   *         AHB1ENR      GPIOFEN            LL_AHB1_GRP1_DisableClock\n
 486:board/stm32f401rct6/Drivers/STM32F4xx_HAL_Driver/Inc/stm32f4xx_ll_bus.h ****   *         AHB1ENR      GPIOGEN            LL_AHB1_GRP1_DisableClock\n
 487:board/stm32f401rct6/Drivers/STM32F4xx_HAL_Driver/Inc/stm32f4xx_ll_bus.h ****   *         AHB1ENR      GPIOHEN            LL_AHB1_GRP1_DisableClock\n
 488:board/stm32f401rct6/Drivers/STM32F4xx_HAL_Driver/Inc/stm32f4xx_ll_bus.h ****   *         AHB1ENR      GPIOIEN            LL_AHB1_GRP1_DisableClock\n
 489:board/stm32f401rct6/Drivers/STM32F4xx_HAL_Driver/Inc/stm32f4xx_ll_bus.h ****   *         AHB1ENR      GPIOJEN            LL_AHB1_GRP1_DisableClock\n
 490:board/stm32f401rct6/Drivers/STM32F4xx_HAL_Driver/Inc/stm32f4xx_ll_bus.h ****   *         AHB1ENR      GPIOKEN            LL_AHB1_GRP1_DisableClock\n
 491:board/stm32f401rct6/Drivers/STM32F4xx_HAL_Driver/Inc/stm32f4xx_ll_bus.h ****   *         AHB1ENR      CRCEN              LL_AHB1_GRP1_DisableClock\n
 492:board/stm32f401rct6/Drivers/STM32F4xx_HAL_Driver/Inc/stm32f4xx_ll_bus.h ****   *         AHB1ENR      BKPSRAMEN          LL_AHB1_GRP1_DisableClock\n
 493:board/stm32f401rct6/Drivers/STM32F4xx_HAL_Driver/Inc/stm32f4xx_ll_bus.h ****   *         AHB1ENR      CCMDATARAMEN       LL_AHB1_GRP1_DisableClock\n
 494:board/stm32f401rct6/Drivers/STM32F4xx_HAL_Driver/Inc/stm32f4xx_ll_bus.h ****   *         AHB1ENR      DMA1EN             LL_AHB1_GRP1_DisableClock\n
 495:board/stm32f401rct6/Drivers/STM32F4xx_HAL_Driver/Inc/stm32f4xx_ll_bus.h ****   *         AHB1ENR      DMA2EN             LL_AHB1_GRP1_DisableClock\n
 496:board/stm32f401rct6/Drivers/STM32F4xx_HAL_Driver/Inc/stm32f4xx_ll_bus.h ****   *         AHB1ENR      RNGEN              LL_AHB1_GRP1_DisableClock\n
 497:board/stm32f401rct6/Drivers/STM32F4xx_HAL_Driver/Inc/stm32f4xx_ll_bus.h ****   *         AHB1ENR      DMA2DEN            LL_AHB1_GRP1_DisableClock\n
 498:board/stm32f401rct6/Drivers/STM32F4xx_HAL_Driver/Inc/stm32f4xx_ll_bus.h ****   *         AHB1ENR      ETHMACEN           LL_AHB1_GRP1_DisableClock\n
 499:board/stm32f401rct6/Drivers/STM32F4xx_HAL_Driver/Inc/stm32f4xx_ll_bus.h ****   *         AHB1ENR      ETHMACTXEN         LL_AHB1_GRP1_DisableClock\n
 500:board/stm32f401rct6/Drivers/STM32F4xx_HAL_Driver/Inc/stm32f4xx_ll_bus.h ****   *         AHB1ENR      ETHMACRXEN         LL_AHB1_GRP1_DisableClock\n
 501:board/stm32f401rct6/Drivers/STM32F4xx_HAL_Driver/Inc/stm32f4xx_ll_bus.h ****   *         AHB1ENR      ETHMACPTPEN        LL_AHB1_GRP1_DisableClock\n
 502:board/stm32f401rct6/Drivers/STM32F4xx_HAL_Driver/Inc/stm32f4xx_ll_bus.h ****   *         AHB1ENR      OTGHSEN            LL_AHB1_GRP1_DisableClock\n
 503:board/stm32f401rct6/Drivers/STM32F4xx_HAL_Driver/Inc/stm32f4xx_ll_bus.h ****   *         AHB1ENR      OTGHSULPIEN        LL_AHB1_GRP1_DisableClock
 504:board/stm32f401rct6/Drivers/STM32F4xx_HAL_Driver/Inc/stm32f4xx_ll_bus.h ****   * @param  Periphs This parameter can be a combination of the following values:
 505:board/stm32f401rct6/Drivers/STM32F4xx_HAL_Driver/Inc/stm32f4xx_ll_bus.h ****   *         @arg @ref LL_AHB1_GRP1_PERIPH_GPIOA
 506:board/stm32f401rct6/Drivers/STM32F4xx_HAL_Driver/Inc/stm32f4xx_ll_bus.h ****   *         @arg @ref LL_AHB1_GRP1_PERIPH_GPIOB
 507:board/stm32f401rct6/Drivers/STM32F4xx_HAL_Driver/Inc/stm32f4xx_ll_bus.h ****   *         @arg @ref LL_AHB1_GRP1_PERIPH_GPIOC
 508:board/stm32f401rct6/Drivers/STM32F4xx_HAL_Driver/Inc/stm32f4xx_ll_bus.h ****   *         @arg @ref LL_AHB1_GRP1_PERIPH_GPIOD (*)
 509:board/stm32f401rct6/Drivers/STM32F4xx_HAL_Driver/Inc/stm32f4xx_ll_bus.h ****   *         @arg @ref LL_AHB1_GRP1_PERIPH_GPIOE (*)
 510:board/stm32f401rct6/Drivers/STM32F4xx_HAL_Driver/Inc/stm32f4xx_ll_bus.h ****   *         @arg @ref LL_AHB1_GRP1_PERIPH_GPIOF (*)
 511:board/stm32f401rct6/Drivers/STM32F4xx_HAL_Driver/Inc/stm32f4xx_ll_bus.h ****   *         @arg @ref LL_AHB1_GRP1_PERIPH_GPIOG (*)
 512:board/stm32f401rct6/Drivers/STM32F4xx_HAL_Driver/Inc/stm32f4xx_ll_bus.h ****   *         @arg @ref LL_AHB1_GRP1_PERIPH_GPIOH (*)
 513:board/stm32f401rct6/Drivers/STM32F4xx_HAL_Driver/Inc/stm32f4xx_ll_bus.h ****   *         @arg @ref LL_AHB1_GRP1_PERIPH_GPIOI (*)
 514:board/stm32f401rct6/Drivers/STM32F4xx_HAL_Driver/Inc/stm32f4xx_ll_bus.h ****   *         @arg @ref LL_AHB1_GRP1_PERIPH_GPIOJ (*)
 515:board/stm32f401rct6/Drivers/STM32F4xx_HAL_Driver/Inc/stm32f4xx_ll_bus.h ****   *         @arg @ref LL_AHB1_GRP1_PERIPH_GPIOK (*)
 516:board/stm32f401rct6/Drivers/STM32F4xx_HAL_Driver/Inc/stm32f4xx_ll_bus.h ****   *         @arg @ref LL_AHB1_GRP1_PERIPH_CRC
 517:board/stm32f401rct6/Drivers/STM32F4xx_HAL_Driver/Inc/stm32f4xx_ll_bus.h ****   *         @arg @ref LL_AHB1_GRP1_PERIPH_BKPSRAM (*)
 518:board/stm32f401rct6/Drivers/STM32F4xx_HAL_Driver/Inc/stm32f4xx_ll_bus.h ****   *         @arg @ref LL_AHB1_GRP1_PERIPH_CCMDATARAM (*)
 519:board/stm32f401rct6/Drivers/STM32F4xx_HAL_Driver/Inc/stm32f4xx_ll_bus.h ****   *         @arg @ref LL_AHB1_GRP1_PERIPH_DMA1
 520:board/stm32f401rct6/Drivers/STM32F4xx_HAL_Driver/Inc/stm32f4xx_ll_bus.h ****   *         @arg @ref LL_AHB1_GRP1_PERIPH_DMA2
 521:board/stm32f401rct6/Drivers/STM32F4xx_HAL_Driver/Inc/stm32f4xx_ll_bus.h ****   *         @arg @ref LL_AHB1_GRP1_PERIPH_RNG (*)
 522:board/stm32f401rct6/Drivers/STM32F4xx_HAL_Driver/Inc/stm32f4xx_ll_bus.h ****   *         @arg @ref LL_AHB1_GRP1_PERIPH_DMA2D (*)
 523:board/stm32f401rct6/Drivers/STM32F4xx_HAL_Driver/Inc/stm32f4xx_ll_bus.h ****   *         @arg @ref LL_AHB1_GRP1_PERIPH_ETHMAC (*)
 524:board/stm32f401rct6/Drivers/STM32F4xx_HAL_Driver/Inc/stm32f4xx_ll_bus.h ****   *         @arg @ref LL_AHB1_GRP1_PERIPH_ETHMACTX (*)
 525:board/stm32f401rct6/Drivers/STM32F4xx_HAL_Driver/Inc/stm32f4xx_ll_bus.h ****   *         @arg @ref LL_AHB1_GRP1_PERIPH_ETHMACRX (*)
 526:board/stm32f401rct6/Drivers/STM32F4xx_HAL_Driver/Inc/stm32f4xx_ll_bus.h ****   *         @arg @ref LL_AHB1_GRP1_PERIPH_ETHMACPTP (*)
 527:board/stm32f401rct6/Drivers/STM32F4xx_HAL_Driver/Inc/stm32f4xx_ll_bus.h ****   *         @arg @ref LL_AHB1_GRP1_PERIPH_OTGHS (*)
 528:board/stm32f401rct6/Drivers/STM32F4xx_HAL_Driver/Inc/stm32f4xx_ll_bus.h ****   *         @arg @ref LL_AHB1_GRP1_PERIPH_OTGHSULPI (*)
 529:board/stm32f401rct6/Drivers/STM32F4xx_HAL_Driver/Inc/stm32f4xx_ll_bus.h ****   *
 530:board/stm32f401rct6/Drivers/STM32F4xx_HAL_Driver/Inc/stm32f4xx_ll_bus.h ****   *         (*) value not defined in all devices.
 531:board/stm32f401rct6/Drivers/STM32F4xx_HAL_Driver/Inc/stm32f4xx_ll_bus.h ****   * @retval None
 532:board/stm32f401rct6/Drivers/STM32F4xx_HAL_Driver/Inc/stm32f4xx_ll_bus.h ****   */
ARM GAS  C:\Users\Admin\AppData\Local\Temp\ccELz1LE.s 			page 15


 533:board/stm32f401rct6/Drivers/STM32F4xx_HAL_Driver/Inc/stm32f4xx_ll_bus.h **** __STATIC_INLINE void LL_AHB1_GRP1_DisableClock(uint32_t Periphs)
 534:board/stm32f401rct6/Drivers/STM32F4xx_HAL_Driver/Inc/stm32f4xx_ll_bus.h **** {
 535:board/stm32f401rct6/Drivers/STM32F4xx_HAL_Driver/Inc/stm32f4xx_ll_bus.h ****   CLEAR_BIT(RCC->AHB1ENR, Periphs);
 536:board/stm32f401rct6/Drivers/STM32F4xx_HAL_Driver/Inc/stm32f4xx_ll_bus.h **** }
 537:board/stm32f401rct6/Drivers/STM32F4xx_HAL_Driver/Inc/stm32f4xx_ll_bus.h **** 
 538:board/stm32f401rct6/Drivers/STM32F4xx_HAL_Driver/Inc/stm32f4xx_ll_bus.h **** /**
 539:board/stm32f401rct6/Drivers/STM32F4xx_HAL_Driver/Inc/stm32f4xx_ll_bus.h ****   * @brief  Force AHB1 peripherals reset.
 540:board/stm32f401rct6/Drivers/STM32F4xx_HAL_Driver/Inc/stm32f4xx_ll_bus.h ****   * @rmtoll AHB1RSTR     GPIOARST      LL_AHB1_GRP1_ForceReset\n
 541:board/stm32f401rct6/Drivers/STM32F4xx_HAL_Driver/Inc/stm32f4xx_ll_bus.h ****   *         AHB1RSTR     GPIOBRST      LL_AHB1_GRP1_ForceReset\n
 542:board/stm32f401rct6/Drivers/STM32F4xx_HAL_Driver/Inc/stm32f4xx_ll_bus.h ****   *         AHB1RSTR     GPIOCRST      LL_AHB1_GRP1_ForceReset\n
 543:board/stm32f401rct6/Drivers/STM32F4xx_HAL_Driver/Inc/stm32f4xx_ll_bus.h ****   *         AHB1RSTR     GPIODRST      LL_AHB1_GRP1_ForceReset\n
 544:board/stm32f401rct6/Drivers/STM32F4xx_HAL_Driver/Inc/stm32f4xx_ll_bus.h ****   *         AHB1RSTR     GPIOERST      LL_AHB1_GRP1_ForceReset\n
 545:board/stm32f401rct6/Drivers/STM32F4xx_HAL_Driver/Inc/stm32f4xx_ll_bus.h ****   *         AHB1RSTR     GPIOFRST      LL_AHB1_GRP1_ForceReset\n
 546:board/stm32f401rct6/Drivers/STM32F4xx_HAL_Driver/Inc/stm32f4xx_ll_bus.h ****   *         AHB1RSTR     GPIOGRST      LL_AHB1_GRP1_ForceReset\n
 547:board/stm32f401rct6/Drivers/STM32F4xx_HAL_Driver/Inc/stm32f4xx_ll_bus.h ****   *         AHB1RSTR     GPIOHRST      LL_AHB1_GRP1_ForceReset\n
 548:board/stm32f401rct6/Drivers/STM32F4xx_HAL_Driver/Inc/stm32f4xx_ll_bus.h ****   *         AHB1RSTR     GPIOIRST      LL_AHB1_GRP1_ForceReset\n
 549:board/stm32f401rct6/Drivers/STM32F4xx_HAL_Driver/Inc/stm32f4xx_ll_bus.h ****   *         AHB1RSTR     GPIOJRST      LL_AHB1_GRP1_ForceReset\n
 550:board/stm32f401rct6/Drivers/STM32F4xx_HAL_Driver/Inc/stm32f4xx_ll_bus.h ****   *         AHB1RSTR     GPIOKRST      LL_AHB1_GRP1_ForceReset\n
 551:board/stm32f401rct6/Drivers/STM32F4xx_HAL_Driver/Inc/stm32f4xx_ll_bus.h ****   *         AHB1RSTR     CRCRST        LL_AHB1_GRP1_ForceReset\n
 552:board/stm32f401rct6/Drivers/STM32F4xx_HAL_Driver/Inc/stm32f4xx_ll_bus.h ****   *         AHB1RSTR     DMA1RST       LL_AHB1_GRP1_ForceReset\n
 553:board/stm32f401rct6/Drivers/STM32F4xx_HAL_Driver/Inc/stm32f4xx_ll_bus.h ****   *         AHB1RSTR     DMA2RST       LL_AHB1_GRP1_ForceReset\n
 554:board/stm32f401rct6/Drivers/STM32F4xx_HAL_Driver/Inc/stm32f4xx_ll_bus.h ****   *         AHB1RSTR     RNGRST        LL_AHB1_GRP1_ForceReset\n
 555:board/stm32f401rct6/Drivers/STM32F4xx_HAL_Driver/Inc/stm32f4xx_ll_bus.h ****   *         AHB1RSTR     DMA2DRST      LL_AHB1_GRP1_ForceReset\n
 556:board/stm32f401rct6/Drivers/STM32F4xx_HAL_Driver/Inc/stm32f4xx_ll_bus.h ****   *         AHB1RSTR     ETHMACRST     LL_AHB1_GRP1_ForceReset\n
 557:board/stm32f401rct6/Drivers/STM32F4xx_HAL_Driver/Inc/stm32f4xx_ll_bus.h ****   *         AHB1RSTR     OTGHSRST      LL_AHB1_GRP1_ForceReset
 558:board/stm32f401rct6/Drivers/STM32F4xx_HAL_Driver/Inc/stm32f4xx_ll_bus.h ****   * @param  Periphs This parameter can be a combination of the following values:
 559:board/stm32f401rct6/Drivers/STM32F4xx_HAL_Driver/Inc/stm32f4xx_ll_bus.h ****   *         @arg @ref LL_AHB1_GRP1_PERIPH_ALL
 560:board/stm32f401rct6/Drivers/STM32F4xx_HAL_Driver/Inc/stm32f4xx_ll_bus.h ****   *         @arg @ref LL_AHB1_GRP1_PERIPH_GPIOA
 561:board/stm32f401rct6/Drivers/STM32F4xx_HAL_Driver/Inc/stm32f4xx_ll_bus.h ****   *         @arg @ref LL_AHB1_GRP1_PERIPH_GPIOB
 562:board/stm32f401rct6/Drivers/STM32F4xx_HAL_Driver/Inc/stm32f4xx_ll_bus.h ****   *         @arg @ref LL_AHB1_GRP1_PERIPH_GPIOC
 563:board/stm32f401rct6/Drivers/STM32F4xx_HAL_Driver/Inc/stm32f4xx_ll_bus.h ****   *         @arg @ref LL_AHB1_GRP1_PERIPH_GPIOD (*)
 564:board/stm32f401rct6/Drivers/STM32F4xx_HAL_Driver/Inc/stm32f4xx_ll_bus.h ****   *         @arg @ref LL_AHB1_GRP1_PERIPH_GPIOE (*)
 565:board/stm32f401rct6/Drivers/STM32F4xx_HAL_Driver/Inc/stm32f4xx_ll_bus.h ****   *         @arg @ref LL_AHB1_GRP1_PERIPH_GPIOF (*)
 566:board/stm32f401rct6/Drivers/STM32F4xx_HAL_Driver/Inc/stm32f4xx_ll_bus.h ****   *         @arg @ref LL_AHB1_GRP1_PERIPH_GPIOG (*)
 567:board/stm32f401rct6/Drivers/STM32F4xx_HAL_Driver/Inc/stm32f4xx_ll_bus.h ****   *         @arg @ref LL_AHB1_GRP1_PERIPH_GPIOH (*)
 568:board/stm32f401rct6/Drivers/STM32F4xx_HAL_Driver/Inc/stm32f4xx_ll_bus.h ****   *         @arg @ref LL_AHB1_GRP1_PERIPH_GPIOI (*)
 569:board/stm32f401rct6/Drivers/STM32F4xx_HAL_Driver/Inc/stm32f4xx_ll_bus.h ****   *         @arg @ref LL_AHB1_GRP1_PERIPH_GPIOJ (*)
 570:board/stm32f401rct6/Drivers/STM32F4xx_HAL_Driver/Inc/stm32f4xx_ll_bus.h ****   *         @arg @ref LL_AHB1_GRP1_PERIPH_GPIOK (*)
 571:board/stm32f401rct6/Drivers/STM32F4xx_HAL_Driver/Inc/stm32f4xx_ll_bus.h ****   *         @arg @ref LL_AHB1_GRP1_PERIPH_CRC
 572:board/stm32f401rct6/Drivers/STM32F4xx_HAL_Driver/Inc/stm32f4xx_ll_bus.h ****   *         @arg @ref LL_AHB1_GRP1_PERIPH_DMA1
 573:board/stm32f401rct6/Drivers/STM32F4xx_HAL_Driver/Inc/stm32f4xx_ll_bus.h ****   *         @arg @ref LL_AHB1_GRP1_PERIPH_DMA2
 574:board/stm32f401rct6/Drivers/STM32F4xx_HAL_Driver/Inc/stm32f4xx_ll_bus.h ****   *         @arg @ref LL_AHB1_GRP1_PERIPH_RNG (*)
 575:board/stm32f401rct6/Drivers/STM32F4xx_HAL_Driver/Inc/stm32f4xx_ll_bus.h ****   *         @arg @ref LL_AHB1_GRP1_PERIPH_DMA2D (*)
 576:board/stm32f401rct6/Drivers/STM32F4xx_HAL_Driver/Inc/stm32f4xx_ll_bus.h ****   *         @arg @ref LL_AHB1_GRP1_PERIPH_ETHMAC (*)
 577:board/stm32f401rct6/Drivers/STM32F4xx_HAL_Driver/Inc/stm32f4xx_ll_bus.h ****   *         @arg @ref LL_AHB1_GRP1_PERIPH_OTGHS (*)
 578:board/stm32f401rct6/Drivers/STM32F4xx_HAL_Driver/Inc/stm32f4xx_ll_bus.h ****   *
 579:board/stm32f401rct6/Drivers/STM32F4xx_HAL_Driver/Inc/stm32f4xx_ll_bus.h ****   *         (*) value not defined in all devices.
 580:board/stm32f401rct6/Drivers/STM32F4xx_HAL_Driver/Inc/stm32f4xx_ll_bus.h ****   * @retval None
 581:board/stm32f401rct6/Drivers/STM32F4xx_HAL_Driver/Inc/stm32f4xx_ll_bus.h ****   */
 582:board/stm32f401rct6/Drivers/STM32F4xx_HAL_Driver/Inc/stm32f4xx_ll_bus.h **** __STATIC_INLINE void LL_AHB1_GRP1_ForceReset(uint32_t Periphs)
  79              		.loc 2 582 22 view .LVU19
  80              	.LBB85:
 583:board/stm32f401rct6/Drivers/STM32F4xx_HAL_Driver/Inc/stm32f4xx_ll_bus.h **** {
 584:board/stm32f401rct6/Drivers/STM32F4xx_HAL_Driver/Inc/stm32f4xx_ll_bus.h ****   SET_BIT(RCC->AHB1RSTR, Periphs);
  81              		.loc 2 584 3 view .LVU20
  82 0028 03F56053 		add	r3, r3, #14336
  83 002c 1A69     		ldr	r2, [r3, #16]
ARM GAS  C:\Users\Admin\AppData\Local\Temp\ccELz1LE.s 			page 16


  84 002e 42F00102 		orr	r2, r2, #1
  85 0032 1A61     		str	r2, [r3, #16]
  86              	.LVL3:
  87              		.loc 2 584 3 is_stmt 0 view .LVU21
  88              	.LBE85:
  89              	.LBE84:
 114:board/stm32f401rct6/Drivers/STM32F4xx_HAL_Driver/Src/stm32f4xx_ll_gpio.c ****   }
  90              		.loc 1 114 5 is_stmt 1 view .LVU22
  91              	.LBB86:
  92              	.LBI86:
 585:board/stm32f401rct6/Drivers/STM32F4xx_HAL_Driver/Inc/stm32f4xx_ll_bus.h **** }
 586:board/stm32f401rct6/Drivers/STM32F4xx_HAL_Driver/Inc/stm32f4xx_ll_bus.h **** 
 587:board/stm32f401rct6/Drivers/STM32F4xx_HAL_Driver/Inc/stm32f4xx_ll_bus.h **** /**
 588:board/stm32f401rct6/Drivers/STM32F4xx_HAL_Driver/Inc/stm32f4xx_ll_bus.h ****   * @brief  Release AHB1 peripherals reset.
 589:board/stm32f401rct6/Drivers/STM32F4xx_HAL_Driver/Inc/stm32f4xx_ll_bus.h ****   * @rmtoll AHB1RSTR     GPIOARST      LL_AHB1_GRP1_ReleaseReset\n
 590:board/stm32f401rct6/Drivers/STM32F4xx_HAL_Driver/Inc/stm32f4xx_ll_bus.h ****   *         AHB1RSTR     GPIOBRST      LL_AHB1_GRP1_ReleaseReset\n
 591:board/stm32f401rct6/Drivers/STM32F4xx_HAL_Driver/Inc/stm32f4xx_ll_bus.h ****   *         AHB1RSTR     GPIOCRST      LL_AHB1_GRP1_ReleaseReset\n
 592:board/stm32f401rct6/Drivers/STM32F4xx_HAL_Driver/Inc/stm32f4xx_ll_bus.h ****   *         AHB1RSTR     GPIODRST      LL_AHB1_GRP1_ReleaseReset\n
 593:board/stm32f401rct6/Drivers/STM32F4xx_HAL_Driver/Inc/stm32f4xx_ll_bus.h ****   *         AHB1RSTR     GPIOERST      LL_AHB1_GRP1_ReleaseReset\n
 594:board/stm32f401rct6/Drivers/STM32F4xx_HAL_Driver/Inc/stm32f4xx_ll_bus.h ****   *         AHB1RSTR     GPIOFRST      LL_AHB1_GRP1_ReleaseReset\n
 595:board/stm32f401rct6/Drivers/STM32F4xx_HAL_Driver/Inc/stm32f4xx_ll_bus.h ****   *         AHB1RSTR     GPIOGRST      LL_AHB1_GRP1_ReleaseReset\n
 596:board/stm32f401rct6/Drivers/STM32F4xx_HAL_Driver/Inc/stm32f4xx_ll_bus.h ****   *         AHB1RSTR     GPIOHRST      LL_AHB1_GRP1_ReleaseReset\n
 597:board/stm32f401rct6/Drivers/STM32F4xx_HAL_Driver/Inc/stm32f4xx_ll_bus.h ****   *         AHB1RSTR     GPIOIRST      LL_AHB1_GRP1_ReleaseReset\n
 598:board/stm32f401rct6/Drivers/STM32F4xx_HAL_Driver/Inc/stm32f4xx_ll_bus.h ****   *         AHB1RSTR     GPIOJRST      LL_AHB1_GRP1_ReleaseReset\n
 599:board/stm32f401rct6/Drivers/STM32F4xx_HAL_Driver/Inc/stm32f4xx_ll_bus.h ****   *         AHB1RSTR     GPIOKRST      LL_AHB1_GRP1_ReleaseReset\n
 600:board/stm32f401rct6/Drivers/STM32F4xx_HAL_Driver/Inc/stm32f4xx_ll_bus.h ****   *         AHB1RSTR     CRCRST        LL_AHB1_GRP1_ReleaseReset\n
 601:board/stm32f401rct6/Drivers/STM32F4xx_HAL_Driver/Inc/stm32f4xx_ll_bus.h ****   *         AHB1RSTR     DMA1RST       LL_AHB1_GRP1_ReleaseReset\n
 602:board/stm32f401rct6/Drivers/STM32F4xx_HAL_Driver/Inc/stm32f4xx_ll_bus.h ****   *         AHB1RSTR     DMA2RST       LL_AHB1_GRP1_ReleaseReset\n
 603:board/stm32f401rct6/Drivers/STM32F4xx_HAL_Driver/Inc/stm32f4xx_ll_bus.h ****   *         AHB1RSTR     RNGRST        LL_AHB1_GRP1_ReleaseReset\n
 604:board/stm32f401rct6/Drivers/STM32F4xx_HAL_Driver/Inc/stm32f4xx_ll_bus.h ****   *         AHB1RSTR     DMA2DRST      LL_AHB1_GRP1_ReleaseReset\n
 605:board/stm32f401rct6/Drivers/STM32F4xx_HAL_Driver/Inc/stm32f4xx_ll_bus.h ****   *         AHB1RSTR     ETHMACRST     LL_AHB1_GRP1_ReleaseReset\n
 606:board/stm32f401rct6/Drivers/STM32F4xx_HAL_Driver/Inc/stm32f4xx_ll_bus.h ****   *         AHB1RSTR     OTGHSRST      LL_AHB1_GRP1_ReleaseReset
 607:board/stm32f401rct6/Drivers/STM32F4xx_HAL_Driver/Inc/stm32f4xx_ll_bus.h ****   * @param  Periphs This parameter can be a combination of the following values:
 608:board/stm32f401rct6/Drivers/STM32F4xx_HAL_Driver/Inc/stm32f4xx_ll_bus.h ****   *         @arg @ref LL_AHB1_GRP1_PERIPH_ALL
 609:board/stm32f401rct6/Drivers/STM32F4xx_HAL_Driver/Inc/stm32f4xx_ll_bus.h ****   *         @arg @ref LL_AHB1_GRP1_PERIPH_GPIOA
 610:board/stm32f401rct6/Drivers/STM32F4xx_HAL_Driver/Inc/stm32f4xx_ll_bus.h ****   *         @arg @ref LL_AHB1_GRP1_PERIPH_GPIOB
 611:board/stm32f401rct6/Drivers/STM32F4xx_HAL_Driver/Inc/stm32f4xx_ll_bus.h ****   *         @arg @ref LL_AHB1_GRP1_PERIPH_GPIOC
 612:board/stm32f401rct6/Drivers/STM32F4xx_HAL_Driver/Inc/stm32f4xx_ll_bus.h ****   *         @arg @ref LL_AHB1_GRP1_PERIPH_GPIOD (*)
 613:board/stm32f401rct6/Drivers/STM32F4xx_HAL_Driver/Inc/stm32f4xx_ll_bus.h ****   *         @arg @ref LL_AHB1_GRP1_PERIPH_GPIOE (*)
 614:board/stm32f401rct6/Drivers/STM32F4xx_HAL_Driver/Inc/stm32f4xx_ll_bus.h ****   *         @arg @ref LL_AHB1_GRP1_PERIPH_GPIOF (*)
 615:board/stm32f401rct6/Drivers/STM32F4xx_HAL_Driver/Inc/stm32f4xx_ll_bus.h ****   *         @arg @ref LL_AHB1_GRP1_PERIPH_GPIOG (*)
 616:board/stm32f401rct6/Drivers/STM32F4xx_HAL_Driver/Inc/stm32f4xx_ll_bus.h ****   *         @arg @ref LL_AHB1_GRP1_PERIPH_GPIOH (*)
 617:board/stm32f401rct6/Drivers/STM32F4xx_HAL_Driver/Inc/stm32f4xx_ll_bus.h ****   *         @arg @ref LL_AHB1_GRP1_PERIPH_GPIOI (*)
 618:board/stm32f401rct6/Drivers/STM32F4xx_HAL_Driver/Inc/stm32f4xx_ll_bus.h ****   *         @arg @ref LL_AHB1_GRP1_PERIPH_GPIOJ (*)
 619:board/stm32f401rct6/Drivers/STM32F4xx_HAL_Driver/Inc/stm32f4xx_ll_bus.h ****   *         @arg @ref LL_AHB1_GRP1_PERIPH_GPIOK (*)
 620:board/stm32f401rct6/Drivers/STM32F4xx_HAL_Driver/Inc/stm32f4xx_ll_bus.h ****   *         @arg @ref LL_AHB1_GRP1_PERIPH_CRC
 621:board/stm32f401rct6/Drivers/STM32F4xx_HAL_Driver/Inc/stm32f4xx_ll_bus.h ****   *         @arg @ref LL_AHB1_GRP1_PERIPH_DMA1
 622:board/stm32f401rct6/Drivers/STM32F4xx_HAL_Driver/Inc/stm32f4xx_ll_bus.h ****   *         @arg @ref LL_AHB1_GRP1_PERIPH_DMA2
 623:board/stm32f401rct6/Drivers/STM32F4xx_HAL_Driver/Inc/stm32f4xx_ll_bus.h ****   *         @arg @ref LL_AHB1_GRP1_PERIPH_RNG (*)
 624:board/stm32f401rct6/Drivers/STM32F4xx_HAL_Driver/Inc/stm32f4xx_ll_bus.h ****   *         @arg @ref LL_AHB1_GRP1_PERIPH_DMA2D (*)
 625:board/stm32f401rct6/Drivers/STM32F4xx_HAL_Driver/Inc/stm32f4xx_ll_bus.h ****   *         @arg @ref LL_AHB1_GRP1_PERIPH_ETHMAC (*)
 626:board/stm32f401rct6/Drivers/STM32F4xx_HAL_Driver/Inc/stm32f4xx_ll_bus.h ****   *         @arg @ref LL_AHB1_GRP1_PERIPH_OTGHS (*)
 627:board/stm32f401rct6/Drivers/STM32F4xx_HAL_Driver/Inc/stm32f4xx_ll_bus.h ****   *
 628:board/stm32f401rct6/Drivers/STM32F4xx_HAL_Driver/Inc/stm32f4xx_ll_bus.h ****   *         (*) value not defined in all devices.
 629:board/stm32f401rct6/Drivers/STM32F4xx_HAL_Driver/Inc/stm32f4xx_ll_bus.h ****   * @retval None
 630:board/stm32f401rct6/Drivers/STM32F4xx_HAL_Driver/Inc/stm32f4xx_ll_bus.h ****   */
 631:board/stm32f401rct6/Drivers/STM32F4xx_HAL_Driver/Inc/stm32f4xx_ll_bus.h **** __STATIC_INLINE void LL_AHB1_GRP1_ReleaseReset(uint32_t Periphs)
ARM GAS  C:\Users\Admin\AppData\Local\Temp\ccELz1LE.s 			page 17


  93              		.loc 2 631 22 view .LVU23
  94              	.LBB87:
 632:board/stm32f401rct6/Drivers/STM32F4xx_HAL_Driver/Inc/stm32f4xx_ll_bus.h **** {
 633:board/stm32f401rct6/Drivers/STM32F4xx_HAL_Driver/Inc/stm32f4xx_ll_bus.h ****   CLEAR_BIT(RCC->AHB1RSTR, Periphs);
  95              		.loc 2 633 3 view .LVU24
  96 0034 1A69     		ldr	r2, [r3, #16]
  97 0036 22F00102 		bic	r2, r2, #1
  98 003a 1A61     		str	r2, [r3, #16]
  99              	.LBE87:
 100              	.LBE86:
 105:board/stm32f401rct6/Drivers/STM32F4xx_HAL_Driver/Src/stm32f4xx_ll_gpio.c **** 
 101              		.loc 1 105 15 is_stmt 0 view .LVU25
 102 003c 0020     		movs	r0, #0
 103              	.LVL4:
 104              	.LBB89:
 105              	.LBB88:
 634:board/stm32f401rct6/Drivers/STM32F4xx_HAL_Driver/Inc/stm32f4xx_ll_bus.h **** }
 106              		.loc 2 634 1 view .LVU26
 107 003e 7047     		bx	lr
 108              	.LVL5:
 109              	.L10:
 110              		.loc 2 634 1 view .LVU27
 111              	.LBE88:
 112              	.LBE89:
 118:board/stm32f401rct6/Drivers/STM32F4xx_HAL_Driver/Src/stm32f4xx_ll_gpio.c ****     LL_AHB1_GRP1_ReleaseReset(LL_AHB1_GRP1_PERIPH_GPIOB);
 113              		.loc 1 118 5 is_stmt 1 view .LVU28
 114              	.LBB90:
 115              	.LBI90:
 582:board/stm32f401rct6/Drivers/STM32F4xx_HAL_Driver/Inc/stm32f4xx_ll_bus.h **** {
 116              		.loc 2 582 22 view .LVU29
 117              	.LBB91:
 584:board/stm32f401rct6/Drivers/STM32F4xx_HAL_Driver/Inc/stm32f4xx_ll_bus.h **** }
 118              		.loc 2 584 3 view .LVU30
 119 0040 03F55053 		add	r3, r3, #13312
 120 0044 1A69     		ldr	r2, [r3, #16]
 121 0046 42F00202 		orr	r2, r2, #2
 122 004a 1A61     		str	r2, [r3, #16]
 123              	.LVL6:
 584:board/stm32f401rct6/Drivers/STM32F4xx_HAL_Driver/Inc/stm32f4xx_ll_bus.h **** }
 124              		.loc 2 584 3 is_stmt 0 view .LVU31
 125              	.LBE91:
 126              	.LBE90:
 119:board/stm32f401rct6/Drivers/STM32F4xx_HAL_Driver/Src/stm32f4xx_ll_gpio.c ****   }
 127              		.loc 1 119 5 is_stmt 1 view .LVU32
 128              	.LBB92:
 129              	.LBI92:
 631:board/stm32f401rct6/Drivers/STM32F4xx_HAL_Driver/Inc/stm32f4xx_ll_bus.h **** {
 130              		.loc 2 631 22 view .LVU33
 131              	.LBB93:
 633:board/stm32f401rct6/Drivers/STM32F4xx_HAL_Driver/Inc/stm32f4xx_ll_bus.h **** }
 132              		.loc 2 633 3 view .LVU34
 133 004c 1A69     		ldr	r2, [r3, #16]
 134 004e 22F00202 		bic	r2, r2, #2
 135 0052 1A61     		str	r2, [r3, #16]
 136              	.LBE93:
 137              	.LBE92:
 105:board/stm32f401rct6/Drivers/STM32F4xx_HAL_Driver/Src/stm32f4xx_ll_gpio.c **** 
ARM GAS  C:\Users\Admin\AppData\Local\Temp\ccELz1LE.s 			page 18


 138              		.loc 1 105 15 is_stmt 0 view .LVU35
 139 0054 0020     		movs	r0, #0
 140              	.LVL7:
 141              	.LBB95:
 142              	.LBB94:
 143              		.loc 2 634 1 view .LVU36
 144 0056 7047     		bx	lr
 145              	.LVL8:
 146              	.L11:
 147              		.loc 2 634 1 view .LVU37
 148              	.LBE94:
 149              	.LBE95:
 123:board/stm32f401rct6/Drivers/STM32F4xx_HAL_Driver/Src/stm32f4xx_ll_gpio.c ****     LL_AHB1_GRP1_ReleaseReset(LL_AHB1_GRP1_PERIPH_GPIOC);
 150              		.loc 1 123 5 is_stmt 1 view .LVU38
 151              	.LBB96:
 152              	.LBI96:
 582:board/stm32f401rct6/Drivers/STM32F4xx_HAL_Driver/Inc/stm32f4xx_ll_bus.h **** {
 153              		.loc 2 582 22 view .LVU39
 154              	.LBB97:
 584:board/stm32f401rct6/Drivers/STM32F4xx_HAL_Driver/Inc/stm32f4xx_ll_bus.h **** }
 155              		.loc 2 584 3 view .LVU40
 156 0058 03F54053 		add	r3, r3, #12288
 157 005c 1A69     		ldr	r2, [r3, #16]
 158 005e 42F00402 		orr	r2, r2, #4
 159 0062 1A61     		str	r2, [r3, #16]
 160              	.LVL9:
 584:board/stm32f401rct6/Drivers/STM32F4xx_HAL_Driver/Inc/stm32f4xx_ll_bus.h **** }
 161              		.loc 2 584 3 is_stmt 0 view .LVU41
 162              	.LBE97:
 163              	.LBE96:
 124:board/stm32f401rct6/Drivers/STM32F4xx_HAL_Driver/Src/stm32f4xx_ll_gpio.c ****   }
 164              		.loc 1 124 5 is_stmt 1 view .LVU42
 165              	.LBB98:
 166              	.LBI98:
 631:board/stm32f401rct6/Drivers/STM32F4xx_HAL_Driver/Inc/stm32f4xx_ll_bus.h **** {
 167              		.loc 2 631 22 view .LVU43
 168              	.LBB99:
 633:board/stm32f401rct6/Drivers/STM32F4xx_HAL_Driver/Inc/stm32f4xx_ll_bus.h **** }
 169              		.loc 2 633 3 view .LVU44
 170 0064 1A69     		ldr	r2, [r3, #16]
 171 0066 22F00402 		bic	r2, r2, #4
 172 006a 1A61     		str	r2, [r3, #16]
 173              	.LBE99:
 174              	.LBE98:
 105:board/stm32f401rct6/Drivers/STM32F4xx_HAL_Driver/Src/stm32f4xx_ll_gpio.c **** 
 175              		.loc 1 105 15 is_stmt 0 view .LVU45
 176 006c 0020     		movs	r0, #0
 177              	.LVL10:
 178              	.LBB101:
 179              	.LBB100:
 180              		.loc 2 634 1 view .LVU46
 181 006e 7047     		bx	lr
 182              	.LVL11:
 183              	.L12:
 184              		.loc 2 634 1 view .LVU47
 185              	.LBE100:
 186              	.LBE101:
ARM GAS  C:\Users\Admin\AppData\Local\Temp\ccELz1LE.s 			page 19


 129:board/stm32f401rct6/Drivers/STM32F4xx_HAL_Driver/Src/stm32f4xx_ll_gpio.c ****     LL_AHB1_GRP1_ReleaseReset(LL_AHB1_GRP1_PERIPH_GPIOD);
 187              		.loc 1 129 5 is_stmt 1 view .LVU48
 188              	.LBB102:
 189              	.LBI102:
 582:board/stm32f401rct6/Drivers/STM32F4xx_HAL_Driver/Inc/stm32f4xx_ll_bus.h **** {
 190              		.loc 2 582 22 view .LVU49
 191              	.LBB103:
 584:board/stm32f401rct6/Drivers/STM32F4xx_HAL_Driver/Inc/stm32f4xx_ll_bus.h **** }
 192              		.loc 2 584 3 view .LVU50
 193 0070 03F53053 		add	r3, r3, #11264
 194 0074 1A69     		ldr	r2, [r3, #16]
 195 0076 42F00802 		orr	r2, r2, #8
 196 007a 1A61     		str	r2, [r3, #16]
 197              	.LVL12:
 584:board/stm32f401rct6/Drivers/STM32F4xx_HAL_Driver/Inc/stm32f4xx_ll_bus.h **** }
 198              		.loc 2 584 3 is_stmt 0 view .LVU51
 199              	.LBE103:
 200              	.LBE102:
 130:board/stm32f401rct6/Drivers/STM32F4xx_HAL_Driver/Src/stm32f4xx_ll_gpio.c ****   }
 201              		.loc 1 130 5 is_stmt 1 view .LVU52
 202              	.LBB104:
 203              	.LBI104:
 631:board/stm32f401rct6/Drivers/STM32F4xx_HAL_Driver/Inc/stm32f4xx_ll_bus.h **** {
 204              		.loc 2 631 22 view .LVU53
 205              	.LBB105:
 633:board/stm32f401rct6/Drivers/STM32F4xx_HAL_Driver/Inc/stm32f4xx_ll_bus.h **** }
 206              		.loc 2 633 3 view .LVU54
 207 007c 1A69     		ldr	r2, [r3, #16]
 208 007e 22F00802 		bic	r2, r2, #8
 209 0082 1A61     		str	r2, [r3, #16]
 210              	.LBE105:
 211              	.LBE104:
 105:board/stm32f401rct6/Drivers/STM32F4xx_HAL_Driver/Src/stm32f4xx_ll_gpio.c **** 
 212              		.loc 1 105 15 is_stmt 0 view .LVU55
 213 0084 0020     		movs	r0, #0
 214              	.LVL13:
 215              	.LBB107:
 216              	.LBB106:
 217              		.loc 2 634 1 view .LVU56
 218 0086 7047     		bx	lr
 219              	.LVL14:
 220              	.L13:
 221              		.loc 2 634 1 view .LVU57
 222              	.LBE106:
 223              	.LBE107:
 136:board/stm32f401rct6/Drivers/STM32F4xx_HAL_Driver/Src/stm32f4xx_ll_gpio.c ****     LL_AHB1_GRP1_ReleaseReset(LL_AHB1_GRP1_PERIPH_GPIOE);
 224              		.loc 1 136 5 is_stmt 1 view .LVU58
 225              	.LBB108:
 226              	.LBI108:
 582:board/stm32f401rct6/Drivers/STM32F4xx_HAL_Driver/Inc/stm32f4xx_ll_bus.h **** {
 227              		.loc 2 582 22 view .LVU59
 228              	.LBB109:
 584:board/stm32f401rct6/Drivers/STM32F4xx_HAL_Driver/Inc/stm32f4xx_ll_bus.h **** }
 229              		.loc 2 584 3 view .LVU60
 230 0088 03F52053 		add	r3, r3, #10240
 231 008c 1A69     		ldr	r2, [r3, #16]
 232 008e 42F01002 		orr	r2, r2, #16
ARM GAS  C:\Users\Admin\AppData\Local\Temp\ccELz1LE.s 			page 20


 233 0092 1A61     		str	r2, [r3, #16]
 234              	.LVL15:
 584:board/stm32f401rct6/Drivers/STM32F4xx_HAL_Driver/Inc/stm32f4xx_ll_bus.h **** }
 235              		.loc 2 584 3 is_stmt 0 view .LVU61
 236              	.LBE109:
 237              	.LBE108:
 137:board/stm32f401rct6/Drivers/STM32F4xx_HAL_Driver/Src/stm32f4xx_ll_gpio.c ****   }
 238              		.loc 1 137 5 is_stmt 1 view .LVU62
 239              	.LBB110:
 240              	.LBI110:
 631:board/stm32f401rct6/Drivers/STM32F4xx_HAL_Driver/Inc/stm32f4xx_ll_bus.h **** {
 241              		.loc 2 631 22 view .LVU63
 242              	.LBB111:
 633:board/stm32f401rct6/Drivers/STM32F4xx_HAL_Driver/Inc/stm32f4xx_ll_bus.h **** }
 243              		.loc 2 633 3 view .LVU64
 244 0094 1A69     		ldr	r2, [r3, #16]
 245 0096 22F01002 		bic	r2, r2, #16
 246 009a 1A61     		str	r2, [r3, #16]
 247              	.LBE111:
 248              	.LBE110:
 105:board/stm32f401rct6/Drivers/STM32F4xx_HAL_Driver/Src/stm32f4xx_ll_gpio.c **** 
 249              		.loc 1 105 15 is_stmt 0 view .LVU65
 250 009c 0020     		movs	r0, #0
 251              	.LVL16:
 252              	.LBB113:
 253              	.LBB112:
 254              		.loc 2 634 1 view .LVU66
 255 009e 7047     		bx	lr
 256              	.LVL17:
 257              	.L14:
 258              		.loc 2 634 1 view .LVU67
 259              	.LBE112:
 260              	.LBE113:
 157:board/stm32f401rct6/Drivers/STM32F4xx_HAL_Driver/Src/stm32f4xx_ll_gpio.c ****     LL_AHB1_GRP1_ReleaseReset(LL_AHB1_GRP1_PERIPH_GPIOH);
 261              		.loc 1 157 5 is_stmt 1 view .LVU68
 262              	.LBB114:
 263              	.LBI114:
 582:board/stm32f401rct6/Drivers/STM32F4xx_HAL_Driver/Inc/stm32f4xx_ll_bus.h **** {
 264              		.loc 2 582 22 view .LVU69
 265              	.LBB115:
 584:board/stm32f401rct6/Drivers/STM32F4xx_HAL_Driver/Inc/stm32f4xx_ll_bus.h **** }
 266              		.loc 2 584 3 view .LVU70
 267 00a0 03F5E053 		add	r3, r3, #7168
 268 00a4 1A69     		ldr	r2, [r3, #16]
 269 00a6 42F08002 		orr	r2, r2, #128
 270 00aa 1A61     		str	r2, [r3, #16]
 271              	.LVL18:
 584:board/stm32f401rct6/Drivers/STM32F4xx_HAL_Driver/Inc/stm32f4xx_ll_bus.h **** }
 272              		.loc 2 584 3 is_stmt 0 view .LVU71
 273              	.LBE115:
 274              	.LBE114:
 158:board/stm32f401rct6/Drivers/STM32F4xx_HAL_Driver/Src/stm32f4xx_ll_gpio.c ****   }
 275              		.loc 1 158 5 is_stmt 1 view .LVU72
 276              	.LBB116:
 277              	.LBI116:
 631:board/stm32f401rct6/Drivers/STM32F4xx_HAL_Driver/Inc/stm32f4xx_ll_bus.h **** {
 278              		.loc 2 631 22 view .LVU73
ARM GAS  C:\Users\Admin\AppData\Local\Temp\ccELz1LE.s 			page 21


 279              	.LBB117:
 633:board/stm32f401rct6/Drivers/STM32F4xx_HAL_Driver/Inc/stm32f4xx_ll_bus.h **** }
 280              		.loc 2 633 3 view .LVU74
 281 00ac 1A69     		ldr	r2, [r3, #16]
 282 00ae 22F08002 		bic	r2, r2, #128
 283 00b2 1A61     		str	r2, [r3, #16]
 284              	.LBE117:
 285              	.LBE116:
 105:board/stm32f401rct6/Drivers/STM32F4xx_HAL_Driver/Src/stm32f4xx_ll_gpio.c **** 
 286              		.loc 1 105 15 is_stmt 0 view .LVU75
 287 00b4 0020     		movs	r0, #0
 288              	.LVL19:
 289              	.LBB119:
 290              	.LBB118:
 291              		.loc 2 634 1 view .LVU76
 292 00b6 7047     		bx	lr
 293              	.L16:
 294              		.align	2
 295              	.L15:
 296 00b8 00000240 		.word	1073872896
 297 00bc 00040240 		.word	1073873920
 298 00c0 00080240 		.word	1073874944
 299 00c4 000C0240 		.word	1073875968
 300 00c8 00100240 		.word	1073876992
 301 00cc 001C0240 		.word	1073880064
 302              	.LBE118:
 303              	.LBE119:
 304              		.cfi_endproc
 305              	.LFE271:
 307              		.section	.text.LL_GPIO_Init,"ax",%progbits
 308              		.align	1
 309              		.global	LL_GPIO_Init
 310              		.syntax unified
 311              		.thumb
 312              		.thumb_func
 314              	LL_GPIO_Init:
 315              	.LVL20:
 316              	.LFB272:
 189:board/stm32f401rct6/Drivers/STM32F4xx_HAL_Driver/Src/stm32f4xx_ll_gpio.c **** 
 190:board/stm32f401rct6/Drivers/STM32F4xx_HAL_Driver/Src/stm32f4xx_ll_gpio.c **** /**
 191:board/stm32f401rct6/Drivers/STM32F4xx_HAL_Driver/Src/stm32f4xx_ll_gpio.c ****   * @brief  Initialize GPIO registers according to the specified parameters in GPIO_InitStruct.
 192:board/stm32f401rct6/Drivers/STM32F4xx_HAL_Driver/Src/stm32f4xx_ll_gpio.c ****   * @param  GPIOx GPIO Port
 193:board/stm32f401rct6/Drivers/STM32F4xx_HAL_Driver/Src/stm32f4xx_ll_gpio.c ****   * @param  GPIO_InitStruct pointer to a @ref LL_GPIO_InitTypeDef structure
 194:board/stm32f401rct6/Drivers/STM32F4xx_HAL_Driver/Src/stm32f4xx_ll_gpio.c ****   *         that contains the configuration information for the specified GPIO peripheral.
 195:board/stm32f401rct6/Drivers/STM32F4xx_HAL_Driver/Src/stm32f4xx_ll_gpio.c ****   * @retval An ErrorStatus enumeration value:
 196:board/stm32f401rct6/Drivers/STM32F4xx_HAL_Driver/Src/stm32f4xx_ll_gpio.c ****   *          - SUCCESS: GPIO registers are initialized according to GPIO_InitStruct content
 197:board/stm32f401rct6/Drivers/STM32F4xx_HAL_Driver/Src/stm32f4xx_ll_gpio.c ****   *          - ERROR:   Not applicable
 198:board/stm32f401rct6/Drivers/STM32F4xx_HAL_Driver/Src/stm32f4xx_ll_gpio.c ****   */
 199:board/stm32f401rct6/Drivers/STM32F4xx_HAL_Driver/Src/stm32f4xx_ll_gpio.c **** ErrorStatus LL_GPIO_Init(GPIO_TypeDef *GPIOx, LL_GPIO_InitTypeDef *GPIO_InitStruct)
 200:board/stm32f401rct6/Drivers/STM32F4xx_HAL_Driver/Src/stm32f4xx_ll_gpio.c **** {
 317              		.loc 1 200 1 is_stmt 1 view -0
 318              		.cfi_startproc
 319              		@ args = 0, pretend = 0, frame = 0
 320              		@ frame_needed = 0, uses_anonymous_args = 0
 321              		@ link register save eliminated.
 322              		.loc 1 200 1 is_stmt 0 view .LVU78
 323 0000 F0B4     		push	{r4, r5, r6, r7}
ARM GAS  C:\Users\Admin\AppData\Local\Temp\ccELz1LE.s 			page 22


 324              	.LCFI0:
 325              		.cfi_def_cfa_offset 16
 326              		.cfi_offset 4, -16
 327              		.cfi_offset 5, -12
 328              		.cfi_offset 6, -8
 329              		.cfi_offset 7, -4
 201:board/stm32f401rct6/Drivers/STM32F4xx_HAL_Driver/Src/stm32f4xx_ll_gpio.c ****   uint32_t pinpos     = 0x00000000U;
 330              		.loc 1 201 3 is_stmt 1 view .LVU79
 331              	.LVL21:
 202:board/stm32f401rct6/Drivers/STM32F4xx_HAL_Driver/Src/stm32f4xx_ll_gpio.c ****   uint32_t currentpin = 0x00000000U;
 332              		.loc 1 202 3 view .LVU80
 203:board/stm32f401rct6/Drivers/STM32F4xx_HAL_Driver/Src/stm32f4xx_ll_gpio.c **** 
 204:board/stm32f401rct6/Drivers/STM32F4xx_HAL_Driver/Src/stm32f4xx_ll_gpio.c ****   /* Check the parameters */
 205:board/stm32f401rct6/Drivers/STM32F4xx_HAL_Driver/Src/stm32f4xx_ll_gpio.c ****   assert_param(IS_GPIO_ALL_INSTANCE(GPIOx));
 333              		.loc 1 205 3 view .LVU81
 206:board/stm32f401rct6/Drivers/STM32F4xx_HAL_Driver/Src/stm32f4xx_ll_gpio.c ****   assert_param(IS_LL_GPIO_PIN(GPIO_InitStruct->Pin));
 334              		.loc 1 206 3 view .LVU82
 207:board/stm32f401rct6/Drivers/STM32F4xx_HAL_Driver/Src/stm32f4xx_ll_gpio.c ****   assert_param(IS_LL_GPIO_MODE(GPIO_InitStruct->Mode));
 335              		.loc 1 207 3 view .LVU83
 208:board/stm32f401rct6/Drivers/STM32F4xx_HAL_Driver/Src/stm32f4xx_ll_gpio.c ****   assert_param(IS_LL_GPIO_PULL(GPIO_InitStruct->Pull));
 336              		.loc 1 208 3 view .LVU84
 209:board/stm32f401rct6/Drivers/STM32F4xx_HAL_Driver/Src/stm32f4xx_ll_gpio.c **** 
 210:board/stm32f401rct6/Drivers/STM32F4xx_HAL_Driver/Src/stm32f4xx_ll_gpio.c ****   /* ------------------------- Configure the port pins ---------------- */
 211:board/stm32f401rct6/Drivers/STM32F4xx_HAL_Driver/Src/stm32f4xx_ll_gpio.c ****   /* Initialize  pinpos on first pin set */
 212:board/stm32f401rct6/Drivers/STM32F4xx_HAL_Driver/Src/stm32f4xx_ll_gpio.c ****   pinpos = POSITION_VAL(GPIO_InitStruct->Pin);
 337              		.loc 1 212 3 view .LVU85
 338              		.loc 1 212 12 is_stmt 0 view .LVU86
 339 0002 0A68     		ldr	r2, [r1]
 340              	.LVL22:
 341              	.LBB180:
 342              	.LBI180:
 343              		.file 3 "board/stm32f401rct6/Drivers/CMSIS/Include/cmsis_gcc.h"
   1:board/stm32f401rct6/Drivers/CMSIS/Include/cmsis_gcc.h **** /**************************************************************************//**
   2:board/stm32f401rct6/Drivers/CMSIS/Include/cmsis_gcc.h ****  * @file     cmsis_gcc.h
   3:board/stm32f401rct6/Drivers/CMSIS/Include/cmsis_gcc.h ****  * @brief    CMSIS compiler GCC header file
   4:board/stm32f401rct6/Drivers/CMSIS/Include/cmsis_gcc.h ****  * @version  V5.4.1
   5:board/stm32f401rct6/Drivers/CMSIS/Include/cmsis_gcc.h ****  * @date     27. May 2021
   6:board/stm32f401rct6/Drivers/CMSIS/Include/cmsis_gcc.h ****  ******************************************************************************/
   7:board/stm32f401rct6/Drivers/CMSIS/Include/cmsis_gcc.h **** /*
   8:board/stm32f401rct6/Drivers/CMSIS/Include/cmsis_gcc.h ****  * Copyright (c) 2009-2021 Arm Limited. All rights reserved.
   9:board/stm32f401rct6/Drivers/CMSIS/Include/cmsis_gcc.h ****  *
  10:board/stm32f401rct6/Drivers/CMSIS/Include/cmsis_gcc.h ****  * SPDX-License-Identifier: Apache-2.0
  11:board/stm32f401rct6/Drivers/CMSIS/Include/cmsis_gcc.h ****  *
  12:board/stm32f401rct6/Drivers/CMSIS/Include/cmsis_gcc.h ****  * Licensed under the Apache License, Version 2.0 (the License); you may
  13:board/stm32f401rct6/Drivers/CMSIS/Include/cmsis_gcc.h ****  * not use this file except in compliance with the License.
  14:board/stm32f401rct6/Drivers/CMSIS/Include/cmsis_gcc.h ****  * You may obtain a copy of the License at
  15:board/stm32f401rct6/Drivers/CMSIS/Include/cmsis_gcc.h ****  *
  16:board/stm32f401rct6/Drivers/CMSIS/Include/cmsis_gcc.h ****  * www.apache.org/licenses/LICENSE-2.0
  17:board/stm32f401rct6/Drivers/CMSIS/Include/cmsis_gcc.h ****  *
  18:board/stm32f401rct6/Drivers/CMSIS/Include/cmsis_gcc.h ****  * Unless required by applicable law or agreed to in writing, software
  19:board/stm32f401rct6/Drivers/CMSIS/Include/cmsis_gcc.h ****  * distributed under the License is distributed on an AS IS BASIS, WITHOUT
  20:board/stm32f401rct6/Drivers/CMSIS/Include/cmsis_gcc.h ****  * WARRANTIES OR CONDITIONS OF ANY KIND, either express or implied.
  21:board/stm32f401rct6/Drivers/CMSIS/Include/cmsis_gcc.h ****  * See the License for the specific language governing permissions and
  22:board/stm32f401rct6/Drivers/CMSIS/Include/cmsis_gcc.h ****  * limitations under the License.
  23:board/stm32f401rct6/Drivers/CMSIS/Include/cmsis_gcc.h ****  */
  24:board/stm32f401rct6/Drivers/CMSIS/Include/cmsis_gcc.h **** 
  25:board/stm32f401rct6/Drivers/CMSIS/Include/cmsis_gcc.h **** #ifndef __CMSIS_GCC_H
ARM GAS  C:\Users\Admin\AppData\Local\Temp\ccELz1LE.s 			page 23


  26:board/stm32f401rct6/Drivers/CMSIS/Include/cmsis_gcc.h **** #define __CMSIS_GCC_H
  27:board/stm32f401rct6/Drivers/CMSIS/Include/cmsis_gcc.h **** 
  28:board/stm32f401rct6/Drivers/CMSIS/Include/cmsis_gcc.h **** /* ignore some GCC warnings */
  29:board/stm32f401rct6/Drivers/CMSIS/Include/cmsis_gcc.h **** #pragma GCC diagnostic push
  30:board/stm32f401rct6/Drivers/CMSIS/Include/cmsis_gcc.h **** #pragma GCC diagnostic ignored "-Wsign-conversion"
  31:board/stm32f401rct6/Drivers/CMSIS/Include/cmsis_gcc.h **** #pragma GCC diagnostic ignored "-Wconversion"
  32:board/stm32f401rct6/Drivers/CMSIS/Include/cmsis_gcc.h **** #pragma GCC diagnostic ignored "-Wunused-parameter"
  33:board/stm32f401rct6/Drivers/CMSIS/Include/cmsis_gcc.h **** 
  34:board/stm32f401rct6/Drivers/CMSIS/Include/cmsis_gcc.h **** /* Fallback for __has_builtin */
  35:board/stm32f401rct6/Drivers/CMSIS/Include/cmsis_gcc.h **** #ifndef __has_builtin
  36:board/stm32f401rct6/Drivers/CMSIS/Include/cmsis_gcc.h ****   #define __has_builtin(x) (0)
  37:board/stm32f401rct6/Drivers/CMSIS/Include/cmsis_gcc.h **** #endif
  38:board/stm32f401rct6/Drivers/CMSIS/Include/cmsis_gcc.h **** 
  39:board/stm32f401rct6/Drivers/CMSIS/Include/cmsis_gcc.h **** /* CMSIS compiler specific defines */
  40:board/stm32f401rct6/Drivers/CMSIS/Include/cmsis_gcc.h **** #ifndef   __ASM
  41:board/stm32f401rct6/Drivers/CMSIS/Include/cmsis_gcc.h ****   #define __ASM                                  __asm
  42:board/stm32f401rct6/Drivers/CMSIS/Include/cmsis_gcc.h **** #endif
  43:board/stm32f401rct6/Drivers/CMSIS/Include/cmsis_gcc.h **** #ifndef   __INLINE
  44:board/stm32f401rct6/Drivers/CMSIS/Include/cmsis_gcc.h ****   #define __INLINE                               inline
  45:board/stm32f401rct6/Drivers/CMSIS/Include/cmsis_gcc.h **** #endif
  46:board/stm32f401rct6/Drivers/CMSIS/Include/cmsis_gcc.h **** #ifndef   __STATIC_INLINE
  47:board/stm32f401rct6/Drivers/CMSIS/Include/cmsis_gcc.h ****   #define __STATIC_INLINE                        static inline
  48:board/stm32f401rct6/Drivers/CMSIS/Include/cmsis_gcc.h **** #endif
  49:board/stm32f401rct6/Drivers/CMSIS/Include/cmsis_gcc.h **** #ifndef   __STATIC_FORCEINLINE
  50:board/stm32f401rct6/Drivers/CMSIS/Include/cmsis_gcc.h ****   #define __STATIC_FORCEINLINE                   __attribute__((always_inline)) static inline
  51:board/stm32f401rct6/Drivers/CMSIS/Include/cmsis_gcc.h **** #endif
  52:board/stm32f401rct6/Drivers/CMSIS/Include/cmsis_gcc.h **** #ifndef   __NO_RETURN
  53:board/stm32f401rct6/Drivers/CMSIS/Include/cmsis_gcc.h ****   #define __NO_RETURN                            __attribute__((__noreturn__))
  54:board/stm32f401rct6/Drivers/CMSIS/Include/cmsis_gcc.h **** #endif
  55:board/stm32f401rct6/Drivers/CMSIS/Include/cmsis_gcc.h **** #ifndef   __USED
  56:board/stm32f401rct6/Drivers/CMSIS/Include/cmsis_gcc.h ****   #define __USED                                 __attribute__((used))
  57:board/stm32f401rct6/Drivers/CMSIS/Include/cmsis_gcc.h **** #endif
  58:board/stm32f401rct6/Drivers/CMSIS/Include/cmsis_gcc.h **** #ifndef   __WEAK
  59:board/stm32f401rct6/Drivers/CMSIS/Include/cmsis_gcc.h ****   #define __WEAK                                 __attribute__((weak))
  60:board/stm32f401rct6/Drivers/CMSIS/Include/cmsis_gcc.h **** #endif
  61:board/stm32f401rct6/Drivers/CMSIS/Include/cmsis_gcc.h **** #ifndef   __PACKED
  62:board/stm32f401rct6/Drivers/CMSIS/Include/cmsis_gcc.h ****   #define __PACKED                               __attribute__((packed, aligned(1)))
  63:board/stm32f401rct6/Drivers/CMSIS/Include/cmsis_gcc.h **** #endif
  64:board/stm32f401rct6/Drivers/CMSIS/Include/cmsis_gcc.h **** #ifndef   __PACKED_STRUCT
  65:board/stm32f401rct6/Drivers/CMSIS/Include/cmsis_gcc.h ****   #define __PACKED_STRUCT                        struct __attribute__((packed, aligned(1)))
  66:board/stm32f401rct6/Drivers/CMSIS/Include/cmsis_gcc.h **** #endif
  67:board/stm32f401rct6/Drivers/CMSIS/Include/cmsis_gcc.h **** #ifndef   __PACKED_UNION
  68:board/stm32f401rct6/Drivers/CMSIS/Include/cmsis_gcc.h ****   #define __PACKED_UNION                         union __attribute__((packed, aligned(1)))
  69:board/stm32f401rct6/Drivers/CMSIS/Include/cmsis_gcc.h **** #endif
  70:board/stm32f401rct6/Drivers/CMSIS/Include/cmsis_gcc.h **** #ifndef   __UNALIGNED_UINT32        /* deprecated */
  71:board/stm32f401rct6/Drivers/CMSIS/Include/cmsis_gcc.h ****   #pragma GCC diagnostic push
  72:board/stm32f401rct6/Drivers/CMSIS/Include/cmsis_gcc.h ****   #pragma GCC diagnostic ignored "-Wpacked"
  73:board/stm32f401rct6/Drivers/CMSIS/Include/cmsis_gcc.h ****   #pragma GCC diagnostic ignored "-Wattributes"
  74:board/stm32f401rct6/Drivers/CMSIS/Include/cmsis_gcc.h ****   struct __attribute__((packed)) T_UINT32 { uint32_t v; };
  75:board/stm32f401rct6/Drivers/CMSIS/Include/cmsis_gcc.h ****   #pragma GCC diagnostic pop
  76:board/stm32f401rct6/Drivers/CMSIS/Include/cmsis_gcc.h ****   #define __UNALIGNED_UINT32(x)                  (((struct T_UINT32 *)(x))->v)
  77:board/stm32f401rct6/Drivers/CMSIS/Include/cmsis_gcc.h **** #endif
  78:board/stm32f401rct6/Drivers/CMSIS/Include/cmsis_gcc.h **** #ifndef   __UNALIGNED_UINT16_WRITE
  79:board/stm32f401rct6/Drivers/CMSIS/Include/cmsis_gcc.h ****   #pragma GCC diagnostic push
  80:board/stm32f401rct6/Drivers/CMSIS/Include/cmsis_gcc.h ****   #pragma GCC diagnostic ignored "-Wpacked"
  81:board/stm32f401rct6/Drivers/CMSIS/Include/cmsis_gcc.h ****   #pragma GCC diagnostic ignored "-Wattributes"
  82:board/stm32f401rct6/Drivers/CMSIS/Include/cmsis_gcc.h ****   __PACKED_STRUCT T_UINT16_WRITE { uint16_t v; };
ARM GAS  C:\Users\Admin\AppData\Local\Temp\ccELz1LE.s 			page 24


  83:board/stm32f401rct6/Drivers/CMSIS/Include/cmsis_gcc.h ****   #pragma GCC diagnostic pop
  84:board/stm32f401rct6/Drivers/CMSIS/Include/cmsis_gcc.h ****   #define __UNALIGNED_UINT16_WRITE(addr, val)    (void)((((struct T_UINT16_WRITE *)(void *)(addr))-
  85:board/stm32f401rct6/Drivers/CMSIS/Include/cmsis_gcc.h **** #endif
  86:board/stm32f401rct6/Drivers/CMSIS/Include/cmsis_gcc.h **** #ifndef   __UNALIGNED_UINT16_READ
  87:board/stm32f401rct6/Drivers/CMSIS/Include/cmsis_gcc.h ****   #pragma GCC diagnostic push
  88:board/stm32f401rct6/Drivers/CMSIS/Include/cmsis_gcc.h ****   #pragma GCC diagnostic ignored "-Wpacked"
  89:board/stm32f401rct6/Drivers/CMSIS/Include/cmsis_gcc.h ****   #pragma GCC diagnostic ignored "-Wattributes"
  90:board/stm32f401rct6/Drivers/CMSIS/Include/cmsis_gcc.h ****   __PACKED_STRUCT T_UINT16_READ { uint16_t v; };
  91:board/stm32f401rct6/Drivers/CMSIS/Include/cmsis_gcc.h ****   #pragma GCC diagnostic pop
  92:board/stm32f401rct6/Drivers/CMSIS/Include/cmsis_gcc.h ****   #define __UNALIGNED_UINT16_READ(addr)          (((const struct T_UINT16_READ *)(const void *)(add
  93:board/stm32f401rct6/Drivers/CMSIS/Include/cmsis_gcc.h **** #endif
  94:board/stm32f401rct6/Drivers/CMSIS/Include/cmsis_gcc.h **** #ifndef   __UNALIGNED_UINT32_WRITE
  95:board/stm32f401rct6/Drivers/CMSIS/Include/cmsis_gcc.h ****   #pragma GCC diagnostic push
  96:board/stm32f401rct6/Drivers/CMSIS/Include/cmsis_gcc.h ****   #pragma GCC diagnostic ignored "-Wpacked"
  97:board/stm32f401rct6/Drivers/CMSIS/Include/cmsis_gcc.h ****   #pragma GCC diagnostic ignored "-Wattributes"
  98:board/stm32f401rct6/Drivers/CMSIS/Include/cmsis_gcc.h ****   __PACKED_STRUCT T_UINT32_WRITE { uint32_t v; };
  99:board/stm32f401rct6/Drivers/CMSIS/Include/cmsis_gcc.h ****   #pragma GCC diagnostic pop
 100:board/stm32f401rct6/Drivers/CMSIS/Include/cmsis_gcc.h ****   #define __UNALIGNED_UINT32_WRITE(addr, val)    (void)((((struct T_UINT32_WRITE *)(void *)(addr))-
 101:board/stm32f401rct6/Drivers/CMSIS/Include/cmsis_gcc.h **** #endif
 102:board/stm32f401rct6/Drivers/CMSIS/Include/cmsis_gcc.h **** #ifndef   __UNALIGNED_UINT32_READ
 103:board/stm32f401rct6/Drivers/CMSIS/Include/cmsis_gcc.h ****   #pragma GCC diagnostic push
 104:board/stm32f401rct6/Drivers/CMSIS/Include/cmsis_gcc.h ****   #pragma GCC diagnostic ignored "-Wpacked"
 105:board/stm32f401rct6/Drivers/CMSIS/Include/cmsis_gcc.h ****   #pragma GCC diagnostic ignored "-Wattributes"
 106:board/stm32f401rct6/Drivers/CMSIS/Include/cmsis_gcc.h ****   __PACKED_STRUCT T_UINT32_READ { uint32_t v; };
 107:board/stm32f401rct6/Drivers/CMSIS/Include/cmsis_gcc.h ****   #pragma GCC diagnostic pop
 108:board/stm32f401rct6/Drivers/CMSIS/Include/cmsis_gcc.h ****   #define __UNALIGNED_UINT32_READ(addr)          (((const struct T_UINT32_READ *)(const void *)(add
 109:board/stm32f401rct6/Drivers/CMSIS/Include/cmsis_gcc.h **** #endif
 110:board/stm32f401rct6/Drivers/CMSIS/Include/cmsis_gcc.h **** #ifndef   __ALIGNED
 111:board/stm32f401rct6/Drivers/CMSIS/Include/cmsis_gcc.h ****   #define __ALIGNED(x)                           __attribute__((aligned(x)))
 112:board/stm32f401rct6/Drivers/CMSIS/Include/cmsis_gcc.h **** #endif
 113:board/stm32f401rct6/Drivers/CMSIS/Include/cmsis_gcc.h **** #ifndef   __RESTRICT
 114:board/stm32f401rct6/Drivers/CMSIS/Include/cmsis_gcc.h ****   #define __RESTRICT                             __restrict
 115:board/stm32f401rct6/Drivers/CMSIS/Include/cmsis_gcc.h **** #endif
 116:board/stm32f401rct6/Drivers/CMSIS/Include/cmsis_gcc.h **** #ifndef   __COMPILER_BARRIER
 117:board/stm32f401rct6/Drivers/CMSIS/Include/cmsis_gcc.h ****   #define __COMPILER_BARRIER()                   __ASM volatile("":::"memory")
 118:board/stm32f401rct6/Drivers/CMSIS/Include/cmsis_gcc.h **** #endif
 119:board/stm32f401rct6/Drivers/CMSIS/Include/cmsis_gcc.h **** 
 120:board/stm32f401rct6/Drivers/CMSIS/Include/cmsis_gcc.h **** /* #########################  Startup and Lowlevel Init  ######################## */
 121:board/stm32f401rct6/Drivers/CMSIS/Include/cmsis_gcc.h **** 
 122:board/stm32f401rct6/Drivers/CMSIS/Include/cmsis_gcc.h **** #ifndef __PROGRAM_START
 123:board/stm32f401rct6/Drivers/CMSIS/Include/cmsis_gcc.h **** 
 124:board/stm32f401rct6/Drivers/CMSIS/Include/cmsis_gcc.h **** /**
 125:board/stm32f401rct6/Drivers/CMSIS/Include/cmsis_gcc.h ****   \brief   Initializes data and bss sections
 126:board/stm32f401rct6/Drivers/CMSIS/Include/cmsis_gcc.h ****   \details This default implementations initialized all data and additional bss
 127:board/stm32f401rct6/Drivers/CMSIS/Include/cmsis_gcc.h ****            sections relying on .copy.table and .zero.table specified properly
 128:board/stm32f401rct6/Drivers/CMSIS/Include/cmsis_gcc.h ****            in the used linker script.
 129:board/stm32f401rct6/Drivers/CMSIS/Include/cmsis_gcc.h **** 
 130:board/stm32f401rct6/Drivers/CMSIS/Include/cmsis_gcc.h ****  */
 131:board/stm32f401rct6/Drivers/CMSIS/Include/cmsis_gcc.h **** __STATIC_FORCEINLINE __NO_RETURN void __cmsis_start(void)
 132:board/stm32f401rct6/Drivers/CMSIS/Include/cmsis_gcc.h **** {
 133:board/stm32f401rct6/Drivers/CMSIS/Include/cmsis_gcc.h ****   extern void _start(void) __NO_RETURN;
 134:board/stm32f401rct6/Drivers/CMSIS/Include/cmsis_gcc.h **** 
 135:board/stm32f401rct6/Drivers/CMSIS/Include/cmsis_gcc.h ****   typedef struct {
 136:board/stm32f401rct6/Drivers/CMSIS/Include/cmsis_gcc.h ****     uint32_t const* src;
 137:board/stm32f401rct6/Drivers/CMSIS/Include/cmsis_gcc.h ****     uint32_t* dest;
 138:board/stm32f401rct6/Drivers/CMSIS/Include/cmsis_gcc.h ****     uint32_t  wlen;
 139:board/stm32f401rct6/Drivers/CMSIS/Include/cmsis_gcc.h ****   } __copy_table_t;
ARM GAS  C:\Users\Admin\AppData\Local\Temp\ccELz1LE.s 			page 25


 140:board/stm32f401rct6/Drivers/CMSIS/Include/cmsis_gcc.h **** 
 141:board/stm32f401rct6/Drivers/CMSIS/Include/cmsis_gcc.h ****   typedef struct {
 142:board/stm32f401rct6/Drivers/CMSIS/Include/cmsis_gcc.h ****     uint32_t* dest;
 143:board/stm32f401rct6/Drivers/CMSIS/Include/cmsis_gcc.h ****     uint32_t  wlen;
 144:board/stm32f401rct6/Drivers/CMSIS/Include/cmsis_gcc.h ****   } __zero_table_t;
 145:board/stm32f401rct6/Drivers/CMSIS/Include/cmsis_gcc.h **** 
 146:board/stm32f401rct6/Drivers/CMSIS/Include/cmsis_gcc.h ****   extern const __copy_table_t __copy_table_start__;
 147:board/stm32f401rct6/Drivers/CMSIS/Include/cmsis_gcc.h ****   extern const __copy_table_t __copy_table_end__;
 148:board/stm32f401rct6/Drivers/CMSIS/Include/cmsis_gcc.h ****   extern const __zero_table_t __zero_table_start__;
 149:board/stm32f401rct6/Drivers/CMSIS/Include/cmsis_gcc.h ****   extern const __zero_table_t __zero_table_end__;
 150:board/stm32f401rct6/Drivers/CMSIS/Include/cmsis_gcc.h **** 
 151:board/stm32f401rct6/Drivers/CMSIS/Include/cmsis_gcc.h ****   for (__copy_table_t const* pTable = &__copy_table_start__; pTable < &__copy_table_end__; ++pTable
 152:board/stm32f401rct6/Drivers/CMSIS/Include/cmsis_gcc.h ****     for(uint32_t i=0u; i<pTable->wlen; ++i) {
 153:board/stm32f401rct6/Drivers/CMSIS/Include/cmsis_gcc.h ****       pTable->dest[i] = pTable->src[i];
 154:board/stm32f401rct6/Drivers/CMSIS/Include/cmsis_gcc.h ****     }
 155:board/stm32f401rct6/Drivers/CMSIS/Include/cmsis_gcc.h ****   }
 156:board/stm32f401rct6/Drivers/CMSIS/Include/cmsis_gcc.h **** 
 157:board/stm32f401rct6/Drivers/CMSIS/Include/cmsis_gcc.h ****   for (__zero_table_t const* pTable = &__zero_table_start__; pTable < &__zero_table_end__; ++pTable
 158:board/stm32f401rct6/Drivers/CMSIS/Include/cmsis_gcc.h ****     for(uint32_t i=0u; i<pTable->wlen; ++i) {
 159:board/stm32f401rct6/Drivers/CMSIS/Include/cmsis_gcc.h ****       pTable->dest[i] = 0u;
 160:board/stm32f401rct6/Drivers/CMSIS/Include/cmsis_gcc.h ****     }
 161:board/stm32f401rct6/Drivers/CMSIS/Include/cmsis_gcc.h ****   }
 162:board/stm32f401rct6/Drivers/CMSIS/Include/cmsis_gcc.h **** 
 163:board/stm32f401rct6/Drivers/CMSIS/Include/cmsis_gcc.h ****   _start();
 164:board/stm32f401rct6/Drivers/CMSIS/Include/cmsis_gcc.h **** }
 165:board/stm32f401rct6/Drivers/CMSIS/Include/cmsis_gcc.h **** 
 166:board/stm32f401rct6/Drivers/CMSIS/Include/cmsis_gcc.h **** #define __PROGRAM_START           __cmsis_start
 167:board/stm32f401rct6/Drivers/CMSIS/Include/cmsis_gcc.h **** #endif
 168:board/stm32f401rct6/Drivers/CMSIS/Include/cmsis_gcc.h **** 
 169:board/stm32f401rct6/Drivers/CMSIS/Include/cmsis_gcc.h **** #ifndef __INITIAL_SP
 170:board/stm32f401rct6/Drivers/CMSIS/Include/cmsis_gcc.h **** #define __INITIAL_SP              __StackTop
 171:board/stm32f401rct6/Drivers/CMSIS/Include/cmsis_gcc.h **** #endif
 172:board/stm32f401rct6/Drivers/CMSIS/Include/cmsis_gcc.h **** 
 173:board/stm32f401rct6/Drivers/CMSIS/Include/cmsis_gcc.h **** #ifndef __STACK_LIMIT
 174:board/stm32f401rct6/Drivers/CMSIS/Include/cmsis_gcc.h **** #define __STACK_LIMIT             __StackLimit
 175:board/stm32f401rct6/Drivers/CMSIS/Include/cmsis_gcc.h **** #endif
 176:board/stm32f401rct6/Drivers/CMSIS/Include/cmsis_gcc.h **** 
 177:board/stm32f401rct6/Drivers/CMSIS/Include/cmsis_gcc.h **** #ifndef __VECTOR_TABLE
 178:board/stm32f401rct6/Drivers/CMSIS/Include/cmsis_gcc.h **** #define __VECTOR_TABLE            __Vectors
 179:board/stm32f401rct6/Drivers/CMSIS/Include/cmsis_gcc.h **** #endif
 180:board/stm32f401rct6/Drivers/CMSIS/Include/cmsis_gcc.h **** 
 181:board/stm32f401rct6/Drivers/CMSIS/Include/cmsis_gcc.h **** #ifndef __VECTOR_TABLE_ATTRIBUTE
 182:board/stm32f401rct6/Drivers/CMSIS/Include/cmsis_gcc.h **** #define __VECTOR_TABLE_ATTRIBUTE  __attribute__((used, section(".vectors")))
 183:board/stm32f401rct6/Drivers/CMSIS/Include/cmsis_gcc.h **** #endif
 184:board/stm32f401rct6/Drivers/CMSIS/Include/cmsis_gcc.h **** 
 185:board/stm32f401rct6/Drivers/CMSIS/Include/cmsis_gcc.h **** #if defined (__ARM_FEATURE_CMSE) && (__ARM_FEATURE_CMSE == 3U)
 186:board/stm32f401rct6/Drivers/CMSIS/Include/cmsis_gcc.h **** #ifndef __STACK_SEAL
 187:board/stm32f401rct6/Drivers/CMSIS/Include/cmsis_gcc.h **** #define __STACK_SEAL              __StackSeal
 188:board/stm32f401rct6/Drivers/CMSIS/Include/cmsis_gcc.h **** #endif
 189:board/stm32f401rct6/Drivers/CMSIS/Include/cmsis_gcc.h **** 
 190:board/stm32f401rct6/Drivers/CMSIS/Include/cmsis_gcc.h **** #ifndef __TZ_STACK_SEAL_SIZE
 191:board/stm32f401rct6/Drivers/CMSIS/Include/cmsis_gcc.h **** #define __TZ_STACK_SEAL_SIZE      8U
 192:board/stm32f401rct6/Drivers/CMSIS/Include/cmsis_gcc.h **** #endif
 193:board/stm32f401rct6/Drivers/CMSIS/Include/cmsis_gcc.h **** 
 194:board/stm32f401rct6/Drivers/CMSIS/Include/cmsis_gcc.h **** #ifndef __TZ_STACK_SEAL_VALUE
 195:board/stm32f401rct6/Drivers/CMSIS/Include/cmsis_gcc.h **** #define __TZ_STACK_SEAL_VALUE     0xFEF5EDA5FEF5EDA5ULL
 196:board/stm32f401rct6/Drivers/CMSIS/Include/cmsis_gcc.h **** #endif
ARM GAS  C:\Users\Admin\AppData\Local\Temp\ccELz1LE.s 			page 26


 197:board/stm32f401rct6/Drivers/CMSIS/Include/cmsis_gcc.h **** 
 198:board/stm32f401rct6/Drivers/CMSIS/Include/cmsis_gcc.h **** 
 199:board/stm32f401rct6/Drivers/CMSIS/Include/cmsis_gcc.h **** __STATIC_FORCEINLINE void __TZ_set_STACKSEAL_S (uint32_t* stackTop) {
 200:board/stm32f401rct6/Drivers/CMSIS/Include/cmsis_gcc.h ****   *((uint64_t *)stackTop) = __TZ_STACK_SEAL_VALUE;
 201:board/stm32f401rct6/Drivers/CMSIS/Include/cmsis_gcc.h **** }
 202:board/stm32f401rct6/Drivers/CMSIS/Include/cmsis_gcc.h **** #endif
 203:board/stm32f401rct6/Drivers/CMSIS/Include/cmsis_gcc.h **** 
 204:board/stm32f401rct6/Drivers/CMSIS/Include/cmsis_gcc.h **** 
 205:board/stm32f401rct6/Drivers/CMSIS/Include/cmsis_gcc.h **** /* ##########################  Core Instruction Access  ######################### */
 206:board/stm32f401rct6/Drivers/CMSIS/Include/cmsis_gcc.h **** /** \defgroup CMSIS_Core_InstructionInterface CMSIS Core Instruction Interface
 207:board/stm32f401rct6/Drivers/CMSIS/Include/cmsis_gcc.h ****   Access to dedicated instructions
 208:board/stm32f401rct6/Drivers/CMSIS/Include/cmsis_gcc.h ****   @{
 209:board/stm32f401rct6/Drivers/CMSIS/Include/cmsis_gcc.h **** */
 210:board/stm32f401rct6/Drivers/CMSIS/Include/cmsis_gcc.h **** 
 211:board/stm32f401rct6/Drivers/CMSIS/Include/cmsis_gcc.h **** /* Define macros for porting to both thumb1 and thumb2.
 212:board/stm32f401rct6/Drivers/CMSIS/Include/cmsis_gcc.h ****  * For thumb1, use low register (r0-r7), specified by constraint "l"
 213:board/stm32f401rct6/Drivers/CMSIS/Include/cmsis_gcc.h ****  * Otherwise, use general registers, specified by constraint "r" */
 214:board/stm32f401rct6/Drivers/CMSIS/Include/cmsis_gcc.h **** #if defined (__thumb__) && !defined (__thumb2__)
 215:board/stm32f401rct6/Drivers/CMSIS/Include/cmsis_gcc.h **** #define __CMSIS_GCC_OUT_REG(r) "=l" (r)
 216:board/stm32f401rct6/Drivers/CMSIS/Include/cmsis_gcc.h **** #define __CMSIS_GCC_RW_REG(r) "+l" (r)
 217:board/stm32f401rct6/Drivers/CMSIS/Include/cmsis_gcc.h **** #define __CMSIS_GCC_USE_REG(r) "l" (r)
 218:board/stm32f401rct6/Drivers/CMSIS/Include/cmsis_gcc.h **** #else
 219:board/stm32f401rct6/Drivers/CMSIS/Include/cmsis_gcc.h **** #define __CMSIS_GCC_OUT_REG(r) "=r" (r)
 220:board/stm32f401rct6/Drivers/CMSIS/Include/cmsis_gcc.h **** #define __CMSIS_GCC_RW_REG(r) "+r" (r)
 221:board/stm32f401rct6/Drivers/CMSIS/Include/cmsis_gcc.h **** #define __CMSIS_GCC_USE_REG(r) "r" (r)
 222:board/stm32f401rct6/Drivers/CMSIS/Include/cmsis_gcc.h **** #endif
 223:board/stm32f401rct6/Drivers/CMSIS/Include/cmsis_gcc.h **** 
 224:board/stm32f401rct6/Drivers/CMSIS/Include/cmsis_gcc.h **** /**
 225:board/stm32f401rct6/Drivers/CMSIS/Include/cmsis_gcc.h ****   \brief   No Operation
 226:board/stm32f401rct6/Drivers/CMSIS/Include/cmsis_gcc.h ****   \details No Operation does nothing. This instruction can be used for code alignment purposes.
 227:board/stm32f401rct6/Drivers/CMSIS/Include/cmsis_gcc.h ****  */
 228:board/stm32f401rct6/Drivers/CMSIS/Include/cmsis_gcc.h **** #define __NOP()                             __ASM volatile ("nop")
 229:board/stm32f401rct6/Drivers/CMSIS/Include/cmsis_gcc.h **** 
 230:board/stm32f401rct6/Drivers/CMSIS/Include/cmsis_gcc.h **** /**
 231:board/stm32f401rct6/Drivers/CMSIS/Include/cmsis_gcc.h ****   \brief   Wait For Interrupt
 232:board/stm32f401rct6/Drivers/CMSIS/Include/cmsis_gcc.h ****   \details Wait For Interrupt is a hint instruction that suspends execution until one of a number o
 233:board/stm32f401rct6/Drivers/CMSIS/Include/cmsis_gcc.h ****  */
 234:board/stm32f401rct6/Drivers/CMSIS/Include/cmsis_gcc.h **** #define __WFI()                             __ASM volatile ("wfi":::"memory")
 235:board/stm32f401rct6/Drivers/CMSIS/Include/cmsis_gcc.h **** 
 236:board/stm32f401rct6/Drivers/CMSIS/Include/cmsis_gcc.h **** 
 237:board/stm32f401rct6/Drivers/CMSIS/Include/cmsis_gcc.h **** /**
 238:board/stm32f401rct6/Drivers/CMSIS/Include/cmsis_gcc.h ****   \brief   Wait For Event
 239:board/stm32f401rct6/Drivers/CMSIS/Include/cmsis_gcc.h ****   \details Wait For Event is a hint instruction that permits the processor to enter
 240:board/stm32f401rct6/Drivers/CMSIS/Include/cmsis_gcc.h ****            a low-power state until one of a number of events occurs.
 241:board/stm32f401rct6/Drivers/CMSIS/Include/cmsis_gcc.h ****  */
 242:board/stm32f401rct6/Drivers/CMSIS/Include/cmsis_gcc.h **** #define __WFE()                             __ASM volatile ("wfe":::"memory")
 243:board/stm32f401rct6/Drivers/CMSIS/Include/cmsis_gcc.h **** 
 244:board/stm32f401rct6/Drivers/CMSIS/Include/cmsis_gcc.h **** 
 245:board/stm32f401rct6/Drivers/CMSIS/Include/cmsis_gcc.h **** /**
 246:board/stm32f401rct6/Drivers/CMSIS/Include/cmsis_gcc.h ****   \brief   Send Event
 247:board/stm32f401rct6/Drivers/CMSIS/Include/cmsis_gcc.h ****   \details Send Event is a hint instruction. It causes an event to be signaled to the CPU.
 248:board/stm32f401rct6/Drivers/CMSIS/Include/cmsis_gcc.h ****  */
 249:board/stm32f401rct6/Drivers/CMSIS/Include/cmsis_gcc.h **** #define __SEV()                             __ASM volatile ("sev")
 250:board/stm32f401rct6/Drivers/CMSIS/Include/cmsis_gcc.h **** 
 251:board/stm32f401rct6/Drivers/CMSIS/Include/cmsis_gcc.h **** 
 252:board/stm32f401rct6/Drivers/CMSIS/Include/cmsis_gcc.h **** /**
 253:board/stm32f401rct6/Drivers/CMSIS/Include/cmsis_gcc.h ****   \brief   Instruction Synchronization Barrier
ARM GAS  C:\Users\Admin\AppData\Local\Temp\ccELz1LE.s 			page 27


 254:board/stm32f401rct6/Drivers/CMSIS/Include/cmsis_gcc.h ****   \details Instruction Synchronization Barrier flushes the pipeline in the processor,
 255:board/stm32f401rct6/Drivers/CMSIS/Include/cmsis_gcc.h ****            so that all instructions following the ISB are fetched from cache or memory,
 256:board/stm32f401rct6/Drivers/CMSIS/Include/cmsis_gcc.h ****            after the instruction has been completed.
 257:board/stm32f401rct6/Drivers/CMSIS/Include/cmsis_gcc.h ****  */
 258:board/stm32f401rct6/Drivers/CMSIS/Include/cmsis_gcc.h **** __STATIC_FORCEINLINE void __ISB(void)
 259:board/stm32f401rct6/Drivers/CMSIS/Include/cmsis_gcc.h **** {
 260:board/stm32f401rct6/Drivers/CMSIS/Include/cmsis_gcc.h ****   __ASM volatile ("isb 0xF":::"memory");
 261:board/stm32f401rct6/Drivers/CMSIS/Include/cmsis_gcc.h **** }
 262:board/stm32f401rct6/Drivers/CMSIS/Include/cmsis_gcc.h **** 
 263:board/stm32f401rct6/Drivers/CMSIS/Include/cmsis_gcc.h **** 
 264:board/stm32f401rct6/Drivers/CMSIS/Include/cmsis_gcc.h **** /**
 265:board/stm32f401rct6/Drivers/CMSIS/Include/cmsis_gcc.h ****   \brief   Data Synchronization Barrier
 266:board/stm32f401rct6/Drivers/CMSIS/Include/cmsis_gcc.h ****   \details Acts as a special kind of Data Memory Barrier.
 267:board/stm32f401rct6/Drivers/CMSIS/Include/cmsis_gcc.h ****            It completes when all explicit memory accesses before this instruction complete.
 268:board/stm32f401rct6/Drivers/CMSIS/Include/cmsis_gcc.h ****  */
 269:board/stm32f401rct6/Drivers/CMSIS/Include/cmsis_gcc.h **** __STATIC_FORCEINLINE void __DSB(void)
 270:board/stm32f401rct6/Drivers/CMSIS/Include/cmsis_gcc.h **** {
 271:board/stm32f401rct6/Drivers/CMSIS/Include/cmsis_gcc.h ****   __ASM volatile ("dsb 0xF":::"memory");
 272:board/stm32f401rct6/Drivers/CMSIS/Include/cmsis_gcc.h **** }
 273:board/stm32f401rct6/Drivers/CMSIS/Include/cmsis_gcc.h **** 
 274:board/stm32f401rct6/Drivers/CMSIS/Include/cmsis_gcc.h **** 
 275:board/stm32f401rct6/Drivers/CMSIS/Include/cmsis_gcc.h **** /**
 276:board/stm32f401rct6/Drivers/CMSIS/Include/cmsis_gcc.h ****   \brief   Data Memory Barrier
 277:board/stm32f401rct6/Drivers/CMSIS/Include/cmsis_gcc.h ****   \details Ensures the apparent order of the explicit memory operations before
 278:board/stm32f401rct6/Drivers/CMSIS/Include/cmsis_gcc.h ****            and after the instruction, without ensuring their completion.
 279:board/stm32f401rct6/Drivers/CMSIS/Include/cmsis_gcc.h ****  */
 280:board/stm32f401rct6/Drivers/CMSIS/Include/cmsis_gcc.h **** __STATIC_FORCEINLINE void __DMB(void)
 281:board/stm32f401rct6/Drivers/CMSIS/Include/cmsis_gcc.h **** {
 282:board/stm32f401rct6/Drivers/CMSIS/Include/cmsis_gcc.h ****   __ASM volatile ("dmb 0xF":::"memory");
 283:board/stm32f401rct6/Drivers/CMSIS/Include/cmsis_gcc.h **** }
 284:board/stm32f401rct6/Drivers/CMSIS/Include/cmsis_gcc.h **** 
 285:board/stm32f401rct6/Drivers/CMSIS/Include/cmsis_gcc.h **** 
 286:board/stm32f401rct6/Drivers/CMSIS/Include/cmsis_gcc.h **** /**
 287:board/stm32f401rct6/Drivers/CMSIS/Include/cmsis_gcc.h ****   \brief   Reverse byte order (32 bit)
 288:board/stm32f401rct6/Drivers/CMSIS/Include/cmsis_gcc.h ****   \details Reverses the byte order in unsigned integer value. For example, 0x12345678 becomes 0x785
 289:board/stm32f401rct6/Drivers/CMSIS/Include/cmsis_gcc.h ****   \param [in]    value  Value to reverse
 290:board/stm32f401rct6/Drivers/CMSIS/Include/cmsis_gcc.h ****   \return               Reversed value
 291:board/stm32f401rct6/Drivers/CMSIS/Include/cmsis_gcc.h ****  */
 292:board/stm32f401rct6/Drivers/CMSIS/Include/cmsis_gcc.h **** __STATIC_FORCEINLINE uint32_t __REV(uint32_t value)
 293:board/stm32f401rct6/Drivers/CMSIS/Include/cmsis_gcc.h **** {
 294:board/stm32f401rct6/Drivers/CMSIS/Include/cmsis_gcc.h **** #if (__GNUC__ > 4) || (__GNUC__ == 4 && __GNUC_MINOR__ >= 5)
 295:board/stm32f401rct6/Drivers/CMSIS/Include/cmsis_gcc.h ****   return __builtin_bswap32(value);
 296:board/stm32f401rct6/Drivers/CMSIS/Include/cmsis_gcc.h **** #else
 297:board/stm32f401rct6/Drivers/CMSIS/Include/cmsis_gcc.h ****   uint32_t result;
 298:board/stm32f401rct6/Drivers/CMSIS/Include/cmsis_gcc.h **** 
 299:board/stm32f401rct6/Drivers/CMSIS/Include/cmsis_gcc.h ****   __ASM ("rev %0, %1" : __CMSIS_GCC_OUT_REG (result) : __CMSIS_GCC_USE_REG (value) );
 300:board/stm32f401rct6/Drivers/CMSIS/Include/cmsis_gcc.h ****   return result;
 301:board/stm32f401rct6/Drivers/CMSIS/Include/cmsis_gcc.h **** #endif
 302:board/stm32f401rct6/Drivers/CMSIS/Include/cmsis_gcc.h **** }
 303:board/stm32f401rct6/Drivers/CMSIS/Include/cmsis_gcc.h **** 
 304:board/stm32f401rct6/Drivers/CMSIS/Include/cmsis_gcc.h **** 
 305:board/stm32f401rct6/Drivers/CMSIS/Include/cmsis_gcc.h **** /**
 306:board/stm32f401rct6/Drivers/CMSIS/Include/cmsis_gcc.h ****   \brief   Reverse byte order (16 bit)
 307:board/stm32f401rct6/Drivers/CMSIS/Include/cmsis_gcc.h ****   \details Reverses the byte order within each halfword of a word. For example, 0x12345678 becomes 
 308:board/stm32f401rct6/Drivers/CMSIS/Include/cmsis_gcc.h ****   \param [in]    value  Value to reverse
 309:board/stm32f401rct6/Drivers/CMSIS/Include/cmsis_gcc.h ****   \return               Reversed value
 310:board/stm32f401rct6/Drivers/CMSIS/Include/cmsis_gcc.h ****  */
ARM GAS  C:\Users\Admin\AppData\Local\Temp\ccELz1LE.s 			page 28


 311:board/stm32f401rct6/Drivers/CMSIS/Include/cmsis_gcc.h **** __STATIC_FORCEINLINE uint32_t __REV16(uint32_t value)
 312:board/stm32f401rct6/Drivers/CMSIS/Include/cmsis_gcc.h **** {
 313:board/stm32f401rct6/Drivers/CMSIS/Include/cmsis_gcc.h ****   uint32_t result;
 314:board/stm32f401rct6/Drivers/CMSIS/Include/cmsis_gcc.h **** 
 315:board/stm32f401rct6/Drivers/CMSIS/Include/cmsis_gcc.h ****   __ASM ("rev16 %0, %1" : __CMSIS_GCC_OUT_REG (result) : __CMSIS_GCC_USE_REG (value) );
 316:board/stm32f401rct6/Drivers/CMSIS/Include/cmsis_gcc.h ****   return result;
 317:board/stm32f401rct6/Drivers/CMSIS/Include/cmsis_gcc.h **** }
 318:board/stm32f401rct6/Drivers/CMSIS/Include/cmsis_gcc.h **** 
 319:board/stm32f401rct6/Drivers/CMSIS/Include/cmsis_gcc.h **** 
 320:board/stm32f401rct6/Drivers/CMSIS/Include/cmsis_gcc.h **** /**
 321:board/stm32f401rct6/Drivers/CMSIS/Include/cmsis_gcc.h ****   \brief   Reverse byte order (16 bit)
 322:board/stm32f401rct6/Drivers/CMSIS/Include/cmsis_gcc.h ****   \details Reverses the byte order in a 16-bit value and returns the signed 16-bit result. For exam
 323:board/stm32f401rct6/Drivers/CMSIS/Include/cmsis_gcc.h ****   \param [in]    value  Value to reverse
 324:board/stm32f401rct6/Drivers/CMSIS/Include/cmsis_gcc.h ****   \return               Reversed value
 325:board/stm32f401rct6/Drivers/CMSIS/Include/cmsis_gcc.h ****  */
 326:board/stm32f401rct6/Drivers/CMSIS/Include/cmsis_gcc.h **** __STATIC_FORCEINLINE int16_t __REVSH(int16_t value)
 327:board/stm32f401rct6/Drivers/CMSIS/Include/cmsis_gcc.h **** {
 328:board/stm32f401rct6/Drivers/CMSIS/Include/cmsis_gcc.h **** #if (__GNUC__ > 4) || (__GNUC__ == 4 && __GNUC_MINOR__ >= 8)
 329:board/stm32f401rct6/Drivers/CMSIS/Include/cmsis_gcc.h ****   return (int16_t)__builtin_bswap16(value);
 330:board/stm32f401rct6/Drivers/CMSIS/Include/cmsis_gcc.h **** #else
 331:board/stm32f401rct6/Drivers/CMSIS/Include/cmsis_gcc.h ****   int16_t result;
 332:board/stm32f401rct6/Drivers/CMSIS/Include/cmsis_gcc.h **** 
 333:board/stm32f401rct6/Drivers/CMSIS/Include/cmsis_gcc.h ****   __ASM ("revsh %0, %1" : __CMSIS_GCC_OUT_REG (result) : __CMSIS_GCC_USE_REG (value) );
 334:board/stm32f401rct6/Drivers/CMSIS/Include/cmsis_gcc.h ****   return result;
 335:board/stm32f401rct6/Drivers/CMSIS/Include/cmsis_gcc.h **** #endif
 336:board/stm32f401rct6/Drivers/CMSIS/Include/cmsis_gcc.h **** }
 337:board/stm32f401rct6/Drivers/CMSIS/Include/cmsis_gcc.h **** 
 338:board/stm32f401rct6/Drivers/CMSIS/Include/cmsis_gcc.h **** 
 339:board/stm32f401rct6/Drivers/CMSIS/Include/cmsis_gcc.h **** /**
 340:board/stm32f401rct6/Drivers/CMSIS/Include/cmsis_gcc.h ****   \brief   Rotate Right in unsigned value (32 bit)
 341:board/stm32f401rct6/Drivers/CMSIS/Include/cmsis_gcc.h ****   \details Rotate Right (immediate) provides the value of the contents of a register rotated by a v
 342:board/stm32f401rct6/Drivers/CMSIS/Include/cmsis_gcc.h ****   \param [in]    op1  Value to rotate
 343:board/stm32f401rct6/Drivers/CMSIS/Include/cmsis_gcc.h ****   \param [in]    op2  Number of Bits to rotate
 344:board/stm32f401rct6/Drivers/CMSIS/Include/cmsis_gcc.h ****   \return               Rotated value
 345:board/stm32f401rct6/Drivers/CMSIS/Include/cmsis_gcc.h ****  */
 346:board/stm32f401rct6/Drivers/CMSIS/Include/cmsis_gcc.h **** __STATIC_FORCEINLINE uint32_t __ROR(uint32_t op1, uint32_t op2)
 347:board/stm32f401rct6/Drivers/CMSIS/Include/cmsis_gcc.h **** {
 348:board/stm32f401rct6/Drivers/CMSIS/Include/cmsis_gcc.h ****   op2 %= 32U;
 349:board/stm32f401rct6/Drivers/CMSIS/Include/cmsis_gcc.h ****   if (op2 == 0U)
 350:board/stm32f401rct6/Drivers/CMSIS/Include/cmsis_gcc.h ****   {
 351:board/stm32f401rct6/Drivers/CMSIS/Include/cmsis_gcc.h ****     return op1;
 352:board/stm32f401rct6/Drivers/CMSIS/Include/cmsis_gcc.h ****   }
 353:board/stm32f401rct6/Drivers/CMSIS/Include/cmsis_gcc.h ****   return (op1 >> op2) | (op1 << (32U - op2));
 354:board/stm32f401rct6/Drivers/CMSIS/Include/cmsis_gcc.h **** }
 355:board/stm32f401rct6/Drivers/CMSIS/Include/cmsis_gcc.h **** 
 356:board/stm32f401rct6/Drivers/CMSIS/Include/cmsis_gcc.h **** 
 357:board/stm32f401rct6/Drivers/CMSIS/Include/cmsis_gcc.h **** /**
 358:board/stm32f401rct6/Drivers/CMSIS/Include/cmsis_gcc.h ****   \brief   Breakpoint
 359:board/stm32f401rct6/Drivers/CMSIS/Include/cmsis_gcc.h ****   \details Causes the processor to enter Debug state.
 360:board/stm32f401rct6/Drivers/CMSIS/Include/cmsis_gcc.h ****            Debug tools can use this to investigate system state when the instruction at a particula
 361:board/stm32f401rct6/Drivers/CMSIS/Include/cmsis_gcc.h ****   \param [in]    value  is ignored by the processor.
 362:board/stm32f401rct6/Drivers/CMSIS/Include/cmsis_gcc.h ****                  If required, a debugger can use it to store additional information about the break
 363:board/stm32f401rct6/Drivers/CMSIS/Include/cmsis_gcc.h ****  */
 364:board/stm32f401rct6/Drivers/CMSIS/Include/cmsis_gcc.h **** #define __BKPT(value)                       __ASM volatile ("bkpt "#value)
 365:board/stm32f401rct6/Drivers/CMSIS/Include/cmsis_gcc.h **** 
 366:board/stm32f401rct6/Drivers/CMSIS/Include/cmsis_gcc.h **** 
 367:board/stm32f401rct6/Drivers/CMSIS/Include/cmsis_gcc.h **** /**
ARM GAS  C:\Users\Admin\AppData\Local\Temp\ccELz1LE.s 			page 29


 368:board/stm32f401rct6/Drivers/CMSIS/Include/cmsis_gcc.h ****   \brief   Reverse bit order of value
 369:board/stm32f401rct6/Drivers/CMSIS/Include/cmsis_gcc.h ****   \details Reverses the bit order of the given value.
 370:board/stm32f401rct6/Drivers/CMSIS/Include/cmsis_gcc.h ****   \param [in]    value  Value to reverse
 371:board/stm32f401rct6/Drivers/CMSIS/Include/cmsis_gcc.h ****   \return               Reversed value
 372:board/stm32f401rct6/Drivers/CMSIS/Include/cmsis_gcc.h ****  */
 373:board/stm32f401rct6/Drivers/CMSIS/Include/cmsis_gcc.h **** __STATIC_FORCEINLINE uint32_t __RBIT(uint32_t value)
 344              		.loc 3 373 31 is_stmt 1 view .LVU87
 345              	.LBB181:
 374:board/stm32f401rct6/Drivers/CMSIS/Include/cmsis_gcc.h **** {
 375:board/stm32f401rct6/Drivers/CMSIS/Include/cmsis_gcc.h ****   uint32_t result;
 346              		.loc 3 375 3 view .LVU88
 376:board/stm32f401rct6/Drivers/CMSIS/Include/cmsis_gcc.h **** 
 377:board/stm32f401rct6/Drivers/CMSIS/Include/cmsis_gcc.h **** #if ((defined (__ARM_ARCH_7M__      ) && (__ARM_ARCH_7M__      == 1)) || \
 378:board/stm32f401rct6/Drivers/CMSIS/Include/cmsis_gcc.h ****      (defined (__ARM_ARCH_7EM__     ) && (__ARM_ARCH_7EM__     == 1)) || \
 379:board/stm32f401rct6/Drivers/CMSIS/Include/cmsis_gcc.h ****      (defined (__ARM_ARCH_8M_MAIN__ ) && (__ARM_ARCH_8M_MAIN__ == 1))    )
 380:board/stm32f401rct6/Drivers/CMSIS/Include/cmsis_gcc.h ****    __ASM ("rbit %0, %1" : "=r" (result) : "r" (value) );
 347              		.loc 3 380 4 view .LVU89
 348              		.syntax unified
 349              	@ 380 "board/stm32f401rct6/Drivers/CMSIS/Include/cmsis_gcc.h" 1
 350 0004 92FAA2F2 		rbit r2, r2
 351              	@ 0 "" 2
 352              	.LVL23:
 381:board/stm32f401rct6/Drivers/CMSIS/Include/cmsis_gcc.h **** #else
 382:board/stm32f401rct6/Drivers/CMSIS/Include/cmsis_gcc.h ****   uint32_t s = (4U /*sizeof(v)*/ * 8U) - 1U; /* extra shift needed at end */
 383:board/stm32f401rct6/Drivers/CMSIS/Include/cmsis_gcc.h **** 
 384:board/stm32f401rct6/Drivers/CMSIS/Include/cmsis_gcc.h ****   result = value;                      /* r will be reversed bits of v; first get LSB of v */
 385:board/stm32f401rct6/Drivers/CMSIS/Include/cmsis_gcc.h ****   for (value >>= 1U; value != 0U; value >>= 1U)
 386:board/stm32f401rct6/Drivers/CMSIS/Include/cmsis_gcc.h ****   {
 387:board/stm32f401rct6/Drivers/CMSIS/Include/cmsis_gcc.h ****     result <<= 1U;
 388:board/stm32f401rct6/Drivers/CMSIS/Include/cmsis_gcc.h ****     result |= value & 1U;
 389:board/stm32f401rct6/Drivers/CMSIS/Include/cmsis_gcc.h ****     s--;
 390:board/stm32f401rct6/Drivers/CMSIS/Include/cmsis_gcc.h ****   }
 391:board/stm32f401rct6/Drivers/CMSIS/Include/cmsis_gcc.h ****   result <<= s;                        /* shift when v's highest bits are zero */
 392:board/stm32f401rct6/Drivers/CMSIS/Include/cmsis_gcc.h **** #endif
 393:board/stm32f401rct6/Drivers/CMSIS/Include/cmsis_gcc.h ****   return result;
 353              		.loc 3 393 3 view .LVU90
 354              		.loc 3 393 3 is_stmt 0 view .LVU91
 355              		.thumb
 356              		.syntax unified
 357              	.LBE181:
 358              	.LBE180:
 359              	.LBB182:
 360              	.LBI182:
 394:board/stm32f401rct6/Drivers/CMSIS/Include/cmsis_gcc.h **** }
 395:board/stm32f401rct6/Drivers/CMSIS/Include/cmsis_gcc.h **** 
 396:board/stm32f401rct6/Drivers/CMSIS/Include/cmsis_gcc.h **** 
 397:board/stm32f401rct6/Drivers/CMSIS/Include/cmsis_gcc.h **** /**
 398:board/stm32f401rct6/Drivers/CMSIS/Include/cmsis_gcc.h ****   \brief   Count leading zeros
 399:board/stm32f401rct6/Drivers/CMSIS/Include/cmsis_gcc.h ****   \details Counts the number of leading zeros of a data value.
 400:board/stm32f401rct6/Drivers/CMSIS/Include/cmsis_gcc.h ****   \param [in]  value  Value to count the leading zeros
 401:board/stm32f401rct6/Drivers/CMSIS/Include/cmsis_gcc.h ****   \return             number of leading zeros in value
 402:board/stm32f401rct6/Drivers/CMSIS/Include/cmsis_gcc.h ****  */
 403:board/stm32f401rct6/Drivers/CMSIS/Include/cmsis_gcc.h **** __STATIC_FORCEINLINE uint8_t __CLZ(uint32_t value)
 361              		.loc 3 403 30 is_stmt 1 view .LVU92
 362              	.LBB183:
 404:board/stm32f401rct6/Drivers/CMSIS/Include/cmsis_gcc.h **** {
 405:board/stm32f401rct6/Drivers/CMSIS/Include/cmsis_gcc.h ****   /* Even though __builtin_clz produces a CLZ instruction on ARM, formally
ARM GAS  C:\Users\Admin\AppData\Local\Temp\ccELz1LE.s 			page 30


 406:board/stm32f401rct6/Drivers/CMSIS/Include/cmsis_gcc.h ****      __builtin_clz(0) is undefined behaviour, so handle this case specially.
 407:board/stm32f401rct6/Drivers/CMSIS/Include/cmsis_gcc.h ****      This guarantees ARM-compatible results if happening to compile on a non-ARM
 408:board/stm32f401rct6/Drivers/CMSIS/Include/cmsis_gcc.h ****      target, and ensures the compiler doesn't decide to activate any
 409:board/stm32f401rct6/Drivers/CMSIS/Include/cmsis_gcc.h ****      optimisations using the logic "value was passed to __builtin_clz, so it
 410:board/stm32f401rct6/Drivers/CMSIS/Include/cmsis_gcc.h ****      is non-zero".
 411:board/stm32f401rct6/Drivers/CMSIS/Include/cmsis_gcc.h ****      ARM GCC 7.3 and possibly earlier will optimise this test away, leaving a
 412:board/stm32f401rct6/Drivers/CMSIS/Include/cmsis_gcc.h ****      single CLZ instruction.
 413:board/stm32f401rct6/Drivers/CMSIS/Include/cmsis_gcc.h ****    */
 414:board/stm32f401rct6/Drivers/CMSIS/Include/cmsis_gcc.h ****   if (value == 0U)
 363              		.loc 3 414 3 view .LVU93
 364              		.loc 3 414 6 is_stmt 0 view .LVU94
 365 0008 12B1     		cbz	r2, .L35
 415:board/stm32f401rct6/Drivers/CMSIS/Include/cmsis_gcc.h ****   {
 416:board/stm32f401rct6/Drivers/CMSIS/Include/cmsis_gcc.h ****     return 32U;
 417:board/stm32f401rct6/Drivers/CMSIS/Include/cmsis_gcc.h ****   }
 418:board/stm32f401rct6/Drivers/CMSIS/Include/cmsis_gcc.h ****   return __builtin_clz(value);
 366              		.loc 3 418 3 is_stmt 1 view .LVU95
 367              		.loc 3 418 10 is_stmt 0 view .LVU96
 368 000a B2FA82F2 		clz	r2, r2
 369              	.LVL24:
 370              		.loc 3 418 10 view .LVU97
 371 000e 64E0     		b	.L19
 372              	.LVL25:
 373              	.L35:
 416:board/stm32f401rct6/Drivers/CMSIS/Include/cmsis_gcc.h ****   }
 374              		.loc 3 416 12 view .LVU98
 375 0010 2022     		movs	r2, #32
 376              	.LVL26:
 416:board/stm32f401rct6/Drivers/CMSIS/Include/cmsis_gcc.h ****   }
 377              		.loc 3 416 12 view .LVU99
 378              	.LBE183:
 379              	.LBE182:
 213:board/stm32f401rct6/Drivers/STM32F4xx_HAL_Driver/Src/stm32f4xx_ll_gpio.c ****   
 214:board/stm32f401rct6/Drivers/STM32F4xx_HAL_Driver/Src/stm32f4xx_ll_gpio.c ****   /* Configure the port pins */
 215:board/stm32f401rct6/Drivers/STM32F4xx_HAL_Driver/Src/stm32f4xx_ll_gpio.c ****   while (((GPIO_InitStruct->Pin) >> pinpos) != 0x00000000U)
 380              		.loc 1 215 3 is_stmt 1 view .LVU100
 381              		.loc 1 215 9 is_stmt 0 view .LVU101
 382 0012 62E0     		b	.L19
 383              	.LVL27:
 384              	.L48:
 216:board/stm32f401rct6/Drivers/STM32F4xx_HAL_Driver/Src/stm32f4xx_ll_gpio.c ****   {
 217:board/stm32f401rct6/Drivers/STM32F4xx_HAL_Driver/Src/stm32f4xx_ll_gpio.c ****     /* Get current io position */
 218:board/stm32f401rct6/Drivers/STM32F4xx_HAL_Driver/Src/stm32f4xx_ll_gpio.c ****     currentpin = (GPIO_InitStruct->Pin) & (0x00000001U << pinpos);
 219:board/stm32f401rct6/Drivers/STM32F4xx_HAL_Driver/Src/stm32f4xx_ll_gpio.c ****     
 220:board/stm32f401rct6/Drivers/STM32F4xx_HAL_Driver/Src/stm32f4xx_ll_gpio.c ****     if (currentpin)
 221:board/stm32f401rct6/Drivers/STM32F4xx_HAL_Driver/Src/stm32f4xx_ll_gpio.c ****     {
 222:board/stm32f401rct6/Drivers/STM32F4xx_HAL_Driver/Src/stm32f4xx_ll_gpio.c ****       
 223:board/stm32f401rct6/Drivers/STM32F4xx_HAL_Driver/Src/stm32f4xx_ll_gpio.c ****       if ((GPIO_InitStruct->Mode == LL_GPIO_MODE_OUTPUT) || (GPIO_InitStruct->Mode == LL_GPIO_MODE_
 224:board/stm32f401rct6/Drivers/STM32F4xx_HAL_Driver/Src/stm32f4xx_ll_gpio.c ****       {
 225:board/stm32f401rct6/Drivers/STM32F4xx_HAL_Driver/Src/stm32f4xx_ll_gpio.c ****         /* Check Speed mode parameters */
 226:board/stm32f401rct6/Drivers/STM32F4xx_HAL_Driver/Src/stm32f4xx_ll_gpio.c ****         assert_param(IS_LL_GPIO_SPEED(GPIO_InitStruct->Speed));
 385              		.loc 1 226 9 is_stmt 1 view .LVU102
 227:board/stm32f401rct6/Drivers/STM32F4xx_HAL_Driver/Src/stm32f4xx_ll_gpio.c ****         
 228:board/stm32f401rct6/Drivers/STM32F4xx_HAL_Driver/Src/stm32f4xx_ll_gpio.c ****         /* Speed mode configuration */
 229:board/stm32f401rct6/Drivers/STM32F4xx_HAL_Driver/Src/stm32f4xx_ll_gpio.c ****         LL_GPIO_SetPinSpeed(GPIOx, currentpin, GPIO_InitStruct->Speed);
 386              		.loc 1 229 9 view .LVU103
 387 0014 8E68     		ldr	r6, [r1, #8]
ARM GAS  C:\Users\Admin\AppData\Local\Temp\ccELz1LE.s 			page 31


 388              	.LVL28:
 389              	.LBB184:
 390              	.LBI184:
 391              		.file 4 "board/stm32f401rct6/Drivers/STM32F4xx_HAL_Driver/Inc/stm32f4xx_ll_gpio.h"
   1:board/stm32f401rct6/Drivers/STM32F4xx_HAL_Driver/Inc/stm32f4xx_ll_gpio.h **** /**
   2:board/stm32f401rct6/Drivers/STM32F4xx_HAL_Driver/Inc/stm32f4xx_ll_gpio.h ****   ******************************************************************************
   3:board/stm32f401rct6/Drivers/STM32F4xx_HAL_Driver/Inc/stm32f4xx_ll_gpio.h ****   * @file    stm32f4xx_ll_gpio.h
   4:board/stm32f401rct6/Drivers/STM32F4xx_HAL_Driver/Inc/stm32f4xx_ll_gpio.h ****   * @author  MCD Application Team
   5:board/stm32f401rct6/Drivers/STM32F4xx_HAL_Driver/Inc/stm32f4xx_ll_gpio.h ****   * @brief   Header file of GPIO LL module.
   6:board/stm32f401rct6/Drivers/STM32F4xx_HAL_Driver/Inc/stm32f4xx_ll_gpio.h ****   ******************************************************************************
   7:board/stm32f401rct6/Drivers/STM32F4xx_HAL_Driver/Inc/stm32f4xx_ll_gpio.h ****   * @attention
   8:board/stm32f401rct6/Drivers/STM32F4xx_HAL_Driver/Inc/stm32f4xx_ll_gpio.h ****   *
   9:board/stm32f401rct6/Drivers/STM32F4xx_HAL_Driver/Inc/stm32f4xx_ll_gpio.h ****   * Copyright (c) 2017 STMicroelectronics.
  10:board/stm32f401rct6/Drivers/STM32F4xx_HAL_Driver/Inc/stm32f4xx_ll_gpio.h ****   * All rights reserved.
  11:board/stm32f401rct6/Drivers/STM32F4xx_HAL_Driver/Inc/stm32f4xx_ll_gpio.h ****   *
  12:board/stm32f401rct6/Drivers/STM32F4xx_HAL_Driver/Inc/stm32f4xx_ll_gpio.h ****   * This software is licensed under terms that can be found in the LICENSE file
  13:board/stm32f401rct6/Drivers/STM32F4xx_HAL_Driver/Inc/stm32f4xx_ll_gpio.h ****   * in the root directory of this software component.
  14:board/stm32f401rct6/Drivers/STM32F4xx_HAL_Driver/Inc/stm32f4xx_ll_gpio.h ****   * If no LICENSE file comes with this software, it is provided AS-IS.
  15:board/stm32f401rct6/Drivers/STM32F4xx_HAL_Driver/Inc/stm32f4xx_ll_gpio.h ****   *
  16:board/stm32f401rct6/Drivers/STM32F4xx_HAL_Driver/Inc/stm32f4xx_ll_gpio.h ****   ******************************************************************************
  17:board/stm32f401rct6/Drivers/STM32F4xx_HAL_Driver/Inc/stm32f4xx_ll_gpio.h ****   */
  18:board/stm32f401rct6/Drivers/STM32F4xx_HAL_Driver/Inc/stm32f4xx_ll_gpio.h **** 
  19:board/stm32f401rct6/Drivers/STM32F4xx_HAL_Driver/Inc/stm32f4xx_ll_gpio.h **** /* Define to prevent recursive inclusion -------------------------------------*/
  20:board/stm32f401rct6/Drivers/STM32F4xx_HAL_Driver/Inc/stm32f4xx_ll_gpio.h **** #ifndef __STM32F4xx_LL_GPIO_H
  21:board/stm32f401rct6/Drivers/STM32F4xx_HAL_Driver/Inc/stm32f4xx_ll_gpio.h **** #define __STM32F4xx_LL_GPIO_H
  22:board/stm32f401rct6/Drivers/STM32F4xx_HAL_Driver/Inc/stm32f4xx_ll_gpio.h **** 
  23:board/stm32f401rct6/Drivers/STM32F4xx_HAL_Driver/Inc/stm32f4xx_ll_gpio.h **** #ifdef __cplusplus
  24:board/stm32f401rct6/Drivers/STM32F4xx_HAL_Driver/Inc/stm32f4xx_ll_gpio.h **** extern "C" {
  25:board/stm32f401rct6/Drivers/STM32F4xx_HAL_Driver/Inc/stm32f4xx_ll_gpio.h **** #endif
  26:board/stm32f401rct6/Drivers/STM32F4xx_HAL_Driver/Inc/stm32f4xx_ll_gpio.h **** 
  27:board/stm32f401rct6/Drivers/STM32F4xx_HAL_Driver/Inc/stm32f4xx_ll_gpio.h **** /* Includes ------------------------------------------------------------------*/
  28:board/stm32f401rct6/Drivers/STM32F4xx_HAL_Driver/Inc/stm32f4xx_ll_gpio.h **** #include "stm32f4xx.h"
  29:board/stm32f401rct6/Drivers/STM32F4xx_HAL_Driver/Inc/stm32f4xx_ll_gpio.h **** 
  30:board/stm32f401rct6/Drivers/STM32F4xx_HAL_Driver/Inc/stm32f4xx_ll_gpio.h **** /** @addtogroup STM32F4xx_LL_Driver
  31:board/stm32f401rct6/Drivers/STM32F4xx_HAL_Driver/Inc/stm32f4xx_ll_gpio.h ****   * @{
  32:board/stm32f401rct6/Drivers/STM32F4xx_HAL_Driver/Inc/stm32f4xx_ll_gpio.h ****   */
  33:board/stm32f401rct6/Drivers/STM32F4xx_HAL_Driver/Inc/stm32f4xx_ll_gpio.h **** 
  34:board/stm32f401rct6/Drivers/STM32F4xx_HAL_Driver/Inc/stm32f4xx_ll_gpio.h **** #if defined (GPIOA) || defined (GPIOB) || defined (GPIOC) || defined (GPIOD) || defined (GPIOE) || 
  35:board/stm32f401rct6/Drivers/STM32F4xx_HAL_Driver/Inc/stm32f4xx_ll_gpio.h **** 
  36:board/stm32f401rct6/Drivers/STM32F4xx_HAL_Driver/Inc/stm32f4xx_ll_gpio.h **** /** @defgroup GPIO_LL GPIO
  37:board/stm32f401rct6/Drivers/STM32F4xx_HAL_Driver/Inc/stm32f4xx_ll_gpio.h ****   * @{
  38:board/stm32f401rct6/Drivers/STM32F4xx_HAL_Driver/Inc/stm32f4xx_ll_gpio.h ****   */
  39:board/stm32f401rct6/Drivers/STM32F4xx_HAL_Driver/Inc/stm32f4xx_ll_gpio.h **** 
  40:board/stm32f401rct6/Drivers/STM32F4xx_HAL_Driver/Inc/stm32f4xx_ll_gpio.h **** /* Private types -------------------------------------------------------------*/
  41:board/stm32f401rct6/Drivers/STM32F4xx_HAL_Driver/Inc/stm32f4xx_ll_gpio.h **** /* Private variables ---------------------------------------------------------*/
  42:board/stm32f401rct6/Drivers/STM32F4xx_HAL_Driver/Inc/stm32f4xx_ll_gpio.h **** /* Private constants ---------------------------------------------------------*/
  43:board/stm32f401rct6/Drivers/STM32F4xx_HAL_Driver/Inc/stm32f4xx_ll_gpio.h **** /* Private macros ------------------------------------------------------------*/
  44:board/stm32f401rct6/Drivers/STM32F4xx_HAL_Driver/Inc/stm32f4xx_ll_gpio.h **** #if defined(USE_FULL_LL_DRIVER)
  45:board/stm32f401rct6/Drivers/STM32F4xx_HAL_Driver/Inc/stm32f4xx_ll_gpio.h **** /** @defgroup GPIO_LL_Private_Macros GPIO Private Macros
  46:board/stm32f401rct6/Drivers/STM32F4xx_HAL_Driver/Inc/stm32f4xx_ll_gpio.h ****   * @{
  47:board/stm32f401rct6/Drivers/STM32F4xx_HAL_Driver/Inc/stm32f4xx_ll_gpio.h ****   */
  48:board/stm32f401rct6/Drivers/STM32F4xx_HAL_Driver/Inc/stm32f4xx_ll_gpio.h **** 
  49:board/stm32f401rct6/Drivers/STM32F4xx_HAL_Driver/Inc/stm32f4xx_ll_gpio.h **** /**
  50:board/stm32f401rct6/Drivers/STM32F4xx_HAL_Driver/Inc/stm32f4xx_ll_gpio.h ****   * @}
  51:board/stm32f401rct6/Drivers/STM32F4xx_HAL_Driver/Inc/stm32f4xx_ll_gpio.h ****   */
  52:board/stm32f401rct6/Drivers/STM32F4xx_HAL_Driver/Inc/stm32f4xx_ll_gpio.h **** #endif /*USE_FULL_LL_DRIVER*/
  53:board/stm32f401rct6/Drivers/STM32F4xx_HAL_Driver/Inc/stm32f4xx_ll_gpio.h **** 
ARM GAS  C:\Users\Admin\AppData\Local\Temp\ccELz1LE.s 			page 32


  54:board/stm32f401rct6/Drivers/STM32F4xx_HAL_Driver/Inc/stm32f4xx_ll_gpio.h **** /* Exported types ------------------------------------------------------------*/
  55:board/stm32f401rct6/Drivers/STM32F4xx_HAL_Driver/Inc/stm32f4xx_ll_gpio.h **** #if defined(USE_FULL_LL_DRIVER)
  56:board/stm32f401rct6/Drivers/STM32F4xx_HAL_Driver/Inc/stm32f4xx_ll_gpio.h **** /** @defgroup GPIO_LL_ES_INIT GPIO Exported Init structures
  57:board/stm32f401rct6/Drivers/STM32F4xx_HAL_Driver/Inc/stm32f4xx_ll_gpio.h ****   * @{
  58:board/stm32f401rct6/Drivers/STM32F4xx_HAL_Driver/Inc/stm32f4xx_ll_gpio.h ****   */
  59:board/stm32f401rct6/Drivers/STM32F4xx_HAL_Driver/Inc/stm32f4xx_ll_gpio.h **** 
  60:board/stm32f401rct6/Drivers/STM32F4xx_HAL_Driver/Inc/stm32f4xx_ll_gpio.h **** /**
  61:board/stm32f401rct6/Drivers/STM32F4xx_HAL_Driver/Inc/stm32f4xx_ll_gpio.h ****   * @brief LL GPIO Init Structure definition
  62:board/stm32f401rct6/Drivers/STM32F4xx_HAL_Driver/Inc/stm32f4xx_ll_gpio.h ****   */
  63:board/stm32f401rct6/Drivers/STM32F4xx_HAL_Driver/Inc/stm32f4xx_ll_gpio.h **** typedef struct
  64:board/stm32f401rct6/Drivers/STM32F4xx_HAL_Driver/Inc/stm32f4xx_ll_gpio.h **** {
  65:board/stm32f401rct6/Drivers/STM32F4xx_HAL_Driver/Inc/stm32f4xx_ll_gpio.h ****   uint32_t Pin;          /*!< Specifies the GPIO pins to be configured.
  66:board/stm32f401rct6/Drivers/STM32F4xx_HAL_Driver/Inc/stm32f4xx_ll_gpio.h ****                               This parameter can be any value of @ref GPIO_LL_EC_PIN */
  67:board/stm32f401rct6/Drivers/STM32F4xx_HAL_Driver/Inc/stm32f4xx_ll_gpio.h **** 
  68:board/stm32f401rct6/Drivers/STM32F4xx_HAL_Driver/Inc/stm32f4xx_ll_gpio.h ****   uint32_t Mode;         /*!< Specifies the operating mode for the selected pins.
  69:board/stm32f401rct6/Drivers/STM32F4xx_HAL_Driver/Inc/stm32f4xx_ll_gpio.h ****                               This parameter can be a value of @ref GPIO_LL_EC_MODE.
  70:board/stm32f401rct6/Drivers/STM32F4xx_HAL_Driver/Inc/stm32f4xx_ll_gpio.h **** 
  71:board/stm32f401rct6/Drivers/STM32F4xx_HAL_Driver/Inc/stm32f4xx_ll_gpio.h ****                               GPIO HW configuration can be modified afterwards using unitary functi
  72:board/stm32f401rct6/Drivers/STM32F4xx_HAL_Driver/Inc/stm32f4xx_ll_gpio.h **** 
  73:board/stm32f401rct6/Drivers/STM32F4xx_HAL_Driver/Inc/stm32f4xx_ll_gpio.h ****   uint32_t Speed;        /*!< Specifies the speed for the selected pins.
  74:board/stm32f401rct6/Drivers/STM32F4xx_HAL_Driver/Inc/stm32f4xx_ll_gpio.h ****                               This parameter can be a value of @ref GPIO_LL_EC_SPEED.
  75:board/stm32f401rct6/Drivers/STM32F4xx_HAL_Driver/Inc/stm32f4xx_ll_gpio.h **** 
  76:board/stm32f401rct6/Drivers/STM32F4xx_HAL_Driver/Inc/stm32f4xx_ll_gpio.h ****                               GPIO HW configuration can be modified afterwards using unitary functi
  77:board/stm32f401rct6/Drivers/STM32F4xx_HAL_Driver/Inc/stm32f4xx_ll_gpio.h **** 
  78:board/stm32f401rct6/Drivers/STM32F4xx_HAL_Driver/Inc/stm32f4xx_ll_gpio.h ****   uint32_t OutputType;   /*!< Specifies the operating output type for the selected pins.
  79:board/stm32f401rct6/Drivers/STM32F4xx_HAL_Driver/Inc/stm32f4xx_ll_gpio.h ****                               This parameter can be a value of @ref GPIO_LL_EC_OUTPUT.
  80:board/stm32f401rct6/Drivers/STM32F4xx_HAL_Driver/Inc/stm32f4xx_ll_gpio.h **** 
  81:board/stm32f401rct6/Drivers/STM32F4xx_HAL_Driver/Inc/stm32f4xx_ll_gpio.h ****                               GPIO HW configuration can be modified afterwards using unitary functi
  82:board/stm32f401rct6/Drivers/STM32F4xx_HAL_Driver/Inc/stm32f4xx_ll_gpio.h **** 
  83:board/stm32f401rct6/Drivers/STM32F4xx_HAL_Driver/Inc/stm32f4xx_ll_gpio.h ****   uint32_t Pull;         /*!< Specifies the operating Pull-up/Pull down for the selected pins.
  84:board/stm32f401rct6/Drivers/STM32F4xx_HAL_Driver/Inc/stm32f4xx_ll_gpio.h ****                               This parameter can be a value of @ref GPIO_LL_EC_PULL.
  85:board/stm32f401rct6/Drivers/STM32F4xx_HAL_Driver/Inc/stm32f4xx_ll_gpio.h **** 
  86:board/stm32f401rct6/Drivers/STM32F4xx_HAL_Driver/Inc/stm32f4xx_ll_gpio.h ****                               GPIO HW configuration can be modified afterwards using unitary functi
  87:board/stm32f401rct6/Drivers/STM32F4xx_HAL_Driver/Inc/stm32f4xx_ll_gpio.h **** 
  88:board/stm32f401rct6/Drivers/STM32F4xx_HAL_Driver/Inc/stm32f4xx_ll_gpio.h ****   uint32_t Alternate;    /*!< Specifies the Peripheral to be connected to the selected pins.
  89:board/stm32f401rct6/Drivers/STM32F4xx_HAL_Driver/Inc/stm32f4xx_ll_gpio.h ****                               This parameter can be a value of @ref GPIO_LL_EC_AF.
  90:board/stm32f401rct6/Drivers/STM32F4xx_HAL_Driver/Inc/stm32f4xx_ll_gpio.h **** 
  91:board/stm32f401rct6/Drivers/STM32F4xx_HAL_Driver/Inc/stm32f4xx_ll_gpio.h ****                               GPIO HW configuration can be modified afterwards using unitary functi
  92:board/stm32f401rct6/Drivers/STM32F4xx_HAL_Driver/Inc/stm32f4xx_ll_gpio.h **** } LL_GPIO_InitTypeDef;
  93:board/stm32f401rct6/Drivers/STM32F4xx_HAL_Driver/Inc/stm32f4xx_ll_gpio.h **** 
  94:board/stm32f401rct6/Drivers/STM32F4xx_HAL_Driver/Inc/stm32f4xx_ll_gpio.h **** /**
  95:board/stm32f401rct6/Drivers/STM32F4xx_HAL_Driver/Inc/stm32f4xx_ll_gpio.h ****   * @}
  96:board/stm32f401rct6/Drivers/STM32F4xx_HAL_Driver/Inc/stm32f4xx_ll_gpio.h ****   */
  97:board/stm32f401rct6/Drivers/STM32F4xx_HAL_Driver/Inc/stm32f4xx_ll_gpio.h **** #endif /* USE_FULL_LL_DRIVER */
  98:board/stm32f401rct6/Drivers/STM32F4xx_HAL_Driver/Inc/stm32f4xx_ll_gpio.h **** 
  99:board/stm32f401rct6/Drivers/STM32F4xx_HAL_Driver/Inc/stm32f4xx_ll_gpio.h **** /* Exported constants --------------------------------------------------------*/
 100:board/stm32f401rct6/Drivers/STM32F4xx_HAL_Driver/Inc/stm32f4xx_ll_gpio.h **** /** @defgroup GPIO_LL_Exported_Constants GPIO Exported Constants
 101:board/stm32f401rct6/Drivers/STM32F4xx_HAL_Driver/Inc/stm32f4xx_ll_gpio.h ****   * @{
 102:board/stm32f401rct6/Drivers/STM32F4xx_HAL_Driver/Inc/stm32f4xx_ll_gpio.h ****   */
 103:board/stm32f401rct6/Drivers/STM32F4xx_HAL_Driver/Inc/stm32f4xx_ll_gpio.h **** 
 104:board/stm32f401rct6/Drivers/STM32F4xx_HAL_Driver/Inc/stm32f4xx_ll_gpio.h **** /** @defgroup GPIO_LL_EC_PIN PIN
 105:board/stm32f401rct6/Drivers/STM32F4xx_HAL_Driver/Inc/stm32f4xx_ll_gpio.h ****   * @{
 106:board/stm32f401rct6/Drivers/STM32F4xx_HAL_Driver/Inc/stm32f4xx_ll_gpio.h ****   */
 107:board/stm32f401rct6/Drivers/STM32F4xx_HAL_Driver/Inc/stm32f4xx_ll_gpio.h **** #define LL_GPIO_PIN_0                      GPIO_BSRR_BS_0 /*!< Select pin 0 */
 108:board/stm32f401rct6/Drivers/STM32F4xx_HAL_Driver/Inc/stm32f4xx_ll_gpio.h **** #define LL_GPIO_PIN_1                      GPIO_BSRR_BS_1 /*!< Select pin 1 */
 109:board/stm32f401rct6/Drivers/STM32F4xx_HAL_Driver/Inc/stm32f4xx_ll_gpio.h **** #define LL_GPIO_PIN_2                      GPIO_BSRR_BS_2 /*!< Select pin 2 */
 110:board/stm32f401rct6/Drivers/STM32F4xx_HAL_Driver/Inc/stm32f4xx_ll_gpio.h **** #define LL_GPIO_PIN_3                      GPIO_BSRR_BS_3 /*!< Select pin 3 */
ARM GAS  C:\Users\Admin\AppData\Local\Temp\ccELz1LE.s 			page 33


 111:board/stm32f401rct6/Drivers/STM32F4xx_HAL_Driver/Inc/stm32f4xx_ll_gpio.h **** #define LL_GPIO_PIN_4                      GPIO_BSRR_BS_4 /*!< Select pin 4 */
 112:board/stm32f401rct6/Drivers/STM32F4xx_HAL_Driver/Inc/stm32f4xx_ll_gpio.h **** #define LL_GPIO_PIN_5                      GPIO_BSRR_BS_5 /*!< Select pin 5 */
 113:board/stm32f401rct6/Drivers/STM32F4xx_HAL_Driver/Inc/stm32f4xx_ll_gpio.h **** #define LL_GPIO_PIN_6                      GPIO_BSRR_BS_6 /*!< Select pin 6 */
 114:board/stm32f401rct6/Drivers/STM32F4xx_HAL_Driver/Inc/stm32f4xx_ll_gpio.h **** #define LL_GPIO_PIN_7                      GPIO_BSRR_BS_7 /*!< Select pin 7 */
 115:board/stm32f401rct6/Drivers/STM32F4xx_HAL_Driver/Inc/stm32f4xx_ll_gpio.h **** #define LL_GPIO_PIN_8                      GPIO_BSRR_BS_8 /*!< Select pin 8 */
 116:board/stm32f401rct6/Drivers/STM32F4xx_HAL_Driver/Inc/stm32f4xx_ll_gpio.h **** #define LL_GPIO_PIN_9                      GPIO_BSRR_BS_9 /*!< Select pin 9 */
 117:board/stm32f401rct6/Drivers/STM32F4xx_HAL_Driver/Inc/stm32f4xx_ll_gpio.h **** #define LL_GPIO_PIN_10                     GPIO_BSRR_BS_10 /*!< Select pin 10 */
 118:board/stm32f401rct6/Drivers/STM32F4xx_HAL_Driver/Inc/stm32f4xx_ll_gpio.h **** #define LL_GPIO_PIN_11                     GPIO_BSRR_BS_11 /*!< Select pin 11 */
 119:board/stm32f401rct6/Drivers/STM32F4xx_HAL_Driver/Inc/stm32f4xx_ll_gpio.h **** #define LL_GPIO_PIN_12                     GPIO_BSRR_BS_12 /*!< Select pin 12 */
 120:board/stm32f401rct6/Drivers/STM32F4xx_HAL_Driver/Inc/stm32f4xx_ll_gpio.h **** #define LL_GPIO_PIN_13                     GPIO_BSRR_BS_13 /*!< Select pin 13 */
 121:board/stm32f401rct6/Drivers/STM32F4xx_HAL_Driver/Inc/stm32f4xx_ll_gpio.h **** #define LL_GPIO_PIN_14                     GPIO_BSRR_BS_14 /*!< Select pin 14 */
 122:board/stm32f401rct6/Drivers/STM32F4xx_HAL_Driver/Inc/stm32f4xx_ll_gpio.h **** #define LL_GPIO_PIN_15                     GPIO_BSRR_BS_15 /*!< Select pin 15 */
 123:board/stm32f401rct6/Drivers/STM32F4xx_HAL_Driver/Inc/stm32f4xx_ll_gpio.h **** #define LL_GPIO_PIN_ALL                    (GPIO_BSRR_BS_0 | GPIO_BSRR_BS_1  | GPIO_BSRR_BS_2  | \
 124:board/stm32f401rct6/Drivers/STM32F4xx_HAL_Driver/Inc/stm32f4xx_ll_gpio.h ****                                            GPIO_BSRR_BS_3  | GPIO_BSRR_BS_4  | GPIO_BSRR_BS_5  | \
 125:board/stm32f401rct6/Drivers/STM32F4xx_HAL_Driver/Inc/stm32f4xx_ll_gpio.h ****                                            GPIO_BSRR_BS_6  | GPIO_BSRR_BS_7  | GPIO_BSRR_BS_8  | \
 126:board/stm32f401rct6/Drivers/STM32F4xx_HAL_Driver/Inc/stm32f4xx_ll_gpio.h ****                                            GPIO_BSRR_BS_9  | GPIO_BSRR_BS_10 | GPIO_BSRR_BS_11 | \
 127:board/stm32f401rct6/Drivers/STM32F4xx_HAL_Driver/Inc/stm32f4xx_ll_gpio.h ****                                            GPIO_BSRR_BS_12 | GPIO_BSRR_BS_13 | GPIO_BSRR_BS_14 | \
 128:board/stm32f401rct6/Drivers/STM32F4xx_HAL_Driver/Inc/stm32f4xx_ll_gpio.h ****                                            GPIO_BSRR_BS_15) /*!< Select all pins */
 129:board/stm32f401rct6/Drivers/STM32F4xx_HAL_Driver/Inc/stm32f4xx_ll_gpio.h **** /**
 130:board/stm32f401rct6/Drivers/STM32F4xx_HAL_Driver/Inc/stm32f4xx_ll_gpio.h ****   * @}
 131:board/stm32f401rct6/Drivers/STM32F4xx_HAL_Driver/Inc/stm32f4xx_ll_gpio.h ****   */
 132:board/stm32f401rct6/Drivers/STM32F4xx_HAL_Driver/Inc/stm32f4xx_ll_gpio.h **** 
 133:board/stm32f401rct6/Drivers/STM32F4xx_HAL_Driver/Inc/stm32f4xx_ll_gpio.h **** /** @defgroup GPIO_LL_EC_MODE Mode
 134:board/stm32f401rct6/Drivers/STM32F4xx_HAL_Driver/Inc/stm32f4xx_ll_gpio.h ****   * @{
 135:board/stm32f401rct6/Drivers/STM32F4xx_HAL_Driver/Inc/stm32f4xx_ll_gpio.h ****   */
 136:board/stm32f401rct6/Drivers/STM32F4xx_HAL_Driver/Inc/stm32f4xx_ll_gpio.h **** #define LL_GPIO_MODE_INPUT                 (0x00000000U) /*!< Select input mode */
 137:board/stm32f401rct6/Drivers/STM32F4xx_HAL_Driver/Inc/stm32f4xx_ll_gpio.h **** #define LL_GPIO_MODE_OUTPUT                GPIO_MODER_MODER0_0  /*!< Select output mode */
 138:board/stm32f401rct6/Drivers/STM32F4xx_HAL_Driver/Inc/stm32f4xx_ll_gpio.h **** #define LL_GPIO_MODE_ALTERNATE             GPIO_MODER_MODER0_1  /*!< Select alternate function mode
 139:board/stm32f401rct6/Drivers/STM32F4xx_HAL_Driver/Inc/stm32f4xx_ll_gpio.h **** #define LL_GPIO_MODE_ANALOG                GPIO_MODER_MODER0    /*!< Select analog mode */
 140:board/stm32f401rct6/Drivers/STM32F4xx_HAL_Driver/Inc/stm32f4xx_ll_gpio.h **** /**
 141:board/stm32f401rct6/Drivers/STM32F4xx_HAL_Driver/Inc/stm32f4xx_ll_gpio.h ****   * @}
 142:board/stm32f401rct6/Drivers/STM32F4xx_HAL_Driver/Inc/stm32f4xx_ll_gpio.h ****   */
 143:board/stm32f401rct6/Drivers/STM32F4xx_HAL_Driver/Inc/stm32f4xx_ll_gpio.h **** 
 144:board/stm32f401rct6/Drivers/STM32F4xx_HAL_Driver/Inc/stm32f4xx_ll_gpio.h **** /** @defgroup GPIO_LL_EC_OUTPUT Output Type
 145:board/stm32f401rct6/Drivers/STM32F4xx_HAL_Driver/Inc/stm32f4xx_ll_gpio.h ****   * @{
 146:board/stm32f401rct6/Drivers/STM32F4xx_HAL_Driver/Inc/stm32f4xx_ll_gpio.h ****   */
 147:board/stm32f401rct6/Drivers/STM32F4xx_HAL_Driver/Inc/stm32f4xx_ll_gpio.h **** #define LL_GPIO_OUTPUT_PUSHPULL            (0x00000000U) /*!< Select push-pull as output type */
 148:board/stm32f401rct6/Drivers/STM32F4xx_HAL_Driver/Inc/stm32f4xx_ll_gpio.h **** #define LL_GPIO_OUTPUT_OPENDRAIN           GPIO_OTYPER_OT_0 /*!< Select open-drain as output type *
 149:board/stm32f401rct6/Drivers/STM32F4xx_HAL_Driver/Inc/stm32f4xx_ll_gpio.h **** /**
 150:board/stm32f401rct6/Drivers/STM32F4xx_HAL_Driver/Inc/stm32f4xx_ll_gpio.h ****   * @}
 151:board/stm32f401rct6/Drivers/STM32F4xx_HAL_Driver/Inc/stm32f4xx_ll_gpio.h ****   */
 152:board/stm32f401rct6/Drivers/STM32F4xx_HAL_Driver/Inc/stm32f4xx_ll_gpio.h **** 
 153:board/stm32f401rct6/Drivers/STM32F4xx_HAL_Driver/Inc/stm32f4xx_ll_gpio.h **** /** @defgroup GPIO_LL_EC_SPEED Output Speed
 154:board/stm32f401rct6/Drivers/STM32F4xx_HAL_Driver/Inc/stm32f4xx_ll_gpio.h ****   * @{
 155:board/stm32f401rct6/Drivers/STM32F4xx_HAL_Driver/Inc/stm32f4xx_ll_gpio.h ****   */
 156:board/stm32f401rct6/Drivers/STM32F4xx_HAL_Driver/Inc/stm32f4xx_ll_gpio.h **** #define LL_GPIO_SPEED_FREQ_LOW             (0x00000000U) /*!< Select I/O low output speed    */
 157:board/stm32f401rct6/Drivers/STM32F4xx_HAL_Driver/Inc/stm32f4xx_ll_gpio.h **** #define LL_GPIO_SPEED_FREQ_MEDIUM          GPIO_OSPEEDER_OSPEEDR0_0 /*!< Select I/O medium output s
 158:board/stm32f401rct6/Drivers/STM32F4xx_HAL_Driver/Inc/stm32f4xx_ll_gpio.h **** #define LL_GPIO_SPEED_FREQ_HIGH            GPIO_OSPEEDER_OSPEEDR0_1 /*!< Select I/O fast output spe
 159:board/stm32f401rct6/Drivers/STM32F4xx_HAL_Driver/Inc/stm32f4xx_ll_gpio.h **** #define LL_GPIO_SPEED_FREQ_VERY_HIGH       GPIO_OSPEEDER_OSPEEDR0   /*!< Select I/O high output spe
 160:board/stm32f401rct6/Drivers/STM32F4xx_HAL_Driver/Inc/stm32f4xx_ll_gpio.h **** /**
 161:board/stm32f401rct6/Drivers/STM32F4xx_HAL_Driver/Inc/stm32f4xx_ll_gpio.h ****   * @}
 162:board/stm32f401rct6/Drivers/STM32F4xx_HAL_Driver/Inc/stm32f4xx_ll_gpio.h ****   */
 163:board/stm32f401rct6/Drivers/STM32F4xx_HAL_Driver/Inc/stm32f4xx_ll_gpio.h **** 
 164:board/stm32f401rct6/Drivers/STM32F4xx_HAL_Driver/Inc/stm32f4xx_ll_gpio.h **** /** @defgroup GPIO_LL_EC_PULL Pull Up Pull Down
 165:board/stm32f401rct6/Drivers/STM32F4xx_HAL_Driver/Inc/stm32f4xx_ll_gpio.h ****   * @{
 166:board/stm32f401rct6/Drivers/STM32F4xx_HAL_Driver/Inc/stm32f4xx_ll_gpio.h ****   */
 167:board/stm32f401rct6/Drivers/STM32F4xx_HAL_Driver/Inc/stm32f4xx_ll_gpio.h **** #define LL_GPIO_PULL_NO                    (0x00000000U) /*!< Select I/O no pull */
ARM GAS  C:\Users\Admin\AppData\Local\Temp\ccELz1LE.s 			page 34


 168:board/stm32f401rct6/Drivers/STM32F4xx_HAL_Driver/Inc/stm32f4xx_ll_gpio.h **** #define LL_GPIO_PULL_UP                    GPIO_PUPDR_PUPDR0_0 /*!< Select I/O pull up */
 169:board/stm32f401rct6/Drivers/STM32F4xx_HAL_Driver/Inc/stm32f4xx_ll_gpio.h **** #define LL_GPIO_PULL_DOWN                  GPIO_PUPDR_PUPDR0_1 /*!< Select I/O pull down */
 170:board/stm32f401rct6/Drivers/STM32F4xx_HAL_Driver/Inc/stm32f4xx_ll_gpio.h **** /**
 171:board/stm32f401rct6/Drivers/STM32F4xx_HAL_Driver/Inc/stm32f4xx_ll_gpio.h ****   * @}
 172:board/stm32f401rct6/Drivers/STM32F4xx_HAL_Driver/Inc/stm32f4xx_ll_gpio.h ****   */
 173:board/stm32f401rct6/Drivers/STM32F4xx_HAL_Driver/Inc/stm32f4xx_ll_gpio.h **** 
 174:board/stm32f401rct6/Drivers/STM32F4xx_HAL_Driver/Inc/stm32f4xx_ll_gpio.h **** /** @defgroup GPIO_LL_EC_AF Alternate Function
 175:board/stm32f401rct6/Drivers/STM32F4xx_HAL_Driver/Inc/stm32f4xx_ll_gpio.h ****   * @{
 176:board/stm32f401rct6/Drivers/STM32F4xx_HAL_Driver/Inc/stm32f4xx_ll_gpio.h ****   */
 177:board/stm32f401rct6/Drivers/STM32F4xx_HAL_Driver/Inc/stm32f4xx_ll_gpio.h **** #define LL_GPIO_AF_0                       (0x0000000U) /*!< Select alternate function 0 */
 178:board/stm32f401rct6/Drivers/STM32F4xx_HAL_Driver/Inc/stm32f4xx_ll_gpio.h **** #define LL_GPIO_AF_1                       (0x0000001U) /*!< Select alternate function 1 */
 179:board/stm32f401rct6/Drivers/STM32F4xx_HAL_Driver/Inc/stm32f4xx_ll_gpio.h **** #define LL_GPIO_AF_2                       (0x0000002U) /*!< Select alternate function 2 */
 180:board/stm32f401rct6/Drivers/STM32F4xx_HAL_Driver/Inc/stm32f4xx_ll_gpio.h **** #define LL_GPIO_AF_3                       (0x0000003U) /*!< Select alternate function 3 */
 181:board/stm32f401rct6/Drivers/STM32F4xx_HAL_Driver/Inc/stm32f4xx_ll_gpio.h **** #define LL_GPIO_AF_4                       (0x0000004U) /*!< Select alternate function 4 */
 182:board/stm32f401rct6/Drivers/STM32F4xx_HAL_Driver/Inc/stm32f4xx_ll_gpio.h **** #define LL_GPIO_AF_5                       (0x0000005U) /*!< Select alternate function 5 */
 183:board/stm32f401rct6/Drivers/STM32F4xx_HAL_Driver/Inc/stm32f4xx_ll_gpio.h **** #define LL_GPIO_AF_6                       (0x0000006U) /*!< Select alternate function 6 */
 184:board/stm32f401rct6/Drivers/STM32F4xx_HAL_Driver/Inc/stm32f4xx_ll_gpio.h **** #define LL_GPIO_AF_7                       (0x0000007U) /*!< Select alternate function 7 */
 185:board/stm32f401rct6/Drivers/STM32F4xx_HAL_Driver/Inc/stm32f4xx_ll_gpio.h **** #define LL_GPIO_AF_8                       (0x0000008U) /*!< Select alternate function 8 */
 186:board/stm32f401rct6/Drivers/STM32F4xx_HAL_Driver/Inc/stm32f4xx_ll_gpio.h **** #define LL_GPIO_AF_9                       (0x0000009U) /*!< Select alternate function 9 */
 187:board/stm32f401rct6/Drivers/STM32F4xx_HAL_Driver/Inc/stm32f4xx_ll_gpio.h **** #define LL_GPIO_AF_10                      (0x000000AU) /*!< Select alternate function 10 */
 188:board/stm32f401rct6/Drivers/STM32F4xx_HAL_Driver/Inc/stm32f4xx_ll_gpio.h **** #define LL_GPIO_AF_11                      (0x000000BU) /*!< Select alternate function 11 */
 189:board/stm32f401rct6/Drivers/STM32F4xx_HAL_Driver/Inc/stm32f4xx_ll_gpio.h **** #define LL_GPIO_AF_12                      (0x000000CU) /*!< Select alternate function 12 */
 190:board/stm32f401rct6/Drivers/STM32F4xx_HAL_Driver/Inc/stm32f4xx_ll_gpio.h **** #define LL_GPIO_AF_13                      (0x000000DU) /*!< Select alternate function 13 */
 191:board/stm32f401rct6/Drivers/STM32F4xx_HAL_Driver/Inc/stm32f4xx_ll_gpio.h **** #define LL_GPIO_AF_14                      (0x000000EU) /*!< Select alternate function 14 */
 192:board/stm32f401rct6/Drivers/STM32F4xx_HAL_Driver/Inc/stm32f4xx_ll_gpio.h **** #define LL_GPIO_AF_15                      (0x000000FU) /*!< Select alternate function 15 */
 193:board/stm32f401rct6/Drivers/STM32F4xx_HAL_Driver/Inc/stm32f4xx_ll_gpio.h **** /**
 194:board/stm32f401rct6/Drivers/STM32F4xx_HAL_Driver/Inc/stm32f4xx_ll_gpio.h ****   * @}
 195:board/stm32f401rct6/Drivers/STM32F4xx_HAL_Driver/Inc/stm32f4xx_ll_gpio.h ****   */
 196:board/stm32f401rct6/Drivers/STM32F4xx_HAL_Driver/Inc/stm32f4xx_ll_gpio.h **** 
 197:board/stm32f401rct6/Drivers/STM32F4xx_HAL_Driver/Inc/stm32f4xx_ll_gpio.h **** /**
 198:board/stm32f401rct6/Drivers/STM32F4xx_HAL_Driver/Inc/stm32f4xx_ll_gpio.h ****   * @}
 199:board/stm32f401rct6/Drivers/STM32F4xx_HAL_Driver/Inc/stm32f4xx_ll_gpio.h ****   */
 200:board/stm32f401rct6/Drivers/STM32F4xx_HAL_Driver/Inc/stm32f4xx_ll_gpio.h **** 
 201:board/stm32f401rct6/Drivers/STM32F4xx_HAL_Driver/Inc/stm32f4xx_ll_gpio.h **** /* Exported macro ------------------------------------------------------------*/
 202:board/stm32f401rct6/Drivers/STM32F4xx_HAL_Driver/Inc/stm32f4xx_ll_gpio.h **** /** @defgroup GPIO_LL_Exported_Macros GPIO Exported Macros
 203:board/stm32f401rct6/Drivers/STM32F4xx_HAL_Driver/Inc/stm32f4xx_ll_gpio.h ****   * @{
 204:board/stm32f401rct6/Drivers/STM32F4xx_HAL_Driver/Inc/stm32f4xx_ll_gpio.h ****   */
 205:board/stm32f401rct6/Drivers/STM32F4xx_HAL_Driver/Inc/stm32f4xx_ll_gpio.h **** 
 206:board/stm32f401rct6/Drivers/STM32F4xx_HAL_Driver/Inc/stm32f4xx_ll_gpio.h **** /** @defgroup GPIO_LL_EM_WRITE_READ Common Write and read registers Macros
 207:board/stm32f401rct6/Drivers/STM32F4xx_HAL_Driver/Inc/stm32f4xx_ll_gpio.h ****   * @{
 208:board/stm32f401rct6/Drivers/STM32F4xx_HAL_Driver/Inc/stm32f4xx_ll_gpio.h ****   */
 209:board/stm32f401rct6/Drivers/STM32F4xx_HAL_Driver/Inc/stm32f4xx_ll_gpio.h **** 
 210:board/stm32f401rct6/Drivers/STM32F4xx_HAL_Driver/Inc/stm32f4xx_ll_gpio.h **** /**
 211:board/stm32f401rct6/Drivers/STM32F4xx_HAL_Driver/Inc/stm32f4xx_ll_gpio.h ****   * @brief  Write a value in GPIO register
 212:board/stm32f401rct6/Drivers/STM32F4xx_HAL_Driver/Inc/stm32f4xx_ll_gpio.h ****   * @param  __INSTANCE__ GPIO Instance
 213:board/stm32f401rct6/Drivers/STM32F4xx_HAL_Driver/Inc/stm32f4xx_ll_gpio.h ****   * @param  __REG__ Register to be written
 214:board/stm32f401rct6/Drivers/STM32F4xx_HAL_Driver/Inc/stm32f4xx_ll_gpio.h ****   * @param  __VALUE__ Value to be written in the register
 215:board/stm32f401rct6/Drivers/STM32F4xx_HAL_Driver/Inc/stm32f4xx_ll_gpio.h ****   * @retval None
 216:board/stm32f401rct6/Drivers/STM32F4xx_HAL_Driver/Inc/stm32f4xx_ll_gpio.h ****   */
 217:board/stm32f401rct6/Drivers/STM32F4xx_HAL_Driver/Inc/stm32f4xx_ll_gpio.h **** #define LL_GPIO_WriteReg(__INSTANCE__, __REG__, __VALUE__) WRITE_REG(__INSTANCE__->__REG__, (__VALU
 218:board/stm32f401rct6/Drivers/STM32F4xx_HAL_Driver/Inc/stm32f4xx_ll_gpio.h **** 
 219:board/stm32f401rct6/Drivers/STM32F4xx_HAL_Driver/Inc/stm32f4xx_ll_gpio.h **** /**
 220:board/stm32f401rct6/Drivers/STM32F4xx_HAL_Driver/Inc/stm32f4xx_ll_gpio.h ****   * @brief  Read a value in GPIO register
 221:board/stm32f401rct6/Drivers/STM32F4xx_HAL_Driver/Inc/stm32f4xx_ll_gpio.h ****   * @param  __INSTANCE__ GPIO Instance
 222:board/stm32f401rct6/Drivers/STM32F4xx_HAL_Driver/Inc/stm32f4xx_ll_gpio.h ****   * @param  __REG__ Register to be read
 223:board/stm32f401rct6/Drivers/STM32F4xx_HAL_Driver/Inc/stm32f4xx_ll_gpio.h ****   * @retval Register value
 224:board/stm32f401rct6/Drivers/STM32F4xx_HAL_Driver/Inc/stm32f4xx_ll_gpio.h ****   */
ARM GAS  C:\Users\Admin\AppData\Local\Temp\ccELz1LE.s 			page 35


 225:board/stm32f401rct6/Drivers/STM32F4xx_HAL_Driver/Inc/stm32f4xx_ll_gpio.h **** #define LL_GPIO_ReadReg(__INSTANCE__, __REG__) READ_REG(__INSTANCE__->__REG__)
 226:board/stm32f401rct6/Drivers/STM32F4xx_HAL_Driver/Inc/stm32f4xx_ll_gpio.h **** /**
 227:board/stm32f401rct6/Drivers/STM32F4xx_HAL_Driver/Inc/stm32f4xx_ll_gpio.h ****   * @}
 228:board/stm32f401rct6/Drivers/STM32F4xx_HAL_Driver/Inc/stm32f4xx_ll_gpio.h ****   */
 229:board/stm32f401rct6/Drivers/STM32F4xx_HAL_Driver/Inc/stm32f4xx_ll_gpio.h **** 
 230:board/stm32f401rct6/Drivers/STM32F4xx_HAL_Driver/Inc/stm32f4xx_ll_gpio.h **** /**
 231:board/stm32f401rct6/Drivers/STM32F4xx_HAL_Driver/Inc/stm32f4xx_ll_gpio.h ****   * @}
 232:board/stm32f401rct6/Drivers/STM32F4xx_HAL_Driver/Inc/stm32f4xx_ll_gpio.h ****   */
 233:board/stm32f401rct6/Drivers/STM32F4xx_HAL_Driver/Inc/stm32f4xx_ll_gpio.h **** 
 234:board/stm32f401rct6/Drivers/STM32F4xx_HAL_Driver/Inc/stm32f4xx_ll_gpio.h **** /* Exported functions --------------------------------------------------------*/
 235:board/stm32f401rct6/Drivers/STM32F4xx_HAL_Driver/Inc/stm32f4xx_ll_gpio.h **** /** @defgroup GPIO_LL_Exported_Functions GPIO Exported Functions
 236:board/stm32f401rct6/Drivers/STM32F4xx_HAL_Driver/Inc/stm32f4xx_ll_gpio.h ****   * @{
 237:board/stm32f401rct6/Drivers/STM32F4xx_HAL_Driver/Inc/stm32f4xx_ll_gpio.h ****   */
 238:board/stm32f401rct6/Drivers/STM32F4xx_HAL_Driver/Inc/stm32f4xx_ll_gpio.h **** 
 239:board/stm32f401rct6/Drivers/STM32F4xx_HAL_Driver/Inc/stm32f4xx_ll_gpio.h **** /** @defgroup GPIO_LL_EF_Port_Configuration Port Configuration
 240:board/stm32f401rct6/Drivers/STM32F4xx_HAL_Driver/Inc/stm32f4xx_ll_gpio.h ****   * @{
 241:board/stm32f401rct6/Drivers/STM32F4xx_HAL_Driver/Inc/stm32f4xx_ll_gpio.h ****   */
 242:board/stm32f401rct6/Drivers/STM32F4xx_HAL_Driver/Inc/stm32f4xx_ll_gpio.h **** 
 243:board/stm32f401rct6/Drivers/STM32F4xx_HAL_Driver/Inc/stm32f4xx_ll_gpio.h **** /**
 244:board/stm32f401rct6/Drivers/STM32F4xx_HAL_Driver/Inc/stm32f4xx_ll_gpio.h ****   * @brief  Configure gpio mode for a dedicated pin on dedicated port.
 245:board/stm32f401rct6/Drivers/STM32F4xx_HAL_Driver/Inc/stm32f4xx_ll_gpio.h ****   * @note   I/O mode can be Input mode, General purpose output, Alternate function mode or Analog.
 246:board/stm32f401rct6/Drivers/STM32F4xx_HAL_Driver/Inc/stm32f4xx_ll_gpio.h ****   * @note   Warning: only one pin can be passed as parameter.
 247:board/stm32f401rct6/Drivers/STM32F4xx_HAL_Driver/Inc/stm32f4xx_ll_gpio.h ****   * @rmtoll MODER        MODEy         LL_GPIO_SetPinMode
 248:board/stm32f401rct6/Drivers/STM32F4xx_HAL_Driver/Inc/stm32f4xx_ll_gpio.h ****   * @param  GPIOx GPIO Port
 249:board/stm32f401rct6/Drivers/STM32F4xx_HAL_Driver/Inc/stm32f4xx_ll_gpio.h ****   * @param  Pin This parameter can be one of the following values:
 250:board/stm32f401rct6/Drivers/STM32F4xx_HAL_Driver/Inc/stm32f4xx_ll_gpio.h ****   *         @arg @ref LL_GPIO_PIN_0
 251:board/stm32f401rct6/Drivers/STM32F4xx_HAL_Driver/Inc/stm32f4xx_ll_gpio.h ****   *         @arg @ref LL_GPIO_PIN_1
 252:board/stm32f401rct6/Drivers/STM32F4xx_HAL_Driver/Inc/stm32f4xx_ll_gpio.h ****   *         @arg @ref LL_GPIO_PIN_2
 253:board/stm32f401rct6/Drivers/STM32F4xx_HAL_Driver/Inc/stm32f4xx_ll_gpio.h ****   *         @arg @ref LL_GPIO_PIN_3
 254:board/stm32f401rct6/Drivers/STM32F4xx_HAL_Driver/Inc/stm32f4xx_ll_gpio.h ****   *         @arg @ref LL_GPIO_PIN_4
 255:board/stm32f401rct6/Drivers/STM32F4xx_HAL_Driver/Inc/stm32f4xx_ll_gpio.h ****   *         @arg @ref LL_GPIO_PIN_5
 256:board/stm32f401rct6/Drivers/STM32F4xx_HAL_Driver/Inc/stm32f4xx_ll_gpio.h ****   *         @arg @ref LL_GPIO_PIN_6
 257:board/stm32f401rct6/Drivers/STM32F4xx_HAL_Driver/Inc/stm32f4xx_ll_gpio.h ****   *         @arg @ref LL_GPIO_PIN_7
 258:board/stm32f401rct6/Drivers/STM32F4xx_HAL_Driver/Inc/stm32f4xx_ll_gpio.h ****   *         @arg @ref LL_GPIO_PIN_8
 259:board/stm32f401rct6/Drivers/STM32F4xx_HAL_Driver/Inc/stm32f4xx_ll_gpio.h ****   *         @arg @ref LL_GPIO_PIN_9
 260:board/stm32f401rct6/Drivers/STM32F4xx_HAL_Driver/Inc/stm32f4xx_ll_gpio.h ****   *         @arg @ref LL_GPIO_PIN_10
 261:board/stm32f401rct6/Drivers/STM32F4xx_HAL_Driver/Inc/stm32f4xx_ll_gpio.h ****   *         @arg @ref LL_GPIO_PIN_11
 262:board/stm32f401rct6/Drivers/STM32F4xx_HAL_Driver/Inc/stm32f4xx_ll_gpio.h ****   *         @arg @ref LL_GPIO_PIN_12
 263:board/stm32f401rct6/Drivers/STM32F4xx_HAL_Driver/Inc/stm32f4xx_ll_gpio.h ****   *         @arg @ref LL_GPIO_PIN_13
 264:board/stm32f401rct6/Drivers/STM32F4xx_HAL_Driver/Inc/stm32f4xx_ll_gpio.h ****   *         @arg @ref LL_GPIO_PIN_14
 265:board/stm32f401rct6/Drivers/STM32F4xx_HAL_Driver/Inc/stm32f4xx_ll_gpio.h ****   *         @arg @ref LL_GPIO_PIN_15
 266:board/stm32f401rct6/Drivers/STM32F4xx_HAL_Driver/Inc/stm32f4xx_ll_gpio.h ****   * @param  Mode This parameter can be one of the following values:
 267:board/stm32f401rct6/Drivers/STM32F4xx_HAL_Driver/Inc/stm32f4xx_ll_gpio.h ****   *         @arg @ref LL_GPIO_MODE_INPUT
 268:board/stm32f401rct6/Drivers/STM32F4xx_HAL_Driver/Inc/stm32f4xx_ll_gpio.h ****   *         @arg @ref LL_GPIO_MODE_OUTPUT
 269:board/stm32f401rct6/Drivers/STM32F4xx_HAL_Driver/Inc/stm32f4xx_ll_gpio.h ****   *         @arg @ref LL_GPIO_MODE_ALTERNATE
 270:board/stm32f401rct6/Drivers/STM32F4xx_HAL_Driver/Inc/stm32f4xx_ll_gpio.h ****   *         @arg @ref LL_GPIO_MODE_ANALOG
 271:board/stm32f401rct6/Drivers/STM32F4xx_HAL_Driver/Inc/stm32f4xx_ll_gpio.h ****   * @retval None
 272:board/stm32f401rct6/Drivers/STM32F4xx_HAL_Driver/Inc/stm32f4xx_ll_gpio.h ****   */
 273:board/stm32f401rct6/Drivers/STM32F4xx_HAL_Driver/Inc/stm32f4xx_ll_gpio.h **** __STATIC_INLINE void LL_GPIO_SetPinMode(GPIO_TypeDef *GPIOx, uint32_t Pin, uint32_t Mode)
 274:board/stm32f401rct6/Drivers/STM32F4xx_HAL_Driver/Inc/stm32f4xx_ll_gpio.h **** {
 275:board/stm32f401rct6/Drivers/STM32F4xx_HAL_Driver/Inc/stm32f4xx_ll_gpio.h ****   MODIFY_REG(GPIOx->MODER, (GPIO_MODER_MODER0 << (POSITION_VAL(Pin) * 2U)), (Mode << (POSITION_VAL(
 276:board/stm32f401rct6/Drivers/STM32F4xx_HAL_Driver/Inc/stm32f4xx_ll_gpio.h **** }
 277:board/stm32f401rct6/Drivers/STM32F4xx_HAL_Driver/Inc/stm32f4xx_ll_gpio.h **** 
 278:board/stm32f401rct6/Drivers/STM32F4xx_HAL_Driver/Inc/stm32f4xx_ll_gpio.h **** /**
 279:board/stm32f401rct6/Drivers/STM32F4xx_HAL_Driver/Inc/stm32f4xx_ll_gpio.h ****   * @brief  Return gpio mode for a dedicated pin on dedicated port.
 280:board/stm32f401rct6/Drivers/STM32F4xx_HAL_Driver/Inc/stm32f4xx_ll_gpio.h ****   * @note   I/O mode can be Input mode, General purpose output, Alternate function mode or Analog.
 281:board/stm32f401rct6/Drivers/STM32F4xx_HAL_Driver/Inc/stm32f4xx_ll_gpio.h ****   * @note   Warning: only one pin can be passed as parameter.
ARM GAS  C:\Users\Admin\AppData\Local\Temp\ccELz1LE.s 			page 36


 282:board/stm32f401rct6/Drivers/STM32F4xx_HAL_Driver/Inc/stm32f4xx_ll_gpio.h ****   * @rmtoll MODER        MODEy         LL_GPIO_GetPinMode
 283:board/stm32f401rct6/Drivers/STM32F4xx_HAL_Driver/Inc/stm32f4xx_ll_gpio.h ****   * @param  GPIOx GPIO Port
 284:board/stm32f401rct6/Drivers/STM32F4xx_HAL_Driver/Inc/stm32f4xx_ll_gpio.h ****   * @param  Pin This parameter can be one of the following values:
 285:board/stm32f401rct6/Drivers/STM32F4xx_HAL_Driver/Inc/stm32f4xx_ll_gpio.h ****   *         @arg @ref LL_GPIO_PIN_0
 286:board/stm32f401rct6/Drivers/STM32F4xx_HAL_Driver/Inc/stm32f4xx_ll_gpio.h ****   *         @arg @ref LL_GPIO_PIN_1
 287:board/stm32f401rct6/Drivers/STM32F4xx_HAL_Driver/Inc/stm32f4xx_ll_gpio.h ****   *         @arg @ref LL_GPIO_PIN_2
 288:board/stm32f401rct6/Drivers/STM32F4xx_HAL_Driver/Inc/stm32f4xx_ll_gpio.h ****   *         @arg @ref LL_GPIO_PIN_3
 289:board/stm32f401rct6/Drivers/STM32F4xx_HAL_Driver/Inc/stm32f4xx_ll_gpio.h ****   *         @arg @ref LL_GPIO_PIN_4
 290:board/stm32f401rct6/Drivers/STM32F4xx_HAL_Driver/Inc/stm32f4xx_ll_gpio.h ****   *         @arg @ref LL_GPIO_PIN_5
 291:board/stm32f401rct6/Drivers/STM32F4xx_HAL_Driver/Inc/stm32f4xx_ll_gpio.h ****   *         @arg @ref LL_GPIO_PIN_6
 292:board/stm32f401rct6/Drivers/STM32F4xx_HAL_Driver/Inc/stm32f4xx_ll_gpio.h ****   *         @arg @ref LL_GPIO_PIN_7
 293:board/stm32f401rct6/Drivers/STM32F4xx_HAL_Driver/Inc/stm32f4xx_ll_gpio.h ****   *         @arg @ref LL_GPIO_PIN_8
 294:board/stm32f401rct6/Drivers/STM32F4xx_HAL_Driver/Inc/stm32f4xx_ll_gpio.h ****   *         @arg @ref LL_GPIO_PIN_9
 295:board/stm32f401rct6/Drivers/STM32F4xx_HAL_Driver/Inc/stm32f4xx_ll_gpio.h ****   *         @arg @ref LL_GPIO_PIN_10
 296:board/stm32f401rct6/Drivers/STM32F4xx_HAL_Driver/Inc/stm32f4xx_ll_gpio.h ****   *         @arg @ref LL_GPIO_PIN_11
 297:board/stm32f401rct6/Drivers/STM32F4xx_HAL_Driver/Inc/stm32f4xx_ll_gpio.h ****   *         @arg @ref LL_GPIO_PIN_12
 298:board/stm32f401rct6/Drivers/STM32F4xx_HAL_Driver/Inc/stm32f4xx_ll_gpio.h ****   *         @arg @ref LL_GPIO_PIN_13
 299:board/stm32f401rct6/Drivers/STM32F4xx_HAL_Driver/Inc/stm32f4xx_ll_gpio.h ****   *         @arg @ref LL_GPIO_PIN_14
 300:board/stm32f401rct6/Drivers/STM32F4xx_HAL_Driver/Inc/stm32f4xx_ll_gpio.h ****   *         @arg @ref LL_GPIO_PIN_15
 301:board/stm32f401rct6/Drivers/STM32F4xx_HAL_Driver/Inc/stm32f4xx_ll_gpio.h ****   * @retval Returned value can be one of the following values:
 302:board/stm32f401rct6/Drivers/STM32F4xx_HAL_Driver/Inc/stm32f4xx_ll_gpio.h ****   *         @arg @ref LL_GPIO_MODE_INPUT
 303:board/stm32f401rct6/Drivers/STM32F4xx_HAL_Driver/Inc/stm32f4xx_ll_gpio.h ****   *         @arg @ref LL_GPIO_MODE_OUTPUT
 304:board/stm32f401rct6/Drivers/STM32F4xx_HAL_Driver/Inc/stm32f4xx_ll_gpio.h ****   *         @arg @ref LL_GPIO_MODE_ALTERNATE
 305:board/stm32f401rct6/Drivers/STM32F4xx_HAL_Driver/Inc/stm32f4xx_ll_gpio.h ****   *         @arg @ref LL_GPIO_MODE_ANALOG
 306:board/stm32f401rct6/Drivers/STM32F4xx_HAL_Driver/Inc/stm32f4xx_ll_gpio.h ****   */
 307:board/stm32f401rct6/Drivers/STM32F4xx_HAL_Driver/Inc/stm32f4xx_ll_gpio.h **** __STATIC_INLINE uint32_t LL_GPIO_GetPinMode(GPIO_TypeDef *GPIOx, uint32_t Pin)
 308:board/stm32f401rct6/Drivers/STM32F4xx_HAL_Driver/Inc/stm32f4xx_ll_gpio.h **** {
 309:board/stm32f401rct6/Drivers/STM32F4xx_HAL_Driver/Inc/stm32f4xx_ll_gpio.h ****   return (uint32_t)(READ_BIT(GPIOx->MODER,
 310:board/stm32f401rct6/Drivers/STM32F4xx_HAL_Driver/Inc/stm32f4xx_ll_gpio.h ****                              (GPIO_MODER_MODER0 << (POSITION_VAL(Pin) * 2U))) >> (POSITION_VAL(Pin)
 311:board/stm32f401rct6/Drivers/STM32F4xx_HAL_Driver/Inc/stm32f4xx_ll_gpio.h **** }
 312:board/stm32f401rct6/Drivers/STM32F4xx_HAL_Driver/Inc/stm32f4xx_ll_gpio.h **** 
 313:board/stm32f401rct6/Drivers/STM32F4xx_HAL_Driver/Inc/stm32f4xx_ll_gpio.h **** /**
 314:board/stm32f401rct6/Drivers/STM32F4xx_HAL_Driver/Inc/stm32f4xx_ll_gpio.h ****   * @brief  Configure gpio output type for several pins on dedicated port.
 315:board/stm32f401rct6/Drivers/STM32F4xx_HAL_Driver/Inc/stm32f4xx_ll_gpio.h ****   * @note   Output type as to be set when gpio pin is in output or
 316:board/stm32f401rct6/Drivers/STM32F4xx_HAL_Driver/Inc/stm32f4xx_ll_gpio.h ****   *         alternate modes. Possible type are Push-pull or Open-drain.
 317:board/stm32f401rct6/Drivers/STM32F4xx_HAL_Driver/Inc/stm32f4xx_ll_gpio.h ****   * @rmtoll OTYPER       OTy           LL_GPIO_SetPinOutputType
 318:board/stm32f401rct6/Drivers/STM32F4xx_HAL_Driver/Inc/stm32f4xx_ll_gpio.h ****   * @param  GPIOx GPIO Port
 319:board/stm32f401rct6/Drivers/STM32F4xx_HAL_Driver/Inc/stm32f4xx_ll_gpio.h ****   * @param  PinMask This parameter can be a combination of the following values:
 320:board/stm32f401rct6/Drivers/STM32F4xx_HAL_Driver/Inc/stm32f4xx_ll_gpio.h ****   *         @arg @ref LL_GPIO_PIN_0
 321:board/stm32f401rct6/Drivers/STM32F4xx_HAL_Driver/Inc/stm32f4xx_ll_gpio.h ****   *         @arg @ref LL_GPIO_PIN_1
 322:board/stm32f401rct6/Drivers/STM32F4xx_HAL_Driver/Inc/stm32f4xx_ll_gpio.h ****   *         @arg @ref LL_GPIO_PIN_2
 323:board/stm32f401rct6/Drivers/STM32F4xx_HAL_Driver/Inc/stm32f4xx_ll_gpio.h ****   *         @arg @ref LL_GPIO_PIN_3
 324:board/stm32f401rct6/Drivers/STM32F4xx_HAL_Driver/Inc/stm32f4xx_ll_gpio.h ****   *         @arg @ref LL_GPIO_PIN_4
 325:board/stm32f401rct6/Drivers/STM32F4xx_HAL_Driver/Inc/stm32f4xx_ll_gpio.h ****   *         @arg @ref LL_GPIO_PIN_5
 326:board/stm32f401rct6/Drivers/STM32F4xx_HAL_Driver/Inc/stm32f4xx_ll_gpio.h ****   *         @arg @ref LL_GPIO_PIN_6
 327:board/stm32f401rct6/Drivers/STM32F4xx_HAL_Driver/Inc/stm32f4xx_ll_gpio.h ****   *         @arg @ref LL_GPIO_PIN_7
 328:board/stm32f401rct6/Drivers/STM32F4xx_HAL_Driver/Inc/stm32f4xx_ll_gpio.h ****   *         @arg @ref LL_GPIO_PIN_8
 329:board/stm32f401rct6/Drivers/STM32F4xx_HAL_Driver/Inc/stm32f4xx_ll_gpio.h ****   *         @arg @ref LL_GPIO_PIN_9
 330:board/stm32f401rct6/Drivers/STM32F4xx_HAL_Driver/Inc/stm32f4xx_ll_gpio.h ****   *         @arg @ref LL_GPIO_PIN_10
 331:board/stm32f401rct6/Drivers/STM32F4xx_HAL_Driver/Inc/stm32f4xx_ll_gpio.h ****   *         @arg @ref LL_GPIO_PIN_11
 332:board/stm32f401rct6/Drivers/STM32F4xx_HAL_Driver/Inc/stm32f4xx_ll_gpio.h ****   *         @arg @ref LL_GPIO_PIN_12
 333:board/stm32f401rct6/Drivers/STM32F4xx_HAL_Driver/Inc/stm32f4xx_ll_gpio.h ****   *         @arg @ref LL_GPIO_PIN_13
 334:board/stm32f401rct6/Drivers/STM32F4xx_HAL_Driver/Inc/stm32f4xx_ll_gpio.h ****   *         @arg @ref LL_GPIO_PIN_14
 335:board/stm32f401rct6/Drivers/STM32F4xx_HAL_Driver/Inc/stm32f4xx_ll_gpio.h ****   *         @arg @ref LL_GPIO_PIN_15
 336:board/stm32f401rct6/Drivers/STM32F4xx_HAL_Driver/Inc/stm32f4xx_ll_gpio.h ****   *         @arg @ref LL_GPIO_PIN_ALL
 337:board/stm32f401rct6/Drivers/STM32F4xx_HAL_Driver/Inc/stm32f4xx_ll_gpio.h ****   * @param  OutputType This parameter can be one of the following values:
 338:board/stm32f401rct6/Drivers/STM32F4xx_HAL_Driver/Inc/stm32f4xx_ll_gpio.h ****   *         @arg @ref LL_GPIO_OUTPUT_PUSHPULL
ARM GAS  C:\Users\Admin\AppData\Local\Temp\ccELz1LE.s 			page 37


 339:board/stm32f401rct6/Drivers/STM32F4xx_HAL_Driver/Inc/stm32f4xx_ll_gpio.h ****   *         @arg @ref LL_GPIO_OUTPUT_OPENDRAIN
 340:board/stm32f401rct6/Drivers/STM32F4xx_HAL_Driver/Inc/stm32f4xx_ll_gpio.h ****   * @retval None
 341:board/stm32f401rct6/Drivers/STM32F4xx_HAL_Driver/Inc/stm32f4xx_ll_gpio.h ****   */
 342:board/stm32f401rct6/Drivers/STM32F4xx_HAL_Driver/Inc/stm32f4xx_ll_gpio.h **** __STATIC_INLINE void LL_GPIO_SetPinOutputType(GPIO_TypeDef *GPIOx, uint32_t PinMask, uint32_t Outpu
 343:board/stm32f401rct6/Drivers/STM32F4xx_HAL_Driver/Inc/stm32f4xx_ll_gpio.h **** {
 344:board/stm32f401rct6/Drivers/STM32F4xx_HAL_Driver/Inc/stm32f4xx_ll_gpio.h ****   MODIFY_REG(GPIOx->OTYPER, PinMask, (PinMask * OutputType));
 345:board/stm32f401rct6/Drivers/STM32F4xx_HAL_Driver/Inc/stm32f4xx_ll_gpio.h **** }
 346:board/stm32f401rct6/Drivers/STM32F4xx_HAL_Driver/Inc/stm32f4xx_ll_gpio.h **** 
 347:board/stm32f401rct6/Drivers/STM32F4xx_HAL_Driver/Inc/stm32f4xx_ll_gpio.h **** /**
 348:board/stm32f401rct6/Drivers/STM32F4xx_HAL_Driver/Inc/stm32f4xx_ll_gpio.h ****   * @brief  Return gpio output type for several pins on dedicated port.
 349:board/stm32f401rct6/Drivers/STM32F4xx_HAL_Driver/Inc/stm32f4xx_ll_gpio.h ****   * @note   Output type as to be set when gpio pin is in output or
 350:board/stm32f401rct6/Drivers/STM32F4xx_HAL_Driver/Inc/stm32f4xx_ll_gpio.h ****   *         alternate modes. Possible type are Push-pull or Open-drain.
 351:board/stm32f401rct6/Drivers/STM32F4xx_HAL_Driver/Inc/stm32f4xx_ll_gpio.h ****   * @note   Warning: only one pin can be passed as parameter.
 352:board/stm32f401rct6/Drivers/STM32F4xx_HAL_Driver/Inc/stm32f4xx_ll_gpio.h ****   * @rmtoll OTYPER       OTy           LL_GPIO_GetPinOutputType
 353:board/stm32f401rct6/Drivers/STM32F4xx_HAL_Driver/Inc/stm32f4xx_ll_gpio.h ****   * @param  GPIOx GPIO Port
 354:board/stm32f401rct6/Drivers/STM32F4xx_HAL_Driver/Inc/stm32f4xx_ll_gpio.h ****   * @param  Pin This parameter can be one of the following values:
 355:board/stm32f401rct6/Drivers/STM32F4xx_HAL_Driver/Inc/stm32f4xx_ll_gpio.h ****   *         @arg @ref LL_GPIO_PIN_0
 356:board/stm32f401rct6/Drivers/STM32F4xx_HAL_Driver/Inc/stm32f4xx_ll_gpio.h ****   *         @arg @ref LL_GPIO_PIN_1
 357:board/stm32f401rct6/Drivers/STM32F4xx_HAL_Driver/Inc/stm32f4xx_ll_gpio.h ****   *         @arg @ref LL_GPIO_PIN_2
 358:board/stm32f401rct6/Drivers/STM32F4xx_HAL_Driver/Inc/stm32f4xx_ll_gpio.h ****   *         @arg @ref LL_GPIO_PIN_3
 359:board/stm32f401rct6/Drivers/STM32F4xx_HAL_Driver/Inc/stm32f4xx_ll_gpio.h ****   *         @arg @ref LL_GPIO_PIN_4
 360:board/stm32f401rct6/Drivers/STM32F4xx_HAL_Driver/Inc/stm32f4xx_ll_gpio.h ****   *         @arg @ref LL_GPIO_PIN_5
 361:board/stm32f401rct6/Drivers/STM32F4xx_HAL_Driver/Inc/stm32f4xx_ll_gpio.h ****   *         @arg @ref LL_GPIO_PIN_6
 362:board/stm32f401rct6/Drivers/STM32F4xx_HAL_Driver/Inc/stm32f4xx_ll_gpio.h ****   *         @arg @ref LL_GPIO_PIN_7
 363:board/stm32f401rct6/Drivers/STM32F4xx_HAL_Driver/Inc/stm32f4xx_ll_gpio.h ****   *         @arg @ref LL_GPIO_PIN_8
 364:board/stm32f401rct6/Drivers/STM32F4xx_HAL_Driver/Inc/stm32f4xx_ll_gpio.h ****   *         @arg @ref LL_GPIO_PIN_9
 365:board/stm32f401rct6/Drivers/STM32F4xx_HAL_Driver/Inc/stm32f4xx_ll_gpio.h ****   *         @arg @ref LL_GPIO_PIN_10
 366:board/stm32f401rct6/Drivers/STM32F4xx_HAL_Driver/Inc/stm32f4xx_ll_gpio.h ****   *         @arg @ref LL_GPIO_PIN_11
 367:board/stm32f401rct6/Drivers/STM32F4xx_HAL_Driver/Inc/stm32f4xx_ll_gpio.h ****   *         @arg @ref LL_GPIO_PIN_12
 368:board/stm32f401rct6/Drivers/STM32F4xx_HAL_Driver/Inc/stm32f4xx_ll_gpio.h ****   *         @arg @ref LL_GPIO_PIN_13
 369:board/stm32f401rct6/Drivers/STM32F4xx_HAL_Driver/Inc/stm32f4xx_ll_gpio.h ****   *         @arg @ref LL_GPIO_PIN_14
 370:board/stm32f401rct6/Drivers/STM32F4xx_HAL_Driver/Inc/stm32f4xx_ll_gpio.h ****   *         @arg @ref LL_GPIO_PIN_15
 371:board/stm32f401rct6/Drivers/STM32F4xx_HAL_Driver/Inc/stm32f4xx_ll_gpio.h ****   *         @arg @ref LL_GPIO_PIN_ALL
 372:board/stm32f401rct6/Drivers/STM32F4xx_HAL_Driver/Inc/stm32f4xx_ll_gpio.h ****   * @retval Returned value can be one of the following values:
 373:board/stm32f401rct6/Drivers/STM32F4xx_HAL_Driver/Inc/stm32f4xx_ll_gpio.h ****   *         @arg @ref LL_GPIO_OUTPUT_PUSHPULL
 374:board/stm32f401rct6/Drivers/STM32F4xx_HAL_Driver/Inc/stm32f4xx_ll_gpio.h ****   *         @arg @ref LL_GPIO_OUTPUT_OPENDRAIN
 375:board/stm32f401rct6/Drivers/STM32F4xx_HAL_Driver/Inc/stm32f4xx_ll_gpio.h ****   */
 376:board/stm32f401rct6/Drivers/STM32F4xx_HAL_Driver/Inc/stm32f4xx_ll_gpio.h **** __STATIC_INLINE uint32_t LL_GPIO_GetPinOutputType(GPIO_TypeDef *GPIOx, uint32_t Pin)
 377:board/stm32f401rct6/Drivers/STM32F4xx_HAL_Driver/Inc/stm32f4xx_ll_gpio.h **** {
 378:board/stm32f401rct6/Drivers/STM32F4xx_HAL_Driver/Inc/stm32f4xx_ll_gpio.h ****   return (uint32_t)(READ_BIT(GPIOx->OTYPER, Pin) >> POSITION_VAL(Pin));
 379:board/stm32f401rct6/Drivers/STM32F4xx_HAL_Driver/Inc/stm32f4xx_ll_gpio.h **** }
 380:board/stm32f401rct6/Drivers/STM32F4xx_HAL_Driver/Inc/stm32f4xx_ll_gpio.h **** 
 381:board/stm32f401rct6/Drivers/STM32F4xx_HAL_Driver/Inc/stm32f4xx_ll_gpio.h **** /**
 382:board/stm32f401rct6/Drivers/STM32F4xx_HAL_Driver/Inc/stm32f4xx_ll_gpio.h ****   * @brief  Configure gpio speed for a dedicated pin on dedicated port.
 383:board/stm32f401rct6/Drivers/STM32F4xx_HAL_Driver/Inc/stm32f4xx_ll_gpio.h ****   * @note   I/O speed can be Low, Medium, Fast or High speed.
 384:board/stm32f401rct6/Drivers/STM32F4xx_HAL_Driver/Inc/stm32f4xx_ll_gpio.h ****   * @note   Warning: only one pin can be passed as parameter.
 385:board/stm32f401rct6/Drivers/STM32F4xx_HAL_Driver/Inc/stm32f4xx_ll_gpio.h ****   * @note   Refer to datasheet for frequency specifications and the power
 386:board/stm32f401rct6/Drivers/STM32F4xx_HAL_Driver/Inc/stm32f4xx_ll_gpio.h ****   *         supply and load conditions for each speed.
 387:board/stm32f401rct6/Drivers/STM32F4xx_HAL_Driver/Inc/stm32f4xx_ll_gpio.h ****   * @rmtoll OSPEEDR      OSPEEDy       LL_GPIO_SetPinSpeed
 388:board/stm32f401rct6/Drivers/STM32F4xx_HAL_Driver/Inc/stm32f4xx_ll_gpio.h ****   * @param  GPIOx GPIO Port
 389:board/stm32f401rct6/Drivers/STM32F4xx_HAL_Driver/Inc/stm32f4xx_ll_gpio.h ****   * @param  Pin This parameter can be one of the following values:
 390:board/stm32f401rct6/Drivers/STM32F4xx_HAL_Driver/Inc/stm32f4xx_ll_gpio.h ****   *         @arg @ref LL_GPIO_PIN_0
 391:board/stm32f401rct6/Drivers/STM32F4xx_HAL_Driver/Inc/stm32f4xx_ll_gpio.h ****   *         @arg @ref LL_GPIO_PIN_1
 392:board/stm32f401rct6/Drivers/STM32F4xx_HAL_Driver/Inc/stm32f4xx_ll_gpio.h ****   *         @arg @ref LL_GPIO_PIN_2
 393:board/stm32f401rct6/Drivers/STM32F4xx_HAL_Driver/Inc/stm32f4xx_ll_gpio.h ****   *         @arg @ref LL_GPIO_PIN_3
 394:board/stm32f401rct6/Drivers/STM32F4xx_HAL_Driver/Inc/stm32f4xx_ll_gpio.h ****   *         @arg @ref LL_GPIO_PIN_4
 395:board/stm32f401rct6/Drivers/STM32F4xx_HAL_Driver/Inc/stm32f4xx_ll_gpio.h ****   *         @arg @ref LL_GPIO_PIN_5
ARM GAS  C:\Users\Admin\AppData\Local\Temp\ccELz1LE.s 			page 38


 396:board/stm32f401rct6/Drivers/STM32F4xx_HAL_Driver/Inc/stm32f4xx_ll_gpio.h ****   *         @arg @ref LL_GPIO_PIN_6
 397:board/stm32f401rct6/Drivers/STM32F4xx_HAL_Driver/Inc/stm32f4xx_ll_gpio.h ****   *         @arg @ref LL_GPIO_PIN_7
 398:board/stm32f401rct6/Drivers/STM32F4xx_HAL_Driver/Inc/stm32f4xx_ll_gpio.h ****   *         @arg @ref LL_GPIO_PIN_8
 399:board/stm32f401rct6/Drivers/STM32F4xx_HAL_Driver/Inc/stm32f4xx_ll_gpio.h ****   *         @arg @ref LL_GPIO_PIN_9
 400:board/stm32f401rct6/Drivers/STM32F4xx_HAL_Driver/Inc/stm32f4xx_ll_gpio.h ****   *         @arg @ref LL_GPIO_PIN_10
 401:board/stm32f401rct6/Drivers/STM32F4xx_HAL_Driver/Inc/stm32f4xx_ll_gpio.h ****   *         @arg @ref LL_GPIO_PIN_11
 402:board/stm32f401rct6/Drivers/STM32F4xx_HAL_Driver/Inc/stm32f4xx_ll_gpio.h ****   *         @arg @ref LL_GPIO_PIN_12
 403:board/stm32f401rct6/Drivers/STM32F4xx_HAL_Driver/Inc/stm32f4xx_ll_gpio.h ****   *         @arg @ref LL_GPIO_PIN_13
 404:board/stm32f401rct6/Drivers/STM32F4xx_HAL_Driver/Inc/stm32f4xx_ll_gpio.h ****   *         @arg @ref LL_GPIO_PIN_14
 405:board/stm32f401rct6/Drivers/STM32F4xx_HAL_Driver/Inc/stm32f4xx_ll_gpio.h ****   *         @arg @ref LL_GPIO_PIN_15
 406:board/stm32f401rct6/Drivers/STM32F4xx_HAL_Driver/Inc/stm32f4xx_ll_gpio.h ****   * @param  Speed This parameter can be one of the following values:
 407:board/stm32f401rct6/Drivers/STM32F4xx_HAL_Driver/Inc/stm32f4xx_ll_gpio.h ****   *         @arg @ref LL_GPIO_SPEED_FREQ_LOW
 408:board/stm32f401rct6/Drivers/STM32F4xx_HAL_Driver/Inc/stm32f4xx_ll_gpio.h ****   *         @arg @ref LL_GPIO_SPEED_FREQ_MEDIUM
 409:board/stm32f401rct6/Drivers/STM32F4xx_HAL_Driver/Inc/stm32f4xx_ll_gpio.h ****   *         @arg @ref LL_GPIO_SPEED_FREQ_HIGH
 410:board/stm32f401rct6/Drivers/STM32F4xx_HAL_Driver/Inc/stm32f4xx_ll_gpio.h ****   *         @arg @ref LL_GPIO_SPEED_FREQ_VERY_HIGH
 411:board/stm32f401rct6/Drivers/STM32F4xx_HAL_Driver/Inc/stm32f4xx_ll_gpio.h ****   * @retval None
 412:board/stm32f401rct6/Drivers/STM32F4xx_HAL_Driver/Inc/stm32f4xx_ll_gpio.h ****   */
 413:board/stm32f401rct6/Drivers/STM32F4xx_HAL_Driver/Inc/stm32f4xx_ll_gpio.h **** __STATIC_INLINE void LL_GPIO_SetPinSpeed(GPIO_TypeDef *GPIOx, uint32_t Pin, uint32_t  Speed)
 392              		.loc 4 413 22 view .LVU104
 393              	.LBB185:
 414:board/stm32f401rct6/Drivers/STM32F4xx_HAL_Driver/Inc/stm32f4xx_ll_gpio.h **** {
 415:board/stm32f401rct6/Drivers/STM32F4xx_HAL_Driver/Inc/stm32f4xx_ll_gpio.h ****   MODIFY_REG(GPIOx->OSPEEDR, (GPIO_OSPEEDER_OSPEEDR0 << (POSITION_VAL(Pin) * 2U)),
 394              		.loc 4 415 3 view .LVU105
 395 0016 8568     		ldr	r5, [r0, #8]
 396              	.LVL29:
 397              	.LBB186:
 398              	.LBI186:
 373:board/stm32f401rct6/Drivers/CMSIS/Include/cmsis_gcc.h **** {
 399              		.loc 3 373 31 view .LVU106
 400              	.LBB187:
 375:board/stm32f401rct6/Drivers/CMSIS/Include/cmsis_gcc.h **** 
 401              		.loc 3 375 3 view .LVU107
 380:board/stm32f401rct6/Drivers/CMSIS/Include/cmsis_gcc.h **** #else
 402              		.loc 3 380 4 view .LVU108
 403              		.syntax unified
 404              	@ 380 "board/stm32f401rct6/Drivers/CMSIS/Include/cmsis_gcc.h" 1
 405 0018 93FAA3F4 		rbit r4, r3
 406              	@ 0 "" 2
 407              	.LVL30:
 393:board/stm32f401rct6/Drivers/CMSIS/Include/cmsis_gcc.h **** }
 408              		.loc 3 393 3 view .LVU109
 393:board/stm32f401rct6/Drivers/CMSIS/Include/cmsis_gcc.h **** }
 409              		.loc 3 393 3 is_stmt 0 view .LVU110
 410              		.thumb
 411              		.syntax unified
 412              	.LBE187:
 413              	.LBE186:
 414              	.LBB188:
 415              	.LBI188:
 403:board/stm32f401rct6/Drivers/CMSIS/Include/cmsis_gcc.h **** {
 416              		.loc 3 403 30 is_stmt 1 view .LVU111
 417              	.LBB189:
 414:board/stm32f401rct6/Drivers/CMSIS/Include/cmsis_gcc.h ****   {
 418              		.loc 3 414 3 view .LVU112
 414:board/stm32f401rct6/Drivers/CMSIS/Include/cmsis_gcc.h ****   {
 419              		.loc 3 414 6 is_stmt 0 view .LVU113
 420 001c DCB1     		cbz	r4, .L36
ARM GAS  C:\Users\Admin\AppData\Local\Temp\ccELz1LE.s 			page 39


 421              		.loc 3 418 3 is_stmt 1 view .LVU114
 422              		.loc 3 418 10 is_stmt 0 view .LVU115
 423 001e B4FA84F4 		clz	r4, r4
 424              	.LVL31:
 425              	.L22:
 426              		.loc 3 418 10 view .LVU116
 427              	.LBE189:
 428              	.LBE188:
 429              		.loc 4 415 3 view .LVU117
 430 0022 6400     		lsls	r4, r4, #1
 431 0024 4FF0030C 		mov	ip, #3
 432 0028 0CFA04F4 		lsl	r4, ip, r4
 433 002c 25EA0405 		bic	r5, r5, r4
 434              	.LVL32:
 435              	.LBB191:
 436              	.LBI191:
 373:board/stm32f401rct6/Drivers/CMSIS/Include/cmsis_gcc.h **** {
 437              		.loc 3 373 31 is_stmt 1 view .LVU118
 438              	.LBB192:
 375:board/stm32f401rct6/Drivers/CMSIS/Include/cmsis_gcc.h **** 
 439              		.loc 3 375 3 view .LVU119
 380:board/stm32f401rct6/Drivers/CMSIS/Include/cmsis_gcc.h **** #else
 440              		.loc 3 380 4 view .LVU120
 441              		.syntax unified
 442              	@ 380 "board/stm32f401rct6/Drivers/CMSIS/Include/cmsis_gcc.h" 1
 443 0030 93FAA3F4 		rbit r4, r3
 444              	@ 0 "" 2
 445              	.LVL33:
 393:board/stm32f401rct6/Drivers/CMSIS/Include/cmsis_gcc.h **** }
 446              		.loc 3 393 3 view .LVU121
 393:board/stm32f401rct6/Drivers/CMSIS/Include/cmsis_gcc.h **** }
 447              		.loc 3 393 3 is_stmt 0 view .LVU122
 448              		.thumb
 449              		.syntax unified
 450              	.LBE192:
 451              	.LBE191:
 452              	.LBB193:
 453              	.LBI193:
 403:board/stm32f401rct6/Drivers/CMSIS/Include/cmsis_gcc.h **** {
 454              		.loc 3 403 30 is_stmt 1 view .LVU123
 455              	.LBB194:
 414:board/stm32f401rct6/Drivers/CMSIS/Include/cmsis_gcc.h ****   {
 456              		.loc 3 414 3 view .LVU124
 414:board/stm32f401rct6/Drivers/CMSIS/Include/cmsis_gcc.h ****   {
 457              		.loc 3 414 6 is_stmt 0 view .LVU125
 458 0034 8CB1     		cbz	r4, .L37
 459              		.loc 3 418 3 is_stmt 1 view .LVU126
 460              		.loc 3 418 10 is_stmt 0 view .LVU127
 461 0036 B4FA84F4 		clz	r4, r4
 462              	.LVL34:
 463              	.L23:
 464              		.loc 3 418 10 view .LVU128
 465              	.LBE194:
 466              	.LBE193:
 467              		.loc 4 415 3 view .LVU129
 468 003a 6400     		lsls	r4, r4, #1
 469 003c 06FA04F4 		lsl	r4, r6, r4
ARM GAS  C:\Users\Admin\AppData\Local\Temp\ccELz1LE.s 			page 40


 470 0040 2C43     		orrs	r4, r4, r5
 471 0042 8460     		str	r4, [r0, #8]
 472              	.LVL35:
 473              		.loc 4 415 3 view .LVU130
 474              	.LBE185:
 475              	.LBE184:
 230:board/stm32f401rct6/Drivers/STM32F4xx_HAL_Driver/Src/stm32f4xx_ll_gpio.c ****         
 231:board/stm32f401rct6/Drivers/STM32F4xx_HAL_Driver/Src/stm32f4xx_ll_gpio.c ****         /* Check Output mode parameters */
 232:board/stm32f401rct6/Drivers/STM32F4xx_HAL_Driver/Src/stm32f4xx_ll_gpio.c ****         assert_param(IS_LL_GPIO_OUTPUT_TYPE(GPIO_InitStruct->OutputType));
 476              		.loc 1 232 9 is_stmt 1 view .LVU131
 233:board/stm32f401rct6/Drivers/STM32F4xx_HAL_Driver/Src/stm32f4xx_ll_gpio.c ****         
 234:board/stm32f401rct6/Drivers/STM32F4xx_HAL_Driver/Src/stm32f4xx_ll_gpio.c ****         /* Output mode configuration*/
 235:board/stm32f401rct6/Drivers/STM32F4xx_HAL_Driver/Src/stm32f4xx_ll_gpio.c ****         LL_GPIO_SetPinOutputType(GPIOx, currentpin, GPIO_InitStruct->OutputType);
 477              		.loc 1 235 9 view .LVU132
 478 0044 CD68     		ldr	r5, [r1, #12]
 479              	.LVL36:
 480              	.LBB199:
 481              	.LBI199:
 342:board/stm32f401rct6/Drivers/STM32F4xx_HAL_Driver/Inc/stm32f4xx_ll_gpio.h **** {
 482              		.loc 4 342 22 view .LVU133
 483              	.LBB200:
 344:board/stm32f401rct6/Drivers/STM32F4xx_HAL_Driver/Inc/stm32f4xx_ll_gpio.h **** }
 484              		.loc 4 344 3 view .LVU134
 485 0046 4468     		ldr	r4, [r0, #4]
 486 0048 24EA0304 		bic	r4, r4, r3
 487 004c 03FB05F5 		mul	r5, r3, r5
 488              	.LVL37:
 344:board/stm32f401rct6/Drivers/STM32F4xx_HAL_Driver/Inc/stm32f4xx_ll_gpio.h **** }
 489              		.loc 4 344 3 is_stmt 0 view .LVU135
 490 0050 2C43     		orrs	r4, r4, r5
 491 0052 4460     		str	r4, [r0, #4]
 492              	.LVL38:
 345:board/stm32f401rct6/Drivers/STM32F4xx_HAL_Driver/Inc/stm32f4xx_ll_gpio.h **** 
 493              		.loc 4 345 1 view .LVU136
 494 0054 50E0     		b	.L21
 495              	.LVL39:
 496              	.L36:
 345:board/stm32f401rct6/Drivers/STM32F4xx_HAL_Driver/Inc/stm32f4xx_ll_gpio.h **** 
 497              		.loc 4 345 1 view .LVU137
 498              	.LBE200:
 499              	.LBE199:
 500              	.LBB201:
 501              	.LBB198:
 502              	.LBB196:
 503              	.LBB190:
 416:board/stm32f401rct6/Drivers/CMSIS/Include/cmsis_gcc.h ****   }
 504              		.loc 3 416 12 view .LVU138
 505 0056 2024     		movs	r4, #32
 506              	.LVL40:
 416:board/stm32f401rct6/Drivers/CMSIS/Include/cmsis_gcc.h ****   }
 507              		.loc 3 416 12 view .LVU139
 508 0058 E3E7     		b	.L22
 509              	.LVL41:
 510              	.L37:
 416:board/stm32f401rct6/Drivers/CMSIS/Include/cmsis_gcc.h ****   }
 511              		.loc 3 416 12 view .LVU140
 512              	.LBE190:
ARM GAS  C:\Users\Admin\AppData\Local\Temp\ccELz1LE.s 			page 41


 513              	.LBE196:
 514              	.LBB197:
 515              	.LBB195:
 516 005a 2024     		movs	r4, #32
 517              	.LVL42:
 416:board/stm32f401rct6/Drivers/CMSIS/Include/cmsis_gcc.h ****   }
 518              		.loc 3 416 12 view .LVU141
 519 005c EDE7     		b	.L23
 520              	.LVL43:
 521              	.L38:
 416:board/stm32f401rct6/Drivers/CMSIS/Include/cmsis_gcc.h ****   }
 522              		.loc 3 416 12 view .LVU142
 523              	.LBE195:
 524              	.LBE197:
 525              	.LBE198:
 526              	.LBE201:
 527              	.LBB202:
 528              	.LBB203:
 529              	.LBB204:
 530              	.LBB205:
 531 005e 2024     		movs	r4, #32
 532              	.LVL44:
 416:board/stm32f401rct6/Drivers/CMSIS/Include/cmsis_gcc.h ****   }
 533              		.loc 3 416 12 view .LVU143
 534 0060 52E0     		b	.L24
 535              	.LVL45:
 536              	.L39:
 416:board/stm32f401rct6/Drivers/CMSIS/Include/cmsis_gcc.h ****   }
 537              		.loc 3 416 12 view .LVU144
 538              	.LBE205:
 539              	.LBE204:
 540              	.LBB207:
 541              	.LBB208:
 542 0062 2024     		movs	r4, #32
 543              	.LVL46:
 416:board/stm32f401rct6/Drivers/CMSIS/Include/cmsis_gcc.h ****   }
 544              		.loc 3 416 12 view .LVU145
 545 0064 5DE0     		b	.L25
 546              	.LVL47:
 547              	.L40:
 416:board/stm32f401rct6/Drivers/CMSIS/Include/cmsis_gcc.h ****   }
 548              		.loc 3 416 12 view .LVU146
 549              	.LBE208:
 550              	.LBE207:
 551              	.LBE203:
 552              	.LBE202:
 553              	.LBB217:
 554              	.LBB218:
 555              	.LBB219:
 556              	.LBB220:
 557 0066 2024     		movs	r4, #32
 558              	.LVL48:
 416:board/stm32f401rct6/Drivers/CMSIS/Include/cmsis_gcc.h ****   }
 559              		.loc 3 416 12 view .LVU147
 560 0068 73E0     		b	.L28
 561              	.LVL49:
 562              	.L41:
ARM GAS  C:\Users\Admin\AppData\Local\Temp\ccELz1LE.s 			page 42


 416:board/stm32f401rct6/Drivers/CMSIS/Include/cmsis_gcc.h ****   }
 563              		.loc 3 416 12 view .LVU148
 564              	.LBE220:
 565              	.LBE219:
 566              	.LBB222:
 567              	.LBB223:
 568 006a 2024     		movs	r4, #32
 569              	.LVL50:
 416:board/stm32f401rct6/Drivers/CMSIS/Include/cmsis_gcc.h ****   }
 570              		.loc 3 416 12 view .LVU149
 571 006c 7DE0     		b	.L29
 572              	.LVL51:
 573              	.L27:
 416:board/stm32f401rct6/Drivers/CMSIS/Include/cmsis_gcc.h ****   }
 574              		.loc 3 416 12 view .LVU150
 575              	.LBE223:
 576              	.LBE222:
 577              	.LBE218:
 578              	.LBE217:
 236:board/stm32f401rct6/Drivers/STM32F4xx_HAL_Driver/Src/stm32f4xx_ll_gpio.c ****       }
 237:board/stm32f401rct6/Drivers/STM32F4xx_HAL_Driver/Src/stm32f4xx_ll_gpio.c ****       
 238:board/stm32f401rct6/Drivers/STM32F4xx_HAL_Driver/Src/stm32f4xx_ll_gpio.c ****       /* Pull-up Pull down resistor configuration*/
 239:board/stm32f401rct6/Drivers/STM32F4xx_HAL_Driver/Src/stm32f4xx_ll_gpio.c ****       LL_GPIO_SetPinPull(GPIOx, currentpin, GPIO_InitStruct->Pull);
 240:board/stm32f401rct6/Drivers/STM32F4xx_HAL_Driver/Src/stm32f4xx_ll_gpio.c ****       
 241:board/stm32f401rct6/Drivers/STM32F4xx_HAL_Driver/Src/stm32f4xx_ll_gpio.c ****       if (GPIO_InitStruct->Mode == LL_GPIO_MODE_ALTERNATE)
 242:board/stm32f401rct6/Drivers/STM32F4xx_HAL_Driver/Src/stm32f4xx_ll_gpio.c ****       {
 243:board/stm32f401rct6/Drivers/STM32F4xx_HAL_Driver/Src/stm32f4xx_ll_gpio.c ****         /* Check Alternate parameter */
 244:board/stm32f401rct6/Drivers/STM32F4xx_HAL_Driver/Src/stm32f4xx_ll_gpio.c ****         assert_param(IS_LL_GPIO_ALTERNATE(GPIO_InitStruct->Alternate));
 245:board/stm32f401rct6/Drivers/STM32F4xx_HAL_Driver/Src/stm32f4xx_ll_gpio.c ****         
 246:board/stm32f401rct6/Drivers/STM32F4xx_HAL_Driver/Src/stm32f4xx_ll_gpio.c ****         /* Speed mode configuration */
 247:board/stm32f401rct6/Drivers/STM32F4xx_HAL_Driver/Src/stm32f4xx_ll_gpio.c ****         if (POSITION_VAL(currentpin) < 0x00000008U)
 248:board/stm32f401rct6/Drivers/STM32F4xx_HAL_Driver/Src/stm32f4xx_ll_gpio.c ****         {
 249:board/stm32f401rct6/Drivers/STM32F4xx_HAL_Driver/Src/stm32f4xx_ll_gpio.c ****           LL_GPIO_SetAFPin_0_7(GPIOx, currentpin, GPIO_InitStruct->Alternate);
 250:board/stm32f401rct6/Drivers/STM32F4xx_HAL_Driver/Src/stm32f4xx_ll_gpio.c ****         }
 251:board/stm32f401rct6/Drivers/STM32F4xx_HAL_Driver/Src/stm32f4xx_ll_gpio.c ****         else
 252:board/stm32f401rct6/Drivers/STM32F4xx_HAL_Driver/Src/stm32f4xx_ll_gpio.c ****         {
 253:board/stm32f401rct6/Drivers/STM32F4xx_HAL_Driver/Src/stm32f4xx_ll_gpio.c ****           LL_GPIO_SetAFPin_8_15(GPIOx, currentpin, GPIO_InitStruct->Alternate);
 579              		.loc 1 253 11 is_stmt 1 view .LVU151
 580 006e 4F69     		ldr	r7, [r1, #20]
 581              	.LVL52:
 582              	.LBB232:
 583              	.LBI232:
 416:board/stm32f401rct6/Drivers/STM32F4xx_HAL_Driver/Inc/stm32f4xx_ll_gpio.h ****              (Speed << (POSITION_VAL(Pin) * 2U)));
 417:board/stm32f401rct6/Drivers/STM32F4xx_HAL_Driver/Inc/stm32f4xx_ll_gpio.h **** }
 418:board/stm32f401rct6/Drivers/STM32F4xx_HAL_Driver/Inc/stm32f4xx_ll_gpio.h **** 
 419:board/stm32f401rct6/Drivers/STM32F4xx_HAL_Driver/Inc/stm32f4xx_ll_gpio.h **** /**
 420:board/stm32f401rct6/Drivers/STM32F4xx_HAL_Driver/Inc/stm32f4xx_ll_gpio.h ****   * @brief  Return gpio speed for a dedicated pin on dedicated port.
 421:board/stm32f401rct6/Drivers/STM32F4xx_HAL_Driver/Inc/stm32f4xx_ll_gpio.h ****   * @note   I/O speed can be Low, Medium, Fast or High speed.
 422:board/stm32f401rct6/Drivers/STM32F4xx_HAL_Driver/Inc/stm32f4xx_ll_gpio.h ****   * @note   Warning: only one pin can be passed as parameter.
 423:board/stm32f401rct6/Drivers/STM32F4xx_HAL_Driver/Inc/stm32f4xx_ll_gpio.h ****   * @note   Refer to datasheet for frequency specifications and the power
 424:board/stm32f401rct6/Drivers/STM32F4xx_HAL_Driver/Inc/stm32f4xx_ll_gpio.h ****   *         supply and load conditions for each speed.
 425:board/stm32f401rct6/Drivers/STM32F4xx_HAL_Driver/Inc/stm32f4xx_ll_gpio.h ****   * @rmtoll OSPEEDR      OSPEEDy       LL_GPIO_GetPinSpeed
 426:board/stm32f401rct6/Drivers/STM32F4xx_HAL_Driver/Inc/stm32f4xx_ll_gpio.h ****   * @param  GPIOx GPIO Port
 427:board/stm32f401rct6/Drivers/STM32F4xx_HAL_Driver/Inc/stm32f4xx_ll_gpio.h ****   * @param  Pin This parameter can be one of the following values:
 428:board/stm32f401rct6/Drivers/STM32F4xx_HAL_Driver/Inc/stm32f4xx_ll_gpio.h ****   *         @arg @ref LL_GPIO_PIN_0
 429:board/stm32f401rct6/Drivers/STM32F4xx_HAL_Driver/Inc/stm32f4xx_ll_gpio.h ****   *         @arg @ref LL_GPIO_PIN_1
 430:board/stm32f401rct6/Drivers/STM32F4xx_HAL_Driver/Inc/stm32f4xx_ll_gpio.h ****   *         @arg @ref LL_GPIO_PIN_2
ARM GAS  C:\Users\Admin\AppData\Local\Temp\ccELz1LE.s 			page 43


 431:board/stm32f401rct6/Drivers/STM32F4xx_HAL_Driver/Inc/stm32f4xx_ll_gpio.h ****   *         @arg @ref LL_GPIO_PIN_3
 432:board/stm32f401rct6/Drivers/STM32F4xx_HAL_Driver/Inc/stm32f4xx_ll_gpio.h ****   *         @arg @ref LL_GPIO_PIN_4
 433:board/stm32f401rct6/Drivers/STM32F4xx_HAL_Driver/Inc/stm32f4xx_ll_gpio.h ****   *         @arg @ref LL_GPIO_PIN_5
 434:board/stm32f401rct6/Drivers/STM32F4xx_HAL_Driver/Inc/stm32f4xx_ll_gpio.h ****   *         @arg @ref LL_GPIO_PIN_6
 435:board/stm32f401rct6/Drivers/STM32F4xx_HAL_Driver/Inc/stm32f4xx_ll_gpio.h ****   *         @arg @ref LL_GPIO_PIN_7
 436:board/stm32f401rct6/Drivers/STM32F4xx_HAL_Driver/Inc/stm32f4xx_ll_gpio.h ****   *         @arg @ref LL_GPIO_PIN_8
 437:board/stm32f401rct6/Drivers/STM32F4xx_HAL_Driver/Inc/stm32f4xx_ll_gpio.h ****   *         @arg @ref LL_GPIO_PIN_9
 438:board/stm32f401rct6/Drivers/STM32F4xx_HAL_Driver/Inc/stm32f4xx_ll_gpio.h ****   *         @arg @ref LL_GPIO_PIN_10
 439:board/stm32f401rct6/Drivers/STM32F4xx_HAL_Driver/Inc/stm32f4xx_ll_gpio.h ****   *         @arg @ref LL_GPIO_PIN_11
 440:board/stm32f401rct6/Drivers/STM32F4xx_HAL_Driver/Inc/stm32f4xx_ll_gpio.h ****   *         @arg @ref LL_GPIO_PIN_12
 441:board/stm32f401rct6/Drivers/STM32F4xx_HAL_Driver/Inc/stm32f4xx_ll_gpio.h ****   *         @arg @ref LL_GPIO_PIN_13
 442:board/stm32f401rct6/Drivers/STM32F4xx_HAL_Driver/Inc/stm32f4xx_ll_gpio.h ****   *         @arg @ref LL_GPIO_PIN_14
 443:board/stm32f401rct6/Drivers/STM32F4xx_HAL_Driver/Inc/stm32f4xx_ll_gpio.h ****   *         @arg @ref LL_GPIO_PIN_15
 444:board/stm32f401rct6/Drivers/STM32F4xx_HAL_Driver/Inc/stm32f4xx_ll_gpio.h ****   * @retval Returned value can be one of the following values:
 445:board/stm32f401rct6/Drivers/STM32F4xx_HAL_Driver/Inc/stm32f4xx_ll_gpio.h ****   *         @arg @ref LL_GPIO_SPEED_FREQ_LOW
 446:board/stm32f401rct6/Drivers/STM32F4xx_HAL_Driver/Inc/stm32f4xx_ll_gpio.h ****   *         @arg @ref LL_GPIO_SPEED_FREQ_MEDIUM
 447:board/stm32f401rct6/Drivers/STM32F4xx_HAL_Driver/Inc/stm32f4xx_ll_gpio.h ****   *         @arg @ref LL_GPIO_SPEED_FREQ_HIGH
 448:board/stm32f401rct6/Drivers/STM32F4xx_HAL_Driver/Inc/stm32f4xx_ll_gpio.h ****   *         @arg @ref LL_GPIO_SPEED_FREQ_VERY_HIGH
 449:board/stm32f401rct6/Drivers/STM32F4xx_HAL_Driver/Inc/stm32f4xx_ll_gpio.h ****   */
 450:board/stm32f401rct6/Drivers/STM32F4xx_HAL_Driver/Inc/stm32f4xx_ll_gpio.h **** __STATIC_INLINE uint32_t LL_GPIO_GetPinSpeed(GPIO_TypeDef *GPIOx, uint32_t Pin)
 451:board/stm32f401rct6/Drivers/STM32F4xx_HAL_Driver/Inc/stm32f4xx_ll_gpio.h **** {
 452:board/stm32f401rct6/Drivers/STM32F4xx_HAL_Driver/Inc/stm32f4xx_ll_gpio.h ****   return (uint32_t)(READ_BIT(GPIOx->OSPEEDR,
 453:board/stm32f401rct6/Drivers/STM32F4xx_HAL_Driver/Inc/stm32f4xx_ll_gpio.h ****                              (GPIO_OSPEEDER_OSPEEDR0 << (POSITION_VAL(Pin) * 2U))) >> (POSITION_VAL
 454:board/stm32f401rct6/Drivers/STM32F4xx_HAL_Driver/Inc/stm32f4xx_ll_gpio.h **** }
 455:board/stm32f401rct6/Drivers/STM32F4xx_HAL_Driver/Inc/stm32f4xx_ll_gpio.h **** 
 456:board/stm32f401rct6/Drivers/STM32F4xx_HAL_Driver/Inc/stm32f4xx_ll_gpio.h **** /**
 457:board/stm32f401rct6/Drivers/STM32F4xx_HAL_Driver/Inc/stm32f4xx_ll_gpio.h ****   * @brief  Configure gpio pull-up or pull-down for a dedicated pin on a dedicated port.
 458:board/stm32f401rct6/Drivers/STM32F4xx_HAL_Driver/Inc/stm32f4xx_ll_gpio.h ****   * @note   Warning: only one pin can be passed as parameter.
 459:board/stm32f401rct6/Drivers/STM32F4xx_HAL_Driver/Inc/stm32f4xx_ll_gpio.h ****   * @rmtoll PUPDR        PUPDy         LL_GPIO_SetPinPull
 460:board/stm32f401rct6/Drivers/STM32F4xx_HAL_Driver/Inc/stm32f4xx_ll_gpio.h ****   * @param  GPIOx GPIO Port
 461:board/stm32f401rct6/Drivers/STM32F4xx_HAL_Driver/Inc/stm32f4xx_ll_gpio.h ****   * @param  Pin This parameter can be one of the following values:
 462:board/stm32f401rct6/Drivers/STM32F4xx_HAL_Driver/Inc/stm32f4xx_ll_gpio.h ****   *         @arg @ref LL_GPIO_PIN_0
 463:board/stm32f401rct6/Drivers/STM32F4xx_HAL_Driver/Inc/stm32f4xx_ll_gpio.h ****   *         @arg @ref LL_GPIO_PIN_1
 464:board/stm32f401rct6/Drivers/STM32F4xx_HAL_Driver/Inc/stm32f4xx_ll_gpio.h ****   *         @arg @ref LL_GPIO_PIN_2
 465:board/stm32f401rct6/Drivers/STM32F4xx_HAL_Driver/Inc/stm32f4xx_ll_gpio.h ****   *         @arg @ref LL_GPIO_PIN_3
 466:board/stm32f401rct6/Drivers/STM32F4xx_HAL_Driver/Inc/stm32f4xx_ll_gpio.h ****   *         @arg @ref LL_GPIO_PIN_4
 467:board/stm32f401rct6/Drivers/STM32F4xx_HAL_Driver/Inc/stm32f4xx_ll_gpio.h ****   *         @arg @ref LL_GPIO_PIN_5
 468:board/stm32f401rct6/Drivers/STM32F4xx_HAL_Driver/Inc/stm32f4xx_ll_gpio.h ****   *         @arg @ref LL_GPIO_PIN_6
 469:board/stm32f401rct6/Drivers/STM32F4xx_HAL_Driver/Inc/stm32f4xx_ll_gpio.h ****   *         @arg @ref LL_GPIO_PIN_7
 470:board/stm32f401rct6/Drivers/STM32F4xx_HAL_Driver/Inc/stm32f4xx_ll_gpio.h ****   *         @arg @ref LL_GPIO_PIN_8
 471:board/stm32f401rct6/Drivers/STM32F4xx_HAL_Driver/Inc/stm32f4xx_ll_gpio.h ****   *         @arg @ref LL_GPIO_PIN_9
 472:board/stm32f401rct6/Drivers/STM32F4xx_HAL_Driver/Inc/stm32f4xx_ll_gpio.h ****   *         @arg @ref LL_GPIO_PIN_10
 473:board/stm32f401rct6/Drivers/STM32F4xx_HAL_Driver/Inc/stm32f4xx_ll_gpio.h ****   *         @arg @ref LL_GPIO_PIN_11
 474:board/stm32f401rct6/Drivers/STM32F4xx_HAL_Driver/Inc/stm32f4xx_ll_gpio.h ****   *         @arg @ref LL_GPIO_PIN_12
 475:board/stm32f401rct6/Drivers/STM32F4xx_HAL_Driver/Inc/stm32f4xx_ll_gpio.h ****   *         @arg @ref LL_GPIO_PIN_13
 476:board/stm32f401rct6/Drivers/STM32F4xx_HAL_Driver/Inc/stm32f4xx_ll_gpio.h ****   *         @arg @ref LL_GPIO_PIN_14
 477:board/stm32f401rct6/Drivers/STM32F4xx_HAL_Driver/Inc/stm32f4xx_ll_gpio.h ****   *         @arg @ref LL_GPIO_PIN_15
 478:board/stm32f401rct6/Drivers/STM32F4xx_HAL_Driver/Inc/stm32f4xx_ll_gpio.h ****   * @param  Pull This parameter can be one of the following values:
 479:board/stm32f401rct6/Drivers/STM32F4xx_HAL_Driver/Inc/stm32f4xx_ll_gpio.h ****   *         @arg @ref LL_GPIO_PULL_NO
 480:board/stm32f401rct6/Drivers/STM32F4xx_HAL_Driver/Inc/stm32f4xx_ll_gpio.h ****   *         @arg @ref LL_GPIO_PULL_UP
 481:board/stm32f401rct6/Drivers/STM32F4xx_HAL_Driver/Inc/stm32f4xx_ll_gpio.h ****   *         @arg @ref LL_GPIO_PULL_DOWN
 482:board/stm32f401rct6/Drivers/STM32F4xx_HAL_Driver/Inc/stm32f4xx_ll_gpio.h ****   * @retval None
 483:board/stm32f401rct6/Drivers/STM32F4xx_HAL_Driver/Inc/stm32f4xx_ll_gpio.h ****   */
 484:board/stm32f401rct6/Drivers/STM32F4xx_HAL_Driver/Inc/stm32f4xx_ll_gpio.h **** __STATIC_INLINE void LL_GPIO_SetPinPull(GPIO_TypeDef *GPIOx, uint32_t Pin, uint32_t Pull)
 485:board/stm32f401rct6/Drivers/STM32F4xx_HAL_Driver/Inc/stm32f4xx_ll_gpio.h **** {
 486:board/stm32f401rct6/Drivers/STM32F4xx_HAL_Driver/Inc/stm32f4xx_ll_gpio.h ****   MODIFY_REG(GPIOx->PUPDR, (GPIO_PUPDR_PUPDR0 << (POSITION_VAL(Pin) * 2U)), (Pull << (POSITION_VAL(
 487:board/stm32f401rct6/Drivers/STM32F4xx_HAL_Driver/Inc/stm32f4xx_ll_gpio.h **** }
ARM GAS  C:\Users\Admin\AppData\Local\Temp\ccELz1LE.s 			page 44


 488:board/stm32f401rct6/Drivers/STM32F4xx_HAL_Driver/Inc/stm32f4xx_ll_gpio.h **** 
 489:board/stm32f401rct6/Drivers/STM32F4xx_HAL_Driver/Inc/stm32f4xx_ll_gpio.h **** /**
 490:board/stm32f401rct6/Drivers/STM32F4xx_HAL_Driver/Inc/stm32f4xx_ll_gpio.h ****   * @brief  Return gpio pull-up or pull-down for a dedicated pin on a dedicated port
 491:board/stm32f401rct6/Drivers/STM32F4xx_HAL_Driver/Inc/stm32f4xx_ll_gpio.h ****   * @note   Warning: only one pin can be passed as parameter.
 492:board/stm32f401rct6/Drivers/STM32F4xx_HAL_Driver/Inc/stm32f4xx_ll_gpio.h ****   * @rmtoll PUPDR        PUPDy         LL_GPIO_GetPinPull
 493:board/stm32f401rct6/Drivers/STM32F4xx_HAL_Driver/Inc/stm32f4xx_ll_gpio.h ****   * @param  GPIOx GPIO Port
 494:board/stm32f401rct6/Drivers/STM32F4xx_HAL_Driver/Inc/stm32f4xx_ll_gpio.h ****   * @param  Pin This parameter can be one of the following values:
 495:board/stm32f401rct6/Drivers/STM32F4xx_HAL_Driver/Inc/stm32f4xx_ll_gpio.h ****   *         @arg @ref LL_GPIO_PIN_0
 496:board/stm32f401rct6/Drivers/STM32F4xx_HAL_Driver/Inc/stm32f4xx_ll_gpio.h ****   *         @arg @ref LL_GPIO_PIN_1
 497:board/stm32f401rct6/Drivers/STM32F4xx_HAL_Driver/Inc/stm32f4xx_ll_gpio.h ****   *         @arg @ref LL_GPIO_PIN_2
 498:board/stm32f401rct6/Drivers/STM32F4xx_HAL_Driver/Inc/stm32f4xx_ll_gpio.h ****   *         @arg @ref LL_GPIO_PIN_3
 499:board/stm32f401rct6/Drivers/STM32F4xx_HAL_Driver/Inc/stm32f4xx_ll_gpio.h ****   *         @arg @ref LL_GPIO_PIN_4
 500:board/stm32f401rct6/Drivers/STM32F4xx_HAL_Driver/Inc/stm32f4xx_ll_gpio.h ****   *         @arg @ref LL_GPIO_PIN_5
 501:board/stm32f401rct6/Drivers/STM32F4xx_HAL_Driver/Inc/stm32f4xx_ll_gpio.h ****   *         @arg @ref LL_GPIO_PIN_6
 502:board/stm32f401rct6/Drivers/STM32F4xx_HAL_Driver/Inc/stm32f4xx_ll_gpio.h ****   *         @arg @ref LL_GPIO_PIN_7
 503:board/stm32f401rct6/Drivers/STM32F4xx_HAL_Driver/Inc/stm32f4xx_ll_gpio.h ****   *         @arg @ref LL_GPIO_PIN_8
 504:board/stm32f401rct6/Drivers/STM32F4xx_HAL_Driver/Inc/stm32f4xx_ll_gpio.h ****   *         @arg @ref LL_GPIO_PIN_9
 505:board/stm32f401rct6/Drivers/STM32F4xx_HAL_Driver/Inc/stm32f4xx_ll_gpio.h ****   *         @arg @ref LL_GPIO_PIN_10
 506:board/stm32f401rct6/Drivers/STM32F4xx_HAL_Driver/Inc/stm32f4xx_ll_gpio.h ****   *         @arg @ref LL_GPIO_PIN_11
 507:board/stm32f401rct6/Drivers/STM32F4xx_HAL_Driver/Inc/stm32f4xx_ll_gpio.h ****   *         @arg @ref LL_GPIO_PIN_12
 508:board/stm32f401rct6/Drivers/STM32F4xx_HAL_Driver/Inc/stm32f4xx_ll_gpio.h ****   *         @arg @ref LL_GPIO_PIN_13
 509:board/stm32f401rct6/Drivers/STM32F4xx_HAL_Driver/Inc/stm32f4xx_ll_gpio.h ****   *         @arg @ref LL_GPIO_PIN_14
 510:board/stm32f401rct6/Drivers/STM32F4xx_HAL_Driver/Inc/stm32f4xx_ll_gpio.h ****   *         @arg @ref LL_GPIO_PIN_15
 511:board/stm32f401rct6/Drivers/STM32F4xx_HAL_Driver/Inc/stm32f4xx_ll_gpio.h ****   * @retval Returned value can be one of the following values:
 512:board/stm32f401rct6/Drivers/STM32F4xx_HAL_Driver/Inc/stm32f4xx_ll_gpio.h ****   *         @arg @ref LL_GPIO_PULL_NO
 513:board/stm32f401rct6/Drivers/STM32F4xx_HAL_Driver/Inc/stm32f4xx_ll_gpio.h ****   *         @arg @ref LL_GPIO_PULL_UP
 514:board/stm32f401rct6/Drivers/STM32F4xx_HAL_Driver/Inc/stm32f4xx_ll_gpio.h ****   *         @arg @ref LL_GPIO_PULL_DOWN
 515:board/stm32f401rct6/Drivers/STM32F4xx_HAL_Driver/Inc/stm32f4xx_ll_gpio.h ****   */
 516:board/stm32f401rct6/Drivers/STM32F4xx_HAL_Driver/Inc/stm32f4xx_ll_gpio.h **** __STATIC_INLINE uint32_t LL_GPIO_GetPinPull(GPIO_TypeDef *GPIOx, uint32_t Pin)
 517:board/stm32f401rct6/Drivers/STM32F4xx_HAL_Driver/Inc/stm32f4xx_ll_gpio.h **** {
 518:board/stm32f401rct6/Drivers/STM32F4xx_HAL_Driver/Inc/stm32f4xx_ll_gpio.h ****   return (uint32_t)(READ_BIT(GPIOx->PUPDR,
 519:board/stm32f401rct6/Drivers/STM32F4xx_HAL_Driver/Inc/stm32f4xx_ll_gpio.h ****                              (GPIO_PUPDR_PUPDR0 << (POSITION_VAL(Pin) * 2U))) >> (POSITION_VAL(Pin)
 520:board/stm32f401rct6/Drivers/STM32F4xx_HAL_Driver/Inc/stm32f4xx_ll_gpio.h **** }
 521:board/stm32f401rct6/Drivers/STM32F4xx_HAL_Driver/Inc/stm32f4xx_ll_gpio.h **** 
 522:board/stm32f401rct6/Drivers/STM32F4xx_HAL_Driver/Inc/stm32f4xx_ll_gpio.h **** /**
 523:board/stm32f401rct6/Drivers/STM32F4xx_HAL_Driver/Inc/stm32f4xx_ll_gpio.h ****   * @brief  Configure gpio alternate function of a dedicated pin from 0 to 7 for a dedicated port.
 524:board/stm32f401rct6/Drivers/STM32F4xx_HAL_Driver/Inc/stm32f4xx_ll_gpio.h ****   * @note   Possible values are from AF0 to AF15 depending on target.
 525:board/stm32f401rct6/Drivers/STM32F4xx_HAL_Driver/Inc/stm32f4xx_ll_gpio.h ****   * @note   Warning: only one pin can be passed as parameter.
 526:board/stm32f401rct6/Drivers/STM32F4xx_HAL_Driver/Inc/stm32f4xx_ll_gpio.h ****   * @rmtoll AFRL         AFSELy        LL_GPIO_SetAFPin_0_7
 527:board/stm32f401rct6/Drivers/STM32F4xx_HAL_Driver/Inc/stm32f4xx_ll_gpio.h ****   * @param  GPIOx GPIO Port
 528:board/stm32f401rct6/Drivers/STM32F4xx_HAL_Driver/Inc/stm32f4xx_ll_gpio.h ****   * @param  Pin This parameter can be one of the following values:
 529:board/stm32f401rct6/Drivers/STM32F4xx_HAL_Driver/Inc/stm32f4xx_ll_gpio.h ****   *         @arg @ref LL_GPIO_PIN_0
 530:board/stm32f401rct6/Drivers/STM32F4xx_HAL_Driver/Inc/stm32f4xx_ll_gpio.h ****   *         @arg @ref LL_GPIO_PIN_1
 531:board/stm32f401rct6/Drivers/STM32F4xx_HAL_Driver/Inc/stm32f4xx_ll_gpio.h ****   *         @arg @ref LL_GPIO_PIN_2
 532:board/stm32f401rct6/Drivers/STM32F4xx_HAL_Driver/Inc/stm32f4xx_ll_gpio.h ****   *         @arg @ref LL_GPIO_PIN_3
 533:board/stm32f401rct6/Drivers/STM32F4xx_HAL_Driver/Inc/stm32f4xx_ll_gpio.h ****   *         @arg @ref LL_GPIO_PIN_4
 534:board/stm32f401rct6/Drivers/STM32F4xx_HAL_Driver/Inc/stm32f4xx_ll_gpio.h ****   *         @arg @ref LL_GPIO_PIN_5
 535:board/stm32f401rct6/Drivers/STM32F4xx_HAL_Driver/Inc/stm32f4xx_ll_gpio.h ****   *         @arg @ref LL_GPIO_PIN_6
 536:board/stm32f401rct6/Drivers/STM32F4xx_HAL_Driver/Inc/stm32f4xx_ll_gpio.h ****   *         @arg @ref LL_GPIO_PIN_7
 537:board/stm32f401rct6/Drivers/STM32F4xx_HAL_Driver/Inc/stm32f4xx_ll_gpio.h ****   * @param  Alternate This parameter can be one of the following values:
 538:board/stm32f401rct6/Drivers/STM32F4xx_HAL_Driver/Inc/stm32f4xx_ll_gpio.h ****   *         @arg @ref LL_GPIO_AF_0
 539:board/stm32f401rct6/Drivers/STM32F4xx_HAL_Driver/Inc/stm32f4xx_ll_gpio.h ****   *         @arg @ref LL_GPIO_AF_1
 540:board/stm32f401rct6/Drivers/STM32F4xx_HAL_Driver/Inc/stm32f4xx_ll_gpio.h ****   *         @arg @ref LL_GPIO_AF_2
 541:board/stm32f401rct6/Drivers/STM32F4xx_HAL_Driver/Inc/stm32f4xx_ll_gpio.h ****   *         @arg @ref LL_GPIO_AF_3
 542:board/stm32f401rct6/Drivers/STM32F4xx_HAL_Driver/Inc/stm32f4xx_ll_gpio.h ****   *         @arg @ref LL_GPIO_AF_4
 543:board/stm32f401rct6/Drivers/STM32F4xx_HAL_Driver/Inc/stm32f4xx_ll_gpio.h ****   *         @arg @ref LL_GPIO_AF_5
 544:board/stm32f401rct6/Drivers/STM32F4xx_HAL_Driver/Inc/stm32f4xx_ll_gpio.h ****   *         @arg @ref LL_GPIO_AF_6
ARM GAS  C:\Users\Admin\AppData\Local\Temp\ccELz1LE.s 			page 45


 545:board/stm32f401rct6/Drivers/STM32F4xx_HAL_Driver/Inc/stm32f4xx_ll_gpio.h ****   *         @arg @ref LL_GPIO_AF_7
 546:board/stm32f401rct6/Drivers/STM32F4xx_HAL_Driver/Inc/stm32f4xx_ll_gpio.h ****   *         @arg @ref LL_GPIO_AF_8
 547:board/stm32f401rct6/Drivers/STM32F4xx_HAL_Driver/Inc/stm32f4xx_ll_gpio.h ****   *         @arg @ref LL_GPIO_AF_9
 548:board/stm32f401rct6/Drivers/STM32F4xx_HAL_Driver/Inc/stm32f4xx_ll_gpio.h ****   *         @arg @ref LL_GPIO_AF_10
 549:board/stm32f401rct6/Drivers/STM32F4xx_HAL_Driver/Inc/stm32f4xx_ll_gpio.h ****   *         @arg @ref LL_GPIO_AF_11
 550:board/stm32f401rct6/Drivers/STM32F4xx_HAL_Driver/Inc/stm32f4xx_ll_gpio.h ****   *         @arg @ref LL_GPIO_AF_12
 551:board/stm32f401rct6/Drivers/STM32F4xx_HAL_Driver/Inc/stm32f4xx_ll_gpio.h ****   *         @arg @ref LL_GPIO_AF_13
 552:board/stm32f401rct6/Drivers/STM32F4xx_HAL_Driver/Inc/stm32f4xx_ll_gpio.h ****   *         @arg @ref LL_GPIO_AF_14
 553:board/stm32f401rct6/Drivers/STM32F4xx_HAL_Driver/Inc/stm32f4xx_ll_gpio.h ****   *         @arg @ref LL_GPIO_AF_15
 554:board/stm32f401rct6/Drivers/STM32F4xx_HAL_Driver/Inc/stm32f4xx_ll_gpio.h ****   * @retval None
 555:board/stm32f401rct6/Drivers/STM32F4xx_HAL_Driver/Inc/stm32f4xx_ll_gpio.h ****   */
 556:board/stm32f401rct6/Drivers/STM32F4xx_HAL_Driver/Inc/stm32f4xx_ll_gpio.h **** __STATIC_INLINE void LL_GPIO_SetAFPin_0_7(GPIO_TypeDef *GPIOx, uint32_t Pin, uint32_t Alternate)
 557:board/stm32f401rct6/Drivers/STM32F4xx_HAL_Driver/Inc/stm32f4xx_ll_gpio.h **** {
 558:board/stm32f401rct6/Drivers/STM32F4xx_HAL_Driver/Inc/stm32f4xx_ll_gpio.h ****   MODIFY_REG(GPIOx->AFR[0], (GPIO_AFRL_AFSEL0 << (POSITION_VAL(Pin) * 4U)),
 559:board/stm32f401rct6/Drivers/STM32F4xx_HAL_Driver/Inc/stm32f4xx_ll_gpio.h ****              (Alternate << (POSITION_VAL(Pin) * 4U)));
 560:board/stm32f401rct6/Drivers/STM32F4xx_HAL_Driver/Inc/stm32f4xx_ll_gpio.h **** }
 561:board/stm32f401rct6/Drivers/STM32F4xx_HAL_Driver/Inc/stm32f4xx_ll_gpio.h **** 
 562:board/stm32f401rct6/Drivers/STM32F4xx_HAL_Driver/Inc/stm32f4xx_ll_gpio.h **** /**
 563:board/stm32f401rct6/Drivers/STM32F4xx_HAL_Driver/Inc/stm32f4xx_ll_gpio.h ****   * @brief  Return gpio alternate function of a dedicated pin from 0 to 7 for a dedicated port.
 564:board/stm32f401rct6/Drivers/STM32F4xx_HAL_Driver/Inc/stm32f4xx_ll_gpio.h ****   * @rmtoll AFRL         AFSELy        LL_GPIO_GetAFPin_0_7
 565:board/stm32f401rct6/Drivers/STM32F4xx_HAL_Driver/Inc/stm32f4xx_ll_gpio.h ****   * @param  GPIOx GPIO Port
 566:board/stm32f401rct6/Drivers/STM32F4xx_HAL_Driver/Inc/stm32f4xx_ll_gpio.h ****   * @param  Pin This parameter can be one of the following values:
 567:board/stm32f401rct6/Drivers/STM32F4xx_HAL_Driver/Inc/stm32f4xx_ll_gpio.h ****   *         @arg @ref LL_GPIO_PIN_0
 568:board/stm32f401rct6/Drivers/STM32F4xx_HAL_Driver/Inc/stm32f4xx_ll_gpio.h ****   *         @arg @ref LL_GPIO_PIN_1
 569:board/stm32f401rct6/Drivers/STM32F4xx_HAL_Driver/Inc/stm32f4xx_ll_gpio.h ****   *         @arg @ref LL_GPIO_PIN_2
 570:board/stm32f401rct6/Drivers/STM32F4xx_HAL_Driver/Inc/stm32f4xx_ll_gpio.h ****   *         @arg @ref LL_GPIO_PIN_3
 571:board/stm32f401rct6/Drivers/STM32F4xx_HAL_Driver/Inc/stm32f4xx_ll_gpio.h ****   *         @arg @ref LL_GPIO_PIN_4
 572:board/stm32f401rct6/Drivers/STM32F4xx_HAL_Driver/Inc/stm32f4xx_ll_gpio.h ****   *         @arg @ref LL_GPIO_PIN_5
 573:board/stm32f401rct6/Drivers/STM32F4xx_HAL_Driver/Inc/stm32f4xx_ll_gpio.h ****   *         @arg @ref LL_GPIO_PIN_6
 574:board/stm32f401rct6/Drivers/STM32F4xx_HAL_Driver/Inc/stm32f4xx_ll_gpio.h ****   *         @arg @ref LL_GPIO_PIN_7
 575:board/stm32f401rct6/Drivers/STM32F4xx_HAL_Driver/Inc/stm32f4xx_ll_gpio.h ****   * @retval Returned value can be one of the following values:
 576:board/stm32f401rct6/Drivers/STM32F4xx_HAL_Driver/Inc/stm32f4xx_ll_gpio.h ****   *         @arg @ref LL_GPIO_AF_0
 577:board/stm32f401rct6/Drivers/STM32F4xx_HAL_Driver/Inc/stm32f4xx_ll_gpio.h ****   *         @arg @ref LL_GPIO_AF_1
 578:board/stm32f401rct6/Drivers/STM32F4xx_HAL_Driver/Inc/stm32f4xx_ll_gpio.h ****   *         @arg @ref LL_GPIO_AF_2
 579:board/stm32f401rct6/Drivers/STM32F4xx_HAL_Driver/Inc/stm32f4xx_ll_gpio.h ****   *         @arg @ref LL_GPIO_AF_3
 580:board/stm32f401rct6/Drivers/STM32F4xx_HAL_Driver/Inc/stm32f4xx_ll_gpio.h ****   *         @arg @ref LL_GPIO_AF_4
 581:board/stm32f401rct6/Drivers/STM32F4xx_HAL_Driver/Inc/stm32f4xx_ll_gpio.h ****   *         @arg @ref LL_GPIO_AF_5
 582:board/stm32f401rct6/Drivers/STM32F4xx_HAL_Driver/Inc/stm32f4xx_ll_gpio.h ****   *         @arg @ref LL_GPIO_AF_6
 583:board/stm32f401rct6/Drivers/STM32F4xx_HAL_Driver/Inc/stm32f4xx_ll_gpio.h ****   *         @arg @ref LL_GPIO_AF_7
 584:board/stm32f401rct6/Drivers/STM32F4xx_HAL_Driver/Inc/stm32f4xx_ll_gpio.h ****   *         @arg @ref LL_GPIO_AF_8
 585:board/stm32f401rct6/Drivers/STM32F4xx_HAL_Driver/Inc/stm32f4xx_ll_gpio.h ****   *         @arg @ref LL_GPIO_AF_9
 586:board/stm32f401rct6/Drivers/STM32F4xx_HAL_Driver/Inc/stm32f4xx_ll_gpio.h ****   *         @arg @ref LL_GPIO_AF_10
 587:board/stm32f401rct6/Drivers/STM32F4xx_HAL_Driver/Inc/stm32f4xx_ll_gpio.h ****   *         @arg @ref LL_GPIO_AF_11
 588:board/stm32f401rct6/Drivers/STM32F4xx_HAL_Driver/Inc/stm32f4xx_ll_gpio.h ****   *         @arg @ref LL_GPIO_AF_12
 589:board/stm32f401rct6/Drivers/STM32F4xx_HAL_Driver/Inc/stm32f4xx_ll_gpio.h ****   *         @arg @ref LL_GPIO_AF_13
 590:board/stm32f401rct6/Drivers/STM32F4xx_HAL_Driver/Inc/stm32f4xx_ll_gpio.h ****   *         @arg @ref LL_GPIO_AF_14
 591:board/stm32f401rct6/Drivers/STM32F4xx_HAL_Driver/Inc/stm32f4xx_ll_gpio.h ****   *         @arg @ref LL_GPIO_AF_15
 592:board/stm32f401rct6/Drivers/STM32F4xx_HAL_Driver/Inc/stm32f4xx_ll_gpio.h ****   */
 593:board/stm32f401rct6/Drivers/STM32F4xx_HAL_Driver/Inc/stm32f4xx_ll_gpio.h **** __STATIC_INLINE uint32_t LL_GPIO_GetAFPin_0_7(GPIO_TypeDef *GPIOx, uint32_t Pin)
 594:board/stm32f401rct6/Drivers/STM32F4xx_HAL_Driver/Inc/stm32f4xx_ll_gpio.h **** {
 595:board/stm32f401rct6/Drivers/STM32F4xx_HAL_Driver/Inc/stm32f4xx_ll_gpio.h ****   return (uint32_t)(READ_BIT(GPIOx->AFR[0],
 596:board/stm32f401rct6/Drivers/STM32F4xx_HAL_Driver/Inc/stm32f4xx_ll_gpio.h ****                              (GPIO_AFRL_AFSEL0 << (POSITION_VAL(Pin) * 4U))) >> (POSITION_VAL(Pin) 
 597:board/stm32f401rct6/Drivers/STM32F4xx_HAL_Driver/Inc/stm32f4xx_ll_gpio.h **** }
 598:board/stm32f401rct6/Drivers/STM32F4xx_HAL_Driver/Inc/stm32f4xx_ll_gpio.h **** 
 599:board/stm32f401rct6/Drivers/STM32F4xx_HAL_Driver/Inc/stm32f4xx_ll_gpio.h **** /**
 600:board/stm32f401rct6/Drivers/STM32F4xx_HAL_Driver/Inc/stm32f4xx_ll_gpio.h ****   * @brief  Configure gpio alternate function of a dedicated pin from 8 to 15 for a dedicated port.
 601:board/stm32f401rct6/Drivers/STM32F4xx_HAL_Driver/Inc/stm32f4xx_ll_gpio.h ****   * @note   Possible values are from AF0 to AF15 depending on target.
ARM GAS  C:\Users\Admin\AppData\Local\Temp\ccELz1LE.s 			page 46


 602:board/stm32f401rct6/Drivers/STM32F4xx_HAL_Driver/Inc/stm32f4xx_ll_gpio.h ****   * @note   Warning: only one pin can be passed as parameter.
 603:board/stm32f401rct6/Drivers/STM32F4xx_HAL_Driver/Inc/stm32f4xx_ll_gpio.h ****   * @rmtoll AFRH         AFSELy        LL_GPIO_SetAFPin_8_15
 604:board/stm32f401rct6/Drivers/STM32F4xx_HAL_Driver/Inc/stm32f4xx_ll_gpio.h ****   * @param  GPIOx GPIO Port
 605:board/stm32f401rct6/Drivers/STM32F4xx_HAL_Driver/Inc/stm32f4xx_ll_gpio.h ****   * @param  Pin This parameter can be one of the following values:
 606:board/stm32f401rct6/Drivers/STM32F4xx_HAL_Driver/Inc/stm32f4xx_ll_gpio.h ****   *         @arg @ref LL_GPIO_PIN_8
 607:board/stm32f401rct6/Drivers/STM32F4xx_HAL_Driver/Inc/stm32f4xx_ll_gpio.h ****   *         @arg @ref LL_GPIO_PIN_9
 608:board/stm32f401rct6/Drivers/STM32F4xx_HAL_Driver/Inc/stm32f4xx_ll_gpio.h ****   *         @arg @ref LL_GPIO_PIN_10
 609:board/stm32f401rct6/Drivers/STM32F4xx_HAL_Driver/Inc/stm32f4xx_ll_gpio.h ****   *         @arg @ref LL_GPIO_PIN_11
 610:board/stm32f401rct6/Drivers/STM32F4xx_HAL_Driver/Inc/stm32f4xx_ll_gpio.h ****   *         @arg @ref LL_GPIO_PIN_12
 611:board/stm32f401rct6/Drivers/STM32F4xx_HAL_Driver/Inc/stm32f4xx_ll_gpio.h ****   *         @arg @ref LL_GPIO_PIN_13
 612:board/stm32f401rct6/Drivers/STM32F4xx_HAL_Driver/Inc/stm32f4xx_ll_gpio.h ****   *         @arg @ref LL_GPIO_PIN_14
 613:board/stm32f401rct6/Drivers/STM32F4xx_HAL_Driver/Inc/stm32f4xx_ll_gpio.h ****   *         @arg @ref LL_GPIO_PIN_15
 614:board/stm32f401rct6/Drivers/STM32F4xx_HAL_Driver/Inc/stm32f4xx_ll_gpio.h ****   * @param  Alternate This parameter can be one of the following values:
 615:board/stm32f401rct6/Drivers/STM32F4xx_HAL_Driver/Inc/stm32f4xx_ll_gpio.h ****   *         @arg @ref LL_GPIO_AF_0
 616:board/stm32f401rct6/Drivers/STM32F4xx_HAL_Driver/Inc/stm32f4xx_ll_gpio.h ****   *         @arg @ref LL_GPIO_AF_1
 617:board/stm32f401rct6/Drivers/STM32F4xx_HAL_Driver/Inc/stm32f4xx_ll_gpio.h ****   *         @arg @ref LL_GPIO_AF_2
 618:board/stm32f401rct6/Drivers/STM32F4xx_HAL_Driver/Inc/stm32f4xx_ll_gpio.h ****   *         @arg @ref LL_GPIO_AF_3
 619:board/stm32f401rct6/Drivers/STM32F4xx_HAL_Driver/Inc/stm32f4xx_ll_gpio.h ****   *         @arg @ref LL_GPIO_AF_4
 620:board/stm32f401rct6/Drivers/STM32F4xx_HAL_Driver/Inc/stm32f4xx_ll_gpio.h ****   *         @arg @ref LL_GPIO_AF_5
 621:board/stm32f401rct6/Drivers/STM32F4xx_HAL_Driver/Inc/stm32f4xx_ll_gpio.h ****   *         @arg @ref LL_GPIO_AF_6
 622:board/stm32f401rct6/Drivers/STM32F4xx_HAL_Driver/Inc/stm32f4xx_ll_gpio.h ****   *         @arg @ref LL_GPIO_AF_7
 623:board/stm32f401rct6/Drivers/STM32F4xx_HAL_Driver/Inc/stm32f4xx_ll_gpio.h ****   *         @arg @ref LL_GPIO_AF_8
 624:board/stm32f401rct6/Drivers/STM32F4xx_HAL_Driver/Inc/stm32f4xx_ll_gpio.h ****   *         @arg @ref LL_GPIO_AF_9
 625:board/stm32f401rct6/Drivers/STM32F4xx_HAL_Driver/Inc/stm32f4xx_ll_gpio.h ****   *         @arg @ref LL_GPIO_AF_10
 626:board/stm32f401rct6/Drivers/STM32F4xx_HAL_Driver/Inc/stm32f4xx_ll_gpio.h ****   *         @arg @ref LL_GPIO_AF_11
 627:board/stm32f401rct6/Drivers/STM32F4xx_HAL_Driver/Inc/stm32f4xx_ll_gpio.h ****   *         @arg @ref LL_GPIO_AF_12
 628:board/stm32f401rct6/Drivers/STM32F4xx_HAL_Driver/Inc/stm32f4xx_ll_gpio.h ****   *         @arg @ref LL_GPIO_AF_13
 629:board/stm32f401rct6/Drivers/STM32F4xx_HAL_Driver/Inc/stm32f4xx_ll_gpio.h ****   *         @arg @ref LL_GPIO_AF_14
 630:board/stm32f401rct6/Drivers/STM32F4xx_HAL_Driver/Inc/stm32f4xx_ll_gpio.h ****   *         @arg @ref LL_GPIO_AF_15
 631:board/stm32f401rct6/Drivers/STM32F4xx_HAL_Driver/Inc/stm32f4xx_ll_gpio.h ****   * @retval None
 632:board/stm32f401rct6/Drivers/STM32F4xx_HAL_Driver/Inc/stm32f4xx_ll_gpio.h ****   */
 633:board/stm32f401rct6/Drivers/STM32F4xx_HAL_Driver/Inc/stm32f4xx_ll_gpio.h **** __STATIC_INLINE void LL_GPIO_SetAFPin_8_15(GPIO_TypeDef *GPIOx, uint32_t Pin, uint32_t Alternate)
 584              		.loc 4 633 22 view .LVU152
 585              	.LBB233:
 634:board/stm32f401rct6/Drivers/STM32F4xx_HAL_Driver/Inc/stm32f4xx_ll_gpio.h **** {
 635:board/stm32f401rct6/Drivers/STM32F4xx_HAL_Driver/Inc/stm32f4xx_ll_gpio.h ****   MODIFY_REG(GPIOx->AFR[1], (GPIO_AFRH_AFSEL8 << (POSITION_VAL(Pin >> 8U) * 4U)),
 586              		.loc 4 635 3 view .LVU153
 587 0070 466A     		ldr	r6, [r0, #36]
 588 0072 1C0A     		lsrs	r4, r3, #8
 589              	.LVL53:
 590              	.LBB234:
 591              	.LBI234:
 373:board/stm32f401rct6/Drivers/CMSIS/Include/cmsis_gcc.h **** {
 592              		.loc 3 373 31 view .LVU154
 593              	.LBB235:
 375:board/stm32f401rct6/Drivers/CMSIS/Include/cmsis_gcc.h **** 
 594              		.loc 3 375 3 view .LVU155
 380:board/stm32f401rct6/Drivers/CMSIS/Include/cmsis_gcc.h **** #else
 595              		.loc 3 380 4 view .LVU156
 596              		.syntax unified
 597              	@ 380 "board/stm32f401rct6/Drivers/CMSIS/Include/cmsis_gcc.h" 1
 598 0074 94FAA4F5 		rbit r5, r4
 599              	@ 0 "" 2
 600              	.LVL54:
 393:board/stm32f401rct6/Drivers/CMSIS/Include/cmsis_gcc.h **** }
 601              		.loc 3 393 3 view .LVU157
 393:board/stm32f401rct6/Drivers/CMSIS/Include/cmsis_gcc.h **** }
ARM GAS  C:\Users\Admin\AppData\Local\Temp\ccELz1LE.s 			page 47


 602              		.loc 3 393 3 is_stmt 0 view .LVU158
 603              		.thumb
 604              		.syntax unified
 605              	.LBE235:
 606              	.LBE234:
 607              	.LBB236:
 608              	.LBI236:
 403:board/stm32f401rct6/Drivers/CMSIS/Include/cmsis_gcc.h **** {
 609              		.loc 3 403 30 is_stmt 1 view .LVU159
 610              	.LBB237:
 414:board/stm32f401rct6/Drivers/CMSIS/Include/cmsis_gcc.h ****   {
 611              		.loc 3 414 3 view .LVU160
 414:board/stm32f401rct6/Drivers/CMSIS/Include/cmsis_gcc.h ****   {
 612              		.loc 3 414 6 is_stmt 0 view .LVU161
 613 0078 002D     		cmp	r5, #0
 614 007a 7CD0     		beq	.L42
 615              		.loc 3 418 3 is_stmt 1 view .LVU162
 616              		.loc 3 418 10 is_stmt 0 view .LVU163
 617 007c B5FA85F5 		clz	r5, r5
 618              	.LVL55:
 619              	.L30:
 620              		.loc 3 418 10 view .LVU164
 621              	.LBE237:
 622              	.LBE236:
 623              		.loc 4 635 3 view .LVU165
 624 0080 AD00     		lsls	r5, r5, #2
 625 0082 4FF00F0C 		mov	ip, #15
 626 0086 0CFA05F5 		lsl	r5, ip, r5
 627 008a 26EA0505 		bic	r5, r6, r5
 628              	.LVL56:
 629              	.LBB239:
 630              	.LBI239:
 373:board/stm32f401rct6/Drivers/CMSIS/Include/cmsis_gcc.h **** {
 631              		.loc 3 373 31 is_stmt 1 view .LVU166
 632              	.LBB240:
 375:board/stm32f401rct6/Drivers/CMSIS/Include/cmsis_gcc.h **** 
 633              		.loc 3 375 3 view .LVU167
 380:board/stm32f401rct6/Drivers/CMSIS/Include/cmsis_gcc.h **** #else
 634              		.loc 3 380 4 view .LVU168
 635              		.syntax unified
 636              	@ 380 "board/stm32f401rct6/Drivers/CMSIS/Include/cmsis_gcc.h" 1
 637 008e 94FAA4F4 		rbit r4, r4
 638              	@ 0 "" 2
 639              	.LVL57:
 393:board/stm32f401rct6/Drivers/CMSIS/Include/cmsis_gcc.h **** }
 640              		.loc 3 393 3 view .LVU169
 393:board/stm32f401rct6/Drivers/CMSIS/Include/cmsis_gcc.h **** }
 641              		.loc 3 393 3 is_stmt 0 view .LVU170
 642              		.thumb
 643              		.syntax unified
 644              	.LBE240:
 645              	.LBE239:
 646              	.LBB241:
 647              	.LBI241:
 403:board/stm32f401rct6/Drivers/CMSIS/Include/cmsis_gcc.h **** {
 648              		.loc 3 403 30 is_stmt 1 view .LVU171
 649              	.LBB242:
ARM GAS  C:\Users\Admin\AppData\Local\Temp\ccELz1LE.s 			page 48


 414:board/stm32f401rct6/Drivers/CMSIS/Include/cmsis_gcc.h ****   {
 650              		.loc 3 414 3 view .LVU172
 414:board/stm32f401rct6/Drivers/CMSIS/Include/cmsis_gcc.h ****   {
 651              		.loc 3 414 6 is_stmt 0 view .LVU173
 652 0092 002C     		cmp	r4, #0
 653 0094 71D0     		beq	.L43
 654              		.loc 3 418 3 is_stmt 1 view .LVU174
 655              		.loc 3 418 10 is_stmt 0 view .LVU175
 656 0096 B4FA84F4 		clz	r4, r4
 657              	.LVL58:
 658              	.L31:
 659              		.loc 3 418 10 view .LVU176
 660              	.LBE242:
 661              	.LBE241:
 662              		.loc 4 635 3 view .LVU177
 663 009a A400     		lsls	r4, r4, #2
 664 009c 07FA04F4 		lsl	r4, r7, r4
 665 00a0 2C43     		orrs	r4, r4, r5
 666 00a2 4462     		str	r4, [r0, #36]
 667              	.LVL59:
 668              	.L26:
 669              		.loc 4 635 3 view .LVU178
 670              	.LBE233:
 671              	.LBE232:
 254:board/stm32f401rct6/Drivers/STM32F4xx_HAL_Driver/Src/stm32f4xx_ll_gpio.c ****         }
 255:board/stm32f401rct6/Drivers/STM32F4xx_HAL_Driver/Src/stm32f4xx_ll_gpio.c ****       }
 256:board/stm32f401rct6/Drivers/STM32F4xx_HAL_Driver/Src/stm32f4xx_ll_gpio.c ****       
 257:board/stm32f401rct6/Drivers/STM32F4xx_HAL_Driver/Src/stm32f4xx_ll_gpio.c ****       /* Pin Mode configuration */
 258:board/stm32f401rct6/Drivers/STM32F4xx_HAL_Driver/Src/stm32f4xx_ll_gpio.c ****       LL_GPIO_SetPinMode(GPIOx, currentpin, GPIO_InitStruct->Mode);
 672              		.loc 1 258 7 is_stmt 1 view .LVU179
 673 00a4 4E68     		ldr	r6, [r1, #4]
 674              	.LVL60:
 675              	.LBB247:
 676              	.LBI247:
 273:board/stm32f401rct6/Drivers/STM32F4xx_HAL_Driver/Inc/stm32f4xx_ll_gpio.h **** {
 677              		.loc 4 273 22 view .LVU180
 678              	.LBB248:
 275:board/stm32f401rct6/Drivers/STM32F4xx_HAL_Driver/Inc/stm32f4xx_ll_gpio.h **** }
 679              		.loc 4 275 3 view .LVU181
 680 00a6 0568     		ldr	r5, [r0]
 681              	.LVL61:
 682              	.LBB249:
 683              	.LBI249:
 373:board/stm32f401rct6/Drivers/CMSIS/Include/cmsis_gcc.h **** {
 684              		.loc 3 373 31 view .LVU182
 685              	.LBB250:
 375:board/stm32f401rct6/Drivers/CMSIS/Include/cmsis_gcc.h **** 
 686              		.loc 3 375 3 view .LVU183
 380:board/stm32f401rct6/Drivers/CMSIS/Include/cmsis_gcc.h **** #else
 687              		.loc 3 380 4 view .LVU184
 688              		.syntax unified
 689              	@ 380 "board/stm32f401rct6/Drivers/CMSIS/Include/cmsis_gcc.h" 1
 690 00a8 93FAA3F4 		rbit r4, r3
 691              	@ 0 "" 2
 692              	.LVL62:
 393:board/stm32f401rct6/Drivers/CMSIS/Include/cmsis_gcc.h **** }
 693              		.loc 3 393 3 view .LVU185
ARM GAS  C:\Users\Admin\AppData\Local\Temp\ccELz1LE.s 			page 49


 393:board/stm32f401rct6/Drivers/CMSIS/Include/cmsis_gcc.h **** }
 694              		.loc 3 393 3 is_stmt 0 view .LVU186
 695              		.thumb
 696              		.syntax unified
 697              	.LBE250:
 698              	.LBE249:
 699              	.LBB251:
 700              	.LBI251:
 403:board/stm32f401rct6/Drivers/CMSIS/Include/cmsis_gcc.h **** {
 701              		.loc 3 403 30 is_stmt 1 view .LVU187
 702              	.LBB252:
 414:board/stm32f401rct6/Drivers/CMSIS/Include/cmsis_gcc.h ****   {
 703              		.loc 3 414 3 view .LVU188
 414:board/stm32f401rct6/Drivers/CMSIS/Include/cmsis_gcc.h ****   {
 704              		.loc 3 414 6 is_stmt 0 view .LVU189
 705 00ac 002C     		cmp	r4, #0
 706 00ae 66D0     		beq	.L44
 707              		.loc 3 418 3 is_stmt 1 view .LVU190
 708              		.loc 3 418 10 is_stmt 0 view .LVU191
 709 00b0 B4FA84F4 		clz	r4, r4
 710              	.LVL63:
 711              	.L32:
 712              		.loc 3 418 10 view .LVU192
 713              	.LBE252:
 714              	.LBE251:
 275:board/stm32f401rct6/Drivers/STM32F4xx_HAL_Driver/Inc/stm32f4xx_ll_gpio.h **** }
 715              		.loc 4 275 3 view .LVU193
 716 00b4 6400     		lsls	r4, r4, #1
 717 00b6 4FF0030C 		mov	ip, #3
 718 00ba 0CFA04F4 		lsl	r4, ip, r4
 719 00be 25EA0404 		bic	r4, r5, r4
 720              	.LVL64:
 721              	.LBB254:
 722              	.LBI254:
 373:board/stm32f401rct6/Drivers/CMSIS/Include/cmsis_gcc.h **** {
 723              		.loc 3 373 31 is_stmt 1 view .LVU194
 724              	.LBB255:
 375:board/stm32f401rct6/Drivers/CMSIS/Include/cmsis_gcc.h **** 
 725              		.loc 3 375 3 view .LVU195
 380:board/stm32f401rct6/Drivers/CMSIS/Include/cmsis_gcc.h **** #else
 726              		.loc 3 380 4 view .LVU196
 727              		.syntax unified
 728              	@ 380 "board/stm32f401rct6/Drivers/CMSIS/Include/cmsis_gcc.h" 1
 729 00c2 93FAA3F3 		rbit r3, r3
 730              	@ 0 "" 2
 731              	.LVL65:
 393:board/stm32f401rct6/Drivers/CMSIS/Include/cmsis_gcc.h **** }
 732              		.loc 3 393 3 view .LVU197
 393:board/stm32f401rct6/Drivers/CMSIS/Include/cmsis_gcc.h **** }
 733              		.loc 3 393 3 is_stmt 0 view .LVU198
 734              		.thumb
 735              		.syntax unified
 736              	.LBE255:
 737              	.LBE254:
 738              	.LBB256:
 739              	.LBI256:
 403:board/stm32f401rct6/Drivers/CMSIS/Include/cmsis_gcc.h **** {
ARM GAS  C:\Users\Admin\AppData\Local\Temp\ccELz1LE.s 			page 50


 740              		.loc 3 403 30 is_stmt 1 view .LVU199
 741              	.LBB257:
 414:board/stm32f401rct6/Drivers/CMSIS/Include/cmsis_gcc.h ****   {
 742              		.loc 3 414 3 view .LVU200
 414:board/stm32f401rct6/Drivers/CMSIS/Include/cmsis_gcc.h ****   {
 743              		.loc 3 414 6 is_stmt 0 view .LVU201
 744 00c6 002B     		cmp	r3, #0
 745 00c8 5BD0     		beq	.L45
 746              		.loc 3 418 3 is_stmt 1 view .LVU202
 747              		.loc 3 418 10 is_stmt 0 view .LVU203
 748 00ca B3FA83F3 		clz	r3, r3
 749              	.LVL66:
 750              	.L33:
 751              		.loc 3 418 10 view .LVU204
 752              	.LBE257:
 753              	.LBE256:
 275:board/stm32f401rct6/Drivers/STM32F4xx_HAL_Driver/Inc/stm32f4xx_ll_gpio.h **** }
 754              		.loc 4 275 3 view .LVU205
 755 00ce 5B00     		lsls	r3, r3, #1
 756 00d0 06FA03F3 		lsl	r3, r6, r3
 757 00d4 2343     		orrs	r3, r3, r4
 758 00d6 0360     		str	r3, [r0]
 759              	.LVL67:
 760              	.L20:
 275:board/stm32f401rct6/Drivers/STM32F4xx_HAL_Driver/Inc/stm32f4xx_ll_gpio.h **** }
 761              		.loc 4 275 3 view .LVU206
 762              	.LBE248:
 763              	.LBE247:
 259:board/stm32f401rct6/Drivers/STM32F4xx_HAL_Driver/Src/stm32f4xx_ll_gpio.c ****     }
 260:board/stm32f401rct6/Drivers/STM32F4xx_HAL_Driver/Src/stm32f4xx_ll_gpio.c ****     pinpos++;
 764              		.loc 1 260 5 is_stmt 1 view .LVU207
 765              		.loc 1 260 11 is_stmt 0 view .LVU208
 766 00d8 0132     		adds	r2, r2, #1
 767              	.LVL68:
 768              	.L19:
 215:board/stm32f401rct6/Drivers/STM32F4xx_HAL_Driver/Src/stm32f4xx_ll_gpio.c ****   {
 769              		.loc 1 215 9 is_stmt 1 view .LVU209
 215:board/stm32f401rct6/Drivers/STM32F4xx_HAL_Driver/Src/stm32f4xx_ll_gpio.c ****   {
 770              		.loc 1 215 27 is_stmt 0 view .LVU210
 771 00da 0B68     		ldr	r3, [r1]
 215:board/stm32f401rct6/Drivers/STM32F4xx_HAL_Driver/Src/stm32f4xx_ll_gpio.c ****   {
 772              		.loc 1 215 9 view .LVU211
 773 00dc 33FA02F4 		lsrs	r4, r3, r2
 774 00e0 51D0     		beq	.L47
 218:board/stm32f401rct6/Drivers/STM32F4xx_HAL_Driver/Src/stm32f4xx_ll_gpio.c ****     
 775              		.loc 1 218 5 is_stmt 1 view .LVU212
 218:board/stm32f401rct6/Drivers/STM32F4xx_HAL_Driver/Src/stm32f4xx_ll_gpio.c ****     
 776              		.loc 1 218 56 is_stmt 0 view .LVU213
 777 00e2 4FF0010C 		mov	ip, #1
 778 00e6 0CFA02FC 		lsl	ip, ip, r2
 779              	.LVL69:
 220:board/stm32f401rct6/Drivers/STM32F4xx_HAL_Driver/Src/stm32f4xx_ll_gpio.c ****     {
 780              		.loc 1 220 5 is_stmt 1 view .LVU214
 220:board/stm32f401rct6/Drivers/STM32F4xx_HAL_Driver/Src/stm32f4xx_ll_gpio.c ****     {
 781              		.loc 1 220 8 is_stmt 0 view .LVU215
 782 00ea 1CEA0303 		ands	r3, ip, r3
 783              	.LVL70:
ARM GAS  C:\Users\Admin\AppData\Local\Temp\ccELz1LE.s 			page 51


 220:board/stm32f401rct6/Drivers/STM32F4xx_HAL_Driver/Src/stm32f4xx_ll_gpio.c ****     {
 784              		.loc 1 220 8 view .LVU216
 785 00ee F3D0     		beq	.L20
 223:board/stm32f401rct6/Drivers/STM32F4xx_HAL_Driver/Src/stm32f4xx_ll_gpio.c ****       {
 786              		.loc 1 223 7 is_stmt 1 view .LVU217
 223:board/stm32f401rct6/Drivers/STM32F4xx_HAL_Driver/Src/stm32f4xx_ll_gpio.c ****       {
 787              		.loc 1 223 27 is_stmt 0 view .LVU218
 788 00f0 4C68     		ldr	r4, [r1, #4]
 223:board/stm32f401rct6/Drivers/STM32F4xx_HAL_Driver/Src/stm32f4xx_ll_gpio.c ****       {
 789              		.loc 1 223 58 view .LVU219
 790 00f2 013C     		subs	r4, r4, #1
 223:board/stm32f401rct6/Drivers/STM32F4xx_HAL_Driver/Src/stm32f4xx_ll_gpio.c ****       {
 791              		.loc 1 223 10 view .LVU220
 792 00f4 012C     		cmp	r4, #1
 793 00f6 8DD9     		bls	.L48
 794              	.L21:
 239:board/stm32f401rct6/Drivers/STM32F4xx_HAL_Driver/Src/stm32f4xx_ll_gpio.c ****       
 795              		.loc 1 239 7 is_stmt 1 view .LVU221
 796 00f8 0E69     		ldr	r6, [r1, #16]
 797              	.LVL71:
 798              	.LBB262:
 799              	.LBI202:
 484:board/stm32f401rct6/Drivers/STM32F4xx_HAL_Driver/Inc/stm32f4xx_ll_gpio.h **** {
 800              		.loc 4 484 22 view .LVU222
 801              	.LBB216:
 486:board/stm32f401rct6/Drivers/STM32F4xx_HAL_Driver/Inc/stm32f4xx_ll_gpio.h **** }
 802              		.loc 4 486 3 view .LVU223
 803 00fa C568     		ldr	r5, [r0, #12]
 804              	.LVL72:
 805              	.LBB210:
 806              	.LBI210:
 373:board/stm32f401rct6/Drivers/CMSIS/Include/cmsis_gcc.h **** {
 807              		.loc 3 373 31 view .LVU224
 808              	.LBB211:
 375:board/stm32f401rct6/Drivers/CMSIS/Include/cmsis_gcc.h **** 
 809              		.loc 3 375 3 view .LVU225
 380:board/stm32f401rct6/Drivers/CMSIS/Include/cmsis_gcc.h **** #else
 810              		.loc 3 380 4 view .LVU226
 811              		.syntax unified
 812              	@ 380 "board/stm32f401rct6/Drivers/CMSIS/Include/cmsis_gcc.h" 1
 813 00fc 93FAA3F4 		rbit r4, r3
 814              	@ 0 "" 2
 815              	.LVL73:
 393:board/stm32f401rct6/Drivers/CMSIS/Include/cmsis_gcc.h **** }
 816              		.loc 3 393 3 view .LVU227
 393:board/stm32f401rct6/Drivers/CMSIS/Include/cmsis_gcc.h **** }
 817              		.loc 3 393 3 is_stmt 0 view .LVU228
 818              		.thumb
 819              		.syntax unified
 820              	.LBE211:
 821              	.LBE210:
 822              	.LBB212:
 823              	.LBI204:
 403:board/stm32f401rct6/Drivers/CMSIS/Include/cmsis_gcc.h **** {
 824              		.loc 3 403 30 is_stmt 1 view .LVU229
 825              	.LBB206:
 414:board/stm32f401rct6/Drivers/CMSIS/Include/cmsis_gcc.h ****   {
ARM GAS  C:\Users\Admin\AppData\Local\Temp\ccELz1LE.s 			page 52


 826              		.loc 3 414 3 view .LVU230
 414:board/stm32f401rct6/Drivers/CMSIS/Include/cmsis_gcc.h ****   {
 827              		.loc 3 414 6 is_stmt 0 view .LVU231
 828 0100 002C     		cmp	r4, #0
 829 0102 ACD0     		beq	.L38
 830              		.loc 3 418 3 is_stmt 1 view .LVU232
 831              		.loc 3 418 10 is_stmt 0 view .LVU233
 832 0104 B4FA84F4 		clz	r4, r4
 833              	.LVL74:
 834              	.L24:
 835              		.loc 3 418 10 view .LVU234
 836              	.LBE206:
 837              	.LBE212:
 486:board/stm32f401rct6/Drivers/STM32F4xx_HAL_Driver/Inc/stm32f4xx_ll_gpio.h **** }
 838              		.loc 4 486 3 view .LVU235
 839 0108 6400     		lsls	r4, r4, #1
 840 010a 4FF0030C 		mov	ip, #3
 841 010e 0CFA04F4 		lsl	r4, ip, r4
 842 0112 25EA0405 		bic	r5, r5, r4
 843              	.LVL75:
 844              	.LBB213:
 845              	.LBI213:
 373:board/stm32f401rct6/Drivers/CMSIS/Include/cmsis_gcc.h **** {
 846              		.loc 3 373 31 is_stmt 1 view .LVU236
 847              	.LBB214:
 375:board/stm32f401rct6/Drivers/CMSIS/Include/cmsis_gcc.h **** 
 848              		.loc 3 375 3 view .LVU237
 380:board/stm32f401rct6/Drivers/CMSIS/Include/cmsis_gcc.h **** #else
 849              		.loc 3 380 4 view .LVU238
 850              		.syntax unified
 851              	@ 380 "board/stm32f401rct6/Drivers/CMSIS/Include/cmsis_gcc.h" 1
 852 0116 93FAA3F4 		rbit r4, r3
 853              	@ 0 "" 2
 854              	.LVL76:
 393:board/stm32f401rct6/Drivers/CMSIS/Include/cmsis_gcc.h **** }
 855              		.loc 3 393 3 view .LVU239
 393:board/stm32f401rct6/Drivers/CMSIS/Include/cmsis_gcc.h **** }
 856              		.loc 3 393 3 is_stmt 0 view .LVU240
 857              		.thumb
 858              		.syntax unified
 859              	.LBE214:
 860              	.LBE213:
 861              	.LBB215:
 862              	.LBI207:
 403:board/stm32f401rct6/Drivers/CMSIS/Include/cmsis_gcc.h **** {
 863              		.loc 3 403 30 is_stmt 1 view .LVU241
 864              	.LBB209:
 414:board/stm32f401rct6/Drivers/CMSIS/Include/cmsis_gcc.h ****   {
 865              		.loc 3 414 3 view .LVU242
 414:board/stm32f401rct6/Drivers/CMSIS/Include/cmsis_gcc.h ****   {
 866              		.loc 3 414 6 is_stmt 0 view .LVU243
 867 011a 002C     		cmp	r4, #0
 868 011c A1D0     		beq	.L39
 869              		.loc 3 418 3 is_stmt 1 view .LVU244
 870              		.loc 3 418 10 is_stmt 0 view .LVU245
 871 011e B4FA84F4 		clz	r4, r4
 872              	.LVL77:
ARM GAS  C:\Users\Admin\AppData\Local\Temp\ccELz1LE.s 			page 53


 873              	.L25:
 874              		.loc 3 418 10 view .LVU246
 875              	.LBE209:
 876              	.LBE215:
 486:board/stm32f401rct6/Drivers/STM32F4xx_HAL_Driver/Inc/stm32f4xx_ll_gpio.h **** }
 877              		.loc 4 486 3 view .LVU247
 878 0122 6400     		lsls	r4, r4, #1
 879 0124 06FA04F4 		lsl	r4, r6, r4
 880 0128 2C43     		orrs	r4, r4, r5
 881 012a C460     		str	r4, [r0, #12]
 882              	.LVL78:
 486:board/stm32f401rct6/Drivers/STM32F4xx_HAL_Driver/Inc/stm32f4xx_ll_gpio.h **** }
 883              		.loc 4 486 3 view .LVU248
 884              	.LBE216:
 885              	.LBE262:
 241:board/stm32f401rct6/Drivers/STM32F4xx_HAL_Driver/Src/stm32f4xx_ll_gpio.c ****       {
 886              		.loc 1 241 7 is_stmt 1 view .LVU249
 241:board/stm32f401rct6/Drivers/STM32F4xx_HAL_Driver/Src/stm32f4xx_ll_gpio.c ****       {
 887              		.loc 1 241 26 is_stmt 0 view .LVU250
 888 012c 4C68     		ldr	r4, [r1, #4]
 241:board/stm32f401rct6/Drivers/STM32F4xx_HAL_Driver/Src/stm32f4xx_ll_gpio.c ****       {
 889              		.loc 1 241 10 view .LVU251
 890 012e 022C     		cmp	r4, #2
 891 0130 B8D1     		bne	.L26
 244:board/stm32f401rct6/Drivers/STM32F4xx_HAL_Driver/Src/stm32f4xx_ll_gpio.c ****         
 892              		.loc 1 244 9 is_stmt 1 view .LVU252
 247:board/stm32f401rct6/Drivers/STM32F4xx_HAL_Driver/Src/stm32f4xx_ll_gpio.c ****         {
 893              		.loc 1 247 9 view .LVU253
 894              	.LVL79:
 895              	.LBB263:
 896              	.LBI263:
 373:board/stm32f401rct6/Drivers/CMSIS/Include/cmsis_gcc.h **** {
 897              		.loc 3 373 31 view .LVU254
 898              	.LBB264:
 375:board/stm32f401rct6/Drivers/CMSIS/Include/cmsis_gcc.h **** 
 899              		.loc 3 375 3 view .LVU255
 380:board/stm32f401rct6/Drivers/CMSIS/Include/cmsis_gcc.h **** #else
 900              		.loc 3 380 4 view .LVU256
 901              		.syntax unified
 902              	@ 380 "board/stm32f401rct6/Drivers/CMSIS/Include/cmsis_gcc.h" 1
 903 0132 93FAA3F4 		rbit r4, r3
 904              	@ 0 "" 2
 905              	.LVL80:
 393:board/stm32f401rct6/Drivers/CMSIS/Include/cmsis_gcc.h **** }
 906              		.loc 3 393 3 view .LVU257
 393:board/stm32f401rct6/Drivers/CMSIS/Include/cmsis_gcc.h **** }
 907              		.loc 3 393 3 is_stmt 0 view .LVU258
 908              		.thumb
 909              		.syntax unified
 910              	.LBE264:
 911              	.LBE263:
 912              	.LBB265:
 913              	.LBI265:
 403:board/stm32f401rct6/Drivers/CMSIS/Include/cmsis_gcc.h **** {
 914              		.loc 3 403 30 is_stmt 1 view .LVU259
 915              	.LBB266:
 414:board/stm32f401rct6/Drivers/CMSIS/Include/cmsis_gcc.h ****   {
ARM GAS  C:\Users\Admin\AppData\Local\Temp\ccELz1LE.s 			page 54


 916              		.loc 3 414 3 view .LVU260
 414:board/stm32f401rct6/Drivers/CMSIS/Include/cmsis_gcc.h ****   {
 917              		.loc 3 414 6 is_stmt 0 view .LVU261
 918 0136 002C     		cmp	r4, #0
 919 0138 99D0     		beq	.L27
 920              		.loc 3 418 3 is_stmt 1 view .LVU262
 921              		.loc 3 418 10 is_stmt 0 view .LVU263
 922 013a B4FA84F4 		clz	r4, r4
 923              	.LVL81:
 924              		.loc 3 418 10 view .LVU264
 925              	.LBE266:
 926              	.LBE265:
 247:board/stm32f401rct6/Drivers/STM32F4xx_HAL_Driver/Src/stm32f4xx_ll_gpio.c ****         {
 927              		.loc 1 247 12 view .LVU265
 928 013e 072C     		cmp	r4, #7
 929 0140 95D8     		bhi	.L27
 249:board/stm32f401rct6/Drivers/STM32F4xx_HAL_Driver/Src/stm32f4xx_ll_gpio.c ****         }
 930              		.loc 1 249 11 is_stmt 1 view .LVU266
 931 0142 4E69     		ldr	r6, [r1, #20]
 932              	.LVL82:
 933              	.LBB267:
 934              	.LBI217:
 556:board/stm32f401rct6/Drivers/STM32F4xx_HAL_Driver/Inc/stm32f4xx_ll_gpio.h **** {
 935              		.loc 4 556 22 view .LVU267
 936              	.LBB231:
 558:board/stm32f401rct6/Drivers/STM32F4xx_HAL_Driver/Inc/stm32f4xx_ll_gpio.h ****              (Alternate << (POSITION_VAL(Pin) * 4U)));
 937              		.loc 4 558 3 view .LVU268
 938 0144 056A     		ldr	r5, [r0, #32]
 939              	.LVL83:
 940              	.LBB225:
 941              	.LBI225:
 373:board/stm32f401rct6/Drivers/CMSIS/Include/cmsis_gcc.h **** {
 942              		.loc 3 373 31 view .LVU269
 943              	.LBB226:
 375:board/stm32f401rct6/Drivers/CMSIS/Include/cmsis_gcc.h **** 
 944              		.loc 3 375 3 view .LVU270
 380:board/stm32f401rct6/Drivers/CMSIS/Include/cmsis_gcc.h **** #else
 945              		.loc 3 380 4 view .LVU271
 946              		.syntax unified
 947              	@ 380 "board/stm32f401rct6/Drivers/CMSIS/Include/cmsis_gcc.h" 1
 948 0146 93FAA3F4 		rbit r4, r3
 949              	@ 0 "" 2
 950              	.LVL84:
 393:board/stm32f401rct6/Drivers/CMSIS/Include/cmsis_gcc.h **** }
 951              		.loc 3 393 3 view .LVU272
 393:board/stm32f401rct6/Drivers/CMSIS/Include/cmsis_gcc.h **** }
 952              		.loc 3 393 3 is_stmt 0 view .LVU273
 953              		.thumb
 954              		.syntax unified
 955              	.LBE226:
 956              	.LBE225:
 957              	.LBB227:
 958              	.LBI219:
 403:board/stm32f401rct6/Drivers/CMSIS/Include/cmsis_gcc.h **** {
 959              		.loc 3 403 30 is_stmt 1 view .LVU274
 960              	.LBB221:
 414:board/stm32f401rct6/Drivers/CMSIS/Include/cmsis_gcc.h ****   {
ARM GAS  C:\Users\Admin\AppData\Local\Temp\ccELz1LE.s 			page 55


 961              		.loc 3 414 3 view .LVU275
 414:board/stm32f401rct6/Drivers/CMSIS/Include/cmsis_gcc.h ****   {
 962              		.loc 3 414 6 is_stmt 0 view .LVU276
 963 014a 002C     		cmp	r4, #0
 964 014c 8BD0     		beq	.L40
 965              		.loc 3 418 3 is_stmt 1 view .LVU277
 966              		.loc 3 418 10 is_stmt 0 view .LVU278
 967 014e B4FA84F4 		clz	r4, r4
 968              	.LVL85:
 969              	.L28:
 970              		.loc 3 418 10 view .LVU279
 971              	.LBE221:
 972              	.LBE227:
 558:board/stm32f401rct6/Drivers/STM32F4xx_HAL_Driver/Inc/stm32f4xx_ll_gpio.h ****              (Alternate << (POSITION_VAL(Pin) * 4U)));
 973              		.loc 4 558 3 view .LVU280
 974 0152 A400     		lsls	r4, r4, #2
 975 0154 0F27     		movs	r7, #15
 976 0156 07FA04F4 		lsl	r4, r7, r4
 977 015a 25EA0405 		bic	r5, r5, r4
 978              	.LVL86:
 979              	.LBB228:
 980              	.LBI228:
 373:board/stm32f401rct6/Drivers/CMSIS/Include/cmsis_gcc.h **** {
 981              		.loc 3 373 31 is_stmt 1 view .LVU281
 982              	.LBB229:
 375:board/stm32f401rct6/Drivers/CMSIS/Include/cmsis_gcc.h **** 
 983              		.loc 3 375 3 view .LVU282
 380:board/stm32f401rct6/Drivers/CMSIS/Include/cmsis_gcc.h **** #else
 984              		.loc 3 380 4 view .LVU283
 985              		.syntax unified
 986              	@ 380 "board/stm32f401rct6/Drivers/CMSIS/Include/cmsis_gcc.h" 1
 987 015e 93FAA3F4 		rbit r4, r3
 988              	@ 0 "" 2
 989              	.LVL87:
 393:board/stm32f401rct6/Drivers/CMSIS/Include/cmsis_gcc.h **** }
 990              		.loc 3 393 3 view .LVU284
 393:board/stm32f401rct6/Drivers/CMSIS/Include/cmsis_gcc.h **** }
 991              		.loc 3 393 3 is_stmt 0 view .LVU285
 992              		.thumb
 993              		.syntax unified
 994              	.LBE229:
 995              	.LBE228:
 996              	.LBB230:
 997              	.LBI222:
 403:board/stm32f401rct6/Drivers/CMSIS/Include/cmsis_gcc.h **** {
 998              		.loc 3 403 30 is_stmt 1 view .LVU286
 999              	.LBB224:
 414:board/stm32f401rct6/Drivers/CMSIS/Include/cmsis_gcc.h ****   {
 1000              		.loc 3 414 3 view .LVU287
 414:board/stm32f401rct6/Drivers/CMSIS/Include/cmsis_gcc.h ****   {
 1001              		.loc 3 414 6 is_stmt 0 view .LVU288
 1002 0162 002C     		cmp	r4, #0
 1003 0164 81D0     		beq	.L41
 1004              		.loc 3 418 3 is_stmt 1 view .LVU289
 1005              		.loc 3 418 10 is_stmt 0 view .LVU290
 1006 0166 B4FA84F4 		clz	r4, r4
 1007              	.LVL88:
ARM GAS  C:\Users\Admin\AppData\Local\Temp\ccELz1LE.s 			page 56


 1008              	.L29:
 1009              		.loc 3 418 10 view .LVU291
 1010              	.LBE224:
 1011              	.LBE230:
 558:board/stm32f401rct6/Drivers/STM32F4xx_HAL_Driver/Inc/stm32f4xx_ll_gpio.h ****              (Alternate << (POSITION_VAL(Pin) * 4U)));
 1012              		.loc 4 558 3 view .LVU292
 1013 016a A400     		lsls	r4, r4, #2
 1014 016c 06FA04F4 		lsl	r4, r6, r4
 1015 0170 2C43     		orrs	r4, r4, r5
 1016 0172 0462     		str	r4, [r0, #32]
 560:board/stm32f401rct6/Drivers/STM32F4xx_HAL_Driver/Inc/stm32f4xx_ll_gpio.h **** 
 1017              		.loc 4 560 1 view .LVU293
 1018 0174 96E7     		b	.L26
 1019              	.LVL89:
 1020              	.L42:
 560:board/stm32f401rct6/Drivers/STM32F4xx_HAL_Driver/Inc/stm32f4xx_ll_gpio.h **** 
 1021              		.loc 4 560 1 view .LVU294
 1022              	.LBE231:
 1023              	.LBE267:
 1024              	.LBB268:
 1025              	.LBB246:
 1026              	.LBB244:
 1027              	.LBB238:
 416:board/stm32f401rct6/Drivers/CMSIS/Include/cmsis_gcc.h ****   }
 1028              		.loc 3 416 12 view .LVU295
 1029 0176 2025     		movs	r5, #32
 1030              	.LVL90:
 416:board/stm32f401rct6/Drivers/CMSIS/Include/cmsis_gcc.h ****   }
 1031              		.loc 3 416 12 view .LVU296
 1032 0178 82E7     		b	.L30
 1033              	.LVL91:
 1034              	.L43:
 416:board/stm32f401rct6/Drivers/CMSIS/Include/cmsis_gcc.h ****   }
 1035              		.loc 3 416 12 view .LVU297
 1036              	.LBE238:
 1037              	.LBE244:
 1038              	.LBB245:
 1039              	.LBB243:
 1040 017a 2024     		movs	r4, #32
 1041              	.LVL92:
 416:board/stm32f401rct6/Drivers/CMSIS/Include/cmsis_gcc.h ****   }
 1042              		.loc 3 416 12 view .LVU298
 1043 017c 8DE7     		b	.L31
 1044              	.LVL93:
 1045              	.L44:
 416:board/stm32f401rct6/Drivers/CMSIS/Include/cmsis_gcc.h ****   }
 1046              		.loc 3 416 12 view .LVU299
 1047              	.LBE243:
 1048              	.LBE245:
 1049              	.LBE246:
 1050              	.LBE268:
 1051              	.LBB269:
 1052              	.LBB261:
 1053              	.LBB259:
 1054              	.LBB253:
 1055 017e 2024     		movs	r4, #32
 1056              	.LVL94:
ARM GAS  C:\Users\Admin\AppData\Local\Temp\ccELz1LE.s 			page 57


 416:board/stm32f401rct6/Drivers/CMSIS/Include/cmsis_gcc.h ****   }
 1057              		.loc 3 416 12 view .LVU300
 1058 0180 98E7     		b	.L32
 1059              	.LVL95:
 1060              	.L45:
 416:board/stm32f401rct6/Drivers/CMSIS/Include/cmsis_gcc.h ****   }
 1061              		.loc 3 416 12 view .LVU301
 1062              	.LBE253:
 1063              	.LBE259:
 1064              	.LBB260:
 1065              	.LBB258:
 1066 0182 2023     		movs	r3, #32
 1067              	.LVL96:
 416:board/stm32f401rct6/Drivers/CMSIS/Include/cmsis_gcc.h ****   }
 1068              		.loc 3 416 12 view .LVU302
 1069 0184 A3E7     		b	.L33
 1070              	.LVL97:
 1071              	.L47:
 416:board/stm32f401rct6/Drivers/CMSIS/Include/cmsis_gcc.h ****   }
 1072              		.loc 3 416 12 view .LVU303
 1073              	.LBE258:
 1074              	.LBE260:
 1075              	.LBE261:
 1076              	.LBE269:
 261:board/stm32f401rct6/Drivers/STM32F4xx_HAL_Driver/Src/stm32f4xx_ll_gpio.c ****   }
 262:board/stm32f401rct6/Drivers/STM32F4xx_HAL_Driver/Src/stm32f4xx_ll_gpio.c **** 
 263:board/stm32f401rct6/Drivers/STM32F4xx_HAL_Driver/Src/stm32f4xx_ll_gpio.c ****   return (SUCCESS);
 1077              		.loc 1 263 3 is_stmt 1 view .LVU304
 264:board/stm32f401rct6/Drivers/STM32F4xx_HAL_Driver/Src/stm32f4xx_ll_gpio.c **** }
 1078              		.loc 1 264 1 is_stmt 0 view .LVU305
 1079 0186 0020     		movs	r0, #0
 1080              	.LVL98:
 1081              		.loc 1 264 1 view .LVU306
 1082 0188 F0BC     		pop	{r4, r5, r6, r7}
 1083              	.LCFI1:
 1084              		.cfi_restore 7
 1085              		.cfi_restore 6
 1086              		.cfi_restore 5
 1087              		.cfi_restore 4
 1088              		.cfi_def_cfa_offset 0
 1089 018a 7047     		bx	lr
 1090              		.cfi_endproc
 1091              	.LFE272:
 1093              		.section	.text.LL_GPIO_StructInit,"ax",%progbits
 1094              		.align	1
 1095              		.global	LL_GPIO_StructInit
 1096              		.syntax unified
 1097              		.thumb
 1098              		.thumb_func
 1100              	LL_GPIO_StructInit:
 1101              	.LVL99:
 1102              	.LFB273:
 265:board/stm32f401rct6/Drivers/STM32F4xx_HAL_Driver/Src/stm32f4xx_ll_gpio.c **** 
 266:board/stm32f401rct6/Drivers/STM32F4xx_HAL_Driver/Src/stm32f4xx_ll_gpio.c **** /**
 267:board/stm32f401rct6/Drivers/STM32F4xx_HAL_Driver/Src/stm32f4xx_ll_gpio.c ****   * @brief Set each @ref LL_GPIO_InitTypeDef field to default value.
 268:board/stm32f401rct6/Drivers/STM32F4xx_HAL_Driver/Src/stm32f4xx_ll_gpio.c ****   * @param GPIO_InitStruct pointer to a @ref LL_GPIO_InitTypeDef structure
 269:board/stm32f401rct6/Drivers/STM32F4xx_HAL_Driver/Src/stm32f4xx_ll_gpio.c ****   *                          whose fields will be set to default values.
ARM GAS  C:\Users\Admin\AppData\Local\Temp\ccELz1LE.s 			page 58


 270:board/stm32f401rct6/Drivers/STM32F4xx_HAL_Driver/Src/stm32f4xx_ll_gpio.c ****   * @retval None
 271:board/stm32f401rct6/Drivers/STM32F4xx_HAL_Driver/Src/stm32f4xx_ll_gpio.c ****   */
 272:board/stm32f401rct6/Drivers/STM32F4xx_HAL_Driver/Src/stm32f4xx_ll_gpio.c **** 
 273:board/stm32f401rct6/Drivers/STM32F4xx_HAL_Driver/Src/stm32f4xx_ll_gpio.c **** void LL_GPIO_StructInit(LL_GPIO_InitTypeDef *GPIO_InitStruct)
 274:board/stm32f401rct6/Drivers/STM32F4xx_HAL_Driver/Src/stm32f4xx_ll_gpio.c **** {
 1103              		.loc 1 274 1 is_stmt 1 view -0
 1104              		.cfi_startproc
 1105              		@ args = 0, pretend = 0, frame = 0
 1106              		@ frame_needed = 0, uses_anonymous_args = 0
 1107              		@ link register save eliminated.
 275:board/stm32f401rct6/Drivers/STM32F4xx_HAL_Driver/Src/stm32f4xx_ll_gpio.c ****   /* Reset GPIO init structure parameters values */
 276:board/stm32f401rct6/Drivers/STM32F4xx_HAL_Driver/Src/stm32f4xx_ll_gpio.c ****   GPIO_InitStruct->Pin        = LL_GPIO_PIN_ALL;
 1108              		.loc 1 276 3 view .LVU308
 1109              		.loc 1 276 31 is_stmt 0 view .LVU309
 1110 0000 4FF6FF73 		movw	r3, #65535
 1111 0004 0360     		str	r3, [r0]
 277:board/stm32f401rct6/Drivers/STM32F4xx_HAL_Driver/Src/stm32f4xx_ll_gpio.c ****   GPIO_InitStruct->Mode       = LL_GPIO_MODE_ANALOG;
 1112              		.loc 1 277 3 is_stmt 1 view .LVU310
 1113              		.loc 1 277 31 is_stmt 0 view .LVU311
 1114 0006 0323     		movs	r3, #3
 1115 0008 4360     		str	r3, [r0, #4]
 278:board/stm32f401rct6/Drivers/STM32F4xx_HAL_Driver/Src/stm32f4xx_ll_gpio.c ****   GPIO_InitStruct->Speed      = LL_GPIO_SPEED_FREQ_LOW;
 1116              		.loc 1 278 3 is_stmt 1 view .LVU312
 1117              		.loc 1 278 31 is_stmt 0 view .LVU313
 1118 000a 0023     		movs	r3, #0
 1119 000c 8360     		str	r3, [r0, #8]
 279:board/stm32f401rct6/Drivers/STM32F4xx_HAL_Driver/Src/stm32f4xx_ll_gpio.c ****   GPIO_InitStruct->OutputType = LL_GPIO_OUTPUT_PUSHPULL;
 1120              		.loc 1 279 3 is_stmt 1 view .LVU314
 1121              		.loc 1 279 31 is_stmt 0 view .LVU315
 1122 000e C360     		str	r3, [r0, #12]
 280:board/stm32f401rct6/Drivers/STM32F4xx_HAL_Driver/Src/stm32f4xx_ll_gpio.c ****   GPIO_InitStruct->Pull       = LL_GPIO_PULL_NO;
 1123              		.loc 1 280 3 is_stmt 1 view .LVU316
 1124              		.loc 1 280 31 is_stmt 0 view .LVU317
 1125 0010 0361     		str	r3, [r0, #16]
 281:board/stm32f401rct6/Drivers/STM32F4xx_HAL_Driver/Src/stm32f4xx_ll_gpio.c ****   GPIO_InitStruct->Alternate  = LL_GPIO_AF_0;
 1126              		.loc 1 281 3 is_stmt 1 view .LVU318
 1127              		.loc 1 281 31 is_stmt 0 view .LVU319
 1128 0012 4361     		str	r3, [r0, #20]
 282:board/stm32f401rct6/Drivers/STM32F4xx_HAL_Driver/Src/stm32f4xx_ll_gpio.c **** }
 1129              		.loc 1 282 1 view .LVU320
 1130 0014 7047     		bx	lr
 1131              		.cfi_endproc
 1132              	.LFE273:
 1134              		.text
 1135              	.Letext0:
 1136              		.file 5 "c:\\st\\stm32cubeide_1.12.1\\stm32cubeide\\plugins\\com.st.stm32cube.ide.mcu.externaltool
 1137              		.file 6 "c:\\st\\stm32cubeide_1.12.1\\stm32cubeide\\plugins\\com.st.stm32cube.ide.mcu.externaltool
 1138              		.file 7 "board/stm32f401rct6/Drivers/CMSIS/Device/ST/STM32F4xx/Include/stm32f401xc.h"
 1139              		.file 8 "board/stm32f401rct6/Drivers/CMSIS/Device/ST/STM32F4xx/Include/stm32f4xx.h"
ARM GAS  C:\Users\Admin\AppData\Local\Temp\ccELz1LE.s 			page 59


DEFINED SYMBOLS
                            *ABS*:0000000000000000 stm32f4xx_ll_gpio.c
C:\Users\Admin\AppData\Local\Temp\ccELz1LE.s:20     .text.LL_GPIO_DeInit:0000000000000000 $t
C:\Users\Admin\AppData\Local\Temp\ccELz1LE.s:26     .text.LL_GPIO_DeInit:0000000000000000 LL_GPIO_DeInit
C:\Users\Admin\AppData\Local\Temp\ccELz1LE.s:296    .text.LL_GPIO_DeInit:00000000000000b8 $d
C:\Users\Admin\AppData\Local\Temp\ccELz1LE.s:308    .text.LL_GPIO_Init:0000000000000000 $t
C:\Users\Admin\AppData\Local\Temp\ccELz1LE.s:314    .text.LL_GPIO_Init:0000000000000000 LL_GPIO_Init
C:\Users\Admin\AppData\Local\Temp\ccELz1LE.s:1094   .text.LL_GPIO_StructInit:0000000000000000 $t
C:\Users\Admin\AppData\Local\Temp\ccELz1LE.s:1100   .text.LL_GPIO_StructInit:0000000000000000 LL_GPIO_StructInit

NO UNDEFINED SYMBOLS
